point_id,A00,A01,A02,A03,A04,A05,A06,A07,A08,A09,A10,A11,A12,A13,A14,A15,A16,A17,A18,A19,A20,A21,A22,A23,A24,A25,A26,A27,A28,A29,A30,A31,A32,A33,A34,A35,A36,A37,A38,A39,A40,A41,A42,A43,A44,A45,A46,A47,A48,A49,A50,A51,A52,A53,A54,A55,A56,A57,A58,A59,A60,A61,A62,A63
M3A-w2-0370,-0.07111111111111111,-0.003936947327950788,-0.019930795847750864,0.08421376393694734,0.03254133025759323,-0.17937716262975778,-0.13588619761630144,0.2288965782391388,0.14769703960015382,0.14769703960015382,0.2679584775086506,0.012056901191849288,-0.04822760476739715,-0.05911572472126105,-0.1929104190695886,-0.05173394848135333,-0.03543252595155709,-0.05536332179930796,-0.42377547097270285,-0.17279507881584008,0.007443291041906958,-0.1929104190695886,0.012056901191849288,-0.01574778931180315,0.14769703960015382,-0.05173394848135333,-0.0629911572472126,-0.0271280276816609,-0.029773164167627833,0.21413302575932336,-0.15378700499807765,0.11909265667051133,0.10340638216070744,0.07535563244905807,-0.024605920799692427,-0.11374086889657825,-0.186082276047674,0.03543252595155709,0.041584006151480196,-0.08882737408688965,0.05173394848135333,-0.05536332179930796,0.0629911572472126,0.05173394848135333,-0.10340638216070744,0.06698961937716265,0.12456747404844293,0.06698961937716265,0.14769703960015382,0.03254133025759323,-0.007443291041906958,-0.01384083044982699,0.08421376393694734,0.24415224913494812,0.09356401384083046,-0.041584006151480196,-0.07111111111111111,-0.2069357939254133,-0.2069357939254133,-0.05173394848135333,-0.14173010380622836,-0.012056901191849288,0.024605920799692427,0.13016532103037293
M3A-w2-0387,0.012056901191849288,-0.07972318339100345,0.0629911572472126,-0.0015378700499807767,-0.07972318339100345,-0.1085121107266436,-0.17937716262975778,0.40359861591695495,0.08882737408688965,0.07111111111111111,0.2364628988850442,-0.044844290657439445,-0.017777777777777778,-0.03543252595155709,0.03844675124951941,-0.07972318339100345,-0.003014225297962322,0.12456747404844293,-0.3839138792772011,-0.14769703960015382,-0.07972318339100345,-0.1085121107266436,-0.04822760476739715,-0.017777777777777778,0.07111111111111111,0.10340638216070744,-0.022206843521722412,-0.012056901191849288,0.09356401384083046,0.2364628988850442,-0.05173394848135333,-0.01384083044982699,0.16633602460592078,0.19986159169550174,0.0629911572472126,-0.029773164167627833,-0.11909265667051133,0.03543252595155709,0.08882737408688965,-0.1085121107266436,0.0629911572472126,0.022206843521722412,0.10340638216070744,0.0271280276816609,-0.08882737408688965,0.05173394848135333,0.13016532103037293,0.2069357939254133,0.07535563244905807,-0.04822760476739715,0.03844675124951941,0.008858131487889272,0.07111111111111111,0.2069357939254133,0.11374086889657825,0.03254133025759323,-0.03844675124951941,-0.19986159169550174,-0.17937716262975778,0.029773164167627833,-0.17937716262975778,-0.0271280276816609,0.03254133025759323,0.17937716262975778
M3A-w2-0395,-0.05173394848135333,0.08421376393694734,0.10340638216070744,0.14769703960015382,0.07972318339100345,-0.15378700499807765,-0.186082276047674,0.22145328719723184,0.03844675124951941,0.08421376393694734,0.15378700499807765,0.08882737408688965,-0.09356401384083046,-0.04822760476739715,-0.2679584775086506,-0.11909265667051133,-0.14769703960015382,-0.03254133025759323,-0.3553094963475586,0.044844290657439445,-0.05536332179930796,-0.05173394848135333,0.017777777777777778,-0.003014225297962322,0.14173010380622836,-0.07535563244905807,-0.019930795847750864,-0.11909265667051133,-0.11374086889657825,0.13016532103037293,-0.007443291041906958,0.22145328719723184,0.07535563244905807,0.08882737408688965,-0.08882737408688965,0.007443291041906958,-0.2288965782391388,-0.16000000000000003,-0.03543252595155709,0.008858131487889272,-0.05911572472126105,0.09356401384083046,-0.029773164167627833,-0.044844290657439445,-0.06698961937716265,0.16000000000000003,0.11374086889657825,-0.05536332179930796,0.07111111111111111,0.03254133025759323,-0.03254133025759323,-0.041584006151480196,0.06698961937716265,0.13016532103037293,-0.04822760476739715,-0.17937716262975778,-0.05173394848135333,-0.2069357939254133,-0.3014225297962323,-0.13016532103037293,-0.16633602460592078,0.01574778931180315,-0.13588619761630144,0.006151480199923107
M3A-w2-0397,-0.03254133025759323,-0.004982698961937716,0.004982698961937716,0.08882737408688965,0.029773164167627833,-0.13016532103037293,-0.14173010380622836,0.3014225297962323,0.15378700499807765,0.17937716262975778,0.24415224913494812,-0.022206843521722412,-0.0629911572472126,-0.041584006151480196,-0.14173010380622836,-0.03844675124951941,0.004982698961937716,0.0271280276816609,-0.34602076124567477,-0.17937716262975778,0.0629911572472126,-0.13016532103037293,-0.017777777777777778,-0.029773164167627833,0.14173010380622836,-0.03844675124951941,-0.044844290657439445,-0.017777777777777778,0.03254133025759323,0.21413302575932336,-0.16000000000000003,0.0271280276816609,0.08882737408688965,0.14173010380622836,-0.01574778931180315,-0.16000000000000003,-0.17279507881584008,-0.01384083044982699,0.022206843521722412,-0.13588619761630144,0.019930795847750864,-0.0271280276816609,0.03254133025759323,0.03844675124951941,-0.14173010380622836,0.06698961937716265,0.09842368319876971,0.16000000000000003,0.15378700499807765,0.03254133025759323,-0.041584006151480196,-0.06698961937716265,0.06698961937716265,0.2599000384467512,0.1929104190695886,-0.05173394848135333,-0.01384083044982699,-0.17279507881584008,-0.19986159169550174,-0.07111111111111111,-0.11374086889657825,-0.05911572472126105,0.05911572472126105,0.1929104190695886
M3A-w2-0402,-0.007443291041906958,0.06698961937716265,0.05536332179930796,0.05173394848135333,-0.01384083044982699,-0.14769703960015382,-0.13016532103037293,0.3553094963475586,0.16633602460592078,0.24415224913494812,0.16000000000000003,-0.08882737408688965,0.010396001537870049,-0.03543252595155709,-0.1929104190695886,-0.007443291041906958,-0.09842368319876971,0.14173010380622836,-0.28444444444444444,-0.22145328719723184,0.09842368319876971,0.0629911572472126,-0.07111111111111111,-0.01574778931180315,0.11909265667051133,-0.024605920799692427,-0.022206843521722412,-0.006151480199923107,0.07535563244905807,0.17279507881584008,-0.07111111111111111,0.03543252595155709,0.05911572472126105,0.22145328719723184,0.06698961937716265,-0.17937716262975778,-0.09842368319876971,-0.08421376393694734,-0.003936947327950788,-0.2364628988850442,0.01384083044982699,0.08421376393694734,0.00024605920799692423,-0.08421376393694734,-0.14769703960015382,0.029773164167627833,0.08421376393694734,0.17937716262975778,0.14173010380622836,-0.07111111111111111,0.007443291041906958,-0.04822760476739715,0.06698961937716265,0.1929104190695886,0.1085121107266436,-0.06698961937716265,0.07535563244905807,-0.14769703960015382,-0.16000000000000003,-0.05173394848135333,-0.15378700499807765,-0.029773164167627833,-0.01574778931180315,0.14769703960015382
M3A-w2-0406,-0.03254133025759323,6.151480199923106e-05,0.05536332179930796,0.07111111111111111,0.06698961937716265,-0.14173010380622836,-0.1085121107266436,0.28444444444444444,0.07972318339100345,0.15378700499807765,0.22145328719723184,0.06698961937716265,-0.0271280276816609,-0.044844290657439445,-0.24415224913494812,-0.04822760476739715,-0.2519646289888504,0.04822760476739715,-0.31009611687812383,-0.002214532871972318,0.08421376393694734,-6.151480199923106e-05,0.05911572472126105,0.029773164167627833,0.16633602460592078,-0.09356401384083046,-0.05173394848135333,-0.01574778931180315,-0.11374086889657825,0.08882737408688965,0.019930795847750864,0.21413302575932336,0.11374086889657825,0.13016532103037293,0.022206843521722412,-0.000984236831987697,-0.186082276047674,-0.2069357939254133,-0.01384083044982699,-0.10340638216070744,-0.09356401384083046,0.019930795847750864,0.04822760476739715,-0.04822760476739715,-0.12456747404844293,0.14769703960015382,0.16000000000000003,-0.11909265667051133,0.017777777777777778,-0.07535563244905807,0.029773164167627833,0.007443291041906958,0.07972318339100345,0.16000000000000003,-0.06698961937716265,-0.07972318339100345,-0.03844675124951941,-0.15378700499807765,-0.2519646289888504,-0.12456747404844293,-0.22145328719723184,0.13016532103037293,-0.12456747404844293,-0.006151480199923107
M3A-w2-0414,-0.10340638216070744,0.007443291041906958,0.2069357939254133,0.06698961937716265,-0.029773164167627833,-0.0629911572472126,-0.2364628988850442,0.28444444444444444,0.07972318339100345,0.19986159169550174,0.07111111111111111,-0.07111111111111111,0.01384083044982699,-0.08421376393694734,-0.1085121107266436,-0.13016532103037293,-0.09842368319876971,0.14173010380622836,-0.2364628988850442,-0.17279507881584008,-0.05911572472126105,0.0271280276816609,0.024605920799692427,-0.029773164167627833,0.07972318339100345,0.10340638216070744,-0.07111111111111111,-0.08882737408688965,0.17937716262975778,0.14769703960015382,-0.1085121107266436,0.09356401384083046,0.03543252595155709,0.22145328719723184,0.01574778931180315,-0.04822760476739715,-0.01574778931180315,-0.003936947327950788,-0.07111111111111111,-0.04822760476739715,0.08882737408688965,0.08882737408688965,-0.03254133025759323,0.05173394848135333,-0.14173010380622836,0.05173394848135333,0.04822760476739715,0.17937716262975778,0.16000000000000003,-0.007443291041906958,0.006151480199923107,0.05536332179930796,0.1085121107266436,0.21413302575932336,0.08421376393694734,-0.1929104190695886,0.010396001537870049,-0.14173010380622836,-0.3014225297962323,-0.07972318339100345,-0.22145328719723184,-0.1929104190695886,0.003014225297962322,0.09842368319876971
M3A-w2-0416,-0.07972318339100345,-0.003936947327950788,0.13588619761630144,0.041584006151480196,0.06698961937716265,-0.13588619761630144,-0.24415224913494812,0.2679584775086506,0.010396001537870049,0.003014225297962322,0.044844290657439445,0.05911572472126105,-0.05536332179930796,-0.041584006151480196,-0.21413302575932336,-0.14769703960015382,-0.12456747404844293,0.03254133025759323,-0.3278123798539023,0.11909265667051133,-0.041584006151480196,0.0271280276816609,-0.044844290657439445,0.03543252595155709,0.12456747404844293,-0.16633602460592078,0.06698961937716265,-0.08421376393694734,-0.186082276047674,0.03254133025759323,0.07111111111111111,0.16000000000000003,0.06698961937716265,0.044844290657439445,-0.186082276047674,0.03844675124951941,-0.2679584775086506,-0.13016532103037293,-0.029773164167627833,0.03543252595155709,-0.05173394848135333,0.13588619761630144,0.008858131487889272,-0.09356401384083046,-0.04822760476739715,0.2761399461745483,0.13588619761630144,-0.029773164167627833,0.006151480199923107,0.008858131487889272,-0.05911572472126105,-0.010396001537870049,0.0629911572472126,0.06698961937716265,-0.0629911572472126,-0.0271280276816609,-0.09842368319876971,-0.21413302575932336,-0.31009611687812383,-0.044844290657439445,-0.09356401384083046,0.04822760476739715,-0.17937716262975778,-0.041584006151480196
M3A-w2-0418,0.05173394848135333,0.03254133025759323,0.07111111111111111,-0.041584006151480196,-0.05173394848135333,-0.08882737408688965,-0.08882737408688965,0.19986159169550174,0.08882737408688965,0.34602076124567477,0.186082276047674,-0.041584006151480196,-0.03844675124951941,-0.01384083044982699,-0.2519646289888504,-0.03543252595155709,-0.3278123798539023,0.11909265667051133,-0.16633602460592078,-0.2288965782391388,0.03543252595155709,0.024605920799692427,0.12456747404844293,-0.07111111111111111,0.05911572472126105,-0.07972318339100345,-0.1929104190695886,0.03543252595155709,0.09842368319876971,0.09842368319876971,-0.04822760476739715,0.2364628988850442,-0.0271280276816609,0.15378700499807765,-0.012056901191849288,-0.03844675124951941,-0.03844675124951941,-0.15378700499807765,-0.0271280276816609,-0.14769703960015382,-0.03844675124951941,0.0271280276816609,-0.08421376393694734,0.07535563244905807,-0.09356401384083046,0.07972318339100345,0.09842368319876971,-0.10340638216070744,0.05911572472126105,-0.09356401384083046,0.05173394848135333,0.022206843521722412,0.11374086889657825,0.14769703960015382,-0.07972318339100345,-0.17279507881584008,0.01384083044982699,-0.010396001537870049,-0.2364628988850442,-0.14769703960015382,-0.24415224913494812,0.05911572472126105,-0.03844675124951941,0.01574778931180315
M3A-w2-0425,-0.019930795847750864,-0.007443291041906958,0.15378700499807765,0.01574778931180315,0.012056901191849288,0.05911572472126105,-0.11909265667051133,0.1085121107266436,-0.09842368319876971,-0.12456747404844293,0.16633602460592078,-0.03543252595155709,-0.05536332179930796,-0.03844675124951941,-0.12456747404844293,-0.186082276047674,-0.22145328719723184,0.07972318339100345,-0.17937716262975778,0.09842368319876971,-0.04822760476739715,-0.08882737408688965,0.10340638216070744,-0.03543252595155709,-0.05911572472126105,-0.03254133025759323,0.16633602460592078,-0.14173010380622836,-0.11374086889657825,0.14769703960015382,0.2761399461745483,0.2519646289888504,0.21413302575932336,0.14173010380622836,-0.007443291041906958,0.186082276047674,-0.13588619761630144,-0.017777777777777778,-0.000984236831987697,0.13016532103037293,-0.13016532103037293,0.024605920799692427,0.0015378700499807767,-0.16000000000000003,-0.05911572472126105,0.2364628988850442,0.16000000000000003,-0.03543252595155709,-0.08421376393694734,-0.16633602460592078,0.024605920799692427,0.041584006151480196,-0.024605920799692427,0.13588619761630144,0.1085121107266436,-0.10340638216070744,-0.14769703960015382,-0.22145328719723184,-0.21413302575932336,-0.041584006151480196,-0.13588619761630144,-0.010396001537870049,-0.1085121107266436,-0.010396001537870049
M3A-w2-0426,-0.03254133025759323,-0.1085121107266436,0.15378700499807765,-0.22145328719723184,-0.09356401384083046,0.04822760476739715,-0.17279507881584008,0.17937716262975778,-0.017777777777777778,0.044844290657439445,-0.04822760476739715,-0.12456747404844293,0.03254133025759323,-0.0271280276816609,-0.03543252595155709,-0.16633602460592078,-0.186082276047674,0.2679584775086506,-0.05911572472126105,-0.08882737408688965,-0.0629911572472126,0.09842368319876971,0.024605920799692427,-0.024605920799692427,-0.09356401384083046,-0.13588619761630144,0.08421376393694734,0.010396001537870049,-0.019930795847750864,0.186082276047674,0.2599000384467512,0.10340638216070744,0.10340638216070744,0.08882737408688965,-0.24415224913494812,0.01574778931180315,-0.11909265667051133,0.0629911572472126,0.029773164167627833,0.11374086889657825,0.010396001537870049,0.0629911572472126,-0.019930795847750864,-0.17937716262975778,-0.029773164167627833,0.16000000000000003,0.16000000000000003,0.01574778931180315,-0.17937716262975778,-0.29287197231833906,0.14769703960015382,0.0005536332179930795,0.07972318339100345,-0.044844290657439445,0.022206843521722412,0.04822760476739715,-0.24415224913494812,-0.11374086889657825,-0.2069357939254133,0.07535563244905807,-0.09356401384083046,-0.09842368319876971,-0.11374086889657825,-6.151480199923106e-05
M3A-w2-0429,-0.017777777777777778,-0.09842368319876971,0.2599000384467512,-0.15378700499807765,-0.11374086889657825,0.024605920799692427,-0.21413302575932336,0.34602076124567477,-0.09842368319876971,0.0271280276816609,0.1085121107266436,-0.14173010380622836,0.003014225297962322,0.03844675124951941,-0.008858131487889272,-0.17279507881584008,-0.05536332179930796,0.2364628988850442,-0.2364628988850442,-0.11909265667051133,-0.11374086889657825,0.029773164167627833,0.044844290657439445,-0.10340638216070744,-0.07535563244905807,0.03543252595155709,-0.09356401384083046,-0.15378700499807765,0.05536332179930796,0.1929104190695886,0.05536332179930796,-0.041584006151480196,0.14769703960015382,0.186082276047674,0.022206843521722412,0.10340638216070744,-0.11909265667051133,0.08882737408688965,-0.05911572472126105,-0.024605920799692427,0.07972318339100345,0.06698961937716265,-0.006151480199923107,-0.07535563244905807,-0.05536332179930796,0.12456747404844293,0.11374086889657825,0.2364628988850442,0.07972318339100345,-0.17279507881584008,0.13016532103037293,0.10340638216070744,0.09356401384083046,0.14769703960015382,0.0271280276816609,0.003014225297962322,-0.07535563244905807,-0.09356401384083046,-0.2288965782391388,0.10340638216070744,-0.14173010380622836,-0.1085121107266436,-0.03844675124951941,0.041584006151480196
M3A-w2-0431,0.012056901191849288,-0.0629911572472126,0.15378700499807765,-0.2069357939254133,-0.08421376393694734,0.017777777777777778,-0.14769703960015382,0.2519646289888504,0.04822760476739715,0.010396001537870049,0.17937716262975778,-0.019930795847750864,-0.044844290657439445,-0.05173394848135333,0.12456747404844293,-0.15378700499807765,-0.09842368319876971,0.21413302575932336,-0.2288965782391388,-0.21413302575932336,-0.09356401384083046,-0.03254133025759323,-0.003014225297962322,-0.05173394848135333,-0.03844675124951941,0.16633602460592078,-0.01574778931180315,-0.09842368319876971,0.13016532103037293,0.24415224913494812,0.09842368319876971,0.12456747404844293,0.1929104190695886,0.17279507881584008,0.05173394848135333,0.03844675124951941,-0.17279507881584008,0.08421376393694734,0.14769703960015382,-0.03844675124951941,0.13016532103037293,0.01384083044982699,-6.151480199923106e-05,-0.022206843521722412,-0.041584006151480196,-0.017777777777777778,0.11374086889657825,0.11909265667051133,0.019930795847750864,-0.16000000000000003,0.14769703960015382,0.05173394848135333,-0.004982698961937716,0.186082276047674,0.029773164167627833,-0.010396001537870049,-0.16633602460592078,-0.2288965782391388,-0.17279507881584008,-0.01384083044982699,-0.17937716262975778,-0.11909265667051133,-0.0629911572472126,0.14173010380622836
M3A-w2-0432,-0.022206843521722412,-0.06698961937716265,0.22145328719723184,-0.2364628988850442,-0.03254133025759323,0.06698961937716265,-0.14769703960015382,0.2069357939254133,-0.06698961937716265,0.01574778931180315,-0.11909265667051133,-0.14173010380622836,-0.04822760476739715,-0.012056901191849288,-0.024605920799692427,-0.186082276047674,-0.2069357939254133,0.19986159169550174,-0.07972318339100345,-0.08882737408688965,-0.09842368319876971,0.13588619761630144,0.012056901191849288,-0.06698961937716265,-0.08421376393694734,-0.05536332179930796,0.0629911572472126,0.019930795847750864,-0.007443291041906958,0.17937716262975778,0.13588619761630144,0.1085121107266436,0.06698961937716265,0.11374086889657825,-0.09356401384083046,0.003014225297962322,-0.12456747404844293,0.029773164167627833,-0.010396001537870049,0.13016532103037293,0.022206843521722412,0.05911572472126105,-0.05911572472126105,-0.17937716262975778,-0.03254133025759323,0.21413302575932336,0.2364628988850442,0.05173394848135333,-0.11909265667051133,-0.2599000384467512,0.13016532103037293,0.08882737408688965,0.041584006151480196,-0.044844290657439445,0.019930795847750864,-0.041584006151480196,-0.1929104190695886,-0.03844675124951941,-0.28444444444444444,0.08421376393694734,-0.09356401384083046,-0.28444444444444444,-0.07111111111111111,0.01384083044982699
M3A-w2-0433,0.017777777777777778,-0.14173010380622836,0.16000000000000003,-0.11374086889657825,0.007443291041906958,0.06698961937716265,-0.2288965782391388,0.2288965782391388,-0.10340638216070744,0.08882737408688965,0.2599000384467512,-0.024605920799692427,0.000984236831987697,-0.017777777777777778,-0.04822760476739715,-0.17279507881584008,-0.07972318339100345,0.05173394848135333,-0.33685505574778934,-0.024605920799692427,-0.11909265667051133,-0.1085121107266436,0.05911572472126105,-0.07535563244905807,-0.03254133025759323,-0.05911572472126105,0.007443291041906958,-0.07535563244905807,-0.09356401384083046,0.2519646289888504,-0.006151480199923107,0.13588619761630144,0.22145328719723184,0.004982698961937716,0.000984236831987697,0.11909265667051133,-0.21413302575932336,-0.03844675124951941,-0.10340638216070744,0.022206843521722412,0.022206843521722412,-0.07111111111111111,0.03543252595155709,-0.022206843521722412,-0.07111111111111111,0.16633602460592078,0.2069357939254133,-0.09356401384083046,0.07111111111111111,-0.21413302575932336,0.13588619761630144,0.1085121107266436,0.05536332179930796,0.12456747404844293,-0.024605920799692427,-0.08882737408688965,-0.13588619761630144,-0.16633602460592078,-0.1929104190695886,0.0271280276816609,-0.2288965782391388,-0.03543252595155709,-0.03254133025759323,0.002214532871972318
M3A-w2-0434,0.024605920799692427,-0.09356401384083046,0.1085121107266436,-0.07111111111111111,-0.07535563244905807,-0.13588619761630144,-0.1929104190695886,0.31009611687812383,-0.01384083044982699,0.08882737408688965,0.03543252595155709,-0.08882737408688965,0.024605920799692427,-0.044844290657439445,-0.05173394848135333,-0.13016532103037293,-0.08882737408688965,0.1929104190695886,-0.29287197231833906,-0.08882737408688965,-0.06698961937716265,0.11909265667051133,-0.14769703960015382,-0.05173394848135333,-0.04822760476739715,0.01574778931180315,-0.008858131487889272,-0.08882737408688965,0.14173010380622836,0.21413302575932336,0.03543252595155709,-0.07111111111111111,0.01574778931180315,0.2069357939254133,0.01574778931180315,-0.044844290657439445,-0.21413302575932336,0.04822760476739715,0.044844290657439445,-0.13016532103037293,0.1085121107266436,0.14173010380622836,0.07111111111111111,-0.05911572472126105,-0.14173010380622836,0.13588619761630144,0.11909265667051133,0.1929104190695886,0.05173394848135333,-0.13016532103037293,0.024605920799692427,-0.010396001537870049,0.08421376393694734,0.1929104190695886,-0.05911572472126105,-0.004982698961937716,-0.1085121107266436,-0.1929104190695886,-0.2599000384467512,0.1085121107266436,-0.12456747404844293,-0.14769703960015382,-0.07111111111111111,0.17937716262975778
M3A-w2-0435,-0.05173394848135333,-0.07972318339100345,0.05911572472126105,0.01384083044982699,-0.003936947327950788,-0.008858131487889272,-0.17279507881584008,0.17279507881584008,-0.05911572472126105,-0.029773164167627833,0.22145328719723184,-0.007443291041906958,-0.006151480199923107,-0.05173394848135333,-0.019930795847750864,-0.17937716262975778,-0.16633602460592078,0.07535563244905807,-0.3014225297962323,0.041584006151480196,-0.044844290657439445,-0.1929104190695886,0.12456747404844293,-0.11909265667051133,-0.0015378700499807767,0.05173394848135333,0.1085121107266436,-0.16633602460592078,0.01574778931180315,0.3014225297962323,0.08421376393694734,0.186082276047674,0.17937716262975778,0.09356401384083046,-0.03254133025759323,0.09356401384083046,-0.08421376393694734,0.13016532103037293,0.07111111111111111,0.022206843521722412,-0.06698961937716265,-0.06698961937716265,-0.008858131487889272,-0.05911572472126105,-0.09842368319876971,0.1085121107266436,0.17937716262975778,0.029773164167627833,0.03254133025759323,-0.07111111111111111,0.09842368319876971,0.010396001537870049,0.019930795847750864,0.22145328719723184,0.13588619761630144,-0.07111111111111111,-0.17279507881584008,-0.31009611687812383,-0.28444444444444444,-0.05911572472126105,-0.07972318339100345,-0.08882737408688965,-0.03844675124951941,0.03543252595155709
M3A-w2-0436,0.03844675124951941,-0.17279507881584008,0.07111111111111111,-0.10340638216070744,-0.05911572472126105,-0.10340638216070744,-0.2288965782391388,0.29287197231833906,0.003014225297962322,0.04822760476739715,0.07535563244905807,-0.0629911572472126,-0.044844290657439445,-0.03254133025759323,-0.03844675124951941,-0.2069357939254133,-0.17937716262975778,0.186082276047674,-0.2679584775086506,-0.05911572472126105,-0.08882737408688965,0.05911572472126105,-0.08882737408688965,-0.05173394848135333,-0.08421376393694734,-0.0271280276816609,-0.0629911572472126,-0.1085121107266436,0.10340638216070744,0.14173010380622836,0.12456747404844293,-0.0629911572472126,0.05911572472126105,0.17937716262975778,-0.14769703960015382,0.08421376393694734,-0.11909265667051133,0.03543252595155709,0.15378700499807765,-0.01574778931180315,0.04822760476739715,0.08421376393694734,0.08421376393694734,-0.01384083044982699,-0.11374086889657825,0.13016532103037293,0.186082276047674,0.13588619761630144,-0.08421376393694734,-0.15378700499807765,0.05911572472126105,0.017777777777777778,0.17279507881584008,0.14173010380622836,-0.07111111111111111,0.04822760476739715,-0.17937716262975778,-0.17937716262975778,-0.29287197231833906,0.11909265667051133,-0.13016532103037293,-0.07972318339100345,-0.06698961937716265,0.11374086889657825
M3A-w2-0437,0.0271280276816609,-0.09842368319876971,0.186082276047674,-0.24415224913494812,-0.03543252595155709,0.07972318339100345,-0.1929104190695886,0.2519646289888504,-0.13588619761630144,0.044844290657439445,-0.029773164167627833,-0.09356401384083046,-0.07111111111111111,0.017777777777777778,-0.05911572472126105,-0.2679584775086506,-0.14769703960015382,0.186082276047674,-0.2069357939254133,-0.03254133025759323,-0.17279507881584008,0.03543252595155709,-0.05911572472126105,-0.04822760476739715,-0.03844675124951941,-0.07535563244905807,-0.044844290657439445,-0.07111111111111111,-0.022206843521722412,0.1085121107266436,0.09842368319876971,0.019930795847750864,0.12456747404844293,0.16000000000000003,-0.12456747404844293,0.1085121107266436,-0.16000000000000003,-0.10340638216070744,-0.01384083044982699,0.1085121107266436,0.07535563244905807,0.12456747404844293,0.004982698961937716,-0.04822760476739715,-0.04822760476739715,0.21413302575932336,0.22145328719723184,0.006151480199923107,-0.1085121107266436,-0.21413302575932336,0.12456747404844293,0.05173394848135333,0.12456747404844293,0.003014225297962322,-0.07111111111111111,0.022206843521722412,-0.11374086889657825,-0.04822760476739715,-0.2761399461745483,0.044844290657439445,-0.12456747404844293,-0.16633602460592078,-0.14769703960015382,0.08882737408688965
M3A-w2-0439,-0.05911572472126105,-0.09356401384083046,0.01574778931180315,0.0271280276816609,-0.041584006151480196,-0.08882737408688965,-0.14769703960015382,0.1929104190695886,0.06698961937716265,0.0271280276816609,0.2679584775086506,0.04822760476739715,-0.019930795847750864,-0.05173394848135333,0.024605920799692427,-0.08882737408688965,-0.15378700499807765,0.017777777777777778,-0.42377547097270285,-0.05911572472126105,-0.12456747404844293,-0.17279507881584008,0.044844290657439445,-0.029773164167627833,0.07535563244905807,0.09842368319876971,0.01574778931180315,-0.11374086889657825,0.003936947327950788,0.2519646289888504,-0.041584006151480196,0.21413302575932336,0.21413302575932336,0.07972318339100345,0.044844290657439445,0.08421376393694734,-0.11374086889657825,0.03543252595155709,0.04822760476739715,-0.03254133025759323,0.041584006151480196,-0.04822760476739715,0.11374086889657825,0.010396001537870049,-0.05173394848135333,0.07111111111111111,0.2069357939254133,-0.0271280276816609,0.0629911572472126,-0.11374086889657825,0.12456747404844293,0.04822760476739715,0.09356401384083046,0.21413302575932336,0.03254133025759323,-0.044844290657439445,-0.11374086889657825,-0.29287197231833906,-0.22145328719723184,-0.07111111111111111,-0.1929104190695886,0.006151480199923107,0.012056901191849288,0.044844290657439445
M3A-w2-0443,0.05536332179930796,-0.03844675124951941,0.16633602460592078,-0.13588619761630144,-0.012056901191849288,0.041584006151480196,-0.19986159169550174,0.19986159169550174,-0.08882737408688965,-0.1085121107266436,0.2288965782391388,0.041584006151480196,-0.11374086889657825,-0.01384083044982699,-0.003014225297962322,-0.16000000000000003,-0.05536332179930796,0.0629911572472126,-0.2761399461745483,0.03844675124951941,-0.11374086889657825,-0.07535563244905807,0.07535563244905807,-0.01574778931180315,-0.002214532871972318,0.0015378700499807767,-0.03254133025759323,-0.2761399461745483,-0.04822760476739715,0.2288965782391388,0.07535563244905807,0.12456747404844293,0.2519646289888504,0.10340638216070744,-0.05173394848135333,0.186082276047674,-0.17937716262975778,-0.041584006151480196,0.006151480199923107,0.03254133025759323,0.01384083044982699,0.0629911572472126,0.041584006151480196,-0.017777777777777778,-0.09356401384083046,0.13016532103037293,0.21413302575932336,-0.044844290657439445,-0.022206843521722412,-0.15378700499807765,0.12456747404844293,0.008858131487889272,0.04822760476739715,0.16633602460592078,-0.0629911572472126,-0.07111111111111111,-0.17937716262975778,-0.24415224913494812,-0.22145328719723184,0.003936947327950788,-0.186082276047674,-0.007443291041906958,-0.10340638216070744,0.022206843521722412
M3A-w2-0444,0.03254133025759323,-0.13016532103037293,0.13588619761630144,-0.15378700499807765,-0.029773164167627833,-0.041584006151480196,-0.17279507881584008,0.2599000384467512,0.006151480199923107,-0.008858131487889272,0.07111111111111111,0.0271280276816609,-0.007443291041906958,-0.03543252595155709,0.029773164167627833,-0.1929104190695886,-0.2288965782391388,0.10340638216070744,-0.22145328719723184,0.004982698961937716,-0.13588619761630144,0.019930795847750864,-0.0271280276816609,0.007443291041906958,-0.03254133025759323,0.024605920799692427,-0.03543252595155709,-0.17279507881584008,0.06698961937716265,0.16633602460592078,0.07972318339100345,0.1085121107266436,0.07111111111111111,0.09356401384083046,-0.029773164167627833,0.21413302575932336,-0.17279507881584008,-0.07972318339100345,0.0629911572472126,0.09356401384083046,0.04822760476739715,0.08882737408688965,0.05536332179930796,-0.04822760476739715,-0.10340638216070744,0.10340638216070744,0.2599000384467512,-0.09842368319876971,-0.07535563244905807,-0.2679584775086506,0.13016532103037293,0.14173010380622836,0.08421376393694734,0.06698961937716265,-0.14173010380622836,-0.017777777777777778,-0.16000000000000003,-0.11374086889657825,-0.29287197231833906,-0.008858131487889272,-0.1929104190695886,-0.08882737408688965,-0.2069357939254133,0.007443291041906958
M3A-w2-0447,-0.0629911572472126,-0.09842368319876971,0.13588619761630144,-0.17279507881584008,-0.03844675124951941,0.09842368319876971,-0.16633602460592078,0.2069357939254133,-0.03254133025759323,0.0629911572472126,-0.08421376393694734,-0.16000000000000003,-0.044844290657439445,-0.004982698961937716,-0.12456747404844293,-0.2288965782391388,-0.24415224913494812,0.15378700499807765,-0.1085121107266436,-0.05911572472126105,-0.09356401384083046,0.05536332179930796,0.03254133025759323,-0.041584006151480196,-0.07111111111111111,-0.08882737408688965,0.05911572472126105,0.029773164167627833,-0.1085121107266436,0.16000000000000003,0.186082276047674,0.11374086889657825,0.08882737408688965,0.13016532103037293,-0.09842368319876971,0.03543252595155709,-0.07535563244905807,-0.00024605920799692423,-0.012056901191849288,0.13588619761630144,-0.024605920799692427,0.041584006151480196,0.022206843521722412,-0.13588619761630144,-0.024605920799692427,0.22145328719723184,0.22145328719723184,-0.0015378700499807767,-0.17937716262975778,-0.31009611687812383,0.13588619761630144,0.07972318339100345,0.11374086889657825,-0.0271280276816609,0.024605920799692427,-0.044844290657439445,-0.17279507881584008,-0.010396001537870049,-0.2519646289888504,0.05536332179930796,-0.14769703960015382,-0.17937716262975778,-0.17279507881584008,0.0271280276816609
M3A-w2-0452,0.024605920799692427,-0.22145328719723184,0.17279507881584008,-0.029773164167627833,-0.09842368319876971,0.04822760476739715,-0.11909265667051133,0.09356401384083046,-0.11374086889657825,-0.0005536332179930795,-0.01574778931180315,-0.15378700499807765,0.008858131487889272,-0.044844290657439445,-0.07111111111111111,-0.24415224913494812,-0.2364628988850442,0.09356401384083046,-0.08882737408688965,0.1085121107266436,-0.044844290657439445,0.017777777777777778,0.11909265667051133,-0.05536332179930796,-0.14173010380622836,0.09842368319876971,0.10340638216070744,-0.14769703960015382,0.05911572472126105,0.22145328719723184,0.01574778931180315,-0.0271280276816609,0.03254133025759323,0.01574778931180315,0.04822760476739715,0.11909265667051133,-0.05911572472126105,-0.09842368319876971,-0.01574778931180315,-0.05536332179930796,-0.022206843521722412,0.01384083044982699,-0.17937716262975778,-0.15378700499807765,-0.14769703960015382,0.16000000000000003,0.2599000384467512,-0.05173394848135333,-0.0629911572472126,-0.17279507881584008,0.0629911572472126,0.13588619761630144,-0.05173394848135333,0.13016532103037293,0.14173010380622836,-0.10340638216070744,-0.13588619761630144,-0.11909265667051133,-0.34602076124567477,-0.10340638216070744,-0.10340638216070744,-0.2364628988850442,-0.1085121107266436,0.08882737408688965
M3A-w2-0460,-0.024605920799692427,-0.10340638216070744,0.24415224913494812,-0.10340638216070744,-0.09356401384083046,0.022206843521722412,-0.07535563244905807,0.1929104190695886,0.019930795847750864,0.03543252595155709,0.05911572472126105,0.05536332179930796,0.08421376393694734,0.1085121107266436,-0.08421376393694734,-0.14173010380622836,-0.2599000384467512,0.006151480199923107,-0.09356401384083046,-0.11374086889657825,-0.07111111111111111,0.041584006151480196,0.13588619761630144,-0.008858131487889272,-0.19986159169550174,0.03543252595155709,0.05911572472126105,-0.017777777777777778,-6.151480199923106e-05,0.04822760476739715,0.0629911572472126,-0.03543252595155709,0.05911572472126105,-0.01574778931180315,0.09842368319876971,0.14173010380622836,-0.17937716262975778,0.008858131487889272,-0.003014225297962322,-0.07111111111111111,0.0629911572472126,0.010396001537870049,0.024605920799692427,-0.2364628988850442,-0.21413302575932336,0.13588619761630144,0.2519646289888504,0.003936947327950788,-0.019930795847750864,-0.2679584775086506,0.16000000000000003,0.15378700499807765,-0.07535563244905807,0.07535563244905807,0.05911572472126105,-0.07535563244905807,-0.16633602460592078,-0.0629911572472126,-0.28444444444444444,-0.07972318339100345,-0.2679584775086506,-0.13016532103037293,-0.11909265667051133,0.14173010380622836
M3A-w2-0467,0.019930795847750864,-0.14173010380622836,0.3014225297962323,-0.09842368319876971,-0.06698961937716265,0.07535563244905807,-0.17279507881584008,0.17937716262975778,-0.01384083044982699,-0.012056901191849288,0.09842368319876971,0.041584006151480196,0.08421376393694734,0.11374086889657825,0.08421376393694734,-0.10340638216070744,-0.17279507881584008,0.08421376393694734,-0.12456747404844293,-0.03844675124951941,-0.08882737408688965,-0.017777777777777778,0.19986159169550174,-0.01574778931180315,-0.22145328719723184,0.024605920799692427,-0.003936947327950788,-0.15378700499807765,0.08882737408688965,0.07972318339100345,0.012056901191849288,-0.1085121107266436,0.09842368319876971,-0.03254133025759323,0.07535563244905807,0.2679584775086506,-0.17279507881584008,-0.002214532871972318,-0.05173394848135333,-0.07111111111111111,-0.012056901191849288,0.01384083044982699,-0.041584006151480196,-0.11374086889657825,-0.186082276047674,0.17937716262975778,0.19986159169550174,0.1085121107266436,0.07111111111111111,-0.19986159169550174,0.15378700499807765,0.16633602460592078,-0.07972318339100345,0.08421376393694734,0.041584006151480196,-0.11374086889657825,-0.12456747404844293,-0.04822760476739715,-0.2599000384467512,-0.04822760476739715,-0.2364628988850442,-0.14173010380622836,-0.07972318339100345,-0.00024605920799692423
M3A-w2-0469,-0.029773164167627833,-0.007443291041906958,0.13588619761630144,-0.13588619761630144,-0.1085121107266436,0.008858131487889272,-0.1085121107266436,0.22145328719723184,-0.01384083044982699,0.008858131487889272,-0.14769703960015382,-0.11909265667051133,-0.05173394848135333,-0.05911572472126105,-0.15378700499807765,-0.2364628988850442,-0.2679584775086506,0.11374086889657825,-0.07535563244905807,-0.044844290657439445,-0.06698961937716265,0.09842368319876971,0.0629911572472126,-0.006151480199923107,-0.08882737408688965,0.03844675124951941,0.000984236831987697,-0.004982698961937716,0.022206843521722412,0.13588619761630144,0.05173394848135333,0.10340638216070744,0.03543252595155709,0.17279507881584008,-0.029773164167627833,0.017777777777777778,-0.07111111111111111,-0.07111111111111111,0.012056901191849288,0.05911572472126105,0.03254133025759323,0.15378700499807765,-0.08421376393694734,-0.16633602460592078,-0.11909265667051133,0.16633602460592078,0.21413302575932336,-0.000984236831987697,-0.19986159169550174,-0.21413302575932336,0.05173394848135333,0.11909265667051133,0.05911572472126105,0.0629911572472126,0.03254133025759323,-0.1085121107266436,-0.14769703960015382,0.0271280276816609,-0.3278123798539023,-0.0271280276816609,-0.13588619761630144,-0.29287197231833906,-0.24415224913494812,0.09356401384083046
M3A-w2-0470,-0.041584006151480196,-0.010396001537870049,0.21413302575932336,-0.1085121107266436,-0.10340638216070744,0.05173394848135333,-0.16000000000000003,0.2069357939254133,-0.003936947327950788,0.04822760476739715,0.00024605920799692423,-0.17279507881584008,-0.0629911572472126,-0.01574778931180315,-0.15378700499807765,-0.2288965782391388,-0.28444444444444444,0.186082276047674,-0.08421376393694734,-0.15378700499807765,-0.08421376393694734,0.07535563244905807,0.14769703960015382,-0.04822760476739715,-0.12456747404844293,0.03254133025759323,0.01574778931180315,0.01384083044982699,0.022206843521722412,0.16000000000000003,0.08882737408688965,0.14769703960015382,0.06698961937716265,0.16000000000000003,0.000984236831987697,0.01574778931180315,-0.03254133025759323,0.019930795847750864,-0.006151480199923107,0.0629911572472126,0.07535563244905807,0.05911572472126105,-0.05536332179930796,-0.11909265667051133,-0.11374086889657825,0.10340638216070744,0.16633602460592078,0.006151480199923107,-0.07111111111111111,-0.22145328719723184,0.09356401384083046,0.16633602460592078,0.08882737408688965,0.07535563244905807,0.07111111111111111,-0.11909265667051133,-0.14769703960015382,-0.05536332179930796,-0.2761399461745483,-0.05173394848135333,-0.186082276047674,-0.3014225297962323,-0.12456747404844293,0.08882737408688965
M3A-w2-0472,-0.03844675124951941,-0.08421376393694734,0.19986159169550174,-0.11909265667051133,-0.05536332179930796,-0.008858131487889272,-0.22145328719723184,0.1929104190695886,-0.01384083044982699,0.13588619761630144,-0.07111111111111111,-0.003936947327950788,-0.024605920799692427,-0.004982698961937716,-0.08421376393694734,-0.21413302575932336,-0.3014225297962323,0.17279507881584008,-0.17937716262975778,-0.1085121107266436,-0.11909265667051133,0.07535563244905807,0.05911572472126105,0.004982698961937716,-0.05536332179930796,-0.03254133025759323,-0.07111111111111111,-0.06698961937716265,0.13588619761630144,0.13588619761630144,0.012056901191849288,0.08882737408688965,0.07535563244905807,0.14173010380622836,-0.01574778931180315,0.11909265667051133,-0.08882737408688965,-0.044844290657439445,-0.006151480199923107,0.05173394848135333,0.041584006151480196,0.07535563244905807,-0.05911572472126105,-0.03543252595155709,-0.07111111111111111,0.1085121107266436,0.19986159169550174,-0.002214532871972318,-0.03543252595155709,-0.186082276047674,0.12456747404844293,0.09842368319876971,0.13588619761630144,0.04822760476739715,-0.0629911572472126,-0.15378700499807765,-0.14769703960015382,-0.08421376393694734,-0.39369473279507883,-0.0271280276816609,-0.2288965782391388,-0.17279507881584008,-0.12456747404844293,0.05911572472126105
M3A-w2-0477,-0.044844290657439445,-0.11374086889657825,0.2761399461745483,-0.04822760476739715,-0.09356401384083046,0.007443291041906958,-0.13588619761630144,0.2069357939254133,0.022206843521722412,-0.041584006151480196,0.13588619761630144,-0.01574778931180315,0.07972318339100345,0.10340638216070744,-0.0271280276816609,-0.11909265667051133,-0.2519646289888504,0.05911572472126105,-0.13588619761630144,-0.08882737408688965,-0.08421376393694734,-0.0005536332179930795,0.186082276047674,-0.029773164167627833,-0.14173010380622836,0.024605920799692427,-0.003936947327950788,-0.13016532103037293,0.08421376393694734,0.09356401384083046,0.012056901191849288,-0.07972318339100345,0.03844675124951941,0.0005536332179930795,0.08421376393694734,0.22145328719723184,-0.17279507881584008,0.04822760476739715,-0.04822760476739715,-0.03543252595155709,0.05911572472126105,-0.017777777777777778,0.022206843521722412,-0.08882737408688965,-0.21413302575932336,0.13588619761630144,0.17937716262975778,0.07535563244905807,0.044844290657439445,-0.22145328719723184,0.09842368319876971,0.2519646289888504,-0.017777777777777778,0.09356401384083046,0.019930795847750864,-0.0629911572472126,-0.14769703960015382,-0.07972318339100345,-0.33685505574778934,-0.08882737408688965,-0.2288965782391388,-0.16633602460592078,-0.08882737408688965,0.05173394848135333
M3A-w2-0481,0.006151480199923107,-0.186082276047674,0.3188927335640138,-0.15378700499807765,0.004982698961937716,0.17937716262975778,-0.09842368319876971,0.10340638216070744,-0.024605920799692427,-0.003936947327950788,-0.022206843521722412,0.004982698961937716,0.05173394848135333,0.0629911572472126,-0.003936947327950788,-0.16000000000000003,-0.3014225297962323,0.07111111111111111,-0.019930795847750864,-0.16000000000000003,-0.12456747404844293,-0.08882737408688965,0.13588619761630144,-0.05911572472126105,-0.14769703960015382,-0.03254133025759323,0.05536332179930796,-0.07972318339100345,0.03844675124951941,0.05536332179930796,0.0629911572472126,-0.0271280276816609,0.13588619761630144,-0.05536332179930796,-0.022206843521722412,0.21413302575932336,-0.13016532103037293,-0.16000000000000003,-0.012056901191849288,0.13016532103037293,0.07535563244905807,0.0271280276816609,-0.03844675124951941,-0.14173010380622836,-0.16633602460592078,0.1085121107266436,0.17279507881584008,0.006151480199923107,-0.041584006151480196,-0.3278123798539023,0.05173394848135333,0.13016532103037293,-0.044844290657439445,-0.03543252595155709,0.004982698961937716,-0.10340638216070744,-0.11909265667051133,-0.06698961937716265,-0.3278123798539023,0.010396001537870049,-0.17937716262975778,-0.14173010380622836,-0.05536332179930796,0.03543252595155709
M3A-w2-0482,-0.08882737408688965,-0.03543252595155709,0.17937716262975778,-0.01384083044982699,-0.08882737408688965,0.003014225297962322,-0.17937716262975778,0.3188927335640138,0.017777777777777778,0.024605920799692427,0.12456747404844293,-0.07972318339100345,-0.017777777777777778,0.044844290657439445,-0.044844290657439445,-0.13588619761630144,-0.14769703960015382,0.17937716262975778,-0.28444444444444444,-0.16000000000000003,-0.07535563244905807,-0.024605920799692427,0.08421376393694734,-0.05173394848135333,-0.024605920799692427,0.14769703960015382,-0.03844675124951941,-0.10340638216070744,0.09842368319876971,0.2288965782391388,-0.03543252595155709,0.05536332179930796,0.16633602460592078,0.186082276047674,0.12456747404844293,0.041584006151480196,-0.09356401384083046,0.07111111111111111,-0.03844675124951941,-0.05536332179930796,0.1085121107266436,-0.008858131487889272,0.04822760476739715,-0.029773164167627833,-0.13016532103037293,0.04822760476739715,0.15378700499807765,0.21413302575932336,0.1085121107266436,-0.16000000000000003,0.14769703960015382,0.10340638216070744,0.07535563244905807,0.17937716262975778,0.07972318339100345,-0.08882737408688965,-0.06698961937716265,-0.13016532103037293,-0.2519646289888504,0.041584006151480196,-0.22145328719723184,-0.16000000000000003,-0.024605920799692427,0.08421376393694734
M3A-w2-0490,0.022206843521722412,0.0271280276816609,0.186082276047674,-0.1929104190695886,0.03543252595155709,0.15378700499807765,-0.13016532103037293,0.11909265667051133,-0.05911572472126105,0.08882737408688965,-0.10340638216070744,-0.08421376393694734,-0.1085121107266436,0.05536332179930796,-0.11909265667051133,-0.24415224913494812,-0.186082276047674,0.17279507881584008,-0.14173010380622836,-0.04822760476739715,-0.17279507881584008,0.01574778931180315,0.07111111111111111,-0.05173394848135333,-0.022206843521722412,-0.1929104190695886,0.004982698961937716,-0.05536332179930796,-0.029773164167627833,0.11374086889657825,0.14173010380622836,0.11909265667051133,0.16633602460592078,0.0271280276816609,-0.09842368319876971,0.16000000000000003,-0.09356401384083046,-0.07972318339100345,-0.07972318339100345,0.2069357939254133,-0.05911572472126105,0.04822760476739715,-0.14173010380622836,-0.09356401384083046,-0.041584006151480196,0.2288965782391388,0.17937716262975778,-0.08882737408688965,-0.08882737408688965,-0.14769703960015382,0.07972318339100345,0.07972318339100345,0.09842368319876971,0.012056901191849288,0.0629911572472126,-0.10340638216070744,-0.13588619761630144,-0.11374086889657825,-0.31009611687812383,-0.05911572472126105,-0.1929104190695886,-0.2069357939254133,-0.07535563244905807,0.024605920799692427
M3A-w2-0520,-0.007443291041906958,-0.14769703960015382,0.2288965782391388,-0.07972318339100345,-0.012056901191849288,0.14769703960015382,-0.11374086889657825,0.003014225297962322,-0.14173010380622836,0.13016532103037293,0.13588619761630144,-0.04822760476739715,0.01574778931180315,0.06698961937716265,-0.07111111111111111,-0.21413302575932336,-0.16633602460592078,0.09356401384083046,-0.08882737408688965,-0.04822760476739715,-0.09842368319876971,-0.0005536332179930795,0.11909265667051133,-0.07972318339100345,-0.2599000384467512,0.05911572472126105,0.003936947327950788,-0.05536332179930796,0.041584006151480196,0.15378700499807765,0.05536332179930796,-0.11374086889657825,0.17279507881584008,-0.17279507881584008,-0.008858131487889272,0.11374086889657825,-0.11909265667051133,-0.03844675124951941,0.000984236831987697,0.09356401384083046,0.07111111111111111,-0.041584006151480196,-0.010396001537870049,-0.186082276047674,-0.17279507881584008,0.17937716262975778,0.19986159169550174,0.03254133025759323,0.05173394848135333,-0.16633602460592078,0.07111111111111111,0.1929104190695886,0.03543252595155709,-0.01574778931180315,0.07535563244905807,-0.029773164167627833,-0.19986159169550174,-0.12456747404844293,-0.3014225297962323,-0.13016532103037293,-0.17279507881584008,-0.2364628988850442,0.024605920799692427,0.05536332179930796
M3A-w2-0539,-0.0629911572472126,0.019930795847750864,0.07535563244905807,0.0629911572472126,-0.041584006151480196,-0.09356401384083046,-0.13588619761630144,0.2761399461745483,0.08882737408688965,0.1085121107266436,0.11374086889657825,0.017777777777777778,-0.022206843521722412,-0.07535563244905807,-0.13016532103037293,-0.14769703960015382,-0.2519646289888504,0.044844290657439445,-0.31009611687812383,-0.012056901191849288,-0.010396001537870049,0.03844675124951941,0.03844675124951941,0.024605920799692427,0.04822760476739715,0.11374086889657825,-0.019930795847750864,-0.11374086889657825,0.07111111111111111,0.19986159169550174,-0.06698961937716265,0.15378700499807765,0.09842368319876971,0.07535563244905807,0.13588619761630144,0.01384083044982699,-0.21413302575932336,-0.13588619761630144,0.03543252595155709,-0.08421376393694734,-0.01574778931180315,0.06698961937716265,-0.006151480199923107,-0.07535563244905807,-0.14173010380622836,0.04822760476739715,0.13588619761630144,-0.05536332179930796,0.07535563244905807,-0.07111111111111111,0.07972318339100345,0.11374086889657825,-0.006151480199923107,0.15378700499807765,-0.024605920799692427,-0.17937716262975778,-0.044844290657439445,-0.15378700499807765,-0.3553094963475586,-0.09356401384083046,-0.2288965782391388,-0.16000000000000003,-0.19986159169550174,0.03844675124951941
M3A-w2-0542,-0.04822760476739715,-0.10340638216070744,0.14173010380622836,-0.12456747404844293,0.0005536332179930795,-0.05173394848135333,-0.28444444444444444,0.3188927335640138,-0.07111111111111111,0.0629911572472126,-0.03254133025759323,-0.06698961937716265,-0.04822760476739715,-0.04822760476739715,-0.05173394848135333,-0.17279507881584008,-0.14173010380622836,0.28444444444444444,-0.3014225297962323,0.07535563244905807,-0.09842368319876971,0.12456747404844293,-0.04822760476739715,0.03254133025759323,-0.004982698961937716,-0.07972318339100345,0.000984236831987697,-0.06698961937716265,-0.044844290657439445,0.03543252595155709,0.05911572472126105,0.05911572472126105,0.16000000000000003,0.11374086889657825,-0.044844290657439445,0.07972318339100345,-0.14173010380622836,-0.11374086889657825,-0.08421376393694734,-0.007443291041906958,0.04822760476739715,0.04822760476739715,0.0629911572472126,0.006151480199923107,-0.03844675124951941,0.29287197231833906,0.22145328719723184,-0.019930795847750864,-0.09842368319876971,-0.16633602460592078,0.14769703960015382,0.06698961937716265,0.16000000000000003,-0.03543252595155709,-0.09356401384083046,0.05911572472126105,-0.07972318339100345,-0.03254133025759323,-0.28444444444444444,0.008858131487889272,-0.13016532103037293,-0.05911572472126105,-0.14173010380622836,-0.05173394848135333
M3A-w2-0543,0.007443291041906958,0.01574778931180315,0.08421376393694734,-0.022206843521722412,0.004982698961937716,-0.13588619761630144,-0.08882737408688965,0.40359861591695495,0.12456747404844293,0.11374086889657825,0.2364628988850442,-0.08882737408688965,-0.04822760476739715,-0.14173010380622836,0.0271280276816609,-0.06698961937716265,-0.008858131487889272,0.17279507881584008,-0.31009611687812383,-0.17937716262975778,-0.0271280276816609,0.003936947327950788,-0.003936947327950788,0.05173394848135333,0.14769703960015382,0.08882737408688965,-0.09356401384083046,-0.044844290657439445,0.13588619761630144,0.21413302575932336,-0.06698961937716265,0.07972318339100345,0.17279507881584008,0.21413302575932336,0.13588619761630144,-0.08882737408688965,-0.10340638216070744,-0.03254133025759323,0.03543252595155709,-0.17279507881584008,0.10340638216070744,0.012056901191849288,0.08421376393694734,-6.151480199923106e-05,-0.022206843521722412,0.03543252595155709,0.08882737408688965,0.04822760476739715,0.14173010380622836,-0.0629911572472126,0.03254133025759323,0.07535563244905807,0.007443291041906958,0.2599000384467512,0.06698961937716265,-0.003936947327950788,0.024605920799692427,-0.186082276047674,-0.16633602460592078,-0.08421376393694734,-0.19986159169550174,-0.03844675124951941,-0.0271280276816609,0.13016532103037293
M3A-w2-0548,-0.06698961937716265,-0.12456747404844293,0.10340638216070744,0.004982698961937716,-0.05911572472126105,-0.09842368319876971,-0.17937716262975778,0.24415224913494812,-0.03254133025759323,0.14173010380622836,-0.017777777777777778,-0.09842368319876971,0.03254133025759323,-0.04822760476739715,-0.13016532103037293,-0.16633602460592078,-0.2679584775086506,0.07972318339100345,-0.2519646289888504,0.0629911572472126,-0.05173394848135333,0.08421376393694734,0.10340638216070744,0.05911572472126105,0.012056901191849288,0.003936947327950788,-0.041584006151480196,-0.10340638216070744,0.029773164167627833,0.14173010380622836,-0.17279507881584008,0.08421376393694734,-0.0015378700499807767,0.09356401384083046,0.03254133025759323,0.008858131487889272,-0.05173394848135333,-0.13588619761630144,-0.07111111111111111,-0.09356401384083046,0.08882737408688965,0.06698961937716265,-0.0629911572472126,-0.11374086889657825,-0.16633602460592078,0.16000000000000003,0.29287197231833906,-0.13016532103037293,-0.012056901191849288,-0.09356401384083046,0.07535563244905807,0.16000000000000003,0.07111111111111111,0.09842368319876971,-0.0629911572472126,-0.08421376393694734,-0.07535563244905807,-0.07535563244905807,-0.39369473279507883,-0.07535563244905807,-0.17279507881584008,-0.13588619761630144,-0.14769703960015382,0.019930795847750864
M3A-w2-0555,-0.019930795847750864,-0.29287197231833906,0.2364628988850442,-0.008858131487889272,-0.05173394848135333,-0.07535563244905807,-0.11909265667051133,0.0629911572472126,-0.10340638216070744,0.010396001537870049,-0.008858131487889272,-0.08882737408688965,0.004982698961937716,0.008858131487889272,-0.0629911572472126,-0.1929104190695886,-0.22145328719723184,0.10340638216070744,-0.11374086889657825,0.01384083044982699,-0.11909265667051133,0.017777777777777778,0.11374086889657825,0.002214532871972318,-0.12456747404844293,0.13588619761630144,-0.0015378700499807767,-0.13016532103037293,0.17279507881584008,0.16000000000000003,-0.041584006151480196,-0.16633602460592078,0.04822760476739715,-0.11909265667051133,0.11909265667051133,0.16000000000000003,-0.186082276047674,-0.07111111111111111,-0.03844675124951941,-0.1085121107266436,-0.04822760476739715,-0.08421376393694734,-0.14173010380622836,-0.05911572472126105,-0.12456747404844293,0.1929104190695886,0.186082276047674,0.09356401384083046,0.01574778931180315,-0.14769703960015382,0.0271280276816609,0.186082276047674,-0.006151480199923107,0.04822760476739715,0.03844675124951941,-0.14173010380622836,-0.15378700499807765,-0.09842368319876971,-0.3188927335640138,-0.07111111111111111,-0.17937716262975778,-0.1929104190695886,-0.03543252595155709,0.007443291041906958
M3A-w2-0556,-0.06698961937716265,-0.07972318339100345,0.13016532103037293,-0.13016532103037293,-0.05536332179930796,0.012056901191849288,-0.13588619761630144,0.16000000000000003,0.0271280276816609,0.12456747404844293,0.024605920799692427,-0.16000000000000003,-0.044844290657439445,-0.041584006151480196,-0.09356401384083046,-0.17279507881584008,-0.2599000384467512,0.2069357939254133,-0.15378700499807765,-0.24415224913494812,-0.044844290657439445,0.041584006151480196,0.11909265667051133,-0.10340638216070744,-0.0629911572472126,0.044844290657439445,-0.06698961937716265,-0.029773164167627833,0.11909265667051133,0.22145328719723184,0.07972318339100345,0.15378700499807765,0.11374086889657825,0.1929104190695886,0.03543252595155709,0.01384083044982699,-0.0629911572472126,0.05536332179930796,-0.017777777777777778,0.10340638216070744,0.07535563244905807,0.0629911572472126,-0.03844675124951941,-0.019930795847750864,-0.1085121107266436,0.003014225297962322,0.13588619761630144,0.044844290657439445,0.022206843521722412,-0.28444444444444444,0.16000000000000003,0.07535563244905807,0.13016532103037293,0.2069357939254133,0.044844290657439445,-0.14769703960015382,-0.17279507881584008,-0.1085121107266436,-0.2761399461745483,0.010396001537870049,-0.16000000000000003,-0.186082276047674,-0.08882737408688965,0.07111111111111111
M3A-w2-0558,-0.002214532871972318,-0.12456747404844293,0.11909265667051133,0.017777777777777778,-0.0271280276816609,-0.13016532103037293,-0.16633602460592078,0.33685505574778934,-0.03543252595155709,-0.05536332179930796,0.2519646289888504,0.041584006151480196,-0.0271280276816609,-0.06698961937716265,-0.029773164167627833,-0.08882737408688965,-0.17279507881584008,0.05911572472126105,-0.36472126105344094,0.13016532103037293,-0.03543252595155709,-0.05911572472126105,0.06698961937716265,-0.010396001537870049,0.041584006151480196,0.03254133025759323,-0.003936947327950788,-0.14769703960015382,-0.05536332179930796,0.17937716262975778,0.01574778931180315,0.08421376393694734,0.16000000000000003,0.14769703960015382,0.022206843521722412,0.13016532103037293,-0.13588619761630144,-0.12456747404844293,0.041584006151480196,-0.05536332179930796,-0.08421376393694734,0.024605920799692427,0.08421376393694734,-0.044844290657439445,-0.14173010380622836,0.186082276047674,0.2364628988850442,-0.012056901191849288,0.019930795847750864,-0.07972318339100345,0.07972318339100345,0.05173394848135333,0.006151480199923107,0.16633602460592078,-0.05911572472126105,-0.041584006151480196,-0.10340638216070744,-0.21413302575932336,-0.2599000384467512,0.01384083044982699,-0.17279507881584008,0.03543252595155709,-0.17937716262975778,-0.029773164167627833
M3A-w2-0560,-0.04822760476739715,-0.0629911572472126,0.24415224913494812,-0.1085121107266436,-0.10340638216070744,-0.06698961937716265,-0.17279507881584008,0.3188927335640138,0.01574778931180315,0.03254133025759323,0.09356401384083046,-0.024605920799692427,-0.007443291041906958,-0.07972318339100345,0.01574778931180315,-0.12456747404844293,-0.186082276047674,0.21413302575932336,-0.22145328719723184,-0.12456747404844293,-0.11374086889657825,0.044844290657439445,0.08421376393694734,-0.000984236831987697,-0.01574778931180315,0.16000000000000003,-0.13016532103037293,-0.1085121107266436,0.08882737408688965,0.16000000000000003,-0.07972318339100345,0.08421376393694734,0.12456747404844293,0.14769703960015382,0.16633602460592078,0.05911572472126105,-0.08882737408688965,-0.06698961937716265,-0.003014225297962322,-0.0271280276816609,0.07111111111111111,0.044844290657439445,0.004982698961937716,-0.05173394848135333,-0.14173010380622836,0.1085121107266436,0.13016532103037293,0.07972318339100345,0.0629911572472126,-0.14173010380622836,0.14769703960015382,0.19986159169550174,0.07111111111111111,0.14173010380622836,-0.08882737408688965,-0.07972318339100345,-0.07111111111111111,-0.08421376393694734,-0.3188927335640138,-0.017777777777777778,-0.1929104190695886,-0.186082276047674,-0.08882737408688965,0.024605920799692427
M3A-w2-0562,-0.041584006151480196,0.022206843521722412,0.04822760476739715,-0.01384083044982699,-0.05173394848135333,-0.15378700499807765,-0.14173010380622836,0.28444444444444444,0.041584006151480196,0.24415224913494812,-0.012056901191849288,-0.08882737408688965,0.004982698961937716,-0.09356401384083046,-0.2599000384467512,-0.10340638216070744,-0.21413302575932336,0.2288965782391388,-0.2761399461745483,-0.15378700499807765,0.03254133025759323,0.11374086889657825,-0.08421376393694734,-0.022206843521722412,0.05911572472126105,-0.08421376393694734,-0.019930795847750864,-0.05911572472126105,0.05536332179930796,0.17279507881584008,-0.008858131487889272,0.022206843521722412,0.07535563244905807,0.2679584775086506,-0.06698961937716265,-0.09356401384083046,-0.07972318339100345,-0.06698961937716265,0.007443291041906958,-0.13588619761630144,0.07972318339100345,0.15378700499807765,-0.017777777777777778,-0.07111111111111111,-0.12456747404844293,0.07111111111111111,0.14173010380622836,0.11374086889657825,0.008858131487889272,-0.14769703960015382,0.05536332179930796,-0.024605920799692427,0.16000000000000003,0.16000000000000003,-0.04822760476739715,-0.07111111111111111,-0.0629911572472126,-0.14769703960015382,-0.2364628988850442,0.012056901191849288,-0.16633602460592078,-0.09356401384083046,-0.10340638216070744,0.14769703960015382
M3A-w2-0564,-0.01574778931180315,-0.11374086889657825,0.13588619761630144,-0.03844675124951941,-0.012056901191849288,0.08421376393694734,-0.1085121107266436,0.11909265667051133,-0.1929104190695886,0.044844290657439445,0.14769703960015382,-0.041584006151480196,-0.01574778931180315,-0.03254133025759323,-0.08882737408688965,-0.2761399461745483,-0.19986159169550174,0.09842368319876971,-0.1929104190695886,0.05536332179930796,-0.05911572472126105,-0.14173010380622836,0.14173010380622836,-0.13588619761630144,-0.09356401384083046,0.186082276047674,0.007443291041906958,-0.09356401384083046,-0.029773164167627833,0.186082276047674,0.022206843521722412,0.14769703960015382,0.17937716262975778,-0.010396001537870049,0.13016532103037293,0.09842368319876971,-0.2069357939254133,-0.15378700499807765,0.004982698961937716,-0.000984236831987697,0.05536332179930796,-0.07535563244905807,-0.022206843521722412,-0.07111111111111111,-0.06698961937716265,0.16633602460592078,0.21413302575932336,0.01384083044982699,0.012056901191849288,-0.21413302575932336,0.17279507881584008,0.11374086889657825,0.024605920799692427,0.1085121107266436,0.09356401384083046,-0.1929104190695886,-0.14173010380622836,-0.08421376393694734,-0.2519646289888504,-0.08882737408688965,-0.14769703960015382,-0.186082276047674,-0.03254133025759323,0.022206843521722412
M3A-w2-0565,-0.05911572472126105,0.01574778931180315,0.14769703960015382,-0.10340638216070744,-0.10340638216070744,0.07972318339100345,-0.13016532103037293,0.17279507881584008,-0.022206843521722412,0.024605920799692427,0.13588619761630144,-0.14769703960015382,-0.03254133025759323,0.044844290657439445,-0.08421376393694734,-0.16633602460592078,-0.16000000000000003,0.17279507881584008,-0.22145328719723184,-0.2519646289888504,-0.10340638216070744,-0.029773164167627833,0.13016532103037293,-0.14769703960015382,-0.0629911572472126,0.09356401384083046,0.0629911572472126,-0.07972318339100345,0.06698961937716265,0.28444444444444444,0.0271280276816609,0.14173010380622836,0.13588619761630144,0.16633602460592078,0.0629911572472126,0.0271280276816609,-0.10340638216070744,0.13016532103037293,-0.007443291041906958,-0.007443291041906958,0.09842368319876971,0.03254133025759323,-0.044844290657439445,-0.06698961937716265,-0.17279507881584008,0.024605920799692427,0.08882737408688965,0.08421376393694734,0.044844290657439445,-0.13588619761630144,0.12456747404844293,0.07535563244905807,0.03254133025759323,0.17937716262975778,0.11374086889657825,-0.09356401384083046,-0.13016532103037293,-0.2069357939254133,-0.2519646289888504,-0.04822760476739715,-0.1085121107266436,-0.29287197231833906,-0.006151480199923107,0.12456747404844293
M3A-w2-0569,0.017777777777777778,-0.14769703960015382,0.16633602460592078,-0.14173010380622836,-0.03543252595155709,0.1085121107266436,-0.16000000000000003,0.1929104190695886,-0.012056901191849288,-0.003936947327950788,0.13016532103037293,0.05173394848135333,-0.000984236831987697,-0.029773164167627833,0.06698961937716265,-0.17279507881584008,-0.2288965782391388,0.09356401384083046,-0.14769703960015382,-0.04822760476739715,-0.11374086889657825,-0.0271280276816609,0.08421376393694734,-0.03844675124951941,-0.14173010380622836,0.07535563244905807,0.11374086889657825,-0.13016532103037293,-0.041584006151480196,0.17279507881584008,0.14769703960015382,0.17279507881584008,0.186082276047674,0.01384083044982699,0.03844675124951941,0.17937716262975778,-0.09356401384083046,-0.007443291041906958,0.1085121107266436,0.019930795847750864,0.029773164167627833,-0.004982698961937716,0.05173394848135333,-0.14769703960015382,-0.06698961937716265,0.12456747404844293,0.24415224913494812,-0.05536332179930796,-0.04822760476739715,-0.31009611687812383,0.186082276047674,0.0629911572472126,-0.0629911572472126,0.1085121107266436,0.008858131487889272,-0.08421376393694734,-0.21413302575932336,-0.186082276047674,-0.2364628988850442,-0.010396001537870049,-0.2364628988850442,-0.0271280276816609,-0.0629911572472126,0.03543252595155709
M3A-w2-0571,-0.01574778931180315,-0.029773164167627833,0.12456747404844293,0.008858131487889272,-0.01574778931180315,-0.01384083044982699,-0.14173010380622836,0.14173010380622836,-0.09842368319876971,0.022206843521722412,-0.01384083044982699,-0.11909265667051133,-0.08882737408688965,-0.07972318339100345,-0.19986159169550174,-0.3014225297962323,-0.24415224913494812,0.17937716262975778,-0.12456747404844293,0.044844290657439445,-0.0629911572472126,0.10340638216070744,0.05911572472126105,-0.017777777777777778,-0.07972318339100345,0.05536332179930796,0.03254133025759323,-0.022206843521722412,-0.017777777777777778,0.13016532103037293,0.11374086889657825,0.11909265667051133,0.044844290657439445,0.17279507881584008,0.03543252595155709,0.022206843521722412,-0.12456747404844293,-0.07972318339100345,-0.029773164167627833,0.041584006151480196,-0.006151480199923107,0.03254133025759323,-0.044844290657439445,-0.04822760476739715,-0.09356401384083046,0.19986159169550174,0.22145328719723184,-0.01384083044982699,-0.16633602460592078,-0.1929104190695886,0.04822760476739715,0.06698961937716265,0.08882737408688965,0.07972318339100345,0.044844290657439445,-0.186082276047674,-0.19986159169550174,-0.03543252595155709,-0.3278123798539023,-0.09842368319876971,-0.14173010380622836,-0.2599000384467512,-0.2288965782391388,0.09842368319876971
M3A-w2-0573,0.019930795847750864,-0.16633602460592078,0.04822760476739715,0.05536332179930796,-0.05536332179930796,-0.1085121107266436,-0.186082276047674,0.2599000384467512,0.022206843521722412,0.07111111111111111,0.13588619761630144,-0.07535563244905807,0.007443291041906958,0.003014225297962322,-0.09842368319876971,-0.14769703960015382,-0.09356401384083046,0.041584006151480196,-0.3278123798539023,-0.09356401384083046,-0.07972318339100345,-0.13016532103037293,-0.024605920799692427,-0.08882737408688965,-0.0629911572472126,0.007443291041906958,-0.007443291041906958,-0.0629911572472126,0.11909265667051133,0.2288965782391388,0.022206843521722412,-0.05173394848135333,0.07535563244905807,0.12456747404844293,-0.029773164167627833,0.06698961937716265,-0.21413302575932336,0.0629911572472126,0.07535563244905807,-0.004982698961937716,0.09842368319876971,0.022206843521722412,0.11909265667051133,-0.01384083044982699,-0.14769703960015382,0.08421376393694734,0.07535563244905807,0.17937716262975778,0.01574778931180315,-0.1085121107266436,-0.002214532871972318,0.0271280276816609,0.08882737408688965,0.3014225297962323,0.024605920799692427,-0.012056901191849288,-0.14173010380622836,-0.17279507881584008,-0.28444444444444444,0.13588619761630144,-0.14173010380622836,-0.13588619761630144,-0.044844290657439445,0.28444444444444444
M3A-w2-0575,-0.041584006151480196,-0.01384083044982699,-0.0005536332179930795,0.01574778931180315,-0.04822760476739715,-0.06698961937716265,-0.14769703960015382,0.28444444444444444,0.07972318339100345,0.0271280276816609,0.21413302575932336,0.04822760476739715,-0.05173394848135333,-0.0629911572472126,-0.008858131487889272,-0.10340638216070744,-0.1085121107266436,-0.000984236831987697,-0.4444444444444444,-0.06698961937716265,-0.1085121107266436,-0.13588619761630144,0.008858131487889272,-0.017777777777777778,0.07535563244905807,0.1085121107266436,0.01574778931180315,-0.07111111111111111,0.03254133025759323,0.2519646289888504,-0.0271280276816609,0.15378700499807765,0.22145328719723184,0.09356401384083046,0.09356401384083046,0.0271280276816609,-0.12456747404844293,0.007443291041906958,0.10340638216070744,-0.07535563244905807,0.05536332179930796,-0.019930795847750864,0.07535563244905807,0.01574778931180315,-0.024605920799692427,0.024605920799692427,0.2069357939254133,-0.000984236831987697,0.029773164167627833,-0.05173394848135333,0.08421376393694734,0.04822760476739715,0.05911572472126105,0.2288965782391388,0.05911572472126105,-0.03844675124951941,-0.08882737408688965,-0.2519646289888504,-0.2599000384467512,-0.05173394848135333,-0.21413302575932336,-0.07972318339100345,-0.09356401384083046,0.15378700499807765
M3A-w2-0583,-0.03254133025759323,-0.09842368319876971,0.14769703960015382,-0.08421376393694734,-0.03543252595155709,-0.11374086889657825,-0.2599000384467512,0.2761399461745483,-0.0629911572472126,-0.01574778931180315,0.041584006151480196,0.017777777777777778,0.004982698961937716,-0.04822760476739715,-0.01574778931180315,-0.14173010380622836,-0.186082276047674,0.13588619761630144,-0.3014225297962323,0.13016532103037293,-0.13016532103037293,0.041584006151480196,-0.0015378700499807767,0.012056901191849288,-0.012056901191849288,-0.12456747404844293,0.029773164167627833,-0.13588619761630144,-0.05173394848135333,0.1085121107266436,0.09842368319876971,0.12456747404844293,0.1085121107266436,0.07972318339100345,-0.13016532103037293,0.14173010380622836,-0.22145328719723184,-0.05173394848135333,-0.044844290657439445,0.06698961937716265,-0.019930795847750864,0.10340638216070744,-0.01384083044982699,-0.04822760476739715,-0.08421376393694734,0.2761399461745483,0.22145328719723184,-0.05911572472126105,-0.08882737408688965,-0.09842368319876971,0.09356401384083046,0.05911572472126105,0.06698961937716265,0.03543252595155709,-0.14173010380622836,0.008858131487889272,-0.13588619761630144,-0.16000000000000003,-0.3014225297962323,0.03254133025759323,-0.14769703960015382,-0.01384083044982699,-0.17937716262975778,-0.05173394848135333
M3A-w2-0586,0.019930795847750864,-0.14769703960015382,0.17937716262975778,0.008858131487889272,-0.04822760476739715,0.004982698961937716,-0.2761399461745483,0.2679584775086506,-0.003014225297962322,0.024605920799692427,0.13016532103037293,0.0629911572472126,-0.044844290657439445,0.0271280276816609,0.11909265667051133,-0.15378700499807765,-0.0629911572472126,0.017777777777777778,-0.24415224913494812,-0.03254133025759323,-0.15378700499807765,-0.2761399461745483,0.13016532103037293,-0.11374086889657825,-0.03844675124951941,0.12456747404844293,-0.024605920799692427,-0.17279507881584008,0.13016532103037293,0.17279507881584008,-0.004982698961937716,0.0271280276816609,0.16633602460592078,0.09842368319876971,-0.0271280276816609,0.22145328719723184,-0.0629911572472126,-0.010396001537870049,0.07972318339100345,0.09842368319876971,0.03543252595155709,0.0629911572472126,-0.03844675124951941,0.07111111111111111,-0.08421376393694734,0.0629911572472126,0.10340638216070744,0.186082276047674,0.03543252595155709,-0.07111111111111111,0.03844675124951941,0.0271280276816609,0.022206843521722412,0.2519646289888504,0.08882737408688965,-0.09356401384083046,-0.1085121107266436,-0.08882737408688965,-0.31009611687812383,-0.03543252595155709,-0.10340638216070744,-0.13588619761630144,-0.09356401384083046,0.17279507881584008
M3A-w2-0587,-0.022206843521722412,-0.006151480199923107,0.2519646289888504,-0.17937716262975778,-0.08882737408688965,0.10340638216070744,-0.14769703960015382,0.19986159169550174,0.022206843521722412,0.0271280276816609,0.029773164167627833,-0.07535563244905807,-0.029773164167627833,0.01574778931180315,-0.012056901191849288,-0.14769703960015382,-0.28444444444444444,0.15378700499807765,-0.11374086889657825,-0.19986159169550174,-0.19986159169550174,0.010396001537870049,0.14173010380622836,-0.05173394848135333,-0.05536332179930796,0.09842368319876971,-0.04822760476739715,-0.12456747404844293,0.05911572472126105,0.11374086889657825,0.0271280276816609,0.14173010380622836,0.14173010380622836,0.10340638216070744,0.03844675124951941,0.16000000000000003,-0.16633602460592078,-0.04822760476739715,-0.029773164167627833,0.13016532103037293,0.16633602460592078,0.07111111111111111,0.004982698961937716,-0.08421376393694734,-0.10340638216070744,0.09842368319876971,0.13588619761630144,0.024605920799692427,-0.004982698961937716,-0.19986159169550174,0.14173010380622836,0.186082276047674,0.11374086889657825,0.07972318339100345,-0.11909265667051133,-0.10340638216070744,-0.07972318339100345,-0.09842368319876971,-0.2679584775086506,-0.017777777777777778,-0.24415224913494812,-0.16000000000000003,-0.03844675124951941,0.06698961937716265
M3A-w2-0588,-0.029773164167627833,-0.0629911572472126,0.044844290657439445,-0.03543252595155709,-0.044844290657439445,0.012056901191849288,-0.17937716262975778,0.2069357939254133,0.01384083044982699,0.09842368319876971,0.19986159169550174,-0.03543252595155709,-0.05173394848135333,0.010396001537870049,-0.012056901191849288,-0.13016532103037293,-0.16000000000000003,0.044844290657439445,-0.36472126105344094,-0.11909265667051133,-0.12456747404844293,-0.11909265667051133,0.11374086889657825,-0.09842368319876971,-0.01384083044982699,0.07111111111111111,0.03254133025759323,-0.1085121107266436,0.05911572472126105,0.2599000384467512,-0.0271280276816609,0.19986159169550174,0.19986159169550174,0.09356401384083046,0.08421376393694734,0.10340638216070744,-0.07111111111111111,0.07972318339100345,0.0005536332179930795,-0.05911572472126105,0.07111111111111111,-0.029773164167627833,0.012056901191849288,-0.044844290657439445,-0.03844675124951941,0.022206843521722412,0.22145328719723184,-0.003014225297962322,0.0629911572472126,-0.11909265667051133,0.15378700499807765,0.03844675124951941,0.07535563244905807,0.2599000384467512,0.05911572472126105,-0.10340638216070744,-0.13588619761630144,-0.2761399461745483,-0.2519646289888504,-0.05536332179930796,-0.17279507881584008,-0.10340638216070744,-0.022206843521722412,0.11909265667051133
M3A-w2-0589,-0.03254133025759323,-0.14173010380622836,0.2679584775086506,-0.07972318339100345,-0.08421376393694734,0.019930795847750864,-0.1085121107266436,0.186082276047674,-0.09842368319876971,-0.041584006151480196,0.2069357939254133,0.017777777777777778,0.0629911572472126,0.13588619761630144,-0.03543252595155709,-0.13016532103037293,-0.14173010380622836,0.05911572472126105,-0.10340638216070744,-0.017777777777777778,-0.07972318339100345,-0.029773164167627833,0.2069357939254133,-0.041584006151480196,-0.1929104190695886,0.13016532103037293,-0.010396001537870049,-0.05536332179930796,0.008858131487889272,0.05536332179930796,0.029773164167627833,-0.09842368319876971,0.08421376393694734,-0.04822760476739715,0.12456747404844293,0.17279507881584008,-0.2599000384467512,-0.01574778931180315,-0.05536332179930796,-0.03844675124951941,0.04822760476739715,-0.06698961937716265,-0.024605920799692427,-0.12456747404844293,-0.2069357939254133,0.19986159169550174,0.2069357939254133,0.11909265667051133,0.041584006151480196,-0.19986159169550174,0.07972318339100345,0.22145328719723184,-0.01384083044982699,0.10340638216070744,0.07111111111111111,-0.14173010380622836,-0.13588619761630144,-0.05911572472126105,-0.21413302575932336,-0.13588619761630144,-0.2519646289888504,-0.11909265667051133,-0.05173394848135333,-0.010396001537870049
M3A-w2-0591,-0.07111111111111111,-0.05173394848135333,0.05173394848135333,-0.029773164167627833,-0.07111111111111111,0.0015378700499807767,-0.1929104190695886,0.2069357939254133,0.00024605920799692423,0.05173394848135333,0.1929104190695886,0.13588619761630144,0.0271280276816609,0.022206843521722412,0.03543252595155709,-0.08421376393694734,-0.15378700499807765,0.012056901191849288,-0.3553094963475586,-0.041584006151480196,-0.11374086889657825,-0.09842368319876971,0.09842368319876971,-0.01384083044982699,-0.07535563244905807,0.03254133025759323,0.05173394848135333,-0.09842368319876971,-0.041584006151480196,0.14173010380622836,-0.010396001537870049,0.0271280276816609,0.2679584775086506,-0.01384083044982699,0.04822760476739715,0.12456747404844293,-0.15378700499807765,0.08882737408688965,0.07535563244905807,-0.07111111111111111,0.017777777777777778,-0.01384083044982699,0.01384083044982699,-0.07111111111111111,-0.1929104190695886,0.17279507881584008,0.29287197231833906,0.05911572472126105,-0.019930795847750864,-0.12456747404844293,0.11374086889657825,0.08421376393694734,0.008858131487889272,0.186082276047674,0.07972318339100345,-0.06698961937716265,-0.17279507881584008,-0.2069357939254133,-0.24415224913494812,-0.14769703960015382,-0.19986159169550174,-0.17279507881584008,-0.006151480199923107,0.13016532103037293
M3A-w2-0601,-0.08421376393694734,-0.2069357939254133,0.16000000000000003,0.04822760476739715,-0.01384083044982699,-0.07111111111111111,-0.11909265667051133,0.22145328719723184,-0.09356401384083046,0.029773164167627833,0.024605920799692427,-0.07535563244905807,0.017777777777777778,0.024605920799692427,-0.0629911572472126,-0.2069357939254133,-0.2519646289888504,0.13588619761630144,-0.16633602460592078,0.04822760476739715,-0.04822760476739715,-0.03254133025759323,0.186082276047674,-0.022206843521722412,-0.007443291041906958,0.21413302575932336,0.002214532871972318,-0.13016532103037293,0.13588619761630144,0.13016532103037293,-0.0629911572472126,-0.05536332179930796,0.07111111111111111,0.0015378700499807767,0.13588619761630144,0.06698961937716265,-0.09356401384083046,-0.1085121107266436,0.08882737408688965,-0.11374086889657825,0.05911572472126105,-0.07535563244905807,-0.04822760476739715,-0.0629911572472126,-0.17279507881584008,0.11374086889657825,0.22145328719723184,0.13588619761630144,0.05536332179930796,-0.13588619761630144,0.07111111111111111,0.17279507881584008,0.041584006151480196,0.11374086889657825,0.0629911572472126,-0.14769703960015382,-0.11909265667051133,-0.09356401384083046,-0.36472126105344094,-0.07111111111111111,-0.16000000000000003,-0.21413302575932336,-0.05911572472126105,0.03844675124951941
M3A-w2-0606,-0.022206843521722412,-0.13016532103037293,0.17937716262975778,-0.05911572472126105,-0.09356401384083046,0.03543252595155709,-0.11909265667051133,0.17937716262975778,-0.11909265667051133,-0.09842368319876971,0.17937716262975778,0.03254133025759323,0.022206843521722412,0.017777777777777778,-0.05911572472126105,-0.17937716262975778,-0.2288965782391388,0.05911572472126105,-0.186082276047674,0.0629911572472126,-0.05173394848135333,-0.09356401384083046,0.05536332179930796,-0.05173394848135333,-0.09842368319876971,0.03543252595155709,0.11374086889657825,-0.09356401384083046,-0.08882737408688965,0.16633602460592078,0.2069357939254133,0.14173010380622836,0.15378700499807765,0.1085121107266436,0.029773164167627833,0.22145328719723184,-0.14173010380622836,-0.09842368319876971,0.007443291041906958,0.0629911572472126,-0.11374086889657825,0.03844675124951941,-0.003936947327950788,-0.13588619761630144,-0.13016532103037293,0.17937716262975778,0.2364628988850442,-0.03543252595155709,-0.13016532103037293,-0.2679584775086506,0.09842368319876971,0.05173394848135333,-0.041584006151480196,0.08421376393694734,0.07972318339100345,-0.1085121107266436,-0.14173010380622836,-0.13588619761630144,-0.24415224913494812,-0.022206843521722412,-0.186082276047674,-0.041584006151480196,-0.186082276047674,-0.007443291041906958
M3A-w2-0608,-0.0271280276816609,-0.2069357939254133,0.19986159169550174,-0.003936947327950788,-0.07535563244905807,-0.0629911572472126,-0.21413302575932336,0.22145328719723184,-0.07972318339100345,0.044844290657439445,0.15378700499807765,-0.08421376393694734,0.012056901191849288,0.022206843521722412,-0.0629911572472126,-0.2069357939254133,-0.1929104190695886,0.07972318339100345,-0.19986159169550174,-0.06698961937716265,-0.11374086889657825,-0.03543252595155709,0.05911572472126105,-0.05173394848135333,-0.11374086889657825,0.14769703960015382,0.0271280276816609,-0.14173010380622836,0.07972318339100345,0.13588619761630144,-0.019930795847750864,-0.03543252595155709,0.04822760476739715,0.044844290657439445,0.06698961937716265,0.13016532103037293,-0.07972318339100345,0.044844290657439445,0.0271280276816609,-0.05911572472126105,0.11374086889657825,-0.06698961937716265,0.041584006151480196,0.0015378700499807767,-0.14173010380622836,0.10340638216070744,0.22145328719723184,0.11909265667051133,0.05536332179930796,-0.15378700499807765,0.09356401384083046,0.13588619761630144,0.06698961937716265,0.2288965782391388,0.0271280276816609,-0.0629911572472126,-0.13016532103037293,-0.186082276047674,-0.36472126105344094,-0.06698961937716265,-0.1929104190695886,-0.12456747404844293,-0.07111111111111111,0.16633602460592078
M3A-w2-0652,-0.041584006151480196,-0.1929104190695886,0.186082276047674,-0.16633602460592078,-0.0629911572472126,0.05536332179930796,-0.2364628988850442,0.13588619761630144,-0.16633602460592078,0.14173010380622836,0.11909265667051133,-0.03844675124951941,0.044844290657439445,0.04822760476739715,-0.07111111111111111,-0.19986159169550174,-0.09356401384083046,0.07111111111111111,-0.21413302575932336,-0.0629911572472126,-0.16000000000000003,0.041584006151480196,0.04822760476739715,-0.04822760476739715,-0.2599000384467512,-0.04822760476739715,-0.03543252595155709,-0.03543252595155709,-0.006151480199923107,0.07535563244905807,-0.029773164167627833,-0.041584006151480196,0.14769703960015382,-0.10340638216070744,-0.04822760476739715,0.13588619761630144,-0.07111111111111111,-0.0005536332179930795,-0.0271280276816609,0.13588619761630144,0.01574778931180315,0.01384083044982699,0.07972318339100345,-0.07535563244905807,-0.13016532103037293,0.24415224913494812,0.10340638216070744,0.08882737408688965,0.05536332179930796,-0.22145328719723184,0.1085121107266436,0.24415224913494812,0.17279507881584008,0.05911572472126105,-0.03844675124951941,-0.03844675124951941,-0.14769703960015382,-0.0629911572472126,-0.2761399461745483,-0.01384083044982699,-0.186082276047674,-0.2069357939254133,0.019930795847750864,0.044844290657439445
M3A-w2-0654,-0.010396001537870049,-0.13016532103037293,0.17279507881584008,-0.13016532103037293,-0.05173394848135333,0.03844675124951941,-0.16633602460592078,0.05173394848135333,-0.14769703960015382,0.17937716262975778,-0.05536332179930796,-0.08882737408688965,-0.07972318339100345,0.004982698961937716,-0.186082276047674,-0.186082276047674,-0.2288965782391388,0.2069357939254133,-0.1085121107266436,-0.14769703960015382,-0.07111111111111111,0.06698961937716265,0.1085121107266436,-0.0629911572472126,-0.16000000000000003,-0.007443291041906958,-0.0629911572472126,-0.024605920799692427,0.12456747404844293,0.10340638216070744,0.022206843521722412,0.044844290657439445,0.10340638216070744,0.06698961937716265,0.07111111111111111,0.08421376393694734,0.024605920799692427,0.007443291041906958,-0.08882737408688965,0.08882737408688965,0.01384083044982699,-0.03254133025759323,-0.024605920799692427,-0.04822760476739715,-0.09842368319876971,0.14769703960015382,0.2069357939254133,0.012056901191849288,0.003936947327950788,-0.19986159169550174,0.13588619761630144,0.1085121107266436,0.186082276047674,0.1929104190695886,0.003936947327950788,-0.12456747404844293,-0.21413302575932336,-0.13016532103037293,-0.3278123798539023,-0.07111111111111111,-0.17937716262975778,-0.22145328719723184,0.0015378700499807767,0.09356401384083046
M3A-w2-0662,-0.041584006151480196,-0.07535563244905807,0.21413302575932336,-0.11909265667051133,0.01574778931180315,0.09356401384083046,-0.07535563244905807,0.13016532103037293,-0.15378700499807765,0.03844675124951941,-0.007443291041906958,-0.04822760476739715,0.029773164167627833,-0.010396001537870049,-0.12456747404844293,-0.2069357939254133,-0.2599000384467512,0.08882737408688965,0.024605920799692427,-0.1085121107266436,-0.03543252595155709,-0.03543252595155709,0.05536332179930796,-0.07972318339100345,-0.15378700499807765,-0.12456747404844293,0.10340638216070744,0.000984236831987697,-0.13016532103037293,0.17279507881584008,0.2599000384467512,0.07111111111111111,0.15378700499807765,0.03844675124951941,-0.1085121107266436,0.07972318339100345,-0.12456747404844293,0.0271280276816609,0.003936947327950788,0.16000000000000003,-0.003014225297962322,0.01384083044982699,0.010396001537870049,-0.2364628988850442,-0.044844290657439445,0.17937716262975778,0.2288965782391388,-0.07535563244905807,-0.11909265667051133,-0.3278123798539023,0.041584006151480196,0.03254133025759323,-0.022206843521722412,-0.029773164167627833,0.07972318339100345,-0.08421376393694734,-0.2288965782391388,-0.1085121107266436,-0.2679584775086506,0.019930795847750864,-0.15378700499807765,-0.08882737408688965,-0.09356401384083046,0.017777777777777778
M3A-w2-0663,-0.006151480199923107,-0.11374086889657825,0.15378700499807765,-0.14173010380622836,-0.022206843521722412,0.07111111111111111,-0.17279507881584008,0.05536332179930796,-0.186082276047674,0.07972318339100345,0.05911572472126105,-0.006151480199923107,-0.019930795847750864,-0.03543252595155709,-0.10340638216070744,-0.2519646289888504,-0.2288965782391388,0.1929104190695886,-0.13016532103037293,-0.022206843521722412,-0.01384083044982699,-0.05536332179930796,0.0629911572472126,-0.11374086889657825,-0.16000000000000003,-0.05173394848135333,0.03254133025759323,-0.14173010380622836,-0.03844675124951941,0.2519646289888504,0.16633602460592078,0.07111111111111111,0.1929104190695886,0.06698961937716265,-0.1085121107266436,0.16000000000000003,-0.15378700499807765,-0.024605920799692427,0.008858131487889272,0.04822760476739715,-0.029773164167627833,0.024605920799692427,-0.07972318339100345,-0.13016532103037293,-0.10340638216070744,0.186082276047674,0.22145328719723184,-0.019930795847750864,0.003936947327950788,-0.17279507881584008,0.1085121107266436,0.019930795847750864,0.0271280276816609,0.14173010380622836,0.024605920799692427,-0.12456747404844293,-0.2679584775086506,-0.186082276047674,-0.2364628988850442,-0.029773164167627833,-0.14173010380622836,-0.08882737408688965,-0.044844290657439445,0.0271280276816609
M3A-w2-0664,0.0015378700499807767,-0.16633602460592078,0.2519646289888504,-0.11374086889657825,-0.0271280276816609,0.0629911572472126,-0.11374086889657825,-0.03844675124951941,-0.16000000000000003,0.10340638216070744,0.1085121107266436,-0.06698961937716265,-0.022206843521722412,0.017777777777777778,-0.1929104190695886,-0.2364628988850442,-0.13588619761630144,0.17937716262975778,-0.03254133025759323,-0.14173010380622836,-0.0271280276816609,0.03254133025759323,0.08421376393694734,-0.12456747404844293,-0.29287197231833906,-0.03543252595155709,-0.05173394848135333,-0.00024605920799692423,-0.017777777777777778,0.16000000000000003,0.16000000000000003,-0.0629911572472126,0.16000000000000003,-0.09356401384083046,-0.05911572472126105,0.07111111111111111,-0.16000000000000003,-0.010396001537870049,-0.03254133025759323,0.1929104190695886,-0.022206843521722412,0.007443291041906958,-0.01384083044982699,-0.14769703960015382,-0.08882737408688965,0.19986159169550174,0.13588619761630144,0.07972318339100345,0.04822760476739715,-0.19986159169550174,0.07535563244905807,0.17279507881584008,0.029773164167627833,0.07535563244905807,0.07972318339100345,-0.09842368319876971,-0.22145328719723184,-0.11374086889657825,-0.2364628988850442,-0.07111111111111111,-0.15378700499807765,-0.17937716262975778,-0.07535563244905807,0.01574778931180315
M3A-w2-0665,0.017777777777777778,-0.14769703960015382,0.08882737408688965,0.004982698961937716,0.12456747404844293,0.06698961937716265,-0.04822760476739715,0.008858131487889272,-0.2679584775086506,0.17279507881584008,0.09842368319876971,-0.17937716262975778,-0.01384083044982699,-0.05911572472126105,-0.1929104190695886,-0.3278123798539023,-0.017777777777777778,0.13588619761630144,-0.03543252595155709,-0.019930795847750864,-0.08882737408688965,-0.15378700499807765,0.15378700499807765,-0.186082276047674,-0.010396001537870049,0.19986159169550174,0.0271280276816609,-0.012056901191849288,-0.07535563244905807,0.08421376393694734,0.03543252595155709,0.09356401384083046,0.07535563244905807,-0.07535563244905807,0.11374086889657825,-0.06698961937716265,-0.2761399461745483,-0.044844290657439445,-0.041584006151480196,0.08882737408688965,0.09842368319876971,-0.13588619761630144,-0.10340638216070744,-0.03844675124951941,0.029773164167627833,0.14173010380622836,0.017777777777777778,0.019930795847750864,0.0629911572472126,-0.14173010380622836,0.07972318339100345,0.13016532103037293,0.08421376393694734,0.186082276047674,0.16633602460592078,-0.22145328719723184,-0.08421376393694734,-0.05911572472126105,-0.2069357939254133,-0.24415224913494812,-0.0629911572472126,-0.07111111111111111,-0.06698961937716265,0.10340638216070744
M3A-w2-0668,-0.008858131487889272,-0.1085121107266436,0.12456747404844293,-0.000984236831987697,0.0271280276816609,-0.03254133025759323,-0.08882737408688965,0.06698961937716265,-0.3014225297962323,0.2679584775086506,-0.05911572472126105,-0.04822760476739715,0.041584006151480196,-0.09842368319876971,-0.2761399461745483,-0.2519646289888504,0.000984236831987697,0.2364628988850442,-0.06698961937716265,-0.01384083044982699,-0.08421376393694734,-0.05911572472126105,-0.029773164167627833,-0.07111111111111111,-0.12456747404844293,0.16000000000000003,-0.05536332179930796,-0.03254133025759323,0.041584006151480196,0.07535563244905807,0.07972318339100345,-0.01384083044982699,0.1929104190695886,-0.05536332179930796,0.11909265667051133,0.002214532871972318,-0.31009611687812383,-0.05911572472126105,0.017777777777777778,-0.01384083044982699,0.07972318339100345,-0.05536332179930796,-0.07972318339100345,-0.09356401384083046,0.01574778931180315,0.21413302575932336,0.01384083044982699,0.21413302575932336,-0.044844290657439445,-0.08882737408688965,0.10340638216070744,0.12456747404844293,-0.010396001537870049,0.01384083044982699,0.13016532103037293,-0.17937716262975778,-0.14173010380622836,-0.010396001537870049,-0.16633602460592078,-0.09356401384083046,-0.15378700499807765,-0.2069357939254133,-0.09842368319876971,0.10340638216070744
M3A-w2-0669,-0.019930795847750864,-0.14769703960015382,0.2069357939254133,-0.16000000000000003,-0.05911572472126105,0.03844675124951941,-0.15378700499807765,0.14769703960015382,-0.07535563244905807,-0.05536332179930796,0.019930795847750864,0.003936947327950788,0.019930795847750864,-0.029773164167627833,-0.006151480199923107,-0.186082276047674,-0.22145328719723184,0.17279507881584008,-0.07111111111111111,-0.0271280276816609,-0.08882737408688965,-0.017777777777777778,-0.019930795847750864,-0.03844675124951941,-0.13588619761630144,-0.019930795847750864,0.12456747404844293,-0.004982698961937716,-0.05911572472126105,0.13016532103037293,0.3188927335640138,0.11909265667051133,0.11374086889657825,0.041584006151480196,-0.12456747404844293,0.15378700499807765,-0.16633602460592078,-0.010396001537870049,0.08421376393694734,0.1929104190695886,-0.03254133025759323,0.05536332179930796,0.05173394848135333,-0.19986159169550174,-0.029773164167627833,0.22145328719723184,0.16633602460592078,-0.03254133025759323,-0.1929104190695886,-0.2761399461745483,0.08421376393694734,0.03844675124951941,-0.01384083044982699,-0.024605920799692427,0.029773164167627833,-0.017777777777777778,-0.2519646289888504,-0.14173010380622836,-0.21413302575932336,0.07111111111111111,-0.10340638216070744,-0.03254133025759323,-0.15378700499807765,-0.044844290657439445
M3A-w2-0673,-0.019930795847750864,-0.07972318339100345,0.14769703960015382,-0.09356401384083046,-0.04822760476739715,0.08421376393694734,-0.186082276047674,0.0629911572472126,-0.13588619761630144,0.10340638216070744,0.16633602460592078,-0.01574778931180315,0.041584006151480196,0.03543252595155709,-0.09842368319876971,-0.186082276047674,-0.007443291041906958,-0.11374086889657825,-0.16633602460592078,-0.09356401384083046,-0.11374086889657825,-0.022206843521722412,0.05536332179930796,-0.044844290657439445,-0.3278123798539023,-0.16633602460592078,-0.041584006151480196,-0.07972318339100345,-0.024605920799692427,0.11374086889657825,0.08421376393694734,0.019930795847750864,0.1929104190695886,-0.16633602460592078,-0.07535563244905807,0.19986159169550174,-0.17937716262975778,0.05911572472126105,-0.0629911572472126,0.17937716262975778,-0.03844675124951941,0.03543252595155709,0.0629911572472126,-0.07111111111111111,-0.1085121107266436,0.2519646289888504,0.024605920799692427,0.08882737408688965,0.03254133025759323,-0.14769703960015382,0.004982698961937716,0.1929104190695886,0.01574778931180315,0.07972318339100345,0.03543252595155709,-0.10340638216070744,-0.1929104190695886,-0.13016532103037293,-0.24415224913494812,-0.03844675124951941,-0.17279507881584008,-0.2679584775086506,-0.019930795847750864,0.11909265667051133
M3A-w2-0676,0.044844290657439445,-0.2519646289888504,0.19986159169550174,-0.03543252595155709,0.003014225297962322,0.07111111111111111,-0.08882737408688965,0.01384083044982699,-0.2364628988850442,0.07535563244905807,0.1085121107266436,-0.07535563244905807,0.03254133025759323,0.041584006151480196,-0.17279507881584008,-0.2679584775086506,-0.03543252595155709,0.024605920799692427,-0.044844290657439445,-0.029773164167627833,-0.10340638216070744,-0.11909265667051133,0.07111111111111111,-0.15378700499807765,-0.2364628988850442,0.17279507881584008,0.012056901191849288,-0.008858131487889272,-0.07111111111111111,0.14769703960015382,0.05911572472126105,-0.1085121107266436,0.07535563244905807,-0.15378700499807765,0.08882737408688965,0.09356401384083046,-0.3014225297962323,-0.09356401384083046,-0.029773164167627833,0.13588619761630144,0.041584006151480196,-0.041584006151480196,-0.003014225297962322,-0.17937716262975778,-0.11909265667051133,0.16633602460592078,0.08882737408688965,0.03844675124951941,0.000984236831987697,-0.2761399461745483,0.09356401384083046,0.17937716262975778,0.017777777777777778,0.05173394848135333,0.08882737408688965,-0.13588619761630144,-0.09356401384083046,0.010396001537870049,-0.2288965782391388,-0.04822760476739715,-0.09842368319876971,-0.13588619761630144,-0.1085121107266436,0.0629911572472126
M3A-w2-0678,0.017777777777777778,-0.10340638216070744,0.2761399461745483,-0.03844675124951941,0.05173394848135333,0.03543252595155709,-0.0629911572472126,0.07972318339100345,-0.2364628988850442,0.1085121107266436,-0.0629911572472126,-0.07972318339100345,-0.003014225297962322,-0.017777777777777778,-0.22145328719723184,-0.3014225297962323,-0.09842368319876971,0.2679584775086506,-0.03844675124951941,-0.03543252595155709,-0.07972318339100345,-0.05173394848135333,0.14173010380622836,-0.08421376393694734,-0.07111111111111111,0.1929104190695886,-0.05911572472126105,-0.05173394848135333,0.07972318339100345,0.10340638216070744,0.07535563244905807,-0.03543252595155709,0.11374086889657825,-0.06698961937716265,0.08882737408688965,0.010396001537870049,-0.2288965782391388,-0.09356401384083046,-0.022206843521722412,0.012056901191849288,0.07972318339100345,-0.13588619761630144,-0.08421376393694734,-0.10340638216070744,-0.044844290657439445,0.2288965782391388,0.0629911572472126,0.12456747404844293,0.019930795847750864,-0.21413302575932336,0.06698961937716265,0.17937716262975778,0.07535563244905807,0.0629911572472126,0.0629911572472126,-0.1929104190695886,-0.12456747404844293,-0.05173394848135333,-0.2519646289888504,-0.07111111111111111,-0.14173010380622836,-0.19986159169550174,-0.04822760476739715,0.044844290657439445
M3A-w2-0688,0.05536332179930796,-0.08421376393694734,0.14769703960015382,-0.07535563244905807,-0.019930795847750864,0.13588619761630144,-0.16633602460592078,0.13588619761630144,-0.11374086889657825,-0.017777777777777778,0.2364628988850442,0.024605920799692427,-0.003936947327950788,0.0629911572472126,-0.029773164167627833,-0.17279507881584008,-0.10340638216070744,-0.002214532871972318,-0.29287197231833906,-0.041584006151480196,-0.11374086889657825,-0.1929104190695886,0.10340638216070744,-0.186082276047674,-0.09356401384083046,0.05173394848135333,0.10340638216070744,-0.14769703960015382,-0.0629911572472126,0.24415224913494812,0.13016532103037293,0.1929104190695886,0.16000000000000003,-0.004982698961937716,-0.012056901191849288,0.1929104190695886,-0.22145328719723184,0.04822760476739715,-0.010396001537870049,0.06698961937716265,0.05911572472126105,-0.07972318339100345,0.07972318339100345,-0.017777777777777778,-0.05911572472126105,0.16633602460592078,0.13588619761630144,0.01384083044982699,0.00024605920799692423,-0.2288965782391388,0.11374086889657825,0.017777777777777778,0.022206843521722412,0.15378700499807765,0.03543252595155709,-0.10340638216070744,-0.1929104190695886,-0.21413302575932336,-0.1929104190695886,-0.0271280276816609,-0.12456747404844293,-0.010396001537870049,-0.029773164167627833,0.11909265667051133
M3A-w2-0689,0.003936947327950788,-0.09356401384083046,0.17937716262975778,-0.13016532103037293,0.0629911572472126,0.14769703960015382,-0.08421376393694734,-0.03543252595155709,-0.09356401384083046,0.09842368319876971,0.08421376393694734,-0.07972318339100345,-0.05536332179930796,0.05911572472126105,-0.16633602460592078,-0.2288965782391388,-0.1085121107266436,0.022206843521722412,-0.07111111111111111,-0.08882737408688965,-0.1085121107266436,0.024605920799692427,0.06698961937716265,-0.13016532103037293,-0.2679584775086506,-0.0271280276816609,-0.03844675124951941,-0.04822760476739715,0.03543252595155709,0.16000000000000003,0.09842368319876971,-0.10340638216070744,0.07535563244905807,-0.16633602460592078,0.07535563244905807,0.13016532103037293,-0.2288965782391388,0.01574778931180315,-0.08421376393694734,0.12456747404844293,-0.024605920799692427,-0.0271280276816609,-0.08421376393694734,-0.13588619761630144,-0.09842368319876971,0.17279507881584008,0.09356401384083046,0.041584006151480196,0.07111111111111111,-0.16000000000000003,0.05173394848135333,0.21413302575932336,-0.08421376393694734,0.05536332179930796,0.16000000000000003,-0.17279507881584008,-0.11374086889657825,-0.07972318339100345,-0.2679584775086506,-0.13016532103037293,-0.19986159169550174,-0.3278123798539023,-0.006151480199923107,0.05173394848135333
M3A-w2-0701,-0.05536332179930796,-0.07535563244905807,0.07535563244905807,-0.08421376393694734,-0.006151480199923107,0.13016532103037293,-0.14173010380622836,0.022206843521722412,-0.08882737408688965,0.24415224913494812,0.13016532103037293,-0.006151480199923107,0.029773164167627833,0.010396001537870049,-0.09842368319876971,-0.13588619761630144,0.024605920799692427,-0.08421376393694734,-0.19986159169550174,-0.08421376393694734,-0.11374086889657825,0.03844675124951941,0.04822760476739715,-0.019930795847750864,-0.2679584775086506,-0.12456747404844293,-0.07972318339100345,-0.05911572472126105,0.0629911572472126,0.16000000000000003,-0.04822760476739715,-0.0271280276816609,0.1929104190695886,-0.19986159169550174,-0.05173394848135333,0.024605920799692427,-0.11374086889657825,-0.003936947327950788,-0.017777777777777778,0.14173010380622836,-0.03844675124951941,0.07111111111111111,-0.0005536332179930795,-0.07972318339100345,-0.12456747404844293,0.21413302575932336,0.07535563244905807,0.13016532103037293,0.017777777777777778,-0.13016532103037293,0.024605920799692427,0.16633602460592078,-0.03543252595155709,0.019930795847750864,0.17279507881584008,-0.13588619761630144,-0.14173010380622836,-0.08421376393694734,-0.2069357939254133,-0.13016532103037293,-0.16633602460592078,-0.42377547097270285,0.1085121107266436,0.12456747404844293
M3A-w4-1074,0.007443291041906958,-0.15378700499807765,0.14769703960015382,-0.044844290657439445,-0.022206843521722412,-0.0629911572472126,-0.186082276047674,0.3188927335640138,-0.11909265667051133,0.10340638216070744,0.08421376393694734,-0.01384083044982699,0.0629911572472126,-0.0271280276816609,-0.0629911572472126,-0.16000000000000003,-0.16633602460592078,0.17279507881584008,-0.09356401384083046,0.03254133025759323,0.044844290657439445,-0.03543252595155709,0.08882737408688965,-0.041584006151480196,0.08421376393694734,-0.17279507881584008,-0.03254133025759323,-0.01384083044982699,-0.07535563244905807,-0.024605920799692427,0.21413302575932336,0.186082276047674,0.11374086889657825,0.186082276047674,-0.13588619761630144,0.09356401384083046,-0.05911572472126105,-0.16633602460592078,0.0271280276816609,0.022206843521722412,-0.17937716262975778,0.1085121107266436,-0.024605920799692427,0.012056901191849288,-0.14769703960015382,0.2288965782391388,0.002214532871972318,0.0271280276816609,-0.13588619761630144,-0.041584006151480196,-0.0271280276816609,-0.07535563244905807,0.08882737408688965,0.186082276047674,0.01384083044982699,-0.012056901191849288,-0.17937716262975778,-0.09842368319876971,-0.37425605536332185,-0.0271280276816609,-0.04822760476739715,0.06698961937716265,-0.2364628988850442,-0.01574778931180315
M3A-w4-1078,0.1085121107266436,-0.16633602460592078,0.11374086889657825,-0.07972318339100345,-0.07535563244905807,0.10340638216070744,-0.13588619761630144,0.2364628988850442,-0.03254133025759323,0.05173394848135333,0.2599000384467512,0.041584006151480196,0.1085121107266436,0.01574778931180315,0.007443291041906958,-0.0629911572472126,-0.09356401384083046,-0.006151480199923107,0.044844290657439445,-0.0271280276816609,0.05536332179930796,-0.29287197231833906,0.2288965782391388,-0.03543252595155709,0.03543252595155709,-0.12456747404844293,-0.1085121107266436,-0.01574778931180315,0.029773164167627833,0.03254133025759323,0.15378700499807765,0.14769703960015382,0.11374086889657825,0.14173010380622836,-0.03254133025759323,0.14769703960015382,-0.03844675124951941,-0.19986159169550174,-0.044844290657439445,-0.024605920799692427,-0.2679584775086506,-0.017777777777777778,-0.03254133025759323,0.07111111111111111,-0.13588619761630144,0.17279507881584008,-0.16000000000000003,-0.022206843521722412,0.008858131487889272,0.05173394848135333,-0.029773164167627833,-0.16000000000000003,0.004982698961937716,0.186082276047674,0.14769703960015382,-0.03254133025759323,-0.11374086889657825,-0.029773164167627833,-0.33685505574778934,-0.029773164167627833,-0.09842368319876971,0.186082276047674,-0.14173010380622836,0.01384083044982699
M3A-w4-1080,0.05536332179930796,-0.11909265667051133,0.15378700499807765,-0.022206843521722412,-0.0629911572472126,0.006151480199923107,-0.08882737408688965,0.2679584775086506,-0.03844675124951941,0.041584006151480196,0.31009611687812383,0.03543252595155709,0.10340638216070744,-0.024605920799692427,-0.09842368319876971,-0.08421376393694734,-0.11909265667051133,0.04822760476739715,-0.1085121107266436,0.008858131487889272,0.10340638216070744,-0.21413302575932336,0.16633602460592078,-0.017777777777777778,0.13016532103037293,-0.17279507881584008,-0.03844675124951941,-0.012056901191849288,-0.041584006151480196,0.0629911572472126,0.15378700499807765,0.19986159169550174,0.08882737408688965,0.22145328719723184,-0.0629911572472126,0.11374086889657825,0.03844675124951941,-0.186082276047674,-0.029773164167627833,-0.08882737408688965,-0.22145328719723184,0.01574778931180315,-0.01384083044982699,0.05536332179930796,-0.16633602460592078,0.17279507881584008,-0.044844290657439445,-0.10340638216070744,-0.029773164167627833,0.007443291041906958,-0.07535563244905807,-0.07535563244905807,0.017777777777777778,0.21413302575932336,0.08882737408688965,-0.019930795847750864,-0.12456747404844293,-0.16633602460592078,-0.2761399461745483,-0.07972318339100345,-0.13016532103037293,0.186082276047674,-0.17279507881584008,0.010396001537870049
M3A-w4-1082,-0.044844290657439445,-0.05173394848135333,0.07972318339100345,0.029773164167627833,-0.08882737408688965,-0.0271280276816609,-0.08421376393694734,0.2679584775086506,0.08421376393694734,0.13588619761630144,0.3278123798539023,-0.003014225297962322,0.05911572472126105,-0.08882737408688965,-0.11909265667051133,-0.029773164167627833,-0.19986159169550174,-0.01574778931180315,-0.24415224913494812,-0.13588619761630144,0.05911572472126105,-0.2288965782391388,0.1929104190695886,-0.05173394848135333,0.13016532103037293,-0.010396001537870049,-0.10340638216070744,0.01384083044982699,0.010396001537870049,0.13588619761630144,0.004982698961937716,0.33685505574778934,0.186082276047674,0.14173010380622836,0.05173394848135333,0.006151480199923107,-0.000984236831987697,-0.13588619761630144,0.029773164167627833,-0.13588619761630144,-0.09842368319876971,-0.06698961937716265,-0.029773164167627833,0.03254133025759323,-0.09842368319876971,0.022206843521722412,0.07972318339100345,-0.09842368319876971,-0.0015378700499807767,-0.019930795847750864,0.05911572472126105,-0.0005536332179930795,0.006151480199923107,0.24415224913494812,0.07111111111111111,-0.05536332179930796,-0.012056901191849288,-0.14173010380622836,-0.28444444444444444,-0.07111111111111111,-0.17279507881584008,0.06698961937716265,-0.11909265667051133,0.04822760476739715
M3A-w4-1085,0.07111111111111111,-0.11909265667051133,0.05173394848135333,-0.03844675124951941,-0.10340638216070744,0.007443291041906958,-0.0629911572472126,0.2761399461745483,0.12456747404844293,0.09842368319876971,0.2761399461745483,-0.03543252595155709,0.022206843521722412,-0.03543252595155709,0.004982698961937716,-0.07535563244905807,0.03543252595155709,0.13016532103037293,-0.16000000000000003,-0.17279507881584008,0.09842368319876971,-0.31009611687812383,0.12456747404844293,0.08421376393694734,0.10340638216070744,-0.024605920799692427,-0.16000000000000003,-0.07111111111111111,0.16633602460592078,0.17279507881584008,-0.05173394848135333,0.044844290657439445,0.15378700499807765,0.1929104190695886,-0.019930795847750864,-0.12456747404844293,-0.03254133025759323,-0.044844290657439445,0.07535563244905807,-0.186082276047674,-0.1085121107266436,-0.09356401384083046,-0.012056901191849288,0.029773164167627833,-0.13016532103037293,0.05536332179930796,-0.07972318339100345,0.14173010380622836,0.003014225297962322,0.06698961937716265,-0.029773164167627833,-0.05911572472126105,0.024605920799692427,0.2761399461745483,0.3014225297962323,0.06698961937716265,-0.10340638216070744,-0.11374086889657825,-0.17279507881584008,-0.09356401384083046,-0.07972318339100345,0.05536332179930796,0.05173394848135333,0.16633602460592078
M3A-w4-1088,0.0271280276816609,-0.2288965782391388,0.13016532103037293,-0.08421376393694734,-0.14173010380622836,0.01384083044982699,-0.13016532103037293,0.3188927335640138,0.029773164167627833,0.11909265667051133,0.05536332179930796,-0.044844290657439445,0.13588619761630144,-0.03254133025759323,0.05911572472126105,-0.08421376393694734,0.003936947327950788,0.2364628988850442,-0.03254133025759323,-0.19986159169550174,0.06698961937716265,-0.12456747404844293,0.017777777777777778,-0.003014225297962322,0.05173394848135333,-0.044844290657439445,-0.010396001537870049,-0.03254133025759323,0.1929104190695886,0.1929104190695886,0.029773164167627833,-0.05911572472126105,0.003936947327950788,0.21413302575932336,-0.09842368319876971,-0.17937716262975778,-0.05536332179930796,-0.1085121107266436,0.15378700499807765,-0.029773164167627833,-0.07972318339100345,0.13016532103037293,-0.07972318339100345,-0.09842368319876971,-0.17279507881584008,0.08421376393694734,-0.11909265667051133,0.3014225297962323,0.029773164167627833,-0.04822760476739715,0.004982698961937716,-0.09842368319876971,-0.024605920799692427,0.17937716262975778,0.2599000384467512,-0.024605920799692427,-0.12456747404844293,-0.13588619761630144,-0.2288965782391388,0.041584006151480196,0.00024605920799692423,-0.008858131487889272,0.017777777777777778,0.11909265667051133
M3A-w4-1089,0.12456747404844293,-0.13588619761630144,0.12456747404844293,-0.04822760476739715,-0.08882737408688965,0.05911572472126105,-0.13588619761630144,0.2069357939254133,0.01384083044982699,0.03543252595155709,0.2679584775086506,0.04822760476739715,0.09356401384083046,0.008858131487889272,-0.029773164167627833,-0.10340638216070744,-0.11374086889657825,0.05173394848135333,-0.003936947327950788,0.01574778931180315,0.0629911572472126,-0.2679584775086506,0.2069357939254133,-0.03543252595155709,0.03254133025759323,-0.11909265667051133,-0.07111111111111111,-0.04822760476739715,0.03543252595155709,0.06698961937716265,0.1929104190695886,0.17279507881584008,0.11909265667051133,0.14769703960015382,-0.08421376393694734,0.11909265667051133,-0.041584006151480196,-0.186082276047674,0.03254133025759323,-0.006151480199923107,-0.24415224913494812,0.0271280276816609,-0.03844675124951941,0.07111111111111111,-0.15378700499807765,0.13588619761630144,-0.13016532103037293,0.017777777777777778,-0.05911572472126105,0.05911572472126105,-0.05911572472126105,-0.15378700499807765,-0.012056901191849288,0.22145328719723184,0.14173010380622836,-0.05173394848135333,-0.11909265667051133,-0.11374086889657825,-0.3278123798539023,-0.07972318339100345,-0.1085121107266436,0.186082276047674,-0.17279507881584008,0.05536332179930796
M3A-w4-1092,-0.012056901191849288,-0.17279507881584008,0.05173394848135333,0.007443291041906958,-0.16633602460592078,0.024605920799692427,-0.03543252595155709,0.17937716262975778,0.07535563244905807,0.05173394848135333,0.2761399461745483,0.0271280276816609,0.07111111111111111,-0.09356401384083046,-0.05911572472126105,-0.08421376393694734,-0.09356401384083046,0.029773164167627833,-0.22145328719723184,-0.16633602460592078,0.03844675124951941,-0.3553094963475586,0.2069357939254133,-0.05536332179930796,0.03543252595155709,0.03844675124951941,-0.1085121107266436,-0.012056901191849288,0.041584006151480196,0.2761399461745483,0.010396001537870049,0.2069357939254133,0.16633602460592078,0.17937716262975778,-0.03254133025759323,-0.022206843521722412,0.08882737408688965,0.007443291041906958,0.05536332179930796,-0.09842368319876971,-0.07972318339100345,-0.044844290657439445,-0.09842368319876971,0.03543252595155709,-0.05536332179930796,-0.01574778931180315,-0.017777777777777778,-0.017777777777777778,-0.09842368319876971,-0.012056901191849288,0.03543252595155709,-0.044844290657439445,-0.03543252595155709,0.2761399461745483,0.2288965782391388,-0.05173394848135333,-0.12456747404844293,-0.16633602460592078,-0.19986159169550174,-0.08421376393694734,-0.11374086889657825,0.06698961937716265,-0.12456747404844293,0.13588619761630144
M3A-w4-1093,-0.05911572472126105,-0.14173010380622836,0.05173394848135333,0.022206843521722412,-0.15378700499807765,0.003014225297962322,-0.0629911572472126,0.2288965782391388,0.07535563244905807,0.06698961937716265,0.28444444444444444,0.05173394848135333,0.11909265667051133,-0.08882737408688965,-0.06698961937716265,-0.05911572472126105,-0.13016532103037293,0.03543252595155709,-0.21413302575932336,-0.13588619761630144,0.05911572472126105,-0.34602076124567477,0.19986159169550174,-0.03844675124951941,0.08421376393694734,0.04822760476739715,-0.08882737408688965,-0.006151480199923107,0.007443291041906958,0.2288965782391388,0.029773164167627833,0.2761399461745483,0.2069357939254133,0.16000000000000003,0.0015378700499807767,0.000984236831987697,0.05536332179930796,-0.04822760476739715,0.0629911572472126,-0.03543252595155709,-0.14173010380622836,-0.0629911572472126,-0.08421376393694734,-0.019930795847750864,-0.07972318339100345,-0.012056901191849288,-0.006151480199923107,-0.012056901191849288,-0.05173394848135333,-0.003936947327950788,0.06698961937716265,-0.029773164167627833,-0.05173394848135333,0.2364628988850442,0.186082276047674,-0.05173394848135333,-0.09842368319876971,-0.186082276047674,-0.21413302575932336,-0.0629911572472126,-0.12456747404844293,0.12456747404844293,-0.15378700499807765,0.07111111111111111
M3A-w4-1095,0.08421376393694734,-0.17279507881584008,0.12456747404844293,-0.07535563244905807,-0.14769703960015382,0.09356401384083046,-0.09842368319876971,0.21413302575932336,0.09356401384083046,0.1085121107266436,0.29287197231833906,-0.06698961937716265,0.10340638216070744,0.03254133025759323,0.029773164167627833,-0.029773164167627833,-0.0629911572472126,0.024605920799692427,0.07972318339100345,-0.21413302575932336,0.1085121107266436,-0.29287197231833906,0.2519646289888504,-0.03254133025759323,0.0629911572472126,-0.01574778931180315,-0.17937716262975778,0.010396001537870049,0.16000000000000003,0.0629911572472126,0.05911572472126105,0.07972318339100345,0.08421376393694734,0.11909265667051133,-0.012056901191849288,-0.07972318339100345,-0.05173394848135333,-0.16000000000000003,0.006151480199923107,-0.09842368319876971,-0.16633602460592078,-0.07972318339100345,-0.06698961937716265,0.1085121107266436,-0.19986159169550174,0.03844675124951941,-0.1085121107266436,0.041584006151480196,0.0629911572472126,0.04822760476739715,-0.010396001537870049,-0.1085121107266436,-0.03543252595155709,0.24415224913494812,0.22145328719723184,0.010396001537870049,-0.03543252595155709,-0.008858131487889272,-0.3014225297962323,-0.07535563244905807,-0.11374086889657825,0.07535563244905807,-0.019930795847750864,0.11909265667051133
M3A-w4-1098,0.05911572472126105,-0.22145328719723184,0.044844290657439445,-0.03254133025759323,-0.11374086889657825,0.019930795847750864,-0.08882737408688965,0.31009611687812383,0.06698961937716265,0.08882737408688965,0.22145328719723184,-0.05911572472126105,0.09356401384083046,-0.029773164167627833,0.03844675124951941,-0.07535563244905807,0.11374086889657825,0.1085121107266436,-0.2364628988850442,-0.17279507881584008,0.05173394848135333,-0.2599000384467512,-0.003936947327950788,-6.151480199923106e-05,0.09356401384083046,-0.03844675124951941,-0.024605920799692427,-0.0629911572472126,0.16000000000000003,0.29287197231833906,-0.12456747404844293,-0.01574778931180315,0.05536332179930796,0.21413302575932336,-0.07972318339100345,-0.15378700499807765,-0.017777777777777778,-0.019930795847750864,0.05911572472126105,-0.09842368319876971,-0.03254133025759323,0.0629911572472126,-0.003936947327950788,-0.05173394848135333,-0.12456747404844293,0.03543252595155709,-0.05911572472126105,0.2288965782391388,0.0271280276816609,0.012056901191849288,-0.004982698961937716,-0.07111111111111111,-0.0271280276816609,0.2069357939254133,0.3188927335640138,0.041584006151480196,-0.06698961937716265,-0.1929104190695886,-0.12456747404844293,0.044844290657439445,-0.01574778931180315,0.04822760476739715,0.08882737408688965,0.16633602460592078
M3A-w4-1102,0.08882737408688965,-0.11374086889657825,0.04822760476739715,0.007443291041906958,-0.04822760476739715,-0.017777777777777778,-0.11909265667051133,0.2519646289888504,0.07972318339100345,0.07111111111111111,0.3278123798539023,0.03844675124951941,0.01574778931180315,-0.05911572472126105,-0.041584006151480196,-0.07111111111111111,-0.019930795847750864,0.05536332179930796,-0.16000000000000003,-0.06698961937716265,0.13016532103037293,-0.33685505574778934,0.2069357939254133,0.029773164167627833,0.11909265667051133,-0.07972318339100345,-0.08882737408688965,-0.04822760476739715,0.029773164167627833,0.1085121107266436,0.012056901191849288,0.14769703960015382,0.1929104190695886,0.13016532103037293,-0.06698961937716265,-0.03543252595155709,0.00024605920799692423,-0.11374086889657825,0.07972318339100345,-0.11909265667051133,-0.1929104190695886,-0.13016532103037293,-0.003936947327950788,0.07111111111111111,-0.15378700499807765,0.08882737408688965,-0.05536332179930796,0.05173394848135333,0.017777777777777778,0.11374086889657825,-0.03844675124951941,-0.09842368319876971,-0.006151480199923107,0.2761399461745483,0.1929104190695886,0.008858131487889272,-0.12456747404844293,-0.16000000000000003,-0.2519646289888504,-0.13588619761630144,-0.08882737408688965,0.14769703960015382,-0.05173394848135333,0.08882737408688965
M3A-w4-1106,-0.0005536332179930795,-0.16633602460592078,0.07535563244905807,-0.019930795847750864,-0.15378700499807765,0.0005536332179930795,-0.044844290657439445,0.28444444444444444,0.11909265667051133,0.0629911572472126,0.31009611687812383,-0.03844675124951941,0.15378700499807765,-0.05536332179930796,-0.002214532871972318,-0.04822760476739715,0.03844675124951941,0.09356401384083046,-0.24415224913494812,-0.24415224913494812,0.044844290657439445,-0.31009611687812383,0.11374086889657825,0.000984236831987697,0.1085121107266436,-0.019930795847750864,-0.09842368319876971,-0.008858131487889272,0.12456747404844293,0.29287197231833906,-0.09842368319876971,0.1085121107266436,0.11374086889657825,0.2069357939254133,-0.07111111111111111,-0.11909265667051133,0.03844675124951941,0.010396001537870049,-0.006151480199923107,-0.11909265667051133,-0.012056901191849288,-0.03254133025759323,-0.003014225297962322,-0.004982698961937716,-0.1085121107266436,0.012056901191849288,-0.10340638216070744,0.04822760476739715,0.03844675124951941,0.024605920799692427,-0.01384083044982699,-0.017777777777777778,0.007443291041906958,0.2069357939254133,0.2288965782391388,0.0271280276816609,-0.08421376393694734,-0.19986159169550174,-0.13588619761630144,-0.03254133025759323,-0.1085121107266436,0.13588619761630144,0.019930795847750864,0.14769703960015382
M3A-w4-1111,0.12456747404844293,-0.17279507881584008,0.024605920799692427,-0.05173394848135333,-0.13016532103037293,0.10340638216070744,-0.044844290657439445,0.2364628988850442,0.07972318339100345,0.04822760476739715,0.33685505574778934,-0.008858131487889272,0.06698961937716265,0.010396001537870049,-0.024605920799692427,-0.0629911572472126,-0.019930795847750864,-0.0271280276816609,-0.13588619761630144,-0.16000000000000003,0.08882737408688965,-0.41362552864282975,0.14769703960015382,-0.044844290657439445,0.06698961937716265,-0.05536332179930796,-0.13016532103037293,-0.01384083044982699,0.1085121107266436,0.21413302575932336,-0.019930795847750864,0.12456747404844293,0.06698961937716265,0.16633602460592078,-0.07111111111111111,-0.024605920799692427,-0.05911572472126105,-0.044844290657439445,0.0629911572472126,-0.05173394848135333,-0.15378700499807765,-0.09842368319876971,0.03254133025759323,0.10340638216070744,-0.13016532103037293,0.0271280276816609,-0.07535563244905807,0.0271280276816609,-0.029773164167627833,0.003936947327950788,0.003014225297962322,-0.14173010380622836,-0.012056901191849288,0.2288965782391388,0.24415224913494812,0.01384083044982699,-0.08882737408688965,-0.08882737408688965,-0.2364628988850442,-0.07111111111111111,-0.07535563244905807,0.10340638216070744,-0.041584006151480196,0.1929104190695886
M3A-w4-1113,0.03844675124951941,-0.05173394848135333,0.1929104190695886,-0.05536332179930796,0.029773164167627833,0.16000000000000003,-0.06698961937716265,0.13588619761630144,-0.08882737408688965,-0.003936947327950788,0.17279507881584008,-0.11909265667051133,0.13016532103037293,-0.010396001537870049,-0.04822760476739715,-0.12456747404844293,-0.13588619761630144,0.11909265667051133,0.16000000000000003,-0.11909265667051133,-0.041584006151480196,-0.03543252595155709,0.16000000000000003,-0.06698961937716265,-0.1929104190695886,0.10340638216070744,0.10340638216070744,-0.186082276047674,0.09842368319876971,0.22145328719723184,0.14173010380622836,0.07535563244905807,0.09842368319876971,-0.11909265667051133,-0.017777777777777778,0.16000000000000003,-0.12456747404844293,0.044844290657439445,0.0271280276816609,-0.1085121107266436,0.14769703960015382,-0.16000000000000003,0.08421376393694734,-0.19986159169550174,-0.08421376393694734,0.09356401384083046,0.17279507881584008,-0.008858131487889272,-0.024605920799692427,-0.3188927335640138,0.1085121107266436,0.008858131487889272,-0.024605920799692427,0.06698961937716265,0.12456747404844293,6.151480199923106e-05,-0.2364628988850442,-0.16633602460592078,-0.28444444444444444,-0.06698961937716265,-0.07535563244905807,-0.04822760476739715,-0.07111111111111111,-0.012056901191849288
M3A-w4-1127,0.03543252595155709,-0.11374086889657825,0.029773164167627833,-0.08421376393694734,-0.03254133025759323,0.024605920799692427,-0.0629911572472126,0.2069357939254133,-0.041584006151480196,-0.017777777777777778,0.19986159169550174,0.03543252595155709,0.012056901191849288,-0.024605920799692427,-0.006151480199923107,-0.04822760476739715,-0.0629911572472126,0.029773164167627833,-0.2519646289888504,-0.09842368319876971,-0.03543252595155709,-0.29287197231833906,0.17279507881584008,-0.12456747404844293,0.00024605920799692423,0.0271280276816609,0.041584006151480196,-0.1085121107266436,0.022206843521722412,0.37425605536332185,0.09356401384083046,0.24415224913494812,0.2288965782391388,0.10340638216070744,0.007443291041906958,0.16000000000000003,0.008858131487889272,0.17937716262975778,0.03543252595155709,0.01384083044982699,-0.010396001537870049,-0.002214532871972318,0.01574778931180315,-0.09356401384083046,0.024605920799692427,0.004982698961937716,0.05536332179930796,-0.008858131487889272,-0.06698961937716265,-0.10340638216070744,0.09356401384083046,-0.03254133025759323,0.006151480199923107,0.2069357939254133,0.14769703960015382,0.044844290657439445,-0.2599000384467512,-0.28444444444444444,-0.10340638216070744,0.1085121107266436,-0.11909265667051133,0.14173010380622836,-0.07972318339100345,0.11909265667051133
M3A-w4-1128,0.07111111111111111,0.06698961937716265,0.17279507881584008,-0.16000000000000003,-0.0629911572472126,0.1085121107266436,-0.002214532871972318,0.09842368319876971,-0.1929104190695886,-0.012056901191849288,0.14173010380622836,-0.04822760476739715,0.003014225297962322,-0.05536332179930796,-0.044844290657439445,-0.19986159169550174,-0.03844675124951941,0.29287197231833906,0.06698961937716265,0.012056901191849288,-0.024605920799692427,-0.07535563244905807,-0.007443291041906958,-0.041584006151480196,-0.14173010380622836,-0.11374086889657825,0.022206843521722412,-0.05173394848135333,0.017777777777777778,0.0629911572472126,0.34602076124567477,0.2599000384467512,0.11909265667051133,-0.09842368319876971,-0.11909265667051133,0.17279507881584008,-0.2069357939254133,-0.04822760476739715,-0.06698961937716265,-0.1085121107266436,0.0271280276816609,-0.06698961937716265,-0.003014225297962322,-0.13016532103037293,0.09356401384083046,0.10340638216070744,-0.05911572472126105,-0.11374086889657825,-0.13016532103037293,-0.04822760476739715,-0.008858131487889272,-0.029773164167627833,0.044844290657439445,-0.019930795847750864,0.14173010380622836,0.07535563244905807,-0.29287197231833906,-0.13016532103037293,-0.2069357939254133,-0.01574778931180315,-0.16000000000000003,-0.05911572472126105,-0.2599000384467512,-0.0629911572472126
M3A-w4-1129,-0.03543252595155709,-0.2288965782391388,0.14173010380622836,-0.11374086889657825,-0.0629911572472126,0.12456747404844293,-0.041584006151480196,0.16000000000000003,0.11374086889657825,0.1085121107266436,0.07111111111111111,-0.12456747404844293,0.2519646289888504,-0.1085121107266436,-0.05911572472126105,-0.10340638216070744,-0.2519646289888504,0.07535563244905807,0.044844290657439445,-0.13588619761630144,-0.024605920799692427,-0.008858131487889272,0.17937716262975778,0.010396001537870049,-0.08882737408688965,-0.13588619761630144,0.03844675124951941,-0.16000000000000003,-0.008858131487889272,0.17279507881584008,0.022206843521722412,0.10340638216070744,-0.16633602460592078,0.04822760476739715,-0.13016532103037293,0.029773164167627833,0.012056901191849288,0.05911572472126105,0.07535563244905807,-0.08421376393694734,0.11374086889657825,-0.004982698961937716,-0.05536332179930796,-0.09356401384083046,-0.012056901191849288,0.1085121107266436,0.15378700499807765,-0.12456747404844293,-0.13016532103037293,-0.3014225297962323,0.09356401384083046,0.08882737408688965,-0.041584006151480196,0.09356401384083046,0.05173394848135333,-0.15378700499807765,-0.2069357939254133,-0.11909265667051133,-0.2519646289888504,0.012056901191849288,-0.11374086889657825,0.10340638216070744,-0.2599000384467512,-0.019930795847750864
M3A-w4-1130,-0.000984236831987697,-0.12456747404844293,0.1929104190695886,-0.14769703960015382,-0.14769703960015382,0.13016532103037293,-0.041584006151480196,0.09842368319876971,-0.05911572472126105,-0.006151480199923107,0.14173010380622836,-0.14769703960015382,0.2599000384467512,0.003936947327950788,0.003936947327950788,-0.041584006151480196,-0.14769703960015382,0.07111111111111111,0.05173394848135333,-0.14173010380622836,0.0005536332179930795,-0.10340638216070744,0.17937716262975778,-0.11374086889657825,-0.2069357939254133,0.00024605920799692423,0.01384083044982699,-0.16000000000000003,0.06698961937716265,0.3553094963475586,0.11374086889657825,0.16000000000000003,-0.029773164167627833,-0.03254133025759323,-0.008858131487889272,0.08421376393694734,-0.13588619761630144,0.12456747404844293,-0.07535563244905807,-0.09842368319876971,0.14173010380622836,-0.03254133025759323,-0.044844290657439445,-0.11909265667051133,-0.05173394848135333,0.05173394848135333,0.09842368319876971,-0.07111111111111111,-0.024605920799692427,-0.31009611687812383,0.08882737408688965,0.04822760476739715,-0.09842368319876971,0.15378700499807765,0.15378700499807765,-0.06698961937716265,-0.21413302575932336,-0.17279507881584008,-0.1929104190695886,0.0005536332179930795,-0.024605920799692427,0.003936947327950788,-0.10340638216070744,-0.003014225297962322
M3A-w4-1134,0.03254133025759323,-0.003014225297962322,0.19986159169550174,-0.0271280276816609,-0.08421376393694734,0.08421376393694734,-0.05173394848135333,0.14769703960015382,-0.2069357939254133,-0.08421376393694734,0.07111111111111111,0.024605920799692427,0.07972318339100345,-0.04822760476739715,-0.044844290657439445,-0.14173010380622836,-0.041584006151480196,0.22145328719723184,0.019930795847750864,0.17279507881584008,-0.041584006151480196,-0.05536332179930796,0.03254133025759323,0.0271280276816609,-0.1085121107266436,-0.16633602460592078,0.07535563244905807,-0.09356401384083046,-0.03543252595155709,0.07111111111111111,0.33685505574778934,0.15378700499807765,0.14769703960015382,0.00024605920799692423,-0.044844290657439445,0.21413302575932336,-0.07972318339100345,-0.05536332179930796,-0.06698961937716265,0.0629911572472126,-0.16000000000000003,0.09842368319876971,6.151480199923106e-05,-0.15378700499807765,0.03254133025759323,0.2679584775086506,-6.151480199923106e-05,0.029773164167627833,-0.1929104190695886,-0.09356401384083046,-0.09356401384083046,-0.019930795847750864,0.04822760476739715,0.08421376393694734,0.19986159169550174,0.08882737408688965,-0.17279507881584008,-0.19986159169550174,-0.28444444444444444,-0.006151480199923107,-0.13588619761630144,-0.0271280276816609,-0.2288965782391388,-0.022206843521722412
M3A-w4-1135,0.007443291041906958,-0.004982698961937716,0.14769703960015382,-0.07972318339100345,-0.003936947327950788,0.07535563244905807,-0.0271280276816609,0.09842368319876971,-0.17937716262975778,-0.07111111111111111,0.09356401384083046,-0.08421376393694734,0.05911572472126105,-0.08882737408688965,-0.07972318339100345,-0.11909265667051133,-0.14173010380622836,0.17279507881584008,0.044844290657439445,0.006151480199923107,-0.019930795847750864,-0.14173010380622836,0.1085121107266436,-0.044844290657439445,-0.16000000000000003,-0.10340638216070744,0.0629911572472126,-0.08421376393694734,-0.024605920799692427,0.14769703960015382,0.3278123798539023,0.13016532103037293,0.14173010380622836,0.01574778931180315,-0.03254133025759323,0.2364628988850442,-0.11374086889657825,-0.0005536332179930795,-0.07111111111111111,0.07972318339100345,-0.07972318339100345,-0.044844290657439445,0.017777777777777778,-0.11909265667051133,-0.0271280276816609,0.22145328719723184,0.12456747404844293,-0.07535563244905807,-0.19986159169550174,-0.21413302575932336,0.002214532871972318,-0.044844290657439445,0.022206843521722412,0.08882737408688965,0.16633602460592078,-0.03254133025759323,-0.3278123798539023,-0.17937716262975778,-0.2288965782391388,0.09842368319876971,-0.14769703960015382,-0.05173394848135333,-0.19986159169550174,-0.022206843521722412
M3A-w4-1136,0.08882737408688965,-0.08882737408688965,0.2069357939254133,-0.16633602460592078,-0.03254133025759323,0.09842368319876971,0.008858131487889272,0.1929104190695886,0.041584006151480196,-0.010396001537870049,0.16000000000000003,-0.0629911572472126,0.16633602460592078,0.022206843521722412,0.03254133025759323,-0.09356401384083046,-0.1085121107266436,0.04822760476739715,0.05536332179930796,-0.2288965782391388,-0.019930795847750864,-0.08421376393694734,0.03254133025759323,-0.07535563244905807,-0.1085121107266436,0.022206843521722412,0.07972318339100345,-0.16000000000000003,0.11909265667051133,0.3553094963475586,0.22145328719723184,0.1929104190695886,0.06698961937716265,-0.008858131487889272,-0.03254133025759323,0.07535563244905807,-0.08421376393694734,0.1085121107266436,0.11909265667051133,0.01384083044982699,0.07972318339100345,0.03543252595155709,0.010396001537870049,-0.2288965782391388,0.01384083044982699,-0.09356401384083046,-0.041584006151480196,-0.01574778931180315,-0.10340638216070744,-0.31009611687812383,0.07111111111111111,0.04822760476739715,-0.08882737408688965,0.09842368319876971,0.11374086889657825,-0.04822760476739715,-0.2069357939254133,-0.2519646289888504,-0.17279507881584008,0.07972318339100345,-0.05536332179930796,0.06698961937716265,-0.16000000000000003,0.08882737408688965
M3A-w4-1138,0.0629911572472126,0.041584006151480196,0.16000000000000003,-0.17279507881584008,-0.01574778931180315,0.16633602460592078,-0.05173394848135333,0.16633602460592078,-0.041584006151480196,-0.024605920799692427,0.17279507881584008,-0.08421376393694734,0.022206843521722412,0.0015378700499807767,-0.004982698961937716,-0.07535563244905807,-0.017777777777777778,0.19986159169550174,-0.07111111111111111,-0.21413302575932336,-0.006151480199923107,-0.07535563244905807,0.12456747404844293,-0.1085121107266436,-0.15378700499807765,-0.012056901191849288,0.07535563244905807,-0.14173010380622836,0.09842368319876971,0.36472126105344094,0.21413302575932336,0.05536332179930796,0.2599000384467512,0.01384083044982699,-0.05173394848135333,0.0629911572472126,-0.07111111111111111,0.186082276047674,0.004982698961937716,-0.13588619761630144,0.08421376393694734,-0.05911572472126105,0.03254133025759323,-0.1929104190695886,0.024605920799692427,0.022206843521722412,0.05536332179930796,0.13016532103037293,0.07972318339100345,-0.16633602460592078,0.11374086889657825,-0.041584006151480196,-0.003014225297962322,0.09842368319876971,0.19986159169550174,0.0271280276816609,-0.2069357939254133,-0.3014225297962323,-0.08882737408688965,0.1085121107266436,-0.09842368319876971,-0.0015378700499807767,-0.07535563244905807,0.08882737408688965
M3A-w4-1140,-0.03844675124951941,-0.2288965782391388,0.2364628988850442,-0.14173010380622836,-0.1929104190695886,0.03254133025759323,-0.07535563244905807,0.06698961937716265,-0.07972318339100345,0.13016532103037293,0.07972318339100345,-0.06698961937716265,0.2069357939254133,0.09356401384083046,-0.12456747404844293,0.05911572472126105,-0.07972318339100345,-0.029773164167627833,-0.024605920799692427,-0.17279507881584008,0.008858131487889272,0.006151480199923107,0.186082276047674,-0.029773164167627833,-0.2679584775086506,-0.07111111111111111,-0.0629911572472126,-0.044844290657439445,0.12456747404844293,0.14769703960015382,-0.019930795847750864,0.0271280276816609,-0.0629911572472126,-0.17937716262975778,0.05911572472126105,0.05536332179930796,-0.09842368319876971,0.07111111111111111,-0.19986159169550174,-0.11909265667051133,-0.05173394848135333,-0.01384083044982699,-0.07535563244905807,-0.010396001537870049,-0.17279507881584008,0.22145328719723184,0.13016532103037293,-0.0629911572472126,-0.017777777777777778,-0.16633602460592078,0.05536332179930796,0.11909265667051133,-0.041584006151480196,0.2364628988850442,0.11374086889657825,-0.041584006151480196,-0.2288965782391388,-0.17937716262975778,-0.24415224913494812,-0.04822760476739715,-0.13016532103037293,-0.1085121107266436,-0.07972318339100345,0.024605920799692427
M3A-w4-1144,-0.04822760476739715,-0.19986159169550174,0.14769703960015382,-0.16633602460592078,-0.14769703960015382,0.07111111111111111,-0.09842368319876971,0.19986159169550174,0.09842368319876971,0.1085121107266436,0.17279507881584008,-0.06698961937716265,0.31009611687812383,-0.04822760476739715,-0.003936947327950788,-0.05911572472126105,-0.15378700499807765,-0.04822760476739715,-0.01384083044982699,-0.17279507881584008,0.01384083044982699,-0.10340638216070744,0.2069357939254133,-0.044844290657439445,-0.1085121107266436,-0.044844290657439445,0.024605920799692427,-0.16633602460592078,0.06698961937716265,0.2364628988850442,0.03254133025759323,0.2069357939254133,-0.029773164167627833,0.044844290657439445,-0.06698961937716265,0.10340638216070744,0.03254133025759323,0.13588619761630144,0.04822760476739715,-0.17937716262975778,0.06698961937716265,-0.0271280276816609,-0.11374086889657825,-0.07535563244905807,-0.012056901191849288,0.022206843521722412,0.09842368319876971,-0.11909265667051133,-0.03844675124951941,-0.1929104190695886,0.17279507881584008,0.07111111111111111,-0.16633602460592078,0.10340638216070744,0.11374086889657825,-0.12456747404844293,-0.14173010380622836,-0.186082276047674,-0.19986159169550174,-0.044844290657439445,-0.09356401384083046,0.13016532103037293,-0.186082276047674,0.01574778931180315
M3A-w4-1146,0.06698961937716265,-0.07972318339100345,0.14769703960015382,-0.14769703960015382,0.019930795847750864,0.17937716262975778,-0.07972318339100345,0.14769703960015382,-0.024605920799692427,0.044844290657439445,0.07535563244905807,-0.14769703960015382,0.11909265667051133,0.007443291041906958,-0.11909265667051133,0.05911572472126105,-0.11909265667051133,0.012056901191849288,0.09842368319876971,-0.16633602460592078,0.007443291041906958,-0.07535563244905807,0.15378700499807765,-0.07535563244905807,-0.186082276047674,-0.03844675124951941,0.15378700499807765,-0.186082276047674,0.05536332179930796,0.2288965782391388,0.11374086889657825,0.17279507881584008,0.0271280276816609,-0.07535563244905807,0.05173394848135333,0.04822760476739715,-0.07535563244905807,0.14173010380622836,-0.0629911572472126,-0.09356401384083046,0.08882737408688965,-0.019930795847750864,0.0271280276816609,-0.1929104190695886,-0.05911572472126105,0.03844675124951941,0.010396001537870049,-0.17279507881584008,-0.09842368319876971,-0.33685505574778934,0.07972318339100345,-0.029773164167627833,-0.03543252595155709,0.17279507881584008,0.12456747404844293,-0.13016532103037293,-0.2519646289888504,-0.2364628988850442,-0.11909265667051133,0.186082276047674,-0.14769703960015382,0.05911572472126105,-0.14769703960015382,0.004982698961937716
M3A-w4-1148,0.05911572472126105,-0.1085121107266436,0.16000000000000003,-0.05911572472126105,0.01574778931180315,0.13588619761630144,-0.029773164167627833,0.16000000000000003,-0.002214532871972318,0.06698961937716265,0.17279507881584008,-0.09356401384083046,0.16633602460592078,-0.07972318339100345,0.05536332179930796,-0.03844675124951941,-0.10340638216070744,0.0629911572472126,0.14173010380622836,-0.2288965782391388,-0.01574778931180315,-0.11374086889657825,0.08421376393694734,-0.0629911572472126,-0.13588619761630144,0.01574778931180315,0.17937716262975778,-0.21413302575932336,0.06698961937716265,0.2761399461745483,0.11374086889657825,0.2519646289888504,0.0271280276816609,-0.05911572472126105,-0.07111111111111111,-0.002214532871972318,-0.012056901191849288,0.08882737408688965,0.13588619761630144,-0.1085121107266436,0.17279507881584008,-0.044844290657439445,0.07535563244905807,-0.17279507881584008,-0.004982698961937716,-0.03254133025759323,-0.01384083044982699,-0.07111111111111111,-0.0629911572472126,-0.33685505574778934,0.10340638216070744,-0.017777777777777778,-0.08421376393694734,0.0629911572472126,0.12456747404844293,-0.0629911572472126,-0.1929104190695886,-0.2364628988850442,-0.2288965782391388,0.029773164167627833,-0.0015378700499807767,0.05911572472126105,-0.186082276047674,0.044844290657439445
M3A-w4-1149,-0.022206843521722412,0.03844675124951941,0.15378700499807765,-0.2519646289888504,-0.12456747404844293,0.17279507881584008,-0.008858131487889272,0.2069357939254133,-0.1085121107266436,0.05911572472126105,0.03844675124951941,-0.11909265667051133,0.14173010380622836,0.010396001537870049,-0.024605920799692427,-0.008858131487889272,0.003014225297962322,0.31009611687812383,0.07972318339100345,-0.2519646289888504,0.000984236831987697,-0.07111111111111111,0.03543252595155709,-0.04822760476739715,-0.14173010380622836,0.041584006151480196,-0.007443291041906958,-0.012056901191849288,0.07535563244905807,0.3014225297962323,0.14173010380622836,0.1085121107266436,0.06698961937716265,0.03844675124951941,0.04822760476739715,0.044844290657439445,-0.08882737408688965,-0.029773164167627833,-0.08882737408688965,0.05911572472126105,0.029773164167627833,0.07111111111111111,-0.03844675124951941,-0.22145328719723184,-0.044844290657439445,0.019930795847750864,-0.03844675124951941,0.029773164167627833,-0.15378700499807765,-0.2519646289888504,0.06698961937716265,0.044844290657439445,0.05173394848135333,0.017777777777777778,0.2364628988850442,-0.007443291041906958,-0.2519646289888504,-0.09842368319876971,-0.11374086889657825,0.16633602460592078,-0.14769703960015382,-0.14769703960015382,-0.19986159169550174,-0.041584006151480196
M3A-w4-1151,0.06698961937716265,-0.14173010380622836,0.186082276047674,-0.16000000000000003,-0.029773164167627833,0.007443291041906958,-0.14173010380622836,0.16000000000000003,-0.10340638216070744,-0.08421376393694734,0.17937716262975778,0.01384083044982699,0.12456747404844293,-0.024605920799692427,0.029773164167627833,-0.186082276047674,-0.186082276047674,0.09356401384083046,-0.041584006151480196,-0.03254133025759323,-0.0629911572472126,-0.07111111111111111,0.0005536332179930795,-0.06698961937716265,-0.15378700499807765,-0.10340638216070744,0.13016532103037293,-0.16000000000000003,0.000984236831987697,0.2288965782391388,0.24415224913494812,0.15378700499807765,0.05536332179930796,0.03543252595155709,-0.17937716262975778,0.1929104190695886,-0.17279507881584008,0.044844290657439445,0.11374086889657825,-0.022206843521722412,0.05911572472126105,0.044844290657439445,0.04822760476739715,-0.15378700499807765,-0.03844675124951941,0.13588619761630144,0.1085121107266436,-0.11374086889657825,-0.07535563244905807,-0.2599000384467512,0.06698961937716265,-0.007443291041906958,-0.03543252595155709,0.08882737408688965,-0.041584006151480196,0.002214532871972318,-0.2679584775086506,-0.2679584775086506,-0.2069357939254133,0.017777777777777778,-0.07535563244905807,0.09842368319876971,-0.10340638216070744,0.004982698961937716
M3A-w4-1153,0.06698961937716265,0.012056901191849288,0.15378700499807765,-0.19986159169550174,-0.07535563244905807,0.08882737408688965,-0.09356401384083046,0.17937716262975778,-0.11909265667051133,0.019930795847750864,-0.012056901191849288,-0.07535563244905807,0.006151480199923107,-0.029773164167627833,-0.07535563244905807,-0.17279507881584008,-0.0629911572472126,0.3188927335640138,0.003014225297962322,-0.03543252595155709,-0.017777777777777778,-0.01384083044982699,-0.09842368319876971,-0.07535563244905807,-0.13588619761630144,-0.15378700499807765,0.03844675124951941,-0.04822760476739715,0.07972318339100345,0.16633602460592078,0.3278123798539023,0.003936947327950788,0.11374086889657825,-0.05536332179930796,-0.2679584775086506,0.0629911572472126,-0.21413302575932336,0.044844290657439445,-0.003936947327950788,-0.06698961937716265,0.05911572472126105,0.029773164167627833,0.003936947327950788,-0.17937716262975778,0.10340638216070744,0.12456747404844293,0.04822760476739715,0.017777777777777778,-0.1929104190695886,-0.19986159169550174,0.024605920799692427,-0.10340638216070744,0.08882737408688965,-0.05911572472126105,0.07972318339100345,0.16633602460592078,-0.2599000384467512,-0.11909265667051133,-0.16000000000000003,0.08882737408688965,-0.09356401384083046,-0.08421376393694734,-0.19986159169550174,0.010396001537870049
M3A-w4-1155,0.002214532871972318,-0.1085121107266436,0.2761399461745483,-0.21413302575932336,-0.14769703960015382,0.08421376393694734,-0.05536332179930796,0.19986159169550174,0.024605920799692427,0.12456747404844293,0.0629911572472126,-0.13016532103037293,0.19986159169550174,0.044844290657439445,-0.13016532103037293,-0.03543252595155709,-0.16000000000000003,0.13016532103037293,-0.024605920799692427,-0.2761399461745483,0.03543252595155709,-0.01384083044982699,0.16000000000000003,-0.07972318339100345,-0.14173010380622836,-0.06698961937716265,0.04822760476739715,-0.1085121107266436,0.05173394848135333,0.2679584775086506,0.06698961937716265,0.1085121107266436,-0.01574778931180315,0.12456747404844293,-0.019930795847750864,-0.010396001537870049,0.07535563244905807,0.1085121107266436,-0.041584006151480196,-0.13016532103037293,0.08421376393694734,0.03254133025759323,-0.05173394848135333,-0.07111111111111111,-0.09356401384083046,0.0271280276816609,0.07535563244905807,0.017777777777777778,-0.0629911572472126,-0.3188927335640138,0.13588619761630144,0.04822760476739715,0.019930795847750864,0.19986159169550174,0.1085121107266436,-0.10340638216070744,-0.17279507881584008,-0.17937716262975778,-0.13588619761630144,-0.007443291041906958,-0.16000000000000003,0.01384083044982699,-0.16000000000000003,0.09842368319876971
M3A-w4-1156,0.03254133025759323,-0.09356401384083046,0.16633602460592078,-0.15378700499807765,-0.08882737408688965,0.09356401384083046,-0.010396001537870049,0.2599000384467512,0.0271280276816609,-0.019930795847750864,0.16633602460592078,-0.05911572472126105,0.16633602460592078,0.012056901191849288,0.03844675124951941,-0.05536332179930796,-0.04822760476739715,0.14769703960015382,-0.017777777777777778,-0.2364628988850442,0.01384083044982699,-0.0629911572472126,0.10340638216070744,-0.11374086889657825,-0.09356401384083046,0.002214532871972318,0.06698961937716265,-0.17937716262975778,0.16633602460592078,0.42377547097270285,0.11909265667051133,0.11374086889657825,0.1085121107266436,0.09842368319876971,-0.017777777777777778,0.0629911572472126,-0.0271280276816609,0.186082276047674,0.044844290657439445,-0.06698961937716265,0.041584006151480196,0.029773164167627833,0.007443291041906958,-0.186082276047674,-0.041584006151480196,-0.03844675124951941,-0.022206843521722412,0.11374086889657825,-0.012056901191849288,-0.2288965782391388,0.12456747404844293,0.017777777777777778,-0.09356401384083046,0.09842368319876971,0.17937716262975778,-0.01384083044982699,-0.17937716262975778,-0.3014225297962323,-0.11909265667051133,0.09842368319876971,-0.044844290657439445,0.03254133025759323,-0.07111111111111111,0.06698961937716265
M3A-w4-1160,0.07535563244905807,-0.07111111111111111,0.17937716262975778,-0.08421376393694734,-0.003936947327950788,0.0629911572472126,-0.05536332179930796,0.11909265667051133,-0.08882737408688965,-0.10340638216070744,0.2364628988850442,0.07972318339100345,0.03543252595155709,-0.041584006151480196,0.0629911572472126,-0.1085121107266436,-0.13016532103037293,0.13016532103037293,0.01574778931180315,-0.08421376393694734,0.008858131487889272,-0.14769703960015382,0.09356401384083046,-0.08421376393694734,-0.14173010380622836,-0.03844675124951941,0.186082276047674,-0.15378700499807765,0.006151480199923107,0.2679584775086506,0.2599000384467512,0.2364628988850442,0.16000000000000003,-0.03543252595155709,-0.13588619761630144,0.11909265667051133,-0.11909265667051133,0.11374086889657825,0.16633602460592078,-0.03254133025759323,0.041584006151480196,-0.07535563244905807,0.0015378700499807767,-0.2288965782391388,-0.029773164167627833,0.07535563244905807,0.09356401384083046,-0.017777777777777778,-0.07972318339100345,-0.15378700499807765,0.05536332179930796,-0.07535563244905807,-0.09356401384083046,0.04822760476739715,0.11374086889657825,-0.003936947327950788,-0.2599000384467512,-0.3553094963475586,-0.15378700499807765,0.010396001537870049,0.029773164167627833,0.03844675124951941,-0.05911572472126105,-0.012056901191849288
M3A-w4-1161,0.03254133025759323,-0.08421376393694734,0.2069357939254133,-0.24415224913494812,-0.07535563244905807,0.044844290657439445,0.007443291041906958,0.2364628988850442,-0.0015378700499807767,-0.029773164167627833,0.08882737408688965,-0.05911572472126105,0.14173010380622836,0.008858131487889272,0.08421376393694734,-0.017777777777777778,-0.08421376393694734,0.11374086889657825,0.029773164167627833,-0.29287197231833906,0.006151480199923107,-0.08882737408688965,0.07535563244905807,-0.07535563244905807,-0.09356401384083046,0.07972318339100345,0.07972318339100345,-0.13016532103037293,0.16633602460592078,0.3839138792772011,0.13016532103037293,0.15378700499807765,0.10340638216070744,0.01574778931180315,0.07111111111111111,0.044844290657439445,-0.03543252595155709,0.15378700499807765,0.05911572472126105,-0.003936947327950788,0.05911572472126105,0.002214532871972318,-0.003936947327950788,-0.2364628988850442,-0.01384083044982699,-0.044844290657439445,-0.017777777777777778,0.0629911572472126,-0.03254133025759323,-0.28444444444444444,0.15378700499807765,0.06698961937716265,-0.12456747404844293,0.06698961937716265,0.14173010380622836,-0.03844675124951941,-0.2069357939254133,-0.2364628988850442,-0.09842368319876971,0.12456747404844293,-0.06698961937716265,0.012056901191849288,-0.09356401384083046,0.03543252595155709
M3A-w4-1162,0.14769703960015382,-0.05536332179930796,0.19986159169550174,-0.16633602460592078,-0.03543252595155709,0.08882737408688965,-0.07535563244905807,0.2069357939254133,-0.08421376393694734,-0.012056901191849288,0.16000000000000003,-0.08882737408688965,0.007443291041906958,0.05911572472126105,-0.05911572472126105,-0.10340638216070744,-0.03254133025759323,0.2364628988850442,-0.14173010380622836,-0.19986159169550174,-0.041584006151480196,-0.13016532103037293,0.024605920799692427,-0.11374086889657825,-0.09356401384083046,-0.10340638216070744,0.06698961937716265,-0.07535563244905807,0.05536332179930796,0.33685505574778934,0.21413302575932336,-0.002214532871972318,0.15378700499807765,0.09356401384083046,-0.16633602460592078,0.0271280276816609,-0.17279507881584008,0.186082276047674,0.010396001537870049,-0.04822760476739715,0.15378700499807765,-0.04822760476739715,0.04822760476739715,-0.11374086889657825,-0.000984236831987697,0.07111111111111111,0.006151480199923107,0.08882737408688965,-0.01384083044982699,-0.19986159169550174,0.05911572472126105,-0.05536332179930796,0.041584006151480196,0.11909265667051133,0.09356401384083046,0.0271280276816609,-0.2364628988850442,-0.2679584775086506,-0.05173394848135333,0.16000000000000003,-0.07111111111111111,0.041584006151480196,-0.008858131487889272,0.17937716262975778
M3A-w4-1166,0.007443291041906958,-0.05173394848135333,0.22145328719723184,-0.28444444444444444,-0.2519646289888504,0.09356401384083046,0.019930795847750864,0.11374086889657825,-0.03254133025759323,0.0629911572472126,0.05911572472126105,-0.07111111111111111,0.15378700499807765,-0.008858131487889272,0.04822760476739715,-0.08421376393694734,-0.08421376393694734,0.21413302575932336,0.09356401384083046,-0.2519646289888504,0.010396001537870049,-0.06698961937716265,-0.01384083044982699,-0.0629911572472126,-0.16633602460592078,0.004982698961937716,0.000984236831987697,-0.01384083044982699,0.08882737408688965,0.3188927335640138,0.24415224913494812,0.16633602460592078,0.000984236831987697,-0.029773164167627833,-0.09842368319876971,-0.007443291041906958,-0.14173010380622836,-0.041584006151480196,0.04822760476739715,-0.04822760476739715,0.0629911572472126,0.03254133025759323,-0.03844675124951941,-0.1929104190695886,-0.01384083044982699,0.008858131487889272,-0.01574778931180315,-0.007443291041906958,-0.14769703960015382,-0.28444444444444444,0.08882737408688965,0.04822760476739715,-0.03254133025759323,-0.029773164167627833,0.17279507881584008,-0.01384083044982699,-0.2288965782391388,-0.05173394848135333,-0.14173010380622836,0.03254133025759323,-0.07972318339100345,-0.11374086889657825,-0.2288965782391388,-0.01574778931180315
M3A-w4-1169,-0.07535563244905807,-0.13588619761630144,0.16633602460592078,-0.017777777777777778,-0.09356401384083046,0.2288965782391388,-0.06698961937716265,0.14769703960015382,-0.07535563244905807,0.13016532103037293,0.1929104190695886,-0.2364628988850442,0.2288965782391388,-0.05536332179930796,-0.13016532103037293,-0.05536332179930796,-0.07972318339100345,0.22145328719723184,-0.0015378700499807767,-0.17937716262975778,-0.06698961937716265,-0.07111111111111111,0.17937716262975778,-0.07111111111111111,-0.16633602460592078,-0.00024605920799692423,-0.006151480199923107,-0.03543252595155709,0.003014225297962322,0.2679584775086506,0.14173010380622836,0.09356401384083046,0.0271280276816609,0.05536332179930796,0.03254133025759323,0.03543252595155709,-0.05536332179930796,0.044844290657439445,-0.09842368319876971,-0.06698961937716265,0.08882737408688965,-0.07972318339100345,0.024605920799692427,-0.08882737408688965,0.008858131487889272,0.05173394848135333,0.044844290657439445,0.0271280276816609,-0.07972318339100345,-0.2599000384467512,0.017777777777777778,-0.03543252595155709,0.07972318339100345,0.15378700499807765,0.2599000384467512,-0.01574778931180315,-0.2288965782391388,-0.16000000000000003,-0.2761399461745483,0.0629911572472126,-0.07972318339100345,-0.041584006151480196,-0.13016532103037293,0.0629911572472126
M3A-w4-1170,0.022206843521722412,-0.14173010380622836,0.0271280276816609,-0.0629911572472126,-0.14173010380622836,0.07111111111111111,0.006151480199923107,0.17937716262975778,0.0271280276816609,-0.03254133025759323,0.2364628988850442,-0.007443291041906958,0.15378700499807765,-0.01574778931180315,-0.0005536332179930795,-0.0629911572472126,-0.03543252595155709,0.029773164167627833,-0.1929104190695886,-0.13016532103037293,0.002214532871972318,-0.31009611687812383,0.1929104190695886,-0.10340638216070744,-0.007443291041906958,-0.03254133025759323,0.03543252595155709,-0.0629911572472126,0.04822760476739715,0.3553094963475586,0.07111111111111111,0.2599000384467512,0.11909265667051133,0.09356401384083046,-0.08882737408688965,0.044844290657439445,0.01384083044982699,0.13588619761630144,0.041584006151480196,-0.09842368319876971,0.03844675124951941,-0.0629911572472126,-0.017777777777777778,-0.06698961937716265,0.008858131487889272,-0.05536332179930796,-0.029773164167627833,-0.044844290657439445,-0.08882737408688965,-0.1085121107266436,0.03844675124951941,-0.06698961937716265,-0.01574778931180315,0.16633602460592078,0.22145328719723184,0.01384083044982699,-0.24415224913494812,-0.3014225297962323,-0.15378700499807765,-0.007443291041906958,-0.029773164167627833,0.10340638216070744,-0.17279507881584008,0.15378700499807765
M3A-w4-1171,0.03543252595155709,-0.09842368319876971,0.17937716262975778,-0.06698961937716265,-0.022206843521722412,0.1085121107266436,-0.08421376393694734,0.12456747404844293,-0.09842368319876971,-0.044844290657439445,0.1085121107266436,-0.003014225297962322,0.05536332179930796,-0.05173394848135333,-0.002214532871972318,-0.13016532103037293,-0.14173010380622836,0.16633602460592078,0.0271280276816609,0.01574778931180315,-0.041584006151480196,-0.0629911572472126,0.04822760476739715,-0.012056901191849288,-0.13588619761630144,-0.13016532103037293,0.16633602460592078,-0.08421376393694734,-0.07535563244905807,0.17279507881584008,0.39369473279507883,0.14769703960015382,0.19986159169550174,0.0005536332179930795,-0.024605920799692427,0.17937716262975778,-0.13016532103037293,0.024605920799692427,0.019930795847750864,0.07535563244905807,-0.08882737408688965,0.05173394848135333,0.03543252595155709,-0.17279507881584008,0.041584006151480196,0.22145328719723184,0.09842368319876971,-0.07535563244905807,-0.17937716262975778,-0.2069357939254133,0.004982698961937716,-0.006151480199923107,-0.09356401384083046,0.04822760476739715,0.17937716262975778,0.003014225297962322,-0.24415224913494812,-0.2288965782391388,-0.1929104190695886,0.007443291041906958,-0.12456747404844293,0.03844675124951941,-0.17937716262975778,-0.06698961937716265
M3A-w4-1177,0.0629911572472126,-0.11374086889657825,0.19986159169550174,-0.04822760476739715,-0.024605920799692427,0.16000000000000003,-0.022206843521722412,0.14173010380622836,-0.010396001537870049,-0.024605920799692427,0.24415224913494812,-0.010396001537870049,0.13588619761630144,-0.01384083044982699,0.022206843521722412,-0.07111111111111111,-0.12456747404844293,0.003936947327950788,0.029773164167627833,-0.13588619761630144,-0.03844675124951941,-0.17937716262975778,0.16000000000000003,-0.03844675124951941,-0.14173010380622836,-0.004982698961937716,0.16633602460592078,-0.14173010380622836,-0.06698961937716265,0.2761399461745483,0.1929104190695886,0.2679584775086506,0.11909265667051133,-0.07111111111111111,-0.03844675124951941,0.03844675124951941,-0.04822760476739715,0.06698961937716265,0.04822760476739715,-0.07111111111111111,0.08882737408688965,-0.0629911572472126,0.041584006151480196,-0.2069357939254133,0.0271280276816609,0.029773164167627833,0.04822760476739715,-0.11374086889657825,-0.09356401384083046,-0.2761399461745483,0.05536332179930796,-0.022206843521722412,-0.09356401384083046,0.09356401384083046,0.17937716262975778,-0.06698961937716265,-0.2069357939254133,-0.29287197231833906,-0.14173010380622836,0.03543252595155709,-0.04822760476739715,0.12456747404844293,-0.17937716262975778,0.044844290657439445
M3A-w4-1178,0.05536332179930796,-0.12456747404844293,0.2288965782391388,-0.17279507881584008,-0.017777777777777778,0.022206843521722412,-0.05536332179930796,0.17279507881584008,-0.019930795847750864,-0.07111111111111111,0.16000000000000003,-0.024605920799692427,0.08882737408688965,-0.07111111111111111,0.1085121107266436,-0.11374086889657825,-0.16000000000000003,0.0629911572472126,0.05911572472126105,-0.2069357939254133,-0.04822760476739715,-0.09356401384083046,0.06698961937716265,-0.05911572472126105,-0.13588619761630144,0.04822760476739715,0.13016532103037293,-0.09842368319876971,0.022206843521722412,0.3278123798539023,0.1929104190695886,0.2288965782391388,0.09842368319876971,-0.044844290657439445,-0.08421376393694734,0.05536332179930796,-0.09842368319876971,0.08882737408688965,0.14173010380622836,0.08882737408688965,0.12456747404844293,-0.0015378700499807767,0.017777777777777778,-0.2069357939254133,-0.029773164167627833,-0.03543252595155709,0.08421376393694734,-0.07972318339100345,-0.05173394848135333,-0.3278123798539023,0.1085121107266436,0.07535563244905807,-0.11909265667051133,0.05911572472126105,0.05536332179930796,-0.041584006151480196,-0.19986159169550174,-0.2519646289888504,-0.17937716262975778,0.07972318339100345,-0.05536332179930796,-0.004982698961937716,-0.11374086889657825,0.03543252595155709
M3A-w4-1180,-0.08421376393694734,-0.2761399461745483,0.12456747404844293,-0.03254133025759323,-0.19986159169550174,0.004982698961937716,-0.10340638216070744,0.2364628988850442,0.04822760476739715,0.14173010380622836,0.24415224913494812,-0.05911572472126105,0.3014225297962323,-0.07111111111111111,0.041584006151480196,-0.05911572472126105,-0.17937716262975778,0.08421376393694734,-0.0629911572472126,-0.08421376393694734,-0.006151480199923107,-0.17279507881584008,0.22145328719723184,0.03543252595155709,0.000984236831987697,-0.05173394848135333,-0.041584006151480196,-0.01574778931180315,0.08882737408688965,0.17279507881584008,0.006151480199923107,0.19986159169550174,0.019930795847750864,0.08882737408688965,-0.044844290657439445,0.05911572472126105,0.09842368319876971,-0.10340638216070744,0.09356401384083046,-0.13588619761630144,-0.03254133025759323,-0.044844290657439445,-0.09356401384083046,-0.01574778931180315,-0.07535563244905807,0.03543252595155709,0.186082276047674,-0.14769703960015382,-0.08421376393694734,-0.11909265667051133,0.09842368319876971,-0.008858131487889272,-0.09356401384083046,0.12456747404844293,0.17279507881584008,-0.07972318339100345,-0.15378700499807765,-0.1929104190695886,-0.2599000384467512,-0.11374086889657825,-0.1085121107266436,0.09842368319876971,-0.1085121107266436,0.002214532871972318
M3A-w4-1183,0.006151480199923107,-0.16000000000000003,0.07535563244905807,-0.0629911572472126,-0.07535563244905807,0.05173394848135333,-0.029773164167627833,0.16000000000000003,-0.03844675124951941,0.01384083044982699,0.21413302575932336,0.029773164167627833,0.15378700499807765,-0.017777777777777778,0.024605920799692427,-0.03543252595155709,-0.17279507881584008,0.12456747404844293,-0.14173010380622836,-0.07535563244905807,-0.008858131487889272,-0.2288965782391388,0.17937716262975778,-0.06698961937716265,-0.05536332179930796,-0.07111111111111111,0.11909265667051133,-0.09842368319876971,-0.010396001537870049,0.34602076124567477,0.17279507881584008,0.2679584775086506,0.12456747404844293,0.022206843521722412,-0.0629911572472126,0.09842368319876971,-0.07111111111111111,0.07972318339100345,0.07111111111111111,0.000984236831987697,0.01574778931180315,-0.06698961937716265,-0.044844290657439445,-0.13588619761630144,0.0629911572472126,0.04822760476739715,0.06698961937716265,-0.044844290657439445,-0.14173010380622836,-0.17937716262975778,0.06698961937716265,-0.05536332179930796,-0.07535563244905807,0.14173010380622836,0.16633602460592078,-0.03254133025759323,-0.3014225297962323,-0.29287197231833906,-0.14769703960015382,0.006151480199923107,-0.0629911572472126,0.14769703960015382,-0.10340638216070744,0.04822760476739715
M3A-w4-1186,0.1085121107266436,-0.05911572472126105,0.19986159169550174,-0.17937716262975778,-0.09356401384083046,0.16000000000000003,-0.022206843521722412,0.11374086889657825,-0.11909265667051133,-0.04822760476739715,0.1929104190695886,0.019930795847750864,0.13016532103037293,0.019930795847750864,0.0271280276816609,-0.11909265667051133,-0.05911572472126105,0.07972318339100345,-0.012056901191849288,-0.08882737408688965,0.06698961937716265,-0.24415224913494812,0.13016532103037293,-0.13588619761630144,-0.13016532103037293,-0.09842368319876971,0.08882737408688965,-0.17937716262975778,0.004982698961937716,0.31009611687812383,0.2364628988850442,0.24415224913494812,0.1085121107266436,-0.05911572472126105,-0.13016532103037293,0.10340638216070744,-0.15378700499807765,0.06698961937716265,0.03844675124951941,-0.029773164167627833,0.0629911572472126,-0.05911572472126105,0.004982698961937716,-0.14173010380622836,-0.03844675124951941,0.03254133025759323,0.03844675124951941,-0.09842368319876971,-0.03844675124951941,-0.22145328719723184,0.03543252595155709,-0.07972318339100345,-0.05911572472126105,0.09842368319876971,0.11909265667051133,-0.022206843521722412,-0.22145328719723184,-0.2599000384467512,-0.17279507881584008,0.03543252595155709,-0.041584006151480196,0.010396001537870049,-0.186082276047674,0.0271280276816609
M3A-w4-1188,0.13016532103037293,0.0015378700499807767,0.2761399461745483,-0.19986159169550174,-0.044844290657439445,0.186082276047674,-0.041584006151480196,0.16633602460592078,-0.06698961937716265,0.13016532103037293,0.06698961937716265,-0.13016532103037293,0.03844675124951941,0.012056901191849288,-0.024605920799692427,-0.08882737408688965,-0.041584006151480196,0.2069357939254133,0.14173010380622836,-0.2364628988850442,-0.05173394848135333,-0.01384083044982699,-0.0271280276816609,-0.07535563244905807,-0.21413302575932336,-0.007443291041906958,0.0629911572472126,-0.07972318339100345,0.05173394848135333,0.2599000384467512,0.22145328719723184,0.07972318339100345,0.13588619761630144,-0.11909265667051133,-0.0629911572472126,0.03844675124951941,-0.12456747404844293,0.12456747404844293,-0.03844675124951941,-0.15378700499807765,0.13588619761630144,-0.07535563244905807,0.044844290657439445,-0.2599000384467512,0.003014225297962322,0.1085121107266436,0.010396001537870049,-0.03543252595155709,-0.07972318339100345,-0.2519646289888504,0.07111111111111111,0.044844290657439445,0.0271280276816609,-0.05173394848135333,0.14769703960015382,0.006151480199923107,-0.15378700499807765,-0.06698961937716265,-0.13588619761630144,0.13016532103037293,-0.13016532103037293,-0.16000000000000003,-0.17279507881584008,-0.044844290657439445
M3A-w4-1190,-0.004982698961937716,-0.019930795847750864,0.13016532103037293,-0.09842368319876971,-0.15378700499807765,0.1929104190695886,-0.029773164167627833,0.17937716262975778,-0.11374086889657825,0.15378700499807765,-0.024605920799692427,-0.21413302575932336,0.11909265667051133,0.029773164167627833,-0.16000000000000003,-0.13588619761630144,-0.024605920799692427,0.3188927335640138,0.008858131487889272,-0.15378700499807765,-0.019930795847750864,0.01574778931180315,-0.03844675124951941,-0.08421376393694734,-0.15378700499807765,-0.07535563244905807,0.03844675124951941,0.03844675124951941,0.05911572472126105,0.2519646289888504,0.22145328719723184,0.05911572472126105,-0.0271280276816609,0.044844290657439445,-0.07535563244905807,-0.03844675124951941,-0.09842368319876971,-0.05536332179930796,-0.09842368319876971,-0.14173010380622836,0.08882737408688965,0.019930795847750864,0.024605920799692427,-0.17279507881584008,0.0629911572472126,0.09842368319876971,0.0271280276816609,0.11909265667051133,-0.17279507881584008,-0.2519646289888504,0.0271280276816609,-0.05536332179930796,0.12456747404844293,-0.044844290657439445,0.2519646289888504,0.04822760476739715,-0.22145328719723184,-0.05173394848135333,-0.17279507881584008,0.0271280276816609,-0.11374086889657825,-0.14173010380622836,-0.186082276047674,0.07535563244905807
M3A-w4-1191,-0.007443291041906958,-0.10340638216070744,0.2364628988850442,-0.2679584775086506,-0.09842368319876971,0.0629911572472126,-0.16633602460592078,0.186082276047674,-0.08421376393694734,-0.008858131487889272,0.0015378700499807767,-0.08882737408688965,0.05911572472126105,-0.019930795847750864,-0.019930795847750864,-0.14173010380622836,-0.17937716262975778,0.21413302575932336,0.029773164167627833,-0.13016532103037293,-0.10340638216070744,0.003014225297962322,-0.019930795847750864,-0.05173394848135333,-0.21413302575932336,-0.09356401384083046,0.06698961937716265,-0.03844675124951941,-0.03844675124951941,0.13588619761630144,0.2761399461745483,0.07535563244905807,0.08882737408688965,0.03254133025759323,-0.15378700499807765,0.05911572472126105,-0.186082276047674,0.05536332179930796,-0.019930795847750864,-0.007443291041906958,0.1085121107266436,-0.006151480199923107,0.07535563244905807,-0.17937716262975778,-0.012056901191849288,0.2069357939254133,0.13588619761630144,-0.08882737408688965,-0.15378700499807765,-0.34602076124567477,0.11374086889657825,0.01384083044982699,0.03844675124951941,-0.019930795847750864,0.0005536332179930795,-0.019930795847750864,-0.1929104190695886,-0.05911572472126105,-0.14173010380622836,0.10340638216070744,-0.13016532103037293,0.007443291041906958,-0.14173010380622836,-0.07535563244905807
M3A-w4-1192,0.0271280276816609,-0.186082276047674,0.22145328719723184,-0.1085121107266436,-0.024605920799692427,0.12456747404844293,-0.012056901191849288,0.16633602460592078,-0.024605920799692427,0.0271280276816609,0.07111111111111111,-0.0271280276816609,0.12456747404844293,-0.09356401384083046,0.024605920799692427,-0.08882737408688965,-0.2069357939254133,0.1085121107266436,0.09842368319876971,-0.08421376393694734,-0.05173394848135333,-0.09356401384083046,0.06698961937716265,-0.010396001537870049,-0.14173010380622836,-0.07535563244905807,0.17279507881584008,-0.05173394848135333,-0.08882737408688965,0.186082276047674,0.19986159169550174,0.186082276047674,0.03543252595155709,-0.019930795847750864,-0.08421376393694734,0.05173394848135333,-0.03844675124951941,0.003936947327950788,0.11909265667051133,0.05911572472126105,-0.01384083044982699,0.024605920799692427,0.03844675124951941,-0.24415224913494812,0.041584006151480196,0.11909265667051133,0.07535563244905807,-0.17937716262975778,-0.2288965782391388,-0.3553094963475586,0.07111111111111111,0.03844675124951941,-0.11909265667051133,-0.004982698961937716,0.13016532103037293,-0.0629911572472126,-0.2364628988850442,-0.14769703960015382,-0.2069357939254133,0.07972318339100345,-0.07111111111111111,0.03844675124951941,-0.22145328719723184,-0.06698961937716265
M3A-w4-1194,-0.012056901191849288,-0.05173394848135333,0.21413302575932336,-0.08882737408688965,-0.11374086889657825,-0.003936947327950788,-0.08882737408688965,0.2679584775086506,-0.044844290657439445,-0.08421376393694734,0.14769703960015382,0.019930795847750864,0.14769703960015382,0.11374086889657825,-0.06698961937716265,-0.1085121107266436,-0.16633602460592078,-0.044844290657439445,0.03543252595155709,-0.07972318339100345,-0.05173394848135333,-0.11374086889657825,0.17279507881584008,0.004982698961937716,-0.15378700499807765,0.007443291041906958,0.08421376393694734,-0.07535563244905807,0.03844675124951941,0.05536332179930796,-0.11909265667051133,-0.13588619761630144,0.017777777777777778,-0.022206843521722412,0.03844675124951941,0.16000000000000003,-0.12456747404844293,0.0629911572472126,-0.03844675124951941,-0.16633602460592078,-0.012056901191849288,-0.044844290657439445,-0.05536332179930796,-0.2069357939254133,-0.2519646289888504,0.14173010380622836,0.1929104190695886,0.0271280276816609,0.044844290657439445,-0.0629911572472126,0.17937716262975778,0.19986159169550174,-0.1085121107266436,-0.03254133025759323,0.08882737408688965,0.019930795847750864,-0.09842368319876971,-0.041584006151480196,-0.34602076124567477,-0.16633602460592078,-0.16633602460592078,-0.14769703960015382,-0.1929104190695886,0.10340638216070744
M3A-w4-1195,-0.012056901191849288,-0.10340638216070744,0.14173010380622836,-0.09356401384083046,-0.03844675124951941,0.0629911572472126,0.012056901191849288,0.09842368319876971,-0.07972318339100345,0.003014225297962322,0.0629911572472126,-0.13016532103037293,0.08421376393694734,0.024605920799692427,-0.17937716262975778,-0.029773164167627833,-0.11374086889657825,-0.16000000000000003,0.007443291041906958,-0.17279507881584008,-0.06698961937716265,-0.07972318339100345,0.11909265667051133,-0.041584006151480196,-0.044844290657439445,-0.05173394848135333,-0.007443291041906958,-0.11909265667051133,0.12456747404844293,0.17937716262975778,0.044844290657439445,-0.14173010380622836,0.12456747404844293,-0.17937716262975778,0.024605920799692427,0.186082276047674,-0.16633602460592078,0.024605920799692427,-0.12456747404844293,-0.1085121107266436,-0.044844290657439445,-0.13016532103037293,-0.05911572472126105,-0.14173010380622836,-0.15378700499807765,0.044844290657439445,0.2069357939254133,0.019930795847750864,-0.007443291041906958,-0.17279507881584008,0.13588619761630144,0.08882737408688965,-0.08421376393694734,0.0629911572472126,0.11374086889657825,0.0271280276816609,-0.19986159169550174,-0.15378700499807765,-0.4444444444444444,-0.03844675124951941,-0.11374086889657825,-0.14769703960015382,-0.11909265667051133,0.21413302575932336
M3A-w4-1196,-0.004982698961937716,-0.05173394848135333,0.2599000384467512,-0.11909265667051133,-0.1085121107266436,-0.002214532871972318,-0.14173010380622836,0.2761399461745483,-0.019930795847750864,0.003014225297962322,0.07535563244905807,0.06698961937716265,0.16633602460592078,0.09842368319876971,-0.029773164167627833,-0.07535563244905807,-0.15378700499807765,-0.03254133025759323,0.06698961937716265,-0.07535563244905807,-0.044844290657439445,-0.13588619761630144,0.1085121107266436,-0.004982698961937716,-0.17279507881584008,-0.010396001537870049,0.14173010380622836,-0.11909265667051133,0.03844675124951941,0.041584006151480196,-0.05911572472126105,-0.05173394848135333,0.041584006151480196,-0.044844290657439445,0.01384083044982699,0.16000000000000003,-0.13016532103037293,0.10340638216070744,-0.022206843521722412,-0.17937716262975778,-0.000984236831987697,-0.0629911572472126,-0.041584006151480196,-0.21413302575932336,-0.21413302575932336,0.13588619761630144,0.22145328719723184,-0.0271280276816609,0.019930795847750864,-0.15378700499807765,0.21413302575932336,0.14769703960015382,-0.14769703960015382,0.017777777777777778,0.08882737408688965,-0.010396001537870049,-0.10340638216070744,-0.09842368319876971,-0.3188927335640138,-0.16633602460592078,-0.17279507881584008,-0.09356401384083046,-0.1929104190695886,0.09356401384083046
M3A-w4-1197,0.08421376393694734,-0.04822760476739715,0.33685505574778934,-0.07972318339100345,-0.041584006151480196,0.041584006151480196,-0.05536332179930796,0.15378700499807765,-0.17279507881584008,0.09842368319876971,0.10340638216070744,-0.03844675124951941,0.06698961937716265,0.0629911572472126,-0.11909265667051133,-0.05911572472126105,-0.07535563244905807,-0.15378700499807765,0.3014225297962323,-0.11374086889657825,-0.09842368319876971,-0.11374086889657825,0.029773164167627833,-0.09356401384083046,-0.16000000000000003,-0.04822760476739715,0.08882737408688965,-0.05536332179930796,0.11374086889657825,6.151480199923106e-05,0.041584006151480196,-0.09842368319876971,0.2069357939254133,0.006151480199923107,-0.11909265667051133,0.186082276047674,-0.09842368319876971,0.0271280276816609,-0.11374086889657825,-0.022206843521722412,0.05911572472126105,-0.07972318339100345,0.01574778931180315,-0.186082276047674,-0.1085121107266436,0.03844675124951941,0.22145328719723184,0.024605920799692427,0.029773164167627833,-0.2679584775086506,0.14173010380622836,-0.03254133025759323,-0.0271280276816609,-0.06698961937716265,0.019930795847750864,-0.08882737408688965,-0.08882737408688965,-0.14769703960015382,-0.3188927335640138,-0.1085121107266436,-0.17937716262975778,-0.06698961937716265,-0.13016532103037293,0.08421376393694734
M3A-w4-1200,-0.012056901191849288,-0.16633602460592078,0.19986159169550174,-0.01384083044982699,-0.12456747404844293,0.029773164167627833,-0.07972318339100345,0.2288965782391388,-0.14173010380622836,-0.003936947327950788,0.16633602460592078,-0.12456747404844293,0.17937716262975778,0.07111111111111111,-0.10340638216070744,-0.05911572472126105,-0.17279507881584008,-0.07111111111111111,0.000984236831987697,0.007443291041906958,-0.017777777777777778,-0.08882737408688965,0.2599000384467512,-0.06698961937716265,-0.07111111111111111,0.019930795847750864,-0.024605920799692427,-0.14173010380622836,0.08421376393694734,0.19986159169550174,-0.14173010380622836,-0.03844675124951941,-0.05911572472126105,-0.06698961937716265,-0.003936947327950788,0.11374086889657825,-0.12456747404844293,-0.024605920799692427,-0.11374086889657825,-0.16000000000000003,0.01574778931180315,-0.029773164167627833,-0.10340638216070744,-0.1085121107266436,-0.21413302575932336,0.11909265667051133,0.2364628988850442,-0.029773164167627833,0.0015378700499807767,-0.13588619761630144,0.10340638216070744,0.17279507881584008,-0.044844290657439445,0.09842368319876971,0.09356401384083046,0.01384083044982699,-0.13588619761630144,-0.05173394848135333,-0.39369473279507883,-0.10340638216070744,-0.04822760476739715,-0.11374086889657825,-0.16633602460592078,0.05911572472126105
M3A-w4-1202,0.04822760476739715,-0.019930795847750864,0.21413302575932336,-0.06698961937716265,-0.07972318339100345,0.08882737408688965,-0.041584006151480196,0.13016532103037293,-0.11374086889657825,-0.024605920799692427,0.13016532103037293,0.004982698961937716,0.029773164167627833,-0.012056901191849288,-0.0271280276816609,-0.12456747404844293,-0.2364628988850442,0.09842368319876971,-6.151480199923106e-05,0.022206843521722412,-6.151480199923106e-05,-0.08421376393694734,0.13016532103037293,-0.03543252595155709,-0.19986159169550174,-0.09356401384083046,0.17937716262975778,-0.1085121107266436,-0.09842368319876971,0.17279507881584008,0.3188927335640138,0.15378700499807765,0.1929104190695886,0.029773164167627833,-0.000984236831987697,0.15378700499807765,-0.08421376393694734,0.017777777777777778,-0.004982698961937716,-0.002214532871972318,-0.1085121107266436,0.03254133025759323,-0.019930795847750864,-0.21413302575932336,-0.041584006151480196,0.1929104190695886,0.16000000000000003,-0.1085121107266436,-0.12456747404844293,-0.21413302575932336,0.044844290657439445,0.07111111111111111,-0.05536332179930796,0.06698961937716265,0.16633602460592078,-0.06698961937716265,-0.21413302575932336,-0.19986159169550174,-0.17937716262975778,-0.017777777777777778,-0.2288965782391388,-0.0015378700499807767,-0.186082276047674,-0.017777777777777778
M3A-w4-1205,0.022206843521722412,-0.03543252595155709,0.05173394848135333,-0.11909265667051133,-0.029773164167627833,0.186082276047674,-0.017777777777777778,0.09356401384083046,-0.05536332179930796,0.13588619761630144,0.07972318339100345,-0.13588619761630144,0.17279507881584008,-0.09842368319876971,-0.09356401384083046,-0.024605920799692427,-0.13016532103037293,0.00024605920799692423,0.07535563244905807,-0.1085121107266436,-0.06698961937716265,-0.09842368319876971,0.2069357939254133,-0.03543252595155709,-0.14173010380622836,-0.11909265667051133,0.1085121107266436,-0.16000000000000003,0.05911572472126105,0.2519646289888504,0.14769703960015382,0.06698961937716265,0.17279507881584008,-0.14173010380622836,0.0629911572472126,0.11909265667051133,-0.04822760476739715,0.07111111111111111,-0.019930795847750864,-0.13016532103037293,-0.0015378700499807767,-0.07535563244905807,-0.0271280276816609,-0.2069357939254133,-0.006151480199923107,0.1085121107266436,0.13016532103037293,-0.12456747404844293,-0.019930795847750864,-0.2679584775086506,0.12456747404844293,-0.04822760476739715,-0.07972318339100345,0.09842368319876971,0.21413302575932336,-0.16000000000000003,-0.2761399461745483,-0.2288965782391388,-0.22145328719723184,0.05911572472126105,-0.14173010380622836,-0.022206843521722412,-0.13016532103037293,-0.017777777777777778
M3A-w4-1210,0.08421376393694734,-0.08421376393694734,0.29287197231833906,-0.07535563244905807,-0.01574778931180315,0.16000000000000003,-0.010396001537870049,0.11909265667051133,-0.10340638216070744,0.14769703960015382,0.13588619761630144,-0.05911572472126105,0.13588619761630144,0.05173394848135333,-0.019930795847750864,-0.09842368319876971,-0.186082276047674,0.1085121107266436,0.17279507881584008,-0.13588619761630144,-0.03844675124951941,-0.09842368319876971,0.0629911572472126,-0.10340638216070744,-0.2761399461745483,-0.1085121107266436,0.10340638216070744,-0.07972318339100345,0.01384083044982699,0.186082276047674,0.17279507881584008,0.01574778931180315,0.029773164167627833,-0.09842368319876971,-0.07535563244905807,0.08882737408688965,-0.09356401384083046,0.07972318339100345,-0.044844290657439445,-0.07972318339100345,0.14173010380622836,-0.05911572472126105,0.03543252595155709,-0.19986159169550174,-0.07535563244905807,0.17937716262975778,0.08882737408688965,-0.13016532103037293,-0.07111111111111111,-0.31009611687812383,0.05911572472126105,0.09842368319876971,-0.002214532871972318,-0.017777777777777778,0.13016532103037293,-0.03543252595155709,-0.1929104190695886,-0.08421376393694734,-0.21413302575932336,-0.05173394848135333,-0.186082276047674,-0.09356401384083046,-0.16000000000000003,-0.05173394848135333
M3A-w4-1212,-0.002214532871972318,-0.11909265667051133,0.2599000384467512,-0.11909265667051133,-0.17937716262975778,-0.05911572472126105,-0.16633602460592078,0.22145328719723184,-0.08882737408688965,-0.006151480199923107,0.1085121107266436,0.03254133025759323,0.16000000000000003,0.08882737408688965,-0.003014225297962322,-0.07535563244905807,-0.17279507881584008,0.04822760476739715,-0.041584006151480196,-0.09842368319876971,-0.05536332179930796,-0.0271280276816609,0.09842368319876971,0.029773164167627833,-0.19986159169550174,0.03254133025759323,0.044844290657439445,-0.08421376393694734,0.03254133025759323,0.10340638216070744,-0.05911572472126105,-0.09356401384083046,0.0271280276816609,-0.09356401384083046,0.08882737408688965,0.13588619761630144,-0.11909265667051133,0.09356401384083046,-0.010396001537870049,-0.17279507881584008,-0.010396001537870049,-0.0629911572472126,-0.06698961937716265,-0.15378700499807765,-0.2069357939254133,0.1929104190695886,0.2288965782391388,0.07111111111111111,0.05536332179930796,-0.11374086889657825,0.14769703960015382,0.186082276047674,-0.0629911572472126,0.041584006151480196,0.044844290657439445,0.010396001537870049,-0.10340638216070744,-0.13016532103037293,-0.37425605536332185,-0.11374086889657825,-0.17937716262975778,-0.15378700499807765,-0.1085121107266436,0.1085121107266436
M3A-w4-1214,-0.004982698961937716,-0.03254133025759323,0.2679584775086506,-0.05911572472126105,-0.14769703960015382,0.04822760476739715,-0.07535563244905807,0.1929104190695886,-0.07111111111111111,-0.041584006151480196,0.1085121107266436,-0.0005536332179930795,0.16633602460592078,0.11374086889657825,-0.0629911572472126,-0.05536332179930796,-0.14173010380622836,-0.017777777777777778,0.012056901191849288,-0.07535563244905807,-0.0271280276816609,-0.11909265667051133,0.17937716262975778,-0.006151480199923107,-0.17937716262975778,0.0629911572472126,0.11909265667051133,-0.11909265667051133,0.05911572472126105,0.08882737408688965,-0.09842368319876971,-0.024605920799692427,0.019930795847750864,-0.044844290657439445,0.012056901191849288,0.15378700499807765,-0.13016532103037293,0.06698961937716265,-0.08882737408688965,-0.19986159169550174,0.010396001537870049,-0.05536332179930796,-0.06698961937716265,-0.2288965782391388,-0.2364628988850442,0.15378700499807765,0.1929104190695886,0.022206843521722412,0.019930795847750864,-0.11909265667051133,0.15378700499807765,0.17279507881584008,-0.07972318339100345,0.07111111111111111,0.09356401384083046,-0.0005536332179930795,-0.15378700499807765,-0.08421376393694734,-0.3553094963475586,-0.13588619761630144,-0.17937716262975778,-0.17937716262975778,-0.13016532103037293,0.08882737408688965
M3A-w4-1216,-0.04822760476739715,-0.03254133025759323,0.2364628988850442,-0.07535563244905807,-0.14769703960015382,0.14769703960015382,-0.03543252595155709,0.08421376393694734,-0.17937716262975778,0.03543252595155709,0.1929104190695886,-0.10340638216070744,0.15378700499807765,0.07111111111111111,-0.08882737408688965,-0.08882737408688965,-0.1085121107266436,0.0271280276816609,0.09842368319876971,-0.16633602460592078,-0.022206843521722412,-0.07972318339100345,0.24415224913494812,-0.0629911572472126,-0.21413302575932336,-0.0629911572472126,-0.012056901191849288,-0.12456747404844293,0.029773164167627833,0.11374086889657825,0.007443291041906958,0.09842368319876971,0.041584006151480196,-0.04822760476739715,-0.041584006151480196,0.07535563244905807,-0.05911572472126105,0.1085121107266436,-0.13016532103037293,-0.17279507881584008,0.08421376393694734,-0.07111111111111111,-0.019930795847750864,-0.11909265667051133,-0.11909265667051133,0.10340638216070744,0.1085121107266436,0.05536332179930796,0.10340638216070744,-0.13588619761630144,0.07535563244905807,0.06698961937716265,0.01384083044982699,0.11909265667051133,0.13588619761630144,-0.019930795847750864,-0.186082276047674,-0.14173010380622836,-0.41362552864282975,-0.09356401384083046,-0.09356401384083046,-0.21413302575932336,-0.19986159169550174,0.07972318339100345
M3A-w4-1217,0.04822760476739715,-0.186082276047674,0.09842368319876971,-0.05911572472126105,-0.07972318339100345,-0.019930795847750864,0.08421376393694734,0.12456747404844293,0.07111111111111111,0.10340638216070744,0.07535563244905807,-0.11909265667051133,0.1929104190695886,-0.0271280276816609,-0.1085121107266436,-0.004982698961937716,-0.05536332179930796,-0.08882737408688965,0.010396001537870049,-0.1929104190695886,-0.09842368319876971,-0.08882737408688965,0.13588619761630144,-0.007443291041906958,0.03543252595155709,-0.186082276047674,0.05173394848135333,-0.022206843521722412,0.08882737408688965,0.022206843521722412,0.007443291041906958,-0.24415224913494812,0.09356401384083046,-0.17279507881584008,0.05536332179930796,0.13588619761630144,-0.05173394848135333,0.01574778931180315,-0.07972318339100345,-0.16633602460592078,-0.05536332179930796,-0.1085121107266436,-0.1085121107266436,-0.13016532103037293,-0.24415224913494812,0.03543252595155709,0.2069357939254133,-0.09842368319876971,0.007443291041906958,-0.12456747404844293,0.15378700499807765,0.010396001537870049,-0.11374086889657825,0.08882737408688965,0.13016532103037293,-0.03844675124951941,-0.13016532103037293,-0.2519646289888504,-0.3553094963475586,-0.14769703960015382,-0.05173394848135333,0.012056901191849288,-0.2069357939254133,0.1929104190695886
M3A-w4-1219,-0.022206843521722412,-0.05911572472126105,0.2069357939254133,-0.022206843521722412,-0.09842368319876971,0.06698961937716265,-0.05536332179930796,0.2069357939254133,-0.12456747404844293,-0.0629911572472126,0.13588619761630144,-0.07535563244905807,0.16000000000000003,0.09842368319876971,-0.09842368319876971,-0.1085121107266436,-0.19986159169550174,-0.002214532871972318,0.03844675124951941,-0.04822760476739715,-0.029773164167627833,-0.13016532103037293,0.16633602460592078,-0.09356401384083046,-0.186082276047674,0.06698961937716265,0.07535563244905807,-0.13016532103037293,0.044844290657439445,0.16000000000000003,-0.05911572472126105,-0.11909265667051133,-0.024605920799692427,-0.041584006151480196,0.04822760476739715,0.14173010380622836,-0.1085121107266436,0.10340638216070744,-0.07972318339100345,-0.14173010380622836,0.012056901191849288,-0.08421376393694734,-0.041584006151480196,-0.16000000000000003,-0.2364628988850442,0.17937716262975778,0.14769703960015382,0.03543252595155709,0.03543252595155709,-0.11909265667051133,0.12456747404844293,0.21413302575932336,-0.05536332179930796,0.03543252595155709,0.1085121107266436,0.007443291041906958,-0.14173010380622836,-0.0629911572472126,-0.36472126105344094,-0.13016532103037293,-0.16000000000000003,-0.19986159169550174,-0.17937716262975778,0.08421376393694734
M3A-w4-1220,0.09356401384083046,-0.07972318339100345,0.28444444444444444,-0.12456747404844293,-0.03543252595155709,0.07535563244905807,-0.044844290657439445,0.11374086889657825,-0.0629911572472126,0.05173394848135333,0.08882737408688965,-0.04822760476739715,0.05173394848135333,-0.003936947327950788,-0.03844675124951941,-0.11909265667051133,-0.21413302575932336,0.07972318339100345,0.11909265667051133,-0.16000000000000003,-0.044844290657439445,-0.05173394848135333,0.029773164167627833,-0.08421376393694734,-0.22145328719723184,-0.10340638216070744,0.11909265667051133,-0.044844290657439445,-0.041584006151480196,0.2599000384467512,0.2364628988850442,0.07111111111111111,0.07972318339100345,-0.0629911572472126,-0.14173010380622836,0.044844290657439445,-0.13588619761630144,0.022206843521722412,0.00024605920799692423,0.07111111111111111,0.08882737408688965,0.03254133025759323,0.022206843521722412,-0.24415224913494812,-0.09356401384083046,0.14173010380622836,0.16633602460592078,-0.16000000000000003,-0.14173010380622836,-0.37425605536332185,0.008858131487889272,0.024605920799692427,-0.017777777777777778,-0.012056901191849288,0.0629911572472126,-0.09842368319876971,-0.22145328719723184,-0.15378700499807765,-0.17279507881584008,0.03543252595155709,-0.12456747404844293,-0.06698961937716265,-0.11909265667051133,-0.012056901191849288
M3A-w4-1224,0.01574778931180315,-0.07111111111111111,0.24415224913494812,-0.1085121107266436,-0.11374086889657825,-0.012056901191849288,-0.07972318339100345,0.1929104190695886,-0.08882737408688965,-0.01574778931180315,0.12456747404844293,-0.017777777777777778,0.1085121107266436,0.1085121107266436,-0.16633602460592078,-0.09842368319876971,-0.11909265667051133,-0.09842368319876971,0.07535563244905807,-0.16000000000000003,-0.029773164167627833,-0.06698961937716265,0.16633602460592078,0.03254133025759323,-0.17937716262975778,0.006151480199923107,0.0629911572472126,-0.0629911572472126,0.07535563244905807,0.08421376393694734,-0.05173394848135333,-0.05536332179930796,0.12456747404844293,-0.05173394848135333,-0.022206843521722412,0.17937716262975778,-0.1085121107266436,0.05173394848135333,-0.05173394848135333,-0.1929104190695886,0.0271280276816609,-0.041584006151480196,-0.0629911572472126,-0.2288965782391388,-0.22145328719723184,0.04822760476739715,0.24415224913494812,0.012056901191849288,-0.012056901191849288,-0.14769703960015382,0.14769703960015382,0.13588619761630144,-0.09842368319876971,0.044844290657439445,0.09842368319876971,-0.003936947327950788,-0.2069357939254133,-0.12456747404844293,-0.36472126105344094,-0.11909265667051133,-0.16000000000000003,-0.14769703960015382,-0.09842368319876971,0.11374086889657825
M3A-w4-1226,-0.007443291041906958,0.1085121107266436,0.14173010380622836,-0.07111111111111111,-0.07535563244905807,0.16633602460592078,0.041584006151480196,0.16633602460592078,-0.08882737408688965,0.1085121107266436,0.12456747404844293,-0.019930795847750864,0.09356401384083046,0.0629911572472126,-0.07535563244905807,-0.14173010380622836,-0.16633602460592078,0.16633602460592078,0.11374086889657825,-0.17279507881584008,-0.09356401384083046,-0.06698961937716265,0.09842368319876971,-0.1085121107266436,-0.2519646289888504,0.13588619761630144,-0.0015378700499807767,-0.044844290657439445,0.01384083044982699,0.14769703960015382,0.14173010380622836,0.01384083044982699,0.2288965782391388,-0.05536332179930796,0.13588619761630144,0.10340638216070744,-0.04822760476739715,0.01574778931180315,-0.03254133025759323,-0.012056901191849288,0.09356401384083046,-0.006151480199923107,0.05536332179930796,-0.2599000384467512,-0.09356401384083046,0.09356401384083046,0.13016532103037293,0.1085121107266436,-0.04822760476739715,-0.2288965782391388,0.07972318339100345,0.07972318339100345,0.07535563244905807,0.09356401384083046,0.17937716262975778,-0.03254133025759323,-0.17279507881584008,-0.12456747404844293,-0.1929104190695886,-0.11909265667051133,-0.2519646289888504,-0.22145328719723184,-0.17279507881584008,0.05911572472126105
M3A-w4-1230,-0.01384083044982699,-0.186082276047674,0.16000000000000003,-0.06698961937716265,-0.17937716262975778,0.09842368319876971,-0.09356401384083046,0.08882737408688965,-0.04822760476739715,0.04822760476739715,0.14769703960015382,-0.07972318339100345,0.2519646289888504,-0.01384083044982699,-0.05911572472126105,-0.1085121107266436,-0.186082276047674,0.017777777777777778,0.006151480199923107,-0.044844290657439445,-0.022206843521722412,-0.11909265667051133,0.1929104190695886,-0.06698961937716265,-0.22145328719723184,-0.041584006151480196,0.03844675124951941,-0.14173010380622836,0.03844675124951941,0.28444444444444444,0.11374086889657825,0.1085121107266436,-0.004982698961937716,-0.012056901191849288,0.01384083044982699,0.17937716262975778,-0.04822760476739715,0.08882737408688965,-0.03844675124951941,-0.13016532103037293,-0.010396001537870049,-0.05173394848135333,-0.05536332179930796,-0.08882737408688965,-0.07535563244905807,0.11909265667051133,0.17937716262975778,-0.08882737408688965,-0.07535563244905807,-0.24415224913494812,0.09356401384083046,0.006151480199923107,-0.08421376393694734,0.17279507881584008,0.14769703960015382,-0.09842368319876971,-0.2519646289888504,-0.16633602460592078,-0.2761399461745483,-0.04822760476739715,-0.09842368319876971,-0.019930795847750864,-0.186082276047674,0.044844290657439445
M3A-w4-1236,0.006151480199923107,-0.08421376393694734,0.2761399461745483,-0.07972318339100345,-0.12456747404844293,0.05173394848135333,-0.12456747404844293,0.2288965782391388,-0.09842368319876971,-0.006151480199923107,0.08882737408688965,0.003936947327950788,0.2069357939254133,0.14173010380622836,-0.03543252595155709,-0.08421376393694734,-0.16633602460592078,-0.019930795847750864,0.09842368319876971,-0.06698961937716265,-0.01384083044982699,-0.13016532103037293,0.13016532103037293,-0.01574778931180315,-0.16633602460592078,0.003014225297962322,0.13016532103037293,-0.16000000000000003,0.03844675124951941,0.1085121107266436,-0.09356401384083046,-0.0271280276816609,-0.019930795847750864,-0.041584006151480196,0.002214532871972318,0.16000000000000003,-0.11909265667051133,0.07535563244905807,-0.07535563244905807,-0.17279507881584008,0.041584006151480196,-0.06698961937716265,-0.06698961937716265,-0.1929104190695886,-0.2069357939254133,0.16633602460592078,0.2069357939254133,0.017777777777777778,0.019930795847750864,-0.15378700499807765,0.186082276047674,0.17937716262975778,-0.11909265667051133,0.03844675124951941,0.07111111111111111,-0.041584006151480196,-0.12456747404844293,-0.08421376393694734,-0.3188927335640138,-0.12456747404844293,-0.17937716262975778,-0.11374086889657825,-0.14173010380622836,0.08421376393694734
M3A-w4-1237,0.041584006151480196,-0.11374086889657825,0.2599000384467512,-0.017777777777777778,-0.0015378700499807767,0.14173010380622836,-0.13016532103037293,0.09842368319876971,-0.1085121107266436,0.0629911572472126,0.16633602460592078,-0.03543252595155709,0.024605920799692427,0.017777777777777778,-0.029773164167627833,-0.10340638216070744,-0.17937716262975778,0.14769703960015382,0.12456747404844293,-0.09356401384083046,-0.07111111111111111,-0.10340638216070744,0.09356401384083046,-0.03254133025759323,-0.2679584775086506,0.11374086889657825,0.186082276047674,-0.16633602460592078,-0.019930795847750864,0.14173010380622836,0.13016532103037293,-0.010396001537870049,0.21413302575932336,-0.11374086889657825,0.01384083044982699,0.11374086889657825,-0.06698961937716265,0.024605920799692427,0.01384083044982699,-0.17937716262975778,0.12456747404844293,-0.13016532103037293,0.041584006151480196,-0.2679584775086506,-0.17937716262975778,0.08882737408688965,0.14769703960015382,-0.044844290657439445,-0.0271280276816609,-0.2364628988850442,0.08882737408688965,0.041584006151480196,-0.044844290657439445,0.0629911572472126,0.11909265667051133,-0.04822760476739715,-0.186082276047674,-0.15378700499807765,-0.19986159169550174,-0.07111111111111111,-0.22145328719723184,-0.041584006151480196,-0.03254133025759323,0.03254133025759323
M3A-w4-1238,0.05173394848135333,-0.09842368319876971,0.2288965782391388,-0.05536332179930796,-0.09356401384083046,0.07111111111111111,-0.09356401384083046,0.17937716262975778,-0.13016532103037293,-0.004982698961937716,0.09842368319876971,-0.044844290657439445,0.13588619761630144,0.05536332179930796,-0.03844675124951941,-0.14769703960015382,-0.186082276047674,0.0629911572472126,0.01384083044982699,0.003014225297962322,-0.0629911572472126,-0.0271280276816609,0.07111111111111111,-0.0629911572472126,-0.17937716262975778,0.05173394848135333,0.14173010380622836,-0.16000000000000003,0.05911572472126105,0.16633602460592078,0.003936947327950788,-0.13588619761630144,0.022206843521722412,-0.10340638216070744,0.06698961937716265,0.24415224913494812,-0.14173010380622836,0.08421376393694734,-0.07972318339100345,-0.2069357939254133,-0.024605920799692427,-0.06698961937716265,-0.03254133025759323,-0.1929104190695886,-0.186082276047674,0.19986159169550174,0.13016532103037293,0.0271280276816609,0.044844290657439445,-0.16000000000000003,0.11909265667051133,0.186082276047674,-0.019930795847750864,-0.01384083044982699,0.07535563244905807,-0.04822760476739715,-0.12456747404844293,-0.09842368319876971,-0.3188927335640138,-0.09356401384083046,-0.19986159169550174,-0.16000000000000003,-0.17937716262975778,0.09842368319876971
M3A-w4-1240,-0.0005536332179930795,-0.10340638216070744,0.19986159169550174,-0.06698961937716265,-0.08421376393694734,0.008858131487889272,-0.09842368319876971,0.2288965782391388,0.002214532871972318,-0.06698961937716265,0.15378700499807765,0.13588619761630144,0.11909265667051133,0.12456747404844293,0.04822760476739715,-0.10340638216070744,-0.19986159169550174,0.024605920799692427,-0.008858131487889272,-0.044844290657439445,-0.03844675124951941,-0.04822760476739715,0.09356401384083046,-0.010396001537870049,-0.19986159169550174,0.05536332179930796,0.13588619761630144,-0.05536332179930796,0.06698961937716265,0.029773164167627833,-0.07535563244905807,-0.16633602460592078,0.0271280276816609,-0.05536332179930796,0.10340638216070744,0.2069357939254133,-0.15378700499807765,0.05173394848135333,-0.0271280276816609,-0.11374086889657825,-0.022206843521722412,-0.0005536332179930795,0.017777777777777778,-0.2288965782391388,-0.2519646289888504,0.14769703960015382,0.19986159169550174,0.06698961937716265,0.03543252595155709,-0.11909265667051133,0.15378700499807765,0.2069357939254133,-0.07111111111111111,-0.01574778931180315,0.11374086889657825,0.0271280276816609,-0.11374086889657825,-0.07111111111111111,-0.31009611687812383,-0.17937716262975778,-0.2069357939254133,-0.13016532103037293,-0.16000000000000003,0.1085121107266436
M3A-w4-1241,0.044844290657439445,-0.2288965782391388,0.1929104190695886,-0.10340638216070744,-0.04822760476739715,0.15378700499807765,-0.0271280276816609,0.10340638216070744,0.010396001537870049,0.13016532103037293,0.11374086889657825,-0.0629911572472126,0.1929104190695886,0.0005536332179930795,-0.07972318339100345,-0.13016532103037293,-0.2599000384467512,0.05173394848135333,0.11374086889657825,-0.14173010380622836,-0.03844675124951941,-0.03543252595155709,0.13016532103037293,0.0271280276816609,-0.12456747404844293,-0.16000000000000003,0.10340638216070744,-0.16633602460592078,0.022206843521722412,0.14173010380622836,0.07972318339100345,0.13016532103037293,-0.04822760476739715,-0.01574778931180315,-0.09356401384083046,0.09842368319876971,0.00024605920799692423,-0.008858131487889272,0.044844290657439445,-0.14173010380622836,0.041584006151480196,-0.03543252595155709,-0.029773164167627833,-0.12456747404844293,-0.07535563244905807,0.09842368319876971,0.186082276047674,-0.14173010380622836,-0.10340638216070744,-0.29287197231833906,0.07972318339100345,0.03844675124951941,-0.05911572472126105,0.11374086889657825,0.10340638216070744,-0.13016532103037293,-0.2519646289888504,-0.2519646289888504,-0.2519646289888504,-0.08882737408688965,-0.09842368319876971,0.06698961937716265,-0.14769703960015382,0.044844290657439445
M3A-w4-1243,0.01384083044982699,0.007443291041906958,0.2364628988850442,-0.11374086889657825,-0.09842368319876971,-0.03543252595155709,-0.07972318339100345,0.2288965782391388,-0.07111111111111111,-0.13588619761630144,0.1085121107266436,0.15378700499807765,0.09842368319876971,0.13588619761630144,0.017777777777777778,-0.11374086889657825,-0.14769703960015382,0.08421376393694734,0.01384083044982699,-0.11374086889657825,-0.022206843521722412,-0.06698961937716265,0.1085121107266436,0.03543252595155709,-0.186082276047674,0.0629911572472126,0.09356401384083046,-0.05536332179930796,0.03543252595155709,0.0271280276816609,-0.09842368319876971,-0.10340638216070744,0.0629911572472126,-0.03254133025759323,0.11374086889657825,0.14173010380622836,-0.14173010380622836,0.08421376393694734,-0.03844675124951941,-0.17279507881584008,0.010396001537870049,-0.04822760476739715,0.007443291041906958,-0.2519646289888504,-0.2364628988850442,0.17279507881584008,0.17937716262975778,0.08421376393694734,0.1085121107266436,-0.07972318339100345,0.11909265667051133,0.19986159169550174,-0.03543252595155709,0.01574778931180315,0.05911572472126105,-0.008858131487889272,-0.11374086889657825,-0.12456747404844293,-0.3014225297962323,-0.1929104190695886,-0.24415224913494812,-0.14769703960015382,-0.14173010380622836,0.09842368319876971
M3A-w4-1244,-0.029773164167627833,-0.13588619761630144,0.21413302575932336,-0.10340638216070744,-0.07535563244905807,0.03543252595155709,-0.019930795847750864,0.11909265667051133,-0.11374086889657825,-0.017777777777777778,0.11374086889657825,-0.07972318339100345,0.11374086889657825,0.0271280276816609,-0.15378700499807765,-0.06698961937716265,-0.13016532103037293,-0.07111111111111111,-0.003936947327950788,-0.12456747404844293,-0.017777777777777778,-0.07972318339100345,0.17937716262975778,-0.03254133025759323,-0.10340638216070744,-0.012056901191849288,-0.006151480199923107,-0.15378700499807765,0.09842368319876971,0.19986159169550174,-0.029773164167627833,-0.11909265667051133,0.11909265667051133,-0.10340638216070744,0.003014225297962322,0.15378700499807765,-0.1085121107266436,0.029773164167627833,-0.08421376393694734,-0.13016532103037293,-0.010396001537870049,-0.07972318339100345,-0.0629911572472126,-0.13016532103037293,-0.22145328719723184,0.08421376393694734,0.31009611687812383,0.008858131487889272,0.03844675124951941,-0.2069357939254133,0.14769703960015382,0.1085121107266436,-0.07535563244905807,0.11909265667051133,0.11374086889657825,-0.01384083044982699,-0.21413302575932336,-0.17937716262975778,-0.3839138792772011,-0.0629911572472126,-0.10340638216070744,-0.14173010380622836,-0.07535563244905807,0.08421376393694734
M3A-w4-1245,0.0629911572472126,-0.14173010380622836,0.2599000384467512,0.03844675124951941,-0.041584006151480196,-0.01384083044982699,0.003014225297962322,0.11374086889657825,-0.03254133025759323,0.09356401384083046,0.019930795847750864,0.002214532871972318,0.15378700499807765,0.03254133025759323,-0.14173010380622836,-0.07535563244905807,-0.08421376393694734,-0.08421376393694734,0.11374086889657825,-0.2519646289888504,-0.08421376393694734,-0.15378700499807765,-0.024605920799692427,0.044844290657439445,0.029773164167627833,-0.15378700499807765,0.186082276047674,-0.017777777777777778,0.05173394848135333,0.03844675124951941,0.024605920799692427,-0.1085121107266436,0.11374086889657825,-0.14769703960015382,-0.019930795847750864,0.16000000000000003,-0.13016532103037293,-0.044844290657439445,-0.044844290657439445,-0.022206843521722412,0.0629911572472126,-0.11374086889657825,-0.029773164167627833,-0.19986159169550174,-0.186082276047674,-0.000984236831987697,0.17937716262975778,-0.0629911572472126,0.08421376393694734,-0.2519646289888504,0.14173010380622836,0.041584006151480196,-0.06698961937716265,-0.07535563244905807,0.0629911572472126,-0.10340638216070744,-0.11374086889657825,-0.2679584775086506,-0.33685505574778934,-0.15378700499807765,-0.13588619761630144,0.024605920799692427,-0.06698961937716265,0.24415224913494812
M3A-w4-1246,0.13588619761630144,-0.2069357939254133,0.13588619761630144,-0.05911572472126105,0.017777777777777778,-0.01574778931180315,0.04822760476739715,0.0271280276816609,-0.36472126105344094,0.07972318339100345,0.04822760476739715,-0.09356401384083046,0.03844675124951941,-0.13588619761630144,-0.19986159169550174,-0.19986159169550174,0.09842368319876971,0.000984236831987697,0.05911572472126105,-0.007443291041906958,-0.010396001537870049,-0.2679584775086506,-0.09842368319876971,-0.17937716262975778,-0.017777777777777778,0.2519646289888504,0.044844290657439445,-0.017777777777777778,-0.07972318339100345,0.12456747404844293,0.022206843521722412,-0.09356401384083046,-0.017777777777777778,-0.08882737408688965,0.13016532103037293,0.029773164167627833,-0.29287197231833906,-0.07535563244905807,-0.07972318339100345,-0.11909265667051133,0.07535563244905807,-0.07972318339100345,-0.04822760476739715,-0.024605920799692427,-0.03844675124951941,0.2519646289888504,-0.0271280276816609,-0.002214532871972318,-0.07111111111111111,-0.08421376393694734,-0.022206843521722412,0.14769703960015382,-0.05911572472126105,-0.003936947327950788,0.11909265667051133,-0.17279507881584008,-0.000984236831987697,0.05173394848135333,-0.14173010380622836,-0.007443291041906958,-0.03844675124951941,-0.17279507881584008,-0.2679584775086506,0.07972318339100345
M3A-w4-1247,0.07111111111111111,-0.1929104190695886,0.13588619761630144,0.0271280276816609,0.07535563244905807,0.13016532103037293,-0.14173010380622836,0.12456747404844293,-0.04822760476739715,0.06698961937716265,0.15378700499807765,-0.11374086889657825,0.05536332179930796,-0.017777777777777778,-0.07535563244905807,-0.11909265667051133,-0.12456747404844293,0.1929104190695886,0.07972318339100345,-0.1085121107266436,-0.11909265667051133,0.019930795847750864,-0.019930795847750864,-0.029773164167627833,-0.2288965782391388,0.15378700499807765,0.17937716262975778,-0.1929104190695886,0.07972318339100345,0.17279507881584008,0.05536332179930796,-0.0271280276816609,0.04822760476739715,-0.11374086889657825,-0.029773164167627833,0.14173010380622836,-0.024605920799692427,0.0629911572472126,0.08882737408688965,-0.11374086889657825,0.16633602460592078,-0.17279507881584008,0.2069357939254133,-0.22145328719723184,-0.1085121107266436,0.09842368319876971,0.07111111111111111,0.01384083044982699,-0.01574778931180315,-0.33685505574778934,0.07972318339100345,0.003014225297962322,0.10340638216070744,0.07535563244905807,0.03844675124951941,0.007443291041906958,-0.24415224913494812,-0.17937716262975778,-0.19986159169550174,-0.03543252595155709,-0.08421376393694734,0.09356401384083046,-0.08882737408688965,0.09842368319876971
M3A-w4-1248,0.10340638216070744,-0.2679584775086506,0.2069357939254133,-0.003014225297962322,-0.003014225297962322,0.044844290657439445,-0.13588619761630144,0.024605920799692427,-0.24415224913494812,-0.05173394848135333,0.2288965782391388,-0.05173394848135333,0.09356401384083046,-0.05173394848135333,-0.09842368319876971,-0.186082276047674,0.004982698961937716,0.14769703960015382,0.01574778931180315,-0.01574778931180315,-0.0629911572472126,-0.16000000000000003,0.04822760476739715,-0.09842368319876971,-0.186082276047674,0.2761399461745483,0.07111111111111111,-0.09842368319876971,0.10340638216070744,0.2069357939254133,-0.003014225297962322,-0.13588619761630144,-0.00024605920799692423,-0.14769703960015382,0.11909265667051133,0.16633602460592078,-0.2761399461745483,-0.08421376393694734,-0.04822760476739715,-0.07111111111111111,0.05536332179930796,-0.15378700499807765,0.012056901191849288,-0.03844675124951941,-0.06698961937716265,0.14769703960015382,0.041584006151480196,0.09356401384083046,0.022206843521722412,-0.17937716262975778,0.007443291041906958,0.08882737408688965,0.07111111111111111,0.03254133025759323,0.07111111111111111,-0.09842368319876971,-0.12456747404844293,-0.09842368319876971,-0.2679584775086506,-0.07972318339100345,-0.01574778931180315,-0.019930795847750864,-0.186082276047674,0.09356401384083046
M3A-w4-1249,0.1929104190695886,-0.34602076124567477,0.07972318339100345,-0.0629911572472126,0.05911572472126105,0.003936947327950788,-0.04822760476739715,-0.03844675124951941,-0.22145328719723184,-0.029773164167627833,0.22145328719723184,-0.041584006151480196,0.0271280276816609,-0.09356401384083046,-0.1085121107266436,-0.2679584775086506,0.13016532103037293,-0.006151480199923107,-0.07972318339100345,0.03543252595155709,-0.08421376393694734,-0.2069357939254133,-0.11374086889657825,-0.13588619761630144,-0.041584006151480196,0.17937716262975778,0.09356401384083046,-0.024605920799692427,0.029773164167627833,0.08882737408688965,0.017777777777777778,-0.08882737408688965,-0.1085121107266436,-0.1085121107266436,0.15378700499807765,0.13016532103037293,-0.33685505574778934,-0.12456747404844293,-0.041584006151480196,0.022206843521722412,-0.002214532871972318,-0.10340638216070744,0.07535563244905807,-0.00024605920799692423,0.024605920799692427,0.13016532103037293,-0.13588619761630144,0.05536332179930796,-0.07111111111111111,-0.022206843521722412,-0.07111111111111111,0.05536332179930796,0.03844675124951941,0.11374086889657825,0.1085121107266436,-0.08421376393694734,-0.03254133025759323,-0.03844675124951941,-0.186082276047674,-0.05911572472126105,0.03254133025759323,0.017777777777777778,-0.2679584775086506,0.2288965782391388
M3A-w4-1250,0.13016532103037293,-0.24415224913494812,0.11909265667051133,0.003936947327950788,0.04822760476739715,-0.05911572472126105,-0.04822760476739715,0.08882737408688965,-0.29287197231833906,0.029773164167627833,0.09842368319876971,-0.1085121107266436,0.1085121107266436,-0.13016532103037293,-0.1929104190695886,-0.21413302575932336,0.0629911572472126,0.186082276047674,0.002214532871972318,0.05536332179930796,-0.0629911572472126,-0.09842368319876971,-0.019930795847750864,-0.044844290657439445,0.044844290657439445,0.29287197231833906,0.05173394848135333,-0.06698961937716265,0.13588619761630144,0.05911572472126105,-0.07535563244905807,-0.09356401384083046,-0.10340638216070744,-0.06698961937716265,0.2364628988850442,-0.010396001537870049,-0.2761399461745483,-0.12456747404844293,-0.012056901191849288,-0.2519646289888504,6.151480199923106e-05,-0.16000000000000003,0.008858131487889272,-0.01384083044982699,-0.01384083044982699,0.19986159169550174,-0.05911572472126105,0.11909265667051133,0.0271280276816609,-0.044844290657439445,-0.024605920799692427,0.07111111111111111,0.05536332179930796,0.07972318339100345,0.11909265667051133,-0.13016532103037293,0.017777777777777778,-0.06698961937716265,-0.24415224913494812,-0.09356401384083046,0.003014225297962322,-0.04822760476739715,-0.19986159169550174,0.11374086889657825
M3A-w4-1251,0.08421376393694734,-0.05911572472126105,0.24415224913494812,0.03254133025759323,0.01384083044982699,0.09356401384083046,-0.1085121107266436,0.044844290657439445,-0.34602076124567477,0.007443291041906958,0.16000000000000003,-0.0271280276816609,0.08882737408688965,-0.07535563244905807,-0.11374086889657825,-0.12456747404844293,0.041584006151480196,0.16633602460592078,0.13016532103037293,-0.024605920799692427,-0.06698961937716265,-0.09356401384083046,0.12456747404844293,-0.05911572472126105,-0.13588619761630144,0.2288965782391388,-0.003936947327950788,-0.1085121107266436,0.04822760476739715,0.16633602460592078,-0.004982698961937716,0.11909265667051133,0.008858131487889272,-0.2599000384467512,0.11909265667051133,0.029773164167627833,-0.2519646289888504,-0.08882737408688965,-0.2069357939254133,-0.05911572472126105,0.09356401384083046,-0.186082276047674,-0.05911572472126105,-0.044844290657439445,0.07535563244905807,0.22145328719723184,0.05173394848135333,0.0629911572472126,-0.017777777777777778,-0.09842368319876971,0.022206843521722412,0.029773164167627833,0.0005536332179930795,0.022206843521722412,0.15378700499807765,-0.1085121107266436,-0.1085121107266436,-0.09842368319876971,-0.3014225297962323,-0.12456747404844293,-0.03254133025759323,-0.08421376393694734,-0.14769703960015382,-0.006151480199923107
M3A-w4-1252,0.09842368319876971,-0.03254133025759323,0.2679584775086506,-0.01384083044982699,-0.019930795847750864,0.1085121107266436,-0.024605920799692427,0.07111111111111111,-0.3188927335640138,0.044844290657439445,0.1085121107266436,-0.09842368319876971,0.07535563244905807,0.0271280276816609,-0.17937716262975778,-0.15378700499807765,0.01574778931180315,0.14769703960015382,0.10340638216070744,-0.012056901191849288,-0.05173394848135333,-0.11374086889657825,0.15378700499807765,-0.10340638216070744,-0.13588619761630144,0.21413302575932336,-0.01384083044982699,-0.06698961937716265,0.029773164167627833,0.16633602460592078,0.01384083044982699,-0.06698961937716265,0.029773164167627833,-0.2069357939254133,0.07972318339100345,0.024605920799692427,-0.3014225297962323,-0.019930795847750864,-0.17279507881584008,-0.16633602460592078,0.05536332179930796,-0.1929104190695886,-0.07535563244905807,-0.14769703960015382,-0.06698961937716265,0.2519646289888504,0.03254133025759323,0.05911572472126105,0.029773164167627833,-0.10340638216070744,0.04822760476739715,0.14173010380622836,0.01384083044982699,-0.0271280276816609,0.11909265667051133,-0.09356401384083046,-0.1085121107266436,-0.03254133025759323,-0.2288965782391388,-0.07535563244905807,-0.05536332179930796,-0.1929104190695886,-0.14173010380622836,0.00024605920799692423
M3A-w4-1253,0.0629911572472126,-0.08882737408688965,0.22145328719723184,0.019930795847750864,-0.008858131487889272,0.0271280276816609,-0.05536332179930796,0.1085121107266436,-0.3188927335640138,0.07535563244905807,0.03254133025759323,-0.08882737408688965,0.15378700499807765,-0.024605920799692427,-0.17279507881584008,-0.22145328719723184,-0.0271280276816609,0.16000000000000003,0.05173394848135333,0.03543252595155709,-0.06698961937716265,-0.04822760476739715,0.09356401384083046,-0.05173394848135333,-0.10340638216070744,0.21413302575932336,0.022206843521722412,-0.07111111111111111,0.13588619761630144,0.13588619761630144,-0.019930795847750864,-0.1085121107266436,0.03844675124951941,-0.12456747404844293,0.186082276047674,0.11374086889657825,-0.2364628988850442,-0.01574778931180315,-0.09842368319876971,-0.16633602460592078,-0.007443291041906958,-0.13588619761630144,-0.05911572472126105,-0.12456747404844293,-0.0629911572472126,0.2761399461745483,0.03254133025759323,0.11374086889657825,0.0629911572472126,-0.07111111111111111,0.017777777777777778,0.19986159169550174,0.0271280276816609,-0.03543252595155709,0.09842368319876971,-0.16633602460592078,-0.11374086889657825,-0.07535563244905807,-0.2599000384467512,-0.13588619761630144,-0.11374086889657825,-0.16633602460592078,-0.14769703960015382,0.029773164167627833
M3A-w4-1255,0.1085121107266436,-0.16633602460592078,0.17279507881584008,-0.06698961937716265,0.002214532871972318,0.022206843521722412,0.004982698961937716,-0.003014225297962322,-0.3278123798539023,0.019930795847750864,0.06698961937716265,-0.11909265667051133,0.03844675124951941,-0.044844290657439445,-0.17279507881584008,-0.2679584775086506,0.0629911572472126,0.1085121107266436,0.05173394848135333,0.0271280276816609,-0.029773164167627833,-0.17937716262975778,0.03844675124951941,-0.11909265667051133,-0.06698961937716265,0.2364628988850442,0.05536332179930796,-0.09356401384083046,0.024605920799692427,0.16633602460592078,0.08421376393694734,-0.05536332179930796,-0.044844290657439445,-0.2288965782391388,0.1085121107266436,0.003014225297962322,-0.37425605536332185,-0.10340638216070744,-0.03844675124951941,-0.14173010380622836,0.0629911572472126,-0.186082276047674,-0.05536332179930796,-0.1085121107266436,-0.017777777777777778,0.2069357939254133,-0.012056901191849288,0.004982698961937716,-0.003936947327950788,-0.16633602460592078,0.017777777777777778,0.14173010380622836,0.010396001537870049,0.044844290657439445,0.12456747404844293,-0.11374086889657825,-0.0629911572472126,-0.007443291041906958,-0.17937716262975778,-0.07972318339100345,-0.05911572472126105,-0.10340638216070744,-0.1929104190695886,0.04822760476739715
M3A-w4-1256,0.10340638216070744,-0.17937716262975778,-0.003014225297962322,0.0629911572472126,0.05536332179930796,0.15378700499807765,-0.21413302575932336,0.017777777777777778,-0.12456747404844293,0.10340638216070744,0.31009611687812383,-0.05911572472126105,0.05173394848135333,-0.05173394848135333,-0.0271280276816609,-0.1085121107266436,0.022206843521722412,0.1929104190695886,0.06698961937716265,0.007443291041906958,-0.13588619761630144,-0.019930795847750864,-0.04822760476739715,-0.05536332179930796,-0.29287197231833906,0.12456747404844293,0.044844290657439445,-0.17937716262975778,0.13588619761630144,0.1929104190695886,-0.029773164167627833,0.01574778931180315,0.07111111111111111,-0.21413302575932336,-0.017777777777777778,0.186082276047674,-0.14173010380622836,-0.029773164167627833,0.017777777777777778,0.004982698961937716,0.16000000000000003,-0.17279507881584008,0.16000000000000003,-0.17279507881584008,-0.0271280276816609,0.01384083044982699,0.08882737408688965,0.0271280276816609,-0.05173394848135333,-0.1929104190695886,0.08882737408688965,-0.03254133025759323,0.17279507881584008,-0.01574778931180315,0.041584006151480196,0.07111111111111111,-0.21413302575932336,-0.11909265667051133,-0.24415224913494812,-0.13016532103037293,-0.01384083044982699,0.03844675124951941,-0.11909265667051133,0.1085121107266436
M3A-w4-1260,0.04822760476739715,-0.16000000000000003,0.08421376393694734,0.029773164167627833,0.05536332179930796,0.15378700499807765,-0.16633602460592078,0.08882737408688965,-0.11909265667051133,0.13016532103037293,0.2288965782391388,-0.09356401384083046,0.05536332179930796,-0.03543252595155709,-0.05536332179930796,-0.09842368319876971,-0.07535563244905807,0.22145328719723184,0.07535563244905807,-0.06698961937716265,-0.13016532103037293,-0.044844290657439445,-0.010396001537870049,-0.03844675124951941,-0.2599000384467512,0.16000000000000003,0.11374086889657825,-0.14173010380622836,0.03844675124951941,0.16000000000000003,0.03543252595155709,-0.003936947327950788,0.05911572472126105,-0.17279507881584008,0.003014225297962322,0.09842368319876971,-0.07111111111111111,0.03844675124951941,0.017777777777777778,-0.05911572472126105,0.19986159169550174,-0.2288965782391388,0.186082276047674,-0.24415224913494812,-0.09842368319876971,0.10340638216070744,0.12456747404844293,-0.017777777777777778,-0.024605920799692427,-0.29287197231833906,0.08421376393694734,0.010396001537870049,0.186082276047674,0.07535563244905807,0.05536332179930796,0.022206843521722412,-0.22145328719723184,-0.1085121107266436,-0.22145328719723184,-0.0629911572472126,-0.08421376393694734,0.044844290657439445,-0.09356401384083046,0.0629911572472126
M3A-w4-1261,0.09842368319876971,-0.31009611687812383,0.17279507881584008,-0.04822760476739715,-0.05173394848135333,0.03844675124951941,-0.2288965782391388,-0.0271280276816609,-0.17937716262975778,0.05173394848135333,0.2364628988850442,-0.05911572472126105,0.09842368319876971,-0.07111111111111111,-0.06698961937716265,-0.14769703960015382,0.010396001537870049,0.07111111111111111,-0.03254133025759323,-0.09842368319876971,-0.05173394848135333,-0.0629911572472126,0.03543252595155709,-0.044844290657439445,-0.34602076124567477,0.029773164167627833,0.07111111111111111,-0.08421376393694734,0.10340638216070744,0.21413302575932336,-0.010396001537870049,-0.14769703960015382,0.11374086889657825,-0.19986159169550174,-0.008858131487889272,0.24415224913494812,-0.14769703960015382,-0.00024605920799692423,-0.0629911572472126,0.04822760476739715,-0.07972318339100345,-0.09356401384083046,0.07972318339100345,-0.09356401384083046,-0.07972318339100345,0.17937716262975778,0.01384083044982699,0.13016532103037293,0.041584006151480196,-0.19986159169550174,0.0629911572472126,0.12456747404844293,0.008858131487889272,-0.01574778931180315,0.03844675124951941,-0.03543252595155709,-0.14173010380622836,-0.08421376393694734,-0.2599000384467512,-0.03844675124951941,-0.041584006151480196,-0.07972318339100345,-0.12456747404844293,0.11374086889657825
M3A-w4-1262,0.14173010380622836,-0.12456747404844293,0.2761399461745483,-0.08882737408688965,-0.0005536332179930795,-0.03543252595155709,0.01574778931180315,-0.024605920799692427,-0.3278123798539023,0.007443291041906958,0.04822760476739715,-0.04822760476739715,0.07535563244905807,-0.07972318339100345,-0.16633602460592078,-0.2288965782391388,0.11909265667051133,0.17937716262975778,0.14173010380622836,-0.01384083044982699,-0.003014225297962322,-0.041584006151480196,-0.019930795847750864,-0.08882737408688965,-0.11909265667051133,0.14769703960015382,-0.022206843521722412,-0.07972318339100345,0.08882737408688965,0.14173010380622836,0.09842368319876971,-0.10340638216070744,0.022206843521722412,-0.14769703960015382,0.13016532103037293,0.041584006151480196,-0.34602076124567477,-0.05536332179930796,-0.12456747404844293,-0.2364628988850442,-0.017777777777777778,-0.12456747404844293,-0.11374086889657825,-0.11374086889657825,0.008858131487889272,0.24415224913494812,-0.0271280276816609,0.09356401384083046,0.05536332179930796,-0.022206843521722412,-0.0271280276816609,0.15378700499807765,-0.1085121107266436,-0.03543252595155709,0.13588619761630144,-0.14769703960015382,-0.044844290657439445,-0.08421376393694734,-0.11374086889657825,-0.07111111111111111,-0.08421376393694734,-0.11374086889657825,-0.186082276047674,0.01574778931180315
M3A-w4-1263,0.14173010380622836,-0.19986159169550174,0.15378700499807765,0.002214532871972318,0.06698961937716265,-0.007443291041906958,-0.05173394848135333,0.08421376393694734,-0.39369473279507883,0.13588619761630144,0.14769703960015382,-0.008858131487889272,0.16633602460592078,-0.08421376393694734,-0.186082276047674,-0.19986159169550174,0.13588619761630144,0.16633602460592078,0.05173394848135333,-0.029773164167627833,-0.07972318339100345,-0.14173010380622836,-0.003014225297962322,-0.07111111111111111,-0.07535563244905807,0.2069357939254133,0.03844675124951941,-0.041584006151480196,0.07111111111111111,0.10340638216070744,-0.11374086889657825,-0.08421376393694734,0.07972318339100345,-0.08882737408688965,0.21413302575932336,0.07535563244905807,-0.22145328719723184,-0.13016532103037293,-0.06698961937716265,-0.11374086889657825,0.04822760476739715,-0.13588619761630144,0.044844290657439445,-0.09356401384083046,-0.029773164167627833,0.2288965782391388,-0.0629911572472126,0.19986159169550174,0.03254133025759323,-0.007443291041906958,0.010396001537870049,0.14173010380622836,0.022206843521722412,-0.05173394848135333,0.11374086889657825,-0.13588619761630144,-0.004982698961937716,-0.08882737408688965,-0.17937716262975778,-0.11909265667051133,-0.05911572472126105,-0.07535563244905807,-0.1085121107266436,0.12456747404844293
M3A-w4-1264,0.06698961937716265,-0.11374086889657825,0.04822760476739715,0.024605920799692427,0.07111111111111111,0.09356401384083046,-0.07111111111111111,0.11374086889657825,-0.22145328719723184,0.13588619761630144,0.1085121107266436,-0.06698961937716265,0.11374086889657825,-0.05911572472126105,-0.09842368319876971,-0.186082276047674,-0.07535563244905807,0.14173010380622836,0.06698961937716265,-0.0629911572472126,-0.17937716262975778,-0.13016532103037293,-0.12456747404844293,-0.0629911572472126,-0.09842368319876971,0.2599000384467512,0.17937716262975778,-0.1085121107266436,0.04822760476739715,0.09842368319876971,-0.05911572472126105,0.08421376393694734,0.03844675124951941,-0.17279507881584008,0.05911572472126105,0.07972318339100345,-0.08421376393694734,-0.1085121107266436,0.05536332179930796,0.022206843521722412,0.2364628988850442,-0.17279507881584008,0.17937716262975778,-0.3278123798539023,-0.03844675124951941,0.09842368319876971,0.1085121107266436,-0.024605920799692427,-0.04822760476739715,-0.24415224913494812,0.05911572472126105,0.041584006151480196,0.19986159169550174,0.022206843521722412,0.019930795847750864,-0.06698961937716265,-0.09842368319876971,-0.11374086889657825,-0.2599000384467512,-0.16000000000000003,-0.03543252595155709,0.008858131487889272,-0.06698961937716265,0.07111111111111111
M3A-w4-1266,0.13016532103037293,-0.3014225297962323,0.2679584775086506,-0.05911572472126105,0.003014225297962322,-0.03543252595155709,-0.12456747404844293,-0.024605920799692427,-0.1929104190695886,-0.0629911572472126,0.2069357939254133,-0.024605920799692427,0.05536332179930796,-0.07972318339100345,-0.11909265667051133,-0.186082276047674,0.08421376393694734,0.15378700499807765,0.006151480199923107,0.003936947327950788,-0.019930795847750864,-0.08421376393694734,0.05173394848135333,-0.041584006151480196,-0.17937716262975778,0.17937716262975778,-0.01384083044982699,-0.07535563244905807,0.13588619761630144,0.17937716262975778,0.06698961937716265,-0.15378700499807765,-0.007443291041906958,-0.16000000000000003,0.14769703960015382,0.0629911572472126,-0.34602076124567477,-0.01574778931180315,-0.04822760476739715,-0.14173010380622836,-0.09842368319876971,-0.17279507881584008,-0.04822760476739715,-0.01384083044982699,-0.010396001537870049,0.16000000000000003,-0.08882737408688965,0.14769703960015382,0.07535563244905807,-0.03254133025759323,-0.01574778931180315,0.08882737408688965,-0.07972318339100345,0.05173394848135333,0.13016532103037293,-0.16000000000000003,-0.06698961937716265,-0.11374086889657825,-0.17937716262975778,-0.03844675124951941,-0.01574778931180315,-0.03844675124951941,-0.21413302575932336,0.06698961937716265
M3A-w4-1267,0.03543252595155709,-0.24415224913494812,0.05911572472126105,0.008858131487889272,-0.003936947327950788,-0.03543252595155709,-0.1929104190695886,0.041584006151480196,-0.17279507881584008,0.006151480199923107,0.2288965782391388,-0.09842368319876971,0.09356401384083046,-0.05173394848135333,-0.05911572472126105,-0.22145328719723184,-0.16000000000000003,0.13016532103037293,0.017777777777777778,-0.04822760476739715,-0.13016532103037293,-0.03844675124951941,0.003936947327950788,-0.06698961937716265,-0.22145328719723184,0.15378700499807765,0.0271280276816609,-0.1085121107266436,0.17279507881584008,0.19986159169550174,-0.01384083044982699,-0.13016532103037293,0.09842368319876971,-0.14173010380622836,0.07111111111111111,0.2519646289888504,-0.12456747404844293,0.012056901191849288,-0.0271280276816609,-0.03254133025759323,0.05911572472126105,-0.13016532103037293,0.08421376393694734,-0.11909265667051133,-0.11909265667051133,0.13016532103037293,0.16000000000000003,0.08882737408688965,0.017777777777777778,-0.22145328719723184,0.05173394848135333,0.07535563244905807,0.1085121107266436,0.022206843521722412,0.03844675124951941,0.09356401384083046,-0.2069357939254133,-0.11909265667051133,-0.3188927335640138,-0.13016532103037293,-0.07535563244905807,-0.05536332179930796,-0.01384083044982699,0.1085121107266436
M3A-w4-1269,0.04822760476739715,-0.2364628988850442,0.24415224913494812,-0.004982698961937716,-0.041584006151480196,0.07972318339100345,-0.07972318339100345,0.16000000000000003,-0.3188927335640138,0.01384083044982699,0.12456747404844293,-0.08882737408688965,0.0629911572472126,0.006151480199923107,-0.10340638216070744,-0.28444444444444444,-0.044844290657439445,0.186082276047674,0.004982698961937716,0.04822760476739715,-0.05173394848135333,-0.10340638216070744,0.06698961937716265,-0.11374086889657825,-0.11374086889657825,0.029773164167627833,0.03844675124951941,-0.09842368319876971,-0.041584006151480196,0.2364628988850442,0.13016532103037293,0.08421376393694734,0.07972318339100345,-0.05173394848135333,0.003014225297962322,0.11909265667051133,-0.2069357939254133,-0.14769703960015382,-0.06698961937716265,0.04822760476739715,-0.05173394848135333,-0.017777777777777778,-0.07111111111111111,-0.10340638216070744,-0.024605920799692427,0.24415224913494812,0.11909265667051133,0.012056901191849288,-0.09356401384083046,-0.2364628988850442,0.07111111111111111,0.07972318339100345,-0.041584006151480196,0.05911572472126105,0.16633602460592078,-0.09356401384083046,-0.17279507881584008,-0.08882737408688965,-0.2679584775086506,-0.03844675124951941,-0.012056901191849288,-0.1085121107266436,-0.11909265667051133,-0.07535563244905807
M3A-w4-1283,0.13016532103037293,0.01384083044982699,0.22145328719723184,-0.186082276047674,-0.08882737408688965,0.24415224913494812,0.024605920799692427,0.1929104190695886,-0.09356401384083046,0.10340638216070744,0.14173010380622836,-0.13588619761630144,0.07111111111111111,0.04822760476739715,-0.05536332179930796,-0.07535563244905807,0.044844290657439445,0.12456747404844293,0.04822760476739715,-0.2599000384467512,-0.007443291041906958,-0.11374086889657825,-0.01384083044982699,-0.14173010380622836,-0.13016532103037293,-0.03543252595155709,0.1085121107266436,-0.07972318339100345,0.05173394848135333,0.3553094963475586,0.14173010380622836,0.13588619761630144,0.1085121107266436,-0.04822760476739715,-0.04822760476739715,0.007443291041906958,-0.12456747404844293,0.09842368319876971,-0.041584006151480196,-0.19986159169550174,0.11374086889657825,-0.022206843521722412,0.029773164167627833,-0.29287197231833906,0.041584006151480196,-0.04822760476739715,-0.044844290657439445,-0.022206843521722412,-0.024605920799692427,-0.2069357939254133,0.0629911572472126,-0.012056901191849288,-0.05911572472126105,0.004982698961937716,0.22145328719723184,0.01574778931180315,-0.08421376393694734,-0.13016532103037293,-0.11374086889657825,0.13016532103037293,-0.06698961937716265,-0.11909265667051133,-0.16633602460592078,0.05536332179930796
M3A-w4-1291,0.11909265667051133,-0.03254133025759323,0.2288965782391388,-0.14173010380622836,-0.024605920799692427,0.09842368319876971,-0.11909265667051133,0.1085121107266436,-0.0271280276816609,0.11374086889657825,0.06698961937716265,-0.07972318339100345,0.01384083044982699,-0.10340638216070744,0.0271280276816609,0.003014225297962322,-0.06698961937716265,0.11374086889657825,0.21413302575932336,-0.14173010380622836,-0.1085121107266436,-0.13588619761630144,-0.10340638216070744,0.012056901191849288,-0.21413302575932336,0.03844675124951941,0.17279507881584008,-0.15378700499807765,0.05173394848135333,0.044844290657439445,0.16000000000000003,0.05536332179930796,0.11374086889657825,-0.14173010380622836,-0.11374086889657825,-0.024605920799692427,-0.07972318339100345,0.12456747404844293,0.09842368319876971,-0.2288965782391388,0.2288965782391388,-0.1085121107266436,0.186082276047674,-0.2364628988850442,-0.08882737408688965,0.07111111111111111,-0.029773164167627833,-0.21413302575932336,-0.03543252595155709,-0.31009611687812383,0.029773164167627833,-0.05536332179930796,0.044844290657439445,0.024605920799692427,0.08421376393694734,-0.12456747404844293,-0.03254133025759323,-0.09842368319876971,-0.13016532103037293,0.1085121107266436,-0.15378700499807765,0.08421376393694734,-0.186082276047674,-0.08421376393694734
M3A-w4-1293,0.13588619761630144,-0.08421376393694734,0.2288965782391388,-0.0629911572472126,0.05536332179930796,0.13588619761630144,-0.17279507881584008,0.09356401384083046,-0.03844675124951941,0.11374086889657825,0.11909265667051133,-0.07111111111111111,-0.007443291041906958,-0.1085121107266436,-0.0271280276816609,-0.03844675124951941,-0.1085121107266436,0.11909265667051133,0.186082276047674,-0.14769703960015382,-0.12456747404844293,-0.07972318339100345,-0.03543252595155709,0.044844290657439445,-0.2519646289888504,0.05911572472126105,0.17279507881584008,-0.186082276047674,-0.004982698961937716,0.13016532103037293,0.17937716262975778,0.0271280276816609,0.186082276047674,-0.16633602460592078,-0.06698961937716265,0.03543252595155709,-0.08882737408688965,0.11374086889657825,0.08421376393694734,-0.19986159169550174,0.16633602460592078,-0.10340638216070744,0.14173010380622836,-0.24415224913494812,-0.04822760476739715,0.10340638216070744,0.041584006151480196,-0.13588619761630144,-0.03844675124951941,-0.31009611687812383,0.06698961937716265,-0.0271280276816609,-0.01574778931180315,0.008858131487889272,0.09356401384083046,-0.09356401384083046,-0.08882737408688965,-0.12456747404844293,-0.14769703960015382,0.13588619761630144,-0.16633602460592078,0.07535563244905807,-0.14173010380622836,-0.04822760476739715
M3A-w4-1294,0.13588619761630144,-0.09356401384083046,0.14769703960015382,-0.03844675124951941,0.07111111111111111,0.09356401384083046,-0.029773164167627833,0.2288965782391388,-0.06698961937716265,0.13016532103037293,0.05911572472126105,-0.05173394848135333,0.05173394848135333,-0.09356401384083046,6.151480199923106e-05,-0.05911572472126105,-0.01574778931180315,0.03543252595155709,0.14173010380622836,-0.11909265667051133,-0.13588619761630144,-0.13016532103037293,-0.2288965782391388,-0.07972318339100345,-0.05173394848135333,0.09842368319876971,0.31009611687812383,-0.16633602460592078,0.07535563244905807,0.08421376393694734,0.07535563244905807,0.1929104190695886,-0.022206843521722412,-0.05536332179930796,-0.08421376393694734,-0.012056901191849288,-0.05173394848135333,0.08882737408688965,0.1929104190695886,-0.12456747404844293,0.21413302575932336,-0.03844675124951941,0.1929104190695886,-0.3188927335640138,-0.003014225297962322,0.017777777777777778,-0.16000000000000003,-0.09356401384083046,-0.11374086889657825,-0.29287197231833906,0.044844290657439445,-0.017777777777777778,0.017777777777777778,0.022206843521722412,0.08421376393694734,-0.10340638216070744,0.008858131487889272,-0.17937716262975778,-0.11909265667051133,0.07111111111111111,-0.003014225297962322,0.09842368319876971,-0.1929104190695886,0.07111111111111111
M3A-w4-1302,0.16633602460592078,-0.11374086889657825,0.2288965782391388,-0.09356401384083046,0.05911572472126105,0.07972318339100345,-0.09842368319876971,0.2288965782391388,-0.1085121107266436,0.186082276047674,0.006151480199923107,0.003936947327950788,0.03543252595155709,-0.07972318339100345,-0.022206843521722412,-0.07111111111111111,-0.06698961937716265,0.07111111111111111,0.186082276047674,-0.05911572472126105,-0.13016532103037293,-0.11374086889657825,-0.17937716262975778,-0.05536332179930796,-0.07535563244905807,-0.002214532871972318,0.2761399461745483,-0.13588619761630144,0.019930795847750864,0.04822760476739715,0.05173394848135333,0.15378700499807765,0.019930795847750864,-0.07535563244905807,-0.11909265667051133,-0.019930795847750864,-0.06698961937716265,0.10340638216070744,0.14769703960015382,-0.16633602460592078,0.16000000000000003,-0.0629911572472126,0.17279507881584008,-0.3188927335640138,-0.006151480199923107,0.13016532103037293,-0.07535563244905807,-0.19986159169550174,-0.14769703960015382,-0.2679584775086506,0.1085121107266436,-0.022206843521722412,0.03844675124951941,-0.05911572472126105,0.07111111111111111,-0.15378700499807765,-0.04822760476739715,-0.1085121107266436,-0.13016532103037293,0.08882737408688965,-0.05536332179930796,0.07535563244905807,-0.17937716262975778,-0.07535563244905807
M3A-w4-1309,0.13588619761630144,-0.06698961937716265,0.19986159169550174,-0.022206843521722412,0.03254133025759323,0.13016532103037293,-0.11374086889657825,0.14769703960015382,-0.10340638216070744,0.2364628988850442,0.11909265667051133,-0.07111111111111111,0.07111111111111111,-0.07535563244905807,-0.012056901191849288,-0.03543252595155709,-0.044844290657439445,0.05173394848135333,0.2069357939254133,-0.08421376393694734,-0.13016532103037293,-0.17279507881584008,-0.12456747404844293,-0.03543252595155709,-0.17937716262975778,0.13588619761630144,0.2288965782391388,-0.16000000000000003,0.044844290657439445,0.08421376393694734,0.07535563244905807,0.12456747404844293,0.0629911572472126,-0.15378700499807765,-0.09842368319876971,0.019930795847750864,-0.10340638216070744,0.11374086889657825,0.07972318339100345,-0.17279507881584008,0.24415224913494812,-0.12456747404844293,0.14769703960015382,-0.2761399461745483,-0.07535563244905807,0.08882737408688965,-0.00024605920799692423,-0.17279507881584008,-0.12456747404844293,-0.2519646289888504,0.07111111111111111,-0.019930795847750864,0.03844675124951941,-0.017777777777777778,0.07535563244905807,-0.1085121107266436,-0.0271280276816609,-0.10340638216070744,-0.17279507881584008,0.01384083044982699,-0.11374086889657825,0.006151480199923107,-0.1929104190695886,-0.03543252595155709
M3A-w4-1310,0.14769703960015382,-0.06698961937716265,0.22145328719723184,-0.008858131487889272,0.03543252595155709,0.16000000000000003,-0.13588619761630144,0.11374086889657825,-0.024605920799692427,0.186082276047674,0.14173010380622836,-0.06698961937716265,0.029773164167627833,-0.09842368319876971,0.041584006151480196,0.0271280276816609,-0.05911572472126105,0.11374086889657825,0.22145328719723184,-0.11909265667051133,-0.09842368319876971,-0.14769703960015382,-0.03543252595155709,0.044844290657439445,-0.186082276047674,0.11909265667051133,0.22145328719723184,-0.17937716262975778,0.04822760476739715,0.08421376393694734,0.12456747404844293,0.05536332179930796,0.13588619761630144,-0.186082276047674,-0.09356401384083046,0.017777777777777778,-0.07972318339100345,0.07972318339100345,0.044844290657439445,-0.19986159169550174,0.22145328719723184,-0.10340638216070744,0.14173010380622836,-0.22145328719723184,-0.1085121107266436,0.09356401384083046,0.05173394848135333,-0.17279507881584008,-0.05911572472126105,-0.2679584775086506,0.03254133025759323,-0.08421376393694734,0.0015378700499807767,0.012056901191849288,0.09842368319876971,-0.1085121107266436,-0.09356401384083046,-0.15378700499807765,-0.13588619761630144,0.03543252595155709,-0.14769703960015382,0.06698961937716265,-0.19986159169550174,-0.03844675124951941
M3A-w4-1332,0.1085121107266436,-0.04822760476739715,0.16633602460592078,-0.05911572472126105,0.029773164167627833,0.11374086889657825,-0.10340638216070744,0.15378700499807765,-0.05173394848135333,0.13016532103037293,0.07972318339100345,-0.05911572472126105,0.06698961937716265,-0.11909265667051133,0.041584006151480196,-0.03254133025759323,-0.0629911572472126,0.07972318339100345,0.22145328719723184,-0.09842368319876971,-0.11909265667051133,-0.2069357939254133,-0.08421376393694734,0.003936947327950788,-0.16633602460592078,0.13588619761630144,0.2288965782391388,-0.17937716262975778,0.029773164167627833,0.06698961937716265,0.10340638216070744,0.08882737408688965,0.09842368319876971,-0.13588619761630144,-0.044844290657439445,0.022206843521722412,-0.04822760476739715,0.06698961937716265,0.13588619761630144,-0.17937716262975778,0.2519646289888504,-0.12456747404844293,0.1929104190695886,-0.2364628988850442,-0.07972318339100345,0.09356401384083046,0.024605920799692427,-0.17279507881584008,-0.0629911572472126,-0.33685505574778934,0.07535563244905807,-0.0629911572472126,0.008858131487889272,0.0271280276816609,0.1085121107266436,-0.15378700499807765,-0.03844675124951941,-0.09356401384083046,-0.15378700499807765,0.05536332179930796,-0.14173010380622836,0.09842368319876971,-0.16633602460592078,-0.0629911572472126
M3A-w4-1336,0.01574778931180315,-0.0629911572472126,0.16000000000000003,0.041584006151480196,-0.002214532871972318,0.10340638216070744,-0.13016532103037293,0.0015378700499807767,-0.11909265667051133,0.16633602460592078,0.13588619761630144,-0.08882737408688965,0.05536332179930796,-0.0629911572472126,-0.09842368319876971,-0.12456747404844293,-0.022206843521722412,0.3553094963475586,0.08421376393694734,-0.05536332179930796,-0.12456747404844293,0.0271280276816609,0.022206843521722412,-0.017777777777777778,-0.28444444444444444,0.16633602460592078,-0.029773164167627833,-0.09842368319876971,0.09356401384083046,0.09842368319876971,0.13016532103037293,-0.0629911572472126,0.08882737408688965,-0.2519646289888504,0.05911572472126105,0.08421376393694734,-0.16633602460592078,-0.03543252595155709,-0.03844675124951941,-0.03543252595155709,0.22145328719723184,-0.13016532103037293,0.05536332179930796,-0.16000000000000003,-0.01384083044982699,0.11374086889657825,0.11909265667051133,0.07111111111111111,-0.07111111111111111,-0.13588619761630144,-0.003014225297962322,0.044844290657439445,0.19986159169550174,0.05536332179930796,0.13016532103037293,0.07972318339100345,-0.22145328719723184,-0.06698961937716265,-0.2679584775086506,-0.08421376393694734,-0.1929104190695886,-0.05173394848135333,-0.12456747404844293,0.05911572472126105
M3A-w4-1344,0.06698961937716265,-0.2599000384467512,0.186082276047674,0.044844290657439445,-0.03254133025759323,0.05536332179930796,-0.03543252595155709,0.05536332179930796,-0.17937716262975778,0.16633602460592078,0.17937716262975778,-0.03254133025759323,0.06698961937716265,0.007443291041906958,-0.11909265667051133,-0.08421376393694734,-0.007443291041906958,-0.010396001537870049,0.05911572472126105,-0.11909265667051133,-0.03543252595155709,-0.17937716262975778,-0.017777777777777778,-0.16000000000000003,-0.31009611687812383,0.017777777777777778,0.12456747404844293,-0.08421376393694734,-0.12456747404844293,0.2069357939254133,0.05536332179930796,-0.08882737408688965,0.14173010380622836,-0.2288965782391388,-0.041584006151480196,0.1085121107266436,-0.21413302575932336,0.029773164167627833,-0.05911572472126105,0.05536332179930796,0.04822760476739715,-0.008858131487889272,0.05173394848135333,-0.2364628988850442,-0.16000000000000003,0.2069357939254133,0.010396001537870049,0.019930795847750864,-0.0629911572472126,-0.24415224913494812,0.07535563244905807,0.22145328719723184,-0.09842368319876971,-0.029773164167627833,0.15378700499807765,-0.10340638216070744,-0.11374086889657825,-0.017777777777777778,-0.07535563244905807,0.008858131487889272,-0.14769703960015382,-0.13016532103037293,-0.10340638216070744,0.01574778931180315
M3A-w4-1346,0.09842368319876971,0.012056901191849288,0.2679584775086506,-0.22145328719723184,-0.10340638216070744,0.09842368319876971,-0.03543252595155709,0.11909265667051133,-0.05536332179930796,0.041584006151480196,0.12456747404844293,-0.03543252595155709,0.0271280276816609,-0.03254133025759323,-0.019930795847750864,-0.11374086889657825,-0.05536332179930796,0.22145328719723184,0.07111111111111111,-0.1929104190695886,-0.024605920799692427,-0.11909265667051133,-0.041584006151480196,-0.05911572472126105,-0.24415224913494812,-0.03543252595155709,0.003014225297962322,-0.09842368319876971,0.03543252595155709,0.19986159169550174,0.28444444444444444,0.029773164167627833,0.19986159169550174,-0.10340638216070744,-0.15378700499807765,0.0629911572472126,-0.2288965782391388,0.05911572472126105,-0.003936947327950788,-0.0629911572472126,0.13588619761630144,-0.05911572472126105,0.03254133025759323,-0.22145328719723184,-0.0629911572472126,0.08421376393694734,0.041584006151480196,-0.0629911572472126,-0.11909265667051133,-0.1929104190695886,0.044844290657439445,0.03543252595155709,0.01384083044982699,-0.01574778931180315,0.07972318339100345,-0.06698961937716265,-0.22145328719723184,-0.12456747404844293,-0.10340638216070744,0.13588619761630144,-0.17937716262975778,-0.10340638216070744,-0.2288965782391388,-0.08421376393694734
M3A-w4-1353,0.05911572472126105,-0.05173394848135333,0.1929104190695886,-0.06698961937716265,-0.05536332179930796,0.12456747404844293,-0.14173010380622836,0.07535563244905807,-0.21413302575932336,0.15378700499807765,0.012056901191849288,-0.13588619761630144,0.019930795847750864,-0.08882737408688965,-0.05911572472126105,-0.07972318339100345,-0.05173394848135333,0.03254133025759323,0.14769703960015382,-0.03844675124951941,-0.08882737408688965,-0.22145328719723184,-0.019930795847750864,-0.044844290657439445,-0.2679584775086506,0.16633602460592078,0.12456747404844293,-0.1085121107266436,-0.022206843521722412,0.16000000000000003,0.13588619761630144,-0.04822760476739715,0.17279507881584008,-0.1929104190695886,-0.017777777777777778,0.09356401384083046,-0.16633602460592078,0.01384083044982699,-0.09842368319876971,-0.11374086889657825,0.1929104190695886,-0.1085121107266436,-0.010396001537870049,-0.21413302575932336,-0.07535563244905807,0.24415224913494812,0.13588619761630144,-0.09842368319876971,-0.13016532103037293,-0.16000000000000003,-0.012056901191849288,0.07972318339100345,0.04822760476739715,-0.017777777777777778,0.14769703960015382,-0.044844290657439445,-0.08882737408688965,0.041584006151480196,-0.22145328719723184,0.000984236831987697,-0.24415224913494812,-0.12456747404844293,-0.14173010380622836,0.008858131487889272
M3A-w4-1364,0.11374086889657825,-0.07111111111111111,0.2069357939254133,-0.05536332179930796,0.003936947327950788,0.11909265667051133,-0.11374086889657825,0.11909265667051133,-0.09356401384083046,0.19986159169550174,0.07111111111111111,-0.07111111111111111,0.05173394848135333,-0.09842368319876971,-0.010396001537870049,-0.0271280276816609,-0.0629911572472126,0.05911572472126105,0.19986159169550174,-0.11374086889657825,-0.1085121107266436,-0.186082276047674,-0.10340638216070744,-0.029773164167627833,-0.2069357939254133,0.14769703960015382,0.2288965782391388,-0.16633602460592078,0.029773164167627833,0.07972318339100345,0.11374086889657825,0.07535563244905807,0.09842368319876971,-0.17937716262975778,-0.06698961937716265,0.007443291041906958,-0.07111111111111111,0.11909265667051133,0.08421376393694734,-0.1929104190695886,0.22145328719723184,-0.13016532103037293,0.13588619761630144,-0.2519646289888504,-0.08882737408688965,0.1085121107266436,0.024605920799692427,-0.14769703960015382,-0.08882737408688965,-0.29287197231833906,0.05173394848135333,-0.0271280276816609,0.03844675124951941,0.044844290657439445,0.10340638216070744,-0.14173010380622836,-0.041584006151480196,-0.09356401384083046,-0.16633602460592078,0.05911572472126105,-0.15378700499807765,0.010396001537870049,-0.1929104190695886,-0.03844675124951941
M3A-w4-1370,0.1085121107266436,-0.06698961937716265,0.2288965782391388,-0.05173394848135333,0.01384083044982699,0.1085121107266436,-0.09842368319876971,0.10340638216070744,-0.0629911572472126,0.044844290657439445,0.01574778931180315,-0.041584006151480196,0.029773164167627833,-0.044844290657439445,0.003936947327950788,-0.12456747404844293,-0.16633602460592078,0.11909265667051133,0.17279507881584008,-0.09842368319876971,-0.07972318339100345,-0.1085121107266436,-0.003936947327950788,-0.01384083044982699,-0.2288965782391388,0.14769703960015382,0.1929104190695886,-0.19986159169550174,0.017777777777777778,0.186082276047674,0.11909265667051133,0.004982698961937716,0.16000000000000003,-0.1929104190695886,-0.024605920799692427,0.08421376393694734,-0.024605920799692427,0.002214532871972318,0.07111111111111111,-0.1085121107266436,0.16633602460592078,-0.1085121107266436,0.11909265667051133,-0.29287197231833906,-0.12456747404844293,0.14769703960015382,0.15378700499807765,-0.11374086889657825,-0.044844290657439445,-0.37425605536332185,0.04822760476739715,0.029773164167627833,0.019930795847750864,0.05173394848135333,0.03543252595155709,-0.05911572472126105,-0.15378700499807765,-0.14173010380622836,-0.14769703960015382,0.024605920799692427,-0.19986159169550174,0.0629911572472126,-0.05536332179930796,-0.017777777777777778
M3A-w4-1371,0.14769703960015382,0.0005536332179930795,0.2599000384467512,-0.11374086889657825,-0.08882737408688965,0.16633602460592078,-0.13588619761630144,0.07111111111111111,-0.01574778931180315,0.186082276047674,0.0629911572472126,-0.019930795847750864,-0.019930795847750864,-0.09356401384083046,0.019930795847750864,0.04822760476739715,-0.041584006151480196,0.08882737408688965,0.17937716262975778,-0.1085121107266436,-0.05173394848135333,-0.16633602460592078,-0.041584006151480196,0.05536332179930796,-0.2288965782391388,0.05536332179930796,0.186082276047674,-0.16633602460592078,0.05173394848135333,0.05911572472126105,0.13016532103037293,0.003936947327950788,0.16633602460592078,-0.2288965782391388,-0.06698961937716265,-0.007443291041906958,-0.05911572472126105,0.1085121107266436,0.05911572472126105,-0.24415224913494812,0.11909265667051133,-0.07111111111111111,0.10340638216070744,-0.24415224913494812,-0.1085121107266436,0.09842368319876971,-0.04822760476739715,-0.17937716262975778,-0.01384083044982699,-0.16633602460592078,0.012056901191849288,-0.03543252595155709,0.029773164167627833,-0.0015378700499807767,0.16633602460592078,-0.14769703960015382,-0.003936947327950788,-0.08882737408688965,-0.16633602460592078,0.08882737408688965,-0.2069357939254133,-0.03254133025759323,-0.2679584775086506,-0.08882737408688965
M3A-w4-1377,0.16633602460592078,0.012056901191849288,0.2679584775086506,-0.24415224913494812,-0.044844290657439445,0.08421376393694734,-0.07535563244905807,0.1929104190695886,-0.10340638216070744,-0.01384083044982699,0.14173010380622836,-0.017777777777777778,-6.151480199923106e-05,-0.0629911572472126,0.017777777777777778,-0.13016532103037293,-0.03254133025759323,0.2069357939254133,0.019930795847750864,-0.14173010380622836,-0.01384083044982699,-0.2069357939254133,-0.03254133025759323,-0.08882737408688965,-0.19986159169550174,-0.041584006151480196,0.11909265667051133,-0.05911572472126105,0.003936947327950788,0.16633602460592078,0.29287197231833906,0.08421376393694734,0.10340638216070744,-0.07111111111111111,-0.1929104190695886,0.10340638216070744,-0.2069357939254133,0.05911572472126105,0.08882737408688965,-0.041584006151480196,0.13588619761630144,-0.08421376393694734,0.024605920799692427,-0.2288965782391388,0.01384083044982699,0.08882737408688965,0.017777777777777778,-0.05536332179930796,-0.10340638216070744,-0.21413302575932336,0.0629911572472126,0.03543252595155709,0.03844675124951941,-0.03254133025759323,0.08882737408688965,-0.024605920799692427,-0.186082276047674,-0.09842368319876971,-0.13016532103037293,0.11374086889657825,-0.09356401384083046,-0.05173394848135333,-0.2679584775086506,-0.024605920799692427
M3A-w4-1396,0.024605920799692427,-0.2288965782391388,0.13016532103037293,-0.0629911572472126,-0.09842368319876971,0.0629911572472126,-0.22145328719723184,0.16000000000000003,-0.12456747404844293,0.13016532103037293,0.13016532103037293,-0.06698961937716265,0.186082276047674,0.01574778931180315,-0.03254133025759323,-0.11909265667051133,-0.19986159169550174,-0.044844290657439445,-0.03254133025759323,-0.024605920799692427,-0.08882737408688965,-0.05173394848135333,-0.01574778931180315,-0.01384083044982699,-0.2679584775086506,0.05173394848135333,0.12456747404844293,-0.16000000000000003,0.16000000000000003,0.03543252595155709,-0.12456747404844293,-0.019930795847750864,0.05173394848135333,-0.07535563244905807,-0.01574778931180315,0.33685505574778934,-0.044844290657439445,-0.0015378700499807767,-0.05536332179930796,-0.05173394848135333,-0.10340638216070744,-0.04822760476739715,0.010396001537870049,-0.14173010380622836,-0.14173010380622836,0.21413302575932336,0.04822760476739715,0.16000000000000003,-0.05911572472126105,-0.14173010380622836,0.16000000000000003,0.16000000000000003,0.017777777777777778,-0.05173394848135333,-0.044844290657439445,-0.044844290657439445,-0.14769703960015382,-0.017777777777777778,-0.3014225297962323,-0.041584006151480196,-0.16000000000000003,-0.14173010380622836,-0.06698961937716265,0.13588619761630144
M3A-w4-1397,0.08421376393694734,-0.2364628988850442,0.006151480199923107,-0.03543252595155709,-0.004982698961937716,0.07972318339100345,-0.08882737408688965,0.16633602460592078,-0.03844675124951941,0.13588619761630144,0.15378700499807765,-0.11374086889657825,0.13588619761630144,-0.09356401384083046,0.03844675124951941,-0.022206843521722412,-0.03254133025759323,-0.01574778931180315,0.044844290657439445,-0.03543252595155709,-0.0005536332179930795,-0.01574778931180315,0.03844675124951941,0.09356401384083046,-0.2364628988850442,-0.08421376393694734,0.17937716262975778,-0.2519646289888504,0.1929104190695886,-0.0271280276816609,-0.2069357939254133,0.2519646289888504,0.08421376393694734,-0.11374086889657825,-0.04822760476739715,0.17937716262975778,0.05536332179930796,-0.0629911572472126,0.0015378700499807767,-0.003936947327950788,-0.03254133025759323,-0.16633602460592078,0.13016532103037293,-0.05911572472126105,-0.11909265667051133,0.21413302575932336,-0.19986159169550174,0.16000000000000003,-0.16000000000000003,-0.186082276047674,0.13588619761630144,0.11374086889657825,-0.01384083044982699,0.03844675124951941,-0.022206843521722412,0.03543252595155709,-0.17279507881584008,0.0005536332179930795,-0.14769703960015382,-0.09356401384083046,-0.12456747404844293,-0.0015378700499807767,-0.03844675124951941,0.28444444444444444
M3A-w4-1398,0.06698961937716265,-0.16633602460592078,0.07972318339100345,-0.03844675124951941,-0.0271280276816609,0.11374086889657825,-0.17279507881584008,0.22145328719723184,-0.1085121107266436,0.09842368319876971,0.21413302575932336,-0.10340638216070744,0.08421376393694734,-0.044844290657439445,-0.029773164167627833,-0.1085121107266436,-0.05536332179930796,-0.12456747404844293,0.017777777777777778,-0.07972318339100345,-0.01384083044982699,-0.07111111111111111,0.04822760476739715,0.07535563244905807,-0.3014225297962323,0.024605920799692427,0.11374086889657825,-0.2364628988850442,0.13588619761630144,0.041584006151480196,-0.14769703960015382,0.14173010380622836,0.13588619761630144,-0.03254133025759323,-0.004982698961937716,0.2364628988850442,0.07111111111111111,-0.03543252595155709,-0.004982698961937716,0.010396001537870049,-0.05911572472126105,-0.12456747404844293,0.14769703960015382,-0.10340638216070744,-0.16633602460592078,0.186082276047674,-0.17279507881584008,0.186082276047674,-0.11374086889657825,-0.09842368319876971,0.06698961937716265,0.17937716262975778,-0.03254133025759323,-0.04822760476739715,-0.017777777777777778,-0.09842368319876971,-0.14769703960015382,0.004982698961937716,-0.16633602460592078,-0.019930795847750864,-0.15378700499807765,-0.12456747404844293,-0.10340638216070744,0.2679584775086506
M3A-w4-1399,0.07111111111111111,-0.24415224913494812,-0.017777777777777778,-0.03844675124951941,0.003014225297962322,0.09842368319876971,-0.07535563244905807,0.16000000000000003,0.0015378700499807767,0.17279507881584008,0.14173010380622836,-0.12456747404844293,0.14769703960015382,-0.08421376393694734,0.03543252595155709,-0.000984236831987697,-0.017777777777777778,-0.012056901191849288,0.03543252595155709,-0.012056901191849288,0.012056901191849288,0.007443291041906958,0.0629911572472126,0.09356401384083046,-0.22145328719723184,-0.11909265667051133,0.17279507881584008,-0.2288965782391388,0.2519646289888504,-0.03844675124951941,-0.19986159169550174,0.28444444444444444,0.03844675124951941,-0.11374086889657825,-0.05173394848135333,0.16633602460592078,0.03543252595155709,-0.07535563244905807,0.0015378700499807767,0.03543252595155709,-0.044844290657439445,-0.14173010380622836,0.13016532103037293,-0.041584006151480196,-0.10340638216070744,0.21413302575932336,-0.19986159169550174,0.16633602460592078,-0.16000000000000003,-0.16000000000000003,0.13588619761630144,0.1085121107266436,-0.03254133025759323,0.04822760476739715,0.007443291041906958,0.022206843521722412,-0.17279507881584008,0.004982698961937716,-0.12456747404844293,-0.1085121107266436,-0.13016532103037293,-0.041584006151480196,-0.03254133025759323,0.2761399461745483
M3A-w4-1401,0.07111111111111111,-0.2679584775086506,-0.01384083044982699,-0.006151480199923107,-0.07535563244905807,0.04822760476739715,0.07111111111111111,0.1085121107266436,-0.08421376393694734,0.16000000000000003,0.186082276047674,-0.09356401384083046,0.19986159169550174,-0.16633602460592078,-0.044844290657439445,-0.05173394848135333,0.04822760476739715,-0.10340638216070744,0.041584006151480196,-0.13016532103037293,-0.044844290657439445,-0.002214532871972318,0.09356401384083046,0.13588619761630144,-0.22145328719723184,-0.14769703960015382,0.05536332179930796,-0.14769703960015382,0.12456747404844293,-0.03844675124951941,-0.24415224913494812,0.2599000384467512,0.08882737408688965,-0.14769703960015382,-0.08421376393694734,0.06698961937716265,0.03543252595155709,-0.07972318339100345,-0.05536332179930796,-0.06698961937716265,0.03254133025759323,-0.05911572472126105,0.0629911572472126,-0.07111111111111111,-0.13016532103037293,0.22145328719723184,-0.17937716262975778,0.10340638216070744,-0.16000000000000003,-0.22145328719723184,0.04822760476739715,0.13588619761630144,-0.04822760476739715,0.05173394848135333,0.09356401384083046,-0.03844675124951941,-0.21413302575932336,-0.0271280276816609,-0.2288965782391388,-0.07535563244905807,-0.041584006151480196,-0.10340638216070744,-0.007443291041906958,0.22145328719723184
M3A-w4-1402,0.041584006151480196,-0.16633602460592078,-0.002214532871972318,0.03543252595155709,-0.024605920799692427,0.06698961937716265,-0.024605920799692427,0.17279507881584008,-0.11374086889657825,0.14769703960015382,0.2069357939254133,-0.04822760476739715,0.10340638216070744,-0.07972318339100345,-0.05536332179930796,-0.0629911572472126,-0.07972318339100345,-0.07972318339100345,0.041584006151480196,-0.12456747404844293,0.01384083044982699,-0.0629911572472126,0.14173010380622836,0.07535563244905807,-0.2288965782391388,-0.13016532103037293,0.05536332179930796,-0.17279507881584008,0.17279507881584008,0.044844290657439445,-0.24415224913494812,0.2364628988850442,0.11909265667051133,-0.06698961937716265,-0.041584006151480196,0.11374086889657825,0.08421376393694734,0.03844675124951941,-0.1085121107266436,-0.041584006151480196,-0.024605920799692427,-0.16633602460592078,0.0629911572472126,-0.09842368319876971,-0.14769703960015382,0.2288965782391388,-0.17937716262975778,0.14769703960015382,-0.1085121107266436,-0.07972318339100345,0.07972318339100345,0.1929104190695886,-0.041584006151480196,-0.03254133025759323,0.07535563244905807,-0.029773164167627833,-0.2288965782391388,-0.0271280276816609,-0.21413302575932336,-0.14769703960015382,-0.09842368319876971,-0.13588619761630144,-0.01574778931180315,0.2679584775086506
M3A-w4-1403,0.07535563244905807,-0.17937716262975778,0.07535563244905807,-0.07111111111111111,-0.041584006151480196,0.07535563244905807,-0.13588619761630144,0.14173010380622836,-0.12456747404844293,0.08421376393694734,0.1929104190695886,-0.10340638216070744,0.1085121107266436,-0.07111111111111111,-0.05911572472126105,-0.12456747404844293,-0.07972318339100345,-0.1085121107266436,-0.029773164167627833,-0.10340638216070744,-0.06698961937716265,-0.022206843521722412,0.008858131487889272,0.05911572472126105,-0.34602076124567477,-0.07111111111111111,0.08882737408688965,-0.1929104190695886,0.08421376393694734,0.05911572472126105,-0.07535563244905807,0.07972318339100345,0.15378700499807765,-0.12456747404844293,0.003014225297962322,0.2288965782391388,-0.006151480199923107,0.029773164167627833,-0.029773164167627833,0.0005536332179930795,-0.0629911572472126,-0.09356401384083046,0.15378700499807765,-0.09356401384083046,-0.14769703960015382,0.24415224913494812,-0.14173010380622836,0.16000000000000003,-0.05911572472126105,-0.2364628988850442,0.04822760476739715,0.17937716262975778,-0.003014225297962322,-0.0015378700499807767,-0.017777777777777778,-0.0629911572472126,-0.13016532103037293,-0.019930795847750864,-0.186082276047674,0.004982698961937716,-0.186082276047674,-0.11909265667051133,-0.11374086889657825,0.3014225297962323
M3A-w4-1404,0.06698961937716265,-0.2679584775086506,0.01574778931180315,-0.041584006151480196,-0.0629911572472126,0.03844675124951941,-0.09842368319876971,0.11909265667051133,-0.07111111111111111,0.08882737408688965,0.11374086889657825,-0.1085121107266436,0.14173010380622836,-0.07972318339100345,0.007443291041906958,-0.006151480199923107,-0.03543252595155709,-0.05536332179930796,0.0271280276816609,-0.01574778931180315,-0.03844675124951941,-0.002214532871972318,0.0271280276816609,0.05536332179930796,-0.3553094963475586,-0.044844290657439445,0.14769703960015382,-0.1929104190695886,0.22145328719723184,-0.008858131487889272,-0.14769703960015382,0.12456747404844293,0.04822760476739715,-0.08882737408688965,0.05173394848135333,0.2679584775086506,-0.007443291041906958,-0.1085121107266436,-0.11909265667051133,0.05536332179930796,-0.0629911572472126,-0.08882737408688965,0.09842368319876971,-0.05911572472126105,-0.14173010380622836,0.2519646289888504,-0.14769703960015382,0.17279507881584008,-0.17279507881584008,-0.1929104190695886,0.0629911572472126,0.11374086889657825,-0.044844290657439445,0.04822760476739715,-0.010396001537870049,-0.029773164167627833,-0.1929104190695886,-0.003936947327950788,-0.15378700499807765,-0.03844675124951941,-0.15378700499807765,-0.09356401384083046,-0.007443291041906958,0.28444444444444444
M3A-w4-1405,0.05173394848135333,-0.2519646289888504,0.09842368319876971,-0.024605920799692427,-0.08882737408688965,0.01574778931180315,-0.13016532103037293,0.186082276047674,-0.041584006151480196,0.041584006151480196,0.1929104190695886,-0.0629911572472126,0.17937716262975778,-0.003936947327950788,-0.008858131487889272,-0.08421376393694734,-0.13016532103037293,-0.13588619761630144,-0.041584006151480196,-0.05173394848135333,-0.041584006151480196,-0.0629911572472126,-0.012056901191849288,0.0629911572472126,-0.2679584775086506,-0.024605920799692427,0.17279507881584008,-0.17937716262975778,0.16000000000000003,0.012056901191849288,-0.17279507881584008,0.08421376393694734,0.0005536332179930795,-0.05536332179930796,-0.05173394848135333,0.2599000384467512,0.004982698961937716,-0.0629911572472126,-0.01384083044982699,0.008858131487889272,-0.10340638216070744,-0.05911572472126105,0.13016532103037293,-0.09842368319876971,-0.19986159169550174,0.21413302575932336,-0.11909265667051133,0.17279507881584008,-0.17279507881584008,-0.186082276047674,0.06698961937716265,0.16633602460592078,-0.03254133025759323,0.008858131487889272,-0.022206843521722412,-0.024605920799692427,-0.13588619761630144,-0.010396001537870049,-0.2069357939254133,-0.07972318339100345,-0.13588619761630144,-0.08421376393694734,-0.07111111111111111,0.3014225297962323
M3A-w4-1407,-0.012056901191849288,-0.10340638216070744,0.0629911572472126,-0.2069357939254133,-0.11374086889657825,0.012056901191849288,-0.10340638216070744,0.19986159169550174,-0.11909265667051133,0.19986159169550174,0.0629911572472126,-0.09842368319876971,0.1929104190695886,0.05173394848135333,-0.13588619761630144,0.012056901191849288,-0.10340638216070744,-0.15378700499807765,0.11374086889657825,-0.04822760476739715,0.05536332179930796,-0.10340638216070744,0.186082276047674,-0.09842368319876971,-0.15378700499807765,-0.15378700499807765,-0.041584006151480196,-0.13588619761630144,0.2364628988850442,0.09842368319876971,-0.06698961937716265,-0.024605920799692427,0.0629911572472126,-0.05173394848135333,0.024605920799692427,0.24415224913494812,0.08882737408688965,0.14769703960015382,-0.13016532103037293,-0.09356401384083046,-0.16000000000000003,-0.044844290657439445,-0.16633602460592078,0.022206843521722412,-0.11909265667051133,0.11909265667051133,0.07972318339100345,0.024605920799692427,-0.01574778931180315,-0.07535563244905807,0.186082276047674,0.03543252595155709,-0.07535563244905807,0.11374086889657825,0.15378700499807765,-0.03844675124951941,-0.24415224913494812,-0.11909265667051133,-0.24415224913494812,-0.11909265667051133,-0.186082276047674,-0.08882737408688965,-0.13588619761630144,0.07972318339100345
M3A-w4-1408,-0.05911572472126105,-0.05911572472126105,-0.044844290657439445,-0.14769703960015382,-0.186082276047674,0.11374086889657825,0.019930795847750864,-0.01384083044982699,0.044844290657439445,0.13588619761630144,0.10340638216070744,-0.04822760476739715,0.13588619761630144,-0.07111111111111111,-0.2761399461745483,0.05911572472126105,-0.0629911572472126,-0.007443291041906958,0.03254133025759323,-0.16000000000000003,0.08421376393694734,-0.029773164167627833,0.24415224913494812,-0.08882737408688965,-0.2288965782391388,-0.019930795847750864,-0.1929104190695886,0.029773164167627833,0.16000000000000003,0.11909265667051133,0.07972318339100345,0.03543252595155709,-0.002214532871972318,-0.08882737408688965,-0.008858131487889272,0.01574778931180315,-0.11374086889657825,-0.041584006151480196,-0.15378700499807765,-0.16633602460592078,0.07972318339100345,0.13588619761630144,-0.2288965782391388,-0.017777777777777778,-0.0271280276816609,0.16633602460592078,-0.11374086889657825,-0.11909265667051133,-0.2069357939254133,-0.03543252595155709,0.05173394848135333,0.09356401384083046,-0.01384083044982699,0.16633602460592078,0.19986159169550174,-0.16633602460592078,-0.19986159169550174,-0.0271280276816609,-0.07111111111111111,-0.07111111111111111,-0.3188927335640138,0.09356401384083046,-0.12456747404844293,-0.0629911572472126
M3A-w4-1417,-0.11374086889657825,-0.09356401384083046,0.08421376393694734,-0.05536332179930796,-0.2364628988850442,0.09356401384083046,-0.004982698961937716,0.15378700499807765,0.05173394848135333,0.14769703960015382,0.16000000000000003,-0.11909265667051133,0.2761399461745483,-0.08421376393694734,-0.2069357939254133,-0.04822760476739715,0.05173394848135333,0.17279507881584008,-0.11374086889657825,-0.21413302575932336,0.07535563244905807,-0.08421376393694734,0.15378700499807765,-0.04822760476739715,-0.08882737408688965,0.0271280276816609,-0.13588619761630144,0.006151480199923107,0.14769703960015382,0.2679584775086506,0.05173394848135333,0.029773164167627833,0.07535563244905807,0.14173010380622836,-0.03254133025759323,-0.11909265667051133,-0.07111111111111111,0.006151480199923107,-0.08882737408688965,-0.22145328719723184,0.07535563244905807,0.09842368319876971,-0.17937716262975778,-0.10340638216070744,-0.05536332179930796,0.07972318339100345,-0.17937716262975778,0.09842368319876971,-0.06698961937716265,-0.0271280276816609,-0.008858131487889272,0.05173394848135333,0.003014225297962322,0.14769703960015382,0.3278123798539023,-0.13588619761630144,-0.09842368319876971,-0.09356401384083046,-0.07111111111111111,-0.003936947327950788,-0.186082276047674,0.08882737408688965,-0.03844675124951941,0.002214532871972318
M3A-w4-1421,-0.0629911572472126,-0.05911572472126105,-0.07111111111111111,-0.10340638216070744,-0.186082276047674,0.05911572472126105,0.04822760476739715,0.05911572472126105,0.04822760476739715,0.0629911572472126,0.03543252595155709,0.0271280276816609,0.14173010380622836,-0.1085121107266436,-0.3014225297962323,0.08882737408688965,-0.08421376393694734,-0.05173394848135333,-0.008858131487889272,-0.05536332179930796,-0.000984236831987697,-0.03254133025759323,0.19986159169550174,-0.029773164167627833,-0.19986159169550174,-0.10340638216070744,-0.09356401384083046,0.06698961937716265,0.07111111111111111,0.07972318339100345,0.0271280276816609,0.012056901191849288,-0.03543252595155709,-0.01384083044982699,-0.03844675124951941,0.10340638216070744,-0.044844290657439445,-0.07972318339100345,-0.11909265667051133,-0.09356401384083046,0.010396001537870049,0.2599000384467512,-0.186082276047674,-0.08421376393694734,0.044844290657439445,0.28444444444444444,-0.0629911572472126,-0.11909265667051133,-0.3188927335640138,-0.05173394848135333,0.03844675124951941,0.05173394848135333,-0.019930795847750864,0.08882737408688965,0.22145328719723184,-0.15378700499807765,-0.22145328719723184,-0.024605920799692427,-0.10340638216070744,-0.08882737408688965,-0.3014225297962323,0.11374086889657825,-0.186082276047674,-0.10340638216070744
M3A-w4-1423,-0.09842368319876971,-0.12456747404844293,-0.03844675124951941,-0.11374086889657825,-0.2288965782391388,0.07111111111111111,-0.01574778931180315,0.14769703960015382,0.13016532103037293,0.16000000000000003,0.06698961937716265,-0.10340638216070744,0.17279507881584008,-0.08421376393694734,-0.2761399461745483,-0.003014225297962322,-0.16633602460592078,0.05911572472126105,0.022206843521722412,-0.21413302575932336,-0.0629911572472126,0.044844290657439445,0.17937716262975778,-0.029773164167627833,-0.2069357939254133,-0.13588619761630144,-0.17279507881584008,0.05173394848135333,0.041584006151480196,0.19986159169550174,0.12456747404844293,-0.05173394848135333,0.024605920799692427,0.07535563244905807,-0.04822760476739715,0.05536332179930796,0.017777777777777778,-0.019930795847750864,-0.012056901191849288,-0.022206843521722412,0.003936947327950788,0.22145328719723184,-0.07535563244905807,-0.08421376393694734,0.019930795847750864,0.09356401384083046,-0.05911572472126105,0.01574778931180315,-0.2519646289888504,-0.1929104190695886,0.08882737408688965,0.06698961937716265,-0.008858131487889272,0.004982698961937716,0.2288965782391388,-0.15378700499807765,-0.13588619761630144,0.04822760476739715,-0.17937716262975778,0.03254133025759323,-0.2288965782391388,0.05173394848135333,-0.22145328719723184,-0.05911572472126105
M3A-w4-1428,-0.05536332179930796,-0.2069357939254133,0.11909265667051133,0.01574778931180315,-0.13016532103037293,-0.029773164167627833,-0.10340638216070744,0.24415224913494812,-0.007443291041906958,0.11374086889657825,0.28444444444444444,-0.11909265667051133,0.11374086889657825,-0.0629911572472126,-0.03254133025759323,-0.08421376393694734,-0.07535563244905807,0.09842368319876971,-0.1085121107266436,-0.2364628988850442,0.024605920799692427,-0.2599000384467512,0.22145328719723184,-0.05536332179930796,0.04822760476739715,-0.008858131487889272,-0.08882737408688965,-0.01384083044982699,0.16633602460592078,0.2069357939254133,0.03254133025759323,0.09842368319876971,0.14173010380622836,0.19986159169550174,0.010396001537870049,-0.010396001537870049,0.0271280276816609,-0.03844675124951941,0.044844290657439445,-0.09842368319876971,-0.05911572472126105,-0.06698961937716265,-0.044844290657439445,0.14173010380622836,-0.17279507881584008,0.024605920799692427,0.006151480199923107,0.06698961937716265,0.022206843521722412,-0.01574778931180315,-0.012056901191849288,-0.05173394848135333,-0.04822760476739715,0.29287197231833906,0.21413302575932336,-0.017777777777777778,-0.08421376393694734,-0.16000000000000003,-0.2761399461745483,-0.07111111111111111,-0.1085121107266436,0.0015378700499807767,-0.010396001537870049,0.11909265667051133
M3A-w4-1432,0.041584006151480196,-0.16633602460592078,0.17279507881584008,-0.07972318339100345,-0.11374086889657825,0.09356401384083046,-0.03844675124951941,0.2069357939254133,-0.0629911572472126,-0.007443291041906958,0.3278123798539023,0.0629911572472126,0.13016532103037293,0.0015378700499807767,0.019930795847750864,-0.05911572472126105,-0.08421376393694734,0.03543252595155709,-0.06698961937716265,-0.041584006151480196,0.0271280276816609,-0.3014225297962323,0.2364628988850442,-0.09842368319876971,0.0271280276816609,-0.06698961937716265,-0.03543252595155709,-0.04822760476739715,-0.03254133025759323,0.186082276047674,0.186082276047674,0.28444444444444444,0.14173010380622836,0.16000000000000003,-0.07111111111111111,0.14173010380622836,-0.09842368319876971,-0.07535563244905807,-0.012056901191849288,0.044844290657439445,-0.13588619761630144,-0.003014225297962322,-0.041584006151480196,0.03844675124951941,-0.09842368319876971,0.05536332179930796,-0.041584006151480196,-0.07535563244905807,-0.1085121107266436,-0.16633602460592078,0.019930795847750864,-0.05173394848135333,-0.08882737408688965,0.2364628988850442,0.14769703960015382,-0.04822760476739715,-0.19986159169550174,-0.15378700499807765,-0.17937716262975778,-0.041584006151480196,-0.09356401384083046,0.16633602460592078,-0.10340638216070744,0.008858131487889272
M3A-w4-1439,0.01574778931180315,-0.2364628988850442,0.17279507881584008,-0.03254133025759323,-0.16633602460592078,-0.07535563244905807,-0.1929104190695886,0.29287197231833906,-0.15378700499807765,-0.004982698961937716,0.2679584775086506,-0.05911572472126105,0.15378700499807765,-0.019930795847750864,0.006151480199923107,-0.13588619761630144,-0.14173010380622836,-0.0015378700499807767,-0.11374086889657825,-0.01574778931180315,-0.08882737408688965,-0.14173010380622836,0.08882737408688965,0.006151480199923107,-0.003936947327950788,0.14173010380622836,0.022206843521722412,-0.08882737408688965,0.13016532103037293,0.186082276047674,-0.16000000000000003,-0.07111111111111111,0.024605920799692427,0.03254133025759323,0.0629911572472126,0.186082276047674,-0.09842368319876971,-0.07972318339100345,0.006151480199923107,-0.2288965782391388,-0.003014225297962322,-0.05911572472126105,-0.012056901191849288,-0.03543252595155709,-0.2069357939254133,0.13588619761630144,0.16000000000000003,0.03254133025759323,0.11374086889657825,-0.03543252595155709,0.029773164167627833,0.14769703960015382,0.05536332179930796,0.05536332179930796,-0.044844290657439445,-0.010396001537870049,-0.041584006151480196,-0.11374086889657825,-0.34602076124567477,-0.05173394848135333,-0.11374086889657825,-0.08421376393694734,-0.12456747404844293,0.13016532103037293
M3A-w4-1440,0.017777777777777778,-0.22145328719723184,0.13588619761630144,-0.07972318339100345,-0.1085121107266436,0.01574778931180315,-0.13588619761630144,0.17279507881584008,-0.17279507881584008,0.07972318339100345,0.21413302575932336,-0.019930795847750864,0.21413302575932336,-0.003936947327950788,-0.07972318339100345,-0.14173010380622836,-0.11374086889657825,-0.1085121107266436,-0.05911572472126105,-0.09842368319876971,-0.07972318339100345,-0.12456747404844293,0.06698961937716265,-0.03844675124951941,-0.2599000384467512,0.003014225297962322,0.03543252595155709,-0.029773164167627833,0.041584006151480196,0.12456747404844293,-0.11374086889657825,-0.08882737408688965,0.11374086889657825,-0.10340638216070744,0.012056901191849288,0.2364628988850442,-0.11374086889657825,-0.03254133025759323,-0.05536332179930796,0.01384083044982699,-0.05911572472126105,-0.044844290657439445,0.1085121107266436,-0.11374086889657825,-0.2069357939254133,0.2288965782391388,0.017777777777777778,0.14173010380622836,-0.022206843521722412,-0.21413302575932336,0.041584006151480196,0.1929104190695886,0.041584006151480196,-0.04822760476739715,-0.03543252595155709,-0.0271280276816609,-0.15378700499807765,0.003936947327950788,-0.2519646289888504,-0.0015378700499807767,-0.16000000000000003,-0.2288965782391388,-0.08882737408688965,0.16633602460592078
M3A-w4-1442,0.07535563244905807,-0.34602076124567477,0.1929104190695886,-0.007443291041906958,-0.11374086889657825,-0.04822760476739715,-0.14769703960015382,0.17279507881584008,-0.12456747404844293,-0.06698961937716265,0.15378700499807765,-0.07535563244905807,0.05911572472126105,-0.010396001537870049,-0.019930795847750864,-0.1929104190695886,-0.16000000000000003,0.06698961937716265,-0.04822760476739715,0.07535563244905807,-0.04822760476739715,-0.12456747404844293,0.029773164167627833,-0.07535563244905807,-0.07111111111111111,0.19986159169550174,0.022206843521722412,-0.11374086889657825,0.186082276047674,0.16633602460592078,-0.11374086889657825,-0.15378700499807765,-0.07972318339100345,-0.0271280276816609,0.09356401384083046,0.21413302575932336,-0.186082276047674,-0.14173010380622836,-0.017777777777777778,-0.21413302575932336,-0.09356401384083046,-0.024605920799692427,-0.07535563244905807,-0.03844675124951941,-0.16000000000000003,0.11374086889657825,0.07972318339100345,0.07535563244905807,0.017777777777777778,-0.019930795847750864,0.019930795847750864,0.13588619761630144,-0.003014225297962322,0.044844290657439445,0.04822760476739715,-0.03844675124951941,-0.04822760476739715,6.151480199923106e-05,-0.3553094963475586,0.00024605920799692423,-0.03254133025759323,-0.1085121107266436,-0.2364628988850442,0.08882737408688965
M3A-w4-1446,0.11909265667051133,-0.08882737408688965,0.16000000000000003,0.03254133025759323,-0.04822760476739715,0.13588619761630144,-0.17937716262975778,0.11374086889657825,-0.14173010380622836,0.10340638216070744,0.14173010380622836,-0.08421376393694734,0.09356401384083046,-0.010396001537870049,-0.05911572472126105,-0.08882737408688965,-0.12456747404844293,0.11909265667051133,0.14173010380622836,-0.07535563244905807,-0.13016532103037293,-0.012056901191849288,0.09842368319876971,0.044844290657439445,-0.2519646289888504,0.1085121107266436,0.08421376393694734,-0.17279507881584008,0.0629911572472126,0.2364628988850442,0.017777777777777778,-0.0271280276816609,0.09842368319876971,-0.2364628988850442,0.01574778931180315,0.17279507881584008,-0.01384083044982699,0.07535563244905807,-0.03543252595155709,-0.16633602460592078,0.07111111111111111,-0.10340638216070744,0.07111111111111111,-0.2364628988850442,-0.09842368319876971,0.13016532103037293,0.11909265667051133,-0.007443291041906958,-0.008858131487889272,-0.2519646289888504,0.04822760476739715,0.0271280276816609,0.08421376393694734,0.03254133025759323,0.08882737408688965,0.024605920799692427,-0.17937716262975778,-0.13016532103037293,-0.3553094963475586,0.010396001537870049,-0.15378700499807765,-0.05173394848135333,-0.10340638216070744,0.07535563244905807
M3A-w4-1448,-0.0015378700499807767,-0.17937716262975778,0.1085121107266436,-0.019930795847750864,-0.09356401384083046,0.004982698961937716,-0.1929104190695886,0.2519646289888504,-0.2761399461745483,0.07111111111111111,0.11374086889657825,-0.14173010380622836,0.186082276047674,0.05173394848135333,-0.07535563244905807,-0.09356401384083046,-0.16633602460592078,-0.0271280276816609,0.0271280276816609,-0.03844675124951941,-0.06698961937716265,-0.14769703960015382,0.07111111111111111,-0.07111111111111111,-0.14173010380622836,0.07535563244905807,0.07535563244905807,-0.16000000000000003,0.11374086889657825,0.13588619761630144,-0.08882737408688965,-0.01574778931180315,0.11909265667051133,-0.0629911572472126,-0.006151480199923107,0.2679584775086506,0.010396001537870049,0.07972318339100345,-0.11374086889657825,-0.10340638216070744,-0.006151480199923107,-0.11374086889657825,-0.03844675124951941,-0.06698961937716265,-0.11374086889657825,0.12456747404844293,0.14769703960015382,0.09842368319876971,0.017777777777777778,-0.19986159169550174,0.08421376393694734,0.09356401384083046,0.07535563244905807,0.15378700499807765,0.000984236831987697,0.044844290657439445,-0.11374086889657825,-0.08882737408688965,-0.36472126105344094,-0.09356401384083046,-0.11374086889657825,-0.13016532103037293,-0.1085121107266436,0.17279507881584008
M3A-w4-1449,0.05173394848135333,-0.11374086889657825,0.17937716262975778,-0.004982698961937716,-0.11909265667051133,0.15378700499807765,-0.19986159169550174,0.14769703960015382,-0.22145328719723184,0.06698961937716265,0.05173394848135333,-0.13588619761630144,0.08421376393694734,-0.05173394848135333,-0.05173394848135333,-0.019930795847750864,-0.08882737408688965,0.11909265667051133,0.16633602460592078,-0.019930795847750864,-0.09842368319876971,-0.05536332179930796,0.12456747404844293,0.007443291041906958,-0.22145328719723184,0.15378700499807765,0.07111111111111111,-0.2069357939254133,0.044844290657439445,0.19986159169550174,-0.03254133025759323,-0.017777777777777778,0.06698961937716265,-0.22145328719723184,0.007443291041906958,0.13016532103037293,-0.022206843521722412,0.0271280276816609,-0.1085121107266436,-0.21413302575932336,0.08882737408688965,-0.14769703960015382,-0.041584006151480196,-0.16000000000000003,-0.044844290657439445,0.17279507881584008,0.11909265667051133,-0.00024605920799692423,-0.03844675124951941,-0.2069357939254133,0.08421376393694734,0.0629911572472126,0.04822760476739715,-0.017777777777777778,0.09356401384083046,0.05536332179930796,-0.05536332179930796,-0.03543252595155709,-0.40359861591695495,0.0005536332179930795,-0.1085121107266436,-0.12456747404844293,-0.15378700499807765,0.044844290657439445
M3A-w4-1450,0.017777777777777778,-0.15378700499807765,0.1929104190695886,0.012056901191849288,-0.05173394848135333,0.08421376393694734,-0.05536332179930796,0.11374086889657825,-0.31009611687812383,0.044844290657439445,0.012056901191849288,-0.14173010380622836,0.09842368319876971,0.03254133025759323,-0.11909265667051133,-0.1929104190695886,-0.09356401384083046,0.13588619761630144,0.1085121107266436,-0.03543252595155709,0.002214532871972318,-0.12456747404844293,0.11374086889657825,-0.15378700499807765,-0.16633602460592078,0.15378700499807765,0.041584006151480196,-0.17279507881584008,0.0629911572472126,0.2679584775086506,-0.01574778931180315,0.05911572472126105,0.05536332179930796,-0.14769703960015382,0.05536332179930796,0.07972318339100345,-0.15378700499807765,0.004982698961937716,-0.1085121107266436,-0.17279507881584008,0.09356401384083046,-0.13588619761630144,-0.11374086889657825,-0.14769703960015382,-0.09842368319876971,0.14769703960015382,0.11374086889657825,0.04822760476739715,-0.003936947327950788,-0.186082276047674,0.1085121107266436,0.09356401384083046,-0.03844675124951941,0.01574778931180315,0.11374086889657825,-0.006151480199923107,-0.2069357939254133,-0.08421376393694734,-0.3014225297962323,-0.022206843521722412,-0.008858131487889272,-0.22145328719723184,-0.12456747404844293,0.008858131487889272
M3A-w4-1451,0.09356401384083046,-0.0005536332179930795,0.11374086889657825,-0.12456747404844293,-0.05173394848135333,0.14173010380622836,-0.044844290657439445,0.13588619761630144,-0.10340638216070744,0.10340638216070744,0.16633602460592078,-0.09356401384083046,0.0629911572472126,-0.09842368319876971,0.03543252595155709,-0.044844290657439445,0.07972318339100345,0.11374086889657825,0.03543252595155709,-0.2288965782391388,0.017777777777777778,-0.2761399461745483,0.03543252595155709,-0.07535563244905807,-0.07535563244905807,0.10340638216070744,0.13588619761630144,-0.14173010380622836,0.07111111111111111,0.3014225297962323,0.14173010380622836,0.16000000000000003,0.11909265667051133,-0.11909265667051133,-0.11909265667051133,-0.041584006151480196,-0.10340638216070744,0.09842368319876971,0.1085121107266436,-0.11909265667051133,0.2599000384467512,-0.13016532103037293,0.03543252595155709,-0.14173010380622836,-0.012056901191849288,-0.0271280276816609,0.05536332179930796,-0.01574778931180315,-0.17937716262975778,-0.14769703960015382,0.05536332179930796,-0.1085121107266436,0.024605920799692427,0.05173394848135333,0.2288965782391388,-0.022206843521722412,-0.17937716262975778,-0.17279507881584008,-0.186082276047674,0.06698961937716265,0.04822760476739715,-0.09842368319876971,-0.19986159169550174,0.12456747404844293
M3A-w4-1454,0.041584006151480196,-0.13016532103037293,0.16000000000000003,0.012056901191849288,-0.019930795847750864,0.2069357939254133,-0.01574778931180315,0.07535563244905807,-0.2069357939254133,0.14769703960015382,0.08421376393694734,-0.17279507881584008,0.15378700499807765,-0.003014225297962322,-0.10340638216070744,-0.07972318339100345,-0.08882737408688965,0.04822760476739715,0.08421376393694734,-0.08421376393694734,-0.10340638216070744,-0.12456747404844293,0.17937716262975778,-0.07972318339100345,-0.2069357939254133,0.07111111111111111,0.07535563244905807,-0.09842368319876971,-0.08882737408688965,0.17937716262975778,0.05911572472126105,0.13016532103037293,-0.05173394848135333,-0.1929104190695886,-0.03543252595155709,0.04822760476739715,-0.10340638216070744,-0.044844290657439445,-0.17937716262975778,-0.03543252595155709,0.21413302575932336,-0.15378700499807765,0.017777777777777778,-0.186082276047674,-0.01574778931180315,0.22145328719723184,0.1085121107266436,-0.10340638216070744,-0.13016532103037293,-0.29287197231833906,0.029773164167627833,0.07535563244905807,0.044844290657439445,0.05173394848135333,0.12456747404844293,-0.044844290657439445,-0.186082276047674,-0.03543252595155709,-0.28444444444444444,-0.07972318339100345,-0.04822760476739715,-0.10340638216070744,-0.13016532103037293,0.05911572472126105
M3A-w4-1462,0.019930795847750864,-0.09842368319876971,0.2519646289888504,-0.017777777777777778,-0.08421376393694734,0.041584006151480196,-0.13016532103037293,0.186082276047674,-0.24415224913494812,0.03844675124951941,0.10340638216070744,-0.05536332179930796,0.14769703960015382,0.05536332179930796,-0.10340638216070744,-0.16633602460592078,-0.16633602460592078,0.12456747404844293,0.04822760476739715,-0.029773164167627833,-0.04822760476739715,-0.08421376393694734,0.13588619761630144,-0.06698961937716265,-0.17937716262975778,0.15378700499807765,0.07535563244905807,-0.13588619761630144,0.029773164167627833,0.16633602460592078,-0.10340638216070744,-0.08421376393694734,0.0629911572472126,-0.07972318339100345,0.01384083044982699,0.14769703960015382,-0.07535563244905807,0.03254133025759323,-0.09842368319876971,-0.14173010380622836,0.0271280276816609,-0.09842368319876971,-0.0271280276816609,-0.13588619761630144,-0.16633602460592078,0.186082276047674,0.21413302575932336,0.03543252595155709,0.019930795847750864,-0.16633602460592078,0.13588619761630144,0.12456747404844293,0.03254133025759323,-0.012056901191849288,0.03844675124951941,0.01384083044982699,-0.17279507881584008,-0.07972318339100345,-0.3839138792772011,-0.14769703960015382,-0.09356401384083046,-0.15378700499807765,-0.11909265667051133,0.05911572472126105
M3A-w4-1463,-6.151480199923106e-05,-0.09356401384083046,0.2364628988850442,-0.003014225297962322,-0.0271280276816609,0.1085121107266436,-0.041584006151480196,0.21413302575932336,-0.16633602460592078,-0.029773164167627833,0.2288965782391388,-0.10340638216070744,0.17279507881584008,0.12456747404844293,-0.07535563244905807,-0.14173010380622836,-0.14173010380622836,-0.03254133025759323,0.04822760476739715,-0.13016532103037293,-0.03844675124951941,-0.1929104190695886,0.17279507881584008,-0.09356401384083046,-0.11909265667051133,0.008858131487889272,0.08421376393694734,-0.14769703960015382,0.1085121107266436,0.2288965782391388,0.007443291041906958,-0.07972318339100345,0.08882737408688965,-0.0629911572472126,-0.044844290657439445,0.2288965782391388,-0.09356401384083046,0.08421376393694734,-0.05536332179930796,-0.07111111111111111,0.03844675124951941,-0.10340638216070744,0.022206843521722412,-0.10340638216070744,-0.19986159169550174,0.13588619761630144,0.14173010380622836,0.08882737408688965,0.041584006151480196,-0.2679584775086506,0.03254133025759323,0.14769703960015382,-0.01384083044982699,0.05173394848135333,0.1085121107266436,0.03254133025759323,-0.17279507881584008,-0.15378700499807765,-0.2679584775086506,-0.13016532103037293,-0.10340638216070744,-0.1085121107266436,-0.03254133025759323,0.07972318339100345
M3A-w4-1464,0.14173010380622836,-0.03254133025759323,0.06698961937716265,-0.05911572472126105,0.16000000000000003,0.14769703960015382,-0.05173394848135333,0.10340638216070744,-0.1085121107266436,0.08882737408688965,0.10340638216070744,-0.14173010380622836,0.017777777777777778,-0.04822760476739715,-0.14173010380622836,0.019930795847750864,-0.08882737408688965,0.05173394848135333,0.2364628988850442,-0.1929104190695886,-0.06698961937716265,-0.024605920799692427,0.0271280276816609,-0.0629911572472126,-0.186082276047674,0.019930795847750864,0.186082276047674,-0.16633602460592078,0.11374086889657825,0.17937716262975778,0.10340638216070744,0.09356401384083046,0.003936947327950788,-0.10340638216070744,0.003936947327950788,0.07535563244905807,-0.008858131487889272,0.08882737408688965,-0.03844675124951941,-0.029773164167627833,0.1929104190695886,-0.04822760476739715,0.16633602460592078,-0.24415224913494812,-0.044844290657439445,0.08882737408688965,0.017777777777777778,-0.11909265667051133,-0.10340638216070744,-0.37425605536332185,0.05173394848135333,-0.09356401384083046,0.03543252595155709,0.09842368319876971,0.10340638216070744,-0.01574778931180315,-0.28444444444444444,-0.2069357939254133,-0.19986159169550174,0.1085121107266436,-0.03543252595155709,0.07111111111111111,-0.13016532103037293,0.041584006151480196
M3A-w4-1470,0.012056901191849288,-0.11374086889657825,0.2364628988850442,0.04822760476739715,-0.017777777777777778,0.16000000000000003,-0.09842368319876971,0.14769703960015382,-0.29287197231833906,0.14769703960015382,0.05911572472126105,-0.14173010380622836,0.17937716262975778,0.01384083044982699,-0.14769703960015382,-0.1085121107266436,-0.041584006151480196,0.13588619761630144,0.13588619761630144,-0.05173394848135333,-0.07111111111111111,-0.15378700499807765,0.1085121107266436,-0.07111111111111111,-0.13588619761630144,0.21413302575932336,0.05911572472126105,-0.05911572472126105,-0.03543252595155709,0.17279507881584008,-0.044844290657439445,-0.004982698961937716,0.03543252595155709,-0.15378700499807765,0.008858131487889272,0.029773164167627833,-0.17937716262975778,0.012056901191849288,-0.14173010380622836,-0.11374086889657825,0.12456747404844293,-0.2069357939254133,0.01574778931180315,-0.1929104190695886,-0.1085121107266436,0.2288965782391388,0.13016532103037293,-0.003936947327950788,-0.022206843521722412,-0.22145328719723184,0.06698961937716265,0.08882737408688965,0.09356401384083046,-0.05911572472126105,0.08882737408688965,-0.03254133025759323,-0.1085121107266436,-0.029773164167627833,-0.28444444444444444,-0.04822760476739715,-0.08882737408688965,-0.14173010380622836,-0.09842368319876971,0.004982698961937716
M3A-w4-1472,0.0629911572472126,-0.11374086889657825,0.17937716262975778,0.07535563244905807,-0.006151480199923107,0.1085121107266436,-0.08882737408688965,0.12456747404844293,-0.2679584775086506,0.07972318339100345,0.11909265667051133,-0.17279507881584008,0.11909265667051133,-0.03254133025759323,-0.10340638216070744,-0.13016532103037293,-0.044844290657439445,0.07111111111111111,0.11374086889657825,-0.041584006151480196,-0.10340638216070744,-0.21413302575932336,0.05911572472126105,-0.05911572472126105,-0.09842368319876971,0.2761399461745483,0.14173010380622836,-0.11909265667051133,-0.022206843521722412,0.17937716262975778,0.007443291041906958,0.004982698961937716,0.029773164167627833,-0.14173010380622836,-0.002214532871972318,0.09842368319876971,-0.19986159169550174,0.0015378700499807767,-0.08882737408688965,-0.11909265667051133,0.2069357939254133,-0.186082276047674,0.0271280276816609,-0.17279507881584008,-0.13016532103037293,0.21413302575932336,0.14769703960015382,-0.029773164167627833,-0.07972318339100345,-0.2364628988850442,0.03254133025759323,0.07972318339100345,0.06698961937716265,0.0271280276816609,0.0629911572472126,-0.044844290657439445,-0.11909265667051133,-0.05536332179930796,-0.28444444444444444,-0.06698961937716265,-0.05536332179930796,-0.11909265667051133,-0.13588619761630144,0.07535563244905807
M3A-w4-1477,0.07111111111111111,-0.029773164167627833,0.07535563244905807,-0.09842368319876971,0.004982698961937716,0.17937716262975778,-0.08421376393694734,0.08882737408688965,-0.07972318339100345,0.04822760476739715,0.15378700499807765,-0.14173010380622836,0.06698961937716265,-0.05173394848135333,-0.003014225297962322,0.01574778931180315,-0.03254133025759323,0.05911572472126105,0.13588619761630144,-0.2288965782391388,-0.03254133025759323,-0.186082276047674,0.10340638216070744,-0.0271280276816609,-0.14769703960015382,0.09842368319876971,0.11374086889657825,-0.1929104190695886,0.07972318339100345,0.2761399461745483,0.13588619761630144,0.19986159169550174,0.14173010380622836,-0.14173010380622836,-0.03543252595155709,0.05911572472126105,-0.03844675124951941,0.08421376393694734,0.0271280276816609,-0.07111111111111111,0.2069357939254133,-0.12456747404844293,0.07111111111111111,-0.15378700499807765,0.000984236831987697,-0.0271280276816609,0.05173394848135333,-0.05536332179930796,-0.1085121107266436,-0.29287197231833906,0.07111111111111111,-0.11909265667051133,0.024605920799692427,0.13588619761630144,0.16000000000000003,0.022206843521722412,-0.24415224913494812,-0.2364628988850442,-0.2364628988850442,0.07111111111111111,-0.000984236831987697,-0.024605920799692427,-0.16000000000000003,0.09842368319876971
M3A-w4-1478,0.09356401384083046,-0.11374086889657825,0.16000000000000003,0.05911572472126105,0.08421376393694734,0.19986159169550174,-0.11374086889657825,0.07111111111111111,-0.03844675124951941,0.1085121107266436,0.16000000000000003,-0.1085121107266436,0.05911572472126105,-0.09356401384083046,-0.010396001537870049,-0.11374086889657825,-0.1085121107266436,0.12456747404844293,0.17937716262975778,-0.11909265667051133,-0.11374086889657825,-0.09842368319876971,0.03543252595155709,0.000984236831987697,-0.186082276047674,0.15378700499807765,0.17279507881584008,-0.21413302575932336,0.024605920799692427,0.1929104190695886,0.12456747404844293,0.14173010380622836,0.11374086889657825,-0.16633602460592078,-0.03543252595155709,0.06698961937716265,-0.044844290657439445,-0.019930795847750864,0.08421376393694734,-0.10340638216070744,0.22145328719723184,-0.14769703960015382,0.14173010380622836,-0.21413302575932336,-0.019930795847750864,0.05536332179930796,0.11374086889657825,-0.07972318339100345,-0.07111111111111111,-0.33685505574778934,0.07535563244905807,-0.07972318339100345,-0.017777777777777778,0.04822760476739715,0.09356401384083046,-0.024605920799692427,-0.16633602460592078,-0.17937716262975778,-0.2069357939254133,-0.008858131487889272,-0.0629911572472126,0.07972318339100345,-0.13588619761630144,0.041584006151480196
M3A-w4-1480,0.09356401384083046,-0.14769703960015382,0.2288965782391388,0.08421376393694734,0.012056901191849288,0.10340638216070744,-0.029773164167627833,0.11374086889657825,-0.2761399461745483,-0.05173394848135333,0.16633602460592078,-0.14173010380622836,0.13588619761630144,0.010396001537870049,-0.07111111111111111,-0.14769703960015382,-0.09842368319876971,0.07111111111111111,0.13588619761630144,0.01574778931180315,-0.03844675124951941,-0.1929104190695886,0.08882737408688965,-0.16000000000000003,-0.07972318339100345,0.08421376393694734,0.1085121107266436,-0.2069357939254133,0.08421376393694734,0.186082276047674,-0.041584006151480196,-0.008858131487889272,0.019930795847750864,-0.09356401384083046,-0.044844290657439445,0.2599000384467512,-0.07535563244905807,-0.007443291041906958,-0.13016532103037293,-0.11909265667051133,0.12456747404844293,-0.17937716262975778,0.029773164167627833,-0.11909265667051133,-0.11909265667051133,0.14769703960015382,0.186082276047674,0.05173394848135333,0.012056901191849288,-0.2519646289888504,0.05536332179930796,0.05536332179930796,0.01384083044982699,0.019930795847750864,0.03254133025759323,0.06698961937716265,-0.11909265667051133,-0.13016532103037293,-0.3188927335640138,0.03844675124951941,-0.05536332179930796,-0.09356401384083046,-0.08882737408688965,0.09842368319876971
M3A-w4-1481,0.041584006151480196,-0.12456747404844293,0.24415224913494812,0.03844675124951941,-0.03844675124951941,0.13016532103037293,-0.04822760476739715,0.12456747404844293,-0.2519646289888504,-0.05173394848135333,0.21413302575932336,-0.13588619761630144,0.15378700499807765,0.08421376393694734,-0.11909265667051133,-0.12456747404844293,-0.09356401384083046,0.003936947327950788,0.06698961937716265,-0.022206843521722412,-0.0629911572472126,-0.15378700499807765,0.17937716262975778,-0.12456747404844293,-0.15378700499807765,0.08421376393694734,0.06698961937716265,-0.16000000000000003,0.04822760476739715,0.1929104190695886,-0.03254133025759323,-0.022206843521722412,-0.003936947327950788,-0.1085121107266436,-0.03254133025759323,0.1929104190695886,-0.17279507881584008,0.002214532871972318,-0.16000000000000003,-0.14173010380622836,0.09842368319876971,-0.11909265667051133,-0.003936947327950788,-0.11909265667051133,-0.16000000000000003,0.16000000000000003,0.11909265667051133,0.006151480199923107,-0.004982698961937716,-0.2364628988850442,0.019930795847750864,0.11374086889657825,0.0271280276816609,0.1085121107266436,0.07972318339100345,0.03254133025759323,-0.16000000000000003,-0.11909265667051133,-0.33685505574778934,-0.0629911572472126,-0.041584006151480196,-0.08882737408688965,-0.05911572472126105,0.10340638216070744
M3A-w4-1482,0.012056901191849288,0.003936947327950788,0.11374086889657825,0.024605920799692427,-0.04822760476739715,0.1929104190695886,-0.04822760476739715,0.044844290657439445,-0.22145328719723184,0.2288965782391388,0.003014225297962322,-0.10340638216070744,0.09356401384083046,-0.09356401384083046,-0.14769703960015382,-0.16000000000000003,0.024605920799692427,0.2364628988850442,0.15378700499807765,-0.010396001537870049,-0.05173394848135333,-0.03844675124951941,0.05911572472126105,0.03543252595155709,-0.2069357939254133,0.13016532103037293,0.03844675124951941,-0.07535563244905807,-0.029773164167627833,0.1085121107266436,0.08421376393694734,0.08882737408688965,0.12456747404844293,-0.19986159169550174,0.04822760476739715,0.003936947327950788,-0.09842368319876971,-0.09842368319876971,-0.08421376393694734,-0.17937716262975778,0.10340638216070744,-0.14173010380622836,-0.0271280276816609,-0.2069357939254133,0.017777777777777778,0.17279507881584008,0.11909265667051133,-0.029773164167627833,-0.13588619761630144,-0.03844675124951941,0.003936947327950788,0.017777777777777778,0.08882737408688965,-0.041584006151480196,0.2364628988850442,0.003014225297962322,-0.2069357939254133,-0.05536332179930796,-0.28444444444444444,-0.14173010380622836,-0.16633602460592078,-0.17937716262975778,-0.2364628988850442,0.03254133025759323
M3A-w4-1483,0.13016532103037293,-0.05536332179930796,0.1929104190695886,-0.10340638216070744,-0.006151480199923107,0.14173010380622836,-0.08882737408688965,0.10340638216070744,-0.08421376393694734,0.05536332179930796,0.13016532103037293,-0.0629911572472126,0.07972318339100345,-0.07972318339100345,0.024605920799692427,-0.09842368319876971,-0.13016532103037293,0.19986159169550174,0.14769703960015382,-0.10340638216070744,-0.11374086889657825,-0.07535563244905807,0.010396001537870049,-0.024605920799692427,-0.2288965782391388,-0.010396001537870049,0.09842368319876971,-0.09356401384083046,0.044844290657439445,0.1929104190695886,0.17937716262975778,0.13016532103037293,0.012056901191849288,-0.11909265667051133,-0.14769703960015382,0.14173010380622836,-0.1085121107266436,-0.022206843521722412,0.03844675124951941,0.0271280276816609,0.186082276047674,-0.03254133025759323,0.07972318339100345,-0.1929104190695886,-0.000984236831987697,0.11909265667051133,0.13588619761630144,-0.12456747404844293,-0.21413302575932336,-0.37425605536332185,0.03254133025759323,-0.03543252595155709,0.07111111111111111,-0.01574778931180315,0.05173394848135333,0.010396001537870049,-0.2679584775086506,-0.08421376393694734,-0.2364628988850442,0.04822760476739715,-0.11909265667051133,-0.05173394848135333,-0.15378700499807765,-0.01574778931180315
M3A-w4-1484,0.05536332179930796,-0.08421376393694734,0.10340638216070744,-0.008858131487889272,0.11909265667051133,0.13588619761630144,-0.09356401384083046,0.13588619761630144,-0.041584006151480196,0.019930795847750864,0.05911572472126105,-0.16000000000000003,0.03844675124951941,-0.05173394848135333,-0.03844675124951941,-0.08882737408688965,-0.1929104190695886,0.11909265667051133,0.13016532103037293,-0.17937716262975778,-0.09356401384083046,-0.0271280276816609,0.08421376393694734,-0.05911572472126105,-0.15378700499807765,0.15378700499807765,0.11374086889657825,-0.22145328719723184,0.13016532103037293,0.19986159169550174,0.15378700499807765,0.05173394848135333,0.08421376393694734,-0.13016532103037293,0.08421376393694734,0.14769703960015382,0.012056901191849288,0.09842368319876971,0.010396001537870049,-0.07111111111111111,0.16633602460592078,-0.1929104190695886,0.15378700499807765,-0.15378700499807765,-0.01574778931180315,0.15378700499807765,0.15378700499807765,0.05911572472126105,-0.024605920799692427,-0.39369473279507883,0.06698961937716265,0.010396001537870049,0.017777777777777778,0.13016532103037293,0.09356401384083046,0.05173394848135333,-0.1929104190695886,-0.186082276047674,-0.22145328719723184,-0.004982698961937716,-0.07111111111111111,0.08421376393694734,-0.008858131487889272,0.05911572472126105
M3A-w4-1490,0.03254133025759323,-0.029773164167627833,0.2364628988850442,-0.2069357939254133,-0.05173394848135333,0.10340638216070744,-0.024605920799692427,0.16633602460592078,-0.0629911572472126,0.041584006151480196,0.010396001537870049,-0.022206843521722412,0.029773164167627833,-0.01574778931180315,-0.0005536332179930795,-0.08421376393694734,-0.16000000000000003,0.11909265667051133,0.03254133025759323,-0.14173010380622836,-0.017777777777777778,-0.09356401384083046,0.01574778931180315,-0.07111111111111111,-0.17937716262975778,-0.15378700499807765,0.15378700499807765,0.003014225297962322,-0.13588619761630144,0.186082276047674,0.3014225297962323,0.13016532103037293,0.13588619761630144,-0.024605920799692427,-0.09842368319876971,0.07111111111111111,-0.16633602460592078,0.06698961937716265,0.022206843521722412,0.0629911572472126,-0.0271280276816609,0.07111111111111111,0.022206843521722412,-0.21413302575932336,0.01574778931180315,0.1929104190695886,0.06698961937716265,-0.15378700499807765,-0.2069357939254133,-0.28444444444444444,0.09356401384083046,0.07972318339100345,-0.07535563244905807,-0.07111111111111111,0.13588619761630144,-0.05173394848135333,-0.21413302575932336,-0.06698961937716265,-0.11909265667051133,0.11909265667051133,-0.17937716262975778,-0.029773164167627833,-0.21413302575932336,-0.11374086889657825
M3A-w4-1491,0.0629911572472126,-0.12456747404844293,0.14769703960015382,-0.11374086889657825,0.004982698961937716,0.07972318339100345,-0.05911572472126105,0.16000000000000003,-0.03543252595155709,-0.06698961937716265,0.2364628988850442,-0.003936947327950788,0.07972318339100345,-0.041584006151480196,0.07535563244905807,-0.1085121107266436,-0.08882737408688965,0.10340638216070744,0.004982698961937716,-0.17937716262975778,-0.002214532871972318,-0.2069357939254133,0.09842368319876971,-0.14173010380622836,-0.16633602460592078,0.012056901191849288,0.13588619761630144,-0.16000000000000003,0.03844675124951941,0.3278123798539023,0.1929104190695886,0.1929104190695886,0.09356401384083046,-0.0629911572472126,-0.11374086889657825,0.05173394848135333,-0.11909265667051133,0.15378700499807765,0.14769703960015382,0.006151480199923107,0.17279507881584008,-0.1085121107266436,0.07111111111111111,-0.12456747404844293,0.0015378700499807767,0.008858131487889272,0.0271280276816609,0.010396001537870049,-0.024605920799692427,-0.2519646289888504,0.08882737408688965,-0.03844675124951941,-0.05536332179930796,0.12456747404844293,0.10340638216070744,-0.004982698961937716,-0.2599000384467512,-0.29287197231833906,-0.16000000000000003,0.04822760476739715,0.008858131487889272,0.0271280276816609,-0.07972318339100345,0.06698961937716265
M3A-w4-1492,0.041584006151480196,-0.1929104190695886,0.16000000000000003,-0.04822760476739715,-0.019930795847750864,0.05536332179930796,-0.13588619761630144,0.1929104190695886,-0.09356401384083046,0.05536332179930796,0.11374086889657825,-0.041584006151480196,0.10340638216070744,-0.0271280276816609,-0.044844290657439445,-0.17279507881584008,-0.24415224913494812,0.14769703960015382,-0.05173394848135333,0.002214532871972318,-0.12456747404844293,-0.03254133025759323,0.05173394848135333,0.000984236831987697,-0.08421376393694734,-0.044844290657439445,0.11374086889657825,-0.12456747404844293,-0.03543252595155709,0.16633602460592078,0.16000000000000003,0.15378700499807765,0.05911572472126105,0.07111111111111111,-0.024605920799692427,0.2364628988850442,-0.05536332179930796,-0.05173394848135333,-0.044844290657439445,-0.01384083044982699,0.03543252595155709,-0.05173394848135333,0.08882737408688965,-0.14173010380622836,-0.03844675124951941,0.17279507881584008,0.22145328719723184,-0.13588619761630144,-0.12456747404844293,-0.39369473279507883,0.12456747404844293,0.041584006151480196,0.044844290657439445,0.10340638216070744,0.007443291041906958,-0.07972318339100345,-0.2288965782391388,-0.16633602460592078,-0.2364628988850442,-0.022206843521722412,-0.14173010380622836,0.09842368319876971,-0.09842368319876971,0.03254133025759323
M3A-w4-1493,0.09842368319876971,-0.03543252595155709,0.15378700499807765,-0.21413302575932336,-0.012056901191849288,0.06698961937716265,-0.13016532103037293,0.09842368319876971,-0.1085121107266436,-0.09842368319876971,0.2069357939254133,0.007443291041906958,0.01384083044982699,-0.07535563244905807,0.05173394848135333,-0.08882737408688965,-0.07535563244905807,0.044844290657439445,-0.041584006151480196,-0.09356401384083046,-0.01384083044982699,-0.2679584775086506,0.0629911572472126,-0.08882737408688965,-0.17937716262975778,-0.041584006151480196,0.11374086889657825,-0.1929104190695886,-0.019930795847750864,0.22145328719723184,0.2364628988850442,0.16000000000000003,0.2288965782391388,-0.1085121107266436,-0.11909265667051133,0.14173010380622836,-0.17937716262975778,0.14173010380622836,0.07111111111111111,-0.06698961937716265,0.07972318339100345,-0.14173010380622836,0.05536332179930796,-0.16000000000000003,-0.002214532871972318,0.1085121107266436,0.07535563244905807,-0.04822760476739715,0.022206843521722412,-0.2364628988850442,0.08882737408688965,-0.008858131487889272,0.003936947327950788,0.11909265667051133,0.0629911572472126,-0.0629911572472126,-0.19986159169550174,-0.2288965782391388,-0.11909265667051133,0.14173010380622836,-0.08882737408688965,0.05536332179930796,-0.15378700499807765,-0.03844675124951941
M3A-w4-1494,0.09356401384083046,-0.0271280276816609,0.186082276047674,-0.08421376393694734,-0.07111111111111111,0.12456747404844293,-0.10340638216070744,0.13588619761630144,-0.21413302575932336,-0.0271280276816609,0.1085121107266436,0.05536332179930796,0.044844290657439445,-0.01574778931180315,-0.010396001537870049,-0.07535563244905807,-0.08421376393694734,0.24415224913494812,0.041584006151480196,0.07111111111111111,-0.0005536332179930795,-0.19986159169550174,0.08882737408688965,-0.04822760476739715,-0.14769703960015382,-0.08421376393694734,0.10340638216070744,-0.11909265667051133,-0.007443291041906958,0.16000000000000003,0.28444444444444444,0.16633602460592078,0.19986159169550174,-0.08421376393694734,-0.11909265667051133,0.17279507881584008,-0.08882737408688965,0.006151480199923107,0.03254133025759323,0.04822760476739715,-0.012056901191849288,-0.041584006151480196,0.03844675124951941,-0.15378700499807765,0.03844675124951941,0.16633602460592078,0.07972318339100345,-0.002214532871972318,-0.21413302575932336,-0.14769703960015382,0.03254133025759323,-0.13016532103037293,0.0629911572472126,0.05911572472126105,0.2069357939254133,0.04822760476739715,-0.2679584775086506,-0.1929104190695886,-0.2679584775086506,0.07535563244905807,-0.06698961937716265,-0.000984236831987697,-0.16000000000000003,-0.044844290657439445
M3A-w4-1495,0.03543252595155709,-0.05911572472126105,0.19986159169550174,-0.05536332179930796,0.006151480199923107,0.07972318339100345,-0.05173394848135333,0.13016532103037293,-0.07972318339100345,-0.07972318339100345,0.21413302575932336,0.022206843521722412,0.07111111111111111,-0.024605920799692427,-0.008858131487889272,-0.11909265667051133,-0.16000000000000003,0.08882737408688965,-0.03543252595155709,-0.01574778931180315,-0.010396001537870049,-0.15378700499807765,0.11374086889657825,-0.044844290657439445,-0.08882737408688965,-0.05536332179930796,0.17937716262975778,-0.1085121107266436,-0.09356401384083046,0.24415224913494812,0.3188927335640138,0.2364628988850442,0.2069357939254133,-0.0271280276816609,-0.03543252595155709,0.12456747404844293,-0.05536332179930796,0.07111111111111111,0.03543252595155709,0.03543252595155709,-0.07972318339100345,-0.07535563244905807,0.024605920799692427,-0.2288965782391388,-0.000984236831987697,0.11374086889657825,0.08421376393694734,-0.07535563244905807,-0.03543252595155709,-0.2364628988850442,0.041584006151480196,0.022206843521722412,-0.08421376393694734,0.08882737408688965,0.16633602460592078,-0.019930795847750864,-0.1929104190695886,-0.33685505574778934,-0.14173010380622836,0.010396001537870049,-0.11909265667051133,0.11374086889657825,-0.16000000000000003,-0.006151480199923107
M3A-w4-1497,0.11374086889657825,-0.21413302575932336,0.2599000384467512,-0.07535563244905807,-0.041584006151480196,0.09842368319876971,-0.15378700499807765,0.017777777777777778,-0.22145328719723184,-0.06698961937716265,0.2519646289888504,-0.08882737408688965,0.11374086889657825,-0.0271280276816609,-0.09842368319876971,-0.16633602460592078,-0.0271280276816609,0.09356401384083046,0.029773164167627833,-0.07111111111111111,-0.1085121107266436,-0.10340638216070744,0.004982698961937716,-0.06698961937716265,-0.28444444444444444,0.17279507881584008,0.0629911572472126,-0.14769703960015382,0.07111111111111111,0.186082276047674,0.08882737408688965,-0.07535563244905807,0.03254133025759323,-0.16000000000000003,0.01574778931180315,0.2519646289888504,-0.2069357939254133,-0.05173394848135333,-0.05536332179930796,-0.05911572472126105,0.10340638216070744,-0.11909265667051133,0.041584006151480196,-0.14769703960015382,-0.03254133025759323,0.14173010380622836,0.03844675124951941,0.05173394848135333,-0.024605920799692427,-0.21413302575932336,-0.01384083044982699,0.11374086889657825,0.04822760476739715,0.03543252595155709,0.01384083044982699,-0.03254133025759323,-0.10340638216070744,-0.1085121107266436,-0.28444444444444444,-0.05173394848135333,-0.08421376393694734,-0.03543252595155709,-0.14173010380622836,0.11374086889657825
M3A-w4-1501,0.08882737408688965,-0.03543252595155709,0.17279507881584008,-0.13016532103037293,-0.010396001537870049,0.14173010380622836,0.044844290657439445,0.1929104190695886,-0.11374086889657825,0.019930795847750864,0.11909265667051133,-0.16633602460592078,0.13588619761630144,-0.007443291041906958,-0.07111111111111111,-0.07535563244905807,-0.1085121107266436,0.07535563244905807,0.06698961937716265,-0.22145328719723184,-0.007443291041906958,-0.1085121107266436,0.05536332179930796,-0.186082276047674,-0.09356401384083046,0.007443291041906958,0.09842368319876971,-0.15378700499807765,0.05911572472126105,0.34602076124567477,0.186082276047674,0.11909265667051133,0.029773164167627833,0.019930795847750864,-0.004982698961937716,0.12456747404844293,-0.08421376393694734,0.16000000000000003,-0.008858131487889272,-0.05536332179930796,0.14769703960015382,-0.03844675124951941,0.05536332179930796,-0.186082276047674,0.003014225297962322,0.03844675124951941,0.022206843521722412,0.044844290657439445,-0.024605920799692427,-0.3553094963475586,0.05911572472126105,-0.01384083044982699,-0.008858131487889272,0.1085121107266436,0.13588619761630144,-0.006151480199923107,-0.21413302575932336,-0.17279507881584008,-0.186082276047674,0.2069357939254133,-0.044844290657439445,-0.04822760476739715,-0.14173010380622836,0.12456747404844293
M3A-w4-1502,0.05536332179930796,-0.019930795847750864,0.15378700499807765,-0.17937716262975778,-0.05536332179930796,0.003936947327950788,-0.08882737408688965,0.15378700499807765,-0.16633602460592078,-0.10340638216070744,0.09356401384083046,0.041584006151480196,0.022206843521722412,-0.04822760476739715,-0.004982698961937716,-0.11909265667051133,-0.09842368319876971,0.03844675124951941,0.004982698961937716,0.012056901191849288,-0.010396001537870049,-0.22145328719723184,-0.0629911572472126,-0.07111111111111111,-0.13588619761630144,-0.08882737408688965,0.16633602460592078,-0.07535563244905807,-0.12456747404844293,0.13588619761630144,0.34602076124567477,0.16633602460592078,0.15378700499807765,-0.03543252595155709,-0.16000000000000003,0.16633602460592078,-0.22145328719723184,-0.004982698961937716,0.07535563244905807,0.11374086889657825,-0.003014225297962322,0.041584006151480196,0.03844675124951941,-0.22145328719723184,-0.03543252595155709,0.1929104190695886,0.07535563244905807,-0.1085121107266436,-0.17937716262975778,-0.19986159169550174,0.01384083044982699,0.008858131487889272,-0.029773164167627833,0.017777777777777778,0.0629911572472126,-0.007443291041906958,-0.21413302575932336,-0.14769703960015382,-0.1929104190695886,0.08882737408688965,-0.11909265667051133,0.01574778931180315,-0.24415224913494812,-0.07972318339100345
M3A-w4-1503,0.09842368319876971,-0.09356401384083046,0.11909265667051133,-0.05911572472126105,-0.06698961937716265,0.08882737408688965,-0.01384083044982699,0.2288965782391388,-0.06698961937716265,-0.0271280276816609,0.17279507881584008,-0.041584006151480196,0.06698961937716265,0.010396001537870049,-0.012056901191849288,-0.08421376393694734,0.07111111111111111,0.24415224913494812,-0.11909265667051133,-0.21413302575932336,0.06698961937716265,-0.16633602460592078,-0.03254133025759323,-0.13016532103037293,-0.010396001537870049,-0.006151480199923107,0.14769703960015382,-0.11374086889657825,0.12456747404844293,0.4340484429065744,0.06698961937716265,0.05173394848135333,0.05911572472126105,0.14173010380622836,-0.16000000000000003,-0.05173394848135333,-0.03543252595155709,0.08882737408688965,0.07535563244905807,-0.041584006151480196,0.11374086889657825,0.029773164167627833,0.029773164167627833,-0.186082276047674,-0.03254133025759323,-0.019930795847750864,-0.024605920799692427,0.2364628988850442,0.019930795847750864,-0.17279507881584008,0.05536332179930796,-0.1085121107266436,0.010396001537870049,0.044844290657439445,0.2288965782391388,0.044844290657439445,-0.11909265667051133,-0.28444444444444444,-0.05911572472126105,0.08421376393694734,0.041584006151480196,0.041584006151480196,0.044844290657439445,0.1929104190695886
M3A-w4-1504,0.11909265667051133,0.0015378700499807767,0.21413302575932336,-0.17937716262975778,-0.07972318339100345,0.05173394848135333,-0.019930795847750864,0.11909265667051133,-0.017777777777777778,0.05536332179930796,0.10340638216070744,-0.11374086889657825,0.041584006151480196,-0.09842368319876971,0.04822760476739715,-0.08421376393694734,-0.01384083044982699,0.21413302575932336,0.09356401384083046,-0.2599000384467512,0.007443291041906958,-0.13016532103037293,-0.1085121107266436,-0.07535563244905807,-0.16633602460592078,0.10340638216070744,0.09356401384083046,-0.12456747404844293,0.13016532103037293,0.31009611687812383,0.2364628988850442,0.12456747404844293,0.07535563244905807,-0.07972318339100345,-0.09842368319876971,-0.008858131487889272,-0.13588619761630144,0.11909265667051133,0.14769703960015382,-0.16000000000000003,0.2069357939254133,-0.08882737408688965,0.0271280276816609,-0.19986159169550174,-0.01574778931180315,-0.03844675124951941,0.01574778931180315,0.024605920799692427,-0.08882737408688965,-0.24415224913494812,0.08882737408688965,-0.03254133025759323,-0.03844675124951941,0.012056901191849288,0.11374086889657825,-0.010396001537870049,-0.16633602460592078,-0.15378700499807765,-0.11909265667051133,0.08421376393694734,-0.041584006151480196,-0.12456747404844293,-0.22145328719723184,0.041584006151480196
M3A-w4-1506,0.11909265667051133,-0.13588619761630144,0.1929104190695886,-0.03844675124951941,0.041584006151480196,0.16000000000000003,-0.17937716262975778,0.11374086889657825,-0.05536332179930796,0.05536332179930796,0.17279507881584008,-0.05536332179930796,0.044844290657439445,-0.0629911572472126,0.03254133025759323,-0.08882737408688965,-0.11374086889657825,0.10340638216070744,0.044844290657439445,-0.041584006151480196,-0.13016532103037293,-0.09356401384083046,0.008858131487889272,6.151480199923106e-05,-0.22145328719723184,0.08421376393694734,0.22145328719723184,-0.21413302575932336,-0.019930795847750864,0.17937716262975778,0.17279507881584008,0.15378700499807765,0.17937716262975778,-0.14173010380622836,-0.03254133025759323,0.10340638216070744,-0.05536332179930796,0.04822760476739715,0.07972318339100345,-0.12456747404844293,0.1085121107266436,-0.13588619761630144,0.11909265667051133,-0.24415224913494812,-0.029773164167627833,0.1085121107266436,0.1085121107266436,-0.10340638216070744,-0.05911572472126105,-0.3188927335640138,0.11909265667051133,-0.044844290657439445,-0.0271280276816609,0.07111111111111111,0.08421376393694734,-0.08421376393694734,-0.15378700499807765,-0.2288965782391388,-0.15378700499807765,0.03254133025759323,-0.13016532103037293,0.11374086889657825,-0.11374086889657825,0.003936947327950788
M3A-w4-1508,0.05911572472126105,-0.08882737408688965,0.29287197231833906,0.022206843521722412,-0.024605920799692427,0.17937716262975778,-0.01574778931180315,0.09842368319876971,-0.17937716262975778,0.041584006151480196,0.2599000384467512,-0.11374086889657825,0.14769703960015382,0.07972318339100345,-0.09842368319876971,-0.08882737408688965,-0.1085121107266436,-0.044844290657439445,0.19986159169550174,-0.13016532103037293,-0.029773164167627833,-0.07972318339100345,0.14173010380622836,-0.11909265667051133,-0.2288965782391388,-0.022206843521722412,0.08882737408688965,-0.12456747404844293,0.022206843521722412,0.2364628988850442,0.05911572472126105,0.019930795847750864,0.07111111111111111,-0.16633602460592078,-0.13016532103037293,0.11374086889657825,-0.13588619761630144,0.024605920799692427,-0.12456747404844293,-0.05536332179930796,0.13016532103037293,-0.05173394848135333,0.05911572472126105,-0.2364628988850442,-0.14173010380622836,0.12456747404844293,0.11909265667051133,-0.04822760476739715,0.006151480199923107,-0.2679584775086506,0.01384083044982699,0.08421376393694734,-0.044844290657439445,-0.024605920799692427,0.09842368319876971,-0.004982698961937716,-0.16000000000000003,-0.16000000000000003,-0.2364628988850442,-0.05911572472126105,-0.08421376393694734,-0.07535563244905807,-0.0629911572472126,-0.008858131487889272
M3A-w4-1509,0.0629911572472126,-0.03844675124951941,0.2519646289888504,-0.06698961937716265,-0.16000000000000003,0.11374086889657825,-0.16000000000000003,0.14173010380622836,-0.17279507881584008,0.029773164167627833,0.0271280276816609,-0.07111111111111111,0.07972318339100345,0.024605920799692427,-0.05173394848135333,-0.05536332179930796,-0.13588619761630144,0.08882737408688965,0.11374086889657825,-0.05173394848135333,-0.1085121107266436,-0.08421376393694734,0.07111111111111111,0.01384083044982699,-0.2679584775086506,0.16000000000000003,0.0629911572472126,-0.13588619761630144,0.0629911572472126,0.186082276047674,0.03254133025759323,-0.1085121107266436,0.08882737408688965,-0.21413302575932336,0.029773164167627833,0.13588619761630144,-0.07111111111111111,0.0271280276816609,-0.09842368319876971,-0.11374086889657825,0.10340638216070744,-0.1085121107266436,0.007443291041906958,-0.28444444444444444,-0.16000000000000003,0.2288965782391388,0.10340638216070744,0.0015378700499807767,-0.04822760476739715,-0.186082276047674,0.017777777777777778,0.14173010380622836,0.11909265667051133,-0.03254133025759323,0.05173394848135333,-0.007443291041906958,-0.07972318339100345,-0.03543252595155709,-0.33685505574778934,-0.04822760476739715,-0.1929104190695886,-0.13588619761630144,-0.07535563244905807,0.03844675124951941
M3A-w4-1510,0.09356401384083046,-0.07111111111111111,0.2761399461745483,-0.1085121107266436,-0.11909265667051133,0.08882737408688965,-0.12456747404844293,0.186082276047674,-0.11909265667051133,0.01574778931180315,0.11374086889657825,0.003014225297962322,0.14769703960015382,0.09842368319876971,-0.003936947327950788,-0.16633602460592078,-0.17279507881584008,0.017777777777777778,-0.022206843521722412,-0.05911572472126105,-0.0629911572472126,-0.07111111111111111,0.05173394848135333,-0.041584006151480196,-0.16633602460592078,0.14173010380622836,0.14173010380622836,-0.12456747404844293,0.08882737408688965,0.13588619761630144,-0.06698961937716265,-0.09356401384083046,0.0629911572472126,-0.14173010380622836,0.03844675124951941,0.2599000384467512,-0.1085121107266436,0.0629911572472126,-0.041584006151480196,-0.17279507881584008,-0.000984236831987697,-0.08421376393694734,-0.0271280276816609,-0.16633602460592078,-0.1929104190695886,0.17937716262975778,0.16000000000000003,0.05536332179930796,0.03844675124951941,-0.15378700499807765,0.11374086889657825,0.15378700499807765,0.041584006151480196,0.003014225297962322,0.008858131487889272,-0.0015378700499807767,-0.14769703960015382,-0.11374086889657825,-0.29287197231833906,-0.09356401384083046,-0.186082276047674,-0.13588619761630144,-0.17937716262975778,0.11909265667051133
M3A-w4-1513,0.11909265667051133,-0.22145328719723184,0.13588619761630144,-0.07972318339100345,0.041584006151480196,0.14769703960015382,-0.2069357939254133,0.16633602460592078,-0.08882737408688965,0.13588619761630144,0.14769703960015382,-0.06698961937716265,0.09356401384083046,0.0005536332179930795,-0.029773164167627833,-0.14173010380622836,-0.15378700499807765,0.15378700499807765,0.0629911572472126,-0.10340638216070744,-0.14173010380622836,-0.01574778931180315,0.00024605920799692423,-0.03844675124951941,-0.24415224913494812,0.12456747404844293,0.07972318339100345,-0.17279507881584008,0.07535563244905807,0.16000000000000003,0.041584006151480196,0.029773164167627833,0.07972318339100345,-0.11374086889657825,0.03543252595155709,0.22145328719723184,-0.019930795847750864,0.04822760476739715,0.03543252595155709,-0.17279507881584008,0.10340638216070744,-0.186082276047674,0.16000000000000003,-0.16633602460592078,-0.03254133025759323,0.1085121107266436,0.12456747404844293,-0.024605920799692427,-0.05911572472126105,-0.36472126105344094,0.11374086889657825,0.010396001537870049,0.12456747404844293,0.029773164167627833,0.022206843521722412,-0.010396001537870049,-0.14173010380622836,-0.10340638216070744,-0.21413302575932336,-0.01384083044982699,-0.07111111111111111,0.09842368319876971,-0.13016532103037293,0.041584006151480196
M3A-w4-1514,0.09842368319876971,-0.11909265667051133,0.17937716262975778,0.07535563244905807,0.044844290657439445,0.186082276047674,-0.13588619761630144,0.0629911572472126,-0.029773164167627833,0.06698961937716265,0.2069357939254133,-0.08882737408688965,0.029773164167627833,-0.007443291041906958,-0.03254133025759323,-0.06698961937716265,-0.09842368319876971,0.09356401384083046,0.17279507881584008,-0.04822760476739715,-0.10340638216070744,-0.000984236831987697,0.017777777777777778,-0.01574778931180315,-0.2761399461745483,0.0629911572472126,0.21413302575932336,-0.24415224913494812,0.06698961937716265,0.19986159169550174,0.09356401384083046,-0.03543252595155709,0.11909265667051133,-0.24415224913494812,-0.06698961937716265,0.14173010380622836,-0.04822760476739715,0.029773164167627833,0.03254133025759323,-0.12456747404844293,0.11909265667051133,-0.08882737408688965,0.13016532103037293,-0.3014225297962323,-0.13016532103037293,0.0629911572472126,0.05536332179930796,-0.01574778931180315,0.008858131487889272,-0.28444444444444444,0.017777777777777778,-0.01574778931180315,0.03543252595155709,-0.002214532871972318,0.09356401384083046,0.012056901191849288,-0.13016532103037293,-0.1929104190695886,-0.2599000384467512,-0.029773164167627833,-0.11374086889657825,0.017777777777777778,-0.10340638216070744,0.03254133025759323
M3A-w4-1516,0.14769703960015382,-0.029773164167627833,0.2069357939254133,-0.14769703960015382,0.0271280276816609,0.041584006151480196,-0.0629911572472126,0.13588619761630144,-0.11909265667051133,-0.03254133025759323,0.13588619761630144,0.0271280276816609,0.008858131487889272,-0.05911572472126105,-0.017777777777777778,-0.13016532103037293,-0.13016532103037293,0.019930795847750864,0.07972318339100345,-0.05536332179930796,-0.03543252595155709,-0.16633602460592078,-0.08421376393694734,-0.06698961937716265,-0.1929104190695886,-0.1085121107266436,0.1929104190695886,-0.13016532103037293,-0.09356401384083046,0.14173010380622836,0.29287197231833906,0.13016532103037293,0.13016532103037293,-0.05911572472126105,-0.2069357939254133,0.1085121107266436,-0.17279507881584008,0.022206843521722412,0.08421376393694734,0.05911572472126105,0.06698961937716265,0.03254133025759323,0.08421376393694734,-0.2364628988850442,-0.05536332179930796,0.16633602460592078,0.06698961937716265,-0.19986159169550174,-0.14769703960015382,-0.3014225297962323,-0.0005536332179930795,0.012056901191849288,-0.022206843521722412,0.010396001537870049,0.017777777777777778,-0.07535563244905807,-0.15378700499807765,-0.16633602460592078,-0.13588619761630144,0.11374086889657825,-0.13588619761630144,0.05536332179930796,-0.21413302575932336,-0.05911572472126105
M3A-w4-1517,-0.003936947327950788,-0.08882737408688965,0.3188927335640138,-0.2069357939254133,-0.09842368319876971,0.08882737408688965,-0.1085121107266436,0.2364628988850442,-0.09842368319876971,0.01384083044982699,0.11909265667051133,-0.010396001537870049,0.06698961937716265,0.08421376393694734,-0.04822760476739715,-0.09842368319876971,-0.1929104190695886,0.2069357939254133,0.09356401384083046,-0.2069357939254133,-0.13588619761630144,-0.012056901191849288,0.08421376393694734,-0.05173394848135333,-0.2599000384467512,0.01384083044982699,0.017777777777777778,-0.04822760476739715,-0.05536332179930796,0.07972318339100345,0.186082276047674,0.012056901191849288,0.13588619761630144,0.0629911572472126,-0.019930795847750864,0.08882737408688965,-0.1085121107266436,0.07111111111111111,0.024605920799692427,-0.03254133025759323,0.11909265667051133,-0.0005536332179930795,0.09356401384083046,-0.21413302575932336,-0.14769703960015382,0.13016532103037293,0.10340638216070744,0.0271280276816609,-0.0629911572472126,-0.28444444444444444,0.13016532103037293,0.11374086889657825,0.019930795847750864,0.041584006151480196,0.029773164167627833,-0.041584006151480196,-0.16000000000000003,-0.09842368319876971,-0.21413302575932336,0.012056901191849288,-0.24415224913494812,-0.08421376393694734,-0.08421376393694734,-0.010396001537870049
M3A-w4-1518,0.05536332179930796,-0.022206843521722412,0.2069357939254133,-0.05536332179930796,-0.0629911572472126,0.2679584775086506,-0.041584006151480196,0.03543252595155709,-0.05173394848135333,0.16633602460592078,0.14173010380622836,-0.11909265667051133,0.07972318339100345,-0.04822760476739715,-0.0271280276816609,-0.017777777777777778,-0.08421376393694734,0.16000000000000003,0.14173010380622836,-0.14769703960015382,-0.022206843521722412,-0.09356401384083046,0.11374086889657825,-0.0271280276816609,-0.29287197231833906,-0.019930795847750864,0.08421376393694734,-0.14769703960015382,-0.003014225297962322,0.1929104190695886,0.1929104190695886,0.17937716262975778,0.16000000000000003,-0.186082276047674,-0.019930795847750864,0.0015378700499807767,-0.1085121107266436,0.05911572472126105,-0.05173394848135333,-0.2069357939254133,0.16633602460592078,-0.13016532103037293,0.04822760476739715,-0.186082276047674,0.03543252595155709,0.07972318339100345,0.07111111111111111,-0.09356401384083046,-0.07111111111111111,-0.2364628988850442,0.0629911572472126,-0.01574778931180315,-0.03254133025759323,0.024605920799692427,0.21413302575932336,-0.024605920799692427,-0.17279507881584008,-0.13016532103037293,-0.17937716262975778,0.003936947327950788,-0.17937716262975778,-0.07535563244905807,-0.14769703960015382,-0.029773164167627833
M3A-w4-1519,0.09356401384083046,-0.044844290657439445,0.2679584775086506,-0.000984236831987697,-0.041584006151480196,0.13588619761630144,0.019930795847750864,0.09356401384083046,-0.17279507881584008,0.003936947327950788,0.13588619761630144,-0.07972318339100345,0.11909265667051133,0.09842368319876971,-0.09842368319876971,-0.186082276047674,-0.14769703960015382,-0.007443291041906958,0.15378700499807765,-0.041584006151480196,-0.017777777777777778,-0.08882737408688965,0.05536332179930796,-0.13016532103037293,-0.22145328719723184,0.008858131487889272,0.13588619761630144,-0.186082276047674,0.08882737408688965,0.1929104190695886,0.044844290657439445,-0.07111111111111111,0.012056901191849288,-0.07972318339100345,-0.08421376393694734,0.1929104190695886,-0.16633602460592078,0.06698961937716265,-0.08421376393694734,-0.15378700499807765,0.05173394848135333,-0.022206843521722412,-0.017777777777777778,-0.24415224913494812,-0.15378700499807765,0.16000000000000003,0.12456747404844293,-0.010396001537870049,0.024605920799692427,-0.17279507881584008,0.05911572472126105,0.13016532103037293,-0.06698961937716265,-0.01384083044982699,0.06698961937716265,0.07111111111111111,-0.17937716262975778,-0.08882737408688965,-0.3188927335640138,-0.07535563244905807,-0.14769703960015382,-0.17937716262975778,-0.17279507881584008,0.0629911572472126
M3A-w4-1520,0.044844290657439445,-0.08421376393694734,0.29287197231833906,-0.10340638216070744,-0.10340638216070744,0.024605920799692427,-0.09842368319876971,0.03543252595155709,-0.13588619761630144,-0.12456747404844293,0.11374086889657825,0.01574778931180315,0.07535563244905807,0.024605920799692427,-0.01574778931180315,-0.13016532103037293,-0.11909265667051133,0.17937716262975778,0.019930795847750864,-0.05911572472126105,0.05173394848135333,-0.08421376393694734,0.1085121107266436,-0.0629911572472126,-0.2288965782391388,0.09842368319876971,0.07535563244905807,-0.1929104190695886,0.13588619761630144,0.24415224913494812,0.16000000000000003,-0.10340638216070744,0.14173010380622836,-0.14173010380622836,0.000984236831987697,0.16633602460592078,-0.17279507881584008,0.05536332179930796,0.010396001537870049,-0.186082276047674,0.0271280276816609,-0.15378700499807765,-0.01384083044982699,-0.14769703960015382,-0.16633602460592078,0.15378700499807765,0.15378700499807765,0.08421376393694734,0.05911572472126105,-0.12456747404844293,0.06698961937716265,0.06698961937716265,-0.010396001537870049,0.08421376393694734,0.0629911572472126,-0.041584006151480196,-0.2364628988850442,-0.21413302575932336,-0.2288965782391388,-0.05911572472126105,-0.15378700499807765,-0.10340638216070744,-0.1085121107266436,0.01384083044982699
M3A-w4-1521,0.03543252595155709,-0.17279507881584008,0.14769703960015382,-0.186082276047674,-0.11909265667051133,0.11374086889657825,-0.06698961937716265,0.13588619761630144,-0.012056901191849288,0.11909265667051133,0.21413302575932336,-0.044844290657439445,0.186082276047674,-0.022206843521722412,-0.044844290657439445,-0.14173010380622836,-0.22145328719723184,0.0629911572472126,-0.044844290657439445,-0.11374086889657825,-0.017777777777777778,-0.05536332179930796,0.2288965782391388,-0.05536332179930796,-0.17279507881584008,-0.15378700499807765,-0.024605920799692427,-0.17279507881584008,0.05911572472126105,0.2599000384467512,0.07111111111111111,0.13016532103037293,0.06698961937716265,0.08882737408688965,-0.03844675124951941,0.16633602460592078,-0.041584006151480196,0.07535563244905807,-0.017777777777777778,-0.14173010380622836,-0.022206843521722412,-0.041584006151480196,-0.05536332179930796,-0.022206843521722412,-0.05173394848135333,0.07535563244905807,0.17937716262975778,-0.11909265667051133,-0.01574778931180315,-0.2519646289888504,0.13016532103037293,0.03543252595155709,-0.07111111111111111,0.17937716262975778,0.07111111111111111,-0.09842368319876971,-0.19986159169550174,-0.1929104190695886,-0.2364628988850442,-0.11374086889657825,-0.14769703960015382,0.024605920799692427,-0.09356401384083046,0.03254133025759323
M3A-w4-1522,0.0629911572472126,-0.08421376393694734,0.2599000384467512,0.03543252595155709,-0.000984236831987697,0.07972318339100345,-0.019930795847750864,0.14769703960015382,-0.16000000000000003,0.024605920799692427,0.08421376393694734,-0.10340638216070744,0.09842368319876971,0.03543252595155709,-0.13016532103037293,-0.09356401384083046,-0.14769703960015382,0.029773164167627833,0.1929104190695886,-0.12456747404844293,-0.05536332179930796,-0.11374086889657825,0.12456747404844293,-0.05536332179930796,-0.12456747404844293,-0.022206843521722412,0.09356401384083046,-0.19986159169550174,0.03254133025759323,0.1929104190695886,0.01384083044982699,-0.024605920799692427,0.07111111111111111,-0.11909265667051133,-0.05911572472126105,0.17937716262975778,-0.06698961937716265,0.1085121107266436,-0.07535563244905807,-0.186082276047674,0.07111111111111111,-0.11909265667051133,-0.024605920799692427,-0.2069357939254133,-0.14769703960015382,0.11374086889657825,0.17937716262975778,-0.002214532871972318,0.029773164167627833,-0.2288965782391388,0.08882737408688965,0.05173394848135333,-0.08421376393694734,0.07111111111111111,0.09356401384083046,0.01574778931180315,-0.186082276047674,-0.2069357939254133,-0.33685505574778934,-0.019930795847750864,-0.07535563244905807,-0.15378700499807765,-0.17279507881584008,0.12456747404844293
M3A-w4-1523,-0.044844290657439445,-0.16633602460592078,0.21413302575932336,-0.14173010380622836,-0.06698961937716265,0.08421376393694734,-0.09842368319876971,0.14769703960015382,-0.0271280276816609,-0.11374086889657825,0.12456747404844293,-0.0271280276816609,0.05911572472126105,-0.03543252595155709,-0.044844290657439445,-0.14769703960015382,-0.22145328719723184,0.11374086889657825,-0.05911572472126105,-0.1929104190695886,-0.0629911572472126,-0.0005536332179930795,0.12456747404844293,0.008858131487889272,-0.17937716262975778,0.0271280276816609,-0.08421376393694734,-0.14769703960015382,0.05911572472126105,0.2599000384467512,0.186082276047674,0.04822760476739715,0.2364628988850442,-0.017777777777777778,0.09842368319876971,0.16000000000000003,-0.19986159169550174,0.04822760476739715,0.024605920799692427,-0.09842368319876971,-0.010396001537870049,-0.07535563244905807,0.041584006151480196,-0.14769703960015382,-0.004982698961937716,0.07111111111111111,0.19986159169550174,0.029773164167627833,0.05536332179930796,-0.24415224913494812,0.15378700499807765,0.08882737408688965,-0.16633602460592078,0.07111111111111111,0.05536332179930796,-0.08421376393694734,-0.16633602460592078,-0.19986159169550174,-0.2069357939254133,0.05173394848135333,-0.16000000000000003,-0.0629911572472126,-0.07972318339100345,-0.04822760476739715
M3A-w4-1524,0.06698961937716265,-0.15378700499807765,0.2364628988850442,-0.15378700499807765,-0.03543252595155709,0.17279507881584008,-0.06698961937716265,0.15378700499807765,-0.08421376393694734,0.10340638216070744,0.05536332179930796,-0.11374086889657825,0.1085121107266436,0.01574778931180315,-0.01384083044982699,-0.11909265667051133,-0.21413302575932336,0.08421376393694734,0.008858131487889272,-0.06698961937716265,-0.05173394848135333,-0.003014225297962322,0.10340638216070744,-0.09842368319876971,-0.17937716262975778,-0.010396001537870049,0.10340638216070744,-0.14173010380622836,-0.000984236831987697,0.3188927335640138,0.13016532103037293,0.05173394848135333,0.14173010380622836,-0.06698961937716265,-0.041584006151480196,0.11374086889657825,-0.11374086889657825,0.03543252595155709,-0.07535563244905807,-0.019930795847750864,0.008858131487889272,-0.05911572472126105,-0.010396001537870049,-0.186082276047674,-0.08421376393694734,0.14769703960015382,0.24415224913494812,-0.09356401384083046,-0.11374086889657825,-0.3278123798539023,0.11909265667051133,0.010396001537870049,-0.0629911572472126,0.0629911572472126,0.07535563244905807,-0.05173394848135333,-0.21413302575932336,-0.17937716262975778,-0.22145328719723184,0.03844675124951941,-0.13588619761630144,-0.09356401384083046,-0.08882737408688965,0.05536332179930796
M3A-w4-1525,0.03254133025759323,-0.05173394848135333,0.22145328719723184,-0.08882737408688965,-0.06698961937716265,0.07111111111111111,0.029773164167627833,0.14173010380622836,-0.17937716262975778,-0.022206843521722412,0.13588619761630144,-0.05536332179930796,0.09842368319876971,0.09842368319876971,-0.07972318339100345,-0.15378700499807765,-0.13016532103037293,0.03254133025759323,0.024605920799692427,-0.09356401384083046,-0.03543252595155709,0.000984236831987697,0.14769703960015382,-0.09842368319876971,-0.186082276047674,0.07972318339100345,0.03254133025759323,-0.07535563244905807,0.08421376393694734,0.14173010380622836,-0.0015378700499807767,-0.13588619761630144,0.07111111111111111,-0.12456747404844293,0.03844675124951941,0.13588619761630144,-0.17279507881584008,0.05536332179930796,-0.1085121107266436,-0.15378700499807765,-0.019930795847750864,-0.044844290657439445,-0.0629911572472126,-0.28444444444444444,-0.19986159169550174,0.16633602460592078,0.13016532103037293,0.09842368319876971,0.029773164167627833,-0.10340638216070744,0.08882737408688965,0.17279507881584008,-0.044844290657439445,-0.022206843521722412,0.11909265667051133,-0.03254133025759323,-0.2069357939254133,-0.08882737408688965,-0.34602076124567477,-0.16000000000000003,-0.1085121107266436,-0.2599000384467512,-0.10340638216070744,0.041584006151480196
M3A-w4-1526,0.09356401384083046,-0.08421376393694734,0.2599000384467512,-0.19986159169550174,-0.044844290657439445,0.044844290657439445,-0.01574778931180315,0.12456747404844293,-0.05536332179930796,-0.03844675124951941,0.12456747404844293,-0.019930795847750864,0.0629911572472126,-0.03254133025759323,0.05911572472126105,-0.13588619761630144,-0.16633602460592078,0.11374086889657825,0.07111111111111111,-0.13588619761630144,-0.04822760476739715,-0.03844675124951941,0.019930795847750864,-0.11374086889657825,-0.16000000000000003,-0.03543252595155709,0.14173010380622836,-0.05911572472126105,-0.006151480199923107,0.28444444444444444,0.31009611687812383,0.1929104190695886,0.06698961937716265,-0.029773164167627833,-0.11909265667051133,0.08421376393694734,-0.16000000000000003,0.06698961937716265,0.07535563244905807,0.041584006151480196,0.07111111111111111,0.017777777777777778,-0.003014225297962322,-0.2599000384467512,-0.044844290657439445,0.044844290657439445,0.07535563244905807,-0.12456747404844293,-0.1085121107266436,-0.31009611687812383,0.04822760476739715,0.01384083044982699,-0.09356401384083046,0.03844675124951941,0.05536332179930796,-0.03543252595155709,-0.2519646289888504,-0.2364628988850442,-0.16633602460592078,0.07111111111111111,-0.07535563244905807,-0.0629911572472126,-0.14173010380622836,-0.0015378700499807767
M3A-w4-1528,0.041584006151480196,-0.003936947327950788,0.1929104190695886,-0.07972318339100345,-0.05911572472126105,0.11374086889657825,-0.11374086889657825,0.19986159169550174,-0.15378700499807765,0.0015378700499807767,0.15378700499807765,-0.0271280276816609,0.09842368319876971,0.01574778931180315,-0.05911572472126105,-0.07111111111111111,-0.14173010380622836,0.01384083044982699,0.0271280276816609,0.010396001537870049,-0.010396001537870049,-0.11909265667051133,0.186082276047674,-0.08421376393694734,-0.186082276047674,-0.03543252595155709,0.13588619761630144,-0.19986159169550174,-0.03254133025759323,0.2288965782391388,0.08882737408688965,0.13016532103037293,0.13016532103037293,-0.044844290657439445,0.00024605920799692423,0.17937716262975778,-0.03543252595155709,0.12456747404844293,-0.06698961937716265,-0.13016532103037293,-0.024605920799692427,-0.08421376393694734,0.022206843521722412,-0.21413302575932336,-0.09842368319876971,0.2069357939254133,0.24415224913494812,-0.07972318339100345,-0.0015378700499807767,-0.2069357939254133,0.16633602460592078,0.0271280276816609,-0.10340638216070744,0.07535563244905807,0.12456747404844293,-0.05536332179930796,-0.22145328719723184,-0.15378700499807765,-0.2599000384467512,-0.022206843521722412,-0.13588619761630144,-0.07535563244905807,-0.17937716262975778,-0.01384083044982699
M3A-w4-1530,0.05173394848135333,-0.08882737408688965,0.2288965782391388,-0.13016532103037293,-0.04822760476739715,0.11374086889657825,-0.07972318339100345,0.16000000000000003,-0.017777777777777778,0.024605920799692427,0.14769703960015382,0.0629911572472126,0.05911572472126105,0.008858131487889272,0.03543252595155709,-0.15378700499807765,-0.2288965782391388,0.15378700499807765,-0.010396001537870049,-0.15378700499807765,-0.05536332179930796,-0.05173394848135333,0.11374086889657825,-0.041584006151480196,-0.19986159169550174,0.03844675124951941,0.10340638216070744,-0.13588619761630144,-0.017777777777777778,0.17279507881584008,0.17279507881584008,0.10340638216070744,0.1929104190695886,-0.029773164167627833,0.07535563244905807,0.11909265667051133,-0.07111111111111111,0.019930795847750864,0.09842368319876971,-0.11909265667051133,0.029773164167627833,-0.06698961937716265,0.07111111111111111,-0.16633602460592078,-0.14173010380622836,0.11909265667051133,0.16633602460592078,-0.04822760476739715,0.019930795847750864,-0.33685505574778934,0.16000000000000003,0.05911572472126105,-0.0629911572472126,0.13016532103037293,0.0629911572472126,-0.13016532103037293,-0.1929104190695886,-0.22145328719723184,-0.14769703960015382,-0.08421376393694734,-0.2364628988850442,0.007443291041906958,-0.09842368319876971,0.05911572472126105
M3A-w4-1531,0.05536332179930796,-0.07972318339100345,0.21413302575932336,-0.10340638216070744,-0.13016532103037293,0.11909265667051133,-0.003936947327950788,0.1929104190695886,-0.008858131487889272,0.022206843521722412,0.15378700499807765,-0.11374086889657825,0.16633602460592078,0.024605920799692427,0.010396001537870049,-0.04822760476739715,-0.06698961937716265,0.186082276047674,0.03254133025759323,-0.28444444444444444,0.022206843521722412,-0.10340638216070744,0.04822760476739715,-0.08421376393694734,-0.17279507881584008,-0.010396001537870049,0.13588619761630144,-0.09356401384083046,0.05911572472126105,0.36472126105344094,0.14769703960015382,0.12456747404844293,0.006151480199923107,0.03543252595155709,-0.08882737408688965,-0.044844290657439445,-0.022206843521722412,0.13016532103037293,0.05911572472126105,-0.15378700499807765,0.14769703960015382,-0.029773164167627833,-0.000984236831987697,-0.2069357939254133,-0.002214532871972318,-0.044844290657439445,0.008858131487889272,0.1085121107266436,-0.024605920799692427,-0.29287197231833906,0.041584006151480196,-0.03254133025759323,-0.017777777777777778,0.09842368319876971,0.2069357939254133,-0.0015378700499807767,-0.17937716262975778,-0.2288965782391388,-0.14173010380622836,0.05173394848135333,-0.05173394848135333,-0.008858131487889272,-0.15378700499807765,0.11374086889657825
M3A-w4-1532,-0.0015378700499807767,-0.22145328719723184,0.17937716262975778,-0.029773164167627833,-0.17937716262975778,-0.029773164167627833,-0.12456747404844293,0.28444444444444444,-0.1085121107266436,-0.0629911572472126,0.12456747404844293,-0.09842368319876971,0.16633602460592078,0.07972318339100345,-0.029773164167627833,-0.1085121107266436,-0.22145328719723184,-0.03543252595155709,-0.07535563244905807,0.044844290657439445,-0.06698961937716265,-0.14769703960015382,0.11374086889657825,-0.0629911572472126,0.010396001537870049,0.12456747404844293,0.06698961937716265,-0.09356401384083046,0.08421376393694734,0.11374086889657825,-0.16000000000000003,-0.07535563244905807,-0.10340638216070744,-0.041584006151480196,0.09842368319876971,0.186082276047674,-0.186082276047674,-0.1085121107266436,-0.0629911572472126,-0.2069357939254133,-0.05173394848135333,-0.01574778931180315,-0.05911572472126105,-0.10340638216070744,-0.2288965782391388,0.16000000000000003,0.09842368319876971,0.019930795847750864,0.022206843521722412,-0.029773164167627833,0.01384083044982699,0.186082276047674,-0.01574778931180315,0.024605920799692427,0.05173394848135333,0.024605920799692427,-0.008858131487889272,0.03543252595155709,-0.39369473279507883,-0.03543252595155709,-0.04822760476739715,-0.13588619761630144,-0.2069357939254133,0.08421376393694734
M3A-w4-1533,0.01384083044982699,-0.2364628988850442,0.16633602460592078,-0.13016532103037293,-0.17279507881584008,0.0271280276816609,-0.08882737408688965,0.22145328719723184,-0.044844290657439445,0.1085121107266436,0.16000000000000003,-0.07972318339100345,0.22145328719723184,-0.006151480199923107,-6.151480199923106e-05,-0.08882737408688965,-0.2069357939254133,0.003014225297962322,-0.13588619761630144,-0.029773164167627833,-0.029773164167627833,-0.13588619761630144,0.186082276047674,-0.06698961937716265,-0.08421376393694734,-0.07111111111111111,0.041584006151480196,-0.1085121107266436,0.019930795847750864,0.2599000384467512,-0.010396001537870049,0.186082276047674,-0.019930795847750864,0.0271280276816609,-0.004982698961937716,0.11909265667051133,0.019930795847750864,0.044844290657439445,-0.01574778931180315,-0.13588619761630144,-0.022206843521722412,-0.05911572472126105,-0.06698961937716265,-0.029773164167627833,-0.041584006151480196,0.05536332179930796,0.21413302575932336,-0.1085121107266436,-0.041584006151480196,-0.186082276047674,0.11909265667051133,0.012056901191849288,-0.07972318339100345,0.19986159169550174,0.11374086889657825,-0.07972318339100345,-0.186082276047674,-0.17279507881584008,-0.33685505574778934,-0.041584006151480196,-0.09356401384083046,-0.03254133025759323,-0.2069357939254133,0.07972318339100345
M3A-w4-1534,0.10340638216070744,-0.07111111111111111,0.3014225297962323,-0.09356401384083046,-0.029773164167627833,0.15378700499807765,-0.07972318339100345,0.05911572472126105,-0.1085121107266436,0.044844290657439445,0.21413302575932336,-0.041584006151480196,0.024605920799692427,0.006151480199923107,-0.029773164167627833,-0.12456747404844293,-0.17937716262975778,0.10340638216070744,0.13588619761630144,-0.13588619761630144,-0.05536332179930796,-0.07535563244905807,0.05536332179930796,-0.022206843521722412,-0.28444444444444444,-0.0271280276816609,0.1085121107266436,-0.14173010380622836,0.01574778931180315,0.16000000000000003,0.2364628988850442,-0.04822760476739715,0.1929104190695886,-0.13588619761630144,-0.06698961937716265,0.07972318339100345,-0.14173010380622836,0.029773164167627833,0.041584006151480196,-0.14769703960015382,0.15378700499807765,-0.0629911572472126,0.07535563244905807,-0.2761399461745483,-0.13588619761630144,0.11374086889657825,0.1085121107266436,-0.07972318339100345,0.017777777777777778,-0.22145328719723184,0.004982698961937716,0.029773164167627833,-0.044844290657439445,-0.000984236831987697,0.10340638216070744,-0.0629911572472126,-0.14173010380622836,-0.186082276047674,-0.1929104190695886,-0.05173394848135333,-0.2069357939254133,-0.05536332179930796,-0.08882737408688965,-0.010396001537870049
M3A-w4-1535,0.08882737408688965,-0.05911572472126105,0.16000000000000003,-0.03254133025759323,0.06698961937716265,0.13016532103037293,-0.06698961937716265,0.13588619761630144,-0.07972318339100345,0.05911572472126105,0.13016532103037293,-0.08882737408688965,0.07111111111111111,-0.07111111111111111,-0.05173394848135333,-0.09842368319876971,-0.09842368319876971,0.0629911572472126,0.14173010380622836,-0.13016532103037293,-0.09356401384083046,-0.16000000000000003,-0.012056901191849288,-0.07535563244905807,-0.17937716262975778,0.16000000000000003,0.17279507881584008,-0.22145328719723184,0.0629911572472126,0.16000000000000003,0.17937716262975778,0.09356401384083046,0.12456747404844293,-0.12456747404844293,-0.01384083044982699,0.14173010380622836,-0.019930795847750864,0.13016532103037293,0.09356401384083046,-0.17279507881584008,0.19986159169550174,-0.2069357939254133,0.16633602460592078,-0.1929104190695886,-0.03254133025759323,0.09842368319876971,0.11374086889657825,-0.010396001537870049,-0.07972318339100345,-0.37425605536332185,0.07535563244905807,-0.029773164167627833,0.024605920799692427,0.11909265667051133,0.09842368319876971,-0.05536332179930796,-0.15378700499807765,-0.186082276047674,-0.17937716262975778,0.0015378700499807767,-0.05536332179930796,0.029773164167627833,-0.13016532103037293,0.03844675124951941
M3A-w4-1536,-0.008858131487889272,-0.12456747404844293,0.21413302575932336,-0.029773164167627833,-0.012056901191849288,0.09356401384083046,-0.2069357939254133,0.07972318339100345,-0.08882737408688965,0.012056901191849288,0.13588619761630144,-0.12456747404844293,0.05911572472126105,-0.05173394848135333,-0.05536332179930796,-0.11374086889657825,-0.17937716262975778,0.17279507881584008,-0.000984236831987697,-0.13588619761630144,-0.09842368319876971,-0.08882737408688965,0.03254133025759323,-0.08421376393694734,-0.2364628988850442,0.17279507881584008,0.09356401384083046,-0.15378700499807765,0.03254133025759323,0.17937716262975778,0.17937716262975778,-0.05173394848135333,0.11374086889657825,-0.13588619761630144,0.024605920799692427,0.13016532103037293,-0.11374086889657825,0.05536332179930796,-0.022206843521722412,-0.05911572472126105,0.1929104190695886,-0.16000000000000003,0.15378700499807765,-0.14173010380622836,-0.09842368319876971,0.15378700499807765,0.14769703960015382,0.03844675124951941,-0.041584006151480196,-0.28444444444444444,0.05173394848135333,0.03844675124951941,0.12456747404844293,0.14173010380622836,0.019930795847750864,-0.017777777777777778,-0.2069357939254133,-0.14769703960015382,-0.2679584775086506,0.041584006151480196,-0.11909265667051133,-0.017777777777777778,-0.07535563244905807,0.09842368319876971
M3A-w4-1537,0.05173394848135333,-0.14173010380622836,0.24415224913494812,-0.0629911572472126,-0.1085121107266436,0.07111111111111111,-0.15378700499807765,0.044844290657439445,-0.2519646289888504,0.01574778931180315,0.09356401384083046,-0.08882737408688965,0.11374086889657825,-0.05173394848135333,-0.05536332179930796,-0.12456747404844293,-0.0271280276816609,0.3188927335640138,0.06698961937716265,-0.029773164167627833,-0.07972318339100345,-0.04822760476739715,0.09356401384083046,-0.006151480199923107,-0.2364628988850442,0.1929104190695886,-0.05911572472126105,-0.1085121107266436,0.14173010380622836,0.17937716262975778,0.07535563244905807,-0.07972318339100345,0.08421376393694734,-0.2069357939254133,0.11909265667051133,0.13588619761630144,-0.19986159169550174,-0.03844675124951941,-0.09356401384083046,-0.16633602460592078,0.07535563244905807,-0.15378700499807765,-0.03543252595155709,-0.12456747404844293,-0.006151480199923107,0.16633602460592078,0.09356401384083046,0.08421376393694734,0.017777777777777778,-0.11374086889657825,0.03543252595155709,0.0629911572472126,0.05911572472126105,0.012056901191849288,0.11374086889657825,0.00024605920799692423,-0.16000000000000003,-0.12456747404844293,-0.29287197231833906,-0.07972318339100345,-0.11909265667051133,-0.08421376393694734,-0.13588619761630144,0.008858131487889272
M3A-w4-1542,0.03543252595155709,-0.1929104190695886,0.19986159169550174,0.044844290657439445,-0.000984236831987697,0.11909265667051133,-0.07111111111111111,0.05173394848135333,-0.3188927335640138,0.09842368319876971,0.186082276047674,-0.14173010380622836,0.12456747404844293,0.000984236831987697,-0.16633602460592078,-0.17937716262975778,-0.0629911572472126,0.05911572472126105,0.06698961937716265,0.01384083044982699,-0.05911572472126105,-0.12456747404844293,0.12456747404844293,-0.17937716262975778,-0.19986159169550174,0.08882737408688965,0.003936947327950788,-0.08421376393694734,0.03254133025759323,0.2069357939254133,-0.024605920799692427,0.008858131487889272,0.11374086889657825,-0.17937716262975778,0.022206843521722412,0.14769703960015382,-0.14173010380622836,-0.0629911572472126,-0.17937716262975778,-0.0629911572472126,-0.002214532871972318,-0.15378700499807765,-0.007443291041906958,-0.13016532103037293,-0.09356401384083046,0.11909265667051133,0.13016532103037293,0.044844290657439445,-0.01574778931180315,-0.24415224913494812,0.09356401384083046,0.044844290657439445,-0.012056901191849288,0.01384083044982699,0.12456747404844293,-0.008858131487889272,-0.17937716262975778,-0.07535563244905807,-0.3188927335640138,-0.07111111111111111,-0.01384083044982699,-0.17279507881584008,-0.08882737408688965,0.05536332179930796
M3A-w4-1543,0.186082276047674,-0.22145328719723184,0.16633602460592078,-0.1085121107266436,-0.03844675124951941,-0.03543252595155709,0.05911572472126105,0.07535563244905807,-0.24415224913494812,0.022206843521722412,0.07111111111111111,-0.007443291041906958,0.06698961937716265,-0.11909265667051133,-0.044844290657439445,-0.16000000000000003,0.13588619761630144,0.2364628988850442,-0.007443291041906958,0.004982698961937716,0.05173394848135333,-0.03254133025759323,-0.029773164167627833,-0.010396001537870049,0.044844290657439445,0.13016532103037293,-0.01384083044982699,-0.11374086889657825,0.24415224913494812,0.11374086889657825,-0.1085121107266436,-0.09356401384083046,-0.022206843521722412,0.019930795847750864,0.22145328719723184,-0.05911572472126105,-0.2288965782391388,-0.11909265667051133,-0.01384083044982699,-0.36472126105344094,-0.14173010380622836,-0.1085121107266436,-0.07111111111111111,-0.05911572472126105,-0.024605920799692427,0.2069357939254133,-0.13588619761630144,0.2288965782391388,0.03543252595155709,0.14769703960015382,-0.029773164167627833,0.05911572472126105,-0.08882737408688965,0.03844675124951941,0.1929104190695886,-0.14173010380622836,-0.0015378700499807767,-0.07972318339100345,-0.09842368319876971,0.01574778931180315,-0.029773164167627833,-0.07111111111111111,-0.11374086889657825,0.09842368319876971
M3A-w4-1545,0.003014225297962322,-0.2519646289888504,0.2069357939254133,0.041584006151480196,-0.012056901191849288,0.044844290657439445,-0.07535563244905807,0.003936947327950788,-0.2761399461745483,0.004982698961937716,0.21413302575932336,-0.11374086889657825,0.08421376393694734,0.008858131487889272,-0.14173010380622836,-0.186082276047674,-0.05173394848135333,0.041584006151480196,0.09842368319876971,-0.07535563244905807,-0.05536332179930796,-0.11909265667051133,0.11909265667051133,-0.16633602460592078,-0.16633602460592078,0.08882737408688965,0.007443291041906958,-0.11374086889657825,0.09356401384083046,0.24415224913494812,-0.0015378700499807767,-0.03844675124951941,0.05173394848135333,-0.16000000000000003,0.017777777777777778,0.11374086889657825,-0.14173010380622836,-0.03844675124951941,-0.14173010380622836,-0.022206843521722412,0.044844290657439445,-0.11374086889657825,-0.07535563244905807,-0.044844290657439445,-0.07972318339100345,0.04822760476739715,0.11374086889657825,0.07972318339100345,0.012056901191849288,-0.17937716262975778,0.05536332179930796,0.008858131487889272,-0.012056901191849288,0.09842368319876971,0.15378700499807765,0.007443291041906958,-0.2288965782391388,-0.13588619761630144,-0.41362552864282975,-0.10340638216070744,0.0271280276816609,-0.10340638216070744,-0.12456747404844293,0.10340638216070744
M3A-w4-1547,0.06698961937716265,-0.21413302575932336,0.2364628988850442,-0.06698961937716265,0.0015378700499807767,0.06698961937716265,0.017777777777777778,-0.019930795847750864,-0.21413302575932336,-0.044844290657439445,0.07111111111111111,-0.16000000000000003,-0.01384083044982699,-0.022206843521722412,-0.11909265667051133,-0.2599000384467512,-0.03254133025759323,0.11909265667051133,0.0271280276816609,-0.003014225297962322,-0.017777777777777778,-0.07535563244905807,0.1085121107266436,-0.11374086889657825,-0.09842368319876971,0.3014225297962323,0.03543252595155709,-0.1085121107266436,0.029773164167627833,0.1929104190695886,0.06698961937716265,-0.10340638216070744,-0.017777777777777778,-0.14173010380622836,0.17937716262975778,-0.0271280276816609,-0.37425605536332185,-0.08421376393694734,-0.03543252595155709,-0.14769703960015382,0.07535563244905807,-0.16633602460592078,-0.07972318339100345,-0.0271280276816609,-0.05536332179930796,0.19986159169550174,0.05536332179930796,-0.000984236831987697,0.002214532871972318,-0.15378700499807765,0.05536332179930796,0.12456747404844293,-0.012056901191849288,0.08882737408688965,0.13016532103037293,-0.12456747404844293,-0.13016532103037293,-0.03254133025759323,-0.22145328719723184,-0.08882737408688965,-0.06698961937716265,-0.05536332179930796,-0.1929104190695886,0.07972318339100345
M3A-w4-1548,0.08882737408688965,-0.2519646289888504,0.2288965782391388,-0.044844290657439445,-0.041584006151480196,0.041584006151480196,-0.13016532103037293,0.11374086889657825,-0.2288965782391388,-0.05536332179930796,0.186082276047674,-0.09356401384083046,0.029773164167627833,0.01384083044982699,-0.06698961937716265,-0.186082276047674,-0.05911572472126105,0.17279507881584008,-0.08421376393694734,-0.10340638216070744,-0.07535563244905807,-0.10340638216070744,0.06698961937716265,-0.09356401384083046,-0.15378700499807765,0.19986159169550174,0.04822760476739715,-0.13016532103037293,0.13588619761630144,0.2599000384467512,-0.0629911572472126,-0.09356401384083046,0.008858131487889272,-0.0629911572472126,0.16000000000000003,0.1929104190695886,-0.14173010380622836,-0.024605920799692427,-0.16000000000000003,-0.16633602460592078,0.004982698961937716,-0.10340638216070744,-0.05911572472126105,-0.04822760476739715,-0.08882737408688965,0.16000000000000003,0.044844290657439445,0.08882737408688965,0.03254133025759323,-0.05911572472126105,0.022206843521722412,0.16000000000000003,0.03254133025759323,0.13588619761630144,0.14173010380622836,-0.04822760476739715,-0.12456747404844293,-0.12456747404844293,-0.3014225297962323,-0.024605920799692427,-0.09842368319876971,-0.14173010380622836,-0.09356401384083046,0.08882737408688965
M3A-w4-1549,0.10340638216070744,-0.3014225297962323,0.2288965782391388,-0.003014225297962322,0.05173394848135333,0.07111111111111111,-0.17937716262975778,0.012056901191849288,-0.21413302575932336,-0.03543252595155709,0.2761399461745483,-0.07535563244905807,0.08421376393694734,-0.05173394848135333,-0.07535563244905807,-0.17937716262975778,-0.007443291041906958,0.16000000000000003,0.010396001537870049,-0.04822760476739715,-0.11374086889657825,-0.07111111111111111,0.004982698961937716,-0.1085121107266436,-0.22145328719723184,0.24415224913494812,0.08882737408688965,-0.07972318339100345,0.08882737408688965,0.19986159169550174,0.008858131487889272,-0.14769703960015382,0.0271280276816609,-0.14769703960015382,0.08421376393694734,0.19986159169550174,-0.2288965782391388,-0.07972318339100345,-0.05173394848135333,-0.01384083044982699,0.07535563244905807,-0.14769703960015382,0.029773164167627833,-0.07535563244905807,-0.05173394848135333,0.14769703960015382,0.04822760476739715,0.13016532103037293,0.0271280276816609,-0.15378700499807765,0.024605920799692427,0.1085121107266436,0.04822760476739715,-0.002214532871972318,0.05536332179930796,-0.03844675124951941,-0.1085121107266436,-0.12456747404844293,-0.2519646289888504,-0.10340638216070744,-0.044844290657439445,-0.008858131487889272,-0.09842368319876971,0.11374086889657825
M3A-w4-1551,0.044844290657439445,-0.22145328719723184,0.2599000384467512,-0.044844290657439445,-0.03844675124951941,0.0629911572472126,-0.041584006151480196,0.017777777777777778,-0.24415224913494812,-0.044844290657439445,0.04822760476739715,-0.17279507881584008,-0.022206843521722412,-0.01574778931180315,-0.13016532103037293,-0.2519646289888504,-0.10340638216070744,0.14173010380622836,0.03254133025759323,-0.0629911572472126,-0.03543252595155709,-0.041584006151480196,0.04822760476739715,-0.1085121107266436,-0.14769703960015382,0.2364628988850442,0.05173394848135333,-0.10340638216070744,-0.012056901191849288,0.2288965782391388,0.09842368319876971,-0.08882737408688965,0.007443291041906958,-0.14173010380622836,0.13588619761630144,0.03543252595155709,-0.3188927335640138,-0.08421376393694734,-0.07111111111111111,-0.14173010380622836,0.08882737408688965,-0.16000000000000003,-0.07972318339100345,-0.07111111111111111,-0.03543252595155709,0.21413302575932336,0.1085121107266436,-0.008858131487889272,0.010396001537870049,-0.2069357939254133,0.05911572472126105,0.17937716262975778,-0.03543252595155709,0.03844675124951941,0.07535563244905807,-0.1085121107266436,-0.15378700499807765,-0.03254133025759323,-0.22145328719723184,-0.07111111111111111,-0.08421376393694734,-0.08882737408688965,-0.12456747404844293,0.03844675124951941
M3A-w4-1553,0.10340638216070744,-0.24415224913494812,0.186082276047674,-0.06698961937716265,-0.08421376393694734,0.041584006151480196,-0.1085121107266436,-0.03844675124951941,-0.2364628988850442,-0.019930795847750864,0.11909265667051133,-0.08882737408688965,0.04822760476739715,0.029773164167627833,-0.14769703960015382,-0.2679584775086506,-0.029773164167627833,0.044844290657439445,0.003936947327950788,0.002214532871972318,-0.03844675124951941,-0.09356401384083046,0.029773164167627833,-0.09356401384083046,-0.24415224913494812,0.0629911572472126,0.04822760476739715,-0.10340638216070744,0.08882737408688965,0.28444444444444444,-0.004982698961937716,-0.12456747404844293,-0.019930795847750864,-0.15378700499807765,0.07111111111111111,0.17279507881584008,-0.16000000000000003,-0.008858131487889272,-0.044844290657439445,-0.022206843521722412,-0.08882737408688965,-0.11909265667051133,-0.0629911572472126,-0.11374086889657825,-0.09356401384083046,0.14769703960015382,0.019930795847750864,0.044844290657439445,0.00024605920799692423,-0.16633602460592078,0.09842368319876971,0.1085121107266436,-0.041584006151480196,0.003014225297962322,0.11374086889657825,-0.024605920799692427,-0.17937716262975778,-0.044844290657439445,-0.3553094963475586,-0.09356401384083046,0.008858131487889272,-0.17279507881584008,-0.16000000000000003,0.186082276047674
M3A-w4-1554,0.07111111111111111,-0.10340638216070744,0.09356401384083046,0.024605920799692427,0.05911572472126105,0.16000000000000003,-0.14769703960015382,0.0629911572472126,-0.21413302575932336,0.16633602460592078,0.14173010380622836,-0.09356401384083046,0.03543252595155709,-0.024605920799692427,-0.16000000000000003,-0.13588619761630144,-0.019930795847750864,0.17279507881584008,0.15378700499807765,-0.007443291041906958,-0.186082276047674,0.024605920799692427,0.017777777777777778,-0.03254133025759323,-0.2599000384467512,0.17279507881584008,-0.017777777777777778,-0.13016532103037293,0.03254133025759323,0.15378700499807765,0.0271280276816609,-0.044844290657439445,0.08882737408688965,-0.2761399461745483,0.07972318339100345,0.17937716262975778,-0.12456747404844293,-0.09842368319876971,-0.13016532103037293,-0.017777777777777778,0.14173010380622836,-0.13588619761630144,0.05536332179930796,-0.2679584775086506,-0.006151480199923107,0.13588619761630144,0.07972318339100345,0.03844675124951941,-0.10340638216070744,-0.16000000000000003,0.012056901191849288,0.05173394848135333,0.16633602460592078,-0.029773164167627833,0.09356401384083046,0.017777777777777778,-0.15378700499807765,-0.0629911572472126,-0.29287197231833906,-0.1085121107266436,-0.12456747404844293,-0.08421376393694734,-0.07972318339100345,0.08421376393694734
M3A-w4-1555,0.06698961937716265,-0.13588619761630144,0.10340638216070744,0.017777777777777778,0.04822760476739715,0.022206843521722412,-0.044844290657439445,0.03543252595155709,-0.3553094963475586,0.07111111111111111,0.017777777777777778,-0.14769703960015382,0.0629911572472126,-0.09356401384083046,-0.22145328719723184,-0.2364628988850442,0.041584006151480196,0.17279507881584008,0.07972318339100345,0.05536332179930796,-0.05536332179930796,-0.14173010380622836,0.05173394848135333,-0.04822760476739715,-0.0271280276816609,0.31009611687812383,0.05173394848135333,-0.04822760476739715,0.024605920799692427,0.09842368319876971,0.017777777777777778,-0.06698961937716265,0.0271280276816609,-0.1929104190695886,0.21413302575932336,-0.019930795847750864,-0.28444444444444444,-0.12456747404844293,-0.05536332179930796,-0.16000000000000003,0.11374086889657825,-0.2069357939254133,-0.022206843521722412,-0.13016532103037293,-0.003936947327950788,0.21413302575932336,0.010396001537870049,0.0629911572472126,-0.024605920799692427,-0.07111111111111111,-0.008858131487889272,0.11374086889657825,0.07535563244905807,-0.01574778931180315,0.16000000000000003,-0.08882737408688965,-0.07535563244905807,-0.024605920799692427,-0.21413302575932336,-0.14173010380622836,-0.017777777777777778,-0.06698961937716265,-0.16000000000000003,0.09842368319876971
M3A-w4-1556,0.05173394848135333,-0.14769703960015382,0.07972318339100345,-0.004982698961937716,-0.05173394848135333,0.12456747404844293,-0.16000000000000003,0.03543252595155709,-0.17279507881584008,0.15378700499807765,0.22145328719723184,-0.11909265667051133,0.09842368319876971,-0.07535563244905807,-0.09356401384083046,-0.08882737408688965,-0.0271280276816609,0.14173010380622836,0.044844290657439445,-0.1085121107266436,-0.05173394848135333,-0.14769703960015382,-0.012056901191849288,-0.1085121107266436,-0.3014225297962323,0.13588619761630144,0.024605920799692427,-0.08421376393694734,0.004982698961937716,0.15378700499807765,0.10340638216070744,0.09356401384083046,0.05911572472126105,-0.21413302575932336,0.0015378700499807767,0.08882737408688965,-0.13588619761630144,-0.007443291041906958,-0.01384083044982699,-0.05911572472126105,0.21413302575932336,-0.22145328719723184,0.11909265667051133,-0.07972318339100345,-0.007443291041906958,0.09842368319876971,0.11374086889657825,0.022206843521722412,-0.2069357939254133,-0.1929104190695886,0.09842368319876971,-0.0629911572472126,0.11909265667051133,0.041584006151480196,0.12456747404844293,0.017777777777777778,-0.2364628988850442,-0.05536332179930796,-0.3014225297962323,-0.01384083044982699,-0.017777777777777778,-0.10340638216070744,-0.17279507881584008,0.09842368319876971
M3A-w4-1557,0.08882737408688965,-0.2599000384467512,0.2288965782391388,-0.05173394848135333,-0.04822760476739715,0.09842368319876971,-0.07972318339100345,0.15378700499807765,-0.17937716262975778,-0.07972318339100345,0.2761399461745483,-0.12456747404844293,0.16633602460592078,0.09842368319876971,-0.07972318339100345,-0.1929104190695886,-0.07111111111111111,-0.04822760476739715,-0.017777777777777778,0.01384083044982699,-0.041584006151480196,-0.17279507881584008,0.05536332179930796,-0.11909265667051133,-0.09842368319876971,0.05536332179930796,0.03543252595155709,-0.08882737408688965,0.09356401384083046,0.17937716262975778,-0.07972318339100345,-0.12456747404844293,-0.03254133025759323,-0.07535563244905807,0.029773164167627833,0.24415224913494812,-0.2364628988850442,-0.0629911572472126,-0.1085121107266436,-0.09356401384083046,-0.07972318339100345,-0.1085121107266436,0.024605920799692427,-0.07111111111111111,-0.2069357939254133,0.11374086889657825,0.05536332179930796,0.07111111111111111,0.03254133025759323,-0.2069357939254133,0.019930795847750864,0.11909265667051133,0.007443291041906958,0.003936947327950788,0.06698961937716265,0.03254133025759323,-0.06698961937716265,0.019930795847750864,-0.31009611687812383,0.024605920799692427,-0.01574778931180315,-0.14173010380622836,-0.17937716262975778,0.12456747404844293
M3A-w4-1558,0.00024605920799692423,-0.19986159169550174,0.2519646289888504,-0.2069357939254133,-0.11374086889657825,0.07111111111111111,-0.19986159169550174,0.16000000000000003,-0.09356401384083046,0.03543252595155709,0.01574778931180315,-0.08421376393694734,0.07535563244905807,-0.024605920799692427,-0.03844675124951941,-0.11909265667051133,-0.16633602460592078,0.28444444444444444,-0.004982698961937716,-0.13016532103037293,-0.11909265667051133,0.0629911572472126,-0.012056901191849288,-0.044844290657439445,-0.24415224913494812,0.007443291041906958,-0.006151480199923107,-0.07972318339100345,0.041584006151480196,0.13588619761630144,0.2364628988850442,-0.00024605920799692423,0.14173010380622836,0.008858131487889272,-0.12456747404844293,0.11374086889657825,-0.11909265667051133,-0.010396001537870049,0.041584006151480196,0.01384083044982699,0.05536332179930796,-0.01384083044982699,0.08421376393694734,-0.14173010380622836,-0.03254133025759323,0.17937716262975778,0.14769703960015382,0.05173394848135333,-0.19986159169550174,-0.31009611687812383,0.13588619761630144,0.044844290657439445,0.06698961937716265,-0.01384083044982699,0.008858131487889272,0.029773164167627833,-0.14173010380622836,-0.041584006151480196,-0.2364628988850442,0.09842368319876971,-0.13588619761630144,-0.06698961937716265,-0.09842368319876971,-0.0629911572472126
M3A-w4-1559,0.006151480199923107,-0.07972318339100345,0.2288965782391388,-0.041584006151480196,-0.11374086889657825,0.0629911572472126,-0.08882737408688965,0.19986159169550174,-0.24415224913494812,0.006151480199923107,0.07535563244905807,-0.044844290657439445,0.14769703960015382,0.10340638216070744,-0.08421376393694734,-0.17279507881584008,-0.12456747404844293,0.13588619761630144,0.03543252595155709,0.03844675124951941,-0.044844290657439445,-0.10340638216070744,0.09842368319876971,-0.05911572472126105,-0.16633602460592078,0.15378700499807765,0.07535563244905807,-0.06698961937716265,0.024605920799692427,0.08421376393694734,-0.0629911572472126,-0.11374086889657825,0.041584006151480196,-0.06698961937716265,0.13588619761630144,0.14173010380622836,-0.13016532103037293,0.01384083044982699,-0.14173010380622836,-0.1929104190695886,0.002214532871972318,-0.13016532103037293,-0.05173394848135333,-0.186082276047674,-0.186082276047674,0.2519646289888504,0.14769703960015382,0.05536332179930796,0.044844290657439445,-0.09356401384083046,0.13016532103037293,0.1929104190695886,0.024605920799692427,-0.0271280276816609,0.10340638216070744,-0.003014225297962322,-0.07972318339100345,-0.01574778931180315,-0.31009611687812383,-0.16633602460592078,-0.17279507881584008,-0.17279507881584008,-0.14769703960015382,0.0271280276816609
M3A-w4-1561,0.03543252595155709,-0.28444444444444444,0.09356401384083046,0.05173394848135333,0.03254133025759323,0.10340638216070744,-0.16633602460592078,-0.004982698961937716,-0.09356401384083046,0.012056901191849288,0.16000000000000003,-0.10340638216070744,0.07535563244905807,-0.07972318339100345,-0.07535563244905807,-0.16000000000000003,-0.07972318339100345,0.14769703960015382,0.04822760476739715,-0.07111111111111111,-0.09842368319876971,-0.1085121107266436,0.05911572472126105,-0.07972318339100345,-0.2679584775086506,0.17279507881584008,0.11374086889657825,-0.17279507881584008,0.09356401384083046,0.1929104190695886,0.11374086889657825,-0.03254133025759323,0.09356401384083046,-0.15378700499807765,0.07535563244905807,0.17279507881584008,-0.03844675124951941,-0.003936947327950788,0.06698961937716265,0.05911572472126105,-0.000984236831987697,-0.21413302575932336,0.10340638216070744,-0.10340638216070744,-0.029773164167627833,0.14769703960015382,0.10340638216070744,0.1085121107266436,-0.08421376393694734,-0.3014225297962323,0.09356401384083046,-0.000984236831987697,-0.03844675124951941,0.13588619761630144,0.17937716262975778,-0.01574778931180315,-0.21413302575932336,-0.09842368319876971,-0.2519646289888504,-0.13588619761630144,0.01574778931180315,0.03543252595155709,-0.06698961937716265,0.11374086889657825
M3A-w4-1562,0.11374086889657825,-0.11909265667051133,0.17279507881584008,-0.03254133025759323,0.03254133025759323,0.16633602460592078,-0.16000000000000003,0.10340638216070744,-0.19986159169550174,0.08882737408688965,0.2288965782391388,-0.09842368319876971,0.06698961937716265,-0.0015378700499807767,-0.09356401384083046,-0.16000000000000003,-0.0629911572472126,0.12456747404844293,0.1085121107266436,-0.04822760476739715,-0.15378700499807765,-6.151480199923106e-05,0.03844675124951941,-0.1085121107266436,-0.2364628988850442,0.14173010380622836,0.017777777777777778,-0.11909265667051133,0.07972318339100345,0.19986159169550174,0.03844675124951941,-0.09842368319876971,0.09842368319876971,-0.17937716262975778,0.08421376393694734,0.2679584775086506,-0.16633602460592078,-0.03844675124951941,-0.1085121107266436,-0.01384083044982699,0.09356401384083046,-0.044844290657439445,0.07535563244905807,-0.22145328719723184,-0.08882737408688965,0.09842368319876971,0.10340638216070744,0.03543252595155709,-0.03254133025759323,-0.19986159169550174,0.024605920799692427,0.05536332179930796,0.14173010380622836,-0.024605920799692427,0.0629911572472126,0.05911572472126105,-0.16633602460592078,-0.07535563244905807,-0.3188927335640138,-0.017777777777777778,-0.08882737408688965,-0.12456747404844293,-0.13588619761630144,0.05536332179930796
M3A-w4-1567,0.06698961937716265,-0.17937716262975778,0.1929104190695886,-0.003936947327950788,-0.019930795847750864,0.05911572472126105,-0.04822760476739715,0.09842368319876971,-0.3188927335640138,0.05536332179930796,0.10340638216070744,-0.09842368319876971,0.09356401384083046,0.04822760476739715,-0.15378700499807765,-0.2599000384467512,-0.044844290657439445,0.041584006151480196,0.022206843521722412,0.029773164167627833,-0.05911572472126105,-0.21413302575932336,0.010396001537870049,-0.1929104190695886,-0.11374086889657825,0.17279507881584008,0.11374086889657825,-0.041584006151480196,-0.07111111111111111,0.17279507881584008,0.07111111111111111,-0.017777777777777778,-0.017777777777777778,-0.15378700499807765,0.010396001537870049,0.1085121107266436,-0.3014225297962323,-0.09356401384083046,-0.10340638216070744,0.0629911572472126,0.11909265667051133,-0.07535563244905807,0.017777777777777778,-0.14173010380622836,-0.10340638216070744,0.21413302575932336,0.08882737408688965,-0.04822760476739715,-0.08421376393694734,-0.24415224913494812,0.05536332179930796,0.16633602460592078,0.07111111111111111,-0.03844675124951941,0.09842368319876971,-0.07972318339100345,-0.13016532103037293,0.01384083044982699,-0.2599000384467512,-0.07111111111111111,-0.05536332179930796,-0.08882737408688965,-0.14769703960015382,0.03543252595155709
M3A-w4-1568,0.16000000000000003,-0.2599000384467512,0.29287197231833906,-0.10340638216070744,-0.06698961937716265,0.03254133025759323,-0.07972318339100345,0.029773164167627833,-0.186082276047674,-0.029773164167627833,0.2761399461745483,-0.017777777777777778,0.017777777777777778,-0.029773164167627833,-0.019930795847750864,-0.16633602460592078,-0.006151480199923107,0.08882737408688965,-0.09356401384083046,-0.08421376393694734,-0.07111111111111111,-0.08421376393694734,0.019930795847750864,-0.08421376393694734,-0.21413302575932336,0.09842368319876971,-0.024605920799692427,-0.07111111111111111,0.15378700499807765,0.21413302575932336,-0.01574778931180315,-0.1929104190695886,0.03844675124951941,-0.12456747404844293,0.09356401384083046,0.2599000384467512,-0.13588619761630144,-0.05173394848135333,-0.15378700499807765,-0.07535563244905807,-0.10340638216070744,-0.09842368319876971,-0.000984236831987697,0.003936947327950788,-0.08882737408688965,0.19986159169550174,-0.03254133025759323,0.1085121107266436,0.05173394848135333,-0.06698961937716265,-0.010396001537870049,0.186082276047674,0.05536332179930796,0.044844290657439445,0.04822760476739715,-0.11374086889657825,-0.13588619761630144,-0.1085121107266436,-0.2288965782391388,-0.012056901191849288,-0.13588619761630144,-0.16000000000000003,-0.14173010380622836,0.08421376393694734
M3A-w4-1569,0.029773164167627833,-0.07972318339100345,0.16000000000000003,0.05911572472126105,-0.07111111111111111,0.09842368319876971,-0.14173010380622836,0.03844675124951941,-0.16000000000000003,0.11909265667051133,0.09356401384083046,-0.05173394848135333,0.07972318339100345,-0.0015378700499807767,-0.07972318339100345,-0.13588619761630144,-0.14769703960015382,0.186082276047674,0.06698961937716265,-0.03254133025759323,-0.08882737408688965,-0.029773164167627833,0.09842368319876971,0.01384083044982699,-0.28444444444444444,0.1085121107266436,0.022206843521722412,-0.1085121107266436,0.07535563244905807,0.186082276047674,0.03254133025759323,-0.09356401384083046,0.13016532103037293,-0.24415224913494812,0.07535563244905807,0.16000000000000003,-0.07535563244905807,0.044844290657439445,-0.11374086889657825,-0.16633602460592078,0.041584006151480196,-0.13588619761630144,-0.05536332179930796,-0.2069357939254133,-0.09356401384083046,0.17937716262975778,0.17937716262975778,0.0629911572472126,6.151480199923106e-05,-0.05911572472126105,0.05173394848135333,0.0629911572472126,0.08882737408688965,-0.012056901191849288,0.11909265667051133,0.019930795847750864,-0.22145328719723184,-0.12456747404844293,-0.3553094963475586,-0.10340638216070744,-0.17279507881584008,-0.17279507881584008,-0.12456747404844293,0.07111111111111111
M3A-w4-1570,0.14173010380622836,-0.3278123798539023,0.2364628988850442,-0.008858131487889272,-0.0015378700499807767,0.044844290657439445,-0.08882737408688965,0.09842368319876971,-0.19986159169550174,-0.0629911572472126,0.22145328719723184,-0.06698961937716265,-0.044844290657439445,-0.03254133025759323,-0.08421376393694734,-0.186082276047674,-0.017777777777777778,0.12456747404844293,-0.05911572472126105,0.012056901191849288,-0.004982698961937716,-0.14769703960015382,0.11374086889657825,-0.07972318339100345,-0.03254133025759323,0.24415224913494812,0.019930795847750864,-0.08882737408688965,0.10340638216070744,0.14173010380622836,-0.04822760476739715,-0.13016532103037293,-0.04822760476739715,0.008858131487889272,0.19986159169550174,0.08882737408688965,-0.22145328719723184,-0.05536332179930796,-0.07535563244905807,-0.2288965782391388,-0.11374086889657825,-0.14769703960015382,-0.0271280276816609,0.07972318339100345,-0.07111111111111111,0.17279507881584008,-0.07972318339100345,0.15378700499807765,0.08421376393694734,0.010396001537870049,-0.0271280276816609,0.07535563244905807,-0.01574778931180315,0.11909265667051133,0.16633602460592078,-0.16000000000000003,-0.08421376393694734,-0.019930795847750864,-0.2679584775086506,0.03844675124951941,-0.019930795847750864,-0.04822760476739715,-0.1929104190695886,0.09356401384083046
M3A-w4-1571,0.0629911572472126,-0.14769703960015382,0.3014225297962323,0.008858131487889272,-0.05173394848135333,0.09842368319876971,-0.0629911572472126,0.03543252595155709,-0.21413302575932336,0.044844290657439445,0.14173010380622836,-0.11374086889657825,0.11909265667051133,0.0271280276816609,-0.11374086889657825,-0.13016532103037293,-0.0629911572472126,0.14769703960015382,0.08882737408688965,-0.08882737408688965,-0.04822760476739715,-0.11374086889657825,0.14769703960015382,-0.05911572472126105,-0.22145328719723184,0.15378700499807765,0.0271280276816609,-0.03844675124951941,-0.04822760476739715,0.2069357939254133,0.07972318339100345,0.0271280276816609,0.012056901191849288,-0.2288965782391388,0.05911572472126105,0.007443291041906958,-0.33685505574778934,-0.05911572472126105,-0.14173010380622836,-0.041584006151480196,0.17937716262975778,-0.17279507881584008,-0.06698961937716265,-0.13016532103037293,-0.029773164167627833,0.21413302575932336,0.09356401384083046,-0.000984236831987697,-0.008858131487889272,-0.2364628988850442,0.03254133025759323,0.14769703960015382,-0.01574778931180315,-0.01574778931180315,0.1085121107266436,-0.09842368319876971,-0.16633602460592078,-0.04822760476739715,-0.19986159169550174,-0.08882737408688965,-0.1085121107266436,-0.04822760476739715,-0.05911572472126105,-0.041584006151480196
M3A-w4-1572,0.03844675124951941,-0.19986159169550174,0.3014225297962323,0.01574778931180315,-0.07972318339100345,0.08421376393694734,-0.186082276047674,0.029773164167627833,-0.1085121107266436,-0.06698961937716265,0.22145328719723184,-0.041584006151480196,0.09356401384083046,0.017777777777777778,-0.06698961937716265,-0.12456747404844293,-0.14769703960015382,0.04822760476739715,0.03844675124951941,-0.08882737408688965,-0.0629911572472126,-0.05911572472126105,0.07972318339100345,-0.041584006151480196,-0.3014225297962323,0.17279507881584008,0.13016532103037293,-0.09842368319876971,0.07535563244905807,0.13016532103037293,0.06698961937716265,-0.13588619761630144,0.13016532103037293,-0.16633602460592078,0.01574778931180315,0.2069357939254133,-0.13588619761630144,-0.01384083044982699,-0.017777777777777778,-0.11374086889657825,0.019930795847750864,-0.11374086889657825,0.0629911572472126,-0.2599000384467512,-0.19986159169550174,0.10340638216070744,0.11374086889657825,0.09842368319876971,-0.03844675124951941,-0.16633602460592078,0.03254133025759323,0.09356401384083046,-0.012056901191849288,-0.010396001537870049,0.05911572472126105,-0.008858131487889272,-0.13588619761630144,-0.12456747404844293,-0.29287197231833906,-0.0629911572472126,-0.12456747404844293,-0.09842368319876971,-0.07111111111111111,0.08882737408688965
M3A-w4-1573,0.06698961937716265,-0.11374086889657825,0.2364628988850442,0.0015378700499807767,-0.07535563244905807,0.11374086889657825,-0.07111111111111111,0.07972318339100345,-0.2761399461745483,0.03844675124951941,0.08882737408688965,-0.16000000000000003,0.16000000000000003,-0.007443291041906958,-0.11909265667051133,-0.14173010380622836,0.004982698961937716,0.11909265667051133,0.08421376393694734,-0.041584006151480196,-0.04822760476739715,-0.186082276047674,0.08421376393694734,-0.09356401384083046,-0.11909265667051133,0.28444444444444444,0.07535563244905807,-0.09842368319876971,0.03543252595155709,0.24415224913494812,0.01384083044982699,-0.05911572472126105,-0.041584006151480196,-0.17937716262975778,0.0629911572472126,0.041584006151480196,-0.3014225297962323,-0.03543252595155709,-0.09356401384083046,-0.1085121107266436,0.1085121107266436,-0.14173010380622836,-0.024605920799692427,-0.13588619761630144,-0.11374086889657825,0.19986159169550174,0.05536332179930796,-0.002214532871972318,-0.05536332179930796,-0.16000000000000003,0.05911572472126105,0.14173010380622836,0.017777777777777778,-0.044844290657439445,0.11909265667051133,-0.09842368319876971,-0.09356401384083046,-0.01574778931180315,-0.28444444444444444,-0.07972318339100345,-0.01574778931180315,-0.13588619761630144,-0.14173010380622836,0.03254133025759323
M3A-w4-1575,0.07111111111111111,-0.15378700499807765,0.33685505574778934,-0.13588619761630144,-0.1085121107266436,0.022206843521722412,-0.12456747404844293,0.09842368319876971,-0.22145328719723184,-0.04822760476739715,0.11909265667051133,-0.0629911572472126,0.09356401384083046,0.012056901191849288,-0.12456747404844293,-0.13588619761630144,-0.05911572472126105,0.05536332179930796,0.16000000000000003,-0.15378700499807765,-0.08421376393694734,-0.044844290657439445,0.0271280276816609,0.004982698961937716,-0.3014225297962323,0.15378700499807765,0.11909265667051133,-0.10340638216070744,0.01384083044982699,0.14173010380622836,0.05911572472126105,-0.04822760476739715,0.17279507881584008,-0.05536332179930796,-0.03254133025759323,0.19986159169550174,-0.16633602460592078,-0.041584006151480196,-0.041584006151480196,-0.16633602460592078,0.14769703960015382,-0.04822760476739715,-0.000984236831987697,-0.28444444444444444,-0.13588619761630144,0.17279507881584008,0.09842368319876971,0.03543252595155709,-0.06698961937716265,-0.14769703960015382,-0.004982698961937716,0.14769703960015382,-0.03543252595155709,-0.019930795847750864,0.03254133025759323,-0.041584006151480196,-0.12456747404844293,-0.04822760476739715,-0.24415224913494812,-0.03254133025759323,-0.16000000000000003,-0.09356401384083046,-0.03543252595155709,-0.0271280276816609
M3A-w4-1576,0.13016532103037293,0.044844290657439445,0.14173010380622836,-0.1929104190695886,-0.15378700499807765,0.13016532103037293,0.0005536332179930795,0.14769703960015382,-0.14769703960015382,0.003014225297962322,-0.041584006151480196,-0.09356401384083046,0.05911572472126105,0.01384083044982699,-0.09356401384083046,-0.10340638216070744,0.0015378700499807767,0.17937716262975778,0.05911572472126105,-0.05173394848135333,0.029773164167627833,-0.03543252595155709,-0.07972318339100345,-0.14173010380622836,-0.16633602460592078,-0.11909265667051133,0.041584006151480196,-0.06698961937716265,0.03254133025759323,0.2519646289888504,0.24415224913494812,0.03254133025759323,-0.006151480199923107,-0.01574778931180315,-0.2288965782391388,0.0629911572472126,-0.21413302575932336,-0.024605920799692427,-0.024605920799692427,-0.022206843521722412,0.03844675124951941,0.13588619761630144,-0.01384083044982699,-0.17937716262975778,0.01574778931180315,0.16633602460592078,0.04822760476739715,0.07972318339100345,-0.2364628988850442,-0.28444444444444444,0.004982698961937716,-0.09356401384083046,0.07535563244905807,-0.03254133025759323,0.11909265667051133,0.08882737408688965,-0.19986159169550174,-0.03844675124951941,-0.186082276047674,0.17937716262975778,-0.07972318339100345,-0.17279507881584008,-0.22145328719723184,0.0629911572472126
M3A-w4-1587,0.08421376393694734,-0.21413302575932336,0.2069357939254133,-0.13016532103037293,-0.06698961937716265,0.13016532103037293,-0.13016532103037293,0.06698961937716265,-0.29287197231833906,0.1085121107266436,0.11374086889657825,-0.07111111111111111,0.07535563244905807,0.1085121107266436,-0.16000000000000003,-0.14173010380622836,-0.012056901191849288,-0.0271280276816609,0.08882737408688965,-0.22145328719723184,-0.007443291041906958,-0.11374086889657825,0.017777777777777778,0.041584006151480196,-0.3014225297962323,-0.03254133025759323,-0.022206843521722412,-0.1085121107266436,0.010396001537870049,0.2519646289888504,0.041584006151480196,0.019930795847750864,0.186082276047674,-0.13588619761630144,-0.04822760476739715,0.07535563244905807,-0.11374086889657825,-0.05173394848135333,-0.041584006151480196,-0.09842368319876971,0.10340638216070744,-0.13016532103037293,-0.022206843521722412,-0.2364628988850442,-0.08882737408688965,0.07972318339100345,0.07972318339100345,0.0005536332179930795,-0.13588619761630144,-0.07111111111111111,0.0629911572472126,0.05536332179930796,-0.08421376393694734,-0.09842368319876971,0.05911572472126105,-0.029773164167627833,-0.15378700499807765,-0.09356401384083046,-0.2679584775086506,-0.06698961937716265,-0.13588619761630144,-0.16000000000000003,-0.08882737408688965,0.13016532103037293
M3A-w4-1588,0.03254133025759323,-0.21413302575932336,0.12456747404844293,-0.05911572472126105,-0.09356401384083046,-0.007443291041906958,-0.186082276047674,0.16000000000000003,-0.08882737408688965,-0.04822760476739715,0.2069357939254133,-0.09356401384083046,0.15378700499807765,0.019930795847750864,-0.019930795847750864,-0.12456747404844293,-0.09842368319876971,-0.07535563244905807,-0.09356401384083046,-0.06698961937716265,-0.041584006151480196,-0.05911572472126105,0.019930795847750864,0.006151480199923107,-0.29287197231833906,0.010396001537870049,0.08882737408688965,-0.13588619761630144,0.13588619761630144,0.08882737408688965,-0.041584006151480196,-0.03254133025759323,0.044844290657439445,-0.07535563244905807,-0.010396001537870049,0.3278123798539023,-0.0629911572472126,0.09356401384083046,-0.022206843521722412,-0.03844675124951941,-0.07111111111111111,-0.07972318339100345,0.12456747404844293,-0.05173394848135333,-0.16000000000000003,0.17279507881584008,-0.024605920799692427,0.17279507881584008,-0.07972318339100345,-0.17937716262975778,-0.022206843521722412,0.186082276047674,0.044844290657439445,0.10340638216070744,-0.03543252595155709,0.05173394848135333,-0.186082276047674,-0.08882737408688965,-0.28444444444444444,-0.012056901191849288,-0.14769703960015382,-0.1085121107266436,-0.13588619761630144,0.2761399461745483
M3A-w4-1589,0.012056901191849288,-0.19986159169550174,0.07535563244905807,-0.186082276047674,-0.09842368319876971,0.003014225297962322,-0.22145328719723184,0.19986159169550174,-0.19986159169550174,0.13588619761630144,-0.0271280276816609,-0.14173010380622836,0.15378700499807765,-0.08421376393694734,-0.13016532103037293,-0.09356401384083046,-0.03543252595155709,0.22145328719723184,-0.07111111111111111,-0.11374086889657825,-0.05173394848135333,-0.03254133025759323,-0.11374086889657825,0.05536332179930796,-0.22145328719723184,-0.0005536332179930795,-0.03254133025759323,-0.08421376393694734,0.13588619761630144,0.11909265667051133,0.12456747404844293,-0.11374086889657825,0.17279507881584008,-0.07535563244905807,-0.03543252595155709,0.1085121107266436,-0.09356401384083046,0.041584006151480196,0.03844675124951941,-0.05173394848135333,-0.010396001537870049,-0.10340638216070744,0.07972318339100345,-0.186082276047674,-0.03254133025759323,0.2599000384467512,-0.010396001537870049,0.2519646289888504,-0.17937716262975778,-0.186082276047674,0.08421376393694734,0.09842368319876971,0.07972318339100345,-0.041584006151480196,0.05911572472126105,0.0629911572472126,-0.09356401384083046,0.004982698961937716,-0.22145328719723184,0.13016532103037293,-0.12456747404844293,-0.13588619761630144,-0.10340638216070744,0.08421376393694734
M3A-w4-1592,-0.07972318339100345,-0.2364628988850442,0.07972318339100345,-0.007443291041906958,-0.05536332179930796,-0.024605920799692427,-0.2069357939254133,0.21413302575932336,-0.10340638216070744,-0.004982698961937716,0.13016532103037293,-0.16633602460592078,0.15378700499807765,-0.044844290657439445,-0.024605920799692427,-0.07535563244905807,-0.13588619761630144,-0.05173394848135333,-0.03254133025759323,-0.01574778931180315,-0.06698961937716265,-0.05173394848135333,-0.041584006151480196,0.03254133025759323,-0.2679584775086506,0.07535563244905807,0.12456747404844293,-0.11374086889657825,0.16000000000000003,-0.08882737408688965,-0.0629911572472126,0.007443291041906958,-0.022206843521722412,0.010396001537870049,0.0629911572472126,0.31009611687812383,-0.041584006151480196,-0.010396001537870049,-0.11374086889657825,0.006151480199923107,-0.041584006151480196,-0.0629911572472126,0.11374086889657825,-0.05911572472126105,-0.17279507881584008,0.22145328719723184,-0.07111111111111111,0.17279507881584008,-0.14173010380622836,-0.13016532103037293,-0.05173394848135333,0.14173010380622836,0.05173394848135333,0.16633602460592078,-0.06698961937716265,0.006151480199923107,-0.10340638216070744,-0.0271280276816609,-0.28444444444444444,0.00024605920799692423,-0.19986159169550174,-0.13016532103037293,-0.09842368319876971,0.2519646289888504
M3A-w4-1593,-0.01574778931180315,-0.22145328719723184,0.14769703960015382,-0.06698961937716265,-0.12456747404844293,-0.0271280276816609,-0.2761399461745483,0.15378700499807765,-0.13588619761630144,0.008858131487889272,0.07972318339100345,-0.07111111111111111,0.11374086889657825,0.04822760476739715,-0.05173394848135333,-0.09842368319876971,-0.17279507881584008,0.03254133025759323,-0.03254133025759323,-0.08421376393694734,-0.05173394848135333,-0.041584006151480196,-0.0271280276816609,0.05173394848135333,-0.28444444444444444,0.14769703960015382,0.1085121107266436,-0.15378700499807765,0.16633602460592078,0.04822760476739715,-0.03543252595155709,-0.05911572472126105,0.05911572472126105,-0.11909265667051133,0.07111111111111111,0.29287197231833906,-0.04822760476739715,0.08421376393694734,-0.01384083044982699,-0.13016532103037293,0.010396001537870049,-0.12456747404844293,0.0629911572472126,-0.07535563244905807,-0.17279507881584008,0.2069357939254133,0.09356401384083046,0.17937716262975778,-0.05173394848135333,-0.12456747404844293,0.06698961937716265,0.09356401384083046,0.08882737408688965,0.09842368319876971,-0.041584006151480196,0.010396001537870049,-0.15378700499807765,-0.13016532103037293,-0.29287197231833906,-0.041584006151480196,-0.16633602460592078,-0.07111111111111111,-0.11909265667051133,0.17937716262975778
M3A-w4-1597,0.004982698961937716,-0.19986159169550174,0.06698961937716265,-0.041584006151480196,-0.07111111111111111,0.05536332179930796,-0.11909265667051133,0.11374086889657825,-0.10340638216070744,0.14769703960015382,0.14173010380622836,-0.04822760476739715,0.17937716262975778,-0.022206843521722412,-0.04822760476739715,-0.1085121107266436,-0.11909265667051133,-0.07111111111111111,-0.0629911572472126,-0.044844290657439445,-0.11374086889657825,-0.029773164167627833,0.003936947327950788,-0.0629911572472126,-0.31009611687812383,-0.000984236831987697,0.10340638216070744,-0.09842368319876971,0.12456747404844293,0.03254133025759323,-0.09356401384083046,-0.029773164167627833,0.07535563244905807,-0.16000000000000003,0.03254133025759323,0.3014225297962323,-0.13588619761630144,0.006151480199923107,-0.041584006151480196,0.03844675124951941,-0.029773164167627833,-0.000984236831987697,0.11374086889657825,-0.14173010380622836,-0.1929104190695886,0.24415224913494812,-0.022206843521722412,0.14769703960015382,-0.05911572472126105,-0.2288965782391388,0.11374086889657825,0.16000000000000003,0.03844675124951941,-0.01384083044982699,-0.017777777777777778,-0.041584006151480196,-0.186082276047674,-0.010396001537870049,-0.28444444444444444,-0.022206843521722412,-0.15378700499807765,-0.2364628988850442,-0.09356401384083046,0.16633602460592078
M3A-w4-1598,0.06698961937716265,-0.14769703960015382,0.1085121107266436,-0.16000000000000003,-0.024605920799692427,0.11374086889657825,-0.2069357939254133,0.186082276047674,-0.2519646289888504,0.0271280276816609,0.11374086889657825,-0.11374086889657825,0.07972318339100345,-0.003936947327950788,-0.09356401384083046,-0.08882737408688965,-0.09842368319876971,-0.06698961937716265,-0.05536332179930796,-0.11909265667051133,-0.07972318339100345,-0.11909265667051133,0.07111111111111111,-0.012056901191849288,-0.28444444444444444,-0.07535563244905807,0.04822760476739715,-0.16000000000000003,0.019930795847750864,0.13016532103037293,0.1085121107266436,0.0271280276816609,0.15378700499807765,-0.09842368319876971,-0.041584006151480196,0.17279507881584008,-0.008858131487889272,0.17279507881584008,-0.05911572472126105,0.03543252595155709,0.041584006151480196,-0.08882737408688965,0.10340638216070744,-0.13016532103037293,-0.07972318339100345,0.22145328719723184,-0.03543252595155709,0.13588619761630144,-0.0629911572472126,-0.24415224913494812,0.012056901191849288,0.11909265667051133,0.05911572472126105,0.10340638216070744,-0.000984236831987697,-0.03254133025759323,-0.15378700499807765,-0.13588619761630144,-0.2519646289888504,0.15378700499807765,-0.186082276047674,-0.08421376393694734,-0.09356401384083046,0.22145328719723184
M3A-w4-1615,0.14173010380622836,-0.07972318339100345,0.21413302575932336,-0.006151480199923107,-0.03844675124951941,0.0629911572472126,-0.07535563244905807,0.13588619761630144,-0.2519646289888504,0.08421376393694734,0.09356401384083046,-0.13016532103037293,0.08421376393694734,0.008858131487889272,-0.11909265667051133,-0.08421376393694734,-0.13016532103037293,-0.019930795847750864,0.09356401384083046,-0.09842368319876971,-0.06698961937716265,-0.05173394848135333,0.08882737408688965,0.010396001537870049,-0.04822760476739715,0.06698961937716265,0.17279507881584008,-0.17937716262975778,0.09356401384083046,0.15378700499807765,-0.13588619761630144,0.11374086889657825,0.041584006151480196,-0.13016532103037293,-0.09356401384083046,0.2069357939254133,0.007443291041906958,0.10340638216070744,-0.05911572472126105,-0.2069357939254133,0.14769703960015382,-0.1085121107266436,-0.01384083044982699,-0.1929104190695886,-0.08421376393694734,0.11374086889657825,0.14769703960015382,0.012056901191849288,0.08421376393694734,-0.31009611687812383,0.05173394848135333,0.07972318339100345,0.14173010380622836,0.11909265667051133,-0.041584006151480196,0.002214532871972318,-0.21413302575932336,-0.17279507881584008,-0.31009611687812383,0.0629911572472126,-0.08421376393694734,-0.024605920799692427,-0.03254133025759323,0.11909265667051133
M3A-w4-1628,-0.07535563244905807,-0.13016532103037293,0.0271280276816609,-0.15378700499807765,-0.21413302575932336,0.06698961937716265,0.03254133025759323,0.1085121107266436,0.15378700499807765,0.10340638216070744,0.14173010380622836,-0.0271280276816609,0.14769703960015382,-0.1085121107266436,-0.186082276047674,-0.0629911572472126,-0.21413302575932336,-0.019930795847750864,-0.07111111111111111,-0.21413302575932336,0.03844675124951941,-0.041584006151480196,0.17937716262975778,-0.1085121107266436,-0.11909265667051133,-0.010396001537870049,-0.11374086889657825,-0.03543252595155709,0.003014225297962322,0.2599000384467512,0.14173010380622836,0.11374086889657825,-0.03254133025759323,0.03844675124951941,-0.01574778931180315,0.08882737408688965,-0.029773164167627833,0.022206843521722412,0.01574778931180315,-0.0629911572472126,-0.003936947327950788,0.16000000000000003,-0.19986159169550174,-0.07535563244905807,-0.03254133025759323,0.05536332179930796,-0.05536332179930796,-0.13588619761630144,-0.21413302575932336,-0.14769703960015382,0.09356401384083046,0.12456747404844293,-0.08421376393694734,0.14173010380622836,0.13588619761630144,-0.16633602460592078,-0.22145328719723184,-0.022206843521722412,-0.14769703960015382,0.024605920799692427,-0.19986159169550174,0.10340638216070744,-0.3014225297962323,-0.01574778931180315
M3A-w4-1631,-0.13016532103037293,-0.07972318339100345,0.029773164167627833,-0.09356401384083046,-0.2599000384467512,0.05536332179930796,0.01384083044982699,0.17937716262975778,0.03844675124951941,0.22145328719723184,0.03543252595155709,-0.09356401384083046,0.2519646289888504,-0.12456747404844293,-0.19986159169550174,-0.022206843521722412,-0.09356401384083046,0.3014225297962323,-0.04822760476739715,-0.22145328719723184,-0.01574778931180315,0.05911572472126105,0.11909265667051133,0.007443291041906958,-0.09842368319876971,-0.024605920799692427,-0.15378700499807765,0.041584006151480196,0.08421376393694734,0.17937716262975778,0.05536332179930796,0.03254133025759323,0.03543252595155709,0.11374086889657825,-0.01574778931180315,-0.06698961937716265,-0.01384083044982699,-0.09842368319876971,-0.07535563244905807,-0.08421376393694734,0.07111111111111111,0.17279507881584008,-0.17937716262975778,-0.12456747404844293,-0.007443291041906958,0.14769703960015382,-0.06698961937716265,0.1085121107266436,-0.2288965782391388,-0.12456747404844293,0.041584006151480196,0.09842368319876971,0.09356401384083046,0.03543252595155709,0.2364628988850442,-0.13016532103037293,-0.12456747404844293,0.022206843521722412,-0.11909265667051133,0.029773164167627833,-0.2519646289888504,0.03543252595155709,-0.11909265667051133,-0.07111111111111111
M3A-w4-1638,-0.024605920799692427,-0.13016532103037293,0.06698961937716265,0.05911572472126105,-0.07535563244905807,0.03844675124951941,-0.05536332179930796,0.09842368319876971,-0.05911572472126105,-0.041584006151480196,0.2599000384467512,0.08882737408688965,0.10340638216070744,-0.04822760476739715,-0.2069357939254133,-0.13588619761630144,-0.044844290657439445,0.05536332179930796,-0.186082276047674,0.0005536332179930795,0.07972318339100345,-0.2599000384467512,0.13016532103037293,-0.05911572472126105,0.041584006151480196,-0.09356401384083046,0.05536332179930796,-0.08882737408688965,-0.13588619761630144,0.14173010380622836,0.186082276047674,0.31009611687812383,0.11374086889657825,0.0629911572472126,-0.11374086889657825,0.07111111111111111,-0.11374086889657825,-0.024605920799692427,-0.003936947327950788,0.0271280276816609,-0.11909265667051133,-0.003014225297962322,-0.003936947327950788,-0.1085121107266436,-0.029773164167627833,0.17937716262975778,-0.14173010380622836,0.008858131487889272,-0.08421376393694734,0.01574778931180315,-0.05911572472126105,-0.0005536332179930795,0.029773164167627833,0.2288965782391388,0.15378700499807765,-0.09842368319876971,-0.17937716262975778,-0.2679584775086506,-0.14769703960015382,-0.041584006151480196,-0.1085121107266436,0.28444444444444444,-0.16000000000000003,0.010396001537870049
M3A-w4-1639,-0.09356401384083046,-0.13016532103037293,-0.07535563244905807,-0.0271280276816609,-0.13588619761630144,0.06698961937716265,0.012056901191849288,0.11909265667051133,0.03254133025759323,0.08421376393694734,0.2069357939254133,0.10340638216070744,0.10340638216070744,-0.07535563244905807,-0.2288965782391388,0.006151480199923107,-0.022206843521722412,-0.04822760476739715,-0.15378700499807765,-0.029773164167627833,0.05536332179930796,-0.19986159169550174,0.22145328719723184,-0.15378700499807765,-0.09842368319876971,0.003936947327950788,-0.0629911572472126,0.024605920799692427,0.0015378700499807767,0.15378700499807765,0.14769703960015382,0.21413302575932336,0.16000000000000003,-0.006151480199923107,-0.004982698961937716,0.10340638216070744,-0.000984236831987697,0.0015378700499807767,-0.03844675124951941,0.03254133025759323,-0.11374086889657825,0.09842368319876971,-0.16633602460592078,-0.07972318339100345,0.017777777777777778,0.11374086889657825,-0.12456747404844293,-0.03543252595155709,-0.24415224913494812,-0.012056901191849288,0.05911572472126105,0.024605920799692427,-0.0015378700499807767,0.1929104190695886,0.3014225297962323,-0.09842368319876971,-0.19986159169550174,-0.14173010380622836,-0.05911572472126105,-0.05536332179930796,-0.2679584775086506,0.24415224913494812,-0.16000000000000003,-0.0629911572472126
M3A-w4-1644,-0.03844675124951941,-0.07972318339100345,0.04822760476739715,-0.0629911572472126,-0.1929104190695886,0.05173394848135333,0.08421376393694734,0.15378700499807765,0.044844290657439445,0.13588619761630144,0.07535563244905807,-0.07111111111111111,0.24415224913494812,-0.05911572472126105,-0.24415224913494812,-0.05911572472126105,0.05173394848135333,0.1929104190695886,-0.07972318339100345,-0.24415224913494812,0.10340638216070744,-0.007443291041906958,0.029773164167627833,-0.05911572472126105,-0.03254133025759323,-0.012056901191849288,-0.041584006151480196,-0.007443291041906958,0.14173010380622836,0.2679584775086506,0.024605920799692427,-0.03543252595155709,0.03254133025759323,0.14769703960015382,-0.05173394848135333,-0.16633602460592078,-0.11374086889657825,-0.08421376393694734,-0.0271280276816609,-0.186082276047674,0.0629911572472126,0.2069357939254133,-0.17937716262975778,-0.2364628988850442,-0.05911572472126105,0.11374086889657825,-0.2069357939254133,0.1929104190695886,-0.09356401384083046,-0.05536332179930796,-0.01384083044982699,0.05536332179930796,-0.0271280276816609,0.07111111111111111,0.31009611687812383,-0.13016532103037293,-0.05911572472126105,-0.09842368319876971,0.01384083044982699,-0.03254133025759323,-0.1929104190695886,0.11909265667051133,-0.03543252595155709,0.029773164167627833
M3A-w4-1646,-0.08421376393694734,-0.13016532103037293,0.14173010380622836,-0.07535563244905807,-0.2288965782391388,0.09842368319876971,-0.04822760476739715,0.0629911572472126,0.06698961937716265,0.029773164167627833,0.13588619761630144,-0.03844675124951941,0.2288965782391388,-0.1085121107266436,-0.1085121107266436,-0.05173394848135333,-0.17937716262975778,0.09356401384083046,-0.044844290657439445,-0.05911572472126105,-0.022206843521722412,-0.03254133025759323,0.16000000000000003,0.08882737408688965,-0.14173010380622836,-0.16633602460592078,-0.08421376393694734,-0.029773164167627833,-0.05536332179930796,0.11909265667051133,0.17279507881584008,0.1085121107266436,-0.022206843521722412,0.07535563244905807,-0.13588619761630144,0.041584006151480196,-0.07111111111111111,-0.10340638216070744,-0.07111111111111111,-0.07972318339100345,-0.019930795847750864,0.13016532103037293,-0.11909265667051133,-0.04822760476739715,0.019930795847750864,0.2069357939254133,0.07972318339100345,-0.13016532103037293,-0.2364628988850442,-0.12456747404844293,-0.04822760476739715,0.07111111111111111,0.017777777777777778,0.1085121107266436,0.14173010380622836,-0.186082276047674,-0.2069357939254133,-0.09842368319876971,-0.19986159169550174,-0.0629911572472126,-0.19986159169550174,0.08882737408688965,-0.37425605536332185,-0.07535563244905807
M3A-w4-1648,-0.029773164167627833,0.006151480199923107,0.06698961937716265,0.022206843521722412,-0.16633602460592078,0.04822760476739715,0.024605920799692427,0.07111111111111111,-0.017777777777777778,0.008858131487889272,0.12456747404844293,0.04822760476739715,0.17279507881584008,-0.10340638216070744,-0.22145328719723184,-0.10340638216070744,-0.08882737408688965,0.07972318339100345,-0.03844675124951941,0.03543252595155709,-0.002214532871972318,-0.05173394848135333,0.06698961937716265,0.08421376393694734,-0.041584006151480196,-0.1085121107266436,-0.041584006151480196,-0.041584006151480196,-0.08882737408688965,0.0271280276816609,0.2599000384467512,0.186082276047674,0.08421376393694734,0.09356401384083046,-0.0629911572472126,0.07535563244905807,-0.14173010380622836,-0.16633602460592078,-0.01384083044982699,-0.029773164167627833,-0.0629911572472126,0.1929104190695886,-0.1085121107266436,-0.12456747404844293,0.022206843521722412,0.22145328719723184,-0.08882737408688965,-0.03844675124951941,-0.2599000384467512,-0.04822760476739715,-0.13016532103037293,0.07972318339100345,0.05536332179930796,0.17279507881584008,0.16000000000000003,-0.186082276047674,-0.14769703960015382,-0.13588619761630144,-0.186082276047674,-0.13016532103037293,-0.2519646289888504,0.13588619761630144,-0.34602076124567477,-0.019930795847750864
M3A-w4-1654,-0.041584006151480196,-0.2761399461745483,0.11374086889657825,-0.05911572472126105,-0.2519646289888504,0.01574778931180315,-0.09356401384083046,0.21413302575932336,0.08882737408688965,0.07111111111111111,0.2364628988850442,-0.08882737408688965,0.2364628988850442,-0.05911572472126105,0.002214532871972318,-0.07972318339100345,0.03543252595155709,0.1085121107266436,-0.1929104190695886,-0.2364628988850442,0.05536332179930796,-0.19986159169550174,0.07111111111111111,-0.06698961937716265,-0.029773164167627833,0.0271280276816609,0.012056901191849288,-0.008858131487889272,0.07111111111111111,0.3014225297962323,-0.00024605920799692423,0.09842368319876971,-0.000984236831987697,0.14173010380622836,-0.08421376393694734,-0.08882737408688965,0.05911572472126105,0.007443291041906958,0.08421376393694734,-0.12456747404844293,-0.007443291041906958,0.0005536332179930795,-0.07111111111111111,-0.01384083044982699,-0.07972318339100345,0.007443291041906958,-0.022206843521722412,0.09842368319876971,-0.0629911572472126,-0.041584006151480196,0.029773164167627833,-0.05173394848135333,-0.07535563244905807,0.19986159169550174,0.3014225297962323,-0.03254133025759323,-0.10340638216070744,-0.22145328719723184,-0.1929104190695886,-0.03844675124951941,-0.0015378700499807767,0.044844290657439445,-0.11374086889657825,0.17937716262975778
M3A-w4-1658,-0.05911572472126105,-0.13016532103037293,-0.1085121107266436,-0.006151480199923107,-0.22145328719723184,0.09356401384083046,0.08882737408688965,0.11374086889657825,0.05173394848135333,0.11374086889657825,0.22145328719723184,-0.03254133025759323,0.12456747404844293,-0.09842368319876971,-0.2288965782391388,-0.05911572472126105,0.05536332179930796,0.07535563244905807,-0.22145328719723184,-0.2364628988850442,0.022206843521722412,-0.2364628988850442,0.16000000000000003,-0.1085121107266436,-0.0629911572472126,0.08421376393694734,-0.12456747404844293,0.05911572472126105,0.06698961937716265,0.2519646289888504,-0.003014225297962322,0.1085121107266436,0.13016532103037293,0.09356401384083046,-0.024605920799692427,-0.08882737408688965,0.03254133025759323,-0.01574778931180315,-0.01574778931180315,-0.13016532103037293,0.07972318339100345,0.08421376393694734,-0.13016532103037293,-0.07972318339100345,0.024605920799692427,-0.003936947327950788,-0.2069357939254133,0.09356401384083046,-0.11909265667051133,0.01384083044982699,-0.01574778931180315,-0.008858131487889272,0.05911572472126105,0.14173010380622836,0.37425605536332185,-0.05536332179930796,-0.11909265667051133,-0.11909265667051133,-0.08882737408688965,-0.002214532871972318,-0.14173010380622836,0.11909265667051133,-0.1085121107266436,0.11374086889657825
M3A-w4-1661,-0.08421376393694734,-0.16633602460592078,0.008858131487889272,-0.15378700499807765,-0.2364628988850442,0.03844675124951941,-0.003014225297962322,0.05173394848135333,0.08882737408688965,0.14173010380622836,0.11909265667051133,-0.07972318339100345,0.21413302575932336,-0.07111111111111111,-0.22145328719723184,0.08421376393694734,-0.029773164167627833,-0.14173010380622836,-0.01574778931180315,-0.186082276047674,0.05536332179930796,-0.05911572472126105,0.1929104190695886,-0.1085121107266436,-0.22145328719723184,-0.08882737408688965,-0.14769703960015382,0.029773164167627833,0.17937716262975778,0.14769703960015382,0.05911572472126105,0.002214532871972318,-0.05173394848135333,-0.07972318339100345,0.004982698961937716,0.09356401384083046,-0.05911572472126105,0.041584006151480196,-0.13588619761630144,-0.16000000000000003,0.03844675124951941,0.12456747404844293,-0.2069357939254133,0.004982698961937716,-0.044844290657439445,0.16633602460592078,-0.10340638216070744,-0.12456747404844293,-0.17279507881584008,-0.0629911572472126,0.05536332179930796,0.07972318339100345,-0.08882737408688965,0.2069357939254133,0.21413302575932336,-0.13016532103037293,-0.17279507881584008,-0.06698961937716265,-0.11909265667051133,-0.022206843521722412,-0.2679584775086506,0.06698961937716265,-0.1085121107266436,-0.010396001537870049
M3A-w4-1665,0.019930795847750864,-0.16000000000000003,-0.0629911572472126,-0.010396001537870049,-0.17279507881584008,0.04822760476739715,-0.004982698961937716,0.1085121107266436,0.08421376393694734,0.07972318339100345,0.2519646289888504,0.05536332179930796,0.08421376393694734,-0.07972318339100345,-0.19986159169550174,-0.12456747404844293,0.08421376393694734,0.03844675124951941,-0.24415224913494812,-0.12456747404844293,0.04822760476739715,-0.3188927335640138,0.14769703960015382,-0.14769703960015382,-0.041584006151480196,0.06698961937716265,-0.09356401384083046,0.029773164167627833,0.08421376393694734,0.2519646289888504,0.04822760476739715,0.13588619761630144,0.15378700499807765,0.08421376393694734,-0.044844290657439445,-0.0271280276816609,0.008858131487889272,-0.006151480199923107,-0.008858131487889272,-0.0629911572472126,-0.03543252595155709,0.029773164167627833,-0.13588619761630144,-0.024605920799692427,0.024605920799692427,0.017777777777777778,-0.17279507881584008,0.019930795847750864,-0.17279507881584008,0.07111111111111111,-0.017777777777777778,-0.029773164167627833,0.03543252595155709,0.24415224913494812,0.3278123798539023,-0.03844675124951941,-0.16000000000000003,-0.17279507881584008,-0.03254133025759323,-0.08421376393694734,-0.13016532103037293,0.16000000000000003,-0.1085121107266436,0.11374086889657825
M3A-w4-1666,-0.01574778931180315,-0.10340638216070744,-0.05911572472126105,-0.07111111111111111,-0.15378700499807765,0.05536332179930796,0.017777777777777778,0.1085121107266436,0.09842368319876971,0.09356401384083046,0.19986159169550174,0.05173394848135333,0.1085121107266436,-0.09356401384083046,-0.1929104190695886,0.08421376393694734,-0.06698961937716265,-0.08882737408688965,-0.11374086889657825,-0.16633602460592078,0.07111111111111111,-0.16000000000000003,0.3278123798539023,-0.16633602460592078,-0.186082276047674,0.01574778931180315,-0.08421376393694734,-0.024605920799692427,0.11909265667051133,0.2288965782391388,0.0005536332179930795,0.11374086889657825,0.07972318339100345,-0.044844290657439445,0.017777777777777778,0.08882737408688965,0.05911572472126105,0.08421376393694734,-0.08882737408688965,-0.16633602460592078,0.03543252595155709,0.09356401384083046,-0.22145328719723184,0.000984236831987697,-0.05173394848135333,0.08421376393694734,-0.11374086889657825,-0.13016532103037293,-0.186082276047674,-0.07972318339100345,0.08882737408688965,0.05911572472126105,-0.07972318339100345,0.16633602460592078,0.2364628988850442,-0.10340638216070744,-0.21413302575932336,-0.11909265667051133,-0.05911572472126105,-0.06698961937716265,-0.2599000384467512,0.14173010380622836,-0.08882737408688965,0.003014225297962322
M3A-w4-1676,-0.09842368319876971,-0.10340638216070744,-0.019930795847750864,-0.14173010380622836,-0.21413302575932336,0.0271280276816609,0.05911572472126105,0.17937716262975778,0.15378700499807765,0.12456747404844293,0.05173394848135333,-0.08421376393694734,0.17937716262975778,-0.07111111111111111,-0.2599000384467512,0.05911572472126105,-0.14173010380622836,-0.019930795847750864,-0.07111111111111111,-0.2679584775086506,0.05173394848135333,0.007443291041906958,0.15378700499807765,-0.13588619761630144,-0.13016532103037293,-0.04822760476739715,-0.07111111111111111,0.01574778931180315,0.11374086889657825,0.2599000384467512,0.06698961937716265,-0.017777777777777778,-0.04822760476739715,0.08882737408688965,-0.05173394848135333,0.017777777777777778,0.03844675124951941,0.11909265667051133,-0.041584006151480196,-0.16000000000000003,0.07111111111111111,0.24415224913494812,-0.19986159169550174,-0.11909265667051133,-0.008858131487889272,0.08421376393694734,-0.13588619761630144,0.024605920799692427,-0.15378700499807765,-0.15378700499807765,0.11909265667051133,0.07972318339100345,-0.09842368319876971,0.09356401384083046,0.2364628988850442,-0.1085121107266436,-0.13588619761630144,-0.04822760476739715,-0.05173394848135333,0.07535563244905807,-0.22145328719723184,0.12456747404844293,-0.09842368319876971,-0.012056901191849288
M3A-w4-1678,-0.07972318339100345,-0.12456747404844293,-0.07111111111111111,-0.05536332179930796,-0.186082276047674,0.1085121107266436,-0.006151480199923107,0.04822760476739715,0.09356401384083046,0.05173394848135333,0.21413302575932336,0.022206843521722412,0.13016532103037293,-0.11374086889657825,-0.21413302575932336,0.041584006151480196,-0.05536332179930796,-0.07535563244905807,-0.044844290657439445,-0.13016532103037293,0.08882737408688965,-0.13588619761630144,0.3014225297962323,-0.14173010380622836,-0.16633602460592078,-0.01574778931180315,-0.09842368319876971,0.010396001537870049,0.08882737408688965,0.19986159169550174,0.10340638216070744,0.11374086889657825,0.10340638216070744,-0.05173394848135333,-0.07972318339100345,0.06698961937716265,0.012056901191849288,-0.017777777777777778,-0.07111111111111111,-0.12456747404844293,0.010396001537870049,0.09842368319876971,-0.2288965782391388,-0.01384083044982699,-0.019930795847750864,0.11909265667051133,-0.08421376393694734,-0.09842368319876971,-0.2069357939254133,-0.05173394848135333,0.10340638216070744,0.012056901191849288,-0.08421376393694734,0.16000000000000003,0.2761399461745483,-0.16000000000000003,-0.21413302575932336,-0.08421376393694734,-0.0629911572472126,-0.09356401384083046,-0.2599000384467512,0.17937716262975778,-0.08882737408688965,-0.09356401384083046
M3A-w4-1683,-0.09842368319876971,-0.15378700499807765,0.13016532103037293,-0.1085121107266436,-0.2761399461745483,0.029773164167627833,-0.004982698961937716,0.13016532103037293,0.12456747404844293,0.041584006151480196,0.24415224913494812,-0.01574778931180315,0.2288965782391388,-0.11374086889657825,-0.05911572472126105,-0.05536332179930796,-0.05911572472126105,0.13016532103037293,-0.09842368319876971,-0.24415224913494812,0.041584006151480196,-0.16633602460592078,0.21413302575932336,-0.05911572472126105,-0.09356401384083046,0.08882737408688965,-0.14173010380622836,-0.029773164167627833,0.044844290657439445,0.3278123798539023,0.11374086889657825,0.14173010380622836,0.11909265667051133,0.08882737408688965,-0.01384083044982699,-0.022206843521722412,-0.05536332179930796,-0.010396001537870049,0.07535563244905807,-0.05911572472126105,0.012056901191849288,0.06698961937716265,-0.1929104190695886,-0.08882737408688965,-0.05911572472126105,-0.041584006151480196,-0.14173010380622836,0.019930795847750864,-0.10340638216070744,-0.10340638216070744,0.08882737408688965,0.05911572472126105,-0.10340638216070744,0.14769703960015382,0.19986159169550174,-0.13016532103037293,-0.16633602460592078,-0.11374086889657825,-0.11374086889657825,0.0271280276816609,-0.14769703960015382,0.09356401384083046,-0.14769703960015382,-0.0015378700499807767
M3A-w4-1689,-0.12456747404844293,-0.13016532103037293,-0.019930795847750864,-0.06698961937716265,-0.13588619761630144,0.007443291041906958,0.03543252595155709,0.14173010380622836,0.0015378700499807767,0.16000000000000003,0.16000000000000003,0.024605920799692427,0.2069357939254133,-0.09356401384083046,-0.2288965782391388,-0.041584006151480196,-0.07535563244905807,0.05536332179930796,-0.07111111111111111,-0.08421376393694734,0.01574778931180315,-0.1929104190695886,0.22145328719723184,-0.14173010380622836,-0.08421376393694734,0.07972318339100345,-0.09842368319876971,0.04822760476739715,0.019930795847750864,0.17937716262975778,0.11909265667051133,0.14769703960015382,0.0629911572472126,-0.03543252595155709,0.01384083044982699,0.07111111111111111,-0.13016532103037293,-0.09356401384083046,0.01574778931180315,0.09356401384083046,-0.024605920799692427,0.1085121107266436,-0.1929104190695886,-0.17937716262975778,-0.004982698961937716,0.14173010380622836,-0.11374086889657825,-0.0629911572472126,-0.24415224913494812,-0.08421376393694734,0.13016532103037293,0.13588619761630144,-0.041584006151480196,0.14173010380622836,0.2364628988850442,-0.14173010380622836,-0.2288965782391388,-0.03254133025759323,-0.08882737408688965,-0.041584006151480196,-0.24415224913494812,0.17279507881584008,-0.14173010380622836,-0.13016532103037293
M3A-w4-1690,-0.08421376393694734,-0.16000000000000003,-0.041584006151480196,-0.05536332179930796,-0.17937716262975778,0.06698961937716265,-0.012056901191849288,0.05911572472126105,-0.03254133025759323,0.07535563244905807,0.2069357939254133,0.03254133025759323,0.19986159169550174,-0.09842368319876971,-0.2364628988850442,-0.03844675124951941,-0.11374086889657825,-0.06698961937716265,-0.15378700499807765,-0.017777777777777778,0.017777777777777778,-0.16633602460592078,0.21413302575932336,-0.13588619761630144,-0.14173010380622836,-0.06698961937716265,-0.10340638216070744,-0.03543252595155709,-0.0271280276816609,0.186082276047674,0.16633602460592078,0.17279507881584008,0.07535563244905807,0.0015378700499807767,-0.029773164167627833,0.16633602460592078,-0.10340638216070744,0.003936947327950788,-0.07972318339100345,-0.09356401384083046,-0.09842368319876971,0.1085121107266436,-0.17279507881584008,-0.04822760476739715,-0.006151480199923107,0.15378700499807765,-0.07111111111111111,-0.12456747404844293,-0.2069357939254133,-0.05173394848135333,0.041584006151480196,0.019930795847750864,-0.029773164167627833,0.1929104190695886,0.21413302575932336,-0.15378700499807765,-0.1929104190695886,-0.13588619761630144,-0.14173010380622836,-0.006151480199923107,-0.24415224913494812,0.17279507881584008,-0.14173010380622836,-0.07535563244905807
