point_id,lon,lat,region,wc,zone,src,orig_id,Q1,Q2,conf,note,file,invalid,truth_code,A00,A01,A02,A03,A04,A05,A06,A07,A08,A09,A10,A11,A12,A13,A14,A15,A16,A17,A18,A19,A20,A21,A22,A23,A24,A25,A26,A27,A28,A29,A30,A31,A32,A33,A34,A35,A36,A37,A38,A39,A40,A41,A42,A43,A44,A45,A46,A47,A48,A49,A50,A51,A52,A53,A54,A55,A56,A57,A58,A59,A60,A61,A62,A63,s1_vv_w,s1_vh_w,s1_vv_s,s1_vh_s,ndvi_djf,ndwi_djf,mndwi_djf,ndvi_mam,ndwi_mam,mndwi_mam,ndvi_jja,ndwi_jja,mndwi_jja,ndvi_son,ndwi_son,mndwi_son,dem,slope
EXPA-000,124.344951,43.288666,w1,10,edge,m3a,M3A-w1-0193,否,不透水面,高,金属管材堆场反光,judge_A_00.csv,False,21,-0.0049826989619377,-0.1137408688965782,0.1929104190695886,-0.1358861976163014,-0.0297731641676278,0.0199307958477508,-0.1929104190695886,0.2288965782391388,-0.1793771626297577,-0.0088581314878892,0.1998615916955017,-0.1476970396001538,0.0797231833910034,-0.0138408304498269,-0.1663360246059207,-0.059115724721261,0.01039600153787,0.1476970396001538,-0.059115724721261,0.1137408688965782,-0.0888273740868896,-0.059115724721261,0.1245674740484429,-0.035432525951557,0.0222068435217224,0.3553094963475586,0.0711111111111111,-0.0074432910419069,0.1417301038062283,-0.0669896193771626,-0.0297731641676278,-0.1085121107266436,-0.0842137639369473,0.0222068435217224,0.1537870049980776,0.1998615916955017,-0.1085121107266436,-0.0842137639369473,0.059115724721261,-0.0030142252979623,-0.0553633217993079,-0.1476970396001538,-0.0049826989619377,0.0711111111111111,-0.0157477893118031,0.2679584775086506,0.1137408688965782,0.0669896193771626,0.1137408688965782,-0.1663360246059207,0.16,0.1663360246059207,-0.0325413302575932,-0.0271280276816609,0.1190926566705113,-0.17279507881584,0.1245674740484429,0.1358861976163014,-0.0842137639369473,-0.075355632449058,-0.1929104190695886,-0.0325413302575932,-0.1793771626297577,-0.0482276047673971,-9.392891527048231,-16.470985738724448,-8.145855470602793,-13.72739546321827,0.0595291629433631,-0.0972049683332443,0.2508605718612671,0.1466220468282699,-0.1842730641365051,-0.2174093276262283,0.3251974284648895,-0.3410824537277221,-0.228577509522438,0.1824744790792465,-0.2232809662818908,-0.2201680690050125,172.499267578125,0.0761895477771759
EXPA-001,111.533179,23.092742,w3,10,core,m3a,M3A-w3-0776,否,稀疏植被,低,裸土夹稀疏绿斑,judge_A_00.csv,False,13,0.0482276047673971,0.0842137639369473,0.1085121107266436,0.0629911572472126,-0.0157477893118031,0.035432525951557,-0.2679584775086506,0.1137408688965782,0.075355632449058,0.1417301038062283,-0.0517339484813533,0.1663360246059207,-0.3100961168781238,-0.0384467512495194,-0.0888273740868896,-0.0271280276816609,-0.0553633217993079,0.1301653210303729,-0.075355632449058,-0.0984236831987697,-0.2288965782391388,0.1358861976163014,0.0711111111111111,-0.17279507881584,-0.0088581314878892,0.1417301038062283,-0.0448442906574394,-0.0888273740868896,-0.0482276047673971,0.2141330257593233,0.0553633217993079,0.16,0.2214532871972318,0.0199307958477508,-0.186082276047674,0.0797231833910034,-0.1034063821607074,-0.1793771626297577,0.0199307958477508,0.0271280276816609,0.0797231833910034,0.075355632449058,0.0199307958477508,0.1998615916955017,0.0271280276816609,0.0415840061514801,-0.0553633217993079,0.1358861976163014,0.186082276047674,0.0482276047673971,0.1034063821607074,-0.1417301038062283,0.0088581314878892,0.1190926566705113,0.0669896193771626,-0.292871972318339,-0.0984236831987697,0.0157477893118031,-0.0271280276816609,-0.1476970396001538,-0.0384467512495194,-0.2364628988850442,-0.0222068435217224,0.0553633217993079,-8.541293952982285,-16.124682047892684,-8.740794792137306,-13.089212847553604,0.7706539630889893,-0.7044612765312195,-0.5546106696128845,0.5477519035339355,-0.4867591559886932,-0.4036630094051361,0.828014612197876,-0.7073947787284851,-0.493102103471756,0.8516219258308411,-0.7367884516716003,-0.4976382255554199,214.78323364257807,0.0513278767466545
EXPA-002,106.539444,34.244158,w2,10,core,m3a,M3A-w2-0418,是,常绿阔叶林,中,浓绿阔叶冠层+树影,judge_A_00.csv,False,4,0.0517339484813533,0.0325413302575932,0.0711111111111111,-0.0415840061514801,-0.0517339484813533,-0.0888273740868896,-0.0888273740868896,0.1998615916955017,0.0888273740868896,0.3460207612456747,0.186082276047674,-0.0415840061514801,-0.0384467512495194,-0.0138408304498269,-0.2519646289888504,-0.035432525951557,-0.3278123798539023,0.1190926566705113,-0.1663360246059207,-0.2288965782391388,0.035432525951557,0.0246059207996924,0.1245674740484429,-0.0711111111111111,0.059115724721261,-0.0797231833910034,-0.1929104190695886,0.035432525951557,0.0984236831987697,0.0984236831987697,-0.0482276047673971,0.2364628988850442,-0.0271280276816609,0.1537870049980776,-0.0120569011918492,-0.0384467512495194,-0.0384467512495194,-0.1537870049980776,-0.0271280276816609,-0.1476970396001538,-0.0384467512495194,0.0271280276816609,-0.0842137639369473,0.075355632449058,-0.0935640138408304,0.0797231833910034,0.0984236831987697,-0.1034063821607074,0.059115724721261,-0.0935640138408304,0.0517339484813533,0.0222068435217224,0.1137408688965782,0.1476970396001538,-0.0797231833910034,-0.17279507881584,0.0138408304498269,-0.01039600153787,-0.2364628988850442,-0.1476970396001538,-0.2441522491349481,0.059115724721261,-0.0384467512495194,0.0157477893118031,,,,,0.4133757948875427,-0.4671074450016022,-0.4767932593822479,0.5257410407066345,-0.5317149758338928,-0.551163375377655,0.8259592652320862,-0.7270359396934509,-0.6243727803230286,0.6400846838951111,-0.6482269763946533,-0.6992116570472717,2564.11962890625,0.295042484998703
EXPA-003,106.151372,32.561164,w2,10,core,m3a,M3A-w2-0378,是,常绿阔叶林,低,冠层细碎偏糊，疑林窗,judge_A_00.csv,False,4,0.1190926566705113,-0.0157477893118031,0.1190926566705113,0.0022145328719723,0.0553633217993079,0.0061514801999231,-0.2761399461745483,0.2288965782391388,0.059115724721261,0.1358861976163014,0.0629911572472126,0.1301653210303729,-0.0842137639369473,0.0553633217993079,0.0120569011918492,-0.1537870049980776,-0.0669896193771626,-0.0984236831987697,-0.059115724721261,-0.0325413302575932,-0.0935640138408304,-0.2141330257593233,0.1190926566705113,-0.1245674740484429,0.0553633217993079,0.0984236831987697,-0.1034063821607074,-0.0669896193771626,0.0074432910419069,0.1245674740484429,0.0842137639369473,0.2441522491349481,0.1190926566705113,0.0325413302575932,-0.16,0.1358861976163014,-0.2441522491349481,-0.1998615916955017,0.0984236831987697,0.2519646289888504,-0.1301653210303729,0.1137408688965782,-0.0797231833910034,0.0629911572472126,-0.1245674740484429,0.0888273740868896,-0.0553633217993079,0.0384467512495194,0.059115724721261,-0.0384467512495194,0.1190926566705113,-0.0797231833910034,-0.0088581314878892,0.1358861976163014,-0.0297731641676278,-0.2288965782391388,-0.0984236831987697,-0.0138408304498269,-0.2844444444444444,-0.1663360246059207,-0.1034063821607074,-0.0177777777777777,-0.1537870049980776,0.0061514801999231,-19.17493002077675,-20.16181633571959,-15.788815861081938,-20.21525726091719,0.6673069596290588,-0.653333306312561,-0.4321372807025909,0.7415608167648315,-0.6522038578987122,-0.4491409957408905,0.7032718062400818,-0.6487927436828613,-0.357798159122467,0.8199763298034668,-0.7233644723892212,-0.4825174808502197,1494.458740234375,0.2869280874729156
EXPA-004,126.20123,45.98981,w1,10,edge,m3a,M3A-w1-0195,是,常绿阔叶林,中,圆冠密集成林，疑人工林,judge_A_00.csv,False,4,-0.1085121107266436,-0.0271280276816609,0.1245674740484429,-0.186082276047674,-0.0448442906574394,-0.1358861976163014,-0.3014225297962323,0.4035986159169549,0.1476970396001538,-0.0842137639369473,0.1929104190695886,-0.0888273740868896,0.0271280276816609,0.0888273740868896,-0.1301653210303729,0.059115724721261,-0.0049826989619377,-0.0711111111111111,-0.1137408688965782,0.000553633217993,0.0711111111111111,-0.0669896193771626,0.0935640138408304,-0.0711111111111111,0.0138408304498269,0.186082276047674,0.0935640138408304,0.0074432910419069,0.3278123798539023,-0.0553633217993079,0.0138408304498269,-0.0842137639369473,-0.1034063821607074,0.0415840061514801,-0.0061514801999231,0.2519646289888504,0.0157477893118031,0.0384467512495194,0.1476970396001538,-0.0138408304498269,-0.0517339484813533,-0.059115724721261,0.0157477893118031,-0.0297731641676278,-0.1085121107266436,0.1537870049980776,0.186082276047674,-0.0015378700499807,0.035432525951557,-0.059115724721261,0.17279507881584,0.0271280276816609,-0.1417301038062283,-0.0022145328719723,0.0888273740868896,0.1537870049980776,0.1085121107266436,0.0199307958477508,-0.0935640138408304,-0.186082276047674,-0.1793771626297577,-0.0061514801999231,-0.0935640138408304,-0.0022145328719723,-14.00855523153178,-23.31610993377946,-11.83912120128848,-19.305522315358477,0.0410666652023792,-0.0790491998195648,0.6241774559020996,0.3110504746437073,-0.4263450801372528,-0.4737021327018738,0.7819617390632629,-0.653889536857605,-0.4124401807785034,0.4930139780044555,-0.565945565700531,-0.4120982885360718,131.21731567382812,0.0788719877600669
EXPA-005,108.826106,26.387043,w3,10,edge,m3a,M3A-w3-0864,否,草地,低,暗绿均匀无冠形，疑草灌,judge_A_00.csv,False,11,0.075355632449058,-0.0030142252979623,0.0842137639369473,0.0629911572472126,0.0669896193771626,-0.0297731641676278,-0.292871972318339,0.2069357939254133,0.075355632449058,0.186082276047674,0.0199307958477508,0.0002460592079969,-0.2441522491349481,0.0797231833910034,-0.0629911572472126,-0.0984236831987697,-0.075355632449058,0.1137408688965782,-0.0199307958477508,-0.2288965782391388,-0.16,0.0553633217993079,-0.0061514801999231,-0.1793771626297577,-0.035432525951557,0.17279507881584,-0.0935640138408304,-0.0669896193771626,-0.0061514801999231,0.1034063821607074,0.0297731641676278,0.0517339484813533,0.0629911572472126,0.1417301038062283,-0.1190926566705113,0.0517339484813533,-0.1929104190695886,-0.0177777777777777,0.0629911572472126,-0.0246059207996924,0.0297731641676278,0.0984236831987697,-0.1137408688965782,0.16,-0.059115724721261,0.0061514801999231,-0.075355632449058,0.3553094963475586,0.0384467512495194,-0.0297731641676278,0.0415840061514801,-0.0984236831987697,0.0888273740868896,0.1998615916955017,0.16,-0.2679584775086506,-0.0888273740868896,0.0711111111111111,-0.0842137639369473,-0.2069357939254133,-0.0797231833910034,-0.1929104190695886,0.035432525951557,0.0935640138408304,-6.523735676212624,-12.18808494756059,-6.784068399843505,-11.90377805145138,,,,,,,,,,,,,,
EXPA-006,106.195299,34.255207,w2,10,core,m3a,M3A-w2-0397,是,常绿阔叶林,低,影像暗，冠层阴影重,judge_A_00.csv,False,4,-0.0325413302575932,-0.0049826989619377,0.0049826989619377,0.0888273740868896,0.0297731641676278,-0.1301653210303729,-0.1417301038062283,0.3014225297962323,0.1537870049980776,0.1793771626297577,0.2441522491349481,-0.0222068435217224,-0.0629911572472126,-0.0415840061514801,-0.1417301038062283,-0.0384467512495194,0.0049826989619377,0.0271280276816609,-0.3460207612456747,-0.1793771626297577,0.0629911572472126,-0.1301653210303729,-0.0177777777777777,-0.0297731641676278,0.1417301038062283,-0.0384467512495194,-0.0448442906574394,-0.0177777777777777,0.0325413302575932,0.2141330257593233,-0.16,0.0271280276816609,0.0888273740868896,0.1417301038062283,-0.0157477893118031,-0.16,-0.17279507881584,-0.0138408304498269,0.0222068435217224,-0.1358861976163014,0.0199307958477508,-0.0271280276816609,0.0325413302575932,0.0384467512495194,-0.1417301038062283,0.0669896193771626,0.0984236831987697,0.16,0.1537870049980776,0.0325413302575932,-0.0415840061514801,-0.0669896193771626,0.0669896193771626,0.2599000384467512,0.1929104190695886,-0.0517339484813533,-0.0138408304498269,-0.17279507881584,-0.1998615916955017,-0.0711111111111111,-0.1137408688965782,-0.059115724721261,0.059115724721261,0.1929104190695886,,,,,0.3254437744617462,-0.2848948240280151,-0.3242999017238617,0.7739854454994202,-0.7019067406654358,-0.4519089460372925,0.8853152990341187,-0.7823565006256104,-0.572411060333252,0.5652173757553101,-0.5517241358757019,-0.6206509470939636,1748.7835693359375,0.295042484998703
EXPA-007,109.406866,26.059607,w3,10,edge,m3a,M3A-w3-0867,否,常绿灌丛,低,林缘灌草，树冠不足半,judge_A_00.csv,False,9,0.035432525951557,0.059115724721261,0.0030142252979623,0.0711111111111111,0.0629911572472126,-0.0222068435217224,-0.2214532871972318,0.16,0.0553633217993079,0.1417301038062283,0.0842137639369473,0.01039600153787,-0.2364628988850442,-0.0177777777777777,-0.059115724721261,-0.035432525951557,0.0517339484813533,0.075355632449058,-0.2519646289888504,-0.186082276047674,-0.1085121107266436,-0.035432525951557,-0.1085121107266436,-0.1190926566705113,0.035432525951557,0.1034063821607074,-0.0297731641676278,-0.1358861976163014,0.0415840061514801,0.2441522491349481,-0.1245674740484429,-0.0177777777777777,0.1301653210303729,0.1417301038062283,-0.1301653210303729,-0.0120569011918492,-0.0711111111111111,0.0246059207996924,0.0669896193771626,-0.0482276047673971,0.059115724721261,0.0984236831987697,0.0138408304498269,0.1929104190695886,-0.0482276047673971,0.0797231833910034,-0.0022145328719723,0.3553094963475586,0.1085121107266436,0.0797231833910034,-0.0222068435217224,-0.1537870049980776,0.0711111111111111,0.186082276047674,0.2519646289888504,-0.1537870049980776,-0.0888273740868896,-0.0797231833910034,0.0061514801999231,-0.17279507881584,-0.0669896193771626,-0.2069357939254133,0.1476970396001538,0.1929104190695886,-4.844637400987553,-13.256367540292434,-2.7728739948612384,-9.28876584578084,0.5334309339523315,-0.4976167678833008,-0.2192592620849609,0.3843814730644226,-0.3364467322826385,-0.2019577920436859,0.8616352081298828,-0.7154899835586548,-0.4753885865211487,0.8191823959350586,-0.7153447270393372,-0.5202997922897339,536.196044921875,0.1536105275154113
EXPA-008,106.465064,31.906023,w2,10,core,m3a,M3A-w2-0381,否,草本旱地,低,田块与灌草交界，树冠少,judge_A_00.csv,False,0,0.0448442906574394,0.1085121107266436,0.1301653210303729,0.0842137639369473,0.0888273740868896,0.1190926566705113,-0.2679584775086506,0.1476970396001538,-0.0030142252979623,0.1793771626297577,0.0061514801999231,0.0797231833910034,-0.1998615916955017,-0.01039600153787,-0.0553633217993079,-0.1929104190695886,-0.0297731641676278,-0.0039369473279507,-0.1793771626297577,0.0629911572472126,-0.1663360246059207,0.0199307958477508,-0.0448442906574394,-0.1417301038062283,-0.0039369473279507,0.1085121107266436,-0.0199307958477508,-0.2069357939254133,0.1190926566705113,0.1793771626297577,0.0061514801999231,0.1663360246059207,0.1137408688965782,0.0088581314878892,-0.1085121107266436,0.1663360246059207,-0.186082276047674,-0.1190926566705113,0.0246059207996924,0.0325413302575932,-0.0157477893118031,0.186082276047674,-0.0935640138408304,0.1417301038062283,0.0415840061514801,0.0984236831987697,0.0797231833910034,0.0888273740868896,0.0629911572472126,0.1034063821607074,-0.0177777777777777,-0.1417301038062283,0.0384467512495194,0.1190926566705113,0.1190926566705113,-0.2679584775086506,-0.1137408688965782,-0.0448442906574394,-0.2364628988850442,-0.16,-0.1476970396001538,-0.2364628988850442,-0.0271280276816609,0.0711111111111111,-11.056138575032673,-18.35085314370685,-10.138888427288345,-15.06920320699269,0.5812480449676514,-0.5247403979301453,-0.3079831004142761,0.6860238909721375,-0.612971842288971,-0.4374034106731415,0.6646341681480408,-0.5767918229103088,-0.4352776408195495,0.6830053925514221,-0.6076555252075195,-0.5013031959533691,452.2480773925781,0.2042314410209655
EXPA-009,106.375861,32.069876,w2,10,edge,m3a,M3A-w2-0537,否,草本旱地,低,旱作田块边缘，右侧绿植,judge_A_00.csv,False,0,0.0482276047673971,0.0384467512495194,0.1034063821607074,0.0448442906574394,0.059115724721261,0.0553633217993079,-0.2844444444444444,0.1190926566705113,-0.0039369473279507,0.1301653210303729,0.0039369473279507,0.1137408688965782,-0.2519646289888504,0.0384467512495194,-0.1301653210303729,-0.2364628988850442,-0.1417301038062283,0.0246059207996924,-0.17279507881584,0.0553633217993079,-0.1417301038062283,-0.0138408304498269,0.0138408304498269,-0.1417301038062283,-0.0384467512495194,0.0842137639369473,-0.0711111111111111,-0.1476970396001538,0.0384467512495194,0.1301653210303729,0.0325413302575932,0.1663360246059207,0.059115724721261,0.0325413302575932,-0.1537870049980776,0.186082276047674,-0.2141330257593233,-0.1537870049980776,0.059115724721261,0.0711111111111111,-0.0984236831987697,0.16,-0.0711111111111111,0.1034063821607074,-0.0482276047673971,0.1358861976163014,0.059115724721261,0.059115724721261,0.0222068435217224,-0.01039600153787,0.0842137639369473,-0.0669896193771626,0.0711111111111111,0.1245674740484429,0.0482276047673971,-0.3188927335640138,-0.1793771626297577,0.0222068435217224,-0.2214532871972318,-0.1929104190695886,-0.1245674740484429,-0.2069357939254133,-0.0935640138408304,0.0138408304498269,-13.33440847867303,-18.82887059203201,-10.83150953337242,-15.505605053476929,0.4997979700565338,-0.5225594639778137,-0.405819296836853,0.600547194480896,-0.5354330539703369,-0.3773086965084076,0.6575472950935364,-0.5721662640571594,-0.3719916641712188,0.7601605653762817,-0.7018111348152161,-0.5044342875480652,923.4553833007812,0.2869280874729156
EXPA-010,112.931317,24.455576,w3,10,core,m3a,M3A-w3-0728,否,常绿灌丛,低,低矮密绿无冠形，疑灌草,judge_A_00.csv,False,9,0.0553633217993079,0.1034063821607074,0.1245674740484429,0.0448442906574394,0.1190926566705113,0.0177777777777777,-0.2599000384467512,0.1537870049980776,0.0935640138408304,0.1476970396001538,-0.1137408688965782,0.0888273740868896,-0.2679584775086506,0.0415840061514801,-0.1137408688965782,-0.0448442906574394,-0.1245674740484429,0.0797231833910034,-0.0415840061514801,-0.2441522491349481,-0.0797231833910034,0.0984236831987697,-0.0222068435217224,-0.1190926566705113,0.0022145328719723,0.1085121107266436,-0.1085121107266436,-0.0448442906574394,0.035432525951557,0.1301653210303729,0.1085121107266436,0.0669896193771626,0.1190926566705113,0.0711111111111111,-0.1663360246059207,0.075355632449058,-0.186082276047674,-0.1190926566705113,0.0448442906574394,0.0138408304498269,0.16,0.1034063821607074,0.0271280276816609,0.2214532871972318,-0.0088581314878892,0.0061514801999231,-0.0325413302575932,0.2844444444444444,0.1137408688965782,-0.0797231833910034,-0.0030142252979623,-0.1537870049980776,0.0415840061514801,0.0888273740868896,0.0935640138408304,-0.2441522491349481,-0.16,0.0711111111111111,-0.1190926566705113,-0.1301653210303729,-0.0842137639369473,-0.2599000384467512,0.0553633217993079,0.1358861976163014,-5.733136967378458,-12.528737143611,-4.703544321100894,-12.621212598254878,0.8506739139556885,-0.8034238219261169,-0.6327543258666992,0.8325688242912292,-0.689217746257782,-0.4745308458805084,0.7917517423629761,-0.7100545763969421,-0.5244486927986145,0.7580372095108032,-0.6977124214172363,-0.6360058784484863,390.2550659179688,0.1012971848249435
EXPA-011,108.078528,32.569519,w2,10,core,m3a,M3A-w2-0353,是,常绿阔叶林,中,冠层浓密，圆冠+阴影,judge_A_00.csv,False,4,0.0517339484813533,0.0984236831987697,0.0984236831987697,0.1034063821607074,0.0517339484813533,-0.1301653210303729,-0.16,0.3278123798539023,0.1245674740484429,0.1476970396001538,0.0517339484813533,0.0015378700499807,-0.1085121107266436,-0.0297731641676278,-0.1190926566705113,-0.035432525951557,0.0120569011918492,0.2069357939254133,-0.186082276047674,-0.17279507881584,0.0088581314878892,0.0842137639369473,-0.1085121107266436,0.0297731641676278,0.1190926566705113,0.0088581314878892,0.01039600153787,-0.1301653210303729,0.16,0.1929104190695886,-0.1034063821607074,-0.0222068435217224,0.059115724721261,0.2519646289888504,-0.0553633217993079,-0.1663360246059207,-0.075355632449058,-0.0157477893118031,0.0088581314878892,-0.16,0.035432525951557,0.1417301038062283,-0.0246059207996924,-0.0984236831987697,-0.1245674740484429,0.0797231833910034,-0.0384467512495194,0.3460207612456747,0.16,0.0482276047673971,-0.0415840061514801,-0.1245674740484429,0.0415840061514801,0.16,0.1476970396001538,-0.1301653210303729,0.0049826989619377,-0.17279507881584,-0.0935640138408304,-0.0629911572472126,-0.1358861976163014,-0.075355632449058,0.0888273740868896,0.1537870049980776,2.8105125377343447,-5.134840168391889,1.4458674551542503,-6.202524551791088,0.4701381623744964,-0.4548536539077759,-0.3878949284553528,0.5752308368682861,-0.5057113170623779,-0.4714047610759735,0.8655673265457153,-0.7504204511642456,-0.5787680745124817,0.7786853909492493,-0.7095191478729248,-0.6543065905570984,1319.9461669921875,0.4637167751789093
EXPA-012,110.64735,23.727401,w3,10,core,m3a,M3A-w3-0747,否,常绿灌丛,低,细密绿斑无冠形，疑灌草,judge_A_00.csv,False,9,0.075355632449058,-0.0138408304498269,0.1245674740484429,-0.0325413302575932,0.0669896193771626,0.0797231833910034,-0.3100961168781238,0.1137408688965782,-0.0629911572472126,0.1663360246059207,-0.0177777777777777,0.1476970396001538,-0.2761399461745483,0.1245674740484429,-0.0482276047673971,-0.0711111111111111,-6.151480199923106e-05,0.0325413302575932,-0.0797231833910034,-0.1301653210303729,-0.1137408688965782,0.0984236831987697,0.0553633217993079,-0.1358861976163014,-0.075355632449058,0.186082276047674,-0.1417301038062283,-0.035432525951557,0.0448442906574394,0.1476970396001538,0.186082276047674,0.1301653210303729,0.2288965782391388,0.0325413302575932,-0.1358861976163014,0.1137408688965782,-0.2288965782391388,-0.0935640138408304,0.0669896193771626,0.0039369473279507,0.0935640138408304,0.0415840061514801,0.0015378700499807,0.2364628988850442,0.0553633217993079,-0.0517339484813533,0.0157477893118031,0.2069357939254133,0.0629911572472126,0.0222068435217224,0.0553633217993079,-0.1245674740484429,0.0120569011918492,0.0984236831987697,0.1793771626297577,-0.2679584775086506,-0.0711111111111111,0.0553633217993079,-0.0629911572472126,-0.186082276047674,-0.0199307958477508,-0.186082276047674,0.075355632449058,0.0325413302575932,-6.3466354351344005,-14.481695749170964,-6.949811896707905,-13.925674321522491,,,,,,,,,,,,,,
EXPA-013,111.365014,26.851921,w3,10,core,m3a,M3A-w3-0761,否,草地,低,路旁坡面草灌，无树冠,judge_A_00.csv,False,11,0.035432525951557,-0.0888273740868896,0.0984236831987697,0.1245674740484429,0.0517339484813533,-0.0061514801999231,-0.292871972318339,0.1476970396001538,-0.0222068435217224,0.1793771626297577,0.0199307958477508,-0.0177777777777777,-0.2288965782391388,-0.075355632449058,-0.0842137639369473,-0.1929104190695886,-0.1537870049980776,0.1663360246059207,-0.1358861976163014,0.0384467512495194,-0.2069357939254133,0.1663360246059207,-0.0074432910419069,-0.1245674740484429,-0.0246059207996924,0.16,-0.0177777777777777,-0.1301653210303729,0.0711111111111111,0.2364628988850442,-0.0271280276816609,-0.0199307958477508,0.0553633217993079,0.0448442906574394,-0.1358861976163014,0.1137408688965782,-0.0984236831987697,-0.186082276047674,0.0711111111111111,-0.0297731641676278,0.0842137639369473,0.16,-0.0935640138408304,0.16,-0.0553633217993079,0.0629911572472126,0.0711111111111111,0.0482276047673971,0.0669896193771626,0.0842137639369473,-0.0325413302575932,0.0074432910419069,0.0271280276816609,0.0984236831987697,0.1137408688965782,-0.2761399461745483,-0.1417301038062283,-0.0120569011918492,-0.1663360246059207,-0.1301653210303729,-0.1537870049980776,-0.2844444444444444,0.0138408304498269,0.0842137639369473,-9.040406534809776,-15.44116572735902,-7.728270238300238,-13.86934045791681,0.5648890733718872,-0.5369640588760376,-0.4959636628627777,0.7189329862594604,-0.6085236072540283,-0.5030912160873413,0.7255985140800476,-0.601318359375,-0.4619439840316772,0.6617646813392639,-0.5483871102333069,-0.4110201001167297,326.72930908203125,0.2811674475669861
EXPA-014,109.968493,23.462488,w3,10,core,m3a,M3A-w3-0777,否,常绿灌丛,低,深绿团块散布浅绿中,judge_A_00.csv,False,9,0.1301653210303729,0.0482276047673971,0.1793771626297577,0.0711111111111111,0.1245674740484429,-0.0888273740868896,-0.292871972318339,0.17279507881584,0.01039600153787,0.059115724721261,-0.0246059207996924,0.2599000384467512,-0.2519646289888504,0.1034063821607074,-0.1537870049980776,-0.0669896193771626,-0.0984236831987697,0.1034063821607074,-0.0157477893118031,-0.0517339484813533,-0.0888273740868896,0.035432525951557,0.0448442906574394,-0.1417301038062283,-0.0138408304498269,-0.0246059207996924,0.0199307958477508,-0.0888273740868896,-0.17279507881584,0.0482276047673971,0.1358861976163014,0.1929104190695886,0.1137408688965782,-0.0482276047673971,-0.2519646289888504,0.17279507881584,-0.292871972318339,-0.186082276047674,-0.035432525951557,0.0325413302575932,-0.0199307958477508,0.0157477893118031,-0.0222068435217224,0.0517339484813533,-0.0553633217993079,0.1034063821607074,-0.1301653210303729,0.2069357939254133,0.0629911572472126,0.0246059207996924,0.0935640138408304,-0.1793771626297577,-0.0002460592079969,-0.0138408304498269,-0.0271280276816609,-0.2214532871972318,-0.1358861976163014,0.0088581314878892,-0.1085121107266436,-0.16,0.0482276047673971,-0.0482276047673971,-0.0629911572472126,-0.0797231833910034,-16.734266870503973,-22.09014762784572,-3.3932689666328515,-10.294570068501235,,,,,,,,,,,,,,
EXPA-015,105.93901,34.326354,w2,10,core,m3a,M3A-w2-0402,否,常绿灌丛,低,灌丛与草混杂，无乔木冠,judge_A_00.csv,False,9,-0.0074432910419069,0.0669896193771626,0.0553633217993079,0.0517339484813533,-0.0138408304498269,-0.1476970396001538,-0.1301653210303729,0.3553094963475586,0.1663360246059207,0.2441522491349481,0.16,-0.0888273740868896,0.01039600153787,-0.035432525951557,-0.1929104190695886,-0.0074432910419069,-0.0984236831987697,0.1417301038062283,-0.2844444444444444,-0.2214532871972318,0.0984236831987697,0.0629911572472126,-0.0711111111111111,-0.0157477893118031,0.1190926566705113,-0.0246059207996924,-0.0222068435217224,-0.0061514801999231,0.075355632449058,0.17279507881584,-0.0711111111111111,0.035432525951557,0.059115724721261,0.2214532871972318,0.0669896193771626,-0.1793771626297577,-0.0984236831987697,-0.0842137639369473,-0.0039369473279507,-0.2364628988850442,0.0138408304498269,0.0842137639369473,0.0002460592079969,-0.0842137639369473,-0.1476970396001538,0.0297731641676278,0.0842137639369473,0.1793771626297577,0.1417301038062283,-0.0711111111111111,0.0074432910419069,-0.0482276047673971,0.0669896193771626,0.1929104190695886,0.1085121107266436,-0.0669896193771626,0.075355632449058,-0.1476970396001538,-0.16,-0.0517339484813533,-0.1537870049980776,-0.0297731641676278,-0.0157477893118031,0.1476970396001538,-4.215350508054852,-8.906350999139306,-1.2234629582972525,-8.090204636690569,0.3149398267269134,-0.3625304102897644,-0.3940445184707641,0.345980703830719,-0.3733595907688141,-0.311711698770523,0.8921822309494019,-0.7766156196594238,-0.55801922082901,0.5177076458930969,-0.5191749930381775,-0.5564804077148438,2003.549560546875,0.4573136568069458
EXPA-016,106.465064,33.857433,w2,10,core,m3a,M3A-w2-0414,否,常绿灌丛,低,灌草与裸坡交错,judge_A_00.csv,False,9,-0.1034063821607074,0.0074432910419069,0.2069357939254133,0.0669896193771626,-0.0297731641676278,-0.0629911572472126,-0.2364628988850442,0.2844444444444444,0.0797231833910034,0.1998615916955017,0.0711111111111111,-0.0711111111111111,0.0138408304498269,-0.0842137639369473,-0.1085121107266436,-0.1301653210303729,-0.0984236831987697,0.1417301038062283,-0.2364628988850442,-0.17279507881584,-0.059115724721261,0.0271280276816609,0.0246059207996924,-0.0297731641676278,0.0797231833910034,0.1034063821607074,-0.0711111111111111,-0.0888273740868896,0.1793771626297577,0.1476970396001538,-0.1085121107266436,0.0935640138408304,0.035432525951557,0.2214532871972318,0.0157477893118031,-0.0482276047673971,-0.0157477893118031,-0.0039369473279507,-0.0711111111111111,-0.0482276047673971,0.0888273740868896,0.0888273740868896,-0.0325413302575932,0.0517339484813533,-0.1417301038062283,0.0517339484813533,0.0482276047673971,0.1793771626297577,0.16,-0.0074432910419069,0.0061514801999231,0.0553633217993079,0.1085121107266436,0.2141330257593233,0.0842137639369473,-0.1929104190695886,0.01039600153787,-0.1417301038062283,-0.3014225297962323,-0.0797231833910034,-0.2214532871972318,-0.1929104190695886,0.0030142252979623,0.0984236831987697,,,,,0.5613905191421509,-0.5971250534057617,-0.5151377320289612,0.7179591059684753,-0.6379354596138,-0.4630692601203918,0.8535414338111877,-0.7239839434623718,-0.5282442569732666,0.7280701994895935,-0.6088199019432068,-0.5287752151489258,1300.3577880859375,0.0364570692181587
EXPA-017,113.543339,24.035703,w3,10,core,m3a,M3A-w3-0752,是,常绿阔叶林,中,冠层团块+明显树影,judge_A_00.csv,False,4,0.0482276047673971,0.0629911572472126,0.0138408304498269,0.16,0.0842137639369473,-0.0669896193771626,-0.2761399461745483,0.1085121107266436,0.0517339484813533,0.0222068435217224,0.035432525951557,0.2288965782391388,-0.3014225297962323,-0.0138408304498269,-0.1358861976163014,0.0199307958477508,-0.0088581314878892,-0.0482276047673971,-0.1301653210303729,-0.0517339484813533,-0.0629911572472126,-0.0246059207996924,0.0325413302575932,-0.1245674740484429,0.0222068435217224,-0.0138408304498269,0.0415840061514801,-0.0935640138408304,-0.2214532871972318,0.1034063821607074,0.16,0.1085121107266436,0.2761399461745483,-0.0177777777777777,-0.2679584775086506,0.1417301038062283,-0.1929104190695886,-0.1190926566705113,0.0325413302575932,0.0482276047673971,-0.0002460592079969,0.0384467512495194,0.0553633217993079,0.186082276047674,0.0384467512495194,0.0797231833910034,-0.0030142252979623,0.2441522491349481,0.1034063821607074,0.0935640138408304,0.0074432910419069,-0.2679584775086506,-0.0015378700499807,0.1301653210303729,0.0711111111111111,-0.17279507881584,-0.1190926566705113,-0.0797231833910034,-0.0415840061514801,-0.2141330257593233,0.0448442906574394,-0.0711111111111111,-0.0553633217993079,0.0935640138408304,-14.40354811566656,-19.891106970151608,-13.015747152415129,-20.029010950457288,0.8453713059425354,-0.740882933139801,-0.4924812018871307,0.8213376998901367,-0.6969190239906311,-0.4779058694839477,0.8109990358352661,-0.6889137625694275,-0.4942654371261596,0.8698384165763855,-0.7570645213127136,-0.5403032898902893,394.994140625,0.1822571605443954
EXPA-018,107.627394,32.026757,w2,10,core,m3a,M3A-w2-0371,否,常绿灌丛,低,细碎密被，疑蕨类灌草丛,judge_A_00.csv,False,9,0.059115724721261,0.0797231833910034,0.0842137639369473,0.0935640138408304,0.0888273740868896,-0.0246059207996924,-0.2519646289888504,0.3460207612456747,0.1417301038062283,0.17279507881584,0.0629911572472126,-0.035432525951557,-0.2069357939254133,-0.0074432910419069,-0.0271280276816609,-0.0842137639369473,0.0177777777777777,0.1417301038062283,-0.1190926566705113,-0.2214532871972318,-0.035432525951557,0.0271280276816609,-0.075355632449058,-0.0448442906574394,0.1137408688965782,0.0711111111111111,-0.1137408688965782,-0.1301653210303729,0.0842137639369473,0.16,-0.0935640138408304,0.0888273740868896,0.0669896193771626,0.186082276047674,-0.0415840061514801,-0.0842137639369473,-0.1998615916955017,-0.0448442906574394,-0.000553633217993,-0.0553633217993079,0.0157477893118031,0.1301653210303729,-0.0074432910419069,0.0517339484813533,-0.1085121107266436,0.0553633217993079,-0.0384467512495194,0.2761399461745483,0.2679584775086506,0.0246059207996924,0.0088581314878892,-0.0984236831987697,0.0629911572472126,0.2214532871972318,0.1358861976163014,-0.1476970396001538,-0.0246059207996924,-0.0325413302575932,-0.16,-0.059115724721261,-0.1137408688965782,-0.2141330257593233,0.0842137639369473,0.075355632449058,,,,,0.6606264710426331,-0.6218960285186768,-0.3307430744171142,0.7518247961997986,-0.6753490567207336,-0.4948119223117828,0.8224864602088928,-0.6942020654678345,-0.4874045252799988,0.6998858451843262,-0.6699246764183044,-0.404796302318573,961.87060546875,0.2504908740520477
EXPA-019,107.771843,33.100153,w2,10,edge,m3a,M3A-w2-0549,否,常绿灌丛,低,侵蚀坡地灌草夹裸土,judge_A_00.csv,False,9,-0.0325413302575932,0.0984236831987697,0.1998615916955017,0.0384467512495194,0.0711111111111111,0.0297731641676278,-0.2069357939254133,0.0797231833910034,-0.0297731641676278,0.0271280276816609,0.0935640138408304,0.0120569011918492,-0.1301653210303729,-0.0888273740868896,-0.0935640138408304,-0.2141330257593233,-0.0935640138408304,0.0039369473279507,-0.3100961168781238,0.0629911572472126,-0.1793771626297577,0.0935640138408304,-0.1245674740484429,-0.0984236831987697,-0.0030142252979623,-0.0030142252979623,0.0049826989619377,-0.2679584775086506,0.0157477893118031,0.1998615916955017,-0.0888273740868896,0.1190926566705113,-0.0482276047673971,0.0935640138408304,-0.1301653210303729,0.1358861976163014,-0.2844444444444444,-0.0177777777777777,-0.1137408688965782,-0.035432525951557,0.0325413302575932,0.1663360246059207,-0.0517339484813533,0.0415840061514801,0.0222068435217224,0.2679584775086506,0.1537870049980776,-0.0384467512495194,0.1537870049980776,-0.0246059207996924,0.0138408304498269,0.0030142252979623,0.0669896193771626,0.1301653210303729,-0.0669896193771626,-0.16,-0.1085121107266436,-0.1137408688965782,-0.2288965782391388,-0.1085121107266436,-0.1793771626297577,-0.1663360246059207,-0.0030142252979623,0.0120569011918492,-16.089756754688082,-19.635706205045174,-16.627214698898324,-20.308867544241256,0.3961113095283508,-0.4434371292591095,-0.5215181112289429,0.5634824633598328,-0.55222088098526,-0.5393639802932739,0.848244845867157,-0.7096599340438843,-0.5236682295799255,0.6189723610877991,-0.5645530819892883,-0.5885961651802063,648.93505859375,0.257084310054779
EXPA-020,112.218234,23.554655,w3,10,core,m3a,M3A-w3-0730,否,常绿灌丛,低,深绿团块散布，间见浅绿,judge_A_00.csv,False,9,0.0711111111111111,-0.0138408304498269,0.0482276047673971,0.0271280276816609,0.0246059207996924,-0.0669896193771626,-0.2599000384467512,0.2069357939254133,0.0711111111111111,0.17279507881584,-0.1034063821607074,0.0669896193771626,-0.292871972318339,-0.0074432910419069,0.0138408304498269,-0.0325413302575932,0.0297731641676278,0.1137408688965782,-0.0177777777777777,-0.1929104190695886,-0.0935640138408304,0.0629911572472126,0.0039369473279507,-0.1476970396001538,0.0517339484813533,0.1929104190695886,-0.0448442906574394,-0.0482276047673971,0.0088581314878892,0.1476970396001538,0.1245674740484429,0.0482276047673971,0.17279507881584,0.0199307958477508,-0.17279507881584,-0.0177777777777777,-0.17279507881584,-0.1137408688965782,0.1190926566705113,0.0138408304498269,0.1301653210303729,0.0415840061514801,0.0009842368319876,0.1476970396001538,-0.0088581314878892,-0.0669896193771626,-0.0553633217993079,0.3188927335640138,0.2141330257593233,0.0415840061514801,0.1137408688965782,-0.1663360246059207,-0.0138408304498269,0.1663360246059207,0.1663360246059207,-0.1793771626297577,-0.0888273740868896,0.0482276047673971,-0.0384467512495194,-0.1245674740484429,0.059115724721261,-0.2679584775086506,0.0246059207996924,0.1537870049980776,-5.392481306240804,-11.73459633566896,-4.393189071523032,-11.859806349448782,0.7926338315010071,-0.6923301815986633,-0.4761193990707397,0.7496352791786194,-0.5622720122337341,-0.3380614519119262,0.812550961971283,-0.645781934261322,-0.4442724585533142,0.8285096287727356,-0.7222930192947388,-0.5266014933586121,205.98594665527344,0.1095963567495346
EXPA-021,110.68454,25.872039,w3,10,edge,m3a,M3A-w3-0862,否,稀疏植被,低,黄褐坡面，绿被稀疏,judge_A_00.csv,False,13,0.0888273740868896,0.01039600153787,0.1417301038062283,0.0669896193771626,0.1137408688965782,-0.0711111111111111,-0.3100961168781238,0.1137408688965782,-0.0120569011918492,0.2069357939254133,0.0074432910419069,0.0797231833910034,-0.2069357939254133,0.0271280276816609,-0.0984236831987697,-0.17279507881584,-0.1085121107266436,0.075355632449058,-0.1417301038062283,-0.0482276047673971,-0.1663360246059207,0.0797231833910034,-0.1137408688965782,-0.2069357939254133,-0.0177777777777777,-0.0015378700499807,-0.0384467512495194,-0.1085121107266436,-0.0297731641676278,0.17279507881584,0.0842137639369473,0.035432525951557,0.0246059207996924,0.0517339484813533,-0.3278123798539023,0.1190926566705113,-0.2069357939254133,-0.186082276047674,-0.0297731641676278,-0.0039369473279507,0.0629911572472126,0.16,-0.075355632449058,0.17279507881584,-0.0669896193771626,0.1301653210303729,0.0517339484813533,0.059115724721261,0.0138408304498269,-0.000553633217993,-0.0517339484813533,-0.1301653210303729,0.0797231833910034,0.0325413302575932,0.0157477893118031,-0.1929104190695886,-0.186082276047674,0.0325413302575932,-0.1793771626297577,-0.2141330257593233,-0.0711111111111111,-0.186082276047674,-0.0629911572472126,0.0517339484813533,-12.399466963708068,-16.88673963737957,-10.997858024511956,-15.994572187110707,,,,,,,,,,,,,,
EXPA-022,106.449702,32.341257,w2,10,core,m3a,M3A-w2-0355,是,常绿阔叶林,低,密被叶团，间见深隙,judge_A_00.csv,False,4,0.0199307958477508,0.1034063821607074,0.0842137639369473,0.1301653210303729,0.0984236831987697,0.0157477893118031,-0.2364628988850442,0.2141330257593233,0.059115724721261,0.1085121107266436,0.1476970396001538,0.0935640138408304,-0.1793771626297577,-0.035432525951557,-0.0669896193771626,-0.1663360246059207,-0.0030142252979623,-0.1085121107266436,-0.2519646289888504,-0.0049826989619377,-0.1137408688965782,-0.1245674740484429,-0.0415840061514801,-0.1245674740484429,0.1301653210303729,0.0199307958477508,-0.0669896193771626,-0.1301653210303729,-0.0222068435217224,0.0984236831987697,0.0157477893118031,0.2141330257593233,0.17279507881584,0.075355632449058,-0.1417301038062283,0.075355632449058,-0.2141330257593233,-0.1301653210303729,0.0074432910419069,0.1085121107266436,-0.0888273740868896,0.1417301038062283,-0.0157477893118031,0.1301653210303729,-0.035432525951557,0.0935640138408304,0.1085121107266436,0.0984236831987697,0.16,0.1034063821607074,-0.0448442906574394,-0.17279507881584,0.035432525951557,0.2069357939254133,0.1301653210303729,-0.1929104190695886,-0.0797231833910034,-0.1663360246059207,-0.2364628988850442,-0.1476970396001538,-0.1245674740484429,-0.1137408688965782,-0.0629911572472126,0.0384467512495194,,,,,0.5119004249572754,-0.4855189919471741,-0.3651498258113861,0.7444686889648438,-0.5998857021331787,-0.4097807705402374,0.8629165887832642,-0.7418784499168396,-0.5329868197441101,0.7787532806396484,-0.7135607600212097,-0.5394378900527954,914.9616088867188,0.2869280874729156
EXPA-023,111.074768,28.62843,w3,10,core,m3a,M3A-w3-0723,否,常绿灌丛,低,灰绿灌草斑块，间有枯褐,judge_A_00.csv,False,9,0.0415840061514801,0.0517339484813533,0.0984236831987697,0.0199307958477508,0.1085121107266436,-0.0088581314878892,-0.2761399461745483,0.2519646289888504,-0.0049826989619377,0.2141330257593233,-0.0553633217993079,0.035432525951557,-0.2441522491349481,-0.0325413302575932,-0.1417301038062283,-0.1301653210303729,-0.0935640138408304,0.1476970396001538,-0.1929104190695886,0.0022145328719723,-0.1476970396001538,0.1998615916955017,-0.1476970396001538,-0.0842137639369473,0.0517339484813533,-0.0177777777777777,-0.0797231833910034,-0.0984236831987697,0.0553633217993079,0.1998615916955017,-0.0711111111111111,0.0669896193771626,0.0074432910419069,0.0797231833910034,-0.1929104190695886,0.0629911572472126,-0.2141330257593233,-0.2288965782391388,0.0199307958477508,-0.0415840061514801,0.0384467512495194,0.2599000384467512,0.0199307958477508,0.0984236831987697,0.0009842368319876,0.1034063821607074,0.0842137639369473,0.0842137639369473,0.1190926566705113,0.0629911572472126,-0.0629911572472126,-0.0984236831987697,0.1358861976163014,-0.0074432910419069,-0.0271280276816609,-0.1245674740484429,-0.1301653210303729,-0.0088581314878892,-0.1245674740484429,0.0888273740868896,-0.17279507881584,-0.2441522491349481,0.0120569011918492,0.0517339484813533,-8.003474293952141,-13.673821445690734,-6.866417955099649,-12.739923800457902,0.5945165753364563,-0.5796998143196106,-0.5690729022026062,0.7805376052856445,-0.6396678686141968,-0.5174150466918945,0.8005188703536987,-0.68355792760849,-0.5517373085021973,0.8031654953956604,-0.7266464829444885,-0.6152055859565735,182.65164184570312,0.1511860638856887
EXPA-024,108.984568,25.741334,w3,10,core,m3a,M3A-w3-0731,否,灌木园地,低,坡面匀绿带波状行纹，疑茶园,judge_A_00.csv,False,2,0.0711111111111111,0.0415840061514801,0.1929104190695886,0.0120569011918492,0.0935640138408304,0.0482276047673971,-0.3188927335640138,0.17279507881584,-0.035432525951557,0.1417301038062283,0.035432525951557,0.075355632449058,-0.2288965782391388,0.0553633217993079,-0.0888273740868896,-0.1245674740484429,-0.0935640138408304,-0.0448442906574394,-0.2288965782391388,0.0246059207996924,-0.1793771626297577,0.059115724721261,-0.1245674740484429,-0.1537870049980776,-0.0030142252979623,-0.0222068435217224,-0.0842137639369473,-0.0984236831987697,-0.0935640138408304,0.186082276047674,0.0415840061514801,0.1663360246059207,-0.0517339484813533,0.0157477893118031,-0.292871972318339,0.1793771626297577,-0.292871972318339,-0.1476970396001538,-0.0669896193771626,0.0177777777777777,0.0039369473279507,0.2214532871972318,-0.0088581314878892,0.1301653210303729,0.0384467512495194,0.2069357939254133,0.1085121107266436,-0.0088581314878892,0.0482276047673971,0.0246059207996924,-0.0797231833910034,-0.1137408688965782,0.0517339484813533,0.0088581314878892,-0.035432525951557,-0.1301653210303729,-0.17279507881584,-0.0157477893118031,-0.1476970396001538,-0.0384467512495194,-0.075355632449058,-0.1358861976163014,0.0022145328719723,-0.0448442906574394,-12.835443763530902,-19.540362569628744,-15.00441670498441,-19.280316755166808,0.6338403224945068,-0.6482546925544739,-0.5951434969902039,0.8483551740646362,-0.74322110414505,-0.5823589563369751,0.8407714366912842,-0.7328057885169983,-0.5939158201217651,0.831631064414978,-0.7511466145515442,-0.6239660382270813,295.2178955078125,0.2534900903701782
EXPA-025,109.389349,32.153958,w2,10,core,m3a,M3A-w2-0405,是,常绿阔叶林,中,密叶冠层+深影,judge_A_00.csv,False,4,-0.0384467512495194,0.0049826989619377,0.0797231833910034,0.075355632449058,0.0669896193771626,-0.1085121107266436,-0.1793771626297577,0.2288965782391388,0.1476970396001538,0.1085121107266436,0.2441522491349481,0.0629911572472126,-0.0935640138408304,-0.0415840061514801,-0.1245674740484429,-0.1245674740484429,-0.0384467512495194,-0.0797231833910034,-0.3742560553633218,-0.1417301038062283,-0.1190926566705113,-0.1793771626297577,0.0039369473279507,-0.075355632449058,0.0797231833910034,-0.0222068435217224,-0.1137408688965782,-0.1034063821607074,-0.0061514801999231,0.1998615916955017,-0.1137408688965782,0.1245674740484429,0.16,0.0935640138408304,-0.0888273740868896,-0.0088581314878892,-0.2441522491349481,0.0039369473279507,0.0199307958477508,0.0222068435217224,0.0553633217993079,0.0325413302575932,0.0482276047673971,0.0711111111111111,-0.0842137639369473,0.0553633217993079,0.1085121107266436,0.0482276047673971,0.1417301038062283,-0.0030142252979623,-0.0022145328719723,-0.0177777777777777,0.075355632449058,0.3014225297962323,0.0711111111111111,-0.1301653210303729,-0.1190926566705113,-0.2069357939254133,-0.2069357939254133,-0.0482276047673971,-0.1537870049980776,-0.0984236831987697,0.0271280276816609,0.1190926566705113,-13.240037147811869,-16.64700526880204,-13.147497237535996,-18.058739315094613,0.2956951260566711,-0.3021276593208313,-0.4465691745281219,0.6358247995376587,-0.5578551292419434,-0.4855892062187195,0.849093496799469,-0.7263328433036804,-0.523809552192688,0.6159909963607788,-0.5769230723381042,-0.6027856469154358,1412.4302978515625,0.1415318101644516
EXPA-026,125.233205,43.906886,w1,10,core,m3a,M3A-w1-0002,否,稀疏植被,低,棚区坡地绿植稀疏夹土,judge_A_00.csv,False,13,-0.0482276047673971,-0.1476970396001538,0.2214532871972318,-0.0935640138408304,-0.16,-0.1085121107266436,-0.2364628988850442,0.3368550557477893,0.0177777777777777,-0.0888273740868896,0.3460207612456747,-0.1137408688965782,0.0222068435217224,-0.0629911572472126,-0.1245674740484429,-0.1034063821607074,-0.0297731641676278,0.0553633217993079,-0.1537870049980776,0.0448442906574394,0.01039600153787,-0.035432525951557,0.1034063821607074,-0.0177777777777777,0.075355632449058,0.292871972318339,0.0049826989619377,-0.0088581314878892,0.2441522491349481,0.0448442906574394,0.0002460592079969,-0.0177777777777777,-0.0325413302575932,0.0797231833910034,-0.0015378700499807,0.1663360246059207,0.0022145328719723,-0.1537870049980776,0.1537870049980776,-0.1245674740484429,-0.059115724721261,-0.1085121107266436,0.035432525951557,0.1417301038062283,-0.059115724721261,0.1137408688965782,0.1793771626297577,-0.0222068435217224,0.1537870049980776,-0.075355632449058,0.075355632449058,0.0888273740868896,-0.075355632449058,0.0074432910419069,0.0888273740868896,-0.059115724721261,0.16,0.035432525951557,-0.16,-0.0415840061514801,-0.1929104190695886,-0.0325413302575932,-0.1085121107266436,0.000553633217993,-9.838562411804306,-18.8142570726353,-8.511764926398973,-16.874410888732193,0.225143551826477,-0.2837238609790802,-0.1108490601181984,0.3719412684440613,-0.3909448087215423,-0.4872062802314758,0.7410662174224854,-0.6160957217216492,-0.4787744581699371,0.630791187286377,-0.6226950287818909,-0.5559265613555908,223.78428649902344,0.072098359465599
EXPA-027,108.748491,23.02968,w3,10,core,m3a,M3A-w3-0770,否,裸地,低,均匀浅褐面，无纹理,judge_A_00.csv,False,22,0.0888273740868896,0.075355632449058,0.2141330257593233,0.075355632449058,0.059115724721261,-0.059115724721261,-0.2761399461745483,0.1245674740484429,-0.0448442906574394,0.0629911572472126,-0.075355632449058,0.2364628988850442,-0.2761399461745483,0.0553633217993079,-0.1034063821607074,-0.0325413302575932,-0.075355632449058,0.0629911572472126,-0.059115724721261,-0.0271280276816609,-0.17279507881584,0.0415840061514801,0.0797231833910034,-0.16,-0.0415840061514801,0.0138408304498269,-0.0061514801999231,-0.0797231833910034,-0.1663360246059207,0.1245674740484429,0.1245674740484429,0.17279507881584,0.1998615916955017,0.0415840061514801,-0.2441522491349481,0.1476970396001538,-0.1476970396001538,-0.2069357939254133,-0.0448442906574394,0.059115724721261,-0.01039600153787,0.1085121107266436,-0.0384467512495194,0.1998615916955017,0.0039369473279507,0.16,-0.0553633217993079,0.1417301038062283,0.035432525951557,0.0271280276816609,0.0553633217993079,-0.2069357939254133,0.0222068435217224,0.0022145328719723,-0.0009842368319876,-0.2519646289888504,-0.0888273740868896,-0.0088581314878892,-0.0984236831987697,-0.2141330257593233,-0.0222068435217224,-0.0984236831987697,-0.1137408688965782,-0.0669896193771626,-10.17172537512688,-19.94289176986864,-9.56425706281408,-15.127327934433678,,,,,,,,,,,,,,
EXPA-028,109.630547,25.385332,w3,10,core,m3a,M3A-w3-0745,否,裸地,中,土路交叉口，路面裸土,judge_A_00.csv,False,22,0.0039369473279507,0.0553633217993079,0.2069357939254133,-0.0797231833910034,0.0448442906574394,0.186082276047674,-0.2441522491349481,0.0984236831987697,-0.0271280276816609,0.1537870049980776,0.0517339484813533,-0.0669896193771626,-0.2288965782391388,0.0842137639369473,-0.0482276047673971,-0.0517339484813533,-0.0325413302575932,0.0177777777777777,-0.1358861976163014,-0.1358861976163014,-0.292871972318339,0.1085121107266436,-0.1085121107266436,-0.17279507881584,-0.1537870049980776,0.1034063821607074,-0.1301653210303729,-0.0935640138408304,-0.0222068435217224,0.1085121107266436,-0.0246059207996924,0.0074432910419069,-0.0271280276816609,0.0448442906574394,-0.0984236831987697,0.186082276047674,-0.1929104190695886,0.0984236831987697,-0.1245674740484429,0.0384467512495194,0.0448442906574394,0.1085121107266436,-0.0384467512495194,0.2069357939254133,-0.01039600153787,0.1929104190695886,0.0222068435217224,0.2214532871972318,0.0984236831987697,-0.0177777777777777,-0.0271280276816609,-0.0297731641676278,0.0669896193771626,0.1301653210303729,0.1663360246059207,-0.1537870049980776,-0.1476970396001538,0.0030142252979623,0.0517339484813533,-0.17279507881584,-0.0984236831987697,-0.2599000384467512,0.1537870049980776,0.0629911572472126,-9.130675763252915,-16.55953882437875,-8.458646366991793,-13.52806597293007,0.4231323003768921,-0.4836557805538177,-0.5321849584579468,0.6245580315589905,-0.5441491007804871,-0.5033289194107056,0.5055611729621887,-0.5078480839729309,-0.4505370259284973,0.6954055428504944,-0.6488760113716125,-0.5100076794624329,210.1763610839844,0.1212689951062202
EXPA-029,108.250465,32.684054,w2,10,core,m3a,M3A-w2-0366,是,常绿阔叶林,低,影像暗，深绿冠层,judge_A_00.csv,False,4,-0.0325413302575932,0.0448442906574394,0.075355632449058,0.1190926566705113,0.0199307958477508,-0.1085121107266436,-0.2214532871972318,0.3014225297962323,0.1358861976163014,0.1301653210303729,0.075355632449058,-0.0271280276816609,-0.1358861976163014,-0.059115724721261,-0.0325413302575932,-0.075355632449058,0.0553633217993079,0.0553633217993079,-0.2844444444444444,-0.0935640138408304,-0.0415840061514801,0.0711111111111111,-0.1476970396001538,-0.0177777777777777,0.0935640138408304,0.0797231833910034,-0.0325413302575932,-0.1301653210303729,0.1358861976163014,0.1476970396001538,-0.1085121107266436,-0.0384467512495194,0.0517339484813533,0.1137408688965782,0.0138408304498269,-0.1476970396001538,-0.1998615916955017,-0.0325413302575932,0.0629911572472126,-0.1358861976163014,0.0120569011918492,0.1537870049980776,0.0177777777777777,0.0517339484813533,-0.1085121107266436,0.0669896193771626,0.1358861976163014,0.2519646289888504,0.186082276047674,0.0669896193771626,-0.0629911572472126,-0.0669896193771626,0.0177777777777777,0.2214532871972318,0.186082276047674,-0.1085121107266436,0.0088581314878892,-0.1190926566705113,-0.1929104190695886,-0.035432525951557,-0.1417301038062283,-0.2599000384467512,0.0517339484813533,0.1537870049980776,-3.074906663603127,-10.132306610039656,-2.6573778169786726,-9.351544645985966,0.3541927337646484,-0.3868831396102905,-0.409221887588501,0.4515181183815002,-0.4141221344470978,-0.5030351877212524,0.8417466282844543,-0.7312418222427368,-0.5772157311439514,0.7579383254051208,-0.7363636493682861,-0.6561944484710693,520.2569580078125,0.4637167751789093
EXPA-030,108.026785,31.858322,w2,10,core,m3a,M3A-w2-0403,否,常绿灌丛,低,细密绿被，疑灌草丛,judge_A_00.csv,False,9,0.0629911572472126,0.0842137639369473,0.1417301038062283,0.0935640138408304,0.0888273740868896,0.0517339484813533,-0.292871972318339,0.186082276047674,0.0138408304498269,0.1245674740484429,-0.0222068435217224,0.1085121107266436,-0.2364628988850442,-0.0415840061514801,-0.0271280276816609,-0.17279507881584,-0.0669896193771626,0.0030142252979623,-0.1476970396001538,0.0177777777777777,-0.17279507881584,0.0297731641676278,-0.0325413302575932,-0.0935640138408304,0.0157477893118031,0.0049826989619377,-0.0935640138408304,-0.186082276047674,0.0177777777777777,0.17279507881584,0.0061514801999231,0.1417301038062283,0.1301653210303729,0.0935640138408304,-0.2519646289888504,0.1417301038062283,-0.1663360246059207,-0.1998615916955017,-0.0984236831987697,0.1417301038062283,0.01039600153787,0.2844444444444444,-0.0415840061514801,0.0984236831987697,0.0074432910419069,0.1476970396001538,0.0177777777777777,0.0297731641676278,0.1190926566705113,0.0415840061514801,-0.0061514801999231,-0.1085121107266436,0.0935640138408304,0.075355632449058,-0.0415840061514801,-0.2214532871972318,-0.1301653210303729,-0.0448442906574394,-0.2364628988850442,-0.1137408688965782,-0.1417301038062283,-0.1663360246059207,-0.0888273740868896,0.0271280276816609,-13.733693658510044,-19.15096963776677,-11.646265230243564,-17.954932445483976,0.7086743116378784,-0.6677316427230835,-0.4710743725299835,0.7271341681480408,-0.586834728717804,-0.484040230512619,0.8514090776443481,-0.6964006423950195,-0.520197868347168,0.826259970664978,-0.7320754528045654,-0.5952494144439697,832.0411376953125,0.1987958550453186
EXPA-031,107.502079,33.609229,w2,10,core,m3a,M3A-w2-0360,是,常绿阔叶林,低,绿冠层夹大块阴影,judge_A_00.csv,False,4,-0.0325413302575932,0.0842137639369473,0.0482276047673971,0.0797231833910034,0.0935640138408304,-0.0669896193771626,-0.1085121107266436,0.3100961168781238,0.1537870049980776,0.1998615916955017,0.1929104190695886,-0.0842137639369473,-0.1190926566705113,-0.0553633217993079,-0.1929104190695886,-0.0629911572472126,-0.1358861976163014,0.0415840061514801,-0.2519646289888504,-0.1793771626297577,0.0120569011918492,0.1358861976163014,-0.1085121107266436,-0.0384467512495194,0.1245674740484429,-0.0061514801999231,-0.1137408688965782,-0.0448442906574394,0.0448442906574394,0.1537870049980776,-0.1417301038062283,0.0842137639369473,-0.0120569011918492,0.1476970396001538,0.0888273740868896,-0.1301653210303729,-0.2761399461745483,-0.1137408688965782,-0.035432525951557,-0.2214532871972318,0.0246059207996924,0.0711111111111111,0.0669896193771626,-0.0049826989619377,-0.0935640138408304,0.0177777777777777,0.075355632449058,0.0448442906574394,0.2069357939254133,-0.0384467512495194,-0.0384467512495194,-0.0222068435217224,0.0797231833910034,0.17279507881584,0.059115724721261,-0.1034063821607074,0.0199307958477508,-0.0797231833910034,-0.2599000384467512,-0.0711111111111111,-0.1663360246059207,-0.1998615916955017,-0.035432525951557,0.0935640138408304,,,,,0.3928946852684021,-0.4489394128322601,-0.4508607685565948,0.5275937914848328,-0.5197657346725464,-0.5454965233802795,0.8602794408798218,-0.7555921673774719,-0.54131680727005,0.6991549134254456,-0.7190082669258118,-0.5501824617385864,1301.914306640625,0.257084310054779
EXPA-032,108.248848,24.318942,w3,10,core,m3a,M3A-w3-0719,否,常绿灌丛,低,暗褐斑与浅绿混生，疑灌草,judge_A_00.csv,False,9,0.0629911572472126,-0.1034063821607074,0.1358861976163014,0.0448442906574394,0.0199307958477508,-0.0842137639369473,-0.3188927335640138,0.2288965782391388,0.0246059207996924,0.1301653210303729,-0.0711111111111111,0.075355632449058,-0.2214532871972318,-0.0199307958477508,0.0177777777777777,-0.0629911572472126,0.1137408688965782,0.16,-0.0797231833910034,-0.1190926566705113,-0.186082276047674,0.17279507881584,-0.0842137639369473,-0.16,-0.0297731641676278,0.16,0.0384467512495194,-0.0797231833910034,0.0177777777777777,0.1245674740484429,0.0553633217993079,-0.0553633217993079,0.0669896193771626,0.1358861976163014,-0.1417301038062283,-0.059115724721261,-0.0888273740868896,-0.0553633217993079,0.0669896193771626,-0.01039600153787,0.1358861976163014,0.1793771626297577,0.0222068435217224,0.1417301038062283,-0.0669896193771626,0.0030142252979623,-0.0222068435217224,0.4035986159169549,0.1137408688965782,0.0415840061514801,0.0009842368319876,-0.1417301038062283,0.0842137639369473,0.1137408688965782,0.186082276047674,-0.0842137639369473,-0.0984236831987697,-0.075355632449058,0.0177777777777777,-0.0246059207996924,0.0669896193771626,-0.2441522491349481,0.1358861976163014,0.1034063821607074,-6.968202878799104,-12.784208769516065,-4.35312301542106,-8.957363704126495,0.690227210521698,-0.6215187907218933,-0.5029532313346863,0.7106223702430725,-0.6041435599327087,-0.461364209651947,0.7238290905952454,-0.5933080315589905,-0.4280863404273987,0.8524064421653748,-0.7329902648925781,-0.5853496193885803,232.7959442138672,0.1467764973640442
EXPA-033,122.805329,46.728495,w1,10,edge,m3a,M3A-w1-0202,否,灌木园地,低,匀质深绿大块，疑茶园,judge_A_00.csv,False,2,-0.0325413302575932,-0.0138408304498269,0.1793771626297577,-0.1245674740484429,-0.075355632449058,-0.0711111111111111,-0.1793771626297577,0.4237754709727028,0.0888273740868896,-0.0157477893118031,0.3014225297962323,-0.1137408688965782,0.0325413302575932,0.0553633217993079,-0.1663360246059207,0.1537870049980776,-0.0297731641676278,-0.0797231833910034,-0.186082276047674,0.000553633217993,0.1358861976163014,-0.0448442906574394,0.0842137639369473,-0.0030142252979623,0.1358861976163014,0.186082276047674,0.0553633217993079,0.0669896193771626,0.2679584775086506,0.0517339484813533,-0.035432525951557,0.059115724721261,-0.0984236831987697,0.0222068435217224,0.0199307958477508,0.1476970396001538,-0.0482276047673971,-0.1301653210303729,0.0199307958477508,-0.1358861976163014,-0.1137408688965782,-0.1190926566705113,0.0448442906574394,-0.0177777777777777,-0.1085121107266436,0.1034063821607074,0.1929104190695886,-0.2141330257593233,0.0888273740868896,-0.0669896193771626,0.0888273740868896,-0.0022145328719723,-0.0517339484813533,0.0157477893118031,0.0415840061514801,0.1793771626297577,0.1537870049980776,-0.0157477893118031,-0.0842137639369473,-0.059115724721261,-0.1929104190695886,0.0022145328719723,-0.1137408688965782,0.0138408304498269,,,,,0.0790909081697464,-0.1088276505470275,0.5936521291732788,0.388717383146286,-0.52059006690979,-0.6097072958946228,0.8267716765403748,-0.7648686170578003,-0.6722891330718994,0.420624166727066,-0.5102776885032654,-0.567240297794342,233.257568359375,0.1581123173236847
EXPA-034,113.910121,23.418291,w3,10,core,m3a,M3A-w3-0746,否,常绿灌丛,低,细密绿被夹浅色斑,judge_A_00.csv,False,9,-0.0157477893118031,-0.0842137639369473,0.1034063821607074,0.1137408688965782,0.0325413302575932,-0.0199307958477508,-0.292871972318339,0.0888273740868896,-0.0002460592079969,0.1034063821607074,-0.0138408304498269,0.059115724721261,-0.3188927335640138,-0.0517339484813533,-0.0415840061514801,-0.0222068435217224,-0.0157477893118031,0.0482276047673971,-0.075355632449058,-0.1190926566705113,-0.1537870049980776,0.1034063821607074,0.075355632449058,-0.17279507881584,-0.0157477893118031,0.1417301038062283,-0.0325413302575932,-0.0482276047673971,-0.0888273740868896,0.1417301038062283,0.16,0.0039369473279507,0.1998615916955017,0.0325413302575932,-0.2141330257593233,0.059115724721261,-0.1034063821607074,-0.0088581314878892,0.0271280276816609,-0.0271280276816609,0.1137408688965782,0.0177777777777777,0.0074432910419069,0.2844444444444444,0.0797231833910034,0.0088581314878892,-0.0271280276816609,0.2288965782391388,0.2599000384467512,0.0842137639369473,-0.0325413302575932,-0.1245674740484429,0.0049826989619377,0.2069357939254133,0.1358861976163014,-0.2214532871972318,-0.1245674740484429,-0.0177777777777777,-0.0325413302575932,-0.1301653210303729,0.0246059207996924,-0.2599000384467512,0.0517339484813533,0.1137408688965782,-8.799314821302348,-14.7865241622834,-7.21432712013992,-13.43630081994874,0.7826478481292725,-0.6941512227058411,-0.5127272605895996,0.763552725315094,-0.6205882430076599,-0.4323432445526123,0.7884103059768677,-0.6618527173995972,-0.438794732093811,0.7924473881721497,-0.7096508145332336,-0.5777689218521118,36.44467544555664,0.12428018450737
EXPA-035,122.217561,46.105962,w1,10,edge,m3a,M3A-w1-0203,否,乔木园地,中,果树成行，行间露地,judge_A_00.csv,False,2,-0.059115724721261,0.0448442906574394,0.2288965782391388,-0.1245674740484429,-0.1085121107266436,-0.0246059207996924,-0.3278123798539023,0.3742560553633218,0.0669896193771626,-0.0888273740868896,0.2214532871972318,-0.0669896193771626,0.0517339484813533,0.075355632449058,-0.1034063821607074,0.1245674740484429,0.0061514801999231,0.0448442906574394,-0.2141330257593233,0.0935640138408304,0.0888273740868896,-0.0448442906574394,0.1793771626297577,0.035432525951557,0.0517339484813533,0.2519646289888504,0.1137408688965782,-0.0629911572472126,0.1998615916955017,0.0246059207996924,-0.0448442906574394,0.0711111111111111,-0.0271280276816609,0.0157477893118031,-0.0039369473279507,0.1663360246059207,-0.0199307958477508,-0.0482276047673971,0.0842137639369473,-0.16,-0.0157477893118031,-0.0797231833910034,0.0325413302575932,-0.0482276047673971,-0.1301653210303729,0.1663360246059207,0.2441522491349481,-0.1476970396001538,0.059115724721261,-0.0711111111111111,0.1417301038062283,-0.0088581314878892,-0.059115724721261,0.0517339484813533,0.0669896193771626,0.075355632449058,0.0629911572472126,-0.01039600153787,-0.0797231833910034,-0.1301653210303729,-0.1998615916955017,-0.01039600153787,-0.1358861976163014,-0.0246059207996924,,,,,0.1015732362866401,-0.1643525958061218,0.3635405600070953,0.2333614081144333,-0.397613376379013,-0.4795339703559875,0.7592915892601013,-0.6739435791969299,-0.5057092905044556,0.3740640878677368,-0.4719281494617462,-0.4424119293689728,342.8488464355469,0.1581123173236847
EXPA-036,125.958415,43.1585,w1,10,core,m3a,M3A-w1-0013,否,草地,低,条纹坡面疑牧道梯纹，无树冠,judge_A_00.csv,False,11,-0.1301653210303729,-0.0120569011918492,0.1417301038062283,-0.0517339484813533,-0.0669896193771626,-0.2364628988850442,-0.17279507881584,0.4444444444444444,0.1998615916955017,0.0120569011918492,0.2844444444444444,-0.0935640138408304,-0.0074432910419069,-0.0482276047673971,-0.1476970396001538,0.0797231833910034,0.0157477893118031,0.0384467512495194,-0.2844444444444444,-0.1034063821607074,0.1034063821607074,-0.0482276047673971,0.0271280276816609,0.0246059207996924,0.1358861976163014,0.1476970396001538,-0.0415840061514801,-0.0030142252979623,0.2214532871972318,0.0888273740868896,-0.0629911572472126,-0.0246059207996924,0.0553633217993079,0.17279507881584,0.0797231833910034,0.0448442906574394,-0.01039600153787,-0.0669896193771626,0.1245674740484429,-0.1537870049980776,0.0030142252979623,-0.059115724721261,0.1034063821607074,0.0199307958477508,-0.1358861976163014,0.0842137639369473,0.2214532871972318,0.0271280276816609,0.0935640138408304,-0.0629911572472126,0.0711111111111111,0.0120569011918492,-0.075355632449058,0.1301653210303729,0.0984236831987697,0.1034063821607074,0.1301653210303729,-0.059115724721261,-0.0669896193771626,-0.0120569011918492,-0.1793771626297577,0.0061514801999231,-0.0629911572472126,0.0711111111111111,-13.54317083101304,-19.79001882612244,-8.434487946952881,-16.529588099366972,0.068301223218441,-0.0107705052942037,0.2394463717937469,0.4510357677936554,-0.4774688482284546,-0.5618970990180969,0.8669033050537109,-0.7868365049362183,-0.6151782274246216,0.6639999747276306,-0.6189509034156799,-0.6492211818695068,416.5643005371094,0.072098359465599
EXPA-037,109.25056,32.606709,w2,10,core,m3a,M3A-w2-0396,是,常绿阔叶林,低,密绿成片，疑阔叶冠层,judge_A_00.csv,False,4,-0.0517339484813533,0.0384467512495194,0.075355632449058,0.1137408688965782,0.0448442906574394,-0.0888273740868896,-0.2288965782391388,0.2141330257593233,0.1663360246059207,0.1245674740484429,0.1301653210303729,0.0448442906574394,-0.1245674740484429,-0.0711111111111111,-0.1417301038062283,-0.075355632449058,-0.1190926566705113,0.0797231833910034,-0.2679584775086506,-0.1476970396001538,-0.0711111111111111,-0.0157477893118031,0.0039369473279507,-0.0517339484813533,0.0384467512495194,0.1537870049980776,-0.1190926566705113,-0.1301653210303729,0.1085121107266436,0.16,-0.1085121107266436,0.1793771626297577,0.1190926566705113,0.1417301038062283,0.000553633217993,0.0074432910419069,-0.3014225297962323,-0.0842137639369473,0.0711111111111111,-0.0888273740868896,0.0669896193771626,0.035432525951557,0.059115724721261,0.0482276047673971,-0.0842137639369473,0.0297731641676278,0.0629911572472126,0.2069357939254133,0.1417301038062283,0.0002460592079969,0.0842137639369473,-0.0271280276816609,0.0448442906574394,0.2441522491349481,0.0246059207996924,-0.2441522491349481,-0.0384467512495194,-0.0888273740868896,-0.2288965782391388,-0.0669896193771626,-0.186082276047674,-0.1663360246059207,0.0271280276816609,0.1085121107266436,-9.682250265627882,-14.475026705840856,-7.73214407600293,-14.879906367084567,0.4368421137332916,-0.4174454808235168,-0.4521484375,0.6293622255325317,-0.5094760060310364,-0.5289078950881958,0.8666666746139526,-0.7622377872467041,-0.5432409644126892,0.7700950503349304,-0.7534246444702148,-0.702786386013031,1075.6588134765625,0.1415318101644516
EXPA-038,112.544861,23.246892,w3,10,core,m3a,M3A-w3-0740,否,常绿灌丛,低,深绿灌团散布草被,judge_A_00.csv,False,9,0.0935640138408304,0.0629911572472126,0.1190926566705113,0.1190926566705113,0.0888273740868896,-0.0842137639369473,-0.2679584775086506,0.1476970396001538,0.0120569011918492,0.0553633217993079,-0.0199307958477508,0.2069357939254133,-0.3014225297962323,0.0246059207996924,-0.1537870049980776,-0.0517339484813533,-0.0629911572472126,0.0138408304498269,-0.1034063821607074,0.0271280276816609,-0.1358861976163014,0.0797231833910034,-0.0039369473279507,-0.1301653210303729,0.0199307958477508,-0.0842137639369473,0.0517339484813533,-0.0177777777777777,-0.2214532871972318,0.0482276047673971,0.2441522491349481,0.186082276047674,0.17279507881584,0.0177777777777777,-0.3188927335640138,0.1929104190695886,-0.186082276047674,-0.1929104190695886,-0.0553633217993079,0.1137408688965782,-0.0246059207996924,0.1034063821607074,0.0711111111111111,0.1476970396001538,0.0177777777777777,0.1245674740484429,-0.0448442906574394,0.0935640138408304,0.0448442906574394,0.035432525951557,0.0039369473279507,-0.2519646289888504,0.035432525951557,0.0120569011918492,-0.0448442906574394,-0.1417301038062283,-0.1085121107266436,-0.0325413302575932,-0.0888273740868896,-0.1137408688965782,-0.0074432910419069,-0.0553633217993079,-0.1663360246059207,-0.0138408304498269,-16.23999868069721,-23.299552380779183,-13.45885577312627,-19.32049846436532,0.8450899124145508,-0.7352845668792725,-0.5795454382896423,0.7537384629249573,-0.6592414379119873,-0.4739776849746704,0.8240485191345215,-0.6893997192382812,-0.5012305378913879,0.8520532846450806,-0.7275494933128357,-0.5380645394325256,247.25473022460935,0.1095963567495346
EXPA-039,112.997882,24.942822,w3,10,core,m3a,M3A-w3-0721,否,草地,低,匀密深绿，疑密草坡,judge_A_00.csv,False,11,0.1358861976163014,0.0797231833910034,0.0049826989619377,0.0271280276816609,0.0711111111111111,-0.0935640138408304,-0.2519646289888504,0.1663360246059207,0.1085121107266436,0.1793771626297577,-0.0448442906574394,0.0384467512495194,-0.2679584775086506,0.0384467512495194,-0.1537870049980776,-0.0088581314878892,-0.0842137639369473,0.16,0.000553633217993,-0.2761399461745483,0.0120569011918492,0.0711111111111111,-0.0482276047673971,-0.1301653210303729,-0.0009842368319876,-0.0177777777777777,-0.0669896193771626,-0.0448442906574394,-0.0482276047673971,0.0984236831987697,0.0415840061514801,-0.0271280276816609,0.1137408688965782,0.1137408688965782,-0.2519646289888504,-0.059115724721261,-0.1417301038062283,-0.1137408688965782,0.0199307958477508,-0.075355632449058,0.0199307958477508,0.1137408688965782,-0.0935640138408304,0.0415840061514801,-0.0935640138408304,0.0384467512495194,-0.0669896193771626,0.4237754709727028,0.0888273740868896,-0.0517339484813533,0.0669896193771626,-0.2599000384467512,0.1245674740484429,0.1137408688965782,0.1137408688965782,-0.1476970396001538,-0.059115724721261,0.0669896193771626,-0.0297731641676278,-0.186082276047674,0.0325413302575932,-0.1301653210303729,0.0297731641676278,0.0842137639369473,-3.958492823897684,-11.576423878298431,-2.6695046920650563,-11.375076339475708,0.8162423968315125,-0.730254054069519,-0.4997858703136444,0.7780219912528992,-0.7139830589294434,-0.5555555820465088,0.8387347459793091,-0.7153223156929016,-0.5087646245956421,0.8551411032676697,-0.7629407644271851,-0.5347809791564941,1383.0460205078125,0.1012971848249435
EXPA-040,105.926074,34.165735,w2,10,core,m3a,M3A-w2-0370,无法判读,无法判读,低,极暗疑云影，无法辨型,judge_A_00.csv,True,0,-0.0711111111111111,-0.0039369473279507,-0.0199307958477508,0.0842137639369473,0.0325413302575932,-0.1793771626297577,-0.1358861976163014,0.2288965782391388,0.1476970396001538,0.1476970396001538,0.2679584775086506,0.0120569011918492,-0.0482276047673971,-0.059115724721261,-0.1929104190695886,-0.0517339484813533,-0.035432525951557,-0.0553633217993079,-0.4237754709727028,-0.17279507881584,0.0074432910419069,-0.1929104190695886,0.0120569011918492,-0.0157477893118031,0.1476970396001538,-0.0517339484813533,-0.0629911572472126,-0.0271280276816609,-0.0297731641676278,0.2141330257593233,-0.1537870049980776,0.1190926566705113,0.1034063821607074,0.075355632449058,-0.0246059207996924,-0.1137408688965782,-0.186082276047674,0.035432525951557,0.0415840061514801,-0.0888273740868896,0.0517339484813533,-0.0553633217993079,0.0629911572472126,0.0517339484813533,-0.1034063821607074,0.0669896193771626,0.1245674740484429,0.0669896193771626,0.1476970396001538,0.0325413302575932,-0.0074432910419069,-0.0138408304498269,0.0842137639369473,0.2441522491349481,0.0935640138408304,-0.0415840061514801,-0.0711111111111111,-0.2069357939254133,-0.2069357939254133,-0.0517339484813533,-0.1417301038062283,-0.0120569011918492,0.0246059207996924,0.1301653210303729,-11.871806554389645,-16.692616966438756,-11.555723671944351,-16.923601511545748,0.2491998225450515,-0.389623612165451,-0.4880546033382416,0.6888346672058105,-0.6287143230438232,-0.5153610110282898,0.8157303333282471,-0.7519806623458862,-0.541120171546936,0.5415730476379395,-0.5093509554862976,-0.6563944816589355,1712.6611328125,0.4573136568069458
EXPA-041,126.209584,43.625534,w1,10,core,m3a,M3A-w1-0018,否,草地,低,干绿草坡夹零星灌,judge_A_00.csv,False,11,-0.0384467512495194,0.01039600153787,0.1537870049980776,-0.1301653210303729,-0.0030142252979623,-0.2141330257593233,-0.1358861976163014,0.4444444444444444,0.16,0.0415840061514801,0.2599000384467512,-0.0553633217993079,-0.035432525951557,-0.0271280276816609,-0.1998615916955017,0.0711111111111111,-0.0297731641676278,0.0120569011918492,-0.2141330257593233,-0.0448442906574394,0.1537870049980776,0.1085121107266436,0.0297731641676278,0.035432525951557,0.1663360246059207,0.035432525951557,-0.0629911572472126,0.1034063821607074,0.1301653210303729,0.0448442906574394,-0.0177777777777777,0.0669896193771626,-0.0384467512495194,0.0482276047673971,0.1301653210303729,0.0935640138408304,-0.0384467512495194,-0.2141330257593233,0.059115724721261,-0.1358861976163014,-0.0553633217993079,-0.0271280276816609,0.1034063821607074,-0.0138408304498269,-0.0935640138408304,0.1245674740484429,0.2364628988850442,-0.2441522491349481,0.0553633217993079,-0.075355632449058,0.0629911572472126,0.0553633217993079,-0.0553633217993079,-0.0074432910419069,-0.0415840061514801,0.1358861976163014,0.1190926566705113,0.0177777777777777,-0.1245674740484429,-0.01039600153787,-0.1793771626297577,0.0246059207996924,-0.1998615916955017,-0.0517339484813533,-13.021153330571504,-18.936855892411103,-6.954071426776517,-15.10731859936737,0.0818160846829414,-0.1176190450787544,0.3883616328239441,0.3830613791942596,-0.4665293395519256,-0.552445113658905,0.7858516573905945,-0.6940699219703674,-0.4362039864063263,0.6298620104789734,-0.6842787861824036,-0.5399149656295776,419.2952575683594,0.0953885614871978
EXPA-042,106.879277,34.073298,w2,10,core,m3a,M3A-w2-0394,否,草地,低,匀质浅绿草被，无树冠,judge_A_00.csv,False,11,-0.0246059207996924,0.0711111111111111,0.0669896193771626,0.0088581314878892,0.0384467512495194,-0.1476970396001538,-0.16,0.3553094963475586,0.0222068435217224,0.1998615916955017,0.059115724721261,-0.0384467512495194,-0.0384467512495194,-0.0384467512495194,-0.2761399461745483,-0.1190926566705113,-0.2441522491349481,0.1137408688965782,-0.292871972318339,-0.0384467512495194,0.0482276047673971,0.1537870049980776,-0.0222068435217224,-0.0246059207996924,0.1137408688965782,-0.186082276047674,-0.0935640138408304,-0.0120569011918492,-0.0984236831987697,0.0797231833910034,-0.0074432910419069,0.1301653210303729,0.035432525951557,0.1358861976163014,-0.0157477893118031,-0.0517339484813533,-0.17279507881584,-0.1998615916955017,-0.0842137639369473,-0.1358861976163014,-0.035432525951557,0.1245674740484429,0.0138408304498269,-0.0448442906574394,-0.0797231833910034,0.1998615916955017,0.17279507881584,-0.0271280276816609,0.0325413302575932,-0.0984236831987697,-0.0120569011918492,-0.0177777777777777,0.1245674740484429,0.0629911572472126,-0.059115724721261,-0.0415840061514801,-0.0177777777777777,-0.0177777777777777,-0.3100961168781238,-0.075355632449058,-0.1301653210303729,-0.035432525951557,-0.1663360246059207,0.0009842368319876,,,,,0.468911349773407,-0.5610687136650085,-0.6261682510375977,0.6635859608650208,-0.5968772172927856,-0.5374592542648315,0.8842931389808655,-0.7696727514266968,-0.6025005578994751,0.547116756439209,-0.6162888407707214,-0.6586368083953857,1922.9110107421875,0.295042484998703
EXPA-043,106.269141,34.355998,w2,10,core,m3a,M3A-w2-0406,否,常绿灌丛,低,灰绿低矮密被，无冠形,judge_A_00.csv,False,9,-0.0325413302575932,6.151480199923106e-05,0.0553633217993079,0.0711111111111111,0.0669896193771626,-0.1417301038062283,-0.1085121107266436,0.2844444444444444,0.0797231833910034,0.1537870049980776,0.2214532871972318,0.0669896193771626,-0.0271280276816609,-0.0448442906574394,-0.2441522491349481,-0.0482276047673971,-0.2519646289888504,0.0482276047673971,-0.3100961168781238,-0.0022145328719723,0.0842137639369473,-6.151480199923106e-05,0.059115724721261,0.0297731641676278,0.1663360246059207,-0.0935640138408304,-0.0517339484813533,-0.0157477893118031,-0.1137408688965782,0.0888273740868896,0.0199307958477508,0.2141330257593233,0.1137408688965782,0.1301653210303729,0.0222068435217224,-0.0009842368319876,-0.186082276047674,-0.2069357939254133,-0.0138408304498269,-0.1034063821607074,-0.0935640138408304,0.0199307958477508,0.0482276047673971,-0.0482276047673971,-0.1245674740484429,0.1476970396001538,0.16,-0.1190926566705113,0.0177777777777777,-0.075355632449058,0.0297731641676278,0.0074432910419069,0.0797231833910034,0.16,-0.0669896193771626,-0.0797231833910034,-0.0384467512495194,-0.1537870049980776,-0.2519646289888504,-0.1245674740484429,-0.2214532871972318,0.1301653210303729,-0.1245674740484429,-0.0061514801999231,,,,,0.3234217762947082,-0.435019850730896,-0.5995781421661377,0.5364396572113037,-0.5255041718482971,-0.4595637917518616,0.8775510191917419,-0.7902702689170837,-0.6090286374092102,0.4478976130485534,-0.5121718645095825,-0.6507176756858826,2245.504638671875,0.295042484998703
EXPA-044,109.549968,32.191687,w2,10,core,m3a,M3A-w2-0379,是,常绿阔叶林,中,深绿密叶冠层+树影,judge_A_00.csv,False,4,-0.0482276047673971,0.0842137639369473,-0.0415840061514801,0.1190926566705113,0.035432525951557,-0.16,-0.1085121107266436,0.2519646289888504,0.1998615916955017,0.1537870049980776,0.17279507881584,-0.0120569011918492,-0.1245674740484429,-0.1085121107266436,-0.1476970396001538,-0.0935640138408304,-0.0711111111111111,0.0120569011918492,-0.3368550557477893,-0.1663360246059207,-0.0297731641676278,0.0049826989619377,-0.0888273740868896,0.0157477893118031,0.1245674740484429,0.1085121107266436,-0.0384467512495194,-0.059115724721261,0.0384467512495194,0.16,-0.1301653210303729,0.1417301038062283,0.0984236831987697,0.1301653210303729,0.1476970396001538,-0.1245674740484429,-0.2069357939254133,-0.0888273740868896,0.1137408688965782,-0.2069357939254133,0.0517339484813533,0.0177777777777777,0.0517339484813533,0.0297731641676278,-0.0325413302575932,0.0177777777777777,0.1301653210303729,0.0935640138408304,0.1245674740484429,0.0177777777777777,0.0049826989619377,-0.0157477893118031,0.0517339484813533,0.2364628988850442,0.1085121107266436,-0.1417301038062283,0.0384467512495194,-0.1537870049980776,-0.2214532871972318,-0.1190926566705113,-0.17279507881584,-0.1358861976163014,-0.0049826989619377,0.1476970396001538,-6.130567976278159,-12.556219339832122,-6.361237357800139,-11.692116865860472,0.2566096484661102,-0.2724409401416778,-0.4443776309490204,0.5412635207176208,-0.4297782480716705,-0.4852240085601806,0.8580645322799683,-0.7419354915618896,-0.5343337655067444,0.6096823215484619,-0.5199999809265137,-0.6002379655838013,1294.8465576171875,0.1415318101644516
EXPA-045,108.97325,35.79483,w2,10,edge,m3a,M3A-w2-0538,否,稀疏植被,低,干黄斑块与灌草混杂,judge_A_00.csv,False,13,-0.0271280276816609,-0.0482276047673971,0.1190926566705113,0.0138408304498269,0.0039369473279507,-0.16,-0.17279507881584,0.2844444444444444,-0.0482276047673971,0.01039600153787,0.1190926566705113,-0.0222068435217224,0.0138408304498269,-0.1301653210303729,-0.0935640138408304,-0.1245674740484429,-0.2069357939254133,0.0888273740868896,-0.3460207612456747,0.1245674740484429,0.0222068435217224,0.0935640138408304,-0.0482276047673971,0.0415840061514801,0.059115724721261,-0.0553633217993079,-0.0517339484813533,-0.1537870049980776,-0.0297731641676278,0.1793771626297577,-0.0061514801999231,0.075355632449058,0.075355632449058,0.1137408688965782,0.075355632449058,0.0935640138408304,-0.1537870049980776,-0.17279507881584,-0.1085121107266436,-0.1417301038062283,-0.0448442906574394,0.0711111111111111,0.0448442906574394,-0.0629911572472126,-0.1301653210303729,0.2761399461745483,0.2679584775086506,-0.1085121107266436,0.0246059207996924,-0.1190926566705113,0.0120569011918492,0.035432525951557,0.035432525951557,0.1358861976163014,-0.0517339484813533,-0.0088581314878892,-0.0842137639369473,-0.1190926566705113,-0.292871972318339,-0.0157477893118031,-0.1245674740484429,-0.0629911572472126,-0.1998615916955017,-0.0325413302575932,-11.018340854366464,-18.39848251787605,-11.64062026568655,-19.8760958139454,0.3676767647266388,-0.498616486787796,-0.6695842742919922,0.361833393573761,-0.4425770342350006,-0.6184084415435791,0.8530287742614746,-0.7301807999610901,-0.5529953837394714,0.4482109248638153,-0.5311099886894226,-0.6405951976776123,1324.8653564453125,0.3070673048496246
EXPA-046,108.01304,32.289783,w2,10,edge,m3a,M3A-w2-0540,是,常绿阔叶林,低,林缘，暗绿冠层约占半,judge_A_00.csv,False,4,-0.0297731641676278,-0.0022145328719723,0.075355632449058,0.1358861976163014,0.1034063821607074,-0.0984236831987697,-0.2519646289888504,0.1245674740484429,0.0138408304498269,-0.0002460592079969,0.1793771626297577,0.075355632449058,-0.17279507881584,-0.0711111111111111,-0.1085121107266436,-0.1793771626297577,-0.01039600153787,-0.0888273740868896,-0.292871972318339,0.0517339484813533,-0.075355632449058,-0.1998615916955017,-0.0448442906574394,-0.1301653210303729,0.1085121107266436,0.0120569011918492,-0.0199307958477508,-0.2069357939254133,-0.0482276047673971,0.1663360246059207,0.0199307958477508,0.1245674740484429,0.1417301038062283,0.075355632449058,-0.2441522491349481,0.075355632449058,-0.186082276047674,-0.0629911572472126,0.0669896193771626,0.0888273740868896,-0.0271280276816609,0.0842137639369473,0.0297731641676278,0.17279507881584,-0.0669896193771626,0.1537870049980776,0.1034063821607074,0.0888273740868896,0.1085121107266436,0.075355632449058,-0.0797231833910034,-0.1417301038062283,0.0711111111111111,0.2519646289888504,0.075355632449058,-0.1301653210303729,-0.1476970396001538,-0.1929104190695886,-0.2141330257593233,-0.1245674740484429,-0.0553633217993079,-0.0669896193771626,-0.0384467512495194,0.0517339484813533,-14.775206207800448,-20.55363207569225,-16.684388465279113,-21.524255851566664,0.5181907415390015,-0.4961240291595459,-0.5470383167266846,0.7032192945480347,-0.483136236667633,-0.4657007157802582,0.865993857383728,-0.7396758794784546,-0.593137264251709,0.7379454970359802,-0.7234927415847778,-0.7112879753112793,883.5664672851562,0.4637167751789093
EXPA-047,122.059907,47.456399,w1,10,edge,m3a,M3A-w1-0207,否,稀疏植被,低,疏树散生裸土，覆盖不足半,judge_A_00.csv,False,13,-0.0842137639369473,0.1034063821607074,0.1998615916955017,-0.1929104190695886,-0.0325413302575932,-0.0157477893118031,-0.3100961168781238,0.4035986159169549,0.0842137639369473,-0.0157477893118031,0.0842137639369473,-0.1417301038062283,0.0711111111111111,-0.0517339484813533,-0.1537870049980776,0.1137408688965782,0.0553633217993079,0.1301653210303729,-0.1476970396001538,0.1137408688965782,0.0199307958477508,0.0448442906574394,0.1793771626297577,0.0384467512495194,0.0629911572472126,-0.0120569011918492,0.0271280276816609,-0.0199307958477508,0.2141330257593233,0.0797231833910034,0.0246059207996924,0.0138408304498269,-0.0711111111111111,0.0888273740868896,-0.0517339484813533,0.2441522491349481,-0.0415840061514801,-0.0271280276816609,0.0177777777777777,-0.0271280276816609,0.0061514801999231,0.0669896193771626,0.0246059207996924,-0.0074432910419069,-0.0297731641676278,0.2761399461745483,0.186082276047674,-0.2069357939254133,-0.0199307958477508,-0.1417301038062283,0.186082276047674,-0.0199307958477508,-0.0935640138408304,-0.0246059207996924,0.0177777777777777,0.0138408304498269,-0.0325413302575932,0.059115724721261,-0.1301653210303729,-0.0797231833910034,-0.16,-0.059115724721261,-0.2069357939254133,-0.1190926566705113,,,,,0.0989102646708488,-0.1599339544773101,0.3751351237297058,0.2815801501274109,-0.4955776035785675,-0.6170905232429504,0.7279999852180481,-0.6733003854751587,-0.6140738129615784,0.4489324986934662,-0.5963127613067627,-0.5853061079978943,557.60498046875,0.287750780582428
EXPA-048,108.069904,31.842422,w2,10,core,m3a,M3A-w2-0363,是,常绿阔叶林,中,"深绿浓密冠层,无地面",judge_A_01.csv,False,4,-0.0049826989619377,0.0711111111111111,0.0222068435217224,0.1663360246059207,0.0711111111111111,-0.0177777777777777,-0.2599000384467512,0.2141330257593233,0.0553633217993079,0.0448442906574394,0.1793771626297577,0.1417301038062283,-0.2069357939254133,-0.0517339484813533,-0.0271280276816609,-0.0711111111111111,0.0120569011918492,-0.0448442906574394,-0.2519646289888504,-0.0061514801999231,-0.1245674740484429,-0.1417301038062283,0.0222068435217224,-0.1034063821607074,0.1476970396001538,0.0384467512495194,-0.0482276047673971,-0.1190926566705113,-0.0448442906574394,0.1998615916955017,-0.0138408304498269,0.16,0.2679584775086506,0.075355632449058,-0.1929104190695886,0.0553633217993079,-0.186082276047674,-0.0384467512495194,-0.0022145328719723,0.0842137639369473,-0.0797231833910034,0.0711111111111111,0.0199307958477508,0.1358861976163014,-0.01039600153787,0.1190926566705113,0.0517339484813533,0.17279507881584,0.2214532871972318,0.1245674740484429,-0.0138408304498269,-0.1663360246059207,0.0669896193771626,0.2069357939254133,0.1537870049980776,-0.1358861976163014,-0.1085121107266436,-0.1537870049980776,-0.1537870049980776,-0.1417301038062283,-0.1137408688965782,-0.0629911572472126,0.0482276047673971,0.035432525951557,-13.013933372643288,-17.32612500397979,-11.872200422900068,-16.98168491331543,0.5913978219032288,-0.5530509352684021,-0.4334975481033325,0.653188169002533,-0.5069463849067688,-0.3303812146186828,0.846936047077179,-0.7143566608428955,-0.5598928332328796,0.7997474074363708,-0.7061741352081299,-0.5548069477081299,802.4522094726562,0.1987958550453186
EXPA-049,106.854483,31.849699,w2,10,edge,m3a,M3A-w2-0547,否,裸地,高,平整阶状裸土面,judge_A_01.csv,False,22,-0.0297731641676278,-0.0553633217993079,0.2214532871972318,-0.0669896193771626,-0.0138408304498269,0.0842137639369473,-0.2844444444444444,0.1137408688965782,-0.059115724721261,0.1190926566705113,-0.186082276047674,0.0022145328719723,-0.1537870049980776,-0.0177777777777777,-0.0984236831987697,-0.2288965782391388,-0.035432525951557,0.3014225297962323,-0.1190926566705113,0.0297731641676278,-0.1476970396001538,0.2679584775086506,-0.1190926566705113,-0.0553633217993079,-0.1085121107266436,0.0138408304498269,-0.0415840061514801,-0.0415840061514801,0.1793771626297577,0.0711111111111111,0.1358861976163014,-0.0199307958477508,0.0297731641676278,0.0517339484813533,-0.1663360246059207,0.0517339484813533,-0.1476970396001538,-0.0984236831987697,0.0049826989619377,0.0271280276816609,-0.035432525951557,0.1793771626297577,-0.1085121107266436,0.0157477893118031,0.0669896193771626,0.2519646289888504,0.0669896193771626,0.2214532871972318,-0.0199307958477508,0.0325413302575932,0.0297731641676278,0.0138408304498269,0.0553633217993079,-0.0842137639369473,0.17279507881584,-0.16,-0.0888273740868896,0.0120569011918492,-0.1301653210303729,-0.0553633217993079,-0.1137408688965782,-0.2599000384467512,0.0120569011918492,-0.0482276047673971,,,,,0.3404093980789184,-0.3780202567577362,-0.4300000071525574,0.3014426827430725,-0.3348909616470337,-0.4054994881153106,0.3574144542217254,-0.3556962013244629,-0.3739237487316131,0.4408060312271118,-0.4193548262119293,-0.4302608668804168,455.64208984375,0.2042314410209655
EXPA-050,109.590392,24.956027,w3,10,core,m3a,M3A-w3-0762,是,常绿阔叶林,低,深暗冠层含重阴影,judge_A_01.csv,False,4,0.0482276047673971,-0.0517339484813533,-0.0002460592079969,0.0517339484813533,0.0448442906574394,-0.1190926566705113,-0.2844444444444444,0.2214532871972318,0.0984236831987697,0.1537870049980776,-0.0271280276816609,0.0120569011918492,-0.1998615916955017,0.0177777777777777,-0.0553633217993079,-0.0797231833910034,0.0177777777777777,0.0984236831987697,-0.1301653210303729,-0.16,-0.0888273740868896,0.1190926566705113,-0.1358861976163014,-0.1190926566705113,-0.0157477893118031,0.1034063821607074,-0.0157477893118031,-0.0797231833910034,0.0415840061514801,0.186082276047674,0.0482276047673971,-0.1034063821607074,0.0553633217993079,0.0711111111111111,-0.2069357939254133,-0.0711111111111111,-0.1998615916955017,-0.0669896193771626,0.1998615916955017,-0.0553633217993079,0.0246059207996924,0.1537870049980776,0.0199307958477508,0.0888273740868896,-0.1190926566705113,0.0039369473279507,0.0049826989619377,0.4237754709727028,0.0448442906574394,-0.035432525951557,0.0088581314878892,-0.17279507881584,0.1034063821607074,0.1034063821607074,0.1793771626297577,-0.1417301038062283,-0.075355632449058,-0.0222068435217224,-0.0517339484813533,-0.1034063821607074,0.01039600153787,-0.2599000384467512,0.059115724721261,0.1358861976163014,-5.453508329478751,-10.353191103082814,-4.551561882139152,-12.379839812480204,0.5929352641105652,-0.5929352641105652,-0.6006600856781006,0.7667219638824463,-0.6289500594139099,-0.5017111301422119,0.7154150009155273,-0.6331138014793396,-0.5272727012634277,0.8005540370941162,-0.7038007974624634,-0.646045446395874,571.15283203125,0.0759070217609405
EXPA-051,123.529461,43.222909,w1,10,edge,m3a,M3A-w1-0199,否,裸地,低,浅色裸面为主夹树丛,judge_A_01.csv,False,22,-0.0448442906574394,-0.1190926566705113,0.2761399461745483,-0.1537870049980776,-0.0888273740868896,0.0415840061514801,-0.16,0.3936947327950788,-0.0138408304498269,-0.0797231833910034,0.2288965782391388,-0.1417301038062283,0.16,0.0842137639369473,-0.0888273740868896,-0.0711111111111111,-0.1301653210303729,0.1190926566705113,-0.1137408688965782,0.0271280276816609,-0.0022145328719723,-0.0120569011918492,0.1034063821607074,-0.035432525951557,0.1137408688965782,0.1663360246059207,0.035432525951557,-0.0138408304498269,0.0553633217993079,0.0415840061514801,-0.0088581314878892,-0.0553633217993079,-0.17279507881584,0.0888273740868896,-0.1190926566705113,0.1417301038062283,-0.1476970396001538,-0.0669896193771626,0.1301653210303729,-0.1034063821607074,0.0222068435217224,-0.0711111111111111,0.075355632449058,-0.0138408304498269,-0.1034063821607074,0.2069357939254133,0.1793771626297577,-0.0553633217993079,0.1034063821607074,-0.1998615916955017,0.1034063821607074,0.1190926566705113,-0.059115724721261,-0.1358861976163014,-0.0022145328719723,0.0711111111111111,0.0984236831987697,0.1476970396001538,-0.1537870049980776,-0.0325413302575932,-0.1190926566705113,-0.0271280276816609,-0.2519646289888504,-0.0325413302575932,-13.875919165692531,-21.82628214019324,-10.325251452597008,-16.900174873843845,0.2758022546768188,-0.4240077435970306,-0.4740331470966339,0.2862453460693359,-0.4238682985305786,-0.4877658486366272,0.7666666507720947,-0.7351815104484558,-0.6072058081626892,0.5966008305549622,-0.6145583391189575,-0.4803203344345093,111.05918884277344,0.0071687358431518
EXPA-052,109.990053,36.024709,w2,10,core,m3a,M3A-w2-0357,否,落叶灌丛,低,"细粒灌草坡,近林缘",judge_A_01.csv,False,10,0.0448442906574394,-0.075355632449058,0.1358861976163014,-0.035432525951557,-0.0120569011918492,-0.059115724721261,-0.16,0.4340484429065744,0.1301653210303729,0.1301653210303729,0.2288965782391388,-0.0246059207996924,-0.0415840061514801,-0.0177777777777777,0.1137408688965782,-0.0517339484813533,-0.1537870049980776,0.0199307958477508,-0.1190926566705113,-0.2599000384467512,0.0009842368319876,-0.0984236831987697,0.0842137639369473,-0.0517339484813533,0.1034063821607074,0.16,-0.1998615916955017,0.0157477893118031,0.1085121107266436,0.1034063821607074,0.0246059207996924,0.1537870049980776,0.1476970396001538,0.1998615916955017,0.16,0.0888273740868896,-0.17279507881584,-0.1245674740484429,0.0711111111111111,-0.0482276047673971,0.0271280276816609,0.0325413302575932,0.0517339484813533,0.075355632449058,-0.1358861976163014,-0.0297731641676278,0.0415840061514801,0.1034063821607074,0.0711111111111111,-0.1034063821607074,0.035432525951557,0.0199307958477508,0.0415840061514801,0.2441522491349481,0.0030142252979623,-0.0517339484813533,-0.0629911572472126,-0.0297731641676278,-0.2519646289888504,0.0246059207996924,-0.17279507881584,-0.0482276047673971,-0.0711111111111111,0.1476970396001538,,,,,0.5617455840110779,-0.584550142288208,-0.492520123720169,0.5507579445838928,-0.4944665729999542,-0.4922187626361847,0.7833276987075806,-0.6404843330383301,-0.4571026861667633,0.581372082233429,-0.6219825148582458,-0.5993467569351196,1251.3092041015625,0.3644647002220154
EXPA-053,110.644655,26.827936,w3,10,core,m3a,M3A-w3-0732,否,草本旱地,低,"枯黄褐田面,无冠层",judge_A_01.csv,False,0,-0.0157477893118031,0.0669896193771626,-0.0222068435217224,0.1793771626297577,0.0842137639369473,-0.0553633217993079,-0.2441522491349481,0.2288965782391388,0.0935640138408304,0.0888273740868896,0.16,0.0553633217993079,-0.2288965782391388,-0.0711111111111111,-0.0984236831987697,-0.0842137639369473,-0.0177777777777777,-0.0030142252979623,-0.2141330257593233,-0.059115724721261,-0.1358861976163014,-0.0246059207996924,-0.0222068435217224,-0.1190926566705113,0.0935640138408304,0.1929104190695886,-0.0271280276816609,-0.0842137639369473,0.0049826989619377,0.186082276047674,-0.01039600153787,0.0199307958477508,0.1929104190695886,0.0517339484813533,-0.1245674740484429,0.0297731641676278,-0.2364628988850442,-0.1085121107266436,0.1190926566705113,-0.0074432910419069,0.0246059207996924,0.0797231833910034,0.0553633217993079,0.16,-0.0517339484813533,0.0009842368319876,0.1034063821607074,0.2069357939254133,0.1190926566705113,0.075355632449058,-0.0415840061514801,-0.0935640138408304,0.0482276047673971,0.2519646289888504,0.1793771626297577,-0.2141330257593233,-0.0842137639369473,-0.075355632449058,-0.0797231833910034,-0.1301653210303729,-0.1190926566705113,-0.2441522491349481,0.0246059207996924,0.17279507881584,-10.5735068729849,-13.437793717710738,-9.097024414765812,-15.56222514599019,0.604519784450531,-0.536884069442749,-0.4947172105312347,0.7269328832626343,-0.6719270348548889,-0.4920421540737152,0.8009478449821472,-0.7028042674064636,-0.568791925907135,0.6844816207885742,-0.6088560819625854,-0.5555555820465088,468.3055419921875,0.1278886348009109
EXPA-054,112.175654,27.738828,w3,10,core,m3a,M3A-w3-0768,是,落叶阔叶林,低,"冠疏色浅,林隙见地",judge_A_01.csv,False,5,0.1034063821607074,-0.1301653210303729,0.0553633217993079,0.0325413302575932,0.0222068435217224,0.0629911572472126,-0.3100961168781238,0.2069357939254133,-0.0009842368319876,0.2364628988850442,-0.0935640138408304,0.1034063821607074,-0.17279507881584,-0.0157477893118031,-0.0297731641676278,-0.1190926566705113,-0.1190926566705113,0.0517339484813533,0.0842137639369473,-0.0448442906574394,-0.17279507881584,0.0271280276816609,0.0669896193771626,-0.1137408688965782,0.0022145328719723,0.2519646289888504,-0.1137408688965782,0.0384467512495194,0.0888273740868896,0.1663360246059207,0.1190926566705113,0.01039600153787,0.059115724721261,0.0088581314878892,-0.1417301038062283,0.1663360246059207,-0.1301653210303729,-0.2069357939254133,0.1998615916955017,0.1663360246059207,0.0553633217993079,0.2288965782391388,0.01039600153787,0.1245674740484429,-0.0177777777777777,-0.0002460592079969,-0.0711111111111111,0.1537870049980776,0.0517339484813533,0.0448442906574394,-0.0517339484813533,-0.0157477893118031,0.0271280276816609,0.1085121107266436,0.0842137639369473,-0.2599000384467512,-0.1137408688965782,0.1301653210303729,-0.1085121107266436,-0.0138408304498269,-0.075355632449058,-0.2214532871972318,-0.0629911572472126,0.1476970396001538,-10.637475439209414,-14.85763980891813,-7.178813511585783,-12.022822264645916,0.7099179625511169,-0.6538045406341553,-0.3834296762943268,0.7789974212646484,-0.686437726020813,-0.5011037588119507,0.7523458003997803,-0.5928411483764648,-0.3324163258075714,0.781352698802948,-0.690136194229126,-0.4142103493213653,111.44611358642578,0.1097791194915771
EXPA-055,105.791597,32.698068,w2,10,core,m3a,M3A-w2-0376,是,常绿阔叶林,低,深绿密冠夹浅色点,judge_A_01.csv,False,4,0.0297731641676278,-0.0246059207996924,0.0022145328719723,0.075355632449058,-0.0177777777777777,-0.0138408304498269,-0.3188927335640138,0.3368550557477893,0.1663360246059207,0.17279507881584,0.0384467512495194,0.0553633217993079,-0.0797231833910034,0.0711111111111111,-0.0517339484813533,-0.0711111111111111,0.0199307958477508,0.059115724721261,-0.1793771626297577,-0.1537870049980776,-0.0888273740868896,-0.1537870049980776,0.0030142252979623,-0.0517339484813533,0.0297731641676278,0.1476970396001538,-0.0553633217993079,-0.059115724721261,0.1301653210303729,0.1998615916955017,-0.059115724721261,0.0553633217993079,0.1085121107266436,0.1245674740484429,-0.0669896193771626,-0.0138408304498269,-0.2519646289888504,-0.0030142252979623,0.1190926566705113,0.0842137639369473,0.0088581314878892,0.0842137639369473,-0.0120569011918492,0.0138408304498269,-0.1358861976163014,0.0384467512495194,-0.1034063821607074,0.3553094963475586,0.0797231833910034,0.0138408304498269,0.0888273740868896,-0.059115724721261,0.0797231833910034,0.1793771626297577,0.1793771626297577,-0.1793771626297577,-0.0517339484813533,0.0061514801999231,-0.186082276047674,-0.0138408304498269,-0.1085121107266436,-0.1301653210303729,0.059115724721261,0.1793771626297577,-8.522043675992537,-11.571644505138938,-7.890605584324684,-12.220185343517748,0.4793459475040436,-0.4518581032752991,-0.2095006108283996,0.763286828994751,-0.6731044054031372,-0.4676761925220489,0.7713184952735901,-0.6355699300765991,-0.4153048098087311,0.7823947668075562,-0.6531440019607544,-0.2589382529258728,988.7239379882812,0.4023927748203277
EXPA-056,112.742401,24.802685,w3,10,core,m3a,M3A-w3-0742,否,草地,低,"细粒绿面,散布小灌点",judge_A_01.csv,False,11,0.0984236831987697,0.1190926566705113,0.1034063821607074,0.1034063821607074,0.1301653210303729,-0.0482276047673971,-0.2141330257593233,0.1245674740484429,0.0271280276816609,0.1476970396001538,0.0482276047673971,-0.0049826989619377,-0.292871972318339,-0.0842137639369473,-0.0797231833910034,-0.1137408688965782,-0.1085121107266436,0.1137408688965782,-0.075355632449058,-0.1998615916955017,-0.2519646289888504,0.16,-0.1137408688965782,-0.1358861976163014,-0.01039600153787,0.0888273740868896,-0.0797231833910034,-0.1476970396001538,-0.0157477893118031,0.1301653210303729,-0.0415840061514801,0.0935640138408304,0.1190926566705113,0.0935640138408304,-0.1663360246059207,0.0517339484813533,-0.16,-0.1245674740484429,-0.0935640138408304,-0.0415840061514801,0.1137408688965782,0.1998615916955017,-0.01039600153787,0.186082276047674,0.0199307958477508,0.0177777777777777,-0.0448442906574394,0.1085121107266436,0.1998615916955017,0.0842137639369473,-0.0517339484813533,-0.1190926566705113,0.0888273740868896,0.1929104190695886,0.0061514801999231,-0.1417301038062283,-0.0888273740868896,-0.075355632449058,-0.0888273740868896,-0.1998615916955017,-0.16,-0.2441522491349481,0.0629911572472126,0.0711111111111111,-7.93238928295232,-12.37682713148262,-5.989947611772284,-13.366538948028662,0.7137647867202759,-0.6720028519630432,-0.6289738416671753,0.7112994194030762,-0.6133155822753906,-0.5270358324050903,0.8181818127632141,-0.6821868419647217,-0.5316511988639832,0.8348624110221863,-0.7280813455581665,-0.5745526552200317,651.7865600585938,0.1012971848249435
EXPA-057,113.899341,24.842839,w3,10,core,m3a,M3A-w3-0759,否,草本旱地,低,"坡面细纹行,无冠形",judge_A_01.csv,False,0,0.0888273740868896,0.0297731641676278,0.1476970396001538,0.1034063821607074,0.1476970396001538,-0.0711111111111111,-0.3014225297962323,0.1663360246059207,0.0138408304498269,0.0246059207996924,-0.0015378700499807,0.1929104190695886,-0.2599000384467512,0.0199307958477508,-0.0711111111111111,-0.0517339484813533,-0.0669896193771626,-0.0246059207996924,-0.1085121107266436,0.0297731641676278,-0.0888273740868896,-0.0030142252979623,-0.0120569011918492,-0.0935640138408304,0.0482276047673971,-0.0797231833910034,0.0297731641676278,-0.0517339484813533,-0.2519646289888504,0.0177777777777777,0.2214532871972318,0.1929104190695886,0.1793771626297577,-0.0297731641676278,-0.3460207612456747,0.1663360246059207,-0.1929104190695886,-0.186082276047674,-0.0120569011918492,0.1476970396001538,-0.0553633217993079,0.1190926566705113,0.0325413302575932,0.0888273740868896,0.0271280276816609,0.16,-0.0384467512495194,0.1301653210303729,0.075355632449058,0.0482276047673971,-0.0222068435217224,-0.2141330257593233,0.0384467512495194,0.059115724721261,-0.0177777777777777,-0.1085121107266436,-0.1245674740484429,-0.0797231833910034,-0.1417301038062283,-0.1085121107266436,0.0222068435217224,-0.0049826989619377,-0.16,-0.0384467512495194,-16.243909906528053,-21.500633863634377,-16.289966657763436,-20.418520496369432,0.8599517345428467,-0.7973333597183228,-0.6421424150466919,0.8528181910514832,-0.7730473875999451,-0.6126741170883179,0.8621026873588562,-0.7459880709648132,-0.549410343170166,0.85940021276474,-0.7779833674430847,-0.6037424206733704,512.7980346679688,0.1822571605443954
EXPA-058,108.54664,32.799667,w2,10,core,m3a,M3A-w2-0362,是,常绿针叶林,低,深绿细密均匀冠面,judge_A_01.csv,False,6,-0.0138408304498269,0.1034063821607074,0.0061514801999231,0.1417301038062283,0.0325413302575932,-0.0888273740868896,-0.1929104190695886,0.2599000384467512,0.17279507881584,0.1034063821607074,0.2214532871972318,0.0482276047673971,-0.16,-0.0415840061514801,-0.1301653210303729,-0.0553633217993079,0.035432525951557,-0.0157477893118031,-0.3742560553633218,-0.1137408688965782,-0.0842137639369473,-0.1476970396001538,-0.0199307958477508,-0.0384467512495194,0.1417301038062283,0.0482276047673971,-0.075355632449058,-0.1034063821607074,0.0482276047673971,0.2288965782391388,-0.16,0.1034063821607074,0.1537870049980776,0.1537870049980776,-0.0553633217993079,-0.0482276047673971,-0.17279507881584,0.0482276047673971,0.0088581314878892,-0.059115724721261,6.151480199923106e-05,0.035432525951557,0.035432525951557,0.0842137639369473,-0.059115724721261,0.0482276047673971,0.0246059207996924,0.1663360246059207,0.1476970396001538,0.0669896193771626,-0.0157477893118031,-0.0629911572472126,0.0935640138408304,0.2519646289888504,0.186082276047674,-0.0935640138408304,-0.0039369473279507,-0.1190926566705113,-0.1476970396001538,-0.0935640138408304,-0.1998615916955017,-0.1034063821607074,0.0517339484813533,0.1663360246059207,-10.05802328402617,-12.557062416038065,-7.189210869255046,-14.435862172848596,0.2366412281990051,-0.2796208560466766,-0.1534653455018997,0.5468607544898987,-0.465727835893631,-0.401288241147995,0.8589975237846375,-0.7491881847381592,-0.5032159090042114,0.7676712274551392,-0.7141339182853699,-0.5982075929641724,1005.0587768554688,0.4637167751789093
EXPA-059,125.569804,43.146912,w1,10,core,m3a,M3A-w1-0011,否,灌木园地,低,"坡面条带,疑茶梯田",judge_A_01.csv,False,2,-0.1137408688965782,-0.059115724721261,0.1358861976163014,-0.0842137639369473,-0.0271280276816609,-0.2214532871972318,-0.186082276047674,0.4340484429065744,0.1245674740484429,-0.0271280276816609,0.2844444444444444,-0.1190926566705113,-0.0482276047673971,-0.0246059207996924,-0.1476970396001538,0.0797231833910034,-0.0325413302575932,0.0039369473279507,-0.2599000384467512,-0.0222068435217224,0.1034063821607074,-0.0222068435217224,0.1417301038062283,-0.0177777777777777,0.0797231833910034,0.2214532871972318,-0.0448442906574394,0.0157477893118031,0.1929104190695886,-0.01039600153787,-0.0448442906574394,0.01039600153787,0.0842137639369473,0.1034063821607074,0.1190926566705113,0.1190926566705113,0.0074432910419069,-0.0797231833910034,0.1301653210303729,-0.1663360246059207,-0.0222068435217224,-0.075355632449058,0.075355632449058,0.0384467512495194,-0.0984236831987697,0.0984236831987697,0.2288965782391388,-0.0517339484813533,0.0984236831987697,-0.0325413302575932,0.1245674740484429,0.0711111111111111,-0.075355632449058,0.1358861976163014,0.0384467512495194,0.1190926566705113,0.1476970396001538,-0.0246059207996924,-0.0669896193771626,-0.0448442906574394,-0.1929104190695886,0.0049826989619377,-0.1137408688965782,-0.0448442906574394,-9.831440006036868,-16.999670393810813,-8.797845128568238,-17.222562884370394,0.113941766321659,-0.1509979814291,0.1837063878774643,0.4240065515041351,-0.4918454885482788,-0.6057276129722595,0.8426754474639893,-0.7530809044837952,-0.5554659366607666,0.6449552774429321,-0.690922737121582,-0.6022205948829651,349.60137939453125,0.072098359465599
EXPA-060,106.091275,31.960191,w2,10,core,m3a,M3A-w2-0368,是,常绿阔叶林,低,"深绿冠层细纹,型存疑",judge_A_01.csv,False,4,0.0482276047673971,0.1034063821607074,0.0157477893118031,0.1034063821607074,0.0711111111111111,0.0088581314878892,-0.3014225297962323,0.17279507881584,0.0553633217993079,0.1663360246059207,0.0415840061514801,0.0984236831987697,-0.2214532871972318,0.0177777777777777,-0.0935640138408304,-0.0888273740868896,-0.0297731641676278,-0.0935640138408304,-0.1358861976163014,-0.0797231833910034,-0.1417301038062283,-0.0984236831987697,0.0177777777777777,-0.1190926566705113,0.0415840061514801,0.0984236831987697,-0.1085121107266436,-0.1137408688965782,0.0797231833910034,0.1998615916955017,0.0120569011918492,0.1034063821607074,0.1476970396001538,0.0711111111111111,-0.1476970396001538,0.0984236831987697,-0.2364628988850442,-0.0448442906574394,0.0553633217993079,0.0984236831987697,0.0271280276816609,0.16,-0.0384467512495194,0.1929104190695886,-0.0629911572472126,0.0711111111111111,0.035432525951557,0.1663360246059207,0.1245674740484429,0.0553633217993079,-0.0074432910419069,-0.16,0.0448442906574394,0.1998615916955017,0.1085121107266436,-0.292871972318339,-0.1793771626297577,-0.059115724721261,-0.1476970396001538,-0.1190926566705113,-0.1034063821607074,-0.2214532871972318,0.0022145328719723,0.1417301038062283,-11.104819079747102,-17.281639329576226,-10.245299527674288,-15.436727990341218,0.6132833361625671,-0.5573940277099609,-0.4719309210777282,0.754170298576355,-0.669451892375946,-0.4671336114406585,0.8318681120872498,-0.7156825065612793,-0.5217485427856445,0.8171641826629639,-0.7410129308700562,-0.5928816795349121,875.89501953125,0.2042314410209655
EXPA-061,113.245278,23.854064,w3,10,core,m3a,M3A-w3-0724,否,草本旱地,低,"杂绿田面,夹暗沟",judge_A_01.csv,False,0,0.0842137639369473,-0.0842137639369473,0.1034063821607074,0.0482276047673971,0.0517339484813533,0.0448442906574394,-0.3368550557477893,0.1358861976163014,-0.0325413302575932,0.1663360246059207,0.0088581314878892,0.1537870049980776,-0.2679584775086506,-0.0325413302575932,-0.0246059207996924,-0.0297731641676278,-0.0711111111111111,-0.0984236831987697,-0.0553633217993079,-0.0049826989619377,-0.17279507881584,0.0199307958477508,0.0629911572472126,-0.2141330257593233,-0.0177777777777777,-0.01039600153787,0.0120569011918492,-0.0384467512495194,-0.1998615916955017,0.17279507881584,0.1663360246059207,0.1085121107266436,0.16,-0.0482276047673971,-0.3460207612456747,0.2069357939254133,-0.1537870049980776,-0.1663360246059207,-0.0629911572472126,0.1034063821607074,0.0297731641676278,0.16,0.0199307958477508,0.2141330257593233,0.1085121107266436,0.0842137639369473,0.01039600153787,0.0246059207996924,0.16,0.059115724721261,-0.0061514801999231,-0.186082276047674,-0.0177777777777777,0.0448442906574394,-0.0138408304498269,-0.1476970396001538,-0.1358861976163014,-0.0030142252979623,-0.0448442906574394,-0.0297731641676278,0.0629911572472126,-0.17279507881584,-0.0448442906574394,-0.0120569011918492,-14.125153933099394,-19.515708079500044,-11.962294390078204,-18.098287667835464,0.8567227721214294,-0.7792007923126221,-0.5713575482368469,0.81357342004776,-0.7056141495704651,-0.5266024470329285,0.7688442468643188,-0.6631230711936951,-0.4777513146400451,0.8828740119934082,-0.7741711139678955,-0.5633265972137451,51.07570266723633,0.12428018450737
EXPA-062,123.963077,43.385414,w1,10,edge,m3a,M3A-w1-0198,是,常绿阔叶林,低,"深绿密冠细斑,疑密灌",judge_A_01.csv,False,4,-0.0553633217993079,-0.0415840061514801,0.2214532871972318,-0.2288965782391388,-0.0888273740868896,-0.0553633217993079,-0.2364628988850442,0.3188927335640138,0.0271280276816609,-0.035432525951557,0.1929104190695886,-0.1085121107266436,0.1537870049980776,0.0482276047673971,-0.1358861976163014,-0.0669896193771626,-0.1085121107266436,-0.059115724721261,-0.1417301038062283,0.0842137639369473,-0.0022145328719723,-0.0842137639369473,0.1301653210303729,0.0009842368319876,0.0157477893118031,0.2069357939254133,0.0842137639369473,-0.0415840061514801,0.2364628988850442,0.0120569011918492,-0.0061514801999231,-0.0842137639369473,-0.059115724721261,0.0448442906574394,-0.0553633217993079,0.2364628988850442,-0.075355632449058,-0.0297731641676278,0.1998615916955017,-0.0984236831987697,-0.0138408304498269,-0.0935640138408304,0.0297731641676278,-0.0482276047673971,-0.0711111111111111,0.17279507881584,0.2599000384467512,0.0199307958477508,0.0711111111111111,-0.1476970396001538,0.1417301038062283,0.1085121107266436,-0.1358861976163014,-0.0711111111111111,0.0797231833910034,0.0384467512495194,0.0984236831987697,0.059115724721261,-0.1417301038062283,-0.17279507881584,-0.2069357939254133,-0.01039600153787,-0.1245674740484429,0.0271280276816609,-18.209206765123977,-22.14169418824961,-9.513128193240409,-15.553379224986523,0.0708290562033653,-0.1059557199478149,0.3687225580215454,0.2471410483121872,-0.3445205390453338,-0.4408413767814636,0.7467470765113831,-0.6150234937667847,-0.4607480466365814,0.3810397684574127,-0.4605433344841003,-0.4538310468196869,158.40695190429688,0.0071687358431518
EXPA-063,106.799237,34.318808,w2,10,core,m3a,M3A-w2-0407,否,水田,低,"平滑浓绿田块,边界直",judge_A_01.csv,False,3,-0.0384467512495194,0.0415840061514801,0.0177777777777777,0.1476970396001538,0.0246059207996924,-0.1537870049980776,-0.1476970396001538,0.3278123798539023,0.17279507881584,0.1190926566705113,0.1998615916955017,0.035432525951557,-0.0984236831987697,-0.1034063821607074,-0.1137408688965782,-0.0157477893118031,-0.0448442906574394,0.0517339484813533,-0.3647212610534409,-0.0888273740868896,0.0415840061514801,-0.0888273740868896,-0.01039600153787,0.0711111111111111,0.1417301038062283,0.0325413302575932,-0.0629911572472126,-0.0797231833910034,0.0629911572472126,0.1929104190695886,-0.1301653210303729,0.0271280276816609,0.186082276047674,0.0984236831987697,0.0669896193771626,-0.1358861976163014,-0.1998615916955017,-0.059115724721261,0.075355632449058,-0.1537870049980776,-0.0157477893118031,-0.0049826989619377,0.0517339484813533,-0.0022145328719723,-0.1190926566705113,0.0842137639369473,0.0984236831987697,0.17279507881584,0.1085121107266436,0.0797231833910034,-0.0297731641676278,-0.0157477893118031,0.0415840061514801,0.2519646289888504,0.1417301038062283,-0.0842137639369473,0.0271280276816609,-0.1793771626297577,-0.2214532871972318,-0.059115724721261,-0.17279507881584,-0.0629911572472126,-0.0088581314878892,0.1190926566705113,,,,,0.2355984896421432,-0.3471229672431946,-0.6373511552810669,0.6736401915550232,-0.5454864501953125,-0.4984496235847473,0.8752935528755188,-0.7825649976730347,-0.5832263827323914,0.6346541047096252,-0.5434368848800659,-0.6728759407997131,1285.347900390625,0.295042484998703
EXPA-064,107.993098,35.762221,w2,10,core,m3a,M3A-w2-0387,是,常绿阔叶林,低,柔绿冠层块斑,judge_A_01.csv,False,4,0.0120569011918492,-0.0797231833910034,0.0629911572472126,-0.0015378700499807,-0.0797231833910034,-0.1085121107266436,-0.1793771626297577,0.4035986159169549,0.0888273740868896,0.0711111111111111,0.2364628988850442,-0.0448442906574394,-0.0177777777777777,-0.035432525951557,0.0384467512495194,-0.0797231833910034,-0.0030142252979623,0.1245674740484429,-0.3839138792772011,-0.1476970396001538,-0.0797231833910034,-0.1085121107266436,-0.0482276047673971,-0.0177777777777777,0.0711111111111111,0.1034063821607074,-0.0222068435217224,-0.0120569011918492,0.0935640138408304,0.2364628988850442,-0.0517339484813533,-0.0138408304498269,0.1663360246059207,0.1998615916955017,0.0629911572472126,-0.0297731641676278,-0.1190926566705113,0.035432525951557,0.0888273740868896,-0.1085121107266436,0.0629911572472126,0.0222068435217224,0.1034063821607074,0.0271280276816609,-0.0888273740868896,0.0517339484813533,0.1301653210303729,0.2069357939254133,0.075355632449058,-0.0482276047673971,0.0384467512495194,0.0088581314878892,0.0711111111111111,0.2069357939254133,0.1137408688965782,0.0325413302575932,-0.0384467512495194,-0.1998615916955017,-0.1793771626297577,0.0297731641676278,-0.1793771626297577,-0.0271280276816609,0.0325413302575932,0.1793771626297577,-8.35269138041977,-14.284835234883683,-7.604988395929878,-11.33543986754234,0.1991462111473083,-0.2861721515655517,-0.4785081148147583,0.3744680881500244,-0.4074074029922485,-0.5066505670547485,0.7785692811012268,-0.6742106676101685,-0.5227179527282715,0.4610052108764648,-0.4506345391273498,-0.5085626244544983,1167.174560546875,0.1495032161474228
EXPA-065,122.210824,47.304674,w1,10,edge,m3a,M3A-w1-0208,否,草地,低,"浅黄绿草面,疏灌点",judge_A_01.csv,False,11,-0.0553633217993079,0.0157477893118031,0.2288965782391388,-0.0711111111111111,-0.0482276047673971,-0.0553633217993079,-0.2761399461745483,0.4136255286428297,0.0629911572472126,-0.0177777777777777,0.2364628988850442,-0.1034063821607074,0.0629911572472126,-0.035432525951557,-0.1190926566705113,0.0517339484813533,0.0415840061514801,0.0384467512495194,-0.2679584775086506,0.1793771626297577,0.0842137639369473,-0.01039600153787,0.1137408688965782,0.0120569011918492,0.1537870049980776,-0.0199307958477508,0.0482276047673971,-0.0088581314878892,0.1537870049980776,0.0842137639369473,0.0711111111111111,0.1537870049980776,-0.0088581314878892,0.1085121107266436,-0.1245674740484429,0.1476970396001538,0.0325413302575932,-0.1476970396001538,0.0222068435217224,-0.0415840061514801,-0.0669896193771626,0.0246059207996924,0.01039600153787,0.0039369473279507,-0.0138408304498269,0.1929104190695886,0.1929104190695886,-0.2679584775086506,0.0415840061514801,-0.0888273740868896,0.0842137639369473,-0.0325413302575932,-0.0888273740868896,-0.0039369473279507,0.0157477893118031,0.0888273740868896,0.0711111111111111,-0.0629911572472126,-0.1663360246059207,-0.0711111111111111,-0.16,0.0222068435217224,-0.2214532871972318,-0.0325413302575932,,,,,0.1469489485025406,-0.2551959156990051,0.0568044483661651,0.3122352361679077,-0.4983639121055603,-0.5806873440742493,0.6662895679473877,-0.5980471968650818,-0.5063291192054749,0.4623718857765198,-0.6125282645225525,-0.5703544616699219,492.2586669921875,0.287750780582428
EXPA-066,112.365378,24.30924,w3,10,core,m3a,M3A-w3-0733,否,草地,低,浅绿草面夹小树丛,judge_A_01.csv,False,11,0.1663360246059207,0.0629911572472126,0.1034063821607074,0.1137408688965782,0.0553633217993079,-0.0448442906574394,-0.2599000384467512,0.0935640138408304,0.0246059207996924,0.186082276047674,-0.059115724721261,0.1417301038062283,-0.2679584775086506,-0.0842137639369473,-0.0061514801999231,-0.0629911572472126,-0.1034063821607074,0.0888273740868896,0.0120569011918492,-0.1663360246059207,-0.1929104190695886,0.0199307958477508,0.01039600153787,-0.035432525951557,-0.035432525951557,0.0935640138408304,-0.1085121107266436,-0.0888273740868896,-0.0669896193771626,0.17279507881584,0.0039369473279507,0.0888273740868896,0.17279507881584,0.0384467512495194,-0.17279507881584,0.1358861976163014,0.0246059207996924,-0.2844444444444444,-0.0553633217993079,0.0888273740868896,0.0517339484813533,0.1929104190695886,-0.0553633217993079,0.16,-0.0030142252979623,0.0711111111111111,-0.1085121107266436,0.0669896193771626,0.1085121107266436,0.0384467512495194,-0.0138408304498269,-0.1476970396001538,0.0384467512495194,0.1301653210303729,0.0222068435217224,-0.2844444444444444,-0.0935640138408304,0.0415840061514801,-0.1085121107266436,-0.292871972318339,-0.1301653210303729,-0.16,-0.0797231833910034,0.0935640138408304,-9.182244486867017,-14.2222812610828,-9.935604000084153,-12.560388967654324,0.8567969799041748,-0.8055835962295532,-0.5817655324935913,0.7748436331748962,-0.5697603225708008,-0.3034825921058655,0.8387243747711182,-0.7002633213996887,-0.4538476169109344,0.8832661509513855,-0.7806633710861206,-0.5058823823928833,731.8696899414062,0.1012971848249435
EXPA-067,109.583924,25.353801,w3,10,edge,m3a,M3A-w3-0868,否,草本旱地,低,梯田绿面含浅行纹,judge_A_01.csv,False,0,-0.0138408304498269,0.0061514801999231,0.16,-0.0061514801999231,0.0669896193771626,0.0629911572472126,-0.3100961168781238,0.1476970396001538,-0.0199307958477508,0.2069357939254133,-0.1929104190695886,0.0325413302575932,-0.2364628988850442,0.0297731641676278,-0.0271280276816609,-0.1034063821607074,-0.0669896193771626,0.17279507881584,-0.0842137639369473,-0.0935640138408304,-0.16,0.2441522491349481,-0.1417301038062283,-0.1137408688965782,-0.0888273740868896,0.1301653210303729,-0.1085121107266436,-0.1301653210303729,0.035432525951557,0.1998615916955017,0.0074432910419069,-0.0088581314878892,-0.0415840061514801,0.059115724721261,-0.1998615916955017,0.075355632449058,-0.0797231833910034,-0.075355632449058,0.0222068435217224,-0.0797231833910034,0.0482276047673971,0.17279507881584,-0.0138408304498269,0.2364628988850442,0.0669896193771626,0.1998615916955017,0.0669896193771626,0.1929104190695886,0.0888273740868896,-0.0074432910419069,-0.0325413302575932,-0.1537870049980776,0.1137408688965782,0.0120569011918492,0.0984236831987697,-0.17279507881584,-0.1663360246059207,0.0553633217993079,-0.059115724721261,-0.1358861976163014,-0.0553633217993079,-0.2069357939254133,0.0669896193771626,-0.0199307958477508,-8.144638755880765,-14.352044474132333,-6.306771321192465,-13.46693283022429,0.7059069871902466,-0.6633986830711365,-0.6115040183067322,0.7419083714485168,-0.68660968542099,-0.6238397359848022,0.7771061658859253,-0.6604306101799011,-0.5457979440689087,0.7978047132492065,-0.7146005630493164,-0.5931937098503113,230.53372192382807,0.1212689951062202
EXPA-068,110.734127,26.364136,w3,10,core,m3a,M3A-w3-0779,否,草地,低,"绿粒面+枯黄块,冠形不明",judge_A_01.csv,False,11,0.1301653210303729,0.0629911572472126,0.0935640138408304,0.0448442906574394,0.0842137639369473,-0.0199307958477508,-0.292871972318339,0.2599000384467512,0.0448442906574394,0.2141330257593233,-0.1476970396001538,0.035432525951557,-0.1793771626297577,0.0669896193771626,-0.059115724721261,-0.0842137639369473,-0.0009842368319876,0.1476970396001538,-0.0325413302575932,-0.1034063821607074,-0.059115724721261,0.186082276047674,-0.1358861976163014,-0.1417301038062283,0.0061514801999231,0.0177777777777777,-0.0177777777777777,-0.035432525951557,0.0553633217993079,0.1358861976163014,0.1301653210303729,-0.0669896193771626,0.035432525951557,0.1190926566705113,-0.2364628988850442,-0.0177777777777777,-0.1301653210303729,-0.1793771626297577,0.0222068435217224,0.0271280276816609,0.0157477893118031,0.2599000384467512,0.0222068435217224,0.0669896193771626,-0.0984236831987697,0.1137408688965782,-0.0325413302575932,0.3188927335640138,0.0271280276816609,-0.0669896193771626,0.0022145328719723,-0.2214532871972318,0.0984236831987697,0.0177777777777777,0.1085121107266436,-0.1476970396001538,-0.0553633217993079,0.0629911572472126,-0.1417301038062283,-0.0935640138408304,-0.0061514801999231,-0.2364628988850442,-0.075355632449058,0.1476970396001538,-4.735172615903695,-11.20020877418606,-1.7549529859138504,-9.157684849019898,,,,,,,,,,,,,,
EXPA-069,106.7227,32.844134,w2,10,core,m3a,M3A-w2-0367,是,常绿阔叶林,低,深绿密冠邻水塘,judge_A_01.csv,False,4,-0.0517339484813533,0.0448442906574394,0.0448442906574394,0.1137408688965782,0.035432525951557,-0.0711111111111111,-0.1998615916955017,0.186082276047674,0.075355632449058,0.1358861976163014,0.1537870049980776,6.151480199923106e-05,-0.1417301038062283,-0.059115724721261,-0.1190926566705113,-0.16,0.0711111111111111,0.0482276047673971,-0.3553094963475586,-0.0842137639369473,-0.0935640138408304,-0.0935640138408304,-0.0935640138408304,-0.1137408688965782,0.0669896193771626,0.059115724721261,0.0074432910419069,-0.1358861976163014,0.1137408688965782,0.16,-0.1476970396001538,0.0297731641676278,0.0842137639369473,0.16,-0.0384467512495194,-0.0517339484813533,-0.0842137639369473,0.0199307958477508,0.0222068435217224,-0.0888273740868896,0.0297731641676278,0.0711111111111111,-0.0222068435217224,0.1537870049980776,-0.0842137639369473,0.0842137639369473,0.1034063821607074,0.2141330257593233,0.1245674740484429,0.1034063821607074,-0.0629911572472126,-0.0984236831987697,0.0711111111111111,0.2599000384467512,0.2599000384467512,-0.1476970396001538,-0.0415840061514801,-0.1793771626297577,-0.17279507881584,-0.1537870049980776,-0.1137408688965782,-0.1793771626297577,0.0797231833910034,0.17279507881584,,,,,0.2406492531299591,-0.1951053738594055,-0.1395348906517028,0.5070836544036865,-0.4519701302051544,-0.5439348220825195,0.8243080377578735,-0.707207202911377,-0.6000000238418579,0.6877358555793762,-0.6182723045349121,-0.6484798192977905,984.6181030273438,0.2869280874729156
EXPA-070,122.966486,43.513424,w1,10,core,m3a,M3A-w1-0005,否,草地,低,"浅灰绿草面,软暗斑",judge_A_01.csv,False,11,-0.0888273740868896,-0.0177777777777777,0.0984236831987697,-0.0384467512495194,-0.0842137639369473,-0.0888273740868896,-0.1537870049980776,0.4035986159169549,0.0448442906574394,-0.1137408688965782,0.3188927335640138,-0.1537870049980776,0.1998615916955017,-0.0271280276816609,-0.1034063821607074,-0.0022145328719723,-0.0935640138408304,0.0157477893118031,-0.186082276047674,0.0271280276816609,-0.0448442906574394,-0.0629911572472126,0.1245674740484429,0.0448442906574394,0.1245674740484429,0.1190926566705113,0.0517339484813533,-0.0199307958477508,0.17279507881584,0.1085121107266436,-0.0177777777777777,-0.0797231833910034,-0.0935640138408304,0.0517339484813533,-0.0271280276816609,0.1476970396001538,-0.1663360246059207,-0.1301653210303729,0.1998615916955017,-0.186082276047674,0.0517339484813533,-0.0711111111111111,0.1358861976163014,-0.0384467512495194,-0.0842137639369473,0.16,0.2141330257593233,-0.0553633217993079,0.1537870049980776,-0.1245674740484429,0.0120569011918492,0.0888273740868896,-0.1190926566705113,-0.0222068435217224,0.0888273740868896,0.0297731641676278,0.0711111111111111,0.0448442906574394,-0.1793771626297577,-0.035432525951557,-0.1929104190695886,-0.0553633217993079,-0.1537870049980776,0.0297731641676278,,,,,0.2328005582094192,-0.3864790797233581,-0.5058230757713318,0.3230769336223602,-0.4506683647632599,-0.5481083989143372,0.7888663411140442,-0.70638108253479,-0.5909656286239624,0.4022092223167419,-0.5397788286209106,-0.5306530594825745,173.4847869873047,0.0418581143021583
EXPA-071,126.373706,43.74492,w1,10,core,m3a,M3A-w1-0017,否,草地,低,"绿斑点面,无冠形",judge_A_01.csv,False,11,-0.059115724721261,0.0384467512495194,0.1663360246059207,-0.1190926566705113,-0.035432525951557,-0.1929104190695886,-0.1998615916955017,0.4656055363321799,0.1537870049980776,0.0517339484813533,0.1663360246059207,-0.0984236831987697,0.01039600153787,-0.075355632449058,-0.2214532871972318,0.0629911572472126,-0.0177777777777777,0.059115724721261,-0.186082276047674,-0.0138408304498269,0.1085121107266436,0.1245674740484429,0.0088581314878892,0.0325413302575932,0.1537870049980776,0.035432525951557,-0.0669896193771626,0.0797231833910034,0.1034063821607074,0.0177777777777777,0.0448442906574394,0.0297731641676278,-0.0482276047673971,0.1358861976163014,0.075355632449058,0.1245674740484429,-0.01039600153787,-0.1929104190695886,0.0629911572472126,-0.0797231833910034,-0.059115724721261,0.0246059207996924,0.0669896193771626,0.0039369473279507,-0.0888273740868896,0.186082276047674,0.2519646289888504,-0.186082276047674,-0.0297731641676278,-0.1137408688965782,0.0711111111111111,0.0088581314878892,-0.0553633217993079,-0.0482276047673971,-0.0271280276816609,0.0935640138408304,0.1190926566705113,0.0984236831987697,-0.186082276047674,-0.035432525951557,-0.1417301038062283,-0.0120569011918492,-0.2599000384467512,-0.0415840061514801,-9.712558669651658,-15.560770150290448,-7.622364895719301,-14.851634573167397,0.1044985130429267,-0.1549373120069503,0.3357442617416382,0.2987387478351593,-0.4632561802864074,-0.5904585123062134,0.8481561541557312,-0.7468436360359192,-0.5371868014335632,0.7011915445327759,-0.7749441862106323,-0.6375769972801208,465.7008972167969,0.0953885614871978
EXPA-072,107.26142,33.955529,w2,10,core,m3a,M3A-w2-0359,否,草本旱地,低,"浅橄榄绿田面,无冠层",judge_A_01.csv,False,0,0.0002460592079969,-0.01039600153787,0.1663360246059207,-0.0030142252979623,0.0669896193771626,-0.0888273740868896,-0.2288965782391388,0.3100961168781238,0.01039600153787,0.16,0.16,0.0030142252979623,-0.0669896193771626,-0.0022145328719723,-0.1929104190695886,-0.0935640138408304,-0.1998615916955017,0.0888273740868896,-0.2519646289888504,0.0002460592079969,0.0199307958477508,-0.0199307958477508,0.1245674740484429,-0.0842137639369473,0.1358861976163014,-0.1998615916955017,-0.0984236831987697,-0.0415840061514801,-0.1190926566705113,0.0888273740868896,0.0448442906574394,0.186082276047674,0.1137408688965782,0.1137408688965782,-0.1663360246059207,0.059115724721261,-0.1190926566705113,-0.2441522491349481,-0.1301653210303729,0.0088581314878892,-0.0935640138408304,0.0797231833910034,-0.0415840061514801,0.0325413302575932,-0.1417301038062283,0.186082276047674,0.1245674740484429,-0.0711111111111111,0.0482276047673971,-0.0271280276816609,0.0325413302575932,-0.0629911572472126,0.075355632449058,0.0888273740868896,-0.0669896193771626,-0.0629911572472126,-0.0629911572472126,-0.0711111111111111,-0.3278123798539023,-0.0797231833910034,-0.1190926566705113,0.059115724721261,-0.17279507881584,-0.0384467512495194,,,,,0.5147286653518677,-0.5828270316123962,-0.5592640042304993,0.5458298921585083,-0.4203338325023651,-0.4251316785812378,0.8955312967300415,-0.781261682510376,-0.5587349534034729,0.638438880443573,-0.6521254777908325,-0.6047247648239136,1952.8896484375,0.257084310054779
EXPA-073,113.716893,24.497078,w3,10,core,m3a,M3A-w3-0760,否,裸地,高,沟蚀浅色裸土,judge_A_01.csv,False,22,0.0553633217993079,0.035432525951557,0.1137408688965782,0.0157477893118031,0.0138408304498269,-0.0009842368319876,-0.3460207612456747,0.2599000384467512,-0.0415840061514801,0.16,-0.2141330257593233,0.0448442906574394,-0.2761399461745483,0.035432525951557,-0.0797231833910034,-0.075355632449058,-0.0797231833910034,0.2214532871972318,-0.0138408304498269,-0.075355632449058,-0.1034063821607074,0.1929104190695886,-0.0935640138408304,-0.0984236831987697,0.0199307958477508,-0.0199307958477508,-0.0517339484813533,-0.0325413302575932,-0.0888273740868896,0.1034063821607074,0.1034063821607074,0.0482276047673971,0.1085121107266436,0.1034063821607074,-0.2679584775086506,0.0297731641676278,-0.0842137639369473,-0.186082276047674,-0.0629911572472126,-0.0177777777777777,-0.0199307958477508,0.2069357939254133,0.0138408304498269,0.1417301038062283,0.0157477893118031,0.1998615916955017,-0.0246059207996924,0.2844444444444444,0.075355632449058,-0.0138408304498269,0.0177777777777777,-0.2069357939254133,0.1245674740484429,-0.0482276047673971,0.059115724721261,-0.1245674740484429,-0.1190926566705113,0.0888273740868896,-0.0297731641676278,-0.0629911572472126,0.0061514801999231,-0.17279507881584,0.0049826989619377,0.0088581314878892,-5.706629985845028,-12.087422503058312,-4.739020897297058,-10.391526345998049,0.6400551795959473,-0.6332940459251404,-0.5047720074653625,0.6644295454025269,-0.6383866667747498,-0.5096652507781982,0.7428808212280273,-0.6230689883232117,-0.3651344180107116,0.8287783861160278,-0.7421581149101257,-0.5517993569374084,384.9820251464844,0.1822571605443954
EXPA-074,113.934106,26.643602,w3,10,core,m3a,M3A-w3-0767,是,常绿阔叶林,低,"深绿斑块冠面,型存疑",judge_A_01.csv,False,4,0.1034063821607074,0.059115724721261,0.0271280276816609,0.0415840061514801,0.0888273740868896,0.0384467512495194,-0.2761399461745483,0.1663360246059207,0.0177777777777777,0.1793771626297577,-0.0246059207996924,0.059115724721261,-0.3014225297962323,0.0157477893118031,-0.0517339484813533,-0.1085121107266436,-0.1085121107266436,-0.0157477893118031,0.0157477893118031,-0.0984236831987697,-0.1190926566705113,0.059115724721261,-0.0553633217993079,-0.16,0.0384467512495194,0.17279507881584,-0.17279507881584,-0.0842137639369473,0.0415840061514801,0.17279507881584,0.0797231833910034,0.1358861976163014,0.0984236831987697,0.0039369473279507,-0.2288965782391388,0.1085121107266436,-0.2519646289888504,-0.1929104190695886,0.0797231833910034,0.0553633217993079,-0.0061514801999231,0.2069357939254133,0.0199307958477508,0.1663360246059207,0.0157477893118031,0.0629911572472126,0.0297731641676278,0.17279507881584,0.1998615916955017,0.0222068435217224,-0.0448442906574394,-0.1793771626297577,0.059115724721261,0.1537870049980776,0.0797231833910034,-0.186082276047674,-0.16,0.0222068435217224,-0.075355632449058,-0.0797231833910034,-0.0517339484813533,-0.2519646289888504,0.0061514801999231,0.0711111111111111,-10.40541654377898,-14.23484224522948,-10.774718178435409,-16.464802860303436,0.7253149151802063,-0.6611893773078918,-0.4732360243797302,0.76372230052948,-0.6162558197975159,-0.4713171124458313,0.8436710834503174,-0.7348474860191345,-0.5521855354309082,0.8149030208587646,-0.7633057832717896,-0.543367326259613,319.9219665527344,0.1839760392904281
EXPA-075,109.698729,33.476368,w2,10,core,m3a,M3A-w2-0386,是,常绿阔叶林,低,"深绿密冠,带枯斑",judge_A_01.csv,False,4,0.0061514801999231,0.0415840061514801,0.1085121107266436,0.0669896193771626,-0.0271280276816609,-0.1245674740484429,-0.2141330257593233,0.3839138792772011,0.0935640138408304,0.1537870049980776,0.0553633217993079,0.0120569011918492,-0.0246059207996924,-0.0482276047673971,-0.0384467512495194,-0.0325413302575932,0.0002460592079969,0.2069357939254133,-0.2288965782391388,-0.1663360246059207,-0.0222068435217224,0.0138408304498269,-0.0842137639369473,0.0415840061514801,0.0888273740868896,0.0517339484813533,-0.0074432910419069,-0.0797231833910034,0.1663360246059207,0.2364628988850442,-0.0984236831987697,0.000553633217993,0.1358861976163014,0.2679584775086506,0.0074432910419069,-0.1085121107266436,-0.0669896193771626,-0.0074432910419069,0.0297731641676278,-0.1190926566705113,0.035432525951557,0.1190926566705113,-0.0157477893118031,-0.0888273740868896,-0.1245674740484429,0.0482276047673971,0.0088581314878892,0.3188927335640138,0.17279507881584,-0.0138408304498269,0.0297731641676278,-0.059115724721261,0.0517339484813533,0.1537870049980776,0.1301653210303729,-0.1301653210303729,0.0061514801999231,-0.1929104190695886,-0.1245674740484429,0.0199307958477508,-0.1663360246059207,-0.1034063821607074,0.0797231833910034,0.1537870049980776,-2.2159800843033564,-6.949479477086088,-0.376944211302572,-6.878313188922499,0.3809971809387207,-0.4128970205783844,-0.4494584798812866,0.7374276518821716,-0.6307435035705566,-0.4538152515888214,0.8368298411369324,-0.7188922762870789,-0.466042160987854,0.7023411393165588,-0.6573056578636169,-0.6003797054290771,1079.580322265625,0.5657371878623962
EXPA-076,106.53082,35.184425,w2,10,edge,m3a,M3A-w2-0548,否,草本旱地,低,"连片绿田,无冠层",judge_A_01.csv,False,0,-0.0669896193771626,-0.1245674740484429,0.1034063821607074,0.0049826989619377,-0.059115724721261,-0.0984236831987697,-0.1793771626297577,0.2441522491349481,-0.0325413302575932,0.1417301038062283,-0.0177777777777777,-0.0984236831987697,0.0325413302575932,-0.0482276047673971,-0.1301653210303729,-0.1663360246059207,-0.2679584775086506,0.0797231833910034,-0.2519646289888504,0.0629911572472126,-0.0517339484813533,0.0842137639369473,0.1034063821607074,0.059115724721261,0.0120569011918492,0.0039369473279507,-0.0415840061514801,-0.1034063821607074,0.0297731641676278,0.1417301038062283,-0.17279507881584,0.0842137639369473,-0.0015378700499807,0.0935640138408304,0.0325413302575932,0.0088581314878892,-0.0517339484813533,-0.1358861976163014,-0.0711111111111111,-0.0935640138408304,0.0888273740868896,0.0669896193771626,-0.0629911572472126,-0.1137408688965782,-0.1663360246059207,0.16,0.292871972318339,-0.1301653210303729,-0.0120569011918492,-0.0935640138408304,0.075355632449058,0.16,0.0711111111111111,0.0984236831987697,-0.0629911572472126,-0.0842137639369473,-0.075355632449058,-0.075355632449058,-0.3936947327950788,-0.075355632449058,-0.17279507881584,-0.1358861976163014,-0.1476970396001538,0.0199307958477508,,,,,0.2849344909191131,-0.4691075384616852,-0.641472339630127,0.3566390573978424,-0.4641734361648559,-0.5394680500030518,0.8668535351753235,-0.7642384171485901,-0.6031215190887451,0.5430307388305664,-0.5820069313049316,-0.6401548981666565,1718.05908203125,0.2894716262817383
EXPA-077,105.835794,33.942863,w2,10,core,m3a,M3A-w2-0395,否,落叶灌丛,低,"绿灌混黄坡,非乔木",judge_A_01.csv,False,10,-0.0517339484813533,0.0842137639369473,0.1034063821607074,0.1476970396001538,0.0797231833910034,-0.1537870049980776,-0.186082276047674,0.2214532871972318,0.0384467512495194,0.0842137639369473,0.1537870049980776,0.0888273740868896,-0.0935640138408304,-0.0482276047673971,-0.2679584775086506,-0.1190926566705113,-0.1476970396001538,-0.0325413302575932,-0.3553094963475586,0.0448442906574394,-0.0553633217993079,-0.0517339484813533,0.0177777777777777,-0.0030142252979623,0.1417301038062283,-0.075355632449058,-0.0199307958477508,-0.1190926566705113,-0.1137408688965782,0.1301653210303729,-0.0074432910419069,0.2214532871972318,0.075355632449058,0.0888273740868896,-0.0888273740868896,0.0074432910419069,-0.2288965782391388,-0.16,-0.035432525951557,0.0088581314878892,-0.059115724721261,0.0935640138408304,-0.0297731641676278,-0.0448442906574394,-0.0669896193771626,0.16,0.1137408688965782,-0.0553633217993079,0.0711111111111111,0.0325413302575932,-0.0325413302575932,-0.0415840061514801,0.0669896193771626,0.1301653210303729,-0.0482276047673971,-0.1793771626297577,-0.0517339484813533,-0.2069357939254133,-0.3014225297962323,-0.1301653210303729,-0.1663360246059207,0.0157477893118031,-0.1358861976163014,0.0061514801999231,-15.085864400451538,-20.43317433705292,-13.126419525988773,-18.89953417096069,0.4157434403896332,-0.4795856177806854,-0.5538139939308167,0.5833951234817505,-0.5495103597640991,-0.5154116153717041,0.8933675289154053,-0.7888177037239075,-0.5699682831764221,0.6299765706062317,-0.6338028311729431,-0.5733466148376465,1506.9713134765625,0.2591349184513092
EXPA-078,125.215958,44.148353,w1,10,edge,m3a,M3A-w1-0197,否,不透水面,低,灰白堤路面占框内,judge_A_01.csv,False,21,-0.0629911572472126,-0.0888273740868896,0.1793771626297577,-0.1085121107266436,-0.1034063821607074,-0.1190926566705113,-0.2441522491349481,0.4444444444444444,0.0157477893118031,-0.0842137639369473,0.2214532871972318,-0.1137408688965782,0.0984236831987697,0.0482276047673971,-0.0888273740868896,-0.0088581314878892,-0.1476970396001538,0.0888273740868896,-0.1085121107266436,0.0797231833910034,-0.0246059207996924,-0.059115724721261,0.1998615916955017,-0.0157477893118031,0.0553633217993079,0.2141330257593233,0.059115724721261,-0.0384467512495194,0.1245674740484429,-0.0325413302575932,-0.0384467512495194,-0.0842137639369473,-0.0629911572472126,0.0415840061514801,-0.0088581314878892,0.1663360246059207,-0.059115724721261,-0.0669896193771626,0.1793771626297577,-0.0842137639369473,-0.0222068435217224,-0.059115724721261,-0.0138408304498269,-0.0448442906574394,-0.1245674740484429,0.2141330257593233,0.2288965782391388,-0.0015378700499807,0.0888273740868896,-0.0297731641676278,0.1358861976163014,0.1137408688965782,-0.1245674740484429,-0.0517339484813533,0.0384467512495194,0.0482276047673971,0.1476970396001538,0.0797231833910034,-0.2214532871972318,-0.0984236831987697,-0.1417301038062283,-0.0415840061514801,-0.1793771626297577,-0.0271280276816609,-12.35113892723004,-21.393662590314623,-9.015244665422763,-15.70103975756101,0.2480533868074417,-0.3401015102863312,-0.3434343338012695,0.2995735704898834,-0.411696583032608,-0.4588548541069031,0.7783845067024231,-0.7328456044197083,-0.5549399852752686,0.7535064816474915,-0.7037224173545837,-0.4858769476413727,197.2848052978516,0.0557786747813224
EXPA-079,105.502698,32.110839,w2,10,core,m3a,M3A-w2-0390,否,草本旱地,低,"条行纹绿田,无冠形",judge_A_01.csv,False,0,-0.0246059207996924,0.0088581314878892,0.1417301038062283,0.0246059207996924,0.0297731641676278,0.0629911572472126,-0.3100961168781238,0.292871972318339,0.0448442906574394,0.186082276047674,-0.0448442906574394,-0.0384467512495194,-0.1085121107266436,0.0797231833910034,-0.0222068435217224,-0.1537870049980776,-0.0842137639369473,0.1476970396001538,-0.059115724721261,-0.1034063821607074,-0.2214532871972318,0.1085121107266436,0.0415840061514801,-0.1358861976163014,-0.0629911572472126,0.16,-0.0448442906574394,-0.0384467512495194,0.1663360246059207,0.1301653210303729,-0.0177777777777777,0.0711111111111111,0.0039369473279507,0.186082276047674,-0.0797231833910034,0.0711111111111111,-0.1998615916955017,-0.0246059207996924,0.0448442906574394,0.0553633217993079,0.0629911572472126,0.2214532871972318,-0.075355632449058,0.1034063821607074,-0.0935640138408304,0.075355632449058,-0.075355632449058,0.2069357939254133,0.0797231833910034,0.01039600153787,0.0415840061514801,0.0246059207996924,0.1085121107266436,0.0888273740868896,0.1245674740484429,-0.2214532871972318,-0.1417301038062283,0.0669896193771626,-0.1663360246059207,-0.0984236831987697,-0.1663360246059207,-0.3100961168781238,0.0246059207996924,0.0553633217993079,-6.219940176189416,-14.94545795829725,-5.03419350272994,-11.104513732745184,0.4862316250801086,-0.50957852602005,-0.4865623712539673,0.7233201861381531,-0.6373390555381775,-0.4913468658924103,0.682070255279541,-0.6071653962135315,-0.4594688415527344,0.8213865756988525,-0.7464788556098938,-0.5734597444534302,744.74462890625,0.4023927748203277
EXPA-080,109.113387,32.179021,w2,10,core,m3a,M3A-w2-0369,否,稀疏植被,低,"浅黄绿面夹暗斑,疏植",judge_A_01.csv,False,13,-0.0157477893118031,0.0088581314878892,0.075355632449058,0.1417301038062283,0.0984236831987697,-0.0984236831987697,-0.2069357939254133,0.2214532871972318,0.075355632449058,0.1476970396001538,0.2141330257593233,0.035432525951557,-0.0935640138408304,-0.075355632449058,-0.1137408688965782,-0.16,-0.0842137639369473,-0.1034063821607074,-0.3647212610534409,-0.0061514801999231,-0.0984236831987697,-0.0629911572472126,-0.0138408304498269,-0.1034063821607074,0.0842137639369473,-0.0629911572472126,-0.0669896193771626,-0.1476970396001538,-0.0030142252979623,0.1998615916955017,-0.0888273740868896,0.1358861976163014,0.059115724721261,0.059115724721261,-0.0669896193771626,0.0120569011918492,-0.2288965782391388,-0.0629911572472126,-0.0325413302575932,-0.0384467512495194,-0.0002460592079969,0.1034063821607074,0.0157477893118031,0.0553633217993079,-0.0984236831987697,0.1301653210303729,0.1537870049980776,-0.0711111111111111,0.186082276047674,0.0629911572472126,-0.0669896193771626,-0.0271280276816609,0.0482276047673971,0.2214532871972318,0.0448442906574394,-0.1537870049980776,-0.0984236831987697,-0.2069357939254133,-0.3014225297962323,-0.1034063821607074,-0.1085121107266436,-0.1358861976163014,-0.035432525951557,0.059115724721261,-14.295548620793342,-17.785604348034465,-11.020484387832884,-19.475477407024933,0.4685908257961273,-0.5323294997215271,-0.6448032259941101,0.6343032121658325,-0.5857354998588562,-0.5307977199554443,0.8775332570075989,-0.7699260711669922,-0.5636930465698242,0.7735517024993896,-0.710597813129425,-0.6208277940750122,1116.03515625,0.1415318101644516
EXPA-081,109.233851,36.083459,w2,10,core,m3a,M3A-w2-0410,是,常绿阔叶林,低,"深绿块斑冠层,阔叶感",judge_A_01.csv,False,4,0.0009842368319876,-0.059115724721261,0.0669896193771626,0.0325413302575932,-0.0629911572472126,-0.1663360246059207,-0.1245674740484429,0.3553094963475586,0.0415840061514801,0.1085121107266436,0.2214532871972318,-0.035432525951557,-0.075355632449058,-0.0935640138408304,0.0120569011918492,-0.035432525951557,-0.0138408304498269,0.1085121107266436,-0.3839138792772011,-0.1085121107266436,-0.0384467512495194,-0.0842137639369473,0.0015378700499807,-0.0271280276816609,0.1085121107266436,0.0888273740868896,-0.0888273740868896,-0.075355632449058,0.1476970396001538,0.2141330257593233,-0.1190926566705113,-0.035432525951557,0.186082276047674,0.2069357939254133,0.0629911572472126,-0.0553633217993079,-0.059115724721261,0.0271280276816609,0.0669896193771626,-0.186082276047674,0.075355632449058,0.0199307958477508,0.0842137639369473,0.0482276047673971,-0.075355632449058,0.0842137639369473,0.1245674740484429,0.1663360246059207,0.1190926566705113,0.0448442906574394,0.0061514801999231,0.0177777777777777,0.0517339484813533,0.3014225297962323,0.0984236831987697,-0.01039600153787,-0.0384467512495194,-0.2069357939254133,-0.1476970396001538,-0.0049826989619377,-0.1476970396001538,-0.0669896193771626,-0.0061514801999231,0.1793771626297577,-7.292340497080211,-15.044314088914838,-6.331889315900215,-14.428066665704677,0.2021089643239975,-0.2192513346672058,-0.4183267056941986,0.4447058737277984,-0.3805508613586426,-0.5381391644477844,0.8469574451446533,-0.7004087567329407,-0.4790969789028168,0.4912280738353729,-0.4680483639240265,-0.5757575631141663,1139.6416015625,0.3644647002220154
EXPA-082,109.995443,23.498331,w3,10,core,m3a,M3A-w3-0764,无法判读,无法判读,低,"云雾遮盖,无法分辨",judge_A_01.csv,True,0,0.1301653210303729,0.0629911572472126,-0.075355632449058,0.1245674740484429,0.0015378700499807,-0.0842137639369473,-0.2069357939254133,0.1998615916955017,0.1245674740484429,0.1190926566705113,0.059115724721261,0.0984236831987697,-0.2599000384467512,0.0325413302575932,-0.1417301038062283,0.0120569011918492,0.1301653210303729,0.1245674740484429,-0.2069357939254133,-0.2069357939254133,-0.0629911572472126,0.01039600153787,-0.0888273740868896,-0.0629911572472126,0.059115724721261,0.0797231833910034,0.0888273740868896,-0.0482276047673971,-0.0177777777777777,0.2288965782391388,-0.0271280276816609,-0.0325413302575932,0.1190926566705113,0.1537870049980776,-0.1417301038062283,-0.0669896193771626,-0.0984236831987697,-0.0177777777777777,0.059115724721261,-0.1137408688965782,0.059115724721261,0.0120569011918492,-0.0177777777777777,0.0629911572472126,-0.0015378700499807,-0.0222068435217224,-0.0669896193771626,0.4136255286428297,0.0711111111111111,0.059115724721261,0.0448442906574394,-0.2288965782391388,0.0448442906574394,0.1417301038062283,0.2364628988850442,-0.1190926566705113,0.0271280276816609,-0.0199307958477508,0.0888273740868896,-0.1417301038062283,-0.0157477893118031,-0.0888273740868896,0.0888273740868896,0.2214532871972318,-2.4904862511324453,-9.75412611575864,-0.0065416489938161,-7.545688609295178,,,,,,,,,,,,,,
EXPA-083,105.705897,32.783767,w2,10,core,m3a,M3A-w2-0413,是,常绿阔叶林,低,"河岸林缘,含滩地边",judge_A_01.csv,False,4,-0.0553633217993079,-0.0517339484813533,0.1663360246059207,0.0415840061514801,0.0271280276816609,-0.059115724721261,-0.3100961168781238,0.3553094963475586,-0.0325413302575932,0.16,-0.0797231833910034,-0.075355632449058,-0.0888273740868896,-0.0482276047673971,-0.0797231833910034,-0.186082276047674,-0.0138408304498269,0.1537870049980776,-0.2441522491349481,-0.0138408304498269,-0.0935640138408304,0.1998615916955017,-0.1476970396001538,-0.0629911572472126,0.0120569011918492,-0.0271280276816609,-0.0022145328719723,-0.059115724721261,0.0629911572472126,0.0935640138408304,-0.0271280276816609,-0.0553633217993079,-0.0039369473279507,0.1417301038062283,-0.1245674740484429,-0.075355632449058,-0.1190926566705113,-0.0888273740868896,0.0297731641676278,-0.059115724721261,0.0074432910419069,0.2214532871972318,-0.0629911572472126,0.0553633217993079,-0.0888273740868896,0.17279507881584,0.1034063821607074,0.2214532871972318,0.0984236831987697,0.0074432910419069,-0.0629911572472126,-0.0199307958477508,0.1034063821607074,0.0888273740868896,0.0984236831987697,-0.1190926566705113,-0.0842137639369473,-0.0482276047673971,-0.2679584775086506,0.0797231833910034,-0.1137408688965782,-0.292871972318339,-0.0669896193771626,0.0842137639369473,-2.3192570516556623,-9.312376228483547,-3.410037658296992,-12.859136959499487,0.5055103302001953,-0.5477832555770874,-0.5770559906959534,0.7633587718009949,-0.7319587469100952,-0.5168918967247009,0.8390545845031738,-0.7471264600753784,-0.6117381453514099,0.7098360657691956,-0.6503164768218994,-0.6132983565330505,589.0028076171875,0.4023927748203277
EXPA-084,126.384756,43.780493,w1,10,core,m3a,M3A-w1-0007,是,常绿针叶林,低,深绿细密均匀冠面,judge_A_01.csv,False,6,-0.1085121107266436,-0.0157477893118031,0.1358861976163014,-0.0246059207996924,-0.0797231833910034,-0.1929104190695886,-0.1537870049980776,0.4340484429065744,0.2599000384467512,-0.01039600153787,0.3553094963475586,-0.0888273740868896,0.0088581314878892,-0.0669896193771626,-0.0984236831987697,0.0797231833910034,0.035432525951557,0.0222068435217224,-0.2214532871972318,-0.1358861976163014,0.1190926566705113,-0.0271280276816609,0.0553633217993079,0.0482276047673971,0.1663360246059207,0.1929104190695886,-0.0482276047673971,0.0553633217993079,0.1537870049980776,0.0711111111111111,-0.0157477893118031,0.0711111111111111,0.0711111111111111,0.1137408688965782,0.0984236831987697,-0.0049826989619377,-0.0629911572472126,-0.1301653210303729,0.1245674740484429,-0.1301653210303729,-0.0553633217993079,-0.0888273740868896,0.1245674740484429,-0.0049826989619377,-0.1085121107266436,0.0030142252979623,0.1476970396001538,-0.0415840061514801,0.1190926566705113,-0.0325413302575932,0.0553633217993079,0.0088581314878892,-0.1190926566705113,0.0797231833910034,0.0888273740868896,0.1358861976163014,0.1793771626297577,-0.0120569011918492,-0.1137408688965782,-0.0157477893118031,-0.16,0.0246059207996924,-0.1034063821607074,0.0797231833910034,-12.573753299245787,-20.084351611936047,-10.312503655806871,-18.01869688489669,0.0918406099081039,-0.0655555576086044,0.0218712035566568,0.3213290572166443,-0.4137614667415619,-0.5472099184989929,0.8249036073684692,-0.7144683599472046,-0.5018587112426758,0.630079984664917,-0.6906737685203552,-0.5852247476577759,413.7423706054688,0.0953885614871978
EXPA-085,111.097136,28.565907,w3,10,core,m3a,M3A-w3-0765,否,落叶灌丛,低,"橄榄绿灌点面,非乔木",judge_A_01.csv,False,10,0.0415840061514801,0.1245674740484429,-0.0246059207996924,0.1663360246059207,0.1301653210303729,-0.0415840061514801,-0.2441522491349481,0.2364628988850442,0.1190926566705113,0.0711111111111111,0.1476970396001538,0.1476970396001538,-0.2441522491349481,-0.059115724721261,-0.1245674740484429,-0.0711111111111111,-0.0297731641676278,-0.0297731641676278,-0.2844444444444444,-0.0297731641676278,-0.1245674740484429,-0.0935640138408304,-0.0384467512495194,-0.0415840061514801,0.1476970396001538,0.1301653210303729,-0.0482276047673971,-0.1034063821607074,-0.0517339484813533,0.1929104190695886,-0.0088581314878892,0.2141330257593233,0.1998615916955017,0.0448442906574394,-0.1137408688965782,0.0669896193771626,-0.2679584775086506,-0.1793771626297577,0.0984236831987697,0.0842137639369473,-0.0074432910419069,0.1034063821607074,0.0984236831987697,0.0448442906574394,0.0022145328719723,0.0039369473279507,0.0888273740868896,0.1301653210303729,0.1663360246059207,0.0984236831987697,-0.0157477893118031,-0.1301653210303729,0.0222068435217224,0.17279507881584,0.0935640138408304,-0.1663360246059207,-0.0553633217993079,-0.1417301038062283,-0.1190926566705113,-0.059115724721261,-0.1476970396001538,-0.0935640138408304,-0.0325413302575932,0.0984236831987697,-11.646811375464573,-17.209739969523078,-12.065787594627349,-17.620545928482372,0.5400736331939697,-0.5639919638633728,-0.5142582654953003,0.7746027112007141,-0.6482058167457581,-0.4790455102920532,0.7646791338920593,-0.6779917478561401,-0.5439779162406921,0.7434498071670532,-0.6971307396888733,-0.6051264405250549,437.7901916503906,0.1511860638856887
EXPA-086,113.590231,25.417132,w3,10,core,m3a,M3A-w3-0727,否,落叶灌丛,低,绿灌丛块混裸坡,judge_A_01.csv,False,10,0.0384467512495194,0.0842137639369473,0.16,0.0199307958477508,-0.0138408304498269,-0.0088581314878892,-0.2519646289888504,0.1034063821607074,-0.0517339484813533,0.1085121107266436,-0.1245674740484429,-0.01039600153787,-0.3188927335640138,0.0297731641676278,-0.1137408688965782,-0.2069357939254133,-0.1137408688965782,0.1663360246059207,-0.0711111111111111,-0.0629911572472126,-0.1417301038062283,0.1190926566705113,-0.0797231833910034,-0.1417301038062283,-0.0415840061514801,-0.0074432910419069,-0.0553633217993079,-0.1034063821607074,-0.1358861976163014,0.1476970396001538,0.1245674740484429,0.0888273740868896,0.16,0.0482276047673971,-0.2761399461745483,0.16,-0.1085121107266436,-0.1537870049980776,-0.0629911572472126,0.0271280276816609,-0.059115724721261,0.1190926566705113,-0.1301653210303729,0.1358861976163014,0.0039369473279507,0.17279507881584,0.035432525951557,0.0517339484813533,-0.0177777777777777,-0.0271280276816609,0.0935640138408304,-0.0888273740868896,0.1137408688965782,0.0797231833910034,0.0553633217993079,-0.2214532871972318,-0.1537870049980776,0.059115724721261,-0.0553633217993079,-0.292871972318339,-0.0482276047673971,-0.186082276047674,-0.1034063821607074,-0.0138408304498269,-8.636267747988,-16.001066258265276,-7.468483944582573,-13.784093867041625,0.4132004082202911,-0.4811745584011078,-0.5734597444534302,0.4635102152824402,-0.5273470878601074,-0.6034310460090637,0.4129780828952789,-0.3844210505485534,-0.2606826722621918,0.6921426653862,-0.7021850347518921,-0.5805470943450928,891.76220703125,0.0786903649568557
EXPA-087,107.340921,31.941596,w2,10,core,m3a,M3A-w2-0404,是,常绿阔叶林,低,深绿冠层含浅色隙,judge_A_01.csv,False,4,0.035432525951557,0.0888273740868896,0.0448442906574394,0.1245674740484429,0.0888273740868896,-0.035432525951557,-0.186082276047674,0.2599000384467512,0.1476970396001538,0.1929104190695886,0.0448442906574394,-0.0297731641676278,-0.2364628988850442,0.0120569011918492,-0.1301653210303729,-0.0842137639369473,-0.1245674740484429,0.0384467512495194,-0.0629911572472126,-0.17279507881584,-0.0629911572472126,0.1190926566705113,-0.1034063821607074,-0.1190926566705113,0.035432525951557,0.075355632449058,-0.1476970396001538,-0.0711111111111111,0.1137408688965782,0.0888273740868896,0.0138408304498269,0.0711111111111111,-0.0074432910419069,0.2288965782391388,-0.0888273740868896,-0.0088581314878892,-0.2441522491349481,-0.0935640138408304,0.0517339484813533,-0.0553633217993079,0.01039600153787,0.1793771626297577,0.0088581314878892,0.0935640138408304,-0.1137408688965782,0.0384467512495194,0.0222068435217224,0.2141330257593233,0.1663360246059207,-0.0448442906574394,-0.0553633217993079,-0.16,0.0842137639369473,0.2141330257593233,0.0711111111111111,-0.1998615916955017,-0.0517339484813533,0.0199307958477508,-0.2141330257593233,-0.0935640138408304,-0.1301653210303729,-0.2679584775086506,0.0222068435217224,0.1417301038062283,,,,,0.6271563768386841,-0.5891304612159729,-0.4353995621204376,0.6554192304611206,-0.4976873397827148,-0.4235668778419494,0.8292648196220398,-0.7216176390647888,-0.5461117029190063,0.8366740942001343,-0.7352270483970642,-0.5539143085479736,981.6920776367188,0.1802725493907928
EXPA-088,110.654626,25.694173,w3,10,core,m3a,M3A-w3-0758,否,落叶灌丛,低,深绿灌块与浅面各半,judge_A_01.csv,False,10,0.1417301038062283,0.0517339484813533,0.0984236831987697,0.0935640138408304,0.0984236831987697,-0.075355632449058,-0.2761399461745483,0.1793771626297577,0.0049826989619377,0.2364628988850442,-0.0222068435217224,0.059115724721261,-0.2599000384467512,-0.0448442906574394,-0.1301653210303729,-0.0935640138408304,-0.0061514801999231,0.1663360246059207,-0.0711111111111111,-0.0888273740868896,-0.1137408688965782,0.2214532871972318,-0.0984236831987697,-0.1476970396001538,-0.0246059207996924,-0.0049826989619377,-0.0157477893118031,-0.0553633217993079,0.0199307958477508,0.1476970396001538,0.059115724721261,-0.075355632449058,0.0222068435217224,0.0935640138408304,-0.2141330257593233,0.0222068435217224,-0.16,-0.1537870049980776,0.0517339484813533,-0.0935640138408304,0.0384467512495194,0.1998615916955017,-0.0177777777777777,0.1663360246059207,-0.0517339484813533,0.1476970396001538,0.0120569011918492,0.2441522491349481,0.0448442906574394,0.0074432910419069,-0.059115724721261,-0.1793771626297577,0.0935640138408304,0.1085121107266436,0.0888273740868896,-0.1998615916955017,-0.1190926566705113,0.0157477893118031,-0.0984236831987697,-0.1358861976163014,-0.0039369473279507,-0.2519646289888504,0.0061514801999231,0.17279507881584,-4.948952114716639,-12.893190108866172,-5.93789157387089,-10.435359384660972,,,,,,,,,,,,,,
EXPA-089,109.321437,35.132682,w2,10,edge,m3a,M3A-w2-0535,否,草本旱地,低,浅黄收割田面为主,judge_A_01.csv,False,0,-0.0415840061514801,-0.0797231833910034,0.16,-0.0711111111111111,-0.0297731641676278,-0.0088581314878892,-0.17279507881584,0.2844444444444444,-0.0022145328719723,0.0074432910419069,0.1358861976163014,0.035432525951557,-0.0222068435217224,-0.0629911572472126,0.0246059207996924,-0.1417301038062283,-0.17279507881584,0.0448442906574394,-0.2761399461745483,-0.0246059207996924,-0.0797231833910034,-0.0271280276816609,0.1358861976163014,0.0177777777777777,-0.0199307958477508,0.1417301038062283,-0.1085121107266436,-0.2141330257593233,0.0842137639369473,0.17279507881584,-0.0711111111111111,0.0246059207996924,0.2364628988850442,0.0797231833910034,0.1476970396001538,0.1476970396001538,-0.1137408688965782,-0.1358861976163014,0.0246059207996924,-0.1085121107266436,0.0482276047673971,0.0246059207996924,0.0482276047673971,-0.0049826989619377,-0.0935640138408304,0.0797231833910034,0.2599000384467512,0.0553633217993079,0.0297731641676278,-0.16,0.1476970396001538,0.1358861976163014,0.0088581314878892,0.1476970396001538,-0.0553633217993079,-0.1085121107266436,-0.0222068435217224,-0.0935640138408304,-0.3188927335640138,-0.0517339484813533,-0.2679584775086506,-0.1085121107266436,-0.0842137639369473,0.0246059207996924,-10.899274978706892,-15.86387543500992,-9.38234682068343,-18.500817598160214,0.6015148162841797,-0.6247598528862,-0.5972508788108826,0.5224165320396423,-0.5560610890388489,-0.5217086672782898,0.5695115327835083,-0.5891304612159729,-0.466290146112442,0.4181470870971679,-0.4505666196346283,-0.4613026678562164,1014.942626953125,0.3835456073284149
EXPA-090,124.36705,46.632555,w1,10,core,m3a,M3A-w1-0008,是,常绿阔叶林,低,深绿冠层含浅色隙,judge_A_01.csv,False,4,0.1358861976163014,-0.1301653210303729,0.1793771626297577,-0.16,-0.1245674740484429,0.0415840061514801,-0.2214532871972318,0.3839138792772011,0.01039600153787,-0.0199307958477508,0.1537870049980776,-0.0177777777777777,0.0384467512495194,0.17279507881584,0.0074432910419069,-0.0629911572472126,-0.0384467512495194,-0.0669896193771626,0.1417301038062283,-0.075355632449058,0.0797231833910034,-0.2844444444444444,0.1998615916955017,-0.1190926566705113,0.0935640138408304,0.2761399461745483,-0.0030142252979623,0.059115724721261,0.2599000384467512,0.0415840061514801,0.0711111111111111,0.035432525951557,-0.059115724721261,0.0297731641676278,-0.16,0.16,-0.0448442906574394,-0.0888273740868896,0.1663360246059207,0.075355632449058,-0.16,-0.1137408688965782,-0.0384467512495194,0.0935640138408304,-0.0935640138408304,0.0517339484813533,-0.0448442906574394,-0.0448442906574394,0.1034063821607074,-0.0415840061514801,0.0629911572472126,-0.1190926566705113,-0.0088581314878892,-0.0517339484813533,0.0629911572472126,0.0629911572472126,0.0553633217993079,0.17279507881584,-0.186082276047674,-0.0448442906574394,-0.0711111111111111,0.0120569011918492,-0.0384467512495194,0.0984236831987697,-13.750802425768333,-20.4573593815062,-11.334904833801316,-16.542219442952153,0.5715371966362,-0.4988399147987366,0.2268370538949966,0.6422069668769836,-0.6046469211578369,-0.4123043715953827,0.7454685568809509,-0.6722704768180847,-0.4818925261497497,0.7299842834472656,-0.6628583669662476,-0.4277350902557373,148.48728942871094,0.0073816399089992
EXPA-091,107.557864,35.329143,w2,10,edge,m3a,M3A-w2-0542,否,稀疏植被,低,"绿植+裸土斑,覆盖疏",judge_A_01.csv,False,13,-0.0482276047673971,-0.1034063821607074,0.1417301038062283,-0.1245674740484429,0.000553633217993,-0.0517339484813533,-0.2844444444444444,0.3188927335640138,-0.0711111111111111,0.0629911572472126,-0.0325413302575932,-0.0669896193771626,-0.0482276047673971,-0.0482276047673971,-0.0517339484813533,-0.17279507881584,-0.1417301038062283,0.2844444444444444,-0.3014225297962323,0.075355632449058,-0.0984236831987697,0.1245674740484429,-0.0482276047673971,0.0325413302575932,-0.0049826989619377,-0.0797231833910034,0.0009842368319876,-0.0669896193771626,-0.0448442906574394,0.035432525951557,0.059115724721261,0.059115724721261,0.16,0.1137408688965782,-0.0448442906574394,0.0797231833910034,-0.1417301038062283,-0.1137408688965782,-0.0842137639369473,-0.0074432910419069,0.0482276047673971,0.0482276047673971,0.0629911572472126,0.0061514801999231,-0.0384467512495194,0.292871972318339,0.2214532871972318,-0.0199307958477508,-0.0984236831987697,-0.1663360246059207,0.1476970396001538,0.0669896193771626,0.16,-0.035432525951557,-0.0935640138408304,0.059115724721261,-0.0797231833910034,-0.0325413302575932,-0.2844444444444444,0.0088581314878892,-0.1301653210303729,-0.059115724721261,-0.1417301038062283,-0.0517339484813533,-9.364447754847216,-16.500116240320985,-8.64700493747357,-16.724681924153163,0.2586989402770996,-0.3924686312675476,-0.5791304111480713,0.3113604485988617,-0.4177407026290893,-0.549229621887207,0.7692540287971497,-0.6684705018997192,-0.5617470145225525,0.5483383536338806,-0.5413534045219421,-0.6153846383094788,1111.6314697265625,0.1495032161474228
EXPA-092,109.076736,33.00044,w2,10,core,m3a,M3A-w2-0383,否,草地,低,"细粒绿面,无冠形",judge_A_01.csv,False,11,0.0246059207996924,0.1034063821607074,0.075355632449058,0.1537870049980776,0.0711111111111111,-0.0669896193771626,-0.1793771626297577,0.2288965782391388,0.1137408688965782,0.059115724721261,0.2441522491349481,0.1190926566705113,-0.1537870049980776,-0.0448442906574394,-0.1358861976163014,-0.0271280276816609,-0.1137408688965782,-0.0061514801999231,-0.3647212610534409,-0.0325413302575932,-0.0797231833910034,-0.1537870049980776,0.0842137639369473,-0.0222068435217224,0.1537870049980776,0.0061514801999231,-0.1085121107266436,-0.1417301038062283,-0.0517339484813533,0.2519646289888504,-0.0842137639369473,0.2761399461745483,0.1929104190695886,0.0984236831987697,-0.1137408688965782,0.0448442906574394,-0.2364628988850442,-0.0984236831987697,-0.0482276047673971,-0.0015378700499807,-0.0384467512495194,0.0553633217993079,0.0222068435217224,0.0088581314878892,-0.0061514801999231,0.1034063821607074,0.0711111111111111,0.01039600153787,0.1663360246059207,0.035432525951557,0.035432525951557,-0.0517339484813533,0.0384467512495194,0.1663360246059207,0.0049826989619377,-0.1476970396001538,-0.0177777777777777,-0.1245674740484429,-0.186082276047674,-0.0797231833910034,-0.2141330257593233,0.0246059207996924,-0.0482276047673971,0.0022145328719723,-11.877499746383377,-19.279777573074064,-13.719900465581034,-19.350874379559464,0.4755309224128723,-0.4567000865936279,-0.4072600603103637,0.5761156678199768,-0.5327385663986206,-0.5222634673118591,0.8768664598464966,-0.7769170999526978,-0.6017974615097046,0.6471264362335205,-0.6523493528366089,-0.6148195266723633,1330.7620849609375,0.5657371878623962
EXPA-093,107.75729,34.14202,w2,10,edge,m3a,M3A-w2-0546,否,落叶灌丛,低,"路缘绿灌带,夹路面",judge_A_01.csv,False,10,-0.0669896193771626,0.0199307958477508,0.1417301038062283,0.1137408688965782,0.0088581314878892,-0.0797231833910034,-0.2519646289888504,0.2679584775086506,-0.0177777777777777,0.0022145328719723,0.1417301038062283,0.0888273740868896,-0.0669896193771626,-0.0842137639369473,-0.1137408688965782,-0.1793771626297577,-0.1358861976163014,0.0022145328719723,-0.3742560553633218,0.1417301038062283,-0.1034063821607074,-0.0222068435217224,-0.000553633217993,0.0246059207996924,0.0935640138408304,0.059115724721261,0.0669896193771626,-0.1190926566705113,-0.0199307958477508,0.16,-0.0138408304498269,0.1476970396001538,0.1085121107266436,0.0984236831987697,-0.0039369473279507,0.0797231833910034,-0.1793771626297577,-0.1190926566705113,0.0384467512495194,0.01039600153787,-0.075355632449058,0.0888273740868896,0.01039600153787,0.0049826989619377,-0.0629911572472126,0.1793771626297577,0.17279507881584,0.0157477893118031,0.0797231833910034,0.0246059207996924,0.0222068435217224,0.0177777777777777,0.0553633217993079,0.0935640138408304,-0.0074432910419069,-0.186082276047674,-0.1034063821607074,-0.2288965782391388,-0.3188927335640138,-0.0711111111111111,-0.2288965782391388,-0.1137408688965782,-0.1301653210303729,0.0157477893118031,-12.769730730780903,-19.183113923369422,-13.299444387502596,-19.30061951517908,0.2445520609617233,-0.2996207475662231,-0.4697549641132355,0.5304595828056335,-0.5384064316749573,-0.5382410883903503,0.8673932552337646,-0.7768175601959229,-0.5926656126976013,0.6402414441108704,-0.6053564548492432,-0.582586944103241,864.613037109375,0.1791452765464782
EXPA-094,110.109978,25.942916,w3,10,core,m3a,M3A-w3-0720,否,草地,低,"绿粒面夹浅斑,无冠形",judge_A_01.csv,False,11,0.16,0.0222068435217224,0.1358861976163014,-0.0199307958477508,0.0984236831987697,-0.0120569011918492,-0.292871972318339,0.1929104190695886,0.0448442906574394,0.2141330257593233,-0.1663360246059207,0.1034063821607074,-0.2141330257593233,0.0297731641676278,-0.0482276047673971,-0.1137408688965782,-0.0138408304498269,0.1085121107266436,0.075355632449058,-0.1476970396001538,-0.0984236831987697,0.1190926566705113,-0.0517339484813533,-0.1301653210303729,0.0074432910419069,0.0629911572472126,-0.1190926566705113,-0.0517339484813533,0.035432525951557,0.1034063821607074,0.1085121107266436,-0.0138408304498269,0.0415840061514801,0.1034063821607074,-0.1998615916955017,0.0177777777777777,-0.1085121107266436,-0.1793771626297577,0.0842137639369473,0.059115724721261,0.0120569011918492,0.2441522491349481,-0.0711111111111111,0.1663360246059207,-0.0842137639369473,0.0842137639369473,-0.0629911572472126,0.292871972318339,0.0199307958477508,-0.0482276047673971,-0.0222068435217224,-0.16,0.1034063821607074,0.0935640138408304,0.0842137639369473,-0.2599000384467512,-0.1034063821607074,0.0482276047673971,-0.16,-0.1537870049980776,-0.0157477893118031,-0.1998615916955017,-0.0629911572472126,0.1085121107266436,-5.316630106219453,-10.679983490151947,-4.269406187450175,-9.960375270813069,0.8050432801246643,-0.7098039388656616,-0.4707412123680115,0.6871620416641235,-0.5748738050460815,-0.3808875679969787,0.7775459885597229,-0.6186178922653198,-0.4141893088817596,0.8367041349411011,-0.7255454063415527,-0.4980694949626922,686.821533203125,0.17958465218544
EXPA-095,126.402003,44.199557,w1,10,edge,m3a,M3A-w1-0200,是,常绿阔叶林,低,林缘暗冠占框内约半,judge_A_01.csv,False,4,-0.0629911572472126,0.0271280276816609,0.2441522491349481,-0.2441522491349481,-0.075355632449058,-0.1085121107266436,-0.2844444444444444,0.3553094963475586,0.1301653210303729,-0.1137408688965782,0.17279507881584,-0.0222068435217224,0.0049826989619377,0.1137408688965782,-0.0797231833910034,0.0415840061514801,-0.035432525951557,0.0888273740868896,-0.1190926566705113,-0.0415840061514801,0.059115724721261,-0.0199307958477508,0.2141330257593233,-0.0246059207996924,-0.0415840061514801,0.1929104190695886,-0.0049826989619377,-0.075355632449058,0.2599000384467512,-0.0842137639369473,0.035432525951557,-0.0415840061514801,-0.0138408304498269,0.0797231833910034,0.0271280276816609,0.2364628988850442,-0.035432525951557,0.0448442906574394,0.1537870049980776,-0.0517339484813533,-0.0199307958477508,-0.0157477893118031,0.0222068435217224,0.0157477893118031,-0.186082276047674,0.1358861976163014,0.17279507881584,0.0138408304498269,0.075355632449058,-0.0935640138408304,0.2214532871972318,0.0415840061514801,-0.1085121107266436,0.0482276047673971,0.035432525951557,0.0517339484813533,0.0669896193771626,0.0177777777777777,-0.1417301038062283,-0.1190926566705113,-0.2364628988850442,-0.075355632449058,-0.1245674740484429,-0.0325413302575932,-11.67831902409432,-21.652462948385573,-9.869767955417949,-16.585301133134465,0.3127859234809875,-0.3247478902339935,0.0771317854523658,0.4217228591442108,-0.4724592566490173,-0.5612903237342834,0.7146492600440979,-0.6713178157806396,-0.5947237610816956,0.6682769656181335,-0.6592592597007751,-0.5888888835906982,227.42193603515625,0.050841636955738
EXPA-096,126.063518,45.157072,w1,10,core,m3a,M3A-w1-0003,是,常绿针叶林,中,坡面均质深绿细密冠层,judge_A_02.csv,False,6,-0.0120569011918492,-0.0711111111111111,0.1245674740484429,-0.1663360246059207,-0.0711111111111111,-0.1476970396001538,-0.1358861976163014,0.4136255286428297,0.059115724721261,-0.0415840061514801,0.3100961168781238,-0.1537870049980776,0.0246059207996924,0.0039369473279507,-0.2069357939254133,0.0246059207996924,-0.0711111111111111,-0.0984236831987697,-0.1358861976163014,0.0030142252979623,0.1417301038062283,-0.0415840061514801,0.0517339484813533,-0.0517339484813533,0.1663360246059207,0.1417301038062283,0.035432525951557,0.0984236831987697,0.2679584775086506,0.0415840061514801,-0.0061514801999231,-0.0415840061514801,-0.1137408688965782,0.0553633217993079,0.0049826989619377,0.1417301038062283,-0.0030142252979623,-0.1476970396001538,0.0935640138408304,-0.1190926566705113,-0.1537870049980776,-0.1245674740484429,0.01039600153787,0.0384467512495194,-0.1085121107266436,0.1301653210303729,0.2069357939254133,-0.17279507881584,0.0842137639369473,-0.0482276047673971,0.0711111111111111,0.0120569011918492,-0.0888273740868896,-0.0935640138408304,0.0384467512495194,0.1929104190695886,0.17279507881584,0.0448442906574394,-0.0935640138408304,-0.0517339484813533,-0.1793771626297577,0.0157477893118031,-0.0935640138408304,-0.0246059207996924,-11.340714709872335,-20.821554898269973,-7.101757825058142,-14.5329809933657,0.1242414563894271,-0.1552346497774124,0.4452554881572723,0.3527474403381347,-0.4387905597686767,-0.4787671267986297,0.8455933928489685,-0.7501993179321289,-0.5488361120223999,0.4335483908653259,-0.5355908870697021,-0.4800773561000824,141.45779418945312,0.0788719877600669
EXPA-097,108.317569,32.43019,w2,10,core,m3a,M3A-w2-0365,是,落叶阔叶林,低,村旁次生阔叶，冠层偏疏浅,judge_A_02.csv,False,5,-0.0030142252979623,0.0157477893118031,0.1190926566705113,0.0448442906574394,0.035432525951557,-0.0629911572472126,-0.2844444444444444,0.3368550557477893,0.0325413302575932,0.1663360246059207,-0.1034063821607074,-0.0553633217993079,-0.1190926566705113,-0.0222068435217224,-0.0842137639369473,-0.1085121107266436,0.0061514801999231,0.16,-0.1998615916955017,-0.0384467512495194,-0.0246059207996924,0.2679584775086506,-0.2214532871972318,-0.0297731641676278,0.0711111111111111,-0.059115724721261,0.0199307958477508,-0.0482276047673971,0.0984236831987697,0.0797231833910034,0.0138408304498269,-0.059115724721261,-0.0797231833910034,0.186082276047674,-0.1190926566705113,-0.1245674740484429,-0.0984236831987697,-0.1417301038062283,-0.0138408304498269,-0.1085121107266436,-0.0061514801999231,0.2679584775086506,-0.0138408304498269,-0.0074432910419069,-0.075355632449058,0.1929104190695886,0.1137408688965782,0.2599000384467512,0.0669896193771626,-0.0415840061514801,-0.0935640138408304,-0.1537870049980776,0.0984236831987697,0.0325413302575932,0.1137408688965782,-0.0984236831987697,-0.0246059207996924,-0.0517339484813533,-0.1998615916955017,0.0061514801999231,-0.0297731641676278,-0.2441522491349481,-0.0384467512495194,0.0888273740868896,-2.2084463488063157,-8.82936393364333,-2.0091530720568747,-7.051171113976463,0.6126840114593506,-0.6145124435424805,-0.6320346593856812,0.5947646498680115,-0.5506607890129089,-0.5595009326934814,0.8747663497924805,-0.7734276056289673,-0.6000891923904419,0.7959495782852173,-0.7491626143455505,-0.6585612893104553,512.9048461914062,0.4637167751789093
EXPA-098,108.280918,31.648925,w2,10,core,m3a,M3A-w2-0385,否,草地,中,浅绿平滑草被，无树冠,judge_A_02.csv,False,11,0.0797231833910034,0.0842137639369473,0.1929104190695886,-0.0199307958477508,0.0711111111111111,0.0088581314878892,-0.2844444444444444,0.3100961168781238,0.0120569011918492,0.1793771626297577,-0.0935640138408304,0.0325413302575932,-0.1793771626297577,0.0015378700499807,-0.0177777777777777,-0.1301653210303729,-0.0517339484813533,0.1085121107266436,-0.0246059207996924,-0.1085121107266436,-0.1034063821607074,0.17279507881584,-0.0797231833910034,-0.1358861976163014,0.0415840061514801,-0.0088581314878892,-0.1358861976163014,-0.0984236831987697,0.0797231833910034,0.0935640138408304,0.0157477893118031,0.0935640138408304,-0.0297731641676278,0.1929104190695886,-0.186082276047674,0.035432525951557,-0.1663360246059207,-0.1301653210303729,-0.0629911572472126,0.0482276047673971,0.0222068435217224,0.3278123798539023,-0.0842137639369473,0.0935640138408304,-0.0669896193771626,0.1537870049980776,0.0222068435217224,0.17279507881584,0.1537870049980776,-0.0325413302575932,-0.0271280276816609,-0.1137408688965782,0.0842137639369473,0.0984236831987697,0.0222068435217224,-0.1793771626297577,-0.0669896193771626,0.0297731641676278,-0.2214532871972318,-0.0797231833910034,-0.0629911572472126,-0.2519646289888504,-0.0482276047673971,0.0629911572472126,-8.130470076430406,-13.745767205830823,-6.297564248317661,-11.602252646575344,0.6437054872512817,-0.6269592642784119,-0.531265377998352,0.5379005670547485,-0.5503966212272644,-0.5081481337547302,0.8976857662200928,-0.7914909720420837,-0.5791102647781372,0.8822258114814758,-0.7921810746192932,-0.5841482281684875,836.8856811523438,0.1987958550453186
EXPA-099,108.958697,31.680186,w2,10,core,m3a,M3A-w2-0380,是,常绿阔叶林,低,阴影边界，冠层暗、型难辨,judge_A_02.csv,False,4,0.0482276047673971,0.0222068435217224,-0.0009842368319876,0.0842137639369473,0.0553633217993079,-0.1301653210303729,-0.1417301038062283,0.292871972318339,0.1663360246059207,0.17279507881584,0.1537870049980776,-0.0325413302575932,-0.1137408688965782,-0.0138408304498269,-0.0888273740868896,-0.0888273740868896,0.059115724721261,0.0842137639369473,-0.2214532871972318,-0.17279507881584,0.0553633217993079,-0.1137408688965782,-0.059115724721261,-0.035432525951557,0.1301653210303729,0.0074432910419069,-0.0517339484813533,-0.075355632449058,0.1137408688965782,0.16,-0.0984236831987697,-0.0271280276816609,0.1358861976163014,0.1476970396001538,-0.0415840061514801,-0.1663360246059207,-0.1245674740484429,-0.0669896193771626,0.0629911572472126,-0.0888273740868896,-0.0271280276816609,0.0384467512495194,-0.035432525951557,-0.0049826989619377,-0.1663360246059207,0.0415840061514801,0.0022145328719723,0.292871972318339,0.1190926566705113,0.0517339484813533,-0.0325413302575932,-0.1537870049980776,0.0088581314878892,0.3188927335640138,0.2679584775086506,-0.0984236831987697,-0.0074432910419069,-0.1358861976163014,-0.1793771626297577,-0.16,-0.0482276047673971,-0.0711111111111111,0.0222068435217224,0.1929104190695886,-3.661952362992701,-10.9499008105756,-2.159393793737677,-8.567768916727365,0.4699386358261108,-0.4127358496189117,-0.2740524709224701,0.5813466310501099,-0.5504752397537231,-0.4822485148906708,0.8523489832878113,-0.7266602516174316,-0.5021910667419434,0.7784011363983154,-0.6940547823905945,-0.5699530243873596,1777.1942138671875,0.1987958550453186
EXPA-100,109.419533,27.757693,w3,10,core,m3a,M3A-w3-0755,否,草地,中,均质草绿无树冠,judge_A_02.csv,False,11,0.0325413302575932,0.0842137639369473,0.1663360246059207,0.0842137639369473,0.1245674740484429,-0.059115724721261,-0.3188927335640138,0.2519646289888504,0.0039369473279507,0.1190926566705113,-0.0797231833910034,0.0482276047673971,-0.2599000384467512,0.0138408304498269,-0.1358861976163014,-0.075355632449058,-0.0842137639369473,0.186082276047674,-0.1537870049980776,0.0246059207996924,-0.0984236831987697,0.1998615916955017,-0.0984236831987697,-0.0935640138408304,0.0669896193771626,-0.0297731641676278,-0.0448442906574394,-0.1085121107266436,-0.0888273740868896,0.059115724721261,0.0984236831987697,0.0797231833910034,0.0935640138408304,0.0984236831987697,-0.292871972318339,0.0517339484813533,-0.1793771626297577,-0.17279507881584,-0.0448442906574394,-0.0138408304498269,-0.0297731641676278,0.1663360246059207,0.0022145328719723,0.1034063821607074,-0.0271280276816609,0.2069357939254133,0.0888273740868896,0.2141330257593233,0.0138408304498269,0.0325413302575932,-0.0297731641676278,-0.1929104190695886,0.1301653210303729,0.0088581314878892,0.0120569011918492,-0.0984236831987697,-0.1476970396001538,0.0222068435217224,-0.1793771626297577,-0.0935640138408304,-0.0553633217993079,-0.1358861976163014,-0.0888273740868896,-0.0039369473279507,-6.745498103766797,-11.653844885516406,-8.85707343335613,-14.490695078301169,0.7774863243103027,-0.7199661731719971,-0.6096698045730591,0.6831573247909546,-0.5897794961929321,-0.4684807360172272,0.8121212124824524,-0.6657381653785706,-0.4966794848442077,0.8499624729156494,-0.7507987022399902,-0.6398152709007263,590.2198486328125,0.0425300560891628
EXPA-101,112.255424,27.430257,w3,10,edge,m3a,M3A-w3-0865,否,稀疏植被,低,坡面土绿相杂，疑稀疏草灌,judge_A_02.csv,False,13,-0.0297731641676278,0.0271280276816609,0.1417301038062283,0.0222068435217224,0.0629911572472126,0.1663360246059207,-0.2214532871972318,0.1137408688965782,-0.0935640138408304,0.075355632449058,0.1358861976163014,-0.0553633217993079,-0.2288965782391388,-0.035432525951557,-0.0888273740868896,-0.1417301038062283,0.0120569011918492,0.0935640138408304,-0.1793771626297577,-0.0669896193771626,-0.2288965782391388,0.0797231833910034,-0.075355632449058,-0.1537870049980776,-0.0015378700499807,0.2761399461745483,-0.0553633217993079,-0.0984236831987697,0.0797231833910034,0.1929104190695886,0.0138408304498269,0.059115724721261,0.0842137639369473,0.1085121107266436,-0.0629911572472126,0.0842137639369473,-0.16,0.0199307958477508,0.0271280276816609,-0.0120569011918492,0.0935640138408304,0.0553633217993079,0.0157477893118031,0.186082276047674,0.1085121107266436,0.1137408688965782,0.059115724721261,0.2214532871972318,0.1358861976163014,0.0482276047673971,-0.059115724721261,0.0271280276816609,-0.01039600153787,0.186082276047674,0.2364628988850442,-0.2364628988850442,-0.0271280276816609,-0.0297731641676278,0.0199307958477508,-0.1245674740484429,-0.16,-0.2519646289888504,0.1358861976163014,0.1417301038062283,-8.200043867636099,-14.610307958037934,-7.648541140432867,-14.14401137608921,0.258649080991745,-0.2982158064842224,-0.3322554528713226,0.2329793870449066,-0.2621483504772186,-0.2600192427635193,0.4926437735557556,-0.4620087444782257,-0.3254859149456024,0.324455201625824,-0.3506172895431518,-0.2676644623279571,117.20233917236328,0.1097791194915771
EXPA-102,106.119302,34.048505,w2,10,core,m3a,M3A-w2-0416,否,草地,中,浅黄绿均质草被，无树冠,judge_A_02.csv,False,11,-0.0797231833910034,-0.0039369473279507,0.1358861976163014,0.0415840061514801,0.0669896193771626,-0.1358861976163014,-0.2441522491349481,0.2679584775086506,0.01039600153787,0.0030142252979623,0.0448442906574394,0.059115724721261,-0.0553633217993079,-0.0415840061514801,-0.2141330257593233,-0.1476970396001538,-0.1245674740484429,0.0325413302575932,-0.3278123798539023,0.1190926566705113,-0.0415840061514801,0.0271280276816609,-0.0448442906574394,0.035432525951557,0.1245674740484429,-0.1663360246059207,0.0669896193771626,-0.0842137639369473,-0.186082276047674,0.0325413302575932,0.0711111111111111,0.16,0.0669896193771626,0.0448442906574394,-0.186082276047674,0.0384467512495194,-0.2679584775086506,-0.1301653210303729,-0.0297731641676278,0.035432525951557,-0.0517339484813533,0.1358861976163014,0.0088581314878892,-0.0935640138408304,-0.0482276047673971,0.2761399461745483,0.1358861976163014,-0.0297731641676278,0.0061514801999231,0.0088581314878892,-0.059115724721261,-0.01039600153787,0.0629911572472126,0.0669896193771626,-0.0629911572472126,-0.0271280276816609,-0.0984236831987697,-0.2141330257593233,-0.3100961168781238,-0.0448442906574394,-0.0935640138408304,0.0482276047673971,-0.1793771626297577,-0.0415840061514801,,,,,0.3713200390338897,-0.4772378504276275,-0.6000000238418579,0.4867132902145386,-0.5153242945671082,-0.5427034497261047,0.8510540723800659,-0.7187234163284302,-0.5607243776321411,0.6447393298149109,-0.6595256328582764,-0.6379169821739197,1307.253173828125,0.295042484998703
EXPA-103,106.426256,31.942405,w2,10,core,m3a,M3A-w2-0356,是,常绿阔叶林,低,林缘密冠，果园/灌丛难辨,judge_A_02.csv,False,4,0.0415840061514801,0.0120569011918492,0.1034063821607074,0.0984236831987697,0.059115724721261,0.0325413302575932,-0.2844444444444444,0.1537870049980776,0.0222068435217224,0.16,-0.0517339484813533,0.1034063821607074,-0.2599000384467512,-0.0199307958477508,-0.0984236831987697,-0.1929104190695886,-0.1085121107266436,0.0448442906574394,-0.0797231833910034,0.0325413302575932,-0.1245674740484429,0.0842137639369473,-0.0199307958477508,-0.1245674740484429,-0.0120569011918492,0.1245674740484429,-0.1085121107266436,-0.1537870049980776,0.1663360246059207,0.1301653210303729,-0.01039600153787,0.0629911572472126,0.0482276047673971,0.0553633217993079,-0.0797231833910034,0.1190926566705113,-0.17279507881584,-0.16,0.0935640138408304,0.000553633217993,-0.059115724721261,0.2141330257593233,-0.059115724721261,0.1663360246059207,-0.075355632449058,0.0888273740868896,0.0669896193771626,0.1190926566705113,0.0553633217993079,0.059115724721261,0.0088581314878892,-0.0984236831987697,0.0297731641676278,0.1245674740484429,0.0888273740868896,-0.3188927335640138,-0.17279507881584,0.0088581314878892,-0.2364628988850442,-0.1301653210303729,-0.0888273740868896,-0.3014225297962323,-0.0415840061514801,0.0517339484813533,-11.342546676335347,-14.962798724053972,-9.91256137883145,-14.18187843007452,0.6179104447364807,-0.5775467753410339,-0.4445051848888397,0.7346292734146118,-0.6697127819061279,-0.5791516304016113,0.8106333613395691,-0.711654007434845,-0.6244131326675415,0.8160237669944763,-0.7514309287071228,-0.6122449040412903,566.8598022460938,0.2042314410209655
EXPA-104,110.901753,27.894057,w3,10,core,m3a,M3A-w3-0754,否,草地,低,草坡夹灌丛斑块，无树冠,judge_A_02.csv,False,11,0.1137408688965782,0.1245674740484429,0.1085121107266436,0.0711111111111111,0.1301653210303729,-0.0482276047673971,-0.2364628988850442,0.2214532871972318,0.0629911572472126,0.1793771626297577,-0.0482276047673971,0.1476970396001538,-0.2364628988850442,-0.0022145328719723,-0.1537870049980776,-0.1034063821607074,-0.1793771626297577,0.1663360246059207,-0.0517339484813533,-0.1358861976163014,-0.0797231833910034,0.0711111111111111,-0.0138408304498269,-0.075355632449058,0.035432525951557,0.0246059207996924,-0.1417301038062283,-0.0482276047673971,-0.0138408304498269,0.1034063821607074,0.0629911572472126,0.1358861976163014,0.1245674740484429,0.1190926566705113,-0.2214532871972318,0.0888273740868896,-0.2069357939254133,-0.2441522491349481,0.059115724721261,0.1034063821607074,-0.0384467512495194,0.1929104190695886,-0.0199307958477508,0.0517339484813533,-0.0482276047673971,0.0888273740868896,-0.0448442906574394,0.186082276047674,0.0629911572472126,-0.0177777777777777,0.0271280276816609,-0.1417301038062283,0.0842137639369473,0.059115724721261,-0.0482276047673971,-0.2364628988850442,-0.1476970396001538,0.0553633217993079,-0.186082276047674,-0.1358861976163014,-0.17279507881584,-0.1034063821607074,-0.1301653210303729,0.059115724721261,-8.466076966201808,-13.554776124132204,-8.870222167595811,-13.943468856125588,0.7487335205078125,-0.7135765552520752,-0.603708803653717,0.6956732869148254,-0.6170607209205627,-0.5158265233039856,0.7934750318527222,-0.6635202765464783,-0.4827144742012024,0.8211852312088013,-0.7362204790115356,-0.6115942001342773,1125.63232421875,0.1958929896354675
EXPA-105,107.63979,34.585338,w2,10,core,m3a,M3A-w2-0364,否,落叶灌丛,低,深绿丛块非树冠，灌丛规模,judge_A_02.csv,False,10,-0.0384467512495194,-0.0030142252979623,0.0415840061514801,0.0797231833910034,-0.0157477893118031,-0.1537870049980776,-0.1190926566705113,0.3460207612456747,0.0797231833910034,0.0711111111111111,0.2441522491349481,0.059115724721261,-0.0271280276816609,-0.1034063821607074,-0.0297731641676278,-0.0482276047673971,-0.16,-0.0088581314878892,-0.3647212610534409,-0.0325413302575932,-0.0669896193771626,-0.0384467512495194,0.059115724721261,0.0553633217993079,0.1301653210303729,0.1085121107266436,-0.035432525951557,-0.0629911572472126,-0.0199307958477508,0.2069357939254133,-0.1476970396001538,0.1476970396001538,0.1793771626297577,0.0711111111111111,0.16,-0.0199307958477508,-0.17279507881584,-0.1245674740484429,0.0177777777777777,-0.0935640138408304,0.0157477893118031,0.0271280276816609,0.0888273740868896,-0.0074432910419069,-0.0984236831987697,0.0711111111111111,0.186082276047674,-0.0222068435217224,0.1476970396001538,-0.0177777777777777,0.0842137639369473,0.1034063821607074,0.0199307958477508,0.1537870049980776,-0.0297731641676278,-0.1034063821607074,0.0049826989619377,-0.1929104190695886,-0.2761399461745483,-0.0984236831987697,-0.2441522491349481,-0.0842137639369473,-0.0711111111111111,0.0553633217993079,-9.419596285809693,-13.385357194059232,-8.942467662988356,-17.094120049789517,0.2626551985740661,-0.3713693022727966,-0.575927197933197,0.6093597412109375,-0.5302842855453491,-0.4842212498188019,0.8818720579147339,-0.777606189250946,-0.5494720339775085,0.6725146174430847,-0.6044880747795105,-0.580044686794281,1174.4334716796875,0.1791452765464782
EXPA-106,110.216159,27.134082,w3,10,core,m3a,M3A-w3-0756,否,落叶灌丛,低,沟谷深绿密丛，疑灌丛,judge_A_02.csv,False,10,0.0482276047673971,0.1190926566705113,0.0138408304498269,0.1190926566705113,0.1034063821607074,-0.0888273740868896,-0.2364628988850442,0.1998615916955017,0.1417301038062283,0.1476970396001538,0.1245674740484429,0.0553633217993079,-0.1998615916955017,0.0022145328719723,-0.1190926566705113,-0.035432525951557,-0.1190926566705113,0.0517339484813533,-0.1190926566705113,-0.2844444444444444,-0.0629911572472126,-0.0669896193771626,0.0049826989619377,-0.0935640138408304,0.0448442906574394,0.1358861976163014,-0.1476970396001538,-0.0984236831987697,-0.0246059207996924,0.2141330257593233,-0.0271280276816609,0.0797231833910034,0.1358861976163014,0.0384467512495194,-0.1793771626297577,-0.0297731641676278,-0.2761399461745483,-0.0711111111111111,0.0669896193771626,-0.0271280276816609,0.0325413302575932,0.0448442906574394,-0.0325413302575932,0.0061514801999231,-0.0517339484813533,0.0049826989619377,-0.0384467512495194,0.3100961168781238,0.2441522491349481,0.0015378700499807,0.0415840061514801,-0.1190926566705113,0.075355632449058,0.2069357939254133,0.0935640138408304,-0.2141330257593233,-0.059115724721261,0.01039600153787,-0.0517339484813533,-0.17279507881584,-0.1190926566705113,-0.1245674740484429,0.0629911572472126,0.1137408688965782,-7.519926354695446,-13.0243140874735,-6.193759537027385,-11.733491829384738,0.6309817433357239,-0.6517611742019653,-0.5709449052810669,0.7313829660415649,-0.6462778449058533,-0.4736594557762146,0.8300509452819824,-0.7270600199699402,-0.5584524869918823,0.7502198815345764,-0.6893039345741272,-0.5829060077667236,1079.7913818359375,0.1958929896354675
EXPA-107,106.016894,34.49344,w2,10,edge,m3a,M3A-w2-0539,否,草地,中,浅橄榄绿均质草被，无树冠,judge_A_02.csv,False,11,-0.0629911572472126,0.0199307958477508,0.075355632449058,0.0629911572472126,-0.0415840061514801,-0.0935640138408304,-0.1358861976163014,0.2761399461745483,0.0888273740868896,0.1085121107266436,0.1137408688965782,0.0177777777777777,-0.0222068435217224,-0.075355632449058,-0.1301653210303729,-0.1476970396001538,-0.2519646289888504,0.0448442906574394,-0.3100961168781238,-0.0120569011918492,-0.01039600153787,0.0384467512495194,0.0384467512495194,0.0246059207996924,0.0482276047673971,0.1137408688965782,-0.0199307958477508,-0.1137408688965782,0.0711111111111111,0.1998615916955017,-0.0669896193771626,0.1537870049980776,0.0984236831987697,0.075355632449058,0.1358861976163014,0.0138408304498269,-0.2141330257593233,-0.1358861976163014,0.035432525951557,-0.0842137639369473,-0.0157477893118031,0.0669896193771626,-0.0061514801999231,-0.075355632449058,-0.1417301038062283,0.0482276047673971,0.1358861976163014,-0.0553633217993079,0.075355632449058,-0.0711111111111111,0.0797231833910034,0.1137408688965782,-0.0061514801999231,0.1537870049980776,-0.0246059207996924,-0.1793771626297577,-0.0448442906574394,-0.1537870049980776,-0.3553094963475586,-0.0935640138408304,-0.2288965782391388,-0.16,-0.1998615916955017,0.0384467512495194,,,,,0.2400082051753997,-0.3604677319526672,-0.5427652597427368,0.3094751238822937,-0.3750894665718078,-0.4647455513477325,0.8644154071807861,-0.7531335949897766,-0.5483729839324951,0.4854981005191803,-0.5452557802200317,-0.6007677316665649,1486.9442138671875,0.295042484998703
EXPA-108,111.509194,25.131199,w3,10,core,m3a,M3A-w3-0744,否,草地,中,路旁草坡，框内无树冠,judge_A_02.csv,False,11,0.0517339484813533,0.0074432910419069,0.1476970396001538,0.0138408304498269,-0.0517339484813533,0.1190926566705113,-0.292871972318339,0.0325413302575932,0.0297731641676278,0.0984236831987697,0.0629911572472126,0.0888273740868896,-0.292871972318339,0.0669896193771626,-0.0984236831987697,-0.1476970396001538,-0.1245674740484429,0.0842137639369473,-0.1245674740484429,-0.0935640138408304,-0.2679584775086506,0.1034063821607074,-0.0517339484813533,-0.1301653210303729,-0.0797231833910034,0.035432525951557,-0.1085121107266436,-0.0246059207996924,-0.0297731641676278,0.1537870049980776,0.0669896193771626,0.17279507881584,0.0030142252979623,0.0797231833910034,-0.186082276047674,0.1998615916955017,-0.2679584775086506,-0.1190926566705113,-0.0448442906574394,0.1245674740484429,-0.059115724721261,0.1417301038062283,0.0039369473279507,0.16,0.0009842368319876,0.1476970396001538,-0.0039369473279507,-0.0157477893118031,0.0022145328719723,-0.1190926566705113,0.1137408688965782,-0.0325413302575932,0.1137408688965782,0.0448442906574394,0.0325413302575932,-0.2761399461745483,-0.1476970396001538,0.0935640138408304,-0.0553633217993079,-0.2141330257593233,-0.1245674740484429,-0.17279507881584,-0.0022145328719723,0.0271280276816609,-13.888722777206397,-18.900336659487063,-11.86188909744742,-19.357450913402232,,,,,,,,,,,,,,
EXPA-109,108.083917,31.973936,w2,10,core,m3a,M3A-w2-0374,否,草地,中,均质草绿，无树冠,judge_A_02.csv,False,11,0.0074432910419069,0.0935640138408304,0.16,0.0984236831987697,0.1085121107266436,-0.0482276047673971,-0.3100961168781238,0.2679584775086506,0.0049826989619377,0.1537870049980776,-0.0384467512495194,0.0669896193771626,-0.2069357939254133,-0.0448442906574394,-0.075355632449058,-0.1663360246059207,-0.1137408688965782,0.0669896193771626,-0.1245674740484429,-0.0157477893118031,-0.0888273740868896,0.17279507881584,-0.0797231833910034,-0.075355632449058,0.0482276047673971,-0.0297731641676278,-0.1034063821607074,-0.1358861976163014,0.0297731641676278,0.059115724721261,-0.0015378700499807,0.1358861976163014,0.0297731641676278,0.1190926566705113,-0.16,0.059115724721261,-0.1245674740484429,-0.2069357939254133,-0.0517339484813533,0.035432525951557,-0.0177777777777777,0.2761399461745483,-0.0448442906574394,0.0888273740868896,-0.0629911572472126,0.2069357939254133,0.0935640138408304,0.0888273740868896,0.1137408688965782,0.0271280276816609,-0.0669896193771626,-0.1137408688965782,0.1085121107266436,0.1034063821607074,-0.0297731641676278,-0.186082276047674,-0.1034063821607074,-0.0325413302575932,-0.3100961168781238,-0.1245674740484429,-0.0888273740868896,-0.2069357939254133,-0.0797231833910034,0.0061514801999231,-7.151451743032116,-14.73217027251942,-11.195161245774823,-13.18443826003043,0.6482152342796326,-0.624681293964386,-0.5148319005966187,0.5734190940856934,-0.4520277082920074,-0.4595122039318084,0.857443630695343,-0.739228367805481,-0.5588375329971313,0.8045838475227356,-0.7288135886192322,-0.6036036014556885,932.1370239257812,0.1987958550453186
EXPA-110,126.314148,43.452249,w1,10,core,m3a,M3A-w1-0015,无法判读,无法判读,低,深阴影覆盖，仅见暗绿斑纹,judge_A_02.csv,True,0,-0.0935640138408304,-0.0325413302575932,0.1301653210303729,-0.035432525951557,-0.0842137639369473,-0.2069357939254133,-0.1537870049980776,0.4444444444444444,0.2441522491349481,-0.0271280276816609,0.3278123798539023,-0.0797231833910034,-0.0177777777777777,-0.0384467512495194,-0.0842137639369473,0.0629911572472126,0.0888273740868896,0.0482276047673971,-0.2844444444444444,-0.1301653210303729,0.1034063821607074,-0.0669896193771626,0.0415840061514801,0.0629911572472126,0.1663360246059207,0.16,-0.0553633217993079,0.0482276047673971,0.17279507881584,0.0984236831987697,-0.0384467512495194,0.0482276047673971,0.0842137639369473,0.1301653210303729,0.0935640138408304,-0.0177777777777777,-0.0297731641676278,-0.0842137639369473,0.1137408688965782,-0.1476970396001538,-0.0517339484813533,-0.0984236831987697,0.1137408688965782,-0.0009842368319876,-0.1137408688965782,0.0157477893118031,0.1301653210303729,0.0199307958477508,0.1245674740484429,-0.0138408304498269,0.035432525951557,-0.0039369473279507,-0.0984236831987697,0.1085121107266436,0.1417301038062283,0.1190926566705113,0.1476970396001538,-0.0553633217993079,-0.0629911572472126,-0.0030142252979623,-0.186082276047674,0.0246059207996924,-0.0888273740868896,0.1137408688965782,-11.784312771569931,-18.933958105878443,-10.212340661124085,-17.3926961846419,0.027691027149558,0.0598095245659351,0.2957615256309509,0.5137529969215393,-0.4396067559719085,-0.4468896090984344,0.8934081196784973,-0.7578125,-0.5338345766067505,0.682962954044342,-0.6662999391555786,-0.6161956787109375,507.8717041015625,0.0953885614871978
EXPA-111,109.841561,31.920037,w2,10,core,m3a,M3A-w2-0393,无法判读,无法判读,低,近全黑无信息，疑整片阴影,judge_A_02.csv,True,0,0.0061514801999231,0.0199307958477508,-0.0482276047673971,0.1358861976163014,0.0842137639369473,-0.1137408688965782,-0.1663360246059207,0.2441522491349481,0.1998615916955017,0.0888273740868896,0.2599000384467512,0.0448442906574394,-0.1663360246059207,-0.0271280276816609,-0.0984236831987697,-0.0415840061514801,0.0629911572472126,-0.0177777777777777,-0.3936947327950788,-0.1358861976163014,0.0074432910419069,-0.186082276047674,-0.0415840061514801,0.0246059207996924,0.1476970396001538,-0.0297731641676278,-0.0842137639369473,-0.0669896193771626,0.0271280276816609,0.186082276047674,-0.16,0.075355632449058,0.1476970396001538,0.1301653210303729,-0.0384467512495194,-0.1190926566705113,-0.17279507881584,0.0222068435217224,0.0448442906574394,-0.0797231833910034,-0.0002460592079969,-0.0415840061514801,0.0888273740868896,0.0711111111111111,-0.0842137639369473,0.059115724721261,0.0984236831987697,0.1663360246059207,0.1245674740484429,0.0797231833910034,-0.0517339484813533,-0.0935640138408304,0.0797231833910034,0.2519646289888504,0.2214532871972318,-0.0088581314878892,-0.0448442906574394,-0.16,-0.1301653210303729,-0.0629911572472126,-0.1085121107266436,-0.0629911572472126,0.1137408688965782,0.1476970396001538,-12.126286299136195,-15.295444918632215,-10.596115814851466,-14.793788255795896,0.3792082965373993,-0.4382716119289398,-0.3414744436740875,0.7023460268974304,-0.6363636255264282,-0.443815678358078,0.8700404763221741,-0.767509937286377,-0.5982005000114441,0.637177586555481,-0.5372297763824463,-0.5158115029335022,1161.03076171875,0.391218364238739
EXPA-112,125.602682,43.89961,w1,10,core,m3a,M3A-w1-0020,否,草地,中,均质细纹草被，无树冠,judge_A_02.csv,False,11,0.0246059207996924,-0.0015378700499807,0.2288965782391388,-0.0842137639369473,-0.1137408688965782,-0.0842137639369473,-0.2519646289888504,0.4444444444444444,0.059115724721261,-0.0015378700499807,0.2679584775086506,-0.0517339484813533,0.0415840061514801,0.0049826989619377,-0.075355632449058,-0.0669896193771626,-0.075355632449058,0.0711111111111111,-0.1301653210303729,0.0553633217993079,0.0049826989619377,-0.0629911572472126,0.1358861976163014,0.0088581314878892,0.1034063821607074,0.1417301038062283,-0.0888273740868896,-0.0271280276816609,0.2288965782391388,0.0517339484813533,0.0297731641676278,0.0669896193771626,-0.0297731641676278,0.1476970396001538,-0.0222068435217224,0.2214532871972318,0.0553633217993079,-0.1793771626297577,0.1245674740484429,-0.035432525951557,-0.1137408688965782,-0.0138408304498269,0.01039600153787,0.075355632449058,-0.1085121107266436,0.1358861976163014,0.1793771626297577,-0.1034063821607074,0.0553633217993079,-0.0935640138408304,0.1085121107266436,0.0199307958477508,-0.0797231833910034,-0.0157477893118031,0.0120569011918492,-0.0669896193771626,0.1190926566705113,0.0888273740868896,-0.2141330257593233,-0.0629911572472126,-0.2288965782391388,-0.0415840061514801,-0.186082276047674,-0.0271280276816609,-11.627083211442388,-17.450977598383687,-6.449878199234517,-15.187681944793592,0.2638000249862671,-0.3278099000453949,-0.2581090331077575,0.3804230988025665,-0.4689050018787384,-0.5231243371963501,0.8318840861320496,-0.7220708727836609,-0.4952766597270965,0.5834851264953613,-0.6637958288192749,-0.5154023170471191,291.6172180175781,0.072098359465599
EXPA-113,125.816931,43.088431,w1,10,core,m3a,M3A-w1-0014,否,落叶灌丛,低,水平沟整地灌丛，非树冠,judge_A_02.csv,False,10,-0.0629911572472126,-0.0157477893118031,0.2141330257593233,-0.2214532871972318,-0.0669896193771626,-0.1537870049980776,-0.1793771626297577,0.4872587466359092,0.1137408688965782,-0.0039369473279507,0.17279507881584,-0.1537870049980776,-0.0222068435217224,0.059115724721261,-0.1034063821607074,0.0888273740868896,0.0553633217993079,0.0553633217993079,-0.2214532871972318,-0.1034063821607074,0.0984236831987697,0.0553633217993079,0.0415840061514801,-0.0553633217993079,0.0415840061514801,0.1537870049980776,-0.0553633217993079,-0.0325413302575932,0.2364628988850442,0.0669896193771626,-0.0384467512495194,-0.0448442906574394,-0.0138408304498269,0.16,0.0797231833910034,0.17279507881584,0.0325413302575932,-0.035432525951557,0.0271280276816609,-0.1245674740484429,0.0120569011918492,0.059115724721261,0.0271280276816609,0.0088581314878892,-0.1190926566705113,0.0935640138408304,0.186082276047674,0.0629911572472126,0.0984236831987697,-0.2069357939254133,0.1663360246059207,0.0888273740868896,-0.0384467512495194,0.0888273740868896,0.0448442906574394,0.0984236831987697,0.1190926566705113,0.0384467512495194,-0.0177777777777777,0.075355632449058,-0.1929104190695886,-0.0415840061514801,-0.1137408688965782,-0.0482276047673971,-16.05355948713879,-22.180896126181096,-13.668460072389308,-18.389669175071617,0.1078034192323684,-0.1160603389143943,0.5580231547355652,0.334436297416687,-0.4608020782470703,-0.4573623239994049,0.778398871421814,-0.6890406012535095,-0.4701130986213684,0.5947712659835815,-0.6143667101860046,-0.573221743106842,409.361083984375,0.072098359465599
EXPA-114,110.764041,24.360983,w3,10,core,m3a,M3A-w3-0778,否,草地,中,草被夹小灌斑，无树冠,judge_A_02.csv,False,11,0.0448442906574394,0.0984236831987697,0.2288965782391388,-0.0797231833910034,0.0002460592079969,0.1034063821607074,-0.292871972318339,0.0842137639369473,-0.035432525951557,0.1663360246059207,-0.0984236831987697,0.059115724721261,-0.2288965782391388,0.1301653210303729,-0.1417301038062283,-0.1476970396001538,-0.035432525951557,0.1085121107266436,-0.1301653210303729,-0.0517339484813533,-0.2214532871972318,0.1137408688965782,-0.0842137639369473,-0.17279507881584,-0.0669896193771626,-0.0384467512495194,-0.0711111111111111,-0.035432525951557,-0.1034063821607074,0.075355632449058,0.1301653210303729,0.1034063821607074,0.0797231833910034,0.0039369473279507,-0.3553094963475586,0.1358861976163014,-0.2761399461745483,-0.0629911572472126,-0.0325413302575932,0.1085121107266436,0.0177777777777777,0.16,-0.0482276047673971,0.1137408688965782,0.0157477893118031,0.2679584775086506,0.0222068435217224,0.1034063821607074,-0.0015378700499807,-0.0325413302575932,0.0888273740868896,-0.075355632449058,0.1537870049980776,-0.0199307958477508,0.0199307958477508,-0.1245674740484429,-0.0984236831987697,0.0553633217993079,-0.0415840061514801,-0.17279507881584,0.0157477893118031,-0.1476970396001538,0.0177777777777777,-0.0120569011918492,-13.03469867926041,-18.15984334082888,-10.077390756942094,-15.88341776564256,,,,,,,,,,,,,,
EXPA-115,111.774107,24.550977,w3,10,core,m3a,M3A-w3-0725,否,草地,中,均质草绿，细纹为兽径,judge_A_02.csv,False,11,0.1358861976163014,0.075355632449058,0.1358861976163014,0.0009842368319876,0.0297731641676278,-0.0384467512495194,-0.3553094963475586,0.2519646289888504,0.0222068435217224,0.17279507881584,-0.2214532871972318,0.1537870049980776,-0.2761399461745483,0.0199307958477508,-0.075355632449058,-0.0088581314878892,-0.075355632449058,0.1085121107266436,-0.0517339484813533,-0.0842137639369473,-0.1137408688965782,0.1537870049980776,-0.0415840061514801,-0.0888273740868896,-0.0049826989619377,-0.0246059207996924,-0.0482276047673971,0.0553633217993079,-0.0888273740868896,0.0888273740868896,0.186082276047674,0.059115724721261,0.1301653210303729,0.075355632449058,-0.2441522491349481,0.0669896193771626,-0.0199307958477508,-0.1998615916955017,-0.0120569011918492,0.0935640138408304,0.0199307958477508,0.2364628988850442,0.0448442906574394,0.1245674740484429,0.0297731641676278,0.1358861976163014,-0.0482276047673971,0.2364628988850442,0.0629911572472126,-0.0222068435217224,-0.0177777777777777,-0.2214532871972318,0.1137408688965782,-0.0222068435217224,0.035432525951557,-0.1417301038062283,-0.0842137639369473,0.059115724721261,-0.1190926566705113,-0.01039600153787,0.0030142252979623,-0.1793771626297577,-0.0935640138408304,0.0629911572472126,-8.211550939587829,-14.232397365788724,-6.365480348491527,-13.498331117777871,,,,,,,,,,,,,,
EXPA-116,107.897697,33.705977,w2,10,edge,m3a,M3A-w2-0536,否,草地,中,均质灰绿草被，无树冠,judge_A_02.csv,False,11,-0.0199307958477508,-0.0022145328719723,0.0842137639369473,0.1301653210303729,0.1137408688965782,-0.0935640138408304,-0.1537870049980776,0.1998615916955017,0.1417301038062283,0.059115724721261,0.3460207612456747,0.0553633217993079,-0.059115724721261,-0.0222068435217224,-0.1301653210303729,-0.0553633217993079,-0.0517339484813533,-0.1137408688965782,-0.3647212610534409,-0.0482276047673971,-0.0049826989619377,-0.17279507881584,0.0415840061514801,-0.059115724721261,0.1137408688965782,-0.1793771626297577,-0.075355632449058,-0.1190926566705113,-0.0325413302575932,0.16,-0.0842137639369473,0.1537870049980776,0.1137408688965782,0.059115724721261,-0.1476970396001538,0.0049826989619377,-0.2599000384467512,-0.0482276047673971,-0.0517339484813533,0.0009842368319876,-0.059115724721261,-0.000553633217993,0.0669896193771626,0.075355632449058,-0.1358861976163014,0.1245674740484429,0.1190926566705113,-0.0448442906574394,0.1301653210303729,0.0074432910419069,-0.0517339484813533,-0.0553633217993079,0.0415840061514801,0.2679584775086506,0.0669896193771626,-0.0482276047673971,-0.0842137639369473,-0.1998615916955017,-0.2214532871972318,-0.1190926566705113,-0.1358861976163014,0.0088581314878892,0.0039369473279507,0.059115724721261,-13.99457705786346,-19.87840035049732,-16.823479772130327,-24.27071534989981,0.2908732891082763,-0.328677624464035,-0.4336754083633423,0.510869562625885,-0.5027027130126953,-0.5684549808502197,0.8814787864685059,-0.775611400604248,-0.6137768626213074,0.7099541425704956,-0.6846126914024353,-0.6214563846588135,1678.848388671875,0.257084310054779
EXPA-117,123.079135,46.986131,w1,10,core,m3a,M3A-w1-0009,否,落叶灌丛,低,暗绿条带，疑整地灌丛行,judge_A_02.csv,False,10,-0.0271280276816609,-0.0138408304498269,0.2761399461745483,-0.16,-0.0448442906574394,-0.0177777777777777,-0.292871972318339,0.4035986159169549,0.0325413302575932,0.0138408304498269,0.2599000384467512,-0.1358861976163014,0.0482276047673971,0.0984236831987697,-0.2599000384467512,0.0711111111111111,-0.01039600153787,0.0448442906574394,-0.1663360246059207,0.0384467512495194,0.0448442906574394,-0.0325413302575932,0.1190926566705113,-0.0553633217993079,0.0711111111111111,0.1998615916955017,-0.0199307958477508,0.0415840061514801,0.3100961168781238,-0.0177777777777777,-0.0199307958477508,0.0669896193771626,-0.0888273740868896,0.1034063821607074,-0.0888273740868896,0.1476970396001538,-0.0061514801999231,-0.0297731641676278,0.0415840061514801,-0.0711111111111111,-0.1034063821607074,-0.0629911572472126,0.0246059207996924,0.0325413302575932,-0.075355632449058,0.0842137639369473,0.1245674740484429,-0.1663360246059207,0.1137408688965782,-0.0984236831987697,0.0553633217993079,0.0177777777777777,0.0222068435217224,0.0297731641676278,0.0246059207996924,0.1793771626297577,0.1358861976163014,-0.0039369473279507,-0.0629911572472126,-0.0415840061514801,-0.2214532871972318,-0.0517339484813533,-0.0888273740868896,0.0384467512495194,,,,,0.1760669499635696,-0.1944586038589477,0.4000000059604645,0.4762058854103088,-0.5637860298156738,-0.5422813892364502,0.7835014462471008,-0.7002060413360596,-0.608432412147522,0.5205937027931213,-0.6095836758613586,-0.5752136707305908,188.40879821777344,0.0426347702741622
EXPA-118,107.06927,32.687827,w2,10,core,m3a,M3A-w2-0358,否,落叶灌丛,低,暗绿丛块约半，难定树灌,judge_A_02.csv,False,10,-0.0415840061514801,0.0669896193771626,0.035432525951557,0.0842137639369473,0.0888273740868896,-0.0415840061514801,-0.1417301038062283,0.075355632449058,0.0271280276816609,0.1663360246059207,0.2288965782391388,-0.0199307958477508,-0.1417301038062283,-0.075355632449058,-0.17279507881584,-0.1137408688965782,-0.0384467512495194,-0.0629911572472126,-0.3014225297962323,-0.0669896193771626,-0.0888273740868896,-0.0448442906574394,-0.0553633217993079,-0.1085121107266436,0.0797231833910034,-0.0384467512495194,-0.0629911572472126,-0.1663360246059207,0.0222068435217224,0.1476970396001538,-0.1476970396001538,0.1301653210303729,0.0888273740868896,0.075355632449058,-0.0553633217993079,-0.035432525951557,-0.186082276047674,-0.059115724721261,-0.0842137639369473,-0.1085121107266436,-0.0177777777777777,0.0415840061514801,-0.0271280276816609,0.1663360246059207,-0.1190926566705113,0.186082276047674,0.1476970396001538,0.0246059207996924,0.1245674740484429,0.0842137639369473,-0.0797231833910034,-0.1245674740484429,0.0629911572472126,0.292871972318339,0.1476970396001538,-0.186082276047674,-0.0888273740868896,-0.1537870049980776,-0.2214532871972318,-0.2519646289888504,-0.1301653210303729,-0.186082276047674,0.0482276047673971,0.0888273740868896,,,,,0.4005168080329895,-0.4213286638259887,-0.4120781421661377,0.6220183372497559,-0.5122189521789551,-0.4949392676353454,0.8771870136260986,-0.7577422857284546,-0.5310006141662598,0.8195740580558777,-0.6882770657539368,-0.5669339895248413,1489.6639404296875,0.2504908740520477
EXPA-119,107.526872,33.921842,w2,10,core,m3a,M3A-w2-0352,否,落叶灌丛,低,暗绿点斑丛块，非树冠,judge_A_02.csv,False,10,0.0711111111111111,-0.0074432910419069,0.1537870049980776,-0.0246059207996924,-0.1085121107266436,-0.0517339484813533,-0.1417301038062283,0.2599000384467512,0.1417301038062283,0.1998615916955017,0.1663360246059207,-0.0415840061514801,-0.0061514801999231,0.0015378700499807,-0.1034063821607074,-0.0384467512495194,-0.1190926566705113,0.2214532871972318,-0.0553633217993079,-0.3278123798539023,0.0711111111111111,-0.1245674740484429,0.1358861976163014,-0.0482276047673971,0.0415840061514801,0.0199307958477508,-0.1663360246059207,0.0049826989619377,0.17279507881584,0.1476970396001538,0.0246059207996924,0.1190926566705113,0.1476970396001538,0.2599000384467512,-0.0888273740868896,-0.0797231833910034,0.0022145328719723,-0.0629911572472126,0.0415840061514801,-0.0517339484813533,-0.0325413302575932,0.0199307958477508,-0.1476970396001538,0.0448442906574394,-0.1417301038062283,-0.0015378700499807,-0.1476970396001538,0.2364628988850442,0.1034063821607074,-0.0177777777777777,0.0669896193771626,-0.0711111111111111,0.0271280276816609,0.2519646289888504,0.1476970396001538,-0.186082276047674,0.0002460592079969,-0.035432525951557,-0.1190926566705113,-0.1358861976163014,-0.17279507881584,0.0797231833910034,0.0297731641676278,0.1190926566705113,0.2458242039297932,-11.954346079918276,-5.339490664111899,-10.002929596905146,0.584991455078125,-0.5707042217254639,-0.4083850979804992,0.4303030371665954,-0.4066225290298462,-0.1880380660295486,0.7934386134147644,-0.6933078169822693,-0.5422374606132507,0.71776282787323,-0.6897605657577515,-0.5827338099479675,2788.1904296875,0.257084310054779
EXPA-120,110.183011,23.996626,w3,10,core,m3a,M3A-w3-0749,无法判读,无法判读,低,框内近全黑无对比，不可判,judge_A_02.csv,True,0,0.0517339484813533,-0.0177777777777777,0.0061514801999231,0.1137408688965782,0.0629911572472126,-0.059115724721261,-0.2364628988850442,0.17279507881584,0.0138408304498269,0.1301653210303729,0.059115724721261,0.0448442906574394,-0.2679584775086506,0.0074432910419069,-0.0325413302575932,0.0022145328719723,0.17279507881584,0.0669896193771626,-0.17279507881584,-0.1245674740484429,-0.059115724721261,0.0177777777777777,-0.0177777777777777,-0.1476970396001538,0.0325413302575932,0.0415840061514801,0.0415840061514801,-0.0711111111111111,-0.0517339484813533,0.1663360246059207,-0.0482276047673971,-0.0984236831987697,0.1417301038062283,0.0842137639369473,-0.186082276047674,-0.1034063821607074,-0.1137408688965782,0.0022145328719723,0.0074432910419069,-0.1137408688965782,0.0517339484813533,-0.01039600153787,-0.0415840061514801,0.2214532871972318,-0.0157477893118031,0.0888273740868896,0.035432525951557,0.3742560553633218,0.1245674740484429,0.1190926566705113,0.0049826989619377,-0.1998615916955017,0.0297731641676278,0.1793771626297577,0.3188927335640138,-0.1085121107266436,-0.0669896193771626,-0.0482276047673971,0.0448442906574394,-0.1929104190695886,0.0629911572472126,-0.17279507881584,0.1358861976163014,0.1417301038062283,-5.175924354455698,-11.902128771194098,-3.013365884287585,-10.430741311540933,,,,,,,,,,,,,,
EXPA-121,122.587038,47.405196,w1,10,core,m3a,M3A-w1-0012,否,草地,中,草被夹暗绿斑块，无树冠,judge_A_02.csv,False,11,-0.059115724721261,0.1245674740484429,0.2844444444444444,-0.1476970396001538,-0.1537870049980776,-0.0271280276816609,-0.2844444444444444,0.454963475586313,0.16,0.01039600153787,0.1245674740484429,-0.1358861976163014,0.1301653210303729,-0.0271280276816609,-0.1245674740484429,0.0553633217993079,0.0177777777777777,0.1929104190695886,-0.1793771626297577,-0.0553633217993079,0.0120569011918492,0.075355632449058,0.059115724721261,0.0797231833910034,0.0325413302575932,0.1476970396001538,0.0022145328719723,0.0222068435217224,0.2214532871972318,0.0517339484813533,0.1085121107266436,0.0935640138408304,-0.0049826989619377,0.1301653210303729,-0.0842137639369473,0.1085121107266436,0.0022145328719723,-0.0157477893118031,0.0629911572472126,-0.0246059207996924,0.0246059207996924,0.0297731641676278,0.0415840061514801,-0.0448442906574394,-0.0711111111111111,0.1137408688965782,0.1137408688965782,-0.1085121107266436,0.0074432910419069,-0.1417301038062283,0.1301653210303729,0.0246059207996924,-0.01039600153787,-0.0157477893118031,0.0297731641676278,0.0271280276816609,0.1137408688965782,-0.0222068435217224,-0.1793771626297577,-0.075355632449058,-0.1929104190695886,-0.0711111111111111,-0.2599000384467512,0.059115724721261,,,,,0.1199660897254943,-0.1927765309810638,0.120300754904747,0.2426792383193969,-0.3864063024520874,-0.529919445514679,0.6608538627624512,-0.6227967143058777,-0.5508919358253479,0.5048909187316895,-0.6000000238418579,-0.5893223881721497,421.4941711425781,0.287750780582428
EXPA-122,123.89247,43.482432,w1,10,core,m3a,M3A-w1-0016,否,落叶灌丛,低,暗绿丛块波纹，疑灌丛密植,judge_A_02.csv,False,10,0.0074432910419069,0.0384467512495194,0.292871972318339,-0.2364628988850442,-0.0384467512495194,0.0415840061514801,-0.17279507881584,0.3278123798539023,0.0157477893118031,-0.1358861976163014,0.1358861976163014,-0.0297731641676278,0.1085121107266436,0.0553633217993079,-0.0246059207996924,-0.0222068435217224,-0.1034063821607074,0.1417301038062283,0.0271280276816609,0.0448442906574394,-0.0482276047673971,0.0297731641676278,0.1537870049980776,0.0177777777777777,0.0271280276816609,0.1034063821607074,0.1137408688965782,-0.2214532871972318,0.1034063821607074,-0.0448442906574394,0.035432525951557,-0.0061514801999231,-0.0711111111111111,0.1190926566705113,-0.16,0.186082276047674,-0.1137408688965782,0.0415840061514801,0.1929104190695886,-0.0246059207996924,0.075355632449058,0.0177777777777777,0.0074432910419069,-0.1085121107266436,-0.1085121107266436,0.1537870049980776,0.17279507881584,0.0199307958477508,0.1358861976163014,-0.1793771626297577,0.2599000384467512,0.0553633217993079,-0.1793771626297577,-0.075355632449058,-0.0297731641676278,-0.0797231833910034,0.0039369473279507,0.0030142252979623,-0.16,-0.0842137639369473,-0.2364628988850442,0.0039369473279507,-0.2069357939254133,0.0222068435217224,-20.08386833998354,-28.788629615305787,-11.603185821667871,-17.19827294796775,0.1652440428733825,-0.2853693962097168,-0.3389906287193298,0.1900068819522857,-0.3429901599884033,-0.5174772143363953,0.845523476600647,-0.7413493394851685,-0.5453618764877319,0.4103680253028869,-0.5539568066596985,-0.3412749469280243,136.91244506835938,0.0071687358431518
EXPA-123,109.199086,33.278289,w2,10,edge,m3a,M3A-w2-0550,否,草地,低,淡干草被夹暗斑，近裸土,judge_A_02.csv,False,11,-0.0842137639369473,0.035432525951557,0.1245674740484429,0.0049826989619377,-0.0015378700499807,-0.1034063821607074,-0.2679584775086506,0.292871972318339,0.0049826989619377,0.1358861976163014,-0.1358861976163014,-0.0120569011918492,-0.1190926566705113,-0.075355632449058,-0.17279507881584,-0.16,-0.1245674740484429,0.1301653210303729,-0.3100961168781238,0.0325413302575932,-0.075355632449058,0.16,-0.0842137639369473,0.0039369473279507,0.0984236831987697,-0.0935640138408304,-0.059115724721261,-0.0553633217993079,-0.0325413302575932,0.1301653210303729,-0.0222068435217224,0.1245674740484429,-0.0061514801999231,0.1358861976163014,-0.1793771626297577,-0.0669896193771626,-0.1417301038062283,-0.1085121107266436,-0.035432525951557,0.0030142252979623,0.035432525951557,0.1793771626297577,-0.0039369473279507,-0.0415840061514801,0.0271280276816609,0.2364628988850442,0.186082276047674,0.0482276047673971,-0.0022145328719723,-0.1085121107266436,0.0246059207996924,-0.000553633217993,0.186082276047674,0.0271280276816609,-0.0629911572472126,-0.0888273740868896,-0.1034063821607074,-0.0271280276816609,-0.3100961168781238,-0.0039369473279507,-0.1301653210303729,-0.1663360246059207,-0.1929104190695886,0.0448442906574394,-10.135577082310045,-16.059748699397765,-11.88730030487211,-14.442814399314098,0.3909091055393219,-0.4963325262069702,-0.6614626049995422,0.3356384336948395,-0.4459893107414245,-0.6204432845115662,0.8285101652145386,-0.7111334204673767,-0.5609756112098694,0.6633741855621338,-0.6759554147720337,-0.6609746217727661,1022.5059814453124,0.5657371878623962
EXPA-124,109.050595,35.46389,w2,10,core,m3a,M3A-w2-0382,否,草地,低,草坡夹暗绿丛块，近林缘,judge_A_02.csv,False,11,-0.0138408304498269,-0.0222068435217224,0.0629911572472126,0.0482276047673971,0.0271280276816609,-0.1245674740484429,-0.1301653210303729,0.3647212610534409,0.0984236831987697,0.01039600153787,0.2519646289888504,0.035432525951557,-0.0177777777777777,-0.1417301038062283,-0.0325413302575932,-0.0711111111111111,-0.1476970396001538,-0.0384467512495194,-0.3188927335640138,-0.0030142252979623,-0.0039369473279507,-0.0061514801999231,0.0669896193771626,0.075355632449058,0.1085121107266436,0.0297731641676278,-0.0888273740868896,-0.0711111111111111,-0.01039600153787,0.1793771626297577,-0.0669896193771626,0.0935640138408304,0.16,0.1034063821607074,0.1358861976163014,0.0120569011918492,-0.2141330257593233,-0.2288965782391388,0.0271280276816609,-0.1034063821607074,-0.0030142252979623,0.0629911572472126,0.0935640138408304,-0.0325413302575932,-0.1245674740484429,0.0984236831987697,0.2364628988850442,-0.1245674740484429,0.0553633217993079,-0.075355632449058,0.059115724721261,0.0935640138408304,-0.0039369473279507,0.1929104190695886,-0.035432525951557,-0.0669896193771626,-0.0325413302575932,-0.1358861976163014,-0.292871972318339,-0.0629911572472126,-0.1929104190695886,-0.075355632449058,-0.186082276047674,0.0271280276816609,-11.220112906823168,-17.186379494641294,-10.091332091420458,-17.693098098147065,0.2814915776252746,-0.3806957304477691,-0.5079797506332397,0.3424608111381531,-0.4341801404953003,-0.5656028389930725,0.8783783912658691,-0.7877813577651978,-0.6319702863693237,0.5435188412666321,-0.6052836179733276,-0.5773710608482361,1214.068359375,0.3835456073284149
EXPA-125,109.72514,28.496108,w3,10,core,m3a,M3A-w3-0769,否,落叶灌丛,低,灌丛斑块夹草，非树冠,judge_A_02.csv,False,10,0.0482276047673971,0.0888273740868896,0.0177777777777777,0.1085121107266436,0.0448442906574394,-0.0888273740868896,-0.17279507881584,0.17279507881584,0.0842137639369473,0.16,-0.0246059207996924,0.0629911572472126,-0.2141330257593233,-0.0222068435217224,-0.1929104190695886,-0.0935640138408304,0.0271280276816609,0.1417301038062283,-0.16,-0.0842137639369473,-0.0842137639369473,0.075355632449058,-0.1190926566705113,-0.0842137639369473,0.0222068435217224,0.1085121107266436,-0.0271280276816609,-0.1663360246059207,0.1663360246059207,0.1793771626297577,-0.0325413302575932,-0.0797231833910034,0.0842137639369473,0.1301653210303729,-0.0984236831987697,-0.0384467512495194,-0.17279507881584,-0.0553633217993079,0.1417301038062283,-0.1137408688965782,0.0246059207996924,0.1663360246059207,-0.0325413302575932,0.075355632449058,-0.075355632449058,0.0629911572472126,-0.0271280276816609,0.3742560553633218,0.0157477893118031,0.0935640138408304,-0.0482276047673971,-0.1663360246059207,0.0482276047673971,0.1929104190695886,0.186082276047674,-0.2288965782391388,-0.0669896193771626,-0.075355632449058,-0.075355632449058,-0.1190926566705113,-0.0629911572472126,-0.1929104190695886,0.059115724721261,0.2288965782391388,-3.730065849436441,-12.096603807920165,-1.962208889440889,-7.6874887681937505,0.6712328791618347,-0.6617479920387268,-0.63922518491745,0.60317462682724,-0.5578406453132629,-0.4314049482345581,0.8064071536064148,-0.7187807559967041,-0.5777559280395508,0.7680288553237915,-0.6612083315849304,-0.5110024213790894,752.5811767578125,0.0943015813827514
EXPA-126,112.305281,24.784359,w3,10,core,m3a,M3A-w3-0739,否,草地,中,均质草绿，无树冠,judge_A_02.csv,False,11,0.0517339484813533,-0.0157477893118031,0.0888273740868896,0.0482276047673971,0.0553633217993079,-0.035432525951557,-0.3014225297962323,0.1998615916955017,-0.0297731641676278,0.1998615916955017,-0.0157477893118031,0.0157477893118031,-0.3014225297962323,-0.0384467512495194,-0.0935640138408304,-0.1417301038062283,-0.1137408688965782,0.0797231833910034,-0.0888273740868896,0.0030142252979623,-0.2441522491349481,0.1998615916955017,-0.0984236831987697,-0.17279507881584,0.0669896193771626,0.0448442906574394,-0.0482276047673971,0.0030142252979623,-0.1190926566705113,0.17279507881584,0.0888273740868896,0.1301653210303729,0.0888273740868896,0.0088581314878892,-0.3100961168781238,0.1417301038062283,-0.2069357939254133,-0.2141330257593233,-0.0271280276816609,0.0415840061514801,0.0049826989619377,0.2141330257593233,0.0138408304498269,0.1663360246059207,-0.0009842368319876,0.0711111111111111,-0.0177777777777777,0.0061514801999231,0.0482276047673971,0.0246059207996924,-0.0482276047673971,-0.0984236831987697,0.1190926566705113,0.0271280276816609,-0.01039600153787,-0.1358861976163014,-0.1358861976163014,0.0384467512495194,-0.0629911572472126,-0.0935640138408304,-0.0517339484813533,-0.2441522491349481,-0.0842137639369473,0.0482276047673971,-10.221585328180538,-14.51262815266963,-11.72790959719518,-19.07386112608519,0.6223527193069458,-0.5801698565483093,-0.5563290119171143,0.7502691149711609,-0.6995035409927368,-0.5892857313156128,0.8035611510276794,-0.6881720423698425,-0.5725865960121155,0.8207381367683411,-0.7119250893592834,-0.5845909714698792,252.34043884277344,0.1012971848249435
EXPA-127,113.732524,25.073796,w3,10,core,m3a,M3A-w3-0718,否,水体,高,框内河/塘水面，岸裸露,judge_A_02.csv,False,23,0.0222068435217224,-0.059115724721261,0.0842137639369473,0.0157477893118031,0.0384467512495194,0.1190926566705113,-0.2364628988850442,-0.0157477893118031,-0.0049826989619377,0.17279507881584,0.1929104190695886,0.0297731641676278,-0.2441522491349481,-0.0384467512495194,-0.0271280276816609,-0.0553633217993079,-0.0415840061514801,-0.1301653210303729,-0.1998615916955017,-0.0325413302575932,-0.2441522491349481,0.0711111111111111,-0.1137408688965782,-0.1358861976163014,-0.1417301038062283,0.0711111111111111,-0.0711111111111111,-0.0157477893118031,-0.0138408304498269,0.1190926566705113,0.0797231833910034,0.0246059207996924,-0.0271280276816609,-0.059115724721261,-0.1929104190695886,0.2364628988850442,-0.2141330257593233,-0.0177777777777777,0.0088581314878892,0.1663360246059207,-0.059115724721261,0.1190926566705113,0.0629911572472126,0.2519646289888504,0.0061514801999231,0.2069357939254133,0.0157477893118031,0.1085121107266436,0.01039600153787,-0.0448442906574394,-0.1085121107266436,-0.0553633217993079,0.0669896193771626,0.16,0.1190926566705113,-0.1929104190695886,-0.186082276047674,0.0074432910419069,0.0157477893118031,-0.1301653210303729,-0.0629911572472126,-0.2761399461745483,0.075355632449058,0.1537870049980776,-14.375827323797123,-20.30701080444041,-13.924920882613948,-20.14018643843486,0.4018777310848236,-0.3856948912143707,-0.3582407236099243,0.358090192079544,-0.3869968950748443,-0.3526767492294311,0.5330396294593811,-0.3730819821357727,-0.3428308963775635,0.5626081824302673,-0.4590517282485962,-0.4226566851139068,102.73442840576172,0.0786903649568557
EXPA-128,122.363897,46.900971,w1,10,edge,m3a,M3A-w1-0192,否,草地,低,厂区旁杂草空地，无树冠,judge_A_02.csv,False,11,0.0022145328719723,-0.0517339484813533,0.3460207612456747,-0.2441522491349481,-0.0448442906574394,0.1358861976163014,-0.3278123798539023,0.1929104190695886,-0.0553633217993079,-0.0553633217993079,0.17279507881584,-0.16,0.059115724721261,0.0935640138408304,-0.2069357939254133,0.0482276047673971,0.0935640138408304,0.1476970396001538,-0.1034063821607074,0.0517339484813533,-0.0157477893118031,0.0061514801999231,0.1417301038062283,-0.0271280276816609,-0.1245674740484429,0.3100961168781238,0.0935640138408304,-0.0517339484813533,0.1998615916955017,-0.0009842368319876,0.0629911572472126,-0.0177777777777777,-0.0669896193771626,0.0157477893118031,0.0074432910419069,0.1998615916955017,-0.1190926566705113,0.0222068435217224,0.0199307958477508,-0.0297731641676278,-0.0482276047673971,-0.1190926566705113,0.0297731641676278,0.0138408304498269,-0.0669896193771626,0.186082276047674,0.0935640138408304,-0.0553633217993079,0.059115724721261,-0.16,0.2069357939254133,0.0039369473279507,-0.0246059207996924,0.0157477893118031,0.0669896193771626,-0.075355632449058,0.0517339484813533,0.0074432910419069,-0.0517339484813533,-0.01039600153787,-0.1793771626297577,-0.0842137639369473,-0.2069357939254133,-0.01039600153787,,,,,0.0516666658222675,-0.0837269201874733,0.515625,0.1474480181932449,-0.2772225141525268,-0.3828879296779632,0.4095341265201568,-0.4080086648464203,-0.4145036041736603,0.2106854766607284,-0.3366722166538238,-0.3833419680595398,310.69464111328125,0.1581123173236847
EXPA-129,108.238877,23.279771,w3,10,core,m3a,M3A-w3-0753,否,草地,低,规则斑点草被，疑苗圃/荒草,judge_A_02.csv,False,11,-0.0325413302575932,0.0177777777777777,0.186082276047674,-0.0517339484813533,0.0271280276816609,0.1537870049980776,-0.2519646289888504,0.059115724721261,-0.0415840061514801,0.0984236831987697,-0.0297731641676278,0.2069357939254133,-0.1998615916955017,0.1358861976163014,-0.0553633217993079,-0.0297731641676278,-0.075355632449058,-0.0271280276816609,-0.2519646289888504,-0.0039369473279507,-0.1476970396001538,0.1663360246059207,-0.0797231833910034,-0.1085121107266436,-0.1537870049980776,0.0384467512495194,-0.0157477893118031,0.0297731641676278,-0.0935640138408304,0.1301653210303729,0.2214532871972318,0.1034063821607074,0.1034063821607074,0.0325413302575932,-0.2844444444444444,0.2441522491349481,-0.1998615916955017,-0.0935640138408304,0.000553633217993,0.0553633217993079,0.0629911572472126,0.059115724721261,0.0517339484813533,0.1998615916955017,0.0384467512495194,0.1663360246059207,0.1417301038062283,0.0088581314878892,-0.1190926566705113,-0.0984236831987697,0.0049826989619377,-0.1417301038062283,0.0030142252979623,-0.059115724721261,0.0711111111111111,-0.1663360246059207,-0.1137408688965782,0.0842137639369473,-0.16,-0.1998615916955017,-0.1301653210303729,-0.1417301038062283,-0.0271280276816609,-0.0384467512495194,-13.93312165017586,-20.539807741260997,-13.281054368986393,-16.474050669393108,0.7965567708015442,-0.7596485018730164,-0.5836247801780701,0.6953049898147583,-0.6433436274528503,-0.548235297203064,0.7454789280891418,-0.6623432040214539,-0.435478150844574,0.3251327276229858,-0.4371576905250549,-0.5442865490913391,176.9384002685547,0.044697355479002
EXPA-130,108.124072,25.678812,w3,10,core,m3a,M3A-w3-0729,否,落叶灌丛,低,深绿致密软斑，疑灌丛草,judge_A_02.csv,False,10,0.0711111111111111,0.0271280276816609,-0.0448442906574394,0.075355632449058,0.0669896193771626,-0.0061514801999231,-0.3188927335640138,0.186082276047674,0.075355632449058,0.0984236831987697,0.035432525951557,0.0629911572472126,-0.2599000384467512,0.0199307958477508,-0.0297731641676278,-0.0553633217993079,0.1245674740484429,0.0030142252979623,-0.1793771626297577,-0.1245674740484429,-0.0984236831987697,-0.1417301038062283,-0.059115724721261,-0.1190926566705113,0.059115724721261,0.16,-0.0271280276816609,-0.1034063821607074,-0.0629911572472126,0.1998615916955017,-0.0297731641676278,-0.035432525951557,0.186082276047674,0.0935640138408304,-0.1417301038062283,-0.0222068435217224,-0.1417301038062283,0.0030142252979623,0.0842137639369473,0.035432525951557,0.0199307958477508,0.0711111111111111,-0.0157477893118031,0.16,-0.0325413302575932,0.0325413302575932,-0.0297731641676278,0.3936947327950788,0.075355632449058,0.0842137639369473,0.0222068435217224,-0.1998615916955017,0.075355632449058,0.17279507881584,0.2844444444444444,-0.1245674740484429,-0.0711111111111111,-0.0297731641676278,-0.0177777777777777,-0.1358861976163014,-0.0061514801999231,-0.1537870049980776,0.0325413302575932,0.1929104190695886,-6.0495799524836125,-14.002898531704634,-5.475022948172118,-9.757327426457534,,,,,,,,,,,,,,
EXPA-131,109.907048,27.926935,w3,10,core,m3a,M3A-w3-0773,否,落叶灌丛,低,深绿软斑密被，非树冠,judge_A_02.csv,False,10,0.059115724721261,0.0842137639369473,0.1190926566705113,0.075355632449058,0.0842137639369473,-0.0246059207996924,-0.3100961168781238,0.1663360246059207,0.0120569011918492,0.1537870049980776,-0.0629911572472126,0.1476970396001538,-0.2679584775086506,-0.0246059207996924,-0.1301653210303729,-0.1358861976163014,-0.1476970396001538,0.1358861976163014,-0.1085121107266436,0.0030142252979623,-0.1417301038062283,0.1190926566705113,-0.0384467512495194,-0.059115724721261,0.0482276047673971,0.1137408688965782,-0.1190926566705113,-0.0984236831987697,0.075355632449058,0.1190926566705113,0.0448442906574394,0.1301653210303729,0.0984236831987697,0.0842137639369473,-0.1663360246059207,0.1301653210303729,-0.1663360246059207,-0.1929104190695886,0.0888273740868896,0.0842137639369473,-0.0482276047673971,0.1793771626297577,0.0061514801999231,0.1190926566705113,-0.0482276047673971,0.1476970396001538,0.0553633217993079,0.1793771626297577,0.0222068435217224,0.0297731641676278,0.01039600153787,-0.1137408688965782,0.1085121107266436,0.0797231833910034,-0.0138408304498269,-0.292871972318339,-0.1929104190695886,0.0030142252979623,-0.2069357939254133,-0.1137408688965782,-0.1190926566705113,-0.186082276047674,-0.0157477893118031,0.0517339484813533,-9.16826049759758,-13.952977998677202,-9.041979232002664,-14.233493087522486,0.7118763327598572,-0.6951983571052551,-0.631313145160675,0.7519450783729553,-0.6030150651931763,-0.4529717266559601,0.798566997051239,-0.6978049874305725,-0.5124562382698059,0.8147290349006653,-0.7359326481819153,-0.5810193419456482,487.5508117675781,0.0425300560891628
EXPA-132,107.49076,32.003849,w2,10,edge,m3a,M3A-w2-0541,否,不透水面,低,村内灰白小路，旁暗树影,judge_A_02.csv,False,21,0.0482276047673971,0.0039369473279507,0.1301653210303729,0.0842137639369473,0.1301653210303729,0.1663360246059207,-0.186082276047674,0.0246059207996924,-0.0022145328719723,0.0842137639369473,0.0553633217993079,-0.0199307958477508,-0.2519646289888504,-0.01039600153787,-0.0517339484813533,-0.2441522491349481,-0.0157477893118031,0.0325413302575932,-0.1663360246059207,0.0888273740868896,-0.16,0.0199307958477508,-0.0517339484813533,-0.1417301038062283,-0.0797231833910034,0.1358861976163014,-0.1190926566705113,-0.2069357939254133,0.1137408688965782,0.0935640138408304,0.0271280276816609,0.1137408688965782,0.035432525951557,0.0325413302575932,-0.0138408304498269,0.1663360246059207,-0.2844444444444444,-0.1301653210303729,-0.0888273740868896,0.0325413302575932,-0.0448442906574394,0.0842137639369473,-0.0482276047673971,0.1245674740484429,-0.0049826989619377,0.17279507881584,0.0842137639369473,0.0246059207996924,0.0669896193771626,-0.0888273740868896,0.0177777777777777,-0.0415840061514801,0.0448442906574394,0.1793771626297577,0.17279507881584,-0.3460207612456747,-0.0553633217993079,0.0711111111111111,-0.16,-0.1793771626297577,-0.1358861976163014,-0.2679584775086506,0.0009842368319876,-0.035432525951557,,,,,0.4335971772670746,-0.4395054578781128,-0.3185397386550903,0.2478802949190139,-0.3051643073558807,-0.2023952156305313,0.3214285671710968,-0.3777559995651245,-0.271580159664154,0.3832599222660064,-0.4088614583015442,-0.2736044228076935,804.4300537109375,0.2504908740520477
EXPA-133,123.880882,46.385428,w1,10,edge,m3a,M3A-w1-0201,否,草本旱地,中,条带状作物行，旱作田,judge_A_02.csv,False,0,0.0157477893118031,-0.0325413302575932,0.2679584775086506,-0.2599000384467512,-0.035432525951557,0.0984236831987697,-0.3100961168781238,0.2599000384467512,-0.1085121107266436,0.0074432910419069,0.1245674740484429,-0.186082276047674,-0.0448442906574394,0.059115724721261,-0.2069357939254133,0.1034063821607074,0.0246059207996924,0.059115724721261,-0.2288965782391388,0.0629911572472126,0.0669896193771626,-0.0482276047673971,0.0888273740868896,-0.0415840061514801,0.0138408304498269,0.3368550557477893,0.1245674740484429,-0.0842137639369473,0.2679584775086506,0.0517339484813533,-0.0015378700499807,0.0517339484813533,-0.0246059207996924,0.01039600153787,-0.0984236831987697,0.186082276047674,-0.0138408304498269,0.0049826989619377,0.0177777777777777,-0.1358861976163014,-0.0517339484813533,-0.1301653210303729,-0.0384467512495194,0.0061514801999231,-0.0120569011918492,0.1476970396001538,0.1998615916955017,-0.1034063821607074,0.0935640138408304,-0.0888273740868896,0.16,-0.01039600153787,0.0199307958477508,0.0177777777777777,-0.0177777777777777,0.0049826989619377,0.0842137639369473,-0.0384467512495194,0.01039600153787,0.0157477893118031,-0.1476970396001538,-0.0711111111111111,-0.186082276047674,-0.0448442906574394,,,,,0.1085734367370605,-0.152721956372261,0.6683453321456909,0.2473456561565399,-0.3887915909290313,-0.4631801545619964,0.7129117846488953,-0.6606060862541199,-0.5649835467338562,0.34085413813591,-0.4510573446750641,-0.3060493171215057,137.0462646484375,0.0426347702741622
EXPA-134,110.629024,24.230009,w3,10,core,m3a,M3A-w3-0738,否,草地,低,浅绿草被，下缘暗斑,judge_A_02.csv,False,11,0.1537870049980776,0.0669896193771626,0.0517339484813533,0.1301653210303729,0.1137408688965782,-0.0120569011918492,-0.3100961168781238,0.0842137639369473,0.0157477893118031,0.1929104190695886,0.075355632449058,0.1085121107266436,-0.3188927335640138,0.0039369473279507,-0.1537870049980776,-0.0384467512495194,-0.01039600153787,-0.0015378700499807,-0.1190926566705113,-0.1085121107266436,-0.1137408688965782,0.0030142252979623,0.0002460592079969,-0.16,-0.0088581314878892,-0.0246059207996924,-0.0297731641676278,-0.0984236831987697,-0.1417301038062283,0.1358861976163014,0.0797231833910034,0.0669896193771626,0.2069357939254133,-0.0199307958477508,-0.2441522491349481,0.0984236831987697,-0.2141330257593233,-0.2069357939254133,-0.0553633217993079,-0.0325413302575932,0.0297731641676278,0.075355632449058,-0.0297731641676278,0.2214532871972318,-0.0415840061514801,0.075355632449058,0.0415840061514801,0.1301653210303729,0.1245674740484429,0.1301653210303729,-0.0517339484813533,-0.2844444444444444,0.0297731641676278,0.0935640138408304,0.0842137639369473,-0.17279507881584,-0.1301653210303729,-0.0384467512495194,-0.0888273740868896,-0.186082276047674,0.0009842368319876,-0.1358861976163014,0.01039600153787,0.0711111111111111,-9.50199199059191,-16.036301381735598,-7.937682141609274,-16.428490337462414,,,,,,,,,,,,,,
EXPA-135,124.795546,46.713942,w1,10,edge,m3a,M3A-w1-0204,否,不透水面,低,厂区场地含白色构筑物,judge_A_02.csv,False,21,-0.059115724721261,-0.0297731641676278,0.2519646289888504,-0.1537870049980776,-0.0984236831987697,0.0157477893118031,-0.2679584775086506,0.3188927335640138,-0.0711111111111111,-0.0002460592079969,0.2288965782391388,-0.1793771626297577,0.0711111111111111,0.0271280276816609,-0.2288965782391388,-0.0177777777777777,0.035432525951557,0.0797231833910034,-0.1245674740484429,0.0935640138408304,0.0517339484813533,-0.0517339484813533,0.1476970396001538,-0.059115724721261,0.0415840061514801,0.3936947327950788,0.1417301038062283,0.0157477893118031,0.2069357939254133,-0.0384467512495194,-0.0222068435217224,0.0629911572472126,-0.1034063821607074,0.0199307958477508,-0.0271280276816609,0.1085121107266436,0.0049826989619377,-0.0271280276816609,0.0984236831987697,-0.0049826989619377,0.0039369473279507,-0.1929104190695886,-0.0384467512495194,0.0448442906574394,-0.0482276047673971,0.1998615916955017,0.1476970396001538,-0.0711111111111111,0.0888273740868896,-0.0797231833910034,0.1358861976163014,0.0797231833910034,0.0138408304498269,0.0061514801999231,0.0669896193771626,-0.0177777777777777,0.1190926566705113,0.0199307958477508,-0.1034063821607074,-0.1417301038062283,-0.17279507881584,-0.0061514801999231,-0.16,0.0384467512495194,-13.28926134317533,-18.63384311689644,-9.43454204716564,-15.671003866978458,0.0600664764642715,-0.0768117681145668,0.4527514278888702,0.2108910828828811,-0.3573806881904602,-0.4515747129917145,0.6215891242027283,-0.5593572854995728,-0.4360946714878082,0.4443021714687347,-0.511051595211029,-0.5035701990127563,141.34585571289062,0.0073816399089992
EXPA-136,108.629105,26.496997,w3,10,core,m3a,M3A-w3-0737,无法判读,无法判读,低,云雾或浑水面，地物不可辨,judge_A_02.csv,True,0,0.0935640138408304,0.0553633217993079,0.1793771626297577,0.0669896193771626,0.1034063821607074,0.0039369473279507,-0.292871972318339,0.1417301038062283,-0.0325413302575932,0.1663360246059207,0.035432525951557,0.0797231833910034,-0.2364628988850442,0.0482276047673971,-0.1085121107266436,-0.1245674740484429,-0.1085121107266436,0.0384467512495194,-0.0935640138408304,-0.0629911572472126,-0.1998615916955017,0.0935640138408304,-0.0384467512495194,-0.17279507881584,-0.0325413302575932,-0.0384467512495194,-0.0448442906574394,-0.1190926566705113,-0.1245674740484429,0.1034063821607074,0.0325413302575932,0.1417301038062283,0.0517339484813533,0.1085121107266436,-0.3100961168781238,0.1190926566705113,-0.1929104190695886,-0.1663360246059207,-0.0669896193771626,0.075355632449058,-0.0039369473279507,0.2214532871972318,-0.0935640138408304,0.1793771626297577,-0.01039600153787,0.1663360246059207,0.0074432910419069,0.1190926566705113,0.0222068435217224,-0.035432525951557,0.0015378700499807,-0.1663360246059207,0.1190926566705113,0.0629911572472126,-0.0384467512495194,-0.2364628988850442,-0.1358861976163014,0.0015378700499807,-0.1537870049980776,-0.2069357939254133,-0.0842137639369473,-0.1245674740484429,-0.0271280276816609,0.0297731641676278,-15.765280236206504,-22.36736968703568,-11.818871510370489,-18.31676370700724,,,,,,,,,,,,,,
EXPA-137,110.194869,26.195163,w3,10,core,m3a,M3A-w3-0757,否,草地,中,黄绿干草被夹绿斑，无树冠,judge_A_02.csv,False,11,0.0553633217993079,0.1245674740484429,0.0935640138408304,0.1476970396001538,0.1358861976163014,-0.0984236831987697,-0.2141330257593233,0.1190926566705113,0.0984236831987697,0.0888273740868896,0.186082276047674,0.0984236831987697,-0.2679584775086506,-0.0297731641676278,-0.2214532871972318,-0.0842137639369473,-0.1137408688965782,-0.0517339484813533,-0.2288965782391388,-0.035432525951557,-0.1417301038062283,0.035432525951557,-0.0842137639369473,-0.0629911572472126,0.1137408688965782,-0.035432525951557,-0.0711111111111111,-0.0888273740868896,-0.1417301038062283,0.0797231833910034,0.059115724721261,0.17279507881584,0.1085121107266436,-0.0030142252979623,-0.1998615916955017,0.0711111111111111,-0.2599000384467512,-0.2441522491349481,0.0039369473279507,-0.0088581314878892,-0.0669896193771626,0.0842137639369473,0.0448442906574394,0.0842137639369473,-0.0517339484813533,0.1190926566705113,0.1245674740484429,0.0482276047673971,0.1085121107266436,0.0384467512495194,-0.075355632449058,-0.1998615916955017,0.075355632449058,0.17279507881584,0.0088581314878892,-0.1793771626297577,-0.075355632449058,-0.1537870049980776,-0.1476970396001538,-0.1998615916955017,-0.0984236831987697,-0.1085121107266436,-0.0553633217993079,0.0177777777777777,-13.217879290988042,-16.962461201651045,-13.4786905205426,-18.856819262646724,0.5884529948234558,-0.615963876247406,-0.6619158387184143,0.7674121260643005,-0.6817145347595215,-0.494325041770935,0.8050761222839355,-0.6921246647834778,-0.5207407474517822,0.8018815517425537,-0.74490886926651,-0.6972010135650635,922.806396484375,0.1278886348009109
EXPA-138,113.93734,24.190662,w3,10,core,m3a,M3A-w3-0775,无法判读,无法判读,低,深暗低对比，冠层不可辨,judge_A_02.csv,True,0,0.0553633217993079,0.0199307958477508,-0.0629911572472126,0.1417301038062283,0.0297731641676278,0.0157477893118031,-0.292871972318339,0.1137408688965782,0.075355632449058,0.0984236831987697,0.0061514801999231,0.1085121107266436,-0.3368550557477893,0.0030142252979623,-0.0842137639369473,0.0325413302575932,0.0384467512495194,-0.0842137639369473,-0.1793771626297577,-0.0448442906574394,-0.1190926566705113,-0.0517339484813533,-0.0271280276816609,-0.1358861976163014,0.0199307958477508,0.0669896193771626,-0.059115724721261,-0.1085121107266436,-0.1358861976163014,0.2288965782391388,0.0482276047673971,0.0271280276816609,0.2141330257593233,-0.0271280276816609,-0.2141330257593233,0.1034063821607074,-0.1793771626297577,-0.0935640138408304,0.0629911572472126,-0.0002460592079969,-0.0022145328719723,0.0553633217993079,0.0517339484813533,0.186082276047674,0.0157477893118031,0.0888273740868896,-0.0517339484813533,0.2599000384467512,0.1301653210303729,0.0935640138408304,-0.0271280276816609,-0.2141330257593233,0.0517339484813533,0.2069357939254133,0.1537870049980776,-0.1663360246059207,-0.1417301038062283,-0.0120569011918492,-0.0482276047673971,-0.1663360246059207,0.0415840061514801,-0.16,0.0415840061514801,0.1793771626297577,-10.322593696637853,-16.63817360071453,-11.533799907883688,-16.349779668816836,0.7183446288108826,-0.6589147448539734,-0.3748633861541748,0.8199647068977356,-0.7156590819358826,-0.5014586448669434,0.6172677278518677,-0.4970760345458984,-0.1788342893123626,0.781889021396637,-0.7086834907531738,-0.4597402513027191,351.1851501464844,0.1822571605443954
EXPA-139,109.054637,28.060874,w3,10,core,m3a,M3A-w3-0722,否,落叶灌丛,低,深绿丛斑夹浅斑，非树冠,judge_A_02.csv,False,10,0.0271280276816609,0.059115724721261,0.0222068435217224,0.1190926566705113,0.0517339484813533,-0.0448442906574394,-0.3014225297962323,0.17279507881584,0.059115724721261,0.1190926566705113,0.0935640138408304,0.0984236831987697,-0.2364628988850442,0.0297731641676278,-0.0842137639369473,-0.0842137639369473,0.035432525951557,-0.0039369473279507,-0.186082276047674,-0.1034063821607074,-0.1358861976163014,-0.0797231833910034,-0.035432525951557,-0.16,0.059115724721261,0.16,-0.0325413302575932,-0.1358861976163014,-0.0015378700499807,0.1998615916955017,-0.0222068435217224,0.0711111111111111,0.1476970396001538,0.0888273740868896,-0.17279507881584,0.0030142252979623,-0.2288965782391388,0.035432525951557,0.0984236831987697,0.0271280276816609,0.0448442906574394,0.1085121107266436,-0.0246059207996924,0.1998615916955017,-0.0629911572472126,0.0199307958477508,0.0629911572472126,0.292871972318339,0.1417301038062283,0.0888273740868896,0.0039369473279507,-0.1793771626297577,0.0888273740868896,0.2069357939254133,0.186082276047674,-0.186082276047674,-0.1358861976163014,-0.0888273740868896,-0.0517339484813533,-0.1085121107266436,-0.0935640138408304,-0.17279507881584,0.0842137639369473,0.1358861976163014,-10.277626973394751,-15.103482178965807,-7.052694497558662,-13.798031729356588,0.711797297000885,-0.6586114168167114,-0.4700803756713867,0.7460472583770752,-0.5827423334121704,-0.4765523672103882,0.6874848008155823,-0.5359433889389038,-0.3571319282054901,0.8105424046516418,-0.7050359845161438,-0.5572354197502136,527.0940551757812,0.0943015813827514
EXPA-140,109.009631,26.670013,w3,10,edge,m3a,M3A-w3-0866,是,常绿阔叶林,低,斑驳林冠，亮斑为受光冠幅,judge_A_02.csv,False,4,0.0120569011918492,0.0015378700499807,0.0482276047673971,0.0984236831987697,0.0711111111111111,-0.0517339484813533,-0.3188927335640138,0.16,0.0797231833910034,0.16,0.0797231833910034,0.0842137639369473,-0.1793771626297577,-0.0120569011918492,-0.0448442906574394,-0.0935640138408304,-0.0984236831987697,0.0384467512495194,-0.1358861976163014,-0.186082276047674,-0.2069357939254133,-0.0553633217993079,-0.0199307958477508,-0.1417301038062283,-0.0177777777777777,0.2141330257593233,-0.0629911572472126,-0.1137408688965782,0.0271280276816609,0.1417301038062283,-0.0030142252979623,0.1245674740484429,0.1476970396001538,0.0984236831987697,-0.075355632449058,0.0888273740868896,-0.186082276047674,0.0246059207996924,0.1085121107266436,0.0517339484813533,0.0482276047673971,0.0797231833910034,-0.0517339484813533,0.1998615916955017,-0.0448442906574394,0.0384467512495194,-0.0157477893118031,0.292871972318339,0.0842137639369473,0.0061514801999231,0.0415840061514801,-0.0629911572472126,0.0888273740868896,0.2364628988850442,0.1476970396001538,-0.2519646289888504,-0.1358861976163014,-0.0088581314878892,-0.0888273740868896,-0.1998615916955017,-0.1245674740484429,-0.186082276047674,0.0797231833910034,0.1190926566705113,-12.37755430298703,-17.89298408731216,-8.263573506300592,-14.325572345725334,0.6197530627250671,-0.5508274435997009,-0.4516594409942627,0.6095346212387085,-0.5568161010742188,-0.5067209601402283,0.756226122379303,-0.645025908946991,-0.4778504073619842,0.7961382865905762,-0.7182130813598633,-0.6104512810707092,792.0812377929688,0.1536105275154113
EXPA-141,106.337323,31.786906,w2,10,core,m3a,M3A-w2-0408,是,常绿阔叶林,低,农舍旁密绿冠层，无行距,judge_A_02.csv,False,4,0.0271280276816609,0.0271280276816609,0.0711111111111111,0.1137408688965782,0.1034063821607074,0.0888273740868896,-0.2519646289888504,0.0415840061514801,0.0629911572472126,-0.0297731641676278,0.1417301038062283,0.0888273740868896,-0.2141330257593233,0.0325413302575932,-0.1537870049980776,-0.1929104190695886,-0.0711111111111111,-0.16,-0.2599000384467512,0.0842137639369473,-0.1190926566705113,-0.0711111111111111,-0.1085121107266436,-0.1358861976163014,-0.0246059207996924,0.0138408304498269,0.0482276047673971,-0.1476970396001538,-0.0297731641676278,0.075355632449058,0.1929104190695886,0.2069357939254133,0.0246059207996924,-0.01039600153787,-0.186082276047674,0.2441522491349481,-0.292871972318339,-0.0629911572472126,0.059115724721261,0.1537870049980776,-0.1190926566705113,0.1245674740484429,0.0629911572472126,0.1085121107266436,0.0015378700499807,0.1663360246059207,-0.0030142252979623,0.075355632449058,-0.0384467512495194,-0.0138408304498269,-0.0711111111111111,-0.1301653210303729,0.059115724721261,0.1663360246059207,0.0669896193771626,-0.2069357939254133,-0.1476970396001538,-0.075355632449058,-0.1663360246059207,-0.0935640138408304,-0.0711111111111111,-0.1137408688965782,-0.0711111111111111,0.0629911572472126,-21.155906497036558,-24.849242258601446,-17.691481706586075,-21.36185825459075,0.4175681471824646,-0.3627287745475769,-0.2609744369983673,0.5805119872093201,-0.5324259400367737,-0.4302439093589782,0.6973684430122375,-0.6130601167678833,-0.4979720711708069,0.6203233003616333,-0.5737999081611633,-0.4582264125347137,619.5662231445312,0.2042314410209655
EXPA-142,111.008203,26.370874,w3,10,core,m3a,M3A-w3-0748,无法判读,无法判读,低,极暗低对比，地物不可辨,judge_A_02.csv,True,0,0.0711111111111111,0.075355632449058,-0.0074432910419069,0.16,0.0448442906574394,-0.1301653210303729,-0.16,0.16,0.1358861976163014,0.1929104190695886,0.0888273740868896,0.0325413302575932,-0.1929104190695886,-0.075355632449058,-0.1301653210303729,-0.0049826989619377,-0.1417301038062283,0.1663360246059207,-0.0415840061514801,-0.3100961168781238,-0.0246059207996924,0.0199307958477508,0.0049826989619377,-0.0711111111111111,0.0629911572472126,0.0797231833910034,-0.1190926566705113,-0.0448442906574394,0.035432525951557,0.16,0.0222068435217224,0.0984236831987697,0.16,0.1793771626297577,-0.1245674740484429,-0.0384467512495194,-0.16,-0.1137408688965782,0.075355632449058,-0.1085121107266436,0.0669896193771626,0.0384467512495194,-0.0984236831987697,0.0888273740868896,-0.0629911572472126,-0.0325413302575932,-0.0711111111111111,0.2761399461745483,0.1476970396001538,0.0120569011918492,0.0222068435217224,-0.1476970396001538,0.01039600153787,0.2441522491349481,0.0935640138408304,-0.2761399461745483,0.0074432910419069,0.01039600153787,-0.0482276047673971,-0.2288965782391388,-0.1537870049980776,-0.1034063821607074,0.059115724721261,0.17279507881584,-6.19741130209516,-11.39059523286969,-4.280668641103656,-10.866548748389071,,,,,,,,,,,,,,
EXPA-143,113.822805,25.534901,w3,10,core,m3a,M3A-w3-0772,是,常绿针叶林,低,细密点状冠层，密被无裸地,judge_A_02.csv,False,6,0.0842137639369473,0.0271280276816609,0.0157477893118031,0.0629911572472126,0.0517339484813533,-0.0669896193771626,-0.2069357939254133,0.2519646289888504,0.0797231833910034,0.1537870049980776,-0.0246059207996924,0.0415840061514801,-0.2069357939254133,0.0009842368319876,-0.1190926566705113,0.0199307958477508,0.0553633217993079,0.1663360246059207,-0.0669896193771626,-0.1663360246059207,-0.035432525951557,0.1358861976163014,-0.1537870049980776,-0.0517339484813533,0.0553633217993079,0.0120569011918492,-0.0061514801999231,-0.059115724721261,0.0553633217993079,0.1417301038062283,-0.0177777777777777,-0.0629911572472126,0.0669896193771626,0.1793771626297577,-0.2141330257593233,-0.0888273740868896,-0.0984236831987697,-0.0935640138408304,0.0669896193771626,-0.1085121107266436,0.0297731641676278,0.1358861976163014,0.0384467512495194,-0.0022145328719723,-0.0517339484813533,0.1034063821607074,-0.0325413302575932,0.454963475586313,0.1537870049980776,0.0222068435217224,-0.059115724721261,-0.2599000384467512,0.0415840061514801,0.1417301038062283,0.2214532871972318,-0.1034063821607074,-0.0297731641676278,-0.0797231833910034,0.0482276047673971,-0.0482276047673971,-0.000553633217993,-0.1245674740484429,0.16,0.1998615916955017,1.1782859714451084,-6.201691869225331,2.0399808146759058,-5.659173725916924,0.7700534462928772,-0.7124907374382019,-0.581270158290863,0.7992727160453796,-0.6389532685279846,-0.4349403977394104,0.688178300857544,-0.5940495729446411,-0.3812563121318817,0.837294340133667,-0.7596848607063293,-0.5921248197555542,626.8148193359375,0.0786903649568557
EXPA-144,108.945492,32.61668,w2,10,core,m3a,M3A-w2-0415,否,常绿灌丛,低,"均匀深绿细斑块无冠形,疑灌丛",judge_A_03.csv,False,9,0.0074432910419069,0.1190926566705113,0.16,0.059115724721261,0.0384467512495194,-0.0222068435217224,-0.2288965782391388,0.4035986159169549,0.0797231833910034,0.1663360246059207,-0.0448442906574394,-0.0553633217993079,-0.1137408688965782,0.000553633217993,-0.0448442906574394,-0.059115724721261,-0.0120569011918492,0.1537870049980776,-0.1793771626297577,-0.1085121107266436,-0.0984236831987697,0.1998615916955017,-0.1301653210303729,-0.0553633217993079,0.0888273740868896,0.0935640138408304,-0.075355632449058,-0.0984236831987697,0.1476970396001538,0.1537870049980776,-0.0415840061514801,0.0222068435217224,-0.0138408304498269,0.186082276047674,-0.0415840061514801,-0.0325413302575932,-0.1998615916955017,-0.1085121107266436,-0.0246059207996924,-0.0711111111111111,0.0669896193771626,0.2761399461745483,0.0325413302575932,-0.0009842368319876,-0.0415840061514801,0.0797231833910034,0.035432525951557,0.2599000384467512,0.1998615916955017,-0.01039600153787,-0.0517339484813533,-0.0222068435217224,0.0669896193771626,0.0711111111111111,0.0842137639369473,-0.0984236831987697,0.0271280276816609,-0.0222068435217224,-0.1663360246059207,0.0448442906574394,-0.1663360246059207,-0.2679584775086506,-0.0015378700499807,0.1190926566705113,-5.16658879207599,-11.461147735995642,-3.728106913130064,-11.12715738949118,0.5182205438613892,-0.5430495142936707,-0.5122577548027039,0.5604876279830933,-0.5224153995513916,-0.4927935302257538,0.868057131767273,-0.7735686898231506,-0.6133774518966675,0.7588436007499695,-0.7253862023353577,-0.614188551902771,345.7648010253906,0.4637167751789093
EXPA-145,125.266892,43.751657,w1,10,edge,m3a,M3A-w1-0206,否,草本旱地,低,"框含碎石路+阶地绿被,无树冠",judge_A_03.csv,False,0,-0.0384467512495194,-0.0553633217993079,0.2599000384467512,-0.1998615916955017,-0.1358861976163014,0.0030142252979623,-0.2599000384467512,0.2844444444444444,-0.0222068435217224,0.0177777777777777,0.2761399461745483,-0.16,0.0384467512495194,0.0246059207996924,-0.1537870049980776,-0.0984236831987697,-0.0049826989619377,0.0517339484813533,-0.16,0.059115724721261,-0.0448442906574394,-0.0039369473279507,0.0888273740868896,-0.0022145328719723,-0.0002460592079969,0.2844444444444444,0.0074432910419069,-0.0482276047673971,0.2599000384467512,-0.0199307958477508,-0.01039600153787,0.0222068435217224,-0.0711111111111111,0.059115724721261,-0.0448442906574394,0.2441522491349481,0.0088581314878892,-0.0157477893118031,0.1034063821607074,-0.0517339484813533,-0.0271280276816609,-0.1137408688965782,-0.01039600153787,0.0888273740868896,-0.0271280276816609,0.1358861976163014,0.2288965782391388,-0.0448442906574394,0.17279507881584,-0.1301653210303729,0.1793771626297577,0.0669896193771626,-0.0138408304498269,0.0120569011918492,0.0482276047673971,-0.0629911572472126,0.0984236831987697,0.0415840061514801,-0.1663360246059207,-0.1034063821607074,-0.2288965782391388,-0.059115724721261,-0.1190926566705113,-0.0074432910419069,-12.034168162769678,-21.157743917703712,-9.849594415150882,-14.335899947675925,0.1114118173718452,-0.1644612550735473,0.0354319177567958,0.2062855213880539,-0.3051184713840484,-0.4353321492671966,0.6747545599937439,-0.5611193180084229,-0.3782414197921753,0.3748702108860016,-0.4135231375694275,-0.4543046355247497,219.9107360839844,0.072098359465599
EXPA-146,126.118226,43.258213,w1,10,core,m3a,M3A-w1-0010,是,常绿阔叶林,中,浓密团状冠层深绿无裸枝,judge_A_03.csv,False,4,-0.0797231833910034,-0.0177777777777777,0.1793771626297577,-0.0984236831987697,-0.0297731641676278,-0.2141330257593233,-0.1476970396001538,0.454963475586313,0.1793771626297577,0.0246059207996924,0.2844444444444444,-0.1137408688965782,-0.0325413302575932,-0.0415840061514801,-0.1476970396001538,0.0669896193771626,0.0222068435217224,0.0297731641676278,-0.2441522491349481,-0.1034063821607074,0.1417301038062283,0.0553633217993079,0.0157477893118031,0.0157477893118031,0.1663360246059207,0.1476970396001538,-0.0629911572472126,0.0629911572472126,0.1929104190695886,0.0629911572472126,-0.0325413302575932,0.0271280276816609,-0.0177777777777777,0.1085121107266436,0.1476970396001538,0.0325413302575932,-0.0297731641676278,-0.0888273740868896,0.0935640138408304,-0.1793771626297577,-0.0138408304498269,-0.0842137639369473,0.1034063821607074,0.0553633217993079,-0.0935640138408304,0.0711111111111111,0.2214532871972318,-0.0553633217993079,0.1537870049980776,-0.0797231833910034,0.075355632449058,0.0553633217993079,-0.0711111111111111,0.0935640138408304,0.0517339484813533,0.1085121107266436,0.1417301038062283,-0.0325413302575932,-0.075355632449058,0.0074432910419069,-0.2288965782391388,-0.0049826989619377,-0.0669896193771626,0.0271280276816609,-10.503341462120098,-17.402515619621788,-10.33498122253556,-16.065381954445414,0.0830362737178802,-0.0879410207271575,0.2446105182170868,0.3359853029251098,-0.4143181145191192,-0.5272584557533264,0.8540692329406738,-0.7485663890838623,-0.5954577922821045,0.6071164011955261,-0.610100269317627,-0.5772947072982788,343.89825439453125,0.0953885614871978
EXPA-147,109.874978,24.274745,w3,10,edge,m3a,M3A-w3-0861,否,草本旱地,中,"棚边细行植+露土,疑旱作",judge_A_03.csv,False,0,-0.0415840061514801,0.0157477893118031,0.1929104190695886,-0.0030142252979623,-0.0517339484813533,0.1190926566705113,-0.2519646289888504,0.186082276047674,0.0074432910419069,0.16,-0.0935640138408304,0.0482276047673971,-0.2364628988850442,0.0448442906574394,-0.0415840061514801,0.0039369473279507,-0.0842137639369473,0.1245674740484429,-0.0448442906574394,-0.1190926566705113,-0.3188927335640138,0.2441522491349481,0.0711111111111111,-0.1417301038062283,-0.1537870049980776,0.075355632449058,-0.0199307958477508,-0.0448442906574394,-0.0517339484813533,0.1663360246059207,0.0935640138408304,-0.0120569011918492,0.0984236831987697,0.0711111111111111,-0.16,0.1476970396001538,-0.059115724721261,-0.0246059207996924,-0.059115724721261,-0.0669896193771626,0.1663360246059207,0.1537870049980776,0.0177777777777777,0.2599000384467512,0.059115724721261,0.1417301038062283,-0.059115724721261,0.1085121107266436,0.1476970396001538,0.0797231833910034,-0.0711111111111111,-0.0888273740868896,0.0553633217993079,0.0517339484813533,0.1358861976163014,-0.1537870049980776,-0.1663360246059207,0.0246059207996924,-0.0088581314878892,-0.0842137639369473,-0.0629911572472126,-0.3014225297962323,0.0553633217993079,0.0199307958477508,-8.283932442181767,-16.04051648715287,-5.849796277355816,-11.98779032161259,0.7856377363204956,-0.7803900837898254,-0.6220689415931702,0.8063135147094727,-0.7128361463546753,-0.5581576824188232,0.8235598206520081,-0.7330450415611267,-0.5338939428329468,0.8798050880432129,-0.7998962998390198,-0.5689558982849121,142.2587890625,0.0759070217609405
EXPA-148,108.366887,33.088565,w2,10,core,m3a,M3A-w2-0388,否,常绿灌丛,低,"斑驳灌草混生无树冠树影,疑灌丛",judge_A_03.csv,False,9,0.0030142252979623,0.0888273740868896,0.1417301038062283,0.0984236831987697,0.0888273740868896,-0.0482276047673971,-0.2679584775086506,0.1998615916955017,0.0482276047673971,0.0517339484813533,0.1085121107266436,0.0984236831987697,-0.16,-0.0517339484813533,-0.1793771626297577,-0.1537870049980776,-0.0984236831987697,-0.0553633217993079,-0.3278123798539023,0.0842137639369473,-0.1417301038062283,0.0297731641676278,-0.059115724721261,-0.0629911572472126,0.075355632449058,-0.1137408688965782,0.0088581314878892,-0.16,-0.075355632449058,0.1358861976163014,0.0297731641676278,0.2214532871972318,0.035432525951557,0.0842137639369473,-0.2364628988850442,0.1245674740484429,-0.2519646289888504,-0.1358861976163014,-0.0482276047673971,0.0711111111111111,-0.0022145328719723,0.2214532871972318,0.0049826989619377,0.0325413302575932,0.0120569011918492,0.1929104190695886,0.0935640138408304,-0.0482276047673971,0.0448442906574394,0.0157477893118031,-0.0482276047673971,-0.0553633217993079,0.0842137639369473,0.075355632449058,-0.0935640138408304,-0.1476970396001538,-0.1190926566705113,-0.1301653210303729,-0.2441522491349481,-0.0888273740868896,-0.16,-0.075355632449058,-0.1137408688965782,0.0222068435217224,-18.02849698880678,-20.63340653028845,-15.099592644113557,-20.616499182354,0.5171189308166504,-0.5565963983535767,-0.613166868686676,0.5477386713027954,-0.4908690750598907,-0.564873993396759,0.877250611782074,-0.7515055537223816,-0.6039737462997437,0.7787889242172241,-0.7122641801834106,-0.6339477300643921,828.99609375,0.1947533637285232
EXPA-149,109.77284,27.178818,w3,10,edge,m3a,M3A-w3-0863,否,水田,低,"村边梯田田块,绿中带褐,难辨稻旱",judge_A_03.csv,False,3,0.0482276047673971,0.075355632449058,0.1929104190695886,-0.0297731641676278,0.0842137639369473,0.01039600153787,-0.2441522491349481,0.1358861976163014,-0.0039369473279507,0.0842137639369473,-0.0049826989619377,0.059115724721261,-0.2599000384467512,-0.0669896193771626,-0.16,-0.1663360246059207,-0.1190926566705113,0.1476970396001538,-0.1537870049980776,0.0074432910419069,-0.2214532871972318,0.2288965782391388,-0.1034063821607074,-0.0711111111111111,-0.0553633217993079,0.1190926566705113,-0.1417301038062283,-0.1998615916955017,0.0984236831987697,0.2069357939254133,-0.0199307958477508,0.0448442906574394,-0.0061514801999231,0.1034063821607074,-0.1245674740484429,0.1358861976163014,-0.2141330257593233,-0.0629911572472126,0.0199307958477508,-0.035432525951557,0.0199307958477508,0.1998615916955017,-0.0199307958477508,0.1476970396001538,0.0297731641676278,0.1190926566705113,0.0842137639369473,0.1301653210303729,0.075355632449058,0.0120569011918492,-0.0222068435217224,-0.0061514801999231,0.0797231833910034,0.075355632449058,0.0138408304498269,-0.2441522491349481,-0.17279507881584,-0.0199307958477508,-0.0711111111111111,-0.0222068435217224,-0.2288965782391388,-0.2288965782391388,0.0199307958477508,0.0415840061514801,-10.819892198014584,-14.933372618872768,-6.066489029106484,-13.843316324416197,0.3124477863311767,-0.3817062377929687,-0.5240352153778076,0.5260014533996582,-0.51716148853302,-0.4182516038417816,0.6167449951171875,-0.4986511766910553,-0.3236282169818878,0.6157320141792297,-0.574834942817688,-0.5693851113319397,258.42657470703125,0.0425300560891628
EXPA-150,105.759527,32.581107,w2,10,core,m3a,M3A-w2-0361,否,稀疏植被,低,"疏草夹裸土斑,无冠影,疑撂荒地",judge_A_03.csv,False,13,0.0517339484813533,0.075355632449058,0.1793771626297577,0.0325413302575932,0.0482276047673971,0.0157477893118031,-0.2679584775086506,0.3553094963475586,0.0553633217993079,0.186082276047674,-0.0271280276816609,0.0138408304498269,-0.1190926566705113,-0.0271280276816609,-0.0325413302575932,-0.1929104190695886,-0.0297731641676278,0.0984236831987697,-0.0711111111111111,-0.1190926566705113,-0.1793771626297577,0.0553633217993079,-0.0384467512495194,-0.0984236831987697,0.0517339484813533,0.1998615916955017,-0.0553633217993079,-0.0984236831987697,0.17279507881584,0.1358861976163014,0.0049826989619377,0.1085121107266436,0.0842137639369473,0.1663360246059207,-0.0049826989619377,0.0415840061514801,-0.1663360246059207,-0.0888273740868896,0.0325413302575932,0.075355632449058,0.0482276047673971,0.2069357939254133,-0.059115724721261,0.059115724721261,-0.0448442906574394,-0.0088581314878892,-0.0984236831987697,0.1929104190695886,0.1417301038062283,0.0553633217993079,0.0415840061514801,0.0157477893118031,0.0297731641676278,0.1417301038062283,0.0711111111111111,-0.2441522491349481,-0.0517339484813533,-0.0325413302575932,-0.2599000384467512,-0.0517339484813533,-0.1793771626297577,-0.2441522491349481,-0.0448442906574394,0.1417301038062283,-9.16883963087778,-13.569455419136297,-4.453582902008542,-10.648553173345135,0.5636363625526428,-0.5663924813270569,-0.4377142786979675,0.7821826934814453,-0.6895152926445007,-0.4706953167915344,0.8376260995864868,-0.6974015831947327,-0.4893617033958435,0.8326013684272766,-0.7016071081161499,-0.5084946751594543,678.1007080078125,0.4023927748203277
EXPA-151,105.706436,31.653776,w2,10,core,m3a,M3A-w2-0409,否,草本沼泽,低,"暗绿底散布小草簇,近水塘,疑草甸沼泽",judge_A_03.csv,False,15,-0.0030142252979623,-0.0448442906574394,0.0030142252979623,0.0797231833910034,0.035432525951557,0.0888273740868896,-0.3368550557477893,0.186082276047674,0.0039369473279507,0.0842137639369473,0.1301653210303729,0.0935640138408304,-0.1476970396001538,0.059115724721261,0.0177777777777777,-0.1793771626297577,-0.0088581314878892,-0.0935640138408304,-0.1998615916955017,0.0842137639369473,-0.1793771626297577,-0.1245674740484429,-0.0246059207996924,-0.1929104190695886,0.0199307958477508,0.17279507881584,0.0384467512495194,-0.0797231833910034,0.0888273740868896,0.1663360246059207,0.0888273740868896,0.1476970396001538,0.1358861976163014,0.0448442906574394,-0.1998615916955017,0.17279507881584,-0.2288965782391388,-0.0246059207996924,0.1537870049980776,0.1663360246059207,-0.075355632449058,0.1190926566705113,0.0061514801999231,0.1663360246059207,-0.0297731641676278,0.059115724721261,0.0888273740868896,0.1417301038062283,0.0271280276816609,0.0517339484813533,0.0088581314878892,-0.1085121107266436,0.0517339484813533,0.1537870049980776,0.1663360246059207,-0.2069357939254133,-0.17279507881584,-0.0448442906574394,-0.1417301038062283,-0.1245674740484429,-0.0482276047673971,-0.186082276047674,0.0325413302575932,0.059115724721261,-13.999868732073914,-18.07133182864426,-11.7268279676521,-18.666206124632133,0.5049970746040344,-0.4341736733913421,-0.2070138752460479,0.6493625044822693,-0.5571796894073486,-0.4727412462234497,0.6878542304039001,-0.564646303653717,-0.4648212194442749,0.7877045273780823,-0.6681799292564392,-0.4981273412704468,436.6890258789063,0.1439236104488372
EXPA-152,108.358532,27.157259,w3,10,core,m3a,M3A-w3-0743,否,草地,低,"均一绿面细纹理,无冠影,疑草甸/草田",judge_A_03.csv,False,11,0.0669896193771626,0.1358861976163014,0.1476970396001538,0.059115724721261,0.0797231833910034,-0.1137408688965782,-0.292871972318339,0.1793771626297577,-0.0061514801999231,0.1190926566705113,-0.0271280276816609,0.0629911572472126,-0.2679584775086506,0.0199307958477508,-0.1663360246059207,-0.1476970396001538,-0.1537870049980776,0.1358861976163014,-0.1301653210303729,-0.0935640138408304,-0.16,0.1034063821607074,-0.059115724721261,-0.075355632449058,0.0448442906574394,0.01039600153787,-0.0384467512495194,-0.0984236831987697,-0.1085121107266436,0.1085121107266436,0.0629911572472126,0.1793771626297577,0.1190926566705113,0.1476970396001538,-0.2364628988850442,0.0711111111111111,-0.1476970396001538,-0.17279507881584,-0.0553633217993079,0.0517339484813533,0.0246059207996924,0.186082276047674,-0.075355632449058,0.1301653210303729,-0.035432525951557,0.1301653210303729,0.0157477893118031,0.1301653210303729,-0.01039600153787,0.0325413302575932,0.0022145328719723,-0.1476970396001538,0.1358861976163014,0.0199307958477508,-0.035432525951557,-0.2214532871972318,-0.1537870049980776,-0.0297731641676278,-0.1929104190695886,-0.17279507881584,-0.1417301038062283,-0.1245674740484429,-0.1245674740484429,0.0246059207996924,-12.086589084487285,-16.290067532814344,-8.354444097317389,-16.222980980509668,,,,,,,,,,,,,,
EXPA-153,125.937934,43.023214,w1,10,core,m3a,M3A-w1-0001,否,草地,低,"灰绿细斑驳草地夹灌斑,无树冠",judge_A_03.csv,False,11,-0.0797231833910034,-0.0711111111111111,0.1190926566705113,-0.1301653210303729,-0.0517339484813533,-0.2364628988850442,-0.1190926566705113,0.4136255286428297,0.16,0.0325413302575932,0.3014225297962323,-0.1537870049980776,-0.0138408304498269,-0.0415840061514801,-0.1663360246059207,0.0553633217993079,-0.035432525951557,-0.0482276047673971,-0.2214532871972318,-0.1085121107266436,0.1245674740484429,0.0138408304498269,0.0246059207996924,-0.0177777777777777,0.1190926566705113,0.17279507881584,-0.0482276047673971,0.059115724721261,0.2141330257593233,0.01039600153787,-0.0022145328719723,-0.0074432910419069,0.0039369473279507,0.075355632449058,0.1358861976163014,0.0669896193771626,-0.0415840061514801,-0.1245674740484429,0.1417301038062283,-0.2069357939254133,-0.0138408304498269,-0.0797231833910034,0.075355632449058,0.075355632449058,-0.0888273740868896,0.0669896193771626,0.2519646289888504,-0.0842137639369473,0.1137408688965782,-0.1034063821607074,0.0517339484813533,0.0553633217993079,-0.0629911572472126,0.1301653210303729,0.0553633217993079,0.17279507881584,0.1301653210303729,-0.0271280276816609,-0.0842137639369473,-0.0222068435217224,-0.1998615916955017,6.151480199923106e-05,-0.0888273740868896,0.0061514801999231,-12.579699186643648,-19.1160577362628,-9.266497227582745,-15.999556355741689,0.0925133675336837,-0.1212952807545661,0.2425300776958465,0.4530130624771118,-0.4839681386947632,-0.5327357649803162,0.8779019713401794,-0.7618992924690247,-0.5527170300483704,0.6213799118995667,-0.691624104976654,-0.6479837894439697,384.8734130859375,0.072098359465599
EXPA-154,108.987802,33.992989,w2,10,core,m3a,M3A-w2-0417,否,常绿灌丛,低,"绿块与暗影相间,无清晰树冠,疑灌丛",judge_A_03.csv,False,9,0.0415840061514801,0.0088581314878892,0.0711111111111111,0.0984236831987697,0.0797231833910034,-0.1190926566705113,-0.1663360246059207,0.2679584775086506,0.0629911572472126,0.1537870049980776,0.2069357939254133,0.0935640138408304,-0.17279507881584,-0.0797231833910034,-0.17279507881584,-0.0448442906574394,-0.1245674740484429,0.0074432910419069,-0.3368550557477893,0.0325413302575932,0.0061514801999231,-0.0297731641676278,0.01039600153787,0.0074432910419069,0.1476970396001538,-0.0415840061514801,-0.16,-0.0935640138408304,0.0482276047673971,0.17279507881584,-0.0984236831987697,0.0669896193771626,0.1085121107266436,0.0984236831987697,0.0448442906574394,0.0222068435217224,-0.2069357939254133,-0.1793771626297577,0.0120569011918492,-0.0888273740868896,-0.0842137639369473,0.0448442906574394,0.0797231833910034,0.0888273740868896,-0.16,0.186082276047674,0.1663360246059207,-0.0120569011918492,0.0482276047673971,-0.0384467512495194,-0.0325413302575932,-0.0553633217993079,0.1417301038062283,0.2844444444444444,0.0030142252979623,-0.1301653210303729,-0.0797231833910034,-0.0842137639369473,-0.2599000384467512,-0.0415840061514801,-0.2069357939254133,-0.0669896193771626,-0.0482276047673971,0.0517339484813533,-9.259193183234892,-16.02913975962875,-10.22935332909516,-17.40630905191304,0.2961941659450531,-0.3420902192592621,-0.4330708682537079,0.4852087497711181,-0.5026573538780212,-0.5798676609992981,0.8573185801506042,-0.7665410041809082,-0.5969479084014893,0.7421203255653381,-0.7021276354789734,-0.695652186870575,1130.306396484375,0.1947533637285232
EXPA-155,108.010076,23.103521,w3,10,core,m3a,M3A-w3-0780,否,水体,中,"暗蓝灰平滑无纹理,疑水面",judge_A_03.csv,False,23,-0.0120569011918492,0.0797231833910034,0.1245674740484429,-0.1137408688965782,-0.075355632449058,0.1476970396001538,-0.1137408688965782,-0.0297731641676278,-0.0669896193771626,0.1998615916955017,0.0842137639369473,0.0797231833910034,-0.2214532871972318,0.0222068435217224,0.0222068435217224,0.0138408304498269,-0.0553633217993079,0.0842137639369473,-0.1301653210303729,-0.0297731641676278,-0.3100961168781238,0.3368550557477893,-0.0842137639369473,-0.1417301038062283,-0.1358861976163014,0.059115724721261,-0.0842137639369473,-0.0888273740868896,0.0797231833910034,0.0669896193771626,0.1663360246059207,-0.0199307958477508,0.0246059207996924,-0.035432525951557,0.0222068435217224,0.1358861976163014,-0.1034063821607074,0.0629911572472126,-0.0022145328719723,0.0935640138408304,0.0325413302575932,0.1034063821607074,-0.0177777777777777,0.2364628988850442,0.0061514801999231,0.1998615916955017,0.1358861976163014,0.0984236831987697,0.1358861976163014,0.0384467512495194,0.0711111111111111,0.0384467512495194,0.035432525951557,0.0669896193771626,0.186082276047674,-0.1301653210303729,-0.0022145328719723,-0.1190926566705113,0.0088581314878892,-0.292871972318339,-0.1301653210303729,-0.3014225297962323,0.0711111111111111,0.0297731641676278,-6.247606491999402,-15.98807797774748,-5.654449672595828,-14.486188685982144,0.2341241240501403,-0.3832930326461792,-0.4442023634910583,0.2827799916267395,-0.3413481116294861,-0.3718113899230957,0.2359398007392883,-0.2648523449897766,-0.2308251559734344,0.2867830395698547,-0.3092754483222961,-0.2847759425640106,107.7262954711914,0.044697355479002
EXPA-156,108.5143,36.022283,w2,10,edge,m3a,M3A-w2-0543,否,草地,低,"均匀鲜绿细纹理无冠形,疑草甸/草田",judge_A_03.csv,False,11,0.0074432910419069,0.0157477893118031,0.0842137639369473,-0.0222068435217224,0.0049826989619377,-0.1358861976163014,-0.0888273740868896,0.4035986159169549,0.1245674740484429,0.1137408688965782,0.2364628988850442,-0.0888273740868896,-0.0482276047673971,-0.1417301038062283,0.0271280276816609,-0.0669896193771626,-0.0088581314878892,0.17279507881584,-0.3100961168781238,-0.1793771626297577,-0.0271280276816609,0.0039369473279507,-0.0039369473279507,0.0517339484813533,0.1476970396001538,0.0888273740868896,-0.0935640138408304,-0.0448442906574394,0.1358861976163014,0.2141330257593233,-0.0669896193771626,0.0797231833910034,0.17279507881584,0.2141330257593233,0.1358861976163014,-0.0888273740868896,-0.1034063821607074,-0.0325413302575932,0.035432525951557,-0.17279507881584,0.1034063821607074,0.0120569011918492,0.0842137639369473,-6.151480199923106e-05,-0.0222068435217224,0.035432525951557,0.0888273740868896,0.0482276047673971,0.1417301038062283,-0.0629911572472126,0.0325413302575932,0.075355632449058,0.0074432910419069,0.2599000384467512,0.0669896193771626,-0.0039369473279507,0.0246059207996924,-0.186082276047674,-0.1663360246059207,-0.0842137639369473,-0.1998615916955017,-0.0384467512495194,-0.0271280276816609,0.1301653210303729,-8.800053271859262,-13.73992747336038,-8.969717476896639,-11.67943229453621,0.2885906100273132,-0.3960650265216827,-0.5109109878540039,0.3504208028316498,-0.3925049304962158,-0.5220360159873962,0.8067814707756042,-0.6772420406341553,-0.5322230458259583,0.3679375350475311,-0.4400386810302734,-0.5946797132492065,1382.955322265625,0.0380645468831062
EXPA-157,113.930064,28.789857,w3,10,core,m3a,M3A-w3-0736,否,常绿灌丛,低,"深绿团块夹裸土,无清晰冠影,疑灌丛",judge_A_03.csv,False,9,0.0325413302575932,-0.0842137639369473,-0.0553633217993079,0.0629911572472126,0.0984236831987697,0.059115724721261,-0.2519646289888504,0.1793771626297577,0.0074432910419069,0.1929104190695886,-0.0177777777777777,0.0517339484813533,-0.1998615916955017,-0.0415840061514801,0.0199307958477508,-0.1085121107266436,-0.0517339484813533,-0.0039369473279507,0.0074432910419069,0.0199307958477508,-0.1085121107266436,-0.0711111111111111,-0.0271280276816609,-0.1245674740484429,0.0088581314878892,0.2844444444444444,-0.1190926566705113,-0.0448442906574394,0.1137408688965782,0.1417301038062283,0.0842137639369473,-0.0177777777777777,0.1537870049980776,-0.0199307958477508,-0.2069357939254133,0.0984236831987697,-0.2069357939254133,-0.1663360246059207,0.2441522491349481,0.0984236831987697,-0.035432525951557,0.1085121107266436,0.0669896193771626,0.1190926566705113,0.0120569011918492,0.035432525951557,0.035432525951557,0.2679584775086506,0.0935640138408304,0.0842137639369473,-0.0669896193771626,-0.1085121107266436,0.0138408304498269,0.2599000384467512,0.1793771626297577,-0.2364628988850442,-0.1245674740484429,0.0482276047673971,-0.0448442906574394,-0.1137408688965782,-0.0297731641676278,-0.1998615916955017,0.0177777777777777,0.17279507881584,-10.483205057064565,-12.640666745589048,-9.858723118348989,-15.474112809754176,0.6883190870285034,-0.5964439511299133,-0.4332198202610016,0.6573237180709839,-0.5609963536262512,-0.4442048370838165,0.7018606662750244,-0.573199987411499,-0.4594731628894806,0.7295143008232117,-0.6285178065299988,-0.4728785455226898,153.15945434570312,0.1451162546873092
EXPA-158,126.212818,43.311034,w1,10,core,m3a,M3A-w1-0004,否,草本旱地,低,"坡面细行纹夹褐,疑坡耕旱地",judge_A_03.csv,False,0,-0.0222068435217224,-0.0384467512495194,0.1417301038062283,-0.1137408688965782,0.0049826989619377,-0.2069357939254133,-0.0797231833910034,0.4237754709727028,0.1417301038062283,0.059115724721261,0.292871972318339,-0.0711111111111111,-0.0297731641676278,-0.059115724721261,-0.1998615916955017,0.0138408304498269,-0.059115724721261,-0.01039600153787,-0.2214532871972318,-0.0120569011918492,0.1537870049980776,0.0629911572472126,0.0553633217993079,0.0199307958477508,0.1476970396001538,0.0888273740868896,-0.1190926566705113,0.0517339484813533,0.1417301038062283,0.0384467512495194,-0.0246059207996924,0.0517339484813533,-0.0074432910419069,0.0482276047673971,0.1358861976163014,0.0629911572472126,-0.035432525951557,-0.2214532871972318,0.1137408688965782,-0.1793771626297577,-0.0669896193771626,-0.0669896193771626,0.0935640138408304,0.0325413302575932,-0.0935640138408304,0.0797231833910034,0.2761399461745483,-0.2141330257593233,0.0935640138408304,-0.0842137639369473,0.0553633217993079,0.0669896193771626,-0.0415840061514801,0.0325413302575932,-0.0246059207996924,0.1137408688965782,0.1085121107266436,-0.0157477893118031,-0.1245674740484429,-0.0138408304498269,-0.2141330257593233,-0.0030142252979623,-0.17279507881584,-0.0517339484813533,-9.576544357743394,-16.312868624488857,-6.927199228849671,-14.8515246236949,0.1034802794456482,-0.1465766578912735,0.2227979302406311,0.4053651392459869,-0.4493755996227264,-0.4903076589107513,0.837319552898407,-0.7409146428108215,-0.5332843065261841,0.6409908533096313,-0.6998242735862732,-0.6113765835762024,422.1944580078125,0.0953885614871978
EXPA-159,123.137077,43.379755,w1,10,edge,m3a,M3A-w1-0209,否,常绿灌丛,低,"绿带与裸土相间,点处密绿无冠影",judge_A_03.csv,False,9,-0.0797231833910034,-0.0297731641676278,0.1998615916955017,-0.075355632449058,-0.075355632449058,-0.0297731641676278,-0.1537870049980776,0.3742560553633218,0.0138408304498269,-0.1476970396001538,0.2364628988850442,-0.1417301038062283,0.1537870049980776,-0.0049826989619377,-0.1190926566705113,-0.059115724721261,-0.1137408688965782,0.1537870049980776,-0.1476970396001538,0.0984236831987697,-0.0415840061514801,0.0199307958477508,0.1476970396001538,0.0246059207996924,0.0797231833910034,0.1663360246059207,0.0297731641676278,-0.059115724721261,0.1537870049980776,0.0711111111111111,0.0074432910419069,-0.1137408688965782,-0.1301653210303729,0.1085121107266436,-0.0797231833910034,0.1929104190695886,-0.1537870049980776,-0.0711111111111111,0.1793771626297577,-0.16,0.0415840061514801,-0.0517339484813533,0.1190926566705113,-0.0222068435217224,-0.0888273740868896,0.2069357939254133,0.1998615916955017,-0.0074432910419069,0.1245674740484429,-0.1793771626297577,0.0797231833910034,0.1085121107266436,-0.0935640138408304,-0.0711111111111111,0.0669896193771626,-0.0088581314878892,0.0384467512495194,0.0935640138408304,-0.16,6.151480199923106e-05,-0.1793771626297577,-0.059115724721261,-0.1998615916955017,-0.035432525951557,,,,,0.2545662224292755,-0.4026802778244018,-0.5477168560028076,0.2622133493423462,-0.4153158068656921,-0.5500107407569885,0.6050000190734863,-0.6315120458602905,-0.6348756551742554,0.5322660207748413,-0.5491406917572021,-0.5124503970146179,158.9068603515625,0.0071687358431518
EXPA-160,109.549699,26.828475,w3,10,core,m3a,M3A-w3-0763,无法判读,无法判读,低,"全白无结构,疑厚云遮挡",judge_A_03.csv,True,0,0.1085121107266436,0.0517339484813533,0.0384467512495194,0.0517339484813533,0.0711111111111111,-0.0061514801999231,-0.2761399461745483,0.1301653210303729,0.0177777777777777,0.17279507881584,0.0325413302575932,0.0935640138408304,-0.2844444444444444,-0.0297731641676278,-0.075355632449058,-0.0888273740868896,-0.0517339484813533,0.0482276047673971,-0.0629911572472126,-0.1245674740484429,-0.0842137639369473,0.0088581314878892,0.0384467512495194,-0.1245674740484429,0.0199307958477508,0.186082276047674,-0.1190926566705113,-0.1537870049980776,0.0120569011918492,0.1417301038062283,0.0246059207996924,0.1417301038062283,0.2364628988850442,0.0271280276816609,-0.1137408688965782,0.0984236831987697,-0.1998615916955017,-0.1663360246059207,0.0669896193771626,-0.0039369473279507,-0.0138408304498269,0.1190926566705113,-0.0384467512495194,0.2141330257593233,-0.035432525951557,0.0222068435217224,0.0482276047673971,0.2441522491349481,0.17279507881584,0.0797231833910034,0.0711111111111111,-0.186082276047674,0.0030142252979623,0.1793771626297577,0.1085121107266436,-0.2679584775086506,-0.0984236831987697,-0.0222068435217224,-0.0888273740868896,-0.1998615916955017,-0.0888273740868896,-0.2069357939254133,0.0030142252979623,0.075355632449058,-7.638566177830908,-15.264399906606544,-8.076302259962704,-14.582035072173149,0.5788722634315491,-0.5326520204544067,-0.1641883552074432,0.6038601398468018,-0.5183465480804443,-0.2806978225708008,0.276752769947052,-0.3079383671283722,-0.2082501649856567,0.7821580171585083,-0.6981865167617798,-0.4552893042564392,478.4126892089844,0.1536105275154113
EXPA-161,124.594234,46.790209,w1,10,edge,m3a,M3A-w1-0205,否,不透水面,高,"厂房暗屋面与道路交界,人工面",judge_A_03.csv,False,21,0.0297731641676278,-0.075355632449058,0.2214532871972318,-0.0297731641676278,0.0120569011918492,-0.059115724721261,-0.0797231833910034,0.1245674740484429,-0.17279507881584,-0.0984236831987697,0.2141330257593233,-0.0888273740868896,-0.0138408304498269,-0.1417301038062283,-0.2679584775086506,-0.16,0.1245674740484429,0.2069357939254133,-0.0842137639369473,0.1663360246059207,0.0271280276816609,-0.0157477893118031,0.0711111111111111,0.0669896193771626,0.0984236831987697,0.2599000384467512,0.1190926566705113,-0.1137408688965782,0.1417301038062283,-0.0984236831987697,0.059115724721261,0.1034063821607074,0.0297731641676278,0.1137408688965782,0.1301653210303729,0.075355632449058,-0.0222068435217224,-0.0415840061514801,0.0553633217993079,-0.2214532871972318,-0.1358861976163014,-0.1929104190695886,0.0222068435217224,0.1190926566705113,0.075355632449058,0.2288965782391388,-0.0384467512495194,-0.0384467512495194,0.0797231833910034,0.0888273740868896,-0.0935640138408304,0.01039600153787,-0.035432525951557,0.1137408688965782,0.1085121107266436,-0.1358861976163014,0.0415840061514801,-0.1476970396001538,-0.0517339484813533,-0.1793771626297577,-0.1476970396001538,0.0199307958477508,-0.2679584775086506,0.0935640138408304,-3.011781404391184,-10.300546525336312,0.4309906248302113,-8.65712935650216,0.0399419032037258,0.0311231389641761,0.3415493071079254,0.3877550959587097,-0.395348846912384,-0.5703523755073547,0.4036585390567779,-0.3846616446971893,-0.5313788652420044,0.3794019818305969,-0.3798604309558868,-0.6512801051139832,143.0441131591797,0.0073816399089992
EXPA-162,106.304445,32.15827,w2,10,core,m3a,M3A-w2-0391,否,裸地,中,"林间空地裸土杂物,周边密林",judge_A_03.csv,False,22,0.0482276047673971,0.1190926566705113,0.1663360246059207,0.0517339484813533,0.0711111111111111,0.1034063821607074,-0.2679584775086506,0.1190926566705113,0.035432525951557,0.16,-0.0222068435217224,0.0517339484813533,-0.2288965782391388,0.01039600153787,-0.1476970396001538,-0.2364628988850442,-0.0984236831987697,0.0935640138408304,-0.1929104190695886,0.0022145328719723,-0.1929104190695886,0.1085121107266436,-0.0629911572472126,-0.0984236831987697,-0.0384467512495194,0.0553633217993079,-0.0984236831987697,-0.1034063821607074,0.0888273740868896,0.1190926566705113,0.0222068435217224,0.1537870049980776,0.0157477893118031,0.0553633217993079,-0.0797231833910034,0.1663360246059207,-0.1929104190695886,-0.1537870049980776,-0.0157477893118031,0.075355632449058,0.0074432910419069,0.1998615916955017,-0.0629911572472126,0.0984236831987697,-0.0297731641676278,0.1476970396001538,0.0517339484813533,0.0384467512495194,0.0120569011918492,-0.0415840061514801,0.0222068435217224,-0.0271280276816609,0.0935640138408304,0.0797231833910034,0.0482276047673971,-0.3014225297962323,-0.1301653210303729,0.0553633217993079,-0.2141330257593233,-0.1301653210303729,-0.1998615916955017,-0.2761399461745483,-0.0384467512495194,0.0629911572472126,-12.617727931854896,-17.4087474632462,-10.302795846774666,-15.849948779165302,0.429411768913269,-0.5057197213172913,-0.5085307955741882,0.4322580695152282,-0.4384449124336242,-0.4128716588020324,0.5589492917060852,-0.5670862793922424,-0.5054367184638977,0.6205918192863464,-0.5944167375564575,-0.486493319272995,756.2489013671875,0.2869280874729156
EXPA-163,112.866099,24.420811,w3,10,core,m3a,M3A-w3-0751,否,草地,低,"质地均匀绿被,无冠形,难分草甸/草田",judge_A_03.csv,False,11,0.0935640138408304,0.0711111111111111,0.0711111111111111,0.1190926566705113,0.1417301038062283,-0.1034063821607074,-0.2069357939254133,0.1476970396001538,0.0415840061514801,0.1245674740484429,-0.0138408304498269,0.035432525951557,-0.3368550557477893,-0.075355632449058,-0.16,-0.1358861976163014,-0.0797231833910034,0.2069357939254133,-0.0669896193771626,-0.0629911572472126,-0.1537870049980776,0.2214532871972318,-0.0888273740868896,-0.1476970396001538,0.0138408304498269,0.0553633217993079,-0.0482276047673971,-0.1663360246059207,-0.0384467512495194,0.1537870049980776,0.035432525951557,0.0415840061514801,0.1537870049980776,0.0629911572472126,-0.17279507881584,0.0797231833910034,-0.17279507881584,-0.186082276047674,0.0448442906574394,-0.0842137639369473,0.0553633217993079,0.1085121107266436,0.01039600153787,0.1793771626297577,-0.0482276047673971,0.0120569011918492,0.0015378700499807,0.1998615916955017,0.1085121107266436,0.075355632449058,-0.0222068435217224,-0.1663360246059207,0.035432525951557,0.16,0.0517339484813533,-0.2069357939254133,-0.1476970396001538,-0.0088581314878892,-0.059115724721261,-0.1929104190695886,-0.0517339484813533,-0.2214532871972318,-0.0553633217993079,0.1034063821607074,-4.263587500303378,-12.185549690533996,-4.724427158024723,-10.205315254031284,0.6877076625823975,-0.64342200756073,-0.6683383584022522,0.6780487895011902,-0.5730748176574707,-0.4868073761463165,0.8204411268234253,-0.7015098929405212,-0.6167039275169373,0.8089860081672668,-0.7356890439987183,-0.6789699792861938,435.6663818359375,0.1012971848249435
EXPA-164,108.632608,35.399481,w2,10,core,m3a,M3A-w2-0401,否,草地,中,"草坡夹散生灌斑,路缘,无冠层",judge_A_03.csv,False,11,-0.0088581314878892,-0.0120569011918492,0.0888273740868896,-0.0271280276816609,0.0030142252979623,-0.1301653210303729,-0.1793771626297577,0.292871972318339,0.0629911572472126,0.1417301038062283,0.1929104190695886,0.0384467512495194,-0.035432525951557,-0.1245674740484429,-0.1034063821607074,-0.1034063821607074,-0.2214532871972318,0.075355632449058,-0.2679584775086506,-0.0797231833910034,-0.0138408304498269,0.0553633217993079,0.075355632449058,0.0711111111111111,0.059115724721261,-0.0088581314878892,-0.1358861976163014,-0.0517339484813533,0.0246059207996924,0.2288965782391388,-0.0669896193771626,0.1929104190695886,0.1537870049980776,0.1358861976163014,0.0984236831987697,0.0271280276816609,-0.16,-0.1245674740484429,-0.0120569011918492,-0.0629911572472126,0.0157477893118031,0.0629911572472126,0.0517339484813533,-0.01039600153787,-0.0935640138408304,0.1137408688965782,0.1793771626297577,-0.1190926566705113,0.0797231833910034,-0.1417301038062283,0.1190926566705113,0.0842137639369473,0.0246059207996924,0.17279507881584,-0.0797231833910034,-0.16,-0.0711111111111111,-0.1358861976163014,-0.2844444444444444,-0.1034063821607074,-0.2679584775086506,-0.0325413302575932,-0.1137408688965782,0.01039600153787,-10.041895788639255,-17.879190511376734,-13.025213440898336,-16.631346961871046,0.285969614982605,-0.395055741071701,-0.4157303273677826,0.2845704257488251,-0.3901639282703399,-0.527661919593811,0.8507533073425293,-0.746722936630249,-0.5445465445518494,0.4545454680919647,-0.4905137419700622,-0.5107471942901611,1733.927978515625,0.3070673048496246
EXPA-165,106.798698,34.06737,w2,10,core,m3a,M3A-w2-0384,是,常绿阔叶林,低,"深阴影下浓密冠层,冠形难辨",judge_A_03.csv,False,4,-0.0177777777777777,0.0061514801999231,0.0669896193771626,0.1301653210303729,0.0482276047673971,-0.1034063821607074,-0.1476970396001538,0.2599000384467512,0.1301653210303729,0.1663360246059207,0.3100961168781238,0.0482276047673971,-0.0553633217993079,-0.0842137639369473,-0.1137408688965782,-0.0669896193771626,-0.1085121107266436,-0.0297731641676278,-0.292871972318339,-0.0935640138408304,0.0482276047673971,-0.1417301038062283,0.0669896193771626,-0.035432525951557,0.1663360246059207,-0.035432525951557,-0.1190926566705113,-0.0669896193771626,0.0553633217993079,0.1417301038062283,-0.0669896193771626,0.1663360246059207,0.1998615916955017,0.1034063821607074,0.0138408304498269,-0.0482276047673971,-0.186082276047674,-0.1417301038062283,0.0120569011918492,-0.075355632449058,-0.0669896193771626,-0.0384467512495194,0.0088581314878892,0.1137408688965782,-0.1663360246059207,0.0842137639369473,0.16,0.0325413302575932,0.1301653210303729,0.0384467512495194,-0.0138408304498269,-0.0629911572472126,0.0177777777777777,0.2761399461745483,0.1085121107266436,-0.0935640138408304,0.0009842368319876,-0.1476970396001538,-0.2844444444444444,-0.1417301038062283,-0.17279507881584,-0.01039600153787,0.0138408304498269,0.0669896193771626,,,,,0.3881040811538696,-0.426279604434967,-0.4447319805622101,0.5862361788749695,-0.5240816473960876,-0.4754835665225982,0.8722655177116394,-0.7397196292877197,-0.5271646976470947,0.6317512392997742,-0.566378653049469,-0.6031631827354431,1727.5777587890625,0.295042484998703
EXPA-166,108.246423,32.131051,w2,10,core,m3a,M3A-w2-0392,否,草地,中,"均匀细粒绿被无冠形,疑草甸/草田",judge_A_03.csv,False,11,0.035432525951557,0.0517339484813533,0.0935640138408304,0.0842137639369473,0.0984236831987697,-0.0797231833910034,-0.1793771626297577,0.3460207612456747,0.0797231833910034,0.1663360246059207,0.075355632449058,-0.0222068435217224,-0.1663360246059207,-0.0120569011918492,-0.0629911572472126,-0.075355632449058,0.075355632449058,0.16,-0.1998615916955017,-0.16,-0.0271280276816609,0.0157477893118031,-0.0935640138408304,0.0138408304498269,0.1301653210303729,-0.0482276047673971,-0.0517339484813533,-0.1085121107266436,0.1190926566705113,0.1537870049980776,-0.17279507881584,-0.0297731641676278,0.0415840061514801,0.2214532871972318,-0.1085121107266436,-0.17279507881584,-0.0669896193771626,0.0022145328719723,-0.0517339484813533,-0.0629911572472126,0.0553633217993079,0.1301653210303729,0.0138408304498269,-0.0049826989619377,-0.1190926566705113,0.1358861976163014,-0.0297731641676278,0.3014225297962323,0.2519646289888504,0.0517339484813533,-0.0711111111111111,-0.0935640138408304,0.0842137639369473,0.1929104190695886,0.2141330257593233,-0.0935640138408304,-0.0711111111111111,-0.1301653210303729,-0.075355632449058,-0.0517339484813533,-0.0842137639369473,-0.16,0.1476970396001538,0.1137408688965782,-1.351379315747495,-7.102698544987811,1.3301505341369222,-5.612848571008727,0.4668232500553131,-0.5030084252357483,-0.4540647864341736,0.6925336718559265,-0.550571858882904,-0.445489764213562,0.8673415780067444,-0.7537704706192017,-0.5646376609802246,0.8228086829185486,-0.7293591499328613,-0.5734084844589233,843.0958251953125,0.4637167751789093
EXPA-167,125.786747,43.184641,w1,10,core,m3a,M3A-w1-0019,是,常绿阔叶林,低,"密集成团冠层深绿,无裸枝",judge_A_03.csv,False,4,-0.035432525951557,-0.0039369473279507,0.1137408688965782,-0.0415840061514801,-0.0074432910419069,-0.1929104190695886,-0.1358861976163014,0.4237754709727028,0.16,-0.0074432910419069,0.3460207612456747,-0.0384467512495194,-0.059115724721261,-0.0669896193771626,-0.16,0.075355632449058,-0.0049826989619377,-0.0711111111111111,-0.2844444444444444,0.0448442906574394,0.1417301038062283,-0.0222068435217224,0.0842137639369473,0.000553633217993,0.1663360246059207,0.0984236831987697,-0.0297731641676278,0.01039600153787,0.1137408688965782,0.0629911572472126,-0.0199307958477508,0.1190926566705113,0.075355632449058,0.059115724721261,0.1301653210303729,0.1034063821607074,-0.0325413302575932,-0.2141330257593233,0.059115724721261,-0.1301653210303729,-0.1085121107266436,-0.0553633217993079,0.075355632449058,-0.0030142252979623,-0.0669896193771626,0.0842137639369473,0.2441522491349481,-0.1998615916955017,0.0842137639369473,-0.0222068435217224,0.075355632449058,0.0222068435217224,-0.1137408688965782,0.0711111111111111,0.0074432910419069,0.1085121107266436,0.1301653210303729,-0.0415840061514801,-0.0888273740868896,-0.0384467512495194,-0.1793771626297577,0.059115724721261,-0.1793771626297577,-0.0415840061514801,-9.158464189994785,-17.456709937611528,-7.052473012753369,-14.376462326717755,0.0997679829597473,-0.0925854817032814,0.2411981076002121,0.4880841970443725,-0.508628785610199,-0.4805970191955566,0.8512247800827026,-0.7417386770248413,-0.5166507959365845,0.6902045011520386,-0.7318823933601379,-0.5643340945243835,416.7192687988281,0.072098359465599
EXPA-168,125.959493,43.541991,w1,10,core,m3a,M3A-w1-0006,否,草地,低,"灰白条纹覆深绿坡面,无冠形,疑枯草/露岩",judge_A_03.csv,False,11,-0.0935640138408304,-0.0246059207996924,0.1663360246059207,-0.0629911572472126,-0.0553633217993079,-0.2141330257593233,-0.1245674740484429,0.454963475586313,0.2141330257593233,-0.0022145328719723,0.3278123798539023,-0.1085121107266436,-0.0157477893118031,-0.0384467512495194,-0.1417301038062283,0.0517339484813533,-0.01039600153787,0.0022145328719723,-0.2364628988850442,-0.1085121107266436,0.1301653210303729,0.0297731641676278,0.0199307958477508,0.0138408304498269,0.1417301038062283,0.1663360246059207,-0.0629911572472126,0.0669896193771626,0.186082276047674,0.0271280276816609,-0.0120569011918492,0.0448442906574394,0.01039600153787,0.1301653210303729,0.1245674740484429,0.0199307958477508,-0.0384467512495194,-0.0935640138408304,0.0888273740868896,-0.1793771626297577,-0.0325413302575932,-0.0888273740868896,0.1085121107266436,0.0517339484813533,-0.1034063821607074,0.0415840061514801,0.186082276047674,-0.0711111111111111,0.1417301038062283,-0.0517339484813533,0.0297731641676278,0.0448442906574394,-0.0842137639369473,0.1137408688965782,0.0384467512495194,0.1301653210303729,0.1537870049980776,-0.035432525951557,-0.1190926566705113,0.0039369473279507,-0.2141330257593233,0.01039600153787,-0.1085121107266436,0.059115724721261,-12.18050244063584,-18.88204398981517,-8.987011378975588,-15.555171730983728,0.0992679372429847,-0.1149391159415245,0.1891460567712783,0.4543811976909637,-0.4413608014583587,-0.5138293504714966,0.8882916569709778,-0.8059901595115662,-0.6167770624160767,0.7388193011283875,-0.6780319213867188,-0.6352078318595886,363.7095642089844,0.072098359465599
EXPA-169,107.605834,34.900108,w2,10,core,m3a,M3A-w2-0354,否,常绿灌丛,低,"斑驳灌草夹土斑,无冠影,疑灌丛",judge_A_03.csv,False,9,-0.0553633217993079,-0.0629911572472126,0.035432525951557,0.0797231833910034,0.01039600153787,-0.1245674740484429,-0.1663360246059207,0.292871972318339,0.0517339484813533,0.059115724721261,0.2761399461745483,0.0984236831987697,-0.0222068435217224,-0.0797231833910034,0.0022145328719723,-0.0842137639369473,-0.0711111111111111,0.01039600153787,-0.4237754709727028,-0.0517339484813533,-0.075355632449058,-0.1929104190695886,0.0325413302575932,0.01039600153787,0.1537870049980776,0.0711111111111111,-0.0246059207996924,-0.0517339484813533,0.0022145328719723,0.2288965782391388,-0.1085121107266436,0.17279507881584,0.2069357939254133,0.1190926566705113,0.0325413302575932,-0.0246059207996924,-0.1537870049980776,0.0138408304498269,0.0448442906574394,-0.0074432910419069,0.0074432910419069,-0.0297731641676278,0.0935640138408304,0.035432525951557,-0.0669896193771626,0.0517339484813533,0.1537870049980776,0.0061514801999231,0.1358861976163014,0.0325413302575932,0.059115724721261,0.0199307958477508,0.0629911572472126,0.186082276047674,0.0271280276816609,-0.0629911572472126,-0.0935640138408304,-0.292871972318339,-0.2288965782391388,-0.0384467512495194,-0.2141330257593233,0.0199307958477508,-0.0120569011918492,0.075355632449058,-14.922534303377113,-19.20106795382543,-12.707830986529936,-18.04040032856414,0.2517193853855133,-0.3787878751754761,-0.5860676169395447,0.5197454690933228,-0.4487065076828003,-0.4681583344936371,0.8256189227104187,-0.6892430186271667,-0.5228445529937744,0.4300791621208191,-0.4179202020168304,-0.5751789808273315,1259.0469970703125,0.1791452765464782
EXPA-170,109.487445,33.7367,w2,10,edge,m3a,M3A-w2-0545,是,常绿阔叶林,低,"框内近黑密被重阴影,冠形难辨",judge_A_03.csv,False,4,-0.0415840061514801,-0.0177777777777777,0.0888273740868896,0.0325413302575932,-0.01039600153787,-0.1190926566705113,-0.1476970396001538,0.17279507881584,0.0669896193771626,0.0842137639369473,0.1663360246059207,-0.0482276047673971,-0.1137408688965782,-0.0222068435217224,-0.0888273740868896,-0.075355632449058,0.0009842368319876,0.1301653210303729,-0.3553094963475586,-0.1476970396001538,-0.0325413302575932,-0.1245674740484429,0.0553633217993079,-0.1034063821607074,0.0448442906574394,0.0669896193771626,-0.0629911572472126,-0.1358861976163014,0.1245674740484429,0.2141330257593233,-0.1358861976163014,0.0271280276816609,0.1793771626297577,0.1663360246059207,0.0074432910419069,0.0177777777777777,-0.0888273740868896,0.0669896193771626,0.0061514801999231,-0.1085121107266436,0.0842137639369473,-0.0415840061514801,0.059115724721261,0.1137408688965782,-0.1358861976163014,0.1034063821607074,0.059115724721261,0.2214532871972318,0.1034063821607074,-0.0482276047673971,0.0984236831987697,-0.0177777777777777,0.0888273740868896,0.3839138792772011,0.1417301038062283,-0.0984236831987697,-0.0888273740868896,-0.1301653210303729,-0.17279507881584,-0.1476970396001538,-0.0984236831987697,-0.1476970396001538,0.0711111111111111,0.1929104190695886,-9.30257599260015,-15.716785829718104,-6.8245554635049945,-11.847381651901276,0.2297029644250869,-0.2419999986886978,-0.249504953622818,0.5202492475509644,-0.4676691591739654,-0.4431773424148559,0.7463581562042236,-0.666621208190918,-0.4335340559482574,0.5450516939163208,-0.5693923234939575,-0.6734926104545593,1310.7677001953125,0.5657371878623962
EXPA-171,126.134395,43.318849,w1,10,core,m3a,M3A-w1-0000,否,草地,低,"亮绿底夹暗斑块,无冠形,疑草灌",judge_A_03.csv,False,11,-0.0049826989619377,-0.0061514801999231,0.1663360246059207,-0.0797231833910034,-0.0088581314878892,-0.2214532871972318,-0.1537870049980776,0.454963475586313,0.1417301038062283,0.059115724721261,0.2761399461745483,-0.059115724721261,-0.0669896193771626,-0.0517339484813533,-0.1998615916955017,0.0297731641676278,-0.0984236831987697,0.0074432910419069,-0.1358861976163014,-0.0482276047673971,0.16,0.0517339484813533,0.0629911572472126,-0.0177777777777777,0.1537870049980776,0.0711111111111111,-0.1358861976163014,0.059115724721261,0.1793771626297577,0.0271280276816609,0.0297731641676278,0.0553633217993079,-0.0199307958477508,0.1137408688965782,0.0935640138408304,0.0984236831987697,0.035432525951557,-0.2441522491349481,0.1137408688965782,-0.1245674740484429,-0.1085121107266436,-0.0222068435217224,0.0384467512495194,0.075355632449058,-0.1301653210303729,0.0842137639369473,0.2679584775086506,-0.1929104190695886,0.0797231833910034,-0.0797231833910034,0.0246059207996924,-0.0009842368319876,-0.035432525951557,0.0049826989619377,-0.0325413302575932,0.0984236831987697,0.1245674740484429,0.035432525951557,-0.1537870049980776,-0.0222068435217224,-0.1663360246059207,6.151480199923106e-05,-0.1476970396001538,-0.0448442906574394,-9.463931949924476,-16.255560570015824,-8.14397422159087,-13.789885862198762,0.3934890329837799,-0.4361779689788818,-0.1486784070730209,0.5809604525566101,-0.4750198125839233,-0.496194839477539,0.910091757774353,-0.8116162419319153,-0.6305460929870605,0.738386332988739,-0.7269257307052612,-0.618146538734436,450.6586608886719,0.0953885614871978
EXPA-172,110.107013,25.472648,w3,10,core,m3a,M3A-w3-0771,否,常绿灌丛,低,"细碎绿团夹暗斑,无冠形,疑灌草",judge_A_03.csv,False,9,0.1358861976163014,0.075355632449058,0.1358861976163014,0.0246059207996924,0.0669896193771626,-0.0246059207996924,-0.292871972318339,0.1663360246059207,0.0842137639369473,0.2288965782391388,-0.075355632449058,0.1417301038062283,-0.1663360246059207,0.0297731641676278,-0.0797231833910034,-0.0482276047673971,-0.1137408688965782,0.1301653210303729,0.0553633217993079,-0.2844444444444444,-0.17279507881584,0.0797231833910034,0.0088581314878892,-0.1034063821607074,-0.0448442906574394,0.0984236831987697,-0.0984236831987697,-0.0177777777777777,0.0384467512495194,0.1476970396001538,0.0842137639369473,0.0888273740868896,0.0711111111111111,0.1137408688965782,-0.17279507881584,0.0629911572472126,-0.1245674740484429,-0.1476970396001538,0.0415840061514801,0.1245674740484429,0.0842137639369473,0.2288965782391388,-0.0415840061514801,0.1085121107266436,-0.0246059207996924,0.0271280276816609,-0.1793771626297577,0.2519646289888504,0.0711111111111111,-0.0325413302575932,0.0120569011918492,-0.1034063821607074,0.1034063821607074,0.0415840061514801,0.0246059207996924,-0.2844444444444444,-0.0553633217993079,0.0888273740868896,-0.1034063821607074,-0.1663360246059207,-0.1358861976163014,-0.1358861976163014,-0.0297731641676278,0.1301653210303729,-7.098460005629474,-12.381725292051517,-5.605026526818319,-10.959717729836772,0.8062583208084106,-0.7073631286621094,-0.4642857015132904,0.6499636769294739,-0.5545672178268433,-0.3183245956897735,0.7584331035614014,-0.6241205930709839,-0.4442793428897857,0.8242634534835815,-0.7255737781524658,-0.4857142865657806,725.0963134765625,0.17958465218544
EXPA-173,108.262053,27.616208,w3,10,core,m3a,M3A-w3-0734,否,常绿灌丛,低,"坡面深绿灌被夹裸斑,无冠影",judge_A_03.csv,False,9,0.1301653210303729,-0.0222068435217224,0.0384467512495194,0.0935640138408304,0.059115724721261,0.0297731641676278,-0.2761399461745483,0.1417301038062283,0.0199307958477508,0.16,0.0325413302575932,0.16,-0.2141330257593233,0.0325413302575932,-0.035432525951557,-0.1929104190695886,-0.0415840061514801,-0.059115724721261,-0.0177777777777777,-0.0009842368319876,-0.1998615916955017,-0.0888273740868896,0.0325413302575932,-0.16,0.0120569011918492,0.17279507881584,-0.0629911572472126,-0.1034063821607074,0.0271280276816609,0.16,0.0325413302575932,0.1301653210303729,0.0984236831987697,0.0482276047673971,-0.1537870049980776,0.17279507881584,-0.2214532871972318,-0.2141330257593233,0.075355632449058,0.1417301038062283,-0.0669896193771626,0.186082276047674,-0.0669896193771626,0.1190926566705113,-0.0797231833910034,0.0517339484813533,-0.0246059207996924,0.1085121107266436,0.0177777777777777,-0.0030142252979623,0.0415840061514801,-0.1190926566705113,0.0325413302575932,0.1537870049980776,0.0797231833910034,-0.3368550557477893,-0.1301653210303729,0.0177777777777777,-0.17279507881584,-0.2364628988850442,-0.075355632449058,-0.1476970396001538,-0.0711111111111111,0.0842137639369473,-13.734925529733228,-17.674009038222753,-13.573300886208417,-19.54145607230096,0.7619926333427429,-0.685789942741394,-0.4989444017410278,0.657608687877655,-0.5456081032752991,-0.4384133517742157,0.8549540638923645,-0.7256889343261719,-0.5393617153167725,0.8237262964248657,-0.7010058760643005,-0.4667491614818573,844.4207153320312,0.0699023157358169
EXPA-174,113.473809,28.108844,w3,10,core,m3a,M3A-w3-0726,否,常绿灌丛,低,"密布细暗点,无树冠,疑灌草丛",judge_A_03.csv,False,9,0.0711111111111111,0.0448442906574394,0.0482276047673971,0.0669896193771626,0.0669896193771626,0.0711111111111111,-0.3014225297962323,0.2364628988850442,0.0629911572472126,0.1358861976163014,0.0049826989619377,0.0888273740868896,-0.2441522491349481,-0.0517339484813533,0.0009842368319876,-0.0711111111111111,-0.0384467512495194,0.075355632449058,-0.0061514801999231,-0.1034063821607074,-0.1034063821607074,0.01039600153787,0.0177777777777777,-0.075355632449058,0.0797231833910034,0.1929104190695886,-0.1301653210303729,-0.0888273740868896,0.0325413302575932,0.16,0.1085121107266436,0.1190926566705113,0.2599000384467512,0.0384467512495194,-0.186082276047674,0.1301653210303729,-0.2214532871972318,-0.1793771626297577,0.0984236831987697,0.0246059207996924,-0.01039600153787,0.1301653210303729,0.0138408304498269,0.1301653210303729,0.075355632449058,-0.0039369473279507,-0.0088581314878892,0.2288965782391388,0.1793771626297577,0.0669896193771626,0.0061514801999231,-0.1190926566705113,-0.035432525951557,0.2214532871972318,0.1663360246059207,-0.2069357939254133,-0.0797231833910034,0.0297731641676278,-0.0088581314878892,-0.1417301038062283,-0.0984236831987697,-0.1929104190695886,0.0222068435217224,0.1476970396001538,-6.110531744101833,-15.960550530193627,-8.603330348756604,-13.610709168699335,0.7111349105834961,-0.6072507500648499,-0.4277929067611694,0.7280813455581665,-0.6209773421287537,-0.4695579707622528,0.8025113940238953,-0.6612309217453003,-0.5040431022644043,0.7842040061950684,-0.6665698289871216,-0.5146903395652771,232.20887756347656,0.1451162546873092
EXPA-175,108.821524,31.918959,w2,10,core,m3a,M3A-w2-0411,否,常绿灌丛,低,"绿底软暗团块,无冠形,疑灌草",judge_A_03.csv,False,9,-0.0177777777777777,0.1034063821607074,0.0669896193771626,0.0297731641676278,0.0517339484813533,-0.17279507881584,-0.1476970396001538,0.2599000384467512,0.1034063821607074,0.2364628988850442,-0.0222068435217224,-0.0482276047673971,-0.1085121107266436,-0.0629911572472126,-0.2141330257593233,-0.0984236831987697,-0.1245674740484429,0.1537870049980776,-0.2288965782391388,-0.1929104190695886,0.0384467512495194,0.2069357939254133,-0.17279507881584,-0.0157477893118031,0.0935640138408304,-0.0888273740868896,-0.0517339484813533,-0.0711111111111111,0.0271280276816609,0.1190926566705113,-0.0888273740868896,0.0517339484813533,-0.0482276047673971,0.1793771626297577,-0.0415840061514801,-0.1793771626297577,-0.1301653210303729,-0.17279507881584,-0.0271280276816609,-0.16,0.0553633217993079,0.1929104190695886,-0.0246059207996924,-0.0711111111111111,-0.1190926566705113,0.16,0.1417301038062283,0.1358861976163014,0.1301653210303729,-0.1034063821607074,-0.0482276047673971,-0.1034063821607074,0.1085121107266436,0.1190926566705113,0.0157477893118031,-0.1301653210303729,-0.0297731641676278,-0.0984236831987697,-0.2288965782391388,-0.1417301038062283,-0.0842137639369473,-0.1476970396001538,-0.0629911572472126,0.0553633217993079,-3.9222797631257897,-9.367606508114168,0.2626833457427504,-7.136032372747171,0.4350542724132538,-0.5557932257652283,-0.6608601212501526,0.3605045974254608,-0.4588969945907593,-0.5503674745559692,0.8978338837623596,-0.791384220123291,-0.6062732338905334,0.8313632607460022,-0.7619408369064331,-0.6558904051780701,1765.42529296875,0.1987958550453186
EXPA-176,110.650045,28.176218,w3,10,core,m3a,M3A-w3-0766,否,草地,低,"暗绿夹褐斑细纹,无冠形,疑草甸/枯草",judge_A_03.csv,False,11,0.035432525951557,0.0797231833910034,0.0074432910419069,0.1245674740484429,0.0482276047673971,-0.0888273740868896,-0.2599000384467512,0.2761399461745483,0.1034063821607074,0.1537870049980776,0.1190926566705113,0.0246059207996924,-0.2364628988850442,-0.0222068435217224,-0.17279507881584,0.0009842368319876,-0.0517339484813533,0.0842137639369473,-0.2364628988850442,-0.2069357939254133,-0.1085121107266436,0.01039600153787,-0.1085121107266436,-0.0297731641676278,0.059115724721261,0.1085121107266436,-0.0797231833910034,-0.0842137639369473,0.01039600153787,0.2364628988850442,-0.1190926566705113,0.0138408304498269,0.0935640138408304,0.17279507881584,-0.0711111111111111,-0.0517339484813533,-0.1663360246059207,-0.01039600153787,0.0482276047673971,-0.1137408688965782,0.0629911572472126,0.1358861976163014,0.0384467512495194,0.0157477893118031,-0.0669896193771626,0.0482276047673971,0.0088581314878892,0.3278123798539023,0.16,0.0448442906574394,-0.0629911572472126,-0.1301653210303729,0.0984236831987697,0.1793771626297577,0.1245674740484429,-0.17279507881584,-0.0482276047673971,-0.0842137639369473,-0.0448442906574394,0.0120569011918492,-0.1190926566705113,-0.1417301038062283,0.1245674740484429,0.1663360246059207,-5.073448051781399,-10.844736727042154,-2.9453648742735394,-10.809287791790643,0.5236406326293945,-0.5331549048423767,-0.4867603778839111,0.5390594601631165,-0.4639556407928467,-0.4427363574504852,0.8368191123008728,-0.7164948582649231,-0.5292439460754395,0.7753908634185791,-0.7226912975311279,-0.5690857172012329,596.82958984375,0.1846325844526291
EXPA-177,110.598032,27.307906,w3,10,core,m3a,M3A-w3-0735,否,草地,低,"细波纹状密草被,无冠形",judge_A_03.csv,False,11,0.059115724721261,0.0711111111111111,-0.0415840061514801,0.0797231833910034,0.1034063821607074,-0.0482276047673971,-0.2364628988850442,0.1476970396001538,0.1137408688965782,0.1417301038062283,0.1537870049980776,0.0177777777777777,-0.2141330257593233,0.0049826989619377,-0.0711111111111111,-0.1085121107266436,0.0022145328719723,0.0222068435217224,-0.2214532871972318,-0.2141330257593233,-0.1190926566705113,-0.1301653210303729,-0.0669896193771626,-0.1476970396001538,0.0797231833910034,0.0984236831987697,-0.035432525951557,-0.0888273740868896,0.0088581314878892,0.186082276047674,-0.01039600153787,0.0325413302575932,0.186082276047674,0.0935640138408304,-0.2364628988850442,-0.0199307958477508,-0.2364628988850442,-0.0061514801999231,0.1085121107266436,0.0088581314878892,0.075355632449058,0.0482276047673971,-0.0384467512495194,0.1301653210303729,-0.0222068435217224,-0.0120569011918492,0.0157477893118031,0.292871972318339,0.0888273740868896,0.0842137639369473,0.0177777777777777,-0.1663360246059207,0.1034063821607074,0.2364628988850442,0.16,-0.1476970396001538,-0.0629911572472126,-0.0984236831987697,-0.0669896193771626,-0.2214532871972318,-0.0842137639369473,-0.1190926566705113,0.0711111111111111,0.186082276047674,-9.482333505346196,-15.06567013794539,-8.362253480013187,-14.541295775190994,0.7426900863647461,-0.6931818127632141,-0.6279069781303406,0.6932187080383301,-0.5948182940483093,-0.5015493631362915,0.765066385269165,-0.6210131049156189,-0.5448741912841797,0.7434279918670654,-0.6343026161193848,-0.5923076868057251,1028.4339599609375,0.1958929896354675
EXPA-178,106.54133,32.997207,w2,10,core,m3a,M3A-w2-0372,否,草地,低,"细团粒绿面,无冠形,疑草甸/灌草",judge_A_03.csv,False,11,0.0325413302575932,0.1137408688965782,0.1190926566705113,0.0842137639369473,0.0325413302575932,-0.0415840061514801,-0.1929104190695886,0.3278123798539023,0.0517339484813533,0.1476970396001538,0.0022145328719723,-0.0074432910419069,-0.0669896193771626,-0.0384467512495194,-0.075355632449058,-0.0797231833910034,0.0384467512495194,0.186082276047674,-0.2141330257593233,-0.1190926566705113,-0.0711111111111111,0.0984236831987697,-0.1537870049980776,-0.0482276047673971,0.0669896193771626,0.0797231833910034,0.0448442906574394,-0.1301653210303729,0.1998615916955017,0.1929104190695886,-0.0797231833910034,0.0246059207996924,0.0482276047673971,0.2519646289888504,-0.0297731641676278,-0.0888273740868896,-0.0935640138408304,-0.0138408304498269,0.0222068435217224,-0.1190926566705113,0.0797231833910034,0.2141330257593233,-0.035432525951557,-0.0482276047673971,-0.0384467512495194,0.075355632449058,-0.0039369473279507,0.3278123798539023,0.1998615916955017,0.0482276047673971,-0.0384467512495194,-0.0888273740868896,0.0138408304498269,0.1301653210303729,0.1663360246059207,-0.1476970396001538,-0.0061514801999231,-0.186082276047674,-0.1358861976163014,-0.000553633217993,-0.1358861976163014,-0.1998615916955017,0.1137408688965782,0.1417301038062283,,,,,0.4668298661708832,-0.4504962563514709,-0.3760307729244232,0.6882780194282532,-0.6226320862770081,-0.4666197001934051,0.7785266041755676,-0.6513108015060425,-0.4883647263050079,0.6962850093841553,-0.6626916527748108,-0.5762439966201782,783.1257934570312,0.2869280874729156
EXPA-179,106.787918,34.594231,w2,10,core,m3a,M3A-w2-0400,是,常绿阔叶林,低,"圆浑冠团夹暗影,无地面",judge_A_03.csv,False,4,0.035432525951557,0.0297731641676278,0.0157477893118031,0.0629911572472126,0.01039600153787,-0.1245674740484429,-0.0797231833910034,0.3742560553633218,0.186082276047674,0.1793771626297577,0.2069357939254133,-0.0669896193771626,-0.0669896193771626,-0.0297731641676278,-0.1358861976163014,-0.0177777777777777,-0.0448442906574394,0.1190926566705113,-0.3188927335640138,-0.186082276047674,0.0842137639369473,0.0199307958477508,-0.0984236831987697,0.0482276047673971,0.1417301038062283,-0.0120569011918492,-0.0517339484813533,-0.0157477893118031,0.0842137639369473,0.2141330257593233,-0.0935640138408304,-0.0039369473279507,0.0629911572472126,0.2141330257593233,0.0984236831987697,-0.17279507881584,-0.1417301038062283,-0.0669896193771626,0.0384467512495194,-0.2441522491349481,0.0384467512495194,0.0517339484813533,0.0888273740868896,-0.0553633217993079,-0.1190926566705113,0.0325413302575932,0.0888273740868896,0.17279507881584,0.0935640138408304,-0.0517339484813533,-0.0384467512495194,-0.0517339484813533,0.0669896193771626,0.2069357939254133,0.1476970396001538,-0.01039600153787,0.0669896193771626,-0.1476970396001538,-0.1358861976163014,-0.0009842368319876,-0.16,-0.0138408304498269,-0.0120569011918492,0.1998615916955017,,,,,0.3524857461452484,-0.489676833152771,-0.5449269413948059,0.4609429836273193,-0.4796863794326782,-0.452978640794754,0.8747066855430603,-0.7672405242919922,-0.5516858100891113,0.5340965390205383,-0.5589276552200317,-0.6112349629402161,1702.9779052734375,0.295042484998703
EXPA-180,107.73573,34.760779,w2,10,core,m3a,M3A-w2-0398,否,稀疏植被,低,"灰白裸面与绿被相间,覆盖稀疏,疑岩坡",judge_A_03.csv,False,13,-0.0074432910419069,-0.0157477893118031,0.0629911572472126,-0.0015378700499807,-0.0002460592079969,-0.1137408688965782,-0.1663360246059207,0.3188927335640138,0.075355632449058,0.1663360246059207,0.1190926566705113,0.0415840061514801,-0.0553633217993079,-0.1190926566705113,-0.0517339484813533,-0.16,-0.2141330257593233,0.075355632449058,-0.292871972318339,-0.0842137639369473,-0.1245674740484429,0.0669896193771626,0.0157477893118031,0.075355632449058,0.0711111111111111,0.035432525951557,-0.0797231833910034,-0.0222068435217224,0.0517339484813533,0.2141330257593233,-0.0984236831987697,0.16,0.1034063821607074,0.17279507881584,0.0482276047673971,-0.0061514801999231,-0.0935640138408304,-0.0984236831987697,0.059115724721261,0.0297731641676278,0.0888273740868896,0.1137408688965782,0.0415840061514801,-0.0022145328719723,-0.059115724721261,0.0629911572472126,0.17279507881584,-0.0669896193771626,0.0553633217993079,-0.1245674740484429,0.1034063821607074,0.0888273740868896,0.0984236831987697,0.1085121107266436,-0.0629911572472126,-0.1476970396001538,-0.1034063821607074,-0.1476970396001538,-0.3460207612456747,-0.1034063821607074,-0.2679584775086506,-0.1137408688965782,-0.1417301038062283,0.1085121107266436,-12.493618067371964,-15.54319190485554,-10.111232559133414,-16.006872235377518,0.2703412175178528,-0.4245769083499908,-0.5995903611183167,0.4889901280403137,-0.5032579302787781,-0.5167785286903381,0.8070889115333557,-0.6945919990539551,-0.5477102994918823,0.5588235259056091,-0.5812466740608215,-0.6384544372558594,1361.564697265625,0.1791452765464782
EXPA-181,108.561731,32.405666,w2,10,core,m3a,M3A-w2-0389,是,常绿阔叶林,低,"暗绿团状冠层夹褐斑,冠形隐约",judge_A_03.csv,False,4,0.0049826989619377,0.0246059207996924,0.1417301038062283,0.0448442906574394,0.0271280276816609,-0.0935640138408304,-0.2214532871972318,0.3460207612456747,0.0711111111111111,0.17279507881584,-0.0984236831987697,-0.0157477893118031,-0.0448442906574394,-0.0177777777777777,-0.0482276047673971,-0.0553633217993079,0.0246059207996924,0.17279507881584,-0.17279507881584,-0.0984236831987697,-0.0015378700499807,0.2441522491349481,-0.2141330257593233,0.0325413302575932,0.1085121107266436,-0.0271280276816609,0.0482276047673971,-0.0797231833910034,0.1417301038062283,0.0935640138408304,-0.0448442906574394,-0.0325413302575932,-0.0711111111111111,0.1998615916955017,-0.0935640138408304,-0.17279507881584,-0.1137408688965782,-0.1245674740484429,0.01039600153787,-0.1245674740484429,0.0448442906574394,0.2599000384467512,0.0061514801999231,-0.1190926566705113,-0.0984236831987697,0.1793771626297577,0.0669896193771626,0.3278123798539023,0.1245674740484429,-0.035432525951557,-0.0842137639369473,-0.1034063821607074,0.059115724721261,0.0384467512495194,0.1245674740484429,-0.0669896193771626,-0.0030142252979623,-0.1190926566705113,-0.16,0.0088581314878892,-0.0711111111111111,-0.186082276047674,0.0629911572472126,0.0935640138408304,1.8528844569795573,-6.128008975641864,1.5666156532973203,-3.873411928687866,0.5607985258102417,-0.5643474459648132,-0.586534321308136,0.6216462254524231,-0.5500978231430054,-0.581649124622345,0.859089732170105,-0.7578409910202026,-0.6293264031410217,0.7597949504852295,-0.7000353932380676,-0.6460767984390259,598.3952026367188,0.4637167751789093
EXPA-182,123.379622,44.279597,w1,10,edge,m3a,M3A-w1-0194,否,稀疏植被,低,"灰绿斜纹斑驳,植被稀疏,疑岩土坡",judge_A_03.csv,False,13,-0.0797231833910034,-0.0138408304498269,0.1137408688965782,-0.1085121107266436,-0.035432525951557,-0.059115724721261,-0.1663360246059207,0.3839138792772011,0.0384467512495194,-0.1358861976163014,0.292871972318339,-0.2069357939254133,0.0984236831987697,-0.0325413302575932,-0.17279507881584,-6.151480199923106e-05,-0.0553633217993079,0.0415840061514801,-0.186082276047674,0.0842137639369473,-0.0157477893118031,-0.0482276047673971,0.1476970396001538,-0.0030142252979623,0.17279507881584,0.1663360246059207,0.075355632449058,-0.035432525951557,0.2599000384467512,0.0888273740868896,-0.0015378700499807,-0.0415840061514801,-0.1245674740484429,0.075355632449058,-0.059115724721261,0.2141330257593233,-0.1190926566705113,-0.0297731641676278,0.17279507881584,-0.1476970396001538,0.0448442906574394,-0.1190926566705113,0.1085121107266436,0.0088581314878892,-0.0177777777777777,0.16,0.1998615916955017,-0.0297731641676278,0.1417301038062283,-0.1190926566705113,0.0888273740868896,0.0517339484813533,-0.1358861976163014,-0.0222068435217224,0.1034063821607074,0.0482276047673971,0.059115724721261,0.0271280276816609,-0.1190926566705113,-0.0384467512495194,-0.186082276047674,-0.0384467512495194,-0.1358861976163014,-0.0297731641676278,,,,,0.1608289927244186,-0.2073616534471511,-0.0501510575413703,0.3677956163883209,-0.4890038669109344,-0.5776530504226685,0.6750830411911011,-0.6434159278869629,-0.6179500818252563,0.3981281518936157,-0.5083495378494263,-0.5782811641693115,155.7980194091797,0.0159622337669134
EXPA-183,109.621923,23.463297,w3,10,core,m3a,M3A-w3-0741,否,常绿灌丛,低,"细团绿粒夹裸斑,无冠形,疑灌草",judge_A_03.csv,False,9,0.075355632449058,-0.1245674740484429,0.0669896193771626,0.075355632449058,-0.0088581314878892,-0.0482276047673971,-0.292871972318339,0.1998615916955017,-0.0061514801999231,0.1663360246059207,-0.1793771626297577,0.1998615916955017,-0.292871972318339,0.0009842368319876,-0.1137408688965782,-0.0157477893118031,-0.1190926566705113,0.0384467512495194,0.0384467512495194,-0.0157477893118031,-0.1417301038062283,0.1301653210303729,0.1929104190695886,-0.1663360246059207,-0.0797231833910034,0.1085121107266436,-0.01039600153787,0.0138408304498269,-0.0629911572472126,0.0935640138408304,0.1929104190695886,0.0482276047673971,0.1245674740484429,-0.0074432910419069,-0.1417301038062283,0.1417301038062283,-0.0246059207996924,-0.2214532871972318,-0.0246059207996924,0.0669896193771626,0.1034063821607074,0.0935640138408304,0.0553633217993079,0.2288965782391388,-0.0074432910419069,0.0711111111111111,-0.0022145328719723,0.075355632449058,0.0448442906574394,0.0517339484813533,0.0120569011918492,-0.17279507881584,-0.0199307958477508,0.0120569011918492,0.0222068435217224,-0.2288965782391388,-0.1476970396001538,0.1137408688965782,-0.1358861976163014,-0.0199307958477508,0.0935640138408304,-0.3014225297962323,-0.1190926566705113,-0.0297731641676278,-9.859522211029836,-18.157333074103654,-9.950190520504874,-13.929600283748474,0.8588299751281738,-0.7881109714508057,-0.5345327854156494,0.8393664956092834,-0.7877954840660095,-0.6006208062171936,0.8654997944831848,-0.7505943179130554,-0.5309896469116211,0.891056478023529,-0.8098933100700378,-0.5478662252426147,117.24591064453124,0.1275697350502014
EXPA-184,107.338495,32.197616,w2,10,edge,m3a,M3A-w2-0544,否,裸地,中,"亮色土路面与红褐裸土,无植被",judge_A_03.csv,False,22,0.0711111111111111,0.1537870049980776,0.1537870049980776,0.035432525951557,0.0842137639369473,0.1998615916955017,-0.186082276047674,0.0888273740868896,-0.0222068435217224,0.1358861976163014,0.1085121107266436,0.059115724721261,-0.2288965782391388,0.0711111111111111,-0.0711111111111111,-0.2288965782391388,0.0061514801999231,0.0246059207996924,-0.1663360246059207,0.0022145328719723,-0.1537870049980776,0.0088581314878892,-0.0199307958477508,-0.1663360246059207,-0.0711111111111111,0.0517339484813533,-0.0984236831987697,-0.1663360246059207,0.0120569011918492,0.1245674740484429,-0.0049826989619377,0.1417301038062283,0.0935640138408304,0.075355632449058,-0.1085121107266436,0.1537870049980776,-0.2679584775086506,-0.1190926566705113,-0.059115724721261,0.0157477893118031,-0.0553633217993079,0.1190926566705113,-0.0888273740868896,0.075355632449058,-0.0222068435217224,0.1998615916955017,0.0482276047673971,0.0415840061514801,0.075355632449058,-0.0271280276816609,0.0629911572472126,-0.0888273740868896,0.0842137639369473,0.1663360246059207,0.1137408688965782,-0.3100961168781238,-0.0797231833910034,0.0669896193771626,-0.1537870049980776,-0.2519646289888504,-0.1358861976163014,-0.2364628988850442,0.0120569011918492,0.035432525951557,,,,,0.5412058234214783,-0.5635179281234741,-0.4408901333808899,0.30609792470932,-0.4237066209316253,-0.3774318993091583,0.5767678022384644,-0.5501216053962708,-0.4077195227146148,0.5809460282325745,-0.5788423418998718,-0.4840024411678314,859.0332641601562,0.2504908740520477
EXPA-185,106.897872,33.637795,w2,10,core,m3a,M3A-w2-0412,否,草地,低,"灰绿与淡褐斑块相间,无冠形,疑草甸/田块",judge_A_03.csv,False,11,-0.0842137639369473,-0.0384467512495194,0.1663360246059207,0.1085121107266436,0.0797231833910034,-0.1476970396001538,-0.2364628988850442,0.2288965782391388,0.0553633217993079,-0.0061514801999231,0.1929104190695886,0.0482276047673971,-0.0482276047673971,-0.075355632449058,-0.17279507881584,-0.1417301038062283,-0.1137408688965782,-0.0797231833910034,-0.3460207612456747,0.1085121107266436,-0.0669896193771626,-0.0553633217993079,-0.0482276047673971,-0.0669896193771626,0.1190926566705113,-0.1190926566705113,0.0297731641676278,-0.1301653210303729,-0.1034063821607074,0.0797231833910034,0.0711111111111111,0.1537870049980776,0.0138408304498269,0.0448442906574394,-0.1793771626297577,0.0842137639369473,-0.2288965782391388,-0.17279507881584,-0.0199307958477508,0.0448442906574394,-0.0842137639369473,0.1301653210303729,0.0325413302575932,0.0015378700499807,-0.0888273740868896,0.2141330257593233,0.16,-0.059115724721261,0.0888273740868896,0.0009842368319876,-0.1137408688965782,-0.0177777777777777,0.0415840061514801,0.1537870049980776,0.000553633217993,-0.059115724721261,-0.0448442906574394,-0.2214532871972318,-0.3014225297962323,-0.059115724721261,-0.0888273740868896,-0.0222068435217224,-0.1301653210303729,-0.0553633217993079,,,,,0.3659592866897583,-0.4817946851253509,-0.5968567132949829,0.4095885157585144,-0.4894295930862427,-0.5374886989593506,0.8845895528793335,-0.8112639784812927,-0.6314021944999695,0.6635209918022156,-0.7241146564483643,-0.6320288181304932,1059.09326171875,0.0364570692181587
EXPA-186,110.867258,27.091502,w3,10,core,m3a,M3A-w3-0750,否,草地,低,"匀绿细粒坡面,无冠形,疑草甸/草田",judge_A_03.csv,False,11,0.1085121107266436,0.0482276047673971,0.0629911572472126,0.0553633217993079,0.0984236831987697,-0.0517339484813533,-0.2441522491349481,0.2761399461745483,0.0669896193771626,0.17279507881584,0.0061514801999231,0.0842137639369473,-0.2214532871972318,-0.0448442906574394,-0.0669896193771626,-0.0888273740868896,-0.1190926566705113,0.1190926566705113,0.0669896193771626,-0.17279507881584,-0.1085121107266436,0.1301653210303729,0.0246059207996924,-0.1190926566705113,0.0517339484813533,0.2141330257593233,-0.1245674740484429,0.0297731641676278,0.0711111111111111,0.1301653210303729,0.1137408688965782,0.0629911572472126,0.075355632449058,0.0842137639369473,-0.0935640138408304,0.0629911572472126,-0.2364628988850442,-0.1998615916955017,0.16,0.0669896193771626,0.0517339484813533,0.186082276047674,0.0271280276816609,0.1358861976163014,-0.059115724721261,-0.035432525951557,-0.0138408304498269,0.186082276047674,0.1301653210303729,-0.0088581314878892,0.0074432910419069,-0.059115724721261,0.0271280276816609,0.1358861976163014,0.0888273740868896,-0.2599000384467512,-0.1301653210303729,0.0711111111111111,-0.0935640138408304,-0.0669896193771626,-0.1034063821607074,-0.292871972318339,-0.035432525951557,0.1537870049980776,-7.704912410375714,-12.906250036227084,-7.765817530756307,-12.738005576428836,0.6431757211685181,-0.5831542611122131,-0.4658590257167816,0.7906137108802795,-0.661641538143158,-0.437913030385971,0.8304159045219421,-0.7230337858200073,-0.538551390171051,0.7904922366142273,-0.6765806674957275,-0.5419804453849792,382.5519104003906,0.1958929896354675
EXPA-187,109.059488,33.606803,w2,10,core,m3a,M3A-w2-0373,是,常绿阔叶林,低,暗绿团状冠层夹灰白岩斑,judge_A_03.csv,False,4,-0.0022145328719723,0.0482276047673971,0.0669896193771626,0.0888273740868896,0.0039369473279507,-0.1358861976163014,-0.1537870049980776,0.3647212610534409,0.1793771626297577,0.17279507881584,0.1417301038062283,-0.0325413302575932,-0.035432525951557,-0.0120569011918492,-0.0888273740868896,0.0022145328719723,0.0088581314878892,0.16,-0.2761399461745483,-0.1793771626297577,0.0842137639369473,0.0415840061514801,-0.0797231833910034,0.0553633217993079,0.1358861976163014,-0.035432525951557,-0.0138408304498269,-0.0797231833910034,0.1358861976163014,0.1998615916955017,-0.1301653210303729,0.0138408304498269,0.059115724721261,0.186082276047674,0.0482276047673971,-0.2141330257593233,-0.1245674740484429,-0.0517339484813533,0.0177777777777777,-0.2288965782391388,0.0415840061514801,0.0517339484813533,0.0120569011918492,-0.0935640138408304,-0.1358861976163014,0.0669896193771626,0.0797231833910034,0.2761399461745483,0.1417301038062283,-0.0015378700499807,-0.0157477893118031,-0.0797231833910034,0.0246059207996924,0.186082276047674,0.1793771626297577,-0.0415840061514801,0.0384467512495194,-0.17279507881584,-0.1301653210303729,-0.0271280276816609,-0.1245674740484429,-0.0482276047673971,0.1034063821607074,0.1301653210303729,-0.8660379523341619,-7.322207290049739,-0.8903705615208901,-6.629832040069769,0.3108758330345154,-0.3674698770046234,-0.4357366859912872,0.4655462205410003,-0.4924205243587494,-0.5771032571792603,0.8630983233451843,-0.7632732391357422,-0.6122856140136719,0.5928494930267334,-0.6324856281280518,-0.7171121835708618,1487.9478759765625,0.5657371878623962
EXPA-188,122.208398,47.479846,w1,10,edge,m3a,M3A-w1-0196,是,常绿阔叶林,低,"团状绿冠夹树影,间露裸土",judge_A_03.csv,False,4,-0.075355632449058,0.0797231833910034,0.2519646289888504,-0.186082276047674,-0.035432525951557,-0.059115724721261,-0.2844444444444444,0.3839138792772011,0.0935640138408304,-0.0415840061514801,0.1137408688965782,-0.1301653210303729,0.0415840061514801,-0.0384467512495194,-0.1929104190695886,0.1358861976163014,0.0517339484813533,0.1034063821607074,-0.2069357939254133,0.1034063821607074,0.0888273740868896,0.035432525951557,0.1245674740484429,0.0271280276816609,0.1301653210303729,0.0448442906574394,0.0271280276816609,-0.0271280276816609,0.2141330257593233,0.0553633217993079,0.0039369473279507,0.0415840061514801,-0.0842137639369473,0.0669896193771626,-0.0842137639369473,0.1929104190695886,0.0088581314878892,-0.0888273740868896,0.0553633217993079,-0.0448442906574394,-0.0088581314878892,0.0246059207996924,-0.0002460592079969,-0.0157477893118031,-0.0448442906574394,0.1929104190695886,0.2288965782391388,-0.2288965782391388,-0.0074432910419069,-0.1358861976163014,0.16,-0.0384467512495194,-0.075355632449058,-0.0157477893118031,0.000553633217993,0.0553633217993079,0.0222068435217224,0.0177777777777777,-0.1301653210303729,-0.0629911572472126,-0.1537870049980776,-0.0629911572472126,-0.2441522491349481,-0.0984236831987697,,,,,0.1137656420469284,-0.180229052901268,0.2624738812446594,0.2914746403694153,-0.4716114103794098,-0.627487301826477,0.7764739394187927,-0.67146897315979,-0.5818337798118591,0.4802910983562469,-0.6462653875350952,-0.6459071636199951,458.3511047363281,0.287750780582428
EXPA-189,109.084551,27.132196,w3,10,core,m3a,M3A-w3-0774,否,常绿灌丛,低,"细碎绿斑夹暗块,无冠形,疑灌草丛",judge_A_03.csv,False,9,0.1034063821607074,0.1034063821607074,0.01039600153787,0.0842137639369473,0.0517339484813533,-0.0888273740868896,-0.2141330257593233,0.2364628988850442,0.0797231833910034,0.16,0.0325413302575932,0.0935640138408304,-0.1929104190695886,-0.0157477893118031,-0.0842137639369473,-0.0415840061514801,0.0448442906574394,0.1085121107266436,-0.1190926566705113,-0.2069357939254133,-0.075355632449058,-0.0384467512495194,-0.059115724721261,-0.0669896193771626,0.075355632449058,0.1476970396001538,-0.0222068435217224,-0.1301653210303729,0.0517339484813533,0.1929104190695886,-0.0629911572472126,0.0157477893118031,0.17279507881584,0.1417301038062283,-0.0984236831987697,-0.0384467512495194,-0.1537870049980776,-0.0517339484813533,0.1034063821607074,-0.0553633217993079,0.0271280276816609,0.1358861976163014,-0.059115724721261,0.075355632449058,-0.0669896193771626,0.0271280276816609,-0.0935640138408304,0.3936947327950788,0.1137408688965782,0.0629911572472126,0.0384467512495194,-0.1476970396001538,0.0222068435217224,0.2141330257593233,0.186082276047674,-0.2364628988850442,-0.0222068435217224,-0.0797231833910034,-0.0177777777777777,-0.186082276047674,-0.0984236831987697,-0.1137408688965782,0.0888273740868896,0.2141330257593233,-4.195306997990321,-8.070955621780742,0.6029332670513795,-7.210213911127514,0.5219645500183105,-0.4854860305786133,-0.1202185824513435,0.793020486831665,-0.6802932024002075,-0.4937500059604645,0.8247694373130798,-0.6934990882873535,-0.443375289440155,0.7885462641716003,-0.6650118827819824,-0.4341961443424225,793.8951416015625,0.0425300560891628
