point_id,lon,lat,A00,A01,A02,A03,A04,A05,A06,A07,A08,A09,A10,A11,A12,A13,A14,A15,A16,A17,A18,A19,A20,A21,A22,A23,A24,A25,A26,A27,A28,A29,A30,A31,A32,A33,A34,A35,A36,A37,A38,A39,A40,A41,A42,A43,A44,A45,A46,A47,A48,A49,A50,A51,A52,A53,A54,A55,A56,A57,A58,A59,A60,A61,A62,A63,s1_vv_w,s1_vh_w,s1_vv_s,s1_vh_s,ndvi_djf,ndwi_djf,mndwi_djf,ndvi_mam,ndwi_mam,mndwi_mam,ndvi_jja,ndwi_jja,mndwi_jja,ndvi_son,ndwi_son,mndwi_son,dem,slope
EXPA-000,124.344951,43.288666,-0.004982698961937716,-0.11374086889657825,0.1929104190695886,-0.13588619761630144,-0.029773164167627833,0.019930795847750864,-0.1929104190695886,0.2288965782391388,-0.17937716262975778,-0.008858131487889272,0.19986159169550174,-0.14769703960015382,0.07972318339100345,-0.01384083044982699,-0.16633602460592078,-0.05911572472126105,0.010396001537870049,0.14769703960015382,-0.05911572472126105,0.11374086889657825,-0.08882737408688965,-0.05911572472126105,0.12456747404844293,-0.03543252595155709,0.022206843521722412,0.3553094963475586,0.07111111111111111,-0.007443291041906958,0.14173010380622836,-0.06698961937716265,-0.029773164167627833,-0.1085121107266436,-0.08421376393694734,0.022206843521722412,0.15378700499807765,0.19986159169550174,-0.1085121107266436,-0.08421376393694734,0.05911572472126105,-0.003014225297962322,-0.05536332179930796,-0.14769703960015382,-0.004982698961937716,0.07111111111111111,-0.01574778931180315,0.2679584775086506,0.11374086889657825,0.06698961937716265,0.11374086889657825,-0.16633602460592078,0.16000000000000003,0.16633602460592078,-0.03254133025759323,-0.0271280276816609,0.11909265667051133,-0.17279507881584008,0.12456747404844293,0.13588619761630144,-0.08421376393694734,-0.07535563244905807,-0.1929104190695886,-0.03254133025759323,-0.17937716262975778,-0.04822760476739715,-9.392891527048233,-16.470985738724448,-8.145855470602793,-13.72739546321827,0.05952916294336319,-0.09720496833324432,0.2508605718612671,0.14662204682826996,-0.18427306413650513,-0.21740932762622833,0.3251974284648895,-0.34108245372772217,-0.22857750952243805,0.18247447907924652,-0.22328096628189087,-0.2201680690050125,172.499267578125,0.0761895477771759
EXPA-001,111.533179,23.092742,0.04822760476739715,0.08421376393694734,0.1085121107266436,0.0629911572472126,-0.01574778931180315,0.03543252595155709,-0.2679584775086506,0.11374086889657825,0.07535563244905807,0.14173010380622836,-0.05173394848135333,0.16633602460592078,-0.31009611687812383,-0.03844675124951941,-0.08882737408688965,-0.0271280276816609,-0.05536332179930796,0.13016532103037293,-0.07535563244905807,-0.09842368319876971,-0.2288965782391388,0.13588619761630144,0.07111111111111111,-0.17279507881584008,-0.008858131487889272,0.14173010380622836,-0.044844290657439445,-0.08882737408688965,-0.04822760476739715,0.21413302575932336,0.05536332179930796,0.16000000000000003,0.22145328719723184,0.019930795847750864,-0.186082276047674,0.07972318339100345,-0.10340638216070744,-0.17937716262975778,0.019930795847750864,0.0271280276816609,0.07972318339100345,0.07535563244905807,0.019930795847750864,0.19986159169550174,0.0271280276816609,0.041584006151480196,-0.05536332179930796,0.13588619761630144,0.186082276047674,0.04822760476739715,0.10340638216070744,-0.14173010380622836,0.008858131487889272,0.11909265667051133,0.06698961937716265,-0.29287197231833906,-0.09842368319876971,0.01574778931180315,-0.0271280276816609,-0.14769703960015382,-0.03844675124951941,-0.2364628988850442,-0.022206843521722412,0.05536332179930796,-8.541293952982285,-16.124682047892684,-8.740794792137306,-13.089212847553604,0.7706539630889893,-0.7044612765312195,-0.5546106696128845,0.5477519035339355,-0.48675915598869324,-0.4036630094051361,0.828014612197876,-0.7073947787284851,-0.493102103471756,0.8516219258308411,-0.7367884516716003,-0.4976382255554199,214.78323364257812,0.05132787674665451
EXPA-002,106.539444,34.244158,0.05173394848135333,0.03254133025759323,0.07111111111111111,-0.041584006151480196,-0.05173394848135333,-0.08882737408688965,-0.08882737408688965,0.19986159169550174,0.08882737408688965,0.34602076124567477,0.186082276047674,-0.041584006151480196,-0.03844675124951941,-0.01384083044982699,-0.2519646289888504,-0.03543252595155709,-0.3278123798539023,0.11909265667051133,-0.16633602460592078,-0.2288965782391388,0.03543252595155709,0.024605920799692427,0.12456747404844293,-0.07111111111111111,0.05911572472126105,-0.07972318339100345,-0.1929104190695886,0.03543252595155709,0.09842368319876971,0.09842368319876971,-0.04822760476739715,0.2364628988850442,-0.0271280276816609,0.15378700499807765,-0.012056901191849288,-0.03844675124951941,-0.03844675124951941,-0.15378700499807765,-0.0271280276816609,-0.14769703960015382,-0.03844675124951941,0.0271280276816609,-0.08421376393694734,0.07535563244905807,-0.09356401384083046,0.07972318339100345,0.09842368319876971,-0.10340638216070744,0.05911572472126105,-0.09356401384083046,0.05173394848135333,0.022206843521722412,0.11374086889657825,0.14769703960015382,-0.07972318339100345,-0.17279507881584008,0.01384083044982699,-0.010396001537870049,-0.2364628988850442,-0.14769703960015382,-0.24415224913494812,0.05911572472126105,-0.03844675124951941,0.01574778931180315,,,,,0.4133757948875427,-0.4671074450016022,-0.4767932593822479,0.5257410407066345,-0.5317149758338928,-0.551163375377655,0.8259592652320862,-0.7270359396934509,-0.6243727803230286,0.6400846838951111,-0.6482269763946533,-0.6992116570472717,2564.11962890625,0.295042484998703
EXPA-003,106.151372,32.561164,0.11909265667051133,-0.01574778931180315,0.11909265667051133,0.002214532871972318,0.05536332179930796,0.006151480199923107,-0.2761399461745483,0.2288965782391388,0.05911572472126105,0.13588619761630144,0.0629911572472126,0.13016532103037293,-0.08421376393694734,0.05536332179930796,0.012056901191849288,-0.15378700499807765,-0.06698961937716265,-0.09842368319876971,-0.05911572472126105,-0.03254133025759323,-0.09356401384083046,-0.21413302575932336,0.11909265667051133,-0.12456747404844293,0.05536332179930796,0.09842368319876971,-0.10340638216070744,-0.06698961937716265,0.007443291041906958,0.12456747404844293,0.08421376393694734,0.24415224913494812,0.11909265667051133,0.03254133025759323,-0.16000000000000003,0.13588619761630144,-0.24415224913494812,-0.19986159169550174,0.09842368319876971,0.2519646289888504,-0.13016532103037293,0.11374086889657825,-0.07972318339100345,0.0629911572472126,-0.12456747404844293,0.08882737408688965,-0.05536332179930796,0.03844675124951941,0.05911572472126105,-0.03844675124951941,0.11909265667051133,-0.07972318339100345,-0.008858131487889272,0.13588619761630144,-0.029773164167627833,-0.2288965782391388,-0.09842368319876971,-0.01384083044982699,-0.28444444444444444,-0.16633602460592078,-0.10340638216070744,-0.017777777777777778,-0.15378700499807765,0.006151480199923107,-19.17493002077675,-20.16181633571959,-15.788815861081938,-20.21525726091719,0.6673069596290588,-0.653333306312561,-0.43213728070259094,0.7415608167648315,-0.6522038578987122,-0.4491409957408905,0.7032718062400818,-0.6487927436828613,-0.35779815912246704,0.8199763298034668,-0.7233644723892212,-0.4825174808502197,1494.458740234375,0.28692808747291565
EXPA-004,126.20123,45.98981,-0.1085121107266436,-0.0271280276816609,0.12456747404844293,-0.186082276047674,-0.044844290657439445,-0.13588619761630144,-0.3014225297962323,0.40359861591695495,0.14769703960015382,-0.08421376393694734,0.1929104190695886,-0.08882737408688965,0.0271280276816609,0.08882737408688965,-0.13016532103037293,0.05911572472126105,-0.004982698961937716,-0.07111111111111111,-0.11374086889657825,0.0005536332179930795,0.07111111111111111,-0.06698961937716265,0.09356401384083046,-0.07111111111111111,0.01384083044982699,0.186082276047674,0.09356401384083046,0.007443291041906958,0.3278123798539023,-0.05536332179930796,0.01384083044982699,-0.08421376393694734,-0.10340638216070744,0.041584006151480196,-0.006151480199923107,0.2519646289888504,0.01574778931180315,0.03844675124951941,0.14769703960015382,-0.01384083044982699,-0.05173394848135333,-0.05911572472126105,0.01574778931180315,-0.029773164167627833,-0.1085121107266436,0.15378700499807765,0.186082276047674,-0.0015378700499807767,0.03543252595155709,-0.05911572472126105,0.17279507881584008,0.0271280276816609,-0.14173010380622836,-0.002214532871972318,0.08882737408688965,0.15378700499807765,0.1085121107266436,0.019930795847750864,-0.09356401384083046,-0.186082276047674,-0.17937716262975778,-0.006151480199923107,-0.09356401384083046,-0.002214532871972318,-14.00855523153178,-23.31610993377946,-11.839121201288481,-19.305522315358473,0.04106666520237923,-0.07904919981956482,0.6241774559020996,0.3110504746437073,-0.4263450801372528,-0.4737021327018738,0.7819617390632629,-0.653889536857605,-0.4124401807785034,0.49301397800445557,-0.565945565700531,-0.4120982885360718,131.21731567382812,0.07887198776006699
EXPA-005,108.826106,26.387043,0.07535563244905807,-0.003014225297962322,0.08421376393694734,0.0629911572472126,0.06698961937716265,-0.029773164167627833,-0.29287197231833906,0.2069357939254133,0.07535563244905807,0.186082276047674,0.019930795847750864,0.00024605920799692423,-0.24415224913494812,0.07972318339100345,-0.0629911572472126,-0.09842368319876971,-0.07535563244905807,0.11374086889657825,-0.019930795847750864,-0.2288965782391388,-0.16000000000000003,0.05536332179930796,-0.006151480199923107,-0.17937716262975778,-0.03543252595155709,0.17279507881584008,-0.09356401384083046,-0.06698961937716265,-0.006151480199923107,0.10340638216070744,0.029773164167627833,0.05173394848135333,0.0629911572472126,0.14173010380622836,-0.11909265667051133,0.05173394848135333,-0.1929104190695886,-0.017777777777777778,0.0629911572472126,-0.024605920799692427,0.029773164167627833,0.09842368319876971,-0.11374086889657825,0.16000000000000003,-0.05911572472126105,0.006151480199923107,-0.07535563244905807,0.3553094963475586,0.03844675124951941,-0.029773164167627833,0.041584006151480196,-0.09842368319876971,0.08882737408688965,0.19986159169550174,0.16000000000000003,-0.2679584775086506,-0.08882737408688965,0.07111111111111111,-0.08421376393694734,-0.2069357939254133,-0.07972318339100345,-0.1929104190695886,0.03543252595155709,0.09356401384083046,-6.523735676212624,-12.18808494756059,-6.784068399843505,-11.90377805145138,,,,,,,,,,,,,,
EXPA-006,106.195299,34.255207,-0.03254133025759323,-0.004982698961937716,0.004982698961937716,0.08882737408688965,0.029773164167627833,-0.13016532103037293,-0.14173010380622836,0.3014225297962323,0.15378700499807765,0.17937716262975778,0.24415224913494812,-0.022206843521722412,-0.0629911572472126,-0.041584006151480196,-0.14173010380622836,-0.03844675124951941,0.004982698961937716,0.0271280276816609,-0.34602076124567477,-0.17937716262975778,0.0629911572472126,-0.13016532103037293,-0.017777777777777778,-0.029773164167627833,0.14173010380622836,-0.03844675124951941,-0.044844290657439445,-0.017777777777777778,0.03254133025759323,0.21413302575932336,-0.16000000000000003,0.0271280276816609,0.08882737408688965,0.14173010380622836,-0.01574778931180315,-0.16000000000000003,-0.17279507881584008,-0.01384083044982699,0.022206843521722412,-0.13588619761630144,0.019930795847750864,-0.0271280276816609,0.03254133025759323,0.03844675124951941,-0.14173010380622836,0.06698961937716265,0.09842368319876971,0.16000000000000003,0.15378700499807765,0.03254133025759323,-0.041584006151480196,-0.06698961937716265,0.06698961937716265,0.2599000384467512,0.1929104190695886,-0.05173394848135333,-0.01384083044982699,-0.17279507881584008,-0.19986159169550174,-0.07111111111111111,-0.11374086889657825,-0.05911572472126105,0.05911572472126105,0.1929104190695886,,,,,0.3254437744617462,-0.28489482402801514,-0.3242999017238617,0.7739854454994202,-0.7019067406654358,-0.4519089460372925,0.8853152990341187,-0.7823565006256104,-0.572411060333252,0.5652173757553101,-0.5517241358757019,-0.6206509470939636,1748.7835693359375,0.295042484998703
EXPA-007,109.406866,26.059607,0.03543252595155709,0.05911572472126105,0.003014225297962322,0.07111111111111111,0.0629911572472126,-0.022206843521722412,-0.22145328719723184,0.16000000000000003,0.05536332179930796,0.14173010380622836,0.08421376393694734,0.010396001537870049,-0.2364628988850442,-0.017777777777777778,-0.05911572472126105,-0.03543252595155709,0.05173394848135333,0.07535563244905807,-0.2519646289888504,-0.186082276047674,-0.1085121107266436,-0.03543252595155709,-0.1085121107266436,-0.11909265667051133,0.03543252595155709,0.10340638216070744,-0.029773164167627833,-0.13588619761630144,0.041584006151480196,0.24415224913494812,-0.12456747404844293,-0.017777777777777778,0.13016532103037293,0.14173010380622836,-0.13016532103037293,-0.012056901191849288,-0.07111111111111111,0.024605920799692427,0.06698961937716265,-0.04822760476739715,0.05911572472126105,0.09842368319876971,0.01384083044982699,0.1929104190695886,-0.04822760476739715,0.07972318339100345,-0.002214532871972318,0.3553094963475586,0.1085121107266436,0.07972318339100345,-0.022206843521722412,-0.15378700499807765,0.07111111111111111,0.186082276047674,0.2519646289888504,-0.15378700499807765,-0.08882737408688965,-0.07972318339100345,0.006151480199923107,-0.17279507881584008,-0.06698961937716265,-0.2069357939254133,0.14769703960015382,0.1929104190695886,-4.844637400987553,-13.256367540292434,-2.7728739948612384,-9.28876584578084,0.5334309339523315,-0.4976167678833008,-0.21925926208496094,0.3843814730644226,-0.33644673228263855,-0.2019577920436859,0.8616352081298828,-0.7154899835586548,-0.4753885865211487,0.8191823959350586,-0.7153447270393372,-0.5202997922897339,536.196044921875,0.15361052751541138
EXPA-008,106.465064,31.906023,0.044844290657439445,0.1085121107266436,0.13016532103037293,0.08421376393694734,0.08882737408688965,0.11909265667051133,-0.2679584775086506,0.14769703960015382,-0.003014225297962322,0.17937716262975778,0.006151480199923107,0.07972318339100345,-0.19986159169550174,-0.010396001537870049,-0.05536332179930796,-0.1929104190695886,-0.029773164167627833,-0.003936947327950788,-0.17937716262975778,0.0629911572472126,-0.16633602460592078,0.019930795847750864,-0.044844290657439445,-0.14173010380622836,-0.003936947327950788,0.1085121107266436,-0.019930795847750864,-0.2069357939254133,0.11909265667051133,0.17937716262975778,0.006151480199923107,0.16633602460592078,0.11374086889657825,0.008858131487889272,-0.1085121107266436,0.16633602460592078,-0.186082276047674,-0.11909265667051133,0.024605920799692427,0.03254133025759323,-0.01574778931180315,0.186082276047674,-0.09356401384083046,0.14173010380622836,0.041584006151480196,0.09842368319876971,0.07972318339100345,0.08882737408688965,0.0629911572472126,0.10340638216070744,-0.017777777777777778,-0.14173010380622836,0.03844675124951941,0.11909265667051133,0.11909265667051133,-0.2679584775086506,-0.11374086889657825,-0.044844290657439445,-0.2364628988850442,-0.16000000000000003,-0.14769703960015382,-0.2364628988850442,-0.0271280276816609,0.07111111111111111,-11.056138575032673,-18.35085314370685,-10.138888427288343,-15.06920320699269,0.5812480449676514,-0.5247403979301453,-0.3079831004142761,0.6860238909721375,-0.612971842288971,-0.4374034106731415,0.6646341681480408,-0.5767918229103088,-0.43527764081954956,0.6830053925514221,-0.6076555252075195,-0.5013031959533691,452.2480773925781,0.20423144102096558
EXPA-009,106.375861,32.069876,0.04822760476739715,0.03844675124951941,0.10340638216070744,0.044844290657439445,0.05911572472126105,0.05536332179930796,-0.28444444444444444,0.11909265667051133,-0.003936947327950788,0.13016532103037293,0.003936947327950788,0.11374086889657825,-0.2519646289888504,0.03844675124951941,-0.13016532103037293,-0.2364628988850442,-0.14173010380622836,0.024605920799692427,-0.17279507881584008,0.05536332179930796,-0.14173010380622836,-0.01384083044982699,0.01384083044982699,-0.14173010380622836,-0.03844675124951941,0.08421376393694734,-0.07111111111111111,-0.14769703960015382,0.03844675124951941,0.13016532103037293,0.03254133025759323,0.16633602460592078,0.05911572472126105,0.03254133025759323,-0.15378700499807765,0.186082276047674,-0.21413302575932336,-0.15378700499807765,0.05911572472126105,0.07111111111111111,-0.09842368319876971,0.16000000000000003,-0.07111111111111111,0.10340638216070744,-0.04822760476739715,0.13588619761630144,0.05911572472126105,0.05911572472126105,0.022206843521722412,-0.010396001537870049,0.08421376393694734,-0.06698961937716265,0.07111111111111111,0.12456747404844293,0.04822760476739715,-0.3188927335640138,-0.17937716262975778,0.022206843521722412,-0.22145328719723184,-0.1929104190695886,-0.12456747404844293,-0.2069357939254133,-0.09356401384083046,0.01384083044982699,-13.33440847867303,-18.82887059203201,-10.831509533372419,-15.505605053476927,0.4997979700565338,-0.5225594639778137,-0.405819296836853,0.600547194480896,-0.5354330539703369,-0.3773086965084076,0.6575472950935364,-0.5721662640571594,-0.37199166417121887,0.7601605653762817,-0.7018111348152161,-0.5044342875480652,923.4553833007812,0.28692808747291565
EXPA-010,112.931317,24.455576,0.05536332179930796,0.10340638216070744,0.12456747404844293,0.044844290657439445,0.11909265667051133,0.017777777777777778,-0.2599000384467512,0.15378700499807765,0.09356401384083046,0.14769703960015382,-0.11374086889657825,0.08882737408688965,-0.2679584775086506,0.041584006151480196,-0.11374086889657825,-0.044844290657439445,-0.12456747404844293,0.07972318339100345,-0.041584006151480196,-0.24415224913494812,-0.07972318339100345,0.09842368319876971,-0.022206843521722412,-0.11909265667051133,0.002214532871972318,0.1085121107266436,-0.1085121107266436,-0.044844290657439445,0.03543252595155709,0.13016532103037293,0.1085121107266436,0.06698961937716265,0.11909265667051133,0.07111111111111111,-0.16633602460592078,0.07535563244905807,-0.186082276047674,-0.11909265667051133,0.044844290657439445,0.01384083044982699,0.16000000000000003,0.10340638216070744,0.0271280276816609,0.22145328719723184,-0.008858131487889272,0.006151480199923107,-0.03254133025759323,0.28444444444444444,0.11374086889657825,-0.07972318339100345,-0.003014225297962322,-0.15378700499807765,0.041584006151480196,0.08882737408688965,0.09356401384083046,-0.24415224913494812,-0.16000000000000003,0.07111111111111111,-0.11909265667051133,-0.13016532103037293,-0.08421376393694734,-0.2599000384467512,0.05536332179930796,0.13588619761630144,-5.733136967378458,-12.528737143611,-4.703544321100894,-12.621212598254878,0.8506739139556885,-0.8034238219261169,-0.6327543258666992,0.8325688242912292,-0.689217746257782,-0.4745308458805084,0.7917517423629761,-0.7100545763969421,-0.5244486927986145,0.7580372095108032,-0.6977124214172363,-0.6360058784484863,390.25506591796875,0.10129718482494354
EXPA-011,108.078528,32.569519,0.05173394848135333,0.09842368319876971,0.09842368319876971,0.10340638216070744,0.05173394848135333,-0.13016532103037293,-0.16000000000000003,0.3278123798539023,0.12456747404844293,0.14769703960015382,0.05173394848135333,0.0015378700499807767,-0.1085121107266436,-0.029773164167627833,-0.11909265667051133,-0.03543252595155709,0.012056901191849288,0.2069357939254133,-0.186082276047674,-0.17279507881584008,0.008858131487889272,0.08421376393694734,-0.1085121107266436,0.029773164167627833,0.11909265667051133,0.008858131487889272,0.010396001537870049,-0.13016532103037293,0.16000000000000003,0.1929104190695886,-0.10340638216070744,-0.022206843521722412,0.05911572472126105,0.2519646289888504,-0.05536332179930796,-0.16633602460592078,-0.07535563244905807,-0.01574778931180315,0.008858131487889272,-0.16000000000000003,0.03543252595155709,0.14173010380622836,-0.024605920799692427,-0.09842368319876971,-0.12456747404844293,0.07972318339100345,-0.03844675124951941,0.34602076124567477,0.16000000000000003,0.04822760476739715,-0.041584006151480196,-0.12456747404844293,0.041584006151480196,0.16000000000000003,0.14769703960015382,-0.13016532103037293,0.004982698961937716,-0.17279507881584008,-0.09356401384083046,-0.0629911572472126,-0.13588619761630144,-0.07535563244905807,0.08882737408688965,0.15378700499807765,2.8105125377343447,-5.134840168391889,1.4458674551542505,-6.202524551791088,0.47013816237449646,-0.4548536539077759,-0.3878949284553528,0.5752308368682861,-0.5057113170623779,-0.4714047610759735,0.8655673265457153,-0.7504204511642456,-0.5787680745124817,0.7786853909492493,-0.7095191478729248,-0.6543065905570984,1319.9461669921875,0.4637167751789093
EXPA-012,110.64735,23.727401,0.07535563244905807,-0.01384083044982699,0.12456747404844293,-0.03254133025759323,0.06698961937716265,0.07972318339100345,-0.31009611687812383,0.11374086889657825,-0.0629911572472126,0.16633602460592078,-0.017777777777777778,0.14769703960015382,-0.2761399461745483,0.12456747404844293,-0.04822760476739715,-0.07111111111111111,-6.151480199923106e-05,0.03254133025759323,-0.07972318339100345,-0.13016532103037293,-0.11374086889657825,0.09842368319876971,0.05536332179930796,-0.13588619761630144,-0.07535563244905807,0.186082276047674,-0.14173010380622836,-0.03543252595155709,0.044844290657439445,0.14769703960015382,0.186082276047674,0.13016532103037293,0.2288965782391388,0.03254133025759323,-0.13588619761630144,0.11374086889657825,-0.2288965782391388,-0.09356401384083046,0.06698961937716265,0.003936947327950788,0.09356401384083046,0.041584006151480196,0.0015378700499807767,0.2364628988850442,0.05536332179930796,-0.05173394848135333,0.01574778931180315,0.2069357939254133,0.0629911572472126,0.022206843521722412,0.05536332179930796,-0.12456747404844293,0.012056901191849288,0.09842368319876971,0.17937716262975778,-0.2679584775086506,-0.07111111111111111,0.05536332179930796,-0.0629911572472126,-0.186082276047674,-0.019930795847750864,-0.186082276047674,0.07535563244905807,0.03254133025759323,-6.3466354351344005,-14.481695749170964,-6.949811896707905,-13.925674321522491,,,,,,,,,,,,,,
EXPA-013,111.365014,26.851921,0.03543252595155709,-0.08882737408688965,0.09842368319876971,0.12456747404844293,0.05173394848135333,-0.006151480199923107,-0.29287197231833906,0.14769703960015382,-0.022206843521722412,0.17937716262975778,0.019930795847750864,-0.017777777777777778,-0.2288965782391388,-0.07535563244905807,-0.08421376393694734,-0.1929104190695886,-0.15378700499807765,0.16633602460592078,-0.13588619761630144,0.03844675124951941,-0.2069357939254133,0.16633602460592078,-0.007443291041906958,-0.12456747404844293,-0.024605920799692427,0.16000000000000003,-0.017777777777777778,-0.13016532103037293,0.07111111111111111,0.2364628988850442,-0.0271280276816609,-0.019930795847750864,0.05536332179930796,0.044844290657439445,-0.13588619761630144,0.11374086889657825,-0.09842368319876971,-0.186082276047674,0.07111111111111111,-0.029773164167627833,0.08421376393694734,0.16000000000000003,-0.09356401384083046,0.16000000000000003,-0.05536332179930796,0.0629911572472126,0.07111111111111111,0.04822760476739715,0.06698961937716265,0.08421376393694734,-0.03254133025759323,0.007443291041906958,0.0271280276816609,0.09842368319876971,0.11374086889657825,-0.2761399461745483,-0.14173010380622836,-0.012056901191849288,-0.16633602460592078,-0.13016532103037293,-0.15378700499807765,-0.28444444444444444,0.01384083044982699,0.08421376393694734,-9.040406534809776,-15.44116572735902,-7.728270238300238,-13.86934045791681,0.5648890733718872,-0.5369640588760376,-0.4959636628627777,0.7189329862594604,-0.6085236072540283,-0.5030912160873413,0.7255985140800476,-0.601318359375,-0.46194398403167725,0.6617646813392639,-0.5483871102333069,-0.41102010011672974,326.72930908203125,0.2811674475669861
EXPA-014,109.968493,23.462488,0.13016532103037293,0.04822760476739715,0.17937716262975778,0.07111111111111111,0.12456747404844293,-0.08882737408688965,-0.29287197231833906,0.17279507881584008,0.010396001537870049,0.05911572472126105,-0.024605920799692427,0.2599000384467512,-0.2519646289888504,0.10340638216070744,-0.15378700499807765,-0.06698961937716265,-0.09842368319876971,0.10340638216070744,-0.01574778931180315,-0.05173394848135333,-0.08882737408688965,0.03543252595155709,0.044844290657439445,-0.14173010380622836,-0.01384083044982699,-0.024605920799692427,0.019930795847750864,-0.08882737408688965,-0.17279507881584008,0.04822760476739715,0.13588619761630144,0.1929104190695886,0.11374086889657825,-0.04822760476739715,-0.2519646289888504,0.17279507881584008,-0.29287197231833906,-0.186082276047674,-0.03543252595155709,0.03254133025759323,-0.019930795847750864,0.01574778931180315,-0.022206843521722412,0.05173394848135333,-0.05536332179930796,0.10340638216070744,-0.13016532103037293,0.2069357939254133,0.0629911572472126,0.024605920799692427,0.09356401384083046,-0.17937716262975778,-0.00024605920799692423,-0.01384083044982699,-0.0271280276816609,-0.22145328719723184,-0.13588619761630144,0.008858131487889272,-0.1085121107266436,-0.16000000000000003,0.04822760476739715,-0.04822760476739715,-0.0629911572472126,-0.07972318339100345,-16.734266870503973,-22.090147627845717,-3.3932689666328515,-10.294570068501237,,,,,,,,,,,,,,
EXPA-015,105.93901,34.326354,-0.007443291041906958,0.06698961937716265,0.05536332179930796,0.05173394848135333,-0.01384083044982699,-0.14769703960015382,-0.13016532103037293,0.3553094963475586,0.16633602460592078,0.24415224913494812,0.16000000000000003,-0.08882737408688965,0.010396001537870049,-0.03543252595155709,-0.1929104190695886,-0.007443291041906958,-0.09842368319876971,0.14173010380622836,-0.28444444444444444,-0.22145328719723184,0.09842368319876971,0.0629911572472126,-0.07111111111111111,-0.01574778931180315,0.11909265667051133,-0.024605920799692427,-0.022206843521722412,-0.006151480199923107,0.07535563244905807,0.17279507881584008,-0.07111111111111111,0.03543252595155709,0.05911572472126105,0.22145328719723184,0.06698961937716265,-0.17937716262975778,-0.09842368319876971,-0.08421376393694734,-0.003936947327950788,-0.2364628988850442,0.01384083044982699,0.08421376393694734,0.00024605920799692423,-0.08421376393694734,-0.14769703960015382,0.029773164167627833,0.08421376393694734,0.17937716262975778,0.14173010380622836,-0.07111111111111111,0.007443291041906958,-0.04822760476739715,0.06698961937716265,0.1929104190695886,0.1085121107266436,-0.06698961937716265,0.07535563244905807,-0.14769703960015382,-0.16000000000000003,-0.05173394848135333,-0.15378700499807765,-0.029773164167627833,-0.01574778931180315,0.14769703960015382,-4.2153505080548515,-8.906350999139306,-1.2234629582972525,-8.090204636690569,0.31493982672691345,-0.3625304102897644,-0.39404451847076416,0.345980703830719,-0.3733595907688141,-0.31171169877052307,0.8921822309494019,-0.7766156196594238,-0.55801922082901,0.5177076458930969,-0.5191749930381775,-0.5564804077148438,2003.549560546875,0.4573136568069458
EXPA-016,106.465064,33.857433,-0.10340638216070744,0.007443291041906958,0.2069357939254133,0.06698961937716265,-0.029773164167627833,-0.0629911572472126,-0.2364628988850442,0.28444444444444444,0.07972318339100345,0.19986159169550174,0.07111111111111111,-0.07111111111111111,0.01384083044982699,-0.08421376393694734,-0.1085121107266436,-0.13016532103037293,-0.09842368319876971,0.14173010380622836,-0.2364628988850442,-0.17279507881584008,-0.05911572472126105,0.0271280276816609,0.024605920799692427,-0.029773164167627833,0.07972318339100345,0.10340638216070744,-0.07111111111111111,-0.08882737408688965,0.17937716262975778,0.14769703960015382,-0.1085121107266436,0.09356401384083046,0.03543252595155709,0.22145328719723184,0.01574778931180315,-0.04822760476739715,-0.01574778931180315,-0.003936947327950788,-0.07111111111111111,-0.04822760476739715,0.08882737408688965,0.08882737408688965,-0.03254133025759323,0.05173394848135333,-0.14173010380622836,0.05173394848135333,0.04822760476739715,0.17937716262975778,0.16000000000000003,-0.007443291041906958,0.006151480199923107,0.05536332179930796,0.1085121107266436,0.21413302575932336,0.08421376393694734,-0.1929104190695886,0.010396001537870049,-0.14173010380622836,-0.3014225297962323,-0.07972318339100345,-0.22145328719723184,-0.1929104190695886,0.003014225297962322,0.09842368319876971,,,,,0.5613905191421509,-0.5971250534057617,-0.5151377320289612,0.7179591059684753,-0.6379354596138,-0.46306926012039185,0.8535414338111877,-0.7239839434623718,-0.5282442569732666,0.7280701994895935,-0.6088199019432068,-0.5287752151489258,1300.3577880859375,0.03645706921815872
EXPA-017,113.543339,24.035703,0.04822760476739715,0.0629911572472126,0.01384083044982699,0.16000000000000003,0.08421376393694734,-0.06698961937716265,-0.2761399461745483,0.1085121107266436,0.05173394848135333,0.022206843521722412,0.03543252595155709,0.2288965782391388,-0.3014225297962323,-0.01384083044982699,-0.13588619761630144,0.019930795847750864,-0.008858131487889272,-0.04822760476739715,-0.13016532103037293,-0.05173394848135333,-0.0629911572472126,-0.024605920799692427,0.03254133025759323,-0.12456747404844293,0.022206843521722412,-0.01384083044982699,0.041584006151480196,-0.09356401384083046,-0.22145328719723184,0.10340638216070744,0.16000000000000003,0.1085121107266436,0.2761399461745483,-0.017777777777777778,-0.2679584775086506,0.14173010380622836,-0.1929104190695886,-0.11909265667051133,0.03254133025759323,0.04822760476739715,-0.00024605920799692423,0.03844675124951941,0.05536332179930796,0.186082276047674,0.03844675124951941,0.07972318339100345,-0.003014225297962322,0.24415224913494812,0.10340638216070744,0.09356401384083046,0.007443291041906958,-0.2679584775086506,-0.0015378700499807767,0.13016532103037293,0.07111111111111111,-0.17279507881584008,-0.11909265667051133,-0.07972318339100345,-0.041584006151480196,-0.21413302575932336,0.044844290657439445,-0.07111111111111111,-0.05536332179930796,0.09356401384083046,-14.40354811566656,-19.891106970151608,-13.015747152415127,-20.029010950457288,0.8453713059425354,-0.740882933139801,-0.49248120188713074,0.8213376998901367,-0.6969190239906311,-0.47790586948394775,0.8109990358352661,-0.6889137625694275,-0.49426543712615967,0.8698384165763855,-0.7570645213127136,-0.5403032898902893,394.994140625,0.18225716054439545
EXPA-018,107.627394,32.026757,0.05911572472126105,0.07972318339100345,0.08421376393694734,0.09356401384083046,0.08882737408688965,-0.024605920799692427,-0.2519646289888504,0.34602076124567477,0.14173010380622836,0.17279507881584008,0.0629911572472126,-0.03543252595155709,-0.2069357939254133,-0.007443291041906958,-0.0271280276816609,-0.08421376393694734,0.017777777777777778,0.14173010380622836,-0.11909265667051133,-0.22145328719723184,-0.03543252595155709,0.0271280276816609,-0.07535563244905807,-0.044844290657439445,0.11374086889657825,0.07111111111111111,-0.11374086889657825,-0.13016532103037293,0.08421376393694734,0.16000000000000003,-0.09356401384083046,0.08882737408688965,0.06698961937716265,0.186082276047674,-0.041584006151480196,-0.08421376393694734,-0.19986159169550174,-0.044844290657439445,-0.0005536332179930795,-0.05536332179930796,0.01574778931180315,0.13016532103037293,-0.007443291041906958,0.05173394848135333,-0.1085121107266436,0.05536332179930796,-0.03844675124951941,0.2761399461745483,0.2679584775086506,0.024605920799692427,0.008858131487889272,-0.09842368319876971,0.0629911572472126,0.22145328719723184,0.13588619761630144,-0.14769703960015382,-0.024605920799692427,-0.03254133025759323,-0.16000000000000003,-0.05911572472126105,-0.11374086889657825,-0.21413302575932336,0.08421376393694734,0.07535563244905807,,,,,0.6606264710426331,-0.6218960285186768,-0.33074307441711426,0.7518247961997986,-0.6753490567207336,-0.49481192231178284,0.8224864602088928,-0.6942020654678345,-0.4874045252799988,0.6998858451843262,-0.6699246764183044,-0.404796302318573,961.87060546875,0.25049087405204773
EXPA-019,107.771843,33.100153,-0.03254133025759323,0.09842368319876971,0.19986159169550174,0.03844675124951941,0.07111111111111111,0.029773164167627833,-0.2069357939254133,0.07972318339100345,-0.029773164167627833,0.0271280276816609,0.09356401384083046,0.012056901191849288,-0.13016532103037293,-0.08882737408688965,-0.09356401384083046,-0.21413302575932336,-0.09356401384083046,0.003936947327950788,-0.31009611687812383,0.0629911572472126,-0.17937716262975778,0.09356401384083046,-0.12456747404844293,-0.09842368319876971,-0.003014225297962322,-0.003014225297962322,0.004982698961937716,-0.2679584775086506,0.01574778931180315,0.19986159169550174,-0.08882737408688965,0.11909265667051133,-0.04822760476739715,0.09356401384083046,-0.13016532103037293,0.13588619761630144,-0.28444444444444444,-0.017777777777777778,-0.11374086889657825,-0.03543252595155709,0.03254133025759323,0.16633602460592078,-0.05173394848135333,0.041584006151480196,0.022206843521722412,0.2679584775086506,0.15378700499807765,-0.03844675124951941,0.15378700499807765,-0.024605920799692427,0.01384083044982699,0.003014225297962322,0.06698961937716265,0.13016532103037293,-0.06698961937716265,-0.16000000000000003,-0.1085121107266436,-0.11374086889657825,-0.2288965782391388,-0.1085121107266436,-0.17937716262975778,-0.16633602460592078,-0.003014225297962322,0.012056901191849288,-16.089756754688082,-19.635706205045178,-16.627214698898324,-20.308867544241256,0.39611130952835083,-0.4434371292591095,-0.5215181112289429,0.5634824633598328,-0.55222088098526,-0.5393639802932739,0.848244845867157,-0.7096599340438843,-0.5236682295799255,0.6189723610877991,-0.5645530819892883,-0.5885961651802063,648.93505859375,0.25708431005477905
EXPA-020,112.218234,23.554655,0.07111111111111111,-0.01384083044982699,0.04822760476739715,0.0271280276816609,0.024605920799692427,-0.06698961937716265,-0.2599000384467512,0.2069357939254133,0.07111111111111111,0.17279507881584008,-0.10340638216070744,0.06698961937716265,-0.29287197231833906,-0.007443291041906958,0.01384083044982699,-0.03254133025759323,0.029773164167627833,0.11374086889657825,-0.017777777777777778,-0.1929104190695886,-0.09356401384083046,0.0629911572472126,0.003936947327950788,-0.14769703960015382,0.05173394848135333,0.1929104190695886,-0.044844290657439445,-0.04822760476739715,0.008858131487889272,0.14769703960015382,0.12456747404844293,0.04822760476739715,0.17279507881584008,0.019930795847750864,-0.17279507881584008,-0.017777777777777778,-0.17279507881584008,-0.11374086889657825,0.11909265667051133,0.01384083044982699,0.13016532103037293,0.041584006151480196,0.000984236831987697,0.14769703960015382,-0.008858131487889272,-0.06698961937716265,-0.05536332179930796,0.3188927335640138,0.21413302575932336,0.041584006151480196,0.11374086889657825,-0.16633602460592078,-0.01384083044982699,0.16633602460592078,0.16633602460592078,-0.17937716262975778,-0.08882737408688965,0.04822760476739715,-0.03844675124951941,-0.12456747404844293,0.05911572472126105,-0.2679584775086506,0.024605920799692427,0.15378700499807765,-5.3924813062408035,-11.73459633566896,-4.393189071523032,-11.859806349448782,0.7926338315010071,-0.6923301815986633,-0.47611939907073975,0.7496352791786194,-0.5622720122337341,-0.33806145191192627,0.812550961971283,-0.645781934261322,-0.4442724585533142,0.8285096287727356,-0.7222930192947388,-0.5266014933586121,205.98594665527344,0.1095963567495346
EXPA-021,110.68454,25.872039,0.08882737408688965,0.010396001537870049,0.14173010380622836,0.06698961937716265,0.11374086889657825,-0.07111111111111111,-0.31009611687812383,0.11374086889657825,-0.012056901191849288,0.2069357939254133,0.007443291041906958,0.07972318339100345,-0.2069357939254133,0.0271280276816609,-0.09842368319876971,-0.17279507881584008,-0.1085121107266436,0.07535563244905807,-0.14173010380622836,-0.04822760476739715,-0.16633602460592078,0.07972318339100345,-0.11374086889657825,-0.2069357939254133,-0.017777777777777778,-0.0015378700499807767,-0.03844675124951941,-0.1085121107266436,-0.029773164167627833,0.17279507881584008,0.08421376393694734,0.03543252595155709,0.024605920799692427,0.05173394848135333,-0.3278123798539023,0.11909265667051133,-0.2069357939254133,-0.186082276047674,-0.029773164167627833,-0.003936947327950788,0.0629911572472126,0.16000000000000003,-0.07535563244905807,0.17279507881584008,-0.06698961937716265,0.13016532103037293,0.05173394848135333,0.05911572472126105,0.01384083044982699,-0.0005536332179930795,-0.05173394848135333,-0.13016532103037293,0.07972318339100345,0.03254133025759323,0.01574778931180315,-0.1929104190695886,-0.186082276047674,0.03254133025759323,-0.17937716262975778,-0.21413302575932336,-0.07111111111111111,-0.186082276047674,-0.0629911572472126,0.05173394848135333,-12.399466963708067,-16.88673963737957,-10.997858024511956,-15.994572187110709,,,,,,,,,,,,,,
EXPA-022,106.449702,32.341257,0.019930795847750864,0.10340638216070744,0.08421376393694734,0.13016532103037293,0.09842368319876971,0.01574778931180315,-0.2364628988850442,0.21413302575932336,0.05911572472126105,0.1085121107266436,0.14769703960015382,0.09356401384083046,-0.17937716262975778,-0.03543252595155709,-0.06698961937716265,-0.16633602460592078,-0.003014225297962322,-0.1085121107266436,-0.2519646289888504,-0.004982698961937716,-0.11374086889657825,-0.12456747404844293,-0.041584006151480196,-0.12456747404844293,0.13016532103037293,0.019930795847750864,-0.06698961937716265,-0.13016532103037293,-0.022206843521722412,0.09842368319876971,0.01574778931180315,0.21413302575932336,0.17279507881584008,0.07535563244905807,-0.14173010380622836,0.07535563244905807,-0.21413302575932336,-0.13016532103037293,0.007443291041906958,0.1085121107266436,-0.08882737408688965,0.14173010380622836,-0.01574778931180315,0.13016532103037293,-0.03543252595155709,0.09356401384083046,0.1085121107266436,0.09842368319876971,0.16000000000000003,0.10340638216070744,-0.044844290657439445,-0.17279507881584008,0.03543252595155709,0.2069357939254133,0.13016532103037293,-0.1929104190695886,-0.07972318339100345,-0.16633602460592078,-0.2364628988850442,-0.14769703960015382,-0.12456747404844293,-0.11374086889657825,-0.0629911572472126,0.03844675124951941,,,,,0.5119004249572754,-0.4855189919471741,-0.3651498258113861,0.7444686889648438,-0.5998857021331787,-0.4097807705402374,0.8629165887832642,-0.7418784499168396,-0.5329868197441101,0.7787532806396484,-0.7135607600212097,-0.5394378900527954,914.9616088867188,0.28692808747291565
EXPA-023,111.074768,28.62843,0.041584006151480196,0.05173394848135333,0.09842368319876971,0.019930795847750864,0.1085121107266436,-0.008858131487889272,-0.2761399461745483,0.2519646289888504,-0.004982698961937716,0.21413302575932336,-0.05536332179930796,0.03543252595155709,-0.24415224913494812,-0.03254133025759323,-0.14173010380622836,-0.13016532103037293,-0.09356401384083046,0.14769703960015382,-0.1929104190695886,0.002214532871972318,-0.14769703960015382,0.19986159169550174,-0.14769703960015382,-0.08421376393694734,0.05173394848135333,-0.017777777777777778,-0.07972318339100345,-0.09842368319876971,0.05536332179930796,0.19986159169550174,-0.07111111111111111,0.06698961937716265,0.007443291041906958,0.07972318339100345,-0.1929104190695886,0.0629911572472126,-0.21413302575932336,-0.2288965782391388,0.019930795847750864,-0.041584006151480196,0.03844675124951941,0.2599000384467512,0.019930795847750864,0.09842368319876971,0.000984236831987697,0.10340638216070744,0.08421376393694734,0.08421376393694734,0.11909265667051133,0.0629911572472126,-0.0629911572472126,-0.09842368319876971,0.13588619761630144,-0.007443291041906958,-0.0271280276816609,-0.12456747404844293,-0.13016532103037293,-0.008858131487889272,-0.12456747404844293,0.08882737408688965,-0.17279507881584008,-0.24415224913494812,0.012056901191849288,0.05173394848135333,-8.003474293952141,-13.673821445690734,-6.866417955099649,-12.739923800457902,0.5945165753364563,-0.5796998143196106,-0.5690729022026062,0.7805376052856445,-0.6396678686141968,-0.5174150466918945,0.8005188703536987,-0.68355792760849,-0.5517373085021973,0.8031654953956604,-0.7266464829444885,-0.6152055859565735,182.65164184570312,0.15118606388568878
EXPA-024,108.984568,25.741334,0.07111111111111111,0.041584006151480196,0.1929104190695886,0.012056901191849288,0.09356401384083046,0.04822760476739715,-0.3188927335640138,0.17279507881584008,-0.03543252595155709,0.14173010380622836,0.03543252595155709,0.07535563244905807,-0.2288965782391388,0.05536332179930796,-0.08882737408688965,-0.12456747404844293,-0.09356401384083046,-0.044844290657439445,-0.2288965782391388,0.024605920799692427,-0.17937716262975778,0.05911572472126105,-0.12456747404844293,-0.15378700499807765,-0.003014225297962322,-0.022206843521722412,-0.08421376393694734,-0.09842368319876971,-0.09356401384083046,0.186082276047674,0.041584006151480196,0.16633602460592078,-0.05173394848135333,0.01574778931180315,-0.29287197231833906,0.17937716262975778,-0.29287197231833906,-0.14769703960015382,-0.06698961937716265,0.017777777777777778,0.003936947327950788,0.22145328719723184,-0.008858131487889272,0.13016532103037293,0.03844675124951941,0.2069357939254133,0.1085121107266436,-0.008858131487889272,0.04822760476739715,0.024605920799692427,-0.07972318339100345,-0.11374086889657825,0.05173394848135333,0.008858131487889272,-0.03543252595155709,-0.13016532103037293,-0.17279507881584008,-0.01574778931180315,-0.14769703960015382,-0.03844675124951941,-0.07535563244905807,-0.13588619761630144,0.002214532871972318,-0.044844290657439445,-12.835443763530902,-19.540362569628744,-15.00441670498441,-19.280316755166808,0.6338403224945068,-0.6482546925544739,-0.5951434969902039,0.8483551740646362,-0.74322110414505,-0.5823589563369751,0.8407714366912842,-0.7328057885169983,-0.5939158201217651,0.831631064414978,-0.7511466145515442,-0.6239660382270813,295.2178955078125,0.2534900903701782
EXPA-025,109.389349,32.153958,-0.03844675124951941,0.004982698961937716,0.07972318339100345,0.07535563244905807,0.06698961937716265,-0.1085121107266436,-0.17937716262975778,0.2288965782391388,0.14769703960015382,0.1085121107266436,0.24415224913494812,0.0629911572472126,-0.09356401384083046,-0.041584006151480196,-0.12456747404844293,-0.12456747404844293,-0.03844675124951941,-0.07972318339100345,-0.37425605536332185,-0.14173010380622836,-0.11909265667051133,-0.17937716262975778,0.003936947327950788,-0.07535563244905807,0.07972318339100345,-0.022206843521722412,-0.11374086889657825,-0.10340638216070744,-0.006151480199923107,0.19986159169550174,-0.11374086889657825,0.12456747404844293,0.16000000000000003,0.09356401384083046,-0.08882737408688965,-0.008858131487889272,-0.24415224913494812,0.003936947327950788,0.019930795847750864,0.022206843521722412,0.05536332179930796,0.03254133025759323,0.04822760476739715,0.07111111111111111,-0.08421376393694734,0.05536332179930796,0.1085121107266436,0.04822760476739715,0.14173010380622836,-0.003014225297962322,-0.002214532871972318,-0.017777777777777778,0.07535563244905807,0.3014225297962323,0.07111111111111111,-0.13016532103037293,-0.11909265667051133,-0.2069357939254133,-0.2069357939254133,-0.04822760476739715,-0.15378700499807765,-0.09842368319876971,0.0271280276816609,0.11909265667051133,-13.240037147811867,-16.64700526880204,-13.147497237535996,-18.058739315094613,0.29569512605667114,-0.3021276593208313,-0.44656917452812195,0.6358247995376587,-0.5578551292419434,-0.4855892062187195,0.849093496799469,-0.7263328433036804,-0.523809552192688,0.6159909963607788,-0.5769230723381042,-0.6027856469154358,1412.4302978515625,0.1415318101644516
EXPA-026,125.233205,43.906886,-0.04822760476739715,-0.14769703960015382,0.22145328719723184,-0.09356401384083046,-0.16000000000000003,-0.1085121107266436,-0.2364628988850442,0.33685505574778934,0.017777777777777778,-0.08882737408688965,0.34602076124567477,-0.11374086889657825,0.022206843521722412,-0.0629911572472126,-0.12456747404844293,-0.10340638216070744,-0.029773164167627833,0.05536332179930796,-0.15378700499807765,0.044844290657439445,0.010396001537870049,-0.03543252595155709,0.10340638216070744,-0.017777777777777778,0.07535563244905807,0.29287197231833906,0.004982698961937716,-0.008858131487889272,0.24415224913494812,0.044844290657439445,0.00024605920799692423,-0.017777777777777778,-0.03254133025759323,0.07972318339100345,-0.0015378700499807767,0.16633602460592078,0.002214532871972318,-0.15378700499807765,0.15378700499807765,-0.12456747404844293,-0.05911572472126105,-0.1085121107266436,0.03543252595155709,0.14173010380622836,-0.05911572472126105,0.11374086889657825,0.17937716262975778,-0.022206843521722412,0.15378700499807765,-0.07535563244905807,0.07535563244905807,0.08882737408688965,-0.07535563244905807,0.007443291041906958,0.08882737408688965,-0.05911572472126105,0.16000000000000003,0.03543252595155709,-0.16000000000000003,-0.041584006151480196,-0.1929104190695886,-0.03254133025759323,-0.1085121107266436,0.0005536332179930795,-9.838562411804306,-18.8142570726353,-8.511764926398973,-16.874410888732193,0.22514355182647705,-0.2837238609790802,-0.1108490601181984,0.3719412684440613,-0.39094480872154236,-0.48720628023147583,0.7410662174224854,-0.6160957217216492,-0.47877445816993713,0.630791187286377,-0.6226950287818909,-0.5559265613555908,223.78428649902344,0.07209835946559906
EXPA-027,108.748491,23.02968,0.08882737408688965,0.07535563244905807,0.21413302575932336,0.07535563244905807,0.05911572472126105,-0.05911572472126105,-0.2761399461745483,0.12456747404844293,-0.044844290657439445,0.0629911572472126,-0.07535563244905807,0.2364628988850442,-0.2761399461745483,0.05536332179930796,-0.10340638216070744,-0.03254133025759323,-0.07535563244905807,0.0629911572472126,-0.05911572472126105,-0.0271280276816609,-0.17279507881584008,0.041584006151480196,0.07972318339100345,-0.16000000000000003,-0.041584006151480196,0.01384083044982699,-0.006151480199923107,-0.07972318339100345,-0.16633602460592078,0.12456747404844293,0.12456747404844293,0.17279507881584008,0.19986159169550174,0.041584006151480196,-0.24415224913494812,0.14769703960015382,-0.14769703960015382,-0.2069357939254133,-0.044844290657439445,0.05911572472126105,-0.010396001537870049,0.1085121107266436,-0.03844675124951941,0.19986159169550174,0.003936947327950788,0.16000000000000003,-0.05536332179930796,0.14173010380622836,0.03543252595155709,0.0271280276816609,0.05536332179930796,-0.2069357939254133,0.022206843521722412,0.002214532871972318,-0.000984236831987697,-0.2519646289888504,-0.08882737408688965,-0.008858131487889272,-0.09842368319876971,-0.21413302575932336,-0.022206843521722412,-0.09842368319876971,-0.11374086889657825,-0.06698961937716265,-10.17172537512688,-19.94289176986864,-9.564257062814079,-15.127327934433678,,,,,,,,,,,,,,
EXPA-028,109.630547,25.385332,0.003936947327950788,0.05536332179930796,0.2069357939254133,-0.07972318339100345,0.044844290657439445,0.186082276047674,-0.24415224913494812,0.09842368319876971,-0.0271280276816609,0.15378700499807765,0.05173394848135333,-0.06698961937716265,-0.2288965782391388,0.08421376393694734,-0.04822760476739715,-0.05173394848135333,-0.03254133025759323,0.017777777777777778,-0.13588619761630144,-0.13588619761630144,-0.29287197231833906,0.1085121107266436,-0.1085121107266436,-0.17279507881584008,-0.15378700499807765,0.10340638216070744,-0.13016532103037293,-0.09356401384083046,-0.022206843521722412,0.1085121107266436,-0.024605920799692427,0.007443291041906958,-0.0271280276816609,0.044844290657439445,-0.09842368319876971,0.186082276047674,-0.1929104190695886,0.09842368319876971,-0.12456747404844293,0.03844675124951941,0.044844290657439445,0.1085121107266436,-0.03844675124951941,0.2069357939254133,-0.010396001537870049,0.1929104190695886,0.022206843521722412,0.22145328719723184,0.09842368319876971,-0.017777777777777778,-0.0271280276816609,-0.029773164167627833,0.06698961937716265,0.13016532103037293,0.16633602460592078,-0.15378700499807765,-0.14769703960015382,0.003014225297962322,0.05173394848135333,-0.17279507881584008,-0.09842368319876971,-0.2599000384467512,0.15378700499807765,0.0629911572472126,-9.130675763252915,-16.55953882437875,-8.458646366991793,-13.52806597293007,0.4231323003768921,-0.48365578055381775,-0.5321849584579468,0.6245580315589905,-0.5441491007804871,-0.5033289194107056,0.5055611729621887,-0.5078480839729309,-0.4505370259284973,0.6954055428504944,-0.6488760113716125,-0.5100076794624329,210.17636108398438,0.12126899510622025
EXPA-029,108.250465,32.684054,-0.03254133025759323,0.044844290657439445,0.07535563244905807,0.11909265667051133,0.019930795847750864,-0.1085121107266436,-0.22145328719723184,0.3014225297962323,0.13588619761630144,0.13016532103037293,0.07535563244905807,-0.0271280276816609,-0.13588619761630144,-0.05911572472126105,-0.03254133025759323,-0.07535563244905807,0.05536332179930796,0.05536332179930796,-0.28444444444444444,-0.09356401384083046,-0.041584006151480196,0.07111111111111111,-0.14769703960015382,-0.017777777777777778,0.09356401384083046,0.07972318339100345,-0.03254133025759323,-0.13016532103037293,0.13588619761630144,0.14769703960015382,-0.1085121107266436,-0.03844675124951941,0.05173394848135333,0.11374086889657825,0.01384083044982699,-0.14769703960015382,-0.19986159169550174,-0.03254133025759323,0.0629911572472126,-0.13588619761630144,0.012056901191849288,0.15378700499807765,0.017777777777777778,0.05173394848135333,-0.1085121107266436,0.06698961937716265,0.13588619761630144,0.2519646289888504,0.186082276047674,0.06698961937716265,-0.0629911572472126,-0.06698961937716265,0.017777777777777778,0.22145328719723184,0.186082276047674,-0.1085121107266436,0.008858131487889272,-0.11909265667051133,-0.1929104190695886,-0.03543252595155709,-0.14173010380622836,-0.2599000384467512,0.05173394848135333,0.15378700499807765,-3.074906663603127,-10.132306610039656,-2.6573778169786726,-9.351544645985966,0.35419273376464844,-0.3868831396102905,-0.409221887588501,0.45151811838150024,-0.4141221344470978,-0.5030351877212524,0.8417466282844543,-0.7312418222427368,-0.5772157311439514,0.7579383254051208,-0.7363636493682861,-0.6561944484710693,520.2569580078125,0.4637167751789093
EXPA-030,108.026785,31.858322,0.0629911572472126,0.08421376393694734,0.14173010380622836,0.09356401384083046,0.08882737408688965,0.05173394848135333,-0.29287197231833906,0.186082276047674,0.01384083044982699,0.12456747404844293,-0.022206843521722412,0.1085121107266436,-0.2364628988850442,-0.041584006151480196,-0.0271280276816609,-0.17279507881584008,-0.06698961937716265,0.003014225297962322,-0.14769703960015382,0.017777777777777778,-0.17279507881584008,0.029773164167627833,-0.03254133025759323,-0.09356401384083046,0.01574778931180315,0.004982698961937716,-0.09356401384083046,-0.186082276047674,0.017777777777777778,0.17279507881584008,0.006151480199923107,0.14173010380622836,0.13016532103037293,0.09356401384083046,-0.2519646289888504,0.14173010380622836,-0.16633602460592078,-0.19986159169550174,-0.09842368319876971,0.14173010380622836,0.010396001537870049,0.28444444444444444,-0.041584006151480196,0.09842368319876971,0.007443291041906958,0.14769703960015382,0.017777777777777778,0.029773164167627833,0.11909265667051133,0.041584006151480196,-0.006151480199923107,-0.1085121107266436,0.09356401384083046,0.07535563244905807,-0.041584006151480196,-0.22145328719723184,-0.13016532103037293,-0.044844290657439445,-0.2364628988850442,-0.11374086889657825,-0.14173010380622836,-0.16633602460592078,-0.08882737408688965,0.0271280276816609,-13.733693658510044,-19.15096963776677,-11.646265230243564,-17.954932445483976,0.7086743116378784,-0.6677316427230835,-0.4710743725299835,0.7271341681480408,-0.586834728717804,-0.484040230512619,0.8514090776443481,-0.6964006423950195,-0.520197868347168,0.826259970664978,-0.7320754528045654,-0.5952494144439697,832.0411376953125,0.1987958550453186
EXPA-031,107.502079,33.609229,-0.03254133025759323,0.08421376393694734,0.04822760476739715,0.07972318339100345,0.09356401384083046,-0.06698961937716265,-0.1085121107266436,0.31009611687812383,0.15378700499807765,0.19986159169550174,0.1929104190695886,-0.08421376393694734,-0.11909265667051133,-0.05536332179930796,-0.1929104190695886,-0.0629911572472126,-0.13588619761630144,0.041584006151480196,-0.2519646289888504,-0.17937716262975778,0.012056901191849288,0.13588619761630144,-0.1085121107266436,-0.03844675124951941,0.12456747404844293,-0.006151480199923107,-0.11374086889657825,-0.044844290657439445,0.044844290657439445,0.15378700499807765,-0.14173010380622836,0.08421376393694734,-0.012056901191849288,0.14769703960015382,0.08882737408688965,-0.13016532103037293,-0.2761399461745483,-0.11374086889657825,-0.03543252595155709,-0.22145328719723184,0.024605920799692427,0.07111111111111111,0.06698961937716265,-0.004982698961937716,-0.09356401384083046,0.017777777777777778,0.07535563244905807,0.044844290657439445,0.2069357939254133,-0.03844675124951941,-0.03844675124951941,-0.022206843521722412,0.07972318339100345,0.17279507881584008,0.05911572472126105,-0.10340638216070744,0.019930795847750864,-0.07972318339100345,-0.2599000384467512,-0.07111111111111111,-0.16633602460592078,-0.19986159169550174,-0.03543252595155709,0.09356401384083046,,,,,0.3928946852684021,-0.44893941283226013,-0.45086076855659485,0.5275937914848328,-0.5197657346725464,-0.5454965233802795,0.8602794408798218,-0.7555921673774719,-0.54131680727005,0.6991549134254456,-0.7190082669258118,-0.5501824617385864,1301.914306640625,0.25708431005477905
EXPA-032,108.248848,24.318942,0.0629911572472126,-0.10340638216070744,0.13588619761630144,0.044844290657439445,0.019930795847750864,-0.08421376393694734,-0.3188927335640138,0.2288965782391388,0.024605920799692427,0.13016532103037293,-0.07111111111111111,0.07535563244905807,-0.22145328719723184,-0.019930795847750864,0.017777777777777778,-0.0629911572472126,0.11374086889657825,0.16000000000000003,-0.07972318339100345,-0.11909265667051133,-0.186082276047674,0.17279507881584008,-0.08421376393694734,-0.16000000000000003,-0.029773164167627833,0.16000000000000003,0.03844675124951941,-0.07972318339100345,0.017777777777777778,0.12456747404844293,0.05536332179930796,-0.05536332179930796,0.06698961937716265,0.13588619761630144,-0.14173010380622836,-0.05911572472126105,-0.08882737408688965,-0.05536332179930796,0.06698961937716265,-0.010396001537870049,0.13588619761630144,0.17937716262975778,0.022206843521722412,0.14173010380622836,-0.06698961937716265,0.003014225297962322,-0.022206843521722412,0.40359861591695495,0.11374086889657825,0.041584006151480196,0.000984236831987697,-0.14173010380622836,0.08421376393694734,0.11374086889657825,0.186082276047674,-0.08421376393694734,-0.09842368319876971,-0.07535563244905807,0.017777777777777778,-0.024605920799692427,0.06698961937716265,-0.24415224913494812,0.13588619761630144,0.10340638216070744,-6.9682028787991035,-12.784208769516063,-4.35312301542106,-8.957363704126495,0.690227210521698,-0.6215187907218933,-0.5029532313346863,0.7106223702430725,-0.6041435599327087,-0.461364209651947,0.7238290905952454,-0.5933080315589905,-0.4280863404273987,0.8524064421653748,-0.7329902648925781,-0.5853496193885803,232.7959442138672,0.1467764973640442
EXPA-033,122.805329,46.728495,-0.03254133025759323,-0.01384083044982699,0.17937716262975778,-0.12456747404844293,-0.07535563244905807,-0.07111111111111111,-0.17937716262975778,0.42377547097270285,0.08882737408688965,-0.01574778931180315,0.3014225297962323,-0.11374086889657825,0.03254133025759323,0.05536332179930796,-0.16633602460592078,0.15378700499807765,-0.029773164167627833,-0.07972318339100345,-0.186082276047674,0.0005536332179930795,0.13588619761630144,-0.044844290657439445,0.08421376393694734,-0.003014225297962322,0.13588619761630144,0.186082276047674,0.05536332179930796,0.06698961937716265,0.2679584775086506,0.05173394848135333,-0.03543252595155709,0.05911572472126105,-0.09842368319876971,0.022206843521722412,0.019930795847750864,0.14769703960015382,-0.04822760476739715,-0.13016532103037293,0.019930795847750864,-0.13588619761630144,-0.11374086889657825,-0.11909265667051133,0.044844290657439445,-0.017777777777777778,-0.1085121107266436,0.10340638216070744,0.1929104190695886,-0.21413302575932336,0.08882737408688965,-0.06698961937716265,0.08882737408688965,-0.002214532871972318,-0.05173394848135333,0.01574778931180315,0.041584006151480196,0.17937716262975778,0.15378700499807765,-0.01574778931180315,-0.08421376393694734,-0.05911572472126105,-0.1929104190695886,0.002214532871972318,-0.11374086889657825,0.01384083044982699,,,,,0.0790909081697464,-0.10882765054702759,0.5936521291732788,0.388717383146286,-0.52059006690979,-0.6097072958946228,0.8267716765403748,-0.7648686170578003,-0.6722891330718994,0.42062416672706604,-0.5102776885032654,-0.567240297794342,233.257568359375,0.1581123173236847
EXPA-034,113.910121,23.418291,-0.01574778931180315,-0.08421376393694734,0.10340638216070744,0.11374086889657825,0.03254133025759323,-0.019930795847750864,-0.29287197231833906,0.08882737408688965,-0.00024605920799692423,0.10340638216070744,-0.01384083044982699,0.05911572472126105,-0.3188927335640138,-0.05173394848135333,-0.041584006151480196,-0.022206843521722412,-0.01574778931180315,0.04822760476739715,-0.07535563244905807,-0.11909265667051133,-0.15378700499807765,0.10340638216070744,0.07535563244905807,-0.17279507881584008,-0.01574778931180315,0.14173010380622836,-0.03254133025759323,-0.04822760476739715,-0.08882737408688965,0.14173010380622836,0.16000000000000003,0.003936947327950788,0.19986159169550174,0.03254133025759323,-0.21413302575932336,0.05911572472126105,-0.10340638216070744,-0.008858131487889272,0.0271280276816609,-0.0271280276816609,0.11374086889657825,0.017777777777777778,0.007443291041906958,0.28444444444444444,0.07972318339100345,0.008858131487889272,-0.0271280276816609,0.2288965782391388,0.2599000384467512,0.08421376393694734,-0.03254133025759323,-0.12456747404844293,0.004982698961937716,0.2069357939254133,0.13588619761630144,-0.22145328719723184,-0.12456747404844293,-0.017777777777777778,-0.03254133025759323,-0.13016532103037293,0.024605920799692427,-0.2599000384467512,0.05173394848135333,0.11374086889657825,-8.799314821302348,-14.7865241622834,-7.21432712013992,-13.436300819948741,0.7826478481292725,-0.6941512227058411,-0.5127272605895996,0.763552725315094,-0.6205882430076599,-0.4323432445526123,0.7884103059768677,-0.6618527173995972,-0.43879473209381104,0.7924473881721497,-0.7096508145332336,-0.5777689218521118,36.44467544555664,0.12428018450737
EXPA-035,122.217561,46.105962,-0.05911572472126105,0.044844290657439445,0.2288965782391388,-0.12456747404844293,-0.1085121107266436,-0.024605920799692427,-0.3278123798539023,0.37425605536332185,0.06698961937716265,-0.08882737408688965,0.22145328719723184,-0.06698961937716265,0.05173394848135333,0.07535563244905807,-0.10340638216070744,0.12456747404844293,0.006151480199923107,0.044844290657439445,-0.21413302575932336,0.09356401384083046,0.08882737408688965,-0.044844290657439445,0.17937716262975778,0.03543252595155709,0.05173394848135333,0.2519646289888504,0.11374086889657825,-0.0629911572472126,0.19986159169550174,0.024605920799692427,-0.044844290657439445,0.07111111111111111,-0.0271280276816609,0.01574778931180315,-0.003936947327950788,0.16633602460592078,-0.019930795847750864,-0.04822760476739715,0.08421376393694734,-0.16000000000000003,-0.01574778931180315,-0.07972318339100345,0.03254133025759323,-0.04822760476739715,-0.13016532103037293,0.16633602460592078,0.24415224913494812,-0.14769703960015382,0.05911572472126105,-0.07111111111111111,0.14173010380622836,-0.008858131487889272,-0.05911572472126105,0.05173394848135333,0.06698961937716265,0.07535563244905807,0.0629911572472126,-0.010396001537870049,-0.07972318339100345,-0.13016532103037293,-0.19986159169550174,-0.010396001537870049,-0.13588619761630144,-0.024605920799692427,,,,,0.10157323628664017,-0.16435259580612183,0.36354056000709534,0.2333614081144333,-0.39761337637901306,-0.47953397035598755,0.7592915892601013,-0.6739435791969299,-0.5057092905044556,0.3740640878677368,-0.4719281494617462,-0.4424119293689728,342.8488464355469,0.1581123173236847
EXPA-036,125.958415,43.1585,-0.13016532103037293,-0.012056901191849288,0.14173010380622836,-0.05173394848135333,-0.06698961937716265,-0.2364628988850442,-0.17279507881584008,0.4444444444444444,0.19986159169550174,0.012056901191849288,0.28444444444444444,-0.09356401384083046,-0.007443291041906958,-0.04822760476739715,-0.14769703960015382,0.07972318339100345,0.01574778931180315,0.03844675124951941,-0.28444444444444444,-0.10340638216070744,0.10340638216070744,-0.04822760476739715,0.0271280276816609,0.024605920799692427,0.13588619761630144,0.14769703960015382,-0.041584006151480196,-0.003014225297962322,0.22145328719723184,0.08882737408688965,-0.0629911572472126,-0.024605920799692427,0.05536332179930796,0.17279507881584008,0.07972318339100345,0.044844290657439445,-0.010396001537870049,-0.06698961937716265,0.12456747404844293,-0.15378700499807765,0.003014225297962322,-0.05911572472126105,0.10340638216070744,0.019930795847750864,-0.13588619761630144,0.08421376393694734,0.22145328719723184,0.0271280276816609,0.09356401384083046,-0.0629911572472126,0.07111111111111111,0.012056901191849288,-0.07535563244905807,0.13016532103037293,0.09842368319876971,0.10340638216070744,0.13016532103037293,-0.05911572472126105,-0.06698961937716265,-0.012056901191849288,-0.17937716262975778,0.006151480199923107,-0.0629911572472126,0.07111111111111111,-13.54317083101304,-19.790018826122438,-8.434487946952881,-16.529588099366972,0.06830122321844101,-0.010770505294203758,0.23944637179374695,0.4510357677936554,-0.4774688482284546,-0.5618970990180969,0.8669033050537109,-0.7868365049362183,-0.6151782274246216,0.6639999747276306,-0.6189509034156799,-0.6492211818695068,416.5643005371094,0.07209835946559906
EXPA-037,109.25056,32.606709,-0.05173394848135333,0.03844675124951941,0.07535563244905807,0.11374086889657825,0.044844290657439445,-0.08882737408688965,-0.2288965782391388,0.21413302575932336,0.16633602460592078,0.12456747404844293,0.13016532103037293,0.044844290657439445,-0.12456747404844293,-0.07111111111111111,-0.14173010380622836,-0.07535563244905807,-0.11909265667051133,0.07972318339100345,-0.2679584775086506,-0.14769703960015382,-0.07111111111111111,-0.01574778931180315,0.003936947327950788,-0.05173394848135333,0.03844675124951941,0.15378700499807765,-0.11909265667051133,-0.13016532103037293,0.1085121107266436,0.16000000000000003,-0.1085121107266436,0.17937716262975778,0.11909265667051133,0.14173010380622836,0.0005536332179930795,0.007443291041906958,-0.3014225297962323,-0.08421376393694734,0.07111111111111111,-0.08882737408688965,0.06698961937716265,0.03543252595155709,0.05911572472126105,0.04822760476739715,-0.08421376393694734,0.029773164167627833,0.0629911572472126,0.2069357939254133,0.14173010380622836,0.00024605920799692423,0.08421376393694734,-0.0271280276816609,0.044844290657439445,0.24415224913494812,0.024605920799692427,-0.24415224913494812,-0.03844675124951941,-0.08882737408688965,-0.2288965782391388,-0.06698961937716265,-0.186082276047674,-0.16633602460592078,0.0271280276816609,0.1085121107266436,-9.682250265627882,-14.475026705840857,-7.73214407600293,-14.879906367084569,0.4368421137332916,-0.41744548082351685,-0.4521484375,0.6293622255325317,-0.5094760060310364,-0.5289078950881958,0.8666666746139526,-0.7622377872467041,-0.5432409644126892,0.7700950503349304,-0.7534246444702148,-0.702786386013031,1075.6588134765625,0.1415318101644516
EXPA-038,112.544861,23.246892,0.09356401384083046,0.0629911572472126,0.11909265667051133,0.11909265667051133,0.08882737408688965,-0.08421376393694734,-0.2679584775086506,0.14769703960015382,0.012056901191849288,0.05536332179930796,-0.019930795847750864,0.2069357939254133,-0.3014225297962323,0.024605920799692427,-0.15378700499807765,-0.05173394848135333,-0.0629911572472126,0.01384083044982699,-0.10340638216070744,0.0271280276816609,-0.13588619761630144,0.07972318339100345,-0.003936947327950788,-0.13016532103037293,0.019930795847750864,-0.08421376393694734,0.05173394848135333,-0.017777777777777778,-0.22145328719723184,0.04822760476739715,0.24415224913494812,0.186082276047674,0.17279507881584008,0.017777777777777778,-0.3188927335640138,0.1929104190695886,-0.186082276047674,-0.1929104190695886,-0.05536332179930796,0.11374086889657825,-0.024605920799692427,0.10340638216070744,0.07111111111111111,0.14769703960015382,0.017777777777777778,0.12456747404844293,-0.044844290657439445,0.09356401384083046,0.044844290657439445,0.03543252595155709,0.003936947327950788,-0.2519646289888504,0.03543252595155709,0.012056901191849288,-0.044844290657439445,-0.14173010380622836,-0.1085121107266436,-0.03254133025759323,-0.08882737408688965,-0.11374086889657825,-0.007443291041906958,-0.05536332179930796,-0.16633602460592078,-0.01384083044982699,-16.23999868069721,-23.299552380779186,-13.45885577312627,-19.32049846436532,0.8450899124145508,-0.7352845668792725,-0.5795454382896423,0.7537384629249573,-0.6592414379119873,-0.4739776849746704,0.8240485191345215,-0.6893997192382812,-0.5012305378913879,0.8520532846450806,-0.7275494933128357,-0.5380645394325256,247.25473022460938,0.1095963567495346
EXPA-039,112.997882,24.942822,0.13588619761630144,0.07972318339100345,0.004982698961937716,0.0271280276816609,0.07111111111111111,-0.09356401384083046,-0.2519646289888504,0.16633602460592078,0.1085121107266436,0.17937716262975778,-0.044844290657439445,0.03844675124951941,-0.2679584775086506,0.03844675124951941,-0.15378700499807765,-0.008858131487889272,-0.08421376393694734,0.16000000000000003,0.0005536332179930795,-0.2761399461745483,0.012056901191849288,0.07111111111111111,-0.04822760476739715,-0.13016532103037293,-0.000984236831987697,-0.017777777777777778,-0.06698961937716265,-0.044844290657439445,-0.04822760476739715,0.09842368319876971,0.041584006151480196,-0.0271280276816609,0.11374086889657825,0.11374086889657825,-0.2519646289888504,-0.05911572472126105,-0.14173010380622836,-0.11374086889657825,0.019930795847750864,-0.07535563244905807,0.019930795847750864,0.11374086889657825,-0.09356401384083046,0.041584006151480196,-0.09356401384083046,0.03844675124951941,-0.06698961937716265,0.42377547097270285,0.08882737408688965,-0.05173394848135333,0.06698961937716265,-0.2599000384467512,0.12456747404844293,0.11374086889657825,0.11374086889657825,-0.14769703960015382,-0.05911572472126105,0.06698961937716265,-0.029773164167627833,-0.186082276047674,0.03254133025759323,-0.13016532103037293,0.029773164167627833,0.08421376393694734,-3.958492823897684,-11.576423878298431,-2.6695046920650563,-11.375076339475708,0.8162423968315125,-0.730254054069519,-0.4997858703136444,0.7780219912528992,-0.7139830589294434,-0.5555555820465088,0.8387347459793091,-0.7153223156929016,-0.5087646245956421,0.8551411032676697,-0.7629407644271851,-0.5347809791564941,1383.0460205078125,0.10129718482494354
EXPA-040,105.926074,34.165735,-0.07111111111111111,-0.003936947327950788,-0.019930795847750864,0.08421376393694734,0.03254133025759323,-0.17937716262975778,-0.13588619761630144,0.2288965782391388,0.14769703960015382,0.14769703960015382,0.2679584775086506,0.012056901191849288,-0.04822760476739715,-0.05911572472126105,-0.1929104190695886,-0.05173394848135333,-0.03543252595155709,-0.05536332179930796,-0.42377547097270285,-0.17279507881584008,0.007443291041906958,-0.1929104190695886,0.012056901191849288,-0.01574778931180315,0.14769703960015382,-0.05173394848135333,-0.0629911572472126,-0.0271280276816609,-0.029773164167627833,0.21413302575932336,-0.15378700499807765,0.11909265667051133,0.10340638216070744,0.07535563244905807,-0.024605920799692427,-0.11374086889657825,-0.186082276047674,0.03543252595155709,0.041584006151480196,-0.08882737408688965,0.05173394848135333,-0.05536332179930796,0.0629911572472126,0.05173394848135333,-0.10340638216070744,0.06698961937716265,0.12456747404844293,0.06698961937716265,0.14769703960015382,0.03254133025759323,-0.007443291041906958,-0.01384083044982699,0.08421376393694734,0.24415224913494812,0.09356401384083046,-0.041584006151480196,-0.07111111111111111,-0.2069357939254133,-0.2069357939254133,-0.05173394848135333,-0.14173010380622836,-0.012056901191849288,0.024605920799692427,0.13016532103037293,-11.871806554389643,-16.692616966438756,-11.555723671944353,-16.923601511545748,0.24919982254505157,-0.38962361216545105,-0.4880546033382416,0.6888346672058105,-0.6287143230438232,-0.5153610110282898,0.8157303333282471,-0.7519806623458862,-0.541120171546936,0.5415730476379395,-0.5093509554862976,-0.6563944816589355,1712.6611328125,0.4573136568069458
EXPA-041,126.209584,43.625534,-0.03844675124951941,0.010396001537870049,0.15378700499807765,-0.13016532103037293,-0.003014225297962322,-0.21413302575932336,-0.13588619761630144,0.4444444444444444,0.16000000000000003,0.041584006151480196,0.2599000384467512,-0.05536332179930796,-0.03543252595155709,-0.0271280276816609,-0.19986159169550174,0.07111111111111111,-0.029773164167627833,0.012056901191849288,-0.21413302575932336,-0.044844290657439445,0.15378700499807765,0.1085121107266436,0.029773164167627833,0.03543252595155709,0.16633602460592078,0.03543252595155709,-0.0629911572472126,0.10340638216070744,0.13016532103037293,0.044844290657439445,-0.017777777777777778,0.06698961937716265,-0.03844675124951941,0.04822760476739715,0.13016532103037293,0.09356401384083046,-0.03844675124951941,-0.21413302575932336,0.05911572472126105,-0.13588619761630144,-0.05536332179930796,-0.0271280276816609,0.10340638216070744,-0.01384083044982699,-0.09356401384083046,0.12456747404844293,0.2364628988850442,-0.24415224913494812,0.05536332179930796,-0.07535563244905807,0.0629911572472126,0.05536332179930796,-0.05536332179930796,-0.007443291041906958,-0.041584006151480196,0.13588619761630144,0.11909265667051133,0.017777777777777778,-0.12456747404844293,-0.010396001537870049,-0.17937716262975778,0.024605920799692427,-0.19986159169550174,-0.05173394848135333,-13.021153330571503,-18.936855892411103,-6.954071426776517,-15.10731859936737,0.08181608468294144,-0.11761904507875443,0.3883616328239441,0.38306137919425964,-0.46652933955192566,-0.552445113658905,0.7858516573905945,-0.6940699219703674,-0.4362039864063263,0.6298620104789734,-0.6842787861824036,-0.5399149656295776,419.2952575683594,0.09538856148719788
EXPA-042,106.879277,34.073298,-0.024605920799692427,0.07111111111111111,0.06698961937716265,0.008858131487889272,0.03844675124951941,-0.14769703960015382,-0.16000000000000003,0.3553094963475586,0.022206843521722412,0.19986159169550174,0.05911572472126105,-0.03844675124951941,-0.03844675124951941,-0.03844675124951941,-0.2761399461745483,-0.11909265667051133,-0.24415224913494812,0.11374086889657825,-0.29287197231833906,-0.03844675124951941,0.04822760476739715,0.15378700499807765,-0.022206843521722412,-0.024605920799692427,0.11374086889657825,-0.186082276047674,-0.09356401384083046,-0.012056901191849288,-0.09842368319876971,0.07972318339100345,-0.007443291041906958,0.13016532103037293,0.03543252595155709,0.13588619761630144,-0.01574778931180315,-0.05173394848135333,-0.17279507881584008,-0.19986159169550174,-0.08421376393694734,-0.13588619761630144,-0.03543252595155709,0.12456747404844293,0.01384083044982699,-0.044844290657439445,-0.07972318339100345,0.19986159169550174,0.17279507881584008,-0.0271280276816609,0.03254133025759323,-0.09842368319876971,-0.012056901191849288,-0.017777777777777778,0.12456747404844293,0.0629911572472126,-0.05911572472126105,-0.041584006151480196,-0.017777777777777778,-0.017777777777777778,-0.31009611687812383,-0.07535563244905807,-0.13016532103037293,-0.03543252595155709,-0.16633602460592078,0.000984236831987697,,,,,0.468911349773407,-0.5610687136650085,-0.6261682510375977,0.6635859608650208,-0.5968772172927856,-0.5374592542648315,0.8842931389808655,-0.7696727514266968,-0.6025005578994751,0.547116756439209,-0.6162888407707214,-0.6586368083953857,1922.9110107421875,0.295042484998703
EXPA-043,106.269141,34.355998,-0.03254133025759323,6.151480199923106e-05,0.05536332179930796,0.07111111111111111,0.06698961937716265,-0.14173010380622836,-0.1085121107266436,0.28444444444444444,0.07972318339100345,0.15378700499807765,0.22145328719723184,0.06698961937716265,-0.0271280276816609,-0.044844290657439445,-0.24415224913494812,-0.04822760476739715,-0.2519646289888504,0.04822760476739715,-0.31009611687812383,-0.002214532871972318,0.08421376393694734,-6.151480199923106e-05,0.05911572472126105,0.029773164167627833,0.16633602460592078,-0.09356401384083046,-0.05173394848135333,-0.01574778931180315,-0.11374086889657825,0.08882737408688965,0.019930795847750864,0.21413302575932336,0.11374086889657825,0.13016532103037293,0.022206843521722412,-0.000984236831987697,-0.186082276047674,-0.2069357939254133,-0.01384083044982699,-0.10340638216070744,-0.09356401384083046,0.019930795847750864,0.04822760476739715,-0.04822760476739715,-0.12456747404844293,0.14769703960015382,0.16000000000000003,-0.11909265667051133,0.017777777777777778,-0.07535563244905807,0.029773164167627833,0.007443291041906958,0.07972318339100345,0.16000000000000003,-0.06698961937716265,-0.07972318339100345,-0.03844675124951941,-0.15378700499807765,-0.2519646289888504,-0.12456747404844293,-0.22145328719723184,0.13016532103037293,-0.12456747404844293,-0.006151480199923107,,,,,0.32342177629470825,-0.435019850730896,-0.5995781421661377,0.5364396572113037,-0.5255041718482971,-0.4595637917518616,0.8775510191917419,-0.7902702689170837,-0.6090286374092102,0.44789761304855347,-0.5121718645095825,-0.6507176756858826,2245.504638671875,0.295042484998703
EXPA-044,109.549968,32.191687,-0.04822760476739715,0.08421376393694734,-0.041584006151480196,0.11909265667051133,0.03543252595155709,-0.16000000000000003,-0.1085121107266436,0.2519646289888504,0.19986159169550174,0.15378700499807765,0.17279507881584008,-0.012056901191849288,-0.12456747404844293,-0.1085121107266436,-0.14769703960015382,-0.09356401384083046,-0.07111111111111111,0.012056901191849288,-0.33685505574778934,-0.16633602460592078,-0.029773164167627833,0.004982698961937716,-0.08882737408688965,0.01574778931180315,0.12456747404844293,0.1085121107266436,-0.03844675124951941,-0.05911572472126105,0.03844675124951941,0.16000000000000003,-0.13016532103037293,0.14173010380622836,0.09842368319876971,0.13016532103037293,0.14769703960015382,-0.12456747404844293,-0.2069357939254133,-0.08882737408688965,0.11374086889657825,-0.2069357939254133,0.05173394848135333,0.017777777777777778,0.05173394848135333,0.029773164167627833,-0.03254133025759323,0.017777777777777778,0.13016532103037293,0.09356401384083046,0.12456747404844293,0.017777777777777778,0.004982698961937716,-0.01574778931180315,0.05173394848135333,0.2364628988850442,0.1085121107266436,-0.14173010380622836,0.03844675124951941,-0.15378700499807765,-0.22145328719723184,-0.11909265667051133,-0.17279507881584008,-0.13588619761630144,-0.004982698961937716,0.14769703960015382,-6.130567976278159,-12.556219339832122,-6.361237357800139,-11.692116865860473,0.25660964846611023,-0.27244094014167786,-0.4443776309490204,0.5412635207176208,-0.42977824807167053,-0.48522400856018066,0.8580645322799683,-0.7419354915618896,-0.5343337655067444,0.6096823215484619,-0.5199999809265137,-0.6002379655838013,1294.8465576171875,0.1415318101644516
EXPA-045,108.97325,35.79483,-0.0271280276816609,-0.04822760476739715,0.11909265667051133,0.01384083044982699,0.003936947327950788,-0.16000000000000003,-0.17279507881584008,0.28444444444444444,-0.04822760476739715,0.010396001537870049,0.11909265667051133,-0.022206843521722412,0.01384083044982699,-0.13016532103037293,-0.09356401384083046,-0.12456747404844293,-0.2069357939254133,0.08882737408688965,-0.34602076124567477,0.12456747404844293,0.022206843521722412,0.09356401384083046,-0.04822760476739715,0.041584006151480196,0.05911572472126105,-0.05536332179930796,-0.05173394848135333,-0.15378700499807765,-0.029773164167627833,0.17937716262975778,-0.006151480199923107,0.07535563244905807,0.07535563244905807,0.11374086889657825,0.07535563244905807,0.09356401384083046,-0.15378700499807765,-0.17279507881584008,-0.1085121107266436,-0.14173010380622836,-0.044844290657439445,0.07111111111111111,0.044844290657439445,-0.0629911572472126,-0.13016532103037293,0.2761399461745483,0.2679584775086506,-0.1085121107266436,0.024605920799692427,-0.11909265667051133,0.012056901191849288,0.03543252595155709,0.03543252595155709,0.13588619761630144,-0.05173394848135333,-0.008858131487889272,-0.08421376393694734,-0.11909265667051133,-0.29287197231833906,-0.01574778931180315,-0.12456747404844293,-0.0629911572472126,-0.19986159169550174,-0.03254133025759323,-11.018340854366464,-18.39848251787605,-11.64062026568655,-19.876095813945398,0.3676767647266388,-0.498616486787796,-0.6695842742919922,0.361833393573761,-0.4425770342350006,-0.6184084415435791,0.8530287742614746,-0.7301807999610901,-0.5529953837394714,0.4482109248638153,-0.5311099886894226,-0.6405951976776123,1324.8653564453125,0.30706730484962463
EXPA-046,108.01304,32.289783,-0.029773164167627833,-0.002214532871972318,0.07535563244905807,0.13588619761630144,0.10340638216070744,-0.09842368319876971,-0.2519646289888504,0.12456747404844293,0.01384083044982699,-0.00024605920799692423,0.17937716262975778,0.07535563244905807,-0.17279507881584008,-0.07111111111111111,-0.1085121107266436,-0.17937716262975778,-0.010396001537870049,-0.08882737408688965,-0.29287197231833906,0.05173394848135333,-0.07535563244905807,-0.19986159169550174,-0.044844290657439445,-0.13016532103037293,0.1085121107266436,0.012056901191849288,-0.019930795847750864,-0.2069357939254133,-0.04822760476739715,0.16633602460592078,0.019930795847750864,0.12456747404844293,0.14173010380622836,0.07535563244905807,-0.24415224913494812,0.07535563244905807,-0.186082276047674,-0.0629911572472126,0.06698961937716265,0.08882737408688965,-0.0271280276816609,0.08421376393694734,0.029773164167627833,0.17279507881584008,-0.06698961937716265,0.15378700499807765,0.10340638216070744,0.08882737408688965,0.1085121107266436,0.07535563244905807,-0.07972318339100345,-0.14173010380622836,0.07111111111111111,0.2519646289888504,0.07535563244905807,-0.13016532103037293,-0.14769703960015382,-0.1929104190695886,-0.21413302575932336,-0.12456747404844293,-0.05536332179930796,-0.06698961937716265,-0.03844675124951941,0.05173394848135333,-14.775206207800448,-20.55363207569225,-16.684388465279113,-21.524255851566664,0.5181907415390015,-0.4961240291595459,-0.5470383167266846,0.7032192945480347,-0.48313623666763306,-0.4657007157802582,0.865993857383728,-0.7396758794784546,-0.593137264251709,0.7379454970359802,-0.7234927415847778,-0.7112879753112793,883.5664672851562,0.4637167751789093
EXPA-047,122.059907,47.456399,-0.08421376393694734,0.10340638216070744,0.19986159169550174,-0.1929104190695886,-0.03254133025759323,-0.01574778931180315,-0.31009611687812383,0.40359861591695495,0.08421376393694734,-0.01574778931180315,0.08421376393694734,-0.14173010380622836,0.07111111111111111,-0.05173394848135333,-0.15378700499807765,0.11374086889657825,0.05536332179930796,0.13016532103037293,-0.14769703960015382,0.11374086889657825,0.019930795847750864,0.044844290657439445,0.17937716262975778,0.03844675124951941,0.0629911572472126,-0.012056901191849288,0.0271280276816609,-0.019930795847750864,0.21413302575932336,0.07972318339100345,0.024605920799692427,0.01384083044982699,-0.07111111111111111,0.08882737408688965,-0.05173394848135333,0.24415224913494812,-0.041584006151480196,-0.0271280276816609,0.017777777777777778,-0.0271280276816609,0.006151480199923107,0.06698961937716265,0.024605920799692427,-0.007443291041906958,-0.029773164167627833,0.2761399461745483,0.186082276047674,-0.2069357939254133,-0.019930795847750864,-0.14173010380622836,0.186082276047674,-0.019930795847750864,-0.09356401384083046,-0.024605920799692427,0.017777777777777778,0.01384083044982699,-0.03254133025759323,0.05911572472126105,-0.13016532103037293,-0.07972318339100345,-0.16000000000000003,-0.05911572472126105,-0.2069357939254133,-0.11909265667051133,,,,,0.09891026467084885,-0.15993395447731018,0.3751351237297058,0.2815801501274109,-0.4955776035785675,-0.6170905232429504,0.7279999852180481,-0.6733003854751587,-0.6140738129615784,0.4489324986934662,-0.5963127613067627,-0.5853061079978943,557.60498046875,0.287750780582428
EXPA-048,108.069904,31.842422,-0.004982698961937716,0.07111111111111111,0.022206843521722412,0.16633602460592078,0.07111111111111111,-0.017777777777777778,-0.2599000384467512,0.21413302575932336,0.05536332179930796,0.044844290657439445,0.17937716262975778,0.14173010380622836,-0.2069357939254133,-0.05173394848135333,-0.0271280276816609,-0.07111111111111111,0.012056901191849288,-0.044844290657439445,-0.2519646289888504,-0.006151480199923107,-0.12456747404844293,-0.14173010380622836,0.022206843521722412,-0.10340638216070744,0.14769703960015382,0.03844675124951941,-0.04822760476739715,-0.11909265667051133,-0.044844290657439445,0.19986159169550174,-0.01384083044982699,0.16000000000000003,0.2679584775086506,0.07535563244905807,-0.1929104190695886,0.05536332179930796,-0.186082276047674,-0.03844675124951941,-0.002214532871972318,0.08421376393694734,-0.07972318339100345,0.07111111111111111,0.019930795847750864,0.13588619761630144,-0.010396001537870049,0.11909265667051133,0.05173394848135333,0.17279507881584008,0.22145328719723184,0.12456747404844293,-0.01384083044982699,-0.16633602460592078,0.06698961937716265,0.2069357939254133,0.15378700499807765,-0.13588619761630144,-0.1085121107266436,-0.15378700499807765,-0.15378700499807765,-0.14173010380622836,-0.11374086889657825,-0.0629911572472126,0.04822760476739715,0.03543252595155709,-13.013933372643287,-17.32612500397979,-11.872200422900068,-16.98168491331543,0.5913978219032288,-0.5530509352684021,-0.4334975481033325,0.653188169002533,-0.5069463849067688,-0.33038121461868286,0.846936047077179,-0.7143566608428955,-0.5598928332328796,0.7997474074363708,-0.7061741352081299,-0.5548069477081299,802.4522094726562,0.1987958550453186
EXPA-049,106.854483,31.849699,-0.029773164167627833,-0.05536332179930796,0.22145328719723184,-0.06698961937716265,-0.01384083044982699,0.08421376393694734,-0.28444444444444444,0.11374086889657825,-0.05911572472126105,0.11909265667051133,-0.186082276047674,0.002214532871972318,-0.15378700499807765,-0.017777777777777778,-0.09842368319876971,-0.2288965782391388,-0.03543252595155709,0.3014225297962323,-0.11909265667051133,0.029773164167627833,-0.14769703960015382,0.2679584775086506,-0.11909265667051133,-0.05536332179930796,-0.1085121107266436,0.01384083044982699,-0.041584006151480196,-0.041584006151480196,0.17937716262975778,0.07111111111111111,0.13588619761630144,-0.019930795847750864,0.029773164167627833,0.05173394848135333,-0.16633602460592078,0.05173394848135333,-0.14769703960015382,-0.09842368319876971,0.004982698961937716,0.0271280276816609,-0.03543252595155709,0.17937716262975778,-0.1085121107266436,0.01574778931180315,0.06698961937716265,0.2519646289888504,0.06698961937716265,0.22145328719723184,-0.019930795847750864,0.03254133025759323,0.029773164167627833,0.01384083044982699,0.05536332179930796,-0.08421376393694734,0.17279507881584008,-0.16000000000000003,-0.08882737408688965,0.012056901191849288,-0.13016532103037293,-0.05536332179930796,-0.11374086889657825,-0.2599000384467512,0.012056901191849288,-0.04822760476739715,,,,,0.34040939807891846,-0.3780202567577362,-0.4300000071525574,0.3014426827430725,-0.3348909616470337,-0.40549948811531067,0.35741445422172546,-0.3556962013244629,-0.37392374873161316,0.4408060312271118,-0.4193548262119293,-0.43026086688041687,455.64208984375,0.20423144102096558
EXPA-050,109.590392,24.956027,0.04822760476739715,-0.05173394848135333,-0.00024605920799692423,0.05173394848135333,0.044844290657439445,-0.11909265667051133,-0.28444444444444444,0.22145328719723184,0.09842368319876971,0.15378700499807765,-0.0271280276816609,0.012056901191849288,-0.19986159169550174,0.017777777777777778,-0.05536332179930796,-0.07972318339100345,0.017777777777777778,0.09842368319876971,-0.13016532103037293,-0.16000000000000003,-0.08882737408688965,0.11909265667051133,-0.13588619761630144,-0.11909265667051133,-0.01574778931180315,0.10340638216070744,-0.01574778931180315,-0.07972318339100345,0.041584006151480196,0.186082276047674,0.04822760476739715,-0.10340638216070744,0.05536332179930796,0.07111111111111111,-0.2069357939254133,-0.07111111111111111,-0.19986159169550174,-0.06698961937716265,0.19986159169550174,-0.05536332179930796,0.024605920799692427,0.15378700499807765,0.019930795847750864,0.08882737408688965,-0.11909265667051133,0.003936947327950788,0.004982698961937716,0.42377547097270285,0.044844290657439445,-0.03543252595155709,0.008858131487889272,-0.17279507881584008,0.10340638216070744,0.10340638216070744,0.17937716262975778,-0.14173010380622836,-0.07535563244905807,-0.022206843521722412,-0.05173394848135333,-0.10340638216070744,0.010396001537870049,-0.2599000384467512,0.05911572472126105,0.13588619761630144,-5.453508329478751,-10.353191103082814,-4.5515618821391515,-12.379839812480204,0.5929352641105652,-0.5929352641105652,-0.6006600856781006,0.7667219638824463,-0.6289500594139099,-0.5017111301422119,0.7154150009155273,-0.6331138014793396,-0.5272727012634277,0.8005540370941162,-0.7038007974624634,-0.646045446395874,571.15283203125,0.07590702176094055
EXPA-051,123.529461,43.222909,-0.044844290657439445,-0.11909265667051133,0.2761399461745483,-0.15378700499807765,-0.08882737408688965,0.041584006151480196,-0.16000000000000003,0.39369473279507883,-0.01384083044982699,-0.07972318339100345,0.2288965782391388,-0.14173010380622836,0.16000000000000003,0.08421376393694734,-0.08882737408688965,-0.07111111111111111,-0.13016532103037293,0.11909265667051133,-0.11374086889657825,0.0271280276816609,-0.002214532871972318,-0.012056901191849288,0.10340638216070744,-0.03543252595155709,0.11374086889657825,0.16633602460592078,0.03543252595155709,-0.01384083044982699,0.05536332179930796,0.041584006151480196,-0.008858131487889272,-0.05536332179930796,-0.17279507881584008,0.08882737408688965,-0.11909265667051133,0.14173010380622836,-0.14769703960015382,-0.06698961937716265,0.13016532103037293,-0.10340638216070744,0.022206843521722412,-0.07111111111111111,0.07535563244905807,-0.01384083044982699,-0.10340638216070744,0.2069357939254133,0.17937716262975778,-0.05536332179930796,0.10340638216070744,-0.19986159169550174,0.10340638216070744,0.11909265667051133,-0.05911572472126105,-0.13588619761630144,-0.002214532871972318,0.07111111111111111,0.09842368319876971,0.14769703960015382,-0.15378700499807765,-0.03254133025759323,-0.11909265667051133,-0.0271280276816609,-0.2519646289888504,-0.03254133025759323,-13.875919165692531,-21.826282140193236,-10.325251452597008,-16.900174873843845,0.27580225467681885,-0.42400774359703064,-0.4740331470966339,0.28624534606933594,-0.4238682985305786,-0.4877658486366272,0.7666666507720947,-0.7351815104484558,-0.6072058081626892,0.5966008305549622,-0.6145583391189575,-0.4803203344345093,111.05918884277344,0.007168735843151808
EXPA-052,109.990053,36.024709,0.044844290657439445,-0.07535563244905807,0.13588619761630144,-0.03543252595155709,-0.012056901191849288,-0.05911572472126105,-0.16000000000000003,0.4340484429065744,0.13016532103037293,0.13016532103037293,0.2288965782391388,-0.024605920799692427,-0.041584006151480196,-0.017777777777777778,0.11374086889657825,-0.05173394848135333,-0.15378700499807765,0.019930795847750864,-0.11909265667051133,-0.2599000384467512,0.000984236831987697,-0.09842368319876971,0.08421376393694734,-0.05173394848135333,0.10340638216070744,0.16000000000000003,-0.19986159169550174,0.01574778931180315,0.1085121107266436,0.10340638216070744,0.024605920799692427,0.15378700499807765,0.14769703960015382,0.19986159169550174,0.16000000000000003,0.08882737408688965,-0.17279507881584008,-0.12456747404844293,0.07111111111111111,-0.04822760476739715,0.0271280276816609,0.03254133025759323,0.05173394848135333,0.07535563244905807,-0.13588619761630144,-0.029773164167627833,0.041584006151480196,0.10340638216070744,0.07111111111111111,-0.10340638216070744,0.03543252595155709,0.019930795847750864,0.041584006151480196,0.24415224913494812,0.003014225297962322,-0.05173394848135333,-0.0629911572472126,-0.029773164167627833,-0.2519646289888504,0.024605920799692427,-0.17279507881584008,-0.04822760476739715,-0.07111111111111111,0.14769703960015382,,,,,0.5617455840110779,-0.584550142288208,-0.49252012372016907,0.5507579445838928,-0.4944665729999542,-0.4922187626361847,0.7833276987075806,-0.6404843330383301,-0.4571026861667633,0.581372082233429,-0.6219825148582458,-0.5993467569351196,1251.3092041015625,0.3644647002220154
EXPA-053,110.644655,26.827936,-0.01574778931180315,0.06698961937716265,-0.022206843521722412,0.17937716262975778,0.08421376393694734,-0.05536332179930796,-0.24415224913494812,0.2288965782391388,0.09356401384083046,0.08882737408688965,0.16000000000000003,0.05536332179930796,-0.2288965782391388,-0.07111111111111111,-0.09842368319876971,-0.08421376393694734,-0.017777777777777778,-0.003014225297962322,-0.21413302575932336,-0.05911572472126105,-0.13588619761630144,-0.024605920799692427,-0.022206843521722412,-0.11909265667051133,0.09356401384083046,0.1929104190695886,-0.0271280276816609,-0.08421376393694734,0.004982698961937716,0.186082276047674,-0.010396001537870049,0.019930795847750864,0.1929104190695886,0.05173394848135333,-0.12456747404844293,0.029773164167627833,-0.2364628988850442,-0.1085121107266436,0.11909265667051133,-0.007443291041906958,0.024605920799692427,0.07972318339100345,0.05536332179930796,0.16000000000000003,-0.05173394848135333,0.000984236831987697,0.10340638216070744,0.2069357939254133,0.11909265667051133,0.07535563244905807,-0.041584006151480196,-0.09356401384083046,0.04822760476739715,0.2519646289888504,0.17937716262975778,-0.21413302575932336,-0.08421376393694734,-0.07535563244905807,-0.07972318339100345,-0.13016532103037293,-0.11909265667051133,-0.24415224913494812,0.024605920799692427,0.17279507881584008,-10.5735068729849,-13.437793717710738,-9.097024414765812,-15.56222514599019,0.604519784450531,-0.536884069442749,-0.49471721053123474,0.7269328832626343,-0.6719270348548889,-0.4920421540737152,0.8009478449821472,-0.7028042674064636,-0.568791925907135,0.6844816207885742,-0.6088560819625854,-0.5555555820465088,468.3055419921875,0.12788863480091095
EXPA-054,112.175654,27.738828,0.10340638216070744,-0.13016532103037293,0.05536332179930796,0.03254133025759323,0.022206843521722412,0.0629911572472126,-0.31009611687812383,0.2069357939254133,-0.000984236831987697,0.2364628988850442,-0.09356401384083046,0.10340638216070744,-0.17279507881584008,-0.01574778931180315,-0.029773164167627833,-0.11909265667051133,-0.11909265667051133,0.05173394848135333,0.08421376393694734,-0.044844290657439445,-0.17279507881584008,0.0271280276816609,0.06698961937716265,-0.11374086889657825,0.002214532871972318,0.2519646289888504,-0.11374086889657825,0.03844675124951941,0.08882737408688965,0.16633602460592078,0.11909265667051133,0.010396001537870049,0.05911572472126105,0.008858131487889272,-0.14173010380622836,0.16633602460592078,-0.13016532103037293,-0.2069357939254133,0.19986159169550174,0.16633602460592078,0.05536332179930796,0.2288965782391388,0.010396001537870049,0.12456747404844293,-0.017777777777777778,-0.00024605920799692423,-0.07111111111111111,0.15378700499807765,0.05173394848135333,0.044844290657439445,-0.05173394848135333,-0.01574778931180315,0.0271280276816609,0.1085121107266436,0.08421376393694734,-0.2599000384467512,-0.11374086889657825,0.13016532103037293,-0.1085121107266436,-0.01384083044982699,-0.07535563244905807,-0.22145328719723184,-0.0629911572472126,0.14769703960015382,-10.637475439209414,-14.85763980891813,-7.178813511585783,-12.022822264645917,0.7099179625511169,-0.6538045406341553,-0.3834296762943268,0.7789974212646484,-0.686437726020813,-0.5011037588119507,0.7523458003997803,-0.5928411483764648,-0.3324163258075714,0.781352698802948,-0.690136194229126,-0.41421034932136536,111.44611358642578,0.10977911949157715
EXPA-055,105.791597,32.698068,0.029773164167627833,-0.024605920799692427,0.002214532871972318,0.07535563244905807,-0.017777777777777778,-0.01384083044982699,-0.3188927335640138,0.33685505574778934,0.16633602460592078,0.17279507881584008,0.03844675124951941,0.05536332179930796,-0.07972318339100345,0.07111111111111111,-0.05173394848135333,-0.07111111111111111,0.019930795847750864,0.05911572472126105,-0.17937716262975778,-0.15378700499807765,-0.08882737408688965,-0.15378700499807765,0.003014225297962322,-0.05173394848135333,0.029773164167627833,0.14769703960015382,-0.05536332179930796,-0.05911572472126105,0.13016532103037293,0.19986159169550174,-0.05911572472126105,0.05536332179930796,0.1085121107266436,0.12456747404844293,-0.06698961937716265,-0.01384083044982699,-0.2519646289888504,-0.003014225297962322,0.11909265667051133,0.08421376393694734,0.008858131487889272,0.08421376393694734,-0.012056901191849288,0.01384083044982699,-0.13588619761630144,0.03844675124951941,-0.10340638216070744,0.3553094963475586,0.07972318339100345,0.01384083044982699,0.08882737408688965,-0.05911572472126105,0.07972318339100345,0.17937716262975778,0.17937716262975778,-0.17937716262975778,-0.05173394848135333,0.006151480199923107,-0.186082276047674,-0.01384083044982699,-0.1085121107266436,-0.13016532103037293,0.05911572472126105,0.17937716262975778,-8.522043675992537,-11.571644505138938,-7.890605584324684,-12.220185343517747,0.4793459475040436,-0.4518581032752991,-0.20950061082839966,0.763286828994751,-0.6731044054031372,-0.46767619252204895,0.7713184952735901,-0.6355699300765991,-0.4153048098087311,0.7823947668075562,-0.6531440019607544,-0.2589382529258728,988.7239379882812,0.40239277482032776
EXPA-056,112.742401,24.802685,0.09842368319876971,0.11909265667051133,0.10340638216070744,0.10340638216070744,0.13016532103037293,-0.04822760476739715,-0.21413302575932336,0.12456747404844293,0.0271280276816609,0.14769703960015382,0.04822760476739715,-0.004982698961937716,-0.29287197231833906,-0.08421376393694734,-0.07972318339100345,-0.11374086889657825,-0.1085121107266436,0.11374086889657825,-0.07535563244905807,-0.19986159169550174,-0.2519646289888504,0.16000000000000003,-0.11374086889657825,-0.13588619761630144,-0.010396001537870049,0.08882737408688965,-0.07972318339100345,-0.14769703960015382,-0.01574778931180315,0.13016532103037293,-0.041584006151480196,0.09356401384083046,0.11909265667051133,0.09356401384083046,-0.16633602460592078,0.05173394848135333,-0.16000000000000003,-0.12456747404844293,-0.09356401384083046,-0.041584006151480196,0.11374086889657825,0.19986159169550174,-0.010396001537870049,0.186082276047674,0.019930795847750864,0.017777777777777778,-0.044844290657439445,0.1085121107266436,0.19986159169550174,0.08421376393694734,-0.05173394848135333,-0.11909265667051133,0.08882737408688965,0.1929104190695886,0.006151480199923107,-0.14173010380622836,-0.08882737408688965,-0.07535563244905807,-0.08882737408688965,-0.19986159169550174,-0.16000000000000003,-0.24415224913494812,0.0629911572472126,0.07111111111111111,-7.93238928295232,-12.376827131482619,-5.989947611772284,-13.366538948028662,0.7137647867202759,-0.6720028519630432,-0.6289738416671753,0.7112994194030762,-0.6133155822753906,-0.5270358324050903,0.8181818127632141,-0.6821868419647217,-0.5316511988639832,0.8348624110221863,-0.7280813455581665,-0.5745526552200317,651.7865600585938,0.10129718482494354
EXPA-057,113.899341,24.842839,0.08882737408688965,0.029773164167627833,0.14769703960015382,0.10340638216070744,0.14769703960015382,-0.07111111111111111,-0.3014225297962323,0.16633602460592078,0.01384083044982699,0.024605920799692427,-0.0015378700499807767,0.1929104190695886,-0.2599000384467512,0.019930795847750864,-0.07111111111111111,-0.05173394848135333,-0.06698961937716265,-0.024605920799692427,-0.1085121107266436,0.029773164167627833,-0.08882737408688965,-0.003014225297962322,-0.012056901191849288,-0.09356401384083046,0.04822760476739715,-0.07972318339100345,0.029773164167627833,-0.05173394848135333,-0.2519646289888504,0.017777777777777778,0.22145328719723184,0.1929104190695886,0.17937716262975778,-0.029773164167627833,-0.34602076124567477,0.16633602460592078,-0.1929104190695886,-0.186082276047674,-0.012056901191849288,0.14769703960015382,-0.05536332179930796,0.11909265667051133,0.03254133025759323,0.08882737408688965,0.0271280276816609,0.16000000000000003,-0.03844675124951941,0.13016532103037293,0.07535563244905807,0.04822760476739715,-0.022206843521722412,-0.21413302575932336,0.03844675124951941,0.05911572472126105,-0.017777777777777778,-0.1085121107266436,-0.12456747404844293,-0.07972318339100345,-0.14173010380622836,-0.1085121107266436,0.022206843521722412,-0.004982698961937716,-0.16000000000000003,-0.03844675124951941,-16.243909906528053,-21.500633863634377,-16.289966657763436,-20.418520496369432,0.8599517345428467,-0.7973333597183228,-0.6421424150466919,0.8528181910514832,-0.7730473875999451,-0.6126741170883179,0.8621026873588562,-0.7459880709648132,-0.549410343170166,0.85940021276474,-0.7779833674430847,-0.6037424206733704,512.7980346679688,0.18225716054439545
EXPA-058,108.54664,32.799667,-0.01384083044982699,0.10340638216070744,0.006151480199923107,0.14173010380622836,0.03254133025759323,-0.08882737408688965,-0.1929104190695886,0.2599000384467512,0.17279507881584008,0.10340638216070744,0.22145328719723184,0.04822760476739715,-0.16000000000000003,-0.041584006151480196,-0.13016532103037293,-0.05536332179930796,0.03543252595155709,-0.01574778931180315,-0.37425605536332185,-0.11374086889657825,-0.08421376393694734,-0.14769703960015382,-0.019930795847750864,-0.03844675124951941,0.14173010380622836,0.04822760476739715,-0.07535563244905807,-0.10340638216070744,0.04822760476739715,0.2288965782391388,-0.16000000000000003,0.10340638216070744,0.15378700499807765,0.15378700499807765,-0.05536332179930796,-0.04822760476739715,-0.17279507881584008,0.04822760476739715,0.008858131487889272,-0.05911572472126105,6.151480199923106e-05,0.03543252595155709,0.03543252595155709,0.08421376393694734,-0.05911572472126105,0.04822760476739715,0.024605920799692427,0.16633602460592078,0.14769703960015382,0.06698961937716265,-0.01574778931180315,-0.0629911572472126,0.09356401384083046,0.2519646289888504,0.186082276047674,-0.09356401384083046,-0.003936947327950788,-0.11909265667051133,-0.14769703960015382,-0.09356401384083046,-0.19986159169550174,-0.10340638216070744,0.05173394848135333,0.16633602460592078,-10.05802328402617,-12.557062416038065,-7.189210869255046,-14.435862172848596,0.23664122819900513,-0.27962085604667664,-0.15346534550189972,0.5468607544898987,-0.465727835893631,-0.401288241147995,0.8589975237846375,-0.7491881847381592,-0.5032159090042114,0.7676712274551392,-0.7141339182853699,-0.5982075929641724,1005.0587768554688,0.4637167751789093
EXPA-059,125.569804,43.146912,-0.11374086889657825,-0.05911572472126105,0.13588619761630144,-0.08421376393694734,-0.0271280276816609,-0.22145328719723184,-0.186082276047674,0.4340484429065744,0.12456747404844293,-0.0271280276816609,0.28444444444444444,-0.11909265667051133,-0.04822760476739715,-0.024605920799692427,-0.14769703960015382,0.07972318339100345,-0.03254133025759323,0.003936947327950788,-0.2599000384467512,-0.022206843521722412,0.10340638216070744,-0.022206843521722412,0.14173010380622836,-0.017777777777777778,0.07972318339100345,0.22145328719723184,-0.044844290657439445,0.01574778931180315,0.1929104190695886,-0.010396001537870049,-0.044844290657439445,0.010396001537870049,0.08421376393694734,0.10340638216070744,0.11909265667051133,0.11909265667051133,0.007443291041906958,-0.07972318339100345,0.13016532103037293,-0.16633602460592078,-0.022206843521722412,-0.07535563244905807,0.07535563244905807,0.03844675124951941,-0.09842368319876971,0.09842368319876971,0.2288965782391388,-0.05173394848135333,0.09842368319876971,-0.03254133025759323,0.12456747404844293,0.07111111111111111,-0.07535563244905807,0.13588619761630144,0.03844675124951941,0.11909265667051133,0.14769703960015382,-0.024605920799692427,-0.06698961937716265,-0.044844290657439445,-0.1929104190695886,0.004982698961937716,-0.11374086889657825,-0.044844290657439445,-9.831440006036868,-16.999670393810813,-8.797845128568238,-17.222562884370394,0.11394176632165909,-0.15099798142910004,0.1837063878774643,0.42400655150413513,-0.4918454885482788,-0.6057276129722595,0.8426754474639893,-0.7530809044837952,-0.5554659366607666,0.6449552774429321,-0.690922737121582,-0.6022205948829651,349.60137939453125,0.07209835946559906
EXPA-060,106.091275,31.960191,0.04822760476739715,0.10340638216070744,0.01574778931180315,0.10340638216070744,0.07111111111111111,0.008858131487889272,-0.3014225297962323,0.17279507881584008,0.05536332179930796,0.16633602460592078,0.041584006151480196,0.09842368319876971,-0.22145328719723184,0.017777777777777778,-0.09356401384083046,-0.08882737408688965,-0.029773164167627833,-0.09356401384083046,-0.13588619761630144,-0.07972318339100345,-0.14173010380622836,-0.09842368319876971,0.017777777777777778,-0.11909265667051133,0.041584006151480196,0.09842368319876971,-0.1085121107266436,-0.11374086889657825,0.07972318339100345,0.19986159169550174,0.012056901191849288,0.10340638216070744,0.14769703960015382,0.07111111111111111,-0.14769703960015382,0.09842368319876971,-0.2364628988850442,-0.044844290657439445,0.05536332179930796,0.09842368319876971,0.0271280276816609,0.16000000000000003,-0.03844675124951941,0.1929104190695886,-0.0629911572472126,0.07111111111111111,0.03543252595155709,0.16633602460592078,0.12456747404844293,0.05536332179930796,-0.007443291041906958,-0.16000000000000003,0.044844290657439445,0.19986159169550174,0.1085121107266436,-0.29287197231833906,-0.17937716262975778,-0.05911572472126105,-0.14769703960015382,-0.11909265667051133,-0.10340638216070744,-0.22145328719723184,0.002214532871972318,0.14173010380622836,-11.104819079747102,-17.281639329576226,-10.245299527674288,-15.436727990341218,0.6132833361625671,-0.5573940277099609,-0.47193092107772827,0.754170298576355,-0.669451892375946,-0.46713361144065857,0.8318681120872498,-0.7156825065612793,-0.5217485427856445,0.8171641826629639,-0.7410129308700562,-0.5928816795349121,875.89501953125,0.20423144102096558
EXPA-061,113.245278,23.854064,0.08421376393694734,-0.08421376393694734,0.10340638216070744,0.04822760476739715,0.05173394848135333,0.044844290657439445,-0.33685505574778934,0.13588619761630144,-0.03254133025759323,0.16633602460592078,0.008858131487889272,0.15378700499807765,-0.2679584775086506,-0.03254133025759323,-0.024605920799692427,-0.029773164167627833,-0.07111111111111111,-0.09842368319876971,-0.05536332179930796,-0.004982698961937716,-0.17279507881584008,0.019930795847750864,0.0629911572472126,-0.21413302575932336,-0.017777777777777778,-0.010396001537870049,0.012056901191849288,-0.03844675124951941,-0.19986159169550174,0.17279507881584008,0.16633602460592078,0.1085121107266436,0.16000000000000003,-0.04822760476739715,-0.34602076124567477,0.2069357939254133,-0.15378700499807765,-0.16633602460592078,-0.0629911572472126,0.10340638216070744,0.029773164167627833,0.16000000000000003,0.019930795847750864,0.21413302575932336,0.1085121107266436,0.08421376393694734,0.010396001537870049,0.024605920799692427,0.16000000000000003,0.05911572472126105,-0.006151480199923107,-0.186082276047674,-0.017777777777777778,0.044844290657439445,-0.01384083044982699,-0.14769703960015382,-0.13588619761630144,-0.003014225297962322,-0.044844290657439445,-0.029773164167627833,0.0629911572472126,-0.17279507881584008,-0.044844290657439445,-0.012056901191849288,-14.125153933099394,-19.515708079500044,-11.962294390078203,-18.098287667835464,0.8567227721214294,-0.7792007923126221,-0.5713575482368469,0.81357342004776,-0.7056141495704651,-0.5266024470329285,0.7688442468643188,-0.6631230711936951,-0.47775131464004517,0.8828740119934082,-0.7741711139678955,-0.5633265972137451,51.07570266723633,0.12428018450737
EXPA-062,123.963077,43.385414,-0.05536332179930796,-0.041584006151480196,0.22145328719723184,-0.2288965782391388,-0.08882737408688965,-0.05536332179930796,-0.2364628988850442,0.3188927335640138,0.0271280276816609,-0.03543252595155709,0.1929104190695886,-0.1085121107266436,0.15378700499807765,0.04822760476739715,-0.13588619761630144,-0.06698961937716265,-0.1085121107266436,-0.05911572472126105,-0.14173010380622836,0.08421376393694734,-0.002214532871972318,-0.08421376393694734,0.13016532103037293,0.000984236831987697,0.01574778931180315,0.2069357939254133,0.08421376393694734,-0.041584006151480196,0.2364628988850442,0.012056901191849288,-0.006151480199923107,-0.08421376393694734,-0.05911572472126105,0.044844290657439445,-0.05536332179930796,0.2364628988850442,-0.07535563244905807,-0.029773164167627833,0.19986159169550174,-0.09842368319876971,-0.01384083044982699,-0.09356401384083046,0.029773164167627833,-0.04822760476739715,-0.07111111111111111,0.17279507881584008,0.2599000384467512,0.019930795847750864,0.07111111111111111,-0.14769703960015382,0.14173010380622836,0.1085121107266436,-0.13588619761630144,-0.07111111111111111,0.07972318339100345,0.03844675124951941,0.09842368319876971,0.05911572472126105,-0.14173010380622836,-0.17279507881584008,-0.2069357939254133,-0.010396001537870049,-0.12456747404844293,0.0271280276816609,-18.209206765123977,-22.14169418824961,-9.513128193240409,-15.553379224986525,0.07082905620336533,-0.10595571994781494,0.3687225580215454,0.2471410483121872,-0.34452053904533386,-0.4408413767814636,0.7467470765113831,-0.6150234937667847,-0.4607480466365814,0.3810397684574127,-0.46054333448410034,-0.4538310468196869,158.40695190429688,0.007168735843151808
EXPA-063,106.799237,34.318808,-0.03844675124951941,0.041584006151480196,0.017777777777777778,0.14769703960015382,0.024605920799692427,-0.15378700499807765,-0.14769703960015382,0.3278123798539023,0.17279507881584008,0.11909265667051133,0.19986159169550174,0.03543252595155709,-0.09842368319876971,-0.10340638216070744,-0.11374086889657825,-0.01574778931180315,-0.044844290657439445,0.05173394848135333,-0.36472126105344094,-0.08882737408688965,0.041584006151480196,-0.08882737408688965,-0.010396001537870049,0.07111111111111111,0.14173010380622836,0.03254133025759323,-0.0629911572472126,-0.07972318339100345,0.0629911572472126,0.1929104190695886,-0.13016532103037293,0.0271280276816609,0.186082276047674,0.09842368319876971,0.06698961937716265,-0.13588619761630144,-0.19986159169550174,-0.05911572472126105,0.07535563244905807,-0.15378700499807765,-0.01574778931180315,-0.004982698961937716,0.05173394848135333,-0.002214532871972318,-0.11909265667051133,0.08421376393694734,0.09842368319876971,0.17279507881584008,0.1085121107266436,0.07972318339100345,-0.029773164167627833,-0.01574778931180315,0.041584006151480196,0.2519646289888504,0.14173010380622836,-0.08421376393694734,0.0271280276816609,-0.17937716262975778,-0.22145328719723184,-0.05911572472126105,-0.17279507881584008,-0.0629911572472126,-0.008858131487889272,0.11909265667051133,,,,,0.23559848964214325,-0.3471229672431946,-0.6373511552810669,0.6736401915550232,-0.5454864501953125,-0.4984496235847473,0.8752935528755188,-0.7825649976730347,-0.5832263827323914,0.6346541047096252,-0.5434368848800659,-0.6728759407997131,1285.347900390625,0.295042484998703
EXPA-064,107.993098,35.762221,0.012056901191849288,-0.07972318339100345,0.0629911572472126,-0.0015378700499807767,-0.07972318339100345,-0.1085121107266436,-0.17937716262975778,0.40359861591695495,0.08882737408688965,0.07111111111111111,0.2364628988850442,-0.044844290657439445,-0.017777777777777778,-0.03543252595155709,0.03844675124951941,-0.07972318339100345,-0.003014225297962322,0.12456747404844293,-0.3839138792772011,-0.14769703960015382,-0.07972318339100345,-0.1085121107266436,-0.04822760476739715,-0.017777777777777778,0.07111111111111111,0.10340638216070744,-0.022206843521722412,-0.012056901191849288,0.09356401384083046,0.2364628988850442,-0.05173394848135333,-0.01384083044982699,0.16633602460592078,0.19986159169550174,0.0629911572472126,-0.029773164167627833,-0.11909265667051133,0.03543252595155709,0.08882737408688965,-0.1085121107266436,0.0629911572472126,0.022206843521722412,0.10340638216070744,0.0271280276816609,-0.08882737408688965,0.05173394848135333,0.13016532103037293,0.2069357939254133,0.07535563244905807,-0.04822760476739715,0.03844675124951941,0.008858131487889272,0.07111111111111111,0.2069357939254133,0.11374086889657825,0.03254133025759323,-0.03844675124951941,-0.19986159169550174,-0.17937716262975778,0.029773164167627833,-0.17937716262975778,-0.0271280276816609,0.03254133025759323,0.17937716262975778,-8.35269138041977,-14.284835234883683,-7.604988395929878,-11.335439867542341,0.19914621114730835,-0.28617215156555176,-0.4785081148147583,0.3744680881500244,-0.40740740299224854,-0.5066505670547485,0.7785692811012268,-0.6742106676101685,-0.5227179527282715,0.46100521087646484,-0.45063453912734985,-0.5085626244544983,1167.174560546875,0.1495032161474228
EXPA-065,122.210824,47.304674,-0.05536332179930796,0.01574778931180315,0.2288965782391388,-0.07111111111111111,-0.04822760476739715,-0.05536332179930796,-0.2761399461745483,0.41362552864282975,0.0629911572472126,-0.017777777777777778,0.2364628988850442,-0.10340638216070744,0.0629911572472126,-0.03543252595155709,-0.11909265667051133,0.05173394848135333,0.041584006151480196,0.03844675124951941,-0.2679584775086506,0.17937716262975778,0.08421376393694734,-0.010396001537870049,0.11374086889657825,0.012056901191849288,0.15378700499807765,-0.019930795847750864,0.04822760476739715,-0.008858131487889272,0.15378700499807765,0.08421376393694734,0.07111111111111111,0.15378700499807765,-0.008858131487889272,0.1085121107266436,-0.12456747404844293,0.14769703960015382,0.03254133025759323,-0.14769703960015382,0.022206843521722412,-0.041584006151480196,-0.06698961937716265,0.024605920799692427,0.010396001537870049,0.003936947327950788,-0.01384083044982699,0.1929104190695886,0.1929104190695886,-0.2679584775086506,0.041584006151480196,-0.08882737408688965,0.08421376393694734,-0.03254133025759323,-0.08882737408688965,-0.003936947327950788,0.01574778931180315,0.08882737408688965,0.07111111111111111,-0.0629911572472126,-0.16633602460592078,-0.07111111111111111,-0.16000000000000003,0.022206843521722412,-0.22145328719723184,-0.03254133025759323,,,,,0.1469489485025406,-0.2551959156990051,0.05680444836616516,0.3122352361679077,-0.4983639121055603,-0.5806873440742493,0.6662895679473877,-0.5980471968650818,-0.5063291192054749,0.4623718857765198,-0.6125282645225525,-0.5703544616699219,492.2586669921875,0.287750780582428
EXPA-066,112.365378,24.30924,0.16633602460592078,0.0629911572472126,0.10340638216070744,0.11374086889657825,0.05536332179930796,-0.044844290657439445,-0.2599000384467512,0.09356401384083046,0.024605920799692427,0.186082276047674,-0.05911572472126105,0.14173010380622836,-0.2679584775086506,-0.08421376393694734,-0.006151480199923107,-0.0629911572472126,-0.10340638216070744,0.08882737408688965,0.012056901191849288,-0.16633602460592078,-0.1929104190695886,0.019930795847750864,0.010396001537870049,-0.03543252595155709,-0.03543252595155709,0.09356401384083046,-0.1085121107266436,-0.08882737408688965,-0.06698961937716265,0.17279507881584008,0.003936947327950788,0.08882737408688965,0.17279507881584008,0.03844675124951941,-0.17279507881584008,0.13588619761630144,0.024605920799692427,-0.28444444444444444,-0.05536332179930796,0.08882737408688965,0.05173394848135333,0.1929104190695886,-0.05536332179930796,0.16000000000000003,-0.003014225297962322,0.07111111111111111,-0.1085121107266436,0.06698961937716265,0.1085121107266436,0.03844675124951941,-0.01384083044982699,-0.14769703960015382,0.03844675124951941,0.13016532103037293,0.022206843521722412,-0.28444444444444444,-0.09356401384083046,0.041584006151480196,-0.1085121107266436,-0.29287197231833906,-0.13016532103037293,-0.16000000000000003,-0.07972318339100345,0.09356401384083046,-9.182244486867017,-14.2222812610828,-9.935604000084151,-12.560388967654323,0.8567969799041748,-0.8055835962295532,-0.5817655324935913,0.7748436331748962,-0.5697603225708008,-0.3034825921058655,0.8387243747711182,-0.7002633213996887,-0.45384761691093445,0.8832661509513855,-0.7806633710861206,-0.5058823823928833,731.8696899414062,0.10129718482494354
EXPA-067,109.583924,25.353801,-0.01384083044982699,0.006151480199923107,0.16000000000000003,-0.006151480199923107,0.06698961937716265,0.0629911572472126,-0.31009611687812383,0.14769703960015382,-0.019930795847750864,0.2069357939254133,-0.1929104190695886,0.03254133025759323,-0.2364628988850442,0.029773164167627833,-0.0271280276816609,-0.10340638216070744,-0.06698961937716265,0.17279507881584008,-0.08421376393694734,-0.09356401384083046,-0.16000000000000003,0.24415224913494812,-0.14173010380622836,-0.11374086889657825,-0.08882737408688965,0.13016532103037293,-0.1085121107266436,-0.13016532103037293,0.03543252595155709,0.19986159169550174,0.007443291041906958,-0.008858131487889272,-0.041584006151480196,0.05911572472126105,-0.19986159169550174,0.07535563244905807,-0.07972318339100345,-0.07535563244905807,0.022206843521722412,-0.07972318339100345,0.04822760476739715,0.17279507881584008,-0.01384083044982699,0.2364628988850442,0.06698961937716265,0.19986159169550174,0.06698961937716265,0.1929104190695886,0.08882737408688965,-0.007443291041906958,-0.03254133025759323,-0.15378700499807765,0.11374086889657825,0.012056901191849288,0.09842368319876971,-0.17279507881584008,-0.16633602460592078,0.05536332179930796,-0.05911572472126105,-0.13588619761630144,-0.05536332179930796,-0.2069357939254133,0.06698961937716265,-0.019930795847750864,-8.144638755880765,-14.352044474132333,-6.306771321192465,-13.46693283022429,0.7059069871902466,-0.6633986830711365,-0.6115040183067322,0.7419083714485168,-0.68660968542099,-0.6238397359848022,0.7771061658859253,-0.6604306101799011,-0.5457979440689087,0.7978047132492065,-0.7146005630493164,-0.5931937098503113,230.53372192382812,0.12126899510622025
EXPA-068,110.734127,26.364136,0.13016532103037293,0.0629911572472126,0.09356401384083046,0.044844290657439445,0.08421376393694734,-0.019930795847750864,-0.29287197231833906,0.2599000384467512,0.044844290657439445,0.21413302575932336,-0.14769703960015382,0.03543252595155709,-0.17937716262975778,0.06698961937716265,-0.05911572472126105,-0.08421376393694734,-0.000984236831987697,0.14769703960015382,-0.03254133025759323,-0.10340638216070744,-0.05911572472126105,0.186082276047674,-0.13588619761630144,-0.14173010380622836,0.006151480199923107,0.017777777777777778,-0.017777777777777778,-0.03543252595155709,0.05536332179930796,0.13588619761630144,0.13016532103037293,-0.06698961937716265,0.03543252595155709,0.11909265667051133,-0.2364628988850442,-0.017777777777777778,-0.13016532103037293,-0.17937716262975778,0.022206843521722412,0.0271280276816609,0.01574778931180315,0.2599000384467512,0.022206843521722412,0.06698961937716265,-0.09842368319876971,0.11374086889657825,-0.03254133025759323,0.3188927335640138,0.0271280276816609,-0.06698961937716265,0.002214532871972318,-0.22145328719723184,0.09842368319876971,0.017777777777777778,0.1085121107266436,-0.14769703960015382,-0.05536332179930796,0.0629911572472126,-0.14173010380622836,-0.09356401384083046,-0.006151480199923107,-0.2364628988850442,-0.07535563244905807,0.14769703960015382,-4.735172615903695,-11.200208774186061,-1.7549529859138504,-9.157684849019898,,,,,,,,,,,,,,
EXPA-069,106.7227,32.844134,-0.05173394848135333,0.044844290657439445,0.044844290657439445,0.11374086889657825,0.03543252595155709,-0.07111111111111111,-0.19986159169550174,0.186082276047674,0.07535563244905807,0.13588619761630144,0.15378700499807765,6.151480199923106e-05,-0.14173010380622836,-0.05911572472126105,-0.11909265667051133,-0.16000000000000003,0.07111111111111111,0.04822760476739715,-0.3553094963475586,-0.08421376393694734,-0.09356401384083046,-0.09356401384083046,-0.09356401384083046,-0.11374086889657825,0.06698961937716265,0.05911572472126105,0.007443291041906958,-0.13588619761630144,0.11374086889657825,0.16000000000000003,-0.14769703960015382,0.029773164167627833,0.08421376393694734,0.16000000000000003,-0.03844675124951941,-0.05173394848135333,-0.08421376393694734,0.019930795847750864,0.022206843521722412,-0.08882737408688965,0.029773164167627833,0.07111111111111111,-0.022206843521722412,0.15378700499807765,-0.08421376393694734,0.08421376393694734,0.10340638216070744,0.21413302575932336,0.12456747404844293,0.10340638216070744,-0.0629911572472126,-0.09842368319876971,0.07111111111111111,0.2599000384467512,0.2599000384467512,-0.14769703960015382,-0.041584006151480196,-0.17937716262975778,-0.17279507881584008,-0.15378700499807765,-0.11374086889657825,-0.17937716262975778,0.07972318339100345,0.17279507881584008,,,,,0.2406492531299591,-0.19510537385940552,-0.13953489065170288,0.5070836544036865,-0.4519701302051544,-0.5439348220825195,0.8243080377578735,-0.707207202911377,-0.6000000238418579,0.6877358555793762,-0.6182723045349121,-0.6484798192977905,984.6181030273438,0.28692808747291565
EXPA-070,122.966486,43.513424,-0.08882737408688965,-0.017777777777777778,0.09842368319876971,-0.03844675124951941,-0.08421376393694734,-0.08882737408688965,-0.15378700499807765,0.40359861591695495,0.044844290657439445,-0.11374086889657825,0.3188927335640138,-0.15378700499807765,0.19986159169550174,-0.0271280276816609,-0.10340638216070744,-0.002214532871972318,-0.09356401384083046,0.01574778931180315,-0.186082276047674,0.0271280276816609,-0.044844290657439445,-0.0629911572472126,0.12456747404844293,0.044844290657439445,0.12456747404844293,0.11909265667051133,0.05173394848135333,-0.019930795847750864,0.17279507881584008,0.1085121107266436,-0.017777777777777778,-0.07972318339100345,-0.09356401384083046,0.05173394848135333,-0.0271280276816609,0.14769703960015382,-0.16633602460592078,-0.13016532103037293,0.19986159169550174,-0.186082276047674,0.05173394848135333,-0.07111111111111111,0.13588619761630144,-0.03844675124951941,-0.08421376393694734,0.16000000000000003,0.21413302575932336,-0.05536332179930796,0.15378700499807765,-0.12456747404844293,0.012056901191849288,0.08882737408688965,-0.11909265667051133,-0.022206843521722412,0.08882737408688965,0.029773164167627833,0.07111111111111111,0.044844290657439445,-0.17937716262975778,-0.03543252595155709,-0.1929104190695886,-0.05536332179930796,-0.15378700499807765,0.029773164167627833,,,,,0.23280055820941925,-0.38647907972335815,-0.5058230757713318,0.32307693362236023,-0.4506683647632599,-0.5481083989143372,0.7888663411140442,-0.70638108253479,-0.5909656286239624,0.40220922231674194,-0.5397788286209106,-0.5306530594825745,173.4847869873047,0.041858114302158356
EXPA-071,126.373706,43.74492,-0.05911572472126105,0.03844675124951941,0.16633602460592078,-0.11909265667051133,-0.03543252595155709,-0.1929104190695886,-0.19986159169550174,0.46560553633217994,0.15378700499807765,0.05173394848135333,0.16633602460592078,-0.09842368319876971,0.010396001537870049,-0.07535563244905807,-0.22145328719723184,0.0629911572472126,-0.017777777777777778,0.05911572472126105,-0.186082276047674,-0.01384083044982699,0.1085121107266436,0.12456747404844293,0.008858131487889272,0.03254133025759323,0.15378700499807765,0.03543252595155709,-0.06698961937716265,0.07972318339100345,0.10340638216070744,0.017777777777777778,0.044844290657439445,0.029773164167627833,-0.04822760476739715,0.13588619761630144,0.07535563244905807,0.12456747404844293,-0.010396001537870049,-0.1929104190695886,0.0629911572472126,-0.07972318339100345,-0.05911572472126105,0.024605920799692427,0.06698961937716265,0.003936947327950788,-0.08882737408688965,0.186082276047674,0.2519646289888504,-0.186082276047674,-0.029773164167627833,-0.11374086889657825,0.07111111111111111,0.008858131487889272,-0.05536332179930796,-0.04822760476739715,-0.0271280276816609,0.09356401384083046,0.11909265667051133,0.09842368319876971,-0.186082276047674,-0.03543252595155709,-0.14173010380622836,-0.012056901191849288,-0.2599000384467512,-0.041584006151480196,-9.712558669651658,-15.560770150290448,-7.622364895719301,-14.851634573167397,0.10449851304292679,-0.15493731200695038,0.3357442617416382,0.2987387478351593,-0.46325618028640747,-0.5904585123062134,0.8481561541557312,-0.7468436360359192,-0.5371868014335632,0.7011915445327759,-0.7749441862106323,-0.6375769972801208,465.7008972167969,0.09538856148719788
EXPA-072,107.26142,33.955529,0.00024605920799692423,-0.010396001537870049,0.16633602460592078,-0.003014225297962322,0.06698961937716265,-0.08882737408688965,-0.2288965782391388,0.31009611687812383,0.010396001537870049,0.16000000000000003,0.16000000000000003,0.003014225297962322,-0.06698961937716265,-0.002214532871972318,-0.1929104190695886,-0.09356401384083046,-0.19986159169550174,0.08882737408688965,-0.2519646289888504,0.00024605920799692423,0.019930795847750864,-0.019930795847750864,0.12456747404844293,-0.08421376393694734,0.13588619761630144,-0.19986159169550174,-0.09842368319876971,-0.041584006151480196,-0.11909265667051133,0.08882737408688965,0.044844290657439445,0.186082276047674,0.11374086889657825,0.11374086889657825,-0.16633602460592078,0.05911572472126105,-0.11909265667051133,-0.24415224913494812,-0.13016532103037293,0.008858131487889272,-0.09356401384083046,0.07972318339100345,-0.041584006151480196,0.03254133025759323,-0.14173010380622836,0.186082276047674,0.12456747404844293,-0.07111111111111111,0.04822760476739715,-0.0271280276816609,0.03254133025759323,-0.0629911572472126,0.07535563244905807,0.08882737408688965,-0.06698961937716265,-0.0629911572472126,-0.0629911572472126,-0.07111111111111111,-0.3278123798539023,-0.07972318339100345,-0.11909265667051133,0.05911572472126105,-0.17279507881584008,-0.03844675124951941,,,,,0.5147286653518677,-0.5828270316123962,-0.5592640042304993,0.5458298921585083,-0.4203338325023651,-0.4251316785812378,0.8955312967300415,-0.781261682510376,-0.5587349534034729,0.638438880443573,-0.6521254777908325,-0.6047247648239136,1952.8896484375,0.25708431005477905
EXPA-073,113.716893,24.497078,0.05536332179930796,0.03543252595155709,0.11374086889657825,0.01574778931180315,0.01384083044982699,-0.000984236831987697,-0.34602076124567477,0.2599000384467512,-0.041584006151480196,0.16000000000000003,-0.21413302575932336,0.044844290657439445,-0.2761399461745483,0.03543252595155709,-0.07972318339100345,-0.07535563244905807,-0.07972318339100345,0.22145328719723184,-0.01384083044982699,-0.07535563244905807,-0.10340638216070744,0.1929104190695886,-0.09356401384083046,-0.09842368319876971,0.019930795847750864,-0.019930795847750864,-0.05173394848135333,-0.03254133025759323,-0.08882737408688965,0.10340638216070744,0.10340638216070744,0.04822760476739715,0.1085121107266436,0.10340638216070744,-0.2679584775086506,0.029773164167627833,-0.08421376393694734,-0.186082276047674,-0.0629911572472126,-0.017777777777777778,-0.019930795847750864,0.2069357939254133,0.01384083044982699,0.14173010380622836,0.01574778931180315,0.19986159169550174,-0.024605920799692427,0.28444444444444444,0.07535563244905807,-0.01384083044982699,0.017777777777777778,-0.2069357939254133,0.12456747404844293,-0.04822760476739715,0.05911572472126105,-0.12456747404844293,-0.11909265667051133,0.08882737408688965,-0.029773164167627833,-0.0629911572472126,0.006151480199923107,-0.17279507881584008,0.004982698961937716,0.008858131487889272,-5.706629985845028,-12.087422503058312,-4.739020897297058,-10.391526345998049,0.6400551795959473,-0.6332940459251404,-0.5047720074653625,0.6644295454025269,-0.6383866667747498,-0.5096652507781982,0.7428808212280273,-0.6230689883232117,-0.36513441801071167,0.8287783861160278,-0.7421581149101257,-0.5517993569374084,384.9820251464844,0.18225716054439545
EXPA-074,113.934106,26.643602,0.10340638216070744,0.05911572472126105,0.0271280276816609,0.041584006151480196,0.08882737408688965,0.03844675124951941,-0.2761399461745483,0.16633602460592078,0.017777777777777778,0.17937716262975778,-0.024605920799692427,0.05911572472126105,-0.3014225297962323,0.01574778931180315,-0.05173394848135333,-0.1085121107266436,-0.1085121107266436,-0.01574778931180315,0.01574778931180315,-0.09842368319876971,-0.11909265667051133,0.05911572472126105,-0.05536332179930796,-0.16000000000000003,0.03844675124951941,0.17279507881584008,-0.17279507881584008,-0.08421376393694734,0.041584006151480196,0.17279507881584008,0.07972318339100345,0.13588619761630144,0.09842368319876971,0.003936947327950788,-0.2288965782391388,0.1085121107266436,-0.2519646289888504,-0.1929104190695886,0.07972318339100345,0.05536332179930796,-0.006151480199923107,0.2069357939254133,0.019930795847750864,0.16633602460592078,0.01574778931180315,0.0629911572472126,0.029773164167627833,0.17279507881584008,0.19986159169550174,0.022206843521722412,-0.044844290657439445,-0.17937716262975778,0.05911572472126105,0.15378700499807765,0.07972318339100345,-0.186082276047674,-0.16000000000000003,0.022206843521722412,-0.07535563244905807,-0.07972318339100345,-0.05173394848135333,-0.2519646289888504,0.006151480199923107,0.07111111111111111,-10.40541654377898,-14.23484224522948,-10.774718178435407,-16.464802860303436,0.7253149151802063,-0.6611893773078918,-0.4732360243797302,0.76372230052948,-0.6162558197975159,-0.4713171124458313,0.8436710834503174,-0.7348474860191345,-0.5521855354309082,0.8149030208587646,-0.7633057832717896,-0.543367326259613,319.9219665527344,0.18397603929042816
EXPA-075,109.698729,33.476368,0.006151480199923107,0.041584006151480196,0.1085121107266436,0.06698961937716265,-0.0271280276816609,-0.12456747404844293,-0.21413302575932336,0.3839138792772011,0.09356401384083046,0.15378700499807765,0.05536332179930796,0.012056901191849288,-0.024605920799692427,-0.04822760476739715,-0.03844675124951941,-0.03254133025759323,0.00024605920799692423,0.2069357939254133,-0.2288965782391388,-0.16633602460592078,-0.022206843521722412,0.01384083044982699,-0.08421376393694734,0.041584006151480196,0.08882737408688965,0.05173394848135333,-0.007443291041906958,-0.07972318339100345,0.16633602460592078,0.2364628988850442,-0.09842368319876971,0.0005536332179930795,0.13588619761630144,0.2679584775086506,0.007443291041906958,-0.1085121107266436,-0.06698961937716265,-0.007443291041906958,0.029773164167627833,-0.11909265667051133,0.03543252595155709,0.11909265667051133,-0.01574778931180315,-0.08882737408688965,-0.12456747404844293,0.04822760476739715,0.008858131487889272,0.3188927335640138,0.17279507881584008,-0.01384083044982699,0.029773164167627833,-0.05911572472126105,0.05173394848135333,0.15378700499807765,0.13016532103037293,-0.13016532103037293,0.006151480199923107,-0.1929104190695886,-0.12456747404844293,0.019930795847750864,-0.16633602460592078,-0.10340638216070744,0.07972318339100345,0.15378700499807765,-2.2159800843033564,-6.949479477086088,-0.376944211302572,-6.878313188922499,0.3809971809387207,-0.4128970205783844,-0.4494584798812866,0.7374276518821716,-0.6307435035705566,-0.4538152515888214,0.8368298411369324,-0.7188922762870789,-0.466042160987854,0.7023411393165588,-0.6573056578636169,-0.6003797054290771,1079.580322265625,0.5657371878623962
EXPA-076,106.53082,35.184425,-0.06698961937716265,-0.12456747404844293,0.10340638216070744,0.004982698961937716,-0.05911572472126105,-0.09842368319876971,-0.17937716262975778,0.24415224913494812,-0.03254133025759323,0.14173010380622836,-0.017777777777777778,-0.09842368319876971,0.03254133025759323,-0.04822760476739715,-0.13016532103037293,-0.16633602460592078,-0.2679584775086506,0.07972318339100345,-0.2519646289888504,0.0629911572472126,-0.05173394848135333,0.08421376393694734,0.10340638216070744,0.05911572472126105,0.012056901191849288,0.003936947327950788,-0.041584006151480196,-0.10340638216070744,0.029773164167627833,0.14173010380622836,-0.17279507881584008,0.08421376393694734,-0.0015378700499807767,0.09356401384083046,0.03254133025759323,0.008858131487889272,-0.05173394848135333,-0.13588619761630144,-0.07111111111111111,-0.09356401384083046,0.08882737408688965,0.06698961937716265,-0.0629911572472126,-0.11374086889657825,-0.16633602460592078,0.16000000000000003,0.29287197231833906,-0.13016532103037293,-0.012056901191849288,-0.09356401384083046,0.07535563244905807,0.16000000000000003,0.07111111111111111,0.09842368319876971,-0.0629911572472126,-0.08421376393694734,-0.07535563244905807,-0.07535563244905807,-0.39369473279507883,-0.07535563244905807,-0.17279507881584008,-0.13588619761630144,-0.14769703960015382,0.019930795847750864,,,,,0.28493449091911316,-0.4691075384616852,-0.641472339630127,0.3566390573978424,-0.46417343616485596,-0.5394680500030518,0.8668535351753235,-0.7642384171485901,-0.6031215190887451,0.5430307388305664,-0.5820069313049316,-0.6401548981666565,1718.05908203125,0.2894716262817383
EXPA-077,105.835794,33.942863,-0.05173394848135333,0.08421376393694734,0.10340638216070744,0.14769703960015382,0.07972318339100345,-0.15378700499807765,-0.186082276047674,0.22145328719723184,0.03844675124951941,0.08421376393694734,0.15378700499807765,0.08882737408688965,-0.09356401384083046,-0.04822760476739715,-0.2679584775086506,-0.11909265667051133,-0.14769703960015382,-0.03254133025759323,-0.3553094963475586,0.044844290657439445,-0.05536332179930796,-0.05173394848135333,0.017777777777777778,-0.003014225297962322,0.14173010380622836,-0.07535563244905807,-0.019930795847750864,-0.11909265667051133,-0.11374086889657825,0.13016532103037293,-0.007443291041906958,0.22145328719723184,0.07535563244905807,0.08882737408688965,-0.08882737408688965,0.007443291041906958,-0.2288965782391388,-0.16000000000000003,-0.03543252595155709,0.008858131487889272,-0.05911572472126105,0.09356401384083046,-0.029773164167627833,-0.044844290657439445,-0.06698961937716265,0.16000000000000003,0.11374086889657825,-0.05536332179930796,0.07111111111111111,0.03254133025759323,-0.03254133025759323,-0.041584006151480196,0.06698961937716265,0.13016532103037293,-0.04822760476739715,-0.17937716262975778,-0.05173394848135333,-0.2069357939254133,-0.3014225297962323,-0.13016532103037293,-0.16633602460592078,0.01574778931180315,-0.13588619761630144,0.006151480199923107,-15.085864400451538,-20.43317433705292,-13.126419525988771,-18.89953417096069,0.4157434403896332,-0.4795856177806854,-0.5538139939308167,0.5833951234817505,-0.5495103597640991,-0.5154116153717041,0.8933675289154053,-0.7888177037239075,-0.5699682831764221,0.6299765706062317,-0.6338028311729431,-0.5733466148376465,1506.9713134765625,0.2591349184513092
EXPA-078,125.215958,44.148353,-0.0629911572472126,-0.08882737408688965,0.17937716262975778,-0.1085121107266436,-0.10340638216070744,-0.11909265667051133,-0.24415224913494812,0.4444444444444444,0.01574778931180315,-0.08421376393694734,0.22145328719723184,-0.11374086889657825,0.09842368319876971,0.04822760476739715,-0.08882737408688965,-0.008858131487889272,-0.14769703960015382,0.08882737408688965,-0.1085121107266436,0.07972318339100345,-0.024605920799692427,-0.05911572472126105,0.19986159169550174,-0.01574778931180315,0.05536332179930796,0.21413302575932336,0.05911572472126105,-0.03844675124951941,0.12456747404844293,-0.03254133025759323,-0.03844675124951941,-0.08421376393694734,-0.0629911572472126,0.041584006151480196,-0.008858131487889272,0.16633602460592078,-0.05911572472126105,-0.06698961937716265,0.17937716262975778,-0.08421376393694734,-0.022206843521722412,-0.05911572472126105,-0.01384083044982699,-0.044844290657439445,-0.12456747404844293,0.21413302575932336,0.2288965782391388,-0.0015378700499807767,0.08882737408688965,-0.029773164167627833,0.13588619761630144,0.11374086889657825,-0.12456747404844293,-0.05173394848135333,0.03844675124951941,0.04822760476739715,0.14769703960015382,0.07972318339100345,-0.22145328719723184,-0.09842368319876971,-0.14173010380622836,-0.041584006151480196,-0.17937716262975778,-0.0271280276816609,-12.351138927230041,-21.393662590314626,-9.015244665422763,-15.70103975756101,0.2480533868074417,-0.3401015102863312,-0.34343433380126953,0.2995735704898834,-0.41169658303260803,-0.4588548541069031,0.7783845067024231,-0.7328456044197083,-0.5549399852752686,0.7535064816474915,-0.7037224173545837,-0.4858769476413727,197.28480529785156,0.05577867478132248
EXPA-079,105.502698,32.110839,-0.024605920799692427,0.008858131487889272,0.14173010380622836,0.024605920799692427,0.029773164167627833,0.0629911572472126,-0.31009611687812383,0.29287197231833906,0.044844290657439445,0.186082276047674,-0.044844290657439445,-0.03844675124951941,-0.1085121107266436,0.07972318339100345,-0.022206843521722412,-0.15378700499807765,-0.08421376393694734,0.14769703960015382,-0.05911572472126105,-0.10340638216070744,-0.22145328719723184,0.1085121107266436,0.041584006151480196,-0.13588619761630144,-0.0629911572472126,0.16000000000000003,-0.044844290657439445,-0.03844675124951941,0.16633602460592078,0.13016532103037293,-0.017777777777777778,0.07111111111111111,0.003936947327950788,0.186082276047674,-0.07972318339100345,0.07111111111111111,-0.19986159169550174,-0.024605920799692427,0.044844290657439445,0.05536332179930796,0.0629911572472126,0.22145328719723184,-0.07535563244905807,0.10340638216070744,-0.09356401384083046,0.07535563244905807,-0.07535563244905807,0.2069357939254133,0.07972318339100345,0.010396001537870049,0.041584006151480196,0.024605920799692427,0.1085121107266436,0.08882737408688965,0.12456747404844293,-0.22145328719723184,-0.14173010380622836,0.06698961937716265,-0.16633602460592078,-0.09842368319876971,-0.16633602460592078,-0.31009611687812383,0.024605920799692427,0.05536332179930796,-6.219940176189416,-14.94545795829725,-5.03419350272994,-11.104513732745183,0.48623162508010864,-0.50957852602005,-0.4865623712539673,0.7233201861381531,-0.6373390555381775,-0.4913468658924103,0.682070255279541,-0.6071653962135315,-0.4594688415527344,0.8213865756988525,-0.7464788556098938,-0.5734597444534302,744.74462890625,0.40239277482032776
EXPA-080,109.113387,32.179021,-0.01574778931180315,0.008858131487889272,0.07535563244905807,0.14173010380622836,0.09842368319876971,-0.09842368319876971,-0.2069357939254133,0.22145328719723184,0.07535563244905807,0.14769703960015382,0.21413302575932336,0.03543252595155709,-0.09356401384083046,-0.07535563244905807,-0.11374086889657825,-0.16000000000000003,-0.08421376393694734,-0.10340638216070744,-0.36472126105344094,-0.006151480199923107,-0.09842368319876971,-0.0629911572472126,-0.01384083044982699,-0.10340638216070744,0.08421376393694734,-0.0629911572472126,-0.06698961937716265,-0.14769703960015382,-0.003014225297962322,0.19986159169550174,-0.08882737408688965,0.13588619761630144,0.05911572472126105,0.05911572472126105,-0.06698961937716265,0.012056901191849288,-0.2288965782391388,-0.0629911572472126,-0.03254133025759323,-0.03844675124951941,-0.00024605920799692423,0.10340638216070744,0.01574778931180315,0.05536332179930796,-0.09842368319876971,0.13016532103037293,0.15378700499807765,-0.07111111111111111,0.186082276047674,0.0629911572472126,-0.06698961937716265,-0.0271280276816609,0.04822760476739715,0.22145328719723184,0.044844290657439445,-0.15378700499807765,-0.09842368319876971,-0.2069357939254133,-0.3014225297962323,-0.10340638216070744,-0.1085121107266436,-0.13588619761630144,-0.03543252595155709,0.05911572472126105,-14.295548620793342,-17.785604348034465,-11.020484387832884,-19.475477407024933,0.4685908257961273,-0.5323294997215271,-0.6448032259941101,0.6343032121658325,-0.5857354998588562,-0.5307977199554443,0.8775332570075989,-0.7699260711669922,-0.5636930465698242,0.7735517024993896,-0.710597813129425,-0.6208277940750122,1116.03515625,0.1415318101644516
EXPA-081,109.233851,36.083459,0.000984236831987697,-0.05911572472126105,0.06698961937716265,0.03254133025759323,-0.0629911572472126,-0.16633602460592078,-0.12456747404844293,0.3553094963475586,0.041584006151480196,0.1085121107266436,0.22145328719723184,-0.03543252595155709,-0.07535563244905807,-0.09356401384083046,0.012056901191849288,-0.03543252595155709,-0.01384083044982699,0.1085121107266436,-0.3839138792772011,-0.1085121107266436,-0.03844675124951941,-0.08421376393694734,0.0015378700499807767,-0.0271280276816609,0.1085121107266436,0.08882737408688965,-0.08882737408688965,-0.07535563244905807,0.14769703960015382,0.21413302575932336,-0.11909265667051133,-0.03543252595155709,0.186082276047674,0.2069357939254133,0.0629911572472126,-0.05536332179930796,-0.05911572472126105,0.0271280276816609,0.06698961937716265,-0.186082276047674,0.07535563244905807,0.019930795847750864,0.08421376393694734,0.04822760476739715,-0.07535563244905807,0.08421376393694734,0.12456747404844293,0.16633602460592078,0.11909265667051133,0.044844290657439445,0.006151480199923107,0.017777777777777778,0.05173394848135333,0.3014225297962323,0.09842368319876971,-0.010396001537870049,-0.03844675124951941,-0.2069357939254133,-0.14769703960015382,-0.004982698961937716,-0.14769703960015382,-0.06698961937716265,-0.006151480199923107,0.17937716262975778,-7.292340497080211,-15.044314088914838,-6.331889315900215,-14.428066665704677,0.2021089643239975,-0.2192513346672058,-0.4183267056941986,0.44470587372779846,-0.3805508613586426,-0.5381391644477844,0.8469574451446533,-0.7004087567329407,-0.4790969789028168,0.4912280738353729,-0.4680483639240265,-0.5757575631141663,1139.6416015625,0.3644647002220154
EXPA-082,109.995443,23.498331,0.13016532103037293,0.0629911572472126,-0.07535563244905807,0.12456747404844293,0.0015378700499807767,-0.08421376393694734,-0.2069357939254133,0.19986159169550174,0.12456747404844293,0.11909265667051133,0.05911572472126105,0.09842368319876971,-0.2599000384467512,0.03254133025759323,-0.14173010380622836,0.012056901191849288,0.13016532103037293,0.12456747404844293,-0.2069357939254133,-0.2069357939254133,-0.0629911572472126,0.010396001537870049,-0.08882737408688965,-0.0629911572472126,0.05911572472126105,0.07972318339100345,0.08882737408688965,-0.04822760476739715,-0.017777777777777778,0.2288965782391388,-0.0271280276816609,-0.03254133025759323,0.11909265667051133,0.15378700499807765,-0.14173010380622836,-0.06698961937716265,-0.09842368319876971,-0.017777777777777778,0.05911572472126105,-0.11374086889657825,0.05911572472126105,0.012056901191849288,-0.017777777777777778,0.0629911572472126,-0.0015378700499807767,-0.022206843521722412,-0.06698961937716265,0.41362552864282975,0.07111111111111111,0.05911572472126105,0.044844290657439445,-0.2288965782391388,0.044844290657439445,0.14173010380622836,0.2364628988850442,-0.11909265667051133,0.0271280276816609,-0.019930795847750864,0.08882737408688965,-0.14173010380622836,-0.01574778931180315,-0.08882737408688965,0.08882737408688965,0.22145328719723184,-2.4904862511324453,-9.754126115758641,-0.006541648993816121,-7.545688609295178,,,,,,,,,,,,,,
EXPA-083,105.705897,32.783767,-0.05536332179930796,-0.05173394848135333,0.16633602460592078,0.041584006151480196,0.0271280276816609,-0.05911572472126105,-0.31009611687812383,0.3553094963475586,-0.03254133025759323,0.16000000000000003,-0.07972318339100345,-0.07535563244905807,-0.08882737408688965,-0.04822760476739715,-0.07972318339100345,-0.186082276047674,-0.01384083044982699,0.15378700499807765,-0.24415224913494812,-0.01384083044982699,-0.09356401384083046,0.19986159169550174,-0.14769703960015382,-0.0629911572472126,0.012056901191849288,-0.0271280276816609,-0.002214532871972318,-0.05911572472126105,0.0629911572472126,0.09356401384083046,-0.0271280276816609,-0.05536332179930796,-0.003936947327950788,0.14173010380622836,-0.12456747404844293,-0.07535563244905807,-0.11909265667051133,-0.08882737408688965,0.029773164167627833,-0.05911572472126105,0.007443291041906958,0.22145328719723184,-0.0629911572472126,0.05536332179930796,-0.08882737408688965,0.17279507881584008,0.10340638216070744,0.22145328719723184,0.09842368319876971,0.007443291041906958,-0.0629911572472126,-0.019930795847750864,0.10340638216070744,0.08882737408688965,0.09842368319876971,-0.11909265667051133,-0.08421376393694734,-0.04822760476739715,-0.2679584775086506,0.07972318339100345,-0.11374086889657825,-0.29287197231833906,-0.06698961937716265,0.08421376393694734,-2.3192570516556623,-9.312376228483547,-3.410037658296992,-12.859136959499487,0.5055103302001953,-0.5477832555770874,-0.5770559906959534,0.7633587718009949,-0.7319587469100952,-0.5168918967247009,0.8390545845031738,-0.7471264600753784,-0.6117381453514099,0.7098360657691956,-0.6503164768218994,-0.6132983565330505,589.0028076171875,0.40239277482032776
EXPA-084,126.384756,43.780493,-0.1085121107266436,-0.01574778931180315,0.13588619761630144,-0.024605920799692427,-0.07972318339100345,-0.1929104190695886,-0.15378700499807765,0.4340484429065744,0.2599000384467512,-0.010396001537870049,0.3553094963475586,-0.08882737408688965,0.008858131487889272,-0.06698961937716265,-0.09842368319876971,0.07972318339100345,0.03543252595155709,0.022206843521722412,-0.22145328719723184,-0.13588619761630144,0.11909265667051133,-0.0271280276816609,0.05536332179930796,0.04822760476739715,0.16633602460592078,0.1929104190695886,-0.04822760476739715,0.05536332179930796,0.15378700499807765,0.07111111111111111,-0.01574778931180315,0.07111111111111111,0.07111111111111111,0.11374086889657825,0.09842368319876971,-0.004982698961937716,-0.0629911572472126,-0.13016532103037293,0.12456747404844293,-0.13016532103037293,-0.05536332179930796,-0.08882737408688965,0.12456747404844293,-0.004982698961937716,-0.1085121107266436,0.003014225297962322,0.14769703960015382,-0.041584006151480196,0.11909265667051133,-0.03254133025759323,0.05536332179930796,0.008858131487889272,-0.11909265667051133,0.07972318339100345,0.08882737408688965,0.13588619761630144,0.17937716262975778,-0.012056901191849288,-0.11374086889657825,-0.01574778931180315,-0.16000000000000003,0.024605920799692427,-0.10340638216070744,0.07972318339100345,-12.573753299245787,-20.084351611936047,-10.312503655806871,-18.01869688489669,0.09184060990810394,-0.06555555760860443,0.021871203556656837,0.3213290572166443,-0.4137614667415619,-0.5472099184989929,0.8249036073684692,-0.7144683599472046,-0.5018587112426758,0.630079984664917,-0.6906737685203552,-0.5852247476577759,413.74237060546875,0.09538856148719788
EXPA-085,111.097136,28.565907,0.041584006151480196,0.12456747404844293,-0.024605920799692427,0.16633602460592078,0.13016532103037293,-0.041584006151480196,-0.24415224913494812,0.2364628988850442,0.11909265667051133,0.07111111111111111,0.14769703960015382,0.14769703960015382,-0.24415224913494812,-0.05911572472126105,-0.12456747404844293,-0.07111111111111111,-0.029773164167627833,-0.029773164167627833,-0.28444444444444444,-0.029773164167627833,-0.12456747404844293,-0.09356401384083046,-0.03844675124951941,-0.041584006151480196,0.14769703960015382,0.13016532103037293,-0.04822760476739715,-0.10340638216070744,-0.05173394848135333,0.1929104190695886,-0.008858131487889272,0.21413302575932336,0.19986159169550174,0.044844290657439445,-0.11374086889657825,0.06698961937716265,-0.2679584775086506,-0.17937716262975778,0.09842368319876971,0.08421376393694734,-0.007443291041906958,0.10340638216070744,0.09842368319876971,0.044844290657439445,0.002214532871972318,0.003936947327950788,0.08882737408688965,0.13016532103037293,0.16633602460592078,0.09842368319876971,-0.01574778931180315,-0.13016532103037293,0.022206843521722412,0.17279507881584008,0.09356401384083046,-0.16633602460592078,-0.05536332179930796,-0.14173010380622836,-0.11909265667051133,-0.05911572472126105,-0.14769703960015382,-0.09356401384083046,-0.03254133025759323,0.09842368319876971,-11.646811375464573,-17.209739969523078,-12.065787594627349,-17.620545928482372,0.5400736331939697,-0.5639919638633728,-0.5142582654953003,0.7746027112007141,-0.6482058167457581,-0.4790455102920532,0.7646791338920593,-0.6779917478561401,-0.5439779162406921,0.7434498071670532,-0.6971307396888733,-0.6051264405250549,437.7901916503906,0.15118606388568878
EXPA-086,113.590231,25.417132,0.03844675124951941,0.08421376393694734,0.16000000000000003,0.019930795847750864,-0.01384083044982699,-0.008858131487889272,-0.2519646289888504,0.10340638216070744,-0.05173394848135333,0.1085121107266436,-0.12456747404844293,-0.010396001537870049,-0.3188927335640138,0.029773164167627833,-0.11374086889657825,-0.2069357939254133,-0.11374086889657825,0.16633602460592078,-0.07111111111111111,-0.0629911572472126,-0.14173010380622836,0.11909265667051133,-0.07972318339100345,-0.14173010380622836,-0.041584006151480196,-0.007443291041906958,-0.05536332179930796,-0.10340638216070744,-0.13588619761630144,0.14769703960015382,0.12456747404844293,0.08882737408688965,0.16000000000000003,0.04822760476739715,-0.2761399461745483,0.16000000000000003,-0.1085121107266436,-0.15378700499807765,-0.0629911572472126,0.0271280276816609,-0.05911572472126105,0.11909265667051133,-0.13016532103037293,0.13588619761630144,0.003936947327950788,0.17279507881584008,0.03543252595155709,0.05173394848135333,-0.017777777777777778,-0.0271280276816609,0.09356401384083046,-0.08882737408688965,0.11374086889657825,0.07972318339100345,0.05536332179930796,-0.22145328719723184,-0.15378700499807765,0.05911572472126105,-0.05536332179930796,-0.29287197231833906,-0.04822760476739715,-0.186082276047674,-0.10340638216070744,-0.01384083044982699,-8.636267747988,-16.001066258265276,-7.468483944582573,-13.784093867041623,0.41320040822029114,-0.4811745584011078,-0.5734597444534302,0.4635102152824402,-0.5273470878601074,-0.6034310460090637,0.41297808289527893,-0.38442105054855347,-0.2606826722621918,0.6921426653862,-0.7021850347518921,-0.5805470943450928,891.76220703125,0.07869036495685577
EXPA-087,107.340921,31.941596,0.03543252595155709,0.08882737408688965,0.044844290657439445,0.12456747404844293,0.08882737408688965,-0.03543252595155709,-0.186082276047674,0.2599000384467512,0.14769703960015382,0.1929104190695886,0.044844290657439445,-0.029773164167627833,-0.2364628988850442,0.012056901191849288,-0.13016532103037293,-0.08421376393694734,-0.12456747404844293,0.03844675124951941,-0.0629911572472126,-0.17279507881584008,-0.0629911572472126,0.11909265667051133,-0.10340638216070744,-0.11909265667051133,0.03543252595155709,0.07535563244905807,-0.14769703960015382,-0.07111111111111111,0.11374086889657825,0.08882737408688965,0.01384083044982699,0.07111111111111111,-0.007443291041906958,0.2288965782391388,-0.08882737408688965,-0.008858131487889272,-0.24415224913494812,-0.09356401384083046,0.05173394848135333,-0.05536332179930796,0.010396001537870049,0.17937716262975778,0.008858131487889272,0.09356401384083046,-0.11374086889657825,0.03844675124951941,0.022206843521722412,0.21413302575932336,0.16633602460592078,-0.044844290657439445,-0.05536332179930796,-0.16000000000000003,0.08421376393694734,0.21413302575932336,0.07111111111111111,-0.19986159169550174,-0.05173394848135333,0.019930795847750864,-0.21413302575932336,-0.09356401384083046,-0.13016532103037293,-0.2679584775086506,0.022206843521722412,0.14173010380622836,,,,,0.6271563768386841,-0.5891304612159729,-0.4353995621204376,0.6554192304611206,-0.49768733978271484,-0.42356687784194946,0.8292648196220398,-0.7216176390647888,-0.5461117029190063,0.8366740942001343,-0.7352270483970642,-0.5539143085479736,981.6920776367188,0.18027254939079285
EXPA-088,110.654626,25.694173,0.14173010380622836,0.05173394848135333,0.09842368319876971,0.09356401384083046,0.09842368319876971,-0.07535563244905807,-0.2761399461745483,0.17937716262975778,0.004982698961937716,0.2364628988850442,-0.022206843521722412,0.05911572472126105,-0.2599000384467512,-0.044844290657439445,-0.13016532103037293,-0.09356401384083046,-0.006151480199923107,0.16633602460592078,-0.07111111111111111,-0.08882737408688965,-0.11374086889657825,0.22145328719723184,-0.09842368319876971,-0.14769703960015382,-0.024605920799692427,-0.004982698961937716,-0.01574778931180315,-0.05536332179930796,0.019930795847750864,0.14769703960015382,0.05911572472126105,-0.07535563244905807,0.022206843521722412,0.09356401384083046,-0.21413302575932336,0.022206843521722412,-0.16000000000000003,-0.15378700499807765,0.05173394848135333,-0.09356401384083046,0.03844675124951941,0.19986159169550174,-0.017777777777777778,0.16633602460592078,-0.05173394848135333,0.14769703960015382,0.012056901191849288,0.24415224913494812,0.044844290657439445,0.007443291041906958,-0.05911572472126105,-0.17937716262975778,0.09356401384083046,0.1085121107266436,0.08882737408688965,-0.19986159169550174,-0.11909265667051133,0.01574778931180315,-0.09842368319876971,-0.13588619761630144,-0.003936947327950788,-0.2519646289888504,0.006151480199923107,0.17279507881584008,-4.948952114716639,-12.893190108866172,-5.93789157387089,-10.435359384660973,,,,,,,,,,,,,,
EXPA-089,109.321437,35.132682,-0.041584006151480196,-0.07972318339100345,0.16000000000000003,-0.07111111111111111,-0.029773164167627833,-0.008858131487889272,-0.17279507881584008,0.28444444444444444,-0.002214532871972318,0.007443291041906958,0.13588619761630144,0.03543252595155709,-0.022206843521722412,-0.0629911572472126,0.024605920799692427,-0.14173010380622836,-0.17279507881584008,0.044844290657439445,-0.2761399461745483,-0.024605920799692427,-0.07972318339100345,-0.0271280276816609,0.13588619761630144,0.017777777777777778,-0.019930795847750864,0.14173010380622836,-0.1085121107266436,-0.21413302575932336,0.08421376393694734,0.17279507881584008,-0.07111111111111111,0.024605920799692427,0.2364628988850442,0.07972318339100345,0.14769703960015382,0.14769703960015382,-0.11374086889657825,-0.13588619761630144,0.024605920799692427,-0.1085121107266436,0.04822760476739715,0.024605920799692427,0.04822760476739715,-0.004982698961937716,-0.09356401384083046,0.07972318339100345,0.2599000384467512,0.05536332179930796,0.029773164167627833,-0.16000000000000003,0.14769703960015382,0.13588619761630144,0.008858131487889272,0.14769703960015382,-0.05536332179930796,-0.1085121107266436,-0.022206843521722412,-0.09356401384083046,-0.3188927335640138,-0.05173394848135333,-0.2679584775086506,-0.1085121107266436,-0.08421376393694734,0.024605920799692427,-10.899274978706892,-15.86387543500992,-9.38234682068343,-18.500817598160218,0.6015148162841797,-0.6247598528862,-0.5972508788108826,0.5224165320396423,-0.5560610890388489,-0.5217086672782898,0.5695115327835083,-0.5891304612159729,-0.466290146112442,0.41814708709716797,-0.4505666196346283,-0.46130266785621643,1014.942626953125,0.3835456073284149
EXPA-090,124.36705,46.632555,0.13588619761630144,-0.13016532103037293,0.17937716262975778,-0.16000000000000003,-0.12456747404844293,0.041584006151480196,-0.22145328719723184,0.3839138792772011,0.010396001537870049,-0.019930795847750864,0.15378700499807765,-0.017777777777777778,0.03844675124951941,0.17279507881584008,0.007443291041906958,-0.0629911572472126,-0.03844675124951941,-0.06698961937716265,0.14173010380622836,-0.07535563244905807,0.07972318339100345,-0.28444444444444444,0.19986159169550174,-0.11909265667051133,0.09356401384083046,0.2761399461745483,-0.003014225297962322,0.05911572472126105,0.2599000384467512,0.041584006151480196,0.07111111111111111,0.03543252595155709,-0.05911572472126105,0.029773164167627833,-0.16000000000000003,0.16000000000000003,-0.044844290657439445,-0.08882737408688965,0.16633602460592078,0.07535563244905807,-0.16000000000000003,-0.11374086889657825,-0.03844675124951941,0.09356401384083046,-0.09356401384083046,0.05173394848135333,-0.044844290657439445,-0.044844290657439445,0.10340638216070744,-0.041584006151480196,0.0629911572472126,-0.11909265667051133,-0.008858131487889272,-0.05173394848135333,0.0629911572472126,0.0629911572472126,0.05536332179930796,0.17279507881584008,-0.186082276047674,-0.044844290657439445,-0.07111111111111111,0.012056901191849288,-0.03844675124951941,0.09842368319876971,-13.750802425768331,-20.4573593815062,-11.334904833801316,-16.542219442952153,0.5715371966362,-0.4988399147987366,0.22683705389499664,0.6422069668769836,-0.6046469211578369,-0.4123043715953827,0.7454685568809509,-0.6722704768180847,-0.48189252614974976,0.7299842834472656,-0.6628583669662476,-0.4277350902557373,148.48728942871094,0.007381639908999205
EXPA-091,107.557864,35.329143,-0.04822760476739715,-0.10340638216070744,0.14173010380622836,-0.12456747404844293,0.0005536332179930795,-0.05173394848135333,-0.28444444444444444,0.3188927335640138,-0.07111111111111111,0.0629911572472126,-0.03254133025759323,-0.06698961937716265,-0.04822760476739715,-0.04822760476739715,-0.05173394848135333,-0.17279507881584008,-0.14173010380622836,0.28444444444444444,-0.3014225297962323,0.07535563244905807,-0.09842368319876971,0.12456747404844293,-0.04822760476739715,0.03254133025759323,-0.004982698961937716,-0.07972318339100345,0.000984236831987697,-0.06698961937716265,-0.044844290657439445,0.03543252595155709,0.05911572472126105,0.05911572472126105,0.16000000000000003,0.11374086889657825,-0.044844290657439445,0.07972318339100345,-0.14173010380622836,-0.11374086889657825,-0.08421376393694734,-0.007443291041906958,0.04822760476739715,0.04822760476739715,0.0629911572472126,0.006151480199923107,-0.03844675124951941,0.29287197231833906,0.22145328719723184,-0.019930795847750864,-0.09842368319876971,-0.16633602460592078,0.14769703960015382,0.06698961937716265,0.16000000000000003,-0.03543252595155709,-0.09356401384083046,0.05911572472126105,-0.07972318339100345,-0.03254133025759323,-0.28444444444444444,0.008858131487889272,-0.13016532103037293,-0.05911572472126105,-0.14173010380622836,-0.05173394848135333,-9.364447754847216,-16.500116240320985,-8.64700493747357,-16.724681924153163,0.2586989402770996,-0.3924686312675476,-0.5791304111480713,0.3113604485988617,-0.41774070262908936,-0.549229621887207,0.7692540287971497,-0.6684705018997192,-0.5617470145225525,0.5483383536338806,-0.5413534045219421,-0.6153846383094788,1111.6314697265625,0.1495032161474228
EXPA-092,109.076736,33.00044,0.024605920799692427,0.10340638216070744,0.07535563244905807,0.15378700499807765,0.07111111111111111,-0.06698961937716265,-0.17937716262975778,0.2288965782391388,0.11374086889657825,0.05911572472126105,0.24415224913494812,0.11909265667051133,-0.15378700499807765,-0.044844290657439445,-0.13588619761630144,-0.0271280276816609,-0.11374086889657825,-0.006151480199923107,-0.36472126105344094,-0.03254133025759323,-0.07972318339100345,-0.15378700499807765,0.08421376393694734,-0.022206843521722412,0.15378700499807765,0.006151480199923107,-0.1085121107266436,-0.14173010380622836,-0.05173394848135333,0.2519646289888504,-0.08421376393694734,0.2761399461745483,0.1929104190695886,0.09842368319876971,-0.11374086889657825,0.044844290657439445,-0.2364628988850442,-0.09842368319876971,-0.04822760476739715,-0.0015378700499807767,-0.03844675124951941,0.05536332179930796,0.022206843521722412,0.008858131487889272,-0.006151480199923107,0.10340638216070744,0.07111111111111111,0.010396001537870049,0.16633602460592078,0.03543252595155709,0.03543252595155709,-0.05173394848135333,0.03844675124951941,0.16633602460592078,0.004982698961937716,-0.14769703960015382,-0.017777777777777778,-0.12456747404844293,-0.186082276047674,-0.07972318339100345,-0.21413302575932336,0.024605920799692427,-0.04822760476739715,0.002214532871972318,-11.877499746383377,-19.279777573074064,-13.719900465581034,-19.350874379559464,0.4755309224128723,-0.45670008659362793,-0.40726006031036377,0.5761156678199768,-0.5327385663986206,-0.5222634673118591,0.8768664598464966,-0.7769170999526978,-0.6017974615097046,0.6471264362335205,-0.6523493528366089,-0.6148195266723633,1330.7620849609375,0.5657371878623962
EXPA-093,107.75729,34.14202,-0.06698961937716265,0.019930795847750864,0.14173010380622836,0.11374086889657825,0.008858131487889272,-0.07972318339100345,-0.2519646289888504,0.2679584775086506,-0.017777777777777778,0.002214532871972318,0.14173010380622836,0.08882737408688965,-0.06698961937716265,-0.08421376393694734,-0.11374086889657825,-0.17937716262975778,-0.13588619761630144,0.002214532871972318,-0.37425605536332185,0.14173010380622836,-0.10340638216070744,-0.022206843521722412,-0.0005536332179930795,0.024605920799692427,0.09356401384083046,0.05911572472126105,0.06698961937716265,-0.11909265667051133,-0.019930795847750864,0.16000000000000003,-0.01384083044982699,0.14769703960015382,0.1085121107266436,0.09842368319876971,-0.003936947327950788,0.07972318339100345,-0.17937716262975778,-0.11909265667051133,0.03844675124951941,0.010396001537870049,-0.07535563244905807,0.08882737408688965,0.010396001537870049,0.004982698961937716,-0.0629911572472126,0.17937716262975778,0.17279507881584008,0.01574778931180315,0.07972318339100345,0.024605920799692427,0.022206843521722412,0.017777777777777778,0.05536332179930796,0.09356401384083046,-0.007443291041906958,-0.186082276047674,-0.10340638216070744,-0.2288965782391388,-0.3188927335640138,-0.07111111111111111,-0.2288965782391388,-0.11374086889657825,-0.13016532103037293,0.01574778931180315,-12.769730730780905,-19.183113923369426,-13.299444387502596,-19.30061951517908,0.24455206096172333,-0.29962074756622314,-0.4697549641132355,0.5304595828056335,-0.5384064316749573,-0.5382410883903503,0.8673932552337646,-0.7768175601959229,-0.5926656126976013,0.6402414441108704,-0.6053564548492432,-0.582586944103241,864.613037109375,0.17914527654647827
EXPA-094,110.109978,25.942916,0.16000000000000003,0.022206843521722412,0.13588619761630144,-0.019930795847750864,0.09842368319876971,-0.012056901191849288,-0.29287197231833906,0.1929104190695886,0.044844290657439445,0.21413302575932336,-0.16633602460592078,0.10340638216070744,-0.21413302575932336,0.029773164167627833,-0.04822760476739715,-0.11374086889657825,-0.01384083044982699,0.1085121107266436,0.07535563244905807,-0.14769703960015382,-0.09842368319876971,0.11909265667051133,-0.05173394848135333,-0.13016532103037293,0.007443291041906958,0.0629911572472126,-0.11909265667051133,-0.05173394848135333,0.03543252595155709,0.10340638216070744,0.1085121107266436,-0.01384083044982699,0.041584006151480196,0.10340638216070744,-0.19986159169550174,0.017777777777777778,-0.1085121107266436,-0.17937716262975778,0.08421376393694734,0.05911572472126105,0.012056901191849288,0.24415224913494812,-0.07111111111111111,0.16633602460592078,-0.08421376393694734,0.08421376393694734,-0.0629911572472126,0.29287197231833906,0.019930795847750864,-0.04822760476739715,-0.022206843521722412,-0.16000000000000003,0.10340638216070744,0.09356401384083046,0.08421376393694734,-0.2599000384467512,-0.10340638216070744,0.04822760476739715,-0.16000000000000003,-0.15378700499807765,-0.01574778931180315,-0.19986159169550174,-0.0629911572472126,0.1085121107266436,-5.316630106219453,-10.679983490151947,-4.269406187450175,-9.960375270813069,0.8050432801246643,-0.7098039388656616,-0.4707412123680115,0.6871620416641235,-0.5748738050460815,-0.38088756799697876,0.7775459885597229,-0.6186178922653198,-0.41418930888175964,0.8367041349411011,-0.7255454063415527,-0.49806949496269226,686.821533203125,0.17958465218544006
EXPA-095,126.402003,44.199557,-0.0629911572472126,0.0271280276816609,0.24415224913494812,-0.24415224913494812,-0.07535563244905807,-0.1085121107266436,-0.28444444444444444,0.3553094963475586,0.13016532103037293,-0.11374086889657825,0.17279507881584008,-0.022206843521722412,0.004982698961937716,0.11374086889657825,-0.07972318339100345,0.041584006151480196,-0.03543252595155709,0.08882737408688965,-0.11909265667051133,-0.041584006151480196,0.05911572472126105,-0.019930795847750864,0.21413302575932336,-0.024605920799692427,-0.041584006151480196,0.1929104190695886,-0.004982698961937716,-0.07535563244905807,0.2599000384467512,-0.08421376393694734,0.03543252595155709,-0.041584006151480196,-0.01384083044982699,0.07972318339100345,0.0271280276816609,0.2364628988850442,-0.03543252595155709,0.044844290657439445,0.15378700499807765,-0.05173394848135333,-0.019930795847750864,-0.01574778931180315,0.022206843521722412,0.01574778931180315,-0.186082276047674,0.13588619761630144,0.17279507881584008,0.01384083044982699,0.07535563244905807,-0.09356401384083046,0.22145328719723184,0.041584006151480196,-0.1085121107266436,0.04822760476739715,0.03543252595155709,0.05173394848135333,0.06698961937716265,0.017777777777777778,-0.14173010380622836,-0.11909265667051133,-0.2364628988850442,-0.07535563244905807,-0.12456747404844293,-0.03254133025759323,-11.67831902409432,-21.652462948385573,-9.869767955417949,-16.585301133134465,0.31278592348098755,-0.32474789023399353,0.07713178545236588,0.4217228591442108,-0.47245925664901733,-0.5612903237342834,0.7146492600440979,-0.6713178157806396,-0.5947237610816956,0.6682769656181335,-0.6592592597007751,-0.5888888835906982,227.42193603515625,0.05084163695573807
EXPA-096,126.063518,45.157072,-0.012056901191849288,-0.07111111111111111,0.12456747404844293,-0.16633602460592078,-0.07111111111111111,-0.14769703960015382,-0.13588619761630144,0.41362552864282975,0.05911572472126105,-0.041584006151480196,0.31009611687812383,-0.15378700499807765,0.024605920799692427,0.003936947327950788,-0.2069357939254133,0.024605920799692427,-0.07111111111111111,-0.09842368319876971,-0.13588619761630144,0.003014225297962322,0.14173010380622836,-0.041584006151480196,0.05173394848135333,-0.05173394848135333,0.16633602460592078,0.14173010380622836,0.03543252595155709,0.09842368319876971,0.2679584775086506,0.041584006151480196,-0.006151480199923107,-0.041584006151480196,-0.11374086889657825,0.05536332179930796,0.004982698961937716,0.14173010380622836,-0.003014225297962322,-0.14769703960015382,0.09356401384083046,-0.11909265667051133,-0.15378700499807765,-0.12456747404844293,0.010396001537870049,0.03844675124951941,-0.1085121107266436,0.13016532103037293,0.2069357939254133,-0.17279507881584008,0.08421376393694734,-0.04822760476739715,0.07111111111111111,0.012056901191849288,-0.08882737408688965,-0.09356401384083046,0.03844675124951941,0.1929104190695886,0.17279507881584008,0.044844290657439445,-0.09356401384083046,-0.05173394848135333,-0.17937716262975778,0.01574778931180315,-0.09356401384083046,-0.024605920799692427,-11.340714709872337,-20.821554898269973,-7.101757825058142,-14.5329809933657,0.12424145638942719,-0.15523464977741241,0.44525548815727234,0.35274744033813477,-0.43879055976867676,-0.47876712679862976,0.8455933928489685,-0.7501993179321289,-0.5488361120223999,0.4335483908653259,-0.5355908870697021,-0.4800773561000824,141.45779418945312,0.07887198776006699
EXPA-097,108.317569,32.43019,-0.003014225297962322,0.01574778931180315,0.11909265667051133,0.044844290657439445,0.03543252595155709,-0.0629911572472126,-0.28444444444444444,0.33685505574778934,0.03254133025759323,0.16633602460592078,-0.10340638216070744,-0.05536332179930796,-0.11909265667051133,-0.022206843521722412,-0.08421376393694734,-0.1085121107266436,0.006151480199923107,0.16000000000000003,-0.19986159169550174,-0.03844675124951941,-0.024605920799692427,0.2679584775086506,-0.22145328719723184,-0.029773164167627833,0.07111111111111111,-0.05911572472126105,0.019930795847750864,-0.04822760476739715,0.09842368319876971,0.07972318339100345,0.01384083044982699,-0.05911572472126105,-0.07972318339100345,0.186082276047674,-0.11909265667051133,-0.12456747404844293,-0.09842368319876971,-0.14173010380622836,-0.01384083044982699,-0.1085121107266436,-0.006151480199923107,0.2679584775086506,-0.01384083044982699,-0.007443291041906958,-0.07535563244905807,0.1929104190695886,0.11374086889657825,0.2599000384467512,0.06698961937716265,-0.041584006151480196,-0.09356401384083046,-0.15378700499807765,0.09842368319876971,0.03254133025759323,0.11374086889657825,-0.09842368319876971,-0.024605920799692427,-0.05173394848135333,-0.19986159169550174,0.006151480199923107,-0.029773164167627833,-0.24415224913494812,-0.03844675124951941,0.08882737408688965,-2.2084463488063153,-8.82936393364333,-2.0091530720568747,-7.051171113976463,0.6126840114593506,-0.6145124435424805,-0.6320346593856812,0.5947646498680115,-0.5506607890129089,-0.5595009326934814,0.8747663497924805,-0.7734276056289673,-0.6000891923904419,0.7959495782852173,-0.7491626143455505,-0.6585612893104553,512.9048461914062,0.4637167751789093
EXPA-098,108.280918,31.648925,0.07972318339100345,0.08421376393694734,0.1929104190695886,-0.019930795847750864,0.07111111111111111,0.008858131487889272,-0.28444444444444444,0.31009611687812383,0.012056901191849288,0.17937716262975778,-0.09356401384083046,0.03254133025759323,-0.17937716262975778,0.0015378700499807767,-0.017777777777777778,-0.13016532103037293,-0.05173394848135333,0.1085121107266436,-0.024605920799692427,-0.1085121107266436,-0.10340638216070744,0.17279507881584008,-0.07972318339100345,-0.13588619761630144,0.041584006151480196,-0.008858131487889272,-0.13588619761630144,-0.09842368319876971,0.07972318339100345,0.09356401384083046,0.01574778931180315,0.09356401384083046,-0.029773164167627833,0.1929104190695886,-0.186082276047674,0.03543252595155709,-0.16633602460592078,-0.13016532103037293,-0.0629911572472126,0.04822760476739715,0.022206843521722412,0.3278123798539023,-0.08421376393694734,0.09356401384083046,-0.06698961937716265,0.15378700499807765,0.022206843521722412,0.17279507881584008,0.15378700499807765,-0.03254133025759323,-0.0271280276816609,-0.11374086889657825,0.08421376393694734,0.09842368319876971,0.022206843521722412,-0.17937716262975778,-0.06698961937716265,0.029773164167627833,-0.22145328719723184,-0.07972318339100345,-0.0629911572472126,-0.2519646289888504,-0.04822760476739715,0.0629911572472126,-8.130470076430406,-13.745767205830823,-6.297564248317661,-11.602252646575344,0.6437054872512817,-0.6269592642784119,-0.531265377998352,0.5379005670547485,-0.5503966212272644,-0.5081481337547302,0.8976857662200928,-0.7914909720420837,-0.5791102647781372,0.8822258114814758,-0.7921810746192932,-0.5841482281684875,836.8856811523438,0.1987958550453186
EXPA-099,108.958697,31.680186,0.04822760476739715,0.022206843521722412,-0.000984236831987697,0.08421376393694734,0.05536332179930796,-0.13016532103037293,-0.14173010380622836,0.29287197231833906,0.16633602460592078,0.17279507881584008,0.15378700499807765,-0.03254133025759323,-0.11374086889657825,-0.01384083044982699,-0.08882737408688965,-0.08882737408688965,0.05911572472126105,0.08421376393694734,-0.22145328719723184,-0.17279507881584008,0.05536332179930796,-0.11374086889657825,-0.05911572472126105,-0.03543252595155709,0.13016532103037293,0.007443291041906958,-0.05173394848135333,-0.07535563244905807,0.11374086889657825,0.16000000000000003,-0.09842368319876971,-0.0271280276816609,0.13588619761630144,0.14769703960015382,-0.041584006151480196,-0.16633602460592078,-0.12456747404844293,-0.06698961937716265,0.0629911572472126,-0.08882737408688965,-0.0271280276816609,0.03844675124951941,-0.03543252595155709,-0.004982698961937716,-0.16633602460592078,0.041584006151480196,0.002214532871972318,0.29287197231833906,0.11909265667051133,0.05173394848135333,-0.03254133025759323,-0.15378700499807765,0.008858131487889272,0.3188927335640138,0.2679584775086506,-0.09842368319876971,-0.007443291041906958,-0.13588619761630144,-0.17937716262975778,-0.16000000000000003,-0.04822760476739715,-0.07111111111111111,0.022206843521722412,0.1929104190695886,-3.661952362992701,-10.9499008105756,-2.1593937937376775,-8.567768916727365,0.46993863582611084,-0.41273584961891174,-0.2740524709224701,0.5813466310501099,-0.5504752397537231,-0.4822485148906708,0.8523489832878113,-0.7266602516174316,-0.5021910667419434,0.7784011363983154,-0.6940547823905945,-0.5699530243873596,1777.1942138671875,0.1987958550453186
EXPA-100,109.419533,27.757693,0.03254133025759323,0.08421376393694734,0.16633602460592078,0.08421376393694734,0.12456747404844293,-0.05911572472126105,-0.3188927335640138,0.2519646289888504,0.003936947327950788,0.11909265667051133,-0.07972318339100345,0.04822760476739715,-0.2599000384467512,0.01384083044982699,-0.13588619761630144,-0.07535563244905807,-0.08421376393694734,0.186082276047674,-0.15378700499807765,0.024605920799692427,-0.09842368319876971,0.19986159169550174,-0.09842368319876971,-0.09356401384083046,0.06698961937716265,-0.029773164167627833,-0.044844290657439445,-0.1085121107266436,-0.08882737408688965,0.05911572472126105,0.09842368319876971,0.07972318339100345,0.09356401384083046,0.09842368319876971,-0.29287197231833906,0.05173394848135333,-0.17937716262975778,-0.17279507881584008,-0.044844290657439445,-0.01384083044982699,-0.029773164167627833,0.16633602460592078,0.002214532871972318,0.10340638216070744,-0.0271280276816609,0.2069357939254133,0.08882737408688965,0.21413302575932336,0.01384083044982699,0.03254133025759323,-0.029773164167627833,-0.1929104190695886,0.13016532103037293,0.008858131487889272,0.012056901191849288,-0.09842368319876971,-0.14769703960015382,0.022206843521722412,-0.17937716262975778,-0.09356401384083046,-0.05536332179930796,-0.13588619761630144,-0.08882737408688965,-0.003936947327950788,-6.745498103766797,-11.653844885516406,-8.85707343335613,-14.490695078301167,0.7774863243103027,-0.7199661731719971,-0.6096698045730591,0.6831573247909546,-0.5897794961929321,-0.4684807360172272,0.8121212124824524,-0.6657381653785706,-0.49667948484420776,0.8499624729156494,-0.7507987022399902,-0.6398152709007263,590.2198486328125,0.04253005608916283
EXPA-101,112.255424,27.430257,-0.029773164167627833,0.0271280276816609,0.14173010380622836,0.022206843521722412,0.0629911572472126,0.16633602460592078,-0.22145328719723184,0.11374086889657825,-0.09356401384083046,0.07535563244905807,0.13588619761630144,-0.05536332179930796,-0.2288965782391388,-0.03543252595155709,-0.08882737408688965,-0.14173010380622836,0.012056901191849288,0.09356401384083046,-0.17937716262975778,-0.06698961937716265,-0.2288965782391388,0.07972318339100345,-0.07535563244905807,-0.15378700499807765,-0.0015378700499807767,0.2761399461745483,-0.05536332179930796,-0.09842368319876971,0.07972318339100345,0.1929104190695886,0.01384083044982699,0.05911572472126105,0.08421376393694734,0.1085121107266436,-0.0629911572472126,0.08421376393694734,-0.16000000000000003,0.019930795847750864,0.0271280276816609,-0.012056901191849288,0.09356401384083046,0.05536332179930796,0.01574778931180315,0.186082276047674,0.1085121107266436,0.11374086889657825,0.05911572472126105,0.22145328719723184,0.13588619761630144,0.04822760476739715,-0.05911572472126105,0.0271280276816609,-0.010396001537870049,0.186082276047674,0.2364628988850442,-0.2364628988850442,-0.0271280276816609,-0.029773164167627833,0.019930795847750864,-0.12456747404844293,-0.16000000000000003,-0.2519646289888504,0.13588619761630144,0.14173010380622836,-8.200043867636099,-14.610307958037934,-7.648541140432867,-14.14401137608921,0.258649080991745,-0.2982158064842224,-0.33225545287132263,0.23297938704490662,-0.26214835047721863,-0.2600192427635193,0.4926437735557556,-0.4620087444782257,-0.3254859149456024,0.324455201625824,-0.35061728954315186,-0.26766446232795715,117.20233917236328,0.10977911949157715
EXPA-102,106.119302,34.048505,-0.07972318339100345,-0.003936947327950788,0.13588619761630144,0.041584006151480196,0.06698961937716265,-0.13588619761630144,-0.24415224913494812,0.2679584775086506,0.010396001537870049,0.003014225297962322,0.044844290657439445,0.05911572472126105,-0.05536332179930796,-0.041584006151480196,-0.21413302575932336,-0.14769703960015382,-0.12456747404844293,0.03254133025759323,-0.3278123798539023,0.11909265667051133,-0.041584006151480196,0.0271280276816609,-0.044844290657439445,0.03543252595155709,0.12456747404844293,-0.16633602460592078,0.06698961937716265,-0.08421376393694734,-0.186082276047674,0.03254133025759323,0.07111111111111111,0.16000000000000003,0.06698961937716265,0.044844290657439445,-0.186082276047674,0.03844675124951941,-0.2679584775086506,-0.13016532103037293,-0.029773164167627833,0.03543252595155709,-0.05173394848135333,0.13588619761630144,0.008858131487889272,-0.09356401384083046,-0.04822760476739715,0.2761399461745483,0.13588619761630144,-0.029773164167627833,0.006151480199923107,0.008858131487889272,-0.05911572472126105,-0.010396001537870049,0.0629911572472126,0.06698961937716265,-0.0629911572472126,-0.0271280276816609,-0.09842368319876971,-0.21413302575932336,-0.31009611687812383,-0.044844290657439445,-0.09356401384083046,0.04822760476739715,-0.17937716262975778,-0.041584006151480196,,,,,0.37132003903388977,-0.47723785042762756,-0.6000000238418579,0.4867132902145386,-0.5153242945671082,-0.5427034497261047,0.8510540723800659,-0.7187234163284302,-0.5607243776321411,0.6447393298149109,-0.6595256328582764,-0.6379169821739197,1307.253173828125,0.295042484998703
EXPA-103,106.426256,31.942405,0.041584006151480196,0.012056901191849288,0.10340638216070744,0.09842368319876971,0.05911572472126105,0.03254133025759323,-0.28444444444444444,0.15378700499807765,0.022206843521722412,0.16000000000000003,-0.05173394848135333,0.10340638216070744,-0.2599000384467512,-0.019930795847750864,-0.09842368319876971,-0.1929104190695886,-0.1085121107266436,0.044844290657439445,-0.07972318339100345,0.03254133025759323,-0.12456747404844293,0.08421376393694734,-0.019930795847750864,-0.12456747404844293,-0.012056901191849288,0.12456747404844293,-0.1085121107266436,-0.15378700499807765,0.16633602460592078,0.13016532103037293,-0.010396001537870049,0.0629911572472126,0.04822760476739715,0.05536332179930796,-0.07972318339100345,0.11909265667051133,-0.17279507881584008,-0.16000000000000003,0.09356401384083046,0.0005536332179930795,-0.05911572472126105,0.21413302575932336,-0.05911572472126105,0.16633602460592078,-0.07535563244905807,0.08882737408688965,0.06698961937716265,0.11909265667051133,0.05536332179930796,0.05911572472126105,0.008858131487889272,-0.09842368319876971,0.029773164167627833,0.12456747404844293,0.08882737408688965,-0.3188927335640138,-0.17279507881584008,0.008858131487889272,-0.2364628988850442,-0.13016532103037293,-0.08882737408688965,-0.3014225297962323,-0.041584006151480196,0.05173394848135333,-11.342546676335347,-14.962798724053973,-9.91256137883145,-14.18187843007452,0.6179104447364807,-0.5775467753410339,-0.4445051848888397,0.7346292734146118,-0.6697127819061279,-0.5791516304016113,0.8106333613395691,-0.711654007434845,-0.6244131326675415,0.8160237669944763,-0.7514309287071228,-0.6122449040412903,566.8598022460938,0.20423144102096558
EXPA-104,110.901753,27.894057,0.11374086889657825,0.12456747404844293,0.1085121107266436,0.07111111111111111,0.13016532103037293,-0.04822760476739715,-0.2364628988850442,0.22145328719723184,0.0629911572472126,0.17937716262975778,-0.04822760476739715,0.14769703960015382,-0.2364628988850442,-0.002214532871972318,-0.15378700499807765,-0.10340638216070744,-0.17937716262975778,0.16633602460592078,-0.05173394848135333,-0.13588619761630144,-0.07972318339100345,0.07111111111111111,-0.01384083044982699,-0.07535563244905807,0.03543252595155709,0.024605920799692427,-0.14173010380622836,-0.04822760476739715,-0.01384083044982699,0.10340638216070744,0.0629911572472126,0.13588619761630144,0.12456747404844293,0.11909265667051133,-0.22145328719723184,0.08882737408688965,-0.2069357939254133,-0.24415224913494812,0.05911572472126105,0.10340638216070744,-0.03844675124951941,0.1929104190695886,-0.019930795847750864,0.05173394848135333,-0.04822760476739715,0.08882737408688965,-0.044844290657439445,0.186082276047674,0.0629911572472126,-0.017777777777777778,0.0271280276816609,-0.14173010380622836,0.08421376393694734,0.05911572472126105,-0.04822760476739715,-0.2364628988850442,-0.14769703960015382,0.05536332179930796,-0.186082276047674,-0.13588619761630144,-0.17279507881584008,-0.10340638216070744,-0.13016532103037293,0.05911572472126105,-8.466076966201808,-13.554776124132204,-8.870222167595811,-13.943468856125588,0.7487335205078125,-0.7135765552520752,-0.603708803653717,0.6956732869148254,-0.6170607209205627,-0.5158265233039856,0.7934750318527222,-0.6635202765464783,-0.4827144742012024,0.8211852312088013,-0.7362204790115356,-0.6115942001342773,1125.63232421875,0.19589298963546753
EXPA-105,107.63979,34.585338,-0.03844675124951941,-0.003014225297962322,0.041584006151480196,0.07972318339100345,-0.01574778931180315,-0.15378700499807765,-0.11909265667051133,0.34602076124567477,0.07972318339100345,0.07111111111111111,0.24415224913494812,0.05911572472126105,-0.0271280276816609,-0.10340638216070744,-0.029773164167627833,-0.04822760476739715,-0.16000000000000003,-0.008858131487889272,-0.36472126105344094,-0.03254133025759323,-0.06698961937716265,-0.03844675124951941,0.05911572472126105,0.05536332179930796,0.13016532103037293,0.1085121107266436,-0.03543252595155709,-0.0629911572472126,-0.019930795847750864,0.2069357939254133,-0.14769703960015382,0.14769703960015382,0.17937716262975778,0.07111111111111111,0.16000000000000003,-0.019930795847750864,-0.17279507881584008,-0.12456747404844293,0.017777777777777778,-0.09356401384083046,0.01574778931180315,0.0271280276816609,0.08882737408688965,-0.007443291041906958,-0.09842368319876971,0.07111111111111111,0.186082276047674,-0.022206843521722412,0.14769703960015382,-0.017777777777777778,0.08421376393694734,0.10340638216070744,0.019930795847750864,0.15378700499807765,-0.029773164167627833,-0.10340638216070744,0.004982698961937716,-0.1929104190695886,-0.2761399461745483,-0.09842368319876971,-0.24415224913494812,-0.08421376393694734,-0.07111111111111111,0.05536332179930796,-9.419596285809693,-13.385357194059232,-8.942467662988356,-17.094120049789517,0.26265519857406616,-0.37136930227279663,-0.575927197933197,0.6093597412109375,-0.5302842855453491,-0.4842212498188019,0.8818720579147339,-0.777606189250946,-0.5494720339775085,0.6725146174430847,-0.6044880747795105,-0.580044686794281,1174.4334716796875,0.17914527654647827
EXPA-106,110.216159,27.134082,0.04822760476739715,0.11909265667051133,0.01384083044982699,0.11909265667051133,0.10340638216070744,-0.08882737408688965,-0.2364628988850442,0.19986159169550174,0.14173010380622836,0.14769703960015382,0.12456747404844293,0.05536332179930796,-0.19986159169550174,0.002214532871972318,-0.11909265667051133,-0.03543252595155709,-0.11909265667051133,0.05173394848135333,-0.11909265667051133,-0.28444444444444444,-0.0629911572472126,-0.06698961937716265,0.004982698961937716,-0.09356401384083046,0.044844290657439445,0.13588619761630144,-0.14769703960015382,-0.09842368319876971,-0.024605920799692427,0.21413302575932336,-0.0271280276816609,0.07972318339100345,0.13588619761630144,0.03844675124951941,-0.17937716262975778,-0.029773164167627833,-0.2761399461745483,-0.07111111111111111,0.06698961937716265,-0.0271280276816609,0.03254133025759323,0.044844290657439445,-0.03254133025759323,0.006151480199923107,-0.05173394848135333,0.004982698961937716,-0.03844675124951941,0.31009611687812383,0.24415224913494812,0.0015378700499807767,0.041584006151480196,-0.11909265667051133,0.07535563244905807,0.2069357939254133,0.09356401384083046,-0.21413302575932336,-0.05911572472126105,0.010396001537870049,-0.05173394848135333,-0.17279507881584008,-0.11909265667051133,-0.12456747404844293,0.0629911572472126,0.11374086889657825,-7.519926354695446,-13.0243140874735,-6.193759537027385,-11.733491829384738,0.6309817433357239,-0.6517611742019653,-0.5709449052810669,0.7313829660415649,-0.6462778449058533,-0.4736594557762146,0.8300509452819824,-0.7270600199699402,-0.5584524869918823,0.7502198815345764,-0.6893039345741272,-0.5829060077667236,1079.7913818359375,0.19589298963546753
EXPA-107,106.016894,34.49344,-0.0629911572472126,0.019930795847750864,0.07535563244905807,0.0629911572472126,-0.041584006151480196,-0.09356401384083046,-0.13588619761630144,0.2761399461745483,0.08882737408688965,0.1085121107266436,0.11374086889657825,0.017777777777777778,-0.022206843521722412,-0.07535563244905807,-0.13016532103037293,-0.14769703960015382,-0.2519646289888504,0.044844290657439445,-0.31009611687812383,-0.012056901191849288,-0.010396001537870049,0.03844675124951941,0.03844675124951941,0.024605920799692427,0.04822760476739715,0.11374086889657825,-0.019930795847750864,-0.11374086889657825,0.07111111111111111,0.19986159169550174,-0.06698961937716265,0.15378700499807765,0.09842368319876971,0.07535563244905807,0.13588619761630144,0.01384083044982699,-0.21413302575932336,-0.13588619761630144,0.03543252595155709,-0.08421376393694734,-0.01574778931180315,0.06698961937716265,-0.006151480199923107,-0.07535563244905807,-0.14173010380622836,0.04822760476739715,0.13588619761630144,-0.05536332179930796,0.07535563244905807,-0.07111111111111111,0.07972318339100345,0.11374086889657825,-0.006151480199923107,0.15378700499807765,-0.024605920799692427,-0.17937716262975778,-0.044844290657439445,-0.15378700499807765,-0.3553094963475586,-0.09356401384083046,-0.2288965782391388,-0.16000000000000003,-0.19986159169550174,0.03844675124951941,,,,,0.24000820517539978,-0.36046773195266724,-0.5427652597427368,0.3094751238822937,-0.37508946657180786,-0.46474555134773254,0.8644154071807861,-0.7531335949897766,-0.5483729839324951,0.4854981005191803,-0.5452557802200317,-0.6007677316665649,1486.9442138671875,0.295042484998703
EXPA-108,111.509194,25.131199,0.05173394848135333,0.007443291041906958,0.14769703960015382,0.01384083044982699,-0.05173394848135333,0.11909265667051133,-0.29287197231833906,0.03254133025759323,0.029773164167627833,0.09842368319876971,0.0629911572472126,0.08882737408688965,-0.29287197231833906,0.06698961937716265,-0.09842368319876971,-0.14769703960015382,-0.12456747404844293,0.08421376393694734,-0.12456747404844293,-0.09356401384083046,-0.2679584775086506,0.10340638216070744,-0.05173394848135333,-0.13016532103037293,-0.07972318339100345,0.03543252595155709,-0.1085121107266436,-0.024605920799692427,-0.029773164167627833,0.15378700499807765,0.06698961937716265,0.17279507881584008,0.003014225297962322,0.07972318339100345,-0.186082276047674,0.19986159169550174,-0.2679584775086506,-0.11909265667051133,-0.044844290657439445,0.12456747404844293,-0.05911572472126105,0.14173010380622836,0.003936947327950788,0.16000000000000003,0.000984236831987697,0.14769703960015382,-0.003936947327950788,-0.01574778931180315,0.002214532871972318,-0.11909265667051133,0.11374086889657825,-0.03254133025759323,0.11374086889657825,0.044844290657439445,0.03254133025759323,-0.2761399461745483,-0.14769703960015382,0.09356401384083046,-0.05536332179930796,-0.21413302575932336,-0.12456747404844293,-0.17279507881584008,-0.002214532871972318,0.0271280276816609,-13.888722777206395,-18.900336659487063,-11.861889097447419,-19.357450913402232,,,,,,,,,,,,,,
EXPA-109,108.083917,31.973936,0.007443291041906958,0.09356401384083046,0.16000000000000003,0.09842368319876971,0.1085121107266436,-0.04822760476739715,-0.31009611687812383,0.2679584775086506,0.004982698961937716,0.15378700499807765,-0.03844675124951941,0.06698961937716265,-0.2069357939254133,-0.044844290657439445,-0.07535563244905807,-0.16633602460592078,-0.11374086889657825,0.06698961937716265,-0.12456747404844293,-0.01574778931180315,-0.08882737408688965,0.17279507881584008,-0.07972318339100345,-0.07535563244905807,0.04822760476739715,-0.029773164167627833,-0.10340638216070744,-0.13588619761630144,0.029773164167627833,0.05911572472126105,-0.0015378700499807767,0.13588619761630144,0.029773164167627833,0.11909265667051133,-0.16000000000000003,0.05911572472126105,-0.12456747404844293,-0.2069357939254133,-0.05173394848135333,0.03543252595155709,-0.017777777777777778,0.2761399461745483,-0.044844290657439445,0.08882737408688965,-0.0629911572472126,0.2069357939254133,0.09356401384083046,0.08882737408688965,0.11374086889657825,0.0271280276816609,-0.06698961937716265,-0.11374086889657825,0.1085121107266436,0.10340638216070744,-0.029773164167627833,-0.186082276047674,-0.10340638216070744,-0.03254133025759323,-0.31009611687812383,-0.12456747404844293,-0.08882737408688965,-0.2069357939254133,-0.07972318339100345,0.006151480199923107,-7.151451743032116,-14.732170272519419,-11.195161245774825,-13.18443826003043,0.6482152342796326,-0.624681293964386,-0.5148319005966187,0.5734190940856934,-0.45202770829200745,-0.45951220393180847,0.857443630695343,-0.739228367805481,-0.5588375329971313,0.8045838475227356,-0.7288135886192322,-0.6036036014556885,932.1370239257812,0.1987958550453186
EXPA-110,126.314148,43.452249,-0.09356401384083046,-0.03254133025759323,0.13016532103037293,-0.03543252595155709,-0.08421376393694734,-0.2069357939254133,-0.15378700499807765,0.4444444444444444,0.24415224913494812,-0.0271280276816609,0.3278123798539023,-0.07972318339100345,-0.017777777777777778,-0.03844675124951941,-0.08421376393694734,0.0629911572472126,0.08882737408688965,0.04822760476739715,-0.28444444444444444,-0.13016532103037293,0.10340638216070744,-0.06698961937716265,0.041584006151480196,0.0629911572472126,0.16633602460592078,0.16000000000000003,-0.05536332179930796,0.04822760476739715,0.17279507881584008,0.09842368319876971,-0.03844675124951941,0.04822760476739715,0.08421376393694734,0.13016532103037293,0.09356401384083046,-0.017777777777777778,-0.029773164167627833,-0.08421376393694734,0.11374086889657825,-0.14769703960015382,-0.05173394848135333,-0.09842368319876971,0.11374086889657825,-0.000984236831987697,-0.11374086889657825,0.01574778931180315,0.13016532103037293,0.019930795847750864,0.12456747404844293,-0.01384083044982699,0.03543252595155709,-0.003936947327950788,-0.09842368319876971,0.1085121107266436,0.14173010380622836,0.11909265667051133,0.14769703960015382,-0.05536332179930796,-0.0629911572472126,-0.003014225297962322,-0.186082276047674,0.024605920799692427,-0.08882737408688965,0.11374086889657825,-11.784312771569933,-18.933958105878443,-10.212340661124083,-17.3926961846419,0.027691027149558067,0.059809524565935135,0.2957615256309509,0.5137529969215393,-0.43960675597190857,-0.44688960909843445,0.8934081196784973,-0.7578125,-0.5338345766067505,0.682962954044342,-0.6662999391555786,-0.6161956787109375,507.8717041015625,0.09538856148719788
EXPA-111,109.841561,31.920037,0.006151480199923107,0.019930795847750864,-0.04822760476739715,0.13588619761630144,0.08421376393694734,-0.11374086889657825,-0.16633602460592078,0.24415224913494812,0.19986159169550174,0.08882737408688965,0.2599000384467512,0.044844290657439445,-0.16633602460592078,-0.0271280276816609,-0.09842368319876971,-0.041584006151480196,0.0629911572472126,-0.017777777777777778,-0.39369473279507883,-0.13588619761630144,0.007443291041906958,-0.186082276047674,-0.041584006151480196,0.024605920799692427,0.14769703960015382,-0.029773164167627833,-0.08421376393694734,-0.06698961937716265,0.0271280276816609,0.186082276047674,-0.16000000000000003,0.07535563244905807,0.14769703960015382,0.13016532103037293,-0.03844675124951941,-0.11909265667051133,-0.17279507881584008,0.022206843521722412,0.044844290657439445,-0.07972318339100345,-0.00024605920799692423,-0.041584006151480196,0.08882737408688965,0.07111111111111111,-0.08421376393694734,0.05911572472126105,0.09842368319876971,0.16633602460592078,0.12456747404844293,0.07972318339100345,-0.05173394848135333,-0.09356401384083046,0.07972318339100345,0.2519646289888504,0.22145328719723184,-0.008858131487889272,-0.044844290657439445,-0.16000000000000003,-0.13016532103037293,-0.0629911572472126,-0.1085121107266436,-0.0629911572472126,0.11374086889657825,0.14769703960015382,-12.126286299136197,-15.295444918632217,-10.596115814851466,-14.793788255795896,0.3792082965373993,-0.4382716119289398,-0.3414744436740875,0.7023460268974304,-0.6363636255264282,-0.443815678358078,0.8700404763221741,-0.767509937286377,-0.5982005000114441,0.637177586555481,-0.5372297763824463,-0.5158115029335022,1161.03076171875,0.391218364238739
EXPA-112,125.602682,43.89961,0.024605920799692427,-0.0015378700499807767,0.2288965782391388,-0.08421376393694734,-0.11374086889657825,-0.08421376393694734,-0.2519646289888504,0.4444444444444444,0.05911572472126105,-0.0015378700499807767,0.2679584775086506,-0.05173394848135333,0.041584006151480196,0.004982698961937716,-0.07535563244905807,-0.06698961937716265,-0.07535563244905807,0.07111111111111111,-0.13016532103037293,0.05536332179930796,0.004982698961937716,-0.0629911572472126,0.13588619761630144,0.008858131487889272,0.10340638216070744,0.14173010380622836,-0.08882737408688965,-0.0271280276816609,0.2288965782391388,0.05173394848135333,0.029773164167627833,0.06698961937716265,-0.029773164167627833,0.14769703960015382,-0.022206843521722412,0.22145328719723184,0.05536332179930796,-0.17937716262975778,0.12456747404844293,-0.03543252595155709,-0.11374086889657825,-0.01384083044982699,0.010396001537870049,0.07535563244905807,-0.1085121107266436,0.13588619761630144,0.17937716262975778,-0.10340638216070744,0.05536332179930796,-0.09356401384083046,0.1085121107266436,0.019930795847750864,-0.07972318339100345,-0.01574778931180315,0.012056901191849288,-0.06698961937716265,0.11909265667051133,0.08882737408688965,-0.21413302575932336,-0.0629911572472126,-0.2288965782391388,-0.041584006151480196,-0.186082276047674,-0.0271280276816609,-11.627083211442388,-17.450977598383687,-6.449878199234517,-15.187681944793592,0.2638000249862671,-0.3278099000453949,-0.25810903310775757,0.38042309880256653,-0.4689050018787384,-0.5231243371963501,0.8318840861320496,-0.7220708727836609,-0.49527665972709656,0.5834851264953613,-0.6637958288192749,-0.5154023170471191,291.6172180175781,0.07209835946559906
EXPA-113,125.816931,43.088431,-0.0629911572472126,-0.01574778931180315,0.21413302575932336,-0.22145328719723184,-0.06698961937716265,-0.15378700499807765,-0.17937716262975778,0.48725874663590923,0.11374086889657825,-0.003936947327950788,0.17279507881584008,-0.15378700499807765,-0.022206843521722412,0.05911572472126105,-0.10340638216070744,0.08882737408688965,0.05536332179930796,0.05536332179930796,-0.22145328719723184,-0.10340638216070744,0.09842368319876971,0.05536332179930796,0.041584006151480196,-0.05536332179930796,0.041584006151480196,0.15378700499807765,-0.05536332179930796,-0.03254133025759323,0.2364628988850442,0.06698961937716265,-0.03844675124951941,-0.044844290657439445,-0.01384083044982699,0.16000000000000003,0.07972318339100345,0.17279507881584008,0.03254133025759323,-0.03543252595155709,0.0271280276816609,-0.12456747404844293,0.012056901191849288,0.05911572472126105,0.0271280276816609,0.008858131487889272,-0.11909265667051133,0.09356401384083046,0.186082276047674,0.0629911572472126,0.09842368319876971,-0.2069357939254133,0.16633602460592078,0.08882737408688965,-0.03844675124951941,0.08882737408688965,0.044844290657439445,0.09842368319876971,0.11909265667051133,0.03844675124951941,-0.017777777777777778,0.07535563244905807,-0.1929104190695886,-0.041584006151480196,-0.11374086889657825,-0.04822760476739715,-16.05355948713879,-22.180896126181096,-13.668460072389308,-18.389669175071617,0.10780341923236847,-0.11606033891439438,0.5580231547355652,0.334436297416687,-0.4608020782470703,-0.4573623239994049,0.778398871421814,-0.6890406012535095,-0.4701130986213684,0.5947712659835815,-0.6143667101860046,-0.573221743106842,409.361083984375,0.07209835946559906
EXPA-114,110.764041,24.360983,0.044844290657439445,0.09842368319876971,0.2288965782391388,-0.07972318339100345,0.00024605920799692423,0.10340638216070744,-0.29287197231833906,0.08421376393694734,-0.03543252595155709,0.16633602460592078,-0.09842368319876971,0.05911572472126105,-0.2288965782391388,0.13016532103037293,-0.14173010380622836,-0.14769703960015382,-0.03543252595155709,0.1085121107266436,-0.13016532103037293,-0.05173394848135333,-0.22145328719723184,0.11374086889657825,-0.08421376393694734,-0.17279507881584008,-0.06698961937716265,-0.03844675124951941,-0.07111111111111111,-0.03543252595155709,-0.10340638216070744,0.07535563244905807,0.13016532103037293,0.10340638216070744,0.07972318339100345,0.003936947327950788,-0.3553094963475586,0.13588619761630144,-0.2761399461745483,-0.0629911572472126,-0.03254133025759323,0.1085121107266436,0.017777777777777778,0.16000000000000003,-0.04822760476739715,0.11374086889657825,0.01574778931180315,0.2679584775086506,0.022206843521722412,0.10340638216070744,-0.0015378700499807767,-0.03254133025759323,0.08882737408688965,-0.07535563244905807,0.15378700499807765,-0.019930795847750864,0.019930795847750864,-0.12456747404844293,-0.09842368319876971,0.05536332179930796,-0.041584006151480196,-0.17279507881584008,0.01574778931180315,-0.14769703960015382,0.017777777777777778,-0.012056901191849288,-13.03469867926041,-18.15984334082888,-10.077390756942094,-15.88341776564256,,,,,,,,,,,,,,
EXPA-115,111.774107,24.550977,0.13588619761630144,0.07535563244905807,0.13588619761630144,0.000984236831987697,0.029773164167627833,-0.03844675124951941,-0.3553094963475586,0.2519646289888504,0.022206843521722412,0.17279507881584008,-0.22145328719723184,0.15378700499807765,-0.2761399461745483,0.019930795847750864,-0.07535563244905807,-0.008858131487889272,-0.07535563244905807,0.1085121107266436,-0.05173394848135333,-0.08421376393694734,-0.11374086889657825,0.15378700499807765,-0.041584006151480196,-0.08882737408688965,-0.004982698961937716,-0.024605920799692427,-0.04822760476739715,0.05536332179930796,-0.08882737408688965,0.08882737408688965,0.186082276047674,0.05911572472126105,0.13016532103037293,0.07535563244905807,-0.24415224913494812,0.06698961937716265,-0.019930795847750864,-0.19986159169550174,-0.012056901191849288,0.09356401384083046,0.019930795847750864,0.2364628988850442,0.044844290657439445,0.12456747404844293,0.029773164167627833,0.13588619761630144,-0.04822760476739715,0.2364628988850442,0.0629911572472126,-0.022206843521722412,-0.017777777777777778,-0.22145328719723184,0.11374086889657825,-0.022206843521722412,0.03543252595155709,-0.14173010380622836,-0.08421376393694734,0.05911572472126105,-0.11909265667051133,-0.010396001537870049,0.003014225297962322,-0.17937716262975778,-0.09356401384083046,0.0629911572472126,-8.211550939587829,-14.232397365788723,-6.365480348491527,-13.498331117777871,,,,,,,,,,,,,,
EXPA-116,107.897697,33.705977,-0.019930795847750864,-0.002214532871972318,0.08421376393694734,0.13016532103037293,0.11374086889657825,-0.09356401384083046,-0.15378700499807765,0.19986159169550174,0.14173010380622836,0.05911572472126105,0.34602076124567477,0.05536332179930796,-0.05911572472126105,-0.022206843521722412,-0.13016532103037293,-0.05536332179930796,-0.05173394848135333,-0.11374086889657825,-0.36472126105344094,-0.04822760476739715,-0.004982698961937716,-0.17279507881584008,0.041584006151480196,-0.05911572472126105,0.11374086889657825,-0.17937716262975778,-0.07535563244905807,-0.11909265667051133,-0.03254133025759323,0.16000000000000003,-0.08421376393694734,0.15378700499807765,0.11374086889657825,0.05911572472126105,-0.14769703960015382,0.004982698961937716,-0.2599000384467512,-0.04822760476739715,-0.05173394848135333,0.000984236831987697,-0.05911572472126105,-0.0005536332179930795,0.06698961937716265,0.07535563244905807,-0.13588619761630144,0.12456747404844293,0.11909265667051133,-0.044844290657439445,0.13016532103037293,0.007443291041906958,-0.05173394848135333,-0.05536332179930796,0.041584006151480196,0.2679584775086506,0.06698961937716265,-0.04822760476739715,-0.08421376393694734,-0.19986159169550174,-0.22145328719723184,-0.11909265667051133,-0.13588619761630144,0.008858131487889272,0.003936947327950788,0.05911572472126105,-13.99457705786346,-19.878400350497316,-16.823479772130327,-24.27071534989981,0.29087328910827637,-0.32867762446403503,-0.4336754083633423,0.510869562625885,-0.5027027130126953,-0.5684549808502197,0.8814787864685059,-0.775611400604248,-0.6137768626213074,0.7099541425704956,-0.6846126914024353,-0.6214563846588135,1678.848388671875,0.25708431005477905
EXPA-117,123.079135,46.986131,-0.0271280276816609,-0.01384083044982699,0.2761399461745483,-0.16000000000000003,-0.044844290657439445,-0.017777777777777778,-0.29287197231833906,0.40359861591695495,0.03254133025759323,0.01384083044982699,0.2599000384467512,-0.13588619761630144,0.04822760476739715,0.09842368319876971,-0.2599000384467512,0.07111111111111111,-0.010396001537870049,0.044844290657439445,-0.16633602460592078,0.03844675124951941,0.044844290657439445,-0.03254133025759323,0.11909265667051133,-0.05536332179930796,0.07111111111111111,0.19986159169550174,-0.019930795847750864,0.041584006151480196,0.31009611687812383,-0.017777777777777778,-0.019930795847750864,0.06698961937716265,-0.08882737408688965,0.10340638216070744,-0.08882737408688965,0.14769703960015382,-0.006151480199923107,-0.029773164167627833,0.041584006151480196,-0.07111111111111111,-0.10340638216070744,-0.0629911572472126,0.024605920799692427,0.03254133025759323,-0.07535563244905807,0.08421376393694734,0.12456747404844293,-0.16633602460592078,0.11374086889657825,-0.09842368319876971,0.05536332179930796,0.017777777777777778,0.022206843521722412,0.029773164167627833,0.024605920799692427,0.17937716262975778,0.13588619761630144,-0.003936947327950788,-0.0629911572472126,-0.041584006151480196,-0.22145328719723184,-0.05173394848135333,-0.08882737408688965,0.03844675124951941,,,,,0.17606694996356964,-0.19445860385894775,0.4000000059604645,0.47620588541030884,-0.5637860298156738,-0.5422813892364502,0.7835014462471008,-0.7002060413360596,-0.608432412147522,0.5205937027931213,-0.6095836758613586,-0.5752136707305908,188.40879821777344,0.04263477027416229
EXPA-118,107.06927,32.687827,-0.041584006151480196,0.06698961937716265,0.03543252595155709,0.08421376393694734,0.08882737408688965,-0.041584006151480196,-0.14173010380622836,0.07535563244905807,0.0271280276816609,0.16633602460592078,0.2288965782391388,-0.019930795847750864,-0.14173010380622836,-0.07535563244905807,-0.17279507881584008,-0.11374086889657825,-0.03844675124951941,-0.0629911572472126,-0.3014225297962323,-0.06698961937716265,-0.08882737408688965,-0.044844290657439445,-0.05536332179930796,-0.1085121107266436,0.07972318339100345,-0.03844675124951941,-0.0629911572472126,-0.16633602460592078,0.022206843521722412,0.14769703960015382,-0.14769703960015382,0.13016532103037293,0.08882737408688965,0.07535563244905807,-0.05536332179930796,-0.03543252595155709,-0.186082276047674,-0.05911572472126105,-0.08421376393694734,-0.1085121107266436,-0.017777777777777778,0.041584006151480196,-0.0271280276816609,0.16633602460592078,-0.11909265667051133,0.186082276047674,0.14769703960015382,0.024605920799692427,0.12456747404844293,0.08421376393694734,-0.07972318339100345,-0.12456747404844293,0.0629911572472126,0.29287197231833906,0.14769703960015382,-0.186082276047674,-0.08882737408688965,-0.15378700499807765,-0.22145328719723184,-0.2519646289888504,-0.13016532103037293,-0.186082276047674,0.04822760476739715,0.08882737408688965,,,,,0.4005168080329895,-0.42132866382598877,-0.4120781421661377,0.6220183372497559,-0.5122189521789551,-0.49493926763534546,0.8771870136260986,-0.7577422857284546,-0.5310006141662598,0.8195740580558777,-0.6882770657539368,-0.5669339895248413,1489.6639404296875,0.25049087405204773
EXPA-119,107.526872,33.921842,0.07111111111111111,-0.007443291041906958,0.15378700499807765,-0.024605920799692427,-0.1085121107266436,-0.05173394848135333,-0.14173010380622836,0.2599000384467512,0.14173010380622836,0.19986159169550174,0.16633602460592078,-0.041584006151480196,-0.006151480199923107,0.0015378700499807767,-0.10340638216070744,-0.03844675124951941,-0.11909265667051133,0.22145328719723184,-0.05536332179930796,-0.3278123798539023,0.07111111111111111,-0.12456747404844293,0.13588619761630144,-0.04822760476739715,0.041584006151480196,0.019930795847750864,-0.16633602460592078,0.004982698961937716,0.17279507881584008,0.14769703960015382,0.024605920799692427,0.11909265667051133,0.14769703960015382,0.2599000384467512,-0.08882737408688965,-0.07972318339100345,0.002214532871972318,-0.0629911572472126,0.041584006151480196,-0.05173394848135333,-0.03254133025759323,0.019930795847750864,-0.14769703960015382,0.044844290657439445,-0.14173010380622836,-0.0015378700499807767,-0.14769703960015382,0.2364628988850442,0.10340638216070744,-0.017777777777777778,0.06698961937716265,-0.07111111111111111,0.0271280276816609,0.2519646289888504,0.14769703960015382,-0.186082276047674,0.00024605920799692423,-0.03543252595155709,-0.11909265667051133,-0.13588619761630144,-0.17279507881584008,0.07972318339100345,0.029773164167627833,0.11909265667051133,0.2458242039297932,-11.954346079918277,-5.339490664111899,-10.002929596905146,0.584991455078125,-0.5707042217254639,-0.40838509798049927,0.43030303716659546,-0.4066225290298462,-0.18803806602954865,0.7934386134147644,-0.6933078169822693,-0.5422374606132507,0.71776282787323,-0.6897605657577515,-0.5827338099479675,2788.1904296875,0.25708431005477905
EXPA-120,110.183011,23.996626,0.05173394848135333,-0.017777777777777778,0.006151480199923107,0.11374086889657825,0.0629911572472126,-0.05911572472126105,-0.2364628988850442,0.17279507881584008,0.01384083044982699,0.13016532103037293,0.05911572472126105,0.044844290657439445,-0.2679584775086506,0.007443291041906958,-0.03254133025759323,0.002214532871972318,0.17279507881584008,0.06698961937716265,-0.17279507881584008,-0.12456747404844293,-0.05911572472126105,0.017777777777777778,-0.017777777777777778,-0.14769703960015382,0.03254133025759323,0.041584006151480196,0.041584006151480196,-0.07111111111111111,-0.05173394848135333,0.16633602460592078,-0.04822760476739715,-0.09842368319876971,0.14173010380622836,0.08421376393694734,-0.186082276047674,-0.10340638216070744,-0.11374086889657825,0.002214532871972318,0.007443291041906958,-0.11374086889657825,0.05173394848135333,-0.010396001537870049,-0.041584006151480196,0.22145328719723184,-0.01574778931180315,0.08882737408688965,0.03543252595155709,0.37425605536332185,0.12456747404844293,0.11909265667051133,0.004982698961937716,-0.19986159169550174,0.029773164167627833,0.17937716262975778,0.3188927335640138,-0.1085121107266436,-0.06698961937716265,-0.04822760476739715,0.044844290657439445,-0.1929104190695886,0.0629911572472126,-0.17279507881584008,0.13588619761630144,0.14173010380622836,-5.175924354455698,-11.902128771194098,-3.013365884287585,-10.430741311540931,,,,,,,,,,,,,,
EXPA-121,122.587038,47.405196,-0.05911572472126105,0.12456747404844293,0.28444444444444444,-0.14769703960015382,-0.15378700499807765,-0.0271280276816609,-0.28444444444444444,0.454963475586313,0.16000000000000003,0.010396001537870049,0.12456747404844293,-0.13588619761630144,0.13016532103037293,-0.0271280276816609,-0.12456747404844293,0.05536332179930796,0.017777777777777778,0.1929104190695886,-0.17937716262975778,-0.05536332179930796,0.012056901191849288,0.07535563244905807,0.05911572472126105,0.07972318339100345,0.03254133025759323,0.14769703960015382,0.002214532871972318,0.022206843521722412,0.22145328719723184,0.05173394848135333,0.1085121107266436,0.09356401384083046,-0.004982698961937716,0.13016532103037293,-0.08421376393694734,0.1085121107266436,0.002214532871972318,-0.01574778931180315,0.0629911572472126,-0.024605920799692427,0.024605920799692427,0.029773164167627833,0.041584006151480196,-0.044844290657439445,-0.07111111111111111,0.11374086889657825,0.11374086889657825,-0.1085121107266436,0.007443291041906958,-0.14173010380622836,0.13016532103037293,0.024605920799692427,-0.010396001537870049,-0.01574778931180315,0.029773164167627833,0.0271280276816609,0.11374086889657825,-0.022206843521722412,-0.17937716262975778,-0.07535563244905807,-0.1929104190695886,-0.07111111111111111,-0.2599000384467512,0.05911572472126105,,,,,0.11996608972549438,-0.19277653098106384,0.12030075490474701,0.24267923831939697,-0.3864063024520874,-0.529919445514679,0.6608538627624512,-0.6227967143058777,-0.5508919358253479,0.5048909187316895,-0.6000000238418579,-0.5893223881721497,421.4941711425781,0.287750780582428
EXPA-122,123.89247,43.482432,0.007443291041906958,0.03844675124951941,0.29287197231833906,-0.2364628988850442,-0.03844675124951941,0.041584006151480196,-0.17279507881584008,0.3278123798539023,0.01574778931180315,-0.13588619761630144,0.13588619761630144,-0.029773164167627833,0.1085121107266436,0.05536332179930796,-0.024605920799692427,-0.022206843521722412,-0.10340638216070744,0.14173010380622836,0.0271280276816609,0.044844290657439445,-0.04822760476739715,0.029773164167627833,0.15378700499807765,0.017777777777777778,0.0271280276816609,0.10340638216070744,0.11374086889657825,-0.22145328719723184,0.10340638216070744,-0.044844290657439445,0.03543252595155709,-0.006151480199923107,-0.07111111111111111,0.11909265667051133,-0.16000000000000003,0.186082276047674,-0.11374086889657825,0.041584006151480196,0.1929104190695886,-0.024605920799692427,0.07535563244905807,0.017777777777777778,0.007443291041906958,-0.1085121107266436,-0.1085121107266436,0.15378700499807765,0.17279507881584008,0.019930795847750864,0.13588619761630144,-0.17937716262975778,0.2599000384467512,0.05536332179930796,-0.17937716262975778,-0.07535563244905807,-0.029773164167627833,-0.07972318339100345,0.003936947327950788,0.003014225297962322,-0.16000000000000003,-0.08421376393694734,-0.2364628988850442,0.003936947327950788,-0.2069357939254133,0.022206843521722412,-20.08386833998354,-28.788629615305787,-11.603185821667871,-17.19827294796775,0.16524404287338257,-0.2853693962097168,-0.33899062871932983,0.19000688195228577,-0.3429901599884033,-0.5174772143363953,0.845523476600647,-0.7413493394851685,-0.5453618764877319,0.41036802530288696,-0.5539568066596985,-0.3412749469280243,136.91244506835938,0.007168735843151808
EXPA-123,109.199086,33.278289,-0.08421376393694734,0.03543252595155709,0.12456747404844293,0.004982698961937716,-0.0015378700499807767,-0.10340638216070744,-0.2679584775086506,0.29287197231833906,0.004982698961937716,0.13588619761630144,-0.13588619761630144,-0.012056901191849288,-0.11909265667051133,-0.07535563244905807,-0.17279507881584008,-0.16000000000000003,-0.12456747404844293,0.13016532103037293,-0.31009611687812383,0.03254133025759323,-0.07535563244905807,0.16000000000000003,-0.08421376393694734,0.003936947327950788,0.09842368319876971,-0.09356401384083046,-0.05911572472126105,-0.05536332179930796,-0.03254133025759323,0.13016532103037293,-0.022206843521722412,0.12456747404844293,-0.006151480199923107,0.13588619761630144,-0.17937716262975778,-0.06698961937716265,-0.14173010380622836,-0.1085121107266436,-0.03543252595155709,0.003014225297962322,0.03543252595155709,0.17937716262975778,-0.003936947327950788,-0.041584006151480196,0.0271280276816609,0.2364628988850442,0.186082276047674,0.04822760476739715,-0.002214532871972318,-0.1085121107266436,0.024605920799692427,-0.0005536332179930795,0.186082276047674,0.0271280276816609,-0.0629911572472126,-0.08882737408688965,-0.10340638216070744,-0.0271280276816609,-0.31009611687812383,-0.003936947327950788,-0.13016532103037293,-0.16633602460592078,-0.1929104190695886,0.044844290657439445,-10.135577082310043,-16.059748699397765,-11.88730030487211,-14.442814399314098,0.3909091055393219,-0.4963325262069702,-0.6614626049995422,0.3356384336948395,-0.44598931074142456,-0.6204432845115662,0.8285101652145386,-0.7111334204673767,-0.5609756112098694,0.6633741855621338,-0.6759554147720337,-0.6609746217727661,1022.5059814453125,0.5657371878623962
EXPA-124,109.050595,35.46389,-0.01384083044982699,-0.022206843521722412,0.0629911572472126,0.04822760476739715,0.0271280276816609,-0.12456747404844293,-0.13016532103037293,0.36472126105344094,0.09842368319876971,0.010396001537870049,0.2519646289888504,0.03543252595155709,-0.017777777777777778,-0.14173010380622836,-0.03254133025759323,-0.07111111111111111,-0.14769703960015382,-0.03844675124951941,-0.3188927335640138,-0.003014225297962322,-0.003936947327950788,-0.006151480199923107,0.06698961937716265,0.07535563244905807,0.1085121107266436,0.029773164167627833,-0.08882737408688965,-0.07111111111111111,-0.010396001537870049,0.17937716262975778,-0.06698961937716265,0.09356401384083046,0.16000000000000003,0.10340638216070744,0.13588619761630144,0.012056901191849288,-0.21413302575932336,-0.2288965782391388,0.0271280276816609,-0.10340638216070744,-0.003014225297962322,0.0629911572472126,0.09356401384083046,-0.03254133025759323,-0.12456747404844293,0.09842368319876971,0.2364628988850442,-0.12456747404844293,0.05536332179930796,-0.07535563244905807,0.05911572472126105,0.09356401384083046,-0.003936947327950788,0.1929104190695886,-0.03543252595155709,-0.06698961937716265,-0.03254133025759323,-0.13588619761630144,-0.29287197231833906,-0.0629911572472126,-0.1929104190695886,-0.07535563244905807,-0.186082276047674,0.0271280276816609,-11.220112906823168,-17.186379494641294,-10.091332091420458,-17.693098098147065,0.28149157762527466,-0.38069573044776917,-0.5079797506332397,0.3424608111381531,-0.4341801404953003,-0.5656028389930725,0.8783783912658691,-0.7877813577651978,-0.6319702863693237,0.5435188412666321,-0.6052836179733276,-0.5773710608482361,1214.068359375,0.3835456073284149
EXPA-125,109.72514,28.496108,0.04822760476739715,0.08882737408688965,0.017777777777777778,0.1085121107266436,0.044844290657439445,-0.08882737408688965,-0.17279507881584008,0.17279507881584008,0.08421376393694734,0.16000000000000003,-0.024605920799692427,0.0629911572472126,-0.21413302575932336,-0.022206843521722412,-0.1929104190695886,-0.09356401384083046,0.0271280276816609,0.14173010380622836,-0.16000000000000003,-0.08421376393694734,-0.08421376393694734,0.07535563244905807,-0.11909265667051133,-0.08421376393694734,0.022206843521722412,0.1085121107266436,-0.0271280276816609,-0.16633602460592078,0.16633602460592078,0.17937716262975778,-0.03254133025759323,-0.07972318339100345,0.08421376393694734,0.13016532103037293,-0.09842368319876971,-0.03844675124951941,-0.17279507881584008,-0.05536332179930796,0.14173010380622836,-0.11374086889657825,0.024605920799692427,0.16633602460592078,-0.03254133025759323,0.07535563244905807,-0.07535563244905807,0.0629911572472126,-0.0271280276816609,0.37425605536332185,0.01574778931180315,0.09356401384083046,-0.04822760476739715,-0.16633602460592078,0.04822760476739715,0.1929104190695886,0.186082276047674,-0.2288965782391388,-0.06698961937716265,-0.07535563244905807,-0.07535563244905807,-0.11909265667051133,-0.0629911572472126,-0.1929104190695886,0.05911572472126105,0.2288965782391388,-3.730065849436441,-12.096603807920165,-1.9622088894408891,-7.6874887681937505,0.6712328791618347,-0.6617479920387268,-0.63922518491745,0.60317462682724,-0.5578406453132629,-0.4314049482345581,0.8064071536064148,-0.7187807559967041,-0.5777559280395508,0.7680288553237915,-0.6612083315849304,-0.5110024213790894,752.5811767578125,0.09430158138275146
EXPA-126,112.305281,24.784359,0.05173394848135333,-0.01574778931180315,0.08882737408688965,0.04822760476739715,0.05536332179930796,-0.03543252595155709,-0.3014225297962323,0.19986159169550174,-0.029773164167627833,0.19986159169550174,-0.01574778931180315,0.01574778931180315,-0.3014225297962323,-0.03844675124951941,-0.09356401384083046,-0.14173010380622836,-0.11374086889657825,0.07972318339100345,-0.08882737408688965,0.003014225297962322,-0.24415224913494812,0.19986159169550174,-0.09842368319876971,-0.17279507881584008,0.06698961937716265,0.044844290657439445,-0.04822760476739715,0.003014225297962322,-0.11909265667051133,0.17279507881584008,0.08882737408688965,0.13016532103037293,0.08882737408688965,0.008858131487889272,-0.31009611687812383,0.14173010380622836,-0.2069357939254133,-0.21413302575932336,-0.0271280276816609,0.041584006151480196,0.004982698961937716,0.21413302575932336,0.01384083044982699,0.16633602460592078,-0.000984236831987697,0.07111111111111111,-0.017777777777777778,0.006151480199923107,0.04822760476739715,0.024605920799692427,-0.04822760476739715,-0.09842368319876971,0.11909265667051133,0.0271280276816609,-0.010396001537870049,-0.13588619761630144,-0.13588619761630144,0.03844675124951941,-0.0629911572472126,-0.09356401384083046,-0.05173394848135333,-0.24415224913494812,-0.08421376393694734,0.04822760476739715,-10.221585328180538,-14.51262815266963,-11.727909597195179,-19.07386112608519,0.6223527193069458,-0.5801698565483093,-0.5563290119171143,0.7502691149711609,-0.6995035409927368,-0.5892857313156128,0.8035611510276794,-0.6881720423698425,-0.5725865960121155,0.8207381367683411,-0.7119250893592834,-0.5845909714698792,252.34043884277344,0.10129718482494354
EXPA-127,113.732524,25.073796,0.022206843521722412,-0.05911572472126105,0.08421376393694734,0.01574778931180315,0.03844675124951941,0.11909265667051133,-0.2364628988850442,-0.01574778931180315,-0.004982698961937716,0.17279507881584008,0.1929104190695886,0.029773164167627833,-0.24415224913494812,-0.03844675124951941,-0.0271280276816609,-0.05536332179930796,-0.041584006151480196,-0.13016532103037293,-0.19986159169550174,-0.03254133025759323,-0.24415224913494812,0.07111111111111111,-0.11374086889657825,-0.13588619761630144,-0.14173010380622836,0.07111111111111111,-0.07111111111111111,-0.01574778931180315,-0.01384083044982699,0.11909265667051133,0.07972318339100345,0.024605920799692427,-0.0271280276816609,-0.05911572472126105,-0.1929104190695886,0.2364628988850442,-0.21413302575932336,-0.017777777777777778,0.008858131487889272,0.16633602460592078,-0.05911572472126105,0.11909265667051133,0.0629911572472126,0.2519646289888504,0.006151480199923107,0.2069357939254133,0.01574778931180315,0.1085121107266436,0.010396001537870049,-0.044844290657439445,-0.1085121107266436,-0.05536332179930796,0.06698961937716265,0.16000000000000003,0.11909265667051133,-0.1929104190695886,-0.186082276047674,0.007443291041906958,0.01574778931180315,-0.13016532103037293,-0.0629911572472126,-0.2761399461745483,0.07535563244905807,0.15378700499807765,-14.375827323797123,-20.30701080444041,-13.924920882613947,-20.14018643843486,0.4018777310848236,-0.3856948912143707,-0.3582407236099243,0.35809019207954407,-0.38699689507484436,-0.35267674922943115,0.5330396294593811,-0.3730819821357727,-0.3428308963775635,0.5626081824302673,-0.4590517282485962,-0.42265668511390686,102.73442840576172,0.07869036495685577
EXPA-128,122.363897,46.900971,0.002214532871972318,-0.05173394848135333,0.34602076124567477,-0.24415224913494812,-0.044844290657439445,0.13588619761630144,-0.3278123798539023,0.1929104190695886,-0.05536332179930796,-0.05536332179930796,0.17279507881584008,-0.16000000000000003,0.05911572472126105,0.09356401384083046,-0.2069357939254133,0.04822760476739715,0.09356401384083046,0.14769703960015382,-0.10340638216070744,0.05173394848135333,-0.01574778931180315,0.006151480199923107,0.14173010380622836,-0.0271280276816609,-0.12456747404844293,0.31009611687812383,0.09356401384083046,-0.05173394848135333,0.19986159169550174,-0.000984236831987697,0.0629911572472126,-0.017777777777777778,-0.06698961937716265,0.01574778931180315,0.007443291041906958,0.19986159169550174,-0.11909265667051133,0.022206843521722412,0.019930795847750864,-0.029773164167627833,-0.04822760476739715,-0.11909265667051133,0.029773164167627833,0.01384083044982699,-0.06698961937716265,0.186082276047674,0.09356401384083046,-0.05536332179930796,0.05911572472126105,-0.16000000000000003,0.2069357939254133,0.003936947327950788,-0.024605920799692427,0.01574778931180315,0.06698961937716265,-0.07535563244905807,0.05173394848135333,0.007443291041906958,-0.05173394848135333,-0.010396001537870049,-0.17937716262975778,-0.08421376393694734,-0.2069357939254133,-0.010396001537870049,,,,,0.05166666582226753,-0.0837269201874733,0.515625,0.14744801819324493,-0.27722251415252686,-0.38288792967796326,0.40953412652015686,-0.4080086648464203,-0.4145036041736603,0.21068547666072845,-0.33667221665382385,-0.3833419680595398,310.69464111328125,0.1581123173236847
EXPA-129,108.238877,23.279771,-0.03254133025759323,0.017777777777777778,0.186082276047674,-0.05173394848135333,0.0271280276816609,0.15378700499807765,-0.2519646289888504,0.05911572472126105,-0.041584006151480196,0.09842368319876971,-0.029773164167627833,0.2069357939254133,-0.19986159169550174,0.13588619761630144,-0.05536332179930796,-0.029773164167627833,-0.07535563244905807,-0.0271280276816609,-0.2519646289888504,-0.003936947327950788,-0.14769703960015382,0.16633602460592078,-0.07972318339100345,-0.1085121107266436,-0.15378700499807765,0.03844675124951941,-0.01574778931180315,0.029773164167627833,-0.09356401384083046,0.13016532103037293,0.22145328719723184,0.10340638216070744,0.10340638216070744,0.03254133025759323,-0.28444444444444444,0.24415224913494812,-0.19986159169550174,-0.09356401384083046,0.0005536332179930795,0.05536332179930796,0.0629911572472126,0.05911572472126105,0.05173394848135333,0.19986159169550174,0.03844675124951941,0.16633602460592078,0.14173010380622836,0.008858131487889272,-0.11909265667051133,-0.09842368319876971,0.004982698961937716,-0.14173010380622836,0.003014225297962322,-0.05911572472126105,0.07111111111111111,-0.16633602460592078,-0.11374086889657825,0.08421376393694734,-0.16000000000000003,-0.19986159169550174,-0.13016532103037293,-0.14173010380622836,-0.0271280276816609,-0.03844675124951941,-13.93312165017586,-20.539807741260994,-13.281054368986391,-16.474050669393108,0.7965567708015442,-0.7596485018730164,-0.5836247801780701,0.6953049898147583,-0.6433436274528503,-0.548235297203064,0.7454789280891418,-0.6623432040214539,-0.435478150844574,0.32513272762298584,-0.43715769052505493,-0.5442865490913391,176.9384002685547,0.044697355479002
EXPA-130,108.124072,25.678812,0.07111111111111111,0.0271280276816609,-0.044844290657439445,0.07535563244905807,0.06698961937716265,-0.006151480199923107,-0.3188927335640138,0.186082276047674,0.07535563244905807,0.09842368319876971,0.03543252595155709,0.0629911572472126,-0.2599000384467512,0.019930795847750864,-0.029773164167627833,-0.05536332179930796,0.12456747404844293,0.003014225297962322,-0.17937716262975778,-0.12456747404844293,-0.09842368319876971,-0.14173010380622836,-0.05911572472126105,-0.11909265667051133,0.05911572472126105,0.16000000000000003,-0.0271280276816609,-0.10340638216070744,-0.0629911572472126,0.19986159169550174,-0.029773164167627833,-0.03543252595155709,0.186082276047674,0.09356401384083046,-0.14173010380622836,-0.022206843521722412,-0.14173010380622836,0.003014225297962322,0.08421376393694734,0.03543252595155709,0.019930795847750864,0.07111111111111111,-0.01574778931180315,0.16000000000000003,-0.03254133025759323,0.03254133025759323,-0.029773164167627833,0.39369473279507883,0.07535563244905807,0.08421376393694734,0.022206843521722412,-0.19986159169550174,0.07535563244905807,0.17279507881584008,0.28444444444444444,-0.12456747404844293,-0.07111111111111111,-0.029773164167627833,-0.017777777777777778,-0.13588619761630144,-0.006151480199923107,-0.15378700499807765,0.03254133025759323,0.1929104190695886,-6.0495799524836125,-14.002898531704634,-5.475022948172118,-9.757327426457534,,,,,,,,,,,,,,
EXPA-131,109.907048,27.926935,0.05911572472126105,0.08421376393694734,0.11909265667051133,0.07535563244905807,0.08421376393694734,-0.024605920799692427,-0.31009611687812383,0.16633602460592078,0.012056901191849288,0.15378700499807765,-0.0629911572472126,0.14769703960015382,-0.2679584775086506,-0.024605920799692427,-0.13016532103037293,-0.13588619761630144,-0.14769703960015382,0.13588619761630144,-0.1085121107266436,0.003014225297962322,-0.14173010380622836,0.11909265667051133,-0.03844675124951941,-0.05911572472126105,0.04822760476739715,0.11374086889657825,-0.11909265667051133,-0.09842368319876971,0.07535563244905807,0.11909265667051133,0.044844290657439445,0.13016532103037293,0.09842368319876971,0.08421376393694734,-0.16633602460592078,0.13016532103037293,-0.16633602460592078,-0.1929104190695886,0.08882737408688965,0.08421376393694734,-0.04822760476739715,0.17937716262975778,0.006151480199923107,0.11909265667051133,-0.04822760476739715,0.14769703960015382,0.05536332179930796,0.17937716262975778,0.022206843521722412,0.029773164167627833,0.010396001537870049,-0.11374086889657825,0.1085121107266436,0.07972318339100345,-0.01384083044982699,-0.29287197231833906,-0.1929104190695886,0.003014225297962322,-0.2069357939254133,-0.11374086889657825,-0.11909265667051133,-0.186082276047674,-0.01574778931180315,0.05173394848135333,-9.16826049759758,-13.952977998677202,-9.041979232002664,-14.233493087522486,0.7118763327598572,-0.6951983571052551,-0.631313145160675,0.7519450783729553,-0.6030150651931763,-0.4529717266559601,0.798566997051239,-0.6978049874305725,-0.5124562382698059,0.8147290349006653,-0.7359326481819153,-0.5810193419456482,487.5508117675781,0.04253005608916283
EXPA-132,107.49076,32.003849,0.04822760476739715,0.003936947327950788,0.13016532103037293,0.08421376393694734,0.13016532103037293,0.16633602460592078,-0.186082276047674,0.024605920799692427,-0.002214532871972318,0.08421376393694734,0.05536332179930796,-0.019930795847750864,-0.2519646289888504,-0.010396001537870049,-0.05173394848135333,-0.24415224913494812,-0.01574778931180315,0.03254133025759323,-0.16633602460592078,0.08882737408688965,-0.16000000000000003,0.019930795847750864,-0.05173394848135333,-0.14173010380622836,-0.07972318339100345,0.13588619761630144,-0.11909265667051133,-0.2069357939254133,0.11374086889657825,0.09356401384083046,0.0271280276816609,0.11374086889657825,0.03543252595155709,0.03254133025759323,-0.01384083044982699,0.16633602460592078,-0.28444444444444444,-0.13016532103037293,-0.08882737408688965,0.03254133025759323,-0.044844290657439445,0.08421376393694734,-0.04822760476739715,0.12456747404844293,-0.004982698961937716,0.17279507881584008,0.08421376393694734,0.024605920799692427,0.06698961937716265,-0.08882737408688965,0.017777777777777778,-0.041584006151480196,0.044844290657439445,0.17937716262975778,0.17279507881584008,-0.34602076124567477,-0.05536332179930796,0.07111111111111111,-0.16000000000000003,-0.17937716262975778,-0.13588619761630144,-0.2679584775086506,0.000984236831987697,-0.03543252595155709,,,,,0.4335971772670746,-0.4395054578781128,-0.31853973865509033,0.24788029491901398,-0.30516430735588074,-0.2023952156305313,0.3214285671710968,-0.3777559995651245,-0.27158015966415405,0.38325992226600647,-0.4088614583015442,-0.2736044228076935,804.4300537109375,0.25049087405204773
EXPA-133,123.880882,46.385428,0.01574778931180315,-0.03254133025759323,0.2679584775086506,-0.2599000384467512,-0.03543252595155709,0.09842368319876971,-0.31009611687812383,0.2599000384467512,-0.1085121107266436,0.007443291041906958,0.12456747404844293,-0.186082276047674,-0.044844290657439445,0.05911572472126105,-0.2069357939254133,0.10340638216070744,0.024605920799692427,0.05911572472126105,-0.2288965782391388,0.0629911572472126,0.06698961937716265,-0.04822760476739715,0.08882737408688965,-0.041584006151480196,0.01384083044982699,0.33685505574778934,0.12456747404844293,-0.08421376393694734,0.2679584775086506,0.05173394848135333,-0.0015378700499807767,0.05173394848135333,-0.024605920799692427,0.010396001537870049,-0.09842368319876971,0.186082276047674,-0.01384083044982699,0.004982698961937716,0.017777777777777778,-0.13588619761630144,-0.05173394848135333,-0.13016532103037293,-0.03844675124951941,0.006151480199923107,-0.012056901191849288,0.14769703960015382,0.19986159169550174,-0.10340638216070744,0.09356401384083046,-0.08882737408688965,0.16000000000000003,-0.010396001537870049,0.019930795847750864,0.017777777777777778,-0.017777777777777778,0.004982698961937716,0.08421376393694734,-0.03844675124951941,0.010396001537870049,0.01574778931180315,-0.14769703960015382,-0.07111111111111111,-0.186082276047674,-0.044844290657439445,,,,,0.10857343673706055,-0.15272195637226105,0.6683453321456909,0.24734565615653992,-0.38879159092903137,-0.46318015456199646,0.7129117846488953,-0.6606060862541199,-0.5649835467338562,0.34085413813591003,-0.4510573446750641,-0.30604931712150574,137.0462646484375,0.04263477027416229
EXPA-134,110.629024,24.230009,0.15378700499807765,0.06698961937716265,0.05173394848135333,0.13016532103037293,0.11374086889657825,-0.012056901191849288,-0.31009611687812383,0.08421376393694734,0.01574778931180315,0.1929104190695886,0.07535563244905807,0.1085121107266436,-0.3188927335640138,0.003936947327950788,-0.15378700499807765,-0.03844675124951941,-0.010396001537870049,-0.0015378700499807767,-0.11909265667051133,-0.1085121107266436,-0.11374086889657825,0.003014225297962322,0.00024605920799692423,-0.16000000000000003,-0.008858131487889272,-0.024605920799692427,-0.029773164167627833,-0.09842368319876971,-0.14173010380622836,0.13588619761630144,0.07972318339100345,0.06698961937716265,0.2069357939254133,-0.019930795847750864,-0.24415224913494812,0.09842368319876971,-0.21413302575932336,-0.2069357939254133,-0.05536332179930796,-0.03254133025759323,0.029773164167627833,0.07535563244905807,-0.029773164167627833,0.22145328719723184,-0.041584006151480196,0.07535563244905807,0.041584006151480196,0.13016532103037293,0.12456747404844293,0.13016532103037293,-0.05173394848135333,-0.28444444444444444,0.029773164167627833,0.09356401384083046,0.08421376393694734,-0.17279507881584008,-0.13016532103037293,-0.03844675124951941,-0.08882737408688965,-0.186082276047674,0.000984236831987697,-0.13588619761630144,0.010396001537870049,0.07111111111111111,-9.50199199059191,-16.036301381735598,-7.937682141609274,-16.428490337462414,,,,,,,,,,,,,,
EXPA-135,124.795546,46.713942,-0.05911572472126105,-0.029773164167627833,0.2519646289888504,-0.15378700499807765,-0.09842368319876971,0.01574778931180315,-0.2679584775086506,0.3188927335640138,-0.07111111111111111,-0.00024605920799692423,0.2288965782391388,-0.17937716262975778,0.07111111111111111,0.0271280276816609,-0.2288965782391388,-0.017777777777777778,0.03543252595155709,0.07972318339100345,-0.12456747404844293,0.09356401384083046,0.05173394848135333,-0.05173394848135333,0.14769703960015382,-0.05911572472126105,0.041584006151480196,0.39369473279507883,0.14173010380622836,0.01574778931180315,0.2069357939254133,-0.03844675124951941,-0.022206843521722412,0.0629911572472126,-0.10340638216070744,0.019930795847750864,-0.0271280276816609,0.1085121107266436,0.004982698961937716,-0.0271280276816609,0.09842368319876971,-0.004982698961937716,0.003936947327950788,-0.1929104190695886,-0.03844675124951941,0.044844290657439445,-0.04822760476739715,0.19986159169550174,0.14769703960015382,-0.07111111111111111,0.08882737408688965,-0.07972318339100345,0.13588619761630144,0.07972318339100345,0.01384083044982699,0.006151480199923107,0.06698961937716265,-0.017777777777777778,0.11909265667051133,0.019930795847750864,-0.10340638216070744,-0.14173010380622836,-0.17279507881584008,-0.006151480199923107,-0.16000000000000003,0.03844675124951941,-13.28926134317533,-18.633843116896436,-9.43454204716564,-15.671003866978458,0.060066476464271545,-0.0768117681145668,0.45275142788887024,0.21089108288288116,-0.3573806881904602,-0.4515747129917145,0.6215891242027283,-0.5593572854995728,-0.4360946714878082,0.44430217146873474,-0.511051595211029,-0.5035701990127563,141.34585571289062,0.007381639908999205
EXPA-136,108.629105,26.496997,0.09356401384083046,0.05536332179930796,0.17937716262975778,0.06698961937716265,0.10340638216070744,0.003936947327950788,-0.29287197231833906,0.14173010380622836,-0.03254133025759323,0.16633602460592078,0.03543252595155709,0.07972318339100345,-0.2364628988850442,0.04822760476739715,-0.1085121107266436,-0.12456747404844293,-0.1085121107266436,0.03844675124951941,-0.09356401384083046,-0.0629911572472126,-0.19986159169550174,0.09356401384083046,-0.03844675124951941,-0.17279507881584008,-0.03254133025759323,-0.03844675124951941,-0.044844290657439445,-0.11909265667051133,-0.12456747404844293,0.10340638216070744,0.03254133025759323,0.14173010380622836,0.05173394848135333,0.1085121107266436,-0.31009611687812383,0.11909265667051133,-0.1929104190695886,-0.16633602460592078,-0.06698961937716265,0.07535563244905807,-0.003936947327950788,0.22145328719723184,-0.09356401384083046,0.17937716262975778,-0.010396001537870049,0.16633602460592078,0.007443291041906958,0.11909265667051133,0.022206843521722412,-0.03543252595155709,0.0015378700499807767,-0.16633602460592078,0.11909265667051133,0.0629911572472126,-0.03844675124951941,-0.2364628988850442,-0.13588619761630144,0.0015378700499807767,-0.15378700499807765,-0.2069357939254133,-0.08421376393694734,-0.12456747404844293,-0.0271280276816609,0.029773164167627833,-15.765280236206504,-22.36736968703568,-11.818871510370489,-18.31676370700724,,,,,,,,,,,,,,
EXPA-137,110.194869,26.195163,0.05536332179930796,0.12456747404844293,0.09356401384083046,0.14769703960015382,0.13588619761630144,-0.09842368319876971,-0.21413302575932336,0.11909265667051133,0.09842368319876971,0.08882737408688965,0.186082276047674,0.09842368319876971,-0.2679584775086506,-0.029773164167627833,-0.22145328719723184,-0.08421376393694734,-0.11374086889657825,-0.05173394848135333,-0.2288965782391388,-0.03543252595155709,-0.14173010380622836,0.03543252595155709,-0.08421376393694734,-0.0629911572472126,0.11374086889657825,-0.03543252595155709,-0.07111111111111111,-0.08882737408688965,-0.14173010380622836,0.07972318339100345,0.05911572472126105,0.17279507881584008,0.1085121107266436,-0.003014225297962322,-0.19986159169550174,0.07111111111111111,-0.2599000384467512,-0.24415224913494812,0.003936947327950788,-0.008858131487889272,-0.06698961937716265,0.08421376393694734,0.044844290657439445,0.08421376393694734,-0.05173394848135333,0.11909265667051133,0.12456747404844293,0.04822760476739715,0.1085121107266436,0.03844675124951941,-0.07535563244905807,-0.19986159169550174,0.07535563244905807,0.17279507881584008,0.008858131487889272,-0.17937716262975778,-0.07535563244905807,-0.15378700499807765,-0.14769703960015382,-0.19986159169550174,-0.09842368319876971,-0.1085121107266436,-0.05536332179930796,0.017777777777777778,-13.217879290988042,-16.962461201651045,-13.4786905205426,-18.856819262646724,0.5884529948234558,-0.615963876247406,-0.6619158387184143,0.7674121260643005,-0.6817145347595215,-0.49432504177093506,0.8050761222839355,-0.6921246647834778,-0.5207407474517822,0.8018815517425537,-0.74490886926651,-0.6972010135650635,922.806396484375,0.12788863480091095
EXPA-138,113.93734,24.190662,0.05536332179930796,0.019930795847750864,-0.0629911572472126,0.14173010380622836,0.029773164167627833,0.01574778931180315,-0.29287197231833906,0.11374086889657825,0.07535563244905807,0.09842368319876971,0.006151480199923107,0.1085121107266436,-0.33685505574778934,0.003014225297962322,-0.08421376393694734,0.03254133025759323,0.03844675124951941,-0.08421376393694734,-0.17937716262975778,-0.044844290657439445,-0.11909265667051133,-0.05173394848135333,-0.0271280276816609,-0.13588619761630144,0.019930795847750864,0.06698961937716265,-0.05911572472126105,-0.1085121107266436,-0.13588619761630144,0.2288965782391388,0.04822760476739715,0.0271280276816609,0.21413302575932336,-0.0271280276816609,-0.21413302575932336,0.10340638216070744,-0.17937716262975778,-0.09356401384083046,0.0629911572472126,-0.00024605920799692423,-0.002214532871972318,0.05536332179930796,0.05173394848135333,0.186082276047674,0.01574778931180315,0.08882737408688965,-0.05173394848135333,0.2599000384467512,0.13016532103037293,0.09356401384083046,-0.0271280276816609,-0.21413302575932336,0.05173394848135333,0.2069357939254133,0.15378700499807765,-0.16633602460592078,-0.14173010380622836,-0.012056901191849288,-0.04822760476739715,-0.16633602460592078,0.041584006151480196,-0.16000000000000003,0.041584006151480196,0.17937716262975778,-10.322593696637853,-16.63817360071453,-11.533799907883688,-16.349779668816836,0.7183446288108826,-0.6589147448539734,-0.3748633861541748,0.8199647068977356,-0.7156590819358826,-0.5014586448669434,0.6172677278518677,-0.49707603454589844,-0.17883428931236267,0.781889021396637,-0.7086834907531738,-0.4597402513027191,351.1851501464844,0.18225716054439545
EXPA-139,109.054637,28.060874,0.0271280276816609,0.05911572472126105,0.022206843521722412,0.11909265667051133,0.05173394848135333,-0.044844290657439445,-0.3014225297962323,0.17279507881584008,0.05911572472126105,0.11909265667051133,0.09356401384083046,0.09842368319876971,-0.2364628988850442,0.029773164167627833,-0.08421376393694734,-0.08421376393694734,0.03543252595155709,-0.003936947327950788,-0.186082276047674,-0.10340638216070744,-0.13588619761630144,-0.07972318339100345,-0.03543252595155709,-0.16000000000000003,0.05911572472126105,0.16000000000000003,-0.03254133025759323,-0.13588619761630144,-0.0015378700499807767,0.19986159169550174,-0.022206843521722412,0.07111111111111111,0.14769703960015382,0.08882737408688965,-0.17279507881584008,0.003014225297962322,-0.2288965782391388,0.03543252595155709,0.09842368319876971,0.0271280276816609,0.044844290657439445,0.1085121107266436,-0.024605920799692427,0.19986159169550174,-0.0629911572472126,0.019930795847750864,0.0629911572472126,0.29287197231833906,0.14173010380622836,0.08882737408688965,0.003936947327950788,-0.17937716262975778,0.08882737408688965,0.2069357939254133,0.186082276047674,-0.186082276047674,-0.13588619761630144,-0.08882737408688965,-0.05173394848135333,-0.1085121107266436,-0.09356401384083046,-0.17279507881584008,0.08421376393694734,0.13588619761630144,-10.277626973394753,-15.103482178965809,-7.052694497558662,-13.798031729356588,0.711797297000885,-0.6586114168167114,-0.4700803756713867,0.7460472583770752,-0.5827423334121704,-0.4765523672103882,0.6874848008155823,-0.5359433889389038,-0.3571319282054901,0.8105424046516418,-0.7050359845161438,-0.5572354197502136,527.0940551757812,0.09430158138275146
EXPA-140,109.009631,26.670013,0.012056901191849288,0.0015378700499807767,0.04822760476739715,0.09842368319876971,0.07111111111111111,-0.05173394848135333,-0.3188927335640138,0.16000000000000003,0.07972318339100345,0.16000000000000003,0.07972318339100345,0.08421376393694734,-0.17937716262975778,-0.012056901191849288,-0.044844290657439445,-0.09356401384083046,-0.09842368319876971,0.03844675124951941,-0.13588619761630144,-0.186082276047674,-0.2069357939254133,-0.05536332179930796,-0.019930795847750864,-0.14173010380622836,-0.017777777777777778,0.21413302575932336,-0.0629911572472126,-0.11374086889657825,0.0271280276816609,0.14173010380622836,-0.003014225297962322,0.12456747404844293,0.14769703960015382,0.09842368319876971,-0.07535563244905807,0.08882737408688965,-0.186082276047674,0.024605920799692427,0.1085121107266436,0.05173394848135333,0.04822760476739715,0.07972318339100345,-0.05173394848135333,0.19986159169550174,-0.044844290657439445,0.03844675124951941,-0.01574778931180315,0.29287197231833906,0.08421376393694734,0.006151480199923107,0.041584006151480196,-0.0629911572472126,0.08882737408688965,0.2364628988850442,0.14769703960015382,-0.2519646289888504,-0.13588619761630144,-0.008858131487889272,-0.08882737408688965,-0.19986159169550174,-0.12456747404844293,-0.186082276047674,0.07972318339100345,0.11909265667051133,-12.37755430298703,-17.89298408731216,-8.263573506300592,-14.325572345725334,0.6197530627250671,-0.5508274435997009,-0.4516594409942627,0.6095346212387085,-0.5568161010742188,-0.5067209601402283,0.756226122379303,-0.645025908946991,-0.47785040736198425,0.7961382865905762,-0.7182130813598633,-0.6104512810707092,792.0812377929688,0.15361052751541138
EXPA-141,106.337323,31.786906,0.0271280276816609,0.0271280276816609,0.07111111111111111,0.11374086889657825,0.10340638216070744,0.08882737408688965,-0.2519646289888504,0.041584006151480196,0.0629911572472126,-0.029773164167627833,0.14173010380622836,0.08882737408688965,-0.21413302575932336,0.03254133025759323,-0.15378700499807765,-0.1929104190695886,-0.07111111111111111,-0.16000000000000003,-0.2599000384467512,0.08421376393694734,-0.11909265667051133,-0.07111111111111111,-0.1085121107266436,-0.13588619761630144,-0.024605920799692427,0.01384083044982699,0.04822760476739715,-0.14769703960015382,-0.029773164167627833,0.07535563244905807,0.1929104190695886,0.2069357939254133,0.024605920799692427,-0.010396001537870049,-0.186082276047674,0.24415224913494812,-0.29287197231833906,-0.0629911572472126,0.05911572472126105,0.15378700499807765,-0.11909265667051133,0.12456747404844293,0.0629911572472126,0.1085121107266436,0.0015378700499807767,0.16633602460592078,-0.003014225297962322,0.07535563244905807,-0.03844675124951941,-0.01384083044982699,-0.07111111111111111,-0.13016532103037293,0.05911572472126105,0.16633602460592078,0.06698961937716265,-0.2069357939254133,-0.14769703960015382,-0.07535563244905807,-0.16633602460592078,-0.09356401384083046,-0.07111111111111111,-0.11374086889657825,-0.07111111111111111,0.0629911572472126,-21.155906497036554,-24.849242258601446,-17.691481706586075,-21.36185825459075,0.4175681471824646,-0.3627287745475769,-0.2609744369983673,0.5805119872093201,-0.5324259400367737,-0.43024390935897827,0.6973684430122375,-0.6130601167678833,-0.4979720711708069,0.6203233003616333,-0.5737999081611633,-0.45822641253471375,619.5662231445312,0.20423144102096558
EXPA-142,111.008203,26.370874,0.07111111111111111,0.07535563244905807,-0.007443291041906958,0.16000000000000003,0.044844290657439445,-0.13016532103037293,-0.16000000000000003,0.16000000000000003,0.13588619761630144,0.1929104190695886,0.08882737408688965,0.03254133025759323,-0.1929104190695886,-0.07535563244905807,-0.13016532103037293,-0.004982698961937716,-0.14173010380622836,0.16633602460592078,-0.041584006151480196,-0.31009611687812383,-0.024605920799692427,0.019930795847750864,0.004982698961937716,-0.07111111111111111,0.0629911572472126,0.07972318339100345,-0.11909265667051133,-0.044844290657439445,0.03543252595155709,0.16000000000000003,0.022206843521722412,0.09842368319876971,0.16000000000000003,0.17937716262975778,-0.12456747404844293,-0.03844675124951941,-0.16000000000000003,-0.11374086889657825,0.07535563244905807,-0.1085121107266436,0.06698961937716265,0.03844675124951941,-0.09842368319876971,0.08882737408688965,-0.0629911572472126,-0.03254133025759323,-0.07111111111111111,0.2761399461745483,0.14769703960015382,0.012056901191849288,0.022206843521722412,-0.14769703960015382,0.010396001537870049,0.24415224913494812,0.09356401384083046,-0.2761399461745483,0.007443291041906958,0.010396001537870049,-0.04822760476739715,-0.2288965782391388,-0.15378700499807765,-0.10340638216070744,0.05911572472126105,0.17279507881584008,-6.19741130209516,-11.39059523286969,-4.280668641103656,-10.866548748389071,,,,,,,,,,,,,,
EXPA-143,113.822805,25.534901,0.08421376393694734,0.0271280276816609,0.01574778931180315,0.0629911572472126,0.05173394848135333,-0.06698961937716265,-0.2069357939254133,0.2519646289888504,0.07972318339100345,0.15378700499807765,-0.024605920799692427,0.041584006151480196,-0.2069357939254133,0.000984236831987697,-0.11909265667051133,0.019930795847750864,0.05536332179930796,0.16633602460592078,-0.06698961937716265,-0.16633602460592078,-0.03543252595155709,0.13588619761630144,-0.15378700499807765,-0.05173394848135333,0.05536332179930796,0.012056901191849288,-0.006151480199923107,-0.05911572472126105,0.05536332179930796,0.14173010380622836,-0.017777777777777778,-0.0629911572472126,0.06698961937716265,0.17937716262975778,-0.21413302575932336,-0.08882737408688965,-0.09842368319876971,-0.09356401384083046,0.06698961937716265,-0.1085121107266436,0.029773164167627833,0.13588619761630144,0.03844675124951941,-0.002214532871972318,-0.05173394848135333,0.10340638216070744,-0.03254133025759323,0.454963475586313,0.15378700499807765,0.022206843521722412,-0.05911572472126105,-0.2599000384467512,0.041584006151480196,0.14173010380622836,0.22145328719723184,-0.10340638216070744,-0.029773164167627833,-0.07972318339100345,0.04822760476739715,-0.04822760476739715,-0.0005536332179930795,-0.12456747404844293,0.16000000000000003,0.19986159169550174,1.1782859714451084,-6.201691869225331,2.0399808146759058,-5.659173725916924,0.7700534462928772,-0.7124907374382019,-0.581270158290863,0.7992727160453796,-0.6389532685279846,-0.4349403977394104,0.688178300857544,-0.5940495729446411,-0.3812563121318817,0.837294340133667,-0.7596848607063293,-0.5921248197555542,626.8148193359375,0.07869036495685577
EXPA-144,108.945492,32.61668,0.007443291041906958,0.11909265667051133,0.16000000000000003,0.05911572472126105,0.03844675124951941,-0.022206843521722412,-0.2288965782391388,0.40359861591695495,0.07972318339100345,0.16633602460592078,-0.044844290657439445,-0.05536332179930796,-0.11374086889657825,0.0005536332179930795,-0.044844290657439445,-0.05911572472126105,-0.012056901191849288,0.15378700499807765,-0.17937716262975778,-0.1085121107266436,-0.09842368319876971,0.19986159169550174,-0.13016532103037293,-0.05536332179930796,0.08882737408688965,0.09356401384083046,-0.07535563244905807,-0.09842368319876971,0.14769703960015382,0.15378700499807765,-0.041584006151480196,0.022206843521722412,-0.01384083044982699,0.186082276047674,-0.041584006151480196,-0.03254133025759323,-0.19986159169550174,-0.1085121107266436,-0.024605920799692427,-0.07111111111111111,0.06698961937716265,0.2761399461745483,0.03254133025759323,-0.000984236831987697,-0.041584006151480196,0.07972318339100345,0.03543252595155709,0.2599000384467512,0.19986159169550174,-0.010396001537870049,-0.05173394848135333,-0.022206843521722412,0.06698961937716265,0.07111111111111111,0.08421376393694734,-0.09842368319876971,0.0271280276816609,-0.022206843521722412,-0.16633602460592078,0.044844290657439445,-0.16633602460592078,-0.2679584775086506,-0.0015378700499807767,0.11909265667051133,-5.16658879207599,-11.461147735995642,-3.7281069131300644,-11.127157389491181,0.5182205438613892,-0.5430495142936707,-0.5122577548027039,0.5604876279830933,-0.5224153995513916,-0.4927935302257538,0.868057131767273,-0.7735686898231506,-0.6133774518966675,0.7588436007499695,-0.7253862023353577,-0.614188551902771,345.7648010253906,0.4637167751789093
EXPA-145,125.266892,43.751657,-0.03844675124951941,-0.05536332179930796,0.2599000384467512,-0.19986159169550174,-0.13588619761630144,0.003014225297962322,-0.2599000384467512,0.28444444444444444,-0.022206843521722412,0.017777777777777778,0.2761399461745483,-0.16000000000000003,0.03844675124951941,0.024605920799692427,-0.15378700499807765,-0.09842368319876971,-0.004982698961937716,0.05173394848135333,-0.16000000000000003,0.05911572472126105,-0.044844290657439445,-0.003936947327950788,0.08882737408688965,-0.002214532871972318,-0.00024605920799692423,0.28444444444444444,0.007443291041906958,-0.04822760476739715,0.2599000384467512,-0.019930795847750864,-0.010396001537870049,0.022206843521722412,-0.07111111111111111,0.05911572472126105,-0.044844290657439445,0.24415224913494812,0.008858131487889272,-0.01574778931180315,0.10340638216070744,-0.05173394848135333,-0.0271280276816609,-0.11374086889657825,-0.010396001537870049,0.08882737408688965,-0.0271280276816609,0.13588619761630144,0.2288965782391388,-0.044844290657439445,0.17279507881584008,-0.13016532103037293,0.17937716262975778,0.06698961937716265,-0.01384083044982699,0.012056901191849288,0.04822760476739715,-0.0629911572472126,0.09842368319876971,0.041584006151480196,-0.16633602460592078,-0.10340638216070744,-0.2288965782391388,-0.05911572472126105,-0.11909265667051133,-0.007443291041906958,-12.034168162769678,-21.157743917703712,-9.849594415150882,-14.335899947675923,0.11141181737184525,-0.16446125507354736,0.03543191775679588,0.2062855213880539,-0.30511847138404846,-0.43533214926719666,0.6747545599937439,-0.5611193180084229,-0.3782414197921753,0.3748702108860016,-0.4135231375694275,-0.45430463552474976,219.91073608398438,0.07209835946559906
EXPA-146,126.118226,43.258213,-0.07972318339100345,-0.017777777777777778,0.17937716262975778,-0.09842368319876971,-0.029773164167627833,-0.21413302575932336,-0.14769703960015382,0.454963475586313,0.17937716262975778,0.024605920799692427,0.28444444444444444,-0.11374086889657825,-0.03254133025759323,-0.041584006151480196,-0.14769703960015382,0.06698961937716265,0.022206843521722412,0.029773164167627833,-0.24415224913494812,-0.10340638216070744,0.14173010380622836,0.05536332179930796,0.01574778931180315,0.01574778931180315,0.16633602460592078,0.14769703960015382,-0.0629911572472126,0.0629911572472126,0.1929104190695886,0.0629911572472126,-0.03254133025759323,0.0271280276816609,-0.017777777777777778,0.1085121107266436,0.14769703960015382,0.03254133025759323,-0.029773164167627833,-0.08882737408688965,0.09356401384083046,-0.17937716262975778,-0.01384083044982699,-0.08421376393694734,0.10340638216070744,0.05536332179930796,-0.09356401384083046,0.07111111111111111,0.22145328719723184,-0.05536332179930796,0.15378700499807765,-0.07972318339100345,0.07535563244905807,0.05536332179930796,-0.07111111111111111,0.09356401384083046,0.05173394848135333,0.1085121107266436,0.14173010380622836,-0.03254133025759323,-0.07535563244905807,0.007443291041906958,-0.2288965782391388,-0.004982698961937716,-0.06698961937716265,0.0271280276816609,-10.503341462120098,-17.402515619621788,-10.33498122253556,-16.065381954445414,0.08303627371788025,-0.08794102072715759,0.2446105182170868,0.33598530292510986,-0.41431811451911926,-0.5272584557533264,0.8540692329406738,-0.7485663890838623,-0.5954577922821045,0.6071164011955261,-0.610100269317627,-0.5772947072982788,343.89825439453125,0.09538856148719788
EXPA-147,109.874978,24.274745,-0.041584006151480196,0.01574778931180315,0.1929104190695886,-0.003014225297962322,-0.05173394848135333,0.11909265667051133,-0.2519646289888504,0.186082276047674,0.007443291041906958,0.16000000000000003,-0.09356401384083046,0.04822760476739715,-0.2364628988850442,0.044844290657439445,-0.041584006151480196,0.003936947327950788,-0.08421376393694734,0.12456747404844293,-0.044844290657439445,-0.11909265667051133,-0.3188927335640138,0.24415224913494812,0.07111111111111111,-0.14173010380622836,-0.15378700499807765,0.07535563244905807,-0.019930795847750864,-0.044844290657439445,-0.05173394848135333,0.16633602460592078,0.09356401384083046,-0.012056901191849288,0.09842368319876971,0.07111111111111111,-0.16000000000000003,0.14769703960015382,-0.05911572472126105,-0.024605920799692427,-0.05911572472126105,-0.06698961937716265,0.16633602460592078,0.15378700499807765,0.017777777777777778,0.2599000384467512,0.05911572472126105,0.14173010380622836,-0.05911572472126105,0.1085121107266436,0.14769703960015382,0.07972318339100345,-0.07111111111111111,-0.08882737408688965,0.05536332179930796,0.05173394848135333,0.13588619761630144,-0.15378700499807765,-0.16633602460592078,0.024605920799692427,-0.008858131487889272,-0.08421376393694734,-0.0629911572472126,-0.3014225297962323,0.05536332179930796,0.019930795847750864,-8.283932442181767,-16.04051648715287,-5.849796277355816,-11.98779032161259,0.7856377363204956,-0.7803900837898254,-0.6220689415931702,0.8063135147094727,-0.7128361463546753,-0.5581576824188232,0.8235598206520081,-0.7330450415611267,-0.5338939428329468,0.8798050880432129,-0.7998962998390198,-0.5689558982849121,142.2587890625,0.07590702176094055
EXPA-148,108.366887,33.088565,0.003014225297962322,0.08882737408688965,0.14173010380622836,0.09842368319876971,0.08882737408688965,-0.04822760476739715,-0.2679584775086506,0.19986159169550174,0.04822760476739715,0.05173394848135333,0.1085121107266436,0.09842368319876971,-0.16000000000000003,-0.05173394848135333,-0.17937716262975778,-0.15378700499807765,-0.09842368319876971,-0.05536332179930796,-0.3278123798539023,0.08421376393694734,-0.14173010380622836,0.029773164167627833,-0.05911572472126105,-0.0629911572472126,0.07535563244905807,-0.11374086889657825,0.008858131487889272,-0.16000000000000003,-0.07535563244905807,0.13588619761630144,0.029773164167627833,0.22145328719723184,0.03543252595155709,0.08421376393694734,-0.2364628988850442,0.12456747404844293,-0.2519646289888504,-0.13588619761630144,-0.04822760476739715,0.07111111111111111,-0.002214532871972318,0.22145328719723184,0.004982698961937716,0.03254133025759323,0.012056901191849288,0.1929104190695886,0.09356401384083046,-0.04822760476739715,0.044844290657439445,0.01574778931180315,-0.04822760476739715,-0.05536332179930796,0.08421376393694734,0.07535563244905807,-0.09356401384083046,-0.14769703960015382,-0.11909265667051133,-0.13016532103037293,-0.24415224913494812,-0.08882737408688965,-0.16000000000000003,-0.07535563244905807,-0.11374086889657825,0.022206843521722412,-18.02849698880678,-20.633406530288454,-15.099592644113557,-20.616499182354,0.5171189308166504,-0.5565963983535767,-0.613166868686676,0.5477386713027954,-0.49086907505989075,-0.564873993396759,0.877250611782074,-0.7515055537223816,-0.6039737462997437,0.7787889242172241,-0.7122641801834106,-0.6339477300643921,828.99609375,0.19475336372852325
EXPA-149,109.77284,27.178818,0.04822760476739715,0.07535563244905807,0.1929104190695886,-0.029773164167627833,0.08421376393694734,0.010396001537870049,-0.24415224913494812,0.13588619761630144,-0.003936947327950788,0.08421376393694734,-0.004982698961937716,0.05911572472126105,-0.2599000384467512,-0.06698961937716265,-0.16000000000000003,-0.16633602460592078,-0.11909265667051133,0.14769703960015382,-0.15378700499807765,0.007443291041906958,-0.22145328719723184,0.2288965782391388,-0.10340638216070744,-0.07111111111111111,-0.05536332179930796,0.11909265667051133,-0.14173010380622836,-0.19986159169550174,0.09842368319876971,0.2069357939254133,-0.019930795847750864,0.044844290657439445,-0.006151480199923107,0.10340638216070744,-0.12456747404844293,0.13588619761630144,-0.21413302575932336,-0.0629911572472126,0.019930795847750864,-0.03543252595155709,0.019930795847750864,0.19986159169550174,-0.019930795847750864,0.14769703960015382,0.029773164167627833,0.11909265667051133,0.08421376393694734,0.13016532103037293,0.07535563244905807,0.012056901191849288,-0.022206843521722412,-0.006151480199923107,0.07972318339100345,0.07535563244905807,0.01384083044982699,-0.24415224913494812,-0.17279507881584008,-0.019930795847750864,-0.07111111111111111,-0.022206843521722412,-0.2288965782391388,-0.2288965782391388,0.019930795847750864,0.041584006151480196,-10.819892198014585,-14.933372618872767,-6.066489029106484,-13.843316324416197,0.31244778633117676,-0.38170623779296875,-0.5240352153778076,0.5260014533996582,-0.51716148853302,-0.4182516038417816,0.6167449951171875,-0.4986511766910553,-0.3236282169818878,0.6157320141792297,-0.574834942817688,-0.5693851113319397,258.42657470703125,0.04253005608916283
EXPA-150,105.759527,32.581107,0.05173394848135333,0.07535563244905807,0.17937716262975778,0.03254133025759323,0.04822760476739715,0.01574778931180315,-0.2679584775086506,0.3553094963475586,0.05536332179930796,0.186082276047674,-0.0271280276816609,0.01384083044982699,-0.11909265667051133,-0.0271280276816609,-0.03254133025759323,-0.1929104190695886,-0.029773164167627833,0.09842368319876971,-0.07111111111111111,-0.11909265667051133,-0.17937716262975778,0.05536332179930796,-0.03844675124951941,-0.09842368319876971,0.05173394848135333,0.19986159169550174,-0.05536332179930796,-0.09842368319876971,0.17279507881584008,0.13588619761630144,0.004982698961937716,0.1085121107266436,0.08421376393694734,0.16633602460592078,-0.004982698961937716,0.041584006151480196,-0.16633602460592078,-0.08882737408688965,0.03254133025759323,0.07535563244905807,0.04822760476739715,0.2069357939254133,-0.05911572472126105,0.05911572472126105,-0.044844290657439445,-0.008858131487889272,-0.09842368319876971,0.1929104190695886,0.14173010380622836,0.05536332179930796,0.041584006151480196,0.01574778931180315,0.029773164167627833,0.14173010380622836,0.07111111111111111,-0.24415224913494812,-0.05173394848135333,-0.03254133025759323,-0.2599000384467512,-0.05173394848135333,-0.17937716262975778,-0.24415224913494812,-0.044844290657439445,0.14173010380622836,-9.16883963087778,-13.569455419136297,-4.453582902008542,-10.648553173345137,0.5636363625526428,-0.5663924813270569,-0.43771427869796753,0.7821826934814453,-0.6895152926445007,-0.4706953167915344,0.8376260995864868,-0.6974015831947327,-0.4893617033958435,0.8326013684272766,-0.7016071081161499,-0.5084946751594543,678.1007080078125,0.40239277482032776
EXPA-151,105.706436,31.653776,-0.003014225297962322,-0.044844290657439445,0.003014225297962322,0.07972318339100345,0.03543252595155709,0.08882737408688965,-0.33685505574778934,0.186082276047674,0.003936947327950788,0.08421376393694734,0.13016532103037293,0.09356401384083046,-0.14769703960015382,0.05911572472126105,0.017777777777777778,-0.17937716262975778,-0.008858131487889272,-0.09356401384083046,-0.19986159169550174,0.08421376393694734,-0.17937716262975778,-0.12456747404844293,-0.024605920799692427,-0.1929104190695886,0.019930795847750864,0.17279507881584008,0.03844675124951941,-0.07972318339100345,0.08882737408688965,0.16633602460592078,0.08882737408688965,0.14769703960015382,0.13588619761630144,0.044844290657439445,-0.19986159169550174,0.17279507881584008,-0.2288965782391388,-0.024605920799692427,0.15378700499807765,0.16633602460592078,-0.07535563244905807,0.11909265667051133,0.006151480199923107,0.16633602460592078,-0.029773164167627833,0.05911572472126105,0.08882737408688965,0.14173010380622836,0.0271280276816609,0.05173394848135333,0.008858131487889272,-0.1085121107266436,0.05173394848135333,0.15378700499807765,0.16633602460592078,-0.2069357939254133,-0.17279507881584008,-0.044844290657439445,-0.14173010380622836,-0.12456747404844293,-0.04822760476739715,-0.186082276047674,0.03254133025759323,0.05911572472126105,-13.999868732073914,-18.07133182864426,-11.726827967652099,-18.666206124632133,0.5049970746040344,-0.43417367339134216,-0.20701387524604797,0.6493625044822693,-0.5571796894073486,-0.4727412462234497,0.6878542304039001,-0.564646303653717,-0.4648212194442749,0.7877045273780823,-0.6681799292564392,-0.4981273412704468,436.68902587890625,0.14392361044883728
EXPA-152,108.358532,27.157259,0.06698961937716265,0.13588619761630144,0.14769703960015382,0.05911572472126105,0.07972318339100345,-0.11374086889657825,-0.29287197231833906,0.17937716262975778,-0.006151480199923107,0.11909265667051133,-0.0271280276816609,0.0629911572472126,-0.2679584775086506,0.019930795847750864,-0.16633602460592078,-0.14769703960015382,-0.15378700499807765,0.13588619761630144,-0.13016532103037293,-0.09356401384083046,-0.16000000000000003,0.10340638216070744,-0.05911572472126105,-0.07535563244905807,0.044844290657439445,0.010396001537870049,-0.03844675124951941,-0.09842368319876971,-0.1085121107266436,0.1085121107266436,0.0629911572472126,0.17937716262975778,0.11909265667051133,0.14769703960015382,-0.2364628988850442,0.07111111111111111,-0.14769703960015382,-0.17279507881584008,-0.05536332179930796,0.05173394848135333,0.024605920799692427,0.186082276047674,-0.07535563244905807,0.13016532103037293,-0.03543252595155709,0.13016532103037293,0.01574778931180315,0.13016532103037293,-0.010396001537870049,0.03254133025759323,0.002214532871972318,-0.14769703960015382,0.13588619761630144,0.019930795847750864,-0.03543252595155709,-0.22145328719723184,-0.15378700499807765,-0.029773164167627833,-0.1929104190695886,-0.17279507881584008,-0.14173010380622836,-0.12456747404844293,-0.12456747404844293,0.024605920799692427,-12.086589084487285,-16.290067532814344,-8.354444097317389,-16.222980980509668,,,,,,,,,,,,,,
EXPA-153,125.937934,43.023214,-0.07972318339100345,-0.07111111111111111,0.11909265667051133,-0.13016532103037293,-0.05173394848135333,-0.2364628988850442,-0.11909265667051133,0.41362552864282975,0.16000000000000003,0.03254133025759323,0.3014225297962323,-0.15378700499807765,-0.01384083044982699,-0.041584006151480196,-0.16633602460592078,0.05536332179930796,-0.03543252595155709,-0.04822760476739715,-0.22145328719723184,-0.1085121107266436,0.12456747404844293,0.01384083044982699,0.024605920799692427,-0.017777777777777778,0.11909265667051133,0.17279507881584008,-0.04822760476739715,0.05911572472126105,0.21413302575932336,0.010396001537870049,-0.002214532871972318,-0.007443291041906958,0.003936947327950788,0.07535563244905807,0.13588619761630144,0.06698961937716265,-0.041584006151480196,-0.12456747404844293,0.14173010380622836,-0.2069357939254133,-0.01384083044982699,-0.07972318339100345,0.07535563244905807,0.07535563244905807,-0.08882737408688965,0.06698961937716265,0.2519646289888504,-0.08421376393694734,0.11374086889657825,-0.10340638216070744,0.05173394848135333,0.05536332179930796,-0.0629911572472126,0.13016532103037293,0.05536332179930796,0.17279507881584008,0.13016532103037293,-0.0271280276816609,-0.08421376393694734,-0.022206843521722412,-0.19986159169550174,6.151480199923106e-05,-0.08882737408688965,0.006151480199923107,-12.579699186643648,-19.116057736262796,-9.266497227582745,-15.999556355741689,0.09251336753368378,-0.12129528075456619,0.24253007769584656,0.4530130624771118,-0.4839681386947632,-0.5327357649803162,0.8779019713401794,-0.7618992924690247,-0.5527170300483704,0.6213799118995667,-0.691624104976654,-0.6479837894439697,384.8734130859375,0.07209835946559906
EXPA-154,108.987802,33.992989,0.041584006151480196,0.008858131487889272,0.07111111111111111,0.09842368319876971,0.07972318339100345,-0.11909265667051133,-0.16633602460592078,0.2679584775086506,0.0629911572472126,0.15378700499807765,0.2069357939254133,0.09356401384083046,-0.17279507881584008,-0.07972318339100345,-0.17279507881584008,-0.044844290657439445,-0.12456747404844293,0.007443291041906958,-0.33685505574778934,0.03254133025759323,0.006151480199923107,-0.029773164167627833,0.010396001537870049,0.007443291041906958,0.14769703960015382,-0.041584006151480196,-0.16000000000000003,-0.09356401384083046,0.04822760476739715,0.17279507881584008,-0.09842368319876971,0.06698961937716265,0.1085121107266436,0.09842368319876971,0.044844290657439445,0.022206843521722412,-0.2069357939254133,-0.17937716262975778,0.012056901191849288,-0.08882737408688965,-0.08421376393694734,0.044844290657439445,0.07972318339100345,0.08882737408688965,-0.16000000000000003,0.186082276047674,0.16633602460592078,-0.012056901191849288,0.04822760476739715,-0.03844675124951941,-0.03254133025759323,-0.05536332179930796,0.14173010380622836,0.28444444444444444,0.003014225297962322,-0.13016532103037293,-0.07972318339100345,-0.08421376393694734,-0.2599000384467512,-0.041584006151480196,-0.2069357939254133,-0.06698961937716265,-0.04822760476739715,0.05173394848135333,-9.259193183234892,-16.02913975962875,-10.229353329095161,-17.40630905191304,0.2961941659450531,-0.3420902192592621,-0.4330708682537079,0.48520874977111816,-0.5026573538780212,-0.5798676609992981,0.8573185801506042,-0.7665410041809082,-0.5969479084014893,0.7421203255653381,-0.7021276354789734,-0.695652186870575,1130.306396484375,0.19475336372852325
EXPA-155,108.010076,23.103521,-0.012056901191849288,0.07972318339100345,0.12456747404844293,-0.11374086889657825,-0.07535563244905807,0.14769703960015382,-0.11374086889657825,-0.029773164167627833,-0.06698961937716265,0.19986159169550174,0.08421376393694734,0.07972318339100345,-0.22145328719723184,0.022206843521722412,0.022206843521722412,0.01384083044982699,-0.05536332179930796,0.08421376393694734,-0.13016532103037293,-0.029773164167627833,-0.31009611687812383,0.33685505574778934,-0.08421376393694734,-0.14173010380622836,-0.13588619761630144,0.05911572472126105,-0.08421376393694734,-0.08882737408688965,0.07972318339100345,0.06698961937716265,0.16633602460592078,-0.019930795847750864,0.024605920799692427,-0.03543252595155709,0.022206843521722412,0.13588619761630144,-0.10340638216070744,0.0629911572472126,-0.002214532871972318,0.09356401384083046,0.03254133025759323,0.10340638216070744,-0.017777777777777778,0.2364628988850442,0.006151480199923107,0.19986159169550174,0.13588619761630144,0.09842368319876971,0.13588619761630144,0.03844675124951941,0.07111111111111111,0.03844675124951941,0.03543252595155709,0.06698961937716265,0.186082276047674,-0.13016532103037293,-0.002214532871972318,-0.11909265667051133,0.008858131487889272,-0.29287197231833906,-0.13016532103037293,-0.3014225297962323,0.07111111111111111,0.029773164167627833,-6.247606491999402,-15.98807797774748,-5.6544496725958275,-14.486188685982144,0.23412412405014038,-0.3832930326461792,-0.44420236349105835,0.2827799916267395,-0.3413481116294861,-0.3718113899230957,0.23593980073928833,-0.2648523449897766,-0.23082515597343445,0.28678303956985474,-0.30927544832229614,-0.2847759425640106,107.7262954711914,0.044697355479002
EXPA-156,108.5143,36.022283,0.007443291041906958,0.01574778931180315,0.08421376393694734,-0.022206843521722412,0.004982698961937716,-0.13588619761630144,-0.08882737408688965,0.40359861591695495,0.12456747404844293,0.11374086889657825,0.2364628988850442,-0.08882737408688965,-0.04822760476739715,-0.14173010380622836,0.0271280276816609,-0.06698961937716265,-0.008858131487889272,0.17279507881584008,-0.31009611687812383,-0.17937716262975778,-0.0271280276816609,0.003936947327950788,-0.003936947327950788,0.05173394848135333,0.14769703960015382,0.08882737408688965,-0.09356401384083046,-0.044844290657439445,0.13588619761630144,0.21413302575932336,-0.06698961937716265,0.07972318339100345,0.17279507881584008,0.21413302575932336,0.13588619761630144,-0.08882737408688965,-0.10340638216070744,-0.03254133025759323,0.03543252595155709,-0.17279507881584008,0.10340638216070744,0.012056901191849288,0.08421376393694734,-6.151480199923106e-05,-0.022206843521722412,0.03543252595155709,0.08882737408688965,0.04822760476739715,0.14173010380622836,-0.0629911572472126,0.03254133025759323,0.07535563244905807,0.007443291041906958,0.2599000384467512,0.06698961937716265,-0.003936947327950788,0.024605920799692427,-0.186082276047674,-0.16633602460592078,-0.08421376393694734,-0.19986159169550174,-0.03844675124951941,-0.0271280276816609,0.13016532103037293,-8.800053271859262,-13.73992747336038,-8.969717476896639,-11.67943229453621,0.28859061002731323,-0.39606502652168274,-0.5109109878540039,0.3504208028316498,-0.3925049304962158,-0.5220360159873962,0.8067814707756042,-0.6772420406341553,-0.5322230458259583,0.36793753504753113,-0.44003868103027344,-0.5946797132492065,1382.955322265625,0.03806454688310623
EXPA-157,113.930064,28.789857,0.03254133025759323,-0.08421376393694734,-0.05536332179930796,0.0629911572472126,0.09842368319876971,0.05911572472126105,-0.2519646289888504,0.17937716262975778,0.007443291041906958,0.1929104190695886,-0.017777777777777778,0.05173394848135333,-0.19986159169550174,-0.041584006151480196,0.019930795847750864,-0.1085121107266436,-0.05173394848135333,-0.003936947327950788,0.007443291041906958,0.019930795847750864,-0.1085121107266436,-0.07111111111111111,-0.0271280276816609,-0.12456747404844293,0.008858131487889272,0.28444444444444444,-0.11909265667051133,-0.044844290657439445,0.11374086889657825,0.14173010380622836,0.08421376393694734,-0.017777777777777778,0.15378700499807765,-0.019930795847750864,-0.2069357939254133,0.09842368319876971,-0.2069357939254133,-0.16633602460592078,0.24415224913494812,0.09842368319876971,-0.03543252595155709,0.1085121107266436,0.06698961937716265,0.11909265667051133,0.012056901191849288,0.03543252595155709,0.03543252595155709,0.2679584775086506,0.09356401384083046,0.08421376393694734,-0.06698961937716265,-0.1085121107266436,0.01384083044982699,0.2599000384467512,0.17937716262975778,-0.2364628988850442,-0.12456747404844293,0.04822760476739715,-0.044844290657439445,-0.11374086889657825,-0.029773164167627833,-0.19986159169550174,0.017777777777777778,0.17279507881584008,-10.483205057064565,-12.640666745589048,-9.858723118348987,-15.474112809754176,0.6883190870285034,-0.5964439511299133,-0.4332198202610016,0.6573237180709839,-0.5609963536262512,-0.44420483708381653,0.7018606662750244,-0.573199987411499,-0.4594731628894806,0.7295143008232117,-0.6285178065299988,-0.4728785455226898,153.15945434570312,0.14511625468730927
EXPA-158,126.212818,43.311034,-0.022206843521722412,-0.03844675124951941,0.14173010380622836,-0.11374086889657825,0.004982698961937716,-0.2069357939254133,-0.07972318339100345,0.42377547097270285,0.14173010380622836,0.05911572472126105,0.29287197231833906,-0.07111111111111111,-0.029773164167627833,-0.05911572472126105,-0.19986159169550174,0.01384083044982699,-0.05911572472126105,-0.010396001537870049,-0.22145328719723184,-0.012056901191849288,0.15378700499807765,0.0629911572472126,0.05536332179930796,0.019930795847750864,0.14769703960015382,0.08882737408688965,-0.11909265667051133,0.05173394848135333,0.14173010380622836,0.03844675124951941,-0.024605920799692427,0.05173394848135333,-0.007443291041906958,0.04822760476739715,0.13588619761630144,0.0629911572472126,-0.03543252595155709,-0.22145328719723184,0.11374086889657825,-0.17937716262975778,-0.06698961937716265,-0.06698961937716265,0.09356401384083046,0.03254133025759323,-0.09356401384083046,0.07972318339100345,0.2761399461745483,-0.21413302575932336,0.09356401384083046,-0.08421376393694734,0.05536332179930796,0.06698961937716265,-0.041584006151480196,0.03254133025759323,-0.024605920799692427,0.11374086889657825,0.1085121107266436,-0.01574778931180315,-0.12456747404844293,-0.01384083044982699,-0.21413302575932336,-0.003014225297962322,-0.17279507881584008,-0.05173394848135333,-9.576544357743394,-16.312868624488857,-6.927199228849671,-14.8515246236949,0.1034802794456482,-0.1465766578912735,0.2227979302406311,0.40536513924598694,-0.44937559962272644,-0.49030765891075134,0.837319552898407,-0.7409146428108215,-0.5332843065261841,0.6409908533096313,-0.6998242735862732,-0.6113765835762024,422.1944580078125,0.09538856148719788
EXPA-159,123.137077,43.379755,-0.07972318339100345,-0.029773164167627833,0.19986159169550174,-0.07535563244905807,-0.07535563244905807,-0.029773164167627833,-0.15378700499807765,0.37425605536332185,0.01384083044982699,-0.14769703960015382,0.2364628988850442,-0.14173010380622836,0.15378700499807765,-0.004982698961937716,-0.11909265667051133,-0.05911572472126105,-0.11374086889657825,0.15378700499807765,-0.14769703960015382,0.09842368319876971,-0.041584006151480196,0.019930795847750864,0.14769703960015382,0.024605920799692427,0.07972318339100345,0.16633602460592078,0.029773164167627833,-0.05911572472126105,0.15378700499807765,0.07111111111111111,0.007443291041906958,-0.11374086889657825,-0.13016532103037293,0.1085121107266436,-0.07972318339100345,0.1929104190695886,-0.15378700499807765,-0.07111111111111111,0.17937716262975778,-0.16000000000000003,0.041584006151480196,-0.05173394848135333,0.11909265667051133,-0.022206843521722412,-0.08882737408688965,0.2069357939254133,0.19986159169550174,-0.007443291041906958,0.12456747404844293,-0.17937716262975778,0.07972318339100345,0.1085121107266436,-0.09356401384083046,-0.07111111111111111,0.06698961937716265,-0.008858131487889272,0.03844675124951941,0.09356401384083046,-0.16000000000000003,6.151480199923106e-05,-0.17937716262975778,-0.05911572472126105,-0.19986159169550174,-0.03543252595155709,,,,,0.2545662224292755,-0.40268027782440186,-0.5477168560028076,0.2622133493423462,-0.41531580686569214,-0.5500107407569885,0.6050000190734863,-0.6315120458602905,-0.6348756551742554,0.5322660207748413,-0.5491406917572021,-0.5124503970146179,158.9068603515625,0.007168735843151808
EXPA-160,109.549699,26.828475,0.1085121107266436,0.05173394848135333,0.03844675124951941,0.05173394848135333,0.07111111111111111,-0.006151480199923107,-0.2761399461745483,0.13016532103037293,0.017777777777777778,0.17279507881584008,0.03254133025759323,0.09356401384083046,-0.28444444444444444,-0.029773164167627833,-0.07535563244905807,-0.08882737408688965,-0.05173394848135333,0.04822760476739715,-0.0629911572472126,-0.12456747404844293,-0.08421376393694734,0.008858131487889272,0.03844675124951941,-0.12456747404844293,0.019930795847750864,0.186082276047674,-0.11909265667051133,-0.15378700499807765,0.012056901191849288,0.14173010380622836,0.024605920799692427,0.14173010380622836,0.2364628988850442,0.0271280276816609,-0.11374086889657825,0.09842368319876971,-0.19986159169550174,-0.16633602460592078,0.06698961937716265,-0.003936947327950788,-0.01384083044982699,0.11909265667051133,-0.03844675124951941,0.21413302575932336,-0.03543252595155709,0.022206843521722412,0.04822760476739715,0.24415224913494812,0.17279507881584008,0.07972318339100345,0.07111111111111111,-0.186082276047674,0.003014225297962322,0.17937716262975778,0.1085121107266436,-0.2679584775086506,-0.09842368319876971,-0.022206843521722412,-0.08882737408688965,-0.19986159169550174,-0.08882737408688965,-0.2069357939254133,0.003014225297962322,0.07535563244905807,-7.638566177830908,-15.264399906606545,-8.076302259962704,-14.582035072173149,0.5788722634315491,-0.5326520204544067,-0.16418835520744324,0.6038601398468018,-0.5183465480804443,-0.2806978225708008,0.276752769947052,-0.3079383671283722,-0.20825016498565674,0.7821580171585083,-0.6981865167617798,-0.4552893042564392,478.4126892089844,0.15361052751541138
EXPA-161,124.594234,46.790209,0.029773164167627833,-0.07535563244905807,0.22145328719723184,-0.029773164167627833,0.012056901191849288,-0.05911572472126105,-0.07972318339100345,0.12456747404844293,-0.17279507881584008,-0.09842368319876971,0.21413302575932336,-0.08882737408688965,-0.01384083044982699,-0.14173010380622836,-0.2679584775086506,-0.16000000000000003,0.12456747404844293,0.2069357939254133,-0.08421376393694734,0.16633602460592078,0.0271280276816609,-0.01574778931180315,0.07111111111111111,0.06698961937716265,0.09842368319876971,0.2599000384467512,0.11909265667051133,-0.11374086889657825,0.14173010380622836,-0.09842368319876971,0.05911572472126105,0.10340638216070744,0.029773164167627833,0.11374086889657825,0.13016532103037293,0.07535563244905807,-0.022206843521722412,-0.041584006151480196,0.05536332179930796,-0.22145328719723184,-0.13588619761630144,-0.1929104190695886,0.022206843521722412,0.11909265667051133,0.07535563244905807,0.2288965782391388,-0.03844675124951941,-0.03844675124951941,0.07972318339100345,0.08882737408688965,-0.09356401384083046,0.010396001537870049,-0.03543252595155709,0.11374086889657825,0.1085121107266436,-0.13588619761630144,0.041584006151480196,-0.14769703960015382,-0.05173394848135333,-0.17937716262975778,-0.14769703960015382,0.019930795847750864,-0.2679584775086506,0.09356401384083046,-3.0117814043911837,-10.300546525336312,0.43099062483021133,-8.65712935650216,0.039941903203725815,0.031123138964176178,0.3415493071079254,0.3877550959587097,-0.39534884691238403,-0.5703523755073547,0.40365853905677795,-0.38466164469718933,-0.5313788652420044,0.3794019818305969,-0.37986043095588684,-0.6512801051139832,143.0441131591797,0.007381639908999205
EXPA-162,106.304445,32.15827,0.04822760476739715,0.11909265667051133,0.16633602460592078,0.05173394848135333,0.07111111111111111,0.10340638216070744,-0.2679584775086506,0.11909265667051133,0.03543252595155709,0.16000000000000003,-0.022206843521722412,0.05173394848135333,-0.2288965782391388,0.010396001537870049,-0.14769703960015382,-0.2364628988850442,-0.09842368319876971,0.09356401384083046,-0.1929104190695886,0.002214532871972318,-0.1929104190695886,0.1085121107266436,-0.0629911572472126,-0.09842368319876971,-0.03844675124951941,0.05536332179930796,-0.09842368319876971,-0.10340638216070744,0.08882737408688965,0.11909265667051133,0.022206843521722412,0.15378700499807765,0.01574778931180315,0.05536332179930796,-0.07972318339100345,0.16633602460592078,-0.1929104190695886,-0.15378700499807765,-0.01574778931180315,0.07535563244905807,0.007443291041906958,0.19986159169550174,-0.0629911572472126,0.09842368319876971,-0.029773164167627833,0.14769703960015382,0.05173394848135333,0.03844675124951941,0.012056901191849288,-0.041584006151480196,0.022206843521722412,-0.0271280276816609,0.09356401384083046,0.07972318339100345,0.04822760476739715,-0.3014225297962323,-0.13016532103037293,0.05536332179930796,-0.21413302575932336,-0.13016532103037293,-0.19986159169550174,-0.2761399461745483,-0.03844675124951941,0.0629911572472126,-12.617727931854896,-17.4087474632462,-10.302795846774666,-15.849948779165302,0.42941176891326904,-0.5057197213172913,-0.5085307955741882,0.43225806951522827,-0.43844491243362427,-0.41287165880203247,0.5589492917060852,-0.5670862793922424,-0.5054367184638977,0.6205918192863464,-0.5944167375564575,-0.486493319272995,756.2489013671875,0.28692808747291565
EXPA-163,112.866099,24.420811,0.09356401384083046,0.07111111111111111,0.07111111111111111,0.11909265667051133,0.14173010380622836,-0.10340638216070744,-0.2069357939254133,0.14769703960015382,0.041584006151480196,0.12456747404844293,-0.01384083044982699,0.03543252595155709,-0.33685505574778934,-0.07535563244905807,-0.16000000000000003,-0.13588619761630144,-0.07972318339100345,0.2069357939254133,-0.06698961937716265,-0.0629911572472126,-0.15378700499807765,0.22145328719723184,-0.08882737408688965,-0.14769703960015382,0.01384083044982699,0.05536332179930796,-0.04822760476739715,-0.16633602460592078,-0.03844675124951941,0.15378700499807765,0.03543252595155709,0.041584006151480196,0.15378700499807765,0.0629911572472126,-0.17279507881584008,0.07972318339100345,-0.17279507881584008,-0.186082276047674,0.044844290657439445,-0.08421376393694734,0.05536332179930796,0.1085121107266436,0.010396001537870049,0.17937716262975778,-0.04822760476739715,0.012056901191849288,0.0015378700499807767,0.19986159169550174,0.1085121107266436,0.07535563244905807,-0.022206843521722412,-0.16633602460592078,0.03543252595155709,0.16000000000000003,0.05173394848135333,-0.2069357939254133,-0.14769703960015382,-0.008858131487889272,-0.05911572472126105,-0.1929104190695886,-0.05173394848135333,-0.22145328719723184,-0.05536332179930796,0.10340638216070744,-4.263587500303378,-12.185549690533996,-4.724427158024723,-10.205315254031285,0.6877076625823975,-0.64342200756073,-0.6683383584022522,0.6780487895011902,-0.5730748176574707,-0.48680737614631653,0.8204411268234253,-0.7015098929405212,-0.6167039275169373,0.8089860081672668,-0.7356890439987183,-0.6789699792861938,435.6663818359375,0.10129718482494354
EXPA-164,108.632608,35.399481,-0.008858131487889272,-0.012056901191849288,0.08882737408688965,-0.0271280276816609,0.003014225297962322,-0.13016532103037293,-0.17937716262975778,0.29287197231833906,0.0629911572472126,0.14173010380622836,0.1929104190695886,0.03844675124951941,-0.03543252595155709,-0.12456747404844293,-0.10340638216070744,-0.10340638216070744,-0.22145328719723184,0.07535563244905807,-0.2679584775086506,-0.07972318339100345,-0.01384083044982699,0.05536332179930796,0.07535563244905807,0.07111111111111111,0.05911572472126105,-0.008858131487889272,-0.13588619761630144,-0.05173394848135333,0.024605920799692427,0.2288965782391388,-0.06698961937716265,0.1929104190695886,0.15378700499807765,0.13588619761630144,0.09842368319876971,0.0271280276816609,-0.16000000000000003,-0.12456747404844293,-0.012056901191849288,-0.0629911572472126,0.01574778931180315,0.0629911572472126,0.05173394848135333,-0.010396001537870049,-0.09356401384083046,0.11374086889657825,0.17937716262975778,-0.11909265667051133,0.07972318339100345,-0.14173010380622836,0.11909265667051133,0.08421376393694734,0.024605920799692427,0.17279507881584008,-0.07972318339100345,-0.16000000000000003,-0.07111111111111111,-0.13588619761630144,-0.28444444444444444,-0.10340638216070744,-0.2679584775086506,-0.03254133025759323,-0.11374086889657825,0.010396001537870049,-10.041895788639255,-17.879190511376734,-13.025213440898337,-16.631346961871046,0.285969614982605,-0.39505574107170105,-0.4157303273677826,0.2845704257488251,-0.39016392827033997,-0.527661919593811,0.8507533073425293,-0.746722936630249,-0.5445465445518494,0.4545454680919647,-0.49051374197006226,-0.5107471942901611,1733.927978515625,0.30706730484962463
EXPA-165,106.798698,34.06737,-0.017777777777777778,0.006151480199923107,0.06698961937716265,0.13016532103037293,0.04822760476739715,-0.10340638216070744,-0.14769703960015382,0.2599000384467512,0.13016532103037293,0.16633602460592078,0.31009611687812383,0.04822760476739715,-0.05536332179930796,-0.08421376393694734,-0.11374086889657825,-0.06698961937716265,-0.1085121107266436,-0.029773164167627833,-0.29287197231833906,-0.09356401384083046,0.04822760476739715,-0.14173010380622836,0.06698961937716265,-0.03543252595155709,0.16633602460592078,-0.03543252595155709,-0.11909265667051133,-0.06698961937716265,0.05536332179930796,0.14173010380622836,-0.06698961937716265,0.16633602460592078,0.19986159169550174,0.10340638216070744,0.01384083044982699,-0.04822760476739715,-0.186082276047674,-0.14173010380622836,0.012056901191849288,-0.07535563244905807,-0.06698961937716265,-0.03844675124951941,0.008858131487889272,0.11374086889657825,-0.16633602460592078,0.08421376393694734,0.16000000000000003,0.03254133025759323,0.13016532103037293,0.03844675124951941,-0.01384083044982699,-0.0629911572472126,0.017777777777777778,0.2761399461745483,0.1085121107266436,-0.09356401384083046,0.000984236831987697,-0.14769703960015382,-0.28444444444444444,-0.14173010380622836,-0.17279507881584008,-0.010396001537870049,0.01384083044982699,0.06698961937716265,,,,,0.38810408115386963,-0.42627960443496704,-0.4447319805622101,0.5862361788749695,-0.5240816473960876,-0.47548356652259827,0.8722655177116394,-0.7397196292877197,-0.5271646976470947,0.6317512392997742,-0.566378653049469,-0.6031631827354431,1727.5777587890625,0.295042484998703
EXPA-166,108.246423,32.131051,0.03543252595155709,0.05173394848135333,0.09356401384083046,0.08421376393694734,0.09842368319876971,-0.07972318339100345,-0.17937716262975778,0.34602076124567477,0.07972318339100345,0.16633602460592078,0.07535563244905807,-0.022206843521722412,-0.16633602460592078,-0.012056901191849288,-0.0629911572472126,-0.07535563244905807,0.07535563244905807,0.16000000000000003,-0.19986159169550174,-0.16000000000000003,-0.0271280276816609,0.01574778931180315,-0.09356401384083046,0.01384083044982699,0.13016532103037293,-0.04822760476739715,-0.05173394848135333,-0.1085121107266436,0.11909265667051133,0.15378700499807765,-0.17279507881584008,-0.029773164167627833,0.041584006151480196,0.22145328719723184,-0.1085121107266436,-0.17279507881584008,-0.06698961937716265,0.002214532871972318,-0.05173394848135333,-0.0629911572472126,0.05536332179930796,0.13016532103037293,0.01384083044982699,-0.004982698961937716,-0.11909265667051133,0.13588619761630144,-0.029773164167627833,0.3014225297962323,0.2519646289888504,0.05173394848135333,-0.07111111111111111,-0.09356401384083046,0.08421376393694734,0.1929104190695886,0.21413302575932336,-0.09356401384083046,-0.07111111111111111,-0.13016532103037293,-0.07535563244905807,-0.05173394848135333,-0.08421376393694734,-0.16000000000000003,0.14769703960015382,0.11374086889657825,-1.351379315747495,-7.102698544987811,1.3301505341369222,-5.612848571008727,0.4668232500553131,-0.5030084252357483,-0.4540647864341736,0.6925336718559265,-0.550571858882904,-0.445489764213562,0.8673415780067444,-0.7537704706192017,-0.5646376609802246,0.8228086829185486,-0.7293591499328613,-0.5734084844589233,843.0958251953125,0.4637167751789093
EXPA-167,125.786747,43.184641,-0.03543252595155709,-0.003936947327950788,0.11374086889657825,-0.041584006151480196,-0.007443291041906958,-0.1929104190695886,-0.13588619761630144,0.42377547097270285,0.16000000000000003,-0.007443291041906958,0.34602076124567477,-0.03844675124951941,-0.05911572472126105,-0.06698961937716265,-0.16000000000000003,0.07535563244905807,-0.004982698961937716,-0.07111111111111111,-0.28444444444444444,0.044844290657439445,0.14173010380622836,-0.022206843521722412,0.08421376393694734,0.0005536332179930795,0.16633602460592078,0.09842368319876971,-0.029773164167627833,0.010396001537870049,0.11374086889657825,0.0629911572472126,-0.019930795847750864,0.11909265667051133,0.07535563244905807,0.05911572472126105,0.13016532103037293,0.10340638216070744,-0.03254133025759323,-0.21413302575932336,0.05911572472126105,-0.13016532103037293,-0.1085121107266436,-0.05536332179930796,0.07535563244905807,-0.003014225297962322,-0.06698961937716265,0.08421376393694734,0.24415224913494812,-0.19986159169550174,0.08421376393694734,-0.022206843521722412,0.07535563244905807,0.022206843521722412,-0.11374086889657825,0.07111111111111111,0.007443291041906958,0.1085121107266436,0.13016532103037293,-0.041584006151480196,-0.08882737408688965,-0.03844675124951941,-0.17937716262975778,0.05911572472126105,-0.17937716262975778,-0.041584006151480196,-9.158464189994785,-17.456709937611528,-7.052473012753369,-14.376462326717757,0.09976798295974731,-0.0925854817032814,0.2411981076002121,0.48808419704437256,-0.508628785610199,-0.48059701919555664,0.8512247800827026,-0.7417386770248413,-0.5166507959365845,0.6902045011520386,-0.7318823933601379,-0.5643340945243835,416.7192687988281,0.07209835946559906
EXPA-168,125.959493,43.541991,-0.09356401384083046,-0.024605920799692427,0.16633602460592078,-0.0629911572472126,-0.05536332179930796,-0.21413302575932336,-0.12456747404844293,0.454963475586313,0.21413302575932336,-0.002214532871972318,0.3278123798539023,-0.1085121107266436,-0.01574778931180315,-0.03844675124951941,-0.14173010380622836,0.05173394848135333,-0.010396001537870049,0.002214532871972318,-0.2364628988850442,-0.1085121107266436,0.13016532103037293,0.029773164167627833,0.019930795847750864,0.01384083044982699,0.14173010380622836,0.16633602460592078,-0.0629911572472126,0.06698961937716265,0.186082276047674,0.0271280276816609,-0.012056901191849288,0.044844290657439445,0.010396001537870049,0.13016532103037293,0.12456747404844293,0.019930795847750864,-0.03844675124951941,-0.09356401384083046,0.08882737408688965,-0.17937716262975778,-0.03254133025759323,-0.08882737408688965,0.1085121107266436,0.05173394848135333,-0.10340638216070744,0.041584006151480196,0.186082276047674,-0.07111111111111111,0.14173010380622836,-0.05173394848135333,0.029773164167627833,0.044844290657439445,-0.08421376393694734,0.11374086889657825,0.03844675124951941,0.13016532103037293,0.15378700499807765,-0.03543252595155709,-0.11909265667051133,0.003936947327950788,-0.21413302575932336,0.010396001537870049,-0.1085121107266436,0.05911572472126105,-12.180502440635841,-18.88204398981517,-8.987011378975588,-15.555171730983728,0.09926793724298477,-0.1149391159415245,0.18914605677127838,0.45438119769096375,-0.44136080145835876,-0.5138293504714966,0.8882916569709778,-0.8059901595115662,-0.6167770624160767,0.7388193011283875,-0.6780319213867188,-0.6352078318595886,363.7095642089844,0.07209835946559906
EXPA-169,107.605834,34.900108,-0.05536332179930796,-0.0629911572472126,0.03543252595155709,0.07972318339100345,0.010396001537870049,-0.12456747404844293,-0.16633602460592078,0.29287197231833906,0.05173394848135333,0.05911572472126105,0.2761399461745483,0.09842368319876971,-0.022206843521722412,-0.07972318339100345,0.002214532871972318,-0.08421376393694734,-0.07111111111111111,0.010396001537870049,-0.42377547097270285,-0.05173394848135333,-0.07535563244905807,-0.1929104190695886,0.03254133025759323,0.010396001537870049,0.15378700499807765,0.07111111111111111,-0.024605920799692427,-0.05173394848135333,0.002214532871972318,0.2288965782391388,-0.1085121107266436,0.17279507881584008,0.2069357939254133,0.11909265667051133,0.03254133025759323,-0.024605920799692427,-0.15378700499807765,0.01384083044982699,0.044844290657439445,-0.007443291041906958,0.007443291041906958,-0.029773164167627833,0.09356401384083046,0.03543252595155709,-0.06698961937716265,0.05173394848135333,0.15378700499807765,0.006151480199923107,0.13588619761630144,0.03254133025759323,0.05911572472126105,0.019930795847750864,0.0629911572472126,0.186082276047674,0.0271280276816609,-0.0629911572472126,-0.09356401384083046,-0.29287197231833906,-0.2288965782391388,-0.03844675124951941,-0.21413302575932336,0.019930795847750864,-0.012056901191849288,0.07535563244905807,-14.922534303377113,-19.20106795382543,-12.707830986529935,-18.04040032856414,0.2517193853855133,-0.3787878751754761,-0.5860676169395447,0.5197454690933228,-0.4487065076828003,-0.4681583344936371,0.8256189227104187,-0.6892430186271667,-0.5228445529937744,0.4300791621208191,-0.41792020201683044,-0.5751789808273315,1259.0469970703125,0.17914527654647827
EXPA-170,109.487445,33.7367,-0.041584006151480196,-0.017777777777777778,0.08882737408688965,0.03254133025759323,-0.010396001537870049,-0.11909265667051133,-0.14769703960015382,0.17279507881584008,0.06698961937716265,0.08421376393694734,0.16633602460592078,-0.04822760476739715,-0.11374086889657825,-0.022206843521722412,-0.08882737408688965,-0.07535563244905807,0.000984236831987697,0.13016532103037293,-0.3553094963475586,-0.14769703960015382,-0.03254133025759323,-0.12456747404844293,0.05536332179930796,-0.10340638216070744,0.044844290657439445,0.06698961937716265,-0.0629911572472126,-0.13588619761630144,0.12456747404844293,0.21413302575932336,-0.13588619761630144,0.0271280276816609,0.17937716262975778,0.16633602460592078,0.007443291041906958,0.017777777777777778,-0.08882737408688965,0.06698961937716265,0.006151480199923107,-0.1085121107266436,0.08421376393694734,-0.041584006151480196,0.05911572472126105,0.11374086889657825,-0.13588619761630144,0.10340638216070744,0.05911572472126105,0.22145328719723184,0.10340638216070744,-0.04822760476739715,0.09842368319876971,-0.017777777777777778,0.08882737408688965,0.3839138792772011,0.14173010380622836,-0.09842368319876971,-0.08882737408688965,-0.13016532103037293,-0.17279507881584008,-0.14769703960015382,-0.09842368319876971,-0.14769703960015382,0.07111111111111111,0.1929104190695886,-9.30257599260015,-15.716785829718104,-6.8245554635049945,-11.847381651901276,0.22970296442508698,-0.24199999868869781,-0.249504953622818,0.5202492475509644,-0.46766915917396545,-0.44317734241485596,0.7463581562042236,-0.666621208190918,-0.43353405594825745,0.5450516939163208,-0.5693923234939575,-0.6734926104545593,1310.7677001953125,0.5657371878623962
EXPA-171,126.134395,43.318849,-0.004982698961937716,-0.006151480199923107,0.16633602460592078,-0.07972318339100345,-0.008858131487889272,-0.22145328719723184,-0.15378700499807765,0.454963475586313,0.14173010380622836,0.05911572472126105,0.2761399461745483,-0.05911572472126105,-0.06698961937716265,-0.05173394848135333,-0.19986159169550174,0.029773164167627833,-0.09842368319876971,0.007443291041906958,-0.13588619761630144,-0.04822760476739715,0.16000000000000003,0.05173394848135333,0.0629911572472126,-0.017777777777777778,0.15378700499807765,0.07111111111111111,-0.13588619761630144,0.05911572472126105,0.17937716262975778,0.0271280276816609,0.029773164167627833,0.05536332179930796,-0.019930795847750864,0.11374086889657825,0.09356401384083046,0.09842368319876971,0.03543252595155709,-0.24415224913494812,0.11374086889657825,-0.12456747404844293,-0.1085121107266436,-0.022206843521722412,0.03844675124951941,0.07535563244905807,-0.13016532103037293,0.08421376393694734,0.2679584775086506,-0.1929104190695886,0.07972318339100345,-0.07972318339100345,0.024605920799692427,-0.000984236831987697,-0.03543252595155709,0.004982698961937716,-0.03254133025759323,0.09842368319876971,0.12456747404844293,0.03543252595155709,-0.15378700499807765,-0.022206843521722412,-0.16633602460592078,6.151480199923106e-05,-0.14769703960015382,-0.044844290657439445,-9.463931949924476,-16.255560570015824,-8.14397422159087,-13.789885862198762,0.3934890329837799,-0.43617796897888184,-0.14867840707302094,0.5809604525566101,-0.47501981258392334,-0.49619483947753906,0.910091757774353,-0.8116162419319153,-0.6305460929870605,0.738386332988739,-0.7269257307052612,-0.618146538734436,450.6586608886719,0.09538856148719788
EXPA-172,110.107013,25.472648,0.13588619761630144,0.07535563244905807,0.13588619761630144,0.024605920799692427,0.06698961937716265,-0.024605920799692427,-0.29287197231833906,0.16633602460592078,0.08421376393694734,0.2288965782391388,-0.07535563244905807,0.14173010380622836,-0.16633602460592078,0.029773164167627833,-0.07972318339100345,-0.04822760476739715,-0.11374086889657825,0.13016532103037293,0.05536332179930796,-0.28444444444444444,-0.17279507881584008,0.07972318339100345,0.008858131487889272,-0.10340638216070744,-0.044844290657439445,0.09842368319876971,-0.09842368319876971,-0.017777777777777778,0.03844675124951941,0.14769703960015382,0.08421376393694734,0.08882737408688965,0.07111111111111111,0.11374086889657825,-0.17279507881584008,0.0629911572472126,-0.12456747404844293,-0.14769703960015382,0.041584006151480196,0.12456747404844293,0.08421376393694734,0.2288965782391388,-0.041584006151480196,0.1085121107266436,-0.024605920799692427,0.0271280276816609,-0.17937716262975778,0.2519646289888504,0.07111111111111111,-0.03254133025759323,0.012056901191849288,-0.10340638216070744,0.10340638216070744,0.041584006151480196,0.024605920799692427,-0.28444444444444444,-0.05536332179930796,0.08882737408688965,-0.10340638216070744,-0.16633602460592078,-0.13588619761630144,-0.13588619761630144,-0.029773164167627833,0.13016532103037293,-7.098460005629474,-12.381725292051517,-5.605026526818319,-10.959717729836772,0.8062583208084106,-0.7073631286621094,-0.4642857015132904,0.6499636769294739,-0.5545672178268433,-0.31832459568977356,0.7584331035614014,-0.6241205930709839,-0.44427934288978577,0.8242634534835815,-0.7255737781524658,-0.48571428656578064,725.0963134765625,0.17958465218544006
EXPA-173,108.262053,27.616208,0.13016532103037293,-0.022206843521722412,0.03844675124951941,0.09356401384083046,0.05911572472126105,0.029773164167627833,-0.2761399461745483,0.14173010380622836,0.019930795847750864,0.16000000000000003,0.03254133025759323,0.16000000000000003,-0.21413302575932336,0.03254133025759323,-0.03543252595155709,-0.1929104190695886,-0.041584006151480196,-0.05911572472126105,-0.017777777777777778,-0.000984236831987697,-0.19986159169550174,-0.08882737408688965,0.03254133025759323,-0.16000000000000003,0.012056901191849288,0.17279507881584008,-0.0629911572472126,-0.10340638216070744,0.0271280276816609,0.16000000000000003,0.03254133025759323,0.13016532103037293,0.09842368319876971,0.04822760476739715,-0.15378700499807765,0.17279507881584008,-0.22145328719723184,-0.21413302575932336,0.07535563244905807,0.14173010380622836,-0.06698961937716265,0.186082276047674,-0.06698961937716265,0.11909265667051133,-0.07972318339100345,0.05173394848135333,-0.024605920799692427,0.1085121107266436,0.017777777777777778,-0.003014225297962322,0.041584006151480196,-0.11909265667051133,0.03254133025759323,0.15378700499807765,0.07972318339100345,-0.33685505574778934,-0.13016532103037293,0.017777777777777778,-0.17279507881584008,-0.2364628988850442,-0.07535563244905807,-0.14769703960015382,-0.07111111111111111,0.08421376393694734,-13.734925529733227,-17.674009038222753,-13.573300886208417,-19.541456072300956,0.7619926333427429,-0.685789942741394,-0.49894440174102783,0.657608687877655,-0.5456081032752991,-0.4384133517742157,0.8549540638923645,-0.7256889343261719,-0.5393617153167725,0.8237262964248657,-0.7010058760643005,-0.4667491614818573,844.4207153320312,0.06990231573581696
EXPA-174,113.473809,28.108844,0.07111111111111111,0.044844290657439445,0.04822760476739715,0.06698961937716265,0.06698961937716265,0.07111111111111111,-0.3014225297962323,0.2364628988850442,0.0629911572472126,0.13588619761630144,0.004982698961937716,0.08882737408688965,-0.24415224913494812,-0.05173394848135333,0.000984236831987697,-0.07111111111111111,-0.03844675124951941,0.07535563244905807,-0.006151480199923107,-0.10340638216070744,-0.10340638216070744,0.010396001537870049,0.017777777777777778,-0.07535563244905807,0.07972318339100345,0.1929104190695886,-0.13016532103037293,-0.08882737408688965,0.03254133025759323,0.16000000000000003,0.1085121107266436,0.11909265667051133,0.2599000384467512,0.03844675124951941,-0.186082276047674,0.13016532103037293,-0.22145328719723184,-0.17937716262975778,0.09842368319876971,0.024605920799692427,-0.010396001537870049,0.13016532103037293,0.01384083044982699,0.13016532103037293,0.07535563244905807,-0.003936947327950788,-0.008858131487889272,0.2288965782391388,0.17937716262975778,0.06698961937716265,0.006151480199923107,-0.11909265667051133,-0.03543252595155709,0.22145328719723184,0.16633602460592078,-0.2069357939254133,-0.07972318339100345,0.029773164167627833,-0.008858131487889272,-0.14173010380622836,-0.09842368319876971,-0.1929104190695886,0.022206843521722412,0.14769703960015382,-6.110531744101833,-15.960550530193627,-8.603330348756604,-13.610709168699335,0.7111349105834961,-0.6072507500648499,-0.42779290676116943,0.7280813455581665,-0.6209773421287537,-0.4695579707622528,0.8025113940238953,-0.6612309217453003,-0.5040431022644043,0.7842040061950684,-0.6665698289871216,-0.5146903395652771,232.20887756347656,0.14511625468730927
EXPA-175,108.821524,31.918959,-0.017777777777777778,0.10340638216070744,0.06698961937716265,0.029773164167627833,0.05173394848135333,-0.17279507881584008,-0.14769703960015382,0.2599000384467512,0.10340638216070744,0.2364628988850442,-0.022206843521722412,-0.04822760476739715,-0.1085121107266436,-0.0629911572472126,-0.21413302575932336,-0.09842368319876971,-0.12456747404844293,0.15378700499807765,-0.2288965782391388,-0.1929104190695886,0.03844675124951941,0.2069357939254133,-0.17279507881584008,-0.01574778931180315,0.09356401384083046,-0.08882737408688965,-0.05173394848135333,-0.07111111111111111,0.0271280276816609,0.11909265667051133,-0.08882737408688965,0.05173394848135333,-0.04822760476739715,0.17937716262975778,-0.041584006151480196,-0.17937716262975778,-0.13016532103037293,-0.17279507881584008,-0.0271280276816609,-0.16000000000000003,0.05536332179930796,0.1929104190695886,-0.024605920799692427,-0.07111111111111111,-0.11909265667051133,0.16000000000000003,0.14173010380622836,0.13588619761630144,0.13016532103037293,-0.10340638216070744,-0.04822760476739715,-0.10340638216070744,0.1085121107266436,0.11909265667051133,0.01574778931180315,-0.13016532103037293,-0.029773164167627833,-0.09842368319876971,-0.2288965782391388,-0.14173010380622836,-0.08421376393694734,-0.14769703960015382,-0.0629911572472126,0.05536332179930796,-3.9222797631257897,-9.367606508114168,0.2626833457427504,-7.136032372747171,0.4350542724132538,-0.5557932257652283,-0.6608601212501526,0.3605045974254608,-0.4588969945907593,-0.5503674745559692,0.8978338837623596,-0.791384220123291,-0.6062732338905334,0.8313632607460022,-0.7619408369064331,-0.6558904051780701,1765.42529296875,0.1987958550453186
EXPA-176,110.650045,28.176218,0.03543252595155709,0.07972318339100345,0.007443291041906958,0.12456747404844293,0.04822760476739715,-0.08882737408688965,-0.2599000384467512,0.2761399461745483,0.10340638216070744,0.15378700499807765,0.11909265667051133,0.024605920799692427,-0.2364628988850442,-0.022206843521722412,-0.17279507881584008,0.000984236831987697,-0.05173394848135333,0.08421376393694734,-0.2364628988850442,-0.2069357939254133,-0.1085121107266436,0.010396001537870049,-0.1085121107266436,-0.029773164167627833,0.05911572472126105,0.1085121107266436,-0.07972318339100345,-0.08421376393694734,0.010396001537870049,0.2364628988850442,-0.11909265667051133,0.01384083044982699,0.09356401384083046,0.17279507881584008,-0.07111111111111111,-0.05173394848135333,-0.16633602460592078,-0.010396001537870049,0.04822760476739715,-0.11374086889657825,0.0629911572472126,0.13588619761630144,0.03844675124951941,0.01574778931180315,-0.06698961937716265,0.04822760476739715,0.008858131487889272,0.3278123798539023,0.16000000000000003,0.044844290657439445,-0.0629911572472126,-0.13016532103037293,0.09842368319876971,0.17937716262975778,0.12456747404844293,-0.17279507881584008,-0.04822760476739715,-0.08421376393694734,-0.044844290657439445,0.012056901191849288,-0.11909265667051133,-0.14173010380622836,0.12456747404844293,0.16633602460592078,-5.073448051781399,-10.844736727042154,-2.9453648742735394,-10.809287791790645,0.5236406326293945,-0.5331549048423767,-0.48676037788391113,0.5390594601631165,-0.4639556407928467,-0.44273635745048523,0.8368191123008728,-0.7164948582649231,-0.5292439460754395,0.7753908634185791,-0.7226912975311279,-0.5690857172012329,596.82958984375,0.1846325844526291
EXPA-177,110.598032,27.307906,0.05911572472126105,0.07111111111111111,-0.041584006151480196,0.07972318339100345,0.10340638216070744,-0.04822760476739715,-0.2364628988850442,0.14769703960015382,0.11374086889657825,0.14173010380622836,0.15378700499807765,0.017777777777777778,-0.21413302575932336,0.004982698961937716,-0.07111111111111111,-0.1085121107266436,0.002214532871972318,0.022206843521722412,-0.22145328719723184,-0.21413302575932336,-0.11909265667051133,-0.13016532103037293,-0.06698961937716265,-0.14769703960015382,0.07972318339100345,0.09842368319876971,-0.03543252595155709,-0.08882737408688965,0.008858131487889272,0.186082276047674,-0.010396001537870049,0.03254133025759323,0.186082276047674,0.09356401384083046,-0.2364628988850442,-0.019930795847750864,-0.2364628988850442,-0.006151480199923107,0.1085121107266436,0.008858131487889272,0.07535563244905807,0.04822760476739715,-0.03844675124951941,0.13016532103037293,-0.022206843521722412,-0.012056901191849288,0.01574778931180315,0.29287197231833906,0.08882737408688965,0.08421376393694734,0.017777777777777778,-0.16633602460592078,0.10340638216070744,0.2364628988850442,0.16000000000000003,-0.14769703960015382,-0.0629911572472126,-0.09842368319876971,-0.06698961937716265,-0.22145328719723184,-0.08421376393694734,-0.11909265667051133,0.07111111111111111,0.186082276047674,-9.482333505346197,-15.06567013794539,-8.362253480013187,-14.541295775190994,0.7426900863647461,-0.6931818127632141,-0.6279069781303406,0.6932187080383301,-0.5948182940483093,-0.5015493631362915,0.765066385269165,-0.6210131049156189,-0.5448741912841797,0.7434279918670654,-0.6343026161193848,-0.5923076868057251,1028.4339599609375,0.19589298963546753
EXPA-178,106.54133,32.997207,0.03254133025759323,0.11374086889657825,0.11909265667051133,0.08421376393694734,0.03254133025759323,-0.041584006151480196,-0.1929104190695886,0.3278123798539023,0.05173394848135333,0.14769703960015382,0.002214532871972318,-0.007443291041906958,-0.06698961937716265,-0.03844675124951941,-0.07535563244905807,-0.07972318339100345,0.03844675124951941,0.186082276047674,-0.21413302575932336,-0.11909265667051133,-0.07111111111111111,0.09842368319876971,-0.15378700499807765,-0.04822760476739715,0.06698961937716265,0.07972318339100345,0.044844290657439445,-0.13016532103037293,0.19986159169550174,0.1929104190695886,-0.07972318339100345,0.024605920799692427,0.04822760476739715,0.2519646289888504,-0.029773164167627833,-0.08882737408688965,-0.09356401384083046,-0.01384083044982699,0.022206843521722412,-0.11909265667051133,0.07972318339100345,0.21413302575932336,-0.03543252595155709,-0.04822760476739715,-0.03844675124951941,0.07535563244905807,-0.003936947327950788,0.3278123798539023,0.19986159169550174,0.04822760476739715,-0.03844675124951941,-0.08882737408688965,0.01384083044982699,0.13016532103037293,0.16633602460592078,-0.14769703960015382,-0.006151480199923107,-0.186082276047674,-0.13588619761630144,-0.0005536332179930795,-0.13588619761630144,-0.19986159169550174,0.11374086889657825,0.14173010380622836,,,,,0.4668298661708832,-0.45049625635147095,-0.3760307729244232,0.6882780194282532,-0.6226320862770081,-0.46661970019340515,0.7785266041755676,-0.6513108015060425,-0.48836472630500793,0.6962850093841553,-0.6626916527748108,-0.5762439966201782,783.1257934570312,0.28692808747291565
EXPA-179,106.787918,34.594231,0.03543252595155709,0.029773164167627833,0.01574778931180315,0.0629911572472126,0.010396001537870049,-0.12456747404844293,-0.07972318339100345,0.37425605536332185,0.186082276047674,0.17937716262975778,0.2069357939254133,-0.06698961937716265,-0.06698961937716265,-0.029773164167627833,-0.13588619761630144,-0.017777777777777778,-0.044844290657439445,0.11909265667051133,-0.3188927335640138,-0.186082276047674,0.08421376393694734,0.019930795847750864,-0.09842368319876971,0.04822760476739715,0.14173010380622836,-0.012056901191849288,-0.05173394848135333,-0.01574778931180315,0.08421376393694734,0.21413302575932336,-0.09356401384083046,-0.003936947327950788,0.0629911572472126,0.21413302575932336,0.09842368319876971,-0.17279507881584008,-0.14173010380622836,-0.06698961937716265,0.03844675124951941,-0.24415224913494812,0.03844675124951941,0.05173394848135333,0.08882737408688965,-0.05536332179930796,-0.11909265667051133,0.03254133025759323,0.08882737408688965,0.17279507881584008,0.09356401384083046,-0.05173394848135333,-0.03844675124951941,-0.05173394848135333,0.06698961937716265,0.2069357939254133,0.14769703960015382,-0.010396001537870049,0.06698961937716265,-0.14769703960015382,-0.13588619761630144,-0.000984236831987697,-0.16000000000000003,-0.01384083044982699,-0.012056901191849288,0.19986159169550174,,,,,0.3524857461452484,-0.489676833152771,-0.5449269413948059,0.46094298362731934,-0.4796863794326782,-0.45297864079475403,0.8747066855430603,-0.7672405242919922,-0.5516858100891113,0.5340965390205383,-0.5589276552200317,-0.6112349629402161,1702.9779052734375,0.295042484998703
EXPA-180,107.73573,34.760779,-0.007443291041906958,-0.01574778931180315,0.0629911572472126,-0.0015378700499807767,-0.00024605920799692423,-0.11374086889657825,-0.16633602460592078,0.3188927335640138,0.07535563244905807,0.16633602460592078,0.11909265667051133,0.041584006151480196,-0.05536332179930796,-0.11909265667051133,-0.05173394848135333,-0.16000000000000003,-0.21413302575932336,0.07535563244905807,-0.29287197231833906,-0.08421376393694734,-0.12456747404844293,0.06698961937716265,0.01574778931180315,0.07535563244905807,0.07111111111111111,0.03543252595155709,-0.07972318339100345,-0.022206843521722412,0.05173394848135333,0.21413302575932336,-0.09842368319876971,0.16000000000000003,0.10340638216070744,0.17279507881584008,0.04822760476739715,-0.006151480199923107,-0.09356401384083046,-0.09842368319876971,0.05911572472126105,0.029773164167627833,0.08882737408688965,0.11374086889657825,0.041584006151480196,-0.002214532871972318,-0.05911572472126105,0.0629911572472126,0.17279507881584008,-0.06698961937716265,0.05536332179930796,-0.12456747404844293,0.10340638216070744,0.08882737408688965,0.09842368319876971,0.1085121107266436,-0.0629911572472126,-0.14769703960015382,-0.10340638216070744,-0.14769703960015382,-0.34602076124567477,-0.10340638216070744,-0.2679584775086506,-0.11374086889657825,-0.14173010380622836,0.1085121107266436,-12.493618067371965,-15.54319190485554,-10.111232559133414,-16.006872235377518,0.2703412175178528,-0.42457690834999084,-0.5995903611183167,0.4889901280403137,-0.5032579302787781,-0.5167785286903381,0.8070889115333557,-0.6945919990539551,-0.5477102994918823,0.5588235259056091,-0.5812466740608215,-0.6384544372558594,1361.564697265625,0.17914527654647827
EXPA-181,108.561731,32.405666,0.004982698961937716,0.024605920799692427,0.14173010380622836,0.044844290657439445,0.0271280276816609,-0.09356401384083046,-0.22145328719723184,0.34602076124567477,0.07111111111111111,0.17279507881584008,-0.09842368319876971,-0.01574778931180315,-0.044844290657439445,-0.017777777777777778,-0.04822760476739715,-0.05536332179930796,0.024605920799692427,0.17279507881584008,-0.17279507881584008,-0.09842368319876971,-0.0015378700499807767,0.24415224913494812,-0.21413302575932336,0.03254133025759323,0.1085121107266436,-0.0271280276816609,0.04822760476739715,-0.07972318339100345,0.14173010380622836,0.09356401384083046,-0.044844290657439445,-0.03254133025759323,-0.07111111111111111,0.19986159169550174,-0.09356401384083046,-0.17279507881584008,-0.11374086889657825,-0.12456747404844293,0.010396001537870049,-0.12456747404844293,0.044844290657439445,0.2599000384467512,0.006151480199923107,-0.11909265667051133,-0.09842368319876971,0.17937716262975778,0.06698961937716265,0.3278123798539023,0.12456747404844293,-0.03543252595155709,-0.08421376393694734,-0.10340638216070744,0.05911572472126105,0.03844675124951941,0.12456747404844293,-0.06698961937716265,-0.003014225297962322,-0.11909265667051133,-0.16000000000000003,0.008858131487889272,-0.07111111111111111,-0.186082276047674,0.0629911572472126,0.09356401384083046,1.8528844569795573,-6.128008975641864,1.5666156532973203,-3.873411928687866,0.5607985258102417,-0.5643474459648132,-0.586534321308136,0.6216462254524231,-0.5500978231430054,-0.581649124622345,0.859089732170105,-0.7578409910202026,-0.6293264031410217,0.7597949504852295,-0.7000353932380676,-0.6460767984390259,598.3952026367188,0.4637167751789093
EXPA-182,123.379622,44.279597,-0.07972318339100345,-0.01384083044982699,0.11374086889657825,-0.1085121107266436,-0.03543252595155709,-0.05911572472126105,-0.16633602460592078,0.3839138792772011,0.03844675124951941,-0.13588619761630144,0.29287197231833906,-0.2069357939254133,0.09842368319876971,-0.03254133025759323,-0.17279507881584008,-6.151480199923106e-05,-0.05536332179930796,0.041584006151480196,-0.186082276047674,0.08421376393694734,-0.01574778931180315,-0.04822760476739715,0.14769703960015382,-0.003014225297962322,0.17279507881584008,0.16633602460592078,0.07535563244905807,-0.03543252595155709,0.2599000384467512,0.08882737408688965,-0.0015378700499807767,-0.041584006151480196,-0.12456747404844293,0.07535563244905807,-0.05911572472126105,0.21413302575932336,-0.11909265667051133,-0.029773164167627833,0.17279507881584008,-0.14769703960015382,0.044844290657439445,-0.11909265667051133,0.1085121107266436,0.008858131487889272,-0.017777777777777778,0.16000000000000003,0.19986159169550174,-0.029773164167627833,0.14173010380622836,-0.11909265667051133,0.08882737408688965,0.05173394848135333,-0.13588619761630144,-0.022206843521722412,0.10340638216070744,0.04822760476739715,0.05911572472126105,0.0271280276816609,-0.11909265667051133,-0.03844675124951941,-0.186082276047674,-0.03844675124951941,-0.13588619761630144,-0.029773164167627833,,,,,0.16082899272441864,-0.20736165344715118,-0.05015105754137039,0.3677956163883209,-0.48900386691093445,-0.5776530504226685,0.6750830411911011,-0.6434159278869629,-0.6179500818252563,0.3981281518936157,-0.5083495378494263,-0.5782811641693115,155.7980194091797,0.015962233766913414
EXPA-183,109.621923,23.463297,0.07535563244905807,-0.12456747404844293,0.06698961937716265,0.07535563244905807,-0.008858131487889272,-0.04822760476739715,-0.29287197231833906,0.19986159169550174,-0.006151480199923107,0.16633602460592078,-0.17937716262975778,0.19986159169550174,-0.29287197231833906,0.000984236831987697,-0.11374086889657825,-0.01574778931180315,-0.11909265667051133,0.03844675124951941,0.03844675124951941,-0.01574778931180315,-0.14173010380622836,0.13016532103037293,0.1929104190695886,-0.16633602460592078,-0.07972318339100345,0.1085121107266436,-0.010396001537870049,0.01384083044982699,-0.0629911572472126,0.09356401384083046,0.1929104190695886,0.04822760476739715,0.12456747404844293,-0.007443291041906958,-0.14173010380622836,0.14173010380622836,-0.024605920799692427,-0.22145328719723184,-0.024605920799692427,0.06698961937716265,0.10340638216070744,0.09356401384083046,0.05536332179930796,0.2288965782391388,-0.007443291041906958,0.07111111111111111,-0.002214532871972318,0.07535563244905807,0.044844290657439445,0.05173394848135333,0.012056901191849288,-0.17279507881584008,-0.019930795847750864,0.012056901191849288,0.022206843521722412,-0.2288965782391388,-0.14769703960015382,0.11374086889657825,-0.13588619761630144,-0.019930795847750864,0.09356401384083046,-0.3014225297962323,-0.11909265667051133,-0.029773164167627833,-9.859522211029836,-18.157333074103658,-9.950190520504874,-13.929600283748474,0.8588299751281738,-0.7881109714508057,-0.5345327854156494,0.8393664956092834,-0.7877954840660095,-0.6006208062171936,0.8654997944831848,-0.7505943179130554,-0.5309896469116211,0.891056478023529,-0.8098933100700378,-0.5478662252426147,117.24591064453125,0.12756973505020142
EXPA-184,107.338495,32.197616,0.07111111111111111,0.15378700499807765,0.15378700499807765,0.03543252595155709,0.08421376393694734,0.19986159169550174,-0.186082276047674,0.08882737408688965,-0.022206843521722412,0.13588619761630144,0.1085121107266436,0.05911572472126105,-0.2288965782391388,0.07111111111111111,-0.07111111111111111,-0.2288965782391388,0.006151480199923107,0.024605920799692427,-0.16633602460592078,0.002214532871972318,-0.15378700499807765,0.008858131487889272,-0.019930795847750864,-0.16633602460592078,-0.07111111111111111,0.05173394848135333,-0.09842368319876971,-0.16633602460592078,0.012056901191849288,0.12456747404844293,-0.004982698961937716,0.14173010380622836,0.09356401384083046,0.07535563244905807,-0.1085121107266436,0.15378700499807765,-0.2679584775086506,-0.11909265667051133,-0.05911572472126105,0.01574778931180315,-0.05536332179930796,0.11909265667051133,-0.08882737408688965,0.07535563244905807,-0.022206843521722412,0.19986159169550174,0.04822760476739715,0.041584006151480196,0.07535563244905807,-0.0271280276816609,0.0629911572472126,-0.08882737408688965,0.08421376393694734,0.16633602460592078,0.11374086889657825,-0.31009611687812383,-0.07972318339100345,0.06698961937716265,-0.15378700499807765,-0.2519646289888504,-0.13588619761630144,-0.2364628988850442,0.012056901191849288,0.03543252595155709,,,,,0.5412058234214783,-0.5635179281234741,-0.4408901333808899,0.30609792470932007,-0.42370662093162537,-0.3774318993091583,0.5767678022384644,-0.5501216053962708,-0.40771952271461487,0.5809460282325745,-0.5788423418998718,-0.4840024411678314,859.0332641601562,0.25049087405204773
EXPA-185,106.897872,33.637795,-0.08421376393694734,-0.03844675124951941,0.16633602460592078,0.1085121107266436,0.07972318339100345,-0.14769703960015382,-0.2364628988850442,0.2288965782391388,0.05536332179930796,-0.006151480199923107,0.1929104190695886,0.04822760476739715,-0.04822760476739715,-0.07535563244905807,-0.17279507881584008,-0.14173010380622836,-0.11374086889657825,-0.07972318339100345,-0.34602076124567477,0.1085121107266436,-0.06698961937716265,-0.05536332179930796,-0.04822760476739715,-0.06698961937716265,0.11909265667051133,-0.11909265667051133,0.029773164167627833,-0.13016532103037293,-0.10340638216070744,0.07972318339100345,0.07111111111111111,0.15378700499807765,0.01384083044982699,0.044844290657439445,-0.17937716262975778,0.08421376393694734,-0.2288965782391388,-0.17279507881584008,-0.019930795847750864,0.044844290657439445,-0.08421376393694734,0.13016532103037293,0.03254133025759323,0.0015378700499807767,-0.08882737408688965,0.21413302575932336,0.16000000000000003,-0.05911572472126105,0.08882737408688965,0.000984236831987697,-0.11374086889657825,-0.017777777777777778,0.041584006151480196,0.15378700499807765,0.0005536332179930795,-0.05911572472126105,-0.044844290657439445,-0.22145328719723184,-0.3014225297962323,-0.05911572472126105,-0.08882737408688965,-0.022206843521722412,-0.13016532103037293,-0.05536332179930796,,,,,0.3659592866897583,-0.48179468512535095,-0.5968567132949829,0.4095885157585144,-0.4894295930862427,-0.5374886989593506,0.8845895528793335,-0.8112639784812927,-0.6314021944999695,0.6635209918022156,-0.7241146564483643,-0.6320288181304932,1059.09326171875,0.03645706921815872
EXPA-186,110.867258,27.091502,0.1085121107266436,0.04822760476739715,0.0629911572472126,0.05536332179930796,0.09842368319876971,-0.05173394848135333,-0.24415224913494812,0.2761399461745483,0.06698961937716265,0.17279507881584008,0.006151480199923107,0.08421376393694734,-0.22145328719723184,-0.044844290657439445,-0.06698961937716265,-0.08882737408688965,-0.11909265667051133,0.11909265667051133,0.06698961937716265,-0.17279507881584008,-0.1085121107266436,0.13016532103037293,0.024605920799692427,-0.11909265667051133,0.05173394848135333,0.21413302575932336,-0.12456747404844293,0.029773164167627833,0.07111111111111111,0.13016532103037293,0.11374086889657825,0.0629911572472126,0.07535563244905807,0.08421376393694734,-0.09356401384083046,0.0629911572472126,-0.2364628988850442,-0.19986159169550174,0.16000000000000003,0.06698961937716265,0.05173394848135333,0.186082276047674,0.0271280276816609,0.13588619761630144,-0.05911572472126105,-0.03543252595155709,-0.01384083044982699,0.186082276047674,0.13016532103037293,-0.008858131487889272,0.007443291041906958,-0.05911572472126105,0.0271280276816609,0.13588619761630144,0.08882737408688965,-0.2599000384467512,-0.13016532103037293,0.07111111111111111,-0.09356401384083046,-0.06698961937716265,-0.10340638216070744,-0.29287197231833906,-0.03543252595155709,0.15378700499807765,-7.704912410375714,-12.906250036227085,-7.765817530756307,-12.738005576428836,0.6431757211685181,-0.5831542611122131,-0.4658590257167816,0.7906137108802795,-0.661641538143158,-0.43791303038597107,0.8304159045219421,-0.7230337858200073,-0.538551390171051,0.7904922366142273,-0.6765806674957275,-0.5419804453849792,382.5519104003906,0.19589298963546753
EXPA-187,109.059488,33.606803,-0.002214532871972318,0.04822760476739715,0.06698961937716265,0.08882737408688965,0.003936947327950788,-0.13588619761630144,-0.15378700499807765,0.36472126105344094,0.17937716262975778,0.17279507881584008,0.14173010380622836,-0.03254133025759323,-0.03543252595155709,-0.012056901191849288,-0.08882737408688965,0.002214532871972318,0.008858131487889272,0.16000000000000003,-0.2761399461745483,-0.17937716262975778,0.08421376393694734,0.041584006151480196,-0.07972318339100345,0.05536332179930796,0.13588619761630144,-0.03543252595155709,-0.01384083044982699,-0.07972318339100345,0.13588619761630144,0.19986159169550174,-0.13016532103037293,0.01384083044982699,0.05911572472126105,0.186082276047674,0.04822760476739715,-0.21413302575932336,-0.12456747404844293,-0.05173394848135333,0.017777777777777778,-0.2288965782391388,0.041584006151480196,0.05173394848135333,0.012056901191849288,-0.09356401384083046,-0.13588619761630144,0.06698961937716265,0.07972318339100345,0.2761399461745483,0.14173010380622836,-0.0015378700499807767,-0.01574778931180315,-0.07972318339100345,0.024605920799692427,0.186082276047674,0.17937716262975778,-0.041584006151480196,0.03844675124951941,-0.17279507881584008,-0.13016532103037293,-0.0271280276816609,-0.12456747404844293,-0.04822760476739715,0.10340638216070744,0.13016532103037293,-0.8660379523341619,-7.322207290049739,-0.8903705615208901,-6.629832040069769,0.3108758330345154,-0.3674698770046234,-0.43573668599128723,0.46554622054100037,-0.4924205243587494,-0.5771032571792603,0.8630983233451843,-0.7632732391357422,-0.6122856140136719,0.5928494930267334,-0.6324856281280518,-0.7171121835708618,1487.9478759765625,0.5657371878623962
EXPA-188,122.208398,47.479846,-0.07535563244905807,0.07972318339100345,0.2519646289888504,-0.186082276047674,-0.03543252595155709,-0.05911572472126105,-0.28444444444444444,0.3839138792772011,0.09356401384083046,-0.041584006151480196,0.11374086889657825,-0.13016532103037293,0.041584006151480196,-0.03844675124951941,-0.1929104190695886,0.13588619761630144,0.05173394848135333,0.10340638216070744,-0.2069357939254133,0.10340638216070744,0.08882737408688965,0.03543252595155709,0.12456747404844293,0.0271280276816609,0.13016532103037293,0.044844290657439445,0.0271280276816609,-0.0271280276816609,0.21413302575932336,0.05536332179930796,0.003936947327950788,0.041584006151480196,-0.08421376393694734,0.06698961937716265,-0.08421376393694734,0.1929104190695886,0.008858131487889272,-0.08882737408688965,0.05536332179930796,-0.044844290657439445,-0.008858131487889272,0.024605920799692427,-0.00024605920799692423,-0.01574778931180315,-0.044844290657439445,0.1929104190695886,0.2288965782391388,-0.2288965782391388,-0.007443291041906958,-0.13588619761630144,0.16000000000000003,-0.03844675124951941,-0.07535563244905807,-0.01574778931180315,0.0005536332179930795,0.05536332179930796,0.022206843521722412,0.017777777777777778,-0.13016532103037293,-0.0629911572472126,-0.15378700499807765,-0.0629911572472126,-0.24415224913494812,-0.09842368319876971,,,,,0.1137656420469284,-0.180229052901268,0.2624738812446594,0.2914746403694153,-0.4716114103794098,-0.627487301826477,0.7764739394187927,-0.67146897315979,-0.5818337798118591,0.48029109835624695,-0.6462653875350952,-0.6459071636199951,458.3511047363281,0.287750780582428
EXPA-189,109.084551,27.132196,0.10340638216070744,0.10340638216070744,0.010396001537870049,0.08421376393694734,0.05173394848135333,-0.08882737408688965,-0.21413302575932336,0.2364628988850442,0.07972318339100345,0.16000000000000003,0.03254133025759323,0.09356401384083046,-0.1929104190695886,-0.01574778931180315,-0.08421376393694734,-0.041584006151480196,0.044844290657439445,0.1085121107266436,-0.11909265667051133,-0.2069357939254133,-0.07535563244905807,-0.03844675124951941,-0.05911572472126105,-0.06698961937716265,0.07535563244905807,0.14769703960015382,-0.022206843521722412,-0.13016532103037293,0.05173394848135333,0.1929104190695886,-0.0629911572472126,0.01574778931180315,0.17279507881584008,0.14173010380622836,-0.09842368319876971,-0.03844675124951941,-0.15378700499807765,-0.05173394848135333,0.10340638216070744,-0.05536332179930796,0.0271280276816609,0.13588619761630144,-0.05911572472126105,0.07535563244905807,-0.06698961937716265,0.0271280276816609,-0.09356401384083046,0.39369473279507883,0.11374086889657825,0.0629911572472126,0.03844675124951941,-0.14769703960015382,0.022206843521722412,0.21413302575932336,0.186082276047674,-0.2364628988850442,-0.022206843521722412,-0.07972318339100345,-0.017777777777777778,-0.186082276047674,-0.09842368319876971,-0.11374086889657825,0.08882737408688965,0.21413302575932336,-4.195306997990321,-8.070955621780742,0.6029332670513795,-7.210213911127514,0.5219645500183105,-0.4854860305786133,-0.12021858245134354,0.793020486831665,-0.6802932024002075,-0.4937500059604645,0.8247694373130798,-0.6934990882873535,-0.44337528944015503,0.7885462641716003,-0.6650118827819824,-0.4341961443424225,793.8951416015625,0.04253005608916283
