point_id,lon,lat,region,stratum,fcs10_code,row_id,Q1,Q2,conf,note,file,invalid,truth_code,A00,A01,A02,A03,A04,A05,A06,A07,A08,A09,A10,A11,A12,A13,A14,A15,A16,A17,A18,A19,A20,A21,A22,A23,A24,A25,A26,A27,A28,A29,A30,A31,A32,A33,A34,A35,A36,A37,A38,A39,A40,A41,A42,A43,A44,A45,A46,A47,A48,A49,A50,A51,A52,A53,A54,A55,A56,A57,A58,A59,A60,A61,A62,A63,s1_vv_w,s1_vh_w,s1_vv_s,s1_vh_s,ndvi_djf,ndwi_djf,mndwi_djf,ndvi_mam,ndwi_mam,mndwi_mam,ndvi_jja,ndwi_jja,mndwi_jja,ndvi_son,ndwi_son,mndwi_son,dem,slope
EXPA2-000,123.2370441352122,42.57057740948945,w1,needle,71,800163,否,稀疏植被,低,框内灰绿裸地为主夹灌丛,judge_A2_00.csv,False,13,0.0935640138408304,-0.0482276047673971,0.1998615916955017,-0.0984236831987697,-0.1245674740484429,0.0415840061514801,-0.2364628988850442,0.4136255286428297,0.0888273740868896,-0.0088581314878892,0.1663360246059207,0.0384467512495194,0.0888273740868896,0.0669896193771626,0.0842137639369473,-0.0629911572472126,0.0009842368319876,-0.0120569011918492,0.0629911572472126,-0.0842137639369473,-0.0199307958477508,-0.2519646289888504,0.2364628988850442,0.0246059207996924,0.0669896193771626,0.2761399461745483,-0.0842137639369473,0.0271280276816609,0.2288965782391388,0.0448442906574394,0.075355632449058,0.0888273740868896,0.1085121107266436,0.1034063821607074,-0.035432525951557,0.17279507881584,-0.0517339484813533,-0.1929104190695886,0.1537870049980776,0.0984236831987697,-0.1301653210303729,-0.0271280276816609,0.0246059207996924,0.0669896193771626,-0.0984236831987697,0.0271280276816609,-0.0984236831987697,0.035432525951557,0.1358861976163014,-0.075355632449058,0.059115724721261,-0.0553633217993079,-0.075355632449058,0.035432525951557,0.0888273740868896,-0.1085121107266436,0.0711111111111111,0.1537870049980776,-0.1793771626297577,-0.0517339484813533,-0.17279507881584,-0.0120569011918492,-0.1137408688965782,0.1085121107266436,,,,,0.7883471846580505,-0.7714958786964417,-0.3258036375045776,0.7519163489341736,-0.6832942962646484,-0.4091193079948425,0.7809287309646606,-0.6898755431175232,-0.4237500131130218,0.7757722735404968,-0.72139972448349,-0.3783783912658691,207.94427490234372,0.0232835710048675
EXPA2-001,121.56887265260224,46.92075900436664,w1,needle,81,831980,否,常绿灌丛,低,均质绿斑无冠形,judge_A2_00.csv,False,9,-0.0553633217993079,0.0022145328719723,0.1537870049980776,-0.0222068435217224,-0.0553633217993079,-0.1190926566705113,-0.1537870049980776,0.454963475586313,0.2288965782391388,-0.0049826989619377,0.3742560553633218,-0.1137408688965782,0.0629911572472126,-0.059115724721261,-0.0669896193771626,0.0888273740868896,0.0711111111111111,0.075355632449058,-0.2214532871972318,-0.17279507881584,0.1245674740484429,-0.1034063821607074,0.0935640138408304,0.0669896193771626,0.186082276047674,0.0888273740868896,-0.0222068435217224,0.0629911572472126,0.186082276047674,0.1537870049980776,-0.0297731641676278,0.0888273740868896,0.0711111111111111,0.1537870049980776,0.0415840061514801,-0.0482276047673971,0.0061514801999231,-0.0629911572472126,0.0888273740868896,-0.1190926566705113,-0.059115724721261,-0.1085121107266436,0.1190926566705113,0.0088581314878892,-0.1034063821607074,0.0482276047673971,0.0246059207996924,-0.0984236831987697,0.1358861976163014,-0.0222068435217224,0.0553633217993079,-0.0177777777777777,-0.0669896193771626,0.0842137639369473,0.1190926566705113,0.1245674740484429,0.1085121107266436,-0.0669896193771626,-0.1137408688965782,-0.0448442906574394,-0.17279507881584,0.0669896193771626,-0.059115724721261,0.1137408688965782,,,,,0.1312669664621353,-0.1341830193996429,0.4252710938453674,0.3244626522064209,-0.4580281674861908,-0.530846118927002,0.8389526009559631,-0.7282230257987976,-0.5600987076759338,0.490848571062088,-0.6019070148468018,-0.5259048938751221,829.9058837890625,0.2348251491785049
EXPA2-002,124.97070280203444,42.753025243694125,w1,needle,81,843301,否,常绿灌丛,低,云状绿斑无冠形,judge_A2_00.csv,False,9,0.0935640138408304,-0.0482276047673971,0.2069357939254133,-0.1034063821607074,-0.0222068435217224,-0.1034063821607074,-0.2214532871972318,0.4872587466359092,0.0984236831987697,0.0711111111111111,0.2214532871972318,-0.035432525951557,-0.059115724721261,0.0629911572472126,-0.075355632449058,-0.0061514801999231,-0.0842137639369473,0.0325413302575932,0.0177777777777777,-0.0935640138408304,0.1301653210303729,-0.0325413302575932,0.16,-0.0669896193771626,0.1085121107266436,0.1537870049980776,-0.1476970396001538,0.075355632449058,0.186082276047674,0.0088581314878892,0.1085121107266436,0.059115724721261,0.0325413302575932,0.16,0.0049826989619377,0.186082276047674,0.0222068435217224,-0.2441522491349481,0.1301653210303729,-0.0039369473279507,-0.1537870049980776,-0.0222068435217224,0.0120569011918492,0.1245674740484429,-0.1137408688965782,0.0517339484813533,0.16,-0.1034063821607074,0.0553633217993079,-0.1034063821607074,0.0629911572472126,-0.0711111111111111,-0.0448442906574394,-0.0246059207996924,-0.0039369473279507,0.0517339484813533,0.075355632449058,0.1998615916955017,-0.1929104190695886,0.0120569011918492,-0.1476970396001538,0.0030142252979623,-0.1245674740484429,-0.0157477893118031,-11.832786514728395,-17.845284939921,-9.427914019127826,-13.536487689265565,0.4673459827899933,-0.501896321773529,-0.0890173390507698,0.5935091376304626,-0.5889967679977417,-0.5034213066101074,0.8363832235336304,-0.7315402030944824,-0.4983404576778412,0.7889987826347351,-0.7200533747673035,-0.5249150395393372,412.9016723632813,0.0990997403860092
EXPA2-003,125.25609756779924,42.969429395638514,w1,needle,71,803006,是,常绿针叶林,中,深绿细密冠层,judge_A2_00.csv,False,6,-0.0138408304498269,-0.0629911572472126,0.16,-0.0797231833910034,-0.0888273740868896,-0.0797231833910034,-0.2519646289888504,0.5206612841214917,0.1476970396001538,-0.0049826989619377,0.2599000384467512,-0.0935640138408304,0.0384467512495194,0.0669896193771626,0.0120569011918492,0.035432525951557,0.0157477893118031,-0.0022145328719723,-0.059115724721261,-0.17279507881584,0.0711111111111111,-0.17279507881584,0.0984236831987697,-0.0448442906574394,0.1085121107266436,0.2761399461745483,-0.0842137639369473,0.0629911572472126,0.2441522491349481,0.0669896193771626,0.0415840061514801,0.0120569011918492,0.0482276047673971,0.1663360246059207,0.0222068435217224,0.0935640138408304,-0.0415840061514801,-0.0669896193771626,0.1476970396001538,0.0222068435217224,-0.1190926566705113,-0.059115724721261,0.0384467512495194,0.0888273740868896,-0.1358861976163014,0.0199307958477508,0.0797231833910034,0.0888273740868896,0.1190926566705113,-0.0842137639369473,0.1245674740484429,-0.0669896193771626,-0.0888273740868896,0.0629911572472126,0.1190926566705113,0.0553633217993079,0.1245674740484429,0.0935640138408304,-0.1245674740484429,0.0246059207996924,-0.1358861976163014,-0.0325413302575932,0.01039600153787,0.0842137639369473,-14.906106474565316,-19.699017904135506,-11.864572706615563,-18.597964316527403,0.3730184435844421,-0.3062480688095093,0.1286930441856384,0.4803865849971771,-0.4167573451995849,-0.3898690938949585,0.7373039126396179,-0.6241610646247864,-0.3224288523197174,0.6913214921951294,-0.6450839042663574,-0.4140934348106384,350.7893371582031,0.1098716855049133
EXPA2-004,125.37305821779158,43.23919347545961,w1,needle,81,844320,否,常绿灌丛,低,密绿无冠形 疑灌丛,judge_A2_00.csv,False,9,0.0138408304498269,-0.075355632449058,0.1663360246059207,-0.0935640138408304,-0.1034063821607074,-0.1245674740484429,-0.2069357939254133,0.4763706266820453,0.1476970396001538,0.0015378700499807,0.2844444444444444,-0.1085121107266436,-0.0061514801999231,0.0448442906574394,-0.0271280276816609,-0.0002460592079969,-0.0888273740868896,-0.0120569011918492,0.0271280276816609,-0.17279507881584,0.1034063821607074,-0.1190926566705113,0.1663360246059207,-0.0669896193771626,0.1085121107266436,0.2599000384467512,-0.0984236831987697,0.075355632449058,0.2069357939254133,-0.0157477893118031,0.1301653210303729,0.0448442906574394,0.0669896193771626,0.1137408688965782,0.0325413302575932,0.1085121107266436,-0.0325413302575932,-0.1358861976163014,0.186082276047674,-0.0415840061514801,-0.1358861976163014,-0.0984236831987697,0.0482276047673971,0.1417301038062283,-0.1190926566705113,0.0120569011918492,0.075355632449058,-0.0030142252979623,0.1085121107266436,-0.0711111111111111,0.0448442906574394,-0.0553633217993079,-0.0842137639369473,0.0797231833910034,0.0842137639369473,0.0935640138408304,0.0984236831987697,0.1358861976163014,-0.16,-0.0222068435217224,-0.1476970396001538,0.0177777777777777,-0.0384467512495194,0.0711111111111111,-12.240441439968034,-19.25805648873224,-10.19474792902938,-16.604021642363186,0.5238853693008423,-0.4649827778339386,-0.0850785374641418,0.5834411382675171,-0.5712451934814453,-0.5107421875,0.8030403256416321,-0.6991591453552246,-0.4340949058532715,0.7297731637954712,-0.6927308440208435,-0.5184729099273682,311.22760009765625,0.072098359465599
EXPA2-005,124.40772861347676,47.903066767551344,w1,needle,71,801978,否,草地,中,浅灰绿均质旱草,judge_A2_00.csv,False,11,0.0888273740868896,-0.0669896193771626,0.1537870049980776,-0.1358861976163014,-0.1358861976163014,0.0157477893118031,-0.1793771626297577,0.4136255286428297,0.0049826989619377,-0.0325413302575932,0.1998615916955017,-0.059115724721261,0.0325413302575932,0.0888273740868896,-0.0384467512495194,-0.0797231833910034,-0.0138408304498269,-0.0553633217993079,0.2069357939254133,-0.1137408688965782,0.1034063821607074,-0.1998615916955017,0.1358861976163014,-0.1190926566705113,0.1301653210303729,0.2519646289888504,-0.01039600153787,0.0984236831987697,0.2519646289888504,-0.0074432910419069,0.1301653210303729,0.0482276047673971,-0.0297731641676278,0.0797231833910034,-0.1085121107266436,0.1358861976163014,-0.0015378700499807,-0.1085121107266436,0.1245674740484429,0.035432525951557,-0.2141330257593233,-0.1417301038062283,-0.0384467512495194,0.1190926566705113,-0.0384467512495194,0.1190926566705113,-0.0297731641676278,-0.0669896193771626,0.16,-0.0138408304498269,0.035432525951557,-0.16,-0.0517339484813533,-0.0246059207996924,0.1137408688965782,0.1137408688965782,0.1137408688965782,0.1663360246059207,-0.1537870049980776,-0.075355632449058,-0.1034063821607074,0.0482276047673971,0.0629911572472126,0.0935640138408304,,,,,0.5038961172103882,-0.4093306362628937,0.3268529772758484,0.6730621457099915,-0.6142169833183289,-0.3845245242118835,0.6998950839042664,-0.659269392490387,-0.4267662167549133,0.7424242496490479,-0.6700282096862793,-0.3798332214355469,174.1716766357422,0.0238958206027746
EXPA2-006,126.86012933912303,43.221945822004514,w1,needle,71,804215,是,常绿针叶林,中,深绿细密冠层,judge_A2_00.csv,False,6,0.1190926566705113,-0.0711111111111111,0.1476970396001538,-0.1245674740484429,-0.0482276047673971,-0.0482276047673971,-0.2844444444444444,0.4237754709727028,0.0888273740868896,0.0517339484813533,0.1137408688965782,0.1245674740484429,0.0120569011918492,0.0888273740868896,0.0297731641676278,0.0009842368319876,0.0384467512495194,-0.1417301038062283,0.0061514801999231,-0.0138408304498269,0.0222068435217224,-0.3100961168781238,0.2519646289888504,-0.0482276047673971,0.059115724721261,0.1476970396001538,-0.1245674740484429,-0.0271280276816609,0.17279507881584,0.059115724721261,0.0297731641676278,0.059115724721261,0.1537870049980776,0.0271280276816609,-0.0842137639369473,0.2288965782391388,-0.01039600153787,-0.1793771626297577,0.1245674740484429,0.16,-0.1417301038062283,0.0553633217993079,-0.0482276047673971,0.0325413302575932,-0.1358861976163014,0.0797231833910034,0.0448442906574394,-0.0199307958477508,0.0888273740868896,-0.0222068435217224,0.1245674740484429,-0.0842137639369473,-0.1301653210303729,0.0711111111111111,0.035432525951557,-0.0448442906574394,0.0120569011918492,0.1034063821607074,-0.1929104190695886,-0.059115724721261,-0.1245674740484429,0.0138408304498269,-0.17279507881584,0.075355632449058,-14.51805473776978,-16.326050313018253,-13.95367588017033,-18.86223307853254,0.7071065306663513,-0.6590262055397034,0.096339114010334,0.783257246017456,-0.6751501560211182,-0.3278106451034546,0.4375152885913849,-0.3866477906703949,-0.12102772295475,0.8386307954788208,-0.7337175607681274,-0.3309196233749389,447.9586181640625,0.0953885614871978
EXPA2-007,124.99387933636474,42.78779004518955,w1,needle,81,843372,否,常绿灌丛,低,均质绿无冠形,judge_A2_00.csv,False,9,0.059115724721261,-0.0669896193771626,0.1998615916955017,-0.1245674740484429,-0.075355632449058,-0.0984236831987697,-0.2364628988850442,0.4444444444444444,0.1190926566705113,0.0246059207996924,0.1998615916955017,-0.0297731641676278,0.0222068435217224,0.0842137639369473,-0.0138408304498269,-0.0517339484813533,-0.0482276047673971,0.0088581314878892,-0.0030142252979623,-0.1245674740484429,0.075355632449058,-0.1537870049980776,0.1663360246059207,-0.035432525951557,0.0482276047673971,0.3014225297962323,-0.1537870049980776,-0.0138408304498269,0.2599000384467512,0.0297731641676278,0.1190926566705113,0.059115724721261,0.0797231833910034,0.1358861976163014,0.0088581314878892,0.1929104190695886,0.0009842368319876,-0.1301653210303729,0.1998615916955017,0.0246059207996924,-0.1190926566705113,-0.0482276047673971,0.0271280276816609,0.1034063821607074,-0.1476970396001538,-0.0177777777777777,0.0553633217993079,0.0157477893118031,0.0325413302575932,-0.1190926566705113,0.1137408688965782,-0.01039600153787,-0.0553633217993079,0.0935640138408304,0.0482276047673971,-0.01039600153787,0.059115724721261,0.1301653210303729,-0.16,-0.0448442906574394,-0.16,0.0030142252979623,-0.1537870049980776,0.0629911572472126,-12.80316563802555,-16.77965380508668,-9.852226255455822,-15.578076399651644,0.5489130616188049,-0.5573770403862,-0.0224137939512729,0.6030398011207581,-0.5700525641441345,-0.4470720589160919,0.7567567825317383,-0.6535432934761047,-0.4198783040046692,0.6633333563804626,-0.6254071593284607,-0.425359159708023,411.73345947265625,0.0990997403860092
EXPA2-008,125.52990406639886,43.52593571415056,w1,needle,71,803331,是,常绿针叶林,中,极暗细密密冠,judge_A2_00.csv,False,6,0.0448442906574394,-0.1085121107266436,0.17279507881584,-0.1085121107266436,-0.1190926566705113,-0.0222068435217224,-0.2679584775086506,0.4444444444444444,0.1301653210303729,0.01039600153787,0.1998615916955017,-0.0297731641676278,0.0984236831987697,0.0984236831987697,0.0888273740868896,-0.0553633217993079,0.0325413302575932,-0.0049826989619377,-0.0015378700499807,-0.1537870049980776,-0.0030142252979623,-0.2599000384467512,0.1417301038062283,-0.0482276047673971,0.0797231833910034,0.292871972318339,-0.0629911572472126,0.0271280276816609,0.2214532871972318,0.1085121107266436,0.0669896193771626,0.0199307958477508,0.0711111111111111,0.0797231833910034,-0.0517339484813533,0.1358861976163014,-0.0888273740868896,-0.0711111111111111,0.1998615916955017,0.1358861976163014,-0.0935640138408304,-0.035432525951557,0.0177777777777777,0.059115724721261,-0.1245674740484429,0.0120569011918492,-0.0797231833910034,0.1034063821607074,0.0629911572472126,-0.075355632449058,0.1537870049980776,-0.035432525951557,-0.0448442906574394,0.0074432910419069,0.1085121107266436,-0.0061514801999231,0.0669896193771626,0.1358861976163014,-0.186082276047674,-0.035432525951557,-0.1085121107266436,-0.0120569011918492,-0.0797231833910034,0.1245674740484429,-13.260168203332764,-20.99670954121684,-13.98743908007914,-17.01316209431058,0.6323974132537842,-0.6135781407356262,-0.0377458781003952,0.6226962208747864,-0.6050798892974854,-0.3715775609016418,0.6308100819587708,-0.5824742317199707,-0.3555445075035095,0.7771906852722168,-0.7218430042266846,-0.4078110754489898,308.0783996582031,0.072098359465599
EXPA2-009,122.48165081279608,42.83063968424205,w1,needle,71,798906,否,草地,低,浅绿细纹 疑草,judge_A2_00.csv,False,11,0.1245674740484429,-0.035432525951557,0.16,-0.1245674740484429,-0.1034063821607074,0.0797231833910034,-0.2214532871972318,0.4136255286428297,-0.0271280276816609,0.0138408304498269,0.1417301038062283,0.0009842368319876,0.1085121107266436,0.1034063821607074,0.0553633217993079,-0.1245674740484429,-0.0384467512495194,-0.0222068435217224,0.1034063821607074,-0.035432525951557,-0.0629911572472126,-0.2761399461745483,0.2364628988850442,-0.035432525951557,0.0669896193771626,0.2441522491349481,-0.0553633217993079,-6.151480199923106e-05,0.2679584775086506,0.0669896193771626,0.0984236831987697,0.059115724721261,0.0271280276816609,0.0888273740868896,-0.1190926566705113,0.1998615916955017,-0.0711111111111111,-0.1476970396001538,0.2141330257593233,0.0669896193771626,-0.0888273740868896,-0.0246059207996924,-0.0074432910419069,0.0842137639369473,-0.075355632449058,0.059115724721261,-0.0448442906574394,0.0222068435217224,0.1245674740484429,-0.0935640138408304,0.0222068435217224,-0.0517339484813533,-0.0669896193771626,0.0030142252979623,0.0888273740868896,-0.1245674740484429,0.0271280276816609,0.1537870049980776,-0.1998615916955017,-0.0711111111111111,-0.1537870049980776,-0.0415840061514801,-0.0935640138408304,0.1137408688965782,,,,,0.6879158616065979,-0.6559275388717651,-0.3884730637073517,0.6141940355300903,-0.5819460153579712,-0.4405940473079681,0.6856745481491089,-0.6334232091903687,-0.4181818068027496,0.6703469753265381,-0.6152526140213013,-0.4140534400939941,254.5281524658203,0.072218619287014
EXPA2-010,125.81260388631128,43.96548138267024,w1,needle,81,845284,否,常绿灌丛,低,绿斑与灰绿裸地混合,judge_A2_00.csv,False,9,0.0177777777777777,-0.0415840061514801,0.186082276047674,-0.1358861976163014,-0.1417301038062283,-0.0629911572472126,-0.2761399461745483,0.4136255286428297,0.0517339484813533,-0.035432525951557,0.2679584775086506,-0.0325413302575932,-0.0222068435217224,0.059115724721261,-0.0199307958477508,-0.0669896193771626,-0.0157477893118031,0.0061514801999231,-0.075355632449058,0.0482276047673971,0.0517339484813533,-0.1358861976163014,0.2069357939254133,-0.059115724721261,0.1085121107266436,0.2288965782391388,-0.0629911572472126,-0.035432525951557,0.3278123798539023,0.0138408304498269,0.0669896193771626,0.0842137639369473,0.0711111111111111,0.1137408688965782,-0.0222068435217224,0.2141330257593233,0.0120569011918492,-0.0888273740868896,0.1476970396001538,-0.0448442906574394,-0.1537870049980776,-0.0553633217993079,-0.0088581314878892,0.1537870049980776,-0.075355632449058,0.0842137639369473,0.1245674740484429,-0.0384467512495194,0.0984236831987697,-0.0384467512495194,0.0984236831987697,-0.0842137639369473,-0.1034063821607074,0.0711111111111111,0.0797231833910034,0.0061514801999231,0.0935640138408304,0.0629911572472126,-0.1417301038062283,-0.1085121107266436,-0.2441522491349481,-0.0138408304498269,-0.0061514801999231,0.0049826989619377,-10.34414886681692,-21.05507993164264,-7.186579648025672,-13.159922808991766,0.5391581654548645,-0.5443378686904907,-0.0703741833567619,0.5933232307434082,-0.5486725568771362,-0.4436363577842712,0.6835193634033203,-0.6095417737960815,-0.4543859660625458,0.7232597470283508,-0.6584967374801636,-0.4933333396911621,229.3216552734375,0.072098359465599
EXPA2-011,123.87628529139164,43.70164618372434,w1,needle,81,840852,是,常绿针叶林,中,极暗细密密冠,judge_A2_00.csv,False,6,0.0888273740868896,-0.1137408688965782,0.1537870049980776,-0.1245674740484429,-0.1358861976163014,0.035432525951557,-0.1998615916955017,0.3839138792772011,-0.0061514801999231,-0.0297731641676278,0.1929104190695886,-0.0384467512495194,0.0984236831987697,0.1417301038062283,0.0553633217993079,-0.1537870049980776,-0.0629911572472126,-0.0157477893118031,0.0669896193771626,-0.0297731641676278,-0.0517339484813533,-0.2844444444444444,0.2141330257593233,-0.0984236831987697,0.0711111111111111,0.2844444444444444,-0.0120569011918492,-0.0138408304498269,0.2288965782391388,0.0669896193771626,0.0797231833910034,0.01039600153787,-0.075355632449058,0.0482276047673971,-0.1476970396001538,0.2214532871972318,-0.0797231833910034,-0.1085121107266436,0.2288965782391388,0.0711111111111111,-0.0842137639369473,-0.0669896193771626,-0.0088581314878892,0.0797231833910034,-0.0935640138408304,0.0888273740868896,-0.035432525951557,0.01039600153787,0.1085121107266436,-0.1034063821607074,0.035432525951557,0.0030142252979623,-0.0271280276816609,-0.0517339484813533,0.0797231833910034,-0.0415840061514801,0.0246059207996924,0.1998615916955017,-0.17279507881584,-0.0629911572472126,-0.0935640138408304,-0.0415840061514801,-0.1190926566705113,0.0935640138408304,-13.111673608774996,-20.610507180151828,-12.570910710772022,-15.971938823532367,0.4573248326778412,-0.4895833432674408,-0.1080773621797561,0.4848188161849975,-0.5758835673332214,-0.4584070742130279,0.7349129915237427,-0.6488388180732727,-0.4023952186107635,0.6950761079788208,-0.6481446027755737,-0.3798712193965912,149.59732055664062,0.0071687358431518
EXPA2-012,125.52128023967131,43.075610262221446,w1,needle,71,803306,是,常绿针叶林,低,暗绿细密冠层 旁有路,judge_A2_00.csv,False,6,-0.0271280276816609,-0.0842137639369473,0.1537870049980776,-0.0222068435217224,-0.0711111111111111,-0.0935640138408304,-0.2441522491349481,0.4444444444444444,0.1417301038062283,-0.0271280276816609,0.292871972318339,-0.0797231833910034,0.0138408304498269,0.0199307958477508,-0.0015378700499807,-0.0120569011918492,-0.01039600153787,0.0482276047673971,-0.0517339484813533,-0.0669896193771626,0.0888273740868896,-0.16,0.1793771626297577,-0.0517339484813533,0.0935640138408304,0.292871972318339,-0.075355632449058,0.0049826989619377,0.2069357939254133,0.0061514801999231,0.0888273740868896,0.0888273740868896,0.1245674740484429,0.2069357939254133,0.0384467512495194,0.1537870049980776,0.0049826989619377,-0.1034063821607074,0.1301653210303729,-0.0074432910419069,-0.1358861976163014,-0.1034063821607074,0.059115724721261,0.1417301038062283,-0.1190926566705113,0.0222068435217224,0.1301653210303729,0.0157477893118031,0.0842137639369473,-0.0888273740868896,0.1190926566705113,-0.035432525951557,-0.0842137639369473,0.1245674740484429,0.1358861976163014,0.0629911572472126,0.1034063821607074,0.1034063821607074,-0.1085121107266436,-0.0553633217993079,-0.1663360246059207,0.0629911572472126,-0.0448442906574394,0.035432525951557,-10.004967380150694,-17.655669110816568,-9.375626743754548,-14.453866319707355,0.437894731760025,-0.39779993891716,0.077345535159111,0.6168489456176758,-0.6155402660369873,-0.5813133716583252,0.7722786664962769,-0.6797431111335754,-0.4985792338848114,0.7828858494758606,-0.7140204310417175,-0.5675371885299683,495.6803588867188,0.072098359465599
EXPA2-013,126.20768294826703,43.57525322324872,w1,needle,71,803742,否,常绿灌丛,低,大片均质绿无冠形,judge_A2_00.csv,False,9,0.059115724721261,-0.0984236831987697,0.2069357939254133,-0.1245674740484429,-0.0935640138408304,-0.0797231833910034,-0.2844444444444444,0.4872587466359092,0.1476970396001538,0.0246059207996924,0.1537870049980776,-0.0553633217993079,0.0120569011918492,0.0711111111111111,0.0271280276816609,-0.0199307958477508,-0.0199307958477508,0.0482276047673971,0.0629911572472126,-0.2069357939254133,0.0935640138408304,-0.1358861976163014,0.1301653210303729,-0.0157477893118031,0.0842137639369473,0.2364628988850442,-0.1358861976163014,0.0325413302575932,0.17279507881584,0.0120569011918492,0.1190926566705113,0.035432525951557,0.0517339484813533,0.1190926566705113,-0.0049826989619377,0.075355632449058,-0.0384467512495194,-0.1034063821607074,0.17279507881584,0.0384467512495194,-0.1358861976163014,-0.0415840061514801,0.0271280276816609,0.1085121107266436,-0.1358861976163014,0.0482276047673971,-0.0138408304498269,0.1245674740484429,0.1537870049980776,-0.0842137639369473,0.0669896193771626,-0.0935640138408304,-0.0415840061514801,0.0415840061514801,0.0711111111111111,0.0482276047673971,0.0797231833910034,0.1793771626297577,-0.2214532871972318,0.075355632449058,-0.1190926566705113,-0.0222068435217224,-0.0482276047673971,0.1245674740484429,-12.580893682638273,-19.43648933865083,-10.391596869252258,-13.569112658443174,0.8763430118560791,-0.8361436128616333,-0.4178999364376068,0.798808753490448,-0.6726154088973999,-0.355932205915451,0.8325623273849487,-0.7196471095085144,-0.4173457622528076,0.8499190211296082,-0.7587682008743286,-0.4050633013248443,405.9477844238281,0.0953885614871978
EXPA2-014,124.99792175514328,42.87295033412408,w1,needle,71,802517,否,常绿灌丛,低,暗绿均质无冠形,judge_A2_00.csv,False,9,-0.0061514801999231,-0.0935640138408304,0.1476970396001538,-0.0553633217993079,-0.0935640138408304,-0.059115724721261,-0.2288965782391388,0.4444444444444444,0.1085121107266436,-0.0199307958477508,0.292871972318339,-0.0271280276816609,0.0384467512495194,0.035432525951557,0.0384467512495194,-0.0553633217993079,0.0061514801999231,-0.0061514801999231,-0.0448442906574394,-0.0711111111111111,0.0448442906574394,-0.2214532871972318,0.1663360246059207,-0.0297731641676278,0.1085121107266436,0.2519646289888504,-0.0669896193771626,0.035432525951557,0.2288965782391388,0.0222068435217224,0.0935640138408304,0.059115724721261,0.17279507881584,0.16,0.0177777777777777,0.17279507881584,-0.0120569011918492,-0.1137408688965782,0.1476970396001538,0.0482276047673971,-0.17279507881584,-0.1034063821607074,0.0384467512495194,0.1245674740484429,-0.0842137639369473,0.0297731641676278,0.0935640138408304,0.0325413302575932,0.1137408688965782,-0.0482276047673971,0.1034063821607074,-0.0553633217993079,-0.1034063821607074,0.0935640138408304,0.16,0.0271280276816609,0.1085121107266436,0.0888273740868896,-0.1537870049980776,-0.0711111111111111,-0.1998615916955017,0.035432525951557,-0.01039600153787,0.0888273740868896,-11.07411885714265,-19.21558376832968,-8.71143859761874,-14.661551636511868,0.395092636346817,-0.3336524665355682,0.1499380469322204,0.5764513611793518,-0.5548387169837952,-0.4429868757724762,0.7134742736816406,-0.6409791707992554,-0.4346895217895508,0.6705376505851746,-0.5705620646476746,-0.3625450134277344,320.3095092773437,0.0990997403860092
EXPA2-015,125.9923567746636,42.73658607399474,w1,needle,71,803589,是,常绿针叶林,中,暗绿密冠纹理细,judge_A2_00.csv,False,6,0.0199307958477508,-0.0553633217993079,0.1998615916955017,-0.1417301038062283,-0.1034063821607074,-0.0935640138408304,-0.2364628988850442,0.5320415224913494,0.1537870049980776,0.0415840061514801,0.17279507881584,-0.0669896193771626,0.0711111111111111,0.0797231833910034,-0.01039600153787,-0.0120569011918492,-0.0517339484813533,0.0629911572472126,0.0157477893118031,-0.1663360246059207,0.075355632449058,-0.1190926566705113,0.1190926566705113,-0.0074432910419069,0.0888273740868896,0.292871972318339,-0.1190926566705113,0.0482276047673971,0.2288965782391388,0.0271280276816609,0.0888273740868896,0.0246059207996924,0.0482276047673971,0.1417301038062283,0.0246059207996924,0.0888273740868896,-0.0517339484813533,-0.0935640138408304,0.186082276047674,0.0177777777777777,-0.1085121107266436,-0.0384467512495194,0.0246059207996924,0.0325413302575932,-0.17279507881584,0.0074432910419069,0.035432525951557,0.1245674740484429,0.0842137639369473,-0.1190926566705113,0.0984236831987697,-0.0384467512495194,-0.0325413302575932,0.0517339484813533,0.0935640138408304,0.0415840061514801,0.0935640138408304,0.1358861976163014,-0.1358861976163014,0.0415840061514801,-0.1537870049980776,-0.0199307958477508,-0.0482276047673971,0.0888273740868896,-12.519979075962826,-19.085901626456064,-10.508398933879077,-14.62414230334894,0.6967963576316833,-0.6997134685516357,-0.4105736911296844,0.7203513979911804,-0.6387726664543152,-0.4004629552364349,0.7323470115661621,-0.6252365708351135,-0.3920163810253143,0.7939637899398804,-0.6995806097984314,-0.4584192335605621,427.348388671875,0.1098716855049133
EXPA2-016,124.92434973337387,42.69993481040266,w1,needle,71,802358,否,常绿灌丛,低,绿斑块状无冠形,judge_A2_00.csv,False,9,-0.0074432910419069,-0.0842137639369473,0.1663360246059207,-0.0711111111111111,-0.075355632449058,-0.1417301038062283,-0.2519646289888504,0.4872587466359092,0.1358861976163014,0.0030142252979623,0.1793771626297577,-0.0842137639369473,0.0271280276816609,0.0711111111111111,-0.0088581314878892,-0.0246059207996924,-0.0222068435217224,0.075355632449058,-0.0517339484813533,-0.1301653210303729,0.0482276047673971,-0.1358861976163014,0.1417301038062283,-0.0271280276816609,0.0517339484813533,0.2844444444444444,-0.1245674740484429,0.01039600153787,0.2679584775086506,0.0199307958477508,0.0711111111111111,-0.0297731641676278,0.0842137639369473,0.1929104190695886,-0.0177777777777777,0.1476970396001538,0.000553633217993,-0.0629911572472126,0.17279507881584,0.0384467512495194,-0.1034063821607074,-0.035432525951557,0.0271280276816609,0.1085121107266436,-0.1793771626297577,0.0246059207996924,0.0842137639369473,0.1417301038062283,0.059115724721261,-0.1085121107266436,0.1034063821607074,-0.0448442906574394,-0.0448442906574394,0.0984236831987697,0.1137408688965782,0.0271280276816609,0.0669896193771626,0.1301653210303729,-0.1301653210303729,0.035432525951557,-0.17279507881584,0.0074432910419069,-0.035432525951557,0.0842137639369473,-13.517949249768034,-18.30313830464826,-10.669808662344789,-17.53383618608952,0.4815543591976166,-0.4678362607955932,-0.0854271352291107,0.5472036004066467,-0.5260370969772339,-0.4570272862911224,0.7068583965301514,-0.6362672448158264,-0.4307053983211517,0.7299501299858093,-0.6916260719299316,-0.5424063205718994,333.8143920898437,0.0990997403860092
EXPA2-017,126.4027970279778,43.64747777209193,w1,needle,71,803861,否,常绿灌丛,低,均质绿斑 邻耕地,judge_A2_00.csv,False,9,0.0246059207996924,-0.075355632449058,0.1417301038062283,-0.0711111111111111,-0.1190926566705113,-0.0415840061514801,-0.3014225297962323,0.4237754709727028,0.1476970396001538,-0.0074432910419069,0.1998615916955017,-0.01039600153787,0.0222068435217224,0.0669896193771626,0.0448442906574394,-0.0415840061514801,0.0415840061514801,-0.0415840061514801,0.0138408304498269,-0.0888273740868896,0.0517339484813533,-0.2519646289888504,0.1793771626297577,-0.0553633217993079,0.0888273740868896,0.3100961168781238,-0.0553633217993079,-0.0061514801999231,0.2214532871972318,0.0448442906574394,0.1085121107266436,0.0935640138408304,0.1034063821607074,0.1034063821607074,-0.0517339484813533,0.1663360246059207,-0.0199307958477508,-0.0935640138408304,0.2214532871972318,0.1137408688965782,-0.1301653210303729,-0.0517339484813533,0.0177777777777777,0.0888273740868896,-0.1085121107266436,0.0177777777777777,0.0325413302575932,0.0629911572472126,0.0842137639369473,-0.0325413302575932,0.1245674740484429,-0.1034063821607074,-0.1034063821607074,0.1034063821607074,0.1190926566705113,-0.0039369473279507,0.0629911572472126,0.1190926566705113,-0.1663360246059207,-0.0669896193771626,-0.1301653210303729,0.0061514801999231,-0.0482276047673971,0.1245674740484429,-12.63902353154796,-19.132250596896696,-10.41951087353075,-15.07583075136014,0.7317820191383362,-0.7233394384384155,-0.2131715714931488,0.7114042043685913,-0.6493458151817322,-0.4217016100883484,0.795772135257721,-0.6992710828781128,-0.4579896032810211,0.8269535899162292,-0.7496746182441711,-0.4459913671016693,324.15106201171875,0.0953885614871978
EXPA2-018,121.88849323069196,47.87557831985728,w1,needle,81,833518,否,草地,中,大片均质绿无结构,judge_A2_00.csv,False,11,-0.0797231833910034,0.0039369473279507,0.1663360246059207,-0.0199307958477508,-0.059115724721261,-0.1137408688965782,-0.16,0.4444444444444444,0.2288965782391388,-0.0009842368319876,0.3936947327950788,-0.1137408688965782,0.0797231833910034,-0.059115724721261,-0.0842137639369473,0.0629911572472126,0.0629911572472126,0.0177777777777777,-0.1998615916955017,-0.16,0.1137408688965782,-0.0935640138408304,0.0984236831987697,0.0271280276816609,0.1793771626297577,0.0935640138408304,-0.0074432910419069,0.1034063821607074,0.186082276047674,0.1245674740484429,-0.0138408304498269,0.0842137639369473,0.0384467512495194,0.1137408688965782,0.0297731641676278,-0.0157477893118031,0.0177777777777777,-0.0984236831987697,0.0797231833910034,-0.1137408688965782,-0.0553633217993079,-0.1245674740484429,0.0984236831987697,0.0199307958477508,-0.1137408688965782,0.0553633217993079,0.0629911572472126,-0.1537870049980776,0.1190926566705113,-0.0246059207996924,0.0482276047673971,0.000553633217993,-0.0797231833910034,0.059115724721261,0.1417301038062283,0.1245674740484429,0.1476970396001538,-0.0629911572472126,-0.1137408688965782,-0.0935640138408304,-0.186082276047674,0.059115724721261,-0.0629911572472126,0.0842137639369473,,,,,0.1108115389943122,-0.0737555399537086,0.1962302327156067,0.3094462454319,-0.454413890838623,-0.6013745665550232,0.8543897271156311,-0.7174021005630493,-0.5056374669075012,0.4761082231998443,-0.6060131788253784,-0.5458483695983887,750.605712890625,0.3958434760570526
EXPA2-019,125.33209504083574,42.95406820428008,w1,needle,71,803108,是,常绿阔叶林,中,密冠团块 冠幅圆浑,judge_A2_00.csv,False,4,0.0074432910419069,-0.1190926566705113,0.17279507881584,-0.0984236831987697,-0.0842137639369473,-0.0797231833910034,-0.2519646289888504,0.4763706266820453,0.1245674740484429,-0.0177777777777777,0.2364628988850442,-0.0888273740868896,0.0325413302575932,0.0797231833910034,0.035432525951557,-0.0325413302575932,-0.0088581314878892,0.0384467512495194,0.0325413302575932,-0.1537870049980776,0.0669896193771626,-0.1537870049980776,0.1417301038062283,-0.0553633217993079,0.0888273740868896,0.3100961168781238,-0.0984236831987697,0.0482276047673971,0.2761399461745483,0.0271280276816609,0.1034063821607074,0.0022145328719723,0.0297731641676278,0.1793771626297577,-0.0138408304498269,0.1034063821607074,-0.0415840061514801,-0.0448442906574394,0.1929104190695886,0.0482276047673971,-0.1190926566705113,-0.0711111111111111,0.0297731641676278,0.1245674740484429,-0.1417301038062283,0.0246059207996924,0.0297731641676278,0.075355632449058,0.075355632449058,-0.1034063821607074,0.1085121107266436,-0.075355632449058,-0.0517339484813533,0.0553633217993079,0.1358861976163014,0.059115724721261,0.0669896193771626,0.1245674740484429,-0.1301653210303729,-0.0030142252979623,-0.1476970396001538,0.0088581314878892,0.0448442906574394,0.0669896193771626,-11.229684842198376,-17.253903772714736,-12.935523662425188,-16.087494610486466,0.4452682137489319,-0.4484265744686126,0.1031468510627746,0.630413830280304,-0.5456204414367676,-0.4256055355072021,0.758505642414093,-0.678446352481842,-0.4875697493553161,0.7719607353210449,-0.7058395743370056,-0.512057900428772,333.7443542480469,0.1098716855049133
EXPA2-020,122.45227590300536,47.60365828335431,w1,needle,81,836158,否,常绿灌丛,低,均匀绿无冠形,judge_A2_00.csv,False,9,-0.0482276047673971,0.0415840061514801,0.1476970396001538,-0.0157477893118031,-0.0711111111111111,-0.1137408688965782,-0.2141330257593233,0.454963475586313,0.1793771626297577,-0.0246059207996924,0.3278123798539023,-0.0984236831987697,0.0271280276816609,-0.059115724721261,-0.075355632449058,0.0629911572472126,0.1245674740484429,0.0222068435217224,-0.3100961168781238,-0.0482276047673971,0.059115724721261,-0.1301653210303729,0.0797231833910034,0.0222068435217224,0.1663360246059207,0.1663360246059207,0.0074432910419069,0.0384467512495194,0.2599000384467512,0.1663360246059207,-0.0415840061514801,0.1034063821607074,0.0842137639369473,0.1301653210303729,-0.0629911572472126,0.0246059207996924,0.0842137639369473,-0.01039600153787,0.1190926566705113,-0.059115724721261,-0.0015378700499807,-0.059115724721261,0.1034063821607074,0.0271280276816609,-0.0482276047673971,0.0246059207996924,0.075355632449058,-0.0984236831987697,0.1190926566705113,0.0199307958477508,0.0448442906574394,-0.0415840061514801,-0.0669896193771626,0.0517339484813533,0.1034063821607074,0.1034063821607074,0.1358861976163014,-0.1190926566705113,-0.1137408688965782,-0.0629911572472126,-0.1537870049980776,0.0246059207996924,-0.1034063821607074,0.1476970396001538,,,,,0.0895407795906066,-0.0453875623643398,0.460324615240097,0.373460054397583,-0.4813971221446991,-0.5750505328178406,0.8130526542663574,-0.7004080414772034,-0.5497527122497559,0.5873505473136902,-0.6028037667274475,-0.5135908722877502,400.138671875,0.287750780582428
EXPA2-021,121.673706046259,46.946091495378816,w1,needle,81,832477,否,常绿灌丛,低,亮绿细网纹 无冠形,judge_A2_00.csv,False,9,-0.0669896193771626,-0.0199307958477508,0.1358861976163014,-0.0120569011918492,-0.0935640138408304,-0.1085121107266436,-0.2288965782391388,0.4035986159169549,0.1929104190695886,-0.0448442906574394,0.3936947327950788,-0.0517339484813533,0.0629911572472126,-0.0669896193771626,-0.0246059207996924,0.075355632449058,0.0842137639369473,0.0325413302575932,-0.292871972318339,-0.075355632449058,0.059115724721261,-0.1663360246059207,0.1137408688965782,0.0553633217993079,0.16,0.1358861976163014,0.0088581314878892,0.075355632449058,0.1929104190695886,0.1245674740484429,-0.0297731641676278,0.1190926566705113,0.1137408688965782,0.1137408688965782,-0.0177777777777777,0.0074432910419069,0.0384467512495194,-0.0669896193771626,0.1245674740484429,-0.0629911572472126,-0.075355632449058,-0.1085121107266436,0.1085121107266436,0.035432525951557,-0.0669896193771626,0.0448442906574394,0.1137408688965782,-0.0984236831987697,0.1358861976163014,0.0138408304498269,0.0711111111111111,-0.0297731641676278,-0.0797231833910034,0.0711111111111111,0.1190926566705113,0.1085121107266436,0.0984236831987697,-0.1137408688965782,-0.0984236831987697,-0.0935640138408304,-0.17279507881584,0.035432525951557,-0.075355632449058,0.1085121107266436,,,,,0.0096748610958457,0.0323757417500019,0.299158364534378,0.3156095743179321,-0.4421315491199493,-0.5889570713043213,0.8378958702087402,-0.7145718336105347,-0.5214105844497681,0.5459713935852051,-0.6588136553764343,-0.6235785484313965,553.3281860351562,0.2348251491785049
EXPA2-022,125.07903962529927,42.58243517123983,w1,needle,81,843624,否,水体,中,近全黑无纹理 疑深水,judge_A2_00.csv,False,23,0.0177777777777777,-0.0984236831987697,0.1793771626297577,-0.0888273740868896,-0.0553633217993079,-0.1358861976163014,-0.1929104190695886,0.4982698961937717,0.1245674740484429,0.0325413302575932,0.2519646289888504,-0.1034063821607074,0.0088581314878892,0.0669896193771626,-0.0517339484813533,-0.0271280276816609,-0.0935640138408304,0.0138408304498269,-0.0061514801999231,-0.1301653210303729,0.1085121107266436,-0.0669896193771626,0.16,-0.0669896193771626,0.075355632449058,0.2844444444444444,-0.1537870049980776,0.0517339484813533,0.2141330257593233,-0.0222068435217224,0.1301653210303729,0.035432525951557,0.0711111111111111,0.1358861976163014,0.0711111111111111,0.1245674740484429,-0.0138408304498269,-0.1245674740484429,0.1476970396001538,-0.0553633217993079,-0.1245674740484429,-0.0888273740868896,0.0517339484813533,0.1358861976163014,-0.1476970396001538,0.000553633217993,0.1137408688965782,0.0088581314878892,0.0797231833910034,-0.1085121107266436,0.0482276047673971,-0.0030142252979623,-0.0415840061514801,0.1137408688965782,0.059115724721261,0.0669896193771626,0.0842137639369473,0.1034063821607074,-0.1476970396001538,0.01039600153787,-0.1793771626297577,0.0297731641676278,-0.1085121107266436,0.0384467512495194,-11.80625142937117,-17.56476304496203,-9.667306966650775,-15.589111397575437,0.4892623722553253,-0.4791344702243805,0.0842985808849334,0.567276656627655,-0.5532323718070984,-0.491994172334671,0.7693079113960266,-0.690194845199585,-0.5007719993591309,0.7425572872161865,-0.6974754929542542,-0.5325596332550049,457.7920227050781,0.1098716855049133
EXPA2-023,126.14030930195808,44.04390430697388,w1,needle,81,845875,是,常绿阔叶林,低,冠层团块 有林隙,judge_A2_00.csv,False,4,0.075355632449058,-0.0482276047673971,0.1793771626297577,-0.1137408688965782,-0.075355632449058,-0.0984236831987697,-0.2599000384467512,0.4656055363321799,0.0888273740868896,0.0448442906574394,0.2364628988850442,-0.0199307958477508,-0.0246059207996924,0.0222068435217224,-0.0553633217993079,-0.000553633217993,-0.0271280276816609,-0.0517339484813533,-0.0002460592079969,-0.0553633217993079,0.1085121107266436,-0.1245674740484429,0.1929104190695886,-0.0629911572472126,0.1085121107266436,0.1793771626297577,-0.0935640138408304,0.0482276047673971,0.2364628988850442,0.0271280276816609,0.059115724721261,0.0271280276816609,0.1034063821607074,0.0935640138408304,-0.0120569011918492,0.1663360246059207,0.0222068435217224,-0.2441522491349481,0.16,-0.0246059207996924,-0.1663360246059207,-0.0384467512495194,-0.0061514801999231,0.1301653210303729,-0.1137408688965782,0.0553633217993079,0.17279507881584,-0.075355632449058,0.1301653210303729,-0.0482276047673971,0.0629911572472126,-0.1137408688965782,-0.1245674740484429,0.0061514801999231,0.0199307958477508,0.0246059207996924,0.1137408688965782,0.1245674740484429,-0.1998615916955017,-0.0271280276816609,-0.1663360246059207,-0.0325413302575932,-0.0669896193771626,0.0297731641676278,-11.099968918511603,-15.480408582778956,-6.907287629799722,-14.449594705026078,0.664947509765625,-0.6558188796043396,-0.1531766802072525,0.6274383664131165,-0.5226634740829468,-0.366178423166275,0.8524395227432251,-0.7460119724273682,-0.4839199781417846,0.7882171869277954,-0.7082949876785278,-0.4828822910785675,252.03309631347656,0.050841636955738
EXPA2-024,126.63321489835444,43.82372723083618,w1,needle,71,804044,是,常绿阔叶林,中,团块冠层 林隙见地,judge_A2_00.csv,False,4,0.0797231833910034,-0.0935640138408304,0.1476970396001538,-0.1137408688965782,-0.0888273740868896,-0.0088581314878892,-0.2214532871972318,0.4444444444444444,0.1358861976163014,0.0177777777777777,0.3014225297962323,-0.0325413302575932,-0.0271280276816609,0.0448442906574394,0.0246059207996924,-0.035432525951557,0.0297731641676278,-0.0222068435217224,0.0199307958477508,-0.0984236831987697,0.1245674740484429,-0.1663360246059207,0.1301653210303729,-0.0669896193771626,0.1085121107266436,0.1998615916955017,-0.1085121107266436,0.0415840061514801,0.2214532871972318,0.035432525951557,0.0984236831987697,0.1245674740484429,0.0711111111111111,0.16,-0.0157477893118031,0.0935640138408304,-0.0271280276816609,-0.1301653210303729,0.1190926566705113,0.0199307958477508,-0.1998615916955017,-0.1301653210303729,0.0384467512495194,0.1537870049980776,-0.0711111111111111,0.0297731641676278,0.075355632449058,-0.0297731641676278,0.16,-0.0222068435217224,0.1034063821607074,-0.1663360246059207,-0.1190926566705113,0.0629911572472126,0.1417301038062283,0.075355632449058,0.1190926566705113,0.0935640138408304,-0.1476970396001538,-0.0271280276816609,-0.17279507881584,0.075355632449058,0.01039600153787,0.0984236831987697,-10.18084550496544,-16.737262579638667,-7.834410349658706,-13.83223787304444,0.611130952835083,-0.5174731016159058,0.114906832575798,0.6631097793579102,-0.5664034485816956,-0.3917421996593475,0.721327006816864,-0.6228775978088379,-0.3928057551383972,0.694888174533844,-0.6298003196716309,-0.4085889458656311,362.9228515625,0.0953885614871978
EXPA2-025,121.70146398853828,47.853479763867945,w1,needle,81,832733,是,常绿阔叶林,低,冠团带浅色林隙,judge_A2_00.csv,False,4,-0.075355632449058,-0.0222068435217224,0.1476970396001538,-0.0222068435217224,-0.059115724721261,-0.1190926566705113,-0.16,0.4035986159169549,0.2441522491349481,-0.0120569011918492,0.4237754709727028,-0.0984236831987697,0.0797231833910034,-0.0797231833910034,-0.0711111111111111,0.0711111111111111,0.0797231833910034,0.0325413302575932,-0.17279507881584,-0.1663360246059207,0.1301653210303729,-0.1190926566705113,0.1245674740484429,0.0448442906574394,0.17279507881584,0.0797231833910034,-0.0222068435217224,0.0984236831987697,0.1793771626297577,0.1137408688965782,-0.01039600153787,0.0711111111111111,0.059115724721261,0.1417301038062283,0.0222068435217224,-0.0138408304498269,0.0138408304498269,-0.0935640138408304,0.0888273740868896,-0.0888273740868896,-0.075355632449058,-0.1301653210303729,0.0842137639369473,0.0297731641676278,-0.1245674740484429,0.059115724721261,0.0482276047673971,-0.1537870049980776,0.1245674740484429,-0.0157477893118031,0.0629911572472126,-0.0074432910419069,-0.0935640138408304,0.075355632449058,0.1358861976163014,0.1537870049980776,0.1034063821607074,-0.0448442906574394,-0.0935640138408304,-0.0935640138408304,-0.186082276047674,0.0888273740868896,-0.0088581314878892,0.0888273740868896,,,,,0.0418189205229282,0.0903934761881828,0.5257936716079712,0.2825552821159363,-0.4127199053764343,-0.5093272924423218,0.8330909609794617,-0.7232096195220947,-0.520145833492279,0.3927125632762909,-0.5021833777427673,-0.4494799375534057,915.3551635742188,0.3958434760570526
EXPA2-026,122.83010731150604,47.79041803092275,w1,needle,81,837421,是,常绿针叶林,中,暗密冠层,judge_A2_00.csv,False,6,0.0629911572472126,-0.0984236831987697,0.1476970396001538,-0.1417301038062283,-0.1245674740484429,-0.0088581314878892,-0.2069357939254133,0.4136255286428297,0.0325413302575932,-0.0325413302575932,0.2844444444444444,-0.075355632449058,0.0842137639369473,0.0553633217993079,-0.0415840061514801,-0.0888273740868896,0.0074432910419069,-0.059115724721261,0.0935640138408304,-0.0797231833910034,0.1085121107266436,-0.2141330257593233,0.1358861976163014,-0.1085121107266436,0.0842137639369473,0.2599000384467512,-0.0049826989619377,0.0629911572472126,0.2519646289888504,0.0074432910419069,0.1301653210303729,0.0199307958477508,0.0297731641676278,0.0935640138408304,-0.1137408688965782,0.1537870049980776,0.000553633217993,-0.0711111111111111,0.1663360246059207,0.0448442906574394,-0.2214532871972318,-0.1358861976163014,-0.0120569011918492,0.1417301038062283,-0.0842137639369473,0.1034063821607074,0.0246059207996924,-0.0553633217993079,0.0935640138408304,-0.0199307958477508,0.0448442906574394,-0.1137408688965782,-0.0797231833910034,0.0325413302575932,0.1537870049980776,0.1358861976163014,0.1034063821607074,0.1137408688965782,-0.1358861976163014,-0.0984236831987697,-0.1137408688965782,0.059115724721261,0.0325413302575932,0.1085121107266436,,,,,0.4270342886447906,-0.3946762979030609,0.3494505584239959,0.5773935317993164,-0.5409970879554749,-0.4589606523513794,0.7490406632423401,-0.652047872543335,-0.4273784756660461,0.6988082528114319,-0.6000000238418579,-0.3978494703769684,283.6932678222656,0.287750780582428
EXPA2-027,124.95722807277266,42.58216567665459,w1,needle,81,843296,否,常绿灌丛,低,绿斑块状 无冠形,judge_A2_00.csv,False,9,0.0553633217993079,-0.0384467512495194,0.1301653210303729,-0.0448442906574394,0.0074432910419069,-0.1537870049980776,-0.292871972318339,0.4444444444444444,0.0888273740868896,0.0553633217993079,0.2214532871972318,0.0553633217993079,-0.0553633217993079,-0.0022145328719723,-0.0888273740868896,-0.0325413302575932,-0.0842137639369473,0.0138408304498269,-0.0415840061514801,0.0482276047673971,0.1085121107266436,-0.0888273740868896,0.1476970396001538,-0.0120569011918492,0.1085121107266436,0.1793771626297577,-0.1085121107266436,-0.0384467512495194,0.1417301038062283,-0.0297731641676278,0.1476970396001538,0.0797231833910034,0.186082276047674,0.1034063821607074,0.0157477893118031,0.2441522491349481,0.0177777777777777,-0.2141330257593233,0.2069357939254133,0.0120569011918492,-0.2214532871972318,-0.0222068435217224,0.0482276047673971,0.0984236831987697,-0.1417301038062283,0.1301653210303729,0.1663360246059207,-0.0246059207996924,0.01039600153787,-0.035432525951557,0.0415840061514801,-0.1085121107266436,-0.0517339484813533,0.0984236831987697,0.0384467512495194,-0.0088581314878892,-0.0039369473279507,0.0888273740868896,-0.2069357939254133,-0.0415840061514801,-0.1190926566705113,0.0669896193771626,-0.1085121107266436,-0.0120569011918492,-5.451174534733703,-13.35334949957321,-5.717419464956468,-10.546203014949173,0.6522574424743652,-0.6443594694137573,-0.1859956234693527,0.6766809821128845,-0.6187845468521118,-0.446153849363327,0.8198581337928772,-0.7195510268211365,-0.4427430033683777,0.8307839632034302,-0.7572838068008423,-0.5255605578422546,408.2820129394531,0.0990997403860092
EXPA2-028,126.2254695908926,44.146851238533976,w1,needle,81,846039,否,常绿灌丛,低,均质绿 无冠形,judge_A2_00.csv,False,9,-0.0074432910419069,-0.01039600153787,0.16,-0.0669896193771626,-0.0629911572472126,-0.1537870049980776,-0.186082276047674,0.454963475586313,0.1417301038062283,0.0088581314878892,0.3368550557477893,-0.0553633217993079,-0.0074432910419069,-0.035432525951557,-0.075355632449058,0.0074432910419069,-0.0517339484813533,-0.0177777777777777,-0.0711111111111111,-0.0482276047673971,0.1358861976163014,-0.0482276047673971,0.0984236831987697,-0.0157477893118031,0.17279507881584,0.2214532871972318,-0.0842137639369473,0.0553633217993079,0.2069357939254133,-0.0120569011918492,0.0888273740868896,0.1137408688965782,0.0797231833910034,0.1137408688965782,0.0797231833910034,0.1137408688965782,-0.0415840061514801,-0.2141330257593233,0.1417301038062283,-0.0482276047673971,-0.1663360246059207,-0.0669896193771626,0.0629911572472126,0.0935640138408304,-0.1245674740484429,0.0177777777777777,0.17279507881584,-0.1034063821607074,0.0984236831987697,-0.0297731641676278,0.0669896193771626,-0.0517339484813533,-0.1301653210303729,0.0629911572472126,0.0199307958477508,0.0797231833910034,0.1358861976163014,0.0448442906574394,-0.1663360246059207,-0.0448442906574394,-0.2069357939254133,0.0271280276816609,-0.1137408688965782,0.0039369473279507,-10.160107824888916,-17.787411001478777,-7.58171202923141,-14.300829834022029,0.4478656351566314,-0.4413096606731415,-0.0912181288003921,0.5726425051689148,-0.5286059379577637,-0.4575799703598022,0.8165345191955566,-0.7275174856185913,-0.5077821016311646,0.7092351913452148,-0.7058506011962891,-0.551468551158905,297.0472106933594,0.050841636955738
EXPA2-029,126.48768782232708,43.65798806091613,w1,needle,71,803917,否,常绿灌丛,低,灌草斑块 无冠形,judge_A2_00.csv,False,9,-0.0669896193771626,-0.1245674740484429,0.1301653210303729,-0.035432525951557,-0.1137408688965782,-0.1245674740484429,-0.2288965782391388,0.4444444444444444,0.17279507881584,-0.0297731641676278,0.3100961168781238,-0.0711111111111111,0.0138408304498269,-0.0448442906574394,0.0157477893118031,-0.0629911572472126,0.0984236831987697,0.0246059207996924,-0.1929104190695886,-0.059115724721261,0.075355632449058,-0.1663360246059207,0.0297731641676278,0.0061514801999231,0.1663360246059207,0.2599000384467512,-0.0222068435217224,0.035432525951557,0.1929104190695886,0.0629911572472126,0.0415840061514801,0.075355632449058,0.1085121107266436,0.1358861976163014,0.059115724721261,0.059115724721261,-0.0222068435217224,-0.1190926566705113,0.186082276047674,0.0030142252979623,-0.1476970396001538,-0.1085121107266436,0.075355632449058,0.0553633217993079,-0.0669896193771626,0.0120569011918492,0.1245674740484429,0.035432525951557,0.1034063821607074,-0.0448442906574394,0.0935640138408304,-0.0415840061514801,-0.0842137639369473,0.1245674740484429,0.1929104190695886,0.0711111111111111,0.1190926566705113,0.0246059207996924,-0.1085121107266436,-0.0157477893118031,-0.17279507881584,0.0246059207996924,-0.0448442906574394,0.1034063821607074,-12.061218393204348,-15.98325679783335,-8.66319629897051,-14.003559022323548,,,,,,,,,,,,,,
EXPA2-030,126.57311760584686,44.27647813403242,w1,needle,81,846517,否,常绿灌丛,低,均质绿 无冠形,judge_A2_00.csv,False,9,-0.0984236831987697,-0.0415840061514801,0.16,-0.0669896193771626,-0.0842137639369473,-0.1476970396001538,-0.1663360246059207,0.4763706266820453,0.2069357939254133,-0.035432525951557,0.3278123798539023,-0.1245674740484429,0.0157477893118031,-0.0061514801999231,-0.1137408688965782,0.075355632449058,-0.0482276047673971,0.0030142252979623,-0.1417301038062283,-0.1417301038062283,0.1034063821607074,0.01039600153787,0.0297731641676278,0.0138408304498269,0.1537870049980776,0.1998615916955017,-0.0517339484813533,0.0888273740868896,0.2069357939254133,-0.0049826989619377,0.035432525951557,0.0384467512495194,-0.0415840061514801,0.1034063821607074,0.1085121107266436,0.0629911572472126,-0.0669896193771626,-0.1358861976163014,0.0984236831987697,-0.1245674740484429,-0.0842137639369473,-0.1085121107266436,0.1137408688965782,0.035432525951557,-0.1137408688965782,0.0517339484813533,0.1537870049980776,-0.0629911572472126,0.1358861976163014,-0.059115724721261,0.0448442906574394,0.0199307958477508,-0.0935640138408304,0.0384467512495194,0.0629911572472126,0.1417301038062283,0.1998615916955017,0.0297731641676278,-0.1245674740484429,-0.0138408304498269,-0.1998615916955017,0.0157477893118031,-0.0842137639369473,0.0271280276816609,-12.206671905765866,-18.9768261821971,-8.844079520861953,-15.23534360555188,0.1332428753376007,-0.1914408057928085,0.0594392530620098,0.3889705836772918,-0.5280081033706665,-0.5740098357200623,0.8588421940803528,-0.7712846398353577,-0.572705864906311,0.6567783355712891,-0.6880077719688416,-0.5071868300437927,301.2126159667969,0.050841636955738
EXPA2-031,124.9297396250786,43.48443354802424,w1,needle,81,843239,是,常绿针叶林,低,极暗密冠 邻溪流,judge_A2_00.csv,False,6,0.059115724721261,-0.0797231833910034,0.1929104190695886,-0.1245674740484429,-0.0711111111111111,0.0669896193771626,-0.2519646289888504,0.4237754709727028,0.0517339484813533,-0.0120569011918492,0.1417301038062283,-0.0039369473279507,0.0842137639369473,0.1793771626297577,0.0842137639369473,-0.0271280276816609,-0.01039600153787,-0.0039369473279507,0.0246059207996924,-0.0842137639369473,-0.035432525951557,-0.2519646289888504,0.2599000384467512,-0.035432525951557,0.0199307958477508,0.3278123798539023,-0.0984236831987697,-0.035432525951557,0.2364628988850442,0.0415840061514801,0.0629911572472126,0.0415840061514801,0.0297731641676278,0.0711111111111111,-0.0039369473279507,0.1998615916955017,-0.1034063821607074,-0.0888273740868896,0.1663360246059207,0.1085121107266436,-0.0629911572472126,-0.0297731641676278,0.0325413302575932,0.0297731641676278,-0.0984236831987697,0.0448442906574394,-0.0415840061514801,0.0711111111111111,0.0517339484813533,-0.1137408688965782,0.1358861976163014,0.0138408304498269,-0.0842137639369473,0.0448442906574394,0.0797231833910034,-0.0888273740868896,0.0629911572472126,0.1998615916955017,-0.1537870049980776,-0.0448442906574394,-0.1476970396001538,-0.0325413302575932,-0.1034063821607074,0.0669896193771626,-14.63011890195294,-21.291048420241086,-12.02165054524265,-18.14526266807957,0.5596817135810852,-0.5586481094360352,0.06050955504179,0.4883099496364593,-0.5474908947944641,-0.3765550255775451,0.608818531036377,-0.540043294429779,-0.2338891327381134,0.6243504285812378,-0.6076414585113525,-0.3270321488380432,298.3511657714844,0.0761895477771759
EXPA2-032,124.95992301862502,42.6506173013045,w1,needle,71,802461,是,常绿阔叶林,低,冠团密集 有林隙,judge_A2_00.csv,False,4,0.059115724721261,-0.1034063821607074,0.17279507881584,-0.1137408688965782,-0.0797231833910034,-0.0797231833910034,-0.2761399461745483,0.5206612841214917,0.1245674740484429,0.0482276047673971,0.0935640138408304,-0.0711111111111111,0.0384467512495194,0.1358861976163014,0.0415840061514801,-0.0415840061514801,0.0199307958477508,0.0517339484813533,0.0177777777777777,-0.17279507881584,0.0325413302575932,-0.16,0.1537870049980776,-0.0297731641676278,0.0482276047673971,0.2679584775086506,-0.1245674740484429,0.0384467512495194,0.2214532871972318,0.0415840061514801,0.0842137639369473,-0.0325413302575932,0.0482276047673971,0.1537870049980776,-0.0246059207996924,0.1301653210303729,-0.0384467512495194,-0.0629911572472126,0.1663360246059207,0.1034063821607074,-0.1034063821607074,0.0074432910419069,0.0120569011918492,0.0797231833910034,-0.16,0.0384467512495194,-0.0002460592079969,0.1476970396001538,0.059115724721261,-0.1085121107266436,0.1137408688965782,-0.0517339484813533,-0.0138408304498269,0.0415840061514801,0.1034063821607074,0.0120569011918492,0.035432525951557,0.186082276047674,-0.17279507881584,0.059115724721261,-0.1085121107266436,-0.0415840061514801,-0.075355632449058,0.1085121107266436,-11.524076258312189,-20.46811978790272,-13.648362840579717,-17.121561750383023,0.5732156038284302,-0.53757643699646,-0.0516224205493927,0.6300405263900757,-0.6269165277481079,-0.4988558292388916,0.7751795649528503,-0.6877878308296204,-0.4169632196426391,0.8020251989364624,-0.7274168133735657,-0.492250919342041,342.7844543457031,0.0990997403860092
EXPA2-033,126.18100298432869,44.28132903656667,w1,needle,71,803729,否,常绿灌丛,低,均质绿 无冠形,judge_A2_00.csv,False,9,0.1034063821607074,-0.0984236831987697,0.1476970396001538,-0.1301653210303729,-0.1245674740484429,0.0138408304498269,-0.2214532871972318,0.454963475586313,0.0517339484813533,0.0157477893118031,0.2214532871972318,-0.0061514801999231,0.035432525951557,0.1085121107266436,0.0022145328719723,-0.0984236831987697,-0.0517339484813533,-0.0297731641676278,0.0711111111111111,-0.0482276047673971,0.0669896193771626,-0.2214532871972318,0.1998615916955017,-0.0629911572472126,0.0935640138408304,0.2679584775086506,-0.0415840061514801,0.0325413302575932,0.2069357939254133,-0.0049826989619377,0.1085121107266436,0.0415840061514801,0.0629911572472126,0.075355632449058,-0.0246059207996924,0.1417301038062283,-0.0553633217993079,-0.1537870049980776,0.1793771626297577,0.0448442906574394,-0.1929104190695886,-0.1137408688965782,-0.0157477893118031,0.1245674740484429,-0.075355632449058,0.0553633217993079,0.0517339484813533,-0.0384467512495194,0.1085121107266436,-0.0448442906574394,0.1085121107266436,-0.0984236831987697,-0.0888273740868896,0.0120569011918492,0.0888273740868896,0.0246059207996924,0.0888273740868896,0.16,-0.2141330257593233,-0.075355632449058,-0.17279507881584,-0.0002460592079969,-0.0415840061514801,0.0797231833910034,-12.008163799130088,-16.526737582337468,-8.848910366300089,-13.43065920051149,0.6555101871490479,-0.6878901124000549,-0.1944146007299423,0.5995081067085266,-0.6157349944114685,-0.4289230704307556,0.7423133254051208,-0.6861494779586792,-0.4734026789665222,0.7616265416145325,-0.7210045456886292,-0.4780008494853973,243.798828125,0.050841636955738
EXPA2-034,126.38096796657368,43.11845990127394,w1,needle,81,846242,是,常绿针叶林,中,暗密冠 邻裸地,judge_A2_00.csv,False,6,-0.035432525951557,-0.0797231833910034,0.2599000384467512,-0.0935640138408304,-0.0553633217993079,-0.1663360246059207,-0.2519646289888504,0.5320415224913494,0.16,0.0448442906574394,0.17279507881584,-0.1245674740484429,0.0325413302575932,0.0482276047673971,-0.0888273740868896,0.0039369473279507,0.0015378700499807,0.1358861976163014,-0.0935640138408304,-0.1301653210303729,0.0888273740868896,-0.0074432910419069,0.075355632449058,0.0088581314878892,0.0669896193771626,0.1929104190695886,-0.1137408688965782,0.0448442906574394,0.2364628988850442,0.0157477893118031,0.0482276047673971,-0.0120569011918492,0.0553633217993079,0.1929104190695886,0.0669896193771626,0.0984236831987697,0.0157477893118031,-0.1190926566705113,0.0935640138408304,-0.035432525951557,-0.0984236831987697,0.0039369473279507,0.0325413302575932,0.0246059207996924,-0.1998615916955017,0.0384467512495194,0.1085121107266436,0.0842137639369473,0.0517339484813533,-0.1301653210303729,0.0984236831987697,0.0246059207996924,-0.0482276047673971,0.0669896193771626,0.0888273740868896,0.0669896193771626,0.1301653210303729,0.0888273740868896,-0.1137408688965782,0.0888273740868896,-0.1663360246059207,-0.035432525951557,-0.1085121107266436,0.0297731641676278,-13.884496091847486,-19.153935226533072,-9.028822921941488,-13.811393753944284,0.4979740679264068,-0.476142942905426,0.009230769239366,0.6680788993835449,-0.6244131326675415,-0.4378194212913513,0.7538720369338989,-0.6340044736862183,-0.3411196172237396,0.7686314582824707,-0.7032842636108398,-0.4485661685466766,457.3318176269531,0.0953885614871978
EXPA2-035,125.56871128667282,43.11145304205781,w1,needle,81,844827,是,针阔混交林,低,深浅冠团混杂,judge_A2_00.csv,False,8,-0.0984236831987697,-0.0888273740868896,0.17279507881584,-0.0448442906574394,-0.1085121107266436,-0.1663360246059207,-0.186082276047674,0.4982698961937717,0.1998615916955017,-0.0222068435217224,0.3188927335640138,-0.1358861976163014,0.0415840061514801,-0.0022145328719723,-0.0415840061514801,0.0325413302575932,0.0297731641676278,0.0517339484813533,-0.2069357939254133,-0.1301653210303729,0.0888273740868896,-0.0325413302575932,0.0074432910419069,0.01039600153787,0.1358861976163014,0.2069357939254133,-0.0482276047673971,0.075355632449058,0.1663360246059207,0.0553633217993079,0.01039600153787,-0.0120569011918492,0.0553633217993079,0.1537870049980776,0.0842137639369473,0.01039600153787,-0.0384467512495194,-0.0984236831987697,0.1417301038062283,-0.1085121107266436,-0.0842137639369473,-0.075355632449058,0.1085121107266436,0.0157477893118031,-0.1537870049980776,0.0448442906574394,0.1476970396001538,0.0797231833910034,0.0842137639369473,-0.0669896193771626,0.0629911572472126,-0.0088581314878892,-0.075355632449058,0.1034063821607074,0.1663360246059207,0.0984236831987697,0.1476970396001538,0.01039600153787,-0.0842137639369473,0.0271280276816609,-0.16,-6.151480199923106e-05,-0.035432525951557,0.0629911572472126,-13.88952695663,-20.31661247142946,-11.417348266821952,-17.772882100798647,0.0968955755233764,-0.0912494137883186,0.0571584105491638,0.3931854963302612,-0.43910613656044,-0.5312792062759399,0.7881639003753662,-0.6771989464759827,-0.4965593814849853,0.5676559805870056,-0.5963826775550842,-0.5145964622497559,402.8641662597656,0.072098359465599
EXPA2-036,125.28089106964092,42.99071946787215,w1,needle,81,844141,否,常绿灌丛,低,均质绿云斑 无冠形,judge_A2_00.csv,False,9,0.0797231833910034,-0.0935640138408304,0.2141330257593233,-0.1301653210303729,-0.0842137639369473,-0.059115724721261,-0.2441522491349481,0.4982698961937717,0.0935640138408304,0.0448442906574394,0.1929104190695886,-0.0669896193771626,0.0325413302575932,0.1190926566705113,-0.0384467512495194,-0.0711111111111111,-0.0888273740868896,0.0669896193771626,0.0482276047673971,-0.1245674740484429,0.059115724721261,-0.1085121107266436,0.1245674740484429,-0.0553633217993079,0.075355632449058,0.2288965782391388,-0.16,0.0711111111111111,0.2214532871972318,0.0138408304498269,0.0984236831987697,0.0297731641676278,-0.035432525951557,0.17279507881584,-0.0199307958477508,0.16,-0.0415840061514801,-0.1301653210303729,0.16,0.0415840061514801,-0.17279507881584,-0.0384467512495194,0.0325413302575932,0.1137408688965782,-0.1663360246059207,0.0553633217993079,0.0669896193771626,0.0074432910419069,0.0629911572472126,-0.1137408688965782,0.0935640138408304,-0.0448442906574394,-0.0120569011918492,-0.0157477893118031,0.0448442906574394,0.0271280276816609,0.035432525951557,0.186082276047674,-0.2069357939254133,0.0177777777777777,-0.1301653210303729,-0.0199307958477508,-0.0888273740868896,0.0325413302575932,-10.160653414202647,-18.50728043437439,-8.16942592006798,-14.677517201329044,0.5691574215888977,-0.572908341884613,-0.150554671883583,0.661491870880127,-0.5938975811004639,-0.3907356858253479,0.6162879467010498,-0.5224823951721191,-0.234806627035141,0.7749603986740112,-0.696648359298706,-0.4193548262119293,390.7684326171875,0.1098716855049133
EXPA2-037,126.04005731625033,43.70892253752571,w1,needle,81,845701,否,草地,中,浅灰绿平缓草坡,judge_A2_00.csv,False,11,-0.0138408304498269,0.0074432910419069,0.2441522491349481,-0.1137408688965782,-0.1301653210303729,-0.1137408688965782,-0.2214532871972318,0.5094040753556325,0.1190926566705113,0.0039369473279507,0.2761399461745483,-0.0842137639369473,0.0074432910419069,0.0482276047673971,-0.035432525951557,0.0061514801999231,-0.0157477893118031,-0.0074432910419069,-0.0935640138408304,-0.1034063821607074,0.0415840061514801,-0.0888273740868896,0.17279507881584,-0.0482276047673971,0.1137408688965782,0.2364628988850442,-0.0935640138408304,0.0325413302575932,0.2519646289888504,0.0049826989619377,0.059115724721261,0.0629911572472126,0.0553633217993079,0.1245674740484429,0.0482276047673971,0.1417301038062283,0.0177777777777777,-0.0888273740868896,0.1190926566705113,-0.0935640138408304,-0.0888273740868896,-0.0517339484813533,-0.0074432910419069,0.1085121107266436,-0.1034063821607074,0.0448442906574394,0.1085121107266436,0.0022145328719723,0.1476970396001538,-0.0797231833910034,0.0888273740868896,-0.0009842368319876,-0.1137408688965782,0.0797231833910034,0.059115724721261,0.0061514801999231,0.1663360246059207,0.059115724721261,-0.1358861976163014,-0.0517339484813533,-0.2141330257593233,-0.0297731641676278,-0.059115724721261,0.0517339484813533,-10.70703349365711,-17.86099750009724,-9.693882608755915,-15.148136479934296,0.4055879712104797,-0.404294490814209,0.0390583202242851,0.5249378681182861,-0.5258126258850098,-0.4689507484436035,0.8842602968215942,-0.7736328840255737,-0.5096418857574463,0.6766507625579834,-0.6930744051933289,-0.5018131136894226,253.93142700195312,0.0953885614871978
EXPA2-038,121.6136087537514,46.85419384181339,w1,needle,81,832236,否,常绿灌丛,低,深浅绿斑驳 无冠形,judge_A2_00.csv,False,9,-0.075355632449058,-0.0120569011918492,0.16,-0.035432525951557,-0.0888273740868896,-0.1190926566705113,-0.1663360246059207,0.4340484429065744,0.2288965782391388,-0.0222068435217224,0.4035986159169549,-0.0935640138408304,0.0842137639369473,-0.059115724721261,-0.0553633217993079,0.0711111111111111,0.0384467512495194,0.0517339484813533,-0.2069357939254133,-0.16,0.1137408688965782,-0.0888273740868896,0.1085121107266436,0.0517339484813533,0.16,0.1085121107266436,-0.0325413302575932,0.0669896193771626,0.1663360246059207,0.1301653210303729,-0.0039369473279507,0.1034063821607074,0.0629911572472126,0.1301653210303729,0.0246059207996924,-0.0297731641676278,-0.0039369473279507,-0.0888273740868896,0.0888273740868896,-0.1085121107266436,-0.0629911572472126,-0.1190926566705113,0.1034063821607074,0.0246059207996924,-0.1034063821607074,0.0415840061514801,0.0711111111111111,-0.1358861976163014,0.1358861976163014,-0.0325413302575932,0.075355632449058,0.01039600153787,-0.0711111111111111,0.0669896193771626,0.1034063821607074,0.1190926566705113,0.1358861976163014,-0.0553633217993079,-0.1245674740484429,-0.0888273740868896,-0.1929104190695886,0.0797231833910034,-0.075355632449058,0.0935640138408304,,,,,0.1095986887812614,-0.0839064642786979,0.1294516623020172,0.2867598235607147,-0.3799500465393066,-0.5338608026504517,0.8344322443008423,-0.7429234385490417,-0.5695415735244751,0.5262850522994995,-0.6321049332618713,-0.579285740852356,744.8660888671875,0.2348251491785049
EXPA2-039,125.8864454026659,43.29632632752961,w1,needle,71,803539,是,常绿针叶林,低,暗冠带浅色斑块,judge_A2_00.csv,False,6,-0.0297731641676278,-0.0797231833910034,0.1476970396001538,-0.0199307958477508,-0.1245674740484429,-0.0629911572472126,-0.2288965782391388,0.4656055363321799,0.1663360246059207,-0.0177777777777777,0.3014225297962323,-0.0157477893118031,0.0448442906574394,0.0199307958477508,0.0199307958477508,-0.059115724721261,0.0138408304498269,-0.0271280276816609,-0.0842137639369473,-0.0553633217993079,0.0797231833910034,-0.1998615916955017,0.1301653210303729,-0.0222068435217224,0.1358861976163014,0.2519646289888504,-0.0797231833910034,0.0138408304498269,0.1663360246059207,0.035432525951557,0.0669896193771626,0.1245674740484429,0.1137408688965782,0.1358861976163014,0.0448442906574394,0.1137408688965782,-0.0177777777777777,-0.1034063821607074,0.1537870049980776,0.0325413302575932,-0.1793771626297577,-0.1137408688965782,0.0482276047673971,0.0984236831987697,-0.0984236831987697,0.0325413302575932,0.1245674740484429,0.0199307958477508,0.1137408688965782,-0.059115724721261,0.1190926566705113,-0.0448442906574394,-0.1034063821607074,0.0984236831987697,0.1476970396001538,0.0384467512495194,0.1301653210303729,0.0888273740868896,-0.1793771626297577,-0.075355632449058,-0.1663360246059207,0.059115724721261,-0.059115724721261,0.0711111111111111,-10.78424577029741,-15.488690006586276,-9.312556248973904,-15.452483082216585,0.5269035696983337,-0.4965174198150635,0.0602409653365612,0.6781437397003174,-0.6347064971923828,-0.4577922224998474,0.8012144565582275,-0.6935096383094788,-0.3881223797798157,0.7605512738227844,-0.7010652422904968,-0.3815427124500274,411.9743041992188,0.072098359465599
EXPA2-040,105.33613580550566,33.06415591529461,w2,needle,71,724780,否,水体,中,平滑深绿水面上无树冠，边缘树丛,judge_A2_01.csv,False,23,0.0842137639369473,0.0088581314878892,-0.0138408304498269,0.0888273740868896,0.0030142252979623,-0.075355632449058,-0.1301653210303729,0.292871972318339,0.1476970396001538,0.1793771626297577,0.0797231833910034,-0.0984236831987697,-0.0553633217993079,0.0222068435217224,-0.1358861976163014,-0.0888273740868896,0.059115724721261,0.0842137639369473,-0.2288965782391388,-0.17279507881584,0.0199307958477508,-0.0984236831987697,-0.0935640138408304,-0.0797231833910034,0.0842137639369473,-0.0022145328719723,0.0711111111111111,-0.0415840061514801,0.1476970396001538,0.2141330257593233,-0.0984236831987697,-0.0384467512495194,-0.0138408304498269,0.2069357939254133,-0.0935640138408304,-0.16,-0.1034063821607074,-0.0448442906574394,0.0984236831987697,-0.0888273740868896,0.0049826989619377,0.1085121107266436,-0.0711111111111111,-0.0517339484813533,-0.1476970396001538,0.0415840061514801,-0.0669896193771626,0.3368550557477893,0.0325413302575932,0.0271280276816609,-0.0325413302575932,-0.186082276047674,0.0199307958477508,0.186082276047674,0.292871972318339,-0.1190926566705113,0.0039369473279507,-0.1190926566705113,-0.17279507881584,-0.0935640138408304,-0.0088581314878892,-0.1034063821607074,0.0448442906574394,0.2519646289888504,-10.851717207866526,-15.210333027982545,-15.799712068601735,-21.213272340454445,0.3286449313163757,-0.3382861018180847,-0.1936842054128646,0.7565392255783081,-0.6302521228790283,-0.4541695415973663,0.7982081770896912,-0.6951538324356079,-0.4996699690818786,0.8160665035247803,-0.7153322696685791,-0.5863117575645447,1791.00634765625,0.2591349184513092
EXPA2-041,109.8083984474947,33.27247522968193,w2,needle,71,747499,否,常绿灌丛,低,细碎绒状纹理无冠形树影，疑灌丛,judge_A2_01.csv,False,9,-0.0138408304498269,0.0177777777777777,-0.0415840061514801,0.1476970396001538,-0.0061514801999231,-0.186082276047674,-0.16,0.3014225297962323,0.1793771626297577,0.0842137639369473,0.1998615916955017,0.0797231833910034,-0.1358861976163014,-0.0711111111111111,-0.0984236831987697,-0.0138408304498269,0.0074432910419069,0.0629911572472126,-0.4035986159169549,-0.16,-0.0015378700499807,-0.1929104190695886,-0.0074432910419069,0.0517339484813533,0.16,0.075355632449058,-0.0482276047673971,-0.0222068435217224,0.0415840061514801,0.2441522491349481,-0.1793771626297577,0.1137408688965782,0.1793771626297577,0.16,0.0415840061514801,-0.0888273740868896,-0.1245674740484429,0.0222068435217224,0.0629911572472126,-0.1190926566705113,0.0222068435217224,-0.0517339484813533,0.0842137639369473,-0.0271280276816609,-0.0669896193771626,0.059115724721261,0.0482276047673971,0.1929104190695886,0.1476970396001538,0.0629911572472126,0.0157477893118031,-0.0415840061514801,0.075355632449058,0.1929104190695886,0.1417301038062283,-0.0448442906574394,-0.01039600153787,-0.1663360246059207,-0.1190926566705113,-0.0222068435217224,-0.1417301038062283,-0.0199307958477508,0.0629911572472126,0.1301653210303729,-6.697315371781357,-11.727421202161729,-6.664385369264698,-11.821920673837909,0.2696788907051086,-0.2490914165973663,-0.2765957415103912,0.6626983880996704,-0.5756110548973083,-0.4775995910167694,0.8819217681884766,-0.7780065536499023,-0.5558884143829346,0.595652163028717,-0.566145122051239,-0.6007853150367737,1240.7750244140625,0.5657371878623962
EXPA2-042,106.64210656555862,31.61454454131094,w2,needle,71,730561,是,常绿阔叶林,低,冠团浑圆林隙少，像质模糊,judge_A2_01.csv,False,4,0.0935640138408304,-0.0297731641676278,0.0888273740868896,0.035432525951557,0.0517339484813533,-0.0415840061514801,-0.292871972318339,0.2761399461745483,0.0629911572472126,0.1929104190695886,-0.0669896193771626,0.0669896193771626,-0.1537870049980776,0.0553633217993079,-0.0842137639369473,-0.2141330257593233,-0.0797231833910034,0.075355632449058,0.0039369473279507,-0.0482276047673971,-0.1245674740484429,0.0984236831987697,-0.0553633217993079,-0.1245674740484429,0.0246059207996924,0.1929104190695886,-0.0415840061514801,-0.0984236831987697,0.1301653210303729,0.1034063821607074,0.1034063821607074,0.0629911572472126,-0.0002460592079969,0.0482276047673971,-0.1301653210303729,0.0711111111111111,-0.2599000384467512,-0.1417301038062283,0.186082276047674,0.0842137639369473,-0.0120569011918492,0.2288965782391388,-0.0517339484813533,0.0177777777777777,-0.0984236831987697,6.151480199923106e-05,-0.059115724721261,0.2761399461745483,0.0138408304498269,0.0177777777777777,0.0138408304498269,-0.0935640138408304,0.0415840061514801,0.0797231833910034,0.1190926566705113,-0.2069357939254133,-0.1358861976163014,0.0384467512495194,-0.2364628988850442,-0.0629911572472126,-0.075355632449058,-0.2441522491349481,-0.0009842368319876,0.1137408688965782,,,,,0.5944141149520874,-0.5501770973205566,-0.3575042188167572,0.6966379880905151,-0.5961750745773315,-0.4662129282951355,0.7732742428779602,-0.6312263607978821,-0.444980263710022,0.7833769917488098,-0.6720355749130249,-0.4505268633365631,431.1455078125,0.2042314410209655
EXPA2-043,109.16915729131524,33.80418804635227,w2,needle,71,744051,无法判读,水体,低,目标区全黑无纹理，疑阴影/暗水,judge_A2_01.csv,True,23,0.0222068435217224,0.0049826989619377,-0.0325413302575932,0.0935640138408304,0.0157477893118031,-0.16,-0.1085121107266436,0.2761399461745483,0.1476970396001538,0.16,0.2141330257593233,-0.0384467512495194,-0.1034063821607074,-0.0415840061514801,-0.1358861976163014,-0.0049826989619377,0.0935640138408304,0.0888273740868896,-0.3460207612456747,-0.1663360246059207,0.0888273740868896,-0.1537870049980776,-0.0415840061514801,0.0222068435217224,0.1358861976163014,-0.0669896193771626,-0.0629911572472126,-0.0482276047673971,0.075355632449058,0.2069357939254133,-0.1998615916955017,0.0157477893118031,0.1137408688965782,0.1476970396001538,-0.0049826989619377,-0.1793771626297577,-0.0797231833910034,-0.0297731641676278,0.0138408304498269,-0.1929104190695886,0.0138408304498269,-0.0711111111111111,0.0669896193771626,-0.0157477893118031,-0.1190926566705113,0.1137408688965782,0.0384467512495194,0.2288965782391388,0.0797231833910034,0.0669896193771626,-0.0482276047673971,-0.0935640138408304,0.0384467512495194,0.2844444444444444,0.2214532871972318,0.0177777777777777,0.0222068435217224,-0.1034063821607074,-0.1085121107266436,-0.0711111111111111,-0.0553633217993079,-0.0022145328719723,0.0888273740868896,0.1998615916955017,-4.835862460512407,-10.832525204941629,-3.704528892854542,-9.965366722899256,0.3495440781116485,-0.3636363744735718,-0.4196078479290008,0.4839751124382019,-0.4378909766674042,-0.5136284828186035,0.8442028760910034,-0.7307038307189941,-0.4950589835643768,0.7082211971282959,-0.6330379843711853,-0.5364620685577393,1782.551513671875,0.5657371878623962
EXPA2-044,109.449970649131,33.10943100561423,w2,needle,71,745427,无法判读,常绿阔叶林,低,目标区全黑，仅周边隐约暗绿植被,judge_A2_01.csv,True,4,-0.0088581314878892,-0.0120569011918492,-0.075355632449058,0.1417301038062283,0.0325413302575932,-0.1190926566705113,-0.16,0.2761399461745483,0.16,0.1417301038062283,0.1537870049980776,0.0325413302575932,-0.1190926566705113,-0.0517339484813533,-0.1034063821607074,0.0199307958477508,0.0711111111111111,0.075355632449058,-0.4035986159169549,-0.075355632449058,-0.0199307958477508,-0.1417301038062283,-0.059115724721261,0.0842137639369473,0.0984236831987697,-0.0271280276816609,-0.0448442906574394,-0.0629911572472126,0.0935640138408304,0.2288965782391388,-0.2441522491349481,0.0030142252979623,0.1301653210303729,0.1358861976163014,-0.0297731641676278,-0.1417301038062283,-0.1085121107266436,0.0177777777777777,0.075355632449058,-0.1137408688965782,-0.0222068435217224,-0.0157477893118031,0.0711111111111111,-0.0448442906574394,-0.0935640138408304,0.1417301038062283,0.0325413302575932,0.2599000384467512,0.075355632449058,0.0629911572472126,-0.0448442906574394,-0.0517339484813533,0.0888273740868896,0.1998615916955017,0.2288965782391388,-0.0061514801999231,-0.0120569011918492,-0.1034063821607074,-0.1137408688965782,-0.0120569011918492,-0.1358861976163014,-0.1034063821607074,0.17279507881584,0.1476970396001538,-4.545752443905521,-10.66216629506104,-7.712817444346528,-12.148482538482495,0.2467236518859863,-0.2128603160381317,-0.1986455917358398,0.3827804625034332,-0.2128146439790725,-0.2613497078418731,0.8303693532943726,-0.7015684843063354,-0.4587391018867492,0.5097037553787231,-0.3375565707683563,-0.2353760451078415,1195.7210693359375,0.5657371878623962
EXPA2-045,105.96432768369044,33.49777270293911,w2,needle,71,727208,否,常绿灌丛,低,绒状细纹无冠形，像质软，疑灌丛,judge_A2_01.csv,False,9,0.0222068435217224,0.0120569011918492,0.0888273740868896,0.0157477893118031,0.0157477893118031,-0.0711111111111111,-0.292871972318339,0.3368550557477893,0.0842137639369473,0.2069357939254133,-0.0629911572472126,-0.0271280276816609,-0.0271280276816609,-0.01039600153787,-0.0888273740868896,-0.0888273740868896,-0.0325413302575932,0.17279507881584,-0.186082276047674,-0.1190926566705113,-0.0015378700499807,0.17279507881584,-0.1793771626297577,-0.0246059207996924,0.0553633217993079,-0.0157477893118031,0.0271280276816609,-0.0271280276816609,0.1190926566705113,0.1190926566705113,0.0199307958477508,-0.0246059207996924,-0.0177777777777777,0.2214532871972318,-0.1137408688965782,-0.1137408688965782,-0.1537870049980776,-0.1034063821607074,0.0797231833910034,-0.059115724721261,-0.0074432910419069,0.2519646289888504,-0.0199307958477508,-0.0629911572472126,-0.1417301038062283,0.1537870049980776,0.0553633217993079,0.3553094963475586,0.035432525951557,-0.0629911572472126,-0.0415840061514801,-0.1476970396001538,0.1476970396001538,0.0415840061514801,0.1137408688965782,-0.0935640138408304,-0.0297731641676278,-0.0629911572472126,-0.2214532871972318,0.0199307958477508,-0.059115724721261,-0.186082276047674,0.0177777777777777,0.1301653210303729,0.1788577735502519,-7.873823469511584,-1.1072022059067843,-8.28773835568391,0.5054873824119568,-0.5226901769638062,-0.4712477326393127,0.5520974397659302,-0.5453014373779297,-0.417852520942688,0.7082948088645935,-0.5698497891426086,-0.2962447702884674,0.7000646591186523,-0.6427233219146729,-0.5531250238418579,988.1441650390624,0.2591349184513092
EXPA2-046,108.82474321138382,35.27535898715482,w2,needle,71,742096,否,常绿灌丛,低,浅绿绒团散于暗底，无树冠,judge_A2_01.csv,False,9,0.0842137639369473,-0.0448442906574394,0.1034063821607074,-0.000553633217993,0.01039600153787,-0.0325413302575932,-0.2069357939254133,0.3278123798539023,0.0797231833910034,0.1085121107266436,0.2214532871972318,0.0711111111111111,-0.059115724721261,-0.059115724721261,0.0888273740868896,-0.0669896193771626,-0.0157477893118031,-0.0415840061514801,-0.1085121107266436,-0.1085121107266436,-0.0157477893118031,-0.2679584775086506,0.17279507881584,-0.0448442906574394,0.1417301038062283,0.1301653210303729,-0.1476970396001538,-0.0553633217993079,0.0629911572472126,0.1417301038062283,-0.0039369473279507,0.17279507881584,0.2844444444444444,0.16,-0.0222068435217224,0.059115724721261,-0.1358861976163014,-0.1476970396001538,0.1190926566705113,0.0888273740868896,-0.0842137639369473,0.0271280276816609,-0.0246059207996924,0.1190926566705113,-0.186082276047674,0.0222068435217224,0.0061514801999231,0.1245674740484429,0.075355632449058,0.0222068435217224,0.0984236831987697,-0.0888273740868896,-0.0271280276816609,0.2679584775086506,0.0553633217993079,-0.1301653210303729,-0.075355632449058,-0.0888273740868896,-0.2519646289888504,-0.1190926566705113,-0.1301653210303729,-0.0030142252979623,-0.0842137639369473,0.1137408688965782,-12.35228802625138,-17.209764400776287,-11.63777266851936,-15.696106003266348,0.5119616985321045,-0.4856605529785156,-0.2365666478872299,0.6338285803794861,-0.4975906014442444,-0.4165450036525726,0.8583396673202515,-0.719924807548523,-0.4695149064064026,0.6354166865348816,-0.568431556224823,-0.4166103899478912,1503.82080078125,0.3070673048496246
EXPA2-047,107.7114610797745,32.754506636858615,w2,needle,71,735918,是,常绿阔叶林,低,暗绿浑圆冠块，像质软,judge_A2_01.csv,False,4,0.0384467512495194,0.0199307958477508,-0.01039600153787,0.1034063821607074,0.075355632449058,-0.1137408688965782,-0.0888273740868896,0.2844444444444444,0.1417301038062283,0.1190926566705113,0.1245674740484429,-0.0199307958477508,-0.1245674740484429,-0.0039369473279507,-0.0984236831987697,0.0138408304498269,0.1537870049980776,0.1034063821607074,-0.2441522491349481,-0.16,0.075355632449058,-0.0222068435217224,-0.1301653210303729,0.0888273740868896,0.1137408688965782,-0.0984236831987697,0.000553633217993,-0.1085121107266436,0.1034063821607074,0.1301653210303729,-0.1998615916955017,-0.0797231833910034,0.0517339484813533,0.16,-0.0711111111111111,-0.2069357939254133,-0.0553633217993079,0.0022145328719723,0.0199307958477508,-0.16,-0.000553633217993,0.0271280276816609,0.0553633217993079,-0.0482276047673971,-0.1245674740484429,0.1663360246059207,-0.0009842368319876,0.3278123798539023,0.1358861976163014,0.0888273740868896,-0.1190926566705113,-0.1301653210303729,0.0138408304498269,0.2288965782391388,0.2761399461745483,0.0120569011918492,0.0246059207996924,-0.1417301038062283,-0.0669896193771626,-0.1085121107266436,-0.0517339484813533,-0.0553633217993079,0.1245674740484429,0.1793771626297577,,,,,0.4357991516590118,-0.423793226480484,-0.2440787851810455,0.5766444802284241,-0.4125281274318695,-0.2165312618017196,0.8719802498817444,-0.7719913125038147,-0.5759081244468689,0.8228749632835388,-0.6939619779586792,-0.5010114908218384,1278.560546875,0.2504908740520477
EXPA2-048,106.71028869562328,33.71714129532109,w2,needle,71,730964,否,水体,中,大面积均匀暗绿平滑面，边缘树冠,judge_A2_01.csv,False,23,0.0325413302575932,-0.0415840061514801,-0.0482276047673971,0.0797231833910034,0.0088581314878892,-0.0888273740868896,-0.1663360246059207,0.2599000384467512,0.2141330257593233,0.17279507881584,0.1190926566705113,0.0120569011918492,-0.0888273740868896,-0.0015378700499807,-0.0888273740868896,-0.0482276047673971,0.1034063821607074,0.0842137639369473,-0.3014225297962323,-0.1476970396001538,0.0669896193771626,-0.1929104190695886,-0.075355632449058,0.0482276047673971,0.1190926566705113,-0.0448442906574394,-0.0629911572472126,-0.0448442906574394,0.1034063821607074,0.1476970396001538,-0.1245674740484429,-0.0482276047673971,0.1537870049980776,0.1190926566705113,-0.0842137639369473,-0.17279507881584,-0.1537870049980776,-0.0199307958477508,0.1034063821607074,-0.1034063821607074,-0.0177777777777777,0.000553633217993,0.0157477893118031,-0.0482276047673971,-0.1245674740484429,0.075355632449058,0.000553633217993,0.3100961168781238,0.0271280276816609,0.0935640138408304,-0.0297731641676278,-0.1137408688965782,0.0517339484813533,0.2519646289888504,0.3014225297962323,0.0138408304498269,-0.0049826989619377,-0.1245674740484429,-0.1358861976163014,-0.075355632449058,-0.0325413302575932,-0.0482276047673971,0.0888273740868896,0.2364628988850442,,,,,0.3962600231170654,-0.3790677189826965,-0.2144645303487777,0.6016949415206909,-0.6048334240913391,-0.4497498869895935,0.7748218774795532,-0.6496909260749817,-0.5039599537849426,0.7648854851722717,-0.7220685482025146,-0.598030149936676,1749.5211181640625,0.0364570692181587
EXPA2-049,106.47879284690568,31.79160248381089,w2,needle,71,729850,是,落叶阔叶林,低,浅绿团簇冠层，色调偏黄绿，林隙可见,judge_A2_01.csv,False,5,0.1245674740484429,0.0629911572472126,0.059115724721261,0.0711111111111111,0.1358861976163014,0.0711111111111111,-0.292871972318339,0.2214532871972318,0.0297731641676278,0.2288965782391388,0.0415840061514801,0.0984236831987697,-0.2141330257593233,0.0222068435217224,-0.0842137639369473,-0.1417301038062283,-0.0935640138408304,-0.0448442906574394,-0.0517339484813533,-0.0246059207996924,-0.1417301038062283,0.0553633217993079,-0.0297731641676278,-0.1537870049980776,0.0246059207996924,0.0935640138408304,-0.1034063821607074,-0.0384467512495194,0.1190926566705113,0.1537870049980776,0.0022145328719723,0.059115724721261,-0.0271280276816609,0.0797231833910034,-0.1190926566705113,0.0984236831987697,-0.292871972318339,-0.1537870049980776,0.0629911572472126,0.0669896193771626,-0.0157477893118031,0.2069357939254133,-0.0297731641676278,0.16,-0.059115724721261,0.0888273740868896,0.0669896193771626,0.0935640138408304,0.1137408688965782,0.0553633217993079,-0.0222068435217224,-0.1245674740484429,0.075355632449058,0.0629911572472126,0.0842137639369473,-0.2519646289888504,-0.1793771626297577,0.0629911572472126,-0.2288965782391388,-0.0482276047673971,-0.1358861976163014,-0.2679584775086506,0.0553633217993079,0.0984236831987697,-9.813609291630334,-13.830617551900923,-9.369309399294684,-14.364838084681889,0.6408076286315918,-0.5917525887489319,-0.3727560639381408,0.7702956795692444,-0.6869707107543945,-0.4625279605388641,0.8021827936172485,-0.6637279391288757,-0.5342346429824829,0.7892071008682251,-0.6438159942626953,-0.4492111802101135,442.64495849609375,0.2042314410209655
EXPA2-050,110.45356848454934,34.34587216267634,w2,needle,71,751311,否,草本沼泽,低,暗水面+水生植物团块，疑沼泽湿地,judge_A2_01.csv,False,15,0.1476970396001538,-0.1476970396001538,0.0246059207996924,0.0088581314878892,0.035432525951557,-0.0271280276816609,-0.2679584775086506,0.2761399461745483,0.0797231833910034,0.1137408688965782,0.1137408688965782,0.0935640138408304,-0.0711111111111111,0.0384467512495194,0.1137408688965782,-0.1190926566705113,-0.059115724721261,-0.0177777777777777,-0.0022145328719723,-0.0297731641676278,-0.0030142252979623,-0.2441522491349481,0.1476970396001538,-0.1034063821607074,0.0325413302575932,0.16,-0.1085121107266436,-0.0553633217993079,0.0553633217993079,0.0629911572472126,0.059115724721261,0.1476970396001538,0.2141330257593233,0.0797231833910034,-0.0629911572472126,0.1358861976163014,-0.2519646289888504,-0.186082276047674,0.17279507881584,0.1085121107266436,-0.1245674740484429,0.0157477893118031,0.0049826989619377,0.0935640138408304,-0.1998615916955017,0.0711111111111111,0.0222068435217224,0.1245674740484429,0.0061514801999231,-0.0553633217993079,0.1137408688965782,-0.1301653210303729,0.0120569011918492,0.2844444444444444,0.075355632449058,-0.1245674740484429,-0.1476970396001538,0.0517339484813533,-0.2679584775086506,-0.1301653210303729,-0.0325413302575932,-0.0246059207996924,-0.0629911572472126,0.0797231833910034,-10.971060032253757,-20.464327882106907,-10.771074112661228,-18.030136973903225,0.8136363625526428,-0.7900403738021851,-0.6697247624397278,0.6628512144088745,-0.6198682188987732,-0.4976557195186615,0.7846153974533081,-0.6744857430458069,-0.4789139330387115,0.7894737124443054,-0.7451878786087036,-0.6144244074821472,1311.23193359375,0.1395729631185531
EXPA2-051,108.43882696532609,35.65022595521789,w2,needle,71,740114,否,常绿灌丛,低,暗绿绒状纹理无冠形，像质软,judge_A2_01.csv,False,9,0.1034063821607074,-0.0711111111111111,0.1476970396001538,-0.035432525951557,-0.0629911572472126,-0.0935640138408304,-0.2214532871972318,0.4444444444444444,0.1137408688965782,0.1358861976163014,0.1034063821607074,-0.0629911572472126,-0.0246059207996924,-0.0297731641676278,0.075355632449058,-0.0482276047673971,0.0297731641676278,0.1998615916955017,-0.1085121107266436,-0.2069357939254133,0.0384467512495194,-0.0629911572472126,0.0448442906574394,-0.0138408304498269,0.0448442906574394,0.059115724721261,-0.0888273740868896,-0.035432525951557,0.186082276047674,0.16,0.0384467512495194,-0.0384467512495194,0.1537870049980776,0.2599000384467512,-0.0061514801999231,-0.059115724721261,-0.035432525951557,-0.075355632449058,0.075355632449058,-0.0935640138408304,-0.0246059207996924,0.0935640138408304,-0.0271280276816609,0.0669896193771626,-0.1537870049980776,0.0448442906574394,-0.0517339484813533,0.3100961168781238,0.0842137639369473,-0.0297731641676278,0.0448442906574394,-0.1245674740484429,-0.0138408304498269,0.2288965782391388,0.1663360246059207,-0.0888273740868896,0.0138408304498269,-0.0553633217993079,-0.1793771626297577,-0.0138408304498269,-0.1190926566705113,-0.0271280276816609,-0.0415840061514801,0.2141330257593233,-3.245308523981085,-11.99870882826804,-0.8329211772879687,-8.637101870553948,0.6965517401695251,-0.6687948703765869,-0.3819806277751922,0.6224161982536316,-0.578194797039032,-0.4433962404727936,0.826507568359375,-0.7122128009796143,-0.459090918302536,0.6926032900810242,-0.6529080867767334,-0.4788732528686523,1415.3128662109375,0.3070673048496246
EXPA2-052,106.39363255797116,35.140342199951654,w2,needle,71,729343,否,落叶灌丛,低,浅黄绿绒团细纤维纹，无冠形,judge_A2_01.csv,False,10,0.0297731641676278,0.0061514801999231,0.1137408688965782,0.0415840061514801,-0.0157477893118031,-0.1137408688965782,-0.1245674740484429,0.3368550557477893,0.16,0.2288965782391388,0.1929104190695886,-0.0629911572472126,0.0517339484813533,-0.0157477893118031,-0.1476970396001538,0.0039369473279507,-0.0482276047673971,0.2141330257593233,-0.2288965782391388,-0.2288965782391388,0.1085121107266436,-0.0246059207996924,-0.0384467512495194,0.0074432910419069,0.1245674740484429,-0.1034063821607074,-0.0517339484813533,-0.0177777777777777,0.1245674740484429,0.1417301038062283,-0.075355632449058,0.0157477893118031,0.0448442906574394,0.2441522491349481,-0.0448442906574394,-0.2141330257593233,-0.1034063821607074,-0.0888273740868896,0.0074432910419069,-0.16,0.0199307958477508,0.0517339484813533,0.0039369473279507,-0.0984236831987697,-0.17279507881584,0.0797231833910034,0.0177777777777777,0.2599000384467512,0.1190926566705113,-0.0177777777777777,-0.0297731641676278,-0.0984236831987697,0.059115724721261,0.2141330257593233,0.1301653210303729,-0.0384467512495194,0.035432525951557,-0.16,-0.1537870049980776,-0.0797231833910034,-0.1085121107266436,0.0669896193771626,0.0482276047673971,0.1417301038062283,,,,,0.416607528924942,-0.5472868084907532,-0.5986254215240479,0.3672410249710083,-0.4395628273487091,-0.4251120984554291,0.8655211925506592,-0.7325531840324402,-0.5213252305984497,0.5089552402496338,-0.5260377526283264,-0.5876559615135193,2361.14892578125,0.2894716262817383
EXPA2-053,106.80083887626252,32.4079366002453,w2,needle,71,731456,否,草地,低,大片均匀灰绿平滑面，无结构,judge_A2_01.csv,False,11,0.0669896193771626,0.035432525951557,0.1085121107266436,0.0061514801999231,0.0199307958477508,-0.0271280276816609,-0.2844444444444444,0.3278123798539023,0.0797231833910034,0.1998615916955017,-0.0888273740868896,0.0482276047673971,-0.0888273740868896,0.0061514801999231,-0.0177777777777777,-0.1190926566705113,0.0177777777777777,0.1417301038062283,0.0271280276816609,-0.186082276047674,-0.0325413302575932,0.0797231833910034,-0.0711111111111111,-0.0448442906574394,0.059115724721261,0.1190926566705113,-0.0448442906574394,-0.075355632449058,0.1663360246059207,0.1085121107266436,0.0271280276816609,0.0246059207996924,0.0517339484813533,0.186082276047674,-0.1301653210303729,-0.1034063821607074,-0.1537870049980776,-0.0797231833910034,0.1476970396001538,0.0415840061514801,-0.0222068435217224,0.2214532871972318,-0.059115724721261,-0.0088581314878892,-0.1301653210303729,0.0669896193771626,-0.0984236831987697,0.4035986159169549,0.1245674740484429,0.0015378700499807,0.0222068435217224,-0.1476970396001538,0.0553633217993079,0.1034063821607074,0.1476970396001538,-0.1929104190695886,-0.0517339484813533,-0.0246059207996924,-0.17279507881584,-0.059115724721261,-0.075355632449058,-0.1929104190695886,0.0517339484813533,0.1417301038062283,,,,,0.6198993921279907,-0.574999988079071,-0.3104056417942047,0.7460007667541504,-0.6296431422233582,-0.4315260052680969,0.7804367542266846,-0.652874231338501,-0.4266054928302765,0.8079664707183838,-0.7070466876029968,-0.4748048186302185,998.5322265625,0.2869280874729156
EXPA2-054,109.26590584741491,31.317831002966265,w2,needle,71,744571,否,常绿灌丛,低,匀细绒状纹理无冠形，夹黄斑,judge_A2_01.csv,False,9,0.0842137639369473,0.059115724721261,0.0842137639369473,0.0629911572472126,0.0325413302575932,-0.0669896193771626,-0.2288965782391388,0.2761399461745483,0.1301653210303729,0.1663360246059207,0.0271280276816609,0.0415840061514801,-0.1245674740484429,-0.0138408304498269,-0.0222068435217224,-0.1137408688965782,0.0222068435217224,0.0797231833910034,-0.0517339484813533,-0.2599000384467512,-0.0711111111111111,-0.0517339484813533,-0.0415840061514801,-0.0935640138408304,0.0629911572472126,0.17279507881584,-0.0797231833910034,-0.0797231833910034,0.1358861976163014,0.1663360246059207,0.0120569011918492,0.0629911572472126,0.1301653210303729,0.2141330257593233,-0.075355632449058,-0.0482276047673971,-0.1793771626297577,-0.0842137639369473,0.0888273740868896,0.0669896193771626,0.0271280276816609,0.17279507881584,-0.0669896193771626,0.0482276047673971,-0.1085121107266436,-0.0177777777777777,-0.1190926566705113,0.3278123798539023,0.1537870049980776,0.0177777777777777,0.0711111111111111,-0.1301653210303729,0.0157477893118031,0.2141330257593233,0.1190926566705113,-0.2214532871972318,-0.0246059207996924,-0.0517339484813533,-0.1537870049980776,-0.1476970396001538,-0.1137408688965782,-0.1417301038062283,0.0049826989619377,0.2141330257593233,-3.914606516759924,-10.458028849620868,-4.202972939875544,-9.143063951277082,0.6458807587623596,-0.5694444179534912,-0.3600000143051147,0.6946533918380737,-0.5878095030784607,-0.4497838914394378,0.8330308794975281,-0.7215909361839294,-0.5160493850708008,0.7934737801551819,-0.6712856292724609,-0.4870871007442474,1223.1319580078125,0.391218364238739
EXPA2-055,110.2721986286856,33.97154418378374,w2,needle,71,750137,否,落叶灌丛,低,浅黄绿细绒纹无冠形，近路,judge_A2_01.csv,False,10,0.0888273740868896,-0.0384467512495194,0.0842137639369473,0.0088581314878892,0.0015378700499807,-0.0669896193771626,-0.2761399461745483,0.4237754709727028,0.1476970396001538,0.1358861976163014,0.1358861976163014,-0.0325413302575932,-0.0888273740868896,0.01039600153787,0.0629911572472126,-0.0517339484813533,-0.0711111111111111,0.1085121107266436,-0.0984236831987697,-0.2214532871972318,-0.0271280276816609,-0.1358861976163014,0.0482276047673971,-0.0842137639369473,0.0797231833910034,0.17279507881584,-0.1085121107266436,0.0222068435217224,0.0984236831987697,0.1417301038062283,0.0049826989619377,0.0842137639369473,0.16,0.1929104190695886,0.0074432910419069,0.0138408304498269,-0.2141330257593233,-0.1358861976163014,0.0797231833910034,0.0177777777777777,-0.0039369473279507,0.0629911572472126,0.0088581314878892,-0.0049826989619377,-0.1663360246059207,-0.0138408304498269,-0.0384467512495194,0.2761399461745483,0.1034063821607074,-0.0711111111111111,0.059115724721261,-0.0797231833910034,0.0482276047673971,0.2441522491349481,0.1190926566705113,-0.0888273740868896,-0.035432525951557,0.0088581314878892,-0.2214532871972318,-0.000553633217993,-0.0629911572472126,-0.1137408688965782,-0.035432525951557,0.186082276047674,-6.915166966958082,-14.848715780158862,-7.90435659123521,-13.104837992170024,0.5177981853485107,-0.5267626643180847,-0.3986866772174835,0.6760511994361877,-0.6067297458648682,-0.4815157055854797,0.7664802670478821,-0.651980996131897,-0.4763948619365692,0.7460901737213135,-0.7060674428939819,-0.6093189716339111,1109.4395751953125,0.1033385545015335
EXPA2-056,105.66815313451625,31.99641836859015,w2,needle,71,726006,否,草地,低,均匀亮绿细纤维纹理，无木本结构,judge_A2_01.csv,False,11,0.1085121107266436,-0.0074432910419069,0.0049826989619377,0.0061514801999231,0.0177777777777777,0.1034063821607074,-0.2844444444444444,0.2069357939254133,0.1085121107266436,0.16,0.0384467512495194,0.0984236831987697,-0.1137408688965782,0.0797231833910034,0.0222068435217224,-0.1417301038062283,-0.0669896193771626,-0.0482276047673971,0.0157477893118031,-0.075355632449058,-0.1417301038062283,-0.1301653210303729,0.0888273740868896,-0.1358861976163014,-0.0022145328719723,0.2599000384467512,-0.0629911572472126,-0.0325413302575932,0.1476970396001538,0.1190926566705113,0.0842137639369473,0.186082276047674,0.1034063821607074,0.075355632449058,-0.075355632449058,0.1301653210303729,-0.3100961168781238,-0.0984236831987697,0.186082276047674,0.1998615916955017,0.0271280276816609,0.1417301038062283,-0.0271280276816609,0.1085121107266436,-0.075355632449058,-0.0325413302575932,-0.0711111111111111,0.16,0.0325413302575932,-0.0030142252979623,0.1245674740484429,-0.0553633217993079,0.0246059207996924,0.1417301038062283,0.075355632449058,-0.2761399461745483,-0.1245674740484429,0.0888273740868896,-0.1476970396001538,-0.1476970396001538,-0.1137408688965782,-0.1663360246059207,-0.035432525951557,0.1190926566705113,-11.67709055393426,-18.80927678637383,-9.687464969055526,-17.217849404733478,0.6102803945541382,-0.536335289478302,-0.2810231447219848,0.7112135291099548,-0.5982783436775208,-0.4818013608455658,0.6029411554336548,-0.4533333480358124,-0.2790374755859375,0.8325404524803162,-0.674054741859436,-0.4824016690254211,862.3790283203125,0.1439236104488372
EXPA2-057,108.81746685758245,35.50065646041199,w2,needle,71,742101,否,草本沼泽,低,水体与丛状植被交错，疑沼泽边缘,judge_A2_01.csv,False,15,0.1301653210303729,-0.0325413302575932,0.0935640138408304,-0.0222068435217224,0.0297731641676278,0.0120569011918492,-0.1998615916955017,0.3278123798539023,0.0669896193771626,0.0711111111111111,0.2364628988850442,0.1034063821607074,-0.059115724721261,0.0138408304498269,0.0711111111111111,-0.0935640138408304,-0.0297731641676278,-0.1190926566705113,-0.0842137639369473,-0.0629911572472126,-0.059115724721261,-0.2761399461745483,0.1537870049980776,-0.1137408688965782,0.1137408688965782,0.0177777777777777,-0.1537870049980776,-0.0669896193771626,-0.000553633217993,0.1358861976163014,0.0669896193771626,0.2069357939254133,0.2141330257593233,0.1358861976163014,-0.059115724721261,0.1663360246059207,-0.2214532871972318,-0.16,0.0415840061514801,0.1301653210303729,-0.1301653210303729,0.0669896193771626,-0.0271280276816609,0.1190926566705113,-0.1301653210303729,0.0669896193771626,-6.151480199923106e-05,0.0384467512495194,0.0629911572472126,-0.0297731641676278,0.0517339484813533,-0.1245674740484429,-0.0074432910419069,0.2679584775086506,0.0517339484813533,-0.1085121107266436,-0.075355632449058,-0.0222068435217224,-0.2679584775086506,-0.1085121107266436,-0.0888273740868896,-0.0120569011918492,-0.1085121107266436,0.1190926566705113,-15.041603086502954,-19.43071455797603,-13.95281508643468,-20.085084880460165,0.6816192269325256,-0.6497316360473633,-0.2761552631855011,0.6455256342887878,-0.6215753555297852,-0.4977272748947143,0.8138929605484009,-0.6789640188217163,-0.4834019839763641,0.7104779481887817,-0.642179548740387,-0.4312762916088104,1427.02392578125,0.3070673048496246
EXPA2-058,106.65800674608754,31.674911328403773,w2,needle,71,730688,是,落叶阔叶林,低,大尺度冠团+褐色调，像质模糊,judge_A2_01.csv,False,5,0.0842137639369473,0.0022145328719723,0.0797231833910034,0.0199307958477508,0.0222068435217224,-0.0297731641676278,-0.3100961168781238,0.3188927335640138,0.059115724721261,0.2288965782391388,-0.1417301038062283,0.0448442906574394,-0.1034063821607074,0.0797231833910034,-0.0629911572472126,-0.1476970396001538,-0.0246059207996924,0.17279507881584,0.0297731641676278,-0.0984236831987697,-0.0669896193771626,0.1190926566705113,-0.0669896193771626,-0.0888273740868896,0.0088581314878892,0.17279507881584,-0.0199307958477508,-0.0448442906574394,0.1793771626297577,0.1137408688965782,0.0669896193771626,0.0246059207996924,-0.0222068435217224,0.1245674740484429,-0.1358861976163014,-0.0325413302575932,-0.1929104190695886,-0.075355632449058,0.1663360246059207,0.01039600153787,-0.0138408304498269,0.2141330257593233,-0.0482276047673971,-0.0157477893118031,-0.0797231833910034,0.0482276047673971,-0.0842137639369473,0.3839138792772011,0.035432525951557,-0.0074432910419069,0.0415840061514801,-0.1245674740484429,0.0669896193771626,0.0061514801999231,0.17279507881584,-0.2069357939254133,-0.0984236831987697,0.0711111111111111,-0.1358861976163014,-0.0120569011918492,-0.0553633217993079,-0.2069357939254133,0.0517339484813533,0.1034063821607074,,,,,0.5825021862983704,-0.5182138681411743,-0.2823205888271332,0.6480686664581299,-0.5530838966369629,-0.4407894611358642,0.7387754917144775,-0.5965928435325623,-0.4773780703544616,0.7644151449203491,-0.6515034437179565,-0.4935574233531952,607.6931762695312,0.2042314410209655
EXPA2-059,106.99218003178,32.773371257825126,w2,needle,71,732328,否,落叶灌丛,低,褐橄榄绒状纹理，无冠形,judge_A2_01.csv,False,10,0.0022145328719723,0.0177777777777777,-0.0482276047673971,0.0888273740868896,0.0553633217993079,-0.1034063821607074,-0.1663360246059207,0.2441522491349481,0.1663360246059207,0.2141330257593233,0.2141330257593233,-0.0297731641676278,-0.1034063821607074,6.151480199923106e-05,-0.2288965782391388,0.0088581314878892,-0.0049826989619377,0.0517339484813533,-0.3742560553633218,-0.2141330257593233,0.0325413302575932,-0.0984236831987697,-0.1034063821607074,0.0022145328719723,0.0888273740868896,-0.0629911572472126,-0.075355632449058,-0.0482276047673971,0.0797231833910034,0.2214532871972318,-0.16,-6.151480199923106e-05,0.0629911572472126,0.1537870049980776,-0.0415840061514801,-0.16,-0.1476970396001538,0.0271280276816609,-0.0199307958477508,-0.1245674740484429,0.0271280276816609,0.0074432910419069,0.0297731641676278,-0.0297731641676278,-0.1301653210303729,0.0669896193771626,0.0517339484813533,0.2141330257593233,0.0935640138408304,0.0138408304498269,-0.0629911572472126,-0.0935640138408304,0.0888273740868896,0.2364628988850442,0.1929104190695886,-0.0384467512495194,0.0415840061514801,-0.1245674740484429,-0.1245674740484429,-0.0482276047673971,-0.1417301038062283,-0.0448442906574394,0.1190926566705113,0.186082276047674,,,,,0.1121820583939552,-0.0551181100308895,0.2269129306077957,0.5002753734588623,-0.4926027357578277,-0.4506081342697143,0.8490403294563293,-0.7239946126937866,-0.5265033841133118,0.6124664545059204,-0.6095881462097168,-0.6697584390640259,1766.1561279296875,0.2869280874729156
EXPA2-060,109.97791054160804,26.56313803565005,w3,needle,71,748605,否,落叶灌丛,低,绿褐斑驳绒状纹理，无冠形,judge_A2_01.csv,False,10,0.1793771626297577,-0.059115724721261,0.0271280276816609,-0.0482276047673971,0.0517339484813533,-0.0039369473279507,-0.2844444444444444,0.2519646289888504,0.0482276047673971,0.2141330257593233,-0.16,0.0553633217993079,-0.186082276047674,0.1190926566705113,-0.0199307958477508,-0.0984236831987697,0.0482276047673971,0.1476970396001538,0.1245674740484429,-0.1358861976163014,-0.0199307958477508,0.0797231833910034,-0.0177777777777777,-0.1190926566705113,-0.0120569011918492,0.16,-0.0842137639369473,-0.0553633217993079,0.075355632449058,0.0935640138408304,0.0888273740868896,-0.0482276047673971,-0.0271280276816609,0.0384467512495194,-0.1998615916955017,-0.0297731641676278,-0.2141330257593233,-0.1034063821607074,0.16,0.0246059207996924,-0.0177777777777777,0.1663360246059207,0.0177777777777777,0.0669896193771626,-0.0984236831987697,0.0984236831987697,-0.0842137639369473,0.3839138792772011,0.0711111111111111,-0.0482276047673971,0.0384467512495194,-0.1663360246059207,0.1034063821607074,0.0842137639369473,0.186082276047674,-0.1085121107266436,-0.1137408688965782,0.1245674740484429,-0.075355632449058,-0.0842137639369473,0.0984236831987697,-0.1929104190695886,0.0553633217993079,0.0984236831987697,-4.250304744741552,-10.004943694563275,-2.231256447462909,-7.391419276324888,0.7478355169296265,-0.7008951902389526,-0.5043630003929138,0.5527728199958801,-0.4863013625144958,-0.3303571343421936,0.8084506988525391,-0.6857768297195435,-0.4864091575145721,0.8389766812324524,-0.7498806715011597,-0.5095928907394409,484.0499572753906,0.1536105275154113
EXPA2-061,113.02131289267658,26.760408072042694,w3,needle,71,763650,否,落叶灌丛,低,绿绒纹+橙褐斑块，无冠形,judge_A2_01.csv,False,10,0.1358861976163014,-0.1137408688965782,0.0297731641676278,-0.0138408304498269,0.0384467512495194,0.1245674740484429,-0.2844444444444444,0.1417301038062283,0.0271280276816609,0.2288965782391388,-0.0711111111111111,0.1476970396001538,-0.186082276047674,0.0384467512495194,-0.0138408304498269,-0.1137408688965782,-0.0984236831987697,0.0120569011918492,0.1137408688965782,-0.0629911572472126,-0.1663360246059207,-0.0325413302575932,0.0797231833910034,-0.0888273740868896,0.0246059207996924,0.2761399461745483,-0.1537870049980776,0.0222068435217224,0.1190926566705113,0.1537870049980776,0.1137408688965782,0.0517339484813533,0.0482276047673971,-0.0138408304498269,-0.1476970396001538,0.1476970396001538,-0.1929104190695886,-0.16,0.2069357939254133,0.2364628988850442,0.0415840061514801,0.1663360246059207,0.0517339484813533,0.1476970396001538,-0.0448442906574394,0.0177777777777777,-0.1301653210303729,0.1358861976163014,0.0711111111111111,-0.0061514801999231,-0.0177777777777777,-0.0061514801999231,0.0517339484813533,0.1301653210303729,0.0711111111111111,-0.2679584775086506,-0.1793771626297577,0.1190926566705113,-0.0415840061514801,-0.0842137639369473,-0.0553633217993079,-0.16,-0.0222068435217224,0.1085121107266436,-9.64120785078212,-15.120014206800043,-9.166982413171636,-14.284566888925871,0.7022433876991272,-0.6242161989212036,-0.3562963008880615,0.6929588317871094,-0.6093635559082031,-0.4154351353645324,0.720024824142456,-0.6213156580924988,-0.4360465109348297,0.7274247407913208,-0.6475279331207275,-0.3708184957504272,127.7510757446289,0.1839760392904281
EXPA2-062,109.88628238262784,28.826623057046007,w3,needle,71,747985,否,草地,低,大片均匀灰绿平滑面，无结构,judge_A2_01.csv,False,11,0.1085121107266436,-0.0049826989619377,0.0246059207996924,0.0157477893118031,0.0842137639369473,0.0482276047673971,-0.3188927335640138,0.2599000384467512,0.1085121107266436,0.186082276047674,0.0074432910419069,0.0842137639369473,-0.186082276047674,0.0842137639369473,0.0088581314878892,-0.1137408688965782,0.0384467512495194,0.0553633217993079,-0.0415840061514801,-0.16,-0.1034063821607074,-0.075355632449058,-0.0297731641676278,-0.1085121107266436,0.0246059207996924,0.2069357939254133,-0.0842137639369473,-0.0984236831987697,0.1085121107266436,0.1537870049980776,0.0049826989619377,0.0984236831987697,0.0888273740868896,0.1417301038062283,-0.0711111111111111,0.0482276047673971,-0.2599000384467512,-0.0009842368319876,0.1417301038062283,0.0669896193771626,0.035432525951557,0.1245674740484429,-0.0157477893118031,0.1085121107266436,-0.0553633217993079,-0.0246059207996924,-0.0669896193771626,0.3368550557477893,0.1417301038062283,0.0199307958477508,0.0325413302575932,-0.1137408688965782,0.0629911572472126,0.1929104190695886,0.1998615916955017,-0.1793771626297577,-0.0984236831987697,0.0415840061514801,-0.1245674740484429,-0.0711111111111111,-0.0935640138408304,-0.1929104190695886,0.1085121107266436,0.1476970396001538,-7.157775708676918,-11.872322971022824,-7.627577091764118,-12.21240084293979,0.7282522916793823,-0.6992248296737671,-0.5024577975273132,0.7068645358085632,-0.6090407371520996,-0.457936942577362,0.7495627999305725,-0.631973922252655,-0.5074235796928406,0.8386058211326599,-0.7341433167457581,-0.5085865259170532,398.0943603515625,0.0943015813827514
EXPA2-063,112.84236848807996,22.96808026860372,w3,needle,71,762921,否,常绿灌丛,低,暗绿绒状纹理，无冠形,judge_A2_01.csv,False,9,0.0842137639369473,-0.0384467512495194,0.0553633217993079,0.0711111111111111,-0.0177777777777777,-0.0199307958477508,-0.2761399461745483,0.1793771626297577,0.0553633217993079,0.186082276047674,-0.0325413302575932,0.1301653210303729,-0.2844444444444444,-0.0246059207996924,-0.075355632449058,-0.0088581314878892,-0.0984236831987697,0.0984236831987697,0.0669896193771626,-0.1358861976163014,-0.1190926566705113,0.1417301038062283,0.16,-0.16,-0.01039600153787,0.2364628988850442,-0.0711111111111111,0.0039369473279507,0.0074432910419069,0.16,0.1929104190695886,0.1358861976163014,0.0842137639369473,0.0629911572472126,-0.075355632449058,0.0888273740868896,-0.1537870049980776,-0.1034063821607074,0.1417301038062283,0.0553633217993079,0.0888273740868896,0.0797231833910034,0.0711111111111111,0.2441522491349481,0.0553633217993079,-0.0669896193771626,-0.0711111111111111,0.1998615916955017,0.1476970396001538,0.0325413302575932,0.0629911572472126,-0.1034063821607074,0.0061514801999231,0.1417301038062283,0.0553633217993079,-0.3014225297962323,-0.0935640138408304,0.1137408688965782,-0.0138408304498269,-0.0325413302575932,-0.035432525951557,-0.2441522491349481,-0.01039600153787,0.1034063821607074,-8.397553060455802,-13.269222126478814,-7.931848611596257,-13.192288109736246,0.7550562024116516,-0.6862180829048157,-0.4855457246303558,0.3795066475868225,-0.3017009794712066,-0.0683786198496818,0.7504625916481018,-0.6411400437355042,-0.4396284818649292,0.7761269807815552,-0.6932238936424255,-0.4956337511539459,112.43228912353516,0.0735595002770423
EXPA2-064,109.15999447541722,29.07348009712205,w3,needle,71,743993,是,常绿阔叶林,低,浅绿团块冠层衬深绿，夹褐斑,judge_A2_01.csv,False,4,0.0984236831987697,0.0271280276816609,0.1137408688965782,0.0297731641676278,0.0888273740868896,0.0222068435217224,-0.3100961168781238,0.2441522491349481,0.0842137639369473,0.2288965782391388,0.035432525951557,0.0448442906574394,-0.1998615916955017,0.0482276047673971,-0.0325413302575932,-0.1034063821607074,-6.151480199923106e-05,0.1245674740484429,-0.035432525951557,-0.1793771626297577,-0.1417301038062283,0.075355632449058,-0.0222068435217224,-0.1085121107266436,0.0271280276816609,0.1537870049980776,-0.0888273740868896,-0.0935640138408304,0.1417301038062283,0.1301653210303729,-0.0271280276816609,0.1085121107266436,0.0669896193771626,0.1537870049980776,-0.0797231833910034,-0.0246059207996924,-0.2288965782391388,0.0039369473279507,0.0888273740868896,-0.0074432910419069,0.035432525951557,0.1537870049980776,-0.0415840061514801,0.1417301038062283,-0.059115724721261,0.0074432910419069,-0.0271280276816609,0.3014225297962323,0.17279507881584,0.059115724721261,-6.151480199923106e-05,-0.1301653210303729,0.0629911572472126,0.16,0.17279507881584,-0.2069357939254133,-0.1034063821607074,-0.0120569011918492,-0.1034063821607074,-0.0984236831987697,-0.1301653210303729,-0.2069357939254133,0.1663360246059207,0.0935640138408304,-6.686389469990965,-9.898153346625715,-5.207748322986728,-11.397259750187128,0.6489189863204956,-0.5904139280319214,-0.4119749665260315,0.6390401124954224,-0.5312735438346863,-0.4483370184898376,0.7583385705947876,-0.6363103985786438,-0.4963503777980804,0.7680412530899048,-0.7011779546737671,-0.555760383605957,455.3294982910156,0.0874283090233802
EXPA2-065,112.56317209777562,28.098179193153484,w3,needle,71,762031,否,常绿灌丛,低,暗绿绒状纹理，旁有建筑裸坡,judge_A2_01.csv,False,9,0.0088581314878892,-0.0039369473279507,0.0246059207996924,0.0629911572472126,0.0271280276816609,0.0669896193771626,-0.2844444444444444,0.2679584775086506,0.0669896193771626,0.1537870049980776,0.0325413302575932,0.0325413302575932,-0.1998615916955017,0.059115724721261,-0.0222068435217224,-0.0669896193771626,0.0448442906574394,0.0177777777777777,-0.1537870049980776,-0.0797231833910034,-0.1537870049980776,0.0088581314878892,-0.0797231833910034,-0.1358861976163014,0.0415840061514801,0.2288965782391388,-0.0157477893118031,-0.0120569011918492,0.0984236831987697,0.1793771626297577,0.075355632449058,-0.0629911572472126,0.059115724721261,0.0935640138408304,-0.1245674740484429,0.059115724721261,-0.1793771626297577,-0.01039600153787,0.1417301038062283,0.0711111111111111,0.059115724721261,0.1929104190695886,0.0448442906574394,0.1537870049980776,0.0246059207996924,0.0120569011918492,0.0384467512495194,0.3368550557477893,0.0669896193771626,0.0842137639369473,-0.0384467512495194,-0.0935640138408304,0.035432525951557,0.17279507881584,0.292871972318339,-0.16,-0.0448442906574394,-0.0120569011918492,-0.0482276047673971,-0.059115724721261,-0.0629911572472126,-0.2441522491349481,0.0415840061514801,0.2441522491349481,-8.21482319849562,-12.135664239682624,-8.009189386771425,-10.537435149076911,0.5569754838943481,-0.5245047211647034,-0.2769556045532226,0.4279993772506714,-0.3919831812381744,-0.284957617521286,0.8458333611488342,-0.7372549176216125,-0.5748281478881836,0.7158198952674866,-0.5970780253410339,-0.3798816502094269,125.84017944335938,0.0289714224636554
EXPA2-066,108.6344800342073,25.330200308196005,w3,needle,71,741040,是,落叶阔叶林,低,浅绿绒团冠层，色调偏黄绿,judge_A2_01.csv,False,5,0.1190926566705113,0.0935640138408304,0.059115724721261,0.0629911572472126,0.0797231833910034,-0.0888273740868896,-0.186082276047674,0.2441522491349481,0.0984236831987697,0.2069357939254133,-0.0482276047673971,0.0138408304498269,-0.16,0.0669896193771626,-0.16,-0.0157477893118031,-0.0384467512495194,0.2288965782391388,-0.0177777777777777,-0.2599000384467512,0.0297731641676278,0.16,-0.1190926566705113,-0.059115724721261,0.035432525951557,-0.0246059207996924,0.0049826989619377,-0.0669896193771626,0.0271280276816609,0.0842137639369473,-0.0061514801999231,-0.0088581314878892,0.035432525951557,0.17279507881584,-0.2069357939254133,-0.1190926566705113,-0.1663360246059207,-0.1085121107266436,0.0246059207996924,-0.1476970396001538,0.0049826989619377,0.16,-0.0669896193771626,-0.0669896193771626,-0.0669896193771626,0.0842137639369473,-0.0482276047673971,0.454963475586313,0.1245674740484429,-0.0384467512495194,0.0138408304498269,-0.2364628988850442,0.0797231833910034,0.0629911572472126,0.1358861976163014,-0.1476970396001538,0.0015378700499807,0.0039369473279507,0.01039600153787,-0.17279507881584,-0.0482276047673971,-0.0629911572472126,0.0842137639369473,0.0553633217993079,1.2866093276221433,-3.9997532406848224,2.031242773138828,-5.41099913015031,0.7913118600845337,-0.7332774996757507,-0.5543630719184875,0.7072335481643677,-0.624049961566925,-0.5087781548500061,0.7670979499816895,-0.6571648716926575,-0.5011211037635803,0.8160282969474792,-0.7410411238670349,-0.6048604846000671,1516.82177734375,0.2534900903701782
EXPA2-067,107.75269375131558,26.090983522316822,w3,needle,71,736140,否,常绿灌丛,低,暗谷地绒状植被，冠形不清,judge_A2_01.csv,False,9,0.0842137639369473,0.0074432910419069,0.0138408304498269,0.1034063821607074,0.0797231833910034,-0.0669896193771626,-0.2679584775086506,0.2599000384467512,0.0935640138408304,0.186082276047674,0.0842137639369473,0.0629911572472126,-0.1793771626297577,0.0517339484813533,-0.075355632449058,-0.01039600153787,0.1137408688965782,0.0984236831987697,-0.1417301038062283,-0.1793771626297577,-0.059115724721261,-0.0177777777777777,-0.075355632449058,-0.0517339484813533,0.0482276047673971,0.035432525951557,0.0246059207996924,-0.0629911572472126,0.0271280276816609,0.17279507881584,-0.0842137639369473,-0.0711111111111111,0.0984236831987697,0.1537870049980776,-0.1537870049980776,-0.1137408688965782,-0.1358861976163014,0.0448442906574394,0.0553633217993079,-0.0482276047673971,0.0030142252979623,0.0842137639369473,-0.0711111111111111,0.0157477893118031,-0.0842137639369473,0.0629911572472126,-0.059115724721261,0.4656055363321799,0.0935640138408304,0.0629911572472126,-0.000553633217993,-0.1537870049980776,0.0984236831987697,0.1793771626297577,0.2844444444444444,-0.1537870049980776,-0.0120569011918492,-0.0984236831987697,-0.01039600153787,-0.1301653210303729,-0.0517339484813533,-0.0888273740868896,0.1663360246059207,0.1301653210303729,-2.116354467430622,-9.874064979853667,-0.2424935288683356,-7.4134783843603325,0.6700023412704468,-0.5893687605857849,-0.3063973188400268,0.5917044878005981,-0.4801868200302124,-0.2653321921825409,0.8232292532920837,-0.6692206859588623,-0.4415522813796997,0.7558912634849548,-0.6189414858818054,-0.3933481276035309,1175.7152099609375,0.1355967372655868
EXPA2-068,110.29833960345348,27.11452395704261,w3,needle,71,750206,否,常绿灌丛,低,曝光偏暗，绒团纹理无冠形,judge_A2_01.csv,False,9,0.0177777777777777,0.1034063821607074,-0.0271280276816609,0.1190926566705113,0.0669896193771626,-0.1085121107266436,-0.1998615916955017,0.2141330257593233,0.1417301038062283,0.17279507881584,0.1476970396001538,0.0271280276816609,-0.1793771626297577,-0.0384467512495194,-0.1358861976163014,-0.0222068435217224,-0.0177777777777777,0.1301653210303729,-0.2288965782391388,-0.2364628988850442,-0.01039600153787,-0.0482276047673971,-0.0797231833910034,-0.0177777777777777,0.1085121107266436,0.0553633217993079,-0.0711111111111111,-0.0888273740868896,0.0246059207996924,0.2141330257593233,-0.1137408688965782,0.0222068435217224,0.17279507881584,0.16,-0.16,-0.1417301038062283,-0.16,-0.0222068435217224,0.059115724721261,-0.1245674740484429,0.0297731641676278,0.0157477893118031,-0.0448442906574394,-0.0199307958477508,-0.059115724721261,0.059115724721261,0.0297731641676278,0.3368550557477893,0.1793771626297577,0.0415840061514801,0.01039600153787,-0.1476970396001538,0.0669896193771626,0.2214532871972318,0.17279507881584,-0.1358861976163014,0.0177777777777777,-0.1137408688965782,-0.0120569011918492,-0.17279507881584,-0.0984236831987697,-0.0669896193771626,0.16,0.1245674740484429,-4.113666201872749,-11.748914890243665,-2.5923262469238244,-11.433488096302757,0.6290878057479858,-0.6255903840065002,-0.63514643907547,0.659914493560791,-0.5975674986839294,-0.4257273972034454,0.8293881416320801,-0.7233254909515381,-0.5514936447143555,0.6963271498680115,-0.6326530575752258,-0.6214795112609863,1360.6923828125,0.1958929896354675
EXPA2-069,108.11920638723636,26.82454778332883,w3,needle,71,738084,否,常绿灌丛,低,目标区暗斑，周边绒团纹理，近路,judge_A2_01.csv,False,9,0.1358861976163014,-0.0384467512495194,0.0553633217993079,0.0088581314878892,0.035432525951557,-0.0711111111111111,-0.2599000384467512,0.2214532871972318,0.0448442906574394,0.1793771626297577,-0.0415840061514801,0.0935640138408304,-0.1417301038062283,0.0553633217993079,0.0039369473279507,-0.186082276047674,-0.059115724721261,0.0842137639369473,0.1085121107266436,-0.1476970396001538,-0.1137408688965782,-0.0138408304498269,0.0448442906574394,-0.1417301038062283,-0.0049826989619377,0.2364628988850442,-0.0711111111111111,-0.075355632449058,0.0888273740868896,0.1190926566705113,0.0629911572472126,0.0842137639369473,0.0669896193771626,0.059115724721261,-0.1034063821607074,0.035432525951557,-0.2288965782391388,-0.1245674740484429,0.1998615916955017,0.0711111111111111,-0.0199307958477508,0.1301653210303729,-0.1301653210303729,0.0797231833910034,-0.1301653210303729,0.01039600153787,-0.1137408688965782,0.2679584775086506,-0.0009842368319876,-0.0415840061514801,0.1085121107266436,-0.075355632449058,0.0325413302575932,0.16,0.1137408688965782,-0.292871972318339,-0.1301653210303729,0.0482276047673971,-0.1537870049980776,-0.2364628988850442,-0.0138408304498269,-0.186082276047674,0.0120569011918492,0.1137408688965782,-8.264548960434006,-15.127234685080069,-7.190128851732741,-10.489410793573482,0.7064732313156128,-0.6396782994270325,-0.4413965046405792,0.6178521513938904,-0.5546124577522278,-0.4261870384216308,0.4679094552993774,-0.4294605851173401,-0.3150684833526611,0.8229056000709534,-0.7224448919296265,-0.524055004119873,1027.0029296875,0.1880979537963867
EXPA2-070,112.79466794649322,27.873690203652018,w3,needle,71,762795,否,常绿灌丛,低,绿绒团纹理无冠形，南侧近房舍,judge_A2_01.csv,False,9,0.0935640138408304,-0.0935640138408304,-0.0120569011918492,0.0553633217993079,0.0415840061514801,0.1137408688965782,-0.3014225297962323,0.2214532871972318,0.0553633217993079,0.1476970396001538,0.0669896193771626,0.0935640138408304,-0.2364628988850442,-6.151480199923106e-05,-0.0384467512495194,-0.1034063821607074,-0.1137408688965782,-0.0039369473279507,0.0022145328719723,0.0415840061514801,-0.1137408688965782,0.0271280276816609,0.0711111111111111,-0.1358861976163014,0.01039600153787,0.2441522491349481,-0.0984236831987697,-0.01039600153787,0.0711111111111111,0.1663360246059207,0.1358861976163014,0.035432525951557,0.075355632449058,-0.0199307958477508,-0.17279507881584,0.16,-0.2679584775086506,-0.1929104190695886,0.2214532871972318,0.1085121107266436,-0.059115724721261,0.1537870049980776,0.0448442906574394,0.1537870049980776,0.0120569011918492,0.0297731641676278,0.035432525951557,0.186082276047674,0.0797231833910034,0.0246059207996924,-0.0325413302575932,-0.0517339484813533,-0.0009842368319876,0.1476970396001538,0.16,-0.2599000384467512,-0.1663360246059207,0.1085121107266436,-0.059115724721261,-0.0120569011918492,-0.0984236831987697,-0.2069357939254133,0.0088581314878892,0.1085121107266436,-10.063189470119989,-16.22089284185566,-10.820027465238876,-14.079890648755605,0.6648724675178528,-0.6120553016662598,-0.3539622724056244,0.6461380124092102,-0.5857142806053162,-0.3851590156555176,0.7394621968269348,-0.6246393918991089,-0.4148148000240326,0.6316519975662231,-0.599092960357666,-0.4043126702308655,98.38328552246094,0.1097791194915771
EXPA2-071,114.05024321910707,23.49386420439888,w3,needle,71,769051,否,落叶灌丛,低,浅绿绒团纹理，夹红褐，无冠形,judge_A2_01.csv,False,10,0.0711111111111111,-0.01039600153787,0.0935640138408304,0.0325413302575932,-0.0297731641676278,-0.0553633217993079,-0.2679584775086506,0.2288965782391388,0.0888273740868896,0.17279507881584,-0.0669896193771626,0.0797231833910034,-0.2519646289888504,-0.0271280276816609,-0.01039600153787,-0.0177777777777777,0.0711111111111111,0.17279507881584,-0.0797231833910034,-0.1663360246059207,-0.1358861976163014,0.0984236831987697,-0.059115724721261,-0.1190926566705113,0.0482276047673971,0.1476970396001538,-0.0246059207996924,-0.0297731641676278,0.0246059207996924,0.1998615916955017,0.1034063821607074,0.0088581314878892,0.1476970396001538,0.1301653210303729,-0.2069357939254133,-0.01039600153787,-0.0629911572472126,-0.059115724721261,0.1301653210303729,-0.0120569011918492,0.0711111111111111,0.0984236831987697,0.0015378700499807,0.0888273740868896,0.0482276047673971,-0.075355632449058,-0.1137408688965782,0.3936947327950788,0.1929104190695886,0.0448442906574394,0.059115724721261,-0.1793771626297577,0.035432525951557,0.1417301038062283,0.17279507881584,-0.1929104190695886,-0.0009842368319876,-0.0297731641676278,0.0415840061514801,-0.1085121107266436,0.0246059207996924,-0.1929104190695886,0.0629911572472126,0.17279507881584,-2.4780088914497425,-10.267976743427957,-2.278918525376146,-8.657076283249943,0.7474246621131897,-0.6739766001701355,-0.5300316214561462,0.5539419054985046,-0.4735030233860016,-0.3293657004833221,0.769251823425293,-0.66994309425354,-0.4932486116886139,0.7619367837905884,-0.6656070947647095,-0.4878286123275757,133.60826110839844,0.1105922907590866
EXPA2-072,107.84674736156288,23.9908122195738,w3,needle,71,736542,否,常绿灌丛,低,暗绿平滑坡面，冠形不清，旁为园区,judge_A2_01.csv,False,9,0.0669896193771626,0.0039369473279507,-0.0415840061514801,0.1085121107266436,0.0517339484813533,-0.0629911572472126,-0.2441522491349481,0.186082276047674,0.0842137639369473,0.0935640138408304,0.0222068435217224,0.0517339484813533,-0.2844444444444444,0.0384467512495194,-0.0797231833910034,-0.035432525951557,0.16,0.0448442906574394,-0.2441522491349481,-0.0842137639369473,-0.1137408688965782,-0.0271280276816609,-0.1137408688965782,-0.1793771626297577,0.0271280276816609,0.0935640138408304,0.0415840061514801,-0.0711111111111111,-0.0553633217993079,0.2141330257593233,-0.0039369473279507,-0.1358861976163014,0.1358861976163014,0.1137408688965782,-0.17279507881584,-0.0222068435217224,-0.0935640138408304,0.0030142252979623,0.0842137639369473,-0.0138408304498269,0.0669896193771626,0.0935640138408304,0.0199307958477508,0.1301653210303729,-0.0325413302575932,0.0199307958477508,-0.0246059207996924,0.3936947327950788,0.0297731641676278,0.0297731641676278,0.0088581314878892,-0.186082276047674,0.0797231833910034,0.2069357939254133,0.2599000384467512,-0.0553633217993079,-0.0629911572472126,-0.0120569011918492,0.0222068435217224,-0.1417301038062283,0.0482276047673971,-0.1663360246059207,0.0384467512495194,0.2288965782391388,-5.413736549678112,-11.666739047518512,-7.279152638280407,-13.06757357391443,0.769061267375946,-0.7260804176330566,-0.6878980994224548,0.8087201118469238,-0.6782536506652832,-0.5440484285354614,0.8276802897453308,-0.6918079853057861,-0.5569007396697998,0.8610354065895081,-0.7313054203987122,-0.6733435988426208,654.1138916015625,0.214209496974945
EXPA2-073,109.23275801343092,28.846296161768223,w3,needle,71,744390,否,常绿灌丛,低,暗绿绒状纹理无冠形，旁为浅色路带,judge_A2_01.csv,False,9,0.0384467512495194,0.0061514801999231,0.1085121107266436,0.0797231833910034,0.0842137639369473,-0.0629911572472126,-0.1929104190695886,0.1793771626297577,0.0553633217993079,0.1358861976163014,0.0482276047673971,0.0553633217993079,-0.1417301038062283,0.0448442906574394,-0.1085121107266436,-0.059115724721261,0.0517339484813533,0.2441522491349481,-0.2069357939254133,-0.16,-0.0448442906574394,0.0842137639369473,-0.1190926566705113,-0.035432525951557,0.0553633217993079,0.0448442906574394,0.0448442906574394,-0.1417301038062283,0.1301653210303729,0.1537870049980776,-0.1301653210303729,0.0120569011918492,0.0448442906574394,0.1417301038062283,-0.1476970396001538,-0.17279507881584,-0.1417301038062283,0.0297731641676278,0.059115724721261,-0.0797231833910034,-0.0009842368319876,0.0842137639369473,-0.0384467512495194,-0.1085121107266436,-0.0553633217993079,0.1301653210303729,-0.0415840061514801,0.454963475586313,0.1476970396001538,0.075355632449058,-0.0030142252979623,-0.1085121107266436,0.0482276047673971,0.1034063821607074,0.2441522491349481,-0.16,-0.0482276047673971,-0.16,0.0177777777777777,-0.1245674740484429,-0.0297731641676278,-0.0711111111111111,0.2214532871972318,0.0325413302575932,0.2805611410287529,-6.124238647981258,-0.0184694451728061,-5.608853311080006,0.4683939516544342,-0.5483871102333069,-0.524848461151123,0.5346303582191467,-0.4571428596973419,-0.4296066164970398,0.7271167635917664,-0.5909640192985535,-0.4221930503845215,0.7721675038337708,-0.6426940560340881,-0.5664820075035095,898.1751098632812,0.0943015813827514
EXPA2-074,111.65228039967845,27.316644895969503,w3,needle,71,757435,否,落叶灌丛,低,亮绿纤维纹理+褐斑，无冠形,judge_A2_01.csv,False,10,0.0935640138408304,-0.0030142252979623,0.1137408688965782,-0.0049826989619377,0.0415840061514801,0.0669896193771626,-0.2761399461745483,0.186082276047674,0.0074432910419069,0.2141330257593233,0.0120569011918492,0.1137408688965782,-0.1537870049980776,-0.0415840061514801,-0.0384467512495194,-0.075355632449058,-0.1358861976163014,0.0415840061514801,0.0482276047673971,-0.1301653210303729,-0.2599000384467512,0.0842137639369473,0.0415840061514801,-0.0711111111111111,-0.0138408304498269,0.1537870049980776,-0.1537870049980776,0.035432525951557,0.1301653210303729,0.1301653210303729,0.0984236831987697,-0.01039600153787,0.1190926566705113,0.0842137639369473,-0.1085121107266436,0.2141330257593233,-0.1301653210303729,-0.1190926566705113,0.1085121107266436,0.1190926566705113,0.0842137639369473,0.2599000384467512,-0.01039600153787,0.1358861976163014,-0.0222068435217224,-0.0199307958477508,-0.0797231833910034,0.1245674740484429,0.0888273740868896,0.0629911572472126,-0.0984236831987697,0.0177777777777777,0.0415840061514801,0.1663360246059207,0.1137408688965782,-0.2599000384467512,-0.0842137639369473,0.0009842368319876,-0.0797231833910034,-0.0935640138408304,-0.2069357939254133,-0.2441522491349481,0.0271280276816609,0.2214532871972318,-8.231831424743628,-14.740747931236164,-8.400014359643569,-13.062268177751452,0.6300309300422668,-0.569299578666687,-0.3918989896774292,0.4019728600978851,-0.3392226099967956,-0.1633109599351883,0.8064705729484558,-0.661796510219574,-0.43426114320755,0.7007350325584412,-0.6110742688179016,-0.3832807540893554,272.1253356933594,0.2710534632205963
EXPA2-075,112.05517480460604,27.512836954021203,w3,needle,71,759507,否,落叶灌丛,低,灰绿绒状纹理+褐斑团，无冠形,judge_A2_01.csv,False,10,0.0415840061514801,-0.01039600153787,0.0711111111111111,0.0711111111111111,0.0384467512495194,0.0711111111111111,-0.3278123798539023,0.3014225297962323,0.0669896193771626,0.1663360246059207,-0.0157477893118031,0.0448442906574394,-0.1929104190695886,0.0297731641676278,-0.0448442906574394,-0.0553633217993079,-0.0138408304498269,0.0629911572472126,0.0022145328719723,-0.1137408688965782,-0.1190926566705113,0.0325413302575932,0.0448442906574394,-0.1358861976163014,0.0157477893118031,0.2288965782391388,-0.0842137639369473,-0.0120569011918492,0.0669896193771626,0.1663360246059207,0.0669896193771626,-0.0415840061514801,0.1034063821607074,0.0797231833910034,-0.1358861976163014,0.0517339484813533,-0.2214532871972318,-0.0415840061514801,0.1476970396001538,0.0246059207996924,0.0415840061514801,0.1663360246059207,-0.0049826989619377,0.1190926566705113,-0.0138408304498269,-0.0120569011918492,-0.0415840061514801,0.3460207612456747,0.1301653210303729,0.0711111111111111,-0.01039600153787,-0.0842137639369473,0.0271280276816609,0.17279507881584,0.2288965782391388,-0.2069357939254133,-0.0888273740868896,0.0517339484813533,-0.0448442906574394,-0.0415840061514801,-0.0669896193771626,-0.2679584775086506,0.0797231833910034,0.17279507881584,-5.93014512868317,-11.01583879085667,-6.561426733689755,-9.903474097932754,0.6368019580841064,-0.6109133958816528,-0.4572531580924988,0.6161680221557617,-0.5253829956054688,-0.2911619544029236,0.7836644649505615,-0.6441860198974609,-0.4567243754863739,0.7025036811828613,-0.6426287889480591,-0.4730225205421448,193.62022399902344,0.1097791194915771
EXPA2-076,112.8590771523646,25.07795337641524,w3,needle,71,763027,否,落叶灌丛,低,灰橄榄绒状纹理，无冠形,judge_A2_01.csv,False,10,0.1663360246059207,-0.0711111111111111,0.0157477893118031,0.0297731641676278,0.0797231833910034,0.0177777777777777,-0.2679584775086506,0.1998615916955017,-0.0074432910419069,0.2141330257593233,-0.075355632449058,0.1137408688965782,-0.1929104190695886,0.0517339484813533,0.0222068435217224,-0.17279507881584,-0.0553633217993079,0.0553633217993079,0.186082276047674,-0.0797231833910034,-0.1663360246059207,0.01039600153787,0.0415840061514801,-0.1417301038062283,0.0297731641676278,0.2214532871972318,-0.1245674740484429,0.0030142252979623,0.0984236831987697,0.1034063821607074,0.0888273740868896,0.0415840061514801,-0.0177777777777777,0.0517339484813533,-0.1929104190695886,0.0553633217993079,-0.1929104190695886,-0.186082276047674,0.17279507881584,0.17279507881584,0.0138408304498269,0.1537870049980776,0.0030142252979623,0.1417301038062283,-0.1301653210303729,0.0297731641676278,-0.1034063821607074,0.1476970396001538,0.075355632449058,-0.0157477893118031,0.035432525951557,-0.1034063821607074,0.0935640138408304,0.1190926566705113,0.059115724721261,-0.2599000384467512,-0.1793771626297577,0.1190926566705113,-0.1245674740484429,-0.1793771626297577,-0.0039369473279507,-0.1929104190695886,-0.0138408304498269,0.0797231833910034,-10.242743446583424,-15.057923215852137,-9.431336161123248,-14.450389628285812,0.7252544164657593,-0.6460723876953125,-0.4495538771152496,0.7099299430847168,-0.600462794303894,-0.4456928968429565,0.7915452122688293,-0.6529926061630249,-0.4636174738407135,0.8060252666473389,-0.6796818375587463,-0.422048270702362,303.8329772949219,0.1660258322954177
EXPA2-077,112.06460711508927,27.70040518534536,w3,needle,71,759511,否,常绿灌丛,低,暗灰绿细密纹理，无冠形,judge_A2_01.csv,False,9,0.1301653210303729,-0.059115724721261,0.0553633217993079,0.0120569011918492,0.0629911572472126,0.0553633217993079,-0.3188927335640138,0.2844444444444444,0.0482276047673971,0.2214532871972318,-0.1034063821607074,0.1190926566705113,-0.17279507881584,0.0797231833910034,-0.0448442906574394,-0.0888273740868896,-0.0842137639369473,0.1476970396001538,0.1034063821607074,-0.0797231833910034,-0.0935640138408304,0.1034063821607074,0.059115724721261,-0.1245674740484429,-0.0061514801999231,0.1929104190695886,-0.1085121107266436,0.075355632449058,0.0711111111111111,0.1301653210303729,0.1476970396001538,0.0088581314878892,0.035432525951557,0.0797231833910034,-0.1537870049980776,0.0935640138408304,-0.186082276047674,-0.1301653210303729,0.1998615916955017,0.1085121107266436,0.0030142252979623,0.186082276047674,0.0448442906574394,0.0842137639369473,-0.0669896193771626,0.0384467512495194,-0.0984236831987697,0.2761399461745483,0.0138408304498269,-0.0246059207996924,0.0039369473279507,-0.0629911572472126,0.0888273740868896,0.0384467512495194,0.1358861976163014,-0.186082276047674,-0.1537870049980776,0.1663360246059207,-0.075355632449058,-0.0015378700499807,-0.0482276047673971,-0.2214532871972318,0.0061514801999231,0.1417301038062283,-7.794076164084121,-12.87727041420618,-6.15551173778281,-10.057227455999415,0.7058374881744385,-0.662081778049469,-0.4197255074977875,0.6549232006072998,-0.543386697769165,-0.3555291295051574,0.7647668123245239,-0.6354033350944519,-0.3955956399440765,0.6992104649543762,-0.6125730872154236,-0.3858632743358612,165.7986297607422,0.1097791194915771
EXPA2-078,110.99929501965194,28.14183731596169,w3,needle,71,753840,否,常绿灌丛,低,亮绿绒团纹理，无冠形,judge_A2_01.csv,False,9,0.1537870049980776,0.0074432910419069,0.1137408688965782,0.0246059207996924,0.1034063821607074,0.0199307958477508,-0.3188927335640138,0.2364628988850442,0.0448442906574394,0.1537870049980776,-0.0629911572472126,0.186082276047674,-0.2441522491349481,0.0022145328719723,-0.0448442906574394,-0.0935640138408304,-0.0842137639369473,0.0629911572472126,0.0271280276816609,0.0030142252979623,-0.0984236831987697,0.0138408304498269,0.035432525951557,-0.0984236831987697,0.0325413302575932,0.1245674740484429,-0.1301653210303729,-0.0120569011918492,-0.0061514801999231,0.1190926566705113,0.1301653210303729,0.17279507881584,0.0984236831987697,0.0629911572472126,-0.186082276047674,0.1663360246059207,-0.186082276047674,-0.2761399461745483,0.1476970396001538,0.17279507881584,-0.075355632449058,0.2214532871972318,0.0199307958477508,0.1085121107266436,-0.035432525951557,0.0842137639369473,-0.0415840061514801,0.1476970396001538,0.0448442906574394,0.0157477893118031,-0.0074432910419069,-0.1190926566705113,0.0325413302575932,0.0553633217993079,-0.0030142252979623,-0.2364628988850442,-0.1417301038062283,0.1085121107266436,-0.17279507881584,-0.01039600153787,-0.0797231833910034,-0.16,-0.1301653210303729,0.059115724721261,-9.3331135908738,-16.688785500184565,-9.69544412194886,-15.979791784063757,0.7572857737541199,-0.6903765797615051,-0.4372623562812805,0.774078905582428,-0.6721311211585999,-0.433445006608963,0.8211179971694946,-0.6787861585617065,-0.4491899907588959,0.8089842200279236,-0.7054559588432312,-0.4440043270587921,304.07635498046875,0.1846325844526291
EXPA2-079,113.7422109081825,28.74119327352624,w3,needle,71,767280,否,常绿灌丛,低,绿底浅色细斑纹，无冠形,judge_A2_01.csv,False,9,0.0935640138408304,0.059115724721261,0.1137408688965782,0.0120569011918492,0.0271280276816609,0.0384467512495194,-0.2761399461745483,0.2679584775086506,0.0797231833910034,0.1793771626297577,-0.0888273740868896,0.0711111111111111,-0.1537870049980776,-0.0199307958477508,-0.0009842368319876,-0.059115724721261,0.0088581314878892,0.16,0.0088581314878892,-0.1998615916955017,-0.1537870049980776,0.1085121107266436,-0.0711111111111111,-0.0842137639369473,0.0199307958477508,0.1929104190695886,-0.0669896193771626,-0.0448442906574394,0.1358861976163014,0.1998615916955017,0.0711111111111111,0.035432525951557,0.1085121107266436,0.1537870049980776,-0.1663360246059207,0.0384467512495194,-0.1245674740484429,-0.0935640138408304,0.0888273740868896,0.0517339484813533,0.0482276047673971,0.2599000384467512,0.0088581314878892,0.0138408304498269,0.0138408304498269,0.0246059207996924,-0.16,0.3553094963475586,0.1417301038062283,0.0177777777777777,-0.0138408304498269,-0.0935640138408304,0.0222068435217224,0.1301653210303729,0.1537870049980776,-0.186082276047674,-0.059115724721261,0.0157477893118031,0.0120569011918492,-0.0517339484813533,-0.1034063821607074,-0.1929104190695886,0.0711111111111111,0.1929104190695886,-1.999159307004717,-10.127933796474624,-0.3290767858789475,-8.889692711159405,0.6800544857978821,-0.6025974154472351,-0.3578174114227295,0.6821849942207336,-0.5310734510421753,-0.3157460987567901,0.7308329939842224,-0.5928621888160706,-0.3411854207515716,0.7368086576461792,-0.6261904835700989,-0.4038918018341064,321.47320556640625,0.1451162546873092
EXPA2-080,126.8665972091687,44.17568715915421,w1,decid_broad,61,634677,是,常绿针叶林,低,极深暗均匀细密无冠隙,judge_A2_02.csv,False,6,-0.0935640138408304,-0.0177777777777777,0.1190926566705113,-0.0482276047673971,0.0074432910419069,-0.2141330257593233,-0.1793771626297577,0.4136255286428297,0.1793771626297577,0.0120569011918492,0.3368550557477893,-0.0448442906574394,-0.0022145328719723,-0.0888273740868896,-0.17279507881584,0.1034063821607074,-0.01039600153787,-0.0517339484813533,-0.2288965782391388,-0.0325413302575932,0.1476970396001538,-0.0177777777777777,0.0711111111111111,-0.0061514801999231,0.17279507881584,0.1137408688965782,-0.0384467512495194,0.0629911572472126,0.1998615916955017,0.0325413302575932,-0.0088581314878892,0.0629911572472126,0.0271280276816609,0.0553633217993079,0.0842137639369473,0.0482276047673971,-0.0177777777777777,-0.1793771626297577,0.1537870049980776,-0.1190926566705113,-0.0629911572472126,-0.075355632449058,0.0984236831987697,0.0325413302575932,-0.0797231833910034,0.075355632449058,0.2599000384467512,-0.186082276047674,0.1245674740484429,-0.035432525951557,0.0711111111111111,0.01039600153787,-0.1301653210303729,0.059115724721261,0.0384467512495194,0.1476970396001538,0.1417301038062283,-0.0482276047673971,-0.0935640138408304,-0.0842137639369473,-0.1663360246059207,0.0088581314878892,-0.0935640138408304,0.0049826989619377,,,,,0.151711568236351,-0.2000844180583953,-0.0366039648652076,0.4594142138957977,-0.508650541305542,-0.558663547039032,0.9077038764953612,-0.7912982106208801,-0.5658572316169739,0.7253590226173401,-0.7098849415779114,-0.6419634222984314,322.12091064453125,0.050841636955738
EXPA2-081,126.91591471826686,42.68241766236233,w1,decid_broad,61,634887,否,落叶灌丛,低,深绿灌斑散布浅色地表,judge_A2_02.csv,False,10,-0.0325413302575932,-0.075355632449058,0.1190926566705113,-0.059115724721261,0.0246059207996924,-0.2141330257593233,-0.1301653210303729,0.3742560553633218,0.1793771626297577,0.0797231833910034,0.3014225297962323,-0.035432525951557,0.0015378700499807,-0.0517339484813533,-0.2069357939254133,0.0629911572472126,-0.0246059207996924,-0.1358861976163014,-0.2214532871972318,-0.0177777777777777,0.1476970396001538,-0.0138408304498269,0.0138408304498269,-0.0482276047673971,0.1301653210303729,-0.0177777777777777,-0.0669896193771626,0.0553633217993079,0.1537870049980776,0.0246059207996924,0.0297731641676278,0.0935640138408304,-0.0448442906574394,0.0297731641676278,0.075355632449058,0.1245674740484429,-0.0271280276816609,-0.1998615916955017,0.0797231833910034,-0.1137408688965782,-0.0984236831987697,-0.0517339484813533,0.059115724721261,0.0517339484813533,-0.0629911572472126,0.1137408688965782,0.292871972318339,-0.2844444444444444,0.0553633217993079,-0.0711111111111111,0.0271280276816609,0.0157477893118031,-0.1301653210303729,0.075355632449058,0.0448442906574394,0.1663360246059207,0.1034063821607074,-0.0553633217993079,-0.0984236831987697,-0.1034063821607074,-0.186082276047674,0.075355632449058,-0.1137408688965782,-0.0246059207996924,-15.90860751106052,-17.734430577930056,-10.653653870568892,-17.894185364403818,0.1625371724367141,-0.2088110297918319,0.1636983752250671,0.6077895164489746,-0.6300657987594604,-0.5094166398048401,0.828052282333374,-0.7234175801277161,-0.4815974831581116,0.5259221196174622,-0.6275103092193604,-0.694425642490387,527.0147705078125,0.1742177754640579
EXPA2-082,124.41796940771572,42.59644888967209,w1,decid_broad,61,623963,否,草地,低,亮绿细密均质无冠,judge_A2_02.csv,False,11,0.0297731641676278,0.0448442906574394,0.2844444444444444,-0.2141330257593233,-0.0482276047673971,-0.16,-0.1793771626297577,0.4444444444444444,0.0711111111111111,0.035432525951557,0.0935640138408304,-0.1245674740484429,-0.0015378700499807,-0.0015378700499807,-0.1137408688965782,0.0711111111111111,0.0002460592079969,0.0711111111111111,-0.2141330257593233,-0.0384467512495194,0.0074432910419069,0.0482276047673971,0.0325413302575932,-0.01039600153787,0.1476970396001538,0.0797231833910034,-0.1245674740484429,-0.0711111111111111,0.1793771626297577,0.1137408688965782,-0.0517339484813533,0.059115724721261,-0.0842137639369473,0.1476970396001538,-0.0629911572472126,0.16,-0.0669896193771626,-0.1137408688965782,0.0157477893118031,0.0120569011918492,0.0842137639369473,0.1137408688965782,0.0157477893118031,-0.0297731641676278,-0.0415840061514801,0.0711111111111111,0.1793771626297577,-0.1085121107266436,0.0061514801999231,-0.1998615916955017,0.1998615916955017,0.0629911572472126,-0.0448442906574394,-0.0049826989619377,-0.1537870049980776,0.0271280276816609,0.0629911572472126,0.0984236831987697,-0.1537870049980776,0.0553633217993079,-0.1417301038062283,-0.0797231833910034,-0.2844444444444444,-0.0120569011918492,-13.904773101780547,-20.54273763757168,-10.35260896140328,-16.18712734882235,0.2602436244487762,-0.4296482503414154,-0.4556354880332947,0.3422168493270874,-0.5131444334983826,-0.5998877882957458,0.8343249559402466,-0.716488242149353,-0.547659695148468,0.5414095520973206,-0.6416465044021606,-0.623272716999054,275.99169921875,0.0990997403860092
EXPA2-083,122.10624485556254,46.88922813789405,w1,decid_broad,61,612678,是,常绿阔叶林,低,深绿冠团块状叶团可辨,judge_A2_02.csv,False,4,-0.0177777777777777,0.0325413302575932,0.1929104190695886,-0.0157477893118031,-0.1085121107266436,-0.0797231833910034,-0.1998615916955017,0.4136255286428297,0.1301653210303729,-0.0061514801999231,0.3553094963475586,-0.0669896193771626,0.0888273740868896,-0.0797231833910034,-0.0325413302575932,0.0888273740868896,0.0157477893118031,0.0325413302575932,-0.2679584775086506,-0.0074432910419069,0.0517339484813533,-0.1034063821607074,0.1417301038062283,0.0415840061514801,0.16,0.1137408688965782,-0.0039369473279507,0.0384467512495194,0.1998615916955017,0.1476970396001538,-0.035432525951557,0.17279507881584,0.075355632449058,0.1034063821607074,-0.0517339484813533,0.059115724721261,0.0553633217993079,-0.0842137639369473,0.0711111111111111,-0.1137408688965782,-0.0157477893118031,-0.0711111111111111,0.0842137639369473,0.0138408304498269,-0.0553633217993079,0.0553633217993079,0.1537870049980776,-0.2069357939254133,0.1793771626297577,-0.0138408304498269,0.0888273740868896,-0.0222068435217224,-0.0842137639369473,0.0325413302575932,0.0138408304498269,0.0711111111111111,0.1245674740484429,-0.1417301038062283,-0.186082276047674,-0.0984236831987697,-0.17279507881584,0.0222068435217224,-0.1245674740484429,0.0888273740868896,,,,,0.2376425862312317,-0.3275554478168487,-0.1954864263534546,0.3180975914001465,-0.4198270142078399,-0.5554422736167908,0.8166401982307434,-0.7029309272766113,-0.5742257237434387,0.4811452627182007,-0.6181575655937195,-0.5916785597801208,449.84033203125,0.1581123173236847
EXPA2-084,124.95291615940889,43.00257722962253,w1,decid_broad,61,626716,否,草地,低,褐绿干草坡面，无树冠,judge_A2_02.csv,False,11,-0.0222068435217224,0.0711111111111111,0.2069357939254133,-0.1929104190695886,-0.035432525951557,-0.0888273740868896,-0.2519646289888504,0.4237754709727028,0.0482276047673971,0.0138408304498269,0.0984236831987697,-0.1085121107266436,-0.0297731641676278,-0.0415840061514801,-0.1034063821607074,0.0669896193771626,-0.01039600153787,0.1190926566705113,-0.1417301038062283,0.0669896193771626,-0.0553633217993079,0.0074432910419069,0.1301653210303729,0.0384467512495194,0.1301653210303729,0.0246059207996924,-0.075355632449058,-0.0888273740868896,0.1793771626297577,0.0448442906574394,-0.0049826989619377,0.0384467512495194,-0.0448442906574394,0.1793771626297577,-0.059115724721261,0.2844444444444444,0.01039600153787,-0.0384467512495194,0.0517339484813533,0.035432525951557,0.01039600153787,0.0797231833910034,-0.0297731641676278,0.0177777777777777,-0.0177777777777777,0.2141330257593233,0.2214532871972318,-0.1137408688965782,0.0022145328719723,-0.1929104190695886,0.2364628988850442,0.0384467512495194,-0.0629911572472126,-0.0271280276816609,-0.0888273740868896,-0.0384467512495194,0.0415840061514801,0.0888273740868896,-0.1476970396001538,-0.0448442906574394,-0.1998615916955017,-0.0325413302575932,-0.2364628988850442,-0.1085121107266436,-11.018306869420163,-20.875268052709007,-8.541212800615874,-15.413395891289472,0.2254718095064163,-0.3410628139972687,-0.1484314054250717,0.3155978620052337,-0.4544891715049743,-0.5480312705039978,0.7770417332649231,-0.6737837791442871,-0.4848344922065735,0.5630978345870972,-0.6133757829666138,-0.6009204387664795,329.0440368652344,0.0761895477771759
EXPA2-085,122.4336807766241,47.72412236295473,w1,decid_broad,61,614385,是,常绿阔叶林,低,深绿团块冠，暗隙穿插,judge_A2_02.csv,False,4,-0.075355632449058,0.0711111111111111,0.2288965782391388,-0.0553633217993079,-0.059115724721261,-0.1085121107266436,-0.2141330257593233,0.4444444444444444,0.1793771626297577,-0.0030142252979623,0.3100961168781238,-0.1301653210303729,0.0669896193771626,-0.0384467512495194,-0.1476970396001538,0.0935640138408304,0.035432525951557,-0.0015378700499807,-0.2069357939254133,-0.0448442906574394,0.0984236831987697,-0.0482276047673971,0.1476970396001538,-0.0061514801999231,0.1245674740484429,0.1190926566705113,-0.0120569011918492,0.0448442906574394,0.2599000384467512,0.0888273740868896,0.0022145328719723,0.1301653210303729,-0.0297731641676278,0.1034063821607074,-0.0222068435217224,0.0842137639369473,0.0120569011918492,-0.0797231833910034,0.059115724721261,-0.1301653210303729,0.0246059207996924,-0.0797231833910034,0.035432525951557,0.0246059207996924,-0.059115724721261,0.0553633217993079,0.1301653210303729,-0.2141330257593233,0.1476970396001538,-0.0669896193771626,0.1137408688965782,0.0415840061514801,-0.1034063821607074,0.0448442906574394,0.035432525951557,0.0984236831987697,0.1476970396001538,-0.0553633217993079,-0.1245674740484429,-0.0711111111111111,-0.2069357939254133,0.0222068435217224,-0.1034063821607074,0.0384467512495194,,,,,0.1568947583436966,-0.2245090305805206,0.2445789277553558,0.3396179676055908,-0.5090121626853943,-0.5890058279037476,0.8316015601158142,-0.7309255003929138,-0.5734478235244751,0.4939475357532501,-0.6331556439399719,-0.6113707423210144,496.0553894042969,0.287750780582428
EXPA2-086,122.28141633596584,47.07571839087726,w1,decid_broad,61,613607,是,常绿针叶林,低,深暗细密均匀，无叶团,judge_A2_02.csv,False,6,-0.0384467512495194,0.0222068435217224,0.186082276047674,-0.0138408304498269,-0.0888273740868896,-0.075355632449058,-0.186082276047674,0.4035986159169549,0.1476970396001538,-0.01039600153787,0.3553094963475586,-0.0553633217993079,0.0797231833910034,-0.0629911572472126,-0.0517339484813533,0.059115724721261,0.0030142252979623,0.0022145328719723,-0.2519646289888504,0.0222068435217224,0.0669896193771626,-0.0888273740868896,0.1245674740484429,0.0415840061514801,0.1663360246059207,0.1085121107266436,0.0074432910419069,0.0271280276816609,0.2214532871972318,0.1358861976163014,-0.0271280276816609,0.186082276047674,0.0246059207996924,0.0984236831987697,-0.0629911572472126,0.0517339484813533,0.0325413302575932,-0.1417301038062283,0.0984236831987697,-0.0984236831987697,-0.0157477893118031,-0.075355632449058,0.0711111111111111,0.0157477893118031,-0.0325413302575932,0.0325413302575932,0.1998615916955017,-0.2288965782391388,0.1476970396001538,-0.035432525951557,0.0797231833910034,-0.0157477893118031,-0.1085121107266436,-0.01039600153787,0.0271280276816609,0.0482276047673971,0.1417301038062283,-0.1190926566705113,-0.17279507881584,-0.1245674740484429,-0.1793771626297577,0.0271280276816609,-0.1417301038062283,0.0797231833910034,,,,,0.2477014660835266,-0.3070821464061737,-0.1608919352293014,0.3832453787326813,-0.4752022624015808,-0.5930169224739075,0.7778995037078857,-0.6710424423217773,-0.5275415778160095,0.4923857748508453,-0.6008377075195312,-0.6070913076400757,370.2344970703125,0.287750780582428
EXPA2-087,126.34377771381114,43.34483535287207,w1,decid_broad,61,632374,是,落叶阔叶林,低,中绿圆冠，冠隙可见,judge_A2_02.csv,False,5,-0.0120569011918492,0.0297731641676278,0.1476970396001538,-0.1034063821607074,0.0297731641676278,-0.2069357939254133,-0.1417301038062283,0.4237754709727028,0.1417301038062283,0.0629911572472126,0.1998615916955017,-0.0246059207996924,-0.035432525951557,-0.059115724721261,-0.2761399461745483,0.0842137639369473,-0.0222068435217224,-0.035432525951557,-0.2441522491349481,0.0384467512495194,0.1537870049980776,0.0842137639369473,-0.0002460592079969,0.0246059207996924,0.1190926566705113,0.0138408304498269,-0.0669896193771626,0.035432525951557,0.0797231833910034,-0.0222068435217224,0.0325413302575932,0.0669896193771626,-0.0088581314878892,0.0711111111111111,0.1537870049980776,0.1358861976163014,-0.0517339484813533,-0.2069357939254133,0.035432525951557,-0.1301653210303729,-0.0984236831987697,0.0177777777777777,0.0384467512495194,-0.0088581314878892,-0.0482276047673971,0.1929104190695886,0.2844444444444444,-0.2364628988850442,-0.0246059207996924,-0.0984236831987697,0.0517339484813533,0.0222068435217224,-0.0553633217993079,0.0553633217993079,-0.0222068435217224,0.1085121107266436,0.0797231833910034,-0.0002460592079969,-0.1245674740484429,-0.0517339484813533,-0.186082276047674,0.0448442906574394,-0.2214532871972318,-0.0482276047673971,-8.602516202463223,-15.10340483594642,-5.059018934504479,-12.558383353626269,0.0564360246062278,-0.0847390368580818,0.4160270094871521,0.2893712818622589,-0.3615916967391968,-0.511500895023346,0.8074173331260681,-0.7312219142913818,-0.4686971306800842,0.6647298336029053,-0.7512224912643433,-0.6153119206428528,641.2689819335938,0.0953885614871978
EXPA2-088,126.95364396019988,45.00087957914641,w1,decid_broad,61,635145,否,草地,低,亮绿均质，无冠影,judge_A2_02.csv,False,11,-0.0888273740868896,-0.0088581314878892,0.1793771626297577,-0.16,-0.0669896193771626,-0.1663360246059207,-0.2364628988850442,0.454963475586313,0.1358861976163014,-0.035432525951557,0.2761399461745483,-0.1085121107266436,-0.0120569011918492,0.0415840061514801,-0.17279507881584,0.0888273740868896,0.0199307958477508,-0.0553633217993079,-0.1793771626297577,-0.0325413302575932,0.0984236831987697,-0.0030142252979623,0.1245674740484429,-0.0711111111111111,0.0297731641676278,0.1998615916955017,0.0222068435217224,0.0246059207996924,0.2679584775086506,-0.0120569011918492,-0.0039369473279507,-0.0177777777777777,-0.0157477893118031,0.0629911572472126,0.0297731641676278,0.1537870049980776,-0.0061514801999231,-0.059115724721261,0.1137408688965782,-0.1301653210303729,-0.0297731641676278,-0.0711111111111111,0.0246059207996924,0.0384467512495194,-0.1190926566705113,0.1085121107266436,0.1998615916955017,-0.0517339484813533,0.0711111111111111,-0.0448442906574394,0.1417301038062283,0.0246059207996924,-0.1537870049980776,0.0384467512495194,0.075355632449058,0.1137408688965782,0.16,0.0120569011918492,-0.0935640138408304,-0.0984236831987697,-0.1998615916955017,-0.0297731641676278,-0.1137408688965782,0.0297731641676278,-13.608086086488909,-22.56479299066588,-11.267263756416696,-16.29036510926735,0.0832134783267974,-0.1142736375331878,0.4932889938354492,0.3399928510189056,-0.4338614344596863,-0.5067353844642639,0.785027801990509,-0.7019532322883606,-0.486497700214386,0.7010830044746399,-0.6644295454025269,-0.5398401618003845,189.64683532714844,0.0788719877600669
EXPA2-089,121.61410282715764,47.00731168199156,w1,decid_broad,62,662401,否,落叶灌丛,低,深绿小灌斑夹浅绿草隙,judge_A2_02.csv,False,10,-0.1085121107266436,0.0629911572472126,0.2441522491349481,-0.0711111111111111,-0.075355632449058,-0.0984236831987697,-0.2214532871972318,0.4444444444444444,0.2069357939254133,0.0297731641676278,0.2679584775086506,-0.16,0.1417301038062283,-0.0482276047673971,-0.1663360246059207,0.1358861976163014,0.0039369473279507,0.0984236831987697,-0.1793771626297577,-0.1034063821607074,0.0797231833910034,0.059115724721261,0.0842137639369473,0.0517339484813533,0.1190926566705113,0.0246059207996924,-0.0157477893118031,0.0888273740868896,0.186082276047674,0.075355632449058,0.0415840061514801,0.0711111111111111,-0.0888273740868896,0.1301653210303729,0.01039600153787,0.0297731641676278,-0.0669896193771626,-0.1034063821607074,0.0061514801999231,-0.1245674740484429,0.0222068435217224,-0.0517339484813533,0.075355632449058,-0.0157477893118031,-0.0842137639369473,0.1190926566705113,0.1085121107266436,-0.1929104190695886,0.1085121107266436,-0.1190926566705113,0.1085121107266436,0.0022145328719723,-0.0711111111111111,0.0061514801999231,0.0246059207996924,0.0935640138408304,0.1301653210303729,-0.0022145328719723,-0.17279507881584,-0.035432525951557,-0.2141330257593233,-0.0002460592079969,-0.1358861976163014,0.0517339484813533,,,,,0.1554163545370102,-0.2222095280885696,0.0908508226275444,0.2936221361160278,-0.4635806679725647,-0.5876504182815552,0.8301559686660767,-0.7170731425285339,-0.5648186802864075,0.5244252681732178,-0.6503986120223999,-0.6098936796188354,714.3059692382812,0.3958434760570526
EXPA2-090,124.96477392115926,42.81554798746885,w1,decid_broad,61,626714,否,稀疏植被,低,褐色地表+稀疏深色灌斑,judge_A2_02.csv,False,13,-0.0120569011918492,0.0088581314878892,0.1245674740484429,-0.2364628988850442,0.0448442906574394,-0.0669896193771626,-0.2761399461745483,0.2844444444444444,-0.0246059207996924,-0.0246059207996924,0.1301653210303729,0.035432525951557,-0.035432525951557,0.0448442906574394,-0.0935640138408304,0.0157477893118031,-0.0553633217993079,0.0157477893118031,-0.16,0.0271280276816609,0.0246059207996924,-0.1190926566705113,0.1358861976163014,0.0553633217993079,-0.0199307958477508,0.0669896193771626,-0.075355632449058,-0.1190926566705113,0.2679584775086506,0.0039369473279507,0.1537870049980776,-0.0271280276816609,0.2069357939254133,0.1663360246059207,-0.0629911572472126,0.3647212610534409,0.0325413302575932,-0.1137408688965782,0.1929104190695886,0.0797231833910034,-0.0271280276816609,0.0384467512495194,0.0246059207996924,0.0553633217993079,0.0222068435217224,0.1245674740484429,0.2364628988850442,0.0222068435217224,-0.0797231833910034,-0.1358861976163014,0.1417301038062283,-0.075355632449058,-0.075355632449058,-0.0138408304498269,0.0415840061514801,-0.1085121107266436,0.0157477893118031,0.0669896193771626,-0.186082276047674,-0.1245674740484429,-0.2441522491349481,0.0415840061514801,-0.0984236831987697,-0.0553633217993079,-10.44487683276345,-15.65930121847855,-7.334566254564289,-14.394745113975077,0.6912344694137573,-0.722050666809082,-0.2173912972211837,0.6967213153839111,-0.6955631375312805,-0.5814172029495239,0.7080575823783875,-0.6285024881362915,-0.5818713307380676,0.3294163644313812,-0.442720502614975,-0.5415282249450684,407.4637145996094,0.0990997403860092
EXPA2-091,126.7334668840622,42.75976260832502,w1,decid_broad,61,634096,是,常绿针叶林,低,深绿细密均匀，无叶团,judge_A2_02.csv,False,6,-0.0246059207996924,-0.0448442906574394,0.17279507881584,-0.1034063821607074,0.0199307958477508,-0.2364628988850442,-0.1301653210303729,0.4136255286428297,0.17279507881584,0.1034063821607074,0.292871972318339,-0.0711111111111111,-0.0271280276816609,-0.035432525951557,-0.2519646289888504,0.0711111111111111,-0.0297731641676278,-0.0271280276816609,-0.2214532871972318,-0.0888273740868896,0.1417301038062283,0.035432525951557,0.0177777777777777,-0.0297731641676278,0.1034063821607074,0.0138408304498269,-0.1137408688965782,0.075355632449058,0.1929104190695886,0.0271280276816609,0.0138408304498269,-0.0074432910419069,-0.059115724721261,0.0842137639369473,0.0935640138408304,0.0669896193771626,-0.035432525951557,-0.1537870049980776,0.059115724721261,-0.1476970396001538,-0.0629911572472126,-0.0517339484813533,0.0629911572472126,0.0797231833910034,-0.0984236831987697,0.1137408688965782,0.2441522491349481,-0.2069357939254133,0.0984236831987697,-0.0842137639369473,0.0177777777777777,0.0415840061514801,-0.1034063821607074,0.0888273740868896,0.0325413302575932,0.17279507881584,0.0935640138408304,-0.0271280276816609,-0.1190926566705113,-0.0297731641676278,-0.2141330257593233,0.0271280276816609,-0.0797231833910034,0.0222068435217224,-8.64322612312789,-14.614075112253666,-8.330200088756857,-15.694572489101269,0.1113270372152328,-0.1618052572011947,0.1329933255910873,0.5842225551605225,-0.5308414697647095,-0.5146666765213013,0.8199556469917297,-0.7153605222702026,-0.4364915192127228,0.7491090297698975,-0.7544236183166504,-0.6712132096290588,500.31683349609375,0.1742177754640579
EXPA2-092,126.5313459451353,43.553154667259385,w1,decid_broad,61,633236,否,草本旱地,低,平行亮暗条纹，疑旱作坡,judge_A2_02.csv,False,0,-0.0157477893118031,0.075355632449058,0.1137408688965782,-0.075355632449058,0.0271280276816609,-0.2214532871972318,-0.1476970396001538,0.3936947327950788,0.1245674740484429,0.0157477893118031,0.2519646289888504,0.0074432910419069,-0.0935640138408304,-0.0553633217993079,-0.2441522491349481,0.1190926566705113,-0.0049826989619377,-0.0797231833910034,-0.2679584775086506,0.0984236831987697,0.1537870049980776,0.0246059207996924,0.0448442906574394,0.0120569011918492,0.1537870049980776,0.0415840061514801,-0.0415840061514801,-0.0297731641676278,0.1476970396001538,0.01039600153787,0.0088581314878892,0.0984236831987697,0.0517339484813533,0.0797231833910034,0.1190926566705113,0.1476970396001538,-0.0138408304498269,-0.17279507881584,0.0797231833910034,-0.1537870049980776,-0.1190926566705113,0.0022145328719723,0.0384467512495194,-0.000553633217993,-0.0222068435217224,0.1663360246059207,0.292871972318339,-0.2214532871972318,0.0297731641676278,-0.059115724721261,0.0842137639369473,-0.0088581314878892,-0.0711111111111111,0.0984236831987697,-0.0039369473279507,0.0984236831987697,0.1034063821607074,-0.0669896193771626,-0.0669896193771626,-0.0888273740868896,-0.1998615916955017,0.0482276047673971,-0.1417301038062283,-0.0517339484813533,-8.139498894755615,-15.729376027965152,-4.362780877232833,-10.902412437106063,0.0340612940490245,-0.0587044544517993,0.4535379409790039,0.2703128457069397,-0.381301999092102,-0.6050000190734863,0.887150228023529,-0.7781440019607544,-0.5582038164138794,0.7997274994850159,-0.7401613593101501,-0.6531105637550354,546.6658325195312,0.0953885614871978
EXPA2-093,122.8869706689908,46.871441495268485,w1,decid_broad,61,616535,是,常绿针叶林,低,暗绿细斑，规则条行,judge_A2_02.csv,False,6,-0.0482276047673971,-0.059115724721261,0.2141330257593233,-0.0888273740868896,-0.075355632449058,-0.1190926566705113,-0.1301653210303729,0.4136255286428297,0.0984236831987697,-0.01039600153787,0.3278123798539023,-0.1137408688965782,0.0517339484813533,0.0271280276816609,-0.2141330257593233,0.1085121107266436,-0.0797231833910034,-0.0482276047673971,-0.2069357939254133,-0.0271280276816609,0.1245674740484429,-0.000553633217993,0.0629911572472126,-0.0199307958477508,0.1417301038062283,0.17279507881584,0.0138408304498269,0.0984236831987697,0.1417301038062283,0.0030142252979623,-0.0199307958477508,0.0177777777777777,-0.0842137639369473,0.0297731641676278,0.0448442906574394,0.0177777777777777,-0.0553633217993079,-0.16,0.0711111111111111,-0.17279507881584,-0.1358861976163014,-0.1190926566705113,0.0711111111111111,-0.0138408304498269,-0.1190926566705113,0.075355632449058,0.2214532871972318,-0.186082276047674,0.1190926566705113,-0.0271280276816609,0.0039369473279507,0.0246059207996924,-0.0629911572472126,0.0271280276816609,0.0199307958477508,0.1998615916955017,0.1929104190695886,-0.0246059207996924,-0.1476970396001538,-0.0222068435217224,-0.17279507881584,-0.0222068435217224,-0.1417301038062283,0.0669896193771626,,,,,0.090066909790039,-0.1348455101251602,0.3702970445156097,0.4552333056926727,-0.5289831161499023,-0.5567331910133362,0.880043625831604,-0.8114000558853149,-0.6017748117446899,0.5308057069778442,-0.5368754863739014,-0.5193415880203247,222.7093048095703,0.1581123173236847
EXPA2-094,124.62709720585872,42.882921633777805,w1,decid_broad,61,625135,是,常绿针叶林,低,暗绿细密均质，无叶团,judge_A2_02.csv,False,6,-0.0199307958477508,0.0517339484813533,0.186082276047674,-0.1034063821607074,-0.0297731641676278,-0.1929104190695886,-0.1663360246059207,0.4444444444444444,0.1137408688965782,0.0002460592079969,0.2519646289888504,-0.075355632449058,-0.035432525951557,-0.0222068435217224,-0.1245674740484429,0.0297731641676278,-0.0448442906574394,-0.0157477893118031,-0.2441522491349481,0.0842137639369473,0.0984236831987697,0.0002460592079969,0.0669896193771626,0.0157477893118031,0.1476970396001538,0.1663360246059207,-0.0448442906574394,-0.0199307958477508,0.1537870049980776,0.0246059207996924,0.0415840061514801,0.1476970396001538,0.0935640138408304,0.075355632449058,0.1085121107266436,0.186082276047674,-0.0271280276816609,-0.16,0.0935640138408304,-0.0888273740868896,-0.1137408688965782,-0.0157477893118031,0.075355632449058,-0.0297731641676278,-0.0935640138408304,0.0842137639369473,0.1929104190695886,-0.1301653210303729,0.0482276047673971,-0.075355632449058,0.0984236831987697,0.0384467512495194,-0.0935640138408304,0.1085121107266436,-0.0177777777777777,0.0517339484813533,0.1301653210303729,-0.0088581314878892,-0.1476970396001538,-0.0482276047673971,-0.186082276047674,-0.01039600153787,-0.292871972318339,-0.0384467512495194,-8.629968749486864,-14.479679231606122,-9.01307035728125,-14.39813785413124,0.0907654613256454,-0.1361803710460662,0.3596684336662292,0.3666503429412842,-0.5066618919372559,-0.563277006149292,0.8105379939079285,-0.7100052237510681,-0.4613738059997558,0.6991273164749146,-0.6844273805618286,-0.4643356502056122,369.9603271484375,0.0990997403860092
EXPA2-095,121.57183709303985,47.44034456470138,w1,decid_broad,61,609917,是,常绿针叶林,低,暗绿细斑均匀，团块弱,judge_A2_02.csv,False,6,-0.0482276047673971,0.0157477893118031,0.1537870049980776,-0.0384467512495194,-0.0553633217993079,-0.0984236831987697,-0.186082276047674,0.4237754709727028,0.1793771626297577,0.0088581314878892,0.3647212610534409,-0.059115724721261,0.1085121107266436,-0.0711111111111111,-0.0984236831987697,0.0797231833910034,-0.0088581314878892,-0.0297731641676278,-0.1476970396001538,-0.0297731641676278,0.16,-0.0553633217993079,0.1085121107266436,0.0074432910419069,0.1663360246059207,0.0517339484813533,0.0138408304498269,0.0935640138408304,0.16,0.0888273740868896,0.0669896193771626,0.1476970396001538,0.0297731641676278,0.0842137639369473,0.059115724721261,0.0629911572472126,0.0022145328719723,-0.1998615916955017,0.0984236831987697,-0.1034063821607074,-0.1245674740484429,-0.0629911572472126,0.0384467512495194,0.0120569011918492,-0.0984236831987697,0.1034063821607074,0.1929104190695886,-0.2679584775086506,0.0517339484813533,-0.075355632449058,0.0797231833910034,-0.035432525951557,-0.1190926566705113,0.0448442906574394,0.0935640138408304,0.0935640138408304,0.1190926566705113,-0.0629911572472126,-0.1476970396001538,-0.1417301038062283,-0.1663360246059207,0.059115724721261,-0.1085121107266436,-0.0120569011918492,,,,,0.1568381488323211,-0.1962374299764633,0.0265120137482881,0.3111186623573303,-0.4865073263645172,-0.588507890701294,0.8455904722213745,-0.7196474075317383,-0.5387134552001953,0.5340750813484192,-0.6226553916931152,-0.4910714328289032,919.7763061523438,0.3958434760570526
EXPA2-096,124.95129919189748,43.3909189269474,w1,decid_broad,61,626718,是,常绿阔叶林,低,深绿冠团，夹浅绿斑,judge_A2_02.csv,False,4,-0.0448442906574394,0.0061514801999231,0.1085121107266436,-0.0797231833910034,-0.0482276047673971,-0.16,-0.17279507881584,0.4237754709727028,0.1476970396001538,-0.0199307958477508,0.3368550557477893,-0.0482276047673971,-0.0246059207996924,-0.0384467512495194,-0.0984236831987697,0.0711111111111111,-0.0384467512495194,-0.0517339484813533,-0.2441522491349481,0.0517339484813533,0.1245674740484429,0.0061514801999231,0.1034063821607074,0.01039600153787,0.16,0.1417301038062283,-0.0271280276816609,0.0325413302575932,0.16,0.0517339484813533,-0.0039369473279507,0.0842137639369473,0.059115724721261,0.0325413302575932,0.1301653210303729,0.1417301038062283,-0.0246059207996924,-0.2141330257593233,0.1034063821607074,-0.1537870049980776,-0.0935640138408304,-0.0629911572472126,0.0888273740868896,-0.0138408304498269,-0.0797231833910034,0.0984236831987697,0.2844444444444444,-0.17279507881584,0.075355632449058,-0.0669896193771626,0.1085121107266436,0.0246059207996924,-0.0984236831987697,0.0325413302575932,0.0120569011918492,0.0629911572472126,0.1417301038062283,-0.0120569011918492,-0.0935640138408304,-0.075355632449058,-0.1929104190695886,0.0199307958477508,-0.1537870049980776,-0.075355632449058,-12.502812921747983,-17.917848611890687,-5.220255632884842,-14.534205468090434,0.1098265871405601,-0.1433432549238205,0.2462871223688125,0.3433583974838257,-0.4408602118492126,-0.566860020160675,0.8763787746429443,-0.7664576768875122,-0.5525525808334351,0.6251821517944336,-0.6927747130393982,-0.5402089953422546,331.342041015625,0.0761895477771759
EXPA2-097,121.66669918704284,46.883838246189335,w1,decid_broad,61,610414,是,落叶阔叶林,低,中绿圆冠较疏，冠隙可见,judge_A2_02.csv,False,5,-0.0711111111111111,0.0629911572472126,0.1998615916955017,-0.0888273740868896,-0.059115724721261,-0.1085121107266436,-0.2141330257593233,0.4237754709727028,0.1793771626297577,0.0297731641676278,0.2214532871972318,-0.1245674740484429,0.186082276047674,-0.0984236831987697,-0.16,0.0842137639369473,-0.0448442906574394,0.1190926566705113,-0.1245674740484429,-0.0448442906574394,0.0711111111111111,0.075355632449058,0.0935640138408304,0.0711111111111111,0.1137408688965782,-0.0297731641676278,-0.0199307958477508,0.0669896193771626,0.1537870049980776,0.0888273740868896,0.0517339484813533,0.0482276047673971,-0.1034063821607074,0.1358861976163014,0.0030142252979623,0.0935640138408304,-0.0984236831987697,-0.1417301038062283,0.0553633217993079,-0.1137408688965782,0.0002460592079969,-0.0030142252979623,0.0629911572472126,-0.0297731641676278,-0.075355632449058,0.186082276047674,0.1793771626297577,-0.2288965782391388,0.0384467512495194,-0.1793771626297577,0.1190926566705113,0.0074432910419069,-0.0984236831987697,-0.0517339484813533,0.0120569011918492,0.0669896193771626,0.075355632449058,0.0517339484813533,-0.2214532871972318,-0.0842137639369473,-0.186082276047674,-0.0022145328719723,-0.186082276047674,0.0177777777777777,,,,,0.2088528722524643,-0.3381642401218414,-0.2273917496204376,0.3246584236621856,-0.4910289347171783,-0.6095505356788635,0.8358055353164673,-0.7370761632919312,-0.5840843915939331,0.4963797330856323,-0.6409351825714111,-0.6118264198303223,766.1454467773438,0.2348251491785049
EXPA2-098,122.29974196776188,47.822487886565824,w1,decid_broad,61,613621,是,常绿针叶林,低,暗绿细密均匀，无叶团,judge_A2_02.csv,False,6,-0.1137408688965782,0.0271280276816609,0.186082276047674,-0.0384467512495194,-0.0384467512495194,-0.1358861976163014,-0.1929104190695886,0.4340484429065744,0.2214532871972318,0.0061514801999231,0.3460207612456747,-0.1417301038062283,0.0935640138408304,-0.0711111111111111,-0.1476970396001538,0.0935640138408304,0.0061514801999231,0.0120569011918492,-0.1663360246059207,-0.1190926566705113,0.1190926566705113,-0.0120569011918492,0.1034063821607074,0.0222068435217224,0.1663360246059207,0.1190926566705113,-0.0061514801999231,0.1190926566705113,0.2069357939254133,0.059115724721261,0.0222068435217224,0.1034063821607074,-0.0222068435217224,0.0797231833910034,0.0415840061514801,0.0061514801999231,-0.0120569011918492,-0.1245674740484429,0.0984236831987697,-0.1190926566705113,0.000553633217993,-0.1034063821607074,0.0888273740868896,0.0061514801999231,-0.0984236831987697,0.0517339484813533,0.1137408688965782,-0.1998615916955017,0.1301653210303729,-0.0325413302575932,0.0629911572472126,0.0246059207996924,-0.1085121107266436,0.0482276047673971,0.0629911572472126,0.1358861976163014,0.1663360246059207,-0.0517339484813533,-0.1537870049980776,-0.0553633217993079,-0.1929104190695886,0.0271280276816609,-0.0842137639369473,0.0415840061514801,,,,,0.1439475268125534,-0.1706126481294632,0.1593312919139862,0.2880131304264068,-0.4749906063079834,-0.6225496530532837,0.8556591272354126,-0.7419999837875366,-0.5489510297775269,0.5483341813087463,-0.6550877094268799,-0.5489791035652161,570.9911499023438,0.287750780582428
EXPA2-099,122.02674395291795,46.62188950934008,w1,decid_broad,61,612302,是,常绿针叶林,低,极深暗细密，冠形不清,judge_A2_02.csv,False,6,-0.0022145328719723,0.0384467512495194,0.186082276047674,-0.0629911572472126,-0.0935640138408304,-0.0669896193771626,-0.2519646289888504,0.4035986159169549,0.1034063821607074,0.0074432910419069,0.2844444444444444,-0.0669896193771626,0.0711111111111111,-0.0629911572472126,-0.0888273740868896,0.0669896193771626,-0.0246059207996924,0.0325413302575932,-0.2599000384467512,0.1245674740484429,0.075355632449058,-0.0177777777777777,0.1301653210303729,0.0517339484813533,0.1190926566705113,0.075355632449058,0.035432525951557,0.01039600153787,0.2069357939254133,0.1245674740484429,-0.0015378700499807,0.1358861976163014,-0.01039600153787,0.075355632449058,-0.059115724721261,0.1085121107266436,0.0669896193771626,-0.1663360246059207,0.075355632449058,-0.1137408688965782,-0.0482276047673971,-0.0120569011918492,0.0415840061514801,-0.0157477893118031,-0.059115724721261,0.1137408688965782,0.2441522491349481,-0.2599000384467512,0.1034063821607074,-0.0629911572472126,0.0935640138408304,-0.0482276047673971,-0.0711111111111111,-0.0177777777777777,-0.0120569011918492,0.0199307958477508,0.0984236831987697,-0.0984236831987697,-0.17279507881584,-0.1301653210303729,-0.1663360246059207,-0.0009842368319876,-0.2069357939254133,0.0177777777777777,,,,,0.1982591897249221,-0.2994231879711151,-0.1030547171831131,0.3384516835212707,-0.4847409427165985,-0.6050054430961609,0.8509454727172852,-0.7364988327026367,-0.5935613512992859,0.5423497557640076,-0.654818594455719,-0.5815193057060242,432.18206787109375,0.1581123173236847
EXPA2-100,126.91187229948832,44.2379404083437,w1,decid_broad,61,634918,否,稀疏植被,低,深绿灌斑与浅灰裸面相间,judge_A2_02.csv,False,13,-0.0797231833910034,-0.0222068435217224,0.1034063821607074,0.0049826989619377,-0.01039600153787,-0.1537870049980776,-0.17279507881584,0.4136255286428297,0.2214532871972318,-0.0120569011918492,0.3839138792772011,-0.0297731641676278,-0.0049826989619377,-0.059115724721261,-0.1476970396001538,0.059115724721261,0.0669896193771626,-0.0517339484813533,-0.3100961168781238,-0.0325413302575932,0.1034063821607074,-0.0984236831987697,0.0415840061514801,-0.0177777777777777,0.1663360246059207,0.1190926566705113,-0.0271280276816609,0.0448442906574394,0.17279507881584,0.0935640138408304,-0.035432525951557,0.0888273740868896,0.0984236831987697,0.1034063821607074,0.0415840061514801,0.0517339484813533,-0.000553633217993,-0.1301653210303729,0.1190926566705113,-0.0888273740868896,-0.0935640138408304,-0.0797231833910034,0.1301653210303729,0.0061514801999231,-0.0669896193771626,0.059115724721261,0.1998615916955017,-0.1137408688965782,0.1034063821607074,-0.0325413302575932,0.0384467512495194,-0.0222068435217224,-0.1085121107266436,0.0935640138408304,0.1537870049980776,0.1537870049980776,0.1537870049980776,-0.059115724721261,-0.0448442906574394,-0.0935640138408304,-0.1663360246059207,0.0120569011918492,-0.0629911572472126,0.0669896193771626,,,,,-0.0018818215467035,-0.0311041995882987,0.3333333432674408,0.4514038860797882,-0.4592833817005157,-0.6104810237884521,0.8281285762786865,-0.6998728513717651,-0.4975159764289856,0.6561866402626038,-0.6289277076721191,-0.6114882230758667,408.9052734375,0.050841636955738
EXPA2-101,121.51928564891884,46.6881851773081,w1,decid_broad,61,609645,是,常绿针叶林,低,极均匀深绿细密，无叶团,judge_A2_02.csv,False,6,-0.0629911572472126,0.0049826989619377,0.1476970396001538,-0.0177777777777777,-0.0888273740868896,-0.1085121107266436,-0.186082276047674,0.4136255286428297,0.2069357939254133,-0.0049826989619377,0.3839138792772011,-0.0669896193771626,0.0984236831987697,-0.0711111111111111,-0.075355632449058,0.0669896193771626,0.0177777777777777,0.0022145328719723,-0.2441522491349481,-0.0711111111111111,0.1034063821607074,-0.1137408688965782,0.1190926566705113,0.0415840061514801,0.1358861976163014,0.1245674740484429,0.0199307958477508,0.075355632449058,0.1793771626297577,0.1301653210303729,0.0002460592079969,0.1301653210303729,0.0669896193771626,0.1190926566705113,0.0325413302575932,0.0271280276816609,0.0199307958477508,-0.1301653210303729,0.1085121107266436,-0.1301653210303729,-0.0629911572472126,-0.0935640138408304,0.0842137639369473,0.0120569011918492,-0.0984236831987697,0.0384467512495194,0.1537870049980776,-0.1929104190695886,0.1034063821607074,-0.0415840061514801,0.0711111111111111,0.0120569011918492,-0.0935640138408304,0.0711111111111111,0.1085121107266436,0.0984236831987697,0.1190926566705113,-0.0935640138408304,-0.1190926566705113,-0.1085121107266436,-0.186082276047674,0.0415840061514801,-0.0984236831987697,0.0842137639369473,,,,,0.113539770245552,-0.1091623827815055,0.1265774369239807,0.2765011191368103,-0.3798076808452606,-0.5545323491096497,0.8364147543907166,-0.7280445098876953,-0.5778785943984985,0.5762451887130737,-0.6479070782661438,-0.5815281867980957,717.3966064453125,0.2348251491785049
EXPA2-102,122.00841832112192,47.70175431238016,w1,decid_broad,61,612191,否,草地,低,灰绿细斑均质，无冠,judge_A2_02.csv,False,11,-0.0553633217993079,0.0384467512495194,0.1663360246059207,-0.0711111111111111,-0.035432525951557,-0.1085121107266436,-0.1929104190695886,0.3936947327950788,0.1793771626297577,0.0448442906574394,0.3460207612456747,-0.0711111111111111,0.1034063821607074,-0.035432525951557,-0.16,0.0888273740868896,-0.0015378700499807,-0.0384467512495194,-0.186082276047674,-0.0384467512495194,0.1245674740484429,-0.0120569011918492,0.1190926566705113,0.0120569011918492,0.1476970396001538,0.035432525951557,-0.0030142252979623,0.0984236831987697,0.2288965782391388,0.0842137639369473,-0.0246059207996924,0.0888273740868896,-0.0629911572472126,0.0246059207996924,0.0022145328719723,0.0482276047673971,-0.0138408304498269,-0.1793771626297577,0.1034063821607074,-0.1358861976163014,-0.0482276047673971,-0.0797231833910034,0.059115724721261,-0.0297731641676278,-0.0984236831987697,0.0888273740868896,0.2069357939254133,-0.2761399461745483,0.1137408688965782,-0.0553633217993079,0.1034063821607074,-0.0049826989619377,-0.1190926566705113,-0.0297731641676278,0.0415840061514801,0.1034063821607074,0.1417301038062283,-0.0553633217993079,-0.1476970396001538,-0.1417301038062283,-0.1929104190695886,0.0246059207996924,-0.0935640138408304,0.0039369473279507,,,,,0.1248770877718925,-0.1709314286708831,0.248554915189743,0.3338632881641388,-0.4790656566619873,-0.643546462059021,0.8826611042022705,-0.7717525362968445,-0.5493917465209961,0.4858056902885437,-0.6262581944465637,-0.6211180090904236,526.5675048828125,0.287750780582428
EXPA2-103,126.15890442833934,43.43403806058513,w1,decid_broad,61,631589,是,常绿阔叶林,低,浓绿冠团，夹暗色隙,judge_A2_02.csv,False,4,-0.0553633217993079,-0.0009842368319876,0.16,-0.0842137639369473,-0.0325413302575932,-0.2141330257593233,-0.1476970396001538,0.454963475586313,0.2141330257593233,0.0199307958477508,0.292871972318339,-0.1301653210303729,-0.0448442906574394,-0.0415840061514801,-0.1793771626297577,0.075355632449058,0.0120569011918492,0.0138408304498269,-0.2441522491349481,-0.1190926566705113,0.1358861976163014,0.0553633217993079,-0.0138408304498269,0.0088581314878892,0.1417301038062283,0.1476970396001538,-0.0797231833910034,0.0517339484813533,0.1929104190695886,0.0448442906574394,-0.01039600153787,0.0517339484813533,-0.0074432910419069,0.1245674740484429,0.1301653210303729,0.0448442906574394,-0.0246059207996924,-0.0888273740868896,0.0711111111111111,-0.186082276047674,-0.0049826989619377,-0.0629911572472126,0.1034063821607074,0.0297731641676278,-0.0935640138408304,0.0297731641676278,0.1998615916955017,-0.075355632449058,0.1190926566705113,-0.0711111111111111,0.0482276047673971,0.0246059207996924,-0.0711111111111111,0.1190926566705113,0.0271280276816609,0.1476970396001538,0.1663360246059207,-0.0325413302575932,-0.0842137639369473,0.0049826989619377,-0.1998615916955017,0.01039600153787,-0.1190926566705113,0.0629911572472126,-11.456102064616562,-17.287458875616306,-9.213315868298537,-15.049579054747507,0.139047622680664,-0.12972292304039,0.1082598268985748,0.6573405265808105,-0.5998257398605347,-0.5220256447792053,0.8764448165893555,-0.7462908029556274,-0.5181401968002319,0.7021146416664124,-0.698470950126648,-0.5705574750900269,397.4691162109375,0.0953885614871978
EXPA2-104,126.41627175723958,43.09474437777319,w1,decid_broad,61,632704,是,常绿阔叶林,低,深绿柔冠面，夹浅绿斑,judge_A2_02.csv,False,4,-0.0297731641676278,0.0384467512495194,0.1537870049980776,-0.2069357939254133,0.0088581314878892,-0.2519646289888504,-0.1358861976163014,0.4656055363321799,0.1190926566705113,0.0797231833910034,0.1137408688965782,-0.1137408688965782,-0.0325413302575932,-0.0271280276816609,-0.2441522491349481,0.1137408688965782,0.0049826989619377,0.0222068435217224,-0.2214532871972318,-0.0482276047673971,0.1301653210303729,0.1663360246059207,-0.0009842368319876,0.0049826989619377,0.1034063821607074,0.0553633217993079,-0.0984236831987697,0.0517339484813533,0.2141330257593233,0.0138408304498269,-0.059115724721261,-0.0199307958477508,-0.0553633217993079,0.1417301038062283,0.17279507881584,0.0984236831987697,-0.0415840061514801,-0.0935640138408304,0.0297731641676278,-0.16,0.0177777777777777,0.0482276047673971,0.059115724721261,-0.0325413302575932,-0.0711111111111111,0.1663360246059207,0.2441522491349481,-0.0984236831987697,0.0246059207996924,-0.0888273740868896,0.1085121107266436,0.0325413302575932,-0.0199307958477508,0.0629911572472126,-0.075355632449058,0.1358861976163014,0.0842137639369473,0.0088581314878892,-0.0842137639369473,0.0120569011918492,-0.2141330257593233,-0.0325413302575932,-0.1537870049980776,-0.0415840061514801,-12.099000812894689,-18.791139546576296,-7.280709727506002,-14.205343885607968,0.0598595738410949,-0.0962579995393753,0.5772287845611572,0.5552238821983337,-0.5189504623413086,-0.5560040473937988,0.833681583404541,-0.7234877943992615,-0.5136442184448242,0.7334062457084656,-0.7118674516677856,-0.6368588209152222,485.6129455566406,0.0953885614871978
EXPA2-105,121.8000990067346,47.96612850049653,w1,decid_broad,61,611206,是,常绿针叶林,低,均匀深绿细密，无叶团,judge_A2_02.csv,False,6,-0.0448442906574394,-0.0138408304498269,0.1417301038062283,-0.0448442906574394,-0.0297731641676278,-0.1137408688965782,-0.16,0.4035986159169549,0.17279507881584,0.0325413302575932,0.3742560553633218,-0.0935640138408304,0.0842137639369473,-0.059115724721261,-0.1301653210303729,0.075355632449058,-0.0177777777777777,-0.0271280276816609,-0.1476970396001538,-0.0246059207996924,0.16,-0.0049826989619377,0.1085121107266436,0.0061514801999231,0.17279507881584,0.0157477893118031,0.0222068435217224,0.1137408688965782,0.17279507881584,0.0842137639369473,0.0088581314878892,0.1034063821607074,-0.0448442906574394,0.0629911572472126,0.0297731641676278,0.0415840061514801,-0.0039369473279507,-0.2364628988850442,0.0935640138408304,-0.1301653210303729,-0.0984236831987697,-0.0711111111111111,0.0517339484813533,-0.0049826989619377,-0.1085121107266436,0.1034063821607074,0.1998615916955017,-0.3278123798539023,0.059115724721261,-0.0517339484813533,0.0553633217993079,-0.0199307958477508,-0.1137408688965782,-0.0049826989619377,0.0629911572472126,0.1417301038062283,0.1190926566705113,-0.0517339484813533,-0.1358861976163014,-0.1137408688965782,-0.17279507881584,0.0669896193771626,-0.0797231833910034,-0.0088581314878892,,,,,0.1557999402284622,-0.2237316370010376,0.0324483774602413,0.3259162306785583,-0.4891583919525146,-0.6158098578453064,0.8647854328155518,-0.7495863437652588,-0.5834862589836121,0.484732836484909,-0.633881688117981,-0.5895624756813049,704.5828247070312,0.3958434760570526
EXPA2-106,122.5147986467801,47.31071766920293,w1,decid_broad,61,614751,是,常绿阔叶林,低,深绿冠团，夹浅绿斑,judge_A2_02.csv,False,4,-0.035432525951557,0.0842137639369473,0.2214532871972318,-0.075355632449058,-0.075355632449058,-0.0984236831987697,-0.2441522491349481,0.4340484429065744,0.1793771626297577,0.0325413302575932,0.2679584775086506,-0.0797231833910034,0.0629911572472126,-0.0246059207996924,-0.1417301038062283,0.1137408688965782,-0.0039369473279507,-0.0049826989619377,-0.2069357939254133,-0.0199307958477508,0.0984236831987697,-0.0246059207996924,0.1301653210303729,0.0222068435217224,0.1301653210303729,0.1245674740484429,-0.0088581314878892,0.035432525951557,0.2599000384467512,0.1034063821607074,0.0002460592079969,0.1417301038062283,-0.035432525951557,0.0415840061514801,-0.000553633217993,0.1085121107266436,0.0271280276816609,-0.1034063821607074,0.0711111111111111,-0.1245674740484429,-6.151480199923106e-05,-0.0553633217993079,0.035432525951557,-0.0120569011918492,-0.0629911572472126,0.035432525951557,0.1929104190695886,-0.2441522491349481,0.1245674740484429,-0.0797231833910034,0.1085121107266436,0.0061514801999231,-0.0984236831987697,0.0222068435217224,0.000553633217993,0.0482276047673971,0.1245674740484429,-0.0711111111111111,-0.1537870049980776,-0.1034063821607074,-0.1998615916955017,-0.0088581314878892,-0.16,0.0553633217993079,,,,,0.1744029819965362,-0.2416657507419586,0.146019160747528,0.3644288182258606,-0.5017673969268799,-0.6042780876159668,0.8208781480789185,-0.6983997821807861,-0.5397350788116455,0.5342087149620056,-0.660433828830719,-0.5714960098266602,407.3323669433594,0.287750780582428
EXPA2-107,126.49523367071367,47.89686839209092,w1,decid_broad,61,633035,是,常绿阔叶林,低,极暗冠面，深阴影斑,judge_A2_02.csv,False,4,-0.0842137639369473,-0.0482276047673971,0.1537870049980776,-0.0669896193771626,-0.0629911572472126,-0.1358861976163014,-0.1663360246059207,0.4136255286428297,0.1537870049980776,-0.0039369473279507,0.3839138792772011,-0.0984236831987697,0.0517339484813533,-0.0517339484813533,-0.1358861976163014,0.0517339484813533,-0.0009842368319876,-0.0669896193771626,-0.1417301038062283,-0.0984236831987697,0.1663360246059207,-0.0553633217993079,0.035432525951557,-0.0384467512495194,0.17279507881584,0.17279507881584,0.0039369473279507,0.1358861976163014,0.2214532871972318,0.0177777777777777,0.0384467512495194,0.0629911572472126,-0.0271280276816609,0.0888273740868896,0.0246059207996924,0.0482276047673971,-0.0074432910419069,-0.1793771626297577,0.0888273740868896,-0.1190926566705113,-0.1085121107266436,-0.1301653210303729,0.059115724721261,0.0669896193771626,-0.1034063821607074,0.0711111111111111,0.1663360246059207,-0.1663360246059207,0.1301653210303729,-0.035432525951557,0.0415840061514801,-0.0199307958477508,-0.1137408688965782,0.035432525951557,0.0711111111111111,0.16,0.1793771626297577,-0.0199307958477508,-0.0984236831987697,-0.0669896193771626,-0.1929104190695886,0.0246059207996924,-0.0384467512495194,0.0842137639369473,,,,,0.1189003437757492,-0.0904219672083854,0.1547619104385376,0.3189146816730499,-0.4432013630867004,-0.4799035489559173,0.8506156206130981,-0.7343589663505554,-0.4965986311435699,0.4659498333930969,-0.5922141075134277,-0.5219623446464539,291.07373046875,0.0475343316793441
EXPA2-108,126.1788470276468,43.58845845792528,w1,decid_broad,61,631707,否,草地,低,绿褐斑块草被，邻行播地,judge_A2_02.csv,False,11,-0.0120569011918492,-0.0074432910419069,0.2141330257593233,-0.0888273740868896,-0.0629911572472126,-0.17279507881584,-0.2679584775086506,0.3936947327950788,0.1245674740484429,-0.0157477893118031,0.2141330257593233,-0.0009842368319876,-0.0517339484813533,0.0061514801999231,-0.0325413302575932,0.059115724721261,0.0177777777777777,0.0049826989619377,-0.1663360246059207,0.0157477893118031,0.0629911572472126,-0.1358861976163014,0.186082276047674,-0.0297731641676278,0.1034063821607074,0.1793771626297577,-0.0384467512495194,-0.1190926566705113,0.2679584775086506,0.0711111111111111,0.0088581314878892,0.1417301038062283,0.0669896193771626,0.1137408688965782,-0.0120569011918492,0.2844444444444444,0.075355632449058,-0.059115724721261,0.0888273740868896,-0.0157477893118031,-0.035432525951557,0.0157477893118031,-0.0271280276816609,0.0669896193771626,-0.0888273740868896,0.0629911572472126,0.186082276047674,-0.1034063821607074,0.0448442906574394,-0.0842137639369473,0.2288965782391388,-0.0039369473279507,-0.0935640138408304,0.1034063821607074,-0.0061514801999231,0.0138408304498269,0.075355632449058,-0.0157477893118031,-0.1245674740484429,-0.0842137639369473,-0.2069357939254133,0.0448442906574394,-0.1793771626297577,-0.0553633217993079,-15.721937917021188,-24.216912466656854,-8.93260383806167,-16.286373546543757,0.2350230365991592,-0.2703737318515777,0.2529743313789367,0.4793460965156555,-0.4927279055118561,-0.5450206995010376,0.7707143425941467,-0.6543185114860535,-0.4353831112384796,0.6708377003669739,-0.6819454431533813,-0.6085271239280701,355.209716796875,0.0953885614871978
EXPA2-109,126.66609323775324,44.06088246584373,w1,decid_broad,61,633779,否,灌木园地,低,细密规则条行，疑低矮木本,judge_A2_02.csv,False,2,-0.0120569011918492,-0.0022145328719723,0.16,-0.1417301038062283,-0.0002460592079969,-0.2364628988850442,-0.1417301038062283,0.4444444444444444,0.1476970396001538,0.0415840061514801,0.2599000384467512,-0.1034063821607074,-0.0669896193771626,-0.0271280276816609,-0.2069357939254133,0.0415840061514801,-0.0297731641676278,-0.0384467512495194,-0.1998615916955017,-0.035432525951557,0.1537870049980776,0.0984236831987697,0.0553633217993079,-0.0199307958477508,0.1537870049980776,0.0711111111111111,-0.1085121107266436,0.0984236831987697,0.2069357939254133,0.0157477893118031,-0.0271280276816609,0.0553633217993079,-0.0669896193771626,0.075355632449058,0.0842137639369473,0.0797231833910034,-0.0022145328719723,-0.1476970396001538,0.0935640138408304,-0.16,-0.0384467512495194,-0.0517339484813533,0.0797231833910034,0.0297731641676278,-0.0888273740868896,0.0797231833910034,0.2288965782391388,-0.2141330257593233,0.1085121107266436,-0.059115724721261,0.075355632449058,0.0325413302575932,-0.0629911572472126,0.0088581314878892,-0.0517339484813533,0.1358861976163014,0.1301653210303729,-0.0002460592079969,-0.1245674740484429,-0.0325413302575932,-0.2069357939254133,0.0138408304498269,-0.1476970396001538,-0.0246059207996924,-11.875133899921067,-20.11160554245315,-6.742568480871401,-14.940091333634944,0.1286897361278534,-0.1563145816326141,0.2241161614656448,0.4256410300731659,-0.528672456741333,-0.5958235263824463,0.8807017803192139,-0.7769110798835754,-0.5716959834098816,0.5859014391899109,-0.6697105169296265,-0.6261271238327026,259.6580505371094,0.050841636955738
EXPA2-110,109.23275801343092,32.01393551663048,w2,decid_broad,61,565604,否,草地,中,亮绿均匀细密，无冠,judge_A2_02.csv,False,11,-0.0222068435217224,0.0415840061514801,0.0669896193771626,0.1034063821607074,0.0448442906574394,-0.1476970396001538,-0.1929104190695886,0.1793771626297577,0.0842137639369473,0.1417301038062283,0.2288965782391388,0.0482276047673971,-0.0711111111111111,-0.0629911572472126,-0.186082276047674,-0.0888273740868896,-0.2141330257593233,0.0415840061514801,-0.292871972318339,-0.0222068435217224,-0.0088581314878892,-0.0711111111111111,0.0842137639369473,-0.0448442906574394,0.1245674740484429,-0.0797231833910034,-0.0222068435217224,-0.0888273740868896,-0.0415840061514801,0.0797231833910034,0.0482276047673971,0.2761399461745483,0.17279507881584,0.1245674740484429,-0.0797231833910034,0.059115724721261,-0.1417301038062283,-0.1417301038062283,-0.0271280276816609,0.0039369473279507,-0.1190926566705113,0.0553633217993079,-0.059115724721261,-0.0015378700499807,-0.1034063821607074,0.1358861976163014,0.1245674740484429,-0.0711111111111111,0.0448442906574394,-0.0009842368319876,0.0415840061514801,-0.0553633217993079,0.0711111111111111,0.2599000384467512,-0.0138408304498269,-0.17279507881584,-0.0711111111111111,-0.2141330257593233,-0.2599000384467512,-0.2141330257593233,-0.1793771626297577,0.0935640138408304,-0.0935640138408304,-0.0325413302575932,-13.322863418227584,-20.63821742212273,-15.10357049572127,-21.49502265021972,0.2851369678974151,-0.3092406094074249,-0.1083554774522781,0.4411764740943908,-0.4750705659389496,-0.5324675440788269,0.8758559823036194,-0.7556336522102356,-0.5373777151107788,0.4864300489425659,-0.5339317917823792,-0.6208004951477051,2277.05712890625,0.1415318101644516
EXPA2-111,108.91610187577878,35.150313499605375,w2,decid_broad,61,563982,否,草本旱地,低,褐紫翻耕面夹绿斑,judge_A2_02.csv,False,0,0.0030142252979623,-0.0246059207996924,0.0482276047673971,0.0415840061514801,0.0061514801999231,-0.1417301038062283,-0.1417301038062283,0.3188927335640138,0.0384467512495194,0.1034063821607074,0.1793771626297577,0.0629911572472126,-0.0120569011918492,-0.1085121107266436,-0.075355632449058,-0.0935640138408304,-0.1929104190695886,-0.0271280276816609,-0.3553094963475586,0.0271280276816609,-0.0325413302575932,0.0711111111111111,0.0088581314878892,0.059115724721261,0.0888273740868896,-0.0271280276816609,-0.0711111111111111,-0.075355632449058,-0.0415840061514801,0.1793771626297577,-0.0842137639369473,0.0935640138408304,0.0797231833910034,0.1137408688965782,0.1301653210303729,0.0199307958477508,-0.1663360246059207,-0.17279507881584,0.0297731641676278,-0.1245674740484429,-0.0157477893118031,0.0888273740868896,0.0669896193771626,-0.0482276047673971,-0.1085121107266436,0.17279507881584,0.2599000384467512,-0.1358861976163014,0.0325413302575932,-0.1034063821607074,0.0711111111111111,0.059115724721261,0.0553633217993079,0.1417301038062283,-0.1085121107266436,-0.0984236831987697,-0.0120569011918492,-0.1476970396001538,-0.3100961168781238,-0.1085121107266436,-0.2288965782391388,-0.0448442906574394,-0.1663360246059207,0.0711111111111111,-13.672187068813669,-18.3154726678468,-12.583367604787774,-16.783239935695576,0.279785007238388,-0.41685950756073,-0.6195816397666931,0.323609858751297,-0.4001928567886352,-0.5312735438346863,0.8986268043518066,-0.8063400387763977,-0.5885714292526245,0.4810671210289001,-0.533184826374054,-0.6131413578987122,1394.8380126953125,0.3070673048496246
EXPA2-112,109.5672007937086,33.2662768542215,w2,decid_broad,61,567208,否,草地,低,亮黄绿细斑均质，无冠,judge_A2_02.csv,False,11,-0.0482276047673971,0.0120569011918492,0.1245674740484429,0.0842137639369473,0.0842137639369473,-0.1417301038062283,-0.2141330257593233,0.292871972318339,0.0669896193771626,0.0553633217993079,0.1245674740484429,0.059115724721261,-0.0711111111111111,-0.0935640138408304,-0.17279507881584,-0.16,-0.1476970396001538,-0.0448442906574394,-0.3278123798539023,0.0384467512495194,-0.0842137639369473,0.0120569011918492,-0.0120569011918492,0.0022145328719723,0.0842137639369473,-0.0271280276816609,-0.0246059207996924,-0.0797231833910034,-0.1085121107266436,0.1301653210303729,-0.0415840061514801,0.1301653210303729,0.0415840061514801,0.0482276047673971,-0.0517339484813533,0.0061514801999231,-0.2441522491349481,-0.1998615916955017,0.0061514801999231,0.0088581314878892,0.01039600153787,0.0984236831987697,0.0415840061514801,-0.0415840061514801,-0.1085121107266436,0.1537870049980776,0.1793771626297577,-0.0984236831987697,0.0888273740868896,-0.0325413302575932,-0.0222068435217224,0.0517339484813533,0.0669896193771626,0.1417301038062283,-0.0797231833910034,-0.1358861976163014,-0.1358861976163014,-0.1537870049980776,-0.3647212610534409,-0.0448442906574394,-0.1476970396001538,-0.1417301038062283,-0.1998615916955017,0.0325413302575932,-14.000946848094406,-16.828861397862937,-12.353730809764642,-17.559100567579527,0.3532452583312988,-0.4854981005191803,-0.6430445909500122,0.7312775254249573,-0.6844360828399658,-0.5669117569923401,0.8832498788833618,-0.804011344909668,-0.627357542514801,0.6974088549613953,-0.6822633147239685,-0.6434676647186279,1006.1163330078124,0.5657371878623962
EXPA2-113,109.88197046926408,32.615986420047385,w2,decid_broad,61,568874,否,落叶灌丛,低,浅绿底夹深绿灌斑,judge_A2_02.csv,False,10,0.0325413302575932,0.1085121107266436,0.0842137639369473,0.1245674740484429,0.0711111111111111,-0.1190926566705113,-0.2214532871972318,0.2364628988850442,0.0797231833910034,0.16,0.1137408688965782,0.0935640138408304,-0.16,-0.0797231833910034,-0.2141330257593233,-0.1301653210303729,-0.1663360246059207,0.059115724721261,-0.3188927335640138,-0.0061514801999231,-0.1137408688965782,0.059115724721261,-0.0325413302575932,-0.0199307958477508,0.0842137639369473,0.0384467512495194,-0.0842137639369473,-0.1137408688965782,0.0482276047673971,0.1929104190695886,-0.1034063821607074,0.2141330257593233,0.059115724721261,0.1085121107266436,0.0177777777777777,0.0553633217993079,-0.2441522491349481,-0.1793771626297577,-0.0177777777777777,-0.0935640138408304,0.0297731641676278,0.1137408688965782,0.0157477893118031,0.0222068435217224,-0.0199307958477508,0.0629911572472126,0.16,-0.0553633217993079,0.1034063821607074,0.0074432910419069,0.01039600153787,-0.0297731641676278,0.0553633217993079,0.0984236831987697,-0.0669896193771626,-0.2519646289888504,-0.0415840061514801,-0.1137408688965782,-0.2519646289888504,-0.0842137639369473,-0.2364628988850442,-0.1245674740484429,-0.0448442906574394,0.0049826989619377,-9.909245645441011,-15.42251564161964,-7.9386744502826385,-17.110036942107804,0.4860103726387024,-0.5502702593803406,-0.6521012187004089,0.6614699363708496,-0.5732864737510681,-0.5401515364646912,0.8830662369728088,-0.798180341720581,-0.6423598527908325,0.6781738996505737,-0.6800755262374878,-0.6647536158561707,1046.94189453125,0.1415318101644516
EXPA2-114,110.33795530748316,35.76125772433507,w2,decid_broad,61,571053,否,落叶灌丛,低,深绿细斑灌草坡，无冠,judge_A2_02.csv,False,10,0.0088581314878892,-0.0711111111111111,0.0984236831987697,-0.0074432910419069,0.035432525951557,-0.1085121107266436,-0.1929104190695886,0.3839138792772011,0.0448442906574394,0.0120569011918492,0.2214532871972318,0.0984236831987697,-0.0984236831987697,-0.1137408688965782,-0.0797231833910034,-0.0482276047673971,-0.17279507881584,0.0669896193771626,-0.2761399461745483,0.0222068435217224,-0.0415840061514801,-0.0711111111111111,0.0482276047673971,0.1137408688965782,0.0984236831987697,0.0629911572472126,-0.1190926566705113,-0.0061514801999231,-0.0842137639369473,0.0711111111111111,-0.0088581314878892,0.1793771626297577,0.2214532871972318,0.1663360246059207,0.1034063821607074,0.1190926566705113,-0.2364628988850442,-0.2214532871972318,0.0517339484813533,-0.0669896193771626,-0.0415840061514801,0.0222068435217224,0.1301653210303729,-0.0797231833910034,-0.0629911572472126,0.1137408688965782,0.1417301038062283,-0.0517339484813533,-0.035432525951557,-0.1085121107266436,0.0842137639369473,0.0711111111111111,0.0517339484813533,0.1085121107266436,-0.0797231833910034,-0.0669896193771626,-0.0935640138408304,-0.0842137639369473,-0.2599000384467512,0.0669896193771626,-0.1793771626297577,0.0088581314878892,-0.186082276047674,-0.0177777777777777,,,,,0.2760975658893585,-0.4019292593002319,-0.5199999809265137,0.3646075129508972,-0.4172696471214294,-0.511623203754425,0.8416392803192139,-0.7374701499938965,-0.5577000379562378,0.4550128579139709,-0.5394378900527954,-0.5815485715866089,1364.611083984375,0.0923135876655578
EXPA2-115,105.6422816543336,32.55508064378408,w2,decid_broad,61,552060,否,稀疏植被,低,褐地主，稀疏深色灌点,judge_A2_02.csv,False,13,-0.0629911572472126,0.0711111111111111,0.0797231833910034,0.0415840061514801,-0.01039600153787,-0.1537870049980776,-0.2364628988850442,0.2441522491349481,0.1190926566705113,0.1998615916955017,0.0629911572472126,0.0199307958477508,-0.0935640138408304,-0.0325413302575932,-0.2679584775086506,-0.0797231833910034,-0.2364628988850442,0.1085121107266436,-0.3188927335640138,-0.1476970396001538,-0.0629911572472126,0.1137408688965782,-0.0384467512495194,0.0222068435217224,0.059115724721261,-0.0517339484813533,-0.1137408688965782,-0.0297731641676278,-0.0271280276816609,0.1793771626297577,-0.0482276047673971,0.186082276047674,0.0120569011918492,0.075355632449058,-0.035432525951557,-0.0271280276816609,-0.2599000384467512,-0.1417301038062283,-0.0415840061514801,-0.0669896193771626,0.0049826989619377,0.1034063821607074,0.0222068435217224,-0.0074432910419069,-0.1085121107266436,0.1190926566705113,0.1034063821607074,-0.0842137639369473,0.0984236831987697,-0.0984236831987697,0.1034063821607074,0.0384467512495194,0.1301653210303729,0.0061514801999231,-0.0888273740868896,-0.16,-0.0049826989619377,0.0022145328719723,-0.292871972318339,-0.0842137639369473,-0.2214532871972318,-0.0842137639369473,-0.1034063821607074,-0.0553633217993079,-8.696149247115889,-13.614201640993995,-10.622675375633388,-16.963031923876677,0.3627194762229919,-0.5049505233764648,-0.5334370136260986,0.3733609318733215,-0.3911219835281372,-0.4208776652812958,0.8688555359840393,-0.7801743745803833,-0.5789292454719543,0.5120298266410828,-0.5998565554618835,-0.5751808285713196,1470.99365234375,0.4023927748203277
EXPA2-116,109.90945891695814,35.510358265480484,w2,decid_broad,61,569068,是,常绿针叶林,中,深绿细密匀冠无圆冠,judge_A2_03.csv,False,6,-0.000553633217993,-0.0049826989619377,0.1085121107266436,-0.059115724721261,-0.0415840061514801,-0.186082276047674,-0.1358861976163014,0.4136255286428297,0.0842137639369473,0.1929104190695886,0.1137408688965782,-0.0842137639369473,0.0297731641676278,-0.0984236831987697,-0.0797231833910034,-0.0246059207996924,-0.1085121107266436,0.1998615916955017,-0.292871972318339,-0.186082276047674,0.0517339484813533,0.1537870049980776,-0.0842137639369473,0.0711111111111111,0.0888273740868896,-0.0120569011918492,-0.0553633217993079,-0.0030142252979623,0.0669896193771626,0.1998615916955017,-0.0842137639369473,-0.0222068435217224,0.0553633217993079,0.2214532871972318,0.1476970396001538,-0.1301653210303729,-0.0797231833910034,-0.0482276047673971,-0.0074432910419069,-0.2441522491349481,0.0629911572472126,0.075355632449058,0.0984236831987697,-0.0984236831987697,-0.1137408688965782,0.1137408688965782,0.1417301038062283,0.1190926566705113,0.1085121107266436,-0.1245674740484429,0.0384467512495194,0.0482276047673971,0.0888273740868896,0.1358861976163014,-0.0030142252979623,-0.0297731641676278,0.0138408304498269,-0.1476970396001538,-0.17279507881584,0.0088581314878892,-0.186082276047674,-0.0222068435217224,-0.0669896193771626,0.1085121107266436,-5.650003654647133,-13.797209747177645,-0.7304956117914175,-8.10672821884324,0.3042212426662445,-0.4301675856113434,-0.6086956262588501,0.2800000011920929,-0.395348846912384,-0.5290566086769104,0.8820213675498962,-0.7748243808746338,-0.5375316739082336,0.4630095660686493,-0.5050479173660278,-0.6180583238601685,1482.2022705078125,0.3835456073284149
EXPA2-117,109.84882263528009,33.14500429086537,w2,decid_broad,61,568596,是,常绿阔叶林,低,谷地暗密冠针阔难辨,judge_A2_03.csv,False,4,0.0246059207996924,0.0517339484813533,0.0088581314878892,0.1476970396001538,0.059115724721261,-0.0842137639369473,-0.1793771626297577,0.2441522491349481,0.0842137639369473,0.0935640138408304,0.17279507881584,0.0629911572472126,-0.186082276047674,-0.075355632449058,-0.1245674740484429,-0.1190926566705113,-0.0297731641676278,-0.0669896193771626,-0.4136255286428297,-0.0222068435217224,-0.1301653210303729,-0.0935640138408304,-0.0448442906574394,-0.0711111111111111,0.1034063821607074,0.0448442906574394,-0.0222068435217224,-0.0842137639369473,-0.000553633217993,0.2441522491349481,-0.1034063821607074,0.1358861976163014,0.1537870049980776,0.1034063821607074,-0.0074432910419069,0.0222068435217224,-0.2069357939254133,-0.0448442906574394,0.035432525951557,-0.0888273740868896,0.0517339484813533,0.0711111111111111,0.0517339484813533,0.0669896193771626,0.0039369473279507,0.0482276047673971,0.0935640138408304,0.0517339484813533,0.1301653210303729,0.0842137639369473,-0.0482276047673971,-0.0669896193771626,0.0553633217993079,0.2364628988850442,0.0711111111111111,-0.16,-0.0935640138408304,-0.2141330257593233,-0.2364628988850442,-0.0448442906574394,-0.16,-0.1476970396001538,-0.0482276047673971,0.1793771626297577,-12.164706988024736,-18.24080690748735,-10.872501939467275,-16.188777416764857,0.4024152755737304,-0.4263074398040771,-0.4672553241252899,0.8255768418312073,-0.710307776927948,-0.5278662443161011,0.8716066479682922,-0.7587037682533264,-0.5686044096946716,0.678966760635376,-0.707317054271698,-0.6351487040519714,871.0669555664062,0.5657371878623962
EXPA2-118,109.04923220088529,33.74921115096416,w2,decid_broad,61,564631,是,常绿阔叶林,中,圆浑冠团深绿郁闭,judge_A2_03.csv,False,4,-0.0120569011918492,0.0199307958477508,0.0384467512495194,0.1245674740484429,0.0415840061514801,-0.1537870049980776,-0.1476970396001538,0.2288965782391388,0.075355632449058,0.1137408688965782,0.2599000384467512,0.0553633217993079,-0.0984236831987697,-0.1190926566705113,-0.0935640138408304,-0.059115724721261,-0.0888273740868896,0.0049826989619377,-0.4035986159169549,-0.0482276047673971,-0.0517339484813533,-0.0669896193771626,0.0222068435217224,0.0061514801999231,0.1417301038062283,-0.0271280276816609,-0.075355632449058,-0.1137408688965782,0.0138408304498269,0.2519646289888504,-0.1476970396001538,0.1537870049980776,0.1537870049980776,0.1085121107266436,0.0482276047673971,-0.059115724721261,-0.1793771626297577,-0.0448442906574394,-0.0177777777777777,-0.1476970396001538,0.0120569011918492,0.0049826989619377,0.0797231833910034,0.0842137639369473,-0.0711111111111111,0.1245674740484429,0.1417301038062283,-0.0297731641676278,0.1663360246059207,0.059115724721261,0.0002460592079969,-0.0120569011918492,0.0384467512495194,0.2364628988850442,-0.0022145328719723,-0.0935640138408304,-0.0246059207996924,-0.2441522491349481,-0.2441522491349481,-0.0984236831987697,-0.1998615916955017,-0.0325413302575932,-0.0074432910419069,0.0842137639369473,-11.276264632665953,-14.908717032591902,-11.853809768658731,-17.77635743454833,0.337579607963562,-0.3890559375286102,-0.533088207244873,0.3654708564281463,-0.4312573373317718,-0.6118685007095337,0.8846078515052795,-0.7894150614738464,-0.5788300633430481,0.7855491042137146,-0.7099363207817078,-0.5373068451881409,1261.7706298828125,0.5657371878623962
EXPA2-119,105.28061992094707,33.60718750454486,w2,decid_broad,61,551440,否,稀疏植被,中,浅黄绿斑驳夹裸土,judge_A2_03.csv,False,13,-0.0049826989619377,0.0711111111111111,0.0797231833910034,0.0177777777777777,0.059115724721261,-0.1476970396001538,-0.1537870049980776,0.3278123798539023,-0.0629911572472126,0.1793771626297577,-0.1085121107266436,-0.16,-0.1034063821607074,-0.0325413302575932,-0.2679584775086506,-0.2519646289888504,-0.17279507881584,0.1929104190695886,-0.2441522491349481,0.0271280276816609,-0.0061514801999231,0.1137408688965782,-0.0325413302575932,-0.0629911572472126,0.1537870049980776,-0.1190926566705113,0.0222068435217224,-0.0669896193771626,-0.0482276047673971,0.0984236831987697,-0.0061514801999231,0.1476970396001538,0.01039600153787,0.17279507881584,-0.1417301038062283,-0.0797231833910034,-0.0384467512495194,-0.1358861976163014,-0.0448442906574394,-0.0629911572472126,-0.0009842368319876,0.1245674740484429,-0.075355632449058,-0.0199307958477508,-0.0517339484813533,0.1663360246059207,0.0553633217993079,0.0482276047673971,0.0199307958477508,-0.0222068435217224,0.0415840061514801,-0.0297731641676278,0.1245674740484429,0.0120569011918492,-0.0061514801999231,-0.1034063821607074,-0.0984236831987697,-0.0711111111111111,-0.3460207612456747,-0.0984236831987697,-0.0797231833910034,-0.1137408688965782,-0.2288965782391388,0.075355632449058,-6.865044152028003,-13.616934315175689,-4.872512934888672,-11.90251772890826,0.4673768281936645,-0.5825753808021545,-0.6345347762107849,0.7449697852134705,-0.6860687136650085,-0.5361297130584717,0.8752396106719971,-0.7473616003990173,-0.4926638305187225,0.5875949859619141,-0.6232675313949585,-0.6250783801078796,1875.345947265625,0.2591349184513092
EXPA2-120,110.17787552385306,35.574767471351855,w2,decid_broad,61,570387,是,常绿针叶林,低,深绿软斑冠背景疑似成行,judge_A2_03.csv,False,6,0.0049826989619377,-0.0415840061514801,-0.0448442906574394,0.0888273740868896,0.0138408304498269,-0.1476970396001538,-0.1417301038062283,0.3100961168781238,0.1358861976163014,0.035432525951557,0.2519646289888504,0.0842137639369473,-0.0984236831987697,-0.1301653210303729,-0.075355632449058,-0.0297731641676278,-0.0325413302575932,0.0325413302575932,-0.4237754709727028,-0.075355632449058,-0.0271280276816609,-0.2214532871972318,0.0177777777777777,0.0088581314878892,0.1358861976163014,0.1034063821607074,-0.075355632449058,-0.0271280276816609,0.0325413302575932,0.2214532871972318,-0.1085121107266436,0.1085121107266436,0.2599000384467512,0.1417301038062283,0.075355632449058,-0.0177777777777777,-0.1998615916955017,-0.0482276047673971,0.1137408688965782,-0.1137408688965782,0.0415840061514801,-0.0517339484813533,0.1476970396001538,-0.035432525951557,-0.0482276047673971,0.0448442906574394,0.0711111111111111,0.1245674740484429,0.0553633217993079,0.035432525951557,0.0384467512495194,-0.0138408304498269,0.0629911572472126,0.2364628988850442,0.059115724721261,-0.0074432910419069,-0.0711111111111111,-0.17279507881584,-0.1417301038062283,0.0415840061514801,-0.1417301038062283,0.000553633217993,-0.0384467512495194,0.1476970396001538,,,,,0.2264503985643386,-0.2310582399368286,-0.4130019247531891,0.4283837080001831,-0.381633311510086,-0.4756130278110504,0.827719509601593,-0.7192572355270386,-0.5449379086494446,0.3941651284694671,-0.371184378862381,-0.5139216780662537,1365.937255859375,0.0923135876655578
EXPA2-121,106.4720554822748,33.180308081531265,w2,decid_broad,61,554180,否,稀疏植被,中,浅色斑块夹裸土低矮灌草,judge_A2_03.csv,False,13,-0.0517339484813533,0.1245674740484429,0.0888273740868896,0.1998615916955017,0.1137408688965782,-0.1085121107266436,-0.2069357939254133,0.1929104190695886,0.0711111111111111,0.0711111111111111,0.1245674740484429,0.1034063821607074,-0.1358861976163014,-0.1137408688965782,-0.2288965782391388,-0.1537870049980776,-0.0984236831987697,-0.0222068435217224,-0.3460207612456747,0.0842137639369473,-0.0842137639369473,0.0325413302575932,-0.035432525951557,-0.0061514801999231,0.0888273740868896,-0.0199307958477508,0.0199307958477508,-0.1793771626297577,-0.0297731641676278,0.1301653210303729,-0.0177777777777777,0.16,0.0935640138408304,0.0888273740868896,-0.0984236831987697,0.0384467512495194,-0.1929104190695886,-0.1663360246059207,0.035432525951557,0.01039600153787,-0.0222068435217224,0.1476970396001538,0.0271280276816609,0.0297731641676278,-0.0797231833910034,0.1476970396001538,0.1358861976163014,0.0088581314878892,0.0935640138408304,0.0553633217993079,-0.0711111111111111,-0.0842137639369473,0.0711111111111111,0.1476970396001538,-0.0074432910419069,-0.17279507881584,-0.0842137639369473,-0.1929104190695886,-0.3100961168781238,-0.1301653210303729,-0.186082276047674,-0.0984236831987697,-0.0935640138408304,0.0553633217993079,,,,,0.3677555322647095,-0.4180626273155212,-0.5511236190795898,0.7274618744850159,-0.637200117111206,-0.5157894492149353,0.869223415851593,-0.7627766132354736,-0.5777689218521118,0.6611570119857788,-0.6209677457809448,-0.6512059569358826,997.6541748046876,0.0364570692181587
EXPA2-122,109.16915729131524,32.09559237595695,w2,decid_broad,61,565253,否,草地,中,细密匀绿被无冠形,judge_A2_03.csv,False,11,-0.0074432910419069,0.1301653210303729,0.0711111111111111,-0.0222068435217224,0.0415840061514801,-0.0984236831987697,-0.1793771626297577,0.292871972318339,0.0246059207996924,0.1929104190695886,-0.1085121107266436,-0.0935640138408304,-0.0984236831987697,-0.075355632449058,-0.2141330257593233,-0.17279507881584,-0.0669896193771626,0.1245674740484429,-0.2679584775086506,-0.0711111111111111,-0.0177777777777777,0.2364628988850442,-0.1663360246059207,-0.0199307958477508,0.1245674740484429,-0.1137408688965782,0.0199307958477508,-0.0669896193771626,-0.0384467512495194,0.1190926566705113,-0.0517339484813533,0.0517339484813533,-0.0384467512495194,0.1929104190695886,-0.1034063821607074,-0.1417301038062283,-0.1245674740484429,-0.1358861976163014,-0.0384467512495194,-0.1137408688965782,0.0842137639369473,0.2141330257593233,-0.0199307958477508,-0.0517339484813533,-0.0177777777777777,0.2069357939254133,0.1793771626297577,0.0842137639369473,0.035432525951557,-0.0888273740868896,-0.01039600153787,-0.0711111111111111,0.1417301038062283,0.0448442906574394,-0.0088581314878892,-0.1137408688965782,-0.0629911572472126,-0.0711111111111111,-0.2599000384467512,-0.0984236831987697,-0.059115724721261,-0.1793771626297577,-0.1417301038062283,0.1137408688965782,-4.915761703392299,-10.548224976478092,-4.766999641888324,-11.67143274662298,0.3651162683963775,-0.4879594445228576,-0.6279926300048828,0.5685657858848572,-0.5300881266593933,-0.541510820388794,0.9053276181221008,-0.7925253510475159,-0.5927322506904602,0.703673779964447,-0.6782660484313965,-0.6287287473678589,1489.296630859375,0.1415318101644516
EXPA2-123,106.74828743214157,34.79592812002023,w2,decid_broad,61,555018,否,草地,中,柔匀绿被无冠形,judge_A2_03.csv,False,11,-0.01039600153787,-0.075355632449058,0.0797231833910034,0.0297731641676278,0.035432525951557,-0.1417301038062283,-0.17279507881584,0.2519646289888504,-0.0297731641676278,-0.0246059207996924,0.1663360246059207,0.0935640138408304,-0.0517339484813533,-0.0448442906574394,-0.17279507881584,-0.1476970396001538,-0.186082276047674,-0.0797231833910034,-0.3742560553633218,0.0797231833910034,-0.0711111111111111,-0.0384467512495194,-0.035432525951557,0.0049826989619377,0.0629911572472126,-0.17279507881584,0.0177777777777777,-0.1034063821607074,-0.1476970396001538,0.1245674740484429,-0.0271280276816609,0.16,0.0177777777777777,0.1085121107266436,-0.0935640138408304,0.0935640138408304,-0.2761399461745483,-0.0629911572472126,-0.0297731641676278,-0.01039600153787,0.0088581314878892,0.0935640138408304,0.0669896193771626,-0.0246059207996924,-0.0384467512495194,0.2141330257593233,0.1998615916955017,-0.1190926566705113,0.0482276047673971,-0.075355632449058,-0.0222068435217224,0.0669896193771626,0.0935640138408304,0.1085121107266436,-0.1476970396001538,-0.0629911572472126,-0.1417301038062283,-0.2214532871972318,-0.2844444444444444,0.0553633217993079,-0.1417301038062283,0.0030142252979623,-0.1417301038062283,0.0553633217993079,,,,,0.2589316070079803,-0.4068441092967987,-0.628217339515686,0.4462809860706329,-0.4817951023578644,-0.5504958033561707,0.8762006163597107,-0.7891308665275574,-0.6108189225196838,0.49603071808815,-0.5797728300094604,-0.6593599319458008,1323.3865966796875,0.295042484998703
EXPA2-124,106.69600548260578,35.32817992586104,w2,decid_broad,61,554897,否,草地,中,极匀平滑绿面无结构,judge_A2_03.csv,False,11,-0.0177777777777777,0.0009842368319876,0.0842137639369473,-0.0384467512495194,-0.0415840061514801,-0.1929104190695886,-0.0797231833910034,0.3839138792772011,0.1034063821607074,0.1663360246059207,0.1417301038062283,-0.0842137639369473,0.0177777777777777,-0.059115724721261,-0.0669896193771626,-0.059115724721261,-0.1793771626297577,0.1245674740484429,-0.292871972318339,-0.2288965782391388,0.0482276047673971,0.1137408688965782,-0.0553633217993079,0.0177777777777777,0.0935640138408304,0.0482276047673971,-0.0669896193771626,0.0415840061514801,0.0448442906574394,0.1793771626297577,-0.0888273740868896,0.0797231833910034,0.0325413302575932,0.186082276047674,0.2141330257593233,-0.1085121107266436,-0.1190926566705113,-0.0797231833910034,-0.0199307958477508,-0.1998615916955017,0.1137408688965782,0.0553633217993079,0.1085121107266436,-0.075355632449058,-0.1245674740484429,0.035432525951557,0.1358861976163014,0.0448442906574394,0.1245674740484429,-0.1137408688965782,0.0553633217993079,0.0888273740868896,0.1034063821607074,0.1358861976163014,-0.0517339484813533,-0.0157477893118031,-0.01039600153787,-0.1537870049980776,-0.2441522491349481,0.0177777777777777,-0.1998615916955017,-0.0517339484813533,-0.0984236831987697,0.1190926566705113,,,,,0.2921348214149475,-0.4356306791305542,-0.6029277443885803,0.3899848163127899,-0.4119460582733154,-0.5101123452186584,0.8692027926445007,-0.7572835087776184,-0.5475655198097229,0.3982300758361816,-0.4843423664569855,-0.6307922005653381,1690.3577880859375,0.2894716262817383
EXPA2-125,107.97583526789089,35.00559490733372,w2,decid_broad,61,559509,否,稀疏植被,低,绿被夹淡色带草土难分,judge_A2_03.csv,False,13,-0.0984236831987697,-0.075355632449058,0.1137408688965782,0.0138408304498269,-0.0553633217993079,-0.16,-0.1793771626297577,0.3742560553633218,0.1137408688965782,0.0984236831987697,0.2141330257593233,0.0009842368319876,0.0415840061514801,-0.0517339484813533,0.0325413302575932,-0.0842137639369473,-0.0842137639369473,0.059115724721261,-0.3742560553633218,-0.1358861976163014,-0.0482276047673971,-0.0517339484813533,0.0074432910419069,0.0222068435217224,0.0629911572472126,0.1301653210303729,-0.0517339484813533,-0.0384467512495194,0.0629911572472126,0.1929104190695886,-0.0935640138408304,0.0669896193771626,0.1301653210303729,0.0984236831987697,0.1476970396001538,-0.0553633217993079,-0.1929104190695886,0.0030142252979623,0.059115724721261,-0.1190926566705113,0.0482276047673971,-0.0177777777777777,0.0842137639369473,-0.0120569011918492,-0.1137408688965782,0.0669896193771626,0.1929104190695886,0.0669896193771626,0.1417301038062283,-0.0482276047673971,0.1137408688965782,0.1537870049980776,0.0297731641676278,0.186082276047674,0.0482276047673971,-0.0157477893118031,-0.0222068435217224,-0.1663360246059207,-0.2599000384467512,-0.0271280276816609,-0.2214532871972318,-0.0888273740868896,-0.0482276047673971,0.075355632449058,-9.257452552391287,-13.511934354958967,-6.67023374424395,-12.936131554826208,0.2062084227800369,-0.4029658138751983,-0.5961622595787048,0.381845474243164,-0.441314548254013,-0.5316497087478638,0.8405817151069641,-0.7191184163093567,-0.5084099769592285,0.445336639881134,-0.4791403412818908,-0.6432900428771973,1063.1444091796875,0.1495032161474228
EXPA2-126,109.67284267112106,33.48483696284779,w2,decid_broad,61,567750,否,草地,中,绿被细斑间少量灌丛,judge_A2_03.csv,False,11,-0.0629911572472126,-0.0448442906574394,0.1537870049980776,0.059115724721261,0.0553633217993079,-0.1793771626297577,-0.2679584775086506,0.3278123798539023,0.0120569011918492,0.0074432910419069,0.0177777777777777,0.0669896193771626,-0.0984236831987697,-0.0629911572472126,-0.0629911572472126,-0.1190926566705113,-0.1301653210303729,0.0984236831987697,-0.3188927335640138,0.1358861976163014,-0.0384467512495194,0.0984236831987697,-0.0553633217993079,0.0482276047673971,0.1085121107266436,-0.0711111111111111,-0.0297731641676278,-0.0629911572472126,-0.0415840061514801,0.0553633217993079,0.0629911572472126,0.17279507881584,0.0935640138408304,0.1137408688965782,-0.1358861976163014,0.0246059207996924,-0.186082276047674,-0.1793771626297577,-0.0039369473279507,0.0325413302575932,-0.059115724721261,0.0984236831987697,0.0888273740868896,-0.0297731641676278,-0.1137408688965782,0.2288965782391388,0.2214532871972318,-0.0297731641676278,0.0177777777777777,-0.0797231833910034,0.0199307958477508,-0.0271280276816609,0.0797231833910034,0.0797231833910034,-0.0935640138408304,-0.0482276047673971,-0.1245674740484429,-0.16,-0.3368550557477893,-0.0325413302575932,-0.1301653210303729,-0.0448442906574394,-0.2069357939254133,-0.0629911572472126,-13.328237092896432,-17.717848114615844,-12.671597370564632,-20.59745995772604,0.3975903689861297,-0.5121042728424072,-0.6564685106277466,0.698924720287323,-0.638248860836029,-0.5211589932441711,0.8405036926269531,-0.7327735424041748,-0.5606983304023743,0.6275730133056641,-0.65450119972229,-0.6493827104568481,869.3741455078125,0.5657371878623962
EXPA2-127,109.3168403240245,34.01520230659195,w2,decid_broad,61,566008,否,稀疏植被,中,绿褐相间有裸土斑,judge_A2_03.csv,False,13,-0.0088581314878892,0.0199307958477508,0.0711111111111111,0.0629911572472126,0.0415840061514801,-0.1358861976163014,-0.1301653210303729,0.3278123798539023,0.1190926566705113,0.1663360246059207,0.1417301038062283,0.0088581314878892,-0.1417301038062283,-0.0711111111111111,-0.1085121107266436,-0.0177777777777777,-0.0842137639369473,-0.0061514801999231,-0.3839138792772011,-0.1190926566705113,0.0039369473279507,0.075355632449058,-0.0517339484813533,-0.0222068435217224,0.0935640138408304,0.0415840061514801,-0.1245674740484429,-0.0935640138408304,0.1137408688965782,0.2214532871972318,-0.1358861976163014,0.0711111111111111,0.1137408688965782,0.1190926566705113,0.1417301038062283,-0.075355632449058,-0.2141330257593233,-0.0177777777777777,-0.0448442906574394,-0.1929104190695886,0.0553633217993079,0.1034063821607074,0.0888273740868896,0.0157477893118031,-0.0935640138408304,0.0415840061514801,0.1245674740484429,0.0384467512495194,0.186082276047674,0.0061514801999231,0.0384467512495194,0.0384467512495194,0.0553633217993079,0.2441522491349481,0.0120569011918492,-0.0517339484813533,0.0039369473279507,-0.1929104190695886,-0.1929104190695886,0.0415840061514801,-0.2214532871972318,-0.1358861976163014,-0.0384467512495194,0.1137408688965782,-7.914906437460167,-16.8733652954894,-6.009282541720135,-13.494252458950356,0.2321285158395767,-0.254805713891983,-0.3231797814369201,0.441356897354126,-0.5003756284713745,-0.5029895305633545,0.8887892365455627,-0.8054007887840271,-0.621981680393219,0.6832181215286255,-0.6795233488082886,-0.5651063919067383,956.9815063476562,0.076414868235588
EXPA2-128,110.18137895346112,34.27795952719691,w2,decid_broad,61,570376,否,稀疏植被,低,暗绿灌丛与浅色地各半,judge_A2_03.csv,False,13,0.059115724721261,-0.035432525951557,0.1476970396001538,0.0797231833910034,0.059115724721261,-0.0935640138408304,-0.2679584775086506,0.3278123798539023,0.0415840061514801,0.0297731641676278,0.1929104190695886,0.1476970396001538,-0.0797231833910034,-0.0009842368319876,-0.0061514801999231,-0.0984236831987697,-0.1663360246059207,0.0629911572472126,-0.1417301038062283,0.0271280276816609,-0.0482276047673971,-0.1663360246059207,0.1417301038062283,-0.0384467512495194,0.0984236831987697,0.0120569011918492,-0.0669896193771626,-0.0157477893118031,-0.0482276047673971,0.0629911572472126,0.1034063821607074,0.2519646289888504,0.1998615916955017,0.1301653210303729,-0.0984236831987697,0.1663360246059207,-0.1998615916955017,-0.2441522491349481,0.0517339484813533,0.1245674740484429,-0.1663360246059207,0.0935640138408304,0.0222068435217224,-0.0157477893118031,-0.1417301038062283,0.1417301038062283,0.035432525951557,0.0199307958477508,0.0669896193771626,-0.0061514801999231,0.0325413302575932,-0.1137408688965782,0.0384467512495194,0.1301653210303729,-0.0482276047673971,-0.1190926566705113,-0.1301653210303729,-0.1137408688965782,-0.2844444444444444,-0.075355632449058,-0.0935640138408304,0.0711111111111111,-0.1358861976163014,-0.0482276047673971,-15.967994886597657,-18.31495921731949,-14.556326774961748,-18.297101328564715,0.6171494722366333,-0.6115473508834839,-0.553016185760498,0.6669498682022095,-0.5727455019950867,-0.5266429781913757,0.8054405450820923,-0.6867403388023376,-0.4740259647369385,0.7187888622283936,-0.6804541945457458,-0.5961045622825623,1399.3988037109375,0.1395729631185531
EXPA2-129,109.30633003520028,31.93578208691208,w2,decid_broad,61,565978,否,草地,中,匀绿细斑无冠形,judge_A2_03.csv,False,11,-0.0088581314878892,0.035432525951557,0.1358861976163014,0.0629911572472126,0.075355632449058,-0.1663360246059207,-0.2288965782391388,0.186082276047674,0.0482276047673971,0.1034063821607074,0.16,0.0935640138408304,-0.0797231833910034,-0.0199307958477508,-0.1998615916955017,-0.0888273740868896,-0.2441522491349481,0.0984236831987697,-0.2288965782391388,-0.0157477893118031,0.0049826989619377,-0.0415840061514801,0.075355632449058,-0.0271280276816609,0.1085121107266436,-0.0935640138408304,-0.0415840061514801,-0.0888273740868896,-0.0629911572472126,0.0325413302575932,0.0517339484813533,0.2599000384467512,0.0797231833910034,0.1034063821607074,-0.1417301038062283,0.0384467512495194,-0.2069357939254133,-0.1537870049980776,0.0009842368319876,0.0448442906574394,-0.1137408688965782,0.0711111111111111,-0.0797231833910034,-0.035432525951557,-0.1137408688965782,0.1998615916955017,0.1137408688965782,-0.0246059207996924,0.0199307958477508,-0.0120569011918492,0.0246059207996924,-0.0629911572472126,0.0797231833910034,0.1998615916955017,-0.0797231833910034,-0.1793771626297577,-0.1358861976163014,-0.1929104190695886,-0.292871972318339,-0.2069357939254133,-0.1476970396001538,0.1034063821607074,-0.0842137639369473,-0.0797231833910034,-15.35370177082096,-21.124463486258865,-15.459832434782022,-22.26630624344087,0.4174696803092956,-0.4517669677734375,-0.498251736164093,0.4862944185733795,-0.5202492475509644,-0.6208453178405762,0.8675373196601868,-0.742384672164917,-0.5658232569694519,0.5870102643966675,-0.5703807473182678,-0.6630136966705322,2245.60791015625,0.391218364238739
EXPA2-130,108.48275458271952,24.11720518004941,w3,decid_broad,61,561391,否,稀疏植被,低,浅灰绿极匀面结构不明,judge_A2_03.csv,False,13,0.0049826989619377,0.0888273740868896,0.16,-0.0039369473279507,0.0030142252979623,-0.0120569011918492,-0.186082276047674,0.1245674740484429,-0.0325413302575932,0.16,-0.0199307958477508,-0.0482276047673971,-0.2364628988850442,0.0088581314878892,-0.0984236831987697,-0.1085121107266436,-0.0415840061514801,0.16,-0.1793771626297577,-0.2069357939254133,-0.2679584775086506,0.292871972318339,-0.1998615916955017,-0.0935640138408304,-0.0669896193771626,0.0297731641676278,-0.0629911572472126,-0.1034063821607074,-0.0448442906574394,0.16,0.0177777777777777,0.0088581314878892,0.0039369473279507,0.1793771626297577,-0.16,0.0517339484813533,-0.17279507881584,0.0448442906574394,-0.075355632449058,-0.1190926566705113,0.1034063821607074,0.1137408688965782,-0.0246059207996924,0.17279507881584,0.0138408304498269,0.1190926566705113,0.075355632449058,0.1358861976163014,0.0482276047673971,-0.1085121107266436,0.059115724721261,-0.0384467512495194,0.1417301038062283,0.0711111111111111,0.0517339484813533,-0.1245674740484429,-0.1085121107266436,-0.0384467512495194,0.0199307958477508,-0.2519646289888504,-0.1537870049980776,-0.2364628988850442,0.1476970396001538,0.0711111111111111,-8.748925131959272,-13.133815796926974,-4.642510826990471,-12.089490444480974,,,,,,,,,,,,,,
EXPA2-131,113.6724118106064,27.969360781410742,w3,decid_broad,61,584611,否,稀疏植被,中,褐绿斑驳裸土显著,judge_A2_03.csv,False,13,-0.0384467512495194,0.0120569011918492,0.1476970396001538,-0.0177777777777777,-0.0015378700499807,-0.01039600153787,-0.2519646289888504,0.2364628988850442,-0.0246059207996924,0.1301653210303729,-0.1358861976163014,-0.0415840061514801,-0.1417301038062283,-0.0711111111111111,-0.0669896193771626,-0.0888273740868896,-0.0669896193771626,0.2844444444444444,-0.1663360246059207,-0.0888273740868896,-0.1537870049980776,0.2599000384467512,-0.2069357939254133,-0.0517339484813533,0.0222068435217224,0.0797231833910034,0.0177777777777777,-0.0669896193771626,0.0935640138408304,0.1663360246059207,0.0297731641676278,-0.035432525951557,0.0384467512495194,0.186082276047674,-0.2141330257593233,-0.0222068435217224,-0.0842137639369473,-0.0842137639369473,0.0246059207996924,-0.0553633217993079,0.0482276047673971,0.1998615916955017,0.0157477893118031,-0.0384467512495194,0.0711111111111111,0.2214532871972318,0.0797231833910034,0.3553094963475586,0.1137408688965782,-0.0517339484813533,-0.0384467512495194,-0.0384467512495194,0.1245674740484429,0.0157477893118031,0.0711111111111111,-0.1137408688965782,-0.0629911572472126,-0.0448442906574394,0.0629911572472126,-0.0325413302575932,-0.0669896193771626,-0.2214532871972318,0.1190926566705113,0.0842137639369473,-1.4243425167087278,-7.697874620365919,0.4885301769850702,-7.0161634202496685,0.4079528748989105,-0.4702037572860718,-0.5187707543373108,0.4649006724357605,-0.5078391432762146,-0.5534940958023071,0.7434439063072205,-0.6630500555038452,-0.5231731534004211,0.7437099814414978,-0.6616530418395996,-0.5572013258934021,315.7558898925781,0.1509173363447189
EXPA2-132,108.54689429400564,24.01398875390408,w3,decid_broad,61,561665,否,稀疏植被,中,浅橄榄绿斑块夹裸土,judge_A2_03.csv,False,13,0.1137408688965782,0.0199307958477508,0.1663360246059207,-0.0039369473279507,0.0517339484813533,-0.0222068435217224,-0.2288965782391388,0.0384467512495194,-0.0517339484813533,0.0935640138408304,0.0629911572472126,0.0553633217993079,-0.2679584775086506,0.0039369473279507,-0.0517339484813533,-0.186082276047674,-0.0157477893118031,0.0157477893118031,-0.1998615916955017,-0.0669896193771626,-0.3014225297962323,0.1929104190695886,-0.1929104190695886,-0.1998615916955017,-0.1190926566705113,-0.0177777777777777,-0.0669896193771626,-0.1476970396001538,-0.0797231833910034,0.2069357939254133,0.0888273740868896,0.0482276047673971,0.0199307958477508,0.0711111111111111,-0.2844444444444444,0.1537870049980776,-0.2599000384467512,0.0120569011918492,-0.075355632449058,0.0015378700499807,0.1245674740484429,0.1137408688965782,-0.0222068435217224,0.2214532871972318,0.0222068435217224,0.0984236831987697,0.0888273740868896,-0.0325413302575932,0.0061514801999231,-0.0629911572472126,0.0022145328719723,-0.0797231833910034,0.0482276047673971,0.0888273740868896,-0.0246059207996924,-0.0888273740868896,-0.186082276047674,-0.0415840061514801,-0.0271280276816609,-0.1663360246059207,-0.0888273740868896,-0.17279507881584,0.059115724721261,0.0984236831987697,-10.617360333419532,-18.07903512069824,-8.771152883848643,-19.10126768248023,,,,,,,,,,,,,,
EXPA2-133,109.2206307570953,24.17918893465366,w3,decid_broad,61,565444,否,草地,中,细密绿被略带条痕,judge_A2_03.csv,False,11,0.0842137639369473,0.0120569011918492,0.1034063821607074,0.0797231833910034,0.0711111111111111,0.0297731641676278,-0.2288965782391388,0.0842137639369473,-0.0553633217993079,0.1034063821607074,0.0711111111111111,0.0797231833910034,-0.2679584775086506,-0.0553633217993079,-0.1034063821607074,-0.1245674740484429,-0.1085121107266436,-0.0222068435217224,-0.1998615916955017,0.0157477893118031,-0.3014225297962323,0.1793771626297577,-0.1793771626297577,-0.1537870049980776,-0.0711111111111111,0.0935640138408304,-0.0199307958477508,-0.1793771626297577,-0.0842137639369473,0.1793771626297577,0.1137408688965782,0.0888273740868896,0.0120569011918492,0.1085121107266436,-0.2599000384467512,0.186082276047674,-0.1929104190695886,-0.0177777777777777,0.0384467512495194,0.0517339484813533,0.1034063821607074,0.2214532871972318,0.0448442906574394,0.1663360246059207,0.0797231833910034,0.0842137639369473,0.035432525951557,0.0517339484813533,0.0074432910419069,0.0246059207996924,-0.1301653210303729,-0.0935640138408304,0.0669896193771626,0.16,-0.035432525951557,-0.1190926566705113,-0.1929104190695886,-0.0984236831987697,-0.0384467512495194,-0.0711111111111111,-0.1417301038062283,-0.1358861976163014,0.0138408304498269,0.1417301038062283,-14.920144506849734,-23.96090405911025,-14.808354297329906,-26.147851604264325,0.5595805644989014,-0.5433962345123291,-0.5750658512115479,0.7120773196220398,-0.5961567163467407,-0.5155771374702454,0.6828764081001282,-0.5105725526809692,-0.4113622903823852,0.7241379022598267,-0.6058394312858582,-0.5486836433410645,184.8508758544922,0.0759070217609405
EXPA2-134,107.91088707284904,27.45004471566125,w3,decid_broad,61,559072,否,草本旱地,低,平滑绿被旁见条纹垄,judge_A2_03.csv,False,0,0.0517339484813533,0.0325413302575932,0.16,0.1034063821607074,0.0669896193771626,-0.0553633217993079,-0.3100961168781238,0.1137408688965782,-0.0415840061514801,0.1245674740484429,0.0553633217993079,0.0984236831987697,-0.2519646289888504,-0.0049826989619377,-0.1085121107266436,-0.1929104190695886,-0.1301653210303729,0.0448442906574394,-0.1358861976163014,-0.0415840061514801,-0.2441522491349481,0.059115724721261,-0.0711111111111111,-0.1301653210303729,-0.0074432910419069,0.0138408304498269,-0.0384467512495194,-0.1245674740484429,-0.059115724721261,0.1358861976163014,0.0517339484813533,0.16,0.075355632449058,0.1417301038062283,-0.2679584775086506,0.1301653210303729,-0.186082276047674,-0.1358861976163014,-0.0629911572472126,0.0984236831987697,-0.0049826989619377,0.186082276047674,-0.059115724721261,0.1358861976163014,-0.0222068435217224,0.1417301038062283,0.0415840061514801,0.035432525951557,-0.0030142252979623,-0.0061514801999231,0.0325413302575932,-0.0984236831987697,0.1301653210303729,0.0842137639369473,-0.0297731641676278,-0.2599000384467512,-0.1537870049980776,-0.0415840061514801,-0.2069357939254133,-0.1929104190695886,-0.1358861976163014,-0.1301653210303729,-0.075355632449058,0.0553633217993079,-13.087145222186283,-18.00175897330828,-13.630748720535015,-21.175347377651548,0.6628175377845764,-0.6335791349411011,-0.6237623691558838,0.7221724390983582,-0.6202360987663269,-0.5028697848320007,0.8131340146064758,-0.6489439010620117,-0.4632516801357269,0.7969018816947937,-0.6685312390327454,-0.5570269227027893,1102.1676025390625,0.0877876654267311
EXPA2-135,111.09200115697308,26.051367818287154,w3,decid_broad,61,574583,否,常绿灌丛,低,暗绿灌丛斑块夹浅色地,judge_A2_03.csv,False,9,0.0888273740868896,0.1417301038062283,0.0711111111111111,0.2288965782391388,0.0842137639369473,-0.1085121107266436,-0.2214532871972318,0.186082276047674,0.0711111111111111,0.1358861976163014,0.0888273740868896,0.1663360246059207,-0.2364628988850442,-0.075355632449058,-0.16,-0.075355632449058,-0.1358861976163014,0.0842137639369473,-0.17279507881584,-0.0415840061514801,-0.1476970396001538,0.0482276047673971,0.0030142252979623,-0.059115724721261,0.059115724721261,0.0888273740868896,-0.0297731641676278,-0.1085121107266436,-0.0297731641676278,0.1998615916955017,0.0384467512495194,0.1998615916955017,0.1998615916955017,0.0711111111111111,-0.1190926566705113,0.1245674740484429,-0.186082276047674,-0.2441522491349481,0.0711111111111111,0.0138408304498269,-0.0022145328719723,0.1417301038062283,-0.0271280276816609,0.0669896193771626,0.0088581314878892,0.0384467512495194,0.0325413302575932,0.0888273740868896,0.0888273740868896,0.0553633217993079,-0.0030142252979623,-0.1085121107266436,-0.0049826989619377,0.1476970396001538,0.0009842368319876,-0.292871972318339,-0.1034063821607074,-0.059115724721261,-0.1417301038062283,-0.1929104190695886,-0.186082276047674,-0.1245674740484429,-0.075355632449058,0.0935640138408304,-11.918655152266505,-16.65465367413136,-10.92380462471754,-16.943445702370433,,,,,,,,,,,,,,
EXPA2-136,107.81333003299363,27.00969056338586,w3,decid_broad,61,558638,否,稀疏植被,低,灌草斑块间杂零星树影,judge_A2_03.csv,False,13,0.0935640138408304,0.035432525951557,0.1137408688965782,0.0482276047673971,0.1137408688965782,0.0022145328719723,-0.2679584775086506,0.0629911572472126,-0.0297731641676278,0.1537870049980776,0.1190926566705113,0.0448442906574394,-0.1998615916955017,0.0049826989619377,-0.0629911572472126,-0.1537870049980776,-0.0797231833910034,-0.0669896193771626,-0.186082276047674,-0.0711111111111111,-0.2441522491349481,0.0009842368319876,-0.1034063821607074,-0.17279507881584,-0.0517339484813533,0.0030142252979623,-0.0222068435217224,-0.1793771626297577,-0.0448442906574394,0.2141330257593233,0.0384467512495194,0.0797231833910034,0.0199307958477508,0.0553633217993079,-0.3278123798539023,0.1793771626297577,-0.2679584775086506,-0.0199307958477508,-0.0297731641676278,0.0984236831987697,0.075355632449058,0.2364628988850442,-0.035432525951557,0.1537870049980776,0.0325413302575932,0.1245674740484429,0.0157477893118031,0.059115724721261,0.0517339484813533,0.0325413302575932,-0.035432525951557,-0.0842137639369473,0.075355632449058,0.1245674740484429,-0.0384467512495194,-0.1663360246059207,-0.186082276047674,-0.1245674740484429,-0.1537870049980776,-0.1245674740484429,-0.1190926566705113,-0.1301653210303729,0.0138408304498269,0.1301653210303729,-14.2074314143845,-17.60097306581738,-13.049390639053923,-20.053178647840863,0.712981104850769,-0.6711921691894531,-0.623146116733551,0.5961538553237915,-0.5103391408920288,-0.4704830050468445,0.785676121711731,-0.6472328305244446,-0.4778325259685516,0.8028571605682373,-0.7054054141044617,-0.5909943580627441,710.7969360351562,0.0877876654267311
EXPA2-137,109.86202786995663,26.028730273127344,w3,decid_broad,61,568679,否,草地,中,枯黄绿草被旁有土路,judge_A2_03.csv,False,11,0.0297731641676278,0.1137408688965782,0.1537870049980776,0.0935640138408304,0.0842137639369473,-0.0984236831987697,-0.2441522491349481,0.1137408688965782,0.0297731641676278,0.1085121107266436,-0.0157477893118031,0.0669896193771626,-0.2761399461745483,-0.0246059207996924,-0.1663360246059207,-0.1417301038062283,-0.1663360246059207,0.1190926566705113,-0.2519646289888504,-0.0088581314878892,-0.1476970396001538,0.0797231833910034,-0.1085121107266436,-0.0629911572472126,0.0669896193771626,0.0384467512495194,-0.1034063821607074,-0.1417301038062283,-0.0935640138408304,0.17279507881584,0.0984236831987697,0.2141330257593233,0.1190926566705113,0.0448442906574394,-0.1998615916955017,0.1663360246059207,-0.2364628988850442,-0.1929104190695886,-0.0120569011918492,0.01039600153787,-0.0553633217993079,0.1301653210303729,-0.0415840061514801,0.1034063821607074,0.075355632449058,0.1190926566705113,0.0629911572472126,0.0553633217993079,0.0325413302575932,-0.0325413302575932,0.0553633217993079,-0.1034063821607074,0.1034063821607074,0.0797231833910034,-0.0482276047673971,-0.2141330257593233,-0.1190926566705113,-0.0325413302575932,-0.1137408688965782,-0.2069357939254133,-0.1537870049980776,-0.0888273740868896,-0.1476970396001538,-0.0448442906574394,-11.386104830518631,-17.839064483956165,-12.34371965792782,-17.642073864005177,,,,,,,,,,,,,,
EXPA2-138,107.82330133264738,24.1861957938698,w3,decid_broad,61,558629,否,草本旱地,中,缓坡条纹田疑旱作垄作,judge_A2_03.csv,False,0,0.0517339484813533,0.0711111111111111,0.16,-0.0384467512495194,0.0177777777777777,0.000553633217993,-0.2599000384467512,0.0669896193771626,-0.1190926566705113,0.0629911572472126,0.0384467512495194,0.0553633217993079,-0.3100961168781238,0.0517339484813533,-0.0797231833910034,-0.17279507881584,-0.0120569011918492,0.0199307958477508,-0.2069357939254133,-0.0415840061514801,-0.3100961168781238,0.1793771626297577,-0.1998615916955017,-0.1537870049980776,-0.1245674740484429,-0.0448442906574394,-0.059115724721261,-0.1663360246059207,-0.0935640138408304,0.1537870049980776,0.0325413302575932,0.0797231833910034,0.0797231833910034,0.0711111111111111,-0.2141330257593233,0.16,-0.16,-0.0222068435217224,-0.1301653210303729,0.035432525951557,0.0246059207996924,0.17279507881584,-0.0517339484813533,0.1998615916955017,-0.0271280276816609,0.1417301038062283,0.1137408688965782,-0.0297731641676278,-0.0088581314878892,0.0199307958477508,0.0271280276816609,-0.0629911572472126,0.1085121107266436,0.0384467512495194,0.0271280276816609,-0.0935640138408304,-0.1245674740484429,-0.0842137639369473,-0.0271280276816609,-0.2519646289888504,-0.0888273740868896,-0.2141330257593233,0.035432525951557,0.01039600153787,-13.411065895924851,-17.738415447088244,-10.819988905822887,-17.848240702678446,,,,,,,,,,,,,,
EXPA2-139,111.02705296193125,25.436111680193694,w3,decid_broad,61,574308,否,裸地,低,均匀浅褐面疑裸土土路,judge_A2_03.csv,False,22,0.0088581314878892,0.1245674740484429,0.0384467512495194,0.16,0.0629911572472126,-0.186082276047674,-0.186082276047674,0.0711111111111111,0.1034063821607074,0.075355632449058,0.1476970396001538,0.1301653210303729,-0.2364628988850442,-0.0297731641676278,-0.2679584775086506,-0.0842137639369473,-0.16,0.0271280276816609,-0.2599000384467512,-0.0711111111111111,-0.1245674740484429,-0.0074432910419069,-0.0482276047673971,-0.0517339484813533,0.0711111111111111,0.01039600153787,-0.035432525951557,-0.1137408688965782,-0.1358861976163014,0.1663360246059207,0.0415840061514801,0.2599000384467512,0.1358861976163014,0.0138408304498269,-0.1998615916955017,0.0669896193771626,-0.292871972318339,-0.1537870049980776,0.035432525951557,-0.0325413302575932,-0.0039369473279507,0.0222068435217224,-0.0088581314878892,0.0482276047673971,-0.0177777777777777,0.1034063821607074,0.0482276047673971,0.0448442906574394,0.0711111111111111,-0.0297731641676278,0.0297731641676278,-0.1358861976163014,0.0517339484813533,0.17279507881584,-0.0415840061514801,-0.2141330257593233,-0.1301653210303729,-0.1137408688965782,-0.0935640138408304,-0.2761399461745483,-0.1476970396001538,-0.0246059207996924,-0.0448442906574394,0.0138408304498269,-12.724235511192788,-18.307690882692057,-13.305044874670868,-22.043986800802948,0.4166261553764343,-0.5216709971427917,-0.6696718335151672,0.2738261222839355,-0.2028094828128814,-0.0186436101794242,0.6769648790359497,-0.5469736456871033,-0.3944658041000366,0.578163743019104,-0.5233532786369324,-0.5146341323852539,1341.00634765625,0.1484926491975784
EXPA2-140,109.86148888078615,31.92877522769595,w2,ever_broad,51,463619,否,草地,中,平滑橄榄绿坡面旁为梯田,judge_A2_03.csv,False,11,0.0711111111111111,0.075355632449058,0.1358861976163014,0.0517339484813533,0.0842137639369473,-0.0669896193771626,-0.292871972318339,0.3647212610534409,0.0384467512495194,0.2288965782391388,-0.0711111111111111,-0.0415840061514801,-0.1929104190695886,0.0039369473279507,-0.1537870049980776,-0.1793771626297577,-0.1137408688965782,0.1358861976163014,-0.1793771626297577,-0.059115724721261,-0.1034063821607074,0.16,-0.01039600153787,-0.0888273740868896,0.059115724721261,-0.0297731641676278,-0.1358861976163014,-0.0842137639369473,0.0711111111111111,0.0935640138408304,-0.0669896193771626,0.0984236831987697,0.0384467512495194,0.1537870049980776,-0.1137408688965782,0.0271280276816609,-0.1137408688965782,-0.1663360246059207,-0.0935640138408304,-0.0517339484813533,0.0482276047673971,0.2441522491349481,-0.0271280276816609,0.0482276047673971,-0.0629911572472126,0.1085121107266436,0.059115724721261,0.0482276047673971,0.1085121107266436,-0.0061514801999231,0.0297731641676278,-0.0157477893118031,0.1034063821607074,0.0482276047673971,-0.0199307958477508,-0.17279507881584,-0.0711111111111111,0.0325413302575932,-0.3014225297962323,-0.0629911572472126,-0.1034063821607074,-0.2364628988850442,-0.1358861976163014,0.01039600153787,-7.388692127151675,-12.06286993072956,-6.1939848627279375,-12.62319555807156,0.6354845762252808,-0.6396206617355347,-0.6016771197319031,0.803636372089386,-0.6863100528717041,-0.4676923155784607,0.8783018589019775,-0.778671145439148,-0.6161890029907227,0.8107606768608093,-0.740784764289856,-0.6300382018089294,1021.6223754882812,0.391218364238739
EXPA2-141,108.76949682141048,31.555794721729523,w2,ever_broad,51,454223,是,常绿阔叶林,中,圆浑冠密布夹杂暗影,judge_A2_03.csv,False,4,0.0138408304498269,0.035432525951557,-0.0088581314878892,0.1034063821607074,0.0482276047673971,-0.0669896193771626,-0.2364628988850442,0.2519646289888504,0.1476970396001538,0.1137408688965782,0.1358861976163014,0.0797231833910034,-0.186082276047674,-0.0297731641676278,-0.0138408304498269,-0.0935640138408304,0.075355632449058,0.0222068435217224,-0.2679584775086506,-0.1417301038062283,-0.0711111111111111,-0.1663360246059207,-0.01039600153787,-0.0842137639369473,0.1417301038062283,0.0935640138408304,-0.1085121107266436,-0.0984236831987697,0.0297731641676278,0.1929104190695886,-0.1137408688965782,0.0842137639369473,0.1929104190695886,0.1417301038062283,-0.1137408688965782,-0.1034063821607074,-0.1476970396001538,0.0199307958477508,0.059115724721261,0.0384467512495194,-0.0049826989619377,0.0629911572472126,-0.0120569011918492,0.0842137639369473,-0.059115724721261,0.059115724721261,0.0482276047673971,0.292871972318339,0.1793771626297577,0.0888273740868896,0.0325413302575932,-0.1137408688965782,0.0629911572472126,0.3014225297962323,0.2364628988850442,-0.1301653210303729,-0.0271280276816609,-0.1085121107266436,-0.0935640138408304,-0.1137408688965782,-0.0797231833910034,-0.0797231833910034,0.075355632449058,0.1301653210303729,-5.594255795751648,-14.571211482626616,-8.162646047636187,-13.263412780835072,0.5699313282966614,-0.527963399887085,-0.3654846251010895,0.5877862572669983,-0.5464683771133423,-0.4769560694694519,0.8510774970054626,-0.7135626077651978,-0.5252898931503296,0.8139176964759827,-0.7604477405548096,-0.7081817984580994,1150.793701171875,0.1987958550453186
EXPA2-142,107.42337136815736,32.32681873008931,w2,ever_broad,51,443549,是,常绿针叶林,低,细颗粒团状冠疑幼林,judge_A2_03.csv,False,6,0.0448442906574394,0.059115724721261,0.1137408688965782,0.1190926566705113,0.1417301038062283,-0.1137408688965782,-0.2214532871972318,0.1793771626297577,0.059115724721261,-0.0088581314878892,0.1929104190695886,0.1245674740484429,-0.1537870049980776,0.0246059207996924,-0.1793771626297577,-0.0797231833910034,-0.1245674740484429,-0.1190926566705113,-0.1476970396001538,0.0002460592079969,-0.0246059207996924,-0.0629911572472126,-0.0138408304498269,-0.0711111111111111,0.1085121107266436,-0.16,-0.000553633217993,-0.1301653210303729,-0.1537870049980776,0.0517339484813533,0.1245674740484429,0.2364628988850442,0.0297731641676278,0.075355632449058,-0.3278123798539023,0.0984236831987697,-0.3100961168781238,-0.1245674740484429,0.0157477893118031,0.1085121107266436,-0.059115724721261,0.1301653210303729,0.0553633217993079,0.0177777777777777,-0.1085121107266436,0.2141330257593233,0.0384467512495194,0.059115724721261,0.059115724721261,-0.0246059207996924,-0.0842137639369473,-0.16,0.0797231833910034,0.1245674740484429,-0.075355632449058,-0.1476970396001538,-0.1663360246059207,-0.1537870049980776,-0.1929104190695886,-0.075355632449058,-0.0157477893118031,0.0297731641676278,-0.075355632449058,0.0074432910419069,,,,,0.6900796294212341,-0.681556224822998,-0.5948671102523804,0.8128789067268372,-0.7011070251464844,-0.5328046083450317,0.8635678291320801,-0.7497051358222961,-0.581954300403595,0.7967943549156189,-0.6668346524238586,-0.5678326487541199,1253.913330078125,0.2504908740520477
EXPA2-143,106.9358556634657,33.43902288335769,w2,ever_broad,51,439890,是,常绿阔叶林,低,极暗均质疑密冠遮荫,judge_A2_03.csv,False,4,-0.0325413302575932,0.0553633217993079,0.0711111111111111,0.1137408688965782,0.0629911572472126,-0.0797231833910034,-0.1998615916955017,0.2679584775086506,0.1085121107266436,0.075355632449058,0.2441522491349481,0.0384467512495194,-0.1137408688965782,-0.0669896193771626,-0.0482276047673971,-0.0888273740868896,0.0711111111111111,-0.0325413302575932,-0.3839138792772011,-0.0984236831987697,-0.059115724721261,-0.1537870049980776,-0.0271280276816609,-0.0199307958477508,0.1663360246059207,0.0199307958477508,-0.0415840061514801,-0.0888273740868896,0.0246059207996924,0.2141330257593233,-0.17279507881584,0.0984236831987697,0.1417301038062283,0.1190926566705113,-0.0517339484813533,-0.1358861976163014,-0.1537870049980776,0.0384467512495194,0.0015378700499807,-0.0325413302575932,0.01039600153787,0.0297731641676278,0.059115724721261,0.0888273740868896,-0.059115724721261,0.075355632449058,0.0984236831987697,0.1190926566705113,0.2441522491349481,0.1137408688965782,-0.0629911572472126,-0.035432525951557,0.0711111111111111,0.2288965782391388,0.1663360246059207,-0.0415840061514801,-0.0482276047673971,-0.2214532871972318,-0.2141330257593233,-0.0448442906574394,-0.1537870049980776,-0.1085121107266436,0.0553633217993079,0.1190926566705113,,,,,0.3016037344932556,-0.3190039396286011,-0.2319290488958358,0.4274229705333709,-0.485130101442337,-0.4890477359294891,0.8436267971992493,-0.7315643429756165,-0.5301107168197632,0.7103755474090576,-0.6653238534927368,-0.6436819434165955,963.3575439453124,0.0364570692181587
EXPA2-144,107.70041180177982,31.13457468500588,w2,ever_broad,51,445920,是,常绿阔叶林,低,深绿冠团夹褐色斑块,judge_A2_03.csv,False,4,0.1190926566705113,0.0517339484813533,0.0415840061514801,0.1085121107266436,0.1034063821607074,-0.0022145328719723,-0.3368550557477893,0.186082276047674,0.0384467512495194,0.1034063821607074,-0.0030142252979623,0.1793771626297577,-0.2364628988850442,0.0297731641676278,-0.0888273740868896,-0.1417301038062283,-0.075355632449058,-0.059115724721261,0.0074432910419069,0.0297731641676278,-0.0842137639369473,0.0009842368319876,-0.0177777777777777,-0.1358861976163014,0.0199307958477508,0.0553633217993079,-0.0935640138408304,-0.0888273740868896,-0.01039600153787,0.059115724721261,0.1358861976163014,0.16,0.0842137639369473,0.0482276047673971,-0.2069357939254133,0.17279507881584,-0.2761399461745483,-0.1929104190695886,0.0553633217993079,0.16,-0.1034063821607074,0.2288965782391388,-0.0030142252979623,0.1034063821607074,-0.0935640138408304,0.1417301038062283,0.0061514801999231,0.1358861976163014,0.0415840061514801,0.0325413302575932,-0.0138408304498269,-0.1929104190695886,0.059115724721261,0.1137408688965782,0.0199307958477508,-0.2214532871972318,-0.16,0.0384467512495194,-0.2288965782391388,-0.1190926566705113,-0.0297731641676278,-0.1537870049980776,-0.0797231833910034,0.0246059207996924,-15.270425735540194,-20.598708529680472,-13.922978508127413,-20.729454297067427,0.7298550605773926,-0.6605453491210938,-0.4288389384746551,0.5856643319129944,-0.5066445469856262,-0.311304360628128,0.7929574847221375,-0.6755979061126709,-0.4474731981754303,0.8640406727790833,-0.7537357807159424,-0.4830614924430847,842.4539184570312,0.1802725493907928
EXPA2-145,107.4476258808286,33.87021421973506,w2,ever_broad,51,443773,否,稀疏植被,中,暗绿丛间大片浅色干草,judge_A2_03.csv,False,13,-0.0271280276816609,0.0325413302575932,0.1417301038062283,0.0935640138408304,0.0711111111111111,-0.0935640138408304,-0.1929104190695886,0.2519646289888504,0.0553633217993079,0.0629911572472126,0.2441522491349481,0.0842137639369473,-0.0415840061514801,-0.0246059207996924,-0.186082276047674,-0.0935640138408304,-0.16,-0.0448442906574394,-0.2288965782391388,0.0199307958477508,0.0222068435217224,-0.1301653210303729,0.0888273740868896,-0.0629911572472126,0.1476970396001538,-0.1476970396001538,-0.0448442906574394,-0.0888273740868896,-0.1137408688965782,0.0448442906574394,0.0984236831987697,0.2069357939254133,0.1190926566705113,0.0842137639369473,-0.1663360246059207,0.0553633217993079,-0.1929104190695886,-0.17279507881584,-0.0049826989619377,0.0553633217993079,-0.16,0.075355632449058,-0.0415840061514801,0.0222068435217224,-0.1417301038062283,0.1929104190695886,0.075355632449058,0.0271280276816609,0.0629911572472126,0.0415840061514801,-0.0517339484813533,-0.1085121107266436,0.035432525951557,0.2141330257593233,0.0061514801999231,-0.1417301038062283,-0.0629911572472126,-0.1998615916955017,-0.3100961168781238,-0.1417301038062283,-0.1301653210303729,0.0984236831987697,-0.1358861976163014,-0.0002460592079969,,,,,0.5465230345726013,-0.5688027739524841,-0.459021508693695,0.5373626351356506,-0.536518394947052,-0.5563731789588928,0.8860053420066833,-0.7616674304008484,-0.5473321676254272,0.7126213312149048,-0.6439887881278992,-0.5550378561019897,2079.606201171875,0.257084310054779
EXPA2-146,108.70535711012434,31.275520353084232,w2,ever_broad,51,453823,否,草地,中,灰绿平滑草被,judge_A2_03.csv,False,11,0.0553633217993079,0.0120569011918492,0.0246059207996924,0.1663360246059207,0.1190926566705113,-0.0448442906574394,-0.2288965782391388,0.17279507881584,0.059115724721261,-0.0157477893118031,0.1998615916955017,0.16,-0.1793771626297577,0.035432525951557,-0.0935640138408304,-0.0199307958477508,-0.0482276047673971,-0.1476970396001538,-0.2441522491349481,-0.0039369473279507,-0.0797231833910034,-0.2214532871972318,0.0049826989619377,-0.1190926566705113,0.0797231833910034,-0.0448442906574394,-0.0049826989619377,-0.186082276047674,-0.1245674740484429,0.2288965782391388,-0.0049826989619377,0.2364628988850442,0.0629911572472126,0.0797231833910034,-0.3368550557477893,0.1476970396001538,-0.2599000384467512,-0.0325413302575932,-0.0246059207996924,0.1417301038062283,-0.035432525951557,0.1034063821607074,0.0669896193771626,0.0177777777777777,-0.0199307958477508,0.1793771626297577,-0.059115724721261,0.1245674740484429,0.1245674740484429,0.0061514801999231,-6.151480199923106e-05,-0.1190926566705113,0.0325413302575932,0.1301653210303729,0.0009842368319876,-0.1417301038062283,-0.1793771626297577,-0.1085121107266436,-0.0629911572472126,-0.0448442906574394,-0.075355632449058,0.0888273740868896,0.0222068435217224,0.035432525951557,-18.857828383199237,-23.49251598184317,-19.69429277988208,-22.277955564296448,0.5136674046516418,-0.4853310883045196,-0.1924594491720199,0.6037507653236389,-0.5298643708229065,-0.3236474394798279,0.8713797330856323,-0.747228741645813,-0.5516162514686584,0.85521000623703,-0.7488818764686584,-0.5433734655380249,1159.2410888671875,0.1987958550453186
EXPA2-147,106.05433887515922,33.47513515777929,w2,ever_broad,51,434417,否,灌木园地,低,细密低冠疑茶园灌丛,judge_A2_03.csv,False,2,-0.0271280276816609,0.0935640138408304,0.1663360246059207,0.0384467512495194,0.0088581314878892,-0.0629911572472126,-0.2141330257593233,0.3460207612456747,0.0797231833910034,0.16,0.000553633217993,0.035432525951557,-0.0088581314878892,-0.0384467512495194,-0.0384467512495194,-0.1137408688965782,0.0157477893118031,0.1417301038062283,-0.2519646289888504,-0.1793771626297577,-0.0888273740868896,0.075355632449058,-0.1190926566705113,0.0074432910419069,0.0629911572472126,0.1034063821607074,-0.0297731641676278,-0.1245674740484429,0.186082276047674,0.2141330257593233,-0.1190926566705113,0.075355632449058,0.0517339484813533,0.1929104190695886,0.035432525951557,-0.0888273740868896,-0.1245674740484429,0.0061514801999231,-0.0061514801999231,-0.0246059207996924,0.075355632449058,0.186082276047674,-0.0120569011918492,-0.0482276047673971,-0.0984236831987697,0.0517339484813533,0.0157477893118031,0.2519646289888504,0.2141330257593233,0.0088581314878892,0.0088581314878892,0.0157477893118031,0.0517339484813533,0.1137408688965782,0.0797231833910034,-0.1663360246059207,0.0177777777777777,-0.2069357939254133,-0.2441522491349481,-0.0049826989619377,-0.1929104190695886,-0.1998615916955017,0.0629911572472126,0.1085121107266436,-5.523801940829553,-12.5439403165047,-2.3167201705047487,-11.003686570252764,0.3999378383159637,-0.4146647751331329,-0.3983215093612671,0.7352267503738403,-0.586929202079773,-0.4184606373310089,0.8106978535652161,-0.6497239470481873,-0.4292804002761841,0.6058642864227295,-0.5715715885162354,-0.4832997918128967,873.9950561523438,0.0364570692181587
EXPA2-148,110.22611505461028,32.35269021027195,w2,ever_broad,51,466894,否,草地,中,平滑草坡带斜向纹路,judge_A2_03.csv,False,11,-0.0222068435217224,0.0297731641676278,0.1929104190695886,0.0984236831987697,0.1190926566705113,-0.1301653210303729,-0.3368550557477893,0.2761399461745483,0.0177777777777777,-0.0246059207996924,0.0415840061514801,0.1537870049980776,-0.1190926566705113,0.0074432910419069,-0.1476970396001538,-0.1190926566705113,-0.1476970396001538,0.0448442906574394,-0.2519646289888504,0.0711111111111111,-0.0553633217993079,-0.0138408304498269,-0.0415840061514801,-0.0415840061514801,0.075355632449058,-0.0842137639369473,0.0030142252979623,-0.0711111111111111,-0.1190926566705113,0.0297731641676278,0.1358861976163014,0.2288965782391388,0.0325413302575932,0.0842137639369473,-0.2519646289888504,0.1245674740484429,-0.2844444444444444,-0.16,-0.0009842368319876,0.1417301038062283,-0.0669896193771626,0.1301653210303729,0.0415840061514801,-0.0553633217993079,-0.0246059207996924,0.2364628988850442,0.0669896193771626,0.075355632449058,0.0482276047673971,-0.0177777777777777,-0.0384467512495194,-0.0711111111111111,0.059115724721261,0.0271280276816609,-0.0888273740868896,-0.1301653210303729,-0.1358861976163014,-0.0935640138408304,-0.2441522491349481,0.0022145328719723,-0.0842137639369473,0.0138408304498269,-0.1417301038062283,-0.0517339484813533,-16.533814796645498,-20.71553620194863,-15.85967353753587,-22.15106018932826,0.6095617413520813,-0.5765853524208069,-0.5390334725379944,0.7572502493858337,-0.6405113935470581,-0.4621155261993408,0.8013409376144409,-0.6749018430709839,-0.5365371704101562,0.7205039858818054,-0.6129724979400635,-0.5519642233848572,824.607666015625,0.4677141010761261
EXPA2-149,109.37127823024214,32.34164093227728,w2,ever_broad,51,459175,否,稀疏植被,中,浅黄绿斑驳夹裸土,judge_A2_03.csv,False,13,0.0297731641676278,0.059115724721261,0.1034063821607074,0.1034063821607074,0.1085121107266436,-0.0325413302575932,-0.2141330257593233,0.2679584775086506,0.0325413302575932,0.1358861976163014,0.1663360246059207,0.0482276047673971,-0.16,-0.0448442906574394,-0.0984236831987697,-0.1245674740484429,-0.1034063821607074,-0.035432525951557,-0.3100961168781238,0.0325413302575932,-0.1245674740484429,0.0297731641676278,-0.0325413302575932,-0.0842137639369473,0.1190926566705113,-0.0553633217993079,-0.0888273740868896,-0.1301653210303729,0.0049826989619377,0.1793771626297577,-0.059115724721261,0.2288965782391388,0.0629911572472126,0.0842137639369473,-0.1034063821607074,0.0935640138408304,-0.2761399461745483,-0.186082276047674,-0.0888273740868896,-0.0199307958477508,-0.0553633217993079,0.1476970396001538,0.0088581314878892,0.0711111111111111,-0.0325413302575932,0.1417301038062283,0.1537870049980776,-0.059115724721261,0.1929104190695886,0.0415840061514801,-0.035432525951557,-0.0888273740868896,0.0325413302575932,0.1085121107266436,-0.0157477893118031,-0.1476970396001538,-0.0553633217993079,-0.1358861976163014,-0.2761399461745483,-0.0797231833910034,-0.186082276047674,-0.1417301038062283,-0.0074432910419069,-0.0325413302575932,-10.736449799332531,-15.561272687022186,-12.02176527047601,-18.49297555058775,0.4441349506378174,-0.5027375221252441,-0.5153037309646606,0.7327491641044617,-0.6263171434402466,-0.4892869591712951,0.8523837327957153,-0.7248712182044983,-0.5482361316680908,0.7533841729164124,-0.6919605731964111,-0.5585432052612305,650.6875,0.1415318101644516
EXPA2-150,109.4197872555846,33.019150319560225,w2,ever_broad,51,459576,是,常绿阔叶林,低,暗绿冠团伴浅色间隙,judge_A2_03.csv,False,4,0.1476970396001538,-0.0553633217993079,0.1190926566705113,0.0517339484813533,0.0935640138408304,-0.0015378700499807,-0.3014225297962323,0.2844444444444444,0.075355632449058,0.0797231833910034,0.0448442906574394,0.1929104190695886,-0.1358861976163014,0.0177777777777777,0.0629911572472126,-0.17279507881584,-0.0325413302575932,-0.0629911572472126,-0.0222068435217224,0.0297731641676278,-0.0935640138408304,-0.1476970396001538,0.0935640138408304,-0.0629911572472126,0.059115724721261,0.1190926566705113,-0.1085121107266436,-0.0629911572472126,0.0199307958477508,0.075355632449058,0.0888273740868896,0.1663360246059207,0.1417301038062283,0.0629911572472126,-0.1245674740484429,0.1537870049980776,-0.2141330257593233,-0.2519646289888504,0.1537870049980776,0.2364628988850442,-0.1301653210303729,0.186082276047674,-0.01039600153787,0.059115724721261,-0.1301653210303729,0.0711111111111111,0.01039600153787,0.0629911572472126,0.0553633217993079,-0.0039369473279507,0.0325413302575932,-0.0888273740868896,-0.0015378700499807,0.1476970396001538,0.0271280276816609,-0.2069357939254133,-0.1085121107266436,0.0074432910419069,-0.292871972318339,-0.1245674740484429,-0.059115724721261,-0.0935640138408304,-0.1245674740484429,0.0325413302575932,-13.930088035197516,-18.845883431674448,-14.472384376380012,-17.741947082961822,0.7484848499298096,-0.6983075737953186,-0.502125084400177,0.7638652324676514,-0.6869508624076843,-0.4958071410655975,0.8069771528244019,-0.7003832459449768,-0.4457460045814514,0.8306030035018921,-0.761824905872345,-0.5407503247261047,763.8194580078125,0.5657371878623962
EXPA2-151,105.3469155889151,32.72836566209074,w2,ever_broad,51,430643,是,常绿阔叶林,低,极暗均质疑密冠遮荫,judge_A2_03.csv,False,4,-0.0448442906574394,-0.0074432910419069,0.0049826989619377,0.1537870049980776,0.0553633217993079,-0.0842137639369473,-0.1998615916955017,0.2288965782391388,0.1476970396001538,0.0325413302575932,0.2441522491349481,0.0711111111111111,-0.1476970396001538,-0.0138408304498269,-0.1137408688965782,-0.0888273740868896,0.0629911572472126,-0.075355632449058,-0.454963475586313,-0.0711111111111111,-0.075355632449058,-0.2441522491349481,0.035432525951557,-0.0384467512495194,0.16,-0.0120569011918492,-0.000553633217993,-0.059115724721261,-0.0325413302575932,0.1929104190695886,-0.1476970396001538,0.1793771626297577,0.1190926566705113,0.0384467512495194,-0.1034063821607074,-0.1190926566705113,-0.1998615916955017,0.0384467512495194,0.0325413302575932,0.0120569011918492,-0.0030142252979623,-0.0384467512495194,0.075355632449058,0.059115724721261,-0.059115724721261,0.0711111111111111,0.0797231833910034,0.1358861976163014,0.1417301038062283,0.1137408688965782,-0.0222068435217224,-0.075355632449058,0.0517339484813533,0.1663360246059207,0.1929104190695886,-0.0325413302575932,-0.0797231833910034,-0.2069357939254133,-0.17279507881584,0.0074432910419069,-0.0711111111111111,-0.0553633217993079,0.0669896193771626,0.0935640138408304,-11.878373648074708,-16.977210638280184,-10.276881977934082,-16.49872957229796,0.3580246865749359,-0.4511873424053192,-0.3722333908081054,0.763172447681427,-0.681803822517395,-0.5039421916007996,0.865094006061554,-0.7692307829856873,-0.6064400672912598,0.6985166072845459,-0.6007401347160339,-0.4958463013172149,1182.65380859375,0.4023927748203277
EXPA2-152,107.68532010500662,33.353862594423155,w2,ever_broad,51,445753,是,常绿阔叶林,中,湖滨暗绿林，圆浑冠丛,judge_A2_04.csv,False,4,0.0325413302575932,0.0482276047673971,0.0842137639369473,0.1245674740484429,0.0888273740868896,0.0246059207996924,-0.2761399461745483,0.2519646289888504,0.1301653210303729,0.0517339484813533,0.1793771626297577,0.0984236831987697,-0.1663360246059207,-0.0199307958477508,-0.059115724721261,-0.1537870049980776,-0.0039369473279507,-0.0842137639369473,-0.2679584775086506,0.01039600153787,-0.1245674740484429,-0.1358861976163014,-0.0271280276816609,-0.1358861976163014,0.075355632449058,0.1034063821607074,-0.0669896193771626,-0.1663360246059207,0.01039600153787,0.16,0.0074432910419069,0.1793771626297577,0.1476970396001538,0.0888273740868896,-0.1537870049980776,0.1417301038062283,-0.3100961168781238,-0.0842137639369473,0.0553633217993079,0.1085121107266436,-0.0553633217993079,0.1190926566705113,0.035432525951557,0.0842137639369473,-0.0415840061514801,0.0553633217993079,0.075355632449058,0.1137408688965782,0.1034063821607074,0.0199307958477508,0.0088581314878892,-0.0888273740868896,0.0629911572472126,0.2441522491349481,0.0797231833910034,-0.1417301038062283,-0.0669896193771626,-0.0711111111111111,-0.2599000384467512,-0.0842137639369473,-0.1137408688965782,-0.1358861976163014,-0.0517339484813533,0.0797231833910034,-17.046005835806763,-19.77239701144393,-15.317333729820852,-20.63080918595306,0.495537668466568,-0.454260915517807,-0.2689155638217926,0.5737317204475403,-0.5582894086837769,-0.4495345950126648,0.7970740795135498,-0.6919431090354919,-0.5761157274246216,0.7979154586791992,-0.7093311548233032,-0.4866310060024261,724.2422485351562,0.257084310054779
EXPA2-153,107.60123779441304,32.31118804414563,w2,ever_broad,51,445114,是,常绿针叶林,低,深暗细密冠层，冠形难辨,judge_A2_04.csv,False,6,0.0222068435217224,0.0935640138408304,-0.0448442906574394,0.1417301038062283,0.0797231833910034,-0.1034063821607074,-0.1663360246059207,0.2214532871972318,0.1301653210303729,0.0888273740868896,0.1929104190695886,0.0222068435217224,-0.2288965782391388,-0.0669896193771626,-0.1417301038062283,-0.0797231833910034,0.0935640138408304,-0.059115724721261,-0.3647212610534409,-0.0842137639369473,-0.0482276047673971,-0.1137408688965782,-0.0984236831987697,-0.0448442906574394,0.1301653210303729,0.0049826989619377,-0.0384467512495194,-0.1034063821607074,0.01039600153787,0.1793771626297577,-0.1301653210303729,0.035432525951557,0.1476970396001538,0.1190926566705113,-0.0222068435217224,-0.0797231833910034,-0.16,-0.0138408304498269,0.0415840061514801,-0.0935640138408304,0.0088581314878892,0.0553633217993079,0.0553633217993079,0.1417301038062283,-0.0711111111111111,0.0711111111111111,0.0984236831987697,0.1793771626297577,0.1301653210303729,0.1358861976163014,-0.1034063821607074,-0.1417301038062283,0.0711111111111111,0.2679584775086506,0.2069357939254133,-0.0797231833910034,-0.0177777777777777,-0.1663360246059207,-0.1476970396001538,-0.1085121107266436,-0.1034063821607074,-0.1245674740484429,0.0271280276816609,0.1929104190695886,,,,,0.4552495777606964,-0.409754067659378,-0.1762652695178985,0.7907341122627258,-0.6982560753822327,-0.5145715475082397,0.8611476421356201,-0.7525262832641602,-0.5779106616973877,0.6660616993904114,-0.5656623244285583,-0.3304119110107422,900.1051635742188,0.2504908740520477
EXPA2-154,107.60339375109491,33.409917468152216,w2,ever_broad,51,445130,是,落叶阔叶林,低,冠层偏疏，林隙见地，色黄绿,judge_A2_04.csv,False,5,-0.0022145328719723,0.0797231833910034,0.1190926566705113,0.075355632449058,0.059115724721261,-0.0984236831987697,-0.1929104190695886,0.3742560553633218,0.1085121107266436,0.1793771626297577,0.0517339484813533,-0.0482276047673971,-0.0842137639369473,-0.0448442906574394,-0.1417301038062283,-0.0888273740868896,0.0061514801999231,0.186082276047674,-0.2844444444444444,-0.1417301038062283,-0.0325413302575932,0.1245674740484429,-0.1358861976163014,-0.0030142252979623,0.1245674740484429,-0.0088581314878892,0.0049826989619377,-0.0629911572472126,0.1190926566705113,0.1998615916955017,-0.1245674740484429,-0.0177777777777777,0.0030142252979623,0.2141330257593233,0.0157477893118031,-0.16,-0.1358861976163014,-0.059115724721261,-0.0271280276816609,-0.1417301038062283,0.0669896193771626,0.17279507881584,0.0325413302575932,-0.0629911572472126,-0.0842137639369473,0.059115724721261,0.059115724721261,0.2288965782391388,0.2141330257593233,-0.01039600153787,-0.0325413302575932,-0.0482276047673971,0.0935640138408304,0.0984236831987697,0.0888273740868896,-0.1137408688965782,0.0074432910419069,-0.1537870049980776,-0.17279507881584,0.0049826989619377,-0.1793771626297577,-0.186082276047674,0.0246059207996924,0.1085121107266436,-2.2963853429215733,-8.645434255401138,-1.415487133337363,-9.066799205890629,0.4259074330329895,-0.4574540555477142,-0.530831515789032,0.4982115626335144,-0.5074549913406372,-0.5453251004219055,0.8704750537872314,-0.7488872408866882,-0.5772712826728821,0.7584004402160645,-0.6831472516059875,-0.6268002390861511,970.0023803710938,0.257084310054779
EXPA2-155,107.668611440722,25.828765290882338,w3,ever_broad,51,445419,无法判读,裸地,低,影像低分辨过曝，浅灰均匀无地物,judge_A2_04.csv,True,22,0.1085121107266436,0.0120569011918492,0.075355632449058,0.0935640138408304,0.1537870049980776,-0.1190926566705113,-0.2519646289888504,0.1301653210303729,0.0517339484813533,0.0448442906574394,0.16,0.1537870049980776,-0.2141330257593233,0.0984236831987697,-0.1085121107266436,-0.0984236831987697,-0.1137408688965782,-0.0415840061514801,-0.1085121107266436,-0.1085121107266436,-0.0797231833910034,-0.1301653210303729,-0.0039369473279507,-0.1245674740484429,0.0629911572472126,0.035432525951557,-0.0199307958477508,-0.1034063821607074,-0.1663360246059207,0.1137408688965782,0.1034063821607074,0.1663360246059207,0.1358861976163014,-0.0384467512495194,-0.2599000384467512,0.1137408688965782,-0.3647212610534409,-0.0842137639369473,0.0984236831987697,0.0984236831987697,-0.0482276047673971,0.0297731641676278,-0.0297731641676278,0.0711111111111111,-0.0797231833910034,0.075355632449058,-0.0797231833910034,0.2214532871972318,0.075355632449058,0.0049826989619377,0.0415840061514801,-0.1476970396001538,0.0711111111111111,0.16,0.0271280276816609,-0.1929104190695886,-0.1663360246059207,-0.0935640138408304,-0.1417301038062283,-0.2364628988850442,-0.0177777777777777,0.0049826989619377,-0.0246059207996924,-0.0177777777777777,-16.506624149987047,-22.052228106349823,-17.551651620167164,-19.372716004491025,0.7468805909156799,-0.6723549365997314,-0.6055470108985901,0.6001620292663574,-0.4956455826759338,-0.338957816362381,0.7715137600898743,-0.6515476703643799,-0.4516898691654205,0.773600697517395,-0.6667320728302002,-0.5787645578384399,1258.4423828125,0.2164937257766723
EXPA2-156,113.88073112499372,28.048861684055325,w3,ever_broad,51,488695,否,草地,中,土路旁草坡，无树冠,judge_A2_04.csv,False,11,-0.0199307958477508,-0.0074432910419069,0.1358861976163014,-0.0271280276816609,0.0325413302575932,0.059115724721261,-0.2441522491349481,0.2519646289888504,-0.0711111111111111,0.1476970396001538,-0.0984236831987697,-0.0797231833910034,-0.1998615916955017,0.0415840061514801,-0.0797231833910034,-0.0888273740868896,-0.0074432910419069,0.2364628988850442,-0.1137408688965782,-0.0984236831987697,-0.1663360246059207,0.2519646289888504,-0.17279507881584,-0.1034063821607074,-0.0711111111111111,0.0935640138408304,-0.0448442906574394,-0.0448442906574394,0.059115724721261,0.1537870049980776,0.0482276047673971,-0.1034063821607074,0.0222068435217224,0.1358861976163014,-0.1929104190695886,0.0384467512495194,-0.1793771626297577,-0.0935640138408304,-0.0120569011918492,-0.1137408688965782,0.0177777777777777,0.1793771626297577,0.0271280276816609,0.0325413302575932,0.059115724721261,0.2141330257593233,0.0482276047673971,0.3278123798539023,0.1245674740484429,-0.059115724721261,-0.0246059207996924,-0.0448442906574394,0.0888273740868896,0.0888273740868896,0.16,-0.1358861976163014,-0.0517339484813533,0.0325413302575932,0.0797231833910034,-0.0074432910419069,-0.075355632449058,-0.2599000384467512,0.0888273740868896,0.1034063821607074,-3.018856185209996,-11.629998351639736,-1.7497011065804862,-9.295385822885995,0.4511778950691223,-0.4714991748332977,-0.4494594037532806,0.4247048795223236,-0.4147247970104217,-0.3773384094238281,0.5292044281959534,-0.4576433897018432,-0.3492657542228699,0.5884649753570557,-0.5571260452270508,-0.5014089345932007,203.16326904296875,0.1451162546873092
EXPA2-157,110.31989917027236,28.14399327264358,w3,ever_broad,51,467425,否,草地,低,草被夹零星灌斑，无冠层,judge_A2_04.csv,False,11,0.0888273740868896,0.0711111111111111,0.1537870049980776,0.0448442906574394,0.0935640138408304,-0.0222068435217224,-0.2364628988850442,0.1417301038062283,0.0246059207996924,0.16,0.1085121107266436,0.0629911572472126,-0.2599000384467512,0.0074432910419069,-0.186082276047674,-0.1417301038062283,-0.1245674740484429,-0.0088581314878892,-0.2679584775086506,-0.0415840061514801,-0.2288965782391388,0.0797231833910034,-0.1190926566705113,-0.1358861976163014,-0.0325413302575932,0.0022145328719723,-0.1245674740484429,-0.1476970396001538,-0.0138408304498269,0.1929104190695886,-0.0517339484813533,0.0842137639369473,-0.0384467512495194,0.0629911572472126,-0.186082276047674,0.1301653210303729,-0.3100961168781238,-0.0888273740868896,-0.059115724721261,-0.0074432910419069,0.0297731641676278,0.1929104190695886,-0.035432525951557,0.0935640138408304,-0.0074432910419069,0.1476970396001538,0.0669896193771626,0.0199307958477508,0.0482276047673971,-0.0177777777777777,-0.0629911572472126,-0.059115724721261,0.1190926566705113,0.1301653210303729,-0.0629911572472126,-0.2069357939254133,-0.16,-0.0384467512495194,-0.17279507881584,-0.059115724721261,-0.1476970396001538,-0.1793771626297577,-0.0009842368319876,0.075355632449058,-13.108535916173514,-15.738656396031658,-11.02408903238629,-15.76750230314998,0.4594866633415222,-0.5409139394760132,-0.6139410138130188,0.5283308029174805,-0.4951310753822326,-0.4843152165412903,0.8678492307662964,-0.7660377621650696,-0.6050955653190613,0.7879347801208496,-0.7250324487686157,-0.6327414512634277,628.3133544921875,0.1846325844526291
EXPA2-158,111.66494664518451,27.089460960615675,w3,ever_broad,51,477771,是,落叶阔叶林,低,灰绿小冠丛闭郁，冠形可辨,judge_A2_04.csv,False,5,0.0061514801999231,0.0935640138408304,-0.0177777777777777,0.1476970396001538,0.0482276047673971,-0.000553633217993,-0.2844444444444444,0.2141330257593233,0.0888273740868896,0.1085121107266436,0.16,0.0553633217993079,-0.2069357939254133,-0.0482276047673971,-0.075355632449058,-0.0888273740868896,-0.0384467512495194,-0.0199307958477508,-0.2679584775086506,-0.0553633217993079,-0.17279507881584,-0.0384467512495194,-0.0325413302575932,-0.1190926566705113,0.1034063821607074,0.1137408688965782,0.0015378700499807,-0.075355632449058,-0.0157477893118031,0.2288965782391388,0.0157477893118031,0.0984236831987697,0.2364628988850442,0.0797231833910034,-0.1358861976163014,0.1085121107266436,-0.2214532871972318,-0.0797231833910034,0.059115724721261,0.0120569011918492,0.0384467512495194,0.1190926566705113,0.0482276047673971,0.17279507881584,-0.0177777777777777,0.0009842368319876,0.1137408688965782,0.1358861976163014,0.1137408688965782,0.0669896193771626,-0.0222068435217224,-0.0888273740868896,0.0711111111111111,0.2141330257593233,0.17279507881584,-0.17279507881584,-0.059115724721261,-0.0935640138408304,-0.0984236831987697,-0.1245674740484429,-0.17279507881584,-0.2214532871972318,0.059115724721261,0.1793771626297577,-10.289647327142164,-16.47661385916952,-11.997366197952694,-16.435998043956427,0.4485815465450287,-0.4641577005386352,-0.4350495934486389,0.2297387868165969,-0.215089350938797,-0.1573712229728698,0.8109350800514221,-0.6864144802093506,-0.534604549407959,0.5267025828361511,-0.4613099992275238,-0.3216535449028015,406.1525268554688,0.2710534632205963
EXPA2-159,110.5419627085067,27.524964210356817,w3,ever_broad,51,469242,否,草地,低,绿被均匀，疑草地或低灌,judge_A2_04.csv,False,11,0.1190926566705113,0.1085121107266436,0.0888273740868896,0.0888273740868896,0.0984236831987697,-0.0448442906574394,-0.2441522491349481,0.1663360246059207,0.0797231833910034,0.1417301038062283,0.0246059207996924,0.1137408688965782,-0.2519646289888504,-0.0138408304498269,-0.1358861976163014,-0.16,-0.1358861976163014,0.0482276047673971,-0.0669896193771626,-0.0797231833910034,-0.1417301038062283,0.075355632449058,-0.0842137639369473,-0.0797231833910034,0.035432525951557,0.1137408688965782,-0.1417301038062283,-0.0711111111111111,0.0030142252979623,0.0842137639369473,0.0629911572472126,0.16,0.0553633217993079,0.1034063821607074,-0.1537870049980776,0.1245674740484429,-0.1929104190695886,-0.292871972318339,0.0888273740868896,0.0984236831987697,-0.0711111111111111,0.1998615916955017,0.0061514801999231,0.0984236831987697,-0.1034063821607074,0.0669896193771626,0.01039600153787,0.0935640138408304,0.0157477893118031,-0.0553633217993079,-0.0177777777777777,-0.1476970396001538,0.1034063821607074,0.1301653210303729,-0.0222068435217224,-0.2761399461745483,-0.1245674740484429,0.0177777777777777,-0.2069357939254133,-0.1663360246059207,-0.1301653210303729,-0.1929104190695886,-0.1137408688965782,0.0797231833910034,-10.436348964290238,-15.593916275898618,-12.373198605724417,-16.92775335233867,0.6374133825302124,-0.6280137896537781,-0.5846154093742371,0.6111757755279541,-0.4129658043384552,-0.4132653176784515,0.8425858616828918,-0.7451949715614319,-0.5209085941314697,0.8091587424278259,-0.7454262375831604,-0.5813060402870178,647.9708251953125,0.1958929896354675
EXPA2-160,112.77607282011196,22.83845337310528,w3,ever_broad,51,483255,否,草地,低,草被加暗灌斑，间裸土,judge_A2_04.csv,False,11,0.0984236831987697,0.0415840061514801,0.186082276047674,0.0553633217993079,0.0325413302575932,0.0553633217993079,-0.2599000384467512,0.16,-0.0629911572472126,0.2214532871972318,-0.0074432910419069,0.075355632449058,-0.2599000384467512,-0.0177777777777777,-0.0448442906574394,0.0015378700499807,-0.0448442906574394,0.0935640138408304,-0.0669896193771626,-0.0711111111111111,-0.2844444444444444,0.2364628988850442,-0.0325413302575932,-0.1929104190695886,-0.0074432910419069,0.075355632449058,-0.0384467512495194,-0.0553633217993079,-0.0629911572472126,0.2519646289888504,0.0669896193771626,0.1034063821607074,0.0482276047673971,0.1137408688965782,-0.2214532871972318,0.075355632449058,-0.0984236831987697,-0.0935640138408304,-0.075355632449058,0.0030142252979623,0.1245674740484429,0.1663360246059207,0.0482276047673971,0.3014225297962323,0.075355632449058,0.075355632449058,-0.0448442906574394,0.0935640138408304,0.1663360246059207,0.0553633217993079,-0.0517339484813533,-0.1793771626297577,0.0984236831987697,0.059115724721261,0.0222068435217224,-0.1929104190695886,-0.0984236831987697,0.0325413302575932,-0.0138408304498269,-0.035432525951557,-0.1190926566705113,-0.1929104190695886,0.0711111111111111,0.0629911572472126,-8.71484237014805,-14.490521616035627,-7.714945969060698,-14.506125371299897,0.7307628989219666,-0.6675662994384766,-0.54149329662323,0.812734067440033,-0.6916505098342896,-0.5187878608703613,0.8444815874099731,-0.7097461819648743,-0.5039734840393066,0.8144658207893372,-0.6998632550239563,-0.5030876994132996,40.10968399047852,0.0735595002770423
EXPA2-161,112.47316090630684,23.433766911891283,w3,ever_broad,51,481888,是,常绿阔叶林,低,密小冠丛闭郁，有冠影,judge_A2_04.csv,False,4,0.1137408688965782,0.0415840061514801,0.0553633217993079,0.0384467512495194,0.0517339484813533,-0.0984236831987697,-0.2214532871972318,0.2141330257593233,0.0842137639369473,0.17279507881584,-0.0415840061514801,0.0384467512495194,-0.3188927335640138,-0.0222068435217224,-0.1034063821607074,-0.0030142252979623,0.0297731641676278,0.1358861976163014,-0.0271280276816609,-0.1929104190695886,-0.1034063821607074,0.1663360246059207,0.0517339484813533,-0.186082276047674,0.0222068435217224,0.059115724721261,0.035432525951557,-0.0448442906574394,-0.0842137639369473,0.1663360246059207,0.1190926566705113,-0.0039369473279507,0.1417301038062283,0.0297731641676278,-0.1793771626297577,-0.0138408304498269,-0.2141330257593233,-0.1417301038062283,0.0246059207996924,-0.0984236831987697,0.186082276047674,0.0482276047673971,-0.0120569011918492,0.1793771626297577,0.0138408304498269,-0.0842137639369473,-0.0039369473279507,0.2599000384467512,0.1537870049980776,0.0448442906574394,0.1245674740484429,-0.2214532871972318,-0.0297731641676278,0.0888273740868896,0.1034063821607074,-0.1301653210303729,-0.0222068435217224,0.0711111111111111,-0.01039600153787,-0.1190926566705113,0.0517339484813533,-0.2679584775086506,-0.0246059207996924,0.1663360246059207,-4.964298015784604,-11.14399935966684,-6.788639152160362,-12.566526235855925,0.8474763035774231,-0.7664910554885864,-0.6146087050437927,0.5568000078201294,-0.4479166567325592,-0.2533333301544189,0.7547892928123474,-0.634935736656189,-0.4907038509845733,0.8110336065292358,-0.6800000071525574,-0.5160142183303833,145.42347717285156,0.1095963567495346
EXPA2-162,109.9827614441423,25.373588936418976,w3,ever_broad,51,464553,是,常绿针叶林,低,深绿细密均匀，亮点似针冠,judge_A2_04.csv,False,6,0.0553633217993079,0.0629911572472126,-0.0384467512495194,0.0935640138408304,0.0797231833910034,0.0246059207996924,-0.292871972318339,0.1929104190695886,0.0384467512495194,0.1034063821607074,0.0842137639369473,0.1034063821607074,-0.2519646289888504,0.0199307958477508,-0.0629911572472126,-0.1137408688965782,0.1034063821607074,-0.0448442906574394,-0.1793771626297577,-0.0669896193771626,-0.1663360246059207,-0.1034063821607074,-0.035432525951557,-0.186082276047674,0.0842137639369473,0.1537870049980776,-0.0199307958477508,-0.0888273740868896,-0.0797231833910034,0.17279507881584,0.0325413302575932,0.075355632449058,0.2069357939254133,0.0482276047673971,-0.1998615916955017,0.0482276047673971,-0.17279507881584,-0.0669896193771626,0.0711111111111111,0.075355632449058,0.0246059207996924,0.0669896193771626,0.035432525951557,0.1998615916955017,0.0222068435217224,0.0177777777777777,0.0629911572472126,0.2679584775086506,0.0984236831987697,0.0935640138408304,0.0039369473279507,-0.2214532871972318,0.0482276047673971,0.1929104190695886,0.2288965782391388,-0.1663360246059207,-0.0797231833910034,-0.0517339484813533,-0.0120569011918492,-0.17279507881584,-0.0297731641676278,-0.1476970396001538,-0.0074432910419069,0.1663360246059207,-10.348517400524685,-16.175250796755623,-9.098862436392542,-14.903028594785985,0.6384138464927673,-0.5567857027053833,-0.2519590258598327,0.7861056923866272,-0.6725707650184631,-0.5274725556373596,0.8185151219367981,-0.7015437483787537,-0.5827338099479675,0.802240788936615,-0.7066352367401123,-0.4741925895214081,340.5772399902344,0.1212689951062202
EXPA2-163,110.45599393581648,26.33757106780764,w3,ever_broad,51,468609,否,草地,低,干黄草被加小灌斑,judge_A2_04.csv,False,11,0.0842137639369473,0.0797231833910034,0.1663360246059207,0.0177777777777777,0.0842137639369473,-0.0935640138408304,-0.292871972318339,0.2519646289888504,0.059115724721261,0.2069357939254133,-0.1085121107266436,0.0553633217993079,-0.2069357939254133,0.0271280276816609,-0.0842137639369473,-0.1137408688965782,-0.0888273740868896,0.1476970396001538,-0.0002460592079969,-0.2364628988850442,-0.075355632449058,0.1417301038062283,-0.1085121107266436,-0.0842137639369473,0.059115724721261,0.0049826989619377,-0.1358861976163014,-0.0448442906574394,-0.0009842368319876,0.1034063821607074,0.0629911572472126,0.0669896193771626,0.0553633217993079,0.1137408688965782,-0.2519646289888504,-0.059115724721261,-0.17279507881584,-0.2288965782391388,0.0415840061514801,0.0448442906574394,-0.0039369473279507,0.2288965782391388,-0.0384467512495194,0.0669896193771626,-0.0984236831987697,0.0984236831987697,-0.0039369473279507,0.2599000384467512,0.1245674740484429,-0.059115724721261,0.0138408304498269,-0.1663360246059207,0.1137408688965782,0.0271280276816609,0.0030142252979623,-0.186082276047674,-0.0553633217993079,0.0271280276816609,-0.16,-0.1301653210303729,-0.0711111111111111,-0.186082276047674,-0.0199307958477508,0.0517339484813533,-3.659522301623891,-11.271583434498307,-3.218366398058119,-10.772277827532823,0.7113901972770691,-0.700897753238678,-0.5716525316238403,0.8510969877243042,-0.732884407043457,-0.4941551685333252,0.8284561038017273,-0.7081447839736938,-0.5228113532066345,0.8454545736312866,-0.7639392018318176,-0.6252873539924622,964.5325927734376,0.1278886348009109
EXPA2-164,108.54231288605664,24.144963122328708,w3,ever_broad,51,452271,否,草地,低,草被加暗灌团，含裸土斑,judge_A2_04.csv,False,11,0.186082276047674,0.0297731641676278,0.1034063821607074,0.0842137639369473,0.0888273740868896,-0.0553633217993079,-0.2844444444444444,0.2069357939254133,0.0842137639369473,0.1663360246059207,-0.0711111111111111,0.1417301038062283,-0.2288965782391388,0.0669896193771626,-0.0415840061514801,-0.0629911572472126,0.01039600153787,0.1245674740484429,0.0448442906574394,-0.186082276047674,-0.1417301038062283,0.0888273740868896,-0.0448442906574394,-0.16,-0.0271280276816609,0.1929104190695886,-0.075355632449058,-0.0553633217993079,0.0177777777777777,0.1417301038062283,0.1245674740484429,0.0297731641676278,0.075355632449058,0.1245674740484429,-0.1417301038062283,0.0415840061514801,-0.2441522491349481,-0.1245674740484429,0.1137408688965782,0.0415840061514801,0.0629911572472126,0.186082276047674,0.01039600153787,0.1137408688965782,-0.0797231833910034,-0.0199307958477508,-0.1417301038062283,0.3188927335640138,0.0797231833910034,-0.0553633217993079,0.0711111111111111,-0.1537870049980776,0.0711111111111111,0.1034063821607074,0.0842137639369473,-0.1998615916955017,-0.0797231833910034,0.075355632449058,-0.0415840061514801,-0.16,-0.0009842368319876,-0.1929104190695886,0.0246059207996924,0.1137408688965782,-5.698622579266024,-11.475397863837724,-6.826007403752862,-9.710189689534374,0.7859144806861877,-0.6987168788909912,-0.4889768362045288,0.7289571166038513,-0.6270341873168945,-0.4966382682323456,0.7787262201309204,-0.6523330211639404,-0.4992312788963318,0.8242903351783752,-0.7289289832115173,-0.535995364189148,494.7625427246094,0.1467764973640442
EXPA2-165,108.71883183938613,23.661759331000816,w3,ever_broad,51,453689,否,草地,低,细密绿被均匀，无冠形,judge_A2_04.csv,False,11,0.035432525951557,0.0297731641676278,0.17279507881584,0.0553633217993079,0.0049826989619377,0.0022145328719723,-0.2441522491349481,0.1929104190695886,-0.035432525951557,0.1417301038062283,-0.0222068435217224,0.0157477893118031,-0.2288965782391388,-0.0797231833910034,-0.0199307958477508,0.0088581314878892,0.0138408304498269,0.1537870049980776,-0.1245674740484429,-0.1417301038062283,-0.292871972318339,0.2844444444444444,-0.0935640138408304,-0.1537870049980776,-0.0246059207996924,0.1358861976163014,0.0297731641676278,-0.1085121107266436,-0.0246059207996924,0.2141330257593233,0.059115724721261,0.0553633217993079,0.0935640138408304,0.16,-0.1537870049980776,0.0199307958477508,-0.0984236831987697,0.0009842368319876,-0.0448442906574394,-0.1245674740484429,0.1663360246059207,0.1663360246059207,0.0138408304498269,0.2069357939254133,0.0669896193771626,0.0482276047673971,-0.0246059207996924,0.17279507881584,0.1537870049980776,0.0384467512495194,-0.0888273740868896,-0.16,0.0246059207996924,0.1358861976163014,0.0711111111111111,-0.1358861976163014,-0.0935640138408304,-0.1085121107266436,0.0177777777777777,-0.0984236831987697,-0.0888273740868896,-0.2288965782391388,0.1301653210303729,0.0984236831987697,-5.360442003631882,-12.647702394408178,-4.819804716299371,-8.651616255481544,0.7261133790016174,-0.6925740838050842,-0.6555292010307312,0.8058785200119019,-0.675636351108551,-0.5562924742698669,0.8559914231300354,-0.7245855927467346,-0.556662917137146,0.8365072011947632,-0.7433862686157227,-0.6307106614112854,216.11880493164065,0.044697355479002
EXPA2-166,109.05974248970948,28.682982443115293,w3,ever_broad,51,456621,否,不透水面,中,浅灰路面，带白边线,judge_A2_04.csv,False,21,0.075355632449058,0.0669896193771626,0.186082276047674,0.0246059207996924,0.0984236831987697,0.0629911572472126,-0.2844444444444444,0.1085121107266436,-0.0517339484813533,0.0553633217993079,0.0088581314878892,0.0888273740868896,-0.2364628988850442,0.075355632449058,-0.1358861976163014,-0.2214532871972318,-0.0325413302575932,-0.01039600153787,-0.17279507881584,0.0888273740868896,-0.1998615916955017,0.0711111111111111,-0.1245674740484429,-0.186082276047674,-0.035432525951557,0.0448442906574394,-0.0030142252979623,-0.1190926566705113,-0.0482276047673971,0.0888273740868896,0.17279507881584,0.1793771626297577,0.0888273740868896,0.0629911572472126,-0.2288965782391388,0.2364628988850442,-0.2364628988850442,-0.16,-0.059115724721261,0.1358861976163014,-0.0222068435217224,0.1998615916955017,0.0157477893118031,0.1358861976163014,0.0022145328719723,0.1929104190695886,0.0482276047673971,0.0711111111111111,-0.0384467512495194,-0.075355632449058,-0.0297731641676278,-0.0935640138408304,0.0797231833910034,0.0629911572472126,0.035432525951557,-0.2069357939254133,-0.1417301038062283,0.0246059207996924,-0.1190926566705113,-0.1245674740484429,-0.0984236831987697,-0.1245674740484429,-0.0984236831987697,0.0138408304498269,-13.121271476789367,-19.286922121043567,-15.5280304137294,-20.505193943544405,0.3680823743343353,-0.367642343044281,-0.2110754400491714,0.3244886696338653,-0.3483398854732513,-0.2677837610244751,0.4483829140663147,-0.4040631949901581,-0.2747252881526947,0.4959042072296142,-0.4555487334728241,-0.3027090728282928,443.2235412597656,0.0943015813827514
EXPA2-167,110.55435945942754,26.122244894204183,w3,ever_broad,51,469435,否,常绿灌丛,低,干坡暗绿灌丛团，难判乔灌,judge_A2_04.csv,False,9,0.1301653210303729,0.1190926566705113,0.0384467512495194,0.1358861976163014,0.1190926566705113,-0.0448442906574394,-0.2069357939254133,0.1137408688965782,0.0553633217993079,0.17279507881584,0.1417301038062283,0.1301653210303729,-0.2599000384467512,0.0009842368319876,-0.1034063821607074,-0.0842137639369473,-0.0629911572472126,0.0222068435217224,-0.1085121107266436,-0.1358861976163014,-0.1137408688965782,-0.0553633217993079,-0.0157477893118031,-0.1190926566705113,0.0797231833910034,0.0222068435217224,-0.1034063821607074,-0.0984236831987697,-0.0061514801999231,0.186082276047674,0.0002460592079969,0.17279507881584,0.16,0.075355632449058,-0.1793771626297577,0.0888273740868896,-0.2599000384467512,-0.186082276047674,-0.0022145328719723,0.0177777777777777,-0.0030142252979623,0.0842137639369473,-0.0629911572472126,0.1417301038062283,-0.0384467512495194,0.0384467512495194,0.0199307958477508,0.1301653210303729,0.1476970396001538,0.0553633217993079,0.0138408304498269,-0.1998615916955017,0.0138408304498269,0.2214532871972318,0.0629911572472126,-0.2679584775086506,-0.1137408688965782,-0.059115724721261,-0.1034063821607074,-0.2519646289888504,-0.1476970396001538,-0.1358861976163014,0.0222068435217224,0.1476970396001538,-11.68708505841144,-18.155972044730653,-8.433096731970691,-15.651553062520682,,,,,,,,,,,,,,
EXPA2-168,114.13297805677448,25.96189561598885,w3,ever_broad,51,490211,是,常绿阔叶林,低,细密暗绿小冠层，无隙,judge_A2_04.csv,False,4,0.0842137639369473,0.0015378700499807,0.1537870049980776,-0.0199307958477508,0.075355632449058,-0.0553633217993079,-0.3188927335640138,0.1998615916955017,0.0669896193771626,0.1998615916955017,-0.0629911572472126,-0.0157477893118031,-0.2679584775086506,0.0009842368319876,-0.0984236831987697,-0.0935640138408304,-0.1137408688965782,0.1417301038062283,-0.0482276047673971,-0.17279507881584,-0.1537870049980776,0.2214532871972318,-0.1245674740484429,-0.16,-0.0009842368319876,-0.075355632449058,-0.1301653210303729,-0.0222068435217224,-0.0629911572472126,0.0842137639369473,0.0629911572472126,0.0711111111111111,0.0271280276816609,0.0448442906574394,-0.3188927335640138,0.0448442906574394,-0.2364628988850442,-0.1793771626297577,-0.0325413302575932,-0.0325413302575932,0.0553633217993079,0.2214532871972318,-0.0448442906574394,0.0984236831987697,-0.0222068435217224,0.1301653210303729,0.0553633217993079,0.2141330257593233,0.1034063821607074,-0.0384467512495194,-0.0222068435217224,-0.1793771626297577,0.1301653210303729,0.059115724721261,-0.0297731641676278,-0.075355632449058,-0.0984236831987697,0.0271280276816609,-0.0669896193771626,-0.0711111111111111,0.0199307958477508,-0.1998615916955017,-0.0015378700499807,-0.0120569011918492,-6.622928373711266,-14.98287137326808,-5.3840437237072,-11.467175938296323,0.5395683646202087,-0.5723732709884644,-0.5807923078536987,0.6430251002311707,-0.6003816723823547,-0.5718666911125183,0.8329735994338989,-0.7150846719741821,-0.6379786729812622,0.8667469620704651,-0.7819923162460327,-0.7039542198181152,660.4951782226562,0.1446157246828079
EXPA2-169,111.41485567008564,23.158073951195,w3,ever_broad,51,476168,是,常绿阔叶林,低,沟谷旁密冠层，色暗绿,judge_A2_04.csv,False,4,0.0711111111111111,-0.0297731641676278,0.0984236831987697,0.075355632449058,0.01039600153787,-0.0325413302575932,-0.2844444444444444,0.1929104190695886,0.0482276047673971,0.1358861976163014,-0.0888273740868896,0.0935640138408304,-0.3368550557477893,-0.0030142252979623,-0.0384467512495194,-0.0088581314878892,0.0984236831987697,0.0935640138408304,-0.0888273740868896,-0.16,-0.1476970396001538,0.1085121107266436,-0.0138408304498269,-0.1929104190695886,-0.0199307958477508,0.1793771626297577,0.0271280276816609,-0.0553633217993079,-0.0553633217993079,0.17279507881584,0.0935640138408304,-0.0384467512495194,0.1190926566705113,0.0711111111111111,-0.1663360246059207,0.0157477893118031,-0.059115724721261,-0.0711111111111111,-0.0015378700499807,0.01039600153787,0.1245674740484429,0.1358861976163014,0.0246059207996924,0.2288965782391388,0.0325413302575932,-0.0448442906574394,-0.1085121107266436,0.3014225297962323,0.1663360246059207,0.0384467512495194,0.0271280276816609,-0.1663360246059207,0.0448442906574394,0.1537870049980776,0.1663360246059207,-0.186082276047674,-0.0384467512495194,0.0002460592079969,-0.0246059207996924,-0.0842137639369473,0.0482276047673971,-0.2761399461745483,-0.0120569011918492,0.1417301038062283,-7.075497826428332,-14.399686696460517,-6.165282549019407,-12.322979909174263,0.8290945887565613,-0.7422480583190918,-0.5014058351516724,0.6004689335823059,-0.5012096166610718,-0.2227553129196167,0.8588359355926514,-0.7143551111221313,-0.502116858959198,0.803686797618866,-0.682539701461792,-0.4342587888240814,199.4630279541016,0.0513278767466545
EXPA2-170,110.34415368294358,24.14927503569248,w3,ever_broad,51,467585,是,常绿阔叶林,低,暗绿冠层，框跨大片阴影,judge_A2_04.csv,False,4,0.0553633217993079,0.0415840061514801,-0.0030142252979623,0.1358861976163014,0.035432525951557,-0.0030142252979623,-0.2519646289888504,0.1358861976163014,0.0553633217993079,0.1358861976163014,0.0297731641676278,0.0935640138408304,-0.3014225297962323,-0.0039369473279507,-0.0711111111111111,-0.0669896193771626,0.1190926566705113,0.0138408304498269,-0.2288965782391388,-0.1190926566705113,-0.16,-0.0797231833910034,-0.0120569011918492,-0.1537870049980776,0.0669896193771626,0.16,-0.0157477893118031,-0.1137408688965782,-0.0517339484813533,0.186082276047674,-0.0088581314878892,0.0984236831987697,0.1793771626297577,0.0384467512495194,-0.186082276047674,0.0297731641676278,-0.0984236831987697,-0.0061514801999231,0.0935640138408304,0.035432525951557,0.0384467512495194,0.0384467512495194,0.0246059207996924,0.2441522491349481,0.0271280276816609,0.059115724721261,-0.0022145328719723,0.2844444444444444,0.1085121107266436,0.1301653210303729,-0.0015378700499807,-0.1793771626297577,0.059115724721261,0.1998615916955017,0.2288965782391388,-0.17279507881584,-0.1137408688965782,-0.0629911572472126,-0.0448442906574394,-0.1663360246059207,0.0325413302575932,-0.1537870049980776,0.0049826989619377,0.186082276047674,-9.62388199865158,-15.180694851441636,-9.31609463831074,-12.429789943064629,,,,,,,,,,,,,,
EXPA2-171,107.95238923897536,25.76166113915861,w3,ever_broad,51,447844,是,常绿阔叶林,低,细密暗绿冠层，无隙,judge_A2_04.csv,False,4,0.1417301038062283,-0.0030142252979623,0.059115724721261,0.0797231833910034,0.0888273740868896,0.0074432910419069,-0.3460207612456747,0.1358861976163014,-0.0074432910419069,0.1137408688965782,0.0482276047673971,0.17279507881584,-0.2441522491349481,0.0448442906574394,-0.0199307958477508,-0.1190926566705113,-0.035432525951557,-0.0984236831987697,-0.0157477893118031,-0.0061514801999231,-0.1537870049980776,-0.1085121107266436,0.0482276047673971,-0.17279507881584,0.01039600153787,0.1358861976163014,-0.0415840061514801,-0.059115724721261,-0.1358861976163014,0.1137408688965782,0.1137408688965782,0.1537870049980776,0.17279507881584,-0.0297731641676278,-0.2288965782391388,0.1537870049980776,-0.2141330257593233,-0.17279507881584,0.0669896193771626,0.1417301038062283,-0.0935640138408304,0.1137408688965782,-0.0246059207996924,0.17279507881584,-0.0088581314878892,0.1034063821607074,-0.0325413302575932,0.1929104190695886,0.0888273740868896,0.0415840061514801,-0.0030142252979623,-0.2141330257593233,0.0384467512495194,0.1137408688965782,0.0842137639369473,-0.2364628988850442,-0.1476970396001538,-0.0384467512495194,-0.1137408688965782,-0.1998615916955017,0.0297731641676278,-0.0984236831987697,-0.0384467512495194,0.0297731641676278,-13.320819995260102,-21.12348849362874,-15.42394841345521,-17.997440329307544,0.8434913754463196,-0.7715111970901489,-0.4593669772148132,0.423033058643341,-0.38570436835289,-0.2548821568489074,0.4843243360519409,-0.3981670141220093,-0.2614807784557342,0.8617916107177734,-0.7698991894721985,-0.4860248565673828,724.9805908203125,0.2164937257766723
EXPA2-172,109.77794555936303,26.93234561742317,w3,ever_broad,51,462823,是,常绿阔叶林,低,细密小冠加暗影，坡面密被,judge_A2_04.csv,False,4,0.0669896193771626,0.0711111111111111,0.1358861976163014,0.0138408304498269,0.1358861976163014,-0.0415840061514801,-0.3014225297962323,0.1190926566705113,0.0061514801999231,0.16,-0.059115724721261,0.1663360246059207,-0.1998615916955017,-0.0199307958477508,-0.0797231833910034,-0.1301653210303729,-0.1190926566705113,0.0711111111111111,-0.1537870049980776,-0.0009842368319876,-0.17279507881584,0.0842137639369473,-0.0797231833910034,-0.1137408688965782,0.0222068435217224,0.0039369473279507,-0.0448442906574394,-0.0553633217993079,-0.0797231833910034,0.1245674740484429,0.1663360246059207,0.1137408688965782,0.1929104190695886,0.0384467512495194,-0.3742560553633218,0.16,-0.2069357939254133,-0.16,0.0482276047673971,0.1301653210303729,0.059115724721261,0.1663360246059207,-0.0157477893118031,0.1245674740484429,0.059115724721261,0.1034063821607074,0.0246059207996924,0.1034063821607074,0.0120569011918492,-0.0199307958477508,0.0384467512495194,-0.1245674740484429,0.1137408688965782,0.0325413302575932,-0.0669896193771626,-0.1476970396001538,-0.2069357939254133,-0.0157477893118031,-0.1301653210303729,-0.1358861976163014,-0.1245674740484429,-0.0984236831987697,-0.1537870049980776,0.075355632449058,-13.472631543056428,-19.603865296319743,-12.029849105018112,-18.99797645708705,0.7328646779060364,-0.648829460144043,-0.5075047016143799,0.679736316204071,-0.6080385446548462,-0.4981926381587982,0.7848283648490906,-0.6413792967796326,-0.5388813018798828,0.7695279121398926,-0.6598228812217712,-0.6092485785484314,471.21380615234375,0.1536105275154113
EXPA2-173,114.02760567394726,27.478341647111016,w3,ever_broad,51,489631,是,常绿阔叶林,低,暗绿冠层夹橄榄色斑,judge_A2_04.csv,False,4,0.1034063821607074,0.0629911572472126,0.035432525951557,0.0669896193771626,0.059115724721261,-0.0415840061514801,-0.2441522491349481,0.292871972318339,0.0711111111111111,0.1929104190695886,-0.0669896193771626,0.01039600153787,-0.1793771626297577,-0.0138408304498269,-0.0797231833910034,0.0030142252979623,-0.0553633217993079,0.1663360246059207,-0.0177777777777777,-0.2069357939254133,-0.0669896193771626,0.1358861976163014,-0.1301653210303729,-0.059115724721261,0.0669896193771626,0.075355632449058,-0.0199307958477508,-0.0088581314878892,0.075355632449058,0.1476970396001538,0.0711111111111111,-0.0448442906574394,0.0797231833910034,0.1929104190695886,-0.2141330257593233,-0.0222068435217224,-0.1358861976163014,-0.1476970396001538,0.075355632449058,-0.0711111111111111,0.0415840061514801,0.2214532871972318,0.0157477893118031,-0.0074432910419069,-0.035432525951557,0.0482276047673971,-0.0629911572472126,0.4035986159169549,0.1417301038062283,-0.0246059207996924,-0.0415840061514801,-0.2141330257593233,0.0797231833910034,0.1085121107266436,0.1358861976163014,-0.16,-0.0088581314878892,0.0120569011918492,-0.0222068435217224,-0.0415840061514801,-0.0797231833910034,-0.1663360246059207,0.075355632449058,0.2069357939254133,-0.9977827127854684,-6.425462964727564,-0.9827588968608744,-6.629269659940125,0.8145695328712463,-0.753434956073761,-0.5910084247589111,0.7427451014518738,-0.6508172154426575,-0.5106714963912964,0.8152257800102234,-0.7156097292900085,-0.5304067730903625,0.838044285774231,-0.782882571220398,-0.6591041088104248,643.42724609375,0.0365086682140827
EXPA2-174,109.20769501700396,26.57688225949708,w3,ever_broad,51,457847,是,常绿阔叶林,低,冠层加密沟纹，见阴影,judge_A2_04.csv,False,4,0.1085121107266436,-0.0074432910419069,0.0517339484813533,0.0297731641676278,0.1476970396001538,-0.0482276047673971,-0.3368550557477893,0.16,0.1137408688965782,0.1417301038062283,0.0074432910419069,0.1417301038062283,-0.2141330257593233,0.0384467512495194,-0.0669896193771626,-0.0842137639369473,-0.0517339484813533,-0.0297731641676278,-0.0015378700499807,-0.16,-0.0448442906574394,-0.0629911572472126,0.0629911572472126,-0.17279507881584,-0.0061514801999231,0.1358861976163014,-0.1190926566705113,-0.0984236831987697,-0.0448442906574394,0.1476970396001538,0.1137408688965782,0.059115724721261,0.0842137639369473,-0.0271280276816609,-0.2364628988850442,0.0984236831987697,-0.3278123798539023,-0.0711111111111111,0.1190926566705113,0.16,0.0553633217993079,0.1301653210303729,0.0297731641676278,0.1190926566705113,-0.1085121107266436,0.0061514801999231,-0.0384467512495194,0.2761399461745483,0.16,-0.0325413302575932,0.0325413302575932,-0.1358861976163014,0.0797231833910034,0.1537870049980776,0.075355632449058,-0.1793771626297577,-0.1998615916955017,0.0199307958477508,-0.1358861976163014,-0.0711111111111111,0.0088581314878892,-0.1476970396001538,0.01039600153787,0.0984236831987697,-12.022042518768608,-15.507526236162176,-11.037920109489088,-16.657287360423002,0.6617210507392883,-0.6061185598373413,-0.2947218120098114,0.7268550992012024,-0.6094459295272827,-0.4000398516654968,0.5934241414070129,-0.5316037535667419,-0.3131592571735382,0.8208355903625488,-0.7447552680969238,-0.5447458624839783,507.5549011230469,0.1536105275154113
EXPA2-175,126.84804699855162,47.96886836211309,w1,mixed,92,879868,是,常绿阔叶林,中,圆浑冠团可辨，间暗隙,judge_A2_04.csv,False,4,-0.0088581314878892,-0.0711111111111111,0.1929104190695886,-0.1137408688965782,-0.0797231833910034,-0.0482276047673971,-0.16,0.4136255286428297,0.1190926566705113,-0.0088581314878892,0.3647212610534409,-0.0669896193771626,0.0517339484813533,0.0177777777777777,-0.16,0.0448442906574394,0.01039600153787,-0.075355632449058,-0.1034063821607074,-0.0246059207996924,0.1301653210303729,-0.0553633217993079,0.035432525951557,-0.059115724721261,0.1301653210303729,0.1034063821607074,-0.000553633217993,0.1476970396001538,0.2214532871972318,-0.0039369473279507,0.0222068435217224,0.0669896193771626,-0.0935640138408304,0.0842137639369473,-0.0482276047673971,0.0984236831987697,0.0120569011918492,-0.186082276047674,0.0088581314878892,-0.0842137639369473,-0.1663360246059207,-0.1358861976163014,0.0120569011918492,0.075355632449058,-0.075355632449058,0.1476970396001538,0.186082276047674,-0.2214532871972318,0.0984236831987697,-0.0482276047673971,0.059115724721261,-0.0384467512495194,-0.1190926566705113,-0.0177777777777777,0.0935640138408304,0.1793771626297577,0.1929104190695886,0.0030142252979623,-0.0711111111111111,-0.1190926566705113,-0.2069357939254133,0.0629911572472126,0.0199307958477508,0.0246059207996924,,,,,0.0858223065733909,-0.0700447112321853,0.3312000036239624,0.3246041536331177,-0.4356435537338257,-0.4190589487552643,0.8501971364021301,-0.6988416910171509,-0.4280476570129394,0.482100248336792,-0.5902689099311829,-0.4097302258014679,255.7156524658203,0.0475343316793441
EXPA2-176,125.16244819942976,46.49661944296961,w1,mixed,92,879832,否,草本沼泽,低,灰绿湿地面加植被斑块,judge_A2_04.csv,False,15,-0.0138408304498269,-0.0842137639369473,0.1358861976163014,-0.1998615916955017,-0.075355632449058,0.0271280276816609,-0.2679584775086506,0.2761399461745483,0.0669896193771626,0.0711111111111111,0.0842137639369473,-0.1301653210303729,0.0842137639369473,0.0711111111111111,-0.1793771626297577,0.0222068435217224,-0.059115724721261,-0.0888273740868896,-0.0325413302575932,0.0711111111111111,0.0138408304498269,0.0177777777777777,0.0297731641676278,-0.0088581314878892,-0.1537870049980776,0.0935640138408304,0.0888273740868896,-0.059115724721261,0.4035986159169549,-0.1301653210303729,0.0415840061514801,-0.0022145328719723,-0.1245674740484429,-0.0015378700499807,-0.1301653210303729,0.2844444444444444,0.1085121107266436,0.0517339484813533,0.0842137639369473,0.0984236831987697,-0.1537870049980776,-0.0629911572472126,-0.0199307958477508,-0.0030142252979623,-0.0629911572472126,0.2441522491349481,-0.0384467512495194,0.0271280276816609,-0.0325413302575932,-0.059115724721261,0.2214532871972318,0.0022145328719723,-0.1417301038062283,-0.1137408688965782,0.059115724721261,-0.0030142252979623,0.059115724721261,0.0325413302575932,-0.1663360246059207,-0.1417301038062283,-0.2141330257593233,-0.0177777777777777,-0.1034063821607074,0.1085121107266436,-19.84481152823929,-26.31145958434852,-8.857828829824278,-19.240443213365204,0.0862512737512588,-0.150136262178421,0.3970205187797546,0.3089887499809265,-0.3838158845901489,-0.1443298906087875,0.5120077133178711,-0.4703409671783447,-0.1606217622756958,0.4344008266925812,-0.4588915109634399,-0.2565860748291015,142.5200958251953,0.0187791399657726
EXPA2-177,125.84759326662773,43.1804885716424,w1,mixed,92,879676,是,常绿阔叶林,中,村后山坡密林，冠层深绿,judge_A2_04.csv,False,4,0.0297731641676278,-0.1245674740484429,0.2288965782391388,-0.1301653210303729,-0.0797231833910034,-0.1190926566705113,-0.2679584775086506,0.4656055363321799,0.0384467512495194,-0.0138408304498269,0.17279507881584,-0.0629911572472126,-0.01039600153787,0.0517339484813533,-0.0199307958477508,-0.0711111111111111,-0.059115724721261,0.16,-0.0415840061514801,-0.0120569011918492,0.0482276047673971,0.0015378700499807,0.0984236831987697,-0.0157477893118031,0.1137408688965782,0.1476970396001538,-0.0797231833910034,0.0517339484813533,0.186082276047674,-0.0297731641676278,0.1476970396001538,0.0448442906574394,0.0157477893118031,0.2069357939254133,-0.0384467512495194,0.1793771626297577,-0.0030142252979623,-0.1998615916955017,0.1537870049980776,0.0415840061514801,-0.17279507881584,0.0222068435217224,0.0120569011918492,0.1245674740484429,-0.1358861976163014,0.1301653210303729,0.1476970396001538,0.0088581314878892,-0.0482276047673971,-0.1476970396001538,0.059115724721261,-0.0553633217993079,0.0009842368319876,-0.0039369473279507,0.0415840061514801,0.0246059207996924,0.0325413302575932,0.17279507881584,-0.2069357939254133,0.0448442906574394,-0.16,-0.0384467512495194,-0.186082276047674,-0.0325413302575932,-10.267886541073905,-17.680545705233122,-6.918639377563769,-13.028962182616516,0.5370749831199646,-0.5771332383155823,-0.2464419454336166,0.5772707462310791,-0.5285773873329163,-0.4269776940345764,0.7106017470359802,-0.6217317581176758,-0.4549902081489563,0.7009438872337341,-0.6445725560188293,-0.5423623919487,331.405029296875,0.072098359465599
EXPA2-178,126.66658731115947,45.19010969374618,w1,mixed,91,9000029,否,湖河滩地,低,框跨深绿静水面与土石岸,judge_A2_04.csv,False,16,-0.0888273740868896,-0.0448442906574394,0.0415840061514801,-0.1537870049980776,-0.1034063821607074,-0.0984236831987697,-0.3014225297962323,0.3188927335640138,0.0842137639369473,0.0049826989619377,0.2519646289888504,-0.1085121107266436,-0.0002460592079969,-0.0157477893118031,-0.1476970396001538,0.075355632449058,0.1034063821607074,-0.1301653210303729,-0.3100961168781238,0.0246059207996924,0.0222068435217224,-0.1417301038062283,-0.0120569011918492,-0.0553633217993079,0.0138408304498269,0.1476970396001538,0.1085121107266436,0.01039600153787,0.3100961168781238,0.0246059207996924,0.035432525951557,-0.0271280276816609,0.0553633217993079,0.0415840061514801,-0.0199307958477508,0.2288965782391388,0.0935640138408304,0.0517339484813533,0.0711111111111111,0.0711111111111111,-0.1537870049980776,-0.1137408688965782,0.0384467512495194,0.0984236831987697,-0.0325413302575932,0.1998615916955017,0.186082276047674,0.0384467512495194,0.0138408304498269,-0.0553633217993079,0.1417301038062283,-0.0271280276816609,-0.0669896193771626,0.0482276047673971,0.1476970396001538,0.075355632449058,0.1245674740484429,-0.035432525951557,-0.0222068435217224,-0.1137408688965782,-0.2214532871972318,-0.075355632449058,-0.0553633217993079,0.1190926566705113,-13.291907232473408,-21.742114209403923,-6.738565705229466,-16.37502794856915,-0.1034482792019844,0.1660101264715194,0.7846683859825134,0.2611832618713379,-0.3634945452213287,-0.3327882289886474,0.6372269988059998,-0.5644283294677734,-0.3725490272045135,0.3503787815570831,-0.3491012156009674,-0.3235004842281341,151.02508544921875,0.0788719877600669
EXPA2-179,125.2784207026096,42.82628285511407,w1,mixed,91,9000938,否,常绿灌丛,低,干草底加暗绿灌丛团块,judge_A2_04.csv,False,9,-0.0842137639369473,-0.0517339484813533,0.1301653210303729,-0.0517339484813533,-0.0842137639369473,-0.16,-0.1929104190695886,0.4444444444444444,0.186082276047674,0.0199307958477508,0.3368550557477893,-0.0842137639369473,0.035432525951557,-0.0271280276816609,-0.0711111111111111,0.0415840061514801,-0.0553633217993079,-0.0325413302575932,-0.1190926566705113,-0.1085121107266436,0.1245674740484429,-0.1034063821607074,0.1034063821607074,-0.0039369473279507,0.1417301038062283,0.2288965782391388,-0.0888273740868896,0.059115724721261,0.1793771626297577,0.0325413302575932,0.0517339484813533,0.075355632449058,0.1085121107266436,0.0842137639369473,0.1190926566705113,0.0984236831987697,-0.0553633217993079,-0.1793771626297577,0.1663360246059207,-0.0984236831987697,-0.1137408688965782,-0.1190926566705113,0.0797231833910034,0.075355632449058,-0.1358861976163014,0.0325413302575932,0.1998615916955017,-0.035432525951557,0.0842137639369473,-0.0935640138408304,0.0984236831987697,-0.0039369473279507,-0.1034063821607074,0.1085121107266436,0.0984236831987697,0.0711111111111111,0.1301653210303729,0.0553633217993079,-0.1085121107266436,-0.0246059207996924,-0.1793771626297577,0.0002460592079969,-0.0517339484813533,0.0222068435217224,-14.119701822135308,-19.175654911594957,-8.755328937081227,-13.95784990072564,0.1930032670497894,-0.2500776648521423,-0.138779878616333,0.45778289437294,-0.4453302919864654,-0.5038206577301025,0.771482527256012,-0.6745016574859619,-0.4343329966068268,0.5916609764099121,-0.6113787293434143,-0.4414770901203155,405.1920166015625,0.1098716855049133
EXPA2-180,125.50596396407708,43.49283279593075,w1,mixed,92,879682,是,常绿阔叶林,中,山坡密林圆浑冠，间暗隙,judge_A2_04.csv,False,4,0.0482276047673971,0.0177777777777777,0.1663360246059207,-0.1085121107266436,-0.0935640138408304,-0.0384467512495194,-0.2069357939254133,0.4656055363321799,0.075355632449058,0.01039600153787,0.292871972318339,-0.0448442906574394,-0.01039600153787,0.0177777777777777,-0.075355632449058,-0.035432525951557,-0.0553633217993079,0.035432525951557,-0.0177777777777777,0.0384467512495194,0.0271280276816609,-0.0482276047673971,0.1663360246059207,-0.0325413302575932,0.1301653210303729,0.1929104190695886,-0.0935640138408304,0.0325413302575932,0.2364628988850442,0.0222068435217224,0.0842137639369473,0.0888273740868896,-0.0022145328719723,0.1358861976163014,0.0246059207996924,0.2214532871972318,-0.0325413302575932,-0.2141330257593233,0.1245674740484429,-0.0199307958477508,-0.2069357939254133,-0.0384467512495194,0.0325413302575932,0.0842137639369473,-0.0842137639369473,0.1190926566705113,0.1417301038062283,-0.1085121107266436,0.059115724721261,-0.1034063821607074,0.0984236831987697,-0.0629911572472126,-0.0888273740868896,0.01039600153787,0.059115724721261,-0.0517339484813533,0.0888273740868896,0.1417301038062283,-0.17279507881584,-0.0517339484813533,-0.2441522491349481,-0.0271280276816609,-0.1034063821607074,-0.0517339484813533,-8.737980808252914,-17.08428344032273,-6.849059837315225,-12.348822387304564,0.4614220857620239,-0.5218589901924133,-0.1145149543881416,0.5322715640068054,-0.5660741329193115,-0.4980178475379944,0.7180406451225281,-0.6340909004211426,-0.3961556553840637,0.7546401023864746,-0.707489013671875,-0.5537634491920471,321.3113708496094,0.072098359465599
EXPA2-181,126.60684934476554,43.52786709201142,w1,mixed,92,879717,否,草地,低,灰绿细密低被，无树冠形,judge_A2_04.csv,False,11,-0.075355632449058,-0.035432525951557,0.1417301038062283,-0.0177777777777777,-0.0797231833910034,-0.17279507881584,-0.1476970396001538,0.454963475586313,0.2599000384467512,0.0325413302575932,0.3188927335640138,-0.0842137639369473,-0.0039369473279507,-0.0448442906574394,-0.1245674740484429,0.0935640138408304,0.0415840061514801,0.0629911572472126,-0.1793771626297577,-0.2069357939254133,0.1301653210303729,-0.0629911572472126,0.0271280276816609,0.0517339484813533,0.1476970396001538,0.1245674740484429,-0.0888273740868896,0.059115724721261,0.1929104190695886,0.075355632449058,0.0138408304498269,0.0553633217993079,0.0629911572472126,0.1929104190695886,0.0842137639369473,-0.0199307958477508,-0.0138408304498269,-0.1034063821607074,0.075355632449058,-0.1476970396001538,-0.075355632449058,-0.0888273740868896,0.0553633217993079,0.0222068435217224,-0.1085121107266436,0.0199307958477508,0.1034063821607074,0.0157477893118031,0.1245674740484429,-0.0553633217993079,0.059115724721261,-0.035432525951557,-0.1137408688965782,0.0935640138408304,0.16,0.1190926566705113,0.17279507881584,-0.0039369473279507,-0.075355632449058,0.01039600153787,-0.2069357939254133,0.0842137639369473,-0.01039600153787,0.0888273740868896,-13.478501486836944,-19.959094044917546,-9.787014943520427,-15.998870403014257,0.1395258456468582,-0.1238022223114967,0.084954909980297,0.478723406791687,-0.4742424190044403,-0.4885777533054352,0.8360688090324402,-0.7136756181716919,-0.4940114915370941,0.633431077003479,-0.6641058325767517,-0.6242539882659912,902.46826171875,0.0953885614871978
EXPA2-182,126.63101402590836,43.46776979950382,w1,mixed,92,879720,否,稀疏植被,低,暗坡面稀疏灌草加裸土,judge_A2_04.csv,False,13,-0.0517339484813533,-0.0138408304498269,0.16,-0.0553633217993079,-0.0448442906574394,-0.1793771626297577,-0.1663360246059207,0.4656055363321799,0.2364628988850442,0.0482276047673971,0.2519646289888504,-0.1245674740484429,0.0384467512495194,-0.0482276047673971,-0.1537870049980776,0.1085121107266436,0.1245674740484429,0.1537870049980776,-0.2069357939254133,-0.1417301038062283,0.1417301038062283,0.0009842368319876,-0.0120569011918492,0.0629911572472126,0.1245674740484429,0.0711111111111111,-0.0448442906574394,0.035432525951557,0.2214532871972318,0.0935640138408304,-0.0246059207996924,-0.0030142252979623,0.0482276047673971,0.2141330257593233,0.0271280276816609,-0.0935640138408304,0.0246059207996924,-0.0415840061514801,0.0842137639369473,-0.16,-0.0797231833910034,-0.0517339484813533,0.0553633217993079,-0.0246059207996924,-0.0935640138408304,0.075355632449058,0.1034063821607074,0.0384467512495194,0.1034063821607074,-0.0415840061514801,0.0517339484813533,-0.0384467512495194,-0.0935640138408304,0.0842137639369473,0.1929104190695886,0.186082276047674,0.1663360246059207,-0.0553633217993079,-0.01039600153787,0.0074432910419069,-0.1793771626297577,0.0629911572472126,0.035432525951557,0.0888273740868896,-4.046852875120171,-13.651221683591936,-1.0325474827169825,-8.20177649005576,0.0381155312061309,0.0371102318167686,0.3045159578323364,0.6400131583213806,-0.5575000047683716,-0.5499046444892883,0.816274106502533,-0.735625147819519,-0.5814706683158875,0.7205858826637268,-0.7211399078369141,-0.6585846543312073,885.9710693359375,0.0953885614871978
EXPA2-183,126.62185121001032,43.39033502201272,w1,mixed,92,879716,是,常绿阔叶林,中,深暗密冠层，冠斑可辨,judge_A2_04.csv,False,4,-0.0482276047673971,-0.059115724721261,0.0797231833910034,-0.0088581314878892,-0.075355632449058,-0.17279507881584,-0.1793771626297577,0.4136255286428297,0.2519646289888504,0.0415840061514801,0.3014225297962323,-0.035432525951557,-0.0384467512495194,-0.0448442906574394,-0.0842137639369473,0.0711111111111111,0.1137408688965782,-0.0271280276816609,-0.1998615916955017,-0.1663360246059207,0.1417301038062283,-0.1793771626297577,0.0271280276816609,0.0246059207996924,0.1663360246059207,0.1034063821607074,-0.1034063821607074,0.035432525951557,0.1417301038062283,0.0984236831987697,0.0297731641676278,0.1245674740484429,0.1476970396001538,0.1537870049980776,0.0517339484813533,-0.0138408304498269,0.0002460592079969,-0.0669896193771626,0.1085121107266436,-0.0629911572472126,-0.1190926566705113,-0.1085121107266436,0.0415840061514801,0.0888273740868896,-0.0669896193771626,0.035432525951557,0.1190926566705113,-0.0246059207996924,0.0711111111111111,-0.0297731641676278,0.059115724721261,-0.1085121107266436,-0.0888273740868896,0.1793771626297577,0.2214532871972318,0.1663360246059207,0.1417301038062283,-0.0157477893118031,-0.0711111111111111,-0.0271280276816609,-0.1537870049980776,0.1085121107266436,0.0088581314878892,0.1417301038062283,-11.394353397023554,-20.557808660603357,-7.291885354558335,-14.47852729745992,0.137655422091484,0.0486446358263492,0.6137142777442932,0.6511955261230469,-0.5695187449455261,-0.4328489601612091,0.8201698660850525,-0.715234637260437,-0.439678281545639,0.5569767355918884,-0.5329135656356812,-0.5081374049186707,822.46484375,0.0953885614871978
EXPA2-184,125.0973203413311,43.03765644146739,w1,mixed,91,878401,否,稀疏植被,低,干坡稀疏灌草，色棕,judge_A2_04.csv,False,13,-0.0120569011918492,0.0325413302575932,0.1929104190695886,-0.2441522491349481,-0.0482276047673971,-0.0030142252979623,-0.2599000384467512,0.3553094963475586,0.0297731641676278,-0.0015378700499807,0.1476970396001538,-0.0669896193771626,-0.035432525951557,-0.01039600153787,-0.0842137639369473,-0.0061514801999231,-0.0297731641676278,0.1537870049980776,-0.1190926566705113,0.0669896193771626,-0.0199307958477508,-0.0199307958477508,0.186082276047674,-0.0061514801999231,0.0669896193771626,0.1190926566705113,-0.0629911572472126,-0.1417301038062283,0.186082276047674,0.0711111111111111,0.0271280276816609,0.0842137639369473,0.0448442906574394,0.1537870049980776,-0.0711111111111111,0.3278123798539023,-0.0246059207996924,-0.0629911572472126,0.0711111111111111,0.0448442906574394,-0.0325413302575932,0.0669896193771626,-0.0157477893118031,0.0297731641676278,-0.0711111111111111,0.186082276047674,0.2364628988850442,-0.1190926566705113,0.0138408304498269,-0.2364628988850442,0.2679584775086506,0.0246059207996924,-0.0553633217993079,-0.0074432910419069,-0.0325413302575932,-0.0629911572472126,0.0120569011918492,0.0935640138408304,-0.059115724721261,-0.0842137639369473,-0.1929104190695886,-0.0157477893118031,-0.1190926566705113,-0.17279507881584,-10.89537375143684,-21.061742138346023,-8.000899354061435,-15.75824146105582,0.132523313164711,-0.2360832691192627,-0.0022155086044222,0.2321715801954269,-0.3727598488330841,-0.4989262819290161,0.5718640089035034,-0.5543705224990845,-0.4932771027088165,0.4768941402435303,-0.5380526185035706,-0.5446773171424866,386.5287170410156,0.072098359465599
EXPA2-185,109.89998169071067,34.30082165117775,w2,mixed,92,879390,否,常绿灌丛,低,灰白底上暗绿灌丛斑,judge_A2_04.csv,False,9,0.0120569011918492,-0.0246059207996924,0.1417301038062283,0.0061514801999231,0.0415840061514801,-0.17279507881584,-0.2679584775086506,0.3278123798539023,0.0482276047673971,0.1537870049980776,0.0177777777777777,0.0088581314878892,-0.1034063821607074,-0.059115724721261,-0.1301653210303729,-0.1998615916955017,-0.1663360246059207,0.16,-0.2441522491349481,-0.0074432910419069,-0.075355632449058,0.0935640138408304,-0.0088581314878892,0.0325413302575932,0.075355632449058,-0.059115724721261,-0.1137408688965782,-0.0384467512495194,0.0297731641676278,0.1034063821607074,0.0039369473279507,0.1537870049980776,0.1245674740484429,0.2141330257593233,-0.0553633217993079,-0.0088581314878892,-0.1085121107266436,-0.1929104190695886,0.0384467512495194,0.0177777777777777,0.0177777777777777,0.1476970396001538,0.0088581314878892,0.0325413302575932,-0.1034063821607074,0.1137408688965782,0.1537870049980776,-0.0669896193771626,-0.0157477893118031,-0.1476970396001538,0.0935640138408304,0.01039600153787,0.1417301038062283,0.1358861976163014,-0.0888273740868896,-0.1417301038062283,-0.1034063821607074,-0.0842137639369473,-0.3100961168781238,-0.1085121107266436,-0.186082276047674,-0.0669896193771626,-0.16,0.0222068435217224,-11.015491564668777,-17.327149685880514,-8.771061372081533,-15.414736789572618,0.4340623021125793,-0.547925591468811,-0.6827309131622314,0.5109058022499084,-0.4820035099983215,-0.5693659782409668,0.8025388121604919,-0.6771653294563293,-0.5323193669319153,0.5592218637466431,-0.6054766774177551,-0.6446677446365356,1448.35693359375,0.076414868235588
EXPA2-186,106.03048860436584,34.91832357748151,w2,mixed,92,879388,否,草地,低,干黄草被，杂裸土斑,judge_A2_04.csv,False,11,-0.0448442906574394,-0.0711111111111111,0.0517339484813533,0.000553633217993,-0.0669896193771626,-0.16,-0.16,0.2364628988850442,0.0177777777777777,0.17279507881584,0.0049826989619377,-0.0415840061514801,-0.0517339484813533,-0.0797231833910034,-0.17279507881584,-0.1476970396001538,-0.3014225297962323,0.1085121107266436,-0.2844444444444444,-0.0888273740868896,-0.0271280276816609,0.0842137639369473,0.0199307958477508,0.0009842368319876,0.0157477893118031,-0.0009842368319876,-0.0553633217993079,-0.059115724721261,0.0448442906574394,0.2141330257593233,-0.0711111111111111,0.1085121107266436,0.0157477893118031,0.186082276047674,0.0297731641676278,-0.0177777777777777,-0.0669896193771626,-0.0271280276816609,-0.0120569011918492,-0.0553633217993079,0.0711111111111111,0.0797231833910034,0.0138408304498269,-0.0138408304498269,-0.1537870049980776,0.1190926566705113,0.2288965782391388,-0.075355632449058,0.01039600153787,-0.1537870049980776,0.0888273740868896,0.0797231833910034,0.1476970396001538,0.1190926566705113,-0.1085121107266436,-0.1417301038062283,-0.1476970396001538,-0.1137408688965782,-0.3553094963475586,-0.0088581314878892,-0.1793771626297577,-0.1476970396001538,-0.1793771626297577,0.0842137639369473,,,,,0.2491530627012252,-0.3819420635700226,-0.6193074584007263,0.3664818406105041,-0.420338362455368,-0.4918513596057892,0.8412064909934998,-0.737910807132721,-0.5197545289993286,0.5028690695762634,-0.5657608509063721,-0.6622278690338135,1861.355712890625,0.295042484998703
EXPA2-187,108.75516869262876,34.91967105040769,w2,mixed,92,879389,否,草地,低,橄榄灰细被，底部深影,judge_A2_04.csv,False,11,-0.0384467512495194,-0.0517339484813533,0.1998615916955017,-0.0157477893118031,-0.0711111111111111,-0.1417301038062283,-0.2069357939254133,0.4035986159169549,0.059115724721261,0.0482276047673971,0.0199307958477508,-0.0157477893118031,-0.0448442906574394,-0.0669896193771626,0.035432525951557,-0.0935640138408304,-0.0888273740868896,0.2441522491349481,-0.2364628988850442,-0.1085121107266436,-0.059115724721261,0.0984236831987697,-0.0553633217993079,0.0482276047673971,0.0629911572472126,0.1358861976163014,-0.0797231833910034,-0.1085121107266436,0.186082276047674,0.1998615916955017,-0.0415840061514801,-0.0138408304498269,0.1034063821607074,0.2214532871972318,0.1245674740484429,-0.075355632449058,-0.0448442906574394,-0.0517339484813533,0.0711111111111111,-0.0669896193771626,0.0415840061514801,0.1085121107266436,0.0415840061514801,-0.0797231833910034,-0.1358861976163014,0.0553633217993079,0.0842137639369473,0.2679584775086506,0.0842137639369473,-0.0797231833910034,0.0553633217993079,0.075355632449058,0.0517339484813533,0.1358861976163014,0.0138408304498269,-0.1137408688965782,0.0015378700499807,-0.1793771626297577,-0.2214532871972318,0.0120569011918492,-0.2141330257593233,-0.1537870049980776,-0.0553633217993079,0.0935640138408304,-5.468390680310945,-13.584621547498289,-2.257936489084562,-10.949494577028515,0.3230605721473694,-0.565053403377533,-0.7083860039710999,0.4144697785377502,-0.4240670502185821,-0.5074244737625122,0.794535219669342,-0.703063428401947,-0.5631195306777954,0.5593146681785583,-0.5586386322975159,-0.5968316793441772,969.3401489257812,0.2729451954364776
