point_id,lon,lat,zone,src,orig_id,wc,code,Q1,Q2,conf,note,file,invalid,truth_code,A00,A01,A02,A03,A04,A05,A06,A07,A08,A09,A10,A11,A12,A13,A14,A15,A16,A17,A18,A19,A20,A21,A22,A23,A24,A25,A26,A27,A28,A29,A30,A31,A32,A33,A34,A35,A36,A37,A38,A39,A40,A41,A42,A43,A44,A45,A46,A47,A48,A49,A50,A51,A52,A53,A54,A55,A56,A57,A58,A59,A60,A61,A62,A63,s1_vv_w,s1_vh_w,s1_vv_s,s1_vh_s,ndvi_djf,ndwi_djf,mndwi_djf,ndvi_mam,ndwi_mam,mndwi_mam,ndvi_jja,ndwi_jja,mndwi_jja,ndvi_son,ndwi_son,mndwi_son,dem,slope
EXPB-000,104.512575,25.451628,w7,wc20,M3A-w7-3049,20.0,,否,草地,低,坡地褐绿混杂，木本团块不足,judge_B_00.csv,False,11,-0.0199307958477508,0.0482276047673971,0.059115724721261,0.0061514801999231,0.0015378700499807,-0.0935640138408304,-0.1245674740484429,0.0842137639369473,0.0177777777777777,0.1085121107266436,0.186082276047674,-0.1137408688965782,-0.2519646289888504,-0.0553633217993079,-0.035432525951557,-0.075355632449058,-0.1417301038062283,0.0157477893118031,-0.186082276047674,-0.2288965782391388,-0.292871972318339,0.0842137639369473,0.0482276047673971,-0.1301653210303729,0.0002460592079969,0.0448442906574394,0.0384467512495194,-0.0711111111111111,0.0138408304498269,0.0482276047673971,-0.0629911572472126,0.0888273740868896,0.1034063821607074,0.1417301038062283,-0.0415840061514801,-0.0629911572472126,-0.0629911572472126,-0.0384467512495194,-0.0002460592079969,-0.0797231833910034,0.0448442906574394,0.0984236831987697,-0.1998615916955017,0.1663360246059207,-0.0009842368319876,-0.0199307958477508,0.0222068435217224,0.075355632449058,-0.0199307958477508,0.0482276047673971,0.0797231833910034,-0.0049826989619377,0.1085121107266436,0.2519646289888504,0.0888273740868896,-0.2214532871972318,0.0222068435217224,-0.1358861976163014,-0.1998615916955017,-0.4237754709727028,-0.1301653210303729,-0.2141330257593233,0.0015378700499807,0.075355632449058,-10.19186627972309,-15.162703917853516,-8.77547182261528,-14.92027661245255,0.4832041263580322,-0.5693780183792114,-0.6842105388641357,0.662544846534729,-0.6130030751228333,-0.5840266346931458,0.8630431890487671,-0.7392615079879761,-0.541620671749115,0.7024901509284973,-0.642744243144989,-0.5675469040870667,2009.552978515625,0.2621802389621734
EXPB-001,103.067545,25.745916,w7,m3a,M3A-w7-2912,40.0,,否,裸地,中,大片浅褐裸土，无植被纹理,judge_B_00.csv,False,22,0.0553633217993079,-0.0384467512495194,0.1190926566705113,-0.0711111111111111,-0.0711111111111111,0.0384467512495194,-0.0030142252979623,0.0935640138408304,-0.0297731641676278,-0.075355632449058,0.1537870049980776,0.0177777777777777,-0.3100961168781238,0.0669896193771626,0.0415840061514801,-0.0448442906574394,-0.2519646289888504,0.0415840061514801,-0.1417301038062283,-0.1034063821607074,-0.1417301038062283,0.0984236831987697,0.1929104190695886,-0.1034063821607074,-0.059115724721261,-0.17279507881584,0.0935640138408304,-0.0842137639369473,-0.1034063821607074,0.0629911572472126,0.1085121107266436,0.0669896193771626,-0.0384467512495194,0.0384467512495194,0.035432525951557,-0.0629911572472126,0.0297731641676278,-0.0517339484813533,0.1301653210303729,0.1085121107266436,-0.1190926566705113,0.0984236831987697,-0.2141330257593233,0.0669896193771626,-0.0553633217993079,0.1245674740484429,0.0797231833910034,-0.0711111111111111,-0.16,-0.1034063821607074,0.1137408688965782,0.1476970396001538,0.0271280276816609,0.0797231833910034,0.1358861976163014,-0.1476970396001538,0.0415840061514801,-0.1663360246059207,-0.2288965782391388,-0.4340484429065744,-0.075355632449058,-0.1537870049980776,-0.0448442906574394,-0.0138408304498269,-12.719903747253646,-25.368663428762,-7.093089946283918,-16.45747358259676,0.2385093122720718,-0.4554744660854339,-0.5493808388710022,0.0674325674772262,-0.4441628754138946,-0.5801964998245239,0.5034293532371521,-0.5310826301574707,-0.4293000996112823,0.4816720187664032,-0.5293726921081543,-0.4915740489959717,2217.491943359375,0.1644186377525329
EXPB-002,104.977992,25.734327,w7,wc20,M3A-w7-3035,20.0,,否,草地,低,绿面均质，无团块无树影,judge_B_00.csv,False,11,0.0384467512495194,0.0711111111111111,0.0415840061514801,0.0553633217993079,0.0448442906574394,-0.1245674740484429,-0.1476970396001538,0.1417301038062283,0.0039369473279507,0.1929104190695886,0.0711111111111111,-0.075355632449058,-0.2599000384467512,-0.0222068435217224,-0.2069357939254133,-0.1537870049980776,-0.1998615916955017,0.0935640138408304,-0.186082276047674,-0.1929104190695886,-0.2519646289888504,0.16,-0.0553633217993079,-0.0935640138408304,0.0030142252979623,-0.0797231833910034,-0.0022145328719723,-0.0448442906574394,-0.0842137639369473,0.0984236831987697,-0.0797231833910034,0.0669896193771626,0.0177777777777777,0.16,-0.1537870049980776,-0.0415840061514801,-0.1137408688965782,-0.1663360246059207,-0.0842137639369473,-0.0888273740868896,0.0271280276816609,0.1301653210303729,-0.1417301038062283,0.1137408688965782,-0.0517339484813533,0.0711111111111111,0.0157477893118031,-0.0246059207996924,-0.0157477893118031,-0.0297731641676278,0.0415840061514801,-0.0482276047673971,0.2069357939254133,0.0669896193771626,-0.0415840061514801,-0.2141330257593233,-0.0842137639369473,-0.0138408304498269,-0.2141330257593233,-0.3100961168781238,-0.17279507881584,-0.186082276047674,-0.0797231833910034,0.0297731641676278,-9.060181133197906,-14.372135129135458,-8.104282987376463,-14.385226058450463,0.4766214191913605,-0.5747989416122437,-0.6931114792823792,0.7679057121276855,-0.6595744490623474,-0.5519043803215027,0.8735218644142151,-0.7569913268089294,-0.6106604933738708,0.7691630125045776,-0.7142857313156128,-0.6399497985839844,1869.2562255859373,0.2621802389621734
EXPB-003,102.92600081397718,24.82090045786444,w7,fcs10layer_audit,M5A-14718,,120.0,否,草地,低,绿面夹碎褐斑，结构单一,judge_B_00.csv,False,11,-0.0246059207996924,-0.0629911572472126,0.1137408688965782,-0.0074432910419069,-0.0271280276816609,-0.075355632449058,-0.186082276047674,0.1137408688965782,-0.0415840061514801,0.0669896193771626,0.0157477893118031,-0.0984236831987697,-0.2519646289888504,-0.0120569011918492,-0.1034063821607074,-0.1417301038062283,-0.2519646289888504,0.1301653210303729,-0.1245674740484429,-0.1929104190695886,-0.1929104190695886,0.1301653210303729,0.1476970396001538,-0.1301653210303729,-0.0246059207996924,-0.0935640138408304,0.0888273740868896,0.0222068435217224,-0.075355632449058,0.0222068435217224,0.0415840061514801,0.075355632449058,-0.0120569011918492,0.1358861976163014,-0.16,-0.1190926566705113,-0.0157477893118031,-0.1137408688965782,0.0120569011918492,0.035432525951557,-0.0015378700499807,0.0711111111111111,-0.16,0.2069357939254133,-0.0199307958477508,0.17279507881584,0.0246059207996924,0.0553633217993079,-0.1793771626297577,-0.1245674740484429,0.1034063821607074,-0.0015378700499807,0.2069357939254133,0.0177777777777777,-0.0120569011918492,-0.1793771626297577,-0.0711111111111111,0.0199307958477508,-0.2844444444444444,-0.3368550557477893,-0.0222068435217224,-0.186082276047674,-0.0842137639369473,-0.0888273740868896,-11.184288039110278,-15.425960940631835,-9.405362161835583,-13.247601776766754,0.7152116894721985,-0.7021105289459229,-0.6516219973564148,0.6708776354789734,-0.6289094090461731,-0.5730001926422119,0.757485032081604,-0.6624970436096191,-0.5049333572387695,0.8500000238418579,-0.7311966419219971,-0.5291948318481445,2269.06640625,0.1864792853593826
EXPB-004,109.587697,23.890445,w3,m3a,M3A-w3-0831,60.0,,否,不透水面,高,机场跑道铺装面带标线,judge_B_00.csv,False,21,0.0842137639369473,-0.1476970396001538,-0.000553633217993,0.0157477893118031,0.0842137639369473,-0.0711111111111111,-0.1034063821607074,-0.01039600153787,-0.4136255286428297,0.2214532871972318,0.0415840061514801,-0.0061514801999231,-0.2141330257593233,-0.0297731641676278,-0.186082276047674,-0.2761399461745483,0.1537870049980776,0.035432525951557,-0.0517339484813533,0.0888273740868896,-0.0448442906574394,-0.0246059207996924,-0.186082276047674,-0.186082276047674,-0.035432525951557,0.1417301038062283,-0.0325413302575932,0.0797231833910034,-0.075355632449058,0.0271280276816609,0.1537870049980776,0.0517339484813533,0.0384467512495194,-0.0030142252979623,-0.0222068435217224,0.075355632449058,-0.292871972318339,-0.0984236831987697,0.0138408304498269,0.1929104190695886,0.1929104190695886,0.0415840061514801,-0.0384467512495194,0.0888273740868896,-0.0199307958477508,0.0984236831987697,0.1476970396001538,0.0325413302575932,0.0325413302575932,-0.0022145328719723,0.0061514801999231,0.1301653210303729,-0.0888273740868896,0.0553633217993079,0.1998615916955017,-0.2069357939254133,-0.0246059207996924,0.059115724721261,0.1034063821607074,-0.1190926566705113,-0.0271280276816609,-0.1998615916955017,-0.0177777777777777,-0.0015378700499807,-9.620855749655222,-13.262428800717409,-11.731156527019698,-14.569876267696438,0.0167193859815597,-0.0431154370307922,-0.1537515372037887,0.0393258444964885,-0.1221837103366851,-0.3314634561538696,-0.0081607028841972,-0.0131452390924096,-0.1824701130390167,0.0236173383891582,-0.0559753291308879,-0.1283548027276992,87.37138366699219,0.1275697350502014
EXPB-005,101.79331507223088,24.052212069243364,w7,fcs10layer_audit,M5A-14449,,120.0,是,常绿灌丛,低,深绿密丛团块，无大冠长影,judge_B_00.csv,False,9,0.0842137639369473,-0.0482276047673971,0.1476970396001538,0.0888273740868896,0.1085121107266436,-0.1137408688965782,-0.2288965782391388,0.1663360246059207,-0.0325413302575932,-0.0448442906574394,0.1358861976163014,0.1137408688965782,-0.2288965782391388,0.0049826989619377,6.151480199923106e-05,-0.0842137639369473,-0.0384467512495194,-0.0415840061514801,-0.1663360246059207,-0.0002460592079969,-0.1929104190695886,-0.0553633217993079,0.1190926566705113,-0.0984236831987697,0.0482276047673971,-0.1085121107266436,0.2214532871972318,-0.059115724721261,-0.1793771626297577,-0.0415840061514801,0.1998615916955017,0.2679584775086506,0.17279507881584,-0.0015378700499807,-0.2214532871972318,0.059115724721261,-0.186082276047674,-0.0711111111111111,0.0325413302575932,0.0669896193771626,-0.0888273740868896,0.0448442906574394,-0.0842137639369473,0.1245674740484429,-0.0030142252979623,0.2069357939254133,-0.1301653210303729,0.0984236831987697,-0.0935640138408304,0.1034063821607074,-0.0297731641676278,-0.0888273740868896,0.0482276047673971,0.0415840061514801,0.0120569011918492,-0.0384467512495194,-0.0482276047673971,-0.2141330257593233,-0.2364628988850442,-0.2214532871972318,0.1085121107266436,0.0842137639369473,-0.0669896193771626,-0.1245674740484429,-15.193424991107491,-21.63747345010457,-4.867776266681973,-8.382720511285797,0.7337770462036133,-0.6828165650367737,-0.5739696025848389,0.6175172328948975,-0.5911064743995667,-0.5563513040542603,0.7089291214942932,-0.6184170842170715,-0.5200605392456055,0.8182775974273682,-0.7576375007629395,-0.5837341547012329,1338.3099365234375,0.3255285918712616
EXPB-006,111.46053500228312,25.98853066416299,w3,fcs10layer_m3bA,M3B-A066,,,是,常绿灌丛,低,细碎丛簇均匀，无乔木特征,judge_B_00.csv,False,9,0.0553633217993079,0.059115724721261,0.0669896193771626,0.075355632449058,0.0711111111111111,-0.0246059207996924,-0.2599000384467512,0.2761399461745483,0.0797231833910034,0.2288965782391388,-0.0325413302575932,0.0009842368319876,-0.1537870049980776,0.01039600153787,-0.0935640138408304,-0.0629911572472126,0.01039600153787,0.1793771626297577,-0.186082276047674,-0.1085121107266436,-0.0842137639369473,0.1929104190695886,-0.1998615916955017,-0.0629911572472126,0.0517339484813533,-0.0049826989619377,0.0415840061514801,-0.0669896193771626,0.1137408688965782,0.1929104190695886,0.0088581314878892,-0.0711111111111111,0.0415840061514801,0.1793771626297577,-0.2069357939254133,-0.0984236831987697,-0.1476970396001538,-0.0482276047673971,0.075355632449058,-0.0984236831987697,0.0629911572472126,0.2441522491349481,-0.01039600153787,-0.0157477893118031,-0.0415840061514801,0.0553633217993079,-0.0022145328719723,0.3368550557477893,0.1190926566705113,-0.0039369473279507,-0.0482276047673971,-0.1537870049980776,0.1085121107266436,0.0888273740868896,0.1476970396001538,-0.0842137639369473,-0.0384467512495194,-0.0842137639369473,-0.0669896193771626,-0.0448442906574394,-0.1190926566705113,-0.1929104190695886,0.1085121107266436,0.16,-1.9003177303152312,-8.47007549023721,-0.5963047697189443,-7.095918220192395,,,,,,,,,,,,,,
EXPB-007,104.748383,26.477324,w7,wc20,M3A-w7-3040,20.0,,否,草地,低,亮绿草面夹褐斑，木本少,judge_B_00.csv,False,11,-0.0039369473279507,0.0049826989619377,0.0553633217993079,0.0415840061514801,-0.0049826989619377,-0.0629911572472126,-0.2214532871972318,0.059115724721261,-0.0222068435217224,0.1663360246059207,0.17279507881584,-0.0177777777777777,-0.1663360246059207,-0.0061514801999231,-0.1137408688965782,-0.1245674740484429,-0.2214532871972318,0.0157477893118031,-0.1998615916955017,-0.16,-0.2364628988850442,-0.0711111111111111,0.0797231833910034,-0.1537870049980776,-0.0120569011918492,-0.0797231833910034,-0.0199307958477508,-0.0888273740868896,-0.0415840061514801,0.1137408688965782,-0.0669896193771626,0.1417301038062283,0.1137408688965782,0.0888273740868896,-0.1929104190695886,0.0553633217993079,-0.16,-0.1137408688965782,-0.0711111111111111,-0.01039600153787,-0.0384467512495194,0.0415840061514801,-0.17279507881584,0.1301653210303729,-0.059115724721261,0.1245674740484429,0.0271280276816609,0.0120569011918492,-0.0246059207996924,-0.0246059207996924,0.1085121107266436,-0.0629911572472126,0.1085121107266436,0.17279507881584,-0.0015378700499807,-0.2599000384467512,-0.0888273740868896,-0.0669896193771626,-0.2441522491349481,-0.4035986159169549,-0.1034063821607074,-0.1301653210303729,0.035432525951557,-0.0297731641676278,-14.277257910832924,-18.04656018222442,-11.262075164771453,-18.33308220222857,0.6196721196174622,-0.6638089418411255,-0.6937238574028015,0.5921696424484253,-0.5672420859336853,-0.5457227230072021,0.8503760099411011,-0.7305034399032593,-0.5025057196617126,0.7555856704711914,-0.6672560572624207,-0.5218295454978943,2315.30224609375,0.0852222591638565
EXPB-008,113.936801,23.517195,w3,m3a,M3A-w3-0914,30.0,,否,草本旱地,低,耕地绿面，周边见犁行,judge_B_00.csv,False,0,-0.0553633217993079,-0.0553633217993079,0.2214532871972318,0.0088581314878892,-0.0669896193771626,0.16,-0.1137408688965782,-0.0325413302575932,-0.0517339484813533,0.186082276047674,-0.0222068435217224,-0.01039600153787,-0.2761399461745483,-0.0325413302575932,0.0415840061514801,-0.0061514801999231,-0.1537870049980776,0.1190926566705113,-0.0935640138408304,-0.16,-0.3100961168781238,0.2141330257593233,-0.0888273740868896,-0.0415840061514801,-0.1476970396001538,0.0984236831987697,-0.1137408688965782,-0.0669896193771626,-0.035432525951557,0.075355632449058,0.1085121107266436,-0.0138408304498269,0.1034063821607074,0.0246059207996924,-0.1476970396001538,0.2288965782391388,-0.0015378700499807,-0.059115724721261,-0.0271280276816609,-0.0120569011918492,0.1301653210303729,0.0629911572472126,-0.0842137639369473,0.2844444444444444,0.0384467512495194,0.1476970396001538,0.0061514801999231,-0.0553633217993079,0.0517339484813533,0.0797231833910034,-0.0711111111111111,-0.0157477893118031,0.0271280276816609,0.1034063821607074,0.16,-0.1663360246059207,-0.1476970396001538,0.0297731641676278,-0.0199307958477508,-0.2599000384467512,-0.0888273740868896,-0.2761399461745483,0.1245674740484429,-0.0177777777777777,-10.09884453687072,-17.74075436894657,-9.446671261047598,-15.228112481360514,0.6332079768180847,-0.6039772629737854,-0.5516242980957031,0.6685967445373535,-0.6091243624687195,-0.4696114659309387,0.4729981422424316,-0.4716279208660126,-0.4866696894168854,0.6702100038528442,-0.6296483874320984,-0.5491222739219666,20.718734741210938,0.12428018450737
EXPB-009,109.3251497404026,25.15372627063072,w3,fcs10layer_m3bA,M3B-A277,,,否,裸地,中,浅褐裸土带细斑，无木本,judge_B_00.csv,False,22,0.0888273740868896,0.0384467512495194,0.1301653210303729,-0.0482276047673971,-0.0325413302575932,-0.0482276047673971,-0.3460207612456747,0.3100961168781238,0.0984236831987697,0.2069357939254133,-0.1663360246059207,0.0157477893118031,-0.2441522491349481,0.0448442906574394,-0.0797231833910034,-0.0711111111111111,-0.1085121107266436,0.1137408688965782,-0.0415840061514801,-0.0984236831987697,-0.2288965782391388,0.1998615916955017,-0.0120569011918492,-0.1417301038062283,-0.0553633217993079,0.0039369473279507,-0.0553633217993079,0.0039369473279507,-0.035432525951557,0.1245674740484429,0.0711111111111111,0.0088581314878892,0.0246059207996924,0.0517339484813533,-0.186082276047674,0.1358861976163014,-0.1537870049980776,-0.1301653210303729,0.0325413302575932,-0.0138408304498269,0.0246059207996924,0.3100961168781238,0.0138408304498269,0.1358861976163014,-0.0448442906574394,0.1301653210303729,0.0074432910419069,0.2141330257593233,0.0448442906574394,-0.0074432910419069,-0.0039369473279507,-0.0797231833910034,0.0935640138408304,-0.0325413302575932,0.0711111111111111,-0.1190926566705113,-0.1245674740484429,0.0482276047673971,-0.059115724721261,-0.0199307958477508,0.0177777777777777,-0.292871972318339,-0.059115724721261,0.0482276047673971,-7.373960300393614,-16.65409114538092,-6.733381583163137,-13.428998432872817,,,,,,,,,,,,,,
EXPB-010,111.99772754218658,24.648513754841904,w3,fcs10layer_m3bA,M3B-A091,,,否,草地,低,绿褐过渡缓坡草面,judge_B_00.csv,False,11,0.0517339484813533,0.035432525951557,0.2214532871972318,-0.0002460592079969,-0.0049826989619377,0.1663360246059207,-0.2441522491349481,0.0711111111111111,-0.0553633217993079,0.1417301038062283,-0.0088581314878892,0.01039600153787,-0.3014225297962323,0.0039369473279507,-0.0039369473279507,-0.1358861976163014,-0.075355632449058,0.0517339484813533,-0.1245674740484429,0.0049826989619377,-0.2519646289888504,0.17279507881584,-0.1476970396001538,-0.1245674740484429,-0.0669896193771626,0.0297731641676278,-0.0629911572472126,-0.16,-0.0517339484813533,0.1476970396001538,0.0415840061514801,0.0842137639369473,0.0415840061514801,0.0049826989619377,-0.2679584775086506,0.1998615916955017,-0.1301653210303729,-0.075355632449058,-0.1085121107266436,0.0177777777777777,-0.0517339484813533,0.1929104190695886,-0.1137408688965782,0.1929104190695886,0.0797231833910034,0.2069357939254133,0.0517339484813533,-0.0246059207996924,0.0797231833910034,0.0842137639369473,-0.0517339484813533,-0.059115724721261,0.0246059207996924,0.1085121107266436,0.0711111111111111,-0.1998615916955017,-0.1245674740484429,-0.0297731641676278,-0.075355632449058,-0.2141330257593233,-0.1137408688965782,-0.2214532871972318,0.0325413302575932,-0.0049826989619377,-12.176082672356497,-18.210667037859476,-10.757652213446772,-17.418752744838887,,,,,,,,,,,,,,
EXPB-011,101.7979863117083,24.38413956672553,w7,fcs10layer_audit,M5A-13896,,120.0,是,常绿灌丛,低,斑块状深绿冠层，无长树影,judge_B_00.csv,False,9,0.0888273740868896,-0.0669896193771626,0.1929104190695886,-0.0415840061514801,-0.0384467512495194,-0.0177777777777777,-0.17279507881584,0.2214532871972318,0.0297731641676278,0.1085121107266436,0.0984236831987697,-0.0325413302575932,-0.2214532871972318,0.0325413302575932,0.075355632449058,0.0629911572472126,0.0553633217993079,0.186082276047674,-0.1663360246059207,-0.2519646289888504,-0.17279507881584,0.1417301038062283,0.0711111111111111,-0.1085121107266436,-0.0199307958477508,-0.0246059207996924,0.1476970396001538,0.0222068435217224,0.1085121107266436,0.1929104190695886,-0.0384467512495194,0.0517339484813533,0.0271280276816609,0.1301653210303729,-0.0935640138408304,-0.1929104190695886,-0.0517339484813533,0.059115724721261,0.0553633217993079,-0.1034063821607074,-0.0297731641676278,0.0669896193771626,-0.2214532871972318,0.1245674740484429,-0.0088581314878892,0.0384467512495194,-0.1537870049980776,0.3553094963475586,-0.035432525951557,-0.0030142252979623,0.0553633217993079,-0.059115724721261,0.1034063821607074,0.01039600153787,0.1929104190695886,-0.1245674740484429,0.075355632449058,-0.1476970396001538,-0.0984236831987697,-0.1929104190695886,0.059115724721261,-0.1537870049980776,0.1793771626297577,-0.035432525951557,-6.688171903720681,-11.256212643717529,-10.096673635162157,-17.97066153064627,0.6204766035079956,-0.6109973788261414,-0.4227430522441864,0.438034176826477,-0.5013943314552307,-0.4515337347984314,0.5189604759216309,-0.5282817482948303,-0.4344209730625152,0.6947311162948608,-0.6352201104164124,-0.3724075853824615,1467.7484130859375,0.3255285918712616
EXPB-012,102.649559,24.72534,w7,m3a,M3A-w7-2970,80.0,,否,灌木园地,低,规则斑点密布，疑茶园经济林,judge_B_00.csv,False,2,0.0120569011918492,-0.1998615916955017,-0.059115724721261,0.0797231833910034,0.0415840061514801,0.075355632449058,-0.0482276047673971,0.0935640138408304,-0.0199307958477508,0.0199307958477508,0.2364628988850442,-0.075355632449058,-0.075355632449058,-0.0797231833910034,0.059115724721261,0.0039369473279507,0.059115724721261,-0.16,0.0271280276816609,-0.1663360246059207,0.0138408304498269,0.1190926566705113,0.1245674740484429,0.16,-0.2288965782391388,-0.1998615916955017,0.1085121107266436,-0.2069357939254133,0.0797231833910034,0.0448442906574394,-0.2141330257593233,0.2519646289888504,0.0935640138408304,-0.0842137639369473,-0.059115724721261,0.0022145328719723,0.0984236831987697,-0.0629911572472126,-0.0669896193771626,0.1793771626297577,-0.0517339484813533,-0.1085121107266436,0.1358861976163014,0.0297731641676278,-0.1537870049980776,0.186082276047674,-0.2214532871972318,0.2141330257593233,-0.16,-0.0842137639369473,0.0482276047673971,0.1929104190695886,-0.16,-0.0199307958477508,0.0935640138408304,-0.035432525951557,-0.0517339484813533,0.0482276047673971,-0.0797231833910034,-0.1663360246059207,-0.0669896193771626,-0.1245674740484429,0.0669896193771626,0.2141330257593233,-22.70139511909995,-28.717338603231543,-21.227140274752223,-30.70817836203478,-0.4594594538211822,0.7041420340538025,0.8947368264198303,-0.2525714337825775,0.4485666155815124,0.6261239647865295,-0.1865707486867904,0.4339118897914886,0.808080792427063,-0.0909090936183929,0.3754940629005432,0.8040435314178467,1886.0,0.1864792853593826
EXPB-013,104.83078854242422,24.05014594408989,w7,fcs10layer_audit,M5A-13349,,120.0,否,草地,低,干坡褐绿混杂，木本稀疏,judge_B_00.csv,False,11,0.059115724721261,-0.0246059207996924,0.1793771626297577,0.0022145328719723,-0.01039600153787,-0.075355632449058,-0.1417301038062283,0.2599000384467512,-0.075355632449058,0.1245674740484429,-0.000553633217993,-0.0984236831987697,-0.16,0.0325413302575932,-0.0061514801999231,-0.035432525951557,0.0517339484813533,0.2519646289888504,-0.1245674740484429,-0.2141330257593233,-0.186082276047674,0.2069357939254133,-0.0711111111111111,-0.0984236831987697,0.0002460592079969,-0.0384467512495194,0.1476970396001538,-0.01039600153787,0.0711111111111111,0.1137408688965782,-0.0517339484813533,-0.0199307958477508,0.0669896193771626,0.2441522491349481,-0.0984236831987697,-0.1537870049980776,-0.0138408304498269,-0.0271280276816609,-0.075355632449058,-0.1793771626297577,0.0061514801999231,0.1190926566705113,-0.1929104190695886,0.0325413302575932,-0.0325413302575932,0.1034063821607074,-0.1190926566705113,0.3553094963475586,0.0669896193771626,-0.035432525951557,0.0553633217993079,-0.0797231833910034,0.0842137639369473,0.0553633217993079,0.186082276047674,-0.1085121107266436,0.0246059207996924,-0.16,0.0022145328719723,-0.2214532871972318,0.0120569011918492,-0.186082276047674,0.16,0.0039369473279507,-0.7928846989080944,-7.601454286233084,4.003404675822837,-2.382576955750667,0.4632418155670166,-0.5197792053222656,-0.4846989214420318,0.4573718607425689,-0.4873574674129486,-0.4232324659824371,0.740562379360199,-0.6063082218170166,-0.4367179572582245,0.7433056235313416,-0.6685815453529358,-0.5328558087348938,1279.847412109375,0.1410644650459289
EXPB-014,105.393284,26.598866,w7,wc20,M3A-w7-3017,20.0,,否,草地,低,灰绿平滑低对比，纹理不足,judge_B_00.csv,False,11,0.0448442906574394,0.075355632449058,0.0888273740868896,0.0553633217993079,0.0482276047673971,-0.0935640138408304,-0.1663360246059207,0.0935640138408304,0.035432525951557,0.1476970396001538,0.16,0.0297731641676278,-0.2441522491349481,-0.0177777777777777,-0.1245674740484429,-0.1663360246059207,-0.1929104190695886,0.0030142252979623,-0.2214532871972318,-0.16,-0.1998615916955017,-0.059115724721261,0.0049826989619377,-0.1358861976163014,0.0629911572472126,-0.0271280276816609,-0.0138408304498269,-0.1245674740484429,-0.075355632449058,0.1663360246059207,-0.0517339484813533,0.1537870049980776,0.0842137639369473,0.0629911572472126,-0.1998615916955017,0.0325413302575932,-0.1793771626297577,-0.17279507881584,-0.0384467512495194,0.0669896193771626,-0.0002460592079969,0.1137408688965782,-0.1663360246059207,0.0246059207996924,-0.0448442906574394,0.0061514801999231,0.0553633217993079,0.0157477893118031,0.0669896193771626,0.059115724721261,0.0711111111111111,-0.075355632449058,0.0888273740868896,0.16,-0.0177777777777777,-0.2679584775086506,-0.1137408688965782,-0.1301653210303729,-0.2364628988850442,-0.3100961168781238,-0.1793771626297577,-0.1245674740484429,-0.0711111111111111,0.0120569011918492,-13.45745013274403,-18.274242881038237,-12.375579477010625,-17.920251306654134,0.6008504033088684,-0.5957615971565247,-0.6453636884689331,0.7246376872062683,-0.6090964674949646,-0.5174506902694702,0.8382566571235657,-0.7007168531417847,-0.512052595615387,0.7540805339813232,-0.6612848043441772,-0.60787433385849,1906.76171875,0.1484786123037338
EXPB-015,105.47281447598444,25.37587964039348,w7,fcs10layer_audit,M5A-14011,,120.0,是,常绿灌丛,低,深绿均匀不透，无行无冠影,judge_B_00.csv,False,9,0.01039600153787,-0.0482276047673971,0.1085121107266436,0.0199307958477508,0.0049826989619377,-0.0935640138408304,-0.2141330257593233,0.059115724721261,0.01039600153787,0.0711111111111111,0.0325413302575932,-0.0482276047673971,-0.292871972318339,0.0297731641676278,-0.1085121107266436,-0.1085121107266436,-0.2069357939254133,0.186082276047674,-0.1663360246059207,-0.186082276047674,-0.2441522491349481,0.1190926566705113,-0.059115724721261,-0.1085121107266436,-0.1034063821607074,-0.1245674740484429,0.075355632449058,-0.035432525951557,-0.1793771626297577,0.0842137639369473,0.1034063821607074,0.059115724721261,0.0711111111111111,0.1301653210303729,-0.292871972318339,0.0482276047673971,-0.1034063821607074,-0.0935640138408304,-0.1085121107266436,0.0711111111111111,0.0246059207996924,0.0517339484813533,-0.1476970396001538,0.0935640138408304,0.0074432910419069,0.1085121107266436,0.01039600153787,0.0271280276816609,-0.1476970396001538,-0.0888273740868896,0.16,-0.075355632449058,0.17279507881584,-0.0271280276816609,-0.0088581314878892,-0.1476970396001538,-0.1034063821607074,0.0842137639369473,-0.17279507881584,-0.3188927335640138,-0.0415840061514801,-0.1245674740484429,-0.1301653210303729,-0.0553633217993079,-13.0369902494094,-17.937851591541886,-10.85301193192316,-17.226306635026287,0.7178065180778503,-0.6414483189582825,-0.5812994241714478,0.6289082765579224,-0.5394800305366516,-0.5168558359146118,0.820027768611908,-0.6824738383293152,-0.5434010624885559,0.8332206606864929,-0.6967042088508606,-0.5336754322052002,1874.573486328125,0.3339246213436126
EXPB-016,113.1808986029004,27.32432549164872,w3,fcs10layer_m3bA,M3B-A239,,,否,裸地,中,浅褐裸土伴犁痕，无植被,judge_B_00.csv,False,22,0.0888273740868896,0.1137408688965782,0.0711111111111111,0.0711111111111111,0.1476970396001538,-0.035432525951557,-0.2519646289888504,0.17279507881584,0.0074432910419069,0.1417301038062283,0.0669896193771626,0.1301653210303729,-0.2761399461745483,-0.0629911572472126,-0.1476970396001538,-0.1358861976163014,-0.1358861976163014,0.0553633217993079,-0.2288965782391388,0.0061514801999231,-0.16,0.0517339484813533,-0.1301653210303729,-0.0984236831987697,0.1301653210303729,0.0711111111111111,-0.1034063821607074,-0.1301653210303729,-0.0061514801999231,0.2141330257593233,0.0074432910419069,0.186082276047674,0.1245674740484429,0.0039369473279507,-0.2519646289888504,0.1358861976163014,-0.3100961168781238,-0.2214532871972318,-0.01039600153787,0.0049826989619377,0.0448442906574394,0.1417301038062283,0.035432525951557,0.0297731641676278,0.0415840061514801,0.0629911572472126,0.059115724721261,-0.0039369473279507,0.1476970396001538,0.059115724721261,0.0061514801999231,-0.0842137639369473,0.0482276047673971,0.0797231833910034,-0.0842137639369473,-0.1476970396001538,-0.16,-0.0415840061514801,-0.0984236831987697,-0.0517339484813533,-0.1537870049980776,-0.1417301038062283,-0.0482276047673971,0.0120569011918492,-11.725954761116885,-15.64706274824012,-12.870665900967566,-17.913357895794547,0.5456215739250183,-0.5561035871505737,-0.5870375633239746,0.6169368028640747,-0.5641599893569946,-0.5653422474861145,0.8294573426246643,-0.6894854307174683,-0.5804111361503601,0.7645615935325623,-0.6904551982879639,-0.6695924997329712,320.2052307128906,0.1509173363447189
EXPB-017,105.352859,25.651323,w7,m3a,M3A-w7-3128,40.0,,否,草地,低,路旁绿面，无木本团块,judge_B_00.csv,False,11,0.0177777777777777,-0.0553633217993079,0.1537870049980776,0.0297731641676278,0.0517339484813533,-0.1190926566705113,-0.17279507881584,0.0325413302575932,-0.0984236831987697,0.1190926566705113,0.0517339484813533,-0.059115724721261,-0.3188927335640138,0.0199307958477508,-0.0711111111111111,-0.1663360246059207,-0.1245674740484429,0.1929104190695886,-0.1190926566705113,-0.1929104190695886,-0.2069357939254133,0.2679584775086506,-0.0120569011918492,-0.1301653210303729,-0.1358861976163014,-0.0049826989619377,-0.0074432910419069,0.0120569011918492,0.0384467512495194,0.0384467512495194,0.0222068435217224,-0.0222068435217224,0.0222068435217224,0.1137408688965782,-0.0888273740868896,-0.0629911572472126,-0.1085121107266436,-0.0448442906574394,-0.0517339484813533,-0.0935640138408304,0.0246059207996924,0.0935640138408304,-0.1929104190695886,0.1793771626297577,-0.0711111111111111,0.1034063821607074,0.0711111111111111,0.0888273740868896,-0.0325413302575932,-0.0088581314878892,0.0797231833910034,-0.0138408304498269,0.1085121107266436,0.0711111111111111,0.1245674740484429,-0.2288965782391388,-0.16,-0.0448442906574394,-0.1476970396001538,-0.3014225297962323,-0.0553633217993079,-0.3278123798539023,0.0517339484813533,0.0138408304498269,-7.157097225971607,-14.292626528354056,-6.378140260216815,-13.607221249314064,0.3505131006240845,-0.3930839896202087,-0.505557656288147,0.4531645476818084,-0.4460714757442474,-0.4211911857128143,0.6931506991386414,-0.623984694480896,-0.5125426054000854,0.626971960067749,-0.5632461309432983,-0.4780378341674804,1382.6600341796875,0.3339246213436126
EXPB-018,112.445687,28.815729,w3,wc20,M3A-w3-0871,20.0,,否,草地,中,宽条带绿面，疑刈割草地,judge_B_00.csv,False,11,-0.0711111111111111,-0.1245674740484429,0.0797231833910034,0.1301653210303729,0.0138408304498269,0.1358861976163014,-0.1476970396001538,0.16,-0.1301653210303729,0.16,0.0629911572472126,0.0199307958477508,-0.1476970396001538,-0.1034063821607074,-0.0482276047673971,-0.0935640138408304,-0.2844444444444444,0.0517339484813533,-0.1793771626297577,-0.0222068435217224,-0.292871972318339,0.1245674740484429,-0.1476970396001538,0.1085121107266436,0.059115724721261,0.2141330257593233,-0.0022145328719723,-0.1417301038062283,0.0157477893118031,0.16,-0.1137408688965782,0.0629911572472126,-0.1137408688965782,0.059115724721261,-0.0482276047673971,0.1929104190695886,-0.1034063821607074,0.01039600153787,0.0325413302575932,-0.0120569011918492,0.1998615916955017,0.0797231833910034,-0.0629911572472126,0.0448442906574394,0.0669896193771626,0.1793771626297577,0.1358861976163014,-0.0222068435217224,0.0888273740868896,0.0415840061514801,-0.1085121107266436,0.2214532871972318,0.0138408304498269,0.1034063821607074,0.0222068435217224,-0.186082276047674,-0.1190926566705113,-0.035432525951557,-0.0888273740868896,-0.0325413302575932,-0.2441522491349481,-0.1301653210303729,0.1793771626297577,0.1034063821607074,-13.115169852676342,-18.68212511710116,-12.11886743617816,-14.849906925952729,0.3772242069244385,-0.4298029541969299,-0.4597432911396026,0.7074092626571655,-0.6071640253067017,-0.4781786799430847,0.7672219276428223,-0.640135645866394,-0.4670605659484863,0.6501320600509644,-0.5508965253829956,-0.5053175091743469,30.25100898742676,0.0289714224636554
EXPB-019,102.98160653006418,25.62749775147536,w7,fcs10layer_audit,M5A-14548,,120.0,是,常绿灌丛,低,深色圆丛散布绿底，无树影,judge_B_00.csv,False,9,0.1301653210303729,-0.035432525951557,0.1034063821607074,-0.0199307958477508,0.0061514801999231,-0.0297731641676278,-0.1998615916955017,0.1085121107266436,0.0797231833910034,0.0669896193771626,0.0246059207996924,-0.0138408304498269,-0.1998615916955017,0.0120569011918492,0.0482276047673971,-0.035432525951557,-0.035432525951557,-0.1476970396001538,-0.0935640138408304,-0.3188927335640138,-0.0797231833910034,-0.2069357939254133,0.2441522491349481,-0.1537870049980776,-0.01039600153787,-0.0157477893118031,0.0415840061514801,-0.0415840061514801,-0.0138408304498269,0.1663360246059207,0.0049826989619377,0.059115724721261,0.1537870049980776,-0.0157477893118031,-0.1034063821607074,-0.0797231833910034,-0.1085121107266436,-0.1537870049980776,-0.0415840061514801,-0.0177777777777777,0.0553633217993079,0.0049826989619377,-0.1998615916955017,0.1929104190695886,-0.059115724721261,-0.0177777777777777,-0.2141330257593233,0.1417301038062283,0.0629911572472126,0.01039600153787,0.1085121107266436,-0.0797231833910034,0.0039369473279507,0.1034063821607074,0.0088581314878892,-0.2364628988850442,0.0177777777777777,-0.0271280276816609,-0.3278123798539023,-0.2679584775086506,0.035432525951557,-0.1537870049980776,-0.186082276047674,0.075355632449058,-10.25394767579282,-17.112896094067672,-9.652836505957756,-16.30334528607138,0.8891057372093201,-0.795918345451355,-0.5023949146270752,0.8557716012001038,-0.750638484954834,-0.4786407649517059,0.8904244899749756,-0.7758200764656067,-0.5138260722160339,0.88241046667099,-0.7857142686843872,-0.5196256637573242,2414.823486328125,0.0951210707426071
EXPB-020,103.26152157259584,25.917833251302785,w7,fcs10layer_audit,M5A-13933,,120.0,否,草地,低,干坡褐绿混杂，团块不足,judge_B_00.csv,False,11,0.059115724721261,-0.0415840061514801,0.2141330257593233,-0.035432525951557,-0.0553633217993079,-0.0797231833910034,-0.0629911572472126,0.2844444444444444,-0.075355632449058,0.0797231833910034,0.0246059207996924,-0.059115724721261,-0.1537870049980776,0.0002460592079969,0.1034063821607074,-0.0448442906574394,0.0120569011918492,0.2141330257593233,-0.1358861976163014,-0.2441522491349481,-0.1476970396001538,0.0629911572472126,0.0074432910419069,-0.075355632449058,-0.0030142252979623,0.035432525951557,0.1190926566705113,0.0157477893118031,0.1663360246059207,0.1301653210303729,-0.0669896193771626,0.0482276047673971,0.0482276047673971,0.2364628988850442,0.0271280276816609,-0.186082276047674,0.1085121107266436,-0.0325413302575932,0.0482276047673971,-0.0629911572472126,-0.0157477893118031,0.1417301038062283,-0.2364628988850442,0.0325413302575932,0.0138408304498269,0.0120569011918492,-0.1301653210303729,0.3647212610534409,-0.0039369473279507,0.0297731641676278,-0.0138408304498269,0.0039369473279507,0.0325413302575932,0.0935640138408304,0.2679584775086506,-0.1358861976163014,0.0088581314878892,-0.2288965782391388,-0.1137408688965782,-0.1476970396001538,-0.0088581314878892,-0.16,0.1245674740484429,0.0222068435217224,-2.4538131520700976,-7.180173326118156,-11.74361012064088,-16.756405877078798,0.5571250319480896,-0.5634037852287292,-0.4421744644641876,0.4817248582839966,-0.4955440461635589,-0.4035044610500335,0.5322046875953674,-0.4594995379447937,-0.3432432413101196,0.6761975288391113,-0.5991969704627991,-0.4390082657337188,1772.1236572265625,0.1644186377525329
EXPB-021,103.892468,23.633348,w7,m3a,M3A-w7-3083,30.0,,否,稀疏植被,低,褐坡面夹稀疏植被,judge_B_00.csv,False,13,-0.0222068435217224,-0.0842137639369473,0.0711111111111111,-0.0711111111111111,-0.0015378700499807,0.01039600153787,-0.1034063821607074,0.1537870049980776,-0.1137408688965782,0.01039600153787,0.1663360246059207,-0.1358861976163014,-0.3100961168781238,0.0384467512495194,0.075355632449058,-0.0842137639369473,-0.01039600153787,0.2069357939254133,-0.1998615916955017,-0.3188927335640138,-0.186082276047674,0.075355632449058,0.0517339484813533,-0.1476970396001538,-0.0157477893118031,-0.0246059207996924,0.1137408688965782,0.0669896193771626,-0.0246059207996924,0.1245674740484429,0.0984236831987697,0.0222068435217224,0.1417301038062283,0.1301653210303729,-0.0669896193771626,-0.1301653210303729,0.0199307958477508,-0.0415840061514801,0.1190926566705113,0.059115724721261,0.1537870049980776,-0.0138408304498269,-0.2214532871972318,0.1245674740484429,0.0297731641676278,-0.1034063821607074,0.0222068435217224,0.1476970396001538,-0.1358861976163014,-0.0711111111111111,0.1358861976163014,0.035432525951557,0.0888273740868896,0.0297731641676278,0.1929104190695886,-0.0415840061514801,0.0199307958477508,-0.0842137639369473,-0.1476970396001538,-0.3100961168781238,-0.0271280276816609,-0.2288965782391388,0.1085121107266436,0.0517339484813533,-11.17804277492282,-15.998690959789148,-7.752731250290818,-14.169867492937684,0.472769945859909,-0.546462893486023,-0.615464985370636,0.2102950364351272,-0.3463687002658844,-0.5718206763267517,0.1673576235771179,-0.329853355884552,-0.4679297506809234,0.2785798907279968,-0.36310875415802,-0.4120661616325378,1586.563720703125,0.1838131248950958
EXPB-022,105.269855,24.592748,w7,wc20,M3A-w7-3026,20.0,,否,草地,低,橄榄绿均质草面，无团块,judge_B_00.csv,False,11,-0.0002460592079969,-0.0030142252979623,0.1301653210303729,0.0246059207996924,0.0074432910419069,-0.1998615916955017,-0.2441522491349481,0.1663360246059207,0.0049826989619377,0.0984236831987697,0.0669896193771626,-0.0049826989619377,-0.3014225297962323,-0.0246059207996924,-0.1034063821607074,-0.1137408688965782,-0.1998615916955017,0.1358861976163014,-0.1301653210303729,-0.2069357939254133,-0.2288965782391388,0.0797231833910034,0.0415840061514801,-0.1417301038062283,0.0199307958477508,-0.0797231833910034,0.0415840061514801,0.0177777777777777,-0.2069357939254133,0.1301653210303729,0.0088581314878892,0.1301653210303729,0.1358861976163014,0.0271280276816609,-0.2069357939254133,-0.0120569011918492,-0.1929104190695886,-0.1476970396001538,-0.059115724721261,-0.0222068435217224,-0.0384467512495194,0.0297731641676278,-0.1537870049980776,0.1417301038062283,-0.0669896193771626,0.0984236831987697,-0.0842137639369473,0.0935640138408304,0.0415840061514801,-0.0157477893118031,0.1476970396001538,-0.0711111111111111,0.1358861976163014,-0.0157477893118031,-0.0842137639369473,-0.17279507881584,-0.1301653210303729,-0.0482276047673971,-0.16,-0.2679584775086506,-0.035432525951557,-0.1663360246059207,-0.1085121107266436,-0.0629911572472126,-9.44238473496146,-15.060439582533142,-9.338191467225576,-18.333432158580194,0.5643872022628784,-0.6325300931930542,-0.6420672535896301,0.7064372897148132,-0.6619375944137573,-0.5823038220405579,0.8713576793670654,-0.7434144616127014,-0.5836867690086365,0.8579683899879456,-0.7592512369155884,-0.6596783995628357,1658.4881591796875,0.0363548807799816
EXPB-023,101.86167686535236,23.88449660569825,w7,fcs10layer_audit,M5A-11359,,120.0,是,常绿灌丛,低,密集圆丛带暗隙，无乔木影,judge_B_00.csv,False,9,0.0482276047673971,-0.0842137639369473,0.0842137639369473,0.0384467512495194,0.0517339484813533,-0.0199307958477508,-0.2761399461745483,0.1301653210303729,-0.0271280276816609,0.0482276047673971,0.1929104190695886,0.1085121107266436,-0.2288965782391388,-0.0669896193771626,0.0711111111111111,-0.0246059207996924,0.0199307958477508,-0.1085121107266436,-0.17279507881584,-0.0448442906574394,-0.3839138792772011,0.075355632449058,0.1417301038062283,-0.1358861976163014,0.0074432910419069,-0.0325413302575932,0.1929104190695886,0.0120569011918492,-0.1137408688965782,0.0984236831987697,0.0120569011918492,0.1301653210303729,0.2214532871972318,-0.0157477893118031,-0.16,-0.0415840061514801,-0.1476970396001538,-0.0669896193771626,-0.01039600153787,0.0138408304498269,-0.0271280276816609,0.0415840061514801,-0.1190926566705113,0.3014225297962323,0.0015378700499807,0.1085121107266436,-0.0448442906574394,0.0157477893118031,-0.0297731641676278,0.0384467512495194,-0.0138408304498269,-0.0629911572472126,0.1245674740484429,0.0482276047673971,0.0984236831987697,-0.1137408688965782,-0.0157477893118031,-0.1998615916955017,-0.186082276047674,-0.292871972318339,0.0448442906574394,-0.1301653210303729,0.0669896193771626,-0.0271280276816609,-11.625501230100168,-16.87175232634119,-8.85475348588811,-16.090882113299322,0.6605324149131775,-0.6183179616928101,-0.5260540246963501,0.5436874628067017,-0.5298298001289368,-0.5245839357376099,0.7971118092536926,-0.6839632987976074,-0.4955373108386993,0.848391592502594,-0.7348385453224182,-0.5501113533973694,766.3693237304688,0.1109159290790557
EXPB-024,113.643591,25.091044,w3,wc20,M3A-w3-0874,20.0,,否,裸地,中,村边褐色地面，无植被团块,judge_B_00.csv,False,22,-0.0935640138408304,-0.0669896193771626,0.1476970396001538,0.0482276047673971,0.0157477893118031,0.0553633217993079,-0.1998615916955017,0.0711111111111111,-0.1085121107266436,0.1998615916955017,0.0246059207996924,-0.0482276047673971,-0.2069357939254133,-0.1034063821607074,-0.0222068435217224,-0.0797231833910034,-0.1537870049980776,0.0888273740868896,-0.0669896193771626,-0.059115724721261,-0.3839138792772011,0.2069357939254133,-0.1085121107266436,-0.1085121107266436,-0.0015378700499807,0.2599000384467512,0.0022145328719723,-0.1085121107266436,0.0246059207996924,0.0797231833910034,-0.0553633217993079,0.0246059207996924,-0.0415840061514801,0.075355632449058,-0.0246059207996924,0.1245674740484429,-0.0711111111111111,-0.035432525951557,0.0138408304498269,0.0088581314878892,0.1663360246059207,0.16,-0.1358861976163014,0.2364628988850442,0.0325413302575932,0.1190926566705113,0.0711111111111111,0.075355632449058,0.0935640138408304,0.17279507881584,-0.075355632449058,0.0553633217993079,0.0325413302575932,0.1245674740484429,0.17279507881584,-0.2214532871972318,-0.0888273740868896,-0.0797231833910034,-0.0888273740868896,-0.186082276047674,-0.0935640138408304,-0.2441522491349481,0.0074432910419069,0.0842137639369473,-6.752830318474452,-13.24502690173109,-7.44001085252118,-12.930387375657553,,,,,,,,,,,,,,
EXPB-025,109.610604,23.125081,w3,wc20,M3A-w3-0887,20.0,,否,裸地,高,土路路面，车辙可见,judge_B_00.csv,False,22,-0.0415840061514801,-0.0629911572472126,0.1417301038062283,0.0888273740868896,-0.0553633217993079,0.1190926566705113,-0.1137408688965782,-0.0157477893118031,-0.0711111111111111,0.1301653210303729,0.0797231833910034,6.151480199923106e-05,-0.2844444444444444,-0.0482276047673971,-0.035432525951557,-0.0935640138408304,-0.0888273740868896,0.075355632449058,-0.1301653210303729,0.0199307958477508,-0.3188927335640138,0.2679584775086506,-0.1137408688965782,-0.1190926566705113,-0.0711111111111111,0.3014225297962323,0.0049826989619377,-0.1137408688965782,-0.0039369473279507,0.16,0.1417301038062283,0.0246059207996924,-0.0482276047673971,0.1034063821607074,-0.0177777777777777,0.1929104190695886,-0.1190926566705113,0.0157477893118031,0.0384467512495194,0.0088581314878892,0.1358861976163014,0.0669896193771626,-0.0415840061514801,0.2679584775086506,0.0325413302575932,0.0842137639369473,0.0935640138408304,-0.0199307958477508,0.0271280276816609,0.0711111111111111,-0.075355632449058,-0.0039369473279507,-0.0297731641676278,0.17279507881584,0.2069357939254133,-0.2441522491349481,-0.1301653210303729,-0.01039600153787,-0.0415840061514801,-0.1190926566705113,-0.0984236831987697,-0.2141330257593233,0.0157477893118031,0.0797231833910034,-10.750786294390526,-18.20882490390884,-8.80213855928669,-15.12097680505968,0.390613704919815,-0.457434743642807,-0.5885222554206848,0.4385266304016113,-0.4529914557933807,-0.4535409212112427,0.534515917301178,-0.4825521409511566,-0.4436056911945343,0.5129566192626953,-0.4733961820602417,-0.4471752345561981,45.36015701293945,0.1275697350502014
EXPB-026,113.43898458402792,28.452519656974427,w3,fcs10layer_m3bA,M3B-A074,,,否,草地,低,绿面均质，旁见园行,judge_B_00.csv,False,11,-0.0482276047673971,-0.0120569011918492,0.1190926566705113,-0.0199307958477508,0.0246059207996924,0.1301653210303729,-0.2441522491349481,0.0629911572472126,-0.0553633217993079,0.1137408688965782,-0.0448442906574394,-0.0120569011918492,-0.2761399461745483,-0.1034063821607074,-0.0482276047673971,-0.17279507881584,-0.17279507881584,0.1358861976163014,-0.1301653210303729,-0.059115724721261,-0.2519646289888504,0.16,-0.1998615916955017,-0.0325413302575932,-0.0246059207996924,0.16,-0.0935640138408304,-0.1998615916955017,0.0797231833910034,0.1476970396001538,-0.059115724721261,0.0448442906574394,0.0246059207996924,0.0553633217993079,-0.16,0.1998615916955017,-0.0888273740868896,-0.0669896193771626,-0.0074432910419069,-0.0415840061514801,0.0842137639369473,0.17279507881584,-0.0222068435217224,0.1476970396001538,0.0888273740868896,0.1929104190695886,0.1245674740484429,-0.0039369473279507,0.16,0.0517339484813533,-0.0384467512495194,0.0711111111111111,0.0517339484813533,0.16,0.0669896193771626,-0.17279507881584,-0.1417301038062283,0.0074432910419069,-0.0629911572472126,-0.1537870049980776,-0.17279507881584,-0.2599000384467512,0.0797231833910034,0.0177777777777777,-10.275754725497013,-16.359768151974944,-8.22846541846739,-14.876504600058308,0.3456504940986633,-0.4125252664089203,-0.5056103467941284,0.5507546663284302,-0.5259172916412354,-0.4569713175296783,0.7223381996154785,-0.6324511766433716,-0.5289269089698792,0.7945736646652222,-0.682107150554657,-0.5135510563850403,133.82579040527344,0.1451162546873092
EXPB-027,112.669098,27.825875,w3,m3a,M3A-w3-0807,40.0,,否,草地,低,房边绿面夹暗丛，木本不足,judge_B_00.csv,False,11,-0.0517339484813533,0.0177777777777777,0.1417301038062283,-0.0448442906574394,0.0325413302575932,0.1417301038062283,-0.0935640138408304,0.0888273740868896,-0.1476970396001538,0.1301653210303729,-0.01039600153787,0.035432525951557,-0.16,-0.0711111111111111,-0.035432525951557,-0.0888273740868896,-0.1137408688965782,0.1998615916955017,-0.1085121107266436,-0.0088581314878892,-0.1537870049980776,0.17279507881584,-0.0842137639369473,-0.1034063821607074,0.0074432910419069,0.2761399461745483,-0.0049826989619377,-0.1537870049980776,0.0669896193771626,0.1793771626297577,-0.01039600153787,-0.0448442906574394,0.0061514801999231,-0.0199307958477508,-0.0015378700499807,0.0984236831987697,-0.186082276047674,-0.035432525951557,0.0842137639369473,-0.0711111111111111,0.0246059207996924,0.0711111111111111,-0.1034063821607074,0.1085121107266436,0.0629911572472126,0.2441522491349481,0.1137408688965782,0.2288965782391388,0.2288965782391388,0.0935640138408304,0.0222068435217224,0.0888273740868896,-0.0553633217993079,0.0797231833910034,0.2214532871972318,-0.292871972318339,-0.1137408688965782,-0.0711111111111111,0.0482276047673971,-0.1537870049980776,-0.1537870049980776,-0.2679584775086506,0.0842137639369473,0.059115724721261,-2.0314003158828053,-11.150131802095265,-2.9464015527419614,-11.66663282855275,0.12838014960289,-0.2856715619564056,-0.3278919160366058,0.1866093575954437,-0.311172217130661,-0.2878552973270416,0.3627062141895294,-0.4466858804225921,-0.4660962522029876,0.4357798099517822,-0.4265096783638,-0.4742339849472046,45.86254119873047,0.1097791194915771
EXPB-028,110.41444685392592,24.92627284069166,w3,fcs10layer_m3bA,M3B-A270,,,否,裸地,低,粉褐裸地夹暗绿带，无木本,judge_B_00.csv,False,22,-0.01039600153787,0.0297731641676278,0.1998615916955017,-0.01039600153787,0.035432525951557,0.0629911572472126,-0.3100961168781238,0.0711111111111111,-0.035432525951557,0.0984236831987697,-0.0384467512495194,-0.059115724721261,-0.2288965782391388,0.0177777777777777,-0.075355632449058,-0.16,-0.0984236831987697,0.2519646289888504,-0.1929104190695886,-0.1663360246059207,-0.2599000384467512,0.2441522491349481,-0.1417301038062283,-0.1245674740484429,-0.0984236831987697,0.0157477893118031,-0.0120569011918492,-0.059115724721261,-0.0120569011918492,0.16,0.0935640138408304,0.0629911572472126,0.075355632449058,0.1137408688965782,-0.2441522491349481,0.0797231833910034,-0.1358861976163014,-0.0138408304498269,-0.0553633217993079,0.0984236831987697,0.1663360246059207,0.0984236831987697,-0.0629911572472126,0.0888273740868896,-0.0222068435217224,0.1417301038062283,0.0935640138408304,0.1245674740484429,0.0177777777777777,-0.0448442906574394,0.0448442906574394,0.0074432910419069,0.1476970396001538,0.0120569011918492,0.0888273740868896,-0.0935640138408304,-0.1417301038062283,0.0271280276816609,-0.0246059207996924,-0.1034063821607074,-0.1417301038062283,-0.2441522491349481,0.1663360246059207,0.0629911572472126,-7.239692772745188,-17.25664630545506,-6.2005996924569615,-13.903718807987127,0.3551225662231445,-0.42216357588768,-0.543749988079071,0.7085137367248535,-0.6160145401954651,-0.5044040083885193,0.4606425762176513,-0.4835814833641052,-0.4988619387149811,0.6081288456916809,-0.6017823219299316,-0.5628842711448669,283.1002502441406,0.2197421044111251
EXPB-029,104.777488,25.672883,w7,wc20,M3A-w7-3018,20.0,,否,草地,中,绿面均质，散见暗丛,judge_B_00.csv,False,11,-0.0271280276816609,0.059115724721261,0.035432525951557,0.0797231833910034,0.0222068435217224,-0.0935640138408304,-0.186082276047674,0.1034063821607074,0.0177777777777777,0.1137408688965782,0.1663360246059207,-0.0246059207996924,-0.2288965782391388,-0.0842137639369473,-0.0177777777777777,-0.1301653210303729,-0.1793771626297577,0.0297731641676278,-0.2364628988850442,-0.16,-0.2679584775086506,-0.0120569011918492,0.0448442906574394,-0.1190926566705113,0.0448442906574394,0.0384467512495194,0.059115724721261,-0.0984236831987697,0.0061514801999231,0.1417301038062283,-0.075355632449058,0.1663360246059207,0.1998615916955017,0.075355632449058,-0.0888273740868896,-0.0177777777777777,-0.0888273740868896,-0.1245674740484429,-0.0039369473279507,-0.0297731641676278,-0.0030142252979623,0.0711111111111111,-0.1663360246059207,0.1417301038062283,0.000553633217993,0.0120569011918492,0.0669896193771626,0.0138408304498269,0.0297731641676278,0.0553633217993079,0.1137408688965782,-0.059115724721261,0.0797231833910034,0.1663360246059207,0.0553633217993079,-0.2441522491349481,-0.0482276047673971,-0.16,-0.2288965782391388,-0.3742560553633218,-0.1663360246059207,-0.186082276047674,0.0061514801999231,-0.0384467512495194,-10.49861164177324,-17.34793932878228,-12.781748803897312,-18.316158999899244,0.5419651865959167,-0.6018075346946716,-0.6648019552230835,0.7631120085716248,-0.647530734539032,-0.4863927066326141,0.861307680606842,-0.7296159863471985,-0.5709515810012817,0.6845683455467224,-0.6531020402908325,-0.5927956104278564,1955.7861328125,0.2621802389621734
EXPB-030,112.783634,28.792821,w3,m3a,M3A-w3-1054,90.0,,是,常绿灌丛,低,大面积均匀深绿不透冠层,judge_B_00.csv,False,9,-0.1034063821607074,-0.0935640138408304,-0.0157477893118031,0.1663360246059207,0.0888273740868896,0.1358861976163014,-0.1085121107266436,0.1476970396001538,-0.0553633217993079,0.1663360246059207,0.0061514801999231,0.0482276047673971,-0.186082276047674,-0.0797231833910034,-0.0061514801999231,-0.1663360246059207,-0.2761399461745483,0.1245674740484429,-0.0935640138408304,-0.1190926566705113,-0.2679584775086506,0.1537870049980776,-0.1663360246059207,0.0935640138408304,0.1245674740484429,0.1793771626297577,0.0039369473279507,-0.0888273740868896,0.0629911572472126,0.059115724721261,-0.0297731641676278,0.0325413302575932,-0.0325413302575932,0.0074432910419069,-0.0711111111111111,0.2069357939254133,-0.0669896193771626,-0.0222068435217224,0.0629911572472126,0.0271280276816609,0.2141330257593233,0.0325413302575932,-0.0517339484813533,-0.0384467512495194,0.0935640138408304,0.1034063821607074,0.186082276047674,-0.0246059207996924,0.1085121107266436,0.1537870049980776,-0.0669896193771626,0.1998615916955017,0.0222068435217224,0.0842137639369473,0.0888273740868896,-0.1793771626297577,-0.1358861976163014,-0.1476970396001538,-0.1137408688965782,-0.1301653210303729,-0.1358861976163014,-0.2441522491349481,0.186082276047674,0.1034063821607074,-10.302472511000122,-17.15857597734027,-7.40358263016219,-12.854059209256372,0.4083248674869537,-0.4928971230983734,-0.6292099356651306,0.773624062538147,-0.6120811700820923,-0.4888059794902801,0.5610570311546326,-0.5502762198448181,-0.5424395799636841,0.6383174657821655,-0.5694117546081543,-0.5524304509162903,26.151323318481445,0.0289714224636554
EXPB-031,102.902076,24.95468,w7,m3a,M3A-w7-2932,50.0,,否,不透水面,高,厂房屋面与铺装面,judge_B_00.csv,False,21,0.1137408688965782,-0.0888273740868896,0.059115724721261,0.0517339484813533,0.1137408688965782,-0.2141330257593233,0.0015378700499807,-0.0222068435217224,-0.3188927335640138,0.1301653210303729,0.0517339484813533,-0.0517339484813533,-0.16,-0.0553633217993079,-0.2519646289888504,-0.2364628988850442,0.0629911572472126,0.0888273740868896,0.059115724721261,-0.0088581314878892,-0.0039369473279507,0.1137408688965782,0.0517339484813533,-0.0415840061514801,-0.0553633217993079,0.0049826989619377,0.0669896193771626,0.0297731641676278,-0.0074432910419069,-0.0842137639369473,0.1034063821607074,0.0842137639369473,-0.0157477893118031,0.0157477893118031,0.1085121107266436,-0.1476970396001538,-0.2599000384467512,-0.1034063821607074,0.0199307958477508,-0.075355632449058,-0.0222068435217224,-0.075355632449058,-0.16,0.0669896193771626,-0.0199307958477508,0.2364628988850442,-0.0297731641676278,0.0984236831987697,-0.0415840061514801,-0.0842137639369473,0.0222068435217224,0.1301653210303729,-0.0157477893118031,0.075355632449058,0.1137408688965782,-0.3188927335640138,-0.0448442906574394,-0.1190926566705113,-0.1034063821607074,-0.4035986159169549,-0.0222068435217224,-0.1137408688965782,-0.0384467512495194,-0.059115724721261,-0.2317824559799821,-9.097576754065472,3.219889027527839,-5.973022651034475,0.0339969359338283,-0.0432632863521575,-0.1710843443870544,0.0496163666248321,-0.0555555559694767,-0.2235144823789596,0.0167381968349218,-0.0324689485132694,-0.2475851476192474,0.066568411886692,-0.0736894160509109,-0.1325691789388656,2049.58642578125,0.1864792853593826
EXPB-032,104.752156,26.812036,w7,m3a,M3A-w7-2868,30.0,,否,稀疏植被,低,缓坡地面植被稀疏,judge_B_00.csv,False,13,-0.0246059207996924,0.035432525951557,0.1417301038062283,-0.0517339484813533,-0.0842137639369473,-0.0517339484813533,-0.1137408688965782,0.1358861976163014,-0.0448442906574394,0.1137408688965782,-0.0002460592079969,-0.2288965782391388,-0.1929104190695886,0.0199307958477508,-0.1663360246059207,-0.1537870049980776,-0.186082276047674,0.186082276047674,-0.1998615916955017,-0.2364628988850442,-0.16,0.1663360246059207,-0.035432525951557,-0.1301653210303729,-0.035432525951557,-0.0935640138408304,0.0246059207996924,-0.0120569011918492,-0.000553633217993,0.1301653210303729,0.0039369473279507,0.0120569011918492,0.035432525951557,0.2761399461745483,-0.1663360246059207,-0.1085121107266436,-0.0325413302575932,-0.0271280276816609,-0.1190926566705113,-0.0842137639369473,0.0039369473279507,0.1190926566705113,-0.2364628988850442,-0.0271280276816609,-0.0448442906574394,0.059115724721261,0.0448442906574394,0.1929104190695886,-0.035432525951557,-0.0797231833910034,0.1137408688965782,-0.0271280276816609,0.1663360246059207,0.1358861976163014,0.0842137639369473,-0.1537870049980776,-0.0629911572472126,-0.0297731641676278,-0.1663360246059207,-0.2141330257593233,-0.1476970396001538,-0.2519646289888504,0.0015378700499807,0.0553633217993079,-4.599676562085943,-11.921156518928058,-5.915256879449951,-12.941569627400025,0.3423068821430206,-0.4517357349395752,-0.5920000076293945,0.5441137552261353,-0.5254325270652771,-0.475862056016922,0.729914128780365,-0.6444863080978394,-0.4863966107368469,0.5920680165290833,-0.5512006878852844,-0.5207780599594116,2341.060546875,0.0852222591638565
EXPB-033,105.007098,25.846168,w7,wc20,M3A-w7-3042,20.0,,是,常绿灌丛,低,深绿丛块夹裸岩，无乔木影,judge_B_00.csv,False,9,-0.0088581314878892,0.075355632449058,0.059115724721261,0.0842137639369473,0.0448442906574394,-0.0448442906574394,-0.16,0.1034063821607074,0.0138408304498269,0.1537870049980776,0.1476970396001538,-0.0711111111111111,-0.2288965782391388,-0.0271280276816609,-0.0384467512495194,-0.0935640138408304,-0.1245674740484429,0.0517339484813533,-0.1301653210303729,-0.2761399461745483,-0.2761399461745483,0.0517339484813533,0.0039369473279507,-0.17279507881584,0.0120569011918492,0.0842137639369473,0.0297731641676278,-0.0797231833910034,0.0384467512495194,0.0935640138408304,-0.0984236831987697,0.1537870049980776,0.1137408688965782,0.17279507881584,-0.0629911572472126,-0.0246059207996924,-0.1358861976163014,-0.0049826989619377,-0.0842137639369473,-0.075355632449058,0.0842137639369473,0.0842137639369473,-0.1537870049980776,0.1537870049980776,-0.035432525951557,-0.0061514801999231,-0.0061514801999231,0.1137408688965782,0.0935640138408304,0.059115724721261,0.0448442906574394,-0.0711111111111111,0.0888273740868896,0.2364628988850442,0.0482276047673971,-0.2599000384467512,-0.0482276047673971,-0.0984236831987697,-0.1476970396001538,-0.3647212610534409,-0.1245674740484429,-0.2441522491349481,0.075355632449058,0.0482276047673971,-8.706434290689566,-13.149011569224388,-5.103034117144881,-13.09267887834272,0.5853187441825867,-0.5909531712532043,-0.6395216584205627,0.7592814564704895,-0.629054605960846,-0.509530782699585,0.8428996205329895,-0.705546498298645,-0.52987140417099,0.791722297668457,-0.692307710647583,-0.5644801259040833,1667.6385498046875,0.3339246213436126
EXPB-034,105.294379,26.644411,w7,wc20,M3A-w7-3015,20.0,,是,常绿灌丛,低,深绿细碎团块，框内无行,judge_B_00.csv,False,9,0.0177777777777777,0.0325413302575932,0.0711111111111111,0.0629911572472126,0.0935640138408304,-0.0842137639369473,-0.1929104190695886,0.1137408688965782,-0.0246059207996924,0.1929104190695886,0.0797231833910034,-0.075355632449058,-0.2519646289888504,-0.0199307958477508,-0.1998615916955017,-0.1998615916955017,-0.1663360246059207,0.059115724721261,-0.2288965782391388,-0.0797231833910034,-0.2214532871972318,0.1085121107266436,-0.0629911572472126,-0.1245674740484429,0.0157477893118031,-0.1245674740484429,0.0030142252979623,-0.0984236831987697,-0.1085121107266436,0.1190926566705113,-0.0935640138408304,0.0711111111111111,0.0448442906574394,0.0935640138408304,-0.2069357939254133,0.0088581314878892,-0.1301653210303729,-0.1476970396001538,-0.1085121107266436,-0.0384467512495194,0.0039369473279507,0.1190926566705113,-0.1537870049980776,0.0797231833910034,-0.0517339484813533,0.0842137639369473,0.0984236831987697,-0.0482276047673971,0.0222068435217224,0.0120569011918492,0.035432525951557,-0.075355632449058,0.1793771626297577,0.1190926566705113,-0.0177777777777777,-0.2069357939254133,-0.0984236831987697,-0.075355632449058,-0.2364628988850442,-0.3188927335640138,-0.16,-0.1537870049980776,-0.0553633217993079,0.0088581314878892,-10.895015474641845,-16.069179255560286,-11.90566846858603,-16.33801226628455,0.4973031282424927,-0.5613048076629639,-0.686242938041687,0.6314984560012817,-0.5784023404121399,-0.5676905512809753,0.8212631344795227,-0.6786420941352844,-0.5017759203910828,0.7837495803833008,-0.6811680793762207,-0.5930785536766052,1994.916748046875,0.1484786123037338
EXPB-035,110.069823,23.55762,w3,wc20,M3A-w3-0869,20.0,,否,大棚,低,连排长条浅色棚体,judge_B_00.csv,False,1,0.0271280276816609,-0.0039369473279507,0.2141330257593233,0.0297731641676278,0.01039600153787,0.16,-0.059115724721261,-0.0553633217993079,-0.1034063821607074,0.2441522491349481,-0.0030142252979623,-0.0030142252979623,-0.1929104190695886,0.0629911572472126,-0.0297731641676278,-0.075355632449058,-0.0842137639369473,0.1137408688965782,-0.1190926566705113,-0.0669896193771626,-0.2844444444444444,0.2599000384467512,-0.1190926566705113,-0.1476970396001538,-0.1190926566705113,0.1476970396001538,-0.0157477893118031,0.0199307958477508,0.0246059207996924,0.0482276047673971,0.1929104190695886,-0.0138408304498269,0.0088581314878892,0.0797231833910034,-0.0669896193771626,0.2679584775086506,-0.1034063821607074,-0.035432525951557,-0.059115724721261,0.0553633217993079,0.1929104190695886,0.0842137639369473,-0.0797231833910034,0.2679584775086506,0.0138408304498269,0.1476970396001538,0.0669896193771626,-0.0039369473279507,-0.0199307958477508,-0.01039600153787,-0.0222068435217224,0.000553633217993,0.0157477893118031,0.0246059207996924,0.2441522491349481,-0.17279507881584,-0.1190926566705113,0.0842137639369473,-0.0517339484813533,-0.1998615916955017,-0.1085121107266436,-0.2679584775086506,0.0888273740868896,0.0553633217993079,-8.509479768747523,-15.488832628436224,-8.432315366087431,-14.914711065711543,,,,,,,,,,,,,,
EXPB-036,109.19462452962004,24.872194260587666,w3,fcs10layer_m3bA,M3B-A253,,,否,裸地,中,粉褐裸土带碎屑，无植被,judge_B_00.csv,False,22,-0.0669896193771626,-0.0177777777777777,0.075355632449058,-0.0177777777777777,-0.0629911572472126,0.1476970396001538,-0.1537870049980776,0.075355632449058,0.0009842368319876,0.1793771626297577,0.0482276047673971,0.0711111111111111,-0.2141330257593233,-0.01039600153787,0.0271280276816609,-0.0482276047673971,-0.1998615916955017,0.0448442906574394,-0.1537870049980776,0.0246059207996924,-0.292871972318339,0.2069357939254133,-0.1417301038062283,-0.1034063821607074,-0.0797231833910034,0.1537870049980776,-0.075355632449058,-0.1663360246059207,0.0061514801999231,0.1793771626297577,0.0517339484813533,0.0030142252979623,-0.0074432910419069,0.0448442906574394,-0.16,0.2441522491349481,-0.0517339484813533,-0.075355632449058,0.0553633217993079,0.0415840061514801,0.1245674740484429,0.1663360246059207,-0.0415840061514801,0.2141330257593233,-0.0517339484813533,0.1034063821607074,0.2214532871972318,-0.059115724721261,0.0325413302575932,0.0888273740868896,0.0246059207996924,-0.0553633217993079,0.0177777777777777,0.0415840061514801,0.1358861976163014,-0.1358861976163014,-0.1537870049980776,-0.075355632449058,-0.0888273740868896,-0.2761399461745483,-0.1301653210303729,-0.2761399461745483,0.0049826989619377,-0.0138408304498269,-9.255909446670715,-19.11927717766501,-14.02333783857877,-15.16249997016676,0.3736205995082855,-0.4646992981433868,-0.550572395324707,0.4859106540679931,-0.5024322271347046,-0.5741897225379944,0.6992685198783875,-0.5766717195510864,-0.48311847448349,0.657622754573822,-0.6133291125297546,-0.5463765263557434,107.11207580566406,0.0759070217609405
EXPB-037,113.672966,24.02142,w3,wc20,M3A-w3-0893,20.0,,否,草本旱地,低,规则斜行垄作，人工痕迹,judge_B_00.csv,False,0,-0.1034063821607074,0.0002460592079969,0.16,-0.0157477893118031,0.0297731641676278,0.2288965782391388,-0.1085121107266436,0.0297731641676278,-0.2141330257593233,0.292871972318339,-0.075355632449058,-0.0384467512495194,-0.1929104190695886,0.059115724721261,-0.0199307958477508,-0.0297731641676278,-0.0935640138408304,0.0325413302575932,-0.059115724721261,-0.0448442906574394,-0.2599000384467512,0.1358861976163014,-0.1929104190695886,-0.1137408688965782,-0.0797231833910034,0.1793771626297577,-0.0553633217993079,-0.0271280276816609,-0.0297731641676278,0.0271280276816609,0.0553633217993079,0.0049826989619377,-0.0177777777777777,0.0246059207996924,-0.0049826989619377,0.2441522491349481,-0.0797231833910034,-0.0448442906574394,-0.1137408688965782,0.1034063821607074,0.0711111111111111,0.0984236831987697,-0.0935640138408304,0.2288965782391388,0.035432525951557,0.2364628988850442,0.1137408688965782,0.0177777777777777,0.0984236831987697,-0.0015378700499807,0.0246059207996924,0.0553633217993079,0.0199307958477508,0.0415840061514801,0.2214532871972318,-0.2441522491349481,-0.1245674740484429,0.075355632449058,0.0015378700499807,-0.2069357939254133,-0.1793771626297577,-0.2288965782391388,0.075355632449058,0.0177777777777777,-11.302570654374968,-16.468061063392533,-9.608988048372083,-14.242654736490795,0.3000000119209289,-0.2964513301849365,-0.0769965350627899,0.3272467851638794,-0.3698468804359436,-0.2060842216014862,0.3852688074111938,-0.3316858410835266,-0.1810401529073715,0.3819386959075928,-0.3522496819496155,-0.196783110499382,101.40665435791016,0.1822571605443954
EXPB-038,103.234093,26.564371,w7,wc20,M3A-w7-3050,20.0,,否,草地,中,亮绿均质草面,judge_B_00.csv,False,11,0.1137408688965782,-0.0711111111111111,0.0669896193771626,-0.0222068435217224,-0.075355632449058,-0.059115724721261,-0.186082276047674,0.1085121107266436,0.1085121107266436,0.1476970396001538,0.035432525951557,-0.0222068435217224,-0.0935640138408304,0.0177777777777777,-0.0002460592079969,-0.0448442906574394,-0.1190926566705113,-0.0669896193771626,-0.0384467512495194,-0.3278123798539023,-0.1793771626297577,-0.2288965782391388,0.17279507881584,-0.16,-0.0553633217993079,0.1085121107266436,-0.0384467512495194,-0.0039369473279507,0.059115724721261,0.1537870049980776,-0.0222068435217224,0.16,0.0415840061514801,0.0797231833910034,-0.1137408688965782,-0.0030142252979623,-0.1034063821607074,-0.1476970396001538,0.0517339484813533,0.0842137639369473,0.0797231833910034,0.0888273740868896,-0.1929104190695886,0.0246059207996924,-0.0888273740868896,-0.0199307958477508,-0.2844444444444444,0.1301653210303729,-0.059115724721261,-0.0177777777777777,0.1137408688965782,-0.0297731641676278,0.035432525951557,0.1537870049980776,-0.0415840061514801,-0.2679584775086506,0.0448442906574394,0.0271280276816609,-0.2761399461745483,-0.3014225297962323,0.0246059207996924,-0.0629911572472126,-0.1537870049980776,0.0797231833910034,-10.597679867986196,-15.848793392402731,-11.683863382641425,-15.50210040341021,0.8050023913383484,-0.7058115005493164,-0.48995041847229,0.7041942477226257,-0.6072171926498413,-0.4426390826702118,0.8092182278633118,-0.6762162446975708,-0.3753910362720489,0.8435114622116089,-0.7108700275421143,-0.3518610298633575,2986.844970703125,0.0737973228096962
EXPB-039,109.748586,23.120769,w3,wc20,M3A-w3-0881,20.0,,否,草地,低,绿面夹褐斑，结构单一,judge_B_00.csv,False,11,-0.075355632449058,-0.16,0.186082276047674,0.0517339484813533,-0.1137408688965782,0.0669896193771626,-0.0888273740868896,-0.1190926566705113,-0.1998615916955017,0.1793771626297577,0.1301653210303729,0.0157477893118031,-0.1793771626297577,-0.035432525951557,-0.1085121107266436,-0.0088581314878892,-0.0935640138408304,0.0246059207996924,-0.1245674740484429,-0.0797231833910034,-0.2141330257593233,0.2844444444444444,-0.1358861976163014,-0.0448442906574394,-0.1793771626297577,0.2214532871972318,-0.0384467512495194,0.0517339484813533,0.0049826989619377,0.075355632449058,0.1998615916955017,-0.0448442906574394,-0.0015378700499807,0.0629911572472126,0.01039600153787,0.2679584775086506,-0.16,-0.0553633217993079,-0.01039600153787,0.1190926566705113,0.0888273740868896,0.0711111111111111,-0.0711111111111111,0.16,-0.0629911572472126,0.1358861976163014,0.16,0.0297731641676278,-0.01039600153787,-0.0797231833910034,-0.0325413302575932,0.0888273740868896,-0.1034063821607074,0.0482276047673971,0.1663360246059207,-0.292871972318339,-0.0711111111111111,0.0199307958477508,0.0009842368319876,-0.1190926566705113,-0.075355632449058,-0.2069357939254133,0.1417301038062283,-0.0297731641676278,-11.151980438527849,-14.690143147596588,-8.961843924515893,-15.433726991095554,0.3180601000785827,-0.361819863319397,-0.4408833682537079,0.2913117408752441,-0.2477366328239441,-0.3928927183151245,0.4092526733875274,-0.4012738764286041,-0.514211893081665,0.0988282114267349,-0.2223315238952636,-0.2781645953655243,42.39291000366211,0.1275697350502014
EXPB-040,112.445148,28.821118,w3,wc20,M3A-w3-0896,20.0,,否,草本旱地,中,绿面显平行条行，疑耕,judge_B_00.csv,False,0,-0.0711111111111111,-0.0888273740868896,0.0553633217993079,0.1358861976163014,0.0157477893118031,0.0984236831987697,-0.186082276047674,0.16,-0.1537870049980776,0.1537870049980776,0.0517339484813533,0.000553633217993,-0.16,-0.1034063821607074,-0.0711111111111111,-0.1245674740484429,-0.2679584775086506,0.1034063821607074,-0.1358861976163014,-0.0415840061514801,-0.3553094963475586,0.1358861976163014,-0.1417301038062283,0.1245674740484429,0.0415840061514801,0.2214532871972318,0.0157477893118031,-0.1358861976163014,-0.0061514801999231,0.1476970396001538,-0.1358861976163014,0.0629911572472126,-0.035432525951557,0.0448442906574394,-0.0384467512495194,0.17279507881584,-0.0669896193771626,-0.0246059207996924,0.0415840061514801,-0.0049826989619377,0.17279507881584,0.0935640138408304,-0.0711111111111111,0.01039600153787,0.075355632449058,0.1663360246059207,0.1190926566705113,-0.0415840061514801,0.1245674740484429,0.1245674740484429,-0.1245674740484429,0.2141330257593233,0.0120569011918492,0.0935640138408304,0.0325413302575932,-0.16,-0.1034063821607074,-0.075355632449058,-0.059115724721261,-0.0448442906574394,-0.2069357939254133,-0.1537870049980776,0.1793771626297577,0.1034063821607074,-9.712021672785449,-15.793538461683784,-9.321454267197405,-14.831858628560225,0.2956552505493164,-0.3411334455013275,-0.4791154861450195,0.6640644669532776,-0.6081771850585938,-0.4938698410987854,0.7196071147918701,-0.6034257411956787,-0.4953072965145111,0.6862638592720032,-0.5934459567070007,-0.5130327939987183,29.66880989074707,0.0289714224636554
EXPB-041,103.177769,26.349314,w7,m3a,M3A-w7-2919,40.0,,是,常绿灌丛,低,框内深色木本团块过半,judge_B_00.csv,False,9,-0.0448442906574394,-0.0711111111111111,0.2141330257593233,-0.0984236831987697,-0.0629911572472126,-0.059115724721261,-0.0246059207996924,0.1358861976163014,-0.1085121107266436,-0.0061514801999231,0.1358861976163014,-0.0157477893118031,-0.2288965782391388,-0.0088581314878892,0.1417301038062283,-0.0553633217993079,-0.1663360246059207,0.0199307958477508,-0.1998615916955017,-0.2288965782391388,-0.0888273740868896,0.0415840061514801,0.2761399461745483,-0.17279507881584,-0.035432525951557,0.0629911572472126,0.0984236831987697,-0.0415840061514801,-0.0669896193771626,0.1476970396001538,-0.0039369473279507,0.1537870049980776,0.1137408688965782,-0.0482276047673971,-0.01039600153787,-0.1190926566705113,-0.0246059207996924,-0.0074432910419069,0.0553633217993079,-0.0061514801999231,0.0415840061514801,0.0074432910419069,-0.2519646289888504,0.1417301038062283,0.059115724721261,0.1034063821607074,0.1085121107266436,0.0669896193771626,-0.0553633217993079,-0.0415840061514801,0.1190926566705113,0.1245674740484429,-0.0384467512495194,0.1034063821607074,0.1537870049980776,-0.1358861976163014,-0.0842137639369473,-0.0797231833910034,-0.292871972318339,-0.3278123798539023,0.0138408304498269,-0.1998615916955017,0.0049826989619377,-0.1245674740484429,-12.640870861862483,-18.557773117865374,-8.244628925250684,-14.956999838427835,0.7969686388969421,-0.7536979913711548,-0.6395368576049805,0.3079507350921631,-0.437243640422821,-0.4826546013355255,0.6276136636734009,-0.5965273976325989,-0.483180433511734,0.4635902941226959,-0.5284122824668884,-0.4794773161411285,2012.77490234375,0.0737973228096962
EXPB-042,111.68170022523331,25.271585235907203,w3,fcs10layer_m3bA,M3B-A274,,,是,常绿灌丛,低,深色丛块占四成余，底干草,judge_B_00.csv,False,9,0.0448442906574394,0.0797231833910034,-0.0297731641676278,0.1663360246059207,0.0415840061514801,-0.0384467512495194,-0.2364628988850442,0.1245674740484429,0.1034063821607074,0.0711111111111111,0.17279507881584,0.1301653210303729,-0.2441522491349481,-0.0157477893118031,-0.1476970396001538,-0.0517339484813533,-0.0935640138408304,-0.0177777777777777,-0.3368550557477893,-0.1476970396001538,-0.1663360246059207,-0.1358861976163014,-0.0297731641676278,-0.1034063821607074,0.0888273740868896,0.1358861976163014,-0.0797231833910034,-0.1358861976163014,-0.0553633217993079,0.3014225297962323,0.0015378700499807,0.2069357939254133,0.186082276047674,0.0842137639369473,-0.1301653210303729,0.0517339484813533,-0.2519646289888504,-0.0517339484813533,0.0482276047673971,0.0074432910419069,0.0629911572472126,0.0553633217993079,0.0482276047673971,0.0935640138408304,0.0384467512495194,-0.01039600153787,0.0088581314878892,0.1301653210303729,0.1085121107266436,0.0482276047673971,0.0271280276816609,-0.1034063821607074,0.0482276047673971,0.1998615916955017,0.0553633217993079,-0.186082276047674,-0.1034063821607074,-0.075355632449058,-0.0448442906574394,-0.1190926566705113,-0.17279507881584,-0.0629911572472126,0.0448442906574394,0.1245674740484429,-11.213715679499852,-19.803259427442395,-13.12681258328115,-20.7073471460181,0.5127175450325012,-0.5586206912994385,-0.5299877524375916,0.8954429030418396,-0.7212468385696411,-0.4957874417304992,0.7793119549751282,-0.647560179233551,-0.4515005946159363,0.6442687511444092,-0.625635027885437,-0.5816593766212463,953.14306640625,0.1484926491975784
EXPB-043,111.095519,28.372949,w3,m3a,M3A-w3-1026,60.0,,否,草地,低,厂房边杂草绿面夹砾,judge_B_00.csv,False,11,0.0553633217993079,0.01039600153787,0.16,-0.0074432910419069,0.0797231833910034,0.0842137639369473,-0.1793771626297577,-0.0199307958477508,-0.17279507881584,0.1663360246059207,0.075355632449058,0.0711111111111111,-0.2288965782391388,0.0074432910419069,-0.17279507881584,-0.2519646289888504,0.0199307958477508,0.1417301038062283,-0.1663360246059207,0.0669896193771626,-0.1245674740484429,0.0888273740868896,-0.0797231833910034,-0.1301653210303729,-0.1417301038062283,0.0669896193771626,-0.1137408688965782,-0.075355632449058,0.0482276047673971,0.1085121107266436,0.1137408688965782,0.0325413302575932,0.1476970396001538,-0.0517339484813533,-0.1476970396001538,0.16,-0.2844444444444444,-0.1301653210303729,0.0482276047673971,0.059115724721261,0.0009842368319876,0.1301653210303729,-0.0517339484813533,0.0669896193771626,-0.01039600153787,0.2141330257593233,0.1034063821607074,0.1137408688965782,0.0984236831987697,-0.0030142252979623,-0.0015378700499807,0.0629911572472126,0.0030142252979623,0.0797231833910034,0.1537870049980776,-0.2599000384467512,-0.16,-0.0415840061514801,-0.0482276047673971,-0.1929104190695886,-0.1476970396001538,-0.2599000384467512,0.0711111111111111,0.0297731641676278,-7.857622774904293,-13.101922427630164,-8.185932187004177,-16.85721675693163,0.1995043307542801,-0.2804232835769653,-0.3866967260837555,0.12901271879673,-0.2311756908893585,-0.2817031741142273,0.1895787119865417,-0.2383150607347488,-0.3260148167610168,0.1918428987264633,-0.2654370367527008,-0.3112781941890716,205.9617462158203,0.1511860638856887
EXPB-044,104.087852,25.925938,w7,m3a,M3A-w7-2917,40.0,,否,草本旱地,低,田块褐土见行点，无木本,judge_B_00.csv,False,0,-0.0553633217993079,-0.0842137639369473,0.2069357939254133,-0.1190926566705113,-0.1190926566705113,-0.0415840061514801,-0.1137408688965782,0.1190926566705113,-0.0177777777777777,0.0415840061514801,0.1190926566705113,-0.0711111111111111,-0.1929104190695886,0.0888273740868896,-0.0517339484813533,-0.0325413302575932,-0.2288965782391388,0.0415840061514801,-0.1476970396001538,-0.2288965782391388,-0.1929104190695886,0.1793771626297577,0.186082276047674,-0.0842137639369473,-0.1245674740484429,-0.1245674740484429,-0.0120569011918492,0.035432525951557,-0.0415840061514801,0.0384467512495194,0.0246059207996924,-0.0157477893118031,-0.0157477893118031,0.0842137639369473,-0.0797231833910034,-0.1085121107266436,0.0629911572472126,0.0669896193771626,0.0482276047673971,0.075355632449058,-0.0517339484813533,0.0842137639369473,-0.16,0.0629911572472126,-0.0842137639369473,0.035432525951557,0.0629911572472126,0.0629911572472126,-0.0842137639369473,-0.1663360246059207,0.17279507881584,0.1663360246059207,0.17279507881584,0.1085121107266436,0.1137408688965782,-0.0384467512495194,-0.0074432910419069,-0.0888273740868896,-0.3368550557477893,-0.3188927335640138,-0.1663360246059207,-0.2141330257593233,0.0120569011918492,0.0199307958477508,-12.46239938026986,-18.01735106262387,-9.060707630742264,-17.36677578523747,0.2262619137763977,-0.4208588898181915,-0.5061039328575134,0.1646819561719894,-0.3597829639911651,-0.398917555809021,0.6990678906440735,-0.6107721328735352,-0.385994017124176,0.3900490403175354,-0.542937159538269,-0.4917834401130676,2114.183837890625,0.2621802389621734
EXPB-045,103.406839,24.8264,w7,m3a,M3A-w7-3207,80.0,,否,草本旱地,低,深绿均质田块，无行无丛,judge_B_00.csv,False,0,0.01039600153787,-0.2069357939254133,0.0297731641676278,0.0888273740868896,-0.0138408304498269,0.0138408304498269,-0.035432525951557,0.0629911572472126,0.0138408304498269,0.0297731641676278,0.2761399461745483,-0.0711111111111111,-0.1137408688965782,-0.075355632449058,0.0669896193771626,0.0039369473279507,-0.0246059207996924,-0.1358861976163014,-0.0935640138408304,-0.186082276047674,0.0297731641676278,0.075355632449058,0.1085121107266436,0.0629911572472126,-0.3014225297962323,-0.1537870049980776,0.0797231833910034,-0.16,0.0888273740868896,0.1190926566705113,-0.1998615916955017,0.1417301038062283,0.0199307958477508,-0.0669896193771626,-0.075355632449058,0.035432525951557,0.0797231833910034,-0.1301653210303729,0.035432525951557,0.1417301038062283,-0.0711111111111111,-0.1137408688965782,0.0325413302575932,0.035432525951557,-0.2214532871972318,0.1476970396001538,-0.1537870049980776,0.1793771626297577,-0.1998615916955017,-0.1929104190695886,0.035432525951557,0.17279507881584,-0.1245674740484429,0.0553633217993079,0.075355632449058,-0.1085121107266436,-0.1537870049980776,0.0088581314878892,-0.1034063821607074,-0.2599000384467512,-0.0222068435217224,-0.1476970396001538,0.1476970396001538,0.1663360246059207,-20.19660891267538,-27.19199822979259,-20.307055108851785,-25.656242096552766,-0.2441860437393188,0.5264116525650024,0.2526158392429352,-0.140625,0.3243243098258972,-0.1454617530107498,-0.1315202862024307,0.3012912571430206,0.2029177695512771,0.0415430255234241,0.0939012616872787,0.0734642148017883,1888.0,0.3740659356117248
EXPB-046,110.15429474764493,25.48179101239117,w3,fcs10layer_m3bA,M3B-A057,,,否,草本旱地,低,褐橄榄田面带浅纹,judge_B_00.csv,False,0,-0.1085121107266436,-0.1085121107266436,0.0935640138408304,0.0246059207996924,0.059115724721261,0.2214532871972318,-0.2288965782391388,0.0553633217993079,0.0246059207996924,0.2519646289888504,0.0888273740868896,-0.0271280276816609,-0.1537870049980776,-0.0448442906574394,0.0384467512495194,-0.1190926566705113,-0.186082276047674,0.0669896193771626,-0.0888273740868896,-0.0482276047673971,-0.2519646289888504,0.1537870049980776,-0.2069357939254133,-0.0384467512495194,-0.0088581314878892,0.1663360246059207,-0.0138408304498269,-0.17279507881584,-0.0384467512495194,0.1034063821607074,-0.0325413302575932,0.075355632449058,-0.0711111111111111,-0.0074432910419069,-0.2844444444444444,0.2364628988850442,-0.0842137639369473,-0.0222068435217224,0.186082276047674,0.1137408688965782,0.2069357939254133,0.0935640138408304,-0.0711111111111111,0.1476970396001538,0.0222068435217224,0.0297731641676278,0.1301653210303729,0.0199307958477508,0.0199307958477508,0.0797231833910034,0.0138408304498269,0.0842137639369473,0.0415840061514801,0.1085121107266436,0.1085121107266436,-0.0797231833910034,-0.186082276047674,-0.0088581314878892,-0.0935640138408304,-0.2441522491349481,-0.1301653210303729,-0.1034063821607074,0.1034063821607074,0.0888273740868896,-12.885420456551971,-19.88341780618024,-12.553717913229312,-16.02081406137725,0.375594288110733,-0.4793353080749511,-0.5976292490959167,0.5989178419113159,-0.5256534218788147,-0.4929285943508148,0.5542291402816772,-0.5160465836524963,-0.4865923523902893,0.5291341543197632,-0.5678392052650452,-0.5968049764633179,221.0,0.17958465218544
EXPB-047,111.913166,27.79111,w3,m3a,M3A-w3-0925,30.0,,否,裸地,低,河滩旁褐土地，植被稀少,judge_B_00.csv,False,22,-0.0138408304498269,-0.0049826989619377,0.1929104190695886,-0.075355632449058,0.059115724721261,0.2441522491349481,-0.2364628988850442,0.0415840061514801,-0.0842137639369473,0.1245674740484429,0.075355632449058,0.0482276047673971,-0.2679584775086506,-0.01039600153787,-0.059115724721261,-0.16,-0.17279507881584,0.0415840061514801,-0.1301653210303729,0.0199307958477508,-0.17279507881584,0.1417301038062283,-0.1417301038062283,-0.1358861976163014,-0.0797231833910034,0.0517339484813533,-0.0935640138408304,-0.0935640138408304,-0.0325413302575932,0.16,0.1034063821607074,-0.01039600153787,0.0629911572472126,0.0669896193771626,-0.2288965782391388,0.2441522491349481,-0.1663360246059207,-0.0669896193771626,0.0138408304498269,0.0935640138408304,-0.0022145328719723,0.16,-0.0157477893118031,0.1190926566705113,0.0482276047673971,0.2069357939254133,0.1793771626297577,0.0384467512495194,0.0482276047673971,-0.0271280276816609,0.0177777777777777,0.0448442906574394,-0.0009842368319876,0.0517339484813533,0.0669896193771626,-0.1793771626297577,-0.1793771626297577,0.0415840061514801,-0.0448442906574394,-0.1929104190695886,-0.1998615916955017,-0.2441522491349481,0.0629911572472126,0.0629911572472126,-9.626049508497434,-21.89455676500184,-10.425176104636789,-17.837835572807883,0.3703822791576385,-0.4387858211994171,-0.5079834461212158,0.5400274991989136,-0.5040301084518433,-0.4387351870536804,0.5458399653434753,-0.4932172894477844,-0.450152724981308,0.5090709328651428,-0.4865962564945221,-0.4740638136863708,128.45188903808594,0.2710534632205963
EXPB-048,103.689808,26.338804,w7,m3a,M3A-w7-2911,40.0,,否,草本旱地,低,条播栽植痕，框内裸土,judge_B_01.csv,False,0,0.0325413302575932,-0.0553633217993079,0.17279507881584,-0.186082276047674,-0.0888273740868896,-0.0271280276816609,-0.0669896193771626,0.035432525951557,-0.0030142252979623,0.01039600153787,0.1929104190695886,0.0797231833910034,-0.2441522491349481,0.0711111111111111,0.0157477893118031,-0.0177777777777777,-0.2288965782391388,-0.0415840061514801,-0.1085121107266436,-0.2214532871972318,-0.1245674740484429,0.17279507881584,0.1417301038062283,-0.0384467512495194,-0.2069357939254133,-0.1245674740484429,-0.0711111111111111,-0.0157477893118031,-0.0222068435217224,0.0199307958477508,0.0482276047673971,-0.0022145328719723,0.0384467512495194,0.0415840061514801,-0.0120569011918492,0.0157477893118031,-0.1137408688965782,0.0177777777777777,0.0984236831987697,-0.0088581314878892,-0.0935640138408304,0.1137408688965782,-0.1417301038062283,0.035432525951557,-0.0935640138408304,0.1137408688965782,0.1998615916955017,0.0120569011918492,-0.0935640138408304,-0.0984236831987697,0.1358861976163014,0.1137408688965782,-0.0325413302575932,0.1085121107266436,0.1085121107266436,-0.16,-0.0888273740868896,-0.1537870049980776,-0.2761399461745483,-0.3936947327950788,-0.0797231833910034,-0.2288965782391388,0.059115724721261,-0.0199307958477508,-10.701304309423064,-22.74689822576687,-7.68117260432367,-16.18639433435554,0.1557483673095703,-0.3661538362503052,-0.5052041411399841,0.0807017534971237,-0.3322846889495849,-0.4382134079933166,0.3573232293128967,-0.4776632189750671,-0.4462659358978271,0.4665708243846893,-0.5275177955627441,-0.4982107281684875,1974.8870849609373,0.0737973228096962
EXPB-049,102.52562169184512,24.897436920071424,w7,fcs10layer_audit,M5A-10755,,120.0,是,常绿灌丛,中,丛簇团块状，无树冠长影,judge_B_01.csv,False,9,0.059115724721261,-0.1476970396001538,0.2141330257593233,-0.0002460592079969,0.0138408304498269,-0.0222068435217224,-0.1537870049980776,0.1245674740484429,-0.1085121107266436,0.0415840061514801,0.1190926566705113,-0.1085121107266436,-0.2599000384467512,0.0009842368319876,0.0199307958477508,-0.1190926566705113,-0.1358861976163014,0.1245674740484429,-0.0629911572472126,-0.1663360246059207,-0.292871972318339,0.1085121107266436,0.2214532871972318,-0.17279507881584,-0.0448442906574394,-0.0271280276816609,0.0935640138408304,0.0177777777777777,-0.01039600153787,0.0415840061514801,-0.0384467512495194,0.0669896193771626,-0.0888273740868896,0.075355632449058,-0.059115724721261,-0.0984236831987697,0.0222068435217224,-0.059115724721261,-0.0482276047673971,0.0271280276816609,0.035432525951557,0.0415840061514801,-0.2288965782391388,0.2441522491349481,-0.0199307958477508,0.1358861976163014,-0.1034063821607074,-0.0246059207996924,-0.0797231833910034,-0.0517339484813533,0.0061514801999231,0.1034063821607074,0.0984236831987697,0.0482276047673971,0.0711111111111111,-0.1663360246059207,-0.0015378700499807,-0.0120569011918492,-0.3014225297962323,-0.3647212610534409,0.01039600153787,-0.1793771626297577,-0.0384467512495194,-0.035432525951557,-11.610152994603178,-15.986380800388336,-8.258386192918255,-13.576239565135602,0.6999276876449585,-0.6647194027900696,-0.6082730293273926,0.4766169190406799,-0.5527653098106384,-0.5580502152442932,0.6785876154899597,-0.6281009912490845,-0.5211983919143677,0.7855887413024902,-0.6963962912559509,-0.5710635185241699,1887.180908203125,0.1864792853593826
EXPB-050,104.817374,24.992678,w7,wc20,M3A-w7-3006,20.0,,否,草地,低,均匀草绿，无丛簇结构,judge_B_01.csv,False,11,0.0669896193771626,-0.01039600153787,0.0797231833910034,0.0888273740868896,0.0629911572472126,-0.1137408688965782,-0.17279507881584,0.059115724721261,-0.075355632449058,0.1417301038062283,0.1358861976163014,0.0088581314878892,-0.2679584775086506,-0.0629911572472126,0.01039600153787,-0.1137408688965782,-0.186082276047674,0.1190926566705113,-0.17279507881584,-0.1245674740484429,-0.3188927335640138,0.0888273740868896,-0.0049826989619377,-0.0271280276816609,-0.0297731641676278,-0.0711111111111111,0.0482276047673971,-0.035432525951557,-0.0517339484813533,0.0888273740868896,-0.0553633217993079,0.1245674740484429,0.1085121107266436,0.16,-0.1190926566705113,0.0022145328719723,0.0271280276816609,-0.1998615916955017,-0.1034063821607074,0.0553633217993079,-0.0177777777777777,0.1417301038062283,-0.186082276047674,0.1663360246059207,0.0199307958477508,0.0797231833910034,0.0271280276816609,-0.0629911572472126,-0.0629911572472126,-0.0022145328719723,0.059115724721261,-0.0842137639369473,0.1301653210303729,0.0553633217993079,0.0246059207996924,-0.2288965782391388,-0.0517339484813533,-0.1034063821607074,-0.1929104190695886,-0.4035986159169549,-0.1998615916955017,-0.1034063821607074,0.0039369473279507,-0.0157477893118031,-11.600944084997789,-16.68366827381796,-12.06560730649451,-16.015189493402346,0.5958667993545532,-0.6328927874565125,-0.6866382360458374,0.7178559899330139,-0.6304619312286377,-0.5121549367904663,0.8021131157875061,-0.6622334122657776,-0.4860432744026184,0.7087802290916443,-0.6918646693229675,-0.645988404750824,1946.717529296875,0.1410644650459289
EXPB-051,104.863996,25.306101,w7,m3a,M3A-w7-2935,60.0,,否,裸地,中,浅色裸土砂砾地面,judge_B_01.csv,False,22,-0.0199307958477508,-0.1793771626297577,0.075355632449058,0.059115724721261,0.0222068435217224,-0.0415840061514801,-0.2214532871972318,-0.0448442906574394,-0.0984236831987697,0.0157477893118031,0.1998615916955017,-0.0325413302575932,-0.292871972318339,-0.0553633217993079,0.0415840061514801,-0.0984236831987697,-0.1245674740484429,-0.0138408304498269,-0.0842137639369473,-0.2214532871972318,-0.1301653210303729,0.1663360246059207,-0.0246059207996924,-0.0797231833910034,-0.2679584775086506,-0.1085121107266436,0.1085121107266436,-0.0120569011918492,-0.059115724721261,0.0711111111111111,0.1537870049980776,-0.1034063821607074,0.1085121107266436,-0.0246059207996924,-0.0669896193771626,0.1085121107266436,-0.0482276047673971,0.0415840061514801,0.0271280276816609,0.1537870049980776,0.0222068435217224,0.0842137639369473,-0.1137408688965782,0.0888273740868896,-0.0797231833910034,0.0984236831987697,0.1793771626297577,0.0482276047673971,-0.0448442906574394,-0.0448442906574394,0.0888273740868896,0.1137408688965782,-0.0297731641676278,0.0842137639369473,0.1301653210303729,-0.0797231833910034,-0.0797231833910034,-0.1190926566705113,-0.2519646289888504,-0.3368550557477893,-0.0120569011918492,-0.2844444444444444,0.1417301038062283,0.0325413302575932,-16.22063603117038,-24.65485350080231,-9.636559855313187,-23.687822918093406,0.2064737677574157,-0.2693498432636261,-0.4239218831062317,0.188278391957283,-0.2568771839141845,-0.4034214615821838,0.1648016273975372,-0.2325080782175064,-0.3212755918502807,0.3047910332679748,-0.3389121294021606,-0.4265840053558349,1184.6121826171875,0.2621802389621734
EXPB-052,112.147896,26.572995,w3,m3a,M3A-w3-0819,50.0,,否,裸地,中,村内裸土场院,judge_B_01.csv,False,22,0.0049826989619377,-0.0797231833910034,0.1245674740484429,-0.0797231833910034,0.0482276047673971,0.059115724721261,-0.1137408688965782,-0.0711111111111111,-0.2214532871972318,0.17279507881584,0.0482276047673971,0.0553633217993079,-0.1537870049980776,0.0120569011918492,-0.1793771626297577,-0.2844444444444444,0.0271280276816609,0.1793771626297577,-0.1190926566705113,0.0842137639369473,-0.0984236831987697,0.1301653210303729,-0.1137408688965782,-0.0935640138408304,-0.0384467512495194,0.2214532871972318,-0.035432525951557,-0.0061514801999231,0.0325413302575932,0.1417301038062283,0.16,-0.0482276047673971,0.0842137639369473,-0.1417301038062283,0.0039369473279507,0.0669896193771626,-0.3839138792772011,-0.0842137639369473,0.0935640138408304,-0.0015378700499807,0.0088581314878892,-0.0120569011918492,-0.0888273740868896,0.0246059207996924,0.0138408304498269,0.1537870049980776,0.075355632449058,0.1476970396001538,0.1537870049980776,0.0138408304498269,0.0120569011918492,0.0711111111111111,-0.0629911572472126,0.0030142252979623,0.2599000384467512,-0.2599000384467512,-0.1137408688965782,-0.0177777777777777,0.0553633217993079,-0.1245674740484429,-0.0842137639369473,-0.2441522491349481,-0.0049826989619377,0.0325413302575932,-9.323596673286543,-14.45321163702092,-6.089060265146788,-12.146332676397732,0.1012291088700294,-0.1270671337842941,-0.2292524576187133,0.1418056935071945,-0.0669417679309845,-0.0623200088739395,0.1551179587841034,-0.1581300050020218,-0.2225662171840667,0.0423925668001174,-0.0423925668001174,-0.2437514364719391,88.75379943847656,0.0697600990533828
EXPB-053,103.689838300064,23.90003746011352,w7,fcs10layer_audit,M5A-14246,,120.0,是,常绿灌丛,中,均匀细碎丛簇，无树冠影,judge_B_01.csv,False,9,0.0553633217993079,-0.0842137639369473,0.0935640138408304,0.0039369473279507,-0.0297731641676278,-0.0222068435217224,-0.2214532871972318,0.2214532871972318,-0.0074432910419069,0.059115724721261,0.1417301038062283,-0.0022145328719723,-0.2679584775086506,0.0015378700499807,0.0888273740868896,-0.0157477893118031,0.075355632449058,0.0039369473279507,-0.1998615916955017,-0.2364628988850442,-0.2441522491349481,-0.0842137639369473,0.16,-0.2069357939254133,0.0199307958477508,0.0517339484813533,0.1137408688965782,0.0482276047673971,-0.0297731641676278,0.1929104190695886,-0.01039600153787,0.0553633217993079,0.2214532871972318,0.075355632449058,-0.0935640138408304,-0.075355632449058,-0.075355632449058,-0.035432525951557,0.0448442906574394,-0.0138408304498269,0.0384467512495194,0.0415840061514801,-0.2069357939254133,0.2679584775086506,0.0482276047673971,-0.0384467512495194,-0.1245674740484429,0.1998615916955017,-0.035432525951557,0.0448442906574394,0.0888273740868896,-0.0222068435217224,0.0629911572472126,0.1085121107266436,0.17279507881584,-0.1476970396001538,0.0222068435217224,-0.0935640138408304,-0.1358861976163014,-0.2599000384467512,0.0553633217993079,-0.1929104190695886,-0.0074432910419069,0.0888273740868896,-9.449330755564723,-14.220520214492634,-6.331151788266567,-12.086670436405509,0.7646173238754272,-0.7018393278121948,-0.4890087246894836,0.6702273488044739,-0.614508867263794,-0.5181998610496521,0.7106460332870483,-0.5679733157157898,-0.399420291185379,0.8510158061981201,-0.7649590969085693,-0.5483871102333069,1382.5540771484375,0.1838131248950958
EXPB-054,113.885866,23.183831,w3,m3a,M3A-w3-1017,60.0,,否,大棚,中,棚膜顶面白亮无纹理,judge_B_01.csv,False,1,-0.0629911572472126,-0.1358861976163014,0.186082276047674,0.0088581314878892,-0.0984236831987697,0.035432525951557,-0.1301653210303729,-0.0669896193771626,-0.2288965782391388,0.2441522491349481,0.1137408688965782,0.0669896193771626,-0.1998615916955017,0.0984236831987697,-0.1476970396001538,0.0482276047673971,-0.0157477893118031,-0.0888273740868896,-0.1476970396001538,-0.1137408688965782,-0.1537870049980776,0.2364628988850442,-0.1085121107266436,-0.0297731641676278,-0.2519646289888504,0.035432525951557,-0.1245674740484429,0.0842137639369473,0.01039600153787,0.0553633217993079,0.1998615916955017,-0.0482276047673971,-0.0138408304498269,-0.0669896193771626,-0.0120569011918492,0.1998615916955017,-0.0797231833910034,0.0415840061514801,-0.1034063821607074,0.2761399461745483,0.0711111111111111,0.0517339484813533,0.0711111111111111,0.16,-0.16,0.1929104190695886,0.0629911572472126,0.0935640138408304,0.0482276047673971,-0.0297731641676278,-0.0888273740868896,0.16,0.0074432910419069,0.0088581314878892,0.0797231833910034,-0.2141330257593233,-0.0711111111111111,-0.0553633217993079,0.0384467512495194,-0.059115724721261,-0.1190926566705113,-0.2214532871972318,0.075355632449058,0.1085121107266436,-13.632377962193786,-20.989735292440244,-14.040357049769488,-20.71759822407105,0.1382268816232681,-0.0879271104931831,0.0913055315613746,0.118525706231594,-0.1035406664013862,0.072835549712181,0.124230682849884,-0.0024390243925154,-0.0750094205141067,0.2829234600067138,-0.2864715456962585,-0.3042696714401245,3.242880344390869,0.12428018450737
EXPB-055,109.3624,23.387838,w3,m3a,M3A-w3-0804,40.0,,否,草本旱地,低,耕地斑块，框内低矮绿被,judge_B_01.csv,False,0,-0.0842137639369473,0.075355632449058,0.1793771626297577,-0.0935640138408304,-0.075355632449058,0.0888273740868896,-0.1190926566705113,0.1358861976163014,-0.0297731641676278,0.1537870049980776,0.1417301038062283,0.1034063821607074,-0.186082276047674,0.1190926566705113,0.01039600153787,0.1245674740484429,-0.17279507881584,-0.0157477893118031,-0.0984236831987697,-0.0935640138408304,-0.3460207612456747,0.2599000384467512,-0.0517339484813533,-0.1034063821607074,-0.0797231833910034,0.1537870049980776,-0.0553633217993079,-0.0797231833910034,-0.0842137639369473,0.0415840061514801,0.0049826989619377,-0.0553633217993079,-0.075355632449058,0.1245674740484429,0.0415840061514801,0.1301653210303729,-0.1358861976163014,0.0888273740868896,0.0629911572472126,0.0842137639369473,0.0448442906574394,0.1537870049980776,-0.0797231833910034,0.186082276047674,-0.1245674740484429,0.1301653210303729,0.186082276047674,0.0039369473279507,0.0222068435217224,0.0984236831987697,0.1190926566705113,0.0711111111111111,-0.0384467512495194,-0.01039600153787,0.16,-0.059115724721261,-0.0935640138408304,-0.1301653210303729,-0.1301653210303729,-0.3368550557477893,-0.1085121107266436,-0.17279507881584,-0.0138408304498269,0.0935640138408304,-12.345691706997666,-22.0726095308038,-7.582242160799693,-14.6885251666882,0.1483050882816314,-0.2619324922561645,-0.439929336309433,0.5183486342430115,-0.5002833008766174,-0.5094549655914307,0.8237547874450684,-0.7140799164772034,-0.4694286584854126,0.7136902213096619,-0.6418319940567017,-0.4861235320568084,143.40200805664062,0.1275697350502014
EXPB-056,110.80835810601234,28.37679167852315,w3,fcs10layer_m3bA,M3B-A090,,,否,草地,低,影像偏软，均匀绿被,judge_B_01.csv,False,11,0.0199307958477508,0.1245674740484429,0.2214532871972318,-0.0199307958477508,0.0415840061514801,0.0517339484813533,-0.2519646289888504,0.16,-0.0271280276816609,0.0935640138408304,-0.1190926566705113,0.0022145328719723,-0.2761399461745483,-0.0030142252979623,-0.1358861976163014,-0.1998615916955017,-0.1085121107266436,0.16,-0.1476970396001538,0.000553633217993,-0.1476970396001538,0.1245674740484429,-0.0842137639369473,-0.0935640138408304,0.0297731641676278,0.0061514801999231,-0.0888273740868896,-0.16,-0.035432525951557,0.0797231833910034,0.0553633217993079,0.17279507881584,0.1034063821607074,0.0935640138408304,-0.2679584775086506,0.1537870049980776,-0.186082276047674,-0.17279507881584,-0.0384467512495194,0.0384467512495194,0.0088581314878892,0.17279507881584,-0.0711111111111111,0.1301653210303729,0.0448442906574394,0.1998615916955017,0.0669896193771626,0.0797231833910034,0.0039369473279507,-0.0384467512495194,0.0517339484813533,-0.0384467512495194,0.1358861976163014,0.0482276047673971,-0.0325413302575932,-0.186082276047674,-0.1137408688965782,0.0711111111111111,-0.1793771626297577,-0.1537870049980776,-0.1476970396001538,-0.186082276047674,-0.1034063821607074,0.0138408304498269,-10.617208830270592,-17.622493059650584,-8.088897571295067,-16.393855945494188,0.4409390985965729,-0.4901365637779236,-0.491101861000061,0.5319148898124695,-0.5035545229911804,-0.4261256754398346,0.7217541337013245,-0.6429601907730103,-0.5096262693405151,0.6494138836860657,-0.6276917457580566,-0.568837583065033,657.9937744140625,0.1846325844526291
EXPB-057,108.35961,27.090963,w3,m3a,M3A-w3-0928,30.0,,否,草地,低,绿褐混杂，草地为主,judge_B_01.csv,False,11,0.0984236831987697,0.0669896193771626,0.1245674740484429,0.0384467512495194,0.1137408688965782,-0.0199307958477508,-0.2844444444444444,0.1358861976163014,-0.0325413302575932,0.1537870049980776,0.0325413302575932,0.0415840061514801,-0.2519646289888504,-0.0061514801999231,-0.1034063821607074,-0.2069357939254133,-0.1085121107266436,0.059115724721261,-0.2141330257593233,0.0246059207996924,-0.2069357939254133,0.0797231833910034,-0.1301653210303729,-0.1245674740484429,0.035432525951557,0.035432525951557,-0.0325413302575932,-0.1358861976163014,-0.0797231833910034,0.1793771626297577,0.0384467512495194,0.1476970396001538,0.0711111111111111,0.1034063821607074,-0.2288965782391388,0.1663360246059207,-0.2069357939254133,-0.1998615916955017,-0.0669896193771626,0.0384467512495194,-0.01039600153787,0.1998615916955017,-0.075355632449058,0.1358861976163014,-0.0199307958477508,0.1034063821607074,0.0553633217993079,0.0015378700499807,-0.0157477893118031,0.0061514801999231,0.01039600153787,-0.1301653210303729,0.1245674740484429,0.0482276047673971,-0.0325413302575932,-0.2141330257593233,-0.1417301038062283,-0.035432525951557,-0.1793771626297577,-0.1793771626297577,-0.1663360246059207,-0.1417301038062283,-0.1085121107266436,0.0138408304498269,-12.590014837748996,-20.674488457739223,-10.713167397472128,-18.0568340270536,0.5084064602851868,-0.4845323860645294,-0.4903982877731323,0.6850886344909668,-0.580440104007721,-0.4550651013851166,0.7676392793655396,-0.6490967869758606,-0.4964488744735718,0.7564870119094849,-0.671944260597229,-0.6032171845436096,792.7772216796875,0.0699023157358169
EXPB-058,105.073663,26.933309,w7,wc20,M3A-w7-3036,20.0,,否,裸地,中,裸土坡面，非农地,judge_B_01.csv,False,22,-0.0049826989619377,-0.0030142252979623,0.1476970396001538,6.151480199923106e-05,0.0415840061514801,-0.035432525951557,-0.1998615916955017,0.1793771626297577,0.0039369473279507,0.17279507881584,0.075355632449058,-0.0553633217993079,-0.2679584775086506,0.0199307958477508,-0.0984236831987697,-0.1929104190695886,-0.2069357939254133,0.0888273740868896,-0.2441522491349481,-0.1417301038062283,-0.2214532871972318,0.1137408688965782,0.0049826989619377,-0.1190926566705113,-0.01039600153787,-0.0629911572472126,-0.059115724721261,-0.0222068435217224,-0.0517339484813533,0.059115724721261,-0.035432525951557,0.0935640138408304,0.0888273740868896,0.0797231833910034,-0.1476970396001538,0.0199307958477508,-0.1137408688965782,-0.1301653210303729,-0.0629911572472126,-0.0022145328719723,-0.059115724721261,0.1301653210303729,-0.16,0.0984236831987697,-0.0711111111111111,0.0629911572472126,0.0482276047673971,-0.0482276047673971,0.0222068435217224,-0.0246059207996924,0.1085121107266436,0.0088581314878892,0.1417301038062283,0.1301653210303729,0.0246059207996924,-0.2141330257593233,-0.1190926566705113,-0.0271280276816609,-0.2761399461745483,-0.2844444444444444,-0.1663360246059207,-0.2679584775086506,-0.0711111111111111,-0.0384467512495194,-11.254160167680718,-16.720163644198273,-10.159665360321906,-18.39352253842298,0.5857186913490295,-0.5360763072967529,-0.4652920961380005,0.5206465721130371,-0.5069171190261841,-0.4203047454357147,0.7537783980369568,-0.6374170780181885,-0.3803896605968475,0.7372013926506042,-0.7123633027076721,-0.5625199675559998,1855.498291015625,0.1484786123037338
EXPB-059,101.89060261750102,23.94387524597855,w7,fcs10layer_audit,M5A-18823,,121.0,否,草地,低,均匀细绿，丛块不明,judge_B_01.csv,False,11,0.035432525951557,-0.0222068435217224,0.1137408688965782,0.0088581314878892,0.0138408304498269,-0.1537870049980776,-0.2364628988850442,0.1793771626297577,-0.0629911572472126,0.0517339484813533,-0.0030142252979623,0.0246059207996924,-0.2441522491349481,-0.0138408304498269,-0.1358861976163014,-0.0842137639369473,-0.1301653210303729,0.0935640138408304,-0.1190926566705113,-0.0482276047673971,-0.3188927335640138,0.1476970396001538,0.0842137639369473,-0.0669896193771626,-0.0199307958477508,-0.1301653210303729,0.17279507881584,0.0415840061514801,-0.1537870049980776,-0.0517339484813533,0.0482276047673971,0.1358861976163014,0.1245674740484429,0.059115724721261,-0.1793771626297577,-0.059115724721261,-0.0984236831987697,-0.1417301038062283,0.0061514801999231,-0.035432525951557,-0.0842137639369473,0.0935640138408304,-0.1537870049980776,0.1663360246059207,-0.0384467512495194,0.2141330257593233,-0.075355632449058,0.0271280276816609,-0.2141330257593233,-0.0039369473279507,0.0049826989619377,-0.0553633217993079,0.1476970396001538,-0.059115724721261,-0.0482276047673971,-0.0415840061514801,-0.01039600153787,-0.0935640138408304,-0.2519646289888504,-0.3100961168781238,0.059115724721261,-0.1137408688965782,-0.0888273740868896,-0.1301653210303729,-6.406465529408888,-13.45703720891347,-3.498890144790956,-9.588037714073325,0.6419066190719604,-0.6450909376144409,-0.5925410389900208,0.4883495271205902,-0.5088582634925842,-0.5982286930084229,0.8516886830329895,-0.6977448463439941,-0.6076889634132385,0.8126064538955688,-0.7424769997596741,-0.5196639895439148,1396.5418701171875,0.1109159290790557
EXPB-060,112.82435726663336,26.042070255096515,w3,fcs10layer_m3bA,M3B-A003,,,否,裸地,中,红壤侵蚀裸土,judge_B_01.csv,False,22,0.035432525951557,0.0120569011918492,0.0888273740868896,0.0138408304498269,0.0517339484813533,0.16,-0.2599000384467512,0.0669896193771626,0.000553633217993,0.1793771626297577,-0.0246059207996924,0.0553633217993079,-0.2441522491349481,-0.075355632449058,0.0088581314878892,-0.16,-0.0984236831987697,0.1301653210303729,-0.16,0.0120569011918492,-0.2519646289888504,0.1417301038062283,-0.1663360246059207,-0.1190926566705113,-0.0157477893118031,0.0797231833910034,0.0246059207996924,-0.1537870049980776,0.0074432910419069,0.2069357939254133,0.0842137639369473,0.0482276047673971,0.1417301038062283,0.0482276047673971,-0.3100961168781238,0.2214532871972318,-0.0984236831987697,-0.1476970396001538,0.0384467512495194,0.0888273740868896,0.1085121107266436,0.2288965782391388,-0.1085121107266436,0.1417301038062283,0.0797231833910034,0.0448442906574394,0.0842137639369473,-0.0448442906574394,-0.0074432910419069,0.0935640138408304,0.035432525951557,-0.0415840061514801,0.0553633217993079,0.0553633217993079,0.0629911572472126,-0.1085121107266436,-0.1793771626297577,0.0009842368319876,-0.0984236831987697,-0.1417301038062283,-0.17279507881584,-0.2214532871972318,-0.0629911572472126,0.0888273740868896,-11.891094227869395,-20.337798237704437,-10.37227716357496,-18.314073067393544,0.5977653861045837,-0.5450180172920227,-0.4763385057449341,0.6695862412452698,-0.596764862537384,-0.5377483367919922,0.7600896954536438,-0.5955284833908081,-0.5009404420852661,0.7667573094367981,-0.64737468957901,-0.5627080798149109,265.0892333984375,0.0697600990533828
EXPB-061,108.22543216958348,23.62811742361054,w3,fcs10layer_m3bA,M3B-A298,,,否,水田,低,田块均匀绿被，疑稻,judge_B_01.csv,False,3,-0.0061514801999231,0.0384467512495194,0.2214532871972318,-0.0222068435217224,0.0482276047673971,0.1417301038062283,-0.1417301038062283,0.0022145328719723,-0.059115724721261,0.1034063821607074,0.0384467512495194,0.059115724721261,-0.2844444444444444,-0.0222068435217224,-0.0222068435217224,-0.0984236831987697,-0.0842137639369473,0.1476970396001538,-0.1476970396001538,-0.1537870049980776,-0.3278123798539023,0.292871972318339,-0.1793771626297577,-0.1085121107266436,-0.059115724721261,0.0553633217993079,-0.0553633217993079,-0.0842137639369473,-0.075355632449058,0.1085121107266436,0.0797231833910034,0.0088581314878892,0.0199307958477508,0.1137408688965782,-0.16,0.0842137639369473,-0.1137408688965782,-0.0120569011918492,-0.0222068435217224,0.0448442906574394,0.1301653210303729,0.1137408688965782,-0.0246059207996924,0.2844444444444444,-0.0022145328719723,0.17279507881584,0.0888273740868896,0.0022145328719723,0.075355632449058,-0.059115724721261,0.0157477893118031,0.0049826989619377,0.1358861976163014,0.0448442906574394,0.1137408688965782,-0.0888273740868896,-0.1245674740484429,-0.0246059207996924,-0.0177777777777777,-0.2599000384467512,-0.1245674740484429,-0.2599000384467512,0.1137408688965782,0.0448442906574394,-7.769294186651932,-14.247320065675387,-8.13801771612467,-13.62499452136473,0.4832740128040313,-0.5264603495597839,-0.6048288345336914,0.6738796830177307,-0.457396388053894,-0.3879901170730591,0.4904815256595611,-0.4841107726097107,-0.4288065731525421,0.5742471218109131,-0.5717988610267639,-0.5729058980941772,244.6898498535156,0.044697355479002
EXPB-062,110.5472178529188,26.46652422684299,w3,fcs10layer_m3bA,M3B-A114,,,是,落叶灌丛,低,丛块绿被夹草，影像软,judge_B_01.csv,False,10,0.0325413302575932,0.0448442906574394,0.0984236831987697,6.151480199923106e-05,0.0669896193771626,-0.0271280276816609,-0.2441522491349481,0.1663360246059207,-0.0325413302575932,0.17279507881584,-0.1476970396001538,-0.1137408688965782,-0.2364628988850442,0.0297731641676278,-0.1137408688965782,-0.1663360246059207,-0.0842137639369473,0.2069357939254133,-0.1537870049980776,-0.0935640138408304,-0.1793771626297577,0.1929104190695886,-0.1417301038062283,-0.1537870049980776,-0.0325413302575932,-0.0711111111111111,0.0517339484813533,-0.0669896193771626,-0.0888273740868896,0.1085121107266436,0.075355632449058,0.0088581314878892,0.075355632449058,0.1476970396001538,-0.3100961168781238,0.01039600153787,-0.0984236831987697,-0.1358861976163014,-0.0888273740868896,-0.01039600153787,0.0797231833910034,0.1476970396001538,-0.1190926566705113,0.1301653210303729,0.0157477893118031,0.17279507881584,0.0553633217993079,0.1476970396001538,-0.0984236831987697,-0.0842137639369473,0.0711111111111111,-0.1190926566705113,0.1793771626297577,-0.0030142252979623,0.0517339484813533,-0.1245674740484429,-0.0888273740868896,0.0842137639369473,-0.1301653210303729,-0.2141330257593233,-0.0842137639369473,-0.1929104190695886,-0.1085121107266436,0.0629911572472126,-9.04730755767333,-15.394706337611575,-6.997926881114248,-13.234052440125614,0.6947435140609741,-0.6574791073799133,-0.6214921474456787,0.5314721465110779,-0.4571852684020996,-0.4457547068595886,0.7030515074729919,-0.6190803647041321,-0.5494982600212097,0.7815349102020264,-0.7057610154151917,-0.6606881618499756,1184.1201171875,0.1278886348009109
EXPB-063,109.355932,24.308162,w3,m3a,M3A-w3-0822,50.0,,否,不透水面,高,停车场及硬化地面,judge_B_01.csv,False,21,0.0888273740868896,-0.2141330257593233,0.1793771626297577,-0.0199307958477508,0.0246059207996924,-0.0984236831987697,-0.0222068435217224,-0.1190926566705113,-0.3014225297962323,0.1085121107266436,0.0448442906574394,0.0669896193771626,-0.16,-0.1301653210303729,-0.1537870049980776,-0.1663360246059207,0.1245674740484429,0.1476970396001538,0.0157477893118031,0.0553633217993079,-0.075355632449058,0.1476970396001538,-0.0888273740868896,-0.0797231833910034,-0.0177777777777777,0.2441522491349481,-0.0517339484813533,0.0553633217993079,0.0842137639369473,0.0517339484813533,0.16,-0.0120569011918492,-0.0325413302575932,-0.0138408304498269,0.1085121107266436,-0.01039600153787,-0.3368550557477893,-0.035432525951557,0.0553633217993079,-0.075355632449058,0.0246059207996924,-0.0415840061514801,-0.1137408688965782,0.0629911572472126,0.0297731641676278,0.1417301038062283,-0.0177777777777777,0.1476970396001538,0.0888273740868896,0.0629911572472126,-0.059115724721261,0.075355632449058,-0.186082276047674,0.075355632449058,0.2288965782391388,-0.3278123798539023,0.0120569011918492,-0.075355632449058,0.1476970396001538,-0.1245674740484429,0.0415840061514801,-0.186082276047674,-0.0517339484813533,0.0120569011918492,-0.7976684994824483,-6.785936514749534,-0.5380040000143151,-6.446333988557399,0.1097953394055366,-0.1494467407464981,-0.1143808960914611,0.1155521422624588,-0.1666666716337204,-0.2280963063240051,0.0694068893790245,-0.0999443754553794,-0.1602802574634552,0.1038658618927002,-0.1356013417243957,-0.1303928643465042,101.62312316894533,0.0759070217609405
EXPB-064,103.31353402754634,25.76251453867852,w7,fcs10layer_audit,M5A-19096,,121.0,否,裸地,中,林边清出裸土场,judge_B_01.csv,False,22,0.0177777777777777,-0.0517339484813533,0.1929104190695886,-0.1137408688965782,-0.0669896193771626,-0.0271280276816609,-0.1998615916955017,0.2761399461745483,-0.0325413302575932,0.1476970396001538,0.0325413302575932,-0.1998615916955017,-0.1417301038062283,0.0246059207996924,0.035432525951557,-0.0984236831987697,-0.0629911572472126,0.1190926566705113,-0.16,-0.2761399461745483,-0.1998615916955017,0.0888273740868896,0.0177777777777777,-0.17279507881584,0.0157477893118031,-0.1190926566705113,0.0797231833910034,0.0415840061514801,0.059115724721261,0.0984236831987697,-0.0061514801999231,0.0553633217993079,-0.0297731641676278,0.2364628988850442,-0.1537870049980776,-0.1537870049980776,-0.035432525951557,-0.0553633217993079,-0.0415840061514801,-0.0448442906574394,0.0222068435217224,0.1793771626297577,-0.2288965782391388,0.0984236831987697,-0.035432525951557,0.0517339484813533,-0.1034063821607074,0.2288965782391388,0.0553633217993079,-0.0984236831987697,0.0629911572472126,-0.0157477893118031,0.1245674740484429,0.0711111111111111,0.1085121107266436,-0.1537870049980776,0.0088581314878892,-0.1301653210303729,-0.17279507881584,-0.2214532871972318,-0.0384467512495194,-0.2364628988850442,0.0177777777777777,-0.0157477893118031,-7.778168749344331,-14.18117631058422,-9.218165240297951,-15.861432892731454,0.5164702534675598,-0.6490305662155151,-0.676167368888855,0.5975697636604309,-0.6612057089805603,-0.5985280871391296,0.791871190071106,-0.7061132788658142,-0.5392731428146362,0.660422682762146,-0.6738893389701843,-0.5876320004463196,2107.6435546875,0.1644186377525329
EXPB-065,110.26820112567128,25.76826375649689,w3,fcs10layer_m3bA,M3B-A271,,,否,草地,低,灰绿斑驳，丛块不足,judge_B_01.csv,False,11,0.0797231833910034,0.0629911572472126,0.0888273740868896,0.1190926566705113,0.1537870049980776,-0.0629911572472126,-0.2288965782391388,0.1190926566705113,0.0177777777777777,0.1190926566705113,0.0935640138408304,0.1034063821607074,-0.2214532871972318,-0.0177777777777777,-0.0984236831987697,-0.1663360246059207,-0.0669896193771626,0.0138408304498269,-0.1998615916955017,0.0553633217993079,-0.186082276047674,0.0984236831987697,-0.1137408688965782,-0.1417301038062283,0.0325413302575932,-0.0448442906574394,0.0448442906574394,-0.1245674740484429,-0.1085121107266436,0.0842137639369473,0.16,0.17279507881584,0.1417301038062283,0.0553633217993079,-0.3014225297962323,0.16,-0.17279507881584,-0.2069357939254133,0.0448442906574394,0.075355632449058,0.0325413302575932,0.16,0.0030142252979623,0.1358861976163014,0.0384467512495194,0.0842137639369473,0.0629911572472126,0.0629911572472126,0.0157477893118031,0.0797231833910034,-0.1137408688965782,-0.1929104190695886,0.0553633217993079,0.1034063821607074,0.0138408304498269,-0.1085121107266436,-0.1085121107266436,-0.1358861976163014,-0.1663360246059207,-0.2599000384467512,-0.1245674740484429,-0.0797231833910034,-0.0935640138408304,0.0888273740868896,-14.188536715301227,-20.72556999989534,-12.778915910309424,-19.37570844571482,0.7348423600196838,-0.6877703666687012,-0.6500661373138428,0.5504201650619507,-0.4546649158000946,-0.4297492206096649,0.6680446863174438,-0.5722326636314392,-0.517499566078186,0.7794764041900635,-0.7083104252815247,-0.6765663027763367,548.5435180664062,0.17958465218544
EXPB-066,112.48153,28.879329,w3,wc20,M3A-w3-0891,20.0,,否,水田,低,大田绿被条纹，疑稻,judge_B_01.csv,False,3,-0.0711111111111111,-0.1137408688965782,0.0711111111111111,0.1034063821607074,0.0271280276816609,0.0415840061514801,-0.1476970396001538,0.2069357939254133,-0.1034063821607074,0.1537870049980776,0.0415840061514801,0.0325413302575932,-0.1190926566705113,-0.0935640138408304,-0.0061514801999231,-0.1034063821607074,-0.2844444444444444,0.075355632449058,-0.1793771626297577,0.0049826989619377,-0.3188927335640138,0.186082276047674,-0.075355632449058,0.0842137639369473,0.0842137639369473,0.1793771626297577,0.0120569011918492,-0.1417301038062283,0.0246059207996924,0.1537870049980776,-0.0935640138408304,-0.0222068435217224,-0.035432525951557,0.0088581314878892,-0.0199307958477508,0.1537870049980776,-0.1190926566705113,-0.0297731641676278,0.0415840061514801,-0.0482276047673971,0.1793771626297577,0.0669896193771626,-0.0517339484813533,0.0415840061514801,0.0448442906574394,0.1929104190695886,0.1417301038062283,0.0553633217993079,0.1476970396001538,0.0629911572472126,-0.1034063821607074,0.2364628988850442,0.0120569011918492,0.0888273740868896,0.01039600153787,-0.1793771626297577,-0.0797231833910034,-0.0711111111111111,-0.1190926566705113,-0.0984236831987697,-0.2844444444444444,-0.1663360246059207,0.1476970396001538,0.1358861976163014,-10.274614606560664,-17.616112588072603,-8.208132739289923,-13.706979488777092,0.2930911779403686,-0.385084867477417,-0.5008515119552612,0.7347317934036255,-0.6619181036949158,-0.5356394052505493,0.7446929216384888,-0.6397978067398071,-0.5588139295578003,0.6662830710411072,-0.5782016515731812,-0.499029129743576,31.06716728210449,0.0289714224636554
EXPB-067,101.861018,26.688338,w7,m3a,M3A-w7-2990,10.0,,否,草地,低,绿带夹灌点，丛块不明,judge_B_01.csv,False,11,0.0246059207996924,-0.16,0.2141330257593233,-0.1085121107266436,-0.035432525951557,-0.1137408688965782,-0.2599000384467512,0.2441522491349481,-0.1358861976163014,0.059115724721261,-0.0325413302575932,-0.0984236831987697,-0.2441522491349481,-0.035432525951557,-0.0088581314878892,-0.0482276047673971,-0.0888273740868896,0.1793771626297577,-0.1663360246059207,0.0482276047673971,-0.2679584775086506,0.2519646289888504,0.1537870049980776,-0.1085121107266436,0.0517339484813533,-0.1476970396001538,0.0711111111111111,0.0984236831987697,-0.075355632449058,0.0384467512495194,0.0297731641676278,0.1034063821607074,0.0325413302575932,0.0384467512495194,-0.17279507881584,-0.1793771626297577,-0.0199307958477508,-0.0177777777777777,0.0222068435217224,-0.0246059207996924,-0.0049826989619377,0.075355632449058,-0.1034063821607074,0.2069357939254133,0.0797231833910034,0.2679584775086506,0.01039600153787,0.059115724721261,-0.0797231833910034,0.0629911572472126,0.0120569011918492,0.0711111111111111,0.16,-0.0448442906574394,0.0888273740868896,0.035432525951557,-0.0415840061514801,-0.0984236831987697,-0.2141330257593233,-0.1537870049980776,0.1085121107266436,-0.1190926566705113,0.0325413302575932,-0.1137408688965782,-7.022244693652557,-15.36631930564472,-6.020409396731632,-12.48415435397135,0.5610119104385376,-0.5905989408493042,-0.5106479525566101,0.4747320115566253,-0.5445067882537842,-0.6270518898963928,0.7869565486907959,-0.7147327065467834,-0.6060497164726257,0.8268052339553833,-0.7170047760009766,-0.4988913536071777,1119.0660400390625,0.0395164005458354
EXPB-068,103.0788042438059,25.27275304577656,w7,fcs10layer_audit,M5A-16271,,121.0,否,水体,中,养殖塘深色水面,judge_B_01.csv,False,23,-0.0074432910419069,-0.3100961168781238,0.1301653210303729,0.0297731641676278,-0.0039369473279507,0.0246059207996924,-0.0271280276816609,0.0297731641676278,0.0384467512495194,0.16,0.1358861976163014,-0.075355632449058,-0.0199307958477508,0.0415840061514801,0.0842137639369473,-0.0177777777777777,-0.1476970396001538,-0.1358861976163014,-0.2364628988850442,-0.1793771626297577,-0.1034063821607074,0.035432525951557,0.0984236831987697,-0.0297731641676278,-0.2364628988850442,-0.1793771626297577,0.0629911572472126,0.0039369473279507,0.1190926566705113,0.0842137639369473,-0.1476970396001538,-0.0325413302575932,-0.1417301038062283,-0.1417301038062283,-0.1358861976163014,0.0842137639369473,-0.0553633217993079,-0.0297731641676278,-0.0325413302575932,0.1137408688965782,-0.0842137639369473,-0.0246059207996924,-0.1245674740484429,0.0669896193771626,-0.1137408688965782,0.1998615916955017,-0.1358861976163014,0.1034063821607074,-0.1301653210303729,-0.1929104190695886,0.0448442906574394,0.1537870049980776,0.0088581314878892,-0.0448442906574394,0.0935640138408304,-0.1245674740484429,-0.1034063821607074,0.0415840061514801,-0.3014225297962323,-0.2679584775086506,-0.0669896193771626,-0.2069357939254133,0.0842137639369473,-0.0049826989619377,-13.104009185702571,-19.264896448534685,-13.48607284881223,-20.64979049707234,0.7535635232925415,-0.7256857752799988,-0.52173912525177,0.3154034316539764,-0.2779097259044647,-0.4027504920959472,0.364130437374115,-0.1853600889444351,-0.0482758618891239,0.2949640154838562,-0.1911764740943908,-0.1518889814615249,1892.5,0.1644186377525329
EXPB-069,112.312288,28.794438,w3,m3a,M3A-w3-0832,80.0,,否,水体,低,大片均质绿水面,judge_B_01.csv,False,23,-0.0022145328719723,-0.1137408688965782,-0.0088581314878892,0.0888273740868896,0.0517339484813533,0.16,-0.0629911572472126,0.1663360246059207,-0.0271280276816609,0.1476970396001538,0.1793771626297577,-0.0482276047673971,-0.0448442906574394,-0.0984236831987697,0.0199307958477508,-0.0271280276816609,-0.059115724721261,-0.1537870049980776,-0.0120569011918492,-0.0482276047673971,-0.0448442906574394,0.1358861976163014,-0.0448442906574394,0.0669896193771626,-0.1929104190695886,0.0074432910419069,0.1034063821607074,-0.1998615916955017,0.0711111111111111,0.0177777777777777,-0.0935640138408304,0.2441522491349481,0.0482276047673971,-0.0271280276816609,-0.0842137639369473,0.186082276047674,0.035432525951557,-0.1537870049980776,0.0325413302575932,0.2364628988850442,-0.0138408304498269,0.0271280276816609,0.2214532871972318,-0.0177777777777777,-0.1034063821607074,0.1998615916955017,-0.1663360246059207,0.2364628988850442,-0.1358861976163014,-0.1137408688965782,-0.0157477893118031,0.1476970396001538,-0.1301653210303729,0.0222068435217224,0.0415840061514801,-0.1929104190695886,-0.1190926566705113,0.0888273740868896,0.0517339484813533,-0.035432525951557,-0.0984236831987697,-0.2288965782391388,0.1085121107266436,0.3278123798539023,-23.064030856654533,-27.94512838623708,-22.890430945069568,-28.576233581587168,-0.1315610110759735,0.2554062008857727,0.5531453490257263,-0.0750206112861633,0.2489959895610809,0.3150105774402618,-0.1736997067928314,0.4667510986328125,0.5798090100288391,-0.2022880911827087,0.3769293129444122,0.5730858445167542,28.5,0.0289714224636554
EXPB-070,112.793066,28.661578,w3,wc20,M3A-w3-0902,20.0,,否,水体,中,养殖塘深色水，旁堤坝,judge_B_01.csv,False,23,-0.0415840061514801,-0.1929104190695886,0.1301653210303729,0.0271280276816609,-0.0074432910419069,0.2214532871972318,-0.0797231833910034,0.0138408304498269,0.0246059207996924,0.2214532871972318,0.1537870049980776,0.0120569011918492,-0.0415840061514801,-0.0222068435217224,0.0448442906574394,0.0138408304498269,-0.2214532871972318,-0.1034063821607074,-0.2069357939254133,-0.0415840061514801,-0.16,0.1034063821607074,-0.1476970396001538,0.0009842368319876,-0.1537870049980776,0.1537870049980776,0.0797231833910034,0.0074432910419069,0.1476970396001538,0.0297731641676278,0.0517339484813533,0.0120569011918492,-0.1085121107266436,-0.075355632449058,-0.1537870049980776,0.3368550557477893,-0.1137408688965782,-0.0482276047673971,0.0482276047673971,0.2519646289888504,-0.0517339484813533,0.1137408688965782,0.0935640138408304,0.0271280276816609,0.0246059207996924,0.1998615916955017,-0.0711111111111111,0.2141330257593233,-0.0797231833910034,-0.0984236831987697,-0.0482276047673971,0.1245674740484429,-0.0517339484813533,-0.0088581314878892,0.1301653210303729,-0.17279507881584,-0.1417301038062283,0.075355632449058,-0.1245674740484429,-0.0797231833910034,-0.1301653210303729,-0.17279507881584,0.0271280276816609,0.186082276047674,-16.17811723771279,-21.34419742766272,-14.862751935599157,-20.62632020440304,0.6920866370201111,-0.5189998745918274,-0.2409581989049911,0.3398457467556,-0.1571936011314392,-0.1640607863664627,0.1656836420297622,-0.0163627862930297,-0.0661340430378913,0.1607992351055145,0.0302066765725612,0.0418006442487239,24.0,0.0289714224636554
EXPB-071,112.120407,23.083579,w3,m3a,M3A-w3-1047,80.0,,否,草地,低,坡地稀绿，丛块不明,judge_B_01.csv,False,11,-0.075355632449058,-0.16,0.0030142252979623,0.1245674740484429,-0.0088581314878892,0.0482276047673971,-0.2214532871972318,0.0842137639369473,-0.0553633217993079,0.0797231833910034,0.1929104190695886,-0.0629911572472126,-0.2288965782391388,-0.0157477893118031,-0.0177777777777777,-0.0039369473279507,0.1358861976163014,-0.0935640138408304,-0.2599000384467512,-0.075355632449058,-0.1301653210303729,0.1034063821607074,-0.0482276047673971,-0.0246059207996924,-0.1034063821607074,0.0074432910419069,0.0415840061514801,-0.0797231833910034,-0.0517339484813533,0.0935640138408304,0.0271280276816609,0.035432525951557,0.0888273740868896,0.0088581314878892,-0.2069357939254133,0.0222068435217224,0.035432525951557,0.0984236831987697,-0.0482276047673971,0.1998615916955017,0.0074432910419069,-0.075355632449058,0.1417301038062283,0.2599000384467512,-0.0325413302575932,0.2364628988850442,-0.059115724721261,0.3100961168781238,-0.0199307958477508,0.0325413302575932,-0.1085121107266436,-0.0222068435217224,0.035432525951557,0.2069357939254133,0.2069357939254133,-0.0842137639369473,-0.0984236831987697,0.0415840061514801,0.059115724721261,-0.075355632449058,-0.0325413302575932,-0.2599000384467512,0.1417301038062283,0.2364628988850442,-12.345544271943826,-18.93251538255916,-12.395614323611714,-18.24865761344575,0.1560178250074386,0.0453987717628479,0.2640949487686157,0.3834314048290252,-0.2762580811977386,-0.1531883776187896,0.4156198799610138,-0.3613445460796356,-0.2768361568450928,0.2206540405750274,-0.0180878546088933,0.2459016442298889,1.5,0.1095963567495346
EXPB-072,104.29224852959456,24.51286814693985,w7,fcs10layer_audit,M5A-15889,,121.0,否,草地,低,绿斑驳夹灌点，不足,judge_B_01.csv,False,11,0.035432525951557,0.0088581314878892,0.1998615916955017,-0.1034063821607074,-0.0246059207996924,-0.0157477893118031,-0.17279507881584,0.1476970396001538,-0.0325413302575932,0.0842137639369473,0.0517339484813533,0.035432525951557,-0.2844444444444444,0.059115724721261,-0.0039369473279507,-0.0448442906574394,-0.16,0.1929104190695886,-0.0553633217993079,-0.3188927335640138,-0.3742560553633218,0.1929104190695886,0.0482276047673971,-0.1301653210303729,-0.059115724721261,0.01039600153787,0.059115724721261,0.059115724721261,0.0553633217993079,0.0222068435217224,0.0325413302575932,0.1476970396001538,0.0935640138408304,0.1190926566705113,-0.1301653210303729,-0.0415840061514801,-0.1417301038062283,-0.0246059207996924,0.0797231833910034,0.0138408304498269,0.0448442906574394,0.1085121107266436,-0.1793771626297577,0.1537870049980776,0.0199307958477508,0.1034063821607074,-0.0669896193771626,0.0984236831987697,-0.1137408688965782,-0.0022145328719723,0.0669896193771626,0.0199307958477508,0.1190926566705113,-0.0384467512495194,0.0553633217993079,-0.1301653210303729,-0.0448442906574394,-0.0517339484813533,-0.1417301038062283,-0.2761399461745483,0.0415840061514801,-0.2519646289888504,0.0842137639369473,-0.075355632449058,-6.005863224910002,-13.571386668214055,-5.667800444490903,-16.058401764029288,0.6649029850959778,-0.6282880306243896,-0.5774509906768799,0.363535076379776,-0.5173553824424744,-0.5830060839653015,0.5359712243080139,-0.5327550172805786,-0.5003198981285095,0.819327175617218,-0.7067773342132568,-0.5306902527809143,1076.8421630859375,0.1410644650459289
EXPB-073,103.37084654267316,24.65246634209203,w7,fcs10layer_audit,M5A-12092,,120.0,是,常绿灌丛,低,丛块状低矮绿被，无树影,judge_B_01.csv,False,9,0.0553633217993079,-0.1034063821607074,0.1245674740484429,-0.0157477893118031,-0.0061514801999231,0.0246059207996924,-0.186082276047674,0.0669896193771626,-0.0157477893118031,0.0246059207996924,0.2214532871972318,0.0177777777777777,-0.2599000384467512,-0.01039600153787,0.075355632449058,-0.0482276047673971,-0.1476970396001538,0.01039600153787,-0.1476970396001538,-0.1137408688965782,-0.2844444444444444,0.1476970396001538,0.2069357939254133,-0.0842137639369473,-0.0797231833910034,-0.1137408688965782,0.0984236831987697,0.0039369473279507,-0.0039369473279507,0.0888273740868896,0.0138408304498269,0.0669896193771626,0.075355632449058,0.0842137639369473,-0.0842137639369473,-0.0384467512495194,-0.0517339484813533,-0.0984236831987697,0.0120569011918492,-0.0271280276816609,-0.0415840061514801,0.0629911572472126,-0.2141330257593233,0.2141330257593233,-0.0074432910419069,0.075355632449058,0.0517339484813533,-0.0797231833910034,-0.1245674740484429,-0.0553633217993079,0.0448442906574394,-0.0246059207996924,0.035432525951557,0.0448442906574394,0.0984236831987697,-0.17279507881584,-0.0088581314878892,-0.0984236831987697,-0.2599000384467512,-0.4763706266820453,-0.0669896193771626,-0.1301653210303729,0.0842137639369473,-0.0935640138408304,-10.35411558100965,-16.91219002615941,-7.626664047726254,-15.503110551046642,0.6670493483543396,-0.6838036179542542,-0.6398062705993652,0.5739365220069885,-0.5808748602867126,-0.5641748905181885,0.7535348534584045,-0.6602423787117004,-0.5256968140602112,0.7857142686843872,-0.6771641969680786,-0.5535750389099121,1885.704833984375,0.3740659356117248
EXPB-074,108.999121,23.270069,w3,wc20,M3A-w3-0884,20.0,,否,草本旱地,低,大片裸土田，疑翻耕,judge_B_01.csv,False,0,-0.0553633217993079,0.0061514801999231,0.1190926566705113,0.0177777777777777,-0.0797231833910034,0.16,-0.1085121107266436,0.1085121107266436,-0.0669896193771626,0.2364628988850442,0.059115724721261,0.0935640138408304,-0.1929104190695886,0.0138408304498269,-0.0039369473279507,0.0074432910419069,-0.1417301038062283,0.0297731641676278,-0.1085121107266436,-0.0448442906574394,-0.3742560553633218,0.2599000384467512,-0.0384467512495194,-0.0935640138408304,-0.0517339484813533,0.186082276047674,-0.0553633217993079,-0.0888273740868896,0.0553633217993079,0.17279507881584,0.059115724721261,0.0629911572472126,0.0074432910419069,0.1085121107266436,-0.0711111111111111,0.186082276047674,-0.1085121107266436,-0.0030142252979623,0.059115724721261,-0.0271280276816609,0.1537870049980776,0.1663360246059207,-0.0222068435217224,0.2761399461745483,-0.0271280276816609,0.1034063821607074,0.1417301038062283,-0.0448442906574394,0.059115724721261,0.0669896193771626,-0.059115724721261,-0.0711111111111111,0.0120569011918492,0.059115724721261,0.0935640138408304,-0.16,-0.1245674740484429,-0.0935640138408304,-0.0384467512495194,-0.2141330257593233,-0.186082276047674,-0.2844444444444444,0.0711111111111111,0.0199307958477508,-10.092442649198729,-16.97725752780685,-7.710736650276009,-13.892808601166536,0.5004656314849854,-0.5516178607940674,-0.6281149983406067,0.7280420064926147,-0.6374948024749756,-0.600609302520752,0.7394548058509827,-0.6450474858283997,-0.5964208841323853,0.6513025760650635,-0.5766853094100952,-0.4938401877880096,87.73990631103516,0.044697355479002
EXPB-075,108.95423535958965,23.85673866341896,w3,fcs10layer_m3bA,M3B-A182,,,否,草地,低,坡地绿褐混杂，裸土过半,judge_B_01.csv,False,11,-0.0448442906574394,0.0222068435217224,0.1085121107266436,0.0517339484813533,-0.0297731641676278,0.0325413302575932,-0.2519646289888504,0.186082276047674,-0.0015378700499807,0.1476970396001538,-0.0022145328719723,0.0157477893118031,-0.1929104190695886,-0.0711111111111111,0.0415840061514801,0.0002460592079969,-0.0030142252979623,0.1929104190695886,-0.1663360246059207,-0.1793771626297577,-0.3460207612456747,0.2364628988850442,-0.1085121107266436,-0.0984236831987697,0.0088581314878892,0.2519646289888504,0.0297731641676278,-0.0384467512495194,0.0297731641676278,0.2069357939254133,0.0297731641676278,0.1085121107266436,0.1190926566705113,0.1998615916955017,-0.0797231833910034,0.0415840061514801,-0.0384467512495194,0.0030142252979623,0.059115724721261,0.0325413302575932,0.16,0.1358861976163014,-0.0015378700499807,0.1998615916955017,0.0517339484813533,-0.0553633217993079,-0.0157477893118031,0.1793771626297577,0.0888273740868896,0.0049826989619377,0.0074432910419069,-0.0415840061514801,0.1137408688965782,0.1190926566705113,0.1537870049980776,-0.1476970396001538,-0.0448442906574394,-0.0711111111111111,0.0246059207996924,-0.1034063821607074,-0.17279507881584,-0.2441522491349481,0.0888273740868896,0.1137408688965782,-6.626783405595367,-10.247122418925738,-6.211983058564604,-10.682248454990368,0.5174847841262817,-0.5177282094955444,-0.5322856903076172,0.732292115688324,-0.5828742980957031,-0.4900520443916321,0.7568545341491699,-0.605159342288971,-0.4879734516143799,0.662733793258667,-0.5860554575920105,-0.5381317138671875,204.23545837402344,0.044697355479002
EXPB-076,113.1215199626201,27.663170016818604,w3,fcs10layer_m3bA,M3B-A037,,,否,草地,低,坡地绿被夹褐色小径,judge_B_01.csv,False,11,-0.0629911572472126,-0.01039600153787,0.0888273740868896,0.0297731641676278,0.0669896193771626,0.1663360246059207,-0.2364628988850442,0.0669896193771626,0.035432525951557,0.1929104190695886,0.0015378700499807,0.0177777777777777,-0.186082276047674,-0.1034063821607074,-0.0553633217993079,-0.16,-0.186082276047674,0.1476970396001538,-0.1137408688965782,-0.0842137639369473,-0.2288965782391388,0.1929104190695886,-0.1137408688965782,-0.1085121107266436,-0.0088581314878892,0.2069357939254133,-0.035432525951557,-0.0415840061514801,0.1417301038062283,0.1663360246059207,0.1034063821607074,0.0553633217993079,0.0553633217993079,0.0517339484813533,-0.1929104190695886,0.186082276047674,-0.1190926566705113,-0.075355632449058,0.0984236831987697,0.0797231833910034,0.2069357939254133,0.186082276047674,0.0120569011918492,0.1190926566705113,0.1085121107266436,-0.0074432910419069,0.059115724721261,0.075355632449058,0.1034063821607074,0.0669896193771626,-0.0984236831987697,0.0629911572472126,0.0384467512495194,0.1476970396001538,0.0984236831987697,-0.186082276047674,-0.17279507881584,0.0177777777777777,-0.0553633217993079,-0.0271280276816609,-0.2214532871972318,-0.2519646289888504,0.0297731641676278,0.1137408688965782,-8.470286075948447,-17.93514205940817,-9.34736205802247,-13.656801219802317,0.5553382039070129,-0.5445128083229065,-0.4942487478256225,0.5974382162094116,-0.5575379133224487,-0.5238400101661682,0.6991150379180908,-0.5903614163398743,-0.5191514492034912,0.6209595203399658,-0.5417475700378418,-0.5150684714317322,70.8809814453125,0.1509173363447189
EXPB-077,101.624941,24.696773,w7,m3a,M3A-w7-3178,60.0,,否,裸地,中,施工场地红土裸露,judge_B_01.csv,False,22,0.1417301038062283,-0.0984236831987697,0.075355632449058,-0.0797231833910034,-0.0088581314878892,-0.0669896193771626,0.1537870049980776,-0.0935640138408304,-0.1793771626297577,-0.000553633217993,-0.0088581314878892,-0.1793771626297577,-0.3100961168781238,-0.0553633217993079,-0.1034063821607074,-0.2519646289888504,-0.0002460592079969,-0.0009842368319876,-0.0384467512495194,-0.0482276047673971,0.0553633217993079,0.0842137639369473,-0.0246059207996924,-0.1476970396001538,-0.0797231833910034,0.0517339484813533,0.1245674740484429,-0.0984236831987697,0.0049826989619377,0.059115724721261,0.1929104190695886,0.0415840061514801,-0.035432525951557,0.0222068435217224,0.16,-0.035432525951557,-0.1929104190695886,0.0002460592079969,0.0482276047673971,-0.1793771626297577,-0.0935640138408304,0.0061514801999231,-0.2214532871972318,0.0888273740868896,-0.0177777777777777,0.0482276047673971,-0.2069357939254133,0.059115724721261,-0.1301653210303729,-0.0415840061514801,0.01039600153787,0.075355632449058,-0.0711111111111111,0.1929104190695886,0.186082276047674,-0.1358861976163014,0.0015378700499807,-0.0199307958477508,-0.2069357939254133,-0.2761399461745483,0.0297731641676278,-0.1417301038062283,-0.2599000384467512,0.1417301038062283,-7.725234912274646,-18.521181689353178,1.7668358152437655,-14.955549840893529,0.1314917057752609,-0.3981430828571319,-0.3070271909236908,0.1349386572837829,-0.380110502243042,-0.371076226234436,0.0954097583889961,-0.4072244465351105,-0.4278903603553772,0.111604169011116,-0.3905079066753387,-0.339151382446289,1929.5078125,0.3255285918712616
EXPB-078,103.96580075534553,23.851169108657416,w7,fcs10layer_audit,M5A-15814,,121.0,否,草地,低,绿斑驳夹灌点，不足,judge_B_01.csv,False,11,0.0138408304498269,-0.0935640138408304,0.1085121107266436,-0.0177777777777777,-0.0415840061514801,-0.1190926566705113,-0.2069357939254133,0.186082276047674,-0.0842137639369473,0.0448442906574394,-0.0448442906574394,-0.0222068435217224,-0.2519646289888504,-0.035432525951557,-0.035432525951557,-0.059115724721261,-0.1663360246059207,0.2364628988850442,-0.16,-0.0888273740868896,-0.2599000384467512,0.1301653210303729,0.0935640138408304,-0.0797231833910034,-0.0138408304498269,-0.1417301038062283,0.1301653210303729,0.0888273740868896,-0.1190926566705113,0.0448442906574394,0.1137408688965782,0.059115724721261,0.1476970396001538,0.1301653210303729,-0.2214532871972318,-0.0984236831987697,-0.0222068435217224,-0.1301653210303729,0.0669896193771626,0.035432525951557,-0.0325413302575932,0.0711111111111111,-0.186082276047674,0.1929104190695886,0.059115724721261,0.1417301038062283,-0.0448442906574394,0.0517339484813533,-0.2288965782391388,-0.0553633217993079,0.0842137639369473,-0.035432525951557,0.16,-0.059115724721261,0.0325413302575932,-0.0448442906574394,-0.0246059207996924,-0.0297731641676278,-0.2441522491349481,-0.3100961168781238,-0.0297731641676278,-0.1245674740484429,-0.1034063821607074,-0.0629911572472126,-11.027580312913832,-16.07221817670936,-9.52501464414344,-16.269146766348573,0.6343980431556702,-0.6440929174423218,-0.6576319336891174,0.4238875806331634,-0.5037097930908203,-0.5815085172653198,0.5216703414916992,-0.4669106304645538,-0.3970334529876709,0.7561211585998535,-0.6695252656936646,-0.5753640532493591,1720.946533203125,0.1838131248950958
EXPB-079,110.94598000753945,23.62389534177517,w3,fcs10layer_m3bA,M3B-A262,,,否,草地,低,灰绿细斑驳，无丛块,judge_B_01.csv,False,11,0.0669896193771626,0.0448442906574394,0.0984236831987697,0.075355632449058,-0.0022145328719723,-0.0482276047673971,-0.3100961168781238,0.186082276047674,0.0448442906574394,0.0669896193771626,-0.075355632449058,0.1998615916955017,-0.292871972318339,0.0415840061514801,-0.0669896193771626,0.0271280276816609,-0.0797231833910034,-0.0199307958477508,-0.1245674740484429,-0.0138408304498269,-0.1417301038062283,-0.0325413302575932,0.1245674740484429,-0.1476970396001538,-0.0384467512495194,0.0297731641676278,0.0246059207996924,-0.0246059207996924,-0.2441522491349481,0.1137408688965782,0.186082276047674,0.2364628988850442,0.2519646289888504,-0.0797231833910034,-0.2069357939254133,0.2214532871972318,-0.1417301038062283,-0.1929104190695886,-0.0517339484813533,0.0482276047673971,-0.0138408304498269,0.0669896193771626,0.0297731641676278,0.1301653210303729,0.035432525951557,0.1358861976163014,-0.075355632449058,0.0935640138408304,0.0842137639369473,0.0629911572472126,0.01039600153787,-0.1793771626297577,0.0199307958477508,0.0415840061514801,-0.0049826989619377,-0.1663360246059207,-0.0888273740868896,0.0415840061514801,-0.1301653210303729,-0.1137408688965782,0.0517339484813533,-0.1190926566705113,-0.1793771626297577,-0.0669896193771626,-14.351916673671733,-19.61599101794838,-14.656353259393374,-18.45779960969909,,,,,,,,,,,,,,
EXPB-080,104.998743,25.389105,w7,wc20,M3A-w7-3022,20.0,,否,草地,低,干草夹裸土，旁绿灌丛,judge_B_01.csv,False,11,0.0935640138408304,-0.075355632449058,0.0935640138408304,0.0553633217993079,0.0553633217993079,-0.1190926566705113,-0.2441522491349481,0.0888273740868896,-0.0157477893118031,0.1663360246059207,0.1663360246059207,0.0888273740868896,-0.2519646289888504,0.0157477893118031,0.0138408304498269,-0.1476970396001538,-0.16,-0.0049826989619377,-0.0888273740868896,-0.1663360246059207,-0.2288965782391388,-0.0629911572472126,0.075355632449058,-0.1929104190695886,-0.0138408304498269,0.0222068435217224,-0.035432525951557,-0.0415840061514801,-0.0517339484813533,0.1358861976163014,-0.01039600153787,0.1417301038062283,0.1085121107266436,0.0448442906574394,-0.16,0.0517339484813533,-0.17279507881584,-0.1417301038062283,0.01039600153787,0.059115724721261,-0.0415840061514801,0.0842137639369473,-0.1998615916955017,0.186082276047674,-0.0984236831987697,0.0157477893118031,-0.0138408304498269,-0.0074432910419069,0.0138408304498269,-0.0074432910419069,0.1190926566705113,-0.0482276047673971,0.0842137639369473,0.1245674740484429,-0.000553633217993,-0.292871972318339,-0.1476970396001538,-0.059115724721261,-0.17279507881584,-0.3553094963475586,-0.0842137639369473,-0.17279507881584,-0.0297731641676278,-0.0325413302575932,-12.20295868311084,-17.606428319277324,-9.88751822204096,-17.732472095272907,0.6616837382316589,-0.6359411478042603,-0.611463189125061,0.705467939376831,-0.5907384157180786,-0.5102957487106323,0.7484764456748962,-0.5891238451004028,-0.4269662797451019,0.821094810962677,-0.7420178651809692,-0.6188679337501526,1744.3504638671875,0.2621802389621734
EXPB-081,102.62057361737656,24.78272205828936,w7,fcs10layer_audit,M5A-10103,,120.0,否,乔木园地,低,成行点状植株园地,judge_B_01.csv,False,2,-0.0448442906574394,-0.1663360246059207,0.2069357939254133,0.0842137639369473,0.0384467512495194,-0.0935640138408304,-0.0888273740868896,0.1245674740484429,0.0074432910419069,-0.0297731641676278,0.059115724721261,-0.16,-0.2214532871972318,0.0039369473279507,0.075355632449058,-0.0384467512495194,-0.2141330257593233,-0.059115724721261,-0.0888273740868896,-0.186082276047674,-0.1929104190695886,0.0157477893118031,0.1793771626297577,-0.0984236831987697,-0.075355632449058,0.0553633217993079,0.0984236831987697,-0.0842137639369473,-0.0448442906574394,0.0482276047673971,-0.1245674740484429,-0.0669896193771626,-0.1085121107266436,-0.0074432910419069,0.0415840061514801,-0.0669896193771626,0.0448442906574394,-0.0199307958477508,-0.0797231833910034,-0.0325413302575932,0.1137408688965782,-0.0325413302575932,-0.3100961168781238,0.2141330257593233,0.000553633217993,0.0553633217993079,-0.0553633217993079,0.059115724721261,-0.0669896193771626,0.0797231833910034,0.0222068435217224,0.17279507881584,-0.0049826989619377,0.0935640138408304,0.1417301038062283,-0.1358861976163014,0.01039600153787,0.0002460592079969,-0.3647212610534409,-0.3460207612456747,-0.035432525951557,-0.1929104190695886,-0.1190926566705113,-0.0157477893118031,-12.406210276959232,-17.837776079888343,-10.15614470749034,-14.700068066781268,0.6702127456665039,-0.651327908039093,-0.4808143973350525,0.8767567276954651,-0.8001116514205933,-0.5184473395347595,0.6274790167808533,-0.5644654035568237,-0.2746317386627197,0.7627118825912476,-0.6602644324302673,-0.4699357748031616,1900.6121826171875,0.1864792853593826
EXPB-082,104.873159,23.563549,w7,m3a,M3A-w7-2945,60.0,,否,湖河滩地,低,滩地泥砂相间,judge_B_01.csv,False,16,0.0797231833910034,0.0984236831987697,0.0448442906574394,-0.0482276047673971,-0.0009842368319876,-0.075355632449058,-0.075355632449058,0.0415840061514801,-0.2214532871972318,0.0325413302575932,0.3100961168781238,-0.0415840061514801,-0.3553094963475586,0.0797231833910034,-0.186082276047674,-0.1034063821607074,0.2141330257593233,0.0448442906574394,-0.1929104190695886,-0.1190926566705113,-0.035432525951557,-0.059115724721261,0.0711111111111111,-0.0797231833910034,-0.0222068435217224,-0.0842137639369473,-0.0797231833910034,0.0629911572472126,-0.0448442906574394,0.1476970396001538,0.1301653210303729,0.0517339484813533,0.2288965782391388,-0.000553633217993,-0.059115724721261,-0.0669896193771626,-0.2288965782391388,-0.0199307958477508,-0.01039600153787,-0.000553633217993,0.0629911572472126,-0.1085121107266436,-0.186082276047674,0.1358861976163014,-0.0271280276816609,-0.0157477893118031,0.0177777777777777,0.2141330257593233,-0.0629911572472126,0.0415840061514801,0.0039369473279507,0.0222068435217224,0.0935640138408304,0.1358861976163014,0.2141330257593233,-0.1085121107266436,-0.0415840061514801,-0.0797231833910034,0.0297731641676278,-0.3188927335640138,-0.0271280276816609,-0.1793771626297577,0.0297731641676278,0.0669896193771626,-8.313758769017408,-14.25712564475398,-6.601966575821887,-14.717277874987488,-0.0323740988969802,-0.0679900720715522,-0.1730515211820602,0.0590227395296096,-0.1472746282815933,-0.2660426199436188,0.0389036238193511,-0.1682823747396469,-0.2848899364471435,0.0295602027326822,-0.1191222593188285,-0.2249612063169479,1291.1820068359375,0.2061697244644165
EXPB-083,108.312988,28.100759,w3,m3a,M3A-w3-0948,30.0,,否,裸地,低,干黄地表稀疏草点,judge_B_01.csv,False,22,-0.0448442906574394,0.075355632449058,0.1537870049980776,0.0711111111111111,0.0935640138408304,-0.0074432910419069,-0.2679584775086506,0.1417301038062283,0.1034063821607074,0.16,-0.0517339484813533,-0.035432525951557,-0.2214532871972318,-0.059115724721261,-0.0711111111111111,-0.16,-0.1190926566705113,0.1476970396001538,-0.1245674740484429,-0.1301653210303729,-0.2069357939254133,0.2679584775086506,-0.1476970396001538,-0.1034063821607074,0.000553633217993,0.1245674740484429,-0.0271280276816609,-0.1034063821607074,0.0842137639369473,0.1085121107266436,0.0384467512495194,0.035432525951557,0.0199307958477508,0.1537870049980776,-0.1190926566705113,0.059115724721261,-0.1137408688965782,-0.0157477893118031,-0.0074432910419069,-0.0049826989619377,0.1358861976163014,0.2069357939254133,-0.0138408304498269,0.1476970396001538,-0.0297731641676278,0.0711111111111111,0.1034063821607074,0.1417301038062283,0.0448442906574394,-0.01039600153787,-0.0384467512495194,-0.0157477893118031,0.1190926566705113,0.1190926566705113,0.0629911572472126,-0.17279507881584,-0.1476970396001538,-0.0138408304498269,-0.1793771626297577,-0.1537870049980776,-0.1929104190695886,-0.3278123798539023,-0.0039369473279507,0.0984236831987697,-6.566426092726712,-17.061162809551185,-8.649713760221909,-13.99088242904526,0.5175274610519409,-0.5343959927558899,-0.5593489408493042,0.5945315361022949,-0.5418345928192139,-0.507366955280304,0.8000733852386475,-0.659747302532196,-0.5104690790176392,0.7347517609596252,-0.6560595631599426,-0.587996780872345,625.7949829101562,0.2159118354320526
EXPB-084,102.09979,25.267024,w7,m3a,M3A-w7-3153,50.0,,否,不透水面,中,村内房屋院落,judge_B_01.csv,False,21,0.1537870049980776,-0.0669896193771626,0.0888273740868896,-0.0138408304498269,0.0246059207996924,-0.0384467512495194,0.0177777777777777,-0.0888273740868896,-0.186082276047674,0.0138408304498269,0.16,-0.0669896193771626,-0.3553094963475586,-0.0246059207996924,-0.0797231833910034,-0.1929104190695886,-0.0448442906574394,0.035432525951557,-0.0797231833910034,-0.0061514801999231,-0.0669896193771626,0.1034063821607074,0.1998615916955017,-0.1417301038062283,-0.1358861976163014,0.0325413302575932,-0.000553633217993,-0.0120569011918492,-0.0384467512495194,0.1190926566705113,0.0888273740868896,0.0415840061514801,0.0199307958477508,-0.0022145328719723,0.0935640138408304,-0.0842137639369473,-0.2214532871972318,-0.0553633217993079,0.0415840061514801,-0.1034063821607074,-0.1190926566705113,0.0049826989619377,-0.2844444444444444,0.16,-0.0177777777777777,0.1190926566705113,-0.035432525951557,0.0039369473279507,-0.1085121107266436,-0.1190926566705113,0.0797231833910034,0.0517339484813533,0.035432525951557,0.1190926566705113,0.1998615916955017,-0.292871972318339,-0.0669896193771626,-0.0517339484813533,-0.1417301038062283,-0.3553094963475586,-0.0049826989619377,-0.2069357939254133,-0.059115724721261,-0.0222068435217224,-7.347443550747096,-15.301028533841109,-5.337339856512113,-14.929223932437328,0.137138620018959,-0.1909937858581543,-0.2380255907773971,0.1058451831340789,-0.1777902394533157,-0.2636865973472595,0.115894041955471,-0.171882763504982,-0.1776023656129837,0.1400523632764816,-0.2433975785970688,-0.2387791723012924,1813.7047119140625,0.0951210707426071
EXPB-085,112.435447,28.639749,w3,m3a,M3A-w3-0857,90.0,,否,水田,低,大片褐绿平坦，疑泡田,judge_B_01.csv,False,3,-0.0842137639369473,-0.2288965782391388,-0.0039369473279507,-0.075355632449058,0.0629911572472126,0.2679584775086506,-0.1537870049980776,0.1537870049980776,-0.0711111111111111,0.1358861976163014,0.1190926566705113,-0.0325413302575932,-0.1476970396001538,0.01039600153787,-0.0482276047673971,-0.0120569011918492,-0.3014225297962323,-0.0448442906574394,-0.0199307958477508,-0.0935640138408304,-0.1998615916955017,0.0629911572472126,-0.2214532871972318,0.035432525951557,-0.1301653210303729,0.0888273740868896,0.0120569011918492,-0.2599000384467512,0.035432525951557,0.0157477893118031,-0.0061514801999231,0.0888273740868896,-0.0669896193771626,0.1085121107266436,-0.0297731641676278,0.1417301038062283,-0.0415840061514801,-0.1190926566705113,0.1190926566705113,0.2364628988850442,0.0199307958477508,0.1190926566705113,0.0935640138408304,-0.059115724721261,-0.0669896193771626,0.16,-0.0415840061514801,0.1537870049980776,-0.0984236831987697,0.0984236831987697,0.0246059207996924,0.1301653210303729,-0.186082276047674,-0.0553633217993079,0.0553633217993079,-0.1998615916955017,0.0325413302575932,-0.0797231833910034,-0.0120569011918492,-0.1034063821607074,-0.0935640138408304,-0.2069357939254133,0.0271280276816609,0.2519646289888504,-26.074109510904805,-24.79623101061664,-28.05279338338612,-26.0174868791427,-0.0639789626002311,0.1414791047573089,0.4624098837375641,0.0180910788476467,0.0795262232422828,0.083498440682888,0.1448952257633209,-0.075376883149147,0.0356472805142402,0.772141695022583,-0.7012560367584229,-0.4897689819335937,26.85011100769043,0.0289714224636554
EXPB-086,104.62309804873578,25.58680406910474,w7,fcs10layer_audit,M5A-13549,,120.0,否,草地,低,灰绿稀草，丛块不明,judge_B_01.csv,False,11,0.0199307958477508,0.0061514801999231,0.0553633217993079,0.0177777777777777,0.0246059207996924,0.0061514801999231,-0.2288965782391388,0.1085121107266436,0.0061514801999231,0.1085121107266436,0.2679584775086506,-0.0384467512495194,-0.2364628988850442,0.0120569011918492,0.0271280276816609,-0.1034063821607074,-0.1085121107266436,0.0088581314878892,-0.2364628988850442,-0.1998615916955017,-0.292871972318339,-0.0669896193771626,0.0842137639369473,-0.2069357939254133,0.0120569011918492,0.0222068435217224,0.0482276047673971,-0.0448442906574394,-0.0074432910419069,0.1476970396001538,-0.0157477893118031,0.2288965782391388,0.16,0.1301653210303729,-0.1034063821607074,0.0030142252979623,-0.16,0.0039369473279507,-0.0177777777777777,-0.0061514801999231,-0.0199307958477508,0.0061514801999231,-0.1476970396001538,0.1929104190695886,0.0138408304498269,0.0138408304498269,0.0157477893118031,0.0629911572472126,0.01039600153787,0.0157477893118031,0.1137408688965782,-0.0711111111111111,0.1137408688965782,0.17279507881584,0.0711111111111111,-0.2069357939254133,-0.0711111111111111,-0.1245674740484429,-0.17279507881584,-0.3278123798539023,-0.1245674740484429,-0.1476970396001538,0.075355632449058,-0.0177777777777777,-11.233106498114235,-17.16917075376872,-9.473376569352272,-18.3321187279626,0.5392491221427917,-0.5880281925201416,-0.617803156375885,0.6419932246208191,-0.5681503415107727,-0.4967695474624634,0.8130060434341431,-0.6494014859199524,-0.4700765609741211,0.6534940004348755,-0.5818349719047546,-0.4506359696388244,1893.4803466796875,0.2621802389621734
EXPB-087,105.02787891576004,23.77175803754125,w7,fcs10layer_audit,M5A-11927,,120.0,否,草地,低,均匀细绿，无丛簇,judge_B_01.csv,False,11,-0.0199307958477508,-0.059115724721261,0.059115724721261,0.0271280276816609,0.0138408304498269,-0.059115724721261,-0.2141330257593233,0.0842137639369473,0.0384467512495194,0.0711111111111111,0.186082276047674,-0.0711111111111111,-0.292871972318339,-0.0049826989619377,0.0482276047673971,-0.0711111111111111,-0.059115724721261,-0.0199307958477508,-0.2679584775086506,-0.2679584775086506,-0.2679584775086506,-0.0669896193771626,0.0711111111111111,-0.2141330257593233,0.0384467512495194,0.0157477893118031,0.0984236831987697,-0.0415840061514801,-0.1301653210303729,0.1793771626297577,-0.0177777777777777,0.16,0.17279507881584,0.035432525951557,-0.1793771626297577,-0.0384467512495194,-0.1245674740484429,0.0157477893118031,-0.0222068435217224,-0.0246059207996924,0.0482276047673971,-0.0482276047673971,-0.2141330257593233,0.2141330257593233,0.0842137639369473,-0.0199307958477508,-0.0297731641676278,0.1358861976163014,-0.0325413302575932,0.0553633217993079,0.1245674740484429,-0.0517339484813533,0.0984236831987697,0.1245674740484429,0.1417301038062283,-0.1245674740484429,-0.0415840061514801,-0.0842137639369473,-0.1190926566705113,-0.3188927335640138,-0.0030142252979623,-0.1476970396001538,0.0157477893118031,0.0120569011918492,-11.624683204983082,-16.90107662020999,-9.911622643501037,-19.815654951812444,0.7277424335479736,-0.6716015934944153,-0.5817825794219971,0.6570596694946289,-0.5412943363189697,-0.4637543559074402,0.7129543423652649,-0.5654210448265076,-0.4392857253551483,0.7706125974655151,-0.6182991862297058,-0.462981253862381,1746.806640625,0.2239386290311813
EXPB-088,112.45847345141148,24.68498535537716,w3,fcs10layer_m3bA,M3B-A081,,,否,草地,低,干草灰绿，无丛块,judge_B_01.csv,False,11,-0.0415840061514801,-0.0222068435217224,0.1417301038062283,0.0325413302575932,0.0177777777777777,0.059115724721261,-0.3188927335640138,0.16,0.0297731641676278,0.1998615916955017,0.0448442906574394,-0.0415840061514801,-0.2288965782391388,-0.0199307958477508,0.035432525951557,-0.0415840061514801,-0.0935640138408304,0.1417301038062283,-0.1476970396001538,-0.1793771626297577,-0.2679584775086506,0.2599000384467512,-0.1358861976163014,-0.1417301038062283,-0.0015378700499807,0.0553633217993079,-0.0157477893118031,-0.0629911572472126,-0.000553633217993,0.186082276047674,0.0246059207996924,0.0448442906574394,0.0415840061514801,0.1137408688965782,-0.2364628988850442,0.1137408688965782,-0.1301653210303729,0.0325413302575932,-0.0271280276816609,0.01039600153787,0.1301653210303729,0.1663360246059207,-0.0157477893118031,0.2069357939254133,0.0222068435217224,0.0120569011918492,0.0022145328719723,0.1358861976163014,0.1137408688965782,0.0222068435217224,-0.0074432910419069,-0.0177777777777777,0.1245674740484429,0.1245674740484429,0.0711111111111111,-0.0984236831987697,-0.1417301038062283,-0.0448442906574394,-0.035432525951557,-0.1358861976163014,-0.1537870049980776,-0.2761399461745483,0.1476970396001538,0.1085121107266436,-8.13017757593434,-13.98692495499149,-8.760294116154043,-14.29531799034556,0.5209580659866333,-0.5079155564308167,-0.4925169944763183,0.4951567053794861,-0.5264688730239868,-0.5348571538925171,0.7864487171173096,-0.6476595997810364,-0.4886183142662048,0.729130208492279,-0.6247943043708801,-0.539393961429596,249.56732177734372,0.1012971848249435
EXPB-089,111.740959,26.684296,w3,m3a,M3A-w3-1042,80.0,,否,水体,低,白浪湍流水面,judge_B_01.csv,False,23,-0.035432525951557,-0.0842137639369473,-0.0074432910419069,0.0297731641676278,0.035432525951557,0.1301653210303729,-0.0797231833910034,0.0935640138408304,-0.0222068435217224,0.1190926566705113,0.2141330257593233,0.0177777777777777,-0.0517339484813533,-0.0138408304498269,-0.0246059207996924,-0.0448442906574394,-0.0271280276816609,-0.1929104190695886,-0.1190926566705113,-0.0842137639369473,-0.1245674740484429,0.0669896193771626,-0.1034063821607074,-0.0049826989619377,-0.2364628988850442,-0.035432525951557,0.0629911572472126,-0.1476970396001538,0.0669896193771626,0.0984236831987697,-0.0517339484813533,0.1537870049980776,-0.0297731641676278,-0.0629911572472126,-0.1537870049980776,0.17279507881584,-0.0629911572472126,-0.1137408688965782,0.0120569011918492,0.292871972318339,-0.0415840061514801,0.0384467512495194,0.2141330257593233,0.0,-0.1034063821607074,0.2288965782391388,-0.1085121107266436,0.1793771626297577,-0.1301653210303729,-0.1929104190695886,-0.0325413302575932,0.075355632449058,-0.0629911572472126,0.0384467512495194,0.0482276047673971,-0.1998615916955017,-0.1663360246059207,0.0138408304498269,0.0448442906574394,-0.1476970396001538,-0.1190926566705113,-0.2599000384467512,0.1245674740484429,0.3188927335640138,-22.85908391195823,-25.75681753293121,-21.14015779518302,-25.498954542826027,,,,,,,,,,,,,,
EXPB-090,105.468473,26.473821,w7,wc20,M3A-w7-3023,20.0,,是,常绿灌丛,低,暗绿细斑块状覆盖,judge_B_01.csv,False,9,0.0074432910419069,-0.0415840061514801,0.1034063821607074,0.1085121107266436,0.0935640138408304,-0.1998615916955017,-0.2069357939254133,0.16,-0.0138408304498269,0.0074432910419069,0.186082276047674,0.0553633217993079,-0.1929104190695886,0.035432525951557,-0.1417301038062283,-0.1663360246059207,-0.186082276047674,-0.0553633217993079,-0.1793771626297577,-0.0384467512495194,-0.16,-0.0984236831987697,0.0199307958477508,-0.1417301038062283,0.0711111111111111,-0.0797231833910034,0.0797231833910034,-0.1190926566705113,-0.17279507881584,0.0553633217993079,0.0842137639369473,0.186082276047674,0.0517339484813533,0.0448442906574394,-0.3014225297962323,0.035432525951557,-0.2441522491349481,-0.1085121107266436,0.0088581314878892,0.1137408688965782,-0.0935640138408304,0.0553633217993079,-0.1137408688965782,-0.0088581314878892,-0.1034063821607074,0.1358861976163014,0.035432525951557,0.0517339484813533,0.0088581314878892,0.0120569011918492,0.0157477893118031,-0.0842137639369473,0.0517339484813533,0.16,-0.0222068435217224,-0.1998615916955017,-0.1358861976163014,-0.186082276047674,-0.2441522491349481,-0.2214532871972318,-0.0384467512495194,0.0022145328719723,-0.0935640138408304,-0.0842137639369473,-15.668374645131491,-23.975221206592224,-16.65492124602163,-21.891112607725777,0.5829914212226868,-0.6266769170761108,-0.6623916625976562,0.7480888366699219,-0.6350017189979553,-0.5314685106277466,0.8599090576171875,-0.7341572642326355,-0.5488381385803223,0.7351058721542358,-0.6474988460540771,-0.5558173656463623,1825.20361328125,0.1484786123037338
EXPB-091,105.386816,25.089427,w7,m3a,M3A-w7-3202,60.0,,否,草地,低,干黄地夹灌点，未过半,judge_B_01.csv,False,11,-0.0297731641676278,-0.1537870049980776,0.1537870049980776,-0.0049826989619377,0.0061514801999231,-0.1793771626297577,-0.16,0.035432525951557,-0.2288965782391388,0.0935640138408304,-0.0199307958477508,-0.1034063821607074,-0.2599000384467512,-0.059115724721261,-0.1034063821607074,-0.2141330257593233,-0.0517339484813533,0.3100961168781238,-0.0797231833910034,-0.1301653210303729,-0.1190926566705113,0.2214532871972318,-0.0711111111111111,-0.1190926566705113,-0.1476970396001538,-0.0517339484813533,0.035432525951557,0.059115724721261,-0.075355632449058,0.0448442906574394,0.1476970396001538,-0.0088581314878892,0.0888273740868896,0.0935640138408304,-0.1085121107266436,-0.0629911572472126,-0.1417301038062283,-0.0517339484813533,-0.0517339484813533,0.0629911572472126,0.0517339484813533,-0.0049826989619377,-0.2214532871972318,0.0888273740868896,-0.0271280276816609,0.1537870049980776,0.1085121107266436,0.186082276047674,-0.0517339484813533,-0.0984236831987697,0.16,0.075355632449058,0.0629911572472126,-0.0157477893118031,0.0888273740868896,-0.059115724721261,-0.16,-0.0448442906574394,-0.0888273740868896,-0.2519646289888504,-0.0448442906574394,-0.2599000384467512,0.0797231833910034,-0.0384467512495194,-4.030776703636235,-12.47390019871479,-4.629079349261877,-12.1148953337881,0.2147417366504669,-0.3240550458431244,-0.5053240656852722,0.2065278589725494,-0.296251505613327,-0.4962129294872284,0.3957055211067199,-0.3843813240528106,-0.4684763550758362,0.3730799257755279,-0.4162191152572632,-0.5194517970085144,1274.8367919921875,0.3339246213436126
EXPB-092,105.070699,26.333683,w7,wc20,M3A-w7-3037,20.0,,否,草地,低,绿斑驳坡地，丛块不明,judge_B_01.csv,False,11,0.0888273740868896,0.0482276047673971,0.075355632449058,0.0797231833910034,0.0415840061514801,-0.1137408688965782,-0.1537870049980776,0.0448442906574394,0.0199307958477508,0.1537870049980776,0.1085121107266436,0.0039369473279507,-0.2519646289888504,-0.0448442906574394,-0.0888273740868896,-0.1358861976163014,-0.2214532871972318,0.1137408688965782,-0.1417301038062283,-0.1793771626297577,-0.2519646289888504,0.0984236831987697,0.0074432910419069,-0.0842137639369473,-0.0297731641676278,-0.0448442906574394,0.0157477893118031,-0.0669896193771626,0.01039600153787,0.1301653210303729,-0.0271280276816609,0.0888273740868896,0.1190926566705113,0.17279507881584,-0.1537870049980776,0.0384467512495194,-0.0384467512495194,-0.1793771626297577,-0.0384467512495194,0.0325413302575932,0.0199307958477508,0.1417301038062283,-0.186082276047674,0.1417301038062283,-0.0415840061514801,0.0015378700499807,0.0049826989619377,-0.0138408304498269,-0.035432525951557,-0.01039600153787,0.0797231833910034,-0.0711111111111111,0.1190926566705113,0.0888273740868896,0.0022145328719723,-0.2844444444444444,-0.0797231833910034,-0.035432525951557,-0.2141330257593233,-0.4035986159169549,-0.2069357939254133,-0.1358861976163014,-0.075355632449058,0.0246059207996924,-10.436758453552551,-18.00576707773417,-10.530746059055712,-16.111585143536196,0.6336801648139954,-0.6007586717605591,-0.5631647109985352,0.6681976914405823,-0.5601374506950378,-0.4728171229362488,0.7921022176742554,-0.6480640769004822,-0.4853572845458984,0.7180119752883911,-0.6333780288696289,-0.5771163702011108,2057.5302734375,0.1484786123037338
EXPB-093,105.476557,26.486217,w7,wc20,M3A-w7-3025,20.0,,否,草地,低,绿被斑驳，无显丛块,judge_B_01.csv,False,11,-0.035432525951557,0.0448442906574394,0.0222068435217224,0.0629911572472126,0.0222068435217224,-0.0888273740868896,-0.16,0.1085121107266436,0.0271280276816609,0.16,0.1417301038062283,-0.0842137639369473,-0.2141330257593233,-0.035432525951557,-0.059115724721261,-0.1537870049980776,-0.17279507881584,0.0448442906574394,-0.2069357939254133,-0.1929104190695886,-0.1998615916955017,-0.01039600153787,0.0022145328719723,-0.17279507881584,0.0482276047673971,0.0797231833910034,0.0157477893118031,-0.1358861976163014,0.0199307958477508,0.1417301038062283,-0.1301653210303729,0.1793771626297577,0.1358861976163014,0.0984236831987697,-0.0842137639369473,-0.035432525951557,-0.1245674740484429,-0.0797231833910034,-0.0384467512495194,-0.059115724721261,0.0199307958477508,0.0448442906574394,-0.16,0.1085121107266436,-0.0711111111111111,-0.0009842368319876,0.0935640138408304,0.0711111111111111,0.0984236831987697,0.059115724721261,0.1085121107266436,-0.0517339484813533,0.0797231833910034,0.2364628988850442,0.0711111111111111,-0.2599000384467512,-0.0177777777777777,-0.0935640138408304,-0.2069357939254133,-0.3742560553633218,-0.1417301038062283,-0.1998615916955017,0.0049826989619377,-0.0157477893118031,-9.184507598244483,-15.436878545271515,-8.386445517484864,-14.433874015118606,0.4233261346817016,-0.4892655313014984,-0.5649663209915161,0.6700767278671265,-0.5917123556137085,-0.5073529481887817,0.8131852746009827,-0.6942030787467957,-0.51341313123703,0.7376867532730103,-0.6705089807510376,-0.5847116708755493,1878.464111328125,0.1484786123037338
EXPB-094,102.86219,24.528339,w7,m3a,M3A-w7-2981,80.0,,否,水体,中,深色水面微反光,judge_B_01.csv,False,23,0.0325413302575932,-0.1929104190695886,-0.1034063821607074,0.075355632449058,0.0797231833910034,0.0482276047673971,-0.0448442906574394,0.0797231833910034,0.035432525951557,0.0517339484813533,0.2214532871972318,-0.0797231833910034,-0.1085121107266436,-0.0888273740868896,0.0888273740868896,-0.035432525951557,-0.0015378700499807,-0.1034063821607074,-0.0629911572472126,-0.1929104190695886,0.0199307958477508,0.1034063821607074,0.0984236831987697,0.1663360246059207,-0.186082276047674,-0.1663360246059207,0.0888273740868896,-0.1998615916955017,0.1137408688965782,0.0157477893118031,-0.2519646289888504,0.3100961168781238,0.0271280276816609,-0.0482276047673971,-0.1358861976163014,-0.0246059207996924,0.1190926566705113,-0.0711111111111111,0.0177777777777777,0.1417301038062283,-0.0199307958477508,-0.1793771626297577,0.1137408688965782,0.0517339484813533,-0.0935640138408304,0.1793771626297577,-0.2069357939254133,0.1663360246059207,-0.1663360246059207,-0.075355632449058,0.0199307958477508,0.1663360246059207,-0.1190926566705113,0.0517339484813533,0.0384467512495194,-0.0482276047673971,-0.1034063821607074,0.0384467512495194,-0.0415840061514801,-0.2364628988850442,-0.0297731641676278,-0.0711111111111111,0.1245674740484429,0.2441522491349481,-21.64424192299547,-26.41095736065156,-23.830261016848908,-27.46601785353426,-0.0349650345742702,0.3811659216880798,0.6041666865348816,-0.0416068881750106,0.177846148610115,0.2897574007511139,-0.0654396712779998,0.2751784324645996,0.5184136033058167,-0.1888888925313949,0.514950156211853,0.525083601474762,1720.5,0.1864792853593826
EXPB-095,109.10964390374232,27.36501917401933,w3,fcs10layer_m3bA,M3B-A206,,,否,草地,低,浅色地表绿斑驳,judge_B_01.csv,False,11,-0.0061514801999231,0.059115724721261,0.1537870049980776,-0.0553633217993079,0.0935640138408304,0.0074432910419069,-0.2364628988850442,0.1476970396001538,0.0015378700499807,0.1085121107266436,-0.0297731641676278,0.0415840061514801,-0.2441522491349481,-0.0629911572472126,-0.1085121107266436,-0.2141330257593233,-0.1085121107266436,0.1537870049980776,-0.2069357939254133,0.0271280276816609,-0.2141330257593233,0.2288965782391388,-0.17279507881584,-0.0935640138408304,0.0246059207996924,0.0297731641676278,-0.0711111111111111,-0.16,-0.0030142252979623,0.16,0.01039600153787,0.059115724721261,0.0517339484813533,0.1034063821607074,-0.2288965782391388,0.1358861976163014,-0.1358861976163014,-0.0935640138408304,0.0448442906574394,0.075355632449058,0.0935640138408304,0.16,-0.0325413302575932,0.1663360246059207,-0.0022145328719723,0.0711111111111111,0.17279507881584,0.01039600153787,0.0030142252979623,-0.0120569011918492,0.0482276047673971,0.0015378700499807,0.1358861976163014,0.0669896193771626,-0.0199307958477508,-0.1034063821607074,-0.1929104190695886,-0.0177777777777777,-0.1417301038062283,-0.1245674740484429,-0.2288965782391388,-0.2761399461745483,-0.0888273740868896,0.0797231833910034,-11.84343908724172,-20.310987789063883,-8.76264370523603,-14.250602056249388,0.2961487472057342,-0.3688639402389526,-0.5675848722457886,0.619681179523468,-0.5599613189697266,-0.4388777613639831,0.6732142567634583,-0.5784375667572021,-0.4810782670974731,0.6367887854576111,-0.5897047519683838,-0.6169611215591431,408.6621398925781,0.0425300560891628
EXPB-096,108.970824,23.079536,w3,m3a,M3A-w3-0798,40.0,,否,水田,中,均匀绿色农田，无灌丛特征,judge_B_02.csv,False,3,-0.0888273740868896,-0.0415840061514801,0.1537870049980776,0.0177777777777777,-0.059115724721261,0.1245674740484429,-0.0984236831987697,-0.0246059207996924,0.0553633217993079,0.1663360246059207,0.0325413302575932,0.1417301038062283,-0.2679584775086506,0.0888273740868896,-0.0157477893118031,0.0669896193771626,-0.1537870049980776,-0.0553633217993079,-0.2141330257593233,-0.186082276047674,-0.3100961168781238,0.1998615916955017,-0.1663360246059207,0.0297731641676278,-0.186082276047674,0.0984236831987697,-0.1137408688965782,0.0325413302575932,0.0199307958477508,0.0246059207996924,0.0711111111111111,-0.0482276047673971,-0.059115724721261,-0.035432525951557,0.035432525951557,0.2288965782391388,-0.2069357939254133,-0.0246059207996924,0.0157477893118031,0.0797231833910034,-0.0022145328719723,0.1663360246059207,0.0039369473279507,0.16,-0.0517339484813533,0.1137408688965782,0.16,0.0177777777777777,0.0246059207996924,0.0271280276816609,-0.035432525951557,-0.0088581314878892,-0.0297731641676278,-0.0061514801999231,0.17279507881584,-0.1417301038062283,-0.1137408688965782,-0.0797231833910034,-0.1137408688965782,-0.1417301038062283,-0.17279507881584,-0.3368550557477893,0.0984236831987697,0.0049826989619377,-9.873701633678383,-18.281299521648048,-7.799019867085441,-19.94769461766205,0.332059234380722,-0.4317014813423157,-0.4788069128990173,0.8522666692733765,-0.743911623954773,-0.5306028723716736,0.8397279977798462,-0.7472324967384338,-0.5435235500335693,0.3541202545166015,-0.4751314222812652,-0.4871592223644256,118.5164794921875,0.044697355479002
EXPB-097,102.91234642165855,25.79718950864553,w7,fcs10layer_audit,M5A-19584,,121.0,是,常绿灌丛,中,深绿均匀细碎丛簇，无乔木,judge_B_02.csv,False,9,-0.0711111111111111,-0.1245674740484429,0.1476970396001538,-0.01039600153787,0.0039369473279507,-0.1245674740484429,-0.0797231833910034,0.1476970396001538,0.0015378700499807,-0.0199307958477508,0.16,-0.1245674740484429,-0.1998615916955017,-0.0074432910419069,-0.035432525951557,-0.0797231833910034,-0.2441522491349481,-0.0297731641676278,-0.1793771626297577,-0.1417301038062283,-0.186082276047674,0.16,0.2214532871972318,-0.0935640138408304,-0.0415840061514801,-0.0297731641676278,0.0157477893118031,-0.0517339484813533,-0.0325413302575932,0.059115724721261,-0.0984236831987697,0.0088581314878892,-0.1137408688965782,0.0517339484813533,0.0246059207996924,-0.1476970396001538,-0.0629911572472126,0.0553633217993079,0.0088581314878892,-0.1417301038062283,0.0842137639369473,-0.0384467512495194,-0.1793771626297577,0.1998615916955017,-0.0842137639369473,0.0842137639369473,0.0517339484813533,-0.0120569011918492,-0.0074432910419069,-0.0482276047673971,0.0842137639369473,0.1929104190695886,0.0629911572472126,0.1417301038062283,0.0984236831987697,-0.1358861976163014,-0.0246059207996924,-0.1137408688965782,-0.3014225297962323,-0.3839138792772011,-0.1190926566705113,-0.2069357939254133,-0.0222068435217224,0.01039600153787,-10.619567902256176,-16.159136742905492,-7.664799673666404,-14.404225586950218,0.4417475759983063,-0.5615141987800598,-0.7180050611495972,0.6963496804237366,-0.718120813369751,-0.6227545142173767,0.7968653440475464,-0.7091208100318909,-0.5511682629585266,0.7505180239677429,-0.6926467418670654,-0.7132710218429565,2043.0504150390625,0.0951210707426071
EXPB-098,112.742131,28.999524,w3,m3a,M3A-w3-1066,90.0,,否,水田,中,规整农田，田埂清晰，非灌丛,judge_B_02.csv,False,3,-0.0384467512495194,-0.1245674740484429,0.1034063821607074,-0.0797231833910034,0.0669896193771626,0.3014225297962323,-0.1190926566705113,0.1537870049980776,-0.1034063821607074,0.1476970396001538,0.2214532871972318,-0.0222068435217224,-0.2364628988850442,-0.0138408304498269,-0.0984236831987697,-0.0384467512495194,-0.2761399461745483,-0.1190926566705113,-0.1034063821607074,-0.0297731641676278,-0.16,0.0984236831987697,-0.1190926566705113,0.0553633217993079,-0.0222068435217224,0.1085121107266436,-0.0629911572472126,-0.1929104190695886,0.1034063821607074,0.1190926566705113,-0.0325413302575932,-0.0384467512495194,0.0448442906574394,0.17279507881584,-0.0629911572472126,0.16,0.059115724721261,-0.0384467512495194,0.0553633217993079,0.1793771626297577,-0.059115724721261,0.0711111111111111,0.0482276047673971,0.0415840061514801,-0.0669896193771626,0.0984236831987697,0.0297731641676278,0.17279507881584,0.0935640138408304,0.1476970396001538,-0.0517339484813533,0.1417301038062283,-0.0669896193771626,-0.0199307958477508,0.0842137639369473,-0.2288965782391388,-0.1085121107266436,-0.1085121107266436,0.0669896193771626,-0.0669896193771626,-0.186082276047674,-0.2288965782391388,0.0271280276816609,0.2441522491349481,-15.177470991362366,-25.279599911830545,-6.142388630342551,-13.401767876378011,-0.0096844732761383,-0.0897215530276298,0.161913126707077,0.2145390063524246,-0.1435726135969162,0.0860973894596099,0.8229581713676453,-0.6797589063644409,-0.543133556842804,0.5516692996025085,-0.3278911709785461,-0.1492537260055542,26.51970100402832,0.0289714224636554
EXPB-099,109.40896255641094,24.976937822716,w3,fcs10layer_m3bA,M3B-A156,,,否,稀疏植被,低,草土嵌布零星木点，似稀树,judge_B_02.csv,False,13,-0.059115724721261,0.0448442906574394,0.0935640138408304,0.0246059207996924,-0.0120569011918492,-0.0177777777777777,-0.2519646289888504,0.0797231833910034,0.0984236831987697,0.1358861976163014,-0.0711111111111111,-0.0384467512495194,-0.2599000384467512,-0.0325413302575932,-0.0482276047673971,-0.0553633217993079,-0.1663360246059207,0.2141330257593233,-0.1793771626297577,-0.2441522491349481,-0.2069357939254133,0.1929104190695886,-0.1476970396001538,-0.1301653210303729,-0.075355632449058,0.1663360246059207,-0.0517339484813533,-0.1034063821607074,0.0325413302575932,0.1929104190695886,0.0842137639369473,0.059115724721261,0.1137408688965782,0.1476970396001538,-0.1537870049980776,0.0842137639369473,-0.0629911572472126,0.0448442906574394,0.0935640138408304,-0.0415840061514801,0.1537870049980776,0.0711111111111111,-0.0157477893118031,0.186082276047674,0.0297731641676278,-0.0030142252979623,0.0415840061514801,0.2599000384467512,-0.0015378700499807,-0.0222068435217224,0.0482276047673971,-0.0984236831987697,0.1137408688965782,0.0935640138408304,0.1190926566705113,-0.16,-0.0888273740868896,-0.0074432910419069,0.0022145328719723,-0.186082276047674,-0.1476970396001538,-0.2364628988850442,0.0842137639369473,0.0842137639369473,-6.863652181484623,-14.438106489553473,-4.150719510510374,-12.871719779560634,0.5948739051818848,-0.6001659035682678,-0.6097165942192078,0.6401265263557434,-0.5573914051055908,-0.4643235802650451,0.6940812468528748,-0.6279383897781372,-0.5354251265525818,0.7160006761550903,-0.6808332204818726,-0.6009241938591003,489.2130737304688,0.0759070217609405
EXPB-100,102.846021,24.852272,w7,m3a,M3A-w7-3162,50.0,,否,不透水面,中,园区步道，青框以铺装为主,judge_B_02.csv,False,21,0.0842137639369473,-0.1793771626297577,0.1417301038062283,0.075355632449058,0.1085121107266436,-0.1998615916955017,0.0415840061514801,0.059115724721261,-0.3014225297962323,0.1085121107266436,0.0049826989619377,-0.0517339484813533,-0.0888273740868896,-0.0384467512495194,-0.186082276047674,-0.1793771626297577,0.0935640138408304,0.1663360246059207,0.1190926566705113,-0.0984236831987697,0.035432525951557,0.0935640138408304,0.1034063821607074,-0.0888273740868896,-0.0030142252979623,0.075355632449058,0.0888273740868896,0.0177777777777777,0.0246059207996924,0.0297731641676278,-0.0482276047673971,0.0297731641676278,-0.0797231833910034,-0.0222068435217224,0.1245674740484429,-0.2761399461745483,-0.1998615916955017,-0.1245674740484429,-0.0138408304498269,-0.1663360246059207,0.0199307958477508,-0.1301653210303729,-0.2364628988850442,-0.0297731641676278,-0.0246059207996924,0.186082276047674,-0.0553633217993079,0.1998615916955017,0.0711111111111111,-0.0711111111111111,0.0629911572472126,0.1417301038062283,-0.1034063821607074,0.0271280276816609,0.17279507881584,-0.3100961168781238,-0.0120569011918492,-0.0711111111111111,-0.0199307958477508,-0.2364628988850442,0.0325413302575932,-0.0888273740868896,0.0415840061514801,-0.1034063821607074,-0.9935168854648092,-8.216994537605318,-2.2306664752600454,-11.32920120804718,0.2884479165077209,-0.3250728845596313,-0.2782540917396545,0.3031230866909027,-0.3568544089794159,-0.3395176231861114,0.2578062415122986,-0.3248998522758484,-0.3372658491134643,0.265238881111145,-0.2848948240280151,-0.2473902702331543,1944.1002197265625,0.1864792853593826
EXPB-101,105.25099,24.628861,w7,wc20,M3A-w7-3032,20.0,,否,草地,中,均匀细斑草被纹理，无木本团块,judge_B_02.csv,False,11,-0.0049826989619377,-0.0842137639369473,0.1476970396001538,0.0482276047673971,0.059115724721261,-0.2288965782391388,-0.292871972318339,0.17279507881584,-0.075355632449058,0.0415840061514801,-0.0199307958477508,0.035432525951557,-0.2679584775086506,-0.0177777777777777,-0.0669896193771626,-0.1301653210303729,-0.1358861976163014,0.186082276047674,-0.186082276047674,-0.01039600153787,-0.2288965782391388,0.1245674740484429,-0.0074432910419069,-0.0517339484813533,0.0482276047673971,-0.1358861976163014,0.1085121107266436,0.035432525951557,-0.1929104190695886,-0.0088581314878892,0.1476970396001538,0.1358861976163014,0.1417301038062283,0.0669896193771626,-0.2519646289888504,-0.0120569011918492,-0.1358861976163014,-0.1245674740484429,-0.0325413302575932,0.0669896193771626,-0.0711111111111111,0.0482276047673971,-0.1137408688965782,0.1190926566705113,-0.0199307958477508,0.1793771626297577,-0.035432525951557,0.0797231833910034,-0.1537870049980776,-0.0039369473279507,0.0797231833910034,-0.0842137639369473,0.1358861976163014,-0.0246059207996924,-0.035432525951557,-0.0517339484813533,-0.1190926566705113,-0.0984236831987697,-0.2441522491349481,-0.2364628988850442,-0.0177777777777777,-0.0415840061514801,-0.1301653210303729,-0.0842137639369473,-11.180277865196564,-17.726730945345082,-12.567644041558218,-18.17770947295973,0.6642235517501831,-0.6627002358436584,-0.6731707453727722,0.5563506484031677,-0.527655839920044,-0.5775421857833862,0.803805947303772,-0.6637824177742004,-0.5188395380973816,0.7670196890830994,-0.6769562363624573,-0.6088657379150391,1548.619873046875,0.0363548807799816
EXPB-102,105.494344,26.501848,w7,wc20,M3A-w7-3021,20.0,,否,草地,中,绿色草被夹枯黄斑块，无乔木,judge_B_02.csv,False,11,0.0246059207996924,0.0517339484813533,0.1034063821607074,0.0325413302575932,0.0415840061514801,-0.1034063821607074,-0.1476970396001538,0.16,0.0711111111111111,0.2069357939254133,0.0797231833910034,-0.1137408688965782,-0.2069357939254133,-0.0061514801999231,-0.1190926566705113,-0.1663360246059207,-0.1793771626297577,0.1301653210303729,-0.1476970396001538,-0.3014225297962323,-0.1663360246059207,0.075355632449058,-0.0629911572472126,-0.1663360246059207,0.0325413302575932,0.0222068435217224,-0.035432525951557,-0.0629911572472126,0.0297731641676278,0.1137408688965782,-0.0553633217993079,0.075355632449058,0.0177777777777777,0.17279507881584,-0.1537870049980776,-0.0553633217993079,-0.1245674740484429,-0.1137408688965782,-0.0325413302575932,-0.0049826989619377,0.0553633217993079,0.1358861976163014,-0.1663360246059207,0.0669896193771626,-0.1190926566705113,-0.035432525951557,-0.0246059207996924,0.1476970396001538,0.0888273740868896,-0.0297731641676278,0.0629911572472126,-0.0325413302575932,0.16,0.186082276047674,0.0415840061514801,-0.2599000384467512,-0.0448442906574394,-0.0222068435217224,-0.1929104190695886,-0.2761399461745483,-0.1537870049980776,-0.2214532871972318,-0.0629911572472126,0.0517339484813533,-8.257874865025492,-12.222922559462727,-7.472278035262269,-11.070661089112283,0.5755813717842102,-0.6008439064025879,-0.631619930267334,0.654258668422699,-0.5910193920135498,-0.5575976371765137,0.8274672031402588,-0.7172503471374512,-0.5416958928108215,0.7848057746887207,-0.686261773109436,-0.61712247133255,1942.1953125,0.1484786123037338
EXPB-103,103.66827873324516,23.51915177964684,w7,fcs10layer_audit,M5A-10886,,120.0,是,常绿灌丛,中,深绿细碎丛簇致密，无大树冠,judge_B_02.csv,False,9,0.0517339484813533,-0.0482276047673971,0.0199307958477508,0.0629911572472126,-0.0049826989619377,-0.0629911572472126,-0.2519646289888504,0.1245674740484429,0.0629911572472126,0.0138408304498269,0.1663360246059207,0.035432525951557,-0.2844444444444444,0.0271280276816609,0.0199307958477508,-0.0415840061514801,0.0448442906574394,-0.0553633217993079,-0.292871972318339,-0.2441522491349481,-0.1929104190695886,-0.2679584775086506,0.16,-0.1537870049980776,0.0669896193771626,-0.0325413302575932,0.0711111111111111,-0.0199307958477508,-0.1358861976163014,0.186082276047674,-0.0088581314878892,0.1085121107266436,0.2441522491349481,0.0222068435217224,-0.17279507881584,-0.059115724721261,-0.1034063821607074,-0.0015378700499807,-0.0074432910419069,0.0271280276816609,0.0074432910419069,-0.0842137639369473,-0.1245674740484429,0.2214532871972318,0.0246059207996924,0.0177777777777777,-0.0984236831987697,0.16,0.0120569011918492,0.075355632449058,0.1137408688965782,-0.0984236831987697,0.0842137639369473,0.1085121107266436,0.1085121107266436,-0.0797231833910034,-0.01039600153787,-0.0797231833910034,-0.186082276047674,-0.2844444444444444,0.0271280276816609,-0.0297731641676278,-0.0482276047673971,0.0415840061514801,-12.590080927138336,-18.633237491425906,-10.792012693057034,-14.587620320613317,0.8729943633079529,-0.8183413743972778,-0.640625,0.7604221701622009,-0.7042145729064941,-0.5810419917106628,0.816229522228241,-0.7046092748641968,-0.4892887771129608,0.8768176436424255,-0.7648493051528931,-0.5321434736251831,1949.2894287109373,0.1838131248950958
EXPB-104,104.534404,25.978759,w7,m3a,M3A-w7-3190,60.0,,否,不透水面,中,场地道路铺装，非植被,judge_B_02.csv,False,21,-0.0030142252979623,-0.1358861976163014,0.0842137639369473,0.059115724721261,0.0482276047673971,-0.075355632449058,-0.16,-0.0517339484813533,-0.0629911572472126,-0.0384467512495194,0.3460207612456747,-0.0157477893118031,-0.2519646289888504,0.0022145328719723,-0.0415840061514801,-0.1358861976163014,-0.0246059207996924,-0.0888273740868896,-0.1085121107266436,-0.2141330257593233,-0.0553633217993079,0.0797231833910034,0.0074432910419069,-0.0797231833910034,-0.2679584775086506,-0.2214532871972318,0.0482276047673971,-0.0061514801999231,-0.0797231833910034,0.0448442906574394,0.16,0.0061514801999231,0.1358861976163014,-0.0797231833910034,-0.1417301038062283,0.0984236831987697,-0.17279507881584,0.0138408304498269,-0.0061514801999231,0.17279507881584,0.0015378700499807,-0.01039600153787,-0.0448442906574394,0.0074432910419069,-0.1137408688965782,0.1034063821607074,0.0711111111111111,0.1929104190695886,-0.0177777777777777,-0.0448442906574394,0.0271280276816609,0.0888273740868896,-0.0517339484813533,0.16,0.16,-0.1358861976163014,-0.1663360246059207,-0.1417301038062283,-0.16,-0.3100961168781238,-0.0022145328719723,-0.1793771626297577,0.075355632449058,0.1137408688965782,-14.888621287673107,-24.348237293359794,-17.649278394285947,-26.467228172966895,0.1127933412790298,-0.1102719008922576,-0.2561565935611725,0.1135857477784156,-0.1066027283668518,-0.2524691224098205,0.0547645129263401,-0.2679394483566284,-0.3878337442874908,0.0946502089500427,-0.1406518071889877,-0.3388320803642273,1617.9901123046875,0.2621802389621734
EXPB-105,109.419533,27.757693,w3,m3a,M3A-w3-0755,10.0,,否,草地,低,均匀绿被微斑，无明确灌簇,judge_B_02.csv,False,11,0.0325413302575932,0.0842137639369473,0.1663360246059207,0.0842137639369473,0.1245674740484429,-0.059115724721261,-0.3188927335640138,0.2519646289888504,0.0039369473279507,0.1190926566705113,-0.0797231833910034,0.0482276047673971,-0.2599000384467512,0.0138408304498269,-0.1358861976163014,-0.075355632449058,-0.0842137639369473,0.186082276047674,-0.1537870049980776,0.0246059207996924,-0.0984236831987697,0.1998615916955017,-0.0984236831987697,-0.0935640138408304,0.0669896193771626,-0.0297731641676278,-0.0448442906574394,-0.1085121107266436,-0.0888273740868896,0.059115724721261,0.0984236831987697,0.0797231833910034,0.0935640138408304,0.0984236831987697,-0.292871972318339,0.0517339484813533,-0.1793771626297577,-0.17279507881584,-0.0448442906574394,-0.0138408304498269,-0.0297731641676278,0.1663360246059207,0.0022145328719723,0.1034063821607074,-0.0271280276816609,0.2069357939254133,0.0888273740868896,0.2141330257593233,0.0138408304498269,0.0325413302575932,-0.0297731641676278,-0.1929104190695886,0.1301653210303729,0.0088581314878892,0.0120569011918492,-0.0984236831987697,-0.1476970396001538,0.0222068435217224,-0.1793771626297577,-0.0935640138408304,-0.0553633217993079,-0.1358861976163014,-0.0888273740868896,-0.0039369473279507,-6.745498103766797,-11.653844885516406,-8.85707343335613,-14.490695078301169,0.7774863243103027,-0.7199661731719971,-0.6096698045730591,0.6831573247909546,-0.5897794961929321,-0.4684807360172272,0.8121212124824524,-0.6657381653785706,-0.4966794848442077,0.8499624729156494,-0.7507987022399902,-0.6398152709007263,590.2198486328125,0.0425300560891628
EXPB-106,112.732969,28.818693,w3,m3a,M3A-w3-0806,40.0,,否,草地,低,亮绿草被与枯黄斑互嵌,judge_B_02.csv,False,11,-0.0888273740868896,-0.0888273740868896,0.0482276047673971,0.0984236831987697,0.0415840061514801,0.17279507881584,-0.0797231833910034,0.1034063821607074,-0.0222068435217224,0.1245674740484429,-0.01039600153787,0.0482276047673971,-0.1537870049980776,-0.0842137639369473,-0.0325413302575932,-0.1793771626297577,-0.2519646289888504,0.1417301038062283,-0.17279507881584,-0.0935640138408304,-0.2519646289888504,0.16,-0.16,0.1417301038062283,0.0669896193771626,0.1245674740484429,0.0030142252979623,-0.0797231833910034,0.1034063821607074,0.0842137639369473,-0.0222068435217224,0.059115724721261,-0.0157477893118031,-0.035432525951557,-0.1085121107266436,0.2141330257593233,-0.1793771626297577,-0.0384467512495194,0.0888273740868896,0.0199307958477508,0.2519646289888504,0.0415840061514801,-0.0297731641676278,-0.0669896193771626,0.0797231833910034,0.1358861976163014,0.17279507881584,-0.0482276047673971,0.1034063821607074,0.0629911572472126,-0.1137408688965782,0.2069357939254133,-0.0120569011918492,0.1085121107266436,0.0271280276816609,-0.1793771626297577,-0.1034063821607074,-0.0669896193771626,-0.0984236831987697,-0.0842137639369473,-0.2364628988850442,-0.186082276047674,0.2519646289888504,0.0984236831987697,-11.18874837463636,-15.869376290430758,-9.789657806346106,-14.45626796163679,0.3808891773223877,-0.4782454371452331,-0.5539699196815491,0.6636496186256409,-0.5346081256866455,-0.4739725887775421,0.4999277293682098,-0.5241591930389404,-0.6151561737060547,0.4490455090999603,-0.4494712054729461,-0.5051491856575012,27.393369674682617,0.0289714224636554
EXPB-107,112.22230636321646,26.228650339608137,w3,fcs10layer_m3bA,M3B-A108,,,是,常绿灌丛,中,致密深绿细碎丛簇，无大树冠,judge_B_02.csv,False,9,0.0842137639369473,0.0842137639369473,0.0842137639369473,0.075355632449058,0.0984236831987697,-0.0061514801999231,-0.2761399461745483,0.16,-0.0061514801999231,0.0448442906574394,0.1417301038062283,0.075355632449058,-0.292871972318339,-0.0177777777777777,-0.1034063821607074,-0.1476970396001538,-0.0222068435217224,0.035432525951557,-0.3278123798539023,0.1137408688965782,-0.16,0.0711111111111111,-0.1034063821607074,-0.1358861976163014,0.0384467512495194,-0.0246059207996924,-0.0138408304498269,-0.1476970396001538,-0.1034063821607074,0.2288965782391388,0.0629911572472126,0.1301653210303729,0.1476970396001538,0.0297731641676278,-0.2599000384467512,0.1537870049980776,-0.292871972318339,-0.1137408688965782,-0.0517339484813533,0.0049826989619377,-0.0415840061514801,0.1537870049980776,0.0325413302575932,0.0984236831987697,0.0157477893118031,0.1417301038062283,0.0797231833910034,-0.0138408304498269,0.1137408688965782,0.0448442906574394,-0.0009842368319876,-0.1245674740484429,0.0482276047673971,0.1358861976163014,-0.000553633217993,-0.0842137639369473,-0.16,-0.0888273740868896,-0.0797231833910034,-0.0669896193771626,-0.1417301038062283,-0.1245674740484429,-0.0199307958477508,0.0199307958477508,-14.508562773212814,-19.90375258860737,-13.457250700205863,-21.04656372624948,,,,,,,,,,,,,,
EXPB-108,103.573387,23.906885,w7,m3a,M3A-w7-3001,10.0,,是,常绿灌丛,低,灌荒交界，青框灌团约半,judge_B_02.csv,False,9,0.0271280276816609,-0.0482276047673971,0.1929104190695886,-0.0384467512495194,-0.0797231833910034,-0.0517339484813533,-0.1301653210303729,0.292871972318339,-0.0711111111111111,0.0888273740868896,0.0138408304498269,-0.1034063821607074,-0.2069357939254133,-0.035432525951557,0.0246059207996924,0.0138408304498269,0.0199307958477508,0.2441522491349481,-0.1417301038062283,-0.2214532871972318,-0.1998615916955017,0.2288965782391388,0.0325413302575932,-0.1417301038062283,0.01039600153787,-0.0517339484813533,0.1663360246059207,0.1190926566705113,-0.0177777777777777,0.1190926566705113,0.0797231833910034,-0.0157477893118031,0.1085121107266436,0.2288965782391388,-0.0842137639369473,-0.1663360246059207,0.0049826989619377,-0.0384467512495194,0.0629911572472126,-0.1085121107266436,0.0517339484813533,0.16,-0.2364628988850442,0.1358861976163014,0.0022145328719723,0.0517339484813533,-0.0517339484813533,0.2761399461745483,-0.0669896193771626,-0.0888273740868896,0.035432525951557,-0.0015378700499807,0.1034063821607074,0.0271280276816609,0.16,-0.0553633217993079,0.035432525951557,-0.1034063821607074,-0.0629911572472126,-0.1998615916955017,0.0271280276816609,-0.2364628988850442,0.0448442906574394,0.0448442906574394,-2.620896830626325,-11.25795051119674,-1.377385790972114,-9.260904623738778,0.5317460298538208,-0.5950413346290588,-0.6575422286987305,0.3118733465671539,-0.4328530132770538,-0.5913621187210083,0.5174171328544617,-0.5652936100959778,-0.5767015218734741,0.7838594913482666,-0.7220447063446045,-0.6181634068489075,1337.380126953125,0.1838131248950958
EXPB-109,102.685941,25.787418,w7,m3a,M3A-w7-3004,10.0,,否,稀疏植被,低,模糊绿褐斑块，木本草本难辨,judge_B_02.csv,False,13,0.0935640138408304,-0.0935640138408304,0.2141330257593233,-0.0415840061514801,-0.0138408304498269,-0.0517339484813533,-0.1537870049980776,0.292871972318339,-0.0138408304498269,0.1301653210303729,-0.0138408304498269,-0.0888273740868896,-0.075355632449058,0.0415840061514801,-0.0088581314878892,0.0297731641676278,-0.0039369473279507,0.2599000384467512,-0.0842137639369473,-0.2519646289888504,-0.0711111111111111,0.0984236831987697,0.0157477893118031,-0.0517339484813533,0.0448442906574394,-0.17279507881584,0.1929104190695886,0.0015378700499807,0.0629911572472126,0.1034063821607074,-0.1301653210303729,0.059115724721261,-0.0199307958477508,0.1998615916955017,-0.16,-0.2441522491349481,-0.0669896193771626,-0.0629911572472126,-0.0325413302575932,-0.1663360246059207,0.0199307958477508,0.1034063821607074,-0.2069357939254133,-0.035432525951557,-0.0049826989619377,0.1358861976163014,-0.1537870049980776,0.3460207612456747,0.0888273740868896,0.0271280276816609,0.0325413302575932,-0.0797231833910034,-0.0138408304498269,-0.0797231833910034,0.1476970396001538,-0.0935640138408304,0.0553633217993079,-0.1793771626297577,-0.0669896193771626,-0.1358861976163014,0.0482276047673971,-0.0271280276816609,0.1793771626297577,-0.0797231833910034,-7.736177263200567,-13.316347540197835,-18.89518428802437,-24.43951497136314,0.6864677667617798,-0.6436878442764282,-0.5749899744987488,0.4795459508895874,-0.5182417631149292,-0.5389146208763123,0.6347322463989258,-0.5688889026641846,-0.4004249572753906,0.8654298782348633,-0.7669640183448792,-0.5561848282814026,2054.955810546875,0.0951210707426071
EXPB-110,102.60431411073398,25.6488776552374,w7,fcs10layer_audit,M5A-14139,,120.0,否,草地,低,草被夹裸斑，灌点零星,judge_B_02.csv,False,11,0.0297731641676278,-0.0629911572472126,0.17279507881584,-0.0157477893118031,-0.0271280276816609,-0.059115724721261,-0.1793771626297577,0.1793771626297577,0.0120569011918492,0.0797231833910034,0.1085121107266436,-0.1793771626297577,-0.1998615916955017,-0.075355632449058,0.0984236831987697,-0.0517339484813533,-0.0517339484813533,0.16,-0.16,-0.2761399461745483,-0.2441522491349481,0.0797231833910034,0.1034063821607074,-0.1417301038062283,-0.0138408304498269,0.0138408304498269,0.0935640138408304,0.0325413302575932,0.1034063821607074,0.1137408688965782,-0.0222068435217224,0.0482276047673971,0.0271280276816609,0.186082276047674,-0.0711111111111111,-0.17279507881584,0.0448442906574394,-0.0271280276816609,0.0030142252979623,-0.0629911572472126,0.0888273740868896,0.0669896193771626,-0.2214532871972318,0.2141330257593233,-0.0088581314878892,-0.0030142252979623,-0.1417301038062283,0.1537870049980776,-0.0271280276816609,-0.0088581314878892,0.0157477893118031,0.0297731641676278,0.1085121107266436,0.1417301038062283,0.1417301038062283,-0.16,0.0120569011918492,-0.0984236831987697,-0.1998615916955017,-0.3188927335640138,-0.059115724721261,-0.2441522491349481,0.0271280276816609,0.0415840061514801,-9.909076180525648,-15.808301006350392,-10.441703314266668,-16.451630059128803,0.5781773924827576,-0.5939664244651794,-0.5478231310844421,0.5727625489234924,-0.5385047793388367,-0.5066105723381042,0.690009355545044,-0.5811312794685364,-0.5197796821594238,0.761206328868866,-0.6529010534286499,-0.5299651622772217,1826.72802734375,0.0951210707426071
EXPB-111,109.89072904328424,25.472358701907915,w3,fcs10layer_m3bA,M3B-A179,,,否,草地,中,林缘草甸绿褐斑，框内无灌团,judge_B_02.csv,False,11,0.0177777777777777,0.1245674740484429,0.1417301038062283,0.0222068435217224,0.0711111111111111,0.0074432910419069,-0.1793771626297577,0.0517339484813533,-0.0384467512495194,0.0246059207996924,0.1301653210303729,0.059115724721261,-0.2679584775086506,0.0325413302575932,-0.1085121107266436,-0.186082276047674,-0.0984236831987697,0.0138408304498269,-0.2288965782391388,0.0074432910419069,-0.2441522491349481,-0.0015378700499807,-0.059115724721261,-0.1663360246059207,0.0030142252979623,-0.01039600153787,0.0177777777777777,-0.1537870049980776,-0.2069357939254133,0.0888273740868896,0.1301653210303729,0.2288965782391388,0.186082276047674,0.0711111111111111,-0.2679584775086506,0.1537870049980776,-0.1998615916955017,-0.0797231833910034,0.0039369473279507,0.0842137639369473,-0.0199307958477508,0.0842137639369473,-0.0935640138408304,0.1034063821607074,0.0325413302575932,0.186082276047674,0.0553633217993079,0.0888273740868896,-0.0030142252979623,0.0482276047673971,0.0384467512495194,-0.1301653210303729,0.0797231833910034,0.1034063821607074,0.0553633217993079,-0.17279507881584,-0.1190926566705113,-0.1190926566705113,-0.0888273740868896,-0.3014225297962323,-0.0842137639369473,-0.0797231833910034,-0.0888273740868896,-0.0088581314878892,-18.039744877948948,-22.257658766095084,-13.850058897923326,-19.79171591154387,0.577625572681427,-0.6088474988937378,-0.5988059639930725,0.5726128220558167,-0.5055849552154541,-0.5132397413253784,0.5045824646949768,-0.4897907674312591,-0.52173912525177,0.7711188793182373,-0.6908094882965088,-0.5866557955741882,894.90625,0.1212689951062202
EXPB-112,109.84749,23.272494,w3,wc20,M3A-w3-0880,20.0,,否,裸地,中,青框处为裸坡阴影边,judge_B_02.csv,False,22,-0.0711111111111111,-0.01039600153787,0.1793771626297577,0.059115724721261,-0.0448442906574394,0.1301653210303729,-0.1085121107266436,0.0448442906574394,-0.0935640138408304,0.1358861976163014,0.1476970396001538,0.075355632449058,-0.1998615916955017,-0.01039600153787,-0.035432525951557,0.0061514801999231,-0.0669896193771626,-0.0271280276816609,-0.1537870049980776,-0.0297731641676278,-0.3742560553633218,0.2679584775086506,-0.0517339484813533,-0.1245674740484429,-0.0415840061514801,0.2214532871972318,-0.0049826989619377,-0.075355632449058,-0.0669896193771626,0.1663360246059207,0.0482276047673971,-0.0297731641676278,-0.0325413302575932,0.1085121107266436,-0.0384467512495194,0.2069357939254133,-0.0935640138408304,0.0157477893118031,-0.0088581314878892,0.075355632449058,0.1190926566705113,0.0888273740868896,-0.0517339484813533,0.2679584775086506,0.0271280276816609,0.0984236831987697,0.1537870049980776,0.0199307958477508,0.1137408688965782,0.0039369473279507,-0.0482276047673971,0.0074432910419069,0.01039600153787,0.1245674740484429,0.2141330257593233,-0.2214532871972318,-0.1476970396001538,-0.0325413302575932,-0.0842137639369473,-0.1998615916955017,-0.1301653210303729,-0.2288965782391388,0.075355632449058,0.0935640138408304,-13.149634461976571,-15.107611846544096,-11.271685563017495,-14.093764575633076,0.4087659418582916,-0.4714285731315613,-0.5154761672019958,0.7048562169075012,-0.5908491015434265,-0.4556628763675689,0.6525331735610962,-0.5393964052200317,-0.4020510017871856,0.4731289148330688,-0.3945068717002868,-0.3518209159374237,40.93061447143555,0.1275697350502014
EXPB-113,113.051781,23.51504,w3,wc20,M3A-w3-0889,20.0,,否,裸地,中,大片浅色裸地，有车辙痕,judge_B_02.csv,False,22,-0.0074432910419069,-0.1301653210303729,0.1190926566705113,0.0629911572472126,-0.0629911572472126,0.0984236831987697,-0.2364628988850442,0.0177777777777777,-0.0297731641676278,0.2069357939254133,-0.0199307958477508,0.0384467512495194,-0.2679584775086506,-0.0984236831987697,0.01039600153787,-0.059115724721261,-0.1190926566705113,0.1929104190695886,-0.0325413302575932,-0.1034063821607074,-0.3100961168781238,0.1929104190695886,-0.0888273740868896,-0.1085121107266436,-0.1034063821607074,0.2069357939254133,-0.059115724721261,-0.0888273740868896,-0.01039600153787,0.2364628988850442,0.1190926566705113,0.0325413302575932,0.0415840061514801,0.0797231833910034,-0.1245674740484429,0.2364628988850442,0.01039600153787,-0.0629911572472126,0.0984236831987697,0.0984236831987697,0.1663360246059207,0.1417301038062283,-0.0074432910419069,0.2599000384467512,0.0984236831987697,-0.0061514801999231,0.0022145328719723,0.0157477893118031,0.059115724721261,0.0935640138408304,-0.0553633217993079,-0.0088581314878892,0.0177777777777777,0.1793771626297577,0.1245674740484429,-0.2214532871972318,-0.1137408688965782,0.0384467512495194,0.000553633217993,-0.1085121107266436,-0.1137408688965782,-0.1537870049980776,0.0138408304498269,0.075355632449058,-12.49820136705561,-16.599964423354724,-9.139803460022364,-13.963666565208149,0.6669957041740417,-0.5777016282081604,-0.5049288272857666,0.5631067752838135,-0.5219446420669556,-0.525469183921814,0.6695398688316345,-0.5235984921455383,-0.3926553726196289,0.7523430585861206,-0.5757885575294495,-0.4291115403175354,48.85928726196289,0.12428018450737
EXPB-114,101.76358083632653,23.67923156327694,w7,fcs10layer_audit,M5A-13209,,120.0,否,草地,中,干黄草坡，灌团在青框外,judge_B_02.csv,False,11,0.0157477893118031,0.0711111111111111,0.0842137639369473,0.0222068435217224,0.0297731641676278,-0.059115724721261,-0.1190926566705113,0.075355632449058,0.01039600153787,-0.0415840061514801,0.1137408688965782,-0.0629911572472126,-0.2679584775086506,0.0157477893118031,-0.059115724721261,-0.1190926566705113,-0.1190926566705113,-0.0448442906574394,-0.2364628988850442,-0.0888273740868896,-0.2141330257593233,-0.0157477893118031,0.0669896193771626,-0.1245674740484429,0.0517339484813533,-0.1190926566705113,0.16,-0.1034063821607074,-0.2364628988850442,-0.0009842368319876,0.1190926566705113,0.2679584775086506,0.1085121107266436,0.0325413302575932,-0.1793771626297577,0.0553633217993079,-0.2069357939254133,-0.0325413302575932,-0.1190926566705113,-0.0629911572472126,-0.1137408688965782,0.0015378700499807,-0.0984236831987697,0.17279507881584,-0.0297731641676278,0.2364628988850442,-0.1301653210303729,-0.0553633217993079,-0.0177777777777777,0.0384467512495194,0.0177777777777777,-0.0629911572472126,0.1137408688965782,0.1085121107266436,-0.0015378700499807,-0.1358861976163014,-0.0199307958477508,-0.1417301038062283,-0.186082276047674,-0.3647212610534409,-0.0297731641676278,-0.01039600153787,-0.1301653210303729,-0.1137408688965782,-14.399529615091504,-21.663256071698157,-2.9876791507618297,-9.824362120221023,0.6692875027656555,-0.660649836063385,-0.6334806084632874,0.6886743307113647,-0.6539297103881836,-0.5809995532035828,0.7207695841789246,-0.5923305153846741,-0.3570914268493652,0.7885787487030029,-0.718002438545227,-0.5124937295913696,1940.1375732421875,0.1109159290790557
EXPB-115,113.669732,23.653829,w3,wc20,M3A-w3-0870,20.0,,否,乔木园地,低,网格状新植行及裸土，人工经营,judge_B_02.csv,False,2,-0.0482276047673971,-0.0271280276816609,0.1476970396001538,0.0138408304498269,-0.0935640138408304,0.0842137639369473,-0.2141330257593233,0.0669896193771626,-0.0629911572472126,0.186082276047674,0.0271280276816609,-0.0157477893118031,-0.2844444444444444,-0.0888273740868896,0.0222068435217224,0.0074432910419069,-0.1085121107266436,0.0984236831987697,-0.035432525951557,-0.1537870049980776,-0.3742560553633218,0.2364628988850442,-0.0935640138408304,-0.0517339484813533,-0.059115724721261,0.1301653210303729,-0.0935640138408304,-0.0797231833910034,-0.0669896193771626,0.1537870049980776,0.035432525951557,0.0448442906574394,0.0842137639369473,0.1137408688965782,-0.0935640138408304,0.17279507881584,0.0482276047673971,-0.0517339484813533,-0.0297731641676278,-0.0088581314878892,0.1137408688965782,0.1358861976163014,-0.0553633217993079,0.2761399461745483,0.0669896193771626,0.0888273740868896,0.0517339484813533,-0.0039369473279507,0.1358861976163014,0.1301653210303729,-0.0629911572472126,-0.0325413302575932,0.0157477893118031,0.1301653210303729,0.1245674740484429,-0.2364628988850442,-0.0984236831987697,-0.0629911572472126,-6.151480199923106e-05,-0.2069357939254133,-0.0984236831987697,-0.2441522491349481,0.0797231833910034,0.0384467512495194,-9.302085065984953,-14.194766579352567,-8.138466377749864,-13.920228730475664,0.6286700963973999,-0.612654983997345,-0.6358520984649658,0.7361651062965393,-0.5916632413864136,-0.5247367024421692,0.7665110230445862,-0.6009673476219177,-0.3943101763725281,0.8246235847473145,-0.6770123243331909,-0.3963484168052673,51.791290283203125,0.12428018450737
EXPB-116,105.210566,25.713037,w7,wc20,M3A-w7-3039,20.0,,否,灌木园地,低,疑梯田茶园，等高条纹整地,judge_B_02.csv,False,2,0.0157477893118031,0.0711111111111111,0.0246059207996924,0.0711111111111111,0.0088581314878892,-0.0629911572472126,-0.1358861976163014,0.0009842368319876,0.0157477893118031,0.1301653210303729,0.1998615916955017,-0.0297731641676278,-0.2761399461745483,-0.0517339484813533,-0.075355632449058,-0.0842137639369473,-0.1929104190695886,0.0553633217993079,-0.2441522491349481,-0.1929104190695886,-0.2679584775086506,0.0325413302575932,0.0120569011918492,-0.0797231833910034,-0.0157477893118031,-0.0039369473279507,0.035432525951557,-0.1301653210303729,-0.0669896193771626,0.1537870049980776,-0.0888273740868896,0.1417301038062283,0.1190926566705113,0.0797231833910034,-0.1034063821607074,0.0271280276816609,-0.1358861976163014,-0.075355632449058,-0.0629911572472126,-0.075355632449058,-0.0061514801999231,0.0271280276816609,-0.2288965782391388,0.0797231833910034,0.0415840061514801,0.0325413302575932,0.1137408688965782,-0.0088581314878892,-0.0199307958477508,0.0246059207996924,0.1137408688965782,-0.0448442906574394,0.1137408688965782,0.1793771626297577,0.0553633217993079,-0.2599000384467512,-0.0669896193771626,-0.0888273740868896,-0.1301653210303729,-0.4035986159169549,-0.1929104190695886,-0.1537870049980776,0.0448442906574394,0.0088581314878892,-9.925439411001705,-15.54631218855781,-9.785283621394314,-16.87342156649467,0.4502468109130859,-0.529734194278717,-0.6312848925590515,0.6045270562171936,-0.5530516505241394,-0.5392062067985535,0.7095435857772827,-0.5785440802574158,-0.4353545010089874,0.6713922023773193,-0.6380477547645569,-0.6287906169891357,1868.083740234375,0.3339246213436126
EXPB-117,109.961756,23.083848,w3,m3a,M3A-w3-0799,40.0,,否,水田,中,村旁连片平缓绿田，无灌丛,judge_B_02.csv,False,3,-0.1137408688965782,0.059115724721261,0.075355632449058,0.0222068435217224,-0.0711111111111111,0.1417301038062283,-0.0984236831987697,0.0246059207996924,-0.075355632449058,0.1537870049980776,0.0842137639369473,0.1085121107266436,-0.3014225297962323,0.0842137639369473,-0.035432525951557,0.1085121107266436,-0.1190926566705113,-0.0384467512495194,-0.2214532871972318,-0.1358861976163014,-0.3014225297962323,0.2288965782391388,-0.1190926566705113,0.0061514801999231,-0.0984236831987697,0.1417301038062283,-0.0517339484813533,-0.0669896193771626,-0.0177777777777777,0.1358861976163014,0.0629911572472126,0.0061514801999231,0.0415840061514801,0.0482276047673971,0.075355632449058,0.17279507881584,-0.0935640138408304,0.0482276047673971,0.0222068435217224,0.035432525951557,0.0157477893118031,0.0935640138408304,-0.0711111111111111,0.1793771626297577,-0.0138408304498269,0.1034063821607074,0.186082276047674,0.075355632449058,0.0049826989619377,0.1034063821607074,-0.0222068435217224,-0.0448442906574394,-0.035432525951557,0.0517339484813533,0.2288965782391388,-0.2069357939254133,-0.1358861976163014,-0.0797231833910034,-0.0448442906574394,-0.1537870049980776,-0.1476970396001538,-0.3460207612456747,0.1301653210303729,0.0935640138408304,-10.216028657138798,-17.315344973505493,-11.172401028898594,-18.31045890943813,0.347725510597229,-0.3939394056797027,-0.2299898713827133,0.6185842752456665,-0.5442097783088684,-0.2912305891513824,0.3307240605354309,-0.353751927614212,-0.1879930794239044,0.351745069026947,-0.4019515216350555,-0.3647609353065491,53.29443359375,0.1275697350502014
EXPB-118,111.23916,24.958722,w3,wc20,M3A-w3-0878,20.0,,否,草本旱地,低,浅色田面带耕作痕，疑旱作,judge_B_02.csv,False,0,-0.0517339484813533,0.0120569011918492,0.16,0.0061514801999231,0.0061514801999231,0.1417301038062283,-0.1245674740484429,-0.0297731641676278,-0.0384467512495194,0.186082276047674,0.0157477893118031,0.0711111111111111,-0.16,0.0669896193771626,0.0325413302575932,0.0888273740868896,-0.16,-0.0120569011918492,-0.1663360246059207,-0.1929104190695886,-0.3278123798539023,0.1476970396001538,-0.1663360246059207,0.0842137639369473,-0.16,0.1417301038062283,-0.0177777777777777,-0.0030142252979623,-0.0138408304498269,0.0088581314878892,0.0271280276816609,-0.059115724721261,0.0246059207996924,0.0022145328719723,0.0482276047673971,0.2214532871972318,-0.0984236831987697,-0.1085121107266436,-0.0088581314878892,0.0935640138408304,0.1358861976163014,0.2441522491349481,-0.1190926566705113,0.1137408688965782,-0.0061514801999231,0.0984236831987697,0.1085121107266436,0.01039600153787,-0.0711111111111111,0.0797231833910034,-0.0842137639369473,0.0325413302575932,-0.0297731641676278,-0.0222068435217224,0.2599000384467512,-0.1929104190695886,-0.1301653210303729,-0.0049826989619377,-0.2214532871972318,-0.186082276047674,-0.1929104190695886,-0.2679584775086506,0.0842137639369473,0.0448442906574394,-9.736634865583753,-14.18136240964632,-10.03509973956784,-18.585363965705657,,,,,,,,,,,,,,
EXPB-119,109.999485,23.275728,w3,wc20,M3A-w3-0905,20.0,,否,草地,低,绿被斑驳，未见明确木本团块,judge_B_02.csv,False,11,-0.0888273740868896,-0.0039369473279507,0.1245674740484429,0.0888273740868896,-0.0888273740868896,0.0984236831987697,-0.0888273740868896,0.0797231833910034,-0.035432525951557,0.1537870049980776,0.0711111111111111,0.0629911572472126,-0.1793771626297577,-0.0629911572472126,0.0448442906574394,0.0246059207996924,-0.1793771626297577,0.1358861976163014,-0.0797231833910034,-0.0222068435217224,-0.3742560553633218,0.2844444444444444,-0.075355632449058,-0.0669896193771626,0.0222068435217224,0.2441522491349481,0.0415840061514801,-0.1417301038062283,-0.0482276047673971,0.16,0.0553633217993079,0.0297731641676278,-0.059115724721261,0.1190926566705113,-0.0061514801999231,0.2214532871972318,-0.0482276047673971,0.0271280276816609,0.0138408304498269,0.0297731641676278,0.1537870049980776,0.1301653210303729,-0.0888273740868896,0.2364628988850442,-0.0039369473279507,0.1190926566705113,0.1085121107266436,-0.0448442906574394,0.0984236831987697,0.16,-0.0797231833910034,0.0711111111111111,6.151480199923106e-05,0.1190926566705113,0.2069357939254133,-0.1793771626297577,-0.16,-0.0797231833910034,-0.0384467512495194,-0.1358861976163014,-0.1190926566705113,-0.2214532871972318,0.0088581314878892,0.1034063821607074,-8.591350947590529,-18.28729352524148,-8.935504180596853,-16.27409549127853,0.4283895492553711,-0.4292993545532226,-0.5270519852638245,0.7309018969535828,-0.5934664011001587,-0.4422658085823059,0.6663858294487,-0.5562549233436584,-0.4272657930850982,0.7207320332527161,-0.630791187286377,-0.488310843706131,35.96516036987305,0.1275697350502014
EXPB-120,108.296818,26.254182,w3,wc20,M3A-w3-0886,20.0,,是,常绿灌丛,中,坡地可辨灌团与干草相间,judge_B_02.csv,False,9,0.0797231833910034,0.1137408688965782,0.075355632449058,0.1085121107266436,0.0629911572472126,-0.1301653210303729,-0.2214532871972318,0.0842137639369473,0.059115724721261,0.1998615916955017,0.0297731641676278,0.0797231833910034,-0.2519646289888504,-0.035432525951557,-0.16,-0.1417301038062283,-0.2069357939254133,0.0935640138408304,-0.0935640138408304,-0.1793771626297577,-0.1929104190695886,0.1301653210303729,-0.0797231833910034,-0.0842137639369473,0.0074432910419069,0.0222068435217224,-0.0984236831987697,-0.0797231833910034,-0.0415840061514801,0.1301653210303729,-0.0022145328719723,0.1085121107266436,0.0553633217993079,0.1358861976163014,-0.1663360246059207,0.059115724721261,-0.1137408688965782,-0.1476970396001538,0.0384467512495194,0.01039600153787,0.0120569011918492,0.1793771626297577,-0.0935640138408304,0.16,-0.0415840061514801,0.0984236831987697,0.01039600153787,0.0842137639369473,0.0009842368319876,-0.0669896193771626,0.0199307958477508,-0.0984236831987697,0.1476970396001538,0.1417301038062283,-0.0297731641676278,-0.3014225297962323,-0.1358861976163014,0.0039369473279507,-0.1537870049980776,-0.292871972318339,-0.1537870049980776,-0.1663360246059207,-0.0517339484813533,0.1085121107266436,-8.278008532712587,-15.696250909347164,-9.777263686247574,-14.324538285221887,,,,,,,,,,,,,,
EXPB-121,113.02782567848644,23.0738568933088,w3,fcs10layer_m3bA,M3B-A181,,,否,水体,高,水面细波纹，青框全为水体,judge_B_02.csv,False,23,0.1476970396001538,-0.2069357939254133,0.0448442906574394,0.0297731641676278,-0.0669896193771626,-0.0271280276816609,-0.2441522491349481,0.0984236831987697,-0.0888273740868896,0.2441522491349481,-0.0297731641676278,0.1137408688965782,-0.3368550557477893,-0.0984236831987697,-0.0553633217993079,0.0271280276816609,-0.0935640138408304,0.0222068435217224,0.0711111111111111,0.0246059207996924,-0.1301653210303729,0.1476970396001538,0.1929104190695886,-0.1358861976163014,-0.0246059207996924,0.186082276047674,-0.035432525951557,0.059115724721261,-0.0022145328719723,0.1417301038062283,0.2141330257593233,-0.0120569011918492,0.0517339484813533,-0.0138408304498269,-0.0629911572472126,0.0669896193771626,-0.0271280276816609,-0.1537870049980776,0.0797231833910034,0.059115724721261,0.035432525951557,0.0984236831987697,0.0325413302575932,0.2761399461745483,0.1085121107266436,-0.0177777777777777,-0.0448442906574394,0.1417301038062283,0.1663360246059207,0.0984236831987697,-0.0482276047673971,-0.1663360246059207,-0.0177777777777777,0.1085121107266436,0.0888273740868896,-0.2844444444444444,-0.0711111111111111,0.0629911572472126,-0.0482276047673971,0.075355632449058,0.0049826989619377,-0.2519646289888504,-0.0629911572472126,0.1034063821607074,-8.090145855136837,-14.617674530240256,-6.770134820688451,-15.20463362234717,,,,,,,,,,,,,,
EXPB-122,110.327999,24.966807,w3,wc20,M3A-w3-0903,20.0,,否,乔木园地,中,规则种植行，园地经营特征,judge_B_02.csv,False,2,0.0177777777777777,0.0061514801999231,0.2364628988850442,-0.0384467512495194,0.0415840061514801,0.1929104190695886,-0.2069357939254133,0.0120569011918492,-0.0553633217993079,0.1998615916955017,0.0157477893118031,-0.0088581314878892,-0.16,0.0271280276816609,0.01039600153787,-0.0984236831987697,-0.1417301038062283,0.1245674740484429,-0.1137408688965782,-0.059115724721261,-0.292871972318339,0.2141330257593233,-0.1301653210303729,-0.0935640138408304,-0.1137408688965782,0.1537870049980776,-0.0415840061514801,-0.0984236831987697,0.0138408304498269,0.1537870049980776,0.0711111111111111,-0.0049826989619377,0.0517339484813533,0.0297731641676278,-0.16,0.2761399461745483,-0.0935640138408304,-0.0222068435217224,-0.0138408304498269,0.059115724721261,0.186082276047674,0.1537870049980776,-0.1085121107266436,0.2364628988850442,0.0711111111111111,0.0935640138408304,0.0797231833910034,0.0061514801999231,0.0246059207996924,0.075355632449058,-0.0669896193771626,0.0074432910419069,0.0246059207996924,0.0384467512495194,0.17279507881584,-0.1476970396001538,-0.1537870049980776,0.0448442906574394,-0.1301653210303729,-0.1537870049980776,-0.2141330257593233,-0.2069357939254133,0.0935640138408304,0.075355632449058,-10.296440940980473,-19.71908109341021,-10.482395071550568,-15.030622501555154,0.5774915218353271,-0.5405190587043762,-0.4572188258171081,0.6112852692604065,-0.4907192587852478,-0.4051490426063537,0.4112599194049835,-0.397810697555542,-0.3977331221103668,0.5764564871788025,-0.473610520362854,-0.3558334708213806,164.5487823486328,0.2197421044111251
EXPB-123,112.617625,28.715477,w3,m3a,M3A-w3-0808,40.0,,否,水田,中,大片平整绿田，典型稻田,judge_B_02.csv,False,3,-0.1417301038062283,-0.0669896193771626,0.0935640138408304,-0.0711111111111111,-0.0199307958477508,0.2141330257593233,-0.0842137639369473,0.075355632449058,0.0384467512495194,0.17279507881584,0.0325413302575932,0.0711111111111111,-0.0797231833910034,0.0022145328719723,-0.0061514801999231,-0.0325413302575932,-0.3278123798539023,0.0222068435217224,-0.1663360246059207,-0.035432525951557,-0.2288965782391388,0.1537870049980776,-0.2214532871972318,0.0448442906574394,-0.0448442906574394,0.1998615916955017,-0.0629911572472126,-0.0448442906574394,0.0797231833910034,0.0157477893118031,0.0482276047673971,-0.1034063821607074,-0.0553633217993079,-0.0157477893118031,0.0325413302575932,0.2761399461745483,-0.1929104190695886,-0.0669896193771626,0.1190926566705113,0.0984236831987697,0.01039600153787,0.1663360246059207,0.0030142252979623,-0.0448442906574394,-0.0448442906574394,0.1476970396001538,0.1663360246059207,0.1301653210303729,0.0842137639369473,0.0797231833910034,0.0120569011918492,0.1663360246059207,-0.0415840061514801,-0.0297731641676278,0.16,-0.1663360246059207,-0.075355632449058,-0.0629911572472126,-0.186082276047674,-0.1358861976163014,-0.2288965782391388,-0.2441522491349481,-0.0138408304498269,0.0935640138408304,-11.150700526589894,-17.63769840845245,-12.2751483317445,-18.65438880660104,0.2195263653993606,-0.3076803386211395,-0.3833772838115692,0.2791253924369812,-0.3148375749588012,-0.2145732641220092,0.7957875728607178,-0.6698243618011475,-0.41160848736763,0.4565149247646332,-0.465024471282959,-0.4303009808063507,27.4379940032959,0.0289714224636554
EXPB-124,112.14008,26.95918,w3,m3a,M3A-w3-0992,50.0,,否,不透水面,中,混凝土地坪料场，非植被,judge_B_02.csv,False,21,-0.0120569011918492,-0.0842137639369473,0.0711111111111111,0.0246059207996924,0.0842137639369473,0.0842137639369473,-0.1537870049980776,-0.0271280276816609,-0.2364628988850442,0.2364628988850442,0.1085121107266436,-0.0448442906574394,-0.2069357939254133,-0.0120569011918492,-0.16,-0.2288965782391388,0.0984236831987697,-0.0222068435217224,-0.1034063821607074,-0.0061514801999231,-0.1358861976163014,0.0138408304498269,-0.16,-0.1998615916955017,-0.0935640138408304,0.2069357939254133,-0.0553633217993079,0.0669896193771626,-0.0888273740868896,0.075355632449058,0.1417301038062283,0.0088581314878892,0.0797231833910034,-0.0842137639369473,-0.0157477893118031,0.1537870049980776,-0.3014225297962323,-0.0246059207996924,0.0061514801999231,0.186082276047674,0.075355632449058,0.075355632449058,-0.0138408304498269,0.1034063821607074,0.01039600153787,0.1476970396001538,0.0984236831987697,0.1245674740484429,0.0888273740868896,-0.0517339484813533,0.0246059207996924,0.16,-0.035432525951557,0.0935640138408304,0.2679584775086506,-0.186082276047674,-0.0797231833910034,0.059115724721261,0.0711111111111111,-0.1301653210303729,-0.0842137639369473,-0.2599000384467512,-0.0271280276816609,0.1245674740484429,-12.940614568607,-16.68016009111977,-7.8097038867389,-14.88931698158883,0.0815761461853981,-0.0827292129397392,-0.087979644536972,0.039469089359045,-0.0639971420168876,-0.0238627884536981,0.0511761531233787,-0.0692237466573715,-0.1084674596786499,0.0690637603402137,-0.0857028812170028,-0.1323612928390503,148.05010986328125,0.0697600990533828
EXPB-125,105.221615,25.716541,w7,wc20,M3A-w7-3064,20.0,,否,水体,低,疑浅水藻滩，无植被结构,judge_B_02.csv,False,23,0.0517339484813533,0.0482276047673971,0.0448442906574394,0.0517339484813533,0.0246059207996924,-0.0138408304498269,-0.1929104190695886,0.035432525951557,0.0039369473279507,0.1085121107266436,0.2069357939254133,0.0138408304498269,-0.2761399461745483,-0.0415840061514801,0.0138408304498269,-0.0984236831987697,-0.1358861976163014,0.0177777777777777,-0.1663360246059207,-0.1476970396001538,-0.2679584775086506,0.0384467512495194,0.0222068435217224,-0.0984236831987697,0.0022145328719723,-0.0325413302575932,0.0120569011918492,-0.1137408688965782,-0.059115724721261,0.1358861976163014,-0.01039600153787,0.1793771626297577,0.1663360246059207,0.1537870049980776,-0.1301653210303729,0.0842137639369473,-0.0888273740868896,-0.0888273740868896,-0.0448442906574394,0.0246059207996924,-0.0120569011918492,0.0984236831987697,-0.186082276047674,0.16,0.0157477893118031,0.0297731641676278,0.1034063821607074,-0.0074432910419069,-0.0222068435217224,0.000553633217993,0.0984236831987697,-0.0629911572472126,0.0669896193771626,0.186082276047674,0.0935640138408304,-0.2844444444444444,-0.0888273740868896,-0.1137408688965782,-0.1085121107266436,-0.4340484429065744,-0.17279507881584,-0.1301653210303729,0.0271280276816609,0.035432525951557,-12.781908439824305,-18.97640532787499,-10.8971150883061,-15.778781688621876,0.3786622583866119,-0.512431800365448,-0.6648603677749634,0.5922642946243286,-0.5379825830459595,-0.5092592835426331,0.7617942690849304,-0.6510237455368042,-0.4723287522792816,0.758305013179779,-0.653018593788147,-0.541138231754303,1686.3699951171875,0.3339246213436126
EXPB-126,109.936962,23.183561,w3,wc20,M3A-w3-0882,20.0,,否,草地,低,梯坎草被夹枯斑，无木本团块,judge_B_02.csv,False,11,-0.0711111111111111,0.0517339484813533,0.1358861976163014,0.0553633217993079,-0.059115724721261,0.0797231833910034,-0.1137408688965782,0.075355632449058,-0.0984236831987697,0.1929104190695886,0.0842137639369473,0.0553633217993079,-0.186082276047674,0.0120569011918492,6.151480199923106e-05,-0.0061514801999231,-0.16,0.0984236831987697,-0.0888273740868896,-0.0271280276816609,-0.4136255286428297,0.2599000384467512,-0.0482276047673971,-0.0711111111111111,-0.0177777777777777,0.2141330257593233,0.035432525951557,-0.1085121107266436,-0.0199307958477508,0.1537870049980776,0.0120569011918492,0.0888273740868896,-0.0199307958477508,0.16,-0.0039369473279507,0.17279507881584,-0.035432525951557,0.0297731641676278,0.01039600153787,0.0199307958477508,0.1793771626297577,0.0984236831987697,-0.0629911572472126,0.2599000384467512,-0.0177777777777777,0.1137408688965782,0.0935640138408304,-0.0517339484813533,0.0888273740868896,0.1245674740484429,-0.0669896193771626,-0.0199307958477508,0.0415840061514801,0.0629911572472126,0.1537870049980776,-0.186082276047674,-0.17279507881584,-0.0669896193771626,-0.0384467512495194,-0.1998615916955017,-0.1537870049980776,-0.2441522491349481,0.1190926566705113,0.0842137639369473,-12.258914640816128,-18.13629809174435,-8.604524101141248,-13.280830177225278,,,,,,,,,,,,,,
EXPB-127,103.982479,23.700991,w7,m3a,M3A-w7-2920,40.0,,否,草本旱地,低,旱作田面带行痕，青框偏裸,judge_B_02.csv,False,0,-0.0711111111111111,-0.1085121107266436,0.2364628988850442,-0.0935640138408304,-0.0629911572472126,-0.059115724721261,-0.0448442906574394,0.0669896193771626,-0.0009842368319876,-0.0842137639369473,0.1476970396001538,-0.059115724721261,-0.2599000384467512,0.1085121107266436,0.01039600153787,-0.0297731641676278,-0.1929104190695886,-0.0325413302575932,-0.0669896193771626,-0.1929104190695886,-0.1085121107266436,0.2069357939254133,0.17279507881584,-0.0271280276816609,-0.16,-0.0629911572472126,0.0271280276816609,0.0325413302575932,-0.1190926566705113,0.0271280276816609,0.075355632449058,-0.0384467512495194,-0.0199307958477508,0.0271280276816609,0.0711111111111111,0.0199307958477508,-0.1034063821607074,0.1034063821607074,0.0222068435217224,-0.0002460592079969,0.0030142252979623,-0.0482276047673971,-0.2214532871972318,0.0888273740868896,-0.1034063821607074,0.0711111111111111,0.1190926566705113,0.0009842368319876,-0.0888273740868896,-0.1085121107266436,0.1663360246059207,0.292871972318339,-0.0199307958477508,0.0482276047673971,0.186082276047674,-0.0199307958477508,-0.1085121107266436,-0.0711111111111111,-0.2288965782391388,-0.4136255286428297,-0.1190926566705113,-0.1301653210303729,0.0935640138408304,0.0384467512495194,-13.254267537104624,-24.035417979202037,-8.232786850354609,-15.449531796729698,0.1015268340706825,-0.3862915933132171,-0.5726307034492493,0.3578628897666931,-0.4425702691078186,-0.505698025226593,0.6960510611534119,-0.6560856699943542,-0.5191941261291504,0.210143968462944,-0.3812754452228546,-0.4933333396911621,1457.34130859375,0.1838131248950958
EXPB-128,112.863404,28.877712,w3,m3a,M3A-w3-1071,90.0,,否,水体,中,藻绿水塘，有漂痕,judge_B_02.csv,False,23,-0.0984236831987697,-0.17279507881584,0.0157477893118031,0.1998615916955017,0.0415840061514801,0.0984236831987697,-0.16,0.1663360246059207,-0.0669896193771626,0.1358861976163014,-0.000553633217993,0.0325413302575932,-0.1537870049980776,-0.0888273740868896,-0.0177777777777777,-0.186082276047674,-0.3014225297962323,0.1358861976163014,-0.0935640138408304,-0.1190926566705113,-0.2679584775086506,0.1190926566705113,-0.1358861976163014,0.0935640138408304,0.0629911572472126,0.1476970396001538,0.0384467512495194,-0.0888273740868896,0.0669896193771626,0.075355632449058,-0.0177777777777777,-0.0177777777777777,-0.0030142252979623,-0.0088581314878892,-0.059115724721261,0.2288965782391388,-0.0384467512495194,-0.0157477893118031,0.0553633217993079,0.0384467512495194,0.1998615916955017,-0.0009842368319876,-0.0553633217993079,-0.0711111111111111,0.059115724721261,0.1663360246059207,0.1663360246059207,-0.01039600153787,0.1085121107266436,0.1301653210303729,-0.0629911572472126,0.2519646289888504,-0.0030142252979623,0.059115724721261,0.0448442906574394,-0.1417301038062283,-0.1190926566705113,-0.1245674740484429,-0.0842137639369473,-0.1417301038062283,-0.1417301038062283,-0.1998615916955017,0.2214532871972318,0.1245674740484429,-10.27317063213355,-16.701815247357917,-9.178574967910963,-13.982180984259111,0.4876254200935364,-0.5509065389633179,-0.5896782279014587,0.7467401027679443,-0.6182550191879272,-0.5707169771194458,0.6007348299026489,-0.5671463012695312,-0.6067538261413574,0.676625669002533,-0.6042600870132446,-0.5660725235939026,25.028186798095703,0.0289714224636554
EXPB-129,103.234632,26.776194,w7,wc20,M3A-w7-3020,20.0,,否,草地,中,林灌缘平滑草面，无灌团,judge_B_02.csv,False,11,0.1085121107266436,-0.0888273740868896,0.2364628988850442,-0.1034063821607074,-0.0448442906574394,0.0797231833910034,-0.1929104190695886,0.0797231833910034,0.0199307958477508,0.1358861976163014,0.075355632449058,-0.0039369473279507,-0.0935640138408304,0.0842137639369473,0.0553633217993079,0.0039369473279507,-0.0669896193771626,-0.0325413302575932,-0.0325413302575932,-0.3278123798539023,-0.1793771626297577,-0.0984236831987697,0.2519646289888504,-0.186082276047674,-0.0888273740868896,-0.0246059207996924,-0.0177777777777777,-0.0039369473279507,0.0482276047673971,0.16,-0.0629911572472126,0.0935640138408304,-0.0325413302575932,0.0325413302575932,-0.1190926566705113,-0.0039369473279507,-0.1190926566705113,-0.1245674740484429,-0.0935640138408304,0.0669896193771626,0.0384467512495194,0.1085121107266436,-0.2288965782391388,0.1417301038062283,-0.1085121107266436,0.1034063821607074,-0.16,0.0629911572472126,-0.0222068435217224,-0.1358861976163014,0.1034063821607074,0.0415840061514801,0.0842137639369473,0.1417301038062283,0.0022145328719723,-0.3014225297962323,0.0517339484813533,0.0138408304498269,-0.1929104190695886,-0.3368550557477893,-0.0157477893118031,-0.1245674740484429,-0.0222068435217224,-0.0177777777777777,-11.734578289931076,-17.967118754761387,-9.724870198739948,-16.09821485065641,0.699392557144165,-0.6785265803337097,-0.4027993679046631,0.4043157398700714,-0.555345892906189,-0.4175077378749847,0.7317143678665161,-0.6797532439231873,-0.4590241611003876,0.7645800113677979,-0.7043927907943726,-0.4280000030994415,2509.780517578125,0.0737973228096962
EXPB-130,108.913691,23.384604,w3,wc20,M3A-w3-0885,20.0,,否,水体,高,水库藻绿水，岸线清晰,judge_B_02.csv,False,23,-0.0222068435217224,-0.1301653210303729,0.0482276047673971,0.059115724721261,0.0482276047673971,0.186082276047674,-0.0984236831987697,-0.0246059207996924,-0.035432525951557,0.2214532871972318,0.1137408688965782,0.075355632449058,-0.1417301038062283,0.0049826989619377,0.0448442906574394,0.0711111111111111,-0.1476970396001538,-0.1245674740484429,-0.1929104190695886,-0.1245674740484429,-0.1358861976163014,0.17279507881584,-0.16,0.0517339484813533,-0.2844444444444444,0.0325413302575932,0.0120569011918492,-0.1190926566705113,0.075355632449058,0.035432525951557,0.0246059207996924,0.0797231833910034,-0.0199307958477508,-0.0384467512495194,-0.0888273740868896,0.186082276047674,0.0009842368319876,-0.1085121107266436,0.0482276047673971,0.3100961168781238,0.0088581314878892,0.1417301038062283,0.186082276047674,0.0888273740868896,-0.1245674740484429,0.2141330257593233,-0.0888273740868896,0.17279507881584,-0.1663360246059207,-0.1190926566705113,-0.0325413302575932,0.0482276047673971,-0.035432525951557,-0.0553633217993079,0.035432525951557,-0.17279507881584,-0.1190926566705113,-0.0157477893118031,-0.0199307958477508,-0.1245674740484429,-0.1301653210303729,-0.2441522491349481,0.1417301038062283,0.1998615916955017,-19.928647504336396,-25.597864249090243,-23.384830534202354,-25.729635384646684,0.5298742055892944,-0.3665730357170105,0.5727986097335815,0.257019430398941,0.029306648299098,0.4984391331672668,0.1499641239643097,-0.0474945530295372,0.0517199896275997,0.4274721145629883,-0.217191606760025,0.2759358286857605,89.5,0.044697355479002
EXPB-131,112.98030479995651,27.367444625286456,w3,fcs10layer_m3bA,M3B-A080,,,否,裸地,低,青框为土路裸地，林木在框外,judge_B_02.csv,False,22,0.0009842368319876,0.0482276047673971,0.0553633217993079,0.0138408304498269,-0.0384467512495194,0.2069357939254133,-0.2069357939254133,0.0842137639369473,-0.0088581314878892,0.1537870049980776,0.0629911572472126,0.0384467512495194,-0.2214532871972318,-0.059115724721261,-0.0177777777777777,-0.1358861976163014,-0.0935640138408304,0.0325413302575932,-0.1034063821607074,0.01039600153787,-0.292871972318339,0.0448442906574394,-0.0669896193771626,-0.1537870049980776,0.0517339484813533,0.1998615916955017,-0.035432525951557,-0.16,0.0629911572472126,0.2519646289888504,0.0061514801999231,0.1301653210303729,0.0984236831987697,0.059115724721261,-0.2141330257593233,0.2364628988850442,-0.1537870049980776,-0.1301653210303729,0.0553633217993079,0.0669896193771626,0.0415840061514801,0.1998615916955017,-0.0415840061514801,0.1663360246059207,0.0842137639369473,0.1085121107266436,0.0984236831987697,0.0246059207996924,0.1085121107266436,0.0797231833910034,-0.0138408304498269,-0.035432525951557,0.0222068435217224,0.16,0.0984236831987697,-0.2288965782391388,-0.1301653210303729,-0.0177777777777777,0.075355632449058,-0.16,-0.1663360246059207,-0.2069357939254133,0.0669896193771626,0.0935640138408304,-12.383445522777748,-18.962225596003503,-10.761647176843525,-17.881395211466675,0.3649517595767975,-0.4581365287303924,-0.5159186720848083,0.4318404793739319,-0.4822334945201874,-0.5460613965988159,0.6718358993530273,-0.6152730584144592,-0.545921266078949,0.695354700088501,-0.6438547372817993,-0.5641025900840759,79.18339538574219,0.1097791194915771
EXPB-132,104.13037211539624,24.596052142249324,w7,fcs10layer_audit,M5A-12033,,120.0,是,常绿灌丛,低,湿滩旁致密灌状团丛，存疑,judge_B_02.csv,False,9,0.0049826989619377,-0.0797231833910034,0.1476970396001538,-0.0297731641676278,-0.0297731641676278,-0.075355632449058,-0.16,0.1476970396001538,-0.0177777777777777,0.0888273740868896,0.0384467512495194,-0.1137408688965782,-0.2441522491349481,0.0222068435217224,-0.0138408304498269,-0.0669896193771626,-0.0935640138408304,0.1998615916955017,-0.1137408688965782,-0.3278123798539023,-0.1358861976163014,0.1358861976163014,0.1034063821607074,-0.1537870049980776,-0.0842137639369473,-0.0246059207996924,0.0246059207996924,0.035432525951557,0.0482276047673971,0.1085121107266436,0.0629911572472126,-0.0138408304498269,0.0842137639369473,0.1537870049980776,-0.1034063821607074,-0.0888273740868896,-0.0246059207996924,-0.0222068435217224,0.01039600153787,-0.1245674740484429,0.0384467512495194,0.0297731641676278,-0.2214532871972318,0.2214532871972318,-0.0482276047673971,0.0049826989619377,-0.0797231833910034,0.2288965782391388,-0.0088581314878892,-0.0448442906574394,0.1190926566705113,-0.0415840061514801,0.0842137639369473,0.1085121107266436,0.1358861976163014,-0.2214532871972318,0.0120569011918492,-0.0297731641676278,-0.2069357939254133,-0.3647212610534409,-0.0384467512495194,-0.2288965782391388,0.0177777777777777,-0.0138408304498269,-4.712849540892259,-12.33658838660157,-2.67133869235961,-14.919450390586404,0.7766642570495605,-0.7105444669723511,-0.5806290507316589,0.7065532207489014,-0.623643696308136,-0.5732647776603699,0.7825713753700256,-0.6563034057617188,-0.465272843837738,0.7195841670036316,-0.5501520037651062,-0.3746478855609894,2009.449462890625,0.1410644650459289
EXPB-133,102.68621,25.049542,w7,m3a,M3A-w7-2921,50.0,,否,不透水面,中,厂区场地铺装，非灌丛,judge_B_02.csv,False,21,0.16,-0.2761399461745483,0.1034063821607074,0.0177777777777777,0.0984236831987697,-0.1301653210303729,0.0517339484813533,-0.0517339484813533,-0.2599000384467512,0.0797231833910034,0.1417301038062283,-0.1085121107266436,-0.2288965782391388,-0.0222068435217224,-0.1085121107266436,-0.2441522491349481,0.059115724721261,0.059115724721261,0.0384467512495194,-0.0222068435217224,-0.0384467512495194,0.1034063821607074,0.1034063821607074,-0.16,-0.0935640138408304,0.0984236831987697,0.0074432910419069,0.0448442906574394,0.075355632449058,0.0384467512495194,0.0669896193771626,0.035432525951557,-0.1537870049980776,-0.059115724721261,0.1301653210303729,-0.17279507881584,-0.292871972318339,-0.0984236831987697,0.0271280276816609,-0.059115724721261,-0.0022145328719723,-0.0842137639369473,-0.2441522491349481,0.1085121107266436,-0.000553633217993,0.075355632449058,-0.1085121107266436,0.1085121107266436,-0.075355632449058,-0.01039600153787,0.0039369473279507,0.1190926566705113,-0.0888273740868896,0.0842137639369473,0.2141330257593233,-0.2761399461745483,-0.0448442906574394,-0.0517339484813533,-0.1137408688965782,-0.1929104190695886,0.075355632449058,-0.1301653210303729,-0.1476970396001538,0.0120569011918492,-7.171910730054028,-12.39872029749534,-5.054222597897726,-12.661788567741276,0.0820440724492073,-0.0995712280273437,-0.1703248471021652,0.0938172861933708,-0.1335671097040176,-0.2246469855308532,0.0321390926837921,-0.0478737615048885,-0.2311015129089355,0.0706666633486747,-0.098495215177536,-0.1148421764373779,1896.894775390625,0.0951210707426071
EXPB-134,102.604015,25.222288,w7,m3a,M3A-w7-3183,60.0,,否,湖河滩地,低,红土坡与浅水滩地交界,judge_B_02.csv,False,16,0.0384467512495194,-0.1245674740484429,0.1793771626297577,-0.0553633217993079,-0.0553633217993079,0.0015378700499807,-0.1034063821607074,-0.0030142252979623,-0.0888273740868896,-0.0517339484813533,0.292871972318339,-0.0711111111111111,-0.2844444444444444,0.0138408304498269,0.0088581314878892,-0.1301653210303729,-0.1245674740484429,0.0246059207996924,-0.1358861976163014,-0.1190926566705113,-0.16,0.1245674740484429,0.2069357939254133,-0.1476970396001538,-0.1793771626297577,-0.075355632449058,0.0553633217993079,-0.0222068435217224,-0.0629911572472126,0.075355632449058,0.0415840061514801,0.0711111111111111,-0.0177777777777777,-0.035432525951557,-0.01039600153787,-0.0482276047673971,-0.0888273740868896,-0.0246059207996924,0.0246059207996924,0.0246059207996924,-0.0448442906574394,-0.035432525951557,-0.2288965782391388,0.0935640138408304,-0.0448442906574394,0.0482276047673971,0.0039369473279507,0.01039600153787,-0.0797231833910034,-0.16,0.1034063821607074,0.1358861976163014,0.0842137639369473,0.1537870049980776,0.17279507881584,-0.1190926566705113,-0.0222068435217224,-0.075355632449058,-0.3014225297962323,-0.4035986159169549,-0.0669896193771626,-0.1793771626297577,0.0177777777777777,-0.0177777777777777,-10.964336012374048,-18.54567680770083,-9.937179207207308,-15.696834109881548,0.1402946859598159,-0.3411188423633575,-0.4947277307510376,0.1304470002651214,-0.305095762014389,-0.445552259683609,0.1851851791143417,-0.3457943797111511,-0.4319766759872436,0.2479901015758514,-0.4009024500846863,-0.4680227935314178,2140.66357421875,0.0951210707426071
EXPB-135,109.583924,25.353801,w3,m3a,M3A-w3-0868,10.0,,否,草地,中,林间开阔草坡，无灌团入框,judge_B_02.csv,False,11,-0.0138408304498269,0.0061514801999231,0.16,-0.0061514801999231,0.0669896193771626,0.0629911572472126,-0.3100961168781238,0.1476970396001538,-0.0199307958477508,0.2069357939254133,-0.1929104190695886,0.0325413302575932,-0.2364628988850442,0.0297731641676278,-0.0271280276816609,-0.1034063821607074,-0.0669896193771626,0.17279507881584,-0.0842137639369473,-0.0935640138408304,-0.16,0.2441522491349481,-0.1417301038062283,-0.1137408688965782,-0.0888273740868896,0.1301653210303729,-0.1085121107266436,-0.1301653210303729,0.035432525951557,0.1998615916955017,0.0074432910419069,-0.0088581314878892,-0.0415840061514801,0.059115724721261,-0.1998615916955017,0.075355632449058,-0.0797231833910034,-0.075355632449058,0.0222068435217224,-0.0797231833910034,0.0482276047673971,0.17279507881584,-0.0138408304498269,0.2364628988850442,0.0669896193771626,0.1998615916955017,0.0669896193771626,0.1929104190695886,0.0888273740868896,-0.0074432910419069,-0.0325413302575932,-0.1537870049980776,0.1137408688965782,0.0120569011918492,0.0984236831987697,-0.17279507881584,-0.1663360246059207,0.0553633217993079,-0.059115724721261,-0.1358861976163014,-0.0553633217993079,-0.2069357939254133,0.0669896193771626,-0.0199307958477508,-8.144638755880765,-14.352044474132333,-6.306771321192465,-13.46693283022429,0.7059069871902466,-0.6633986830711365,-0.6115040183067322,0.7419083714485168,-0.68660968542099,-0.6238397359848022,0.7771061658859253,-0.6604306101799011,-0.5457979440689087,0.7978047132492065,-0.7146005630493164,-0.5931937098503113,230.53372192382807,0.1212689951062202
EXPB-136,102.83039,25.126348,w7,m3a,M3A-w7-2944,60.0,,否,裸地,中,施工场地裸土，机械物料旁,judge_B_02.csv,False,22,0.0448442906574394,-0.01039600153787,0.186082276047674,-0.0297731641676278,0.0553633217993079,-0.0448442906574394,-0.0553633217993079,-0.0138408304498269,-0.2441522491349481,0.1137408688965782,0.186082276047674,-0.0629911572472126,-0.17279507881584,0.0384467512495194,-0.1537870049980776,-0.1137408688965782,0.0629911572472126,0.0711111111111111,-0.0482276047673971,-0.1417301038062283,-0.1537870049980776,0.0984236831987697,0.16,-0.1034063821607074,-0.0984236831987697,-0.0271280276816609,-0.0074432910419069,0.075355632449058,-0.0482276047673971,0.0415840061514801,-0.0297731641676278,0.0797231833910034,0.0061514801999231,0.0138408304498269,0.0984236831987697,-0.1417301038062283,-0.1929104190695886,0.0222068435217224,-0.1301653210303729,-0.0448442906574394,-0.0074432910419069,-0.1245674740484429,-0.2599000384467512,0.1085121107266436,0.0022145328719723,0.186082276047674,-0.0222068435217224,0.1358861976163014,0.0797231833910034,-0.0888273740868896,0.059115724721261,0.1301653210303729,0.0482276047673971,0.1137408688965782,0.186082276047674,-0.292871972318339,-0.0517339484813533,-0.1245674740484429,-0.0711111111111111,-0.3936947327950788,-0.1137408688965782,-0.1793771626297577,0.1085121107266436,-0.075355632449058,-4.575310468431843,-12.739085791128945,-9.18407880077682,-16.167263933409302,0.0913621261715889,-0.2481595873832702,-0.2621766626834869,0.06017791852355,-0.2391437292098999,-0.2829971313476562,0.0852340906858444,-0.2205220460891723,-0.2326096594333648,0.1217391267418861,-0.259560614824295,-0.2223883718252182,2131.90673828125,0.0951210707426071
EXPB-137,102.92851609677273,25.128124285033312,w7,fcs10layer_audit,M5A-18814,,121.0,是,常绿灌丛,低,坡地灌团间裸斑，团块可辨,judge_B_02.csv,False,9,0.0246059207996924,-0.0629911572472126,0.1417301038062283,-0.0482276047673971,0.0415840061514801,-0.0088581314878892,-0.0629911572472126,0.0448442906574394,-0.1245674740484429,0.0325413302575932,0.1476970396001538,-0.0711111111111111,-0.2364628988850442,0.0022145328719723,-0.0797231833910034,-0.1793771626297577,-0.1476970396001538,-0.0888273740868896,-0.0984236831987697,-0.2214532871972318,-0.17279507881584,0.1301653210303729,0.1358861976163014,0.0177777777777777,-0.0797231833910034,-0.0448442906574394,0.0120569011918492,0.0984236831987697,-0.0246059207996924,-0.0157477893118031,-0.0384467512495194,0.0984236831987697,0.0797231833910034,0.17279507881584,-0.17279507881584,-0.0297731641676278,-0.075355632449058,-0.1301653210303729,0.0935640138408304,-0.0842137639369473,0.1085121107266436,-0.0157477893118031,-0.1929104190695886,0.0888273740868896,0.0049826989619377,0.0415840061514801,0.1417301038062283,-0.0482276047673971,-0.2069357939254133,-0.1417301038062283,0.0797231833910034,0.0157477893118031,0.075355632449058,-0.0120569011918492,0.075355632449058,-0.2069357939254133,-0.1537870049980776,0.075355632449058,-0.2844444444444444,-0.3647212610534409,-0.1245674740484429,-0.1476970396001538,0.1929104190695886,-0.1085121107266436,-10.830964402594482,-16.478216916348725,-8.286840068777392,-14.082350780685292,0.555444061756134,-0.6066338419914246,-0.6662269234657288,0.5901172161102295,-0.6030656099319458,-0.5909165740013123,0.7157652378082275,-0.6438809037208557,-0.6010498404502869,0.124658778309822,-0.4266339540481567,-0.5935774445533752,2109.083740234375,0.0951210707426071
EXPB-138,113.358196,23.759202,w3,wc20,M3A-w3-0890,20.0,,否,灌木园地,中,极细密规整行栽痕，园地,judge_B_02.csv,False,2,-0.0935640138408304,0.0935640138408304,0.2364628988850442,-0.0517339484813533,-0.0553633217993079,0.0888273740868896,-0.0199307958477508,-0.0088581314878892,-0.0842137639369473,0.2441522491349481,0.0711111111111111,0.0797231833910034,-0.1929104190695886,0.0088581314878892,-0.0448442906574394,-0.0157477893118031,-0.075355632449058,-0.0888273740868896,-0.0669896193771626,-0.1417301038062283,-0.2519646289888504,0.1929104190695886,-0.1358861976163014,0.059115724721261,0.0015378700499807,0.16,-0.1245674740484429,0.1085121107266436,0.0009842368319876,-0.0138408304498269,0.059115724721261,0.0797231833910034,0.0842137639369473,0.1537870049980776,-0.0935640138408304,0.2679584775086506,-0.075355632449058,-0.059115724721261,0.1476970396001538,0.0157477893118031,0.16,0.1417301038062283,-0.0088581314878892,0.1137408688965782,0.0415840061514801,0.0246059207996924,0.2069357939254133,0.1085121107266436,0.1137408688965782,0.0888273740868896,-0.0415840061514801,-0.0271280276816609,0.0039369473279507,0.0415840061514801,0.1929104190695886,-0.1998615916955017,-0.2141330257593233,-0.0271280276816609,-0.1301653210303729,-0.2288965782391388,-0.17279507881584,-0.2069357939254133,0.1417301038062283,0.035432525951557,-7.216828363454578,-12.40637681164718,-7.562776194492328,-12.61112172167963,0.6419640183448792,-0.6110113859176636,-0.5109104514122009,0.6811630129814148,-0.5801296830177307,-0.4460739493370056,0.7137901186943054,-0.5967676639556885,-0.3386348485946655,0.5348007082939148,-0.4582862257957458,-0.3393989503383636,18.664838790893555,0.12428018450737
EXPB-139,110.58171315982898,23.737352562159472,w3,fcs10layer_m3bA,M3B-A244,,,无法判读,水体,低,影像雾化，地物不可辨,judge_B_02.csv,True,23,-0.0448442906574394,0.0177777777777777,0.0984236831987697,-0.0157477893118031,-0.0271280276816609,0.035432525951557,-0.2069357939254133,0.0448442906574394,-0.0088581314878892,0.0711111111111111,0.0015378700499807,0.0553633217993079,-0.2599000384467512,-0.0039369473279507,0.0629911572472126,-0.1245674740484429,-0.075355632449058,0.0517339484813533,-0.2519646289888504,0.0015378700499807,-0.2364628988850442,0.1793771626297577,-0.1537870049980776,-0.1301653210303729,-0.0246059207996924,0.0517339484813533,0.0039369473279507,-0.1537870049980776,-0.1301653210303729,0.2141330257593233,0.1034063821607074,0.16,0.1137408688965782,0.0157477893118031,-0.2761399461745483,0.186082276047674,-0.1663360246059207,-0.01039600153787,-0.01039600153787,0.0325413302575932,0.0629911572472126,0.0384467512495194,-0.035432525951557,0.2599000384467512,-0.0049826989619377,0.1245674740484429,0.1929104190695886,-0.1190926566705113,0.0271280276816609,-0.0015378700499807,0.1190926566705113,-0.0482276047673971,0.059115724721261,0.0517339484813533,0.0797231833910034,-0.1085121107266436,-0.17279507881584,-0.035432525951557,-0.0482276047673971,-0.2844444444444444,-0.1358861976163014,-0.2141330257593233,-0.0177777777777777,-0.0271280276816609,-13.661150880389652,-20.940999254190416,-10.592996744356672,-16.61006619723133,,,,,,,,,,,,,,
