point_id,lon,lat,A00,A01,A02,A03,A04,A05,A06,A07,A08,A09,A10,A11,A12,A13,A14,A15,A16,A17,A18,A19,A20,A21,A22,A23,A24,A25,A26,A27,A28,A29,A30,A31,A32,A33,A34,A35,A36,A37,A38,A39,A40,A41,A42,A43,A44,A45,A46,A47,A48,A49,A50,A51,A52,A53,A54,A55,A56,A57,A58,A59,A60,A61,A62,A63,s1_vv_w,s1_vh_w,s1_vv_s,s1_vh_s,ndvi_djf,ndwi_djf,mndwi_djf,ndvi_mam,ndwi_mam,mndwi_mam,ndvi_jja,ndwi_jja,mndwi_jja,ndvi_son,ndwi_son,mndwi_son,dem,slope
EXPB-000,104.512575,25.451628,-0.019930795847750864,0.04822760476739715,0.05911572472126105,0.006151480199923107,0.0015378700499807767,-0.09356401384083046,-0.12456747404844293,0.08421376393694734,0.017777777777777778,0.1085121107266436,0.186082276047674,-0.11374086889657825,-0.2519646289888504,-0.05536332179930796,-0.03543252595155709,-0.07535563244905807,-0.14173010380622836,0.01574778931180315,-0.186082276047674,-0.2288965782391388,-0.29287197231833906,0.08421376393694734,0.04822760476739715,-0.13016532103037293,0.00024605920799692423,0.044844290657439445,0.03844675124951941,-0.07111111111111111,0.01384083044982699,0.04822760476739715,-0.0629911572472126,0.08882737408688965,0.10340638216070744,0.14173010380622836,-0.041584006151480196,-0.0629911572472126,-0.0629911572472126,-0.03844675124951941,-0.00024605920799692423,-0.07972318339100345,0.044844290657439445,0.09842368319876971,-0.19986159169550174,0.16633602460592078,-0.000984236831987697,-0.019930795847750864,0.022206843521722412,0.07535563244905807,-0.019930795847750864,0.04822760476739715,0.07972318339100345,-0.004982698961937716,0.1085121107266436,0.2519646289888504,0.08882737408688965,-0.22145328719723184,0.022206843521722412,-0.13588619761630144,-0.19986159169550174,-0.42377547097270285,-0.13016532103037293,-0.21413302575932336,0.0015378700499807767,0.07535563244905807,-10.19186627972309,-15.162703917853516,-8.77547182261528,-14.92027661245255,0.4832041263580322,-0.5693780183792114,-0.6842105388641357,0.662544846534729,-0.6130030751228333,-0.5840266346931458,0.8630431890487671,-0.7392615079879761,-0.541620671749115,0.7024901509284973,-0.642744243144989,-0.5675469040870667,2009.552978515625,0.26218023896217346
EXPB-001,103.067545,25.745916,0.05536332179930796,-0.03844675124951941,0.11909265667051133,-0.07111111111111111,-0.07111111111111111,0.03844675124951941,-0.003014225297962322,0.09356401384083046,-0.029773164167627833,-0.07535563244905807,0.15378700499807765,0.017777777777777778,-0.31009611687812383,0.06698961937716265,0.041584006151480196,-0.044844290657439445,-0.2519646289888504,0.041584006151480196,-0.14173010380622836,-0.10340638216070744,-0.14173010380622836,0.09842368319876971,0.1929104190695886,-0.10340638216070744,-0.05911572472126105,-0.17279507881584008,0.09356401384083046,-0.08421376393694734,-0.10340638216070744,0.0629911572472126,0.1085121107266436,0.06698961937716265,-0.03844675124951941,0.03844675124951941,0.03543252595155709,-0.0629911572472126,0.029773164167627833,-0.05173394848135333,0.13016532103037293,0.1085121107266436,-0.11909265667051133,0.09842368319876971,-0.21413302575932336,0.06698961937716265,-0.05536332179930796,0.12456747404844293,0.07972318339100345,-0.07111111111111111,-0.16000000000000003,-0.10340638216070744,0.11374086889657825,0.14769703960015382,0.0271280276816609,0.07972318339100345,0.13588619761630144,-0.14769703960015382,0.041584006151480196,-0.16633602460592078,-0.2288965782391388,-0.4340484429065744,-0.07535563244905807,-0.15378700499807765,-0.044844290657439445,-0.01384083044982699,-12.719903747253646,-25.368663428761998,-7.093089946283918,-16.45747358259676,0.23850931227207184,-0.45547446608543396,-0.5493808388710022,0.06743256747722626,-0.44416287541389465,-0.5801964998245239,0.5034293532371521,-0.5310826301574707,-0.42930009961128235,0.4816720187664032,-0.5293726921081543,-0.4915740489959717,2217.491943359375,0.16441863775253296
EXPB-002,104.977992,25.734327,0.03844675124951941,0.07111111111111111,0.041584006151480196,0.05536332179930796,0.044844290657439445,-0.12456747404844293,-0.14769703960015382,0.14173010380622836,0.003936947327950788,0.1929104190695886,0.07111111111111111,-0.07535563244905807,-0.2599000384467512,-0.022206843521722412,-0.2069357939254133,-0.15378700499807765,-0.19986159169550174,0.09356401384083046,-0.186082276047674,-0.1929104190695886,-0.2519646289888504,0.16000000000000003,-0.05536332179930796,-0.09356401384083046,0.003014225297962322,-0.07972318339100345,-0.002214532871972318,-0.044844290657439445,-0.08421376393694734,0.09842368319876971,-0.07972318339100345,0.06698961937716265,0.017777777777777778,0.16000000000000003,-0.15378700499807765,-0.041584006151480196,-0.11374086889657825,-0.16633602460592078,-0.08421376393694734,-0.08882737408688965,0.0271280276816609,0.13016532103037293,-0.14173010380622836,0.11374086889657825,-0.05173394848135333,0.07111111111111111,0.01574778931180315,-0.024605920799692427,-0.01574778931180315,-0.029773164167627833,0.041584006151480196,-0.04822760476739715,0.2069357939254133,0.06698961937716265,-0.041584006151480196,-0.21413302575932336,-0.08421376393694734,-0.01384083044982699,-0.21413302575932336,-0.31009611687812383,-0.17279507881584008,-0.186082276047674,-0.07972318339100345,0.029773164167627833,-9.060181133197906,-14.372135129135458,-8.104282987376463,-14.385226058450463,0.4766214191913605,-0.5747989416122437,-0.6931114792823792,0.7679057121276855,-0.6595744490623474,-0.5519043803215027,0.8735218644142151,-0.7569913268089294,-0.6106604933738708,0.7691630125045776,-0.7142857313156128,-0.6399497985839844,1869.2562255859375,0.26218023896217346
EXPB-003,102.92600081397718,24.82090045786444,-0.024605920799692427,-0.0629911572472126,0.11374086889657825,-0.007443291041906958,-0.0271280276816609,-0.07535563244905807,-0.186082276047674,0.11374086889657825,-0.041584006151480196,0.06698961937716265,0.01574778931180315,-0.09842368319876971,-0.2519646289888504,-0.012056901191849288,-0.10340638216070744,-0.14173010380622836,-0.2519646289888504,0.13016532103037293,-0.12456747404844293,-0.1929104190695886,-0.1929104190695886,0.13016532103037293,0.14769703960015382,-0.13016532103037293,-0.024605920799692427,-0.09356401384083046,0.08882737408688965,0.022206843521722412,-0.07535563244905807,0.022206843521722412,0.041584006151480196,0.07535563244905807,-0.012056901191849288,0.13588619761630144,-0.16000000000000003,-0.11909265667051133,-0.01574778931180315,-0.11374086889657825,0.012056901191849288,0.03543252595155709,-0.0015378700499807767,0.07111111111111111,-0.16000000000000003,0.2069357939254133,-0.019930795847750864,0.17279507881584008,0.024605920799692427,0.05536332179930796,-0.17937716262975778,-0.12456747404844293,0.10340638216070744,-0.0015378700499807767,0.2069357939254133,0.017777777777777778,-0.012056901191849288,-0.17937716262975778,-0.07111111111111111,0.019930795847750864,-0.28444444444444444,-0.33685505574778934,-0.022206843521722412,-0.186082276047674,-0.08421376393694734,-0.08882737408688965,-11.184288039110278,-15.425960940631835,-9.405362161835583,-13.247601776766754,0.7152116894721985,-0.7021105289459229,-0.6516219973564148,0.6708776354789734,-0.6289094090461731,-0.5730001926422119,0.757485032081604,-0.6624970436096191,-0.5049333572387695,0.8500000238418579,-0.7311966419219971,-0.5291948318481445,2269.06640625,0.18647928535938263
EXPB-004,109.587697,23.890445,0.08421376393694734,-0.14769703960015382,-0.0005536332179930795,0.01574778931180315,0.08421376393694734,-0.07111111111111111,-0.10340638216070744,-0.010396001537870049,-0.41362552864282975,0.22145328719723184,0.041584006151480196,-0.006151480199923107,-0.21413302575932336,-0.029773164167627833,-0.186082276047674,-0.2761399461745483,0.15378700499807765,0.03543252595155709,-0.05173394848135333,0.08882737408688965,-0.044844290657439445,-0.024605920799692427,-0.186082276047674,-0.186082276047674,-0.03543252595155709,0.14173010380622836,-0.03254133025759323,0.07972318339100345,-0.07535563244905807,0.0271280276816609,0.15378700499807765,0.05173394848135333,0.03844675124951941,-0.003014225297962322,-0.022206843521722412,0.07535563244905807,-0.29287197231833906,-0.09842368319876971,0.01384083044982699,0.1929104190695886,0.1929104190695886,0.041584006151480196,-0.03844675124951941,0.08882737408688965,-0.019930795847750864,0.09842368319876971,0.14769703960015382,0.03254133025759323,0.03254133025759323,-0.002214532871972318,0.006151480199923107,0.13016532103037293,-0.08882737408688965,0.05536332179930796,0.19986159169550174,-0.2069357939254133,-0.024605920799692427,0.05911572472126105,0.10340638216070744,-0.11909265667051133,-0.0271280276816609,-0.19986159169550174,-0.017777777777777778,-0.0015378700499807767,-9.620855749655222,-13.262428800717407,-11.731156527019698,-14.569876267696438,0.016719385981559753,-0.043115437030792236,-0.15375153720378876,0.03932584449648857,-0.12218371033668518,-0.33146345615386963,-0.008160702884197235,-0.01314523909240961,-0.18247011303901672,0.02361733838915825,-0.055975329130887985,-0.12835480272769928,87.37138366699219,0.12756973505020142
EXPB-005,101.79331507223088,24.052212069243364,0.08421376393694734,-0.04822760476739715,0.14769703960015382,0.08882737408688965,0.1085121107266436,-0.11374086889657825,-0.2288965782391388,0.16633602460592078,-0.03254133025759323,-0.044844290657439445,0.13588619761630144,0.11374086889657825,-0.2288965782391388,0.004982698961937716,6.151480199923106e-05,-0.08421376393694734,-0.03844675124951941,-0.041584006151480196,-0.16633602460592078,-0.00024605920799692423,-0.1929104190695886,-0.05536332179930796,0.11909265667051133,-0.09842368319876971,0.04822760476739715,-0.1085121107266436,0.22145328719723184,-0.05911572472126105,-0.17937716262975778,-0.041584006151480196,0.19986159169550174,0.2679584775086506,0.17279507881584008,-0.0015378700499807767,-0.22145328719723184,0.05911572472126105,-0.186082276047674,-0.07111111111111111,0.03254133025759323,0.06698961937716265,-0.08882737408688965,0.044844290657439445,-0.08421376393694734,0.12456747404844293,-0.003014225297962322,0.2069357939254133,-0.13016532103037293,0.09842368319876971,-0.09356401384083046,0.10340638216070744,-0.029773164167627833,-0.08882737408688965,0.04822760476739715,0.041584006151480196,0.012056901191849288,-0.03844675124951941,-0.04822760476739715,-0.21413302575932336,-0.2364628988850442,-0.22145328719723184,0.1085121107266436,0.08421376393694734,-0.06698961937716265,-0.12456747404844293,-15.193424991107491,-21.63747345010457,-4.867776266681973,-8.382720511285797,0.7337770462036133,-0.6828165650367737,-0.5739696025848389,0.6175172328948975,-0.5911064743995667,-0.5563513040542603,0.7089291214942932,-0.6184170842170715,-0.5200605392456055,0.8182775974273682,-0.7576375007629395,-0.5837341547012329,1338.3099365234375,0.3255285918712616
EXPB-006,111.46053500228312,25.98853066416299,0.05536332179930796,0.05911572472126105,0.06698961937716265,0.07535563244905807,0.07111111111111111,-0.024605920799692427,-0.2599000384467512,0.2761399461745483,0.07972318339100345,0.2288965782391388,-0.03254133025759323,0.000984236831987697,-0.15378700499807765,0.010396001537870049,-0.09356401384083046,-0.0629911572472126,0.010396001537870049,0.17937716262975778,-0.186082276047674,-0.1085121107266436,-0.08421376393694734,0.1929104190695886,-0.19986159169550174,-0.0629911572472126,0.05173394848135333,-0.004982698961937716,0.041584006151480196,-0.06698961937716265,0.11374086889657825,0.1929104190695886,0.008858131487889272,-0.07111111111111111,0.041584006151480196,0.17937716262975778,-0.2069357939254133,-0.09842368319876971,-0.14769703960015382,-0.04822760476739715,0.07535563244905807,-0.09842368319876971,0.0629911572472126,0.24415224913494812,-0.010396001537870049,-0.01574778931180315,-0.041584006151480196,0.05536332179930796,-0.002214532871972318,0.33685505574778934,0.11909265667051133,-0.003936947327950788,-0.04822760476739715,-0.15378700499807765,0.1085121107266436,0.08882737408688965,0.14769703960015382,-0.08421376393694734,-0.03844675124951941,-0.08421376393694734,-0.06698961937716265,-0.044844290657439445,-0.11909265667051133,-0.1929104190695886,0.1085121107266436,0.16000000000000003,-1.9003177303152312,-8.47007549023721,-0.5963047697189443,-7.095918220192395,,,,,,,,,,,,,,
EXPB-007,104.748383,26.477324,-0.003936947327950788,0.004982698961937716,0.05536332179930796,0.041584006151480196,-0.004982698961937716,-0.0629911572472126,-0.22145328719723184,0.05911572472126105,-0.022206843521722412,0.16633602460592078,0.17279507881584008,-0.017777777777777778,-0.16633602460592078,-0.006151480199923107,-0.11374086889657825,-0.12456747404844293,-0.22145328719723184,0.01574778931180315,-0.19986159169550174,-0.16000000000000003,-0.2364628988850442,-0.07111111111111111,0.07972318339100345,-0.15378700499807765,-0.012056901191849288,-0.07972318339100345,-0.019930795847750864,-0.08882737408688965,-0.041584006151480196,0.11374086889657825,-0.06698961937716265,0.14173010380622836,0.11374086889657825,0.08882737408688965,-0.1929104190695886,0.05536332179930796,-0.16000000000000003,-0.11374086889657825,-0.07111111111111111,-0.010396001537870049,-0.03844675124951941,0.041584006151480196,-0.17279507881584008,0.13016532103037293,-0.05911572472126105,0.12456747404844293,0.0271280276816609,0.012056901191849288,-0.024605920799692427,-0.024605920799692427,0.1085121107266436,-0.0629911572472126,0.1085121107266436,0.17279507881584008,-0.0015378700499807767,-0.2599000384467512,-0.08882737408688965,-0.06698961937716265,-0.24415224913494812,-0.40359861591695495,-0.10340638216070744,-0.13016532103037293,0.03543252595155709,-0.029773164167627833,-14.277257910832923,-18.04656018222442,-11.262075164771453,-18.333082202228574,0.6196721196174622,-0.6638089418411255,-0.6937238574028015,0.5921696424484253,-0.5672420859336853,-0.5457227230072021,0.8503760099411011,-0.7305034399032593,-0.5025057196617126,0.7555856704711914,-0.6672560572624207,-0.5218295454978943,2315.30224609375,0.0852222591638565
EXPB-008,113.936801,23.517195,-0.05536332179930796,-0.05536332179930796,0.22145328719723184,0.008858131487889272,-0.06698961937716265,0.16000000000000003,-0.11374086889657825,-0.03254133025759323,-0.05173394848135333,0.186082276047674,-0.022206843521722412,-0.010396001537870049,-0.2761399461745483,-0.03254133025759323,0.041584006151480196,-0.006151480199923107,-0.15378700499807765,0.11909265667051133,-0.09356401384083046,-0.16000000000000003,-0.31009611687812383,0.21413302575932336,-0.08882737408688965,-0.041584006151480196,-0.14769703960015382,0.09842368319876971,-0.11374086889657825,-0.06698961937716265,-0.03543252595155709,0.07535563244905807,0.1085121107266436,-0.01384083044982699,0.10340638216070744,0.024605920799692427,-0.14769703960015382,0.2288965782391388,-0.0015378700499807767,-0.05911572472126105,-0.0271280276816609,-0.012056901191849288,0.13016532103037293,0.0629911572472126,-0.08421376393694734,0.28444444444444444,0.03844675124951941,0.14769703960015382,0.006151480199923107,-0.05536332179930796,0.05173394848135333,0.07972318339100345,-0.07111111111111111,-0.01574778931180315,0.0271280276816609,0.10340638216070744,0.16000000000000003,-0.16633602460592078,-0.14769703960015382,0.029773164167627833,-0.019930795847750864,-0.2599000384467512,-0.08882737408688965,-0.2761399461745483,0.12456747404844293,-0.017777777777777778,-10.09884453687072,-17.74075436894657,-9.446671261047598,-15.228112481360514,0.6332079768180847,-0.6039772629737854,-0.5516242980957031,0.6685967445373535,-0.6091243624687195,-0.4696114659309387,0.47299814224243164,-0.4716279208660126,-0.4866696894168854,0.6702100038528442,-0.6296483874320984,-0.5491222739219666,20.718734741210938,0.12428018450737
EXPB-009,109.3251497404026,25.15372627063072,0.08882737408688965,0.03844675124951941,0.13016532103037293,-0.04822760476739715,-0.03254133025759323,-0.04822760476739715,-0.34602076124567477,0.31009611687812383,0.09842368319876971,0.2069357939254133,-0.16633602460592078,0.01574778931180315,-0.24415224913494812,0.044844290657439445,-0.07972318339100345,-0.07111111111111111,-0.1085121107266436,0.11374086889657825,-0.041584006151480196,-0.09842368319876971,-0.2288965782391388,0.19986159169550174,-0.012056901191849288,-0.14173010380622836,-0.05536332179930796,0.003936947327950788,-0.05536332179930796,0.003936947327950788,-0.03543252595155709,0.12456747404844293,0.07111111111111111,0.008858131487889272,0.024605920799692427,0.05173394848135333,-0.186082276047674,0.13588619761630144,-0.15378700499807765,-0.13016532103037293,0.03254133025759323,-0.01384083044982699,0.024605920799692427,0.31009611687812383,0.01384083044982699,0.13588619761630144,-0.044844290657439445,0.13016532103037293,0.007443291041906958,0.21413302575932336,0.044844290657439445,-0.007443291041906958,-0.003936947327950788,-0.07972318339100345,0.09356401384083046,-0.03254133025759323,0.07111111111111111,-0.11909265667051133,-0.12456747404844293,0.04822760476739715,-0.05911572472126105,-0.019930795847750864,0.017777777777777778,-0.29287197231833906,-0.05911572472126105,0.04822760476739715,-7.373960300393614,-16.65409114538092,-6.733381583163137,-13.428998432872817,,,,,,,,,,,,,,
EXPB-010,111.99772754218658,24.648513754841904,0.05173394848135333,0.03543252595155709,0.22145328719723184,-0.00024605920799692423,-0.004982698961937716,0.16633602460592078,-0.24415224913494812,0.07111111111111111,-0.05536332179930796,0.14173010380622836,-0.008858131487889272,0.010396001537870049,-0.3014225297962323,0.003936947327950788,-0.003936947327950788,-0.13588619761630144,-0.07535563244905807,0.05173394848135333,-0.12456747404844293,0.004982698961937716,-0.2519646289888504,0.17279507881584008,-0.14769703960015382,-0.12456747404844293,-0.06698961937716265,0.029773164167627833,-0.0629911572472126,-0.16000000000000003,-0.05173394848135333,0.14769703960015382,0.041584006151480196,0.08421376393694734,0.041584006151480196,0.004982698961937716,-0.2679584775086506,0.19986159169550174,-0.13016532103037293,-0.07535563244905807,-0.1085121107266436,0.017777777777777778,-0.05173394848135333,0.1929104190695886,-0.11374086889657825,0.1929104190695886,0.07972318339100345,0.2069357939254133,0.05173394848135333,-0.024605920799692427,0.07972318339100345,0.08421376393694734,-0.05173394848135333,-0.05911572472126105,0.024605920799692427,0.1085121107266436,0.07111111111111111,-0.19986159169550174,-0.12456747404844293,-0.029773164167627833,-0.07535563244905807,-0.21413302575932336,-0.11374086889657825,-0.22145328719723184,0.03254133025759323,-0.004982698961937716,-12.176082672356497,-18.210667037859473,-10.757652213446773,-17.418752744838887,,,,,,,,,,,,,,
EXPB-011,101.7979863117083,24.38413956672553,0.08882737408688965,-0.06698961937716265,0.1929104190695886,-0.041584006151480196,-0.03844675124951941,-0.017777777777777778,-0.17279507881584008,0.22145328719723184,0.029773164167627833,0.1085121107266436,0.09842368319876971,-0.03254133025759323,-0.22145328719723184,0.03254133025759323,0.07535563244905807,0.0629911572472126,0.05536332179930796,0.186082276047674,-0.16633602460592078,-0.2519646289888504,-0.17279507881584008,0.14173010380622836,0.07111111111111111,-0.1085121107266436,-0.019930795847750864,-0.024605920799692427,0.14769703960015382,0.022206843521722412,0.1085121107266436,0.1929104190695886,-0.03844675124951941,0.05173394848135333,0.0271280276816609,0.13016532103037293,-0.09356401384083046,-0.1929104190695886,-0.05173394848135333,0.05911572472126105,0.05536332179930796,-0.10340638216070744,-0.029773164167627833,0.06698961937716265,-0.22145328719723184,0.12456747404844293,-0.008858131487889272,0.03844675124951941,-0.15378700499807765,0.3553094963475586,-0.03543252595155709,-0.003014225297962322,0.05536332179930796,-0.05911572472126105,0.10340638216070744,0.010396001537870049,0.1929104190695886,-0.12456747404844293,0.07535563244905807,-0.14769703960015382,-0.09842368319876971,-0.1929104190695886,0.05911572472126105,-0.15378700499807765,0.17937716262975778,-0.03543252595155709,-6.688171903720681,-11.256212643717527,-10.096673635162155,-17.97066153064627,0.6204766035079956,-0.6109973788261414,-0.4227430522441864,0.43803417682647705,-0.5013943314552307,-0.4515337347984314,0.5189604759216309,-0.5282817482948303,-0.43442097306251526,0.6947311162948608,-0.6352201104164124,-0.37240758538246155,1467.7484130859375,0.3255285918712616
EXPB-012,102.649559,24.72534,0.012056901191849288,-0.19986159169550174,-0.05911572472126105,0.07972318339100345,0.041584006151480196,0.07535563244905807,-0.04822760476739715,0.09356401384083046,-0.019930795847750864,0.019930795847750864,0.2364628988850442,-0.07535563244905807,-0.07535563244905807,-0.07972318339100345,0.05911572472126105,0.003936947327950788,0.05911572472126105,-0.16000000000000003,0.0271280276816609,-0.16633602460592078,0.01384083044982699,0.11909265667051133,0.12456747404844293,0.16000000000000003,-0.2288965782391388,-0.19986159169550174,0.1085121107266436,-0.2069357939254133,0.07972318339100345,0.044844290657439445,-0.21413302575932336,0.2519646289888504,0.09356401384083046,-0.08421376393694734,-0.05911572472126105,0.002214532871972318,0.09842368319876971,-0.0629911572472126,-0.06698961937716265,0.17937716262975778,-0.05173394848135333,-0.1085121107266436,0.13588619761630144,0.029773164167627833,-0.15378700499807765,0.186082276047674,-0.22145328719723184,0.21413302575932336,-0.16000000000000003,-0.08421376393694734,0.04822760476739715,0.1929104190695886,-0.16000000000000003,-0.019930795847750864,0.09356401384083046,-0.03543252595155709,-0.05173394848135333,0.04822760476739715,-0.07972318339100345,-0.16633602460592078,-0.06698961937716265,-0.12456747404844293,0.06698961937716265,0.21413302575932336,-22.70139511909995,-28.717338603231543,-21.227140274752223,-30.70817836203478,-0.45945945382118225,0.7041420340538025,0.8947368264198303,-0.2525714337825775,0.44856661558151245,0.6261239647865295,-0.18657074868679047,0.43391188979148865,0.808080792427063,-0.09090909361839294,0.3754940629005432,0.8040435314178467,1886.0,0.18647928535938263
EXPB-013,104.83078854242422,24.05014594408989,0.05911572472126105,-0.024605920799692427,0.17937716262975778,0.002214532871972318,-0.010396001537870049,-0.07535563244905807,-0.14173010380622836,0.2599000384467512,-0.07535563244905807,0.12456747404844293,-0.0005536332179930795,-0.09842368319876971,-0.16000000000000003,0.03254133025759323,-0.006151480199923107,-0.03543252595155709,0.05173394848135333,0.2519646289888504,-0.12456747404844293,-0.21413302575932336,-0.186082276047674,0.2069357939254133,-0.07111111111111111,-0.09842368319876971,0.00024605920799692423,-0.03844675124951941,0.14769703960015382,-0.010396001537870049,0.07111111111111111,0.11374086889657825,-0.05173394848135333,-0.019930795847750864,0.06698961937716265,0.24415224913494812,-0.09842368319876971,-0.15378700499807765,-0.01384083044982699,-0.0271280276816609,-0.07535563244905807,-0.17937716262975778,0.006151480199923107,0.11909265667051133,-0.1929104190695886,0.03254133025759323,-0.03254133025759323,0.10340638216070744,-0.11909265667051133,0.3553094963475586,0.06698961937716265,-0.03543252595155709,0.05536332179930796,-0.07972318339100345,0.08421376393694734,0.05536332179930796,0.186082276047674,-0.1085121107266436,0.024605920799692427,-0.16000000000000003,0.002214532871972318,-0.22145328719723184,0.012056901191849288,-0.186082276047674,0.16000000000000003,0.003936947327950788,-0.7928846989080944,-7.601454286233084,4.003404675822837,-2.382576955750667,0.4632418155670166,-0.5197792053222656,-0.48469892144203186,0.45737186074256897,-0.4873574674129486,-0.42323246598243713,0.740562379360199,-0.6063082218170166,-0.4367179572582245,0.7433056235313416,-0.6685815453529358,-0.5328558087348938,1279.847412109375,0.14106446504592896
EXPB-014,105.393284,26.598866,0.044844290657439445,0.07535563244905807,0.08882737408688965,0.05536332179930796,0.04822760476739715,-0.09356401384083046,-0.16633602460592078,0.09356401384083046,0.03543252595155709,0.14769703960015382,0.16000000000000003,0.029773164167627833,-0.24415224913494812,-0.017777777777777778,-0.12456747404844293,-0.16633602460592078,-0.1929104190695886,0.003014225297962322,-0.22145328719723184,-0.16000000000000003,-0.19986159169550174,-0.05911572472126105,0.004982698961937716,-0.13588619761630144,0.0629911572472126,-0.0271280276816609,-0.01384083044982699,-0.12456747404844293,-0.07535563244905807,0.16633602460592078,-0.05173394848135333,0.15378700499807765,0.08421376393694734,0.0629911572472126,-0.19986159169550174,0.03254133025759323,-0.17937716262975778,-0.17279507881584008,-0.03844675124951941,0.06698961937716265,-0.00024605920799692423,0.11374086889657825,-0.16633602460592078,0.024605920799692427,-0.044844290657439445,0.006151480199923107,0.05536332179930796,0.01574778931180315,0.06698961937716265,0.05911572472126105,0.07111111111111111,-0.07535563244905807,0.08882737408688965,0.16000000000000003,-0.017777777777777778,-0.2679584775086506,-0.11374086889657825,-0.13016532103037293,-0.2364628988850442,-0.31009611687812383,-0.17937716262975778,-0.12456747404844293,-0.07111111111111111,0.012056901191849288,-13.45745013274403,-18.274242881038234,-12.375579477010623,-17.920251306654134,0.6008504033088684,-0.5957615971565247,-0.6453636884689331,0.7246376872062683,-0.6090964674949646,-0.5174506902694702,0.8382566571235657,-0.7007168531417847,-0.512052595615387,0.7540805339813232,-0.6612848043441772,-0.60787433385849,1906.76171875,0.14847861230373383
EXPB-015,105.47281447598444,25.37587964039348,0.010396001537870049,-0.04822760476739715,0.1085121107266436,0.019930795847750864,0.004982698961937716,-0.09356401384083046,-0.21413302575932336,0.05911572472126105,0.010396001537870049,0.07111111111111111,0.03254133025759323,-0.04822760476739715,-0.29287197231833906,0.029773164167627833,-0.1085121107266436,-0.1085121107266436,-0.2069357939254133,0.186082276047674,-0.16633602460592078,-0.186082276047674,-0.24415224913494812,0.11909265667051133,-0.05911572472126105,-0.1085121107266436,-0.10340638216070744,-0.12456747404844293,0.07535563244905807,-0.03543252595155709,-0.17937716262975778,0.08421376393694734,0.10340638216070744,0.05911572472126105,0.07111111111111111,0.13016532103037293,-0.29287197231833906,0.04822760476739715,-0.10340638216070744,-0.09356401384083046,-0.1085121107266436,0.07111111111111111,0.024605920799692427,0.05173394848135333,-0.14769703960015382,0.09356401384083046,0.007443291041906958,0.1085121107266436,0.010396001537870049,0.0271280276816609,-0.14769703960015382,-0.08882737408688965,0.16000000000000003,-0.07535563244905807,0.17279507881584008,-0.0271280276816609,-0.008858131487889272,-0.14769703960015382,-0.10340638216070744,0.08421376393694734,-0.17279507881584008,-0.3188927335640138,-0.041584006151480196,-0.12456747404844293,-0.13016532103037293,-0.05536332179930796,-13.036990249409401,-17.937851591541886,-10.85301193192316,-17.226306635026287,0.7178065180778503,-0.6414483189582825,-0.5812994241714478,0.6289082765579224,-0.5394800305366516,-0.5168558359146118,0.820027768611908,-0.6824738383293152,-0.5434010624885559,0.8332206606864929,-0.6967042088508606,-0.5336754322052002,1874.573486328125,0.33392462134361267
EXPB-016,113.1808986029004,27.32432549164872,0.08882737408688965,0.11374086889657825,0.07111111111111111,0.07111111111111111,0.14769703960015382,-0.03543252595155709,-0.2519646289888504,0.17279507881584008,0.007443291041906958,0.14173010380622836,0.06698961937716265,0.13016532103037293,-0.2761399461745483,-0.0629911572472126,-0.14769703960015382,-0.13588619761630144,-0.13588619761630144,0.05536332179930796,-0.2288965782391388,0.006151480199923107,-0.16000000000000003,0.05173394848135333,-0.13016532103037293,-0.09842368319876971,0.13016532103037293,0.07111111111111111,-0.10340638216070744,-0.13016532103037293,-0.006151480199923107,0.21413302575932336,0.007443291041906958,0.186082276047674,0.12456747404844293,0.003936947327950788,-0.2519646289888504,0.13588619761630144,-0.31009611687812383,-0.22145328719723184,-0.010396001537870049,0.004982698961937716,0.044844290657439445,0.14173010380622836,0.03543252595155709,0.029773164167627833,0.041584006151480196,0.0629911572472126,0.05911572472126105,-0.003936947327950788,0.14769703960015382,0.05911572472126105,0.006151480199923107,-0.08421376393694734,0.04822760476739715,0.07972318339100345,-0.08421376393694734,-0.14769703960015382,-0.16000000000000003,-0.041584006151480196,-0.09842368319876971,-0.05173394848135333,-0.15378700499807765,-0.14173010380622836,-0.04822760476739715,0.012056901191849288,-11.725954761116885,-15.64706274824012,-12.870665900967566,-17.913357895794547,0.5456215739250183,-0.5561035871505737,-0.5870375633239746,0.6169368028640747,-0.5641599893569946,-0.5653422474861145,0.8294573426246643,-0.6894854307174683,-0.5804111361503601,0.7645615935325623,-0.6904551982879639,-0.6695924997329712,320.2052307128906,0.15091733634471893
EXPB-017,105.352859,25.651323,0.017777777777777778,-0.05536332179930796,0.15378700499807765,0.029773164167627833,0.05173394848135333,-0.11909265667051133,-0.17279507881584008,0.03254133025759323,-0.09842368319876971,0.11909265667051133,0.05173394848135333,-0.05911572472126105,-0.3188927335640138,0.019930795847750864,-0.07111111111111111,-0.16633602460592078,-0.12456747404844293,0.1929104190695886,-0.11909265667051133,-0.1929104190695886,-0.2069357939254133,0.2679584775086506,-0.012056901191849288,-0.13016532103037293,-0.13588619761630144,-0.004982698961937716,-0.007443291041906958,0.012056901191849288,0.03844675124951941,0.03844675124951941,0.022206843521722412,-0.022206843521722412,0.022206843521722412,0.11374086889657825,-0.08882737408688965,-0.0629911572472126,-0.1085121107266436,-0.044844290657439445,-0.05173394848135333,-0.09356401384083046,0.024605920799692427,0.09356401384083046,-0.1929104190695886,0.17937716262975778,-0.07111111111111111,0.10340638216070744,0.07111111111111111,0.08882737408688965,-0.03254133025759323,-0.008858131487889272,0.07972318339100345,-0.01384083044982699,0.1085121107266436,0.07111111111111111,0.12456747404844293,-0.2288965782391388,-0.16000000000000003,-0.044844290657439445,-0.14769703960015382,-0.3014225297962323,-0.05536332179930796,-0.3278123798539023,0.05173394848135333,0.01384083044982699,-7.157097225971607,-14.292626528354056,-6.378140260216815,-13.607221249314065,0.3505131006240845,-0.39308398962020874,-0.505557656288147,0.45316454768180847,-0.44607147574424744,-0.42119118571281433,0.6931506991386414,-0.623984694480896,-0.5125426054000854,0.626971960067749,-0.5632461309432983,-0.47803783416748047,1382.6600341796875,0.33392462134361267
EXPB-018,112.445687,28.815729,-0.07111111111111111,-0.12456747404844293,0.07972318339100345,0.13016532103037293,0.01384083044982699,0.13588619761630144,-0.14769703960015382,0.16000000000000003,-0.13016532103037293,0.16000000000000003,0.0629911572472126,0.019930795847750864,-0.14769703960015382,-0.10340638216070744,-0.04822760476739715,-0.09356401384083046,-0.28444444444444444,0.05173394848135333,-0.17937716262975778,-0.022206843521722412,-0.29287197231833906,0.12456747404844293,-0.14769703960015382,0.1085121107266436,0.05911572472126105,0.21413302575932336,-0.002214532871972318,-0.14173010380622836,0.01574778931180315,0.16000000000000003,-0.11374086889657825,0.0629911572472126,-0.11374086889657825,0.05911572472126105,-0.04822760476739715,0.1929104190695886,-0.10340638216070744,0.010396001537870049,0.03254133025759323,-0.012056901191849288,0.19986159169550174,0.07972318339100345,-0.0629911572472126,0.044844290657439445,0.06698961937716265,0.17937716262975778,0.13588619761630144,-0.022206843521722412,0.08882737408688965,0.041584006151480196,-0.1085121107266436,0.22145328719723184,0.01384083044982699,0.10340638216070744,0.022206843521722412,-0.186082276047674,-0.11909265667051133,-0.03543252595155709,-0.08882737408688965,-0.03254133025759323,-0.24415224913494812,-0.13016532103037293,0.17937716262975778,0.10340638216070744,-13.115169852676342,-18.682125117101158,-12.11886743617816,-14.849906925952727,0.3772242069244385,-0.42980295419692993,-0.45974329113960266,0.7074092626571655,-0.6071640253067017,-0.4781786799430847,0.7672219276428223,-0.640135645866394,-0.46706056594848633,0.6501320600509644,-0.5508965253829956,-0.5053175091743469,30.251008987426758,0.028971422463655472
EXPB-019,102.98160653006418,25.62749775147536,0.13016532103037293,-0.03543252595155709,0.10340638216070744,-0.019930795847750864,0.006151480199923107,-0.029773164167627833,-0.19986159169550174,0.1085121107266436,0.07972318339100345,0.06698961937716265,0.024605920799692427,-0.01384083044982699,-0.19986159169550174,0.012056901191849288,0.04822760476739715,-0.03543252595155709,-0.03543252595155709,-0.14769703960015382,-0.09356401384083046,-0.3188927335640138,-0.07972318339100345,-0.2069357939254133,0.24415224913494812,-0.15378700499807765,-0.010396001537870049,-0.01574778931180315,0.041584006151480196,-0.041584006151480196,-0.01384083044982699,0.16633602460592078,0.004982698961937716,0.05911572472126105,0.15378700499807765,-0.01574778931180315,-0.10340638216070744,-0.07972318339100345,-0.1085121107266436,-0.15378700499807765,-0.041584006151480196,-0.017777777777777778,0.05536332179930796,0.004982698961937716,-0.19986159169550174,0.1929104190695886,-0.05911572472126105,-0.017777777777777778,-0.21413302575932336,0.14173010380622836,0.0629911572472126,0.010396001537870049,0.1085121107266436,-0.07972318339100345,0.003936947327950788,0.10340638216070744,0.008858131487889272,-0.2364628988850442,0.017777777777777778,-0.0271280276816609,-0.3278123798539023,-0.2679584775086506,0.03543252595155709,-0.15378700499807765,-0.186082276047674,0.07535563244905807,-10.25394767579282,-17.112896094067672,-9.652836505957756,-16.30334528607138,0.8891057372093201,-0.795918345451355,-0.5023949146270752,0.8557716012001038,-0.750638484954834,-0.47864076495170593,0.8904244899749756,-0.7758200764656067,-0.5138260722160339,0.88241046667099,-0.7857142686843872,-0.5196256637573242,2414.823486328125,0.09512107074260712
EXPB-020,103.26152157259584,25.917833251302785,0.05911572472126105,-0.041584006151480196,0.21413302575932336,-0.03543252595155709,-0.05536332179930796,-0.07972318339100345,-0.0629911572472126,0.28444444444444444,-0.07535563244905807,0.07972318339100345,0.024605920799692427,-0.05911572472126105,-0.15378700499807765,0.00024605920799692423,0.10340638216070744,-0.044844290657439445,0.012056901191849288,0.21413302575932336,-0.13588619761630144,-0.24415224913494812,-0.14769703960015382,0.0629911572472126,0.007443291041906958,-0.07535563244905807,-0.003014225297962322,0.03543252595155709,0.11909265667051133,0.01574778931180315,0.16633602460592078,0.13016532103037293,-0.06698961937716265,0.04822760476739715,0.04822760476739715,0.2364628988850442,0.0271280276816609,-0.186082276047674,0.1085121107266436,-0.03254133025759323,0.04822760476739715,-0.0629911572472126,-0.01574778931180315,0.14173010380622836,-0.2364628988850442,0.03254133025759323,0.01384083044982699,0.012056901191849288,-0.13016532103037293,0.36472126105344094,-0.003936947327950788,0.029773164167627833,-0.01384083044982699,0.003936947327950788,0.03254133025759323,0.09356401384083046,0.2679584775086506,-0.13588619761630144,0.008858131487889272,-0.2288965782391388,-0.11374086889657825,-0.14769703960015382,-0.008858131487889272,-0.16000000000000003,0.12456747404844293,0.022206843521722412,-2.4538131520700976,-7.180173326118156,-11.74361012064088,-16.756405877078798,0.5571250319480896,-0.5634037852287292,-0.4421744644641876,0.4817248582839966,-0.49554404616355896,-0.40350446105003357,0.5322046875953674,-0.4594995379447937,-0.34324324131011963,0.6761975288391113,-0.5991969704627991,-0.43900826573371887,1772.1236572265625,0.16441863775253296
EXPB-021,103.892468,23.633348,-0.022206843521722412,-0.08421376393694734,0.07111111111111111,-0.07111111111111111,-0.0015378700499807767,0.010396001537870049,-0.10340638216070744,0.15378700499807765,-0.11374086889657825,0.010396001537870049,0.16633602460592078,-0.13588619761630144,-0.31009611687812383,0.03844675124951941,0.07535563244905807,-0.08421376393694734,-0.010396001537870049,0.2069357939254133,-0.19986159169550174,-0.3188927335640138,-0.186082276047674,0.07535563244905807,0.05173394848135333,-0.14769703960015382,-0.01574778931180315,-0.024605920799692427,0.11374086889657825,0.06698961937716265,-0.024605920799692427,0.12456747404844293,0.09842368319876971,0.022206843521722412,0.14173010380622836,0.13016532103037293,-0.06698961937716265,-0.13016532103037293,0.019930795847750864,-0.041584006151480196,0.11909265667051133,0.05911572472126105,0.15378700499807765,-0.01384083044982699,-0.22145328719723184,0.12456747404844293,0.029773164167627833,-0.10340638216070744,0.022206843521722412,0.14769703960015382,-0.13588619761630144,-0.07111111111111111,0.13588619761630144,0.03543252595155709,0.08882737408688965,0.029773164167627833,0.1929104190695886,-0.041584006151480196,0.019930795847750864,-0.08421376393694734,-0.14769703960015382,-0.31009611687812383,-0.0271280276816609,-0.2288965782391388,0.1085121107266436,0.05173394848135333,-11.178042774922819,-15.998690959789148,-7.752731250290818,-14.169867492937684,0.47276994585990906,-0.546462893486023,-0.615464985370636,0.21029503643512726,-0.3463687002658844,-0.5718206763267517,0.16735762357711792,-0.329853355884552,-0.46792975068092346,0.2785798907279968,-0.36310875415802,-0.41206616163253784,1586.563720703125,0.18381312489509583
EXPB-022,105.269855,24.592748,-0.00024605920799692423,-0.003014225297962322,0.13016532103037293,0.024605920799692427,0.007443291041906958,-0.19986159169550174,-0.24415224913494812,0.16633602460592078,0.004982698961937716,0.09842368319876971,0.06698961937716265,-0.004982698961937716,-0.3014225297962323,-0.024605920799692427,-0.10340638216070744,-0.11374086889657825,-0.19986159169550174,0.13588619761630144,-0.13016532103037293,-0.2069357939254133,-0.2288965782391388,0.07972318339100345,0.041584006151480196,-0.14173010380622836,0.019930795847750864,-0.07972318339100345,0.041584006151480196,0.017777777777777778,-0.2069357939254133,0.13016532103037293,0.008858131487889272,0.13016532103037293,0.13588619761630144,0.0271280276816609,-0.2069357939254133,-0.012056901191849288,-0.1929104190695886,-0.14769703960015382,-0.05911572472126105,-0.022206843521722412,-0.03844675124951941,0.029773164167627833,-0.15378700499807765,0.14173010380622836,-0.06698961937716265,0.09842368319876971,-0.08421376393694734,0.09356401384083046,0.041584006151480196,-0.01574778931180315,0.14769703960015382,-0.07111111111111111,0.13588619761630144,-0.01574778931180315,-0.08421376393694734,-0.17279507881584008,-0.13016532103037293,-0.04822760476739715,-0.16000000000000003,-0.2679584775086506,-0.03543252595155709,-0.16633602460592078,-0.1085121107266436,-0.0629911572472126,-9.442384734961461,-15.060439582533142,-9.338191467225577,-18.333432158580194,0.5643872022628784,-0.6325300931930542,-0.6420672535896301,0.7064372897148132,-0.6619375944137573,-0.5823038220405579,0.8713576793670654,-0.7434144616127014,-0.5836867690086365,0.8579683899879456,-0.7592512369155884,-0.6596783995628357,1658.4881591796875,0.03635488077998161
EXPB-023,101.86167686535236,23.88449660569825,0.04822760476739715,-0.08421376393694734,0.08421376393694734,0.03844675124951941,0.05173394848135333,-0.019930795847750864,-0.2761399461745483,0.13016532103037293,-0.0271280276816609,0.04822760476739715,0.1929104190695886,0.1085121107266436,-0.2288965782391388,-0.06698961937716265,0.07111111111111111,-0.024605920799692427,0.019930795847750864,-0.1085121107266436,-0.17279507881584008,-0.044844290657439445,-0.3839138792772011,0.07535563244905807,0.14173010380622836,-0.13588619761630144,0.007443291041906958,-0.03254133025759323,0.1929104190695886,0.012056901191849288,-0.11374086889657825,0.09842368319876971,0.012056901191849288,0.13016532103037293,0.22145328719723184,-0.01574778931180315,-0.16000000000000003,-0.041584006151480196,-0.14769703960015382,-0.06698961937716265,-0.010396001537870049,0.01384083044982699,-0.0271280276816609,0.041584006151480196,-0.11909265667051133,0.3014225297962323,0.0015378700499807767,0.1085121107266436,-0.044844290657439445,0.01574778931180315,-0.029773164167627833,0.03844675124951941,-0.01384083044982699,-0.0629911572472126,0.12456747404844293,0.04822760476739715,0.09842368319876971,-0.11374086889657825,-0.01574778931180315,-0.19986159169550174,-0.186082276047674,-0.29287197231833906,0.044844290657439445,-0.13016532103037293,0.06698961937716265,-0.0271280276816609,-11.625501230100168,-16.87175232634119,-8.85475348588811,-16.090882113299322,0.6605324149131775,-0.6183179616928101,-0.5260540246963501,0.5436874628067017,-0.5298298001289368,-0.5245839357376099,0.7971118092536926,-0.6839632987976074,-0.49553731083869934,0.848391592502594,-0.7348385453224182,-0.5501113533973694,766.3693237304688,0.11091592907905579
EXPB-024,113.643591,25.091044,-0.09356401384083046,-0.06698961937716265,0.14769703960015382,0.04822760476739715,0.01574778931180315,0.05536332179930796,-0.19986159169550174,0.07111111111111111,-0.1085121107266436,0.19986159169550174,0.024605920799692427,-0.04822760476739715,-0.2069357939254133,-0.10340638216070744,-0.022206843521722412,-0.07972318339100345,-0.15378700499807765,0.08882737408688965,-0.06698961937716265,-0.05911572472126105,-0.3839138792772011,0.2069357939254133,-0.1085121107266436,-0.1085121107266436,-0.0015378700499807767,0.2599000384467512,0.002214532871972318,-0.1085121107266436,0.024605920799692427,0.07972318339100345,-0.05536332179930796,0.024605920799692427,-0.041584006151480196,0.07535563244905807,-0.024605920799692427,0.12456747404844293,-0.07111111111111111,-0.03543252595155709,0.01384083044982699,0.008858131487889272,0.16633602460592078,0.16000000000000003,-0.13588619761630144,0.2364628988850442,0.03254133025759323,0.11909265667051133,0.07111111111111111,0.07535563244905807,0.09356401384083046,0.17279507881584008,-0.07535563244905807,0.05536332179930796,0.03254133025759323,0.12456747404844293,0.17279507881584008,-0.22145328719723184,-0.08882737408688965,-0.07972318339100345,-0.08882737408688965,-0.186082276047674,-0.09356401384083046,-0.24415224913494812,0.007443291041906958,0.08421376393694734,-6.752830318474452,-13.24502690173109,-7.44001085252118,-12.930387375657553,,,,,,,,,,,,,,
EXPB-025,109.610604,23.125081,-0.041584006151480196,-0.0629911572472126,0.14173010380622836,0.08882737408688965,-0.05536332179930796,0.11909265667051133,-0.11374086889657825,-0.01574778931180315,-0.07111111111111111,0.13016532103037293,0.07972318339100345,6.151480199923106e-05,-0.28444444444444444,-0.04822760476739715,-0.03543252595155709,-0.09356401384083046,-0.08882737408688965,0.07535563244905807,-0.13016532103037293,0.019930795847750864,-0.3188927335640138,0.2679584775086506,-0.11374086889657825,-0.11909265667051133,-0.07111111111111111,0.3014225297962323,0.004982698961937716,-0.11374086889657825,-0.003936947327950788,0.16000000000000003,0.14173010380622836,0.024605920799692427,-0.04822760476739715,0.10340638216070744,-0.017777777777777778,0.1929104190695886,-0.11909265667051133,0.01574778931180315,0.03844675124951941,0.008858131487889272,0.13588619761630144,0.06698961937716265,-0.041584006151480196,0.2679584775086506,0.03254133025759323,0.08421376393694734,0.09356401384083046,-0.019930795847750864,0.0271280276816609,0.07111111111111111,-0.07535563244905807,-0.003936947327950788,-0.029773164167627833,0.17279507881584008,0.2069357939254133,-0.24415224913494812,-0.13016532103037293,-0.010396001537870049,-0.041584006151480196,-0.11909265667051133,-0.09842368319876971,-0.21413302575932336,0.01574778931180315,0.07972318339100345,-10.750786294390526,-18.20882490390884,-8.80213855928669,-15.12097680505968,0.39061370491981506,-0.457434743642807,-0.5885222554206848,0.43852663040161133,-0.45299145579338074,-0.4535409212112427,0.534515917301178,-0.4825521409511566,-0.4436056911945343,0.5129566192626953,-0.4733961820602417,-0.4471752345561981,45.36015701293945,0.12756973505020142
EXPB-026,113.43898458402792,28.452519656974427,-0.04822760476739715,-0.012056901191849288,0.11909265667051133,-0.019930795847750864,0.024605920799692427,0.13016532103037293,-0.24415224913494812,0.0629911572472126,-0.05536332179930796,0.11374086889657825,-0.044844290657439445,-0.012056901191849288,-0.2761399461745483,-0.10340638216070744,-0.04822760476739715,-0.17279507881584008,-0.17279507881584008,0.13588619761630144,-0.13016532103037293,-0.05911572472126105,-0.2519646289888504,0.16000000000000003,-0.19986159169550174,-0.03254133025759323,-0.024605920799692427,0.16000000000000003,-0.09356401384083046,-0.19986159169550174,0.07972318339100345,0.14769703960015382,-0.05911572472126105,0.044844290657439445,0.024605920799692427,0.05536332179930796,-0.16000000000000003,0.19986159169550174,-0.08882737408688965,-0.06698961937716265,-0.007443291041906958,-0.041584006151480196,0.08421376393694734,0.17279507881584008,-0.022206843521722412,0.14769703960015382,0.08882737408688965,0.1929104190695886,0.12456747404844293,-0.003936947327950788,0.16000000000000003,0.05173394848135333,-0.03844675124951941,0.07111111111111111,0.05173394848135333,0.16000000000000003,0.06698961937716265,-0.17279507881584008,-0.14173010380622836,0.007443291041906958,-0.0629911572472126,-0.15378700499807765,-0.17279507881584008,-0.2599000384467512,0.07972318339100345,0.017777777777777778,-10.275754725497011,-16.359768151974944,-8.22846541846739,-14.876504600058308,0.34565049409866333,-0.4125252664089203,-0.5056103467941284,0.5507546663284302,-0.5259172916412354,-0.45697131752967834,0.7223381996154785,-0.6324511766433716,-0.5289269089698792,0.7945736646652222,-0.682107150554657,-0.5135510563850403,133.82579040527344,0.14511625468730927
EXPB-027,112.669098,27.825875,-0.05173394848135333,0.017777777777777778,0.14173010380622836,-0.044844290657439445,0.03254133025759323,0.14173010380622836,-0.09356401384083046,0.08882737408688965,-0.14769703960015382,0.13016532103037293,-0.010396001537870049,0.03543252595155709,-0.16000000000000003,-0.07111111111111111,-0.03543252595155709,-0.08882737408688965,-0.11374086889657825,0.19986159169550174,-0.1085121107266436,-0.008858131487889272,-0.15378700499807765,0.17279507881584008,-0.08421376393694734,-0.10340638216070744,0.007443291041906958,0.2761399461745483,-0.004982698961937716,-0.15378700499807765,0.06698961937716265,0.17937716262975778,-0.010396001537870049,-0.044844290657439445,0.006151480199923107,-0.019930795847750864,-0.0015378700499807767,0.09842368319876971,-0.186082276047674,-0.03543252595155709,0.08421376393694734,-0.07111111111111111,0.024605920799692427,0.07111111111111111,-0.10340638216070744,0.1085121107266436,0.0629911572472126,0.24415224913494812,0.11374086889657825,0.2288965782391388,0.2288965782391388,0.09356401384083046,0.022206843521722412,0.08882737408688965,-0.05536332179930796,0.07972318339100345,0.22145328719723184,-0.29287197231833906,-0.11374086889657825,-0.07111111111111111,0.04822760476739715,-0.15378700499807765,-0.15378700499807765,-0.2679584775086506,0.08421376393694734,0.05911572472126105,-2.0314003158828053,-11.150131802095265,-2.9464015527419614,-11.66663282855275,0.12838014960289001,-0.28567156195640564,-0.32789191603660583,0.18660935759544373,-0.311172217130661,-0.2878552973270416,0.3627062141895294,-0.44668588042259216,-0.46609625220298767,0.4357798099517822,-0.42650967836380005,-0.4742339849472046,45.86254119873047,0.10977911949157715
EXPB-028,110.41444685392592,24.92627284069166,-0.010396001537870049,0.029773164167627833,0.19986159169550174,-0.010396001537870049,0.03543252595155709,0.0629911572472126,-0.31009611687812383,0.07111111111111111,-0.03543252595155709,0.09842368319876971,-0.03844675124951941,-0.05911572472126105,-0.2288965782391388,0.017777777777777778,-0.07535563244905807,-0.16000000000000003,-0.09842368319876971,0.2519646289888504,-0.1929104190695886,-0.16633602460592078,-0.2599000384467512,0.24415224913494812,-0.14173010380622836,-0.12456747404844293,-0.09842368319876971,0.01574778931180315,-0.012056901191849288,-0.05911572472126105,-0.012056901191849288,0.16000000000000003,0.09356401384083046,0.0629911572472126,0.07535563244905807,0.11374086889657825,-0.24415224913494812,0.07972318339100345,-0.13588619761630144,-0.01384083044982699,-0.05536332179930796,0.09842368319876971,0.16633602460592078,0.09842368319876971,-0.0629911572472126,0.08882737408688965,-0.022206843521722412,0.14173010380622836,0.09356401384083046,0.12456747404844293,0.017777777777777778,-0.044844290657439445,0.044844290657439445,0.007443291041906958,0.14769703960015382,0.012056901191849288,0.08882737408688965,-0.09356401384083046,-0.14173010380622836,0.0271280276816609,-0.024605920799692427,-0.10340638216070744,-0.14173010380622836,-0.24415224913494812,0.16633602460592078,0.0629911572472126,-7.2396927727451885,-17.25664630545506,-6.2005996924569615,-13.903718807987127,0.35512256622314453,-0.42216357588768005,-0.543749988079071,0.7085137367248535,-0.6160145401954651,-0.5044040083885193,0.46064257621765137,-0.4835814833641052,-0.4988619387149811,0.6081288456916809,-0.6017823219299316,-0.5628842711448669,283.1002502441406,0.21974210441112518
EXPB-029,104.777488,25.672883,-0.0271280276816609,0.05911572472126105,0.03543252595155709,0.07972318339100345,0.022206843521722412,-0.09356401384083046,-0.186082276047674,0.10340638216070744,0.017777777777777778,0.11374086889657825,0.16633602460592078,-0.024605920799692427,-0.2288965782391388,-0.08421376393694734,-0.017777777777777778,-0.13016532103037293,-0.17937716262975778,0.029773164167627833,-0.2364628988850442,-0.16000000000000003,-0.2679584775086506,-0.012056901191849288,0.044844290657439445,-0.11909265667051133,0.044844290657439445,0.03844675124951941,0.05911572472126105,-0.09842368319876971,0.006151480199923107,0.14173010380622836,-0.07535563244905807,0.16633602460592078,0.19986159169550174,0.07535563244905807,-0.08882737408688965,-0.017777777777777778,-0.08882737408688965,-0.12456747404844293,-0.003936947327950788,-0.029773164167627833,-0.003014225297962322,0.07111111111111111,-0.16633602460592078,0.14173010380622836,0.0005536332179930795,0.012056901191849288,0.06698961937716265,0.01384083044982699,0.029773164167627833,0.05536332179930796,0.11374086889657825,-0.05911572472126105,0.07972318339100345,0.16633602460592078,0.05536332179930796,-0.24415224913494812,-0.04822760476739715,-0.16000000000000003,-0.2288965782391388,-0.37425605536332185,-0.16633602460592078,-0.186082276047674,0.006151480199923107,-0.03844675124951941,-10.498611641773241,-17.34793932878228,-12.781748803897312,-18.316158999899244,0.5419651865959167,-0.6018075346946716,-0.6648019552230835,0.7631120085716248,-0.647530734539032,-0.48639270663261414,0.861307680606842,-0.7296159863471985,-0.5709515810012817,0.6845683455467224,-0.6531020402908325,-0.5927956104278564,1955.7861328125,0.26218023896217346
EXPB-030,112.783634,28.792821,-0.10340638216070744,-0.09356401384083046,-0.01574778931180315,0.16633602460592078,0.08882737408688965,0.13588619761630144,-0.1085121107266436,0.14769703960015382,-0.05536332179930796,0.16633602460592078,0.006151480199923107,0.04822760476739715,-0.186082276047674,-0.07972318339100345,-0.006151480199923107,-0.16633602460592078,-0.2761399461745483,0.12456747404844293,-0.09356401384083046,-0.11909265667051133,-0.2679584775086506,0.15378700499807765,-0.16633602460592078,0.09356401384083046,0.12456747404844293,0.17937716262975778,0.003936947327950788,-0.08882737408688965,0.0629911572472126,0.05911572472126105,-0.029773164167627833,0.03254133025759323,-0.03254133025759323,0.007443291041906958,-0.07111111111111111,0.2069357939254133,-0.06698961937716265,-0.022206843521722412,0.0629911572472126,0.0271280276816609,0.21413302575932336,0.03254133025759323,-0.05173394848135333,-0.03844675124951941,0.09356401384083046,0.10340638216070744,0.186082276047674,-0.024605920799692427,0.1085121107266436,0.15378700499807765,-0.06698961937716265,0.19986159169550174,0.022206843521722412,0.08421376393694734,0.08882737408688965,-0.17937716262975778,-0.13588619761630144,-0.14769703960015382,-0.11374086889657825,-0.13016532103037293,-0.13588619761630144,-0.24415224913494812,0.186082276047674,0.10340638216070744,-10.302472511000122,-17.15857597734027,-7.40358263016219,-12.854059209256372,0.40832486748695374,-0.4928971230983734,-0.6292099356651306,0.773624062538147,-0.6120811700820923,-0.48880597949028015,0.5610570311546326,-0.5502762198448181,-0.5424395799636841,0.6383174657821655,-0.5694117546081543,-0.5524304509162903,26.151323318481445,0.028971422463655472
EXPB-031,102.902076,24.95468,0.11374086889657825,-0.08882737408688965,0.05911572472126105,0.05173394848135333,0.11374086889657825,-0.21413302575932336,0.0015378700499807767,-0.022206843521722412,-0.3188927335640138,0.13016532103037293,0.05173394848135333,-0.05173394848135333,-0.16000000000000003,-0.05536332179930796,-0.2519646289888504,-0.2364628988850442,0.0629911572472126,0.08882737408688965,0.05911572472126105,-0.008858131487889272,-0.003936947327950788,0.11374086889657825,0.05173394848135333,-0.041584006151480196,-0.05536332179930796,0.004982698961937716,0.06698961937716265,0.029773164167627833,-0.007443291041906958,-0.08421376393694734,0.10340638216070744,0.08421376393694734,-0.01574778931180315,0.01574778931180315,0.1085121107266436,-0.14769703960015382,-0.2599000384467512,-0.10340638216070744,0.019930795847750864,-0.07535563244905807,-0.022206843521722412,-0.07535563244905807,-0.16000000000000003,0.06698961937716265,-0.019930795847750864,0.2364628988850442,-0.029773164167627833,0.09842368319876971,-0.041584006151480196,-0.08421376393694734,0.022206843521722412,0.13016532103037293,-0.01574778931180315,0.07535563244905807,0.11374086889657825,-0.3188927335640138,-0.044844290657439445,-0.11909265667051133,-0.10340638216070744,-0.40359861591695495,-0.022206843521722412,-0.11374086889657825,-0.03844675124951941,-0.05911572472126105,-0.23178245597998215,-9.097576754065472,3.219889027527839,-5.973022651034475,0.033996935933828354,-0.04326328635215759,-0.17108434438705444,0.04961636662483215,-0.0555555559694767,-0.22351448237895966,0.016738196834921837,-0.032468948513269424,-0.24758514761924744,0.06656841188669205,-0.07368941605091095,-0.13256917893886566,2049.58642578125,0.18647928535938263
EXPB-032,104.752156,26.812036,-0.024605920799692427,0.03543252595155709,0.14173010380622836,-0.05173394848135333,-0.08421376393694734,-0.05173394848135333,-0.11374086889657825,0.13588619761630144,-0.044844290657439445,0.11374086889657825,-0.00024605920799692423,-0.2288965782391388,-0.1929104190695886,0.019930795847750864,-0.16633602460592078,-0.15378700499807765,-0.186082276047674,0.186082276047674,-0.19986159169550174,-0.2364628988850442,-0.16000000000000003,0.16633602460592078,-0.03543252595155709,-0.13016532103037293,-0.03543252595155709,-0.09356401384083046,0.024605920799692427,-0.012056901191849288,-0.0005536332179930795,0.13016532103037293,0.003936947327950788,0.012056901191849288,0.03543252595155709,0.2761399461745483,-0.16633602460592078,-0.1085121107266436,-0.03254133025759323,-0.0271280276816609,-0.11909265667051133,-0.08421376393694734,0.003936947327950788,0.11909265667051133,-0.2364628988850442,-0.0271280276816609,-0.044844290657439445,0.05911572472126105,0.044844290657439445,0.1929104190695886,-0.03543252595155709,-0.07972318339100345,0.11374086889657825,-0.0271280276816609,0.16633602460592078,0.13588619761630144,0.08421376393694734,-0.15378700499807765,-0.0629911572472126,-0.029773164167627833,-0.16633602460592078,-0.21413302575932336,-0.14769703960015382,-0.2519646289888504,0.0015378700499807767,0.05536332179930796,-4.599676562085943,-11.921156518928058,-5.915256879449951,-12.941569627400023,0.34230688214302063,-0.4517357349395752,-0.5920000076293945,0.5441137552261353,-0.5254325270652771,-0.475862056016922,0.729914128780365,-0.6444863080978394,-0.4863966107368469,0.5920680165290833,-0.5512006878852844,-0.5207780599594116,2341.060546875,0.0852222591638565
EXPB-033,105.007098,25.846168,-0.008858131487889272,0.07535563244905807,0.05911572472126105,0.08421376393694734,0.044844290657439445,-0.044844290657439445,-0.16000000000000003,0.10340638216070744,0.01384083044982699,0.15378700499807765,0.14769703960015382,-0.07111111111111111,-0.2288965782391388,-0.0271280276816609,-0.03844675124951941,-0.09356401384083046,-0.12456747404844293,0.05173394848135333,-0.13016532103037293,-0.2761399461745483,-0.2761399461745483,0.05173394848135333,0.003936947327950788,-0.17279507881584008,0.012056901191849288,0.08421376393694734,0.029773164167627833,-0.07972318339100345,0.03844675124951941,0.09356401384083046,-0.09842368319876971,0.15378700499807765,0.11374086889657825,0.17279507881584008,-0.0629911572472126,-0.024605920799692427,-0.13588619761630144,-0.004982698961937716,-0.08421376393694734,-0.07535563244905807,0.08421376393694734,0.08421376393694734,-0.15378700499807765,0.15378700499807765,-0.03543252595155709,-0.006151480199923107,-0.006151480199923107,0.11374086889657825,0.09356401384083046,0.05911572472126105,0.044844290657439445,-0.07111111111111111,0.08882737408688965,0.2364628988850442,0.04822760476739715,-0.2599000384467512,-0.04822760476739715,-0.09842368319876971,-0.14769703960015382,-0.36472126105344094,-0.12456747404844293,-0.24415224913494812,0.07535563244905807,0.04822760476739715,-8.706434290689566,-13.149011569224388,-5.103034117144881,-13.09267887834272,0.5853187441825867,-0.5909531712532043,-0.6395216584205627,0.7592814564704895,-0.629054605960846,-0.509530782699585,0.8428996205329895,-0.705546498298645,-0.52987140417099,0.791722297668457,-0.692307710647583,-0.5644801259040833,1667.6385498046875,0.33392462134361267
EXPB-034,105.294379,26.644411,0.017777777777777778,0.03254133025759323,0.07111111111111111,0.0629911572472126,0.09356401384083046,-0.08421376393694734,-0.1929104190695886,0.11374086889657825,-0.024605920799692427,0.1929104190695886,0.07972318339100345,-0.07535563244905807,-0.2519646289888504,-0.019930795847750864,-0.19986159169550174,-0.19986159169550174,-0.16633602460592078,0.05911572472126105,-0.2288965782391388,-0.07972318339100345,-0.22145328719723184,0.1085121107266436,-0.0629911572472126,-0.12456747404844293,0.01574778931180315,-0.12456747404844293,0.003014225297962322,-0.09842368319876971,-0.1085121107266436,0.11909265667051133,-0.09356401384083046,0.07111111111111111,0.044844290657439445,0.09356401384083046,-0.2069357939254133,0.008858131487889272,-0.13016532103037293,-0.14769703960015382,-0.1085121107266436,-0.03844675124951941,0.003936947327950788,0.11909265667051133,-0.15378700499807765,0.07972318339100345,-0.05173394848135333,0.08421376393694734,0.09842368319876971,-0.04822760476739715,0.022206843521722412,0.012056901191849288,0.03543252595155709,-0.07535563244905807,0.17937716262975778,0.11909265667051133,-0.017777777777777778,-0.2069357939254133,-0.09842368319876971,-0.07535563244905807,-0.2364628988850442,-0.3188927335640138,-0.16000000000000003,-0.15378700499807765,-0.05536332179930796,0.008858131487889272,-10.895015474641843,-16.069179255560286,-11.90566846858603,-16.33801226628455,0.4973031282424927,-0.5613048076629639,-0.686242938041687,0.6314984560012817,-0.5784023404121399,-0.5676905512809753,0.8212631344795227,-0.6786420941352844,-0.5017759203910828,0.7837495803833008,-0.6811680793762207,-0.5930785536766052,1994.916748046875,0.14847861230373383
EXPB-035,110.069823,23.55762,0.0271280276816609,-0.003936947327950788,0.21413302575932336,0.029773164167627833,0.010396001537870049,0.16000000000000003,-0.05911572472126105,-0.05536332179930796,-0.10340638216070744,0.24415224913494812,-0.003014225297962322,-0.003014225297962322,-0.1929104190695886,0.0629911572472126,-0.029773164167627833,-0.07535563244905807,-0.08421376393694734,0.11374086889657825,-0.11909265667051133,-0.06698961937716265,-0.28444444444444444,0.2599000384467512,-0.11909265667051133,-0.14769703960015382,-0.11909265667051133,0.14769703960015382,-0.01574778931180315,0.019930795847750864,0.024605920799692427,0.04822760476739715,0.1929104190695886,-0.01384083044982699,0.008858131487889272,0.07972318339100345,-0.06698961937716265,0.2679584775086506,-0.10340638216070744,-0.03543252595155709,-0.05911572472126105,0.05536332179930796,0.1929104190695886,0.08421376393694734,-0.07972318339100345,0.2679584775086506,0.01384083044982699,0.14769703960015382,0.06698961937716265,-0.003936947327950788,-0.019930795847750864,-0.010396001537870049,-0.022206843521722412,0.0005536332179930795,0.01574778931180315,0.024605920799692427,0.24415224913494812,-0.17279507881584008,-0.11909265667051133,0.08421376393694734,-0.05173394848135333,-0.19986159169550174,-0.1085121107266436,-0.2679584775086506,0.08882737408688965,0.05536332179930796,-8.509479768747523,-15.488832628436223,-8.432315366087431,-14.914711065711545,,,,,,,,,,,,,,
EXPB-036,109.19462452962004,24.872194260587666,-0.06698961937716265,-0.017777777777777778,0.07535563244905807,-0.017777777777777778,-0.0629911572472126,0.14769703960015382,-0.15378700499807765,0.07535563244905807,0.000984236831987697,0.17937716262975778,0.04822760476739715,0.07111111111111111,-0.21413302575932336,-0.010396001537870049,0.0271280276816609,-0.04822760476739715,-0.19986159169550174,0.044844290657439445,-0.15378700499807765,0.024605920799692427,-0.29287197231833906,0.2069357939254133,-0.14173010380622836,-0.10340638216070744,-0.07972318339100345,0.15378700499807765,-0.07535563244905807,-0.16633602460592078,0.006151480199923107,0.17937716262975778,0.05173394848135333,0.003014225297962322,-0.007443291041906958,0.044844290657439445,-0.16000000000000003,0.24415224913494812,-0.05173394848135333,-0.07535563244905807,0.05536332179930796,0.041584006151480196,0.12456747404844293,0.16633602460592078,-0.041584006151480196,0.21413302575932336,-0.05173394848135333,0.10340638216070744,0.22145328719723184,-0.05911572472126105,0.03254133025759323,0.08882737408688965,0.024605920799692427,-0.05536332179930796,0.017777777777777778,0.041584006151480196,0.13588619761630144,-0.13588619761630144,-0.15378700499807765,-0.07535563244905807,-0.08882737408688965,-0.2761399461745483,-0.13016532103037293,-0.2761399461745483,0.004982698961937716,-0.01384083044982699,-9.255909446670715,-19.119277177665012,-14.02333783857877,-15.16249997016676,0.3736205995082855,-0.46469929814338684,-0.550572395324707,0.48591065406799316,-0.5024322271347046,-0.5741897225379944,0.6992685198783875,-0.5766717195510864,-0.48311847448349,0.657622754573822,-0.6133291125297546,-0.5463765263557434,107.11207580566406,0.07590702176094055
EXPB-037,113.672966,24.02142,-0.10340638216070744,0.00024605920799692423,0.16000000000000003,-0.01574778931180315,0.029773164167627833,0.2288965782391388,-0.1085121107266436,0.029773164167627833,-0.21413302575932336,0.29287197231833906,-0.07535563244905807,-0.03844675124951941,-0.1929104190695886,0.05911572472126105,-0.019930795847750864,-0.029773164167627833,-0.09356401384083046,0.03254133025759323,-0.05911572472126105,-0.044844290657439445,-0.2599000384467512,0.13588619761630144,-0.1929104190695886,-0.11374086889657825,-0.07972318339100345,0.17937716262975778,-0.05536332179930796,-0.0271280276816609,-0.029773164167627833,0.0271280276816609,0.05536332179930796,0.004982698961937716,-0.017777777777777778,0.024605920799692427,-0.004982698961937716,0.24415224913494812,-0.07972318339100345,-0.044844290657439445,-0.11374086889657825,0.10340638216070744,0.07111111111111111,0.09842368319876971,-0.09356401384083046,0.2288965782391388,0.03543252595155709,0.2364628988850442,0.11374086889657825,0.017777777777777778,0.09842368319876971,-0.0015378700499807767,0.024605920799692427,0.05536332179930796,0.019930795847750864,0.041584006151480196,0.22145328719723184,-0.24415224913494812,-0.12456747404844293,0.07535563244905807,0.0015378700499807767,-0.2069357939254133,-0.17937716262975778,-0.2288965782391388,0.07535563244905807,0.017777777777777778,-11.302570654374968,-16.468061063392533,-9.608988048372083,-14.242654736490795,0.30000001192092896,-0.2964513301849365,-0.07699653506278992,0.3272467851638794,-0.3698468804359436,-0.2060842216014862,0.38526880741119385,-0.3316858410835266,-0.18104015290737152,0.3819386959075928,-0.3522496819496155,-0.19678311049938202,101.40665435791016,0.18225716054439545
EXPB-038,103.234093,26.564371,0.11374086889657825,-0.07111111111111111,0.06698961937716265,-0.022206843521722412,-0.07535563244905807,-0.05911572472126105,-0.186082276047674,0.1085121107266436,0.1085121107266436,0.14769703960015382,0.03543252595155709,-0.022206843521722412,-0.09356401384083046,0.017777777777777778,-0.00024605920799692423,-0.044844290657439445,-0.11909265667051133,-0.06698961937716265,-0.03844675124951941,-0.3278123798539023,-0.17937716262975778,-0.2288965782391388,0.17279507881584008,-0.16000000000000003,-0.05536332179930796,0.1085121107266436,-0.03844675124951941,-0.003936947327950788,0.05911572472126105,0.15378700499807765,-0.022206843521722412,0.16000000000000003,0.041584006151480196,0.07972318339100345,-0.11374086889657825,-0.003014225297962322,-0.10340638216070744,-0.14769703960015382,0.05173394848135333,0.08421376393694734,0.07972318339100345,0.08882737408688965,-0.1929104190695886,0.024605920799692427,-0.08882737408688965,-0.019930795847750864,-0.28444444444444444,0.13016532103037293,-0.05911572472126105,-0.017777777777777778,0.11374086889657825,-0.029773164167627833,0.03543252595155709,0.15378700499807765,-0.041584006151480196,-0.2679584775086506,0.044844290657439445,0.0271280276816609,-0.2761399461745483,-0.3014225297962323,0.024605920799692427,-0.0629911572472126,-0.15378700499807765,0.07972318339100345,-10.597679867986196,-15.848793392402733,-11.683863382641423,-15.50210040341021,0.8050023913383484,-0.7058115005493164,-0.48995041847229004,0.7041942477226257,-0.6072171926498413,-0.4426390826702118,0.8092182278633118,-0.6762162446975708,-0.37539103627204895,0.8435114622116089,-0.7108700275421143,-0.35186102986335754,2986.844970703125,0.0737973228096962
EXPB-039,109.748586,23.120769,-0.07535563244905807,-0.16000000000000003,0.186082276047674,0.05173394848135333,-0.11374086889657825,0.06698961937716265,-0.08882737408688965,-0.11909265667051133,-0.19986159169550174,0.17937716262975778,0.13016532103037293,0.01574778931180315,-0.17937716262975778,-0.03543252595155709,-0.1085121107266436,-0.008858131487889272,-0.09356401384083046,0.024605920799692427,-0.12456747404844293,-0.07972318339100345,-0.21413302575932336,0.28444444444444444,-0.13588619761630144,-0.044844290657439445,-0.17937716262975778,0.22145328719723184,-0.03844675124951941,0.05173394848135333,0.004982698961937716,0.07535563244905807,0.19986159169550174,-0.044844290657439445,-0.0015378700499807767,0.0629911572472126,0.010396001537870049,0.2679584775086506,-0.16000000000000003,-0.05536332179930796,-0.010396001537870049,0.11909265667051133,0.08882737408688965,0.07111111111111111,-0.07111111111111111,0.16000000000000003,-0.0629911572472126,0.13588619761630144,0.16000000000000003,0.029773164167627833,-0.010396001537870049,-0.07972318339100345,-0.03254133025759323,0.08882737408688965,-0.10340638216070744,0.04822760476739715,0.16633602460592078,-0.29287197231833906,-0.07111111111111111,0.019930795847750864,0.000984236831987697,-0.11909265667051133,-0.07535563244905807,-0.2069357939254133,0.14173010380622836,-0.029773164167627833,-11.151980438527847,-14.690143147596588,-8.961843924515893,-15.433726991095554,0.31806010007858276,-0.361819863319397,-0.4408833682537079,0.29131174087524414,-0.2477366328239441,-0.3928927183151245,0.40925267338752747,-0.4012738764286041,-0.514211893081665,0.09882821142673492,-0.22233152389526367,-0.2781645953655243,42.39291000366211,0.12756973505020142
EXPB-040,112.445148,28.821118,-0.07111111111111111,-0.08882737408688965,0.05536332179930796,0.13588619761630144,0.01574778931180315,0.09842368319876971,-0.186082276047674,0.16000000000000003,-0.15378700499807765,0.15378700499807765,0.05173394848135333,0.0005536332179930795,-0.16000000000000003,-0.10340638216070744,-0.07111111111111111,-0.12456747404844293,-0.2679584775086506,0.10340638216070744,-0.13588619761630144,-0.041584006151480196,-0.3553094963475586,0.13588619761630144,-0.14173010380622836,0.12456747404844293,0.041584006151480196,0.22145328719723184,0.01574778931180315,-0.13588619761630144,-0.006151480199923107,0.14769703960015382,-0.13588619761630144,0.0629911572472126,-0.03543252595155709,0.044844290657439445,-0.03844675124951941,0.17279507881584008,-0.06698961937716265,-0.024605920799692427,0.041584006151480196,-0.004982698961937716,0.17279507881584008,0.09356401384083046,-0.07111111111111111,0.010396001537870049,0.07535563244905807,0.16633602460592078,0.11909265667051133,-0.041584006151480196,0.12456747404844293,0.12456747404844293,-0.12456747404844293,0.21413302575932336,0.012056901191849288,0.09356401384083046,0.03254133025759323,-0.16000000000000003,-0.10340638216070744,-0.07535563244905807,-0.05911572472126105,-0.044844290657439445,-0.2069357939254133,-0.15378700499807765,0.17937716262975778,0.10340638216070744,-9.712021672785449,-15.793538461683783,-9.321454267197403,-14.831858628560223,0.2956552505493164,-0.3411334455013275,-0.47911548614501953,0.6640644669532776,-0.6081771850585938,-0.4938698410987854,0.7196071147918701,-0.6034257411956787,-0.4953072965145111,0.6862638592720032,-0.5934459567070007,-0.5130327939987183,29.66880989074707,0.028971422463655472
EXPB-041,103.177769,26.349314,-0.044844290657439445,-0.07111111111111111,0.21413302575932336,-0.09842368319876971,-0.0629911572472126,-0.05911572472126105,-0.024605920799692427,0.13588619761630144,-0.1085121107266436,-0.006151480199923107,0.13588619761630144,-0.01574778931180315,-0.2288965782391388,-0.008858131487889272,0.14173010380622836,-0.05536332179930796,-0.16633602460592078,0.019930795847750864,-0.19986159169550174,-0.2288965782391388,-0.08882737408688965,0.041584006151480196,0.2761399461745483,-0.17279507881584008,-0.03543252595155709,0.0629911572472126,0.09842368319876971,-0.041584006151480196,-0.06698961937716265,0.14769703960015382,-0.003936947327950788,0.15378700499807765,0.11374086889657825,-0.04822760476739715,-0.010396001537870049,-0.11909265667051133,-0.024605920799692427,-0.007443291041906958,0.05536332179930796,-0.006151480199923107,0.041584006151480196,0.007443291041906958,-0.2519646289888504,0.14173010380622836,0.05911572472126105,0.10340638216070744,0.1085121107266436,0.06698961937716265,-0.05536332179930796,-0.041584006151480196,0.11909265667051133,0.12456747404844293,-0.03844675124951941,0.10340638216070744,0.15378700499807765,-0.13588619761630144,-0.08421376393694734,-0.07972318339100345,-0.29287197231833906,-0.3278123798539023,0.01384083044982699,-0.19986159169550174,0.004982698961937716,-0.12456747404844293,-12.640870861862483,-18.557773117865374,-8.244628925250684,-14.956999838427837,0.7969686388969421,-0.7536979913711548,-0.6395368576049805,0.3079507350921631,-0.43724364042282104,-0.4826546013355255,0.6276136636734009,-0.5965273976325989,-0.483180433511734,0.4635902941226959,-0.5284122824668884,-0.47947731614112854,2012.77490234375,0.0737973228096962
EXPB-042,111.68170022523331,25.271585235907203,0.044844290657439445,0.07972318339100345,-0.029773164167627833,0.16633602460592078,0.041584006151480196,-0.03844675124951941,-0.2364628988850442,0.12456747404844293,0.10340638216070744,0.07111111111111111,0.17279507881584008,0.13016532103037293,-0.24415224913494812,-0.01574778931180315,-0.14769703960015382,-0.05173394848135333,-0.09356401384083046,-0.017777777777777778,-0.33685505574778934,-0.14769703960015382,-0.16633602460592078,-0.13588619761630144,-0.029773164167627833,-0.10340638216070744,0.08882737408688965,0.13588619761630144,-0.07972318339100345,-0.13588619761630144,-0.05536332179930796,0.3014225297962323,0.0015378700499807767,0.2069357939254133,0.186082276047674,0.08421376393694734,-0.13016532103037293,0.05173394848135333,-0.2519646289888504,-0.05173394848135333,0.04822760476739715,0.007443291041906958,0.0629911572472126,0.05536332179930796,0.04822760476739715,0.09356401384083046,0.03844675124951941,-0.010396001537870049,0.008858131487889272,0.13016532103037293,0.1085121107266436,0.04822760476739715,0.0271280276816609,-0.10340638216070744,0.04822760476739715,0.19986159169550174,0.05536332179930796,-0.186082276047674,-0.10340638216070744,-0.07535563244905807,-0.044844290657439445,-0.11909265667051133,-0.17279507881584008,-0.0629911572472126,0.044844290657439445,0.12456747404844293,-11.213715679499852,-19.803259427442395,-13.12681258328115,-20.7073471460181,0.5127175450325012,-0.5586206912994385,-0.5299877524375916,0.8954429030418396,-0.7212468385696411,-0.49578744173049927,0.7793119549751282,-0.647560179233551,-0.4515005946159363,0.6442687511444092,-0.625635027885437,-0.5816593766212463,953.14306640625,0.14849264919757843
EXPB-043,111.095519,28.372949,0.05536332179930796,0.010396001537870049,0.16000000000000003,-0.007443291041906958,0.07972318339100345,0.08421376393694734,-0.17937716262975778,-0.019930795847750864,-0.17279507881584008,0.16633602460592078,0.07535563244905807,0.07111111111111111,-0.2288965782391388,0.007443291041906958,-0.17279507881584008,-0.2519646289888504,0.019930795847750864,0.14173010380622836,-0.16633602460592078,0.06698961937716265,-0.12456747404844293,0.08882737408688965,-0.07972318339100345,-0.13016532103037293,-0.14173010380622836,0.06698961937716265,-0.11374086889657825,-0.07535563244905807,0.04822760476739715,0.1085121107266436,0.11374086889657825,0.03254133025759323,0.14769703960015382,-0.05173394848135333,-0.14769703960015382,0.16000000000000003,-0.28444444444444444,-0.13016532103037293,0.04822760476739715,0.05911572472126105,0.000984236831987697,0.13016532103037293,-0.05173394848135333,0.06698961937716265,-0.010396001537870049,0.21413302575932336,0.10340638216070744,0.11374086889657825,0.09842368319876971,-0.003014225297962322,-0.0015378700499807767,0.0629911572472126,0.003014225297962322,0.07972318339100345,0.15378700499807765,-0.2599000384467512,-0.16000000000000003,-0.041584006151480196,-0.04822760476739715,-0.1929104190695886,-0.14769703960015382,-0.2599000384467512,0.07111111111111111,0.029773164167627833,-7.857622774904293,-13.101922427630164,-8.185932187004177,-16.85721675693163,0.1995043307542801,-0.28042328357696533,-0.3866967260837555,0.12901271879673004,-0.23117569088935852,-0.2817031741142273,0.18957871198654175,-0.23831506073474884,-0.32601481676101685,0.19184289872646332,-0.2654370367527008,-0.31127819418907166,205.9617462158203,0.15118606388568878
EXPB-044,104.087852,25.925938,-0.05536332179930796,-0.08421376393694734,0.2069357939254133,-0.11909265667051133,-0.11909265667051133,-0.041584006151480196,-0.11374086889657825,0.11909265667051133,-0.017777777777777778,0.041584006151480196,0.11909265667051133,-0.07111111111111111,-0.1929104190695886,0.08882737408688965,-0.05173394848135333,-0.03254133025759323,-0.2288965782391388,0.041584006151480196,-0.14769703960015382,-0.2288965782391388,-0.1929104190695886,0.17937716262975778,0.186082276047674,-0.08421376393694734,-0.12456747404844293,-0.12456747404844293,-0.012056901191849288,0.03543252595155709,-0.041584006151480196,0.03844675124951941,0.024605920799692427,-0.01574778931180315,-0.01574778931180315,0.08421376393694734,-0.07972318339100345,-0.1085121107266436,0.0629911572472126,0.06698961937716265,0.04822760476739715,0.07535563244905807,-0.05173394848135333,0.08421376393694734,-0.16000000000000003,0.0629911572472126,-0.08421376393694734,0.03543252595155709,0.0629911572472126,0.0629911572472126,-0.08421376393694734,-0.16633602460592078,0.17279507881584008,0.16633602460592078,0.17279507881584008,0.1085121107266436,0.11374086889657825,-0.03844675124951941,-0.007443291041906958,-0.08882737408688965,-0.33685505574778934,-0.3188927335640138,-0.16633602460592078,-0.21413302575932336,0.012056901191849288,0.019930795847750864,-12.46239938026986,-18.01735106262387,-9.060707630742264,-17.36677578523747,0.2262619137763977,-0.42085888981819153,-0.5061039328575134,0.16468195617198944,-0.35978296399116516,-0.398917555809021,0.6990678906440735,-0.6107721328735352,-0.385994017124176,0.3900490403175354,-0.542937159538269,-0.4917834401130676,2114.183837890625,0.26218023896217346
EXPB-045,103.406839,24.8264,0.010396001537870049,-0.2069357939254133,0.029773164167627833,0.08882737408688965,-0.01384083044982699,0.01384083044982699,-0.03543252595155709,0.0629911572472126,0.01384083044982699,0.029773164167627833,0.2761399461745483,-0.07111111111111111,-0.11374086889657825,-0.07535563244905807,0.06698961937716265,0.003936947327950788,-0.024605920799692427,-0.13588619761630144,-0.09356401384083046,-0.186082276047674,0.029773164167627833,0.07535563244905807,0.1085121107266436,0.0629911572472126,-0.3014225297962323,-0.15378700499807765,0.07972318339100345,-0.16000000000000003,0.08882737408688965,0.11909265667051133,-0.19986159169550174,0.14173010380622836,0.019930795847750864,-0.06698961937716265,-0.07535563244905807,0.03543252595155709,0.07972318339100345,-0.13016532103037293,0.03543252595155709,0.14173010380622836,-0.07111111111111111,-0.11374086889657825,0.03254133025759323,0.03543252595155709,-0.22145328719723184,0.14769703960015382,-0.15378700499807765,0.17937716262975778,-0.19986159169550174,-0.1929104190695886,0.03543252595155709,0.17279507881584008,-0.12456747404844293,0.05536332179930796,0.07535563244905807,-0.1085121107266436,-0.15378700499807765,0.008858131487889272,-0.10340638216070744,-0.2599000384467512,-0.022206843521722412,-0.14769703960015382,0.14769703960015382,0.16633602460592078,-20.19660891267538,-27.19199822979259,-20.307055108851785,-25.656242096552766,-0.24418604373931885,0.5264116525650024,0.2526158392429352,-0.140625,0.3243243098258972,-0.14546175301074982,-0.13152028620243073,0.30129125714302063,0.20291776955127716,0.04154302552342415,0.09390126168727875,0.07346421480178833,1888.0,0.37406593561172485
EXPB-046,110.15429474764493,25.48179101239117,-0.1085121107266436,-0.1085121107266436,0.09356401384083046,0.024605920799692427,0.05911572472126105,0.22145328719723184,-0.2288965782391388,0.05536332179930796,0.024605920799692427,0.2519646289888504,0.08882737408688965,-0.0271280276816609,-0.15378700499807765,-0.044844290657439445,0.03844675124951941,-0.11909265667051133,-0.186082276047674,0.06698961937716265,-0.08882737408688965,-0.04822760476739715,-0.2519646289888504,0.15378700499807765,-0.2069357939254133,-0.03844675124951941,-0.008858131487889272,0.16633602460592078,-0.01384083044982699,-0.17279507881584008,-0.03844675124951941,0.10340638216070744,-0.03254133025759323,0.07535563244905807,-0.07111111111111111,-0.007443291041906958,-0.28444444444444444,0.2364628988850442,-0.08421376393694734,-0.022206843521722412,0.186082276047674,0.11374086889657825,0.2069357939254133,0.09356401384083046,-0.07111111111111111,0.14769703960015382,0.022206843521722412,0.029773164167627833,0.13016532103037293,0.019930795847750864,0.019930795847750864,0.07972318339100345,0.01384083044982699,0.08421376393694734,0.041584006151480196,0.1085121107266436,0.1085121107266436,-0.07972318339100345,-0.186082276047674,-0.008858131487889272,-0.09356401384083046,-0.24415224913494812,-0.13016532103037293,-0.10340638216070744,0.10340638216070744,0.08882737408688965,-12.885420456551971,-19.88341780618024,-12.553717913229313,-16.02081406137725,0.37559428811073303,-0.47933530807495117,-0.5976292490959167,0.5989178419113159,-0.5256534218788147,-0.4929285943508148,0.5542291402816772,-0.5160465836524963,-0.4865923523902893,0.5291341543197632,-0.5678392052650452,-0.5968049764633179,221.0,0.17958465218544006
EXPB-047,111.913166,27.79111,-0.01384083044982699,-0.004982698961937716,0.1929104190695886,-0.07535563244905807,0.05911572472126105,0.24415224913494812,-0.2364628988850442,0.041584006151480196,-0.08421376393694734,0.12456747404844293,0.07535563244905807,0.04822760476739715,-0.2679584775086506,-0.010396001537870049,-0.05911572472126105,-0.16000000000000003,-0.17279507881584008,0.041584006151480196,-0.13016532103037293,0.019930795847750864,-0.17279507881584008,0.14173010380622836,-0.14173010380622836,-0.13588619761630144,-0.07972318339100345,0.05173394848135333,-0.09356401384083046,-0.09356401384083046,-0.03254133025759323,0.16000000000000003,0.10340638216070744,-0.010396001537870049,0.0629911572472126,0.06698961937716265,-0.2288965782391388,0.24415224913494812,-0.16633602460592078,-0.06698961937716265,0.01384083044982699,0.09356401384083046,-0.002214532871972318,0.16000000000000003,-0.01574778931180315,0.11909265667051133,0.04822760476739715,0.2069357939254133,0.17937716262975778,0.03844675124951941,0.04822760476739715,-0.0271280276816609,0.017777777777777778,0.044844290657439445,-0.000984236831987697,0.05173394848135333,0.06698961937716265,-0.17937716262975778,-0.17937716262975778,0.041584006151480196,-0.044844290657439445,-0.1929104190695886,-0.19986159169550174,-0.24415224913494812,0.0629911572472126,0.0629911572472126,-9.626049508497434,-21.89455676500184,-10.425176104636787,-17.837835572807883,0.37038227915763855,-0.4387858211994171,-0.5079834461212158,0.5400274991989136,-0.5040301084518433,-0.4387351870536804,0.5458399653434753,-0.4932172894477844,-0.450152724981308,0.5090709328651428,-0.4865962564945221,-0.47406381368637085,128.45188903808594,0.2710534632205963
EXPB-048,103.689808,26.338804,0.03254133025759323,-0.05536332179930796,0.17279507881584008,-0.186082276047674,-0.08882737408688965,-0.0271280276816609,-0.06698961937716265,0.03543252595155709,-0.003014225297962322,0.010396001537870049,0.1929104190695886,0.07972318339100345,-0.24415224913494812,0.07111111111111111,0.01574778931180315,-0.017777777777777778,-0.2288965782391388,-0.041584006151480196,-0.1085121107266436,-0.22145328719723184,-0.12456747404844293,0.17279507881584008,0.14173010380622836,-0.03844675124951941,-0.2069357939254133,-0.12456747404844293,-0.07111111111111111,-0.01574778931180315,-0.022206843521722412,0.019930795847750864,0.04822760476739715,-0.002214532871972318,0.03844675124951941,0.041584006151480196,-0.012056901191849288,0.01574778931180315,-0.11374086889657825,0.017777777777777778,0.09842368319876971,-0.008858131487889272,-0.09356401384083046,0.11374086889657825,-0.14173010380622836,0.03543252595155709,-0.09356401384083046,0.11374086889657825,0.19986159169550174,0.012056901191849288,-0.09356401384083046,-0.09842368319876971,0.13588619761630144,0.11374086889657825,-0.03254133025759323,0.1085121107266436,0.1085121107266436,-0.16000000000000003,-0.08882737408688965,-0.15378700499807765,-0.2761399461745483,-0.39369473279507883,-0.07972318339100345,-0.2288965782391388,0.05911572472126105,-0.019930795847750864,-10.701304309423064,-22.74689822576687,-7.68117260432367,-16.18639433435554,0.1557483673095703,-0.3661538362503052,-0.5052041411399841,0.08070175349712372,-0.33228468894958496,-0.43821340799331665,0.35732322931289673,-0.47766321897506714,-0.44626593589782715,0.46657082438468933,-0.5275177955627441,-0.49821072816848755,1974.8870849609375,0.0737973228096962
EXPB-049,102.52562169184512,24.897436920071424,0.05911572472126105,-0.14769703960015382,0.21413302575932336,-0.00024605920799692423,0.01384083044982699,-0.022206843521722412,-0.15378700499807765,0.12456747404844293,-0.1085121107266436,0.041584006151480196,0.11909265667051133,-0.1085121107266436,-0.2599000384467512,0.000984236831987697,0.019930795847750864,-0.11909265667051133,-0.13588619761630144,0.12456747404844293,-0.0629911572472126,-0.16633602460592078,-0.29287197231833906,0.1085121107266436,0.22145328719723184,-0.17279507881584008,-0.044844290657439445,-0.0271280276816609,0.09356401384083046,0.017777777777777778,-0.010396001537870049,0.041584006151480196,-0.03844675124951941,0.06698961937716265,-0.08882737408688965,0.07535563244905807,-0.05911572472126105,-0.09842368319876971,0.022206843521722412,-0.05911572472126105,-0.04822760476739715,0.0271280276816609,0.03543252595155709,0.041584006151480196,-0.2288965782391388,0.24415224913494812,-0.019930795847750864,0.13588619761630144,-0.10340638216070744,-0.024605920799692427,-0.07972318339100345,-0.05173394848135333,0.006151480199923107,0.10340638216070744,0.09842368319876971,0.04822760476739715,0.07111111111111111,-0.16633602460592078,-0.0015378700499807767,-0.012056901191849288,-0.3014225297962323,-0.36472126105344094,0.010396001537870049,-0.17937716262975778,-0.03844675124951941,-0.03543252595155709,-11.610152994603178,-15.986380800388336,-8.258386192918255,-13.576239565135602,0.6999276876449585,-0.6647194027900696,-0.6082730293273926,0.47661691904067993,-0.5527653098106384,-0.5580502152442932,0.6785876154899597,-0.6281009912490845,-0.5211983919143677,0.7855887413024902,-0.6963962912559509,-0.5710635185241699,1887.180908203125,0.18647928535938263
EXPB-050,104.817374,24.992678,0.06698961937716265,-0.010396001537870049,0.07972318339100345,0.08882737408688965,0.0629911572472126,-0.11374086889657825,-0.17279507881584008,0.05911572472126105,-0.07535563244905807,0.14173010380622836,0.13588619761630144,0.008858131487889272,-0.2679584775086506,-0.0629911572472126,0.010396001537870049,-0.11374086889657825,-0.186082276047674,0.11909265667051133,-0.17279507881584008,-0.12456747404844293,-0.3188927335640138,0.08882737408688965,-0.004982698961937716,-0.0271280276816609,-0.029773164167627833,-0.07111111111111111,0.04822760476739715,-0.03543252595155709,-0.05173394848135333,0.08882737408688965,-0.05536332179930796,0.12456747404844293,0.1085121107266436,0.16000000000000003,-0.11909265667051133,0.002214532871972318,0.0271280276816609,-0.19986159169550174,-0.10340638216070744,0.05536332179930796,-0.017777777777777778,0.14173010380622836,-0.186082276047674,0.16633602460592078,0.019930795847750864,0.07972318339100345,0.0271280276816609,-0.0629911572472126,-0.0629911572472126,-0.002214532871972318,0.05911572472126105,-0.08421376393694734,0.13016532103037293,0.05536332179930796,0.024605920799692427,-0.2288965782391388,-0.05173394848135333,-0.10340638216070744,-0.1929104190695886,-0.40359861591695495,-0.19986159169550174,-0.10340638216070744,0.003936947327950788,-0.01574778931180315,-11.600944084997789,-16.68366827381796,-12.06560730649451,-16.015189493402346,0.5958667993545532,-0.6328927874565125,-0.6866382360458374,0.7178559899330139,-0.6304619312286377,-0.5121549367904663,0.8021131157875061,-0.6622334122657776,-0.4860432744026184,0.7087802290916443,-0.6918646693229675,-0.645988404750824,1946.717529296875,0.14106446504592896
EXPB-051,104.863996,25.306101,-0.019930795847750864,-0.17937716262975778,0.07535563244905807,0.05911572472126105,0.022206843521722412,-0.041584006151480196,-0.22145328719723184,-0.044844290657439445,-0.09842368319876971,0.01574778931180315,0.19986159169550174,-0.03254133025759323,-0.29287197231833906,-0.05536332179930796,0.041584006151480196,-0.09842368319876971,-0.12456747404844293,-0.01384083044982699,-0.08421376393694734,-0.22145328719723184,-0.13016532103037293,0.16633602460592078,-0.024605920799692427,-0.07972318339100345,-0.2679584775086506,-0.1085121107266436,0.1085121107266436,-0.012056901191849288,-0.05911572472126105,0.07111111111111111,0.15378700499807765,-0.10340638216070744,0.1085121107266436,-0.024605920799692427,-0.06698961937716265,0.1085121107266436,-0.04822760476739715,0.041584006151480196,0.0271280276816609,0.15378700499807765,0.022206843521722412,0.08421376393694734,-0.11374086889657825,0.08882737408688965,-0.07972318339100345,0.09842368319876971,0.17937716262975778,0.04822760476739715,-0.044844290657439445,-0.044844290657439445,0.08882737408688965,0.11374086889657825,-0.029773164167627833,0.08421376393694734,0.13016532103037293,-0.07972318339100345,-0.07972318339100345,-0.11909265667051133,-0.2519646289888504,-0.33685505574778934,-0.012056901191849288,-0.28444444444444444,0.14173010380622836,0.03254133025759323,-16.22063603117038,-24.65485350080231,-9.636559855313187,-23.687822918093406,0.20647376775741577,-0.2693498432636261,-0.4239218831062317,0.18827839195728302,-0.25687718391418457,-0.40342146158218384,0.16480162739753723,-0.2325080782175064,-0.32127559185028076,0.30479103326797485,-0.33891212940216064,-0.42658400535583496,1184.6121826171875,0.26218023896217346
EXPB-052,112.147896,26.572995,0.004982698961937716,-0.07972318339100345,0.12456747404844293,-0.07972318339100345,0.04822760476739715,0.05911572472126105,-0.11374086889657825,-0.07111111111111111,-0.22145328719723184,0.17279507881584008,0.04822760476739715,0.05536332179930796,-0.15378700499807765,0.012056901191849288,-0.17937716262975778,-0.28444444444444444,0.0271280276816609,0.17937716262975778,-0.11909265667051133,0.08421376393694734,-0.09842368319876971,0.13016532103037293,-0.11374086889657825,-0.09356401384083046,-0.03844675124951941,0.22145328719723184,-0.03543252595155709,-0.006151480199923107,0.03254133025759323,0.14173010380622836,0.16000000000000003,-0.04822760476739715,0.08421376393694734,-0.14173010380622836,0.003936947327950788,0.06698961937716265,-0.3839138792772011,-0.08421376393694734,0.09356401384083046,-0.0015378700499807767,0.008858131487889272,-0.012056901191849288,-0.08882737408688965,0.024605920799692427,0.01384083044982699,0.15378700499807765,0.07535563244905807,0.14769703960015382,0.15378700499807765,0.01384083044982699,0.012056901191849288,0.07111111111111111,-0.0629911572472126,0.003014225297962322,0.2599000384467512,-0.2599000384467512,-0.11374086889657825,-0.017777777777777778,0.05536332179930796,-0.12456747404844293,-0.08421376393694734,-0.24415224913494812,-0.004982698961937716,0.03254133025759323,-9.323596673286543,-14.453211637020921,-6.089060265146788,-12.146332676397732,0.10122910887002945,-0.12706713378429413,-0.22925245761871338,0.14180569350719452,-0.0669417679309845,-0.062320008873939514,0.1551179587841034,-0.1581300050020218,-0.22256621718406677,0.04239256680011749,-0.04239256680011749,-0.2437514364719391,88.75379943847656,0.06976009905338287
EXPB-053,103.689838300064,23.90003746011352,0.05536332179930796,-0.08421376393694734,0.09356401384083046,0.003936947327950788,-0.029773164167627833,-0.022206843521722412,-0.22145328719723184,0.22145328719723184,-0.007443291041906958,0.05911572472126105,0.14173010380622836,-0.002214532871972318,-0.2679584775086506,0.0015378700499807767,0.08882737408688965,-0.01574778931180315,0.07535563244905807,0.003936947327950788,-0.19986159169550174,-0.2364628988850442,-0.24415224913494812,-0.08421376393694734,0.16000000000000003,-0.2069357939254133,0.019930795847750864,0.05173394848135333,0.11374086889657825,0.04822760476739715,-0.029773164167627833,0.1929104190695886,-0.010396001537870049,0.05536332179930796,0.22145328719723184,0.07535563244905807,-0.09356401384083046,-0.07535563244905807,-0.07535563244905807,-0.03543252595155709,0.044844290657439445,-0.01384083044982699,0.03844675124951941,0.041584006151480196,-0.2069357939254133,0.2679584775086506,0.04822760476739715,-0.03844675124951941,-0.12456747404844293,0.19986159169550174,-0.03543252595155709,0.044844290657439445,0.08882737408688965,-0.022206843521722412,0.0629911572472126,0.1085121107266436,0.17279507881584008,-0.14769703960015382,0.022206843521722412,-0.09356401384083046,-0.13588619761630144,-0.2599000384467512,0.05536332179930796,-0.1929104190695886,-0.007443291041906958,0.08882737408688965,-9.449330755564725,-14.220520214492634,-6.331151788266567,-12.086670436405509,0.7646173238754272,-0.7018393278121948,-0.48900872468948364,0.6702273488044739,-0.614508867263794,-0.5181998610496521,0.7106460332870483,-0.5679733157157898,-0.39942029118537903,0.8510158061981201,-0.7649590969085693,-0.5483871102333069,1382.5540771484375,0.18381312489509583
EXPB-054,113.885866,23.183831,-0.0629911572472126,-0.13588619761630144,0.186082276047674,0.008858131487889272,-0.09842368319876971,0.03543252595155709,-0.13016532103037293,-0.06698961937716265,-0.2288965782391388,0.24415224913494812,0.11374086889657825,0.06698961937716265,-0.19986159169550174,0.09842368319876971,-0.14769703960015382,0.04822760476739715,-0.01574778931180315,-0.08882737408688965,-0.14769703960015382,-0.11374086889657825,-0.15378700499807765,0.2364628988850442,-0.1085121107266436,-0.029773164167627833,-0.2519646289888504,0.03543252595155709,-0.12456747404844293,0.08421376393694734,0.010396001537870049,0.05536332179930796,0.19986159169550174,-0.04822760476739715,-0.01384083044982699,-0.06698961937716265,-0.012056901191849288,0.19986159169550174,-0.07972318339100345,0.041584006151480196,-0.10340638216070744,0.2761399461745483,0.07111111111111111,0.05173394848135333,0.07111111111111111,0.16000000000000003,-0.16000000000000003,0.1929104190695886,0.0629911572472126,0.09356401384083046,0.04822760476739715,-0.029773164167627833,-0.08882737408688965,0.16000000000000003,0.007443291041906958,0.008858131487889272,0.07972318339100345,-0.21413302575932336,-0.07111111111111111,-0.05536332179930796,0.03844675124951941,-0.05911572472126105,-0.11909265667051133,-0.22145328719723184,0.07535563244905807,0.1085121107266436,-13.632377962193786,-20.989735292440244,-14.040357049769487,-20.71759822407105,0.13822688162326813,-0.08792711049318314,0.09130553156137466,0.11852570623159409,-0.10354066640138626,0.07283554971218109,0.12423068284988403,-0.002439024392515421,-0.07500942051410675,0.28292346000671387,-0.28647154569625854,-0.3042696714401245,3.242880344390869,0.12428018450737
EXPB-055,109.3624,23.387838,-0.08421376393694734,0.07535563244905807,0.17937716262975778,-0.09356401384083046,-0.07535563244905807,0.08882737408688965,-0.11909265667051133,0.13588619761630144,-0.029773164167627833,0.15378700499807765,0.14173010380622836,0.10340638216070744,-0.186082276047674,0.11909265667051133,0.010396001537870049,0.12456747404844293,-0.17279507881584008,-0.01574778931180315,-0.09842368319876971,-0.09356401384083046,-0.34602076124567477,0.2599000384467512,-0.05173394848135333,-0.10340638216070744,-0.07972318339100345,0.15378700499807765,-0.05536332179930796,-0.07972318339100345,-0.08421376393694734,0.041584006151480196,0.004982698961937716,-0.05536332179930796,-0.07535563244905807,0.12456747404844293,0.041584006151480196,0.13016532103037293,-0.13588619761630144,0.08882737408688965,0.0629911572472126,0.08421376393694734,0.044844290657439445,0.15378700499807765,-0.07972318339100345,0.186082276047674,-0.12456747404844293,0.13016532103037293,0.186082276047674,0.003936947327950788,0.022206843521722412,0.09842368319876971,0.11909265667051133,0.07111111111111111,-0.03844675124951941,-0.010396001537870049,0.16000000000000003,-0.05911572472126105,-0.09356401384083046,-0.13016532103037293,-0.13016532103037293,-0.33685505574778934,-0.1085121107266436,-0.17279507881584008,-0.01384083044982699,0.09356401384083046,-12.345691706997666,-22.072609530803796,-7.582242160799693,-14.688525166688201,0.14830508828163147,-0.26193249225616455,-0.439929336309433,0.5183486342430115,-0.5002833008766174,-0.5094549655914307,0.8237547874450684,-0.7140799164772034,-0.4694286584854126,0.7136902213096619,-0.6418319940567017,-0.48612353205680847,143.40200805664062,0.12756973505020142
EXPB-056,110.80835810601234,28.37679167852315,0.019930795847750864,0.12456747404844293,0.22145328719723184,-0.019930795847750864,0.041584006151480196,0.05173394848135333,-0.2519646289888504,0.16000000000000003,-0.0271280276816609,0.09356401384083046,-0.11909265667051133,0.002214532871972318,-0.2761399461745483,-0.003014225297962322,-0.13588619761630144,-0.19986159169550174,-0.1085121107266436,0.16000000000000003,-0.14769703960015382,0.0005536332179930795,-0.14769703960015382,0.12456747404844293,-0.08421376393694734,-0.09356401384083046,0.029773164167627833,0.006151480199923107,-0.08882737408688965,-0.16000000000000003,-0.03543252595155709,0.07972318339100345,0.05536332179930796,0.17279507881584008,0.10340638216070744,0.09356401384083046,-0.2679584775086506,0.15378700499807765,-0.186082276047674,-0.17279507881584008,-0.03844675124951941,0.03844675124951941,0.008858131487889272,0.17279507881584008,-0.07111111111111111,0.13016532103037293,0.044844290657439445,0.19986159169550174,0.06698961937716265,0.07972318339100345,0.003936947327950788,-0.03844675124951941,0.05173394848135333,-0.03844675124951941,0.13588619761630144,0.04822760476739715,-0.03254133025759323,-0.186082276047674,-0.11374086889657825,0.07111111111111111,-0.17937716262975778,-0.15378700499807765,-0.14769703960015382,-0.186082276047674,-0.10340638216070744,0.01384083044982699,-10.617208830270592,-17.622493059650584,-8.088897571295067,-16.393855945494188,0.4409390985965729,-0.4901365637779236,-0.49110186100006104,0.5319148898124695,-0.5035545229911804,-0.4261256754398346,0.7217541337013245,-0.6429601907730103,-0.5096262693405151,0.6494138836860657,-0.6276917457580566,-0.568837583065033,657.9937744140625,0.1846325844526291
EXPB-057,108.35961,27.090963,0.09842368319876971,0.06698961937716265,0.12456747404844293,0.03844675124951941,0.11374086889657825,-0.019930795847750864,-0.28444444444444444,0.13588619761630144,-0.03254133025759323,0.15378700499807765,0.03254133025759323,0.041584006151480196,-0.2519646289888504,-0.006151480199923107,-0.10340638216070744,-0.2069357939254133,-0.1085121107266436,0.05911572472126105,-0.21413302575932336,0.024605920799692427,-0.2069357939254133,0.07972318339100345,-0.13016532103037293,-0.12456747404844293,0.03543252595155709,0.03543252595155709,-0.03254133025759323,-0.13588619761630144,-0.07972318339100345,0.17937716262975778,0.03844675124951941,0.14769703960015382,0.07111111111111111,0.10340638216070744,-0.2288965782391388,0.16633602460592078,-0.2069357939254133,-0.19986159169550174,-0.06698961937716265,0.03844675124951941,-0.010396001537870049,0.19986159169550174,-0.07535563244905807,0.13588619761630144,-0.019930795847750864,0.10340638216070744,0.05536332179930796,0.0015378700499807767,-0.01574778931180315,0.006151480199923107,0.010396001537870049,-0.13016532103037293,0.12456747404844293,0.04822760476739715,-0.03254133025759323,-0.21413302575932336,-0.14173010380622836,-0.03543252595155709,-0.17937716262975778,-0.17937716262975778,-0.16633602460592078,-0.14173010380622836,-0.1085121107266436,0.01384083044982699,-12.590014837748996,-20.674488457739223,-10.713167397472127,-18.056834027053597,0.5084064602851868,-0.4845323860645294,-0.4903982877731323,0.6850886344909668,-0.580440104007721,-0.4550651013851166,0.7676392793655396,-0.6490967869758606,-0.4964488744735718,0.7564870119094849,-0.671944260597229,-0.6032171845436096,792.7772216796875,0.06990231573581696
EXPB-058,105.073663,26.933309,-0.004982698961937716,-0.003014225297962322,0.14769703960015382,6.151480199923106e-05,0.041584006151480196,-0.03543252595155709,-0.19986159169550174,0.17937716262975778,0.003936947327950788,0.17279507881584008,0.07535563244905807,-0.05536332179930796,-0.2679584775086506,0.019930795847750864,-0.09842368319876971,-0.1929104190695886,-0.2069357939254133,0.08882737408688965,-0.24415224913494812,-0.14173010380622836,-0.22145328719723184,0.11374086889657825,0.004982698961937716,-0.11909265667051133,-0.010396001537870049,-0.0629911572472126,-0.05911572472126105,-0.022206843521722412,-0.05173394848135333,0.05911572472126105,-0.03543252595155709,0.09356401384083046,0.08882737408688965,0.07972318339100345,-0.14769703960015382,0.019930795847750864,-0.11374086889657825,-0.13016532103037293,-0.0629911572472126,-0.002214532871972318,-0.05911572472126105,0.13016532103037293,-0.16000000000000003,0.09842368319876971,-0.07111111111111111,0.0629911572472126,0.04822760476739715,-0.04822760476739715,0.022206843521722412,-0.024605920799692427,0.1085121107266436,0.008858131487889272,0.14173010380622836,0.13016532103037293,0.024605920799692427,-0.21413302575932336,-0.11909265667051133,-0.0271280276816609,-0.2761399461745483,-0.28444444444444444,-0.16633602460592078,-0.2679584775086506,-0.07111111111111111,-0.03844675124951941,-11.254160167680718,-16.720163644198273,-10.159665360321906,-18.39352253842298,0.5857186913490295,-0.5360763072967529,-0.4652920961380005,0.5206465721130371,-0.5069171190261841,-0.4203047454357147,0.7537783980369568,-0.6374170780181885,-0.38038966059684753,0.7372013926506042,-0.7123633027076721,-0.5625199675559998,1855.498291015625,0.14847861230373383
EXPB-059,101.89060261750102,23.94387524597855,0.03543252595155709,-0.022206843521722412,0.11374086889657825,0.008858131487889272,0.01384083044982699,-0.15378700499807765,-0.2364628988850442,0.17937716262975778,-0.0629911572472126,0.05173394848135333,-0.003014225297962322,0.024605920799692427,-0.24415224913494812,-0.01384083044982699,-0.13588619761630144,-0.08421376393694734,-0.13016532103037293,0.09356401384083046,-0.11909265667051133,-0.04822760476739715,-0.3188927335640138,0.14769703960015382,0.08421376393694734,-0.06698961937716265,-0.019930795847750864,-0.13016532103037293,0.17279507881584008,0.041584006151480196,-0.15378700499807765,-0.05173394848135333,0.04822760476739715,0.13588619761630144,0.12456747404844293,0.05911572472126105,-0.17937716262975778,-0.05911572472126105,-0.09842368319876971,-0.14173010380622836,0.006151480199923107,-0.03543252595155709,-0.08421376393694734,0.09356401384083046,-0.15378700499807765,0.16633602460592078,-0.03844675124951941,0.21413302575932336,-0.07535563244905807,0.0271280276816609,-0.21413302575932336,-0.003936947327950788,0.004982698961937716,-0.05536332179930796,0.14769703960015382,-0.05911572472126105,-0.04822760476739715,-0.041584006151480196,-0.010396001537870049,-0.09356401384083046,-0.2519646289888504,-0.31009611687812383,0.05911572472126105,-0.11374086889657825,-0.08882737408688965,-0.13016532103037293,-6.406465529408888,-13.45703720891347,-3.498890144790956,-9.588037714073323,0.6419066190719604,-0.6450909376144409,-0.5925410389900208,0.4883495271205902,-0.5088582634925842,-0.5982286930084229,0.8516886830329895,-0.6977448463439941,-0.6076889634132385,0.8126064538955688,-0.7424769997596741,-0.5196639895439148,1396.5418701171875,0.11091592907905579
EXPB-060,112.82435726663336,26.042070255096515,0.03543252595155709,0.012056901191849288,0.08882737408688965,0.01384083044982699,0.05173394848135333,0.16000000000000003,-0.2599000384467512,0.06698961937716265,0.0005536332179930795,0.17937716262975778,-0.024605920799692427,0.05536332179930796,-0.24415224913494812,-0.07535563244905807,0.008858131487889272,-0.16000000000000003,-0.09842368319876971,0.13016532103037293,-0.16000000000000003,0.012056901191849288,-0.2519646289888504,0.14173010380622836,-0.16633602460592078,-0.11909265667051133,-0.01574778931180315,0.07972318339100345,0.024605920799692427,-0.15378700499807765,0.007443291041906958,0.2069357939254133,0.08421376393694734,0.04822760476739715,0.14173010380622836,0.04822760476739715,-0.31009611687812383,0.22145328719723184,-0.09842368319876971,-0.14769703960015382,0.03844675124951941,0.08882737408688965,0.1085121107266436,0.2288965782391388,-0.1085121107266436,0.14173010380622836,0.07972318339100345,0.044844290657439445,0.08421376393694734,-0.044844290657439445,-0.007443291041906958,0.09356401384083046,0.03543252595155709,-0.041584006151480196,0.05536332179930796,0.05536332179930796,0.0629911572472126,-0.1085121107266436,-0.17937716262975778,0.000984236831987697,-0.09842368319876971,-0.14173010380622836,-0.17279507881584008,-0.22145328719723184,-0.0629911572472126,0.08882737408688965,-11.891094227869395,-20.337798237704433,-10.37227716357496,-18.314073067393544,0.5977653861045837,-0.5450180172920227,-0.4763385057449341,0.6695862412452698,-0.596764862537384,-0.5377483367919922,0.7600896954536438,-0.5955284833908081,-0.5009404420852661,0.7667573094367981,-0.64737468957901,-0.5627080798149109,265.0892333984375,0.06976009905338287
EXPB-061,108.22543216958348,23.62811742361054,-0.006151480199923107,0.03844675124951941,0.22145328719723184,-0.022206843521722412,0.04822760476739715,0.14173010380622836,-0.14173010380622836,0.002214532871972318,-0.05911572472126105,0.10340638216070744,0.03844675124951941,0.05911572472126105,-0.28444444444444444,-0.022206843521722412,-0.022206843521722412,-0.09842368319876971,-0.08421376393694734,0.14769703960015382,-0.14769703960015382,-0.15378700499807765,-0.3278123798539023,0.29287197231833906,-0.17937716262975778,-0.1085121107266436,-0.05911572472126105,0.05536332179930796,-0.05536332179930796,-0.08421376393694734,-0.07535563244905807,0.1085121107266436,0.07972318339100345,0.008858131487889272,0.019930795847750864,0.11374086889657825,-0.16000000000000003,0.08421376393694734,-0.11374086889657825,-0.012056901191849288,-0.022206843521722412,0.044844290657439445,0.13016532103037293,0.11374086889657825,-0.024605920799692427,0.28444444444444444,-0.002214532871972318,0.17279507881584008,0.08882737408688965,0.002214532871972318,0.07535563244905807,-0.05911572472126105,0.01574778931180315,0.004982698961937716,0.13588619761630144,0.044844290657439445,0.11374086889657825,-0.08882737408688965,-0.12456747404844293,-0.024605920799692427,-0.017777777777777778,-0.2599000384467512,-0.12456747404844293,-0.2599000384467512,0.11374086889657825,0.044844290657439445,-7.769294186651932,-14.247320065675389,-8.13801771612467,-13.62499452136473,0.48327401280403137,-0.5264603495597839,-0.6048288345336914,0.6738796830177307,-0.45739638805389404,-0.3879901170730591,0.49048152565956116,-0.4841107726097107,-0.4288065731525421,0.5742471218109131,-0.5717988610267639,-0.5729058980941772,244.68984985351562,0.044697355479002
EXPB-062,110.5472178529188,26.46652422684299,0.03254133025759323,0.044844290657439445,0.09842368319876971,6.151480199923106e-05,0.06698961937716265,-0.0271280276816609,-0.24415224913494812,0.16633602460592078,-0.03254133025759323,0.17279507881584008,-0.14769703960015382,-0.11374086889657825,-0.2364628988850442,0.029773164167627833,-0.11374086889657825,-0.16633602460592078,-0.08421376393694734,0.2069357939254133,-0.15378700499807765,-0.09356401384083046,-0.17937716262975778,0.1929104190695886,-0.14173010380622836,-0.15378700499807765,-0.03254133025759323,-0.07111111111111111,0.05173394848135333,-0.06698961937716265,-0.08882737408688965,0.1085121107266436,0.07535563244905807,0.008858131487889272,0.07535563244905807,0.14769703960015382,-0.31009611687812383,0.010396001537870049,-0.09842368319876971,-0.13588619761630144,-0.08882737408688965,-0.010396001537870049,0.07972318339100345,0.14769703960015382,-0.11909265667051133,0.13016532103037293,0.01574778931180315,0.17279507881584008,0.05536332179930796,0.14769703960015382,-0.09842368319876971,-0.08421376393694734,0.07111111111111111,-0.11909265667051133,0.17937716262975778,-0.003014225297962322,0.05173394848135333,-0.12456747404844293,-0.08882737408688965,0.08421376393694734,-0.13016532103037293,-0.21413302575932336,-0.08421376393694734,-0.1929104190695886,-0.1085121107266436,0.0629911572472126,-9.04730755767333,-15.394706337611577,-6.997926881114248,-13.234052440125614,0.6947435140609741,-0.6574791073799133,-0.6214921474456787,0.5314721465110779,-0.4571852684020996,-0.4457547068595886,0.7030515074729919,-0.6190803647041321,-0.5494982600212097,0.7815349102020264,-0.7057610154151917,-0.6606881618499756,1184.1201171875,0.12788863480091095
EXPB-063,109.355932,24.308162,0.08882737408688965,-0.21413302575932336,0.17937716262975778,-0.019930795847750864,0.024605920799692427,-0.09842368319876971,-0.022206843521722412,-0.11909265667051133,-0.3014225297962323,0.1085121107266436,0.044844290657439445,0.06698961937716265,-0.16000000000000003,-0.13016532103037293,-0.15378700499807765,-0.16633602460592078,0.12456747404844293,0.14769703960015382,0.01574778931180315,0.05536332179930796,-0.07535563244905807,0.14769703960015382,-0.08882737408688965,-0.07972318339100345,-0.017777777777777778,0.24415224913494812,-0.05173394848135333,0.05536332179930796,0.08421376393694734,0.05173394848135333,0.16000000000000003,-0.012056901191849288,-0.03254133025759323,-0.01384083044982699,0.1085121107266436,-0.010396001537870049,-0.33685505574778934,-0.03543252595155709,0.05536332179930796,-0.07535563244905807,0.024605920799692427,-0.041584006151480196,-0.11374086889657825,0.0629911572472126,0.029773164167627833,0.14173010380622836,-0.017777777777777778,0.14769703960015382,0.08882737408688965,0.0629911572472126,-0.05911572472126105,0.07535563244905807,-0.186082276047674,0.07535563244905807,0.2288965782391388,-0.3278123798539023,0.012056901191849288,-0.07535563244905807,0.14769703960015382,-0.12456747404844293,0.041584006151480196,-0.186082276047674,-0.05173394848135333,0.012056901191849288,-0.7976684994824483,-6.785936514749534,-0.5380040000143151,-6.446333988557399,0.10979533940553665,-0.1494467407464981,-0.11438089609146118,0.1155521422624588,-0.1666666716337204,-0.22809630632400513,0.0694068893790245,-0.09994437545537949,-0.1602802574634552,0.1038658618927002,-0.13560134172439575,-0.1303928643465042,101.62312316894531,0.07590702176094055
EXPB-064,103.31353402754634,25.76251453867852,0.017777777777777778,-0.05173394848135333,0.1929104190695886,-0.11374086889657825,-0.06698961937716265,-0.0271280276816609,-0.19986159169550174,0.2761399461745483,-0.03254133025759323,0.14769703960015382,0.03254133025759323,-0.19986159169550174,-0.14173010380622836,0.024605920799692427,0.03543252595155709,-0.09842368319876971,-0.0629911572472126,0.11909265667051133,-0.16000000000000003,-0.2761399461745483,-0.19986159169550174,0.08882737408688965,0.017777777777777778,-0.17279507881584008,0.01574778931180315,-0.11909265667051133,0.07972318339100345,0.041584006151480196,0.05911572472126105,0.09842368319876971,-0.006151480199923107,0.05536332179930796,-0.029773164167627833,0.2364628988850442,-0.15378700499807765,-0.15378700499807765,-0.03543252595155709,-0.05536332179930796,-0.041584006151480196,-0.044844290657439445,0.022206843521722412,0.17937716262975778,-0.2288965782391388,0.09842368319876971,-0.03543252595155709,0.05173394848135333,-0.10340638216070744,0.2288965782391388,0.05536332179930796,-0.09842368319876971,0.0629911572472126,-0.01574778931180315,0.12456747404844293,0.07111111111111111,0.1085121107266436,-0.15378700499807765,0.008858131487889272,-0.13016532103037293,-0.17279507881584008,-0.22145328719723184,-0.03844675124951941,-0.2364628988850442,0.017777777777777778,-0.01574778931180315,-7.778168749344331,-14.18117631058422,-9.218165240297953,-15.861432892731454,0.5164702534675598,-0.6490305662155151,-0.676167368888855,0.5975697636604309,-0.6612057089805603,-0.5985280871391296,0.791871190071106,-0.7061132788658142,-0.5392731428146362,0.660422682762146,-0.6738893389701843,-0.5876320004463196,2107.6435546875,0.16441863775253296
EXPB-065,110.26820112567128,25.76826375649689,0.07972318339100345,0.0629911572472126,0.08882737408688965,0.11909265667051133,0.15378700499807765,-0.0629911572472126,-0.2288965782391388,0.11909265667051133,0.017777777777777778,0.11909265667051133,0.09356401384083046,0.10340638216070744,-0.22145328719723184,-0.017777777777777778,-0.09842368319876971,-0.16633602460592078,-0.06698961937716265,0.01384083044982699,-0.19986159169550174,0.05536332179930796,-0.186082276047674,0.09842368319876971,-0.11374086889657825,-0.14173010380622836,0.03254133025759323,-0.044844290657439445,0.044844290657439445,-0.12456747404844293,-0.1085121107266436,0.08421376393694734,0.16000000000000003,0.17279507881584008,0.14173010380622836,0.05536332179930796,-0.3014225297962323,0.16000000000000003,-0.17279507881584008,-0.2069357939254133,0.044844290657439445,0.07535563244905807,0.03254133025759323,0.16000000000000003,0.003014225297962322,0.13588619761630144,0.03844675124951941,0.08421376393694734,0.0629911572472126,0.0629911572472126,0.01574778931180315,0.07972318339100345,-0.11374086889657825,-0.1929104190695886,0.05536332179930796,0.10340638216070744,0.01384083044982699,-0.1085121107266436,-0.1085121107266436,-0.13588619761630144,-0.16633602460592078,-0.2599000384467512,-0.12456747404844293,-0.07972318339100345,-0.09356401384083046,0.08882737408688965,-14.188536715301229,-20.72556999989534,-12.778915910309424,-19.37570844571482,0.7348423600196838,-0.6877703666687012,-0.6500661373138428,0.5504201650619507,-0.4546649158000946,-0.4297492206096649,0.6680446863174438,-0.5722326636314392,-0.517499566078186,0.7794764041900635,-0.7083104252815247,-0.6765663027763367,548.5435180664062,0.17958465218544006
EXPB-066,112.48153,28.879329,-0.07111111111111111,-0.11374086889657825,0.07111111111111111,0.10340638216070744,0.0271280276816609,0.041584006151480196,-0.14769703960015382,0.2069357939254133,-0.10340638216070744,0.15378700499807765,0.041584006151480196,0.03254133025759323,-0.11909265667051133,-0.09356401384083046,-0.006151480199923107,-0.10340638216070744,-0.28444444444444444,0.07535563244905807,-0.17937716262975778,0.004982698961937716,-0.3188927335640138,0.186082276047674,-0.07535563244905807,0.08421376393694734,0.08421376393694734,0.17937716262975778,0.012056901191849288,-0.14173010380622836,0.024605920799692427,0.15378700499807765,-0.09356401384083046,-0.022206843521722412,-0.03543252595155709,0.008858131487889272,-0.019930795847750864,0.15378700499807765,-0.11909265667051133,-0.029773164167627833,0.041584006151480196,-0.04822760476739715,0.17937716262975778,0.06698961937716265,-0.05173394848135333,0.041584006151480196,0.044844290657439445,0.1929104190695886,0.14173010380622836,0.05536332179930796,0.14769703960015382,0.0629911572472126,-0.10340638216070744,0.2364628988850442,0.012056901191849288,0.08882737408688965,0.010396001537870049,-0.17937716262975778,-0.07972318339100345,-0.07111111111111111,-0.11909265667051133,-0.09842368319876971,-0.28444444444444444,-0.16633602460592078,0.14769703960015382,0.13588619761630144,-10.274614606560664,-17.616112588072603,-8.208132739289923,-13.706979488777092,0.29309117794036865,-0.385084867477417,-0.5008515119552612,0.7347317934036255,-0.6619181036949158,-0.5356394052505493,0.7446929216384888,-0.6397978067398071,-0.5588139295578003,0.6662830710411072,-0.5782016515731812,-0.49902912974357605,31.067167282104492,0.028971422463655472
EXPB-067,101.861018,26.688338,0.024605920799692427,-0.16000000000000003,0.21413302575932336,-0.1085121107266436,-0.03543252595155709,-0.11374086889657825,-0.2599000384467512,0.24415224913494812,-0.13588619761630144,0.05911572472126105,-0.03254133025759323,-0.09842368319876971,-0.24415224913494812,-0.03543252595155709,-0.008858131487889272,-0.04822760476739715,-0.08882737408688965,0.17937716262975778,-0.16633602460592078,0.04822760476739715,-0.2679584775086506,0.2519646289888504,0.15378700499807765,-0.1085121107266436,0.05173394848135333,-0.14769703960015382,0.07111111111111111,0.09842368319876971,-0.07535563244905807,0.03844675124951941,0.029773164167627833,0.10340638216070744,0.03254133025759323,0.03844675124951941,-0.17279507881584008,-0.17937716262975778,-0.019930795847750864,-0.017777777777777778,0.022206843521722412,-0.024605920799692427,-0.004982698961937716,0.07535563244905807,-0.10340638216070744,0.2069357939254133,0.07972318339100345,0.2679584775086506,0.010396001537870049,0.05911572472126105,-0.07972318339100345,0.0629911572472126,0.012056901191849288,0.07111111111111111,0.16000000000000003,-0.044844290657439445,0.08882737408688965,0.03543252595155709,-0.041584006151480196,-0.09842368319876971,-0.21413302575932336,-0.15378700499807765,0.1085121107266436,-0.11909265667051133,0.03254133025759323,-0.11374086889657825,-7.022244693652557,-15.36631930564472,-6.0204093967316314,-12.48415435397135,0.5610119104385376,-0.5905989408493042,-0.5106479525566101,0.47473201155662537,-0.5445067882537842,-0.6270518898963928,0.7869565486907959,-0.7147327065467834,-0.6060497164726257,0.8268052339553833,-0.7170047760009766,-0.49889135360717773,1119.0660400390625,0.039516400545835495
EXPB-068,103.0788042438059,25.27275304577656,-0.007443291041906958,-0.31009611687812383,0.13016532103037293,0.029773164167627833,-0.003936947327950788,0.024605920799692427,-0.0271280276816609,0.029773164167627833,0.03844675124951941,0.16000000000000003,0.13588619761630144,-0.07535563244905807,-0.019930795847750864,0.041584006151480196,0.08421376393694734,-0.017777777777777778,-0.14769703960015382,-0.13588619761630144,-0.2364628988850442,-0.17937716262975778,-0.10340638216070744,0.03543252595155709,0.09842368319876971,-0.029773164167627833,-0.2364628988850442,-0.17937716262975778,0.0629911572472126,0.003936947327950788,0.11909265667051133,0.08421376393694734,-0.14769703960015382,-0.03254133025759323,-0.14173010380622836,-0.14173010380622836,-0.13588619761630144,0.08421376393694734,-0.05536332179930796,-0.029773164167627833,-0.03254133025759323,0.11374086889657825,-0.08421376393694734,-0.024605920799692427,-0.12456747404844293,0.06698961937716265,-0.11374086889657825,0.19986159169550174,-0.13588619761630144,0.10340638216070744,-0.13016532103037293,-0.1929104190695886,0.044844290657439445,0.15378700499807765,0.008858131487889272,-0.044844290657439445,0.09356401384083046,-0.12456747404844293,-0.10340638216070744,0.041584006151480196,-0.3014225297962323,-0.2679584775086506,-0.06698961937716265,-0.2069357939254133,0.08421376393694734,-0.004982698961937716,-13.104009185702573,-19.264896448534685,-13.48607284881223,-20.64979049707234,0.7535635232925415,-0.7256857752799988,-0.52173912525177,0.31540343165397644,-0.2779097259044647,-0.40275049209594727,0.364130437374115,-0.18536008894443512,-0.04827586188912392,0.2949640154838562,-0.19117647409439087,-0.15188898146152496,1892.5,0.16441863775253296
EXPB-069,112.312288,28.794438,-0.002214532871972318,-0.11374086889657825,-0.008858131487889272,0.08882737408688965,0.05173394848135333,0.16000000000000003,-0.0629911572472126,0.16633602460592078,-0.0271280276816609,0.14769703960015382,0.17937716262975778,-0.04822760476739715,-0.044844290657439445,-0.09842368319876971,0.019930795847750864,-0.0271280276816609,-0.05911572472126105,-0.15378700499807765,-0.012056901191849288,-0.04822760476739715,-0.044844290657439445,0.13588619761630144,-0.044844290657439445,0.06698961937716265,-0.1929104190695886,0.007443291041906958,0.10340638216070744,-0.19986159169550174,0.07111111111111111,0.017777777777777778,-0.09356401384083046,0.24415224913494812,0.04822760476739715,-0.0271280276816609,-0.08421376393694734,0.186082276047674,0.03543252595155709,-0.15378700499807765,0.03254133025759323,0.2364628988850442,-0.01384083044982699,0.0271280276816609,0.22145328719723184,-0.017777777777777778,-0.10340638216070744,0.19986159169550174,-0.16633602460592078,0.2364628988850442,-0.13588619761630144,-0.11374086889657825,-0.01574778931180315,0.14769703960015382,-0.13016532103037293,0.022206843521722412,0.041584006151480196,-0.1929104190695886,-0.11909265667051133,0.08882737408688965,0.05173394848135333,-0.03543252595155709,-0.09842368319876971,-0.2288965782391388,0.1085121107266436,0.3278123798539023,-23.064030856654533,-27.945128386237077,-22.890430945069568,-28.576233581587168,-0.1315610110759735,0.2554062008857727,0.5531453490257263,-0.07502061128616333,0.24899598956108093,0.31501057744026184,-0.17369970679283142,0.4667510986328125,0.5798090100288391,-0.20228809118270874,0.37692931294441223,0.5730858445167542,28.5,0.028971422463655472
EXPB-070,112.793066,28.661578,-0.041584006151480196,-0.1929104190695886,0.13016532103037293,0.0271280276816609,-0.007443291041906958,0.22145328719723184,-0.07972318339100345,0.01384083044982699,0.024605920799692427,0.22145328719723184,0.15378700499807765,0.012056901191849288,-0.041584006151480196,-0.022206843521722412,0.044844290657439445,0.01384083044982699,-0.22145328719723184,-0.10340638216070744,-0.2069357939254133,-0.041584006151480196,-0.16000000000000003,0.10340638216070744,-0.14769703960015382,0.000984236831987697,-0.15378700499807765,0.15378700499807765,0.07972318339100345,0.007443291041906958,0.14769703960015382,0.029773164167627833,0.05173394848135333,0.012056901191849288,-0.1085121107266436,-0.07535563244905807,-0.15378700499807765,0.33685505574778934,-0.11374086889657825,-0.04822760476739715,0.04822760476739715,0.2519646289888504,-0.05173394848135333,0.11374086889657825,0.09356401384083046,0.0271280276816609,0.024605920799692427,0.19986159169550174,-0.07111111111111111,0.21413302575932336,-0.07972318339100345,-0.09842368319876971,-0.04822760476739715,0.12456747404844293,-0.05173394848135333,-0.008858131487889272,0.13016532103037293,-0.17279507881584008,-0.14173010380622836,0.07535563244905807,-0.12456747404844293,-0.07972318339100345,-0.13016532103037293,-0.17279507881584008,0.0271280276816609,0.186082276047674,-16.17811723771279,-21.34419742766272,-14.862751935599155,-20.626320204403036,0.6920866370201111,-0.5189998745918274,-0.24095819890499115,0.3398457467556,-0.1571936011314392,-0.1640607863664627,0.16568364202976227,-0.016362786293029785,-0.06613404303789139,0.16079923510551453,0.030206676572561264,0.041800644248723984,24.0,0.028971422463655472
EXPB-071,112.120407,23.083579,-0.07535563244905807,-0.16000000000000003,0.003014225297962322,0.12456747404844293,-0.008858131487889272,0.04822760476739715,-0.22145328719723184,0.08421376393694734,-0.05536332179930796,0.07972318339100345,0.1929104190695886,-0.0629911572472126,-0.2288965782391388,-0.01574778931180315,-0.017777777777777778,-0.003936947327950788,0.13588619761630144,-0.09356401384083046,-0.2599000384467512,-0.07535563244905807,-0.13016532103037293,0.10340638216070744,-0.04822760476739715,-0.024605920799692427,-0.10340638216070744,0.007443291041906958,0.041584006151480196,-0.07972318339100345,-0.05173394848135333,0.09356401384083046,0.0271280276816609,0.03543252595155709,0.08882737408688965,0.008858131487889272,-0.2069357939254133,0.022206843521722412,0.03543252595155709,0.09842368319876971,-0.04822760476739715,0.19986159169550174,0.007443291041906958,-0.07535563244905807,0.14173010380622836,0.2599000384467512,-0.03254133025759323,0.2364628988850442,-0.05911572472126105,0.31009611687812383,-0.019930795847750864,0.03254133025759323,-0.1085121107266436,-0.022206843521722412,0.03543252595155709,0.2069357939254133,0.2069357939254133,-0.08421376393694734,-0.09842368319876971,0.041584006151480196,0.05911572472126105,-0.07535563244905807,-0.03254133025759323,-0.2599000384467512,0.14173010380622836,0.2364628988850442,-12.345544271943826,-18.93251538255916,-12.395614323611714,-18.24865761344575,0.15601782500743866,0.0453987717628479,0.2640949487686157,0.38343140482902527,-0.27625808119773865,-0.15318837761878967,0.4156198799610138,-0.3613445460796356,-0.2768361568450928,0.22065404057502747,-0.018087854608893394,0.24590164422988892,1.5,0.1095963567495346
EXPB-072,104.29224852959456,24.51286814693985,0.03543252595155709,0.008858131487889272,0.19986159169550174,-0.10340638216070744,-0.024605920799692427,-0.01574778931180315,-0.17279507881584008,0.14769703960015382,-0.03254133025759323,0.08421376393694734,0.05173394848135333,0.03543252595155709,-0.28444444444444444,0.05911572472126105,-0.003936947327950788,-0.044844290657439445,-0.16000000000000003,0.1929104190695886,-0.05536332179930796,-0.3188927335640138,-0.37425605536332185,0.1929104190695886,0.04822760476739715,-0.13016532103037293,-0.05911572472126105,0.010396001537870049,0.05911572472126105,0.05911572472126105,0.05536332179930796,0.022206843521722412,0.03254133025759323,0.14769703960015382,0.09356401384083046,0.11909265667051133,-0.13016532103037293,-0.041584006151480196,-0.14173010380622836,-0.024605920799692427,0.07972318339100345,0.01384083044982699,0.044844290657439445,0.1085121107266436,-0.17937716262975778,0.15378700499807765,0.019930795847750864,0.10340638216070744,-0.06698961937716265,0.09842368319876971,-0.11374086889657825,-0.002214532871972318,0.06698961937716265,0.019930795847750864,0.11909265667051133,-0.03844675124951941,0.05536332179930796,-0.13016532103037293,-0.044844290657439445,-0.05173394848135333,-0.14173010380622836,-0.2761399461745483,0.041584006151480196,-0.2519646289888504,0.08421376393694734,-0.07535563244905807,-6.005863224910002,-13.571386668214057,-5.6678004444909025,-16.058401764029288,0.6649029850959778,-0.6282880306243896,-0.5774509906768799,0.363535076379776,-0.5173553824424744,-0.5830060839653015,0.5359712243080139,-0.5327550172805786,-0.5003198981285095,0.819327175617218,-0.7067773342132568,-0.5306902527809143,1076.8421630859375,0.14106446504592896
EXPB-073,103.37084654267316,24.65246634209203,0.05536332179930796,-0.10340638216070744,0.12456747404844293,-0.01574778931180315,-0.006151480199923107,0.024605920799692427,-0.186082276047674,0.06698961937716265,-0.01574778931180315,0.024605920799692427,0.22145328719723184,0.017777777777777778,-0.2599000384467512,-0.010396001537870049,0.07535563244905807,-0.04822760476739715,-0.14769703960015382,0.010396001537870049,-0.14769703960015382,-0.11374086889657825,-0.28444444444444444,0.14769703960015382,0.2069357939254133,-0.08421376393694734,-0.07972318339100345,-0.11374086889657825,0.09842368319876971,0.003936947327950788,-0.003936947327950788,0.08882737408688965,0.01384083044982699,0.06698961937716265,0.07535563244905807,0.08421376393694734,-0.08421376393694734,-0.03844675124951941,-0.05173394848135333,-0.09842368319876971,0.012056901191849288,-0.0271280276816609,-0.041584006151480196,0.0629911572472126,-0.21413302575932336,0.21413302575932336,-0.007443291041906958,0.07535563244905807,0.05173394848135333,-0.07972318339100345,-0.12456747404844293,-0.05536332179930796,0.044844290657439445,-0.024605920799692427,0.03543252595155709,0.044844290657439445,0.09842368319876971,-0.17279507881584008,-0.008858131487889272,-0.09842368319876971,-0.2599000384467512,-0.47637062668204533,-0.06698961937716265,-0.13016532103037293,0.08421376393694734,-0.09356401384083046,-10.35411558100965,-16.91219002615941,-7.626664047726254,-15.503110551046642,0.6670493483543396,-0.6838036179542542,-0.6398062705993652,0.5739365220069885,-0.5808748602867126,-0.5641748905181885,0.7535348534584045,-0.6602423787117004,-0.5256968140602112,0.7857142686843872,-0.6771641969680786,-0.5535750389099121,1885.704833984375,0.37406593561172485
EXPB-074,108.999121,23.270069,-0.05536332179930796,0.006151480199923107,0.11909265667051133,0.017777777777777778,-0.07972318339100345,0.16000000000000003,-0.1085121107266436,0.1085121107266436,-0.06698961937716265,0.2364628988850442,0.05911572472126105,0.09356401384083046,-0.1929104190695886,0.01384083044982699,-0.003936947327950788,0.007443291041906958,-0.14173010380622836,0.029773164167627833,-0.1085121107266436,-0.044844290657439445,-0.37425605536332185,0.2599000384467512,-0.03844675124951941,-0.09356401384083046,-0.05173394848135333,0.186082276047674,-0.05536332179930796,-0.08882737408688965,0.05536332179930796,0.17279507881584008,0.05911572472126105,0.0629911572472126,0.007443291041906958,0.1085121107266436,-0.07111111111111111,0.186082276047674,-0.1085121107266436,-0.003014225297962322,0.05911572472126105,-0.0271280276816609,0.15378700499807765,0.16633602460592078,-0.022206843521722412,0.2761399461745483,-0.0271280276816609,0.10340638216070744,0.14173010380622836,-0.044844290657439445,0.05911572472126105,0.06698961937716265,-0.05911572472126105,-0.07111111111111111,0.012056901191849288,0.05911572472126105,0.09356401384083046,-0.16000000000000003,-0.12456747404844293,-0.09356401384083046,-0.03844675124951941,-0.21413302575932336,-0.186082276047674,-0.28444444444444444,0.07111111111111111,0.019930795847750864,-10.092442649198727,-16.97725752780685,-7.710736650276009,-13.892808601166536,0.5004656314849854,-0.5516178607940674,-0.6281149983406067,0.7280420064926147,-0.6374948024749756,-0.600609302520752,0.7394548058509827,-0.6450474858283997,-0.5964208841323853,0.6513025760650635,-0.5766853094100952,-0.49384018778800964,87.73990631103516,0.044697355479002
EXPB-075,108.95423535958965,23.85673866341896,-0.044844290657439445,0.022206843521722412,0.1085121107266436,0.05173394848135333,-0.029773164167627833,0.03254133025759323,-0.2519646289888504,0.186082276047674,-0.0015378700499807767,0.14769703960015382,-0.002214532871972318,0.01574778931180315,-0.1929104190695886,-0.07111111111111111,0.041584006151480196,0.00024605920799692423,-0.003014225297962322,0.1929104190695886,-0.16633602460592078,-0.17937716262975778,-0.34602076124567477,0.2364628988850442,-0.1085121107266436,-0.09842368319876971,0.008858131487889272,0.2519646289888504,0.029773164167627833,-0.03844675124951941,0.029773164167627833,0.2069357939254133,0.029773164167627833,0.1085121107266436,0.11909265667051133,0.19986159169550174,-0.07972318339100345,0.041584006151480196,-0.03844675124951941,0.003014225297962322,0.05911572472126105,0.03254133025759323,0.16000000000000003,0.13588619761630144,-0.0015378700499807767,0.19986159169550174,0.05173394848135333,-0.05536332179930796,-0.01574778931180315,0.17937716262975778,0.08882737408688965,0.004982698961937716,0.007443291041906958,-0.041584006151480196,0.11374086889657825,0.11909265667051133,0.15378700499807765,-0.14769703960015382,-0.044844290657439445,-0.07111111111111111,0.024605920799692427,-0.10340638216070744,-0.17279507881584008,-0.24415224913494812,0.08882737408688965,0.11374086889657825,-6.626783405595367,-10.247122418925738,-6.211983058564604,-10.682248454990368,0.5174847841262817,-0.5177282094955444,-0.5322856903076172,0.732292115688324,-0.5828742980957031,-0.4900520443916321,0.7568545341491699,-0.605159342288971,-0.4879734516143799,0.662733793258667,-0.5860554575920105,-0.5381317138671875,204.23545837402344,0.044697355479002
EXPB-076,113.1215199626201,27.663170016818604,-0.0629911572472126,-0.010396001537870049,0.08882737408688965,0.029773164167627833,0.06698961937716265,0.16633602460592078,-0.2364628988850442,0.06698961937716265,0.03543252595155709,0.1929104190695886,0.0015378700499807767,0.017777777777777778,-0.186082276047674,-0.10340638216070744,-0.05536332179930796,-0.16000000000000003,-0.186082276047674,0.14769703960015382,-0.11374086889657825,-0.08421376393694734,-0.2288965782391388,0.1929104190695886,-0.11374086889657825,-0.1085121107266436,-0.008858131487889272,0.2069357939254133,-0.03543252595155709,-0.041584006151480196,0.14173010380622836,0.16633602460592078,0.10340638216070744,0.05536332179930796,0.05536332179930796,0.05173394848135333,-0.1929104190695886,0.186082276047674,-0.11909265667051133,-0.07535563244905807,0.09842368319876971,0.07972318339100345,0.2069357939254133,0.186082276047674,0.012056901191849288,0.11909265667051133,0.1085121107266436,-0.007443291041906958,0.05911572472126105,0.07535563244905807,0.10340638216070744,0.06698961937716265,-0.09842368319876971,0.0629911572472126,0.03844675124951941,0.14769703960015382,0.09842368319876971,-0.186082276047674,-0.17279507881584008,0.017777777777777778,-0.05536332179930796,-0.0271280276816609,-0.22145328719723184,-0.2519646289888504,0.029773164167627833,0.11374086889657825,-8.470286075948447,-17.93514205940817,-9.34736205802247,-13.656801219802315,0.5553382039070129,-0.5445128083229065,-0.49424874782562256,0.5974382162094116,-0.5575379133224487,-0.5238400101661682,0.6991150379180908,-0.5903614163398743,-0.5191514492034912,0.6209595203399658,-0.5417475700378418,-0.5150684714317322,70.8809814453125,0.15091733634471893
EXPB-077,101.624941,24.696773,0.14173010380622836,-0.09842368319876971,0.07535563244905807,-0.07972318339100345,-0.008858131487889272,-0.06698961937716265,0.15378700499807765,-0.09356401384083046,-0.17937716262975778,-0.0005536332179930795,-0.008858131487889272,-0.17937716262975778,-0.31009611687812383,-0.05536332179930796,-0.10340638216070744,-0.2519646289888504,-0.00024605920799692423,-0.000984236831987697,-0.03844675124951941,-0.04822760476739715,0.05536332179930796,0.08421376393694734,-0.024605920799692427,-0.14769703960015382,-0.07972318339100345,0.05173394848135333,0.12456747404844293,-0.09842368319876971,0.004982698961937716,0.05911572472126105,0.1929104190695886,0.041584006151480196,-0.03543252595155709,0.022206843521722412,0.16000000000000003,-0.03543252595155709,-0.1929104190695886,0.00024605920799692423,0.04822760476739715,-0.17937716262975778,-0.09356401384083046,0.006151480199923107,-0.22145328719723184,0.08882737408688965,-0.017777777777777778,0.04822760476739715,-0.2069357939254133,0.05911572472126105,-0.13016532103037293,-0.041584006151480196,0.010396001537870049,0.07535563244905807,-0.07111111111111111,0.1929104190695886,0.186082276047674,-0.13588619761630144,0.0015378700499807767,-0.019930795847750864,-0.2069357939254133,-0.2761399461745483,0.029773164167627833,-0.14173010380622836,-0.2599000384467512,0.14173010380622836,-7.725234912274646,-18.521181689353178,1.7668358152437655,-14.955549840893529,0.13149170577526093,-0.39814308285713196,-0.3070271909236908,0.13493865728378296,-0.380110502243042,-0.37107622623443604,0.09540975838899612,-0.4072244465351105,-0.4278903603553772,0.11160416901111603,-0.39050790667533875,-0.33915138244628906,1929.5078125,0.3255285918712616
EXPB-078,103.96580075534553,23.851169108657416,0.01384083044982699,-0.09356401384083046,0.1085121107266436,-0.017777777777777778,-0.041584006151480196,-0.11909265667051133,-0.2069357939254133,0.186082276047674,-0.08421376393694734,0.044844290657439445,-0.044844290657439445,-0.022206843521722412,-0.2519646289888504,-0.03543252595155709,-0.03543252595155709,-0.05911572472126105,-0.16633602460592078,0.2364628988850442,-0.16000000000000003,-0.08882737408688965,-0.2599000384467512,0.13016532103037293,0.09356401384083046,-0.07972318339100345,-0.01384083044982699,-0.14173010380622836,0.13016532103037293,0.08882737408688965,-0.11909265667051133,0.044844290657439445,0.11374086889657825,0.05911572472126105,0.14769703960015382,0.13016532103037293,-0.22145328719723184,-0.09842368319876971,-0.022206843521722412,-0.13016532103037293,0.06698961937716265,0.03543252595155709,-0.03254133025759323,0.07111111111111111,-0.186082276047674,0.1929104190695886,0.05911572472126105,0.14173010380622836,-0.044844290657439445,0.05173394848135333,-0.2288965782391388,-0.05536332179930796,0.08421376393694734,-0.03543252595155709,0.16000000000000003,-0.05911572472126105,0.03254133025759323,-0.044844290657439445,-0.024605920799692427,-0.029773164167627833,-0.24415224913494812,-0.31009611687812383,-0.029773164167627833,-0.12456747404844293,-0.10340638216070744,-0.0629911572472126,-11.027580312913832,-16.07221817670936,-9.525014644143441,-16.269146766348573,0.6343980431556702,-0.6440929174423218,-0.6576319336891174,0.42388758063316345,-0.5037097930908203,-0.5815085172653198,0.5216703414916992,-0.46691063046455383,-0.3970334529876709,0.7561211585998535,-0.6695252656936646,-0.5753640532493591,1720.946533203125,0.18381312489509583
EXPB-079,110.94598000753945,23.623895341775174,0.06698961937716265,0.044844290657439445,0.09842368319876971,0.07535563244905807,-0.002214532871972318,-0.04822760476739715,-0.31009611687812383,0.186082276047674,0.044844290657439445,0.06698961937716265,-0.07535563244905807,0.19986159169550174,-0.29287197231833906,0.041584006151480196,-0.06698961937716265,0.0271280276816609,-0.07972318339100345,-0.019930795847750864,-0.12456747404844293,-0.01384083044982699,-0.14173010380622836,-0.03254133025759323,0.12456747404844293,-0.14769703960015382,-0.03844675124951941,0.029773164167627833,0.024605920799692427,-0.024605920799692427,-0.24415224913494812,0.11374086889657825,0.186082276047674,0.2364628988850442,0.2519646289888504,-0.07972318339100345,-0.2069357939254133,0.22145328719723184,-0.14173010380622836,-0.1929104190695886,-0.05173394848135333,0.04822760476739715,-0.01384083044982699,0.06698961937716265,0.029773164167627833,0.13016532103037293,0.03543252595155709,0.13588619761630144,-0.07535563244905807,0.09356401384083046,0.08421376393694734,0.0629911572472126,0.010396001537870049,-0.17937716262975778,0.019930795847750864,0.041584006151480196,-0.004982698961937716,-0.16633602460592078,-0.08882737408688965,0.041584006151480196,-0.13016532103037293,-0.11374086889657825,0.05173394848135333,-0.11909265667051133,-0.17937716262975778,-0.06698961937716265,-14.351916673671731,-19.61599101794838,-14.656353259393374,-18.457799609699094,,,,,,,,,,,,,,
EXPB-080,104.998743,25.389105,0.09356401384083046,-0.07535563244905807,0.09356401384083046,0.05536332179930796,0.05536332179930796,-0.11909265667051133,-0.24415224913494812,0.08882737408688965,-0.01574778931180315,0.16633602460592078,0.16633602460592078,0.08882737408688965,-0.2519646289888504,0.01574778931180315,0.01384083044982699,-0.14769703960015382,-0.16000000000000003,-0.004982698961937716,-0.08882737408688965,-0.16633602460592078,-0.2288965782391388,-0.0629911572472126,0.07535563244905807,-0.1929104190695886,-0.01384083044982699,0.022206843521722412,-0.03543252595155709,-0.041584006151480196,-0.05173394848135333,0.13588619761630144,-0.010396001537870049,0.14173010380622836,0.1085121107266436,0.044844290657439445,-0.16000000000000003,0.05173394848135333,-0.17279507881584008,-0.14173010380622836,0.010396001537870049,0.05911572472126105,-0.041584006151480196,0.08421376393694734,-0.19986159169550174,0.186082276047674,-0.09842368319876971,0.01574778931180315,-0.01384083044982699,-0.007443291041906958,0.01384083044982699,-0.007443291041906958,0.11909265667051133,-0.04822760476739715,0.08421376393694734,0.12456747404844293,-0.0005536332179930795,-0.29287197231833906,-0.14769703960015382,-0.05911572472126105,-0.17279507881584008,-0.3553094963475586,-0.08421376393694734,-0.17279507881584008,-0.029773164167627833,-0.03254133025759323,-12.20295868311084,-17.606428319277324,-9.88751822204096,-17.732472095272907,0.6616837382316589,-0.6359411478042603,-0.611463189125061,0.705467939376831,-0.5907384157180786,-0.5102957487106323,0.7484764456748962,-0.5891238451004028,-0.42696627974510193,0.821094810962677,-0.7420178651809692,-0.6188679337501526,1744.3504638671875,0.26218023896217346
EXPB-081,102.62057361737656,24.78272205828936,-0.044844290657439445,-0.16633602460592078,0.2069357939254133,0.08421376393694734,0.03844675124951941,-0.09356401384083046,-0.08882737408688965,0.12456747404844293,0.007443291041906958,-0.029773164167627833,0.05911572472126105,-0.16000000000000003,-0.22145328719723184,0.003936947327950788,0.07535563244905807,-0.03844675124951941,-0.21413302575932336,-0.05911572472126105,-0.08882737408688965,-0.186082276047674,-0.1929104190695886,0.01574778931180315,0.17937716262975778,-0.09842368319876971,-0.07535563244905807,0.05536332179930796,0.09842368319876971,-0.08421376393694734,-0.044844290657439445,0.04822760476739715,-0.12456747404844293,-0.06698961937716265,-0.1085121107266436,-0.007443291041906958,0.041584006151480196,-0.06698961937716265,0.044844290657439445,-0.019930795847750864,-0.07972318339100345,-0.03254133025759323,0.11374086889657825,-0.03254133025759323,-0.31009611687812383,0.21413302575932336,0.0005536332179930795,0.05536332179930796,-0.05536332179930796,0.05911572472126105,-0.06698961937716265,0.07972318339100345,0.022206843521722412,0.17279507881584008,-0.004982698961937716,0.09356401384083046,0.14173010380622836,-0.13588619761630144,0.010396001537870049,0.00024605920799692423,-0.36472126105344094,-0.34602076124567477,-0.03543252595155709,-0.1929104190695886,-0.11909265667051133,-0.01574778931180315,-12.406210276959232,-17.837776079888343,-10.156144707490341,-14.700068066781267,0.6702127456665039,-0.651327908039093,-0.4808143973350525,0.8767567276954651,-0.8001116514205933,-0.5184473395347595,0.6274790167808533,-0.5644654035568237,-0.2746317386627197,0.7627118825912476,-0.6602644324302673,-0.4699357748031616,1900.6121826171875,0.18647928535938263
EXPB-082,104.873159,23.563549,0.07972318339100345,0.09842368319876971,0.044844290657439445,-0.04822760476739715,-0.000984236831987697,-0.07535563244905807,-0.07535563244905807,0.041584006151480196,-0.22145328719723184,0.03254133025759323,0.31009611687812383,-0.041584006151480196,-0.3553094963475586,0.07972318339100345,-0.186082276047674,-0.10340638216070744,0.21413302575932336,0.044844290657439445,-0.1929104190695886,-0.11909265667051133,-0.03543252595155709,-0.05911572472126105,0.07111111111111111,-0.07972318339100345,-0.022206843521722412,-0.08421376393694734,-0.07972318339100345,0.0629911572472126,-0.044844290657439445,0.14769703960015382,0.13016532103037293,0.05173394848135333,0.2288965782391388,-0.0005536332179930795,-0.05911572472126105,-0.06698961937716265,-0.2288965782391388,-0.019930795847750864,-0.010396001537870049,-0.0005536332179930795,0.0629911572472126,-0.1085121107266436,-0.186082276047674,0.13588619761630144,-0.0271280276816609,-0.01574778931180315,0.017777777777777778,0.21413302575932336,-0.0629911572472126,0.041584006151480196,0.003936947327950788,0.022206843521722412,0.09356401384083046,0.13588619761630144,0.21413302575932336,-0.1085121107266436,-0.041584006151480196,-0.07972318339100345,0.029773164167627833,-0.3188927335640138,-0.0271280276816609,-0.17937716262975778,0.029773164167627833,0.06698961937716265,-8.313758769017408,-14.25712564475398,-6.601966575821887,-14.717277874987488,-0.032374098896980286,-0.06799007207155228,-0.17305152118206024,0.05902273952960968,-0.14727462828159332,-0.2660426199436188,0.038903623819351196,-0.1682823747396469,-0.28488993644714355,0.029560202732682228,-0.11912225931882858,-0.22496120631694794,1291.1820068359375,0.2061697244644165
EXPB-083,108.312988,28.100759,-0.044844290657439445,0.07535563244905807,0.15378700499807765,0.07111111111111111,0.09356401384083046,-0.007443291041906958,-0.2679584775086506,0.14173010380622836,0.10340638216070744,0.16000000000000003,-0.05173394848135333,-0.03543252595155709,-0.22145328719723184,-0.05911572472126105,-0.07111111111111111,-0.16000000000000003,-0.11909265667051133,0.14769703960015382,-0.12456747404844293,-0.13016532103037293,-0.2069357939254133,0.2679584775086506,-0.14769703960015382,-0.10340638216070744,0.0005536332179930795,0.12456747404844293,-0.0271280276816609,-0.10340638216070744,0.08421376393694734,0.1085121107266436,0.03844675124951941,0.03543252595155709,0.019930795847750864,0.15378700499807765,-0.11909265667051133,0.05911572472126105,-0.11374086889657825,-0.01574778931180315,-0.007443291041906958,-0.004982698961937716,0.13588619761630144,0.2069357939254133,-0.01384083044982699,0.14769703960015382,-0.029773164167627833,0.07111111111111111,0.10340638216070744,0.14173010380622836,0.044844290657439445,-0.010396001537870049,-0.03844675124951941,-0.01574778931180315,0.11909265667051133,0.11909265667051133,0.0629911572472126,-0.17279507881584008,-0.14769703960015382,-0.01384083044982699,-0.17937716262975778,-0.15378700499807765,-0.1929104190695886,-0.3278123798539023,-0.003936947327950788,0.09842368319876971,-6.5664260927267115,-17.061162809551185,-8.649713760221909,-13.99088242904526,0.5175274610519409,-0.5343959927558899,-0.5593489408493042,0.5945315361022949,-0.5418345928192139,-0.507366955280304,0.8000733852386475,-0.659747302532196,-0.5104690790176392,0.7347517609596252,-0.6560595631599426,-0.587996780872345,625.7949829101562,0.2159118354320526
EXPB-084,102.09979,25.267024,0.15378700499807765,-0.06698961937716265,0.08882737408688965,-0.01384083044982699,0.024605920799692427,-0.03844675124951941,0.017777777777777778,-0.08882737408688965,-0.186082276047674,0.01384083044982699,0.16000000000000003,-0.06698961937716265,-0.3553094963475586,-0.024605920799692427,-0.07972318339100345,-0.1929104190695886,-0.044844290657439445,0.03543252595155709,-0.07972318339100345,-0.006151480199923107,-0.06698961937716265,0.10340638216070744,0.19986159169550174,-0.14173010380622836,-0.13588619761630144,0.03254133025759323,-0.0005536332179930795,-0.012056901191849288,-0.03844675124951941,0.11909265667051133,0.08882737408688965,0.041584006151480196,0.019930795847750864,-0.002214532871972318,0.09356401384083046,-0.08421376393694734,-0.22145328719723184,-0.05536332179930796,0.041584006151480196,-0.10340638216070744,-0.11909265667051133,0.004982698961937716,-0.28444444444444444,0.16000000000000003,-0.017777777777777778,0.11909265667051133,-0.03543252595155709,0.003936947327950788,-0.1085121107266436,-0.11909265667051133,0.07972318339100345,0.05173394848135333,0.03543252595155709,0.11909265667051133,0.19986159169550174,-0.29287197231833906,-0.06698961937716265,-0.05173394848135333,-0.14173010380622836,-0.3553094963475586,-0.004982698961937716,-0.2069357939254133,-0.05911572472126105,-0.022206843521722412,-7.347443550747096,-15.301028533841109,-5.337339856512113,-14.929223932437328,0.13713862001895905,-0.1909937858581543,-0.23802559077739716,0.10584518313407898,-0.17779023945331573,-0.2636865973472595,0.11589404195547104,-0.171882763504982,-0.1776023656129837,0.14005236327648163,-0.2433975785970688,-0.23877917230129242,1813.7047119140625,0.09512107074260712
EXPB-085,112.435447,28.639749,-0.08421376393694734,-0.2288965782391388,-0.003936947327950788,-0.07535563244905807,0.0629911572472126,0.2679584775086506,-0.15378700499807765,0.15378700499807765,-0.07111111111111111,0.13588619761630144,0.11909265667051133,-0.03254133025759323,-0.14769703960015382,0.010396001537870049,-0.04822760476739715,-0.012056901191849288,-0.3014225297962323,-0.044844290657439445,-0.019930795847750864,-0.09356401384083046,-0.19986159169550174,0.0629911572472126,-0.22145328719723184,0.03543252595155709,-0.13016532103037293,0.08882737408688965,0.012056901191849288,-0.2599000384467512,0.03543252595155709,0.01574778931180315,-0.006151480199923107,0.08882737408688965,-0.06698961937716265,0.1085121107266436,-0.029773164167627833,0.14173010380622836,-0.041584006151480196,-0.11909265667051133,0.11909265667051133,0.2364628988850442,0.019930795847750864,0.11909265667051133,0.09356401384083046,-0.05911572472126105,-0.06698961937716265,0.16000000000000003,-0.041584006151480196,0.15378700499807765,-0.09842368319876971,0.09842368319876971,0.024605920799692427,0.13016532103037293,-0.186082276047674,-0.05536332179930796,0.05536332179930796,-0.19986159169550174,0.03254133025759323,-0.07972318339100345,-0.012056901191849288,-0.10340638216070744,-0.09356401384083046,-0.2069357939254133,0.0271280276816609,0.2519646289888504,-26.074109510904805,-24.79623101061664,-28.052793383386117,-26.0174868791427,-0.06397896260023117,0.14147910475730896,0.4624098837375641,0.018091078847646713,0.07952622324228287,0.08349844068288803,0.14489522576332092,-0.07537688314914703,0.035647280514240265,0.772141695022583,-0.7012560367584229,-0.48976898193359375,26.85011100769043,0.028971422463655472
EXPB-086,104.62309804873578,25.58680406910474,0.019930795847750864,0.006151480199923107,0.05536332179930796,0.017777777777777778,0.024605920799692427,0.006151480199923107,-0.2288965782391388,0.1085121107266436,0.006151480199923107,0.1085121107266436,0.2679584775086506,-0.03844675124951941,-0.2364628988850442,0.012056901191849288,0.0271280276816609,-0.10340638216070744,-0.1085121107266436,0.008858131487889272,-0.2364628988850442,-0.19986159169550174,-0.29287197231833906,-0.06698961937716265,0.08421376393694734,-0.2069357939254133,0.012056901191849288,0.022206843521722412,0.04822760476739715,-0.044844290657439445,-0.007443291041906958,0.14769703960015382,-0.01574778931180315,0.2288965782391388,0.16000000000000003,0.13016532103037293,-0.10340638216070744,0.003014225297962322,-0.16000000000000003,0.003936947327950788,-0.017777777777777778,-0.006151480199923107,-0.019930795847750864,0.006151480199923107,-0.14769703960015382,0.1929104190695886,0.01384083044982699,0.01384083044982699,0.01574778931180315,0.0629911572472126,0.010396001537870049,0.01574778931180315,0.11374086889657825,-0.07111111111111111,0.11374086889657825,0.17279507881584008,0.07111111111111111,-0.2069357939254133,-0.07111111111111111,-0.12456747404844293,-0.17279507881584008,-0.3278123798539023,-0.12456747404844293,-0.14769703960015382,0.07535563244905807,-0.017777777777777778,-11.233106498114235,-17.16917075376872,-9.473376569352272,-18.332118727962598,0.5392491221427917,-0.5880281925201416,-0.617803156375885,0.6419932246208191,-0.5681503415107727,-0.4967695474624634,0.8130060434341431,-0.6494014859199524,-0.4700765609741211,0.6534940004348755,-0.5818349719047546,-0.45063596963882446,1893.4803466796875,0.26218023896217346
EXPB-087,105.02787891576004,23.77175803754125,-0.019930795847750864,-0.05911572472126105,0.05911572472126105,0.0271280276816609,0.01384083044982699,-0.05911572472126105,-0.21413302575932336,0.08421376393694734,0.03844675124951941,0.07111111111111111,0.186082276047674,-0.07111111111111111,-0.29287197231833906,-0.004982698961937716,0.04822760476739715,-0.07111111111111111,-0.05911572472126105,-0.019930795847750864,-0.2679584775086506,-0.2679584775086506,-0.2679584775086506,-0.06698961937716265,0.07111111111111111,-0.21413302575932336,0.03844675124951941,0.01574778931180315,0.09842368319876971,-0.041584006151480196,-0.13016532103037293,0.17937716262975778,-0.017777777777777778,0.16000000000000003,0.17279507881584008,0.03543252595155709,-0.17937716262975778,-0.03844675124951941,-0.12456747404844293,0.01574778931180315,-0.022206843521722412,-0.024605920799692427,0.04822760476739715,-0.04822760476739715,-0.21413302575932336,0.21413302575932336,0.08421376393694734,-0.019930795847750864,-0.029773164167627833,0.13588619761630144,-0.03254133025759323,0.05536332179930796,0.12456747404844293,-0.05173394848135333,0.09842368319876971,0.12456747404844293,0.14173010380622836,-0.12456747404844293,-0.041584006151480196,-0.08421376393694734,-0.11909265667051133,-0.3188927335640138,-0.003014225297962322,-0.14769703960015382,0.01574778931180315,0.012056901191849288,-11.624683204983082,-16.90107662020999,-9.911622643501037,-19.815654951812444,0.7277424335479736,-0.6716015934944153,-0.5817825794219971,0.6570596694946289,-0.5412943363189697,-0.4637543559074402,0.7129543423652649,-0.5654210448265076,-0.4392857253551483,0.7706125974655151,-0.6182991862297058,-0.462981253862381,1746.806640625,0.22393862903118134
EXPB-088,112.45847345141148,24.68498535537716,-0.041584006151480196,-0.022206843521722412,0.14173010380622836,0.03254133025759323,0.017777777777777778,0.05911572472126105,-0.3188927335640138,0.16000000000000003,0.029773164167627833,0.19986159169550174,0.044844290657439445,-0.041584006151480196,-0.2288965782391388,-0.019930795847750864,0.03543252595155709,-0.041584006151480196,-0.09356401384083046,0.14173010380622836,-0.14769703960015382,-0.17937716262975778,-0.2679584775086506,0.2599000384467512,-0.13588619761630144,-0.14173010380622836,-0.0015378700499807767,0.05536332179930796,-0.01574778931180315,-0.0629911572472126,-0.0005536332179930795,0.186082276047674,0.024605920799692427,0.044844290657439445,0.041584006151480196,0.11374086889657825,-0.2364628988850442,0.11374086889657825,-0.13016532103037293,0.03254133025759323,-0.0271280276816609,0.010396001537870049,0.13016532103037293,0.16633602460592078,-0.01574778931180315,0.2069357939254133,0.022206843521722412,0.012056901191849288,0.002214532871972318,0.13588619761630144,0.11374086889657825,0.022206843521722412,-0.007443291041906958,-0.017777777777777778,0.12456747404844293,0.12456747404844293,0.07111111111111111,-0.09842368319876971,-0.14173010380622836,-0.044844290657439445,-0.03543252595155709,-0.13588619761630144,-0.15378700499807765,-0.2761399461745483,0.14769703960015382,0.1085121107266436,-8.13017757593434,-13.98692495499149,-8.760294116154043,-14.29531799034556,0.5209580659866333,-0.5079155564308167,-0.49251699447631836,0.4951567053794861,-0.5264688730239868,-0.5348571538925171,0.7864487171173096,-0.6476595997810364,-0.48861831426620483,0.729130208492279,-0.6247943043708801,-0.539393961429596,249.56732177734375,0.10129718482494354
EXPB-089,111.740959,26.684296,-0.03543252595155709,-0.08421376393694734,-0.007443291041906958,0.029773164167627833,0.03543252595155709,0.13016532103037293,-0.07972318339100345,0.09356401384083046,-0.022206843521722412,0.11909265667051133,0.21413302575932336,0.017777777777777778,-0.05173394848135333,-0.01384083044982699,-0.024605920799692427,-0.044844290657439445,-0.0271280276816609,-0.1929104190695886,-0.11909265667051133,-0.08421376393694734,-0.12456747404844293,0.06698961937716265,-0.10340638216070744,-0.004982698961937716,-0.2364628988850442,-0.03543252595155709,0.0629911572472126,-0.14769703960015382,0.06698961937716265,0.09842368319876971,-0.05173394848135333,0.15378700499807765,-0.029773164167627833,-0.0629911572472126,-0.15378700499807765,0.17279507881584008,-0.0629911572472126,-0.11374086889657825,0.012056901191849288,0.29287197231833906,-0.041584006151480196,0.03844675124951941,0.21413302575932336,0.0,-0.10340638216070744,0.2288965782391388,-0.1085121107266436,0.17937716262975778,-0.13016532103037293,-0.1929104190695886,-0.03254133025759323,0.07535563244905807,-0.0629911572472126,0.03844675124951941,0.04822760476739715,-0.19986159169550174,-0.16633602460592078,0.01384083044982699,0.044844290657439445,-0.14769703960015382,-0.11909265667051133,-0.2599000384467512,0.12456747404844293,0.3188927335640138,-22.85908391195823,-25.756817532931212,-21.14015779518302,-25.498954542826027,,,,,,,,,,,,,,
EXPB-090,105.468473,26.473821,0.007443291041906958,-0.041584006151480196,0.10340638216070744,0.1085121107266436,0.09356401384083046,-0.19986159169550174,-0.2069357939254133,0.16000000000000003,-0.01384083044982699,0.007443291041906958,0.186082276047674,0.05536332179930796,-0.1929104190695886,0.03543252595155709,-0.14173010380622836,-0.16633602460592078,-0.186082276047674,-0.05536332179930796,-0.17937716262975778,-0.03844675124951941,-0.16000000000000003,-0.09842368319876971,0.019930795847750864,-0.14173010380622836,0.07111111111111111,-0.07972318339100345,0.07972318339100345,-0.11909265667051133,-0.17279507881584008,0.05536332179930796,0.08421376393694734,0.186082276047674,0.05173394848135333,0.044844290657439445,-0.3014225297962323,0.03543252595155709,-0.24415224913494812,-0.1085121107266436,0.008858131487889272,0.11374086889657825,-0.09356401384083046,0.05536332179930796,-0.11374086889657825,-0.008858131487889272,-0.10340638216070744,0.13588619761630144,0.03543252595155709,0.05173394848135333,0.008858131487889272,0.012056901191849288,0.01574778931180315,-0.08421376393694734,0.05173394848135333,0.16000000000000003,-0.022206843521722412,-0.19986159169550174,-0.13588619761630144,-0.186082276047674,-0.24415224913494812,-0.22145328719723184,-0.03844675124951941,0.002214532871972318,-0.09356401384083046,-0.08421376393694734,-15.668374645131491,-23.975221206592224,-16.65492124602163,-21.891112607725777,0.5829914212226868,-0.6266769170761108,-0.6623916625976562,0.7480888366699219,-0.6350017189979553,-0.5314685106277466,0.8599090576171875,-0.7341572642326355,-0.5488381385803223,0.7351058721542358,-0.6474988460540771,-0.5558173656463623,1825.20361328125,0.14847861230373383
EXPB-091,105.386816,25.089427,-0.029773164167627833,-0.15378700499807765,0.15378700499807765,-0.004982698961937716,0.006151480199923107,-0.17937716262975778,-0.16000000000000003,0.03543252595155709,-0.2288965782391388,0.09356401384083046,-0.019930795847750864,-0.10340638216070744,-0.2599000384467512,-0.05911572472126105,-0.10340638216070744,-0.21413302575932336,-0.05173394848135333,0.31009611687812383,-0.07972318339100345,-0.13016532103037293,-0.11909265667051133,0.22145328719723184,-0.07111111111111111,-0.11909265667051133,-0.14769703960015382,-0.05173394848135333,0.03543252595155709,0.05911572472126105,-0.07535563244905807,0.044844290657439445,0.14769703960015382,-0.008858131487889272,0.08882737408688965,0.09356401384083046,-0.1085121107266436,-0.0629911572472126,-0.14173010380622836,-0.05173394848135333,-0.05173394848135333,0.0629911572472126,0.05173394848135333,-0.004982698961937716,-0.22145328719723184,0.08882737408688965,-0.0271280276816609,0.15378700499807765,0.1085121107266436,0.186082276047674,-0.05173394848135333,-0.09842368319876971,0.16000000000000003,0.07535563244905807,0.0629911572472126,-0.01574778931180315,0.08882737408688965,-0.05911572472126105,-0.16000000000000003,-0.044844290657439445,-0.08882737408688965,-0.2519646289888504,-0.044844290657439445,-0.2599000384467512,0.07972318339100345,-0.03844675124951941,-4.030776703636235,-12.47390019871479,-4.629079349261877,-12.1148953337881,0.21474173665046692,-0.3240550458431244,-0.5053240656852722,0.20652785897254944,-0.296251505613327,-0.4962129294872284,0.39570552110671997,-0.38438132405281067,-0.4684763550758362,0.37307992577552795,-0.4162191152572632,-0.5194517970085144,1274.8367919921875,0.33392462134361267
EXPB-092,105.070699,26.333683,0.08882737408688965,0.04822760476739715,0.07535563244905807,0.07972318339100345,0.041584006151480196,-0.11374086889657825,-0.15378700499807765,0.044844290657439445,0.019930795847750864,0.15378700499807765,0.1085121107266436,0.003936947327950788,-0.2519646289888504,-0.044844290657439445,-0.08882737408688965,-0.13588619761630144,-0.22145328719723184,0.11374086889657825,-0.14173010380622836,-0.17937716262975778,-0.2519646289888504,0.09842368319876971,0.007443291041906958,-0.08421376393694734,-0.029773164167627833,-0.044844290657439445,0.01574778931180315,-0.06698961937716265,0.010396001537870049,0.13016532103037293,-0.0271280276816609,0.08882737408688965,0.11909265667051133,0.17279507881584008,-0.15378700499807765,0.03844675124951941,-0.03844675124951941,-0.17937716262975778,-0.03844675124951941,0.03254133025759323,0.019930795847750864,0.14173010380622836,-0.186082276047674,0.14173010380622836,-0.041584006151480196,0.0015378700499807767,0.004982698961937716,-0.01384083044982699,-0.03543252595155709,-0.010396001537870049,0.07972318339100345,-0.07111111111111111,0.11909265667051133,0.08882737408688965,0.002214532871972318,-0.28444444444444444,-0.07972318339100345,-0.03543252595155709,-0.21413302575932336,-0.40359861591695495,-0.2069357939254133,-0.13588619761630144,-0.07535563244905807,0.024605920799692427,-10.436758453552553,-18.00576707773417,-10.530746059055712,-16.111585143536196,0.6336801648139954,-0.6007586717605591,-0.5631647109985352,0.6681976914405823,-0.5601374506950378,-0.4728171229362488,0.7921022176742554,-0.6480640769004822,-0.48535728454589844,0.7180119752883911,-0.6333780288696289,-0.5771163702011108,2057.5302734375,0.14847861230373383
EXPB-093,105.476557,26.486217,-0.03543252595155709,0.044844290657439445,0.022206843521722412,0.0629911572472126,0.022206843521722412,-0.08882737408688965,-0.16000000000000003,0.1085121107266436,0.0271280276816609,0.16000000000000003,0.14173010380622836,-0.08421376393694734,-0.21413302575932336,-0.03543252595155709,-0.05911572472126105,-0.15378700499807765,-0.17279507881584008,0.044844290657439445,-0.2069357939254133,-0.1929104190695886,-0.19986159169550174,-0.010396001537870049,0.002214532871972318,-0.17279507881584008,0.04822760476739715,0.07972318339100345,0.01574778931180315,-0.13588619761630144,0.019930795847750864,0.14173010380622836,-0.13016532103037293,0.17937716262975778,0.13588619761630144,0.09842368319876971,-0.08421376393694734,-0.03543252595155709,-0.12456747404844293,-0.07972318339100345,-0.03844675124951941,-0.05911572472126105,0.019930795847750864,0.044844290657439445,-0.16000000000000003,0.1085121107266436,-0.07111111111111111,-0.000984236831987697,0.09356401384083046,0.07111111111111111,0.09842368319876971,0.05911572472126105,0.1085121107266436,-0.05173394848135333,0.07972318339100345,0.2364628988850442,0.07111111111111111,-0.2599000384467512,-0.017777777777777778,-0.09356401384083046,-0.2069357939254133,-0.37425605536332185,-0.14173010380622836,-0.19986159169550174,0.004982698961937716,-0.01574778931180315,-9.184507598244485,-15.436878545271515,-8.386445517484864,-14.433874015118606,0.42332613468170166,-0.4892655313014984,-0.5649663209915161,0.6700767278671265,-0.5917123556137085,-0.5073529481887817,0.8131852746009827,-0.6942030787467957,-0.51341313123703,0.7376867532730103,-0.6705089807510376,-0.5847116708755493,1878.464111328125,0.14847861230373383
EXPB-094,102.86219,24.528339,0.03254133025759323,-0.1929104190695886,-0.10340638216070744,0.07535563244905807,0.07972318339100345,0.04822760476739715,-0.044844290657439445,0.07972318339100345,0.03543252595155709,0.05173394848135333,0.22145328719723184,-0.07972318339100345,-0.1085121107266436,-0.08882737408688965,0.08882737408688965,-0.03543252595155709,-0.0015378700499807767,-0.10340638216070744,-0.0629911572472126,-0.1929104190695886,0.019930795847750864,0.10340638216070744,0.09842368319876971,0.16633602460592078,-0.186082276047674,-0.16633602460592078,0.08882737408688965,-0.19986159169550174,0.11374086889657825,0.01574778931180315,-0.2519646289888504,0.31009611687812383,0.0271280276816609,-0.04822760476739715,-0.13588619761630144,-0.024605920799692427,0.11909265667051133,-0.07111111111111111,0.017777777777777778,0.14173010380622836,-0.019930795847750864,-0.17937716262975778,0.11374086889657825,0.05173394848135333,-0.09356401384083046,0.17937716262975778,-0.2069357939254133,0.16633602460592078,-0.16633602460592078,-0.07535563244905807,0.019930795847750864,0.16633602460592078,-0.11909265667051133,0.05173394848135333,0.03844675124951941,-0.04822760476739715,-0.10340638216070744,0.03844675124951941,-0.041584006151480196,-0.2364628988850442,-0.029773164167627833,-0.07111111111111111,0.12456747404844293,0.24415224913494812,-21.64424192299547,-26.410957360651558,-23.830261016848908,-27.46601785353426,-0.03496503457427025,0.38116592168807983,0.6041666865348816,-0.04160688817501068,0.17784614861011505,0.2897574007511139,-0.06543967127799988,0.2751784324645996,0.5184136033058167,-0.18888889253139496,0.514950156211853,0.525083601474762,1720.5,0.18647928535938263
EXPB-095,109.10964390374232,27.36501917401933,-0.006151480199923107,0.05911572472126105,0.15378700499807765,-0.05536332179930796,0.09356401384083046,0.007443291041906958,-0.2364628988850442,0.14769703960015382,0.0015378700499807767,0.1085121107266436,-0.029773164167627833,0.041584006151480196,-0.24415224913494812,-0.0629911572472126,-0.1085121107266436,-0.21413302575932336,-0.1085121107266436,0.15378700499807765,-0.2069357939254133,0.0271280276816609,-0.21413302575932336,0.2288965782391388,-0.17279507881584008,-0.09356401384083046,0.024605920799692427,0.029773164167627833,-0.07111111111111111,-0.16000000000000003,-0.003014225297962322,0.16000000000000003,0.010396001537870049,0.05911572472126105,0.05173394848135333,0.10340638216070744,-0.2288965782391388,0.13588619761630144,-0.13588619761630144,-0.09356401384083046,0.044844290657439445,0.07535563244905807,0.09356401384083046,0.16000000000000003,-0.03254133025759323,0.16633602460592078,-0.002214532871972318,0.07111111111111111,0.17279507881584008,0.010396001537870049,0.003014225297962322,-0.012056901191849288,0.04822760476739715,0.0015378700499807767,0.13588619761630144,0.06698961937716265,-0.019930795847750864,-0.10340638216070744,-0.1929104190695886,-0.017777777777777778,-0.14173010380622836,-0.12456747404844293,-0.2288965782391388,-0.2761399461745483,-0.08882737408688965,0.07972318339100345,-11.84343908724172,-20.310987789063883,-8.76264370523603,-14.250602056249388,0.29614874720573425,-0.36886394023895264,-0.5675848722457886,0.619681179523468,-0.5599613189697266,-0.43887776136398315,0.6732142567634583,-0.5784375667572021,-0.48107826709747314,0.6367887854576111,-0.5897047519683838,-0.6169611215591431,408.6621398925781,0.04253005608916283
EXPB-096,108.970824,23.079536,-0.08882737408688965,-0.041584006151480196,0.15378700499807765,0.017777777777777778,-0.05911572472126105,0.12456747404844293,-0.09842368319876971,-0.024605920799692427,0.05536332179930796,0.16633602460592078,0.03254133025759323,0.14173010380622836,-0.2679584775086506,0.08882737408688965,-0.01574778931180315,0.06698961937716265,-0.15378700499807765,-0.05536332179930796,-0.21413302575932336,-0.186082276047674,-0.31009611687812383,0.19986159169550174,-0.16633602460592078,0.029773164167627833,-0.186082276047674,0.09842368319876971,-0.11374086889657825,0.03254133025759323,0.019930795847750864,0.024605920799692427,0.07111111111111111,-0.04822760476739715,-0.05911572472126105,-0.03543252595155709,0.03543252595155709,0.2288965782391388,-0.2069357939254133,-0.024605920799692427,0.01574778931180315,0.07972318339100345,-0.002214532871972318,0.16633602460592078,0.003936947327950788,0.16000000000000003,-0.05173394848135333,0.11374086889657825,0.16000000000000003,0.017777777777777778,0.024605920799692427,0.0271280276816609,-0.03543252595155709,-0.008858131487889272,-0.029773164167627833,-0.006151480199923107,0.17279507881584008,-0.14173010380622836,-0.11374086889657825,-0.07972318339100345,-0.11374086889657825,-0.14173010380622836,-0.17279507881584008,-0.33685505574778934,0.09842368319876971,0.004982698961937716,-9.873701633678385,-18.281299521648048,-7.799019867085441,-19.94769461766205,0.33205923438072205,-0.4317014813423157,-0.47880691289901733,0.8522666692733765,-0.743911623954773,-0.5306028723716736,0.8397279977798462,-0.7472324967384338,-0.5435235500335693,0.35412025451660156,-0.47513142228126526,-0.48715922236442566,118.5164794921875,0.044697355479002
EXPB-097,102.91234642165855,25.79718950864553,-0.07111111111111111,-0.12456747404844293,0.14769703960015382,-0.010396001537870049,0.003936947327950788,-0.12456747404844293,-0.07972318339100345,0.14769703960015382,0.0015378700499807767,-0.019930795847750864,0.16000000000000003,-0.12456747404844293,-0.19986159169550174,-0.007443291041906958,-0.03543252595155709,-0.07972318339100345,-0.24415224913494812,-0.029773164167627833,-0.17937716262975778,-0.14173010380622836,-0.186082276047674,0.16000000000000003,0.22145328719723184,-0.09356401384083046,-0.041584006151480196,-0.029773164167627833,0.01574778931180315,-0.05173394848135333,-0.03254133025759323,0.05911572472126105,-0.09842368319876971,0.008858131487889272,-0.11374086889657825,0.05173394848135333,0.024605920799692427,-0.14769703960015382,-0.0629911572472126,0.05536332179930796,0.008858131487889272,-0.14173010380622836,0.08421376393694734,-0.03844675124951941,-0.17937716262975778,0.19986159169550174,-0.08421376393694734,0.08421376393694734,0.05173394848135333,-0.012056901191849288,-0.007443291041906958,-0.04822760476739715,0.08421376393694734,0.1929104190695886,0.0629911572472126,0.14173010380622836,0.09842368319876971,-0.13588619761630144,-0.024605920799692427,-0.11374086889657825,-0.3014225297962323,-0.3839138792772011,-0.11909265667051133,-0.2069357939254133,-0.022206843521722412,0.010396001537870049,-10.619567902256177,-16.159136742905492,-7.664799673666404,-14.404225586950218,0.4417475759983063,-0.5615141987800598,-0.7180050611495972,0.6963496804237366,-0.718120813369751,-0.6227545142173767,0.7968653440475464,-0.7091208100318909,-0.5511682629585266,0.7505180239677429,-0.6926467418670654,-0.7132710218429565,2043.0504150390625,0.09512107074260712
EXPB-098,112.742131,28.999524,-0.03844675124951941,-0.12456747404844293,0.10340638216070744,-0.07972318339100345,0.06698961937716265,0.3014225297962323,-0.11909265667051133,0.15378700499807765,-0.10340638216070744,0.14769703960015382,0.22145328719723184,-0.022206843521722412,-0.2364628988850442,-0.01384083044982699,-0.09842368319876971,-0.03844675124951941,-0.2761399461745483,-0.11909265667051133,-0.10340638216070744,-0.029773164167627833,-0.16000000000000003,0.09842368319876971,-0.11909265667051133,0.05536332179930796,-0.022206843521722412,0.1085121107266436,-0.0629911572472126,-0.1929104190695886,0.10340638216070744,0.11909265667051133,-0.03254133025759323,-0.03844675124951941,0.044844290657439445,0.17279507881584008,-0.0629911572472126,0.16000000000000003,0.05911572472126105,-0.03844675124951941,0.05536332179930796,0.17937716262975778,-0.05911572472126105,0.07111111111111111,0.04822760476739715,0.041584006151480196,-0.06698961937716265,0.09842368319876971,0.029773164167627833,0.17279507881584008,0.09356401384083046,0.14769703960015382,-0.05173394848135333,0.14173010380622836,-0.06698961937716265,-0.019930795847750864,0.08421376393694734,-0.2288965782391388,-0.1085121107266436,-0.1085121107266436,0.06698961937716265,-0.06698961937716265,-0.186082276047674,-0.2288965782391388,0.0271280276816609,0.24415224913494812,-15.177470991362366,-25.279599911830545,-6.142388630342551,-13.401767876378013,-0.009684473276138306,-0.08972155302762985,0.16191312670707703,0.21453900635242462,-0.1435726135969162,0.08609738945960999,0.8229581713676453,-0.6797589063644409,-0.543133556842804,0.5516692996025085,-0.32789117097854614,-0.1492537260055542,26.51970100402832,0.028971422463655472
EXPB-099,109.40896255641094,24.976937822716,-0.05911572472126105,0.044844290657439445,0.09356401384083046,0.024605920799692427,-0.012056901191849288,-0.017777777777777778,-0.2519646289888504,0.07972318339100345,0.09842368319876971,0.13588619761630144,-0.07111111111111111,-0.03844675124951941,-0.2599000384467512,-0.03254133025759323,-0.04822760476739715,-0.05536332179930796,-0.16633602460592078,0.21413302575932336,-0.17937716262975778,-0.24415224913494812,-0.2069357939254133,0.1929104190695886,-0.14769703960015382,-0.13016532103037293,-0.07535563244905807,0.16633602460592078,-0.05173394848135333,-0.10340638216070744,0.03254133025759323,0.1929104190695886,0.08421376393694734,0.05911572472126105,0.11374086889657825,0.14769703960015382,-0.15378700499807765,0.08421376393694734,-0.0629911572472126,0.044844290657439445,0.09356401384083046,-0.041584006151480196,0.15378700499807765,0.07111111111111111,-0.01574778931180315,0.186082276047674,0.029773164167627833,-0.003014225297962322,0.041584006151480196,0.2599000384467512,-0.0015378700499807767,-0.022206843521722412,0.04822760476739715,-0.09842368319876971,0.11374086889657825,0.09356401384083046,0.11909265667051133,-0.16000000000000003,-0.08882737408688965,-0.007443291041906958,0.002214532871972318,-0.186082276047674,-0.14769703960015382,-0.2364628988850442,0.08421376393694734,0.08421376393694734,-6.863652181484623,-14.438106489553473,-4.150719510510374,-12.871719779560634,0.5948739051818848,-0.6001659035682678,-0.6097165942192078,0.6401265263557434,-0.5573914051055908,-0.46432358026504517,0.6940812468528748,-0.6279383897781372,-0.5354251265525818,0.7160006761550903,-0.6808332204818726,-0.6009241938591003,489.21307373046875,0.07590702176094055
EXPB-100,102.846021,24.852272,0.08421376393694734,-0.17937716262975778,0.14173010380622836,0.07535563244905807,0.1085121107266436,-0.19986159169550174,0.041584006151480196,0.05911572472126105,-0.3014225297962323,0.1085121107266436,0.004982698961937716,-0.05173394848135333,-0.08882737408688965,-0.03844675124951941,-0.186082276047674,-0.17937716262975778,0.09356401384083046,0.16633602460592078,0.11909265667051133,-0.09842368319876971,0.03543252595155709,0.09356401384083046,0.10340638216070744,-0.08882737408688965,-0.003014225297962322,0.07535563244905807,0.08882737408688965,0.017777777777777778,0.024605920799692427,0.029773164167627833,-0.04822760476739715,0.029773164167627833,-0.07972318339100345,-0.022206843521722412,0.12456747404844293,-0.2761399461745483,-0.19986159169550174,-0.12456747404844293,-0.01384083044982699,-0.16633602460592078,0.019930795847750864,-0.13016532103037293,-0.2364628988850442,-0.029773164167627833,-0.024605920799692427,0.186082276047674,-0.05536332179930796,0.19986159169550174,0.07111111111111111,-0.07111111111111111,0.0629911572472126,0.14173010380622836,-0.10340638216070744,0.0271280276816609,0.17279507881584008,-0.31009611687812383,-0.012056901191849288,-0.07111111111111111,-0.019930795847750864,-0.2364628988850442,0.03254133025759323,-0.08882737408688965,0.041584006151480196,-0.10340638216070744,-0.9935168854648091,-8.216994537605318,-2.2306664752600454,-11.329201208047179,0.28844791650772095,-0.32507288455963135,-0.27825409173965454,0.3031230866909027,-0.3568544089794159,-0.33951762318611145,0.2578062415122986,-0.3248998522758484,-0.33726584911346436,0.265238881111145,-0.28489482402801514,-0.2473902702331543,1944.1002197265625,0.18647928535938263
EXPB-101,105.25099,24.628861,-0.004982698961937716,-0.08421376393694734,0.14769703960015382,0.04822760476739715,0.05911572472126105,-0.2288965782391388,-0.29287197231833906,0.17279507881584008,-0.07535563244905807,0.041584006151480196,-0.019930795847750864,0.03543252595155709,-0.2679584775086506,-0.017777777777777778,-0.06698961937716265,-0.13016532103037293,-0.13588619761630144,0.186082276047674,-0.186082276047674,-0.010396001537870049,-0.2288965782391388,0.12456747404844293,-0.007443291041906958,-0.05173394848135333,0.04822760476739715,-0.13588619761630144,0.1085121107266436,0.03543252595155709,-0.1929104190695886,-0.008858131487889272,0.14769703960015382,0.13588619761630144,0.14173010380622836,0.06698961937716265,-0.2519646289888504,-0.012056901191849288,-0.13588619761630144,-0.12456747404844293,-0.03254133025759323,0.06698961937716265,-0.07111111111111111,0.04822760476739715,-0.11374086889657825,0.11909265667051133,-0.019930795847750864,0.17937716262975778,-0.03543252595155709,0.07972318339100345,-0.15378700499807765,-0.003936947327950788,0.07972318339100345,-0.08421376393694734,0.13588619761630144,-0.024605920799692427,-0.03543252595155709,-0.05173394848135333,-0.11909265667051133,-0.09842368319876971,-0.24415224913494812,-0.2364628988850442,-0.017777777777777778,-0.041584006151480196,-0.13016532103037293,-0.08421376393694734,-11.180277865196565,-17.726730945345082,-12.567644041558218,-18.17770947295973,0.6642235517501831,-0.6627002358436584,-0.6731707453727722,0.5563506484031677,-0.527655839920044,-0.5775421857833862,0.803805947303772,-0.6637824177742004,-0.5188395380973816,0.7670196890830994,-0.6769562363624573,-0.6088657379150391,1548.619873046875,0.03635488077998161
EXPB-102,105.494344,26.501848,0.024605920799692427,0.05173394848135333,0.10340638216070744,0.03254133025759323,0.041584006151480196,-0.10340638216070744,-0.14769703960015382,0.16000000000000003,0.07111111111111111,0.2069357939254133,0.07972318339100345,-0.11374086889657825,-0.2069357939254133,-0.006151480199923107,-0.11909265667051133,-0.16633602460592078,-0.17937716262975778,0.13016532103037293,-0.14769703960015382,-0.3014225297962323,-0.16633602460592078,0.07535563244905807,-0.0629911572472126,-0.16633602460592078,0.03254133025759323,0.022206843521722412,-0.03543252595155709,-0.0629911572472126,0.029773164167627833,0.11374086889657825,-0.05536332179930796,0.07535563244905807,0.017777777777777778,0.17279507881584008,-0.15378700499807765,-0.05536332179930796,-0.12456747404844293,-0.11374086889657825,-0.03254133025759323,-0.004982698961937716,0.05536332179930796,0.13588619761630144,-0.16633602460592078,0.06698961937716265,-0.11909265667051133,-0.03543252595155709,-0.024605920799692427,0.14769703960015382,0.08882737408688965,-0.029773164167627833,0.0629911572472126,-0.03254133025759323,0.16000000000000003,0.186082276047674,0.041584006151480196,-0.2599000384467512,-0.044844290657439445,-0.022206843521722412,-0.1929104190695886,-0.2761399461745483,-0.15378700499807765,-0.22145328719723184,-0.0629911572472126,0.05173394848135333,-8.257874865025492,-12.222922559462727,-7.472278035262269,-11.070661089112285,0.5755813717842102,-0.6008439064025879,-0.631619930267334,0.654258668422699,-0.5910193920135498,-0.5575976371765137,0.8274672031402588,-0.7172503471374512,-0.5416958928108215,0.7848057746887207,-0.686261773109436,-0.61712247133255,1942.1953125,0.14847861230373383
EXPB-103,103.66827873324516,23.51915177964684,0.05173394848135333,-0.04822760476739715,0.019930795847750864,0.0629911572472126,-0.004982698961937716,-0.0629911572472126,-0.2519646289888504,0.12456747404844293,0.0629911572472126,0.01384083044982699,0.16633602460592078,0.03543252595155709,-0.28444444444444444,0.0271280276816609,0.019930795847750864,-0.041584006151480196,0.044844290657439445,-0.05536332179930796,-0.29287197231833906,-0.24415224913494812,-0.1929104190695886,-0.2679584775086506,0.16000000000000003,-0.15378700499807765,0.06698961937716265,-0.03254133025759323,0.07111111111111111,-0.019930795847750864,-0.13588619761630144,0.186082276047674,-0.008858131487889272,0.1085121107266436,0.24415224913494812,0.022206843521722412,-0.17279507881584008,-0.05911572472126105,-0.10340638216070744,-0.0015378700499807767,-0.007443291041906958,0.0271280276816609,0.007443291041906958,-0.08421376393694734,-0.12456747404844293,0.22145328719723184,0.024605920799692427,0.017777777777777778,-0.09842368319876971,0.16000000000000003,0.012056901191849288,0.07535563244905807,0.11374086889657825,-0.09842368319876971,0.08421376393694734,0.1085121107266436,0.1085121107266436,-0.07972318339100345,-0.010396001537870049,-0.07972318339100345,-0.186082276047674,-0.28444444444444444,0.0271280276816609,-0.029773164167627833,-0.04822760476739715,0.041584006151480196,-12.590080927138336,-18.633237491425906,-10.792012693057034,-14.587620320613317,0.8729943633079529,-0.8183413743972778,-0.640625,0.7604221701622009,-0.7042145729064941,-0.5810419917106628,0.816229522228241,-0.7046092748641968,-0.4892887771129608,0.8768176436424255,-0.7648493051528931,-0.5321434736251831,1949.2894287109375,0.18381312489509583
EXPB-104,104.534404,25.978759,-0.003014225297962322,-0.13588619761630144,0.08421376393694734,0.05911572472126105,0.04822760476739715,-0.07535563244905807,-0.16000000000000003,-0.05173394848135333,-0.0629911572472126,-0.03844675124951941,0.34602076124567477,-0.01574778931180315,-0.2519646289888504,0.002214532871972318,-0.041584006151480196,-0.13588619761630144,-0.024605920799692427,-0.08882737408688965,-0.1085121107266436,-0.21413302575932336,-0.05536332179930796,0.07972318339100345,0.007443291041906958,-0.07972318339100345,-0.2679584775086506,-0.22145328719723184,0.04822760476739715,-0.006151480199923107,-0.07972318339100345,0.044844290657439445,0.16000000000000003,0.006151480199923107,0.13588619761630144,-0.07972318339100345,-0.14173010380622836,0.09842368319876971,-0.17279507881584008,0.01384083044982699,-0.006151480199923107,0.17279507881584008,0.0015378700499807767,-0.010396001537870049,-0.044844290657439445,0.007443291041906958,-0.11374086889657825,0.10340638216070744,0.07111111111111111,0.1929104190695886,-0.017777777777777778,-0.044844290657439445,0.0271280276816609,0.08882737408688965,-0.05173394848135333,0.16000000000000003,0.16000000000000003,-0.13588619761630144,-0.16633602460592078,-0.14173010380622836,-0.16000000000000003,-0.31009611687812383,-0.002214532871972318,-0.17937716262975778,0.07535563244905807,0.11374086889657825,-14.888621287673109,-24.348237293359794,-17.649278394285947,-26.467228172966898,0.11279334127902985,-0.11027190089225769,-0.2561565935611725,0.11358574777841568,-0.1066027283668518,-0.25246912240982056,0.0547645129263401,-0.2679394483566284,-0.38783374428749084,0.09465020895004272,-0.14065180718898773,-0.3388320803642273,1617.9901123046875,0.26218023896217346
EXPB-105,109.419533,27.757693,0.03254133025759323,0.08421376393694734,0.16633602460592078,0.08421376393694734,0.12456747404844293,-0.05911572472126105,-0.3188927335640138,0.2519646289888504,0.003936947327950788,0.11909265667051133,-0.07972318339100345,0.04822760476739715,-0.2599000384467512,0.01384083044982699,-0.13588619761630144,-0.07535563244905807,-0.08421376393694734,0.186082276047674,-0.15378700499807765,0.024605920799692427,-0.09842368319876971,0.19986159169550174,-0.09842368319876971,-0.09356401384083046,0.06698961937716265,-0.029773164167627833,-0.044844290657439445,-0.1085121107266436,-0.08882737408688965,0.05911572472126105,0.09842368319876971,0.07972318339100345,0.09356401384083046,0.09842368319876971,-0.29287197231833906,0.05173394848135333,-0.17937716262975778,-0.17279507881584008,-0.044844290657439445,-0.01384083044982699,-0.029773164167627833,0.16633602460592078,0.002214532871972318,0.10340638216070744,-0.0271280276816609,0.2069357939254133,0.08882737408688965,0.21413302575932336,0.01384083044982699,0.03254133025759323,-0.029773164167627833,-0.1929104190695886,0.13016532103037293,0.008858131487889272,0.012056901191849288,-0.09842368319876971,-0.14769703960015382,0.022206843521722412,-0.17937716262975778,-0.09356401384083046,-0.05536332179930796,-0.13588619761630144,-0.08882737408688965,-0.003936947327950788,-6.745498103766797,-11.653844885516406,-8.85707343335613,-14.490695078301167,0.7774863243103027,-0.7199661731719971,-0.6096698045730591,0.6831573247909546,-0.5897794961929321,-0.4684807360172272,0.8121212124824524,-0.6657381653785706,-0.49667948484420776,0.8499624729156494,-0.7507987022399902,-0.6398152709007263,590.2198486328125,0.04253005608916283
EXPB-106,112.732969,28.818693,-0.08882737408688965,-0.08882737408688965,0.04822760476739715,0.09842368319876971,0.041584006151480196,0.17279507881584008,-0.07972318339100345,0.10340638216070744,-0.022206843521722412,0.12456747404844293,-0.010396001537870049,0.04822760476739715,-0.15378700499807765,-0.08421376393694734,-0.03254133025759323,-0.17937716262975778,-0.2519646289888504,0.14173010380622836,-0.17279507881584008,-0.09356401384083046,-0.2519646289888504,0.16000000000000003,-0.16000000000000003,0.14173010380622836,0.06698961937716265,0.12456747404844293,0.003014225297962322,-0.07972318339100345,0.10340638216070744,0.08421376393694734,-0.022206843521722412,0.05911572472126105,-0.01574778931180315,-0.03543252595155709,-0.1085121107266436,0.21413302575932336,-0.17937716262975778,-0.03844675124951941,0.08882737408688965,0.019930795847750864,0.2519646289888504,0.041584006151480196,-0.029773164167627833,-0.06698961937716265,0.07972318339100345,0.13588619761630144,0.17279507881584008,-0.04822760476739715,0.10340638216070744,0.0629911572472126,-0.11374086889657825,0.2069357939254133,-0.012056901191849288,0.1085121107266436,0.0271280276816609,-0.17937716262975778,-0.10340638216070744,-0.06698961937716265,-0.09842368319876971,-0.08421376393694734,-0.2364628988850442,-0.186082276047674,0.2519646289888504,0.09842368319876971,-11.188748374636361,-15.869376290430758,-9.789657806346106,-14.45626796163679,0.3808891773223877,-0.47824543714523315,-0.5539699196815491,0.6636496186256409,-0.5346081256866455,-0.4739725887775421,0.49992772936820984,-0.5241591930389404,-0.6151561737060547,0.4490455090999603,-0.44947120547294617,-0.5051491856575012,27.393369674682617,0.028971422463655472
EXPB-107,112.22230636321646,26.228650339608137,0.08421376393694734,0.08421376393694734,0.08421376393694734,0.07535563244905807,0.09842368319876971,-0.006151480199923107,-0.2761399461745483,0.16000000000000003,-0.006151480199923107,0.044844290657439445,0.14173010380622836,0.07535563244905807,-0.29287197231833906,-0.017777777777777778,-0.10340638216070744,-0.14769703960015382,-0.022206843521722412,0.03543252595155709,-0.3278123798539023,0.11374086889657825,-0.16000000000000003,0.07111111111111111,-0.10340638216070744,-0.13588619761630144,0.03844675124951941,-0.024605920799692427,-0.01384083044982699,-0.14769703960015382,-0.10340638216070744,0.2288965782391388,0.0629911572472126,0.13016532103037293,0.14769703960015382,0.029773164167627833,-0.2599000384467512,0.15378700499807765,-0.29287197231833906,-0.11374086889657825,-0.05173394848135333,0.004982698961937716,-0.041584006151480196,0.15378700499807765,0.03254133025759323,0.09842368319876971,0.01574778931180315,0.14173010380622836,0.07972318339100345,-0.01384083044982699,0.11374086889657825,0.044844290657439445,-0.000984236831987697,-0.12456747404844293,0.04822760476739715,0.13588619761630144,-0.0005536332179930795,-0.08421376393694734,-0.16000000000000003,-0.08882737408688965,-0.07972318339100345,-0.06698961937716265,-0.14173010380622836,-0.12456747404844293,-0.019930795847750864,0.019930795847750864,-14.508562773212814,-19.903752588607375,-13.457250700205865,-21.046563726249477,,,,,,,,,,,,,,
EXPB-108,103.573387,23.906885,0.0271280276816609,-0.04822760476739715,0.1929104190695886,-0.03844675124951941,-0.07972318339100345,-0.05173394848135333,-0.13016532103037293,0.29287197231833906,-0.07111111111111111,0.08882737408688965,0.01384083044982699,-0.10340638216070744,-0.2069357939254133,-0.03543252595155709,0.024605920799692427,0.01384083044982699,0.019930795847750864,0.24415224913494812,-0.14173010380622836,-0.22145328719723184,-0.19986159169550174,0.2288965782391388,0.03254133025759323,-0.14173010380622836,0.010396001537870049,-0.05173394848135333,0.16633602460592078,0.11909265667051133,-0.017777777777777778,0.11909265667051133,0.07972318339100345,-0.01574778931180315,0.1085121107266436,0.2288965782391388,-0.08421376393694734,-0.16633602460592078,0.004982698961937716,-0.03844675124951941,0.0629911572472126,-0.1085121107266436,0.05173394848135333,0.16000000000000003,-0.2364628988850442,0.13588619761630144,0.002214532871972318,0.05173394848135333,-0.05173394848135333,0.2761399461745483,-0.06698961937716265,-0.08882737408688965,0.03543252595155709,-0.0015378700499807767,0.10340638216070744,0.0271280276816609,0.16000000000000003,-0.05536332179930796,0.03543252595155709,-0.10340638216070744,-0.0629911572472126,-0.19986159169550174,0.0271280276816609,-0.2364628988850442,0.044844290657439445,0.044844290657439445,-2.620896830626325,-11.257950511196741,-1.3773857909721139,-9.260904623738778,0.5317460298538208,-0.5950413346290588,-0.6575422286987305,0.31187334656715393,-0.43285301327705383,-0.5913621187210083,0.5174171328544617,-0.5652936100959778,-0.5767015218734741,0.7838594913482666,-0.7220447063446045,-0.6181634068489075,1337.380126953125,0.18381312489509583
EXPB-109,102.685941,25.787418,0.09356401384083046,-0.09356401384083046,0.21413302575932336,-0.041584006151480196,-0.01384083044982699,-0.05173394848135333,-0.15378700499807765,0.29287197231833906,-0.01384083044982699,0.13016532103037293,-0.01384083044982699,-0.08882737408688965,-0.07535563244905807,0.041584006151480196,-0.008858131487889272,0.029773164167627833,-0.003936947327950788,0.2599000384467512,-0.08421376393694734,-0.2519646289888504,-0.07111111111111111,0.09842368319876971,0.01574778931180315,-0.05173394848135333,0.044844290657439445,-0.17279507881584008,0.1929104190695886,0.0015378700499807767,0.0629911572472126,0.10340638216070744,-0.13016532103037293,0.05911572472126105,-0.019930795847750864,0.19986159169550174,-0.16000000000000003,-0.24415224913494812,-0.06698961937716265,-0.0629911572472126,-0.03254133025759323,-0.16633602460592078,0.019930795847750864,0.10340638216070744,-0.2069357939254133,-0.03543252595155709,-0.004982698961937716,0.13588619761630144,-0.15378700499807765,0.34602076124567477,0.08882737408688965,0.0271280276816609,0.03254133025759323,-0.07972318339100345,-0.01384083044982699,-0.07972318339100345,0.14769703960015382,-0.09356401384083046,0.05536332179930796,-0.17937716262975778,-0.06698961937716265,-0.13588619761630144,0.04822760476739715,-0.0271280276816609,0.17937716262975778,-0.07972318339100345,-7.736177263200567,-13.316347540197837,-18.895184288024375,-24.43951497136314,0.6864677667617798,-0.6436878442764282,-0.5749899744987488,0.4795459508895874,-0.5182417631149292,-0.5389146208763123,0.6347322463989258,-0.5688889026641846,-0.4004249572753906,0.8654298782348633,-0.7669640183448792,-0.5561848282814026,2054.955810546875,0.09512107074260712
EXPB-110,102.60431411073398,25.6488776552374,0.029773164167627833,-0.0629911572472126,0.17279507881584008,-0.01574778931180315,-0.0271280276816609,-0.05911572472126105,-0.17937716262975778,0.17937716262975778,0.012056901191849288,0.07972318339100345,0.1085121107266436,-0.17937716262975778,-0.19986159169550174,-0.07535563244905807,0.09842368319876971,-0.05173394848135333,-0.05173394848135333,0.16000000000000003,-0.16000000000000003,-0.2761399461745483,-0.24415224913494812,0.07972318339100345,0.10340638216070744,-0.14173010380622836,-0.01384083044982699,0.01384083044982699,0.09356401384083046,0.03254133025759323,0.10340638216070744,0.11374086889657825,-0.022206843521722412,0.04822760476739715,0.0271280276816609,0.186082276047674,-0.07111111111111111,-0.17279507881584008,0.044844290657439445,-0.0271280276816609,0.003014225297962322,-0.0629911572472126,0.08882737408688965,0.06698961937716265,-0.22145328719723184,0.21413302575932336,-0.008858131487889272,-0.003014225297962322,-0.14173010380622836,0.15378700499807765,-0.0271280276816609,-0.008858131487889272,0.01574778931180315,0.029773164167627833,0.1085121107266436,0.14173010380622836,0.14173010380622836,-0.16000000000000003,0.012056901191849288,-0.09842368319876971,-0.19986159169550174,-0.3188927335640138,-0.05911572472126105,-0.24415224913494812,0.0271280276816609,0.041584006151480196,-9.909076180525647,-15.808301006350392,-10.441703314266668,-16.451630059128803,0.5781773924827576,-0.5939664244651794,-0.5478231310844421,0.5727625489234924,-0.5385047793388367,-0.5066105723381042,0.690009355545044,-0.5811312794685364,-0.5197796821594238,0.761206328868866,-0.6529010534286499,-0.5299651622772217,1826.72802734375,0.09512107074260712
EXPB-111,109.89072904328424,25.472358701907915,0.017777777777777778,0.12456747404844293,0.14173010380622836,0.022206843521722412,0.07111111111111111,0.007443291041906958,-0.17937716262975778,0.05173394848135333,-0.03844675124951941,0.024605920799692427,0.13016532103037293,0.05911572472126105,-0.2679584775086506,0.03254133025759323,-0.1085121107266436,-0.186082276047674,-0.09842368319876971,0.01384083044982699,-0.2288965782391388,0.007443291041906958,-0.24415224913494812,-0.0015378700499807767,-0.05911572472126105,-0.16633602460592078,0.003014225297962322,-0.010396001537870049,0.017777777777777778,-0.15378700499807765,-0.2069357939254133,0.08882737408688965,0.13016532103037293,0.2288965782391388,0.186082276047674,0.07111111111111111,-0.2679584775086506,0.15378700499807765,-0.19986159169550174,-0.07972318339100345,0.003936947327950788,0.08421376393694734,-0.019930795847750864,0.08421376393694734,-0.09356401384083046,0.10340638216070744,0.03254133025759323,0.186082276047674,0.05536332179930796,0.08882737408688965,-0.003014225297962322,0.04822760476739715,0.03844675124951941,-0.13016532103037293,0.07972318339100345,0.10340638216070744,0.05536332179930796,-0.17279507881584008,-0.11909265667051133,-0.11909265667051133,-0.08882737408688965,-0.3014225297962323,-0.08421376393694734,-0.07972318339100345,-0.08882737408688965,-0.008858131487889272,-18.039744877948948,-22.257658766095084,-13.850058897923326,-19.79171591154387,0.577625572681427,-0.6088474988937378,-0.5988059639930725,0.5726128220558167,-0.5055849552154541,-0.5132397413253784,0.5045824646949768,-0.48979076743125916,-0.52173912525177,0.7711188793182373,-0.6908094882965088,-0.5866557955741882,894.90625,0.12126899510622025
EXPB-112,109.84749,23.272494,-0.07111111111111111,-0.010396001537870049,0.17937716262975778,0.05911572472126105,-0.044844290657439445,0.13016532103037293,-0.1085121107266436,0.044844290657439445,-0.09356401384083046,0.13588619761630144,0.14769703960015382,0.07535563244905807,-0.19986159169550174,-0.010396001537870049,-0.03543252595155709,0.006151480199923107,-0.06698961937716265,-0.0271280276816609,-0.15378700499807765,-0.029773164167627833,-0.37425605536332185,0.2679584775086506,-0.05173394848135333,-0.12456747404844293,-0.041584006151480196,0.22145328719723184,-0.004982698961937716,-0.07535563244905807,-0.06698961937716265,0.16633602460592078,0.04822760476739715,-0.029773164167627833,-0.03254133025759323,0.1085121107266436,-0.03844675124951941,0.2069357939254133,-0.09356401384083046,0.01574778931180315,-0.008858131487889272,0.07535563244905807,0.11909265667051133,0.08882737408688965,-0.05173394848135333,0.2679584775086506,0.0271280276816609,0.09842368319876971,0.15378700499807765,0.019930795847750864,0.11374086889657825,0.003936947327950788,-0.04822760476739715,0.007443291041906958,0.010396001537870049,0.12456747404844293,0.21413302575932336,-0.22145328719723184,-0.14769703960015382,-0.03254133025759323,-0.08421376393694734,-0.19986159169550174,-0.13016532103037293,-0.2288965782391388,0.07535563244905807,0.09356401384083046,-13.149634461976571,-15.107611846544096,-11.271685563017497,-14.093764575633077,0.4087659418582916,-0.4714285731315613,-0.5154761672019958,0.7048562169075012,-0.5908491015434265,-0.45566287636756897,0.6525331735610962,-0.5393964052200317,-0.40205100178718567,0.47312891483306885,-0.39450687170028687,-0.3518209159374237,40.93061447143555,0.12756973505020142
EXPB-113,113.051781,23.51504,-0.007443291041906958,-0.13016532103037293,0.11909265667051133,0.0629911572472126,-0.0629911572472126,0.09842368319876971,-0.2364628988850442,0.017777777777777778,-0.029773164167627833,0.2069357939254133,-0.019930795847750864,0.03844675124951941,-0.2679584775086506,-0.09842368319876971,0.010396001537870049,-0.05911572472126105,-0.11909265667051133,0.1929104190695886,-0.03254133025759323,-0.10340638216070744,-0.31009611687812383,0.1929104190695886,-0.08882737408688965,-0.1085121107266436,-0.10340638216070744,0.2069357939254133,-0.05911572472126105,-0.08882737408688965,-0.010396001537870049,0.2364628988850442,0.11909265667051133,0.03254133025759323,0.041584006151480196,0.07972318339100345,-0.12456747404844293,0.2364628988850442,0.010396001537870049,-0.0629911572472126,0.09842368319876971,0.09842368319876971,0.16633602460592078,0.14173010380622836,-0.007443291041906958,0.2599000384467512,0.09842368319876971,-0.006151480199923107,0.002214532871972318,0.01574778931180315,0.05911572472126105,0.09356401384083046,-0.05536332179930796,-0.008858131487889272,0.017777777777777778,0.17937716262975778,0.12456747404844293,-0.22145328719723184,-0.11374086889657825,0.03844675124951941,0.0005536332179930795,-0.1085121107266436,-0.11374086889657825,-0.15378700499807765,0.01384083044982699,0.07535563244905807,-12.49820136705561,-16.599964423354724,-9.139803460022364,-13.963666565208149,0.6669957041740417,-0.5777016282081604,-0.5049288272857666,0.5631067752838135,-0.5219446420669556,-0.525469183921814,0.6695398688316345,-0.5235984921455383,-0.3926553726196289,0.7523430585861206,-0.5757885575294495,-0.4291115403175354,48.85928726196289,0.12428018450737
EXPB-114,101.76358083632653,23.67923156327694,0.01574778931180315,0.07111111111111111,0.08421376393694734,0.022206843521722412,0.029773164167627833,-0.05911572472126105,-0.11909265667051133,0.07535563244905807,0.010396001537870049,-0.041584006151480196,0.11374086889657825,-0.0629911572472126,-0.2679584775086506,0.01574778931180315,-0.05911572472126105,-0.11909265667051133,-0.11909265667051133,-0.044844290657439445,-0.2364628988850442,-0.08882737408688965,-0.21413302575932336,-0.01574778931180315,0.06698961937716265,-0.12456747404844293,0.05173394848135333,-0.11909265667051133,0.16000000000000003,-0.10340638216070744,-0.2364628988850442,-0.000984236831987697,0.11909265667051133,0.2679584775086506,0.1085121107266436,0.03254133025759323,-0.17937716262975778,0.05536332179930796,-0.2069357939254133,-0.03254133025759323,-0.11909265667051133,-0.0629911572472126,-0.11374086889657825,0.0015378700499807767,-0.09842368319876971,0.17279507881584008,-0.029773164167627833,0.2364628988850442,-0.13016532103037293,-0.05536332179930796,-0.017777777777777778,0.03844675124951941,0.017777777777777778,-0.0629911572472126,0.11374086889657825,0.1085121107266436,-0.0015378700499807767,-0.13588619761630144,-0.019930795847750864,-0.14173010380622836,-0.186082276047674,-0.36472126105344094,-0.029773164167627833,-0.010396001537870049,-0.13016532103037293,-0.11374086889657825,-14.399529615091504,-21.663256071698154,-2.9876791507618297,-9.824362120221023,0.6692875027656555,-0.660649836063385,-0.6334806084632874,0.6886743307113647,-0.6539297103881836,-0.5809995532035828,0.7207695841789246,-0.5923305153846741,-0.35709142684936523,0.7885787487030029,-0.718002438545227,-0.5124937295913696,1940.1375732421875,0.11091592907905579
EXPB-115,113.669732,23.653829,-0.04822760476739715,-0.0271280276816609,0.14769703960015382,0.01384083044982699,-0.09356401384083046,0.08421376393694734,-0.21413302575932336,0.06698961937716265,-0.0629911572472126,0.186082276047674,0.0271280276816609,-0.01574778931180315,-0.28444444444444444,-0.08882737408688965,0.022206843521722412,0.007443291041906958,-0.1085121107266436,0.09842368319876971,-0.03543252595155709,-0.15378700499807765,-0.37425605536332185,0.2364628988850442,-0.09356401384083046,-0.05173394848135333,-0.05911572472126105,0.13016532103037293,-0.09356401384083046,-0.07972318339100345,-0.06698961937716265,0.15378700499807765,0.03543252595155709,0.044844290657439445,0.08421376393694734,0.11374086889657825,-0.09356401384083046,0.17279507881584008,0.04822760476739715,-0.05173394848135333,-0.029773164167627833,-0.008858131487889272,0.11374086889657825,0.13588619761630144,-0.05536332179930796,0.2761399461745483,0.06698961937716265,0.08882737408688965,0.05173394848135333,-0.003936947327950788,0.13588619761630144,0.13016532103037293,-0.0629911572472126,-0.03254133025759323,0.01574778931180315,0.13016532103037293,0.12456747404844293,-0.2364628988850442,-0.09842368319876971,-0.0629911572472126,-6.151480199923106e-05,-0.2069357939254133,-0.09842368319876971,-0.24415224913494812,0.07972318339100345,0.03844675124951941,-9.302085065984953,-14.194766579352569,-8.138466377749864,-13.920228730475664,0.6286700963973999,-0.612654983997345,-0.6358520984649658,0.7361651062965393,-0.5916632413864136,-0.5247367024421692,0.7665110230445862,-0.6009673476219177,-0.3943101763725281,0.8246235847473145,-0.6770123243331909,-0.39634841680526733,51.791290283203125,0.12428018450737
EXPB-116,105.210566,25.713037,0.01574778931180315,0.07111111111111111,0.024605920799692427,0.07111111111111111,0.008858131487889272,-0.0629911572472126,-0.13588619761630144,0.000984236831987697,0.01574778931180315,0.13016532103037293,0.19986159169550174,-0.029773164167627833,-0.2761399461745483,-0.05173394848135333,-0.07535563244905807,-0.08421376393694734,-0.1929104190695886,0.05536332179930796,-0.24415224913494812,-0.1929104190695886,-0.2679584775086506,0.03254133025759323,0.012056901191849288,-0.07972318339100345,-0.01574778931180315,-0.003936947327950788,0.03543252595155709,-0.13016532103037293,-0.06698961937716265,0.15378700499807765,-0.08882737408688965,0.14173010380622836,0.11909265667051133,0.07972318339100345,-0.10340638216070744,0.0271280276816609,-0.13588619761630144,-0.07535563244905807,-0.0629911572472126,-0.07535563244905807,-0.006151480199923107,0.0271280276816609,-0.2288965782391388,0.07972318339100345,0.041584006151480196,0.03254133025759323,0.11374086889657825,-0.008858131487889272,-0.019930795847750864,0.024605920799692427,0.11374086889657825,-0.044844290657439445,0.11374086889657825,0.17937716262975778,0.05536332179930796,-0.2599000384467512,-0.06698961937716265,-0.08882737408688965,-0.13016532103037293,-0.40359861591695495,-0.1929104190695886,-0.15378700499807765,0.044844290657439445,0.008858131487889272,-9.925439411001705,-15.54631218855781,-9.785283621394314,-16.87342156649467,0.45024681091308594,-0.529734194278717,-0.6312848925590515,0.6045270562171936,-0.5530516505241394,-0.5392062067985535,0.7095435857772827,-0.5785440802574158,-0.4353545010089874,0.6713922023773193,-0.6380477547645569,-0.6287906169891357,1868.083740234375,0.33392462134361267
EXPB-117,109.961756,23.083848,-0.11374086889657825,0.05911572472126105,0.07535563244905807,0.022206843521722412,-0.07111111111111111,0.14173010380622836,-0.09842368319876971,0.024605920799692427,-0.07535563244905807,0.15378700499807765,0.08421376393694734,0.1085121107266436,-0.3014225297962323,0.08421376393694734,-0.03543252595155709,0.1085121107266436,-0.11909265667051133,-0.03844675124951941,-0.22145328719723184,-0.13588619761630144,-0.3014225297962323,0.2288965782391388,-0.11909265667051133,0.006151480199923107,-0.09842368319876971,0.14173010380622836,-0.05173394848135333,-0.06698961937716265,-0.017777777777777778,0.13588619761630144,0.0629911572472126,0.006151480199923107,0.041584006151480196,0.04822760476739715,0.07535563244905807,0.17279507881584008,-0.09356401384083046,0.04822760476739715,0.022206843521722412,0.03543252595155709,0.01574778931180315,0.09356401384083046,-0.07111111111111111,0.17937716262975778,-0.01384083044982699,0.10340638216070744,0.186082276047674,0.07535563244905807,0.004982698961937716,0.10340638216070744,-0.022206843521722412,-0.044844290657439445,-0.03543252595155709,0.05173394848135333,0.2288965782391388,-0.2069357939254133,-0.13588619761630144,-0.07972318339100345,-0.044844290657439445,-0.15378700499807765,-0.14769703960015382,-0.34602076124567477,0.13016532103037293,0.09356401384083046,-10.216028657138798,-17.315344973505493,-11.172401028898594,-18.31045890943813,0.347725510597229,-0.39393940567970276,-0.22998987138271332,0.6185842752456665,-0.5442097783088684,-0.29123058915138245,0.3307240605354309,-0.35375192761421204,-0.18799307942390442,0.351745069026947,-0.40195152163505554,-0.3647609353065491,53.29443359375,0.12756973505020142
EXPB-118,111.23916,24.958722,-0.05173394848135333,0.012056901191849288,0.16000000000000003,0.006151480199923107,0.006151480199923107,0.14173010380622836,-0.12456747404844293,-0.029773164167627833,-0.03844675124951941,0.186082276047674,0.01574778931180315,0.07111111111111111,-0.16000000000000003,0.06698961937716265,0.03254133025759323,0.08882737408688965,-0.16000000000000003,-0.012056901191849288,-0.16633602460592078,-0.1929104190695886,-0.3278123798539023,0.14769703960015382,-0.16633602460592078,0.08421376393694734,-0.16000000000000003,0.14173010380622836,-0.017777777777777778,-0.003014225297962322,-0.01384083044982699,0.008858131487889272,0.0271280276816609,-0.05911572472126105,0.024605920799692427,0.002214532871972318,0.04822760476739715,0.22145328719723184,-0.09842368319876971,-0.1085121107266436,-0.008858131487889272,0.09356401384083046,0.13588619761630144,0.24415224913494812,-0.11909265667051133,0.11374086889657825,-0.006151480199923107,0.09842368319876971,0.1085121107266436,0.010396001537870049,-0.07111111111111111,0.07972318339100345,-0.08421376393694734,0.03254133025759323,-0.029773164167627833,-0.022206843521722412,0.2599000384467512,-0.1929104190695886,-0.13016532103037293,-0.004982698961937716,-0.22145328719723184,-0.186082276047674,-0.1929104190695886,-0.2679584775086506,0.08421376393694734,0.044844290657439445,-9.736634865583751,-14.18136240964632,-10.035099739567839,-18.585363965705657,,,,,,,,,,,,,,
EXPB-119,109.999485,23.275728,-0.08882737408688965,-0.003936947327950788,0.12456747404844293,0.08882737408688965,-0.08882737408688965,0.09842368319876971,-0.08882737408688965,0.07972318339100345,-0.03543252595155709,0.15378700499807765,0.07111111111111111,0.0629911572472126,-0.17937716262975778,-0.0629911572472126,0.044844290657439445,0.024605920799692427,-0.17937716262975778,0.13588619761630144,-0.07972318339100345,-0.022206843521722412,-0.37425605536332185,0.28444444444444444,-0.07535563244905807,-0.06698961937716265,0.022206843521722412,0.24415224913494812,0.041584006151480196,-0.14173010380622836,-0.04822760476739715,0.16000000000000003,0.05536332179930796,0.029773164167627833,-0.05911572472126105,0.11909265667051133,-0.006151480199923107,0.22145328719723184,-0.04822760476739715,0.0271280276816609,0.01384083044982699,0.029773164167627833,0.15378700499807765,0.13016532103037293,-0.08882737408688965,0.2364628988850442,-0.003936947327950788,0.11909265667051133,0.1085121107266436,-0.044844290657439445,0.09842368319876971,0.16000000000000003,-0.07972318339100345,0.07111111111111111,6.151480199923106e-05,0.11909265667051133,0.2069357939254133,-0.17937716262975778,-0.16000000000000003,-0.07972318339100345,-0.03844675124951941,-0.13588619761630144,-0.11909265667051133,-0.22145328719723184,0.008858131487889272,0.10340638216070744,-8.591350947590529,-18.28729352524148,-8.935504180596853,-16.27409549127853,0.4283895492553711,-0.42929935455322266,-0.5270519852638245,0.7309018969535828,-0.5934664011001587,-0.4422658085823059,0.6663858294487,-0.5562549233436584,-0.42726579308509827,0.7207320332527161,-0.630791187286377,-0.488310843706131,35.96516036987305,0.12756973505020142
EXPB-120,108.296818,26.254182,0.07972318339100345,0.11374086889657825,0.07535563244905807,0.1085121107266436,0.0629911572472126,-0.13016532103037293,-0.22145328719723184,0.08421376393694734,0.05911572472126105,0.19986159169550174,0.029773164167627833,0.07972318339100345,-0.2519646289888504,-0.03543252595155709,-0.16000000000000003,-0.14173010380622836,-0.2069357939254133,0.09356401384083046,-0.09356401384083046,-0.17937716262975778,-0.1929104190695886,0.13016532103037293,-0.07972318339100345,-0.08421376393694734,0.007443291041906958,0.022206843521722412,-0.09842368319876971,-0.07972318339100345,-0.041584006151480196,0.13016532103037293,-0.002214532871972318,0.1085121107266436,0.05536332179930796,0.13588619761630144,-0.16633602460592078,0.05911572472126105,-0.11374086889657825,-0.14769703960015382,0.03844675124951941,0.010396001537870049,0.012056901191849288,0.17937716262975778,-0.09356401384083046,0.16000000000000003,-0.041584006151480196,0.09842368319876971,0.010396001537870049,0.08421376393694734,0.000984236831987697,-0.06698961937716265,0.019930795847750864,-0.09842368319876971,0.14769703960015382,0.14173010380622836,-0.029773164167627833,-0.3014225297962323,-0.13588619761630144,0.003936947327950788,-0.15378700499807765,-0.29287197231833906,-0.15378700499807765,-0.16633602460592078,-0.05173394848135333,0.1085121107266436,-8.278008532712587,-15.696250909347164,-9.777263686247574,-14.324538285221887,,,,,,,,,,,,,,
EXPB-121,113.02782567848644,23.073856893308797,0.14769703960015382,-0.2069357939254133,0.044844290657439445,0.029773164167627833,-0.06698961937716265,-0.0271280276816609,-0.24415224913494812,0.09842368319876971,-0.08882737408688965,0.24415224913494812,-0.029773164167627833,0.11374086889657825,-0.33685505574778934,-0.09842368319876971,-0.05536332179930796,0.0271280276816609,-0.09356401384083046,0.022206843521722412,0.07111111111111111,0.024605920799692427,-0.13016532103037293,0.14769703960015382,0.1929104190695886,-0.13588619761630144,-0.024605920799692427,0.186082276047674,-0.03543252595155709,0.05911572472126105,-0.002214532871972318,0.14173010380622836,0.21413302575932336,-0.012056901191849288,0.05173394848135333,-0.01384083044982699,-0.0629911572472126,0.06698961937716265,-0.0271280276816609,-0.15378700499807765,0.07972318339100345,0.05911572472126105,0.03543252595155709,0.09842368319876971,0.03254133025759323,0.2761399461745483,0.1085121107266436,-0.017777777777777778,-0.044844290657439445,0.14173010380622836,0.16633602460592078,0.09842368319876971,-0.04822760476739715,-0.16633602460592078,-0.017777777777777778,0.1085121107266436,0.08882737408688965,-0.28444444444444444,-0.07111111111111111,0.0629911572472126,-0.04822760476739715,0.07535563244905807,0.004982698961937716,-0.2519646289888504,-0.0629911572472126,0.10340638216070744,-8.090145855136837,-14.617674530240256,-6.770134820688451,-15.20463362234717,,,,,,,,,,,,,,
EXPB-122,110.327999,24.966807,0.017777777777777778,0.006151480199923107,0.2364628988850442,-0.03844675124951941,0.041584006151480196,0.1929104190695886,-0.2069357939254133,0.012056901191849288,-0.05536332179930796,0.19986159169550174,0.01574778931180315,-0.008858131487889272,-0.16000000000000003,0.0271280276816609,0.010396001537870049,-0.09842368319876971,-0.14173010380622836,0.12456747404844293,-0.11374086889657825,-0.05911572472126105,-0.29287197231833906,0.21413302575932336,-0.13016532103037293,-0.09356401384083046,-0.11374086889657825,0.15378700499807765,-0.041584006151480196,-0.09842368319876971,0.01384083044982699,0.15378700499807765,0.07111111111111111,-0.004982698961937716,0.05173394848135333,0.029773164167627833,-0.16000000000000003,0.2761399461745483,-0.09356401384083046,-0.022206843521722412,-0.01384083044982699,0.05911572472126105,0.186082276047674,0.15378700499807765,-0.1085121107266436,0.2364628988850442,0.07111111111111111,0.09356401384083046,0.07972318339100345,0.006151480199923107,0.024605920799692427,0.07535563244905807,-0.06698961937716265,0.007443291041906958,0.024605920799692427,0.03844675124951941,0.17279507881584008,-0.14769703960015382,-0.15378700499807765,0.044844290657439445,-0.13016532103037293,-0.15378700499807765,-0.21413302575932336,-0.2069357939254133,0.09356401384083046,0.07535563244905807,-10.296440940980471,-19.719081093410214,-10.482395071550567,-15.030622501555154,0.5774915218353271,-0.5405190587043762,-0.45721882581710815,0.6112852692604065,-0.4907192587852478,-0.40514904260635376,0.4112599194049835,-0.397810697555542,-0.3977331221103668,0.5764564871788025,-0.473610520362854,-0.3558334708213806,164.5487823486328,0.21974210441112518
EXPB-123,112.617625,28.715477,-0.14173010380622836,-0.06698961937716265,0.09356401384083046,-0.07111111111111111,-0.019930795847750864,0.21413302575932336,-0.08421376393694734,0.07535563244905807,0.03844675124951941,0.17279507881584008,0.03254133025759323,0.07111111111111111,-0.07972318339100345,0.002214532871972318,-0.006151480199923107,-0.03254133025759323,-0.3278123798539023,0.022206843521722412,-0.16633602460592078,-0.03543252595155709,-0.2288965782391388,0.15378700499807765,-0.22145328719723184,0.044844290657439445,-0.044844290657439445,0.19986159169550174,-0.0629911572472126,-0.044844290657439445,0.07972318339100345,0.01574778931180315,0.04822760476739715,-0.10340638216070744,-0.05536332179930796,-0.01574778931180315,0.03254133025759323,0.2761399461745483,-0.1929104190695886,-0.06698961937716265,0.11909265667051133,0.09842368319876971,0.010396001537870049,0.16633602460592078,0.003014225297962322,-0.044844290657439445,-0.044844290657439445,0.14769703960015382,0.16633602460592078,0.13016532103037293,0.08421376393694734,0.07972318339100345,0.012056901191849288,0.16633602460592078,-0.041584006151480196,-0.029773164167627833,0.16000000000000003,-0.16633602460592078,-0.07535563244905807,-0.0629911572472126,-0.186082276047674,-0.13588619761630144,-0.2288965782391388,-0.24415224913494812,-0.01384083044982699,0.09356401384083046,-11.150700526589894,-17.63769840845245,-12.2751483317445,-18.65438880660104,0.21952636539936066,-0.3076803386211395,-0.3833772838115692,0.2791253924369812,-0.31483757495880127,-0.21457326412200928,0.7957875728607178,-0.6698243618011475,-0.41160848736763,0.4565149247646332,-0.465024471282959,-0.4303009808063507,27.4379940032959,0.028971422463655472
EXPB-124,112.14008,26.95918,-0.012056901191849288,-0.08421376393694734,0.07111111111111111,0.024605920799692427,0.08421376393694734,0.08421376393694734,-0.15378700499807765,-0.0271280276816609,-0.2364628988850442,0.2364628988850442,0.1085121107266436,-0.044844290657439445,-0.2069357939254133,-0.012056901191849288,-0.16000000000000003,-0.2288965782391388,0.09842368319876971,-0.022206843521722412,-0.10340638216070744,-0.006151480199923107,-0.13588619761630144,0.01384083044982699,-0.16000000000000003,-0.19986159169550174,-0.09356401384083046,0.2069357939254133,-0.05536332179930796,0.06698961937716265,-0.08882737408688965,0.07535563244905807,0.14173010380622836,0.008858131487889272,0.07972318339100345,-0.08421376393694734,-0.01574778931180315,0.15378700499807765,-0.3014225297962323,-0.024605920799692427,0.006151480199923107,0.186082276047674,0.07535563244905807,0.07535563244905807,-0.01384083044982699,0.10340638216070744,0.010396001537870049,0.14769703960015382,0.09842368319876971,0.12456747404844293,0.08882737408688965,-0.05173394848135333,0.024605920799692427,0.16000000000000003,-0.03543252595155709,0.09356401384083046,0.2679584775086506,-0.186082276047674,-0.07972318339100345,0.05911572472126105,0.07111111111111111,-0.13016532103037293,-0.08421376393694734,-0.2599000384467512,-0.0271280276816609,0.12456747404844293,-12.940614568607,-16.68016009111977,-7.8097038867389,-14.88931698158883,0.0815761461853981,-0.08272921293973923,-0.08797964453697205,0.03946908935904503,-0.06399714201688766,-0.023862788453698158,0.051176153123378754,-0.06922374665737152,-0.1084674596786499,0.06906376034021378,-0.08570288121700287,-0.1323612928390503,148.05010986328125,0.06976009905338287
EXPB-125,105.221615,25.716541,0.05173394848135333,0.04822760476739715,0.044844290657439445,0.05173394848135333,0.024605920799692427,-0.01384083044982699,-0.1929104190695886,0.03543252595155709,0.003936947327950788,0.1085121107266436,0.2069357939254133,0.01384083044982699,-0.2761399461745483,-0.041584006151480196,0.01384083044982699,-0.09842368319876971,-0.13588619761630144,0.017777777777777778,-0.16633602460592078,-0.14769703960015382,-0.2679584775086506,0.03844675124951941,0.022206843521722412,-0.09842368319876971,0.002214532871972318,-0.03254133025759323,0.012056901191849288,-0.11374086889657825,-0.05911572472126105,0.13588619761630144,-0.010396001537870049,0.17937716262975778,0.16633602460592078,0.15378700499807765,-0.13016532103037293,0.08421376393694734,-0.08882737408688965,-0.08882737408688965,-0.044844290657439445,0.024605920799692427,-0.012056901191849288,0.09842368319876971,-0.186082276047674,0.16000000000000003,0.01574778931180315,0.029773164167627833,0.10340638216070744,-0.007443291041906958,-0.022206843521722412,0.0005536332179930795,0.09842368319876971,-0.0629911572472126,0.06698961937716265,0.186082276047674,0.09356401384083046,-0.28444444444444444,-0.08882737408688965,-0.11374086889657825,-0.1085121107266436,-0.4340484429065744,-0.17279507881584008,-0.13016532103037293,0.0271280276816609,0.03543252595155709,-12.781908439824303,-18.97640532787499,-10.897115088306101,-15.778781688621875,0.37866225838661194,-0.512431800365448,-0.6648603677749634,0.5922642946243286,-0.5379825830459595,-0.5092592835426331,0.7617942690849304,-0.6510237455368042,-0.4723287522792816,0.758305013179779,-0.653018593788147,-0.541138231754303,1686.3699951171875,0.33392462134361267
EXPB-126,109.936962,23.183561,-0.07111111111111111,0.05173394848135333,0.13588619761630144,0.05536332179930796,-0.05911572472126105,0.07972318339100345,-0.11374086889657825,0.07535563244905807,-0.09842368319876971,0.1929104190695886,0.08421376393694734,0.05536332179930796,-0.186082276047674,0.012056901191849288,6.151480199923106e-05,-0.006151480199923107,-0.16000000000000003,0.09842368319876971,-0.08882737408688965,-0.0271280276816609,-0.41362552864282975,0.2599000384467512,-0.04822760476739715,-0.07111111111111111,-0.017777777777777778,0.21413302575932336,0.03543252595155709,-0.1085121107266436,-0.019930795847750864,0.15378700499807765,0.012056901191849288,0.08882737408688965,-0.019930795847750864,0.16000000000000003,-0.003936947327950788,0.17279507881584008,-0.03543252595155709,0.029773164167627833,0.010396001537870049,0.019930795847750864,0.17937716262975778,0.09842368319876971,-0.0629911572472126,0.2599000384467512,-0.017777777777777778,0.11374086889657825,0.09356401384083046,-0.05173394848135333,0.08882737408688965,0.12456747404844293,-0.06698961937716265,-0.019930795847750864,0.041584006151480196,0.0629911572472126,0.15378700499807765,-0.186082276047674,-0.17279507881584008,-0.06698961937716265,-0.03844675124951941,-0.19986159169550174,-0.15378700499807765,-0.24415224913494812,0.11909265667051133,0.08421376393694734,-12.258914640816128,-18.13629809174435,-8.604524101141248,-13.280830177225278,,,,,,,,,,,,,,
EXPB-127,103.982479,23.700991,-0.07111111111111111,-0.1085121107266436,0.2364628988850442,-0.09356401384083046,-0.0629911572472126,-0.05911572472126105,-0.044844290657439445,0.06698961937716265,-0.000984236831987697,-0.08421376393694734,0.14769703960015382,-0.05911572472126105,-0.2599000384467512,0.1085121107266436,0.010396001537870049,-0.029773164167627833,-0.1929104190695886,-0.03254133025759323,-0.06698961937716265,-0.1929104190695886,-0.1085121107266436,0.2069357939254133,0.17279507881584008,-0.0271280276816609,-0.16000000000000003,-0.0629911572472126,0.0271280276816609,0.03254133025759323,-0.11909265667051133,0.0271280276816609,0.07535563244905807,-0.03844675124951941,-0.019930795847750864,0.0271280276816609,0.07111111111111111,0.019930795847750864,-0.10340638216070744,0.10340638216070744,0.022206843521722412,-0.00024605920799692423,0.003014225297962322,-0.04822760476739715,-0.22145328719723184,0.08882737408688965,-0.10340638216070744,0.07111111111111111,0.11909265667051133,0.000984236831987697,-0.08882737408688965,-0.1085121107266436,0.16633602460592078,0.29287197231833906,-0.019930795847750864,0.04822760476739715,0.186082276047674,-0.019930795847750864,-0.1085121107266436,-0.07111111111111111,-0.2288965782391388,-0.41362552864282975,-0.11909265667051133,-0.13016532103037293,0.09356401384083046,0.03844675124951941,-13.254267537104623,-24.035417979202034,-8.232786850354609,-15.449531796729698,0.10152683407068253,-0.38629159331321716,-0.5726307034492493,0.3578628897666931,-0.4425702691078186,-0.505698025226593,0.6960510611534119,-0.6560856699943542,-0.5191941261291504,0.21014396846294403,-0.3812754452228546,-0.4933333396911621,1457.34130859375,0.18381312489509583
EXPB-128,112.863404,28.877712,-0.09842368319876971,-0.17279507881584008,0.01574778931180315,0.19986159169550174,0.041584006151480196,0.09842368319876971,-0.16000000000000003,0.16633602460592078,-0.06698961937716265,0.13588619761630144,-0.0005536332179930795,0.03254133025759323,-0.15378700499807765,-0.08882737408688965,-0.017777777777777778,-0.186082276047674,-0.3014225297962323,0.13588619761630144,-0.09356401384083046,-0.11909265667051133,-0.2679584775086506,0.11909265667051133,-0.13588619761630144,0.09356401384083046,0.0629911572472126,0.14769703960015382,0.03844675124951941,-0.08882737408688965,0.06698961937716265,0.07535563244905807,-0.017777777777777778,-0.017777777777777778,-0.003014225297962322,-0.008858131487889272,-0.05911572472126105,0.2288965782391388,-0.03844675124951941,-0.01574778931180315,0.05536332179930796,0.03844675124951941,0.19986159169550174,-0.000984236831987697,-0.05536332179930796,-0.07111111111111111,0.05911572472126105,0.16633602460592078,0.16633602460592078,-0.010396001537870049,0.1085121107266436,0.13016532103037293,-0.0629911572472126,0.2519646289888504,-0.003014225297962322,0.05911572472126105,0.044844290657439445,-0.14173010380622836,-0.11909265667051133,-0.12456747404844293,-0.08421376393694734,-0.14173010380622836,-0.14173010380622836,-0.19986159169550174,0.22145328719723184,0.12456747404844293,-10.27317063213355,-16.701815247357917,-9.178574967910963,-13.982180984259111,0.4876254200935364,-0.5509065389633179,-0.5896782279014587,0.7467401027679443,-0.6182550191879272,-0.5707169771194458,0.6007348299026489,-0.5671463012695312,-0.6067538261413574,0.676625669002533,-0.6042600870132446,-0.5660725235939026,25.028186798095703,0.028971422463655472
EXPB-129,103.234632,26.776194,0.1085121107266436,-0.08882737408688965,0.2364628988850442,-0.10340638216070744,-0.044844290657439445,0.07972318339100345,-0.1929104190695886,0.07972318339100345,0.019930795847750864,0.13588619761630144,0.07535563244905807,-0.003936947327950788,-0.09356401384083046,0.08421376393694734,0.05536332179930796,0.003936947327950788,-0.06698961937716265,-0.03254133025759323,-0.03254133025759323,-0.3278123798539023,-0.17937716262975778,-0.09842368319876971,0.2519646289888504,-0.186082276047674,-0.08882737408688965,-0.024605920799692427,-0.017777777777777778,-0.003936947327950788,0.04822760476739715,0.16000000000000003,-0.0629911572472126,0.09356401384083046,-0.03254133025759323,0.03254133025759323,-0.11909265667051133,-0.003936947327950788,-0.11909265667051133,-0.12456747404844293,-0.09356401384083046,0.06698961937716265,0.03844675124951941,0.1085121107266436,-0.2288965782391388,0.14173010380622836,-0.1085121107266436,0.10340638216070744,-0.16000000000000003,0.0629911572472126,-0.022206843521722412,-0.13588619761630144,0.10340638216070744,0.041584006151480196,0.08421376393694734,0.14173010380622836,0.002214532871972318,-0.3014225297962323,0.05173394848135333,0.01384083044982699,-0.1929104190695886,-0.33685505574778934,-0.01574778931180315,-0.12456747404844293,-0.022206843521722412,-0.017777777777777778,-11.734578289931076,-17.967118754761387,-9.724870198739948,-16.09821485065641,0.699392557144165,-0.6785265803337097,-0.4027993679046631,0.4043157398700714,-0.555345892906189,-0.41750773787498474,0.7317143678665161,-0.6797532439231873,-0.4590241611003876,0.7645800113677979,-0.7043927907943726,-0.42800000309944153,2509.780517578125,0.0737973228096962
EXPB-130,108.913691,23.384604,-0.022206843521722412,-0.13016532103037293,0.04822760476739715,0.05911572472126105,0.04822760476739715,0.186082276047674,-0.09842368319876971,-0.024605920799692427,-0.03543252595155709,0.22145328719723184,0.11374086889657825,0.07535563244905807,-0.14173010380622836,0.004982698961937716,0.044844290657439445,0.07111111111111111,-0.14769703960015382,-0.12456747404844293,-0.1929104190695886,-0.12456747404844293,-0.13588619761630144,0.17279507881584008,-0.16000000000000003,0.05173394848135333,-0.28444444444444444,0.03254133025759323,0.012056901191849288,-0.11909265667051133,0.07535563244905807,0.03543252595155709,0.024605920799692427,0.07972318339100345,-0.019930795847750864,-0.03844675124951941,-0.08882737408688965,0.186082276047674,0.000984236831987697,-0.1085121107266436,0.04822760476739715,0.31009611687812383,0.008858131487889272,0.14173010380622836,0.186082276047674,0.08882737408688965,-0.12456747404844293,0.21413302575932336,-0.08882737408688965,0.17279507881584008,-0.16633602460592078,-0.11909265667051133,-0.03254133025759323,0.04822760476739715,-0.03543252595155709,-0.05536332179930796,0.03543252595155709,-0.17279507881584008,-0.11909265667051133,-0.01574778931180315,-0.019930795847750864,-0.12456747404844293,-0.13016532103037293,-0.24415224913494812,0.14173010380622836,0.19986159169550174,-19.928647504336393,-25.597864249090243,-23.384830534202354,-25.729635384646684,0.5298742055892944,-0.3665730357170105,0.5727986097335815,0.25701943039894104,0.029306648299098015,0.49843913316726685,0.1499641239643097,-0.0474945530295372,0.051719989627599716,0.4274721145629883,-0.21719160676002502,0.2759358286857605,89.5,0.044697355479002
EXPB-131,112.98030479995651,27.367444625286456,0.000984236831987697,0.04822760476739715,0.05536332179930796,0.01384083044982699,-0.03844675124951941,0.2069357939254133,-0.2069357939254133,0.08421376393694734,-0.008858131487889272,0.15378700499807765,0.0629911572472126,0.03844675124951941,-0.22145328719723184,-0.05911572472126105,-0.017777777777777778,-0.13588619761630144,-0.09356401384083046,0.03254133025759323,-0.10340638216070744,0.010396001537870049,-0.29287197231833906,0.044844290657439445,-0.06698961937716265,-0.15378700499807765,0.05173394848135333,0.19986159169550174,-0.03543252595155709,-0.16000000000000003,0.0629911572472126,0.2519646289888504,0.006151480199923107,0.13016532103037293,0.09842368319876971,0.05911572472126105,-0.21413302575932336,0.2364628988850442,-0.15378700499807765,-0.13016532103037293,0.05536332179930796,0.06698961937716265,0.041584006151480196,0.19986159169550174,-0.041584006151480196,0.16633602460592078,0.08421376393694734,0.1085121107266436,0.09842368319876971,0.024605920799692427,0.1085121107266436,0.07972318339100345,-0.01384083044982699,-0.03543252595155709,0.022206843521722412,0.16000000000000003,0.09842368319876971,-0.2288965782391388,-0.13016532103037293,-0.017777777777777778,0.07535563244905807,-0.16000000000000003,-0.16633602460592078,-0.2069357939254133,0.06698961937716265,0.09356401384083046,-12.383445522777748,-18.962225596003503,-10.761647176843525,-17.881395211466675,0.3649517595767975,-0.45813652873039246,-0.5159186720848083,0.4318404793739319,-0.4822334945201874,-0.5460613965988159,0.6718358993530273,-0.6152730584144592,-0.545921266078949,0.695354700088501,-0.6438547372817993,-0.5641025900840759,79.18339538574219,0.10977911949157715
EXPB-132,104.13037211539624,24.596052142249324,0.004982698961937716,-0.07972318339100345,0.14769703960015382,-0.029773164167627833,-0.029773164167627833,-0.07535563244905807,-0.16000000000000003,0.14769703960015382,-0.017777777777777778,0.08882737408688965,0.03844675124951941,-0.11374086889657825,-0.24415224913494812,0.022206843521722412,-0.01384083044982699,-0.06698961937716265,-0.09356401384083046,0.19986159169550174,-0.11374086889657825,-0.3278123798539023,-0.13588619761630144,0.13588619761630144,0.10340638216070744,-0.15378700499807765,-0.08421376393694734,-0.024605920799692427,0.024605920799692427,0.03543252595155709,0.04822760476739715,0.1085121107266436,0.0629911572472126,-0.01384083044982699,0.08421376393694734,0.15378700499807765,-0.10340638216070744,-0.08882737408688965,-0.024605920799692427,-0.022206843521722412,0.010396001537870049,-0.12456747404844293,0.03844675124951941,0.029773164167627833,-0.22145328719723184,0.22145328719723184,-0.04822760476739715,0.004982698961937716,-0.07972318339100345,0.2288965782391388,-0.008858131487889272,-0.044844290657439445,0.11909265667051133,-0.041584006151480196,0.08421376393694734,0.1085121107266436,0.13588619761630144,-0.22145328719723184,0.012056901191849288,-0.029773164167627833,-0.2069357939254133,-0.36472126105344094,-0.03844675124951941,-0.2288965782391388,0.017777777777777778,-0.01384083044982699,-4.712849540892259,-12.33658838660157,-2.67133869235961,-14.919450390586405,0.7766642570495605,-0.7105444669723511,-0.5806290507316589,0.7065532207489014,-0.623643696308136,-0.5732647776603699,0.7825713753700256,-0.6563034057617188,-0.46527284383773804,0.7195841670036316,-0.5501520037651062,-0.3746478855609894,2009.449462890625,0.14106446504592896
EXPB-133,102.68621,25.049542,0.16000000000000003,-0.2761399461745483,0.10340638216070744,0.017777777777777778,0.09842368319876971,-0.13016532103037293,0.05173394848135333,-0.05173394848135333,-0.2599000384467512,0.07972318339100345,0.14173010380622836,-0.1085121107266436,-0.2288965782391388,-0.022206843521722412,-0.1085121107266436,-0.24415224913494812,0.05911572472126105,0.05911572472126105,0.03844675124951941,-0.022206843521722412,-0.03844675124951941,0.10340638216070744,0.10340638216070744,-0.16000000000000003,-0.09356401384083046,0.09842368319876971,0.007443291041906958,0.044844290657439445,0.07535563244905807,0.03844675124951941,0.06698961937716265,0.03543252595155709,-0.15378700499807765,-0.05911572472126105,0.13016532103037293,-0.17279507881584008,-0.29287197231833906,-0.09842368319876971,0.0271280276816609,-0.05911572472126105,-0.002214532871972318,-0.08421376393694734,-0.24415224913494812,0.1085121107266436,-0.0005536332179930795,0.07535563244905807,-0.1085121107266436,0.1085121107266436,-0.07535563244905807,-0.010396001537870049,0.003936947327950788,0.11909265667051133,-0.08882737408688965,0.08421376393694734,0.21413302575932336,-0.2761399461745483,-0.044844290657439445,-0.05173394848135333,-0.11374086889657825,-0.1929104190695886,0.07535563244905807,-0.13016532103037293,-0.14769703960015382,0.012056901191849288,-7.1719107300540275,-12.398720297495341,-5.054222597897726,-12.661788567741276,0.0820440724492073,-0.09957122802734375,-0.17032484710216522,0.09381728619337082,-0.13356710970401764,-0.22464698553085327,0.032139092683792114,-0.047873761504888535,-0.23110151290893555,0.07066666334867477,-0.09849521517753601,-0.11484217643737793,1896.894775390625,0.09512107074260712
EXPB-134,102.604015,25.222288,0.03844675124951941,-0.12456747404844293,0.17937716262975778,-0.05536332179930796,-0.05536332179930796,0.0015378700499807767,-0.10340638216070744,-0.003014225297962322,-0.08882737408688965,-0.05173394848135333,0.29287197231833906,-0.07111111111111111,-0.28444444444444444,0.01384083044982699,0.008858131487889272,-0.13016532103037293,-0.12456747404844293,0.024605920799692427,-0.13588619761630144,-0.11909265667051133,-0.16000000000000003,0.12456747404844293,0.2069357939254133,-0.14769703960015382,-0.17937716262975778,-0.07535563244905807,0.05536332179930796,-0.022206843521722412,-0.0629911572472126,0.07535563244905807,0.041584006151480196,0.07111111111111111,-0.017777777777777778,-0.03543252595155709,-0.010396001537870049,-0.04822760476739715,-0.08882737408688965,-0.024605920799692427,0.024605920799692427,0.024605920799692427,-0.044844290657439445,-0.03543252595155709,-0.2288965782391388,0.09356401384083046,-0.044844290657439445,0.04822760476739715,0.003936947327950788,0.010396001537870049,-0.07972318339100345,-0.16000000000000003,0.10340638216070744,0.13588619761630144,0.08421376393694734,0.15378700499807765,0.17279507881584008,-0.11909265667051133,-0.022206843521722412,-0.07535563244905807,-0.3014225297962323,-0.40359861591695495,-0.06698961937716265,-0.17937716262975778,0.017777777777777778,-0.017777777777777778,-10.964336012374048,-18.54567680770083,-9.937179207207308,-15.696834109881548,0.14029468595981598,-0.34111884236335754,-0.4947277307510376,0.13044700026512146,-0.30509576201438904,-0.445552259683609,0.18518517911434174,-0.3457943797111511,-0.43197667598724365,0.24799010157585144,-0.4009024500846863,-0.46802279353141785,2140.66357421875,0.09512107074260712
EXPB-135,109.583924,25.353801,-0.01384083044982699,0.006151480199923107,0.16000000000000003,-0.006151480199923107,0.06698961937716265,0.0629911572472126,-0.31009611687812383,0.14769703960015382,-0.019930795847750864,0.2069357939254133,-0.1929104190695886,0.03254133025759323,-0.2364628988850442,0.029773164167627833,-0.0271280276816609,-0.10340638216070744,-0.06698961937716265,0.17279507881584008,-0.08421376393694734,-0.09356401384083046,-0.16000000000000003,0.24415224913494812,-0.14173010380622836,-0.11374086889657825,-0.08882737408688965,0.13016532103037293,-0.1085121107266436,-0.13016532103037293,0.03543252595155709,0.19986159169550174,0.007443291041906958,-0.008858131487889272,-0.041584006151480196,0.05911572472126105,-0.19986159169550174,0.07535563244905807,-0.07972318339100345,-0.07535563244905807,0.022206843521722412,-0.07972318339100345,0.04822760476739715,0.17279507881584008,-0.01384083044982699,0.2364628988850442,0.06698961937716265,0.19986159169550174,0.06698961937716265,0.1929104190695886,0.08882737408688965,-0.007443291041906958,-0.03254133025759323,-0.15378700499807765,0.11374086889657825,0.012056901191849288,0.09842368319876971,-0.17279507881584008,-0.16633602460592078,0.05536332179930796,-0.05911572472126105,-0.13588619761630144,-0.05536332179930796,-0.2069357939254133,0.06698961937716265,-0.019930795847750864,-8.144638755880765,-14.352044474132333,-6.306771321192465,-13.46693283022429,0.7059069871902466,-0.6633986830711365,-0.6115040183067322,0.7419083714485168,-0.68660968542099,-0.6238397359848022,0.7771061658859253,-0.6604306101799011,-0.5457979440689087,0.7978047132492065,-0.7146005630493164,-0.5931937098503113,230.53372192382812,0.12126899510622025
EXPB-136,102.83039,25.126348,0.044844290657439445,-0.010396001537870049,0.186082276047674,-0.029773164167627833,0.05536332179930796,-0.044844290657439445,-0.05536332179930796,-0.01384083044982699,-0.24415224913494812,0.11374086889657825,0.186082276047674,-0.0629911572472126,-0.17279507881584008,0.03844675124951941,-0.15378700499807765,-0.11374086889657825,0.0629911572472126,0.07111111111111111,-0.04822760476739715,-0.14173010380622836,-0.15378700499807765,0.09842368319876971,0.16000000000000003,-0.10340638216070744,-0.09842368319876971,-0.0271280276816609,-0.007443291041906958,0.07535563244905807,-0.04822760476739715,0.041584006151480196,-0.029773164167627833,0.07972318339100345,0.006151480199923107,0.01384083044982699,0.09842368319876971,-0.14173010380622836,-0.1929104190695886,0.022206843521722412,-0.13016532103037293,-0.044844290657439445,-0.007443291041906958,-0.12456747404844293,-0.2599000384467512,0.1085121107266436,0.002214532871972318,0.186082276047674,-0.022206843521722412,0.13588619761630144,0.07972318339100345,-0.08882737408688965,0.05911572472126105,0.13016532103037293,0.04822760476739715,0.11374086889657825,0.186082276047674,-0.29287197231833906,-0.05173394848135333,-0.12456747404844293,-0.07111111111111111,-0.39369473279507883,-0.11374086889657825,-0.17937716262975778,0.1085121107266436,-0.07535563244905807,-4.575310468431843,-12.739085791128943,-9.184078800776819,-16.167263933409302,0.0913621261715889,-0.24815958738327026,-0.26217666268348694,0.060177918523550034,-0.2391437292098999,-0.28299713134765625,0.08523409068584442,-0.22052204608917236,-0.23260965943336487,0.12173912674188614,-0.25956061482429504,-0.2223883718252182,2131.90673828125,0.09512107074260712
EXPB-137,102.92851609677273,25.128124285033312,0.024605920799692427,-0.0629911572472126,0.14173010380622836,-0.04822760476739715,0.041584006151480196,-0.008858131487889272,-0.0629911572472126,0.044844290657439445,-0.12456747404844293,0.03254133025759323,0.14769703960015382,-0.07111111111111111,-0.2364628988850442,0.002214532871972318,-0.07972318339100345,-0.17937716262975778,-0.14769703960015382,-0.08882737408688965,-0.09842368319876971,-0.22145328719723184,-0.17279507881584008,0.13016532103037293,0.13588619761630144,0.017777777777777778,-0.07972318339100345,-0.044844290657439445,0.012056901191849288,0.09842368319876971,-0.024605920799692427,-0.01574778931180315,-0.03844675124951941,0.09842368319876971,0.07972318339100345,0.17279507881584008,-0.17279507881584008,-0.029773164167627833,-0.07535563244905807,-0.13016532103037293,0.09356401384083046,-0.08421376393694734,0.1085121107266436,-0.01574778931180315,-0.1929104190695886,0.08882737408688965,0.004982698961937716,0.041584006151480196,0.14173010380622836,-0.04822760476739715,-0.2069357939254133,-0.14173010380622836,0.07972318339100345,0.01574778931180315,0.07535563244905807,-0.012056901191849288,0.07535563244905807,-0.2069357939254133,-0.15378700499807765,0.07535563244905807,-0.28444444444444444,-0.36472126105344094,-0.12456747404844293,-0.14769703960015382,0.1929104190695886,-0.1085121107266436,-10.830964402594482,-16.478216916348725,-8.286840068777392,-14.082350780685292,0.555444061756134,-0.6066338419914246,-0.6662269234657288,0.5901172161102295,-0.6030656099319458,-0.5909165740013123,0.7157652378082275,-0.6438809037208557,-0.6010498404502869,0.12465877830982208,-0.42663395404815674,-0.5935774445533752,2109.083740234375,0.09512107074260712
EXPB-138,113.358196,23.759202,-0.09356401384083046,0.09356401384083046,0.2364628988850442,-0.05173394848135333,-0.05536332179930796,0.08882737408688965,-0.019930795847750864,-0.008858131487889272,-0.08421376393694734,0.24415224913494812,0.07111111111111111,0.07972318339100345,-0.1929104190695886,0.008858131487889272,-0.044844290657439445,-0.01574778931180315,-0.07535563244905807,-0.08882737408688965,-0.06698961937716265,-0.14173010380622836,-0.2519646289888504,0.1929104190695886,-0.13588619761630144,0.05911572472126105,0.0015378700499807767,0.16000000000000003,-0.12456747404844293,0.1085121107266436,0.000984236831987697,-0.01384083044982699,0.05911572472126105,0.07972318339100345,0.08421376393694734,0.15378700499807765,-0.09356401384083046,0.2679584775086506,-0.07535563244905807,-0.05911572472126105,0.14769703960015382,0.01574778931180315,0.16000000000000003,0.14173010380622836,-0.008858131487889272,0.11374086889657825,0.041584006151480196,0.024605920799692427,0.2069357939254133,0.1085121107266436,0.11374086889657825,0.08882737408688965,-0.041584006151480196,-0.0271280276816609,0.003936947327950788,0.041584006151480196,0.1929104190695886,-0.19986159169550174,-0.21413302575932336,-0.0271280276816609,-0.13016532103037293,-0.2288965782391388,-0.17279507881584008,-0.2069357939254133,0.14173010380622836,0.03543252595155709,-7.216828363454578,-12.40637681164718,-7.562776194492328,-12.61112172167963,0.6419640183448792,-0.6110113859176636,-0.5109104514122009,0.6811630129814148,-0.5801296830177307,-0.4460739493370056,0.7137901186943054,-0.5967676639556885,-0.3386348485946655,0.5348007082939148,-0.45828622579574585,-0.33939895033836365,18.664838790893555,0.12428018450737
EXPB-139,110.58171315982898,23.737352562159472,-0.044844290657439445,0.017777777777777778,0.09842368319876971,-0.01574778931180315,-0.0271280276816609,0.03543252595155709,-0.2069357939254133,0.044844290657439445,-0.008858131487889272,0.07111111111111111,0.0015378700499807767,0.05536332179930796,-0.2599000384467512,-0.003936947327950788,0.0629911572472126,-0.12456747404844293,-0.07535563244905807,0.05173394848135333,-0.2519646289888504,0.0015378700499807767,-0.2364628988850442,0.17937716262975778,-0.15378700499807765,-0.13016532103037293,-0.024605920799692427,0.05173394848135333,0.003936947327950788,-0.15378700499807765,-0.13016532103037293,0.21413302575932336,0.10340638216070744,0.16000000000000003,0.11374086889657825,0.01574778931180315,-0.2761399461745483,0.186082276047674,-0.16633602460592078,-0.010396001537870049,-0.010396001537870049,0.03254133025759323,0.0629911572472126,0.03844675124951941,-0.03543252595155709,0.2599000384467512,-0.004982698961937716,0.12456747404844293,0.1929104190695886,-0.11909265667051133,0.0271280276816609,-0.0015378700499807767,0.11909265667051133,-0.04822760476739715,0.05911572472126105,0.05173394848135333,0.07972318339100345,-0.1085121107266436,-0.17279507881584008,-0.03543252595155709,-0.04822760476739715,-0.28444444444444444,-0.13588619761630144,-0.21413302575932336,-0.017777777777777778,-0.0271280276816609,-13.661150880389652,-20.940999254190416,-10.592996744356673,-16.61006619723133,,,,,,,,,,,,,,
