point_id,lon,lat,stratum,orig_id,Q1,Q2,conf,note,file,invalid,truth_code,A00,A01,A02,A03,A04,A05,A06,A07,A08,A09,A10,A11,A12,A13,A14,A15,A16,A17,A18,A19,A20,A21,A22,A23,A24,A25,A26,A27,A28,A29,A30,A31,A32,A33,A34,A35,A36,A37,A38,A39,A40,A41,A42,A43,A44,A45,A46,A47,A48,A49,A50,A51,A52,A53,A54,A55,A56,A57,A58,A59,A60,A61,A62,A63,s1_vv_w,s1_vh_w,s1_vv_s,s1_vh_s,ndvi_djf,ndwi_djf,mndwi_djf,ndvi_mam,ndwi_mam,mndwi_mam,ndvi_jja,ndwi_jja,mndwi_jja,ndvi_son,ndwi_son,mndwi_son,dem,slope
EXPC2-000,129.5447445657142,48.31260870558143,181_木本沼泽,fcs10_181,是,湖河滩地,低,"河岸湿泥滩,林水交界",judge_C2_00.csv,False,16,-0.0120569011918492,-0.1537870049980776,0.1537870049980776,-0.3100961168781238,-0.0482276047673971,-0.0415840061514801,-0.3014225297962323,0.2288965782391388,0.0039369473279507,0.0797231833910034,0.1476970396001538,-0.1137408688965782,0.0482276047673971,-0.0553633217993079,-0.2441522491349481,0.0325413302575932,0.0553633217993079,-0.000553633217993,-0.1190926566705113,0.0517339484813533,0.0482276047673971,-0.0157477893118031,0.0553633217993079,-0.059115724721261,-0.0842137639369473,0.0482276047673971,-0.0629911572472126,-0.01039600153787,0.3936947327950788,-0.0384467512495194,0.0120569011918492,-0.01039600153787,-0.0669896193771626,0.0482276047673971,-0.1793771626297577,0.2679584775086506,0.1034063821607074,-0.0797231833910034,0.0517339484813533,0.0297731641676278,-0.0935640138408304,0.0138408304498269,-0.0842137639369473,0.1301653210303729,-0.0415840061514801,0.2214532871972318,0.1245674740484429,-0.1537870049980776,-0.01039600153787,-0.16,0.1793771626297577,-0.0384467512495194,-0.0711111111111111,-0.0415840061514801,0.0384467512495194,0.035432525951557,0.059115724721261,0.0246059207996924,-0.0482276047673971,-0.1137408688965782,-0.2214532871972318,-0.0177777777777777,-0.0482276047673971,-0.0415840061514801,,,,,0.0698284357786178,-0.1290508657693863,0.4481303989887237,0.086333230137825,-0.2288288325071334,-0.1632453501224517,0.7450034618377686,-0.6241180300712585,-0.4209486246109009,0.4892988801002502,-0.6054096817970276,-0.4781693816184997,311.33526611328125,0.1526353657245636
EXPC2-001,130.56702735904224,48.95867705792019,181_木本沼泽,fcs10_181,是,木本沼泽,低,"深色灌丛斑,疑浅水滩地",judge_C2_00.csv,False,14,-0.0711111111111111,-0.0842137639369473,0.1245674740484429,-0.2519646289888504,-0.0797231833910034,-0.16,-0.2761399461745483,0.2761399461745483,0.0888273740868896,0.0246059207996924,0.1663360246059207,-0.0984236831987697,0.0384467512495194,0.0120569011918492,-0.1793771626297577,0.1417301038062283,0.059115724721261,-0.1190926566705113,-0.1537870049980776,-0.0177777777777777,0.0711111111111111,-0.0009842368319876,-0.0297731641676278,-0.0517339484813533,-0.0669896193771626,0.1358861976163014,0.075355632449058,0.0888273740868896,0.3936947327950788,-0.1137408688965782,0.035432525951557,-0.0061514801999231,-0.1190926566705113,0.0074432910419069,-0.0629911572472126,0.2844444444444444,0.075355632449058,-0.0415840061514801,0.0553633217993079,-0.0222068435217224,-0.0517339484813533,-0.0935640138408304,-0.0669896193771626,0.1085121107266436,-0.0049826989619377,0.2364628988850442,0.1417301038062283,-0.0797231833910034,-0.0088581314878892,-0.0935640138408304,0.1245674740484429,-0.0669896193771626,-0.1190926566705113,0.0088581314878892,0.0325413302575932,0.0842137639369473,0.0888273740868896,-0.0177777777777777,-0.0246059207996924,-0.1358861976163014,-0.2519646289888504,-0.0039369473279507,-0.0039369473279507,0.0669896193771626,,,,,0.01839080452919,-0.0068181818351149,0.6560871601104736,0.2417061626911163,-0.2231559306383133,-0.2220663875341415,0.7343242168426514,-0.5828741192817688,-0.462588757276535,0.5110456347465515,-0.4912790656089782,-0.576014518737793,91.5552749633789,0.0640474185347557
EXPC2-002,133.90552628094403,46.26912109726634,181_木本沼泽,fcs10_181,是,木本沼泽,低,灌草镶嵌湿生植被,judge_C2_00.csv,False,14,-0.0448442906574394,-0.0297731641676278,0.1358861976163014,-0.2441522491349481,0.0177777777777777,-0.16,-0.2214532871972318,0.2844444444444444,0.0415840061514801,0.0482276047673971,0.1190926566705113,-0.1085121107266436,-0.0984236831987697,0.0199307958477508,-0.2441522491349481,0.1417301038062283,0.0271280276816609,-0.1190926566705113,-0.1663360246059207,0.0384467512495194,0.059115724721261,0.0297731641676278,-0.0049826989619377,-0.0797231833910034,0.0157477893118031,0.16,0.0222068435217224,-0.0002460592079969,0.4035986159169549,-0.0935640138408304,0.0199307958477508,0.01039600153787,-0.16,0.0199307958477508,-0.0797231833910034,0.292871972318339,0.1137408688965782,0.0415840061514801,0.0415840061514801,-0.0061514801999231,-0.0297731641676278,-0.0797231833910034,-0.1245674740484429,0.1034063821607074,0.0325413302575932,0.1793771626297577,0.1663360246059207,-0.1190926566705113,0.0842137639369473,-0.075355632449058,0.1476970396001538,-0.0384467512495194,-0.0415840061514801,0.0415840061514801,-0.0415840061514801,0.0629911572472126,0.0482276047673971,-0.0384467512495194,-0.0039369473279507,-0.1085121107266436,-0.2599000384467512,-0.0199307958477508,-0.0711111111111111,0.0325413302575932,,,,,0.031857032328844,-0.0125810140743851,0.7220744490623474,0.3348519504070282,-0.4640849530696869,-0.4585042595863342,0.8367347121238708,-0.6701813340187073,-0.4494896233081817,0.4365384578704834,-0.5198372602462769,-0.5711040496826172,54.1030158996582,0.0100717162713408
EXPC2-003,132.4143229093056,44.29426477665798,181_木本沼泽,fcs10_181,是,草本沼泽,低,河湾内岸湿草甸,judge_C2_00.csv,False,15,0.0177777777777777,-0.0984236831987697,0.0935640138408304,-0.2364628988850442,-0.0711111111111111,-0.0984236831987697,-0.2679584775086506,0.2288965782391388,-0.0482276047673971,0.0984236831987697,0.1301653210303729,-0.0711111111111111,-0.0199307958477508,-0.0297731641676278,-0.2141330257593233,0.0384467512495194,-0.0517339484813533,-0.1137408688965782,-0.2364628988850442,0.1190926566705113,-0.0138408304498269,-0.0157477893118031,-0.0711111111111111,-0.0199307958477508,-0.0553633217993079,0.1358861976163014,-0.0271280276816609,-0.1085121107266436,0.3936947327950788,-0.0415840061514801,-0.1085121107266436,0.0177777777777777,-0.0669896193771626,0.0120569011918492,-0.1034063821607074,0.3278123798539023,0.1417301038062283,-0.0553633217993079,0.0448442906574394,-0.0415840061514801,-0.1358861976163014,-0.0222068435217224,-0.0888273740868896,0.035432525951557,-0.0222068435217224,0.2141330257593233,0.2288965782391388,-0.0797231833910034,0.0711111111111111,-0.0629911572472126,0.1663360246059207,0.0049826989619377,-0.0271280276816609,-0.0022145328719723,-0.0061514801999231,-0.0015378700499807,0.1245674740484429,0.0088581314878892,-0.0325413302575932,-0.0553633217993079,-0.2288965782391388,-0.1034063821607074,-0.0669896193771626,0.035432525951557,,,,,0.070248894393444,-0.1256957650184631,0.5272999405860901,0.2831295728683471,-0.2694726586341858,-0.1542985141277313,0.8563283681869507,-0.7203240394592285,-0.4491848647594452,0.3011857569217682,-0.3808724880218506,-0.3182448148727417,73.85427856445312,0.0643476322293281
EXPC2-004,130.6277534722487,47.45202266339493,181_木本沼泽,fcs10_181,否,水体,中,浑浊河道水面,judge_C2_00.csv,False,23,0.0074432910419069,0.0246059207996924,0.1663360246059207,-0.2069357939254133,-0.059115724721261,-0.0797231833910034,-0.2599000384467512,0.3368550557477893,0.0222068435217224,-0.0157477893118031,0.2141330257593233,-0.0711111111111111,-0.0482276047673971,0.0022145328719723,-0.1793771626297577,0.0482276047673971,0.0325413302575932,-0.0797231833910034,-0.16,0.1034063821607074,0.0797231833910034,-0.059115724721261,0.1034063821607074,-0.0669896193771626,0.075355632449058,0.1537870049980776,0.0384467512495194,-0.0199307958477508,0.3647212610534409,-0.0061514801999231,-0.0246059207996924,0.0157477893118031,-0.1034063821607074,0.035432525951557,-0.0888273740868896,0.2844444444444444,0.1417301038062283,-0.0271280276816609,0.0384467512495194,-0.0271280276816609,-0.0711111111111111,-0.0711111111111111,-0.1245674740484429,0.0797231833910034,-0.0138408304498269,0.1663360246059207,0.2288965782391388,-0.1137408688965782,0.0797231833910034,-0.0384467512495194,0.1929104190695886,-0.0384467512495194,-0.1190926566705113,-0.0415840061514801,0.0297731641676278,0.0271280276816609,0.1085121107266436,-0.0157477893118031,-0.0669896193771626,-0.1476970396001538,-0.2519646289888504,-0.0157477893118031,-0.0669896193771626,-0.0049826989619377,,,,,0.0565270446240901,-0.0856161192059516,0.641440212726593,0.2738031148910522,-0.3462194502353668,-0.3856837749481201,0.6694398522377014,-0.6053333282470703,-0.4622093141078949,0.371841162443161,-0.4908456802368164,-0.5435717105865479,86.65287780761719,0.1631932705640792
EXPC2-005,132.387373450782,43.94320316362408,181_木本沼泽,fcs10_181,是,木本沼泽,低,浑河湾边灌丛植被,judge_C2_00.csv,False,14,-0.059115724721261,-0.1034063821607074,0.1417301038062283,-0.2288965782391388,-0.0384467512495194,-0.2214532871972318,-0.2441522491349481,0.3100961168781238,0.0517339484813533,0.1245674740484429,0.1358861976163014,-0.1358861976163014,0.0138408304498269,0.0297731641676278,-0.2364628988850442,0.0888273740868896,-0.0199307958477508,-0.1034063821607074,-0.2288965782391388,0.0061514801999231,0.0448442906574394,-0.0074432910419069,-0.0629911572472126,-0.0415840061514801,-0.0199307958477508,0.1417301038062283,-0.0384467512495194,0.0297731641676278,0.3647212610534409,-0.0842137639369473,-0.0325413302575932,-0.0030142252979623,-0.0935640138408304,-0.0061514801999231,-0.0517339484813533,0.2441522491349481,0.0711111111111111,0.0030142252979623,0.0984236831987697,-0.0448442906574394,-0.1137408688965782,-0.0842137639369473,-0.0415840061514801,0.0935640138408304,-0.059115724721261,0.17279507881584,0.1929104190695886,-0.075355632449058,0.1245674740484429,-0.1034063821607074,0.0888273740868896,0.0325413302575932,-0.0199307958477508,0.0797231833910034,-0.0222068435217224,0.1085121107266436,0.1034063821607074,-0.0061514801999231,-0.0629911572472126,-0.0517339484813533,-0.2519646289888504,-0.0629911572472126,-0.0935640138408304,0.0935640138408304,,,,,0.0466017127037048,-0.081907533109188,0.566946268081665,0.3941525518894195,-0.3904845416545868,-0.3704710006713867,0.7855057120323181,-0.6648514866828918,-0.4372402429580688,0.51382976770401,-0.51382976770401,-0.4704519212245941,111.9203109741211,0.0258415937423706
EXPC2-006,131.9292326558811,43.69742410188898,181_木本沼泽,fcs10_181,否,水体,低,"泡沫水面,岸旁有林",judge_C2_00.csv,False,23,-0.1085121107266436,-0.1137408688965782,0.0935640138408304,-0.2141330257593233,-0.0669896193771626,-0.1358861976163014,-0.2679584775086506,0.2679584775086506,0.0074432910419069,0.0888273740868896,0.059115724721261,-0.1793771626297577,0.0246059207996924,0.0325413302575932,-0.2519646289888504,0.17279507881584,0.0271280276816609,-0.0797231833910034,-0.292871972318339,-0.0120569011918492,-0.0448442906574394,-0.0669896193771626,-0.075355632449058,0.0030142252979623,-0.0669896193771626,0.16,0.0669896193771626,-0.0271280276816609,0.3100961168781238,-0.0888273740868896,0.0030142252979623,0.0088581314878892,0.059115724721261,-0.0384467512495194,-0.035432525951557,0.2761399461745483,0.075355632449058,-0.0199307958477508,0.0629911572472126,0.0246059207996924,-0.0984236831987697,-0.0984236831987697,0.0088581314878892,0.0517339484813533,-0.0138408304498269,0.1929104190695886,0.1358861976163014,0.1301653210303729,0.0482276047673971,-0.2141330257593233,0.0448442906574394,-0.0325413302575932,0.0553633217993079,0.1301653210303729,0.0325413302575932,0.0415840061514801,0.0669896193771626,-0.0074432910419069,0.0325413302575932,0.035432525951557,-0.2288965782391388,-0.1301653210303729,-0.035432525951557,0.186082276047674,,,,,0.0049789352342486,0.0129772424697875,0.4956956505775451,0.3261410892009735,-0.381158173084259,-0.4310687184333801,0.5743740797042847,-0.5061641335487366,-0.3524249494075775,0.284970223903656,-0.3183206021785736,-0.4010730981826782,6.873926162719727,0.2621392905712127
EXPC2-007,132.21166298120824,47.69528644233449,181_木本沼泽,fcs10_181,是,木本沼泽,低,"河漫滩灌丛矮林,旁旧河道",judge_C2_00.csv,False,14,-0.0448442906574394,-0.0222068435217224,0.0629911572472126,-0.2761399461745483,0.0448442906574394,-0.0888273740868896,-0.2761399461745483,0.2761399461745483,0.059115724721261,-0.0138408304498269,0.1537870049980776,-0.1358861976163014,-0.0797231833910034,0.0246059207996924,-0.2364628988850442,0.1929104190695886,0.075355632449058,-0.0415840061514801,-0.1476970396001538,0.035432525951557,0.0199307958477508,-0.0297731641676278,0.0222068435217224,-0.1085121107266436,0.035432525951557,0.2141330257593233,0.0935640138408304,-0.0325413302575932,0.4237754709727028,-0.0797231833910034,0.0384467512495194,0.0199307958477508,-0.0797231833910034,0.0629911572472126,-0.0842137639369473,0.3014225297962323,0.0415840061514801,0.0711111111111111,0.0888273740868896,-0.0199307958477508,0.035432525951557,-0.075355632449058,-0.075355632449058,0.0669896193771626,0.075355632449058,0.0935640138408304,0.1793771626297577,-0.0553633217993079,0.059115724721261,-0.1034063821607074,0.1793771626297577,-0.0984236831987697,-0.0415840061514801,0.059115724721261,0.01039600153787,0.0984236831987697,0.075355632449058,-0.059115724721261,0.0553633217993079,-0.0669896193771626,-0.1998615916955017,0.0138408304498269,-0.0325413302575932,0.0199307958477508,,,,,0.0085650840774178,0.0036561160814017,0.6735760569572449,0.3414971232414245,-0.4079602062702179,-0.4914529919624328,0.6053781509399414,-0.5526657700538635,-0.5455746650695801,0.4878963530063629,-0.5552387833595276,-0.5386321544647217,56.60403060913086,0.0145089849829673
EXPC2-008,131.99175539965577,48.44268475872194,181_木本沼泽,fcs10_181,是,草本沼泽,低,泡沼边斑驳湿草甸,judge_C2_00.csv,False,15,-0.0517339484813533,-0.1085121107266436,0.1793771626297577,-0.2288965782391388,-0.0415840061514801,-0.1417301038062283,-0.3188927335640138,0.3553094963475586,0.035432525951557,0.0842137639369473,0.1998615916955017,-0.1358861976163014,0.01039600153787,0.0074432910419069,-0.1998615916955017,0.0669896193771626,0.0415840061514801,-0.0553633217993079,-0.1929104190695886,0.0009842368319876,0.0669896193771626,0.0297731641676278,-0.01039600153787,-0.0448442906574394,-0.0297731641676278,0.17279507881584,-0.0049826989619377,0.0797231833910034,0.3553094963475586,-0.0888273740868896,0.0088581314878892,0.0325413302575932,-0.1085121107266436,0.0325413302575932,-0.0935640138408304,0.2364628988850442,0.1137408688965782,-0.0797231833910034,0.075355632449058,0.0088581314878892,-0.0629911572472126,-0.1190926566705113,-0.0482276047673971,0.0842137639369473,-0.0517339484813533,0.2364628988850442,0.1301653210303729,-0.0935640138408304,0.0297731641676278,-0.1034063821607074,0.0935640138408304,-0.0061514801999231,0.0246059207996924,-0.0061514801999231,-0.0415840061514801,0.075355632449058,0.1190926566705113,0.0482276047673971,-0.0517339484813533,-0.0138408304498269,-0.2364628988850442,0.0030142252979623,-0.0629911572472126,0.0325413302575932,,,,,0.0767200142145156,-0.0760098919272422,0.5203472375869751,0.3509164154529571,-0.40918630361557,-0.4595862627029419,0.8012866377830505,-0.6677696704864502,-0.5469313859939575,0.50396329164505,-0.5790626406669617,-0.5204590559005737,97.69528198242188,0.0974991619586944
EXPC2-009,131.9145002852215,43.58854828945369,181_木本沼泽,fcs10_181,是,木本沼泽,低,浑水沟汊旁灌丛,judge_C2_00.csv,False,14,-0.01039600153787,-0.17279507881584,0.186082276047674,-0.2679584775086506,-0.0482276047673971,-0.1358861976163014,-0.2214532871972318,0.2364628988850442,-0.0384467512495194,0.1085121107266436,0.1358861976163014,-0.1190926566705113,-0.01039600153787,0.059115724721261,-0.2761399461745483,0.0629911572472126,-0.0984236831987697,-0.1301653210303729,-0.2519646289888504,0.0271280276816609,0.0039369473279507,-0.0138408304498269,-0.0888273740868896,-0.0074432910419069,-0.0482276047673971,0.186082276047674,-0.0384467512495194,-0.0088581314878892,0.3188927335640138,-0.0629911572472126,-0.0553633217993079,0.0669896193771626,-0.075355632449058,-0.0325413302575932,-0.0325413302575932,0.2288965782391388,0.0669896193771626,-0.0448442906574394,0.0482276047673971,-0.0138408304498269,-0.1245674740484429,-0.1301653210303729,-0.0199307958477508,0.0797231833910034,-0.0138408304498269,0.1793771626297577,0.2069357939254133,-0.0553633217993079,0.1034063821607074,-0.16,0.075355632449058,0.0384467512495194,0.0415840061514801,0.0553633217993079,-0.075355632449058,0.0157477893118031,0.16,-0.0384467512495194,-0.0325413302575932,0.0222068435217224,-0.2364628988850442,-0.0797231833910034,-0.1137408688965782,0.1085121107266436,,,,,0.0533090457320213,-0.0500575043261051,0.646281361579895,0.2630541920661926,-0.3121801316738128,-0.3128834366798401,0.606725811958313,-0.6135084629058838,-0.2471448183059692,0.426648736000061,-0.4880673885345459,-0.3661645352840423,0.9547114968299866,0.2621392905712127
EXPC2-010,134.75892580085758,48.2928457693308,181_木本沼泽,fcs10_181,是,草本沼泽,低,泡沼边苔草草甸,judge_C2_00.csv,False,15,-0.1137408688965782,-0.0842137639369473,0.1417301038062283,-0.1929104190695886,-0.0888273740868896,-0.16,-0.2679584775086506,0.3278123798539023,0.1085121107266436,0.0074432910419069,0.2288965782391388,-0.0842137639369473,0.0088581314878892,-0.0157477893118031,-0.186082276047674,0.0797231833910034,0.0415840061514801,-0.16,-0.1793771626297577,-0.0384467512495194,0.0935640138408304,-0.035432525951557,-0.0049826989619377,-0.0271280276816609,0.0088581314878892,0.1085121107266436,0.0448442906574394,0.0797231833910034,0.3647212610534409,-0.035432525951557,0.0199307958477508,0.0177777777777777,-0.075355632449058,0.0448442906574394,-0.0448442906574394,0.2441522491349481,0.0711111111111111,-0.0482276047673971,0.0711111111111111,-0.0629911572472126,-0.0448442906574394,-0.1358861976163014,-0.01039600153787,0.1476970396001538,-0.0030142252979623,0.2141330257593233,0.1998615916955017,-0.0797231833910034,0.0629911572472126,-0.0842137639369473,0.1034063821607074,-0.0246059207996924,-0.1190926566705113,-0.0088581314878892,0.0384467512495194,0.1034063821607074,0.1476970396001538,0.000553633217993,-0.0246059207996924,-0.1190926566705113,-0.2364628988850442,0.0271280276816609,-0.0222068435217224,0.0629911572472126,,,,,0.0528273805975914,-0.0603222176432609,0.4739935398101806,0.4125984311103821,-0.5216284990310669,-0.5195911526679993,0.8693528771400452,-0.7497143149375916,-0.5912272334098816,0.7241379022598267,-0.7121455073356628,-0.5886850357055664,41.87593078613281,0.0481114648282527
EXPC2-011,131.8318552790825,48.14660004107614,181_木本沼泽,fcs10_181,否,裸地,中,"圆形裸土斑,农田环绕",judge_C2_00.csv,False,22,0.0384467512495194,0.0030142252979623,0.0935640138408304,-0.3368550557477893,-0.1085121107266436,-0.0842137639369473,-0.292871972318339,0.1998615916955017,0.0039369473279507,0.0711111111111111,-0.0199307958477508,-0.0384467512495194,-0.0384467512495194,0.1137408688965782,-0.1085121107266436,0.2214532871972318,-0.0015378700499807,-0.1190926566705113,-0.1034063821607074,-0.0030142252979623,-0.0199307958477508,0.059115724721261,-0.0030142252979623,0.0415840061514801,-0.1085121107266436,0.1034063821607074,0.0629911572472126,-0.059115724721261,0.3647212610534409,-0.1537870049980776,-0.0246059207996924,0.0039369473279507,-0.16,-0.059115724721261,-0.0553633217993079,0.3460207612456747,0.1301653210303729,0.0448442906574394,0.0448442906574394,-0.0157477893118031,0.0271280276816609,0.0325413302575932,-0.1301653210303729,0.0088581314878892,0.059115724721261,0.2214532871972318,0.1417301038062283,-0.0517339484813533,0.0553633217993079,-0.0482276047673971,0.1998615916955017,-0.1085121107266436,-0.0177777777777777,-0.0002460592079969,-0.059115724721261,-0.0517339484813533,-0.0039369473279507,-0.0888273740868896,-0.0448442906574394,-0.1245674740484429,-0.2441522491349481,0.0517339484813533,-0.0842137639369473,0.0629911572472126,,,,,0.0215677879750728,-0.0484401956200599,0.7873969078063965,0.2623548805713653,-0.4370398223400116,-0.4653997719287872,0.7821380496025085,-0.6431690454483032,-0.3997901380062103,0.5286713242530823,-0.6026393175125122,-0.5297179818153381,81.1758804321289,0.0974991619586944
EXPC2-012,132.4412723678292,43.96224744764741,181_木本沼泽,fcs10_181,否,水体,中,浑浊河流水面,judge_C2_00.csv,False,23,-0.0669896193771626,-0.1137408688965782,0.1137408688965782,-0.2599000384467512,-0.0669896193771626,-0.1537870049980776,-0.2441522491349481,0.186082276047674,0.0246059207996924,0.1137408688965782,0.0984236831987697,-0.0888273740868896,0.0138408304498269,0.0384467512495194,-0.2599000384467512,0.1663360246059207,0.0482276047673971,-0.17279507881584,-0.2364628988850442,-0.0049826989619377,-0.0271280276816609,0.0015378700499807,-0.075355632449058,-0.0199307958477508,-0.1137408688965782,0.0629911572472126,0.0325413302575932,0.0448442906574394,0.3839138792772011,-0.1034063821607074,-0.0015378700499807,0.0009842368319876,-0.059115724721261,-0.0415840061514801,-0.0384467512495194,0.3188927335640138,0.0711111111111111,0.0049826989619377,0.0482276047673971,0.0448442906574394,-0.1034063821607074,-0.075355632449058,-0.0061514801999231,0.075355632449058,0.01039600153787,0.2214532871972318,0.1476970396001538,-0.0415840061514801,0.0177777777777777,-0.1663360246059207,0.1137408688965782,-0.0325413302575932,-0.0325413302575932,0.0517339484813533,-0.0002460592079969,0.0384467512495194,0.0669896193771626,-0.0482276047673971,0.035432525951557,-0.1358861976163014,-0.2519646289888504,-0.1085121107266436,-0.0415840061514801,0.1301653210303729,,,,,0.0091490158811211,0.0163093283772468,0.6899949312210083,0.3197157979011535,-0.3472348153591156,-0.248434230685234,0.7599436640739441,-0.6244314312934875,-0.376483291387558,0.1566265076398849,-0.1061728373169899,-0.1213592216372489,104.14163970947266,0.0258415937423706
EXPC2-013,132.7215467364745,45.49872590960543,181_木本沼泽,fcs10_181,否,落叶灌丛,低,田边深色灌丛(矮林),judge_C2_00.csv,False,10,-0.035432525951557,-0.0297731641676278,0.186082276047674,-0.292871972318339,-0.0030142252979623,-0.0984236831987697,-0.1998615916955017,0.3368550557477893,0.035432525951557,0.0049826989619377,0.2364628988850442,-0.1137408688965782,-0.0297731641676278,0.0384467512495194,-0.2599000384467512,0.0629911572472126,0.0384467512495194,-0.0935640138408304,-0.1537870049980776,0.035432525951557,0.0138408304498269,0.0415840061514801,0.0415840061514801,-0.1137408688965782,0.0157477893118031,0.1417301038062283,0.0271280276816609,0.0984236831987697,0.3368550557477893,-0.1190926566705113,0.0711111111111111,-0.0222068435217224,-0.075355632449058,0.0669896193771626,-0.0049826989619377,0.2679584775086506,0.0297731641676278,0.0157477893118031,0.0061514801999231,-0.0415840061514801,-0.0888273740868896,-0.1301653210303729,0.0138408304498269,0.0935640138408304,0.0061514801999231,0.2141330257593233,0.1663360246059207,-0.0888273740868896,0.0842137639369473,-0.1085121107266436,0.1034063821607074,0.01039600153787,-0.0669896193771626,0.0177777777777777,0.059115724721261,0.0984236831987697,0.1085121107266436,6.151480199923106e-05,0.0199307958477508,-0.1085121107266436,-0.2761399461745483,-0.000553633217993,-0.0482276047673971,0.0138408304498269,,,,,0.0031573479063808,0.0002788067213259,0.7316417098045349,0.2931958734989166,-0.3459227383136749,-0.4249056577682495,0.627221941947937,-0.5778069496154785,-0.5436480045318604,0.3631624579429626,-0.4447513818740845,-0.4723255336284637,79.27547454833984,0.0905515700578689
EXPC2-014,133.42618524533785,45.56520124063028,181_木本沼泽,fcs10_181,是,草本沼泽,低,湿草与灌丛镶嵌,judge_C2_00.csv,False,15,-0.0384467512495194,-0.0935640138408304,0.1663360246059207,-0.2288965782391388,-0.0517339484813533,-0.1417301038062283,-0.2069357939254133,0.3553094963475586,0.075355632449058,0.0517339484813533,0.2364628988850442,-0.0984236831987697,0.0199307958477508,-0.0199307958477508,-0.2599000384467512,0.0325413302575932,-0.01039600153787,-0.1358861976163014,-0.1793771626297577,0.0039369473279507,0.0797231833910034,0.01039600153787,-0.0482276047673971,-0.0629911572472126,0.0384467512495194,0.1301653210303729,-0.0177777777777777,0.0888273740868896,0.3278123798539023,-0.0325413302575932,-0.0222068435217224,0.0009842368319876,-0.1190926566705113,0.0482276047673971,-0.075355632449058,0.1929104190695886,0.0711111111111111,-0.0797231833910034,0.0482276047673971,-0.0797231833910034,-0.1085121107266436,-0.1190926566705113,-0.0415840061514801,0.0842137639369473,-0.0074432910419069,0.186082276047674,0.2141330257593233,-0.1663360246059207,0.0935640138408304,-0.0797231833910034,0.075355632449058,0.0222068435217224,-0.0935640138408304,-0.0297731641676278,0.0009842368319876,0.17279507881584,0.1929104190695886,0.0015378700499807,-0.0415840061514801,-0.0842137639369473,-0.2288965782391388,0.0177777777777777,-0.0482276047673971,0.0177777777777777,,,,,0.0865895599126815,-0.1027918756008148,0.4373570382595062,0.4996486306190491,-0.515625,-0.2899531424045563,0.8026048541069031,-0.6801425814628601,-0.4968465268611908,0.6504688858985901,-0.6589545607566833,-0.6370269060134888,65.050537109375,0.0561328567564487
EXPC2-015,131.9964266391332,45.25402482621128,181_木本沼泽,fcs10_181,是,草本沼泽,低,"湖塘边湿草甸,旁堤路",judge_C2_00.csv,False,15,-0.1034063821607074,-0.1301653210303729,0.16,-0.2214532871972318,-0.0553633217993079,-0.1358861976163014,-0.3188927335640138,0.2761399461745483,0.0061514801999231,0.0711111111111111,0.17279507881584,-0.17279507881584,-0.0271280276816609,0.0271280276816609,-0.2844444444444444,0.0669896193771626,0.0297731641676278,-0.1085121107266436,-0.1663360246059207,0.0088581314878892,0.0138408304498269,0.0297731641676278,0.0271280276816609,-0.0669896193771626,-0.035432525951557,0.2141330257593233,0.0120569011918492,0.0482276047673971,0.3460207612456747,-0.0629911572472126,0.0177777777777777,0.0061514801999231,-0.1301653210303729,-0.0297731641676278,-0.0629911572472126,0.2519646289888504,0.0984236831987697,0.0325413302575932,0.0797231833910034,0.075355632449058,-0.075355632449058,-0.1301653210303729,0.000553633217993,0.075355632449058,-0.0384467512495194,0.2364628988850442,0.1190926566705113,-0.0157477893118031,0.0517339484813533,-0.1537870049980776,0.1245674740484429,0.059115724721261,0.0157477893118031,0.0015378700499807,-0.0039369473279507,0.0088581314878892,0.0984236831987697,0.0553633217993079,-0.0384467512495194,-0.0138408304498269,-0.2141330257593233,-0.0482276047673971,-0.0797231833910034,0.0271280276816609,,,,,0.0442602224647998,-0.09616519510746,0.5393117070198059,0.1992064863443374,-0.2015901952981948,-0.0571205019950866,0.7559124231338501,-0.6190604567527771,-0.2014672756195068,0.4637171924114227,-0.5271785855293274,-0.249828889966011,70.68639373779297,0.1022680774331092
EXPC2-016,131.8347298879917,43.77611652077785,181_木本沼泽,fcs10_181,否,水体,低,浪花带外缘水面近岸,judge_C2_00.csv,False,23,-0.0415840061514801,-0.0842137639369473,0.1137408688965782,-0.1929104190695886,-0.1034063821607074,-0.1417301038062283,-0.3014225297962323,0.2069357939254133,-0.0002460592079969,0.0888273740868896,0.1245674740484429,-0.0888273740868896,0.0157477893118031,0.035432525951557,-0.2069357939254133,0.1085121107266436,-0.0177777777777777,-0.1358861976163014,-0.3014225297962323,0.0669896193771626,0.0222068435217224,-0.0935640138408304,-0.0553633217993079,0.0039369473279507,-0.0415840061514801,0.17279507881584,0.059115724721261,-0.0842137639369473,0.3460207612456747,-0.0669896193771626,0.0157477893118031,0.0935640138408304,0.035432525951557,-0.0797231833910034,-0.0797231833910034,0.2844444444444444,0.1137408688965782,-0.0629911572472126,0.075355632449058,-0.0009842368319876,-0.1476970396001538,-0.1034063821607074,-0.0061514801999231,0.075355632449058,0.0022145328719723,0.17279507881584,0.2599000384467512,-0.0030142252979623,0.0177777777777777,-0.1085121107266436,0.075355632449058,-0.0448442906574394,-0.0061514801999231,0.1034063821607074,-0.0030142252979623,0.0022145328719723,0.0935640138408304,-0.0711111111111111,0.0061514801999231,-0.1301653210303729,-0.2141330257593233,-0.0888273740868896,-0.0711111111111111,0.1301653210303729,,,,,0.0145959416404366,-0.0109968073666095,0.5818439722061157,0.3819321990013122,-0.4177724123001098,-0.3103119730949402,0.7262585163116455,-0.6008074879646301,-0.2943800091743469,0.3504398763179779,-0.3430550396442413,-0.3736531138420105,15.0,0.2621392905712127
EXPC2-017,130.65075034352216,42.39091435266554,181_木本沼泽,fcs10_181,是,湖河滩地,低,"河岸暗色湿泥带,旁激流",judge_C2_00.csv,False,16,-0.0448442906574394,-0.0984236831987697,0.1929104190695886,-0.2364628988850442,-0.1245674740484429,0.0177777777777777,-0.2288965782391388,0.2599000384467512,0.0325413302575932,0.1085121107266436,0.1537870049980776,-0.075355632449058,0.1358861976163014,0.0629911572472126,-0.1085121107266436,-0.0797231833910034,-0.0669896193771626,-0.0669896193771626,-0.1998615916955017,0.0246059207996924,-0.0669896193771626,0.0138408304498269,-0.0039369473279507,0.035432525951557,-0.1301653210303729,0.1190926566705113,-0.0199307958477508,-0.0984236831987697,0.2679584775086506,-0.0222068435217224,0.0553633217993079,-0.0074432910419069,-0.0246059207996924,-0.0711111111111111,-0.1034063821607074,0.3553094963475586,0.0009842368319876,0.0002460592079969,0.1085121107266436,0.0015378700499807,-0.0222068435217224,-0.1034063821607074,0.0842137639369473,0.0711111111111111,-0.0138408304498269,0.1998615916955017,0.2141330257593233,0.059115724721261,0.1085121107266436,-0.2364628988850442,0.0797231833910034,0.1417301038062283,-0.0088581314878892,0.0120569011918492,-0.0157477893118031,-0.0553633217993079,0.0888273740868896,0.0553633217993079,-0.1537870049980776,-0.059115724721261,-0.2288965782391388,-0.0842137639369473,-0.1929104190695886,0.059115724721261,-17.408992016674517,-28.07107318616754,-12.414163847794192,-19.613854023342626,0.1316818743944168,-0.2191011309623718,-0.0144756278023123,0.2577396631240845,-0.3090062141418457,-0.386841207742691,0.2003900557756424,-0.1193453073501586,-0.0921021774411201,0.0784874483942985,-0.0812360644340515,-0.1554904878139495,1.0,0.3186671435832977
EXPC2-018,132.54619559301435,48.38123999328816,181_木本沼泽,fcs10_181,是,草本沼泽,低,"旱相草甸,旁深色水沟",judge_C2_00.csv,False,15,-0.0935640138408304,-0.0448442906574394,0.1301653210303729,-0.2519646289888504,-0.0448442906574394,-0.1998615916955017,-0.2519646289888504,0.3368550557477893,0.0984236831987697,-0.0074432910419069,0.1537870049980776,-0.1537870049980776,-0.0325413302575932,0.0517339484813533,-0.2364628988850442,0.1476970396001538,0.0271280276816609,-0.1085121107266436,-0.1476970396001538,-0.0271280276816609,0.0797231833910034,0.0271280276816609,0.0157477893118031,-0.0669896193771626,-0.0074432910419069,0.1476970396001538,0.0553633217993079,0.0553633217993079,0.3742560553633218,-0.0711111111111111,0.0297731641676278,-0.0074432910419069,-0.1476970396001538,0.0325413302575932,-0.0629911572472126,0.2761399461745483,0.1190926566705113,0.0415840061514801,0.0669896193771626,-0.0553633217993079,0.0271280276816609,-0.0669896193771626,-0.059115724721261,0.0711111111111111,-0.0199307958477508,0.1929104190695886,0.1358861976163014,-0.0384467512495194,0.0384467512495194,-0.0935640138408304,0.1137408688965782,-0.0030142252979623,-0.0629911572472126,0.0199307958477508,0.0002460592079969,0.1190926566705113,0.1085121107266436,0.000553633217993,-0.0120569011918492,-0.0842137639369473,-0.2141330257593233,0.0199307958477508,-0.1085121107266436,0.059115724721261,,,,,0.048267912119627,-0.0671717450022697,0.6492783427238464,0.3148223757743835,-0.4210061728954315,-0.466991662979126,0.8349056839942932,-0.7279289364814758,-0.5270270109176636,0.5627906918525696,-0.6663124561309814,-0.5747178196907043,74.72803497314453,0.275692880153656
EXPC2-019,130.317295710057,48.29643903046728,181_木本沼泽,fcs10_181,是,草本沼泽,低,"斑驳湿草甸,浅水洼镶嵌",judge_C2_00.csv,False,15,-0.0246059207996924,-0.1085121107266436,0.1929104190695886,-0.2519646289888504,-0.075355632449058,-0.1137408688965782,-0.2214532871972318,0.2844444444444444,0.1034063821607074,0.0842137639369473,0.2364628988850442,-0.1190926566705113,0.0629911572472126,0.0022145328719723,-0.1998615916955017,0.1034063821607074,0.075355632449058,-0.0984236831987697,-0.1537870049980776,-0.0517339484813533,0.0797231833910034,0.0246059207996924,-0.0177777777777777,-0.0297731641676278,-0.0271280276816609,0.0384467512495194,-0.0199307958477508,0.1537870049980776,0.3460207612456747,-0.0888273740868896,0.0297731641676278,0.0049826989619377,-0.1301653210303729,0.0157477893118031,-0.0157477893118031,0.2141330257593233,0.0629911572472126,-0.0415840061514801,-0.0030142252979623,-0.0297731641676278,-0.1417301038062283,-0.1034063821607074,-0.035432525951557,0.1301653210303729,-0.0448442906574394,0.2364628988850442,0.1358861976163014,-0.186082276047674,0.0325413302575932,-0.1137408688965782,0.0984236831987697,0.0088581314878892,-0.1085121107266436,0.0177777777777777,0.0553633217993079,0.1476970396001538,0.1301653210303729,0.0246059207996924,-0.0553633217993079,-0.1137408688965782,-0.2519646289888504,0.0325413302575932,0.0138408304498269,0.0297731641676278,,,,,0.0407571084797382,-0.0633523389697074,0.6394699215888977,-0.1274597495794296,0.1013357862830162,0.2849657535552978,0.6274118423461914,-0.5403022766113281,-0.4042437374591827,0.4852675795555115,-0.4812593758106231,-0.4736842215061188,148.99281311035156,0.0640474185347557
EXPC2-020,130.39419149837764,44.62987536680503,181_木本沼泽,fcs10_181,是,木本沼泽,低,"河畔树丛,阴影重,存疑",judge_C2_00.csv,False,14,-0.1085121107266436,-0.1190926566705113,0.1245674740484429,-0.1663360246059207,-0.0246059207996924,-0.1034063821607074,-0.2761399461745483,0.3368550557477893,0.0030142252979623,0.1301653210303729,0.2141330257593233,-0.1301653210303729,0.0669896193771626,-0.01039600153787,-0.16,0.0482276047673971,0.1537870049980776,0.01039600153787,-0.3014225297962323,-0.0553633217993079,-0.0448442906574394,-0.1301653210303729,0.0517339484813533,-0.0177777777777777,-0.0984236831987697,0.1245674740484429,-0.0246059207996924,0.01039600153787,0.3014225297962323,-0.0415840061514801,-0.0177777777777777,-0.1034063821607074,0.075355632449058,0.01039600153787,-0.0039369473279507,0.16,0.1245674740484429,0.0711111111111111,0.0517339484813533,0.1190926566705113,-0.1190926566705113,-0.1537870049980776,0.0797231833910034,0.1034063821607074,-0.0669896193771626,0.2441522491349481,0.0199307958477508,0.1245674740484429,0.059115724721261,-0.0553633217993079,0.0517339484813533,0.0325413302575932,0.0157477893118031,0.1417301038062283,0.1301653210303729,0.0297731641676278,-0.0199307958477508,-0.0222068435217224,-0.0415840061514801,-0.0384467512495194,-0.2599000384467512,-0.0797231833910034,-0.0157477893118031,0.1663360246059207,-8.856029504099144,-17.436669904193185,-8.533448757624342,-13.17243907912922,-0.1198044046759605,0.1279069781303405,0.7939233779907227,0.27363982796669,-0.3211162090301513,-0.3181342780590057,0.566631019115448,-0.4757203161716461,-0.3012889325618744,-0.008598887361586,-0.0364886298775672,-0.0124661242589354,300.82183837890625,0.130340114235878
EXPC2-021,131.18434962228915,47.213070797819135,181_木本沼泽,fcs10_181,否,草地,中,"村边草甸,散生灌木",judge_C2_00.csv,False,11,-0.0325413302575932,0.035432525951557,0.1190926566705113,-0.2441522491349481,0.01039600153787,-0.035432525951557,-0.2519646289888504,0.3100961168781238,0.01039600153787,0.0199307958477508,0.1245674740484429,-0.1245674740484429,-0.0448442906574394,0.035432525951557,-0.2141330257593233,0.2214532871972318,0.0222068435217224,-0.1245674740484429,-0.1085121107266436,0.0222068435217224,0.0022145328719723,-0.059115724721261,0.0384467512495194,-0.075355632449058,0.0384467512495194,0.1190926566705113,0.075355632449058,-0.0384467512495194,0.4136255286428297,-0.0711111111111111,0.0325413302575932,-0.059115724721261,-0.0984236831987697,0.0015378700499807,-0.035432525951557,0.3278123798539023,0.075355632449058,0.0629911572472126,-0.0039369473279507,0.0384467512495194,-0.0711111111111111,-0.0888273740868896,-0.1358861976163014,0.0482276047673971,0.0669896193771626,0.16,0.1417301038062283,-0.0138408304498269,0.1245674740484429,-0.075355632449058,0.2141330257593233,-0.1301653210303729,-0.0935640138408304,-0.0088581314878892,-0.0325413302575932,0.0120569011918492,0.075355632449058,-0.059115724721261,0.0015378700499807,-0.075355632449058,-0.2599000384467512,-0.0325413302575932,-0.0669896193771626,0.059115724721261,,,,,0.0264890752732753,-0.0480155833065509,0.7323787212371826,0.6030701994895935,-0.5869742035865784,-0.4787671267986297,0.7495893836021423,-0.6170014142990112,-0.4344827532768249,0.5375263094902039,-0.5396862626075745,-0.4141835570335388,66.68414306640625,0.0770410150289535
EXPC2-022,133.54548151506893,45.10885707629756,181_木本沼泽,fcs10_181,是,草本沼泽,低,"沼泽化草甸,灌丛镶嵌",judge_C2_00.csv,False,15,-0.0177777777777777,-0.0384467512495194,0.1358861976163014,-0.2761399461745483,0.01039600153787,-0.1663360246059207,-0.1998615916955017,0.3014225297962323,0.035432525951557,0.059115724721261,0.1663360246059207,-0.059115724721261,-0.0888273740868896,0.0061514801999231,-0.2599000384467512,0.1190926566705113,0.0074432910419069,-0.1358861976163014,-0.1663360246059207,0.0039369473279507,0.0629911572472126,0.0138408304498269,-0.0120569011918492,-0.075355632449058,0.0271280276816609,0.0797231833910034,-0.0157477893118031,0.0138408304498269,0.4136255286428297,-0.0246059207996924,-0.0246059207996924,-0.0120569011918492,-0.1476970396001538,0.0517339484813533,-0.0629911572472126,0.2679584775086506,0.1245674740484429,-0.0222068435217224,0.0553633217993079,-0.0325413302575932,-0.0222068435217224,-0.0482276047673971,-0.1034063821607074,0.1085121107266436,0.035432525951557,0.1663360246059207,0.2141330257593233,-0.17279507881584,0.1190926566705113,-0.0797231833910034,0.1245674740484429,-0.0061514801999231,-0.059115724721261,-0.0030142252979623,-0.0297731641676278,0.0842137639369473,0.0669896193771626,-0.0711111111111111,0.01039600153787,-0.0842137639369473,-0.2679584775086506,-0.0002460592079969,-0.0415840061514801,0.0222068435217224,,,,,0.0387051366269588,-0.0611071176826953,0.6373609304428101,0.3525721430778503,-0.4567567706108093,-0.4639999866485595,0.8195679783821106,-0.6593279242515564,-0.4597243368625641,0.4529607892036438,-0.4966992437839508,-0.6033298373222351,82.9706039428711,0.0561328567564487
EXPC2-023,131.8444316930602,47.687021941720594,181_木本沼泽,fcs10_181,是,草本沼泽,中,"湖岸湿草沼泽,临水面",judge_C2_00.csv,False,15,-0.0935640138408304,-0.0448442906574394,0.1034063821607074,-0.16,-0.0711111111111111,-0.1417301038062283,-0.3188927335640138,0.3368550557477893,0.075355632449058,0.0271280276816609,0.2069357939254133,-0.16,0.0271280276816609,-0.0297731641676278,-0.1793771626297577,0.1417301038062283,0.0984236831987697,-0.1034063821607074,-0.2599000384467512,0.0246059207996924,0.0482276047673971,-0.059115724721261,0.0022145328719723,-0.0711111111111111,0.0177777777777777,0.1929104190695886,0.1085121107266436,0.0297731641676278,0.3278123798539023,-0.0448442906574394,0.0061514801999231,0.0669896193771626,-0.0157477893118031,0.0517339484813533,-0.075355632449058,0.2679584775086506,0.1137408688965782,0.0271280276816609,0.035432525951557,-0.0222068435217224,-0.0553633217993079,-0.1245674740484429,-0.0271280276816609,0.0984236831987697,0.0246059207996924,0.1663360246059207,0.1537870049980776,-0.0246059207996924,0.0797231833910034,-0.0984236831987697,0.1358861976163014,-0.0271280276816609,-0.0384467512495194,0.0669896193771626,0.0157477893118031,0.0711111111111111,0.1085121107266436,-0.0088581314878892,0.0049826989619377,-0.0553633217993079,-0.2364628988850442,-0.0415840061514801,-0.0842137639369473,0.1245674740484429,,,,,-0.0322580635547637,0.090757705271244,0.6196835041046143,0.2601484656333923,-0.371025949716568,-0.3353913128376007,0.8200408816337585,-0.6932223439216614,-0.4613778591156006,0.6312757134437561,-0.6544240117073059,-0.518324613571167,58.588661193847656,0.0770410150289535
EXPC2-024,132.58356550883371,47.763558403927576,181_木本沼泽,fcs10_181,是,木本沼泽,低,"湖岸灌丛,邻水邻滩",judge_C2_00.csv,False,14,-0.0074432910419069,-0.0984236831987697,0.17279507881584,-0.186082276047674,-0.0629911572472126,-0.1301653210303729,-0.2679584775086506,0.3100961168781238,0.0177777777777777,0.0297731641676278,0.2288965782391388,-0.1245674740484429,-0.0030142252979623,-0.0074432910419069,-0.17279507881584,0.0629911572472126,0.0120569011918492,-0.075355632449058,-0.1998615916955017,0.0711111111111111,0.0842137639369473,-0.0553633217993079,0.0246059207996924,-0.035432525951557,0.0482276047673971,0.2364628988850442,0.0246059207996924,-0.0061514801999231,0.3647212610534409,-0.0138408304498269,-0.0517339484813533,0.0669896193771626,-0.0984236831987697,0.0325413302575932,-0.1245674740484429,0.2679584775086506,0.1358861976163014,-0.0888273740868896,0.0629911572472126,-0.0669896193771626,-0.0711111111111111,-0.1245674740484429,-0.0935640138408304,0.0842137639369473,-0.0553633217993079,0.1663360246059207,0.2069357939254133,-0.1245674740484429,0.0669896193771626,-0.059115724721261,0.1793771626297577,-0.0482276047673971,-0.0271280276816609,0.0061514801999231,-0.035432525951557,0.0325413302575932,0.1137408688965782,0.0009842368319876,-0.0448442906574394,-0.0271280276816609,-0.2141330257593233,0.0120569011918492,-0.1034063821607074,-0.0039369473279507,,,,,0.0414066947996616,-0.0060273972339928,0.6065537333488464,0.3539495468139648,-0.4159291982650757,-0.3968957960605621,0.8023834824562073,-0.6694145798683167,-0.5081080794334412,0.5347316861152649,-0.6026169657707214,-0.5150989294052124,52.13737487792969,0.0145089849829673
EXPC2-025,131.04241580739827,43.22095767519198,181_木本沼泽,fcs10_181,是,草本沼泽,低,"湿生草甸,紧邻水沟",judge_C2_00.csv,False,15,-0.0935640138408304,-0.1190926566705113,0.1190926566705113,-0.2288965782391388,-0.059115724721261,-0.1663360246059207,-0.3014225297962323,0.2844444444444444,0.0711111111111111,0.1085121107266436,0.0984236831987697,-0.1137408688965782,0.0517339484813533,0.0061514801999231,-0.1537870049980776,0.1793771626297577,0.1190926566705113,-0.1537870049980776,-0.3278123798539023,-0.0415840061514801,-0.0002460592079969,-0.035432525951557,-0.0888273740868896,-0.0009842368319876,-0.075355632449058,0.0669896193771626,0.0842137639369473,-0.0448442906574394,0.2599000384467512,-0.0711111111111111,-0.0482276047673971,0.0553633217993079,0.0199307958477508,-0.0711111111111111,-0.0199307958477508,0.2069357939254133,0.0888273740868896,0.0271280276816609,0.0271280276816609,0.0297731641676278,-0.0199307958477508,-0.0553633217993079,0.0297731641676278,0.0797231833910034,0.0246059207996924,0.2364628988850442,0.1663360246059207,0.0271280276816609,0.0325413302575932,-0.2141330257593233,0.059115724721261,0.0325413302575932,0.0246059207996924,0.2069357939254133,0.035432525951557,0.0797231833910034,0.059115724721261,-0.0482276047673971,0.0384467512495194,-0.0297731641676278,-0.2069357939254133,-0.1034063821607074,-0.0842137639369473,0.17279507881584,,,,,0.0165479332208633,-0.0241311099380254,0.7424823641777039,0.3524844646453857,-0.389154702425003,-0.3427713513374328,0.7309901714324951,-0.6406149864196777,-0.4038257300853729,0.4855305552482605,-0.4819566905498504,-0.4739413559436798,225.29771423339844,0.2621392905712127
EXPC2-026,130.7344733280021,47.75277862051814,181_木本沼泽,fcs10_181,否,水体,中,"池塘水缘,土堤环绕",judge_C2_00.csv,False,23,-0.0711111111111111,-0.1085121107266436,0.1537870049980776,-0.3014225297962323,-0.0842137639369473,-0.059115724721261,-0.3100961168781238,0.2288965782391388,-0.0246059207996924,0.1034063821607074,0.16,-0.0842137639369473,0.0246059207996924,0.0015378700499807,-0.2288965782391388,0.075355632449058,0.075355632449058,-0.0629911572472126,-0.1245674740484429,0.0325413302575932,-0.0246059207996924,0.0246059207996924,0.0297731641676278,-0.0448442906574394,-0.1190926566705113,0.0088581314878892,-0.0797231833910034,0.0448442906574394,0.3278123798539023,-0.075355632449058,-0.0297731641676278,-0.035432525951557,-0.0120569011918492,0.0157477893118031,-0.1537870049980776,0.292871972318339,0.0984236831987697,-0.0842137639369473,-0.000553633217993,0.0984236831987697,-0.1417301038062283,0.01039600153787,-0.0199307958477508,0.0517339484813533,-0.0482276047673971,0.3100961168781238,0.1245674740484429,-0.0984236831987697,0.0246059207996924,-0.186082276047674,0.17279507881584,-0.0088581314878892,-0.0482276047673971,-0.0415840061514801,0.0157477893118031,0.0177777777777777,0.0842137639369473,0.1085121107266436,-0.0246059207996924,-0.0984236831987697,-0.2214532871972318,-0.0984236831987697,-0.035432525951557,-0.0415840061514801,,,,,0.071249321103096,-0.111262023448944,0.568517804145813,0.2229688465595245,-0.2841565012931824,-0.0358531326055526,0.1244755238294601,0.0585480108857154,0.0585480108857154,0.2221881747245788,-0.2852078676223755,-0.281735748052597,165.4619140625,0.1631932705640792
EXPC2-027,132.3428170126897,44.12897476437999,181_木本沼泽,fcs10_181,是,木本沼泽,低,"密灌丛矮林,近弯沟",judge_C2_00.csv,False,14,-0.0222068435217224,-0.0888273740868896,0.1137408688965782,-0.2441522491349481,-0.075355632449058,-0.1476970396001538,-0.2441522491349481,0.3100961168781238,0.0325413302575932,0.1137408688965782,0.1190926566705113,-0.0984236831987697,0.0271280276816609,0.059115724721261,-0.2364628988850442,0.0984236831987697,-0.0120569011918492,-0.1537870049980776,-0.1929104190695886,0.0049826989619377,-0.0199307958477508,-0.01039600153787,-0.0711111111111111,-0.0138408304498269,-0.0415840061514801,0.0629911572472126,-0.0246059207996924,0.0711111111111111,0.3839138792772011,-0.0797231833910034,-0.0415840061514801,-0.0138408304498269,-0.1245674740484429,-0.0177777777777777,-0.0629911572472126,0.3100961168781238,0.0553633217993079,-0.0246059207996924,0.0415840061514801,-0.0271280276816609,-0.1417301038062283,-0.0553633217993079,-0.0629911572472126,0.0325413302575932,-0.0157477893118031,0.2141330257593233,0.16,-0.1245674740484429,0.0797231833910034,-0.1034063821607074,0.1301653210303729,0.0088581314878892,-0.0842137639369473,-0.000553633217993,0.0177777777777777,0.059115724721261,0.16,0.0088581314878892,-0.0297731641676278,-0.0935640138408304,-0.2519646289888504,-0.0711111111111111,-0.0669896193771626,0.0669896193771626,,,,,0.0254606623202562,-0.0258528385311365,0.7306699156761169,0.1455497443675995,-0.1255144029855728,0.0059171598404645,0.6396094560623169,-0.4802316725254059,-0.3422562181949615,0.2896701097488403,-0.3642384111881256,-0.2720910012722015,79.67098236083984,0.0643476322293281
EXPC2-028,133.1807655097164,45.48435286505952,183_湖河滩地,fcs10_183,否,水体,中,灰绿浑水河道,judge_C2_00.csv,False,23,-0.0271280276816609,-0.1137408688965782,-0.0022145328719723,-0.2214532871972318,-0.0120569011918492,-0.01039600153787,-0.2069357939254133,0.1417301038062283,-0.035432525951557,0.1929104190695886,-0.0039369473279507,-0.0842137639369473,-0.0088581314878892,-0.0157477893118031,-0.1663360246059207,0.2288965782391388,0.0669896193771626,-0.059115724721261,-0.1034063821607074,0.0711111111111111,-0.0517339484813533,0.0888273740868896,0.0015378700499807,-0.0384467512495194,-0.1998615916955017,0.0797231833910034,0.1034063821607074,-0.035432525951557,0.3839138792772011,-0.16,-0.1190926566705113,0.0517339484813533,-0.1034063821607074,-0.0629911572472126,-0.0669896193771626,0.2844444444444444,0.1476970396001538,-0.0842137639369473,0.0222068435217224,0.1663360246059207,-0.0984236831987697,-0.0246059207996924,-0.035432525951557,-0.0030142252979623,0.0022145328719723,0.3188927335640138,0.035432525951557,0.059115724721261,-0.0222068435217224,-0.16,0.2288965782391388,-0.0797231833910034,-0.0415840061514801,-0.0797231833910034,-0.0222068435217224,-0.0517339484813533,-0.0669896193771626,0.0448442906574394,0.0448442906574394,-0.1085121107266436,-0.1793771626297577,-0.1476970396001538,0.0074432910419069,0.1301653210303729,,,,,0.0,-0.0078959595412015,0.8495508432388306,-0.1874533295631408,0.1409395933151245,0.1141094863414764,-0.1306098997592926,0.1192072257399559,0.2198221087455749,-0.3870967626571655,0.4411764740943908,0.4050179123878479,61.0,0.0561328567564487
EXPC2-029,134.5929171363523,47.54544745294336,183_湖河滩地,fcs10_183,否,水体,低,"均质绿水面,堤田环绕",judge_C2_00.csv,False,23,-0.0325413302575932,-0.1137408688965782,-0.0271280276816609,-0.2141330257593233,-0.0120569011918492,-0.0222068435217224,-0.1417301038062283,0.1417301038062283,-0.0482276047673971,0.1358861976163014,-0.0120569011918492,-0.1034063821607074,-0.035432525951557,-0.0120569011918492,-0.2364628988850442,0.2441522491349481,0.0888273740868896,-0.1476970396001538,-0.0199307958477508,0.0711111111111111,-0.035432525951557,0.1358861976163014,-6.151480199923106e-05,0.0120569011918492,-0.2214532871972318,-0.0271280276816609,0.0711111111111111,-0.0384467512495194,0.3278123798539023,-0.2141330257593233,-0.0384467512495194,0.0797231833910034,-0.0271280276816609,-0.0629911572472126,-0.0415840061514801,0.2679584775086506,0.0669896193771626,-0.1034063821607074,0.0022145328719723,0.1793771626297577,-0.0935640138408304,0.0325413302575932,0.0711111111111111,-0.0271280276816609,0.0039369473279507,0.3368550557477893,-0.0553633217993079,0.059115724721261,-0.0842137639369473,-0.1793771626297577,0.186082276047674,-0.059115724721261,-0.059115724721261,-0.0553633217993079,-0.0482276047673971,-0.0177777777777777,-0.0177777777777777,0.0482276047673971,0.035432525951557,-0.0888273740868896,-0.2214532871972318,-0.1929104190695886,-0.0271280276816609,0.1793771626297577,,,,,-0.0168190859258174,0.0249206032603979,0.8218899369239807,-0.0989440754055976,0.1028037369251251,0.5324675440788269,-0.2416296899318695,0.2224979251623153,0.3936822116374969,-0.3795093894004822,0.3601190447807312,0.2351351380348205,39.0,0.0533583536744117
EXPC2-030,131.9256393947446,47.77505683956431,183_湖河滩地,fcs10_183,否,水体,中,"近岸暗水面,岸沙林",judge_C2_00.csv,False,23,-0.0553633217993079,-0.1137408688965782,0.0049826989619377,-0.2441522491349481,-0.0246059207996924,-0.0297731641676278,-0.2214532871972318,0.186082276047674,-0.0015378700499807,0.0797231833910034,0.0297731641676278,-0.0935640138408304,-0.0138408304498269,0.0039369473279507,-0.2141330257593233,0.2519646289888504,0.075355632449058,-0.1245674740484429,-0.0669896193771626,0.0297731641676278,-0.0222068435217224,0.1476970396001538,0.0049826989619377,0.035432525951557,-0.1929104190695886,-0.0325413302575932,0.0297731641676278,-0.0448442906574394,0.3647212610534409,-0.2141330257593233,-0.0448442906574394,0.075355632449058,-0.0629911572472126,-0.0669896193771626,-0.0517339484813533,0.292871972318339,0.0888273740868896,-0.0888273740868896,0.0271280276816609,0.1358861976163014,-0.0888273740868896,-0.0271280276816609,0.0482276047673971,0.0157477893118031,-0.0138408304498269,0.3278123798539023,-0.0009842368319876,0.0297731641676278,-0.059115724721261,-0.1663360246059207,0.17279507881584,-0.0384467512495194,-0.0415840061514801,-0.0120569011918492,-0.0669896193771626,-0.0384467512495194,-0.0022145328719723,0.0120569011918492,0.0297731641676278,-0.0222068435217224,-0.2599000384467512,-0.16,-0.0199307958477508,0.1476970396001538,,,,,0.0164853502064943,-0.0213936027139425,0.8214954733848572,-0.1668909788131714,0.2000000029802322,0.6602592468261719,0.0322580635547637,0.0604490488767623,0.2858638763427734,0.1053254455327987,-0.1989730447530746,-0.0859375,53.0,0.0770410150289535
EXPC2-031,134.67915540362776,47.58102073819449,183_湖河滩地,fcs10_183,否,水体,低,"深色静水面,岸林滩地",judge_C2_00.csv,False,23,-0.0448442906574394,-0.16,-0.0271280276816609,-0.2364628988850442,-0.0074432910419069,-0.0415840061514801,-0.1793771626297577,0.17279507881584,-0.01039600153787,0.0888273740868896,-0.0177777777777777,-0.1537870049980776,-0.0022145328719723,-0.0009842368319876,-0.2214532871972318,0.2364628988850442,0.059115724721261,-0.1793771626297577,-0.0669896193771626,0.0669896193771626,-0.075355632449058,0.0935640138408304,-0.059115724721261,0.0039369473279507,-0.17279507881584,-0.0074432910419069,0.1137408688965782,-0.0384467512495194,0.3647212610534409,-0.2519646289888504,-0.0061514801999231,0.075355632449058,-0.0629911572472126,-0.0629911572472126,-0.0448442906574394,0.3100961168781238,0.059115724721261,-0.0061514801999231,0.0325413302575932,0.1301653210303729,-0.0669896193771626,-0.0199307958477508,0.0297731641676278,0.0030142252979623,0.0384467512495194,0.3100961168781238,-0.0669896193771626,0.0629911572472126,-0.0797231833910034,-0.16,0.1929104190695886,-0.0553633217993079,-0.0888273740868896,0.0138408304498269,-0.0297731641676278,-0.0177777777777777,0.035432525951557,0.0222068435217224,0.0199307958477508,-0.0711111111111111,-0.2141330257593233,-0.075355632449058,-0.0297731641676278,0.1663360246059207,,,,,0.0054242433980107,-0.012022971175611,0.8528304100036621,-0.036903690546751,0.0246125794947147,0.3712891340255737,-0.2482853233814239,0.170953094959259,0.4124087691307068,-0.3576642274856567,0.3039548099040985,0.4589127600193023,37.0,0.0533583536744117
EXPC2-032,130.51240978976776,42.64962915449196,183_湖河滩地,fcs10_183,否,水体,中,深绿色河湖水面,judge_C2_00.csv,False,23,-0.0030142252979623,-0.1476970396001538,0.1245674740484429,-0.1929104190695886,-0.1085121107266436,0.0325413302575932,-0.1793771626297577,0.2214532871972318,-0.0030142252979623,0.1245674740484429,0.1929104190695886,-0.0842137639369473,0.1245674740484429,0.0448442906574394,-0.0711111111111111,-0.0271280276816609,-0.0384467512495194,-0.1245674740484429,-0.16,0.0384467512495194,-0.0797231833910034,0.0517339484813533,-0.0177777777777777,0.0629911572472126,-0.2679584775086506,0.0297731641676278,0.0199307958477508,-0.1417301038062283,0.2599000384467512,-0.075355632449058,-0.059115724721261,0.1085121107266436,-0.0448442906574394,-0.075355632449058,-0.17279507881584,0.292871972318339,0.0325413302575932,-0.1137408688965782,0.0984236831987697,0.1301653210303729,-0.0984236831987697,-0.0246059207996924,0.1417301038062283,0.0120569011918492,-0.1034063821607074,0.2599000384467512,0.0482276047673971,0.075355632449058,-0.0711111111111111,-0.2288965782391388,0.1034063821607074,0.075355632449058,-0.0297731641676278,-0.0297731641676278,-0.0629911572472126,-0.1137408688965782,-0.0553633217993079,0.075355632449058,-0.0246059207996924,-0.0415840061514801,-0.2288965782391388,-0.1793771626297577,-0.0984236831987697,0.17279507881584,-19.002547756402155,-27.319243517307346,-18.98141463024118,-25.04031528337295,-0.2261495143175125,0.3309897184371948,0.2326571494340896,-0.1011080369353294,0.1521881073713302,0.1358660608530044,0.4727475047111511,-0.3220169842243194,-0.1512500047683715,0.0232323240488767,0.0470366887748241,-0.0409306325018405,11.0,0.3186671435832977
EXPC2-033,134.70143362267393,47.81673866874745,183_湖河滩地,fcs10_183,是,湖河滩地,中,"河道旁浅滩,见水痕",judge_C2_00.csv,False,16,-0.0415840061514801,-0.16,-0.0482276047673971,-0.2441522491349481,-0.0120569011918492,-0.0246059207996924,-0.17279507881584,0.1417301038062283,-0.0039369473279507,0.1137408688965782,-0.0157477893118031,-0.1190926566705113,-0.0088581314878892,-0.01039600153787,-0.2069357939254133,0.2441522491349481,0.059115724721261,-0.1085121107266436,-0.0448442906574394,0.0629911572472126,-0.0271280276816609,0.1537870049980776,-0.0482276047673971,0.0415840061514801,-0.1929104190695886,-0.0297731641676278,0.0797231833910034,-0.0222068435217224,0.3936947327950788,-0.2441522491349481,-0.0120569011918492,0.0629911572472126,-0.0797231833910034,-0.059115724721261,-0.0935640138408304,0.2844444444444444,0.0448442906574394,-0.0553633217993079,0.0325413302575932,0.1301653210303729,-0.0797231833910034,-0.0177777777777777,0.0177777777777777,0.0030142252979623,0.0177777777777777,0.3368550557477893,-0.059115724721261,0.035432525951557,-0.0935640138408304,-0.17279507881584,0.1998615916955017,-0.075355632449058,-0.0482276047673971,-0.0246059207996924,-0.0553633217993079,0.0061514801999231,-0.0088581314878892,0.0384467512495194,0.0138408304498269,-0.0797231833910034,-0.2069357939254133,-0.1034063821607074,-0.035432525951557,0.1537870049980776,,,,,0.0061779930256307,-0.0253530722111463,0.8046628832817078,-0.0543714649975299,0.0136116156354546,0.195291593670845,-0.1111111119389534,0.1755041033029556,0.0817869380116462,-0.1692307740449905,0.1728665232658386,-0.1326860785484314,36.5,0.0533583536744117
EXPC2-034,131.2583708017006,44.04956369326382,183_湖河滩地,fcs10_183,是,湖河滩地,低,"淤泥滩,与浅水难分",judge_C2_00.csv,False,16,0.0246059207996924,-0.1034063821607074,0.1301653210303729,-0.1998615916955017,-0.0629911572472126,0.0629911572472126,-0.1793771626297577,0.1301653210303729,-0.0325413302575932,0.1358861976163014,0.1085121107266436,-0.1137408688965782,0.059115724721261,-0.000553633217993,-0.1190926566705113,0.1663360246059207,0.1190926566705113,-0.1417301038062283,-0.1085121107266436,0.0669896193771626,-0.0629911572472126,0.0482276047673971,0.035432525951557,0.0222068435217224,-0.2441522491349481,0.0448442906574394,0.0888273740868896,-0.1301653210303729,0.3188927335640138,-0.1417301038062283,-0.0797231833910034,0.1358861976163014,0.0222068435217224,-0.1085121107266436,-0.0669896193771626,0.292871972318339,0.0797231833910034,-0.1301653210303729,-0.0384467512495194,0.1663360246059207,-0.1301653210303729,-0.0246059207996924,0.0888273740868896,-0.0177777777777777,-0.0517339484813533,0.2844444444444444,-0.0482276047673971,0.0842137639369473,-0.0553633217993079,-0.2214532871972318,0.1301653210303729,0.0015378700499807,-0.035432525951557,0.0271280276816609,-0.0157477893118031,-0.075355632449058,-0.0448442906574394,-0.000553633217993,0.035432525951557,-0.0629911572472126,-0.2069357939254133,-0.2364628988850442,-0.0984236831987697,0.1929104190695886,,,,,0.0356023125350475,-0.061107937246561,0.8070898652076721,-0.0713119208812713,0.0768398270010948,0.0988404229283332,0.0025954763405025,-0.1271363049745559,0.2576576471328735,-0.2304609268903732,0.2066115736961364,0.201646089553833,89.0,0.1953300386667251
EXPC2-035,132.820002091614,45.99567392478036,183_湖河滩地,fcs10_183,否,水体,低,"大片暗水,中部疑小船",judge_C2_00.csv,False,23,-0.0482276047673971,-0.1793771626297577,-0.1358861976163014,-0.1301653210303729,-0.0049826989619377,0.0138408304498269,-0.0842137639369473,0.1358861976163014,-0.0088581314878892,0.1137408688965782,-0.0669896193771626,-0.1245674740484429,-0.0517339484813533,-0.0629911572472126,-0.1663360246059207,0.3014225297962323,0.0842137639369473,-0.1663360246059207,0.059115724721261,0.0797231833910034,-0.035432525951557,0.1358861976163014,-0.0199307958477508,0.0415840061514801,-0.17279507881584,0.0049826989619377,0.1476970396001538,-0.1301653210303729,0.2679584775086506,-0.3014225297962323,-0.1034063821607074,0.1793771626297577,0.0074432910419069,-0.0797231833910034,-0.0517339484813533,0.186082276047674,0.0888273740868896,-0.1085121107266436,0.0157477893118031,0.1537870049980776,-0.0629911572472126,0.0384467512495194,0.0711111111111111,-0.0517339484813533,0.0039369473279507,0.2679584775086506,-0.1034063821607074,0.1034063821607074,-0.075355632449058,-0.17279507881584,0.2141330257593233,-0.1034063821607074,-0.1034063821607074,-0.0157477893118031,0.0074432910419069,-0.0517339484813533,0.0448442906574394,0.0842137639369473,-0.01039600153787,0.0061514801999231,-0.1663360246059207,-0.16,-0.0415840061514801,0.1998615916955017,,,,,-0.0014087341260164,-0.0043663070537149,0.8598822355270386,-0.1463414579629898,0.1949999928474426,0.7835820913314819,0.1323529481887817,0.0792227238416671,0.7524271607398987,-0.237063780426979,0.3291005194187164,0.8282387256622314,71.0,0.0905515700578689
EXPC2-036,130.62416021111224,48.88681183519063,183_湖河滩地,fcs10_183,否,水体,中,大片暗色明水岸线平滑,judge_C2_01.csv,False,23,-0.0415840061514801,-0.1793771626297577,-0.0448442906574394,-0.1793771626297577,-0.0297731641676278,0.01039600153787,-0.1417301038062283,0.17279507881584,0.0177777777777777,0.1358861976163014,-0.0553633217993079,-0.1034063821607074,0.0088581314878892,-0.0039369473279507,-0.1793771626297577,0.2844444444444444,0.0669896193771626,-0.1537870049980776,0.0061514801999231,0.0553633217993079,-0.0297731641676278,0.1417301038062283,-0.0246059207996924,0.0629911572472126,-0.1929104190695886,-0.01039600153787,0.0935640138408304,-0.0935640138408304,0.3368550557477893,-0.2761399461745483,-0.0629911572472126,0.1358861976163014,-0.0448442906574394,-0.0888273740868896,-0.0669896193771626,0.2364628988850442,0.059115724721261,-0.1137408688965782,0.0138408304498269,0.1358861976163014,-0.059115724721261,0.0222068435217224,0.0384467512495194,-0.0222068435217224,0.0022145328719723,0.3014225297962323,-0.0629911572472126,0.0448442906574394,-0.1190926566705113,-0.17279507881584,0.1998615916955017,-0.0888273740868896,-0.0984236831987697,-0.0246059207996924,-0.0246059207996924,-0.035432525951557,0.0246059207996924,0.035432525951557,-0.035432525951557,-0.0553633217993079,-0.2141330257593233,-0.1301653210303729,-0.0199307958477508,0.16,,,,,0.0131347486749291,-0.0280240382999181,0.7878953814506531,-0.1159332916140556,0.1249005571007728,0.7969817519187927,-0.0123893804848194,0.0746268630027771,0.5502392053604126,-0.1908571422100067,0.1631205677986145,0.306772917509079,81.6778793334961,0.0640474185347557
EXPC2-037,132.16351328197945,43.99099353673923,183_湖河滩地,fcs10_183,是,湖河滩地,低,大片平坦泥滩浅水紧邻河道,judge_C2_01.csv,False,16,-0.059115724721261,-0.059115724721261,0.0384467512495194,-0.2364628988850442,-0.0325413302575932,0.0199307958477508,-0.2599000384467512,0.17279507881584,-0.0482276047673971,0.16,-0.035432525951557,-0.1190926566705113,-0.0138408304498269,0.0553633217993079,-0.2599000384467512,0.1998615916955017,0.075355632449058,-0.16,-0.1301653210303729,0.0415840061514801,-0.1085121107266436,0.0669896193771626,-0.0157477893118031,-0.0120569011918492,-0.1793771626297577,0.0271280276816609,0.0246059207996924,-0.1085121107266436,0.3278123798539023,-0.1663360246059207,0.01039600153787,0.0384467512495194,0.0553633217993079,-0.1245674740484429,-0.0842137639369473,0.3100961168781238,0.0517339484813533,0.0138408304498269,0.0246059207996924,0.1301653210303729,-0.0797231833910034,0.0022145328719723,-0.0061514801999231,-0.0222068435217224,0.0271280276816609,0.2599000384467512,0.0517339484813533,0.0629911572472126,0.0009842368319876,-0.17279507881584,0.2141330257593233,-0.035432525951557,-0.0629911572472126,0.0222068435217224,-0.0199307958477508,-0.0797231833910034,-0.000553633217993,0.0022145328719723,-0.0177777777777777,-0.0384467512495194,-0.2441522491349481,-0.1793771626297577,-0.0888273740868896,0.1417301038062283,,,,,-0.00884092412889,-0.0119521915912628,0.8287821412086487,-0.0785562619566917,0.0756123512983322,0.1418880671262741,0.0751899406313896,-0.074345551431179,0.0216700378805398,-0.2032686471939087,0.1201353669166565,0.2510236203670501,124.0,0.0258415937423706
EXPC2-038,132.19513397998043,43.95074901201068,183_湖河滩地,fcs10_183,否,水体,中,大面积暗色静水岸线清晰,judge_C2_01.csv,False,23,-0.0138408304498269,-0.1245674740484429,-0.0039369473279507,-0.17279507881584,-0.0246059207996924,-0.0039369473279507,-0.1537870049980776,0.16,-0.0246059207996924,0.1537870049980776,-0.035432525951557,-0.1245674740484429,-0.0325413302575932,0.0297731641676278,-0.1998615916955017,0.2288965782391388,0.0482276047673971,-0.16,-0.0669896193771626,0.0669896193771626,-0.0935640138408304,0.0984236831987697,-0.0022145328719723,0.0517339484813533,-0.186082276047674,-0.01039600153787,0.0842137639369473,-0.1301653210303729,0.3460207612456747,-0.2519646289888504,-0.0797231833910034,0.0935640138408304,-0.0199307958477508,-0.1085121107266436,-0.0669896193771626,0.3014225297962323,0.0984236831987697,-0.0517339484813533,0.0297731641676278,0.1301653210303729,-0.1137408688965782,0.01039600153787,0.0246059207996924,-0.0384467512495194,-0.0297731641676278,0.2844444444444444,-0.0669896193771626,0.0888273740868896,-0.0482276047673971,-0.1417301038062283,0.2141330257593233,-0.0482276047673971,-0.0553633217993079,0.0222068435217224,-0.035432525951557,-0.0935640138408304,-0.0669896193771626,0.035432525951557,0.0061514801999231,-0.0482276047673971,-0.2364628988850442,-0.16,-0.0415840061514801,0.1793771626297577,,,,,-0.0137553960084915,-0.0009345794678665,0.8476828336715698,-0.0171232875436544,0.0756843835115432,0.240482822060585,0.1954198479652404,-0.1796610206365585,0.2424415349960327,-0.1835007965564727,0.2706660330295563,0.5397824645042419,91.5,0.0258415937423706
EXPC2-039,133.10386972139577,45.2414484122336,183_湖河滩地,fcs10_183,是,湖河滩地,低,平坦浅水泥滩周边沼泽环绕,judge_C2_01.csv,False,16,-0.0177777777777777,-0.0629911572472126,-0.0711111111111111,-0.1537870049980776,-0.0177777777777777,0.0199307958477508,-0.1476970396001538,0.1476970396001538,0.0049826989619377,0.0984236831987697,-0.0157477893118031,-0.1417301038062283,-0.0842137639369473,-0.0199307958477508,-0.1663360246059207,0.2364628988850442,0.0553633217993079,-0.1245674740484429,-0.0246059207996924,0.0797231833910034,-0.0415840061514801,0.1663360246059207,0.035432525951557,0.0157477893118031,-0.2288965782391388,-0.0138408304498269,0.1190926566705113,-0.1085121107266436,0.3647212610534409,-0.2441522491349481,-0.0482276047673971,0.1358861976163014,-0.0669896193771626,-0.059115724721261,-0.0711111111111111,0.292871972318339,0.1085121107266436,-0.0384467512495194,0.0049826989619377,0.1476970396001538,-0.0797231833910034,0.0177777777777777,0.0711111111111111,0.0061514801999231,-0.0049826989619377,0.3100961168781238,-0.075355632449058,0.0984236831987697,-0.0669896193771626,-0.1358861976163014,0.2069357939254133,-0.0797231833910034,-0.0669896193771626,-0.0222068435217224,-0.0629911572472126,-0.0553633217993079,-0.0448442906574394,0.0669896193771626,0.0177777777777777,-0.0246059207996924,-0.2069357939254133,-0.1663360246059207,-0.035432525951557,0.1929104190695886,,,,,0.0004555808554869,-0.0096551720052957,0.8250370621681213,-0.0721336379647255,0.1252684295177459,0.3089092373847961,0.0402930416166782,0.018433179706335,0.0517549067735672,-0.4847020804882049,0.5321637392044067,0.8289703130722046,65.82918548583984,0.0561328567564487
EXPC2-040,132.5436803102188,44.58388162425811,183_湖河滩地,fcs10_183,否,水体,低,细波纹加藻斑疑风浪明水,judge_C2_01.csv,False,23,-0.0177777777777777,-0.1476970396001538,-0.0888273740868896,-0.1301653210303729,-0.0177777777777777,0.0384467512495194,-0.075355632449058,0.1358861976163014,-0.0009842368319876,0.1190926566705113,-0.059115724721261,-0.1358861976163014,-0.0384467512495194,-0.01039600153787,-0.1085121107266436,0.2599000384467512,0.0271280276816609,-0.1301653210303729,-0.0177777777777777,0.0984236831987697,-0.0384467512495194,0.1537870049980776,-0.0415840061514801,0.0482276047673971,-0.1998615916955017,0.0015378700499807,0.17279507881584,-0.186082276047674,0.3014225297962323,-0.2761399461745483,-0.1137408688965782,0.2288965782391388,-0.0935640138408304,-0.0984236831987697,-0.0629911572472126,0.2214532871972318,0.0842137639369473,-0.0842137639369473,0.0157477893118031,0.1137408688965782,-0.0711111111111111,0.0138408304498269,0.0553633217993079,-0.0297731641676278,-0.01039600153787,0.3014225297962323,-0.1190926566705113,0.1034063821607074,-0.0935640138408304,-0.1663360246059207,0.1998615916955017,-0.0711111111111111,-0.075355632449058,0.0088581314878892,-0.0553633217993079,-0.0384467512495194,-0.0222068435217224,0.0297731641676278,0.0246059207996924,-0.0157477893118031,-0.17279507881584,-0.1358861976163014,-0.0030142252979623,0.2141330257593233,,,,,-0.01195930223912,0.0034207524731755,0.8516057729721069,-0.3141314089298248,0.3849878907203674,0.7636176943778992,-0.2195121943950653,0.2583380341529846,0.3345323801040649,-0.0697318017482757,0.0718654468655586,0.6770334839820862,68.0,0.0643476322293281
EXPC2-041,134.84911665538317,48.41034540849363,183_湖河滩地,fcs10_183,否,裸地,中,大面积均匀裸褐土无结构,judge_C2_01.csv,False,22,0.0138408304498269,-0.0553633217993079,0.0448442906574394,-0.3014225297962323,-0.0009842368319876,0.075355632449058,-0.2441522491349481,0.1998615916955017,-0.035432525951557,0.1245674740484429,0.0935640138408304,-0.17279507881584,-0.0049826989619377,-0.0669896193771626,-0.2599000384467512,0.1358861976163014,0.1190926566705113,-0.0888273740868896,0.0384467512495194,0.0711111111111111,-0.035432525951557,0.0553633217993079,0.0888273740868896,-0.0120569011918492,-0.1663360246059207,0.0325413302575932,0.075355632449058,-0.1190926566705113,0.292871972318339,-0.0842137639369473,0.0448442906574394,0.0030142252979623,0.0384467512495194,-0.0888273740868896,-0.1476970396001538,0.3368550557477893,0.1085121107266436,-0.01039600153787,0.1137408688965782,0.1085121107266436,0.0061514801999231,0.0297731641676278,0.0297731641676278,0.0049826989619377,-0.0074432910419069,0.2679584775086506,-0.0222068435217224,0.0222068435217224,0.059115724721261,-0.2364628988850442,0.2141330257593233,-0.0669896193771626,-0.0553633217993079,-0.0711111111111111,0.0222068435217224,-0.0888273740868896,-0.0049826989619377,0.1085121107266436,0.0120569011918492,-0.0448442906574394,-0.2069357939254133,-0.1190926566705113,-0.1190926566705113,0.0157477893118031,,,,,0.0355809517204761,-0.0912010297179222,0.6451097130775452,0.0826931744813919,-0.1811683475971222,-0.2582337856292724,0.1062459722161293,-0.1997206658124923,-0.3572630286216736,0.0909090936183929,-0.1869601607322693,0.3813017606735229,31.5,0.0481114648282527
EXPC2-042,132.74885552111172,45.35463613803266,183_湖河滩地,fcs10_183,是,湖河滩地,低,平滑浅水泥滩稀疏灌丛点缀,judge_C2_01.csv,False,16,-0.0325413302575932,-0.1417301038062283,-0.1034063821607074,-0.16,-0.0448442906574394,0.0246059207996924,-0.16,0.1137408688965782,-0.0553633217993079,0.1476970396001538,-0.0120569011918492,-0.1417301038062283,-0.0517339484813533,-0.035432525951557,-0.2214532871972318,0.2519646289888504,0.0297731641676278,-0.1793771626297577,-0.0415840061514801,0.0984236831987697,-0.1137408688965782,0.0711111111111111,-0.0061514801999231,-0.0030142252979623,-0.2141330257593233,0.0384467512495194,0.0482276047673971,-0.0797231833910034,0.292871972318339,-0.2069357939254133,-0.0711111111111111,0.0629911572472126,-0.01039600153787,-0.1034063821607074,-0.0246059207996924,0.2519646289888504,0.1245674740484429,-0.0553633217993079,-0.0120569011918492,0.2288965782391388,-0.1034063821607074,0.075355632449058,0.0553633217993079,-0.0384467512495194,-0.01039600153787,0.292871972318339,-0.0935640138408304,0.0711111111111111,-0.0415840061514801,-0.1476970396001538,0.2141330257593233,-0.0629911572472126,-0.0797231833910034,-0.0669896193771626,0.0049826989619377,-0.0448442906574394,0.0384467512495194,0.0935640138408304,-0.0199307958477508,0.0138408304498269,-0.186082276047674,-0.186082276047674,-0.0984236831987697,0.1998615916955017,,,,,-0.0023480900563299,-0.018594317138195,0.8539710640907288,-0.2077438533306121,0.2575017511844635,0.7310278415679932,-0.0773886740207672,-0.0137767223641276,0.6105508208274841,-0.0486685037612915,-0.0370370373129844,0.625,71.20069885253906,0.0905515700578689
EXPC2-043,129.6385286813763,43.18610304216814,183_湖河滩地,fcs10_183,是,湖河滩地,中,辫状河滩沙泥紧邻水道,judge_C2_01.csv,False,16,0.0222068435217224,-0.0984236831987697,0.0629911572472126,-0.2141330257593233,-0.0629911572472126,0.035432525951557,-0.1137408688965782,0.1417301038062283,-0.0271280276816609,0.1417301038062283,0.0415840061514801,-0.1417301038062283,0.0325413302575932,-0.0246059207996924,-0.1793771626297577,0.186082276047674,0.1137408688965782,-0.2141330257593233,-0.0482276047673971,0.0553633217993079,-0.0517339484813533,0.0482276047673971,0.0271280276816609,0.0384467512495194,-0.2441522491349481,0.0039369473279507,0.0842137639369473,-0.1476970396001538,0.2844444444444444,-0.186082276047674,-0.0711111111111111,0.1663360246059207,0.035432525951557,-0.1301653210303729,-0.0482276047673971,0.2761399461745483,0.1085121107266436,-0.1137408688965782,-0.0120569011918492,0.1793771626297577,-0.075355632449058,-0.0088581314878892,0.0669896193771626,0.0177777777777777,-0.0271280276816609,0.2679584775086506,-0.0711111111111111,0.0935640138408304,-0.0629911572472126,-0.2141330257593233,0.1476970396001538,-0.0049826989619377,-0.0711111111111111,0.0384467512495194,-0.0157477893118031,-0.0669896193771626,-0.0448442906574394,0.0517339484813533,0.01039600153787,-0.0039369473279507,-0.2441522491349481,-0.186082276047674,-0.035432525951557,0.2214532871972318,-19.60379410001392,-26.22178037298701,-19.45718613252683,-26.673616036630904,0.0095101380720734,-0.0368595644831657,0.7993802428245544,-0.002912055933848,0.1113418117165565,0.5160205364227295,-0.0609341152012348,0.0923766791820526,0.4340659379959106,-0.5183349847793579,0.5462185144424438,0.7902702689170837,162.8002166748047,0.0898823216557502
EXPC2-044,132.72406201927,42.90439136906826,183_湖河滩地,fcs10_183,是,湖河滩地,中,白色沙泥滩紧邻水与湿生植被,judge_C2_01.csv,False,16,0.0271280276816609,-0.0842137639369473,0.0022145328719723,-0.2141330257593233,-0.0553633217993079,0.0797231833910034,-0.1417301038062283,0.1793771626297577,0.0002460592079969,0.1417301038062283,-0.01039600153787,-0.1358861976163014,-0.0199307958477508,-0.059115724721261,-0.0797231833910034,0.1663360246059207,0.0797231833910034,-0.17279507881584,-0.0199307958477508,0.059115724721261,-0.0222068435217224,0.1301653210303729,-0.0120569011918492,0.0984236831987697,-0.2519646289888504,0.0088581314878892,0.0984236831987697,-0.2364628988850442,0.2844444444444444,-0.1929104190695886,-0.0797231833910034,0.2214532871972318,0.0384467512495194,-0.1417301038062283,-0.035432525951557,0.2519646289888504,0.1245674740484429,-0.0669896193771626,-0.0297731641676278,0.1301653210303729,-0.0842137639369473,-0.0039369473279507,0.0842137639369473,-0.0022145328719723,0.0384467512495194,0.3100961168781238,-0.0517339484813533,0.1476970396001538,-0.0157477893118031,-0.1663360246059207,0.1190926566705113,0.0199307958477508,-0.0797231833910034,0.035432525951557,-0.0415840061514801,-0.0797231833910034,-0.0157477893118031,0.075355632449058,0.0448442906574394,0.0157477893118031,-0.186082276047674,-0.1793771626297577,-0.059115724721261,0.1998615916955017,,,,,,,,,,,,,,,,,,
EXPC2-045,132.84084300620555,48.01867994461752,183_湖河滩地,fcs10_183,否,水体,中,暗色河道明水两岸沼泽,judge_C2_01.csv,False,23,-0.059115724721261,-0.1537870049980776,0.035432525951557,-0.292871972318339,-0.0669896193771626,-0.059115724721261,-0.2441522491349481,0.186082276047674,-0.0120569011918492,0.1476970396001538,0.0482276047673971,-0.0629911572472126,0.0120569011918492,0.01039600153787,-0.2069357939254133,0.2069357939254133,0.075355632449058,-0.1358861976163014,-0.1085121107266436,0.035432525951557,-0.0553633217993079,0.1034063821607074,-0.0177777777777777,-0.0061514801999231,-0.1998615916955017,-0.0482276047673971,0.0039369473279507,0.0297731641676278,0.3742560553633218,-0.1537870049980776,-0.0553633217993079,0.0222068435217224,-0.0448442906574394,-0.0553633217993079,-0.1085121107266436,0.292871972318339,0.0888273740868896,-0.075355632449058,0.0039369473279507,0.1034063821607074,-0.0415840061514801,-0.0157477893118031,-0.0022145328719723,0.0448442906574394,0.0088581314878892,0.3368550557477893,0.059115724721261,-0.0222068435217224,-0.035432525951557,-0.1663360246059207,0.186082276047674,-0.0517339484813533,-0.059115724721261,-0.0517339484813533,-0.0415840061514801,-0.0222068435217224,0.0157477893118031,0.0297731641676278,0.0271280276816609,-0.1137408688965782,-0.2441522491349481,-0.0935640138408304,0.0061514801999231,0.0669896193771626,,,,,0.0139664802700281,-0.0370811261236667,0.786045491695404,-0.1136757060885429,0.1937007904052734,0.36126908659935,-0.0140845067799091,0.0011890606256201,0.0685279220342636,-0.153400108218193,0.1252723336219787,0.0162321683019399,46.0,0.275692880153656
EXPC2-046,134.769705584267,48.58677453029471,183_湖河滩地,fcs10_183,是,湖河滩地,低,均匀浅水泥滩周边沼泽水道,judge_C2_01.csv,False,16,-0.0297731641676278,-0.1301653210303729,-0.0415840061514801,-0.2069357939254133,-0.0039369473279507,-0.0246059207996924,-0.17279507881584,0.1663360246059207,-0.0039369473279507,0.1245674740484429,0.0157477893118031,-0.1358861976163014,-0.0074432910419069,-0.0384467512495194,-0.1998615916955017,0.2599000384467512,0.0888273740868896,-0.1137408688965782,-0.0297731641676278,0.075355632449058,-0.0517339484813533,0.1537870049980776,0.0074432910419069,0.0271280276816609,-0.2141330257593233,-0.0325413302575932,0.059115724721261,-0.0669896193771626,0.3553094963475586,-0.2069357939254133,-0.0482276047673971,0.0935640138408304,-0.0711111111111111,-0.0669896193771626,-0.075355632449058,0.292871972318339,0.0888273740868896,-0.1085121107266436,0.0049826989619377,0.1137408688965782,-0.0297731641676278,0.0177777777777777,0.0448442906574394,0.0157477893118031,-0.0039369473279507,0.3188927335640138,-0.035432525951557,0.01039600153787,-0.0842137639369473,-0.2069357939254133,0.1998615916955017,-0.0797231833910034,-0.1034063821607074,-0.0246059207996924,-0.035432525951557,-0.0797231833910034,-0.0325413302575932,0.0415840061514801,0.0325413302575932,-0.0669896193771626,-0.1998615916955017,-0.1537870049980776,-0.0384467512495194,0.1417301038062283,,,,,0.0158416982740163,-0.0258423667401075,0.7940859198570251,-0.0911640971899032,0.0752764865756034,0.3084436655044555,-0.028268551453948,0.1994177550077438,0.2657450139522552,-0.2714078426361084,0.3037447929382324,0.0409745275974273,32.0,0.0481114648282527
EXPC2-047,134.4283457763016,45.92776128930092,183_湖河滩地,fcs10_183,否,水体,中,沙洲旁暗色水面属明水,judge_C2_01.csv,False,23,-0.0199307958477508,-0.1245674740484429,0.0088581314878892,-0.2679584775086506,-0.0177777777777777,-0.0384467512495194,-0.1793771626297577,0.1034063821607074,-0.0074432910419069,0.1476970396001538,-0.0049826989619377,-0.0935640138408304,0.0138408304498269,-0.0199307958477508,-0.2364628988850442,0.2441522491349481,0.0935640138408304,-0.1301653210303729,-0.075355632449058,0.035432525951557,-0.0297731641676278,0.1137408688965782,-0.0482276047673971,0.01039600153787,-0.2288965782391388,-0.0199307958477508,0.059115724721261,-0.0138408304498269,0.3742560553633218,-0.2441522491349481,0.0039369473279507,0.0482276047673971,-0.0030142252979623,-0.0984236831987697,-0.0669896193771626,0.2844444444444444,0.0629911572472126,-0.0888273740868896,0.0199307958477508,0.1417301038062283,-0.0711111111111111,-0.0138408304498269,-0.0002460592079969,0.0157477893118031,0.0448442906574394,0.3188927335640138,-0.0061514801999231,-0.0009842368319876,-0.059115724721261,-0.1793771626297577,0.1537870049980776,-0.035432525951557,-0.0629911572472126,-0.0199307958477508,-0.0199307958477508,-0.0074432910419069,0.0297731641676278,0.0138408304498269,0.0271280276816609,-0.1190926566705113,-0.2364628988850442,-0.1476970396001538,-0.0271280276816609,0.16,,,,,0.0032269249204546,-0.0160436481237411,0.8135204911231995,-0.1114535182714462,0.10036401450634,0.4153846204280853,-0.1728237718343734,0.1523063480854034,0.3147964179515838,-0.0741258710622787,0.0741258710622787,-0.0599755197763443,102.34042358398438,0.285160630941391
EXPC2-048,130.16601941621127,47.29212254282165,200s_裸地沙地,fcs10_200s,是,草本沼泽,低,湿杂斑带加暗沟疑湿草甸,judge_C2_01.csv,False,15,-0.0297731641676278,-0.0935640138408304,0.17279507881584,-0.3278123798539023,-0.0246059207996924,0.059115724721261,-0.3100961168781238,0.16,-0.075355632449058,0.0384467512495194,0.2288965782391388,-0.0935640138408304,0.0711111111111111,0.0482276047673971,-0.2761399461745483,-0.0061514801999231,0.1085121107266436,0.0271280276816609,-0.1190926566705113,0.0711111111111111,-0.0138408304498269,-0.0222068435217224,0.1085121107266436,-0.0448442906574394,-0.1245674740484429,0.1929104190695886,0.0120569011918492,-0.0246059207996924,0.3188927335640138,-0.0157477893118031,0.0199307958477508,-0.059115724721261,0.01039600153787,-0.0448442906574394,-0.0888273740868896,0.2364628988850442,-0.0157477893118031,-0.0074432910419069,0.1476970396001538,0.1358861976163014,-0.075355632449058,-0.0935640138408304,-0.000553633217993,0.0222068435217224,-0.059115724721261,0.1998615916955017,0.16,-0.0009842368319876,0.0842137639369473,-0.1476970396001538,0.2069357939254133,0.035432525951557,-0.0246059207996924,-0.0711111111111111,0.0888273740868896,-0.0384467512495194,0.0246059207996924,0.01039600153787,-0.0384467512495194,-0.1537870049980776,-0.1998615916955017,-0.0935640138408304,-0.1085121107266436,-0.0297731641676278,,,,,-0.1108677834272384,0.0922302976250648,0.6112141609191895,0.0325538739562034,-0.0767391845583915,-0.2396140992641449,0.0876787528395652,-0.2096385508775711,-0.4252336323261261,0.0803601220250129,-0.1933701634407043,-0.1605979353189468,137.98553466796875,0.1631932705640792
EXPC2-049,130.81639968191382,45.36361929087386,200s_裸地沙地,fcs10_200s,否,不透水面,中,厂区屋舍与硬化场地,judge_C2_01.csv,False,21,-0.0415840061514801,-0.1417301038062283,0.17279507881584,-0.292871972318339,-0.0177777777777777,-0.059115724721261,-0.3188927335640138,0.2214532871972318,-0.0669896193771626,0.0482276047673971,0.2141330257593233,-0.1190926566705113,-0.000553633217993,-0.0553633217993079,-0.186082276047674,-0.0482276047673971,0.0935640138408304,0.0384467512495194,-0.0935640138408304,0.0888273740868896,-0.0711111111111111,0.0271280276816609,0.1137408688965782,-0.0271280276816609,-0.0482276047673971,0.186082276047674,-0.0415840061514801,-0.0222068435217224,0.3014225297962323,-0.0797231833910034,0.0448442906574394,-0.0797231833910034,-0.0074432910419069,0.0015378700499807,0.0553633217993079,0.2844444444444444,0.0325413302575932,0.0199307958477508,0.0888273740868896,0.0384467512495194,-0.0711111111111111,-0.0669896193771626,-0.0629911572472126,0.075355632449058,0.0199307958477508,0.2441522491349481,0.2069357939254133,-0.0517339484813533,0.1085121107266436,-0.1085121107266436,0.186082276047674,0.0517339484813533,-0.1034063821607074,0.0448442906574394,0.1476970396001538,-0.0984236831987697,0.0448442906574394,0.035432525951557,-0.0935640138408304,-0.1476970396001538,-0.17279507881584,-0.0120569011918492,-0.0711111111111111,-0.1034063821607074,,,,,0.0885826796293258,-0.138836458325386,0.4133220613002777,0.1783398240804672,-0.2578746974468231,-0.3084986209869385,0.4115614593029022,-0.3890414535999298,-0.3033104538917541,0.354055643081665,-0.3818731009960174,-0.3249752521514892,231.23243713378903,0.1618894636631012
EXPC2-050,130.80597922461803,46.75852326405465,200s_裸地沙地,fcs10_200s,否,水体,低,深绿浅水加穿水堤路混合,judge_C2_01.csv,False,23,-0.0448442906574394,0.0246059207996924,0.1537870049980776,-0.3278123798539023,0.0222068435217224,0.0138408304498269,-0.2844444444444444,0.2519646289888504,0.0138408304498269,-0.0061514801999231,0.1537870049980776,-0.0138408304498269,-0.0120569011918492,0.0842137639369473,-0.1929104190695886,0.0984236831987697,0.0553633217993079,0.0297731641676278,-0.059115724721261,0.0384467512495194,-0.0384467512495194,-0.01039600153787,0.1537870049980776,-0.0629911572472126,-0.0935640138408304,0.1137408688965782,0.0711111111111111,-0.0888273740868896,0.2679584775086506,-0.1034063821607074,-0.0074432910419069,-0.1301653210303729,-0.0088581314878892,0.0297731641676278,-0.0199307958477508,0.3100961168781238,0.0271280276816609,0.0222068435217224,0.0669896193771626,0.0842137639369473,-0.0553633217993079,0.01039600153787,-0.0384467512495194,-0.0517339484813533,-0.1034063821607074,0.2761399461745483,0.2214532871972318,-0.035432525951557,0.0797231833910034,-0.1358861976163014,0.2761399461745483,0.0271280276816609,-0.0629911572472126,0.0074432910419069,0.0448442906574394,-0.035432525951557,0.0049826989619377,0.075355632449058,-0.0246059207996924,-0.17279507881584,-0.2069357939254133,-0.075355632449058,-0.0711111111111111,-0.1137408688965782,,,,,0.0182088706642389,-0.0324365086853504,0.7292161583900452,0.1211477145552635,-0.2070938199758529,-0.3473039865493774,0.4510739743709564,-0.4095826745033264,-0.1046000570058822,0.3652392923831939,-0.4430244863033294,-0.2801101207733154,139.4918212890625,0.0630452111363411
EXPC2-051,130.34676045137613,42.64172397999171,200s_裸地沙地,fcs10_200s,否,灌溉旱地,低,大面积枯黄田面疑收割后农田,judge_C2_01.csv,False,3,0.0199307958477508,-0.1085121107266436,0.2519646289888504,-0.2069357939254133,-0.0009842368319876,0.1537870049980776,-0.1358861976163014,0.1793771626297577,-0.0888273740868896,0.1358861976163014,0.2214532871972318,-0.0888273740868896,0.0842137639369473,-0.0120569011918492,-0.0984236831987697,-0.0935640138408304,0.0009842368319876,-0.1034063821607074,0.0415840061514801,-0.01039600153787,-0.0984236831987697,-0.0553633217993079,-0.0448442906574394,-0.0553633217993079,-0.1034063821607074,0.075355632449058,0.1793771626297577,-0.2069357939254133,0.0553633217993079,-0.1085121107266436,0.1137408688965782,0.1245674740484429,0.0629911572472126,-0.0088581314878892,-0.2679584775086506,0.1537870049980776,-0.0669896193771626,-0.0297731641676278,0.1663360246059207,0.1085121107266436,0.1358861976163014,0.0984236831987697,0.1537870049980776,-0.0177777777777777,0.0022145328719723,0.1190926566705113,0.0797231833910034,-0.000553633217993,0.1793771626297577,-0.3100961168781238,0.0553633217993079,0.1190926566705113,-0.0448442906574394,-0.0157477893118031,-0.0222068435217224,-0.2214532871972318,0.1085121107266436,-0.0797231833910034,0.0384467512495194,-0.0888273740868896,-0.2069357939254133,-0.0797231833910034,-0.2141330257593233,-0.0325413302575932,-21.37433700623546,-29.69378830871836,-18.236011665201865,-27.450151590910377,0.0832041352987289,-0.184850201010704,-0.2411857545375824,0.0843881890177726,-0.1739626973867416,-0.2571037411689758,0.078918918967247,-0.1568779051303863,-0.2082728594541549,0.0792349725961685,-0.1806463599205017,-0.2597468495368957,14.0,0.3186671435832977
EXPC2-052,132.30257248796113,42.96224287336556,200s_裸地沙地,fcs10_200s,否,水田,低,暗绿作物条行紧邻场院,judge_C2_01.csv,False,3,0.0415840061514801,-0.2679584775086506,0.0297731641676278,-0.1929104190695886,-0.0177777777777777,-0.0797231833910034,-0.2599000384467512,0.0629911572472126,0.0088581314878892,0.1085121107266436,0.1476970396001538,0.0984236831987697,0.035432525951557,-0.0888273740868896,-0.0842137639369473,-0.2069357939254133,0.0888273740868896,0.1663360246059207,-0.1929104190695886,-0.0120569011918492,-0.0629911572472126,0.1537870049980776,-0.1301653210303729,0.1137408688965782,-0.1929104190695886,-0.0074432910419069,-0.1663360246059207,-0.1476970396001538,0.2519646289888504,-0.01039600153787,-0.0199307958477508,0.16,0.0415840061514801,-0.2069357939254133,-0.1537870049980776,0.1301653210303729,-0.0935640138408304,-0.0015378700499807,0.1998615916955017,0.2214532871972318,-0.0049826989619377,-0.0553633217993079,0.1085121107266436,-0.035432525951557,0.1190926566705113,0.1245674740484429,0.0711111111111111,0.0711111111111111,0.1034063821607074,-0.1793771626297577,0.035432525951557,0.16,0.0517339484813533,0.0120569011918492,0.0061514801999231,-0.1245674740484429,-0.0009842368319876,-0.01039600153787,-0.1358861976163014,-0.059115724721261,0.000553633217993,-0.1085121107266436,-0.0935640138408304,0.1793771626297577,,,,,,,,,,,,,,,,,,
EXPC2-053,133.023021345825,45.63958174615538,200s_裸地沙地,fcs10_200s,否,灌溉旱地,中,条带农田绿带行向清晰,judge_C2_01.csv,False,3,-0.0177777777777777,0.0935640138408304,0.0935640138408304,-0.3839138792772011,0.0797231833910034,0.075355632449058,-0.2288965782391388,0.1358861976163014,-0.0984236831987697,0.0517339484813533,0.0629911572472126,-0.1190926566705113,-0.1085121107266436,0.0199307958477508,-0.3278123798539023,0.16,0.059115724721261,-0.0325413302575932,-0.0061514801999231,0.0517339484813533,-0.0553633217993079,0.0199307958477508,0.0935640138408304,-0.1190926566705113,-0.0297731641676278,0.2441522491349481,0.0711111111111111,-0.0517339484813533,0.3742560553633218,-0.075355632449058,0.0553633217993079,-0.075355632449058,-0.0138408304498269,0.0120569011918492,-0.0120569011918492,0.2761399461745483,0.0669896193771626,0.0669896193771626,0.0629911572472126,0.0711111111111111,0.0157477893118031,-0.0199307958477508,-0.0415840061514801,-0.075355632449058,0.0138408304498269,0.2364628988850442,0.1301653210303729,-0.0088581314878892,0.0935640138408304,-0.0517339484813533,0.1476970396001538,-0.0482276047673971,0.0177777777777777,-0.0711111111111111,0.0553633217993079,-0.0553633217993079,-0.0177777777777777,-0.0517339484813533,0.0797231833910034,-0.1929104190695886,-0.2069357939254133,-0.0629911572472126,-0.0797231833910034,-0.0157477893118031,,,,,-0.0064990110695362,-0.0077386070042848,0.8005461096763611,0.1908646076917648,-0.2450255900621414,-0.3175745010375976,0.3456842005252838,-0.3793698847293854,-0.4454300105571747,0.2867783904075622,-0.3977243900299072,-0.4324517548084259,69.25090026855469,0.0561328567564487
EXPC2-054,130.42293758746945,45.83685178254802,200s_裸地沙地,fcs10_200s,否,不透水面,高,公路路面与标线,judge_C2_01.csv,False,21,-0.0384467512495194,-0.1476970396001538,0.1417301038062283,-0.1417301038062283,-0.0482276047673971,0.0061514801999231,-0.3188927335640138,0.2364628988850442,-0.0711111111111111,0.0222068435217224,0.2844444444444444,-0.1301653210303729,0.0935640138408304,0.0222068435217224,-0.1998615916955017,-0.1085121107266436,0.0553633217993079,0.0553633217993079,-0.1085121107266436,0.0797231833910034,-0.0629911572472126,-0.0935640138408304,0.0888273740868896,-0.0711111111111111,-0.035432525951557,0.3460207612456747,0.1137408688965782,-0.0015378700499807,0.2441522491349481,-0.0842137639369473,-0.0325413302575932,-0.0297731641676278,-0.0629911572472126,0.035432525951557,-0.0061514801999231,0.2214532871972318,-0.0271280276816609,-0.0415840061514801,0.1358861976163014,0.0984236831987697,-0.0629911572472126,-0.1663360246059207,0.0297731641676278,0.0325413302575932,-0.0669896193771626,0.1998615916955017,0.186082276047674,0.0049826989619377,0.0888273740868896,-0.1245674740484429,0.1929104190695886,0.0669896193771626,-0.0157477893118031,-0.0199307958477508,0.1301653210303729,-0.0711111111111111,0.0797231833910034,0.1085121107266436,-0.1137408688965782,-0.1537870049980776,-0.1301653210303729,0.0074432910419069,-0.0935640138408304,0.0120569011918492,,,,,0.049562681466341,-0.0997403413057327,0.1367405951023101,0.1057729572057724,-0.1370517909526825,-0.2724218964576721,0.2148465365171432,-0.201977401971817,-0.1965872794389724,0.1031084135174751,-0.1447678953409195,-0.202055424451828,234.18881225585935,0.1618894636631012
EXPC2-055,133.3295265207666,45.6352698327916,200s_裸地沙地,fcs10_200s,否,乔木园地,低,淡色地面成行暗绿丛疑苗木,judge_C2_01.csv,False,2,-0.0246059207996924,0.059115724721261,0.0448442906574394,-0.3742560553633218,0.0842137639369473,0.0842137639369473,-0.2441522491349481,0.1085121107266436,-0.1034063821607074,0.1085121107266436,-0.0030142252979623,-0.1417301038062283,-0.1085121107266436,0.0482276047673971,-0.3188927335640138,0.17279507881584,0.075355632449058,-0.035432525951557,-0.0325413302575932,0.0711111111111111,-0.0797231833910034,0.0325413302575932,0.0482276047673971,-0.1245674740484429,-0.0448442906574394,0.2441522491349481,0.0553633217993079,-0.0384467512495194,0.3647212610534409,-0.0669896193771626,0.0482276047673971,-0.075355632449058,-0.059115724721261,-0.0553633217993079,-0.0009842368319876,0.3014225297962323,0.0888273740868896,0.0384467512495194,0.0553633217993079,0.0842137639369473,0.01039600153787,-0.0553633217993079,-0.0984236831987697,-0.035432525951557,0.0669896193771626,0.2441522491349481,0.1358861976163014,-0.059115724721261,0.0517339484813533,-0.0553633217993079,0.16,-0.0888273740868896,0.0415840061514801,-0.0448442906574394,0.0325413302575932,-0.0553633217993079,-0.0482276047673971,-0.0138408304498269,0.0842137639369473,-0.1417301038062283,-0.1663360246059207,-0.0384467512495194,-0.059115724721261,-0.0517339484813533,,,,,0.030052425339818,-0.0429906547069549,0.7436316609382629,0.1695847958326339,-0.254291832447052,-0.3065602481365204,0.2198820561170578,-0.2928571403026581,-0.4052937924861908,0.2148844748735427,-0.3016429245471954,-0.3452454209327698,65.91181945800781,0.0561328567564487
EXPC2-056,130.46174480774343,46.66941038787,200s_裸地沙地,fcs10_200s,否,裸地,中,施工裸土场地土堆车辙,judge_C2_01.csv,False,22,-0.0629911572472126,-0.0177777777777777,0.16,-0.3100961168781238,-0.035432525951557,-0.0669896193771626,-0.3188927335640138,0.2069357939254133,-0.0222068435217224,0.0517339484813533,0.2069357939254133,-0.1245674740484429,0.075355632449058,-0.01039600153787,-0.2844444444444444,0.0120569011918492,0.1301653210303729,0.1417301038062283,-0.1034063821607074,-0.0222068435217224,-0.0384467512495194,-0.0297731641676278,0.0888273740868896,-0.0888273740868896,-0.0984236831987697,0.2599000384467512,-0.0199307958477508,-0.0009842368319876,0.3014225297962323,-0.0448442906574394,0.1190926566705113,-0.075355632449058,0.0629911572472126,0.0246059207996924,-0.0842137639369473,0.2288965782391388,-0.0984236831987697,0.0415840061514801,0.1417301038062283,0.17279507881584,-0.0074432910419069,-0.0517339484813533,0.0138408304498269,-0.0271280276816609,-0.0888273740868896,0.17279507881584,0.075355632449058,0.0797231833910034,0.0246059207996924,-0.16,0.2069357939254133,0.0222068435217224,0.035432525951557,-0.0157477893118031,0.0711111111111111,-0.0297731641676278,0.0039369473279507,0.0553633217993079,-0.0120569011918492,-0.0935640138408304,-0.16,-0.0797231833910034,-0.1137408688965782,-0.0384467512495194,,,,,0.013737061060965,-0.0103649422526359,0.5562125444412231,0.0492307692766189,-0.085555113852024,-0.2893149852752685,0.2047399580478668,-0.1798839420080185,-0.2089552283287048,0.0990247577428817,-0.1788372546434402,-0.27559894323349,176.69964599609375,0.0630452111363411
EXPC2-057,132.25765672375516,43.351393054446135,200s_裸地沙地,fcs10_200s,否,裸地,低,施工场地裸土加在建屋面,judge_C2_01.csv,False,22,0.0415840061514801,0.0088581314878892,0.2519646289888504,-0.3936947327950788,0.0074432910419069,0.1417301038062283,-0.1998615916955017,0.1137408688965782,-0.0935640138408304,0.1537870049980776,0.0629911572472126,-0.0984236831987697,-0.0553633217993079,0.0517339484813533,-0.2288965782391388,0.0325413302575932,0.0842137639369473,0.0482276047673971,-0.075355632449058,-0.0842137639369473,-0.0297731641676278,-0.0448442906574394,-0.0061514801999231,-0.059115724721261,-0.1190926566705113,0.1245674740484429,-0.0448442906574394,-0.1476970396001538,0.1301653210303729,-0.0120569011918492,0.0935640138408304,0.0669896193771626,0.1998615916955017,-0.1301653210303729,-0.1301653210303729,0.2069357939254133,-0.0482276047673971,-0.0039369473279507,0.059115724721261,0.0984236831987697,0.0935640138408304,0.0088581314878892,-0.0177777777777777,-0.0030142252979623,0.075355632449058,0.0984236831987697,0.1998615916955017,-0.059115724721261,0.1793771626297577,-0.2599000384467512,0.1190926566705113,0.1085121107266436,0.059115724721261,0.0246059207996924,0.0120569011918492,-0.1301653210303729,0.0222068435217224,0.0157477893118031,0.1245674740484429,0.0448442906574394,-0.2141330257593233,-0.1358861976163014,-0.2364628988850442,-0.0842137639369473,,,,,0.0725485607981681,-0.1608409285545349,0.3259955942630768,0.1216553673148155,-0.2636655867099762,-0.4106482267379761,0.0954561457037925,-0.1977662295103073,-0.293479174375534,0.0855284556746482,-0.2260789722204208,-0.2774348556995392,38.65363693237305,0.0258415937423706
EXPC2-058,132.69603458240547,47.95076730913809,200s_裸地沙地,fcs10_200s,否,水田,低,均匀淡粉水面隐约格田,judge_C2_01.csv,False,3,0.0711111111111111,0.1085121107266436,0.0797231833910034,-0.3278123798539023,0.1537870049980776,0.17279507881584,-0.2069357939254133,0.1245674740484429,-0.0669896193771626,0.1190926566705113,0.0935640138408304,-0.17279507881584,-0.1537870049980776,0.0297731641676278,-0.292871972318339,0.2141330257593233,0.1793771626297577,-0.000553633217993,0.0222068435217224,-0.0222068435217224,-0.0222068435217224,-0.0629911572472126,0.1137408688965782,-0.1085121107266436,-0.0030142252979623,0.1417301038062283,0.1417301038062283,-0.1137408688965782,0.2599000384467512,-0.0074432910419069,0.0797231833910034,-0.035432525951557,0.0669896193771626,-0.0888273740868896,-0.1137408688965782,0.2214532871972318,0.075355632449058,0.075355632449058,0.1137408688965782,0.1034063821607074,0.0888273740868896,-0.0517339484813533,0.0271280276816609,-0.0325413302575932,0.0177777777777777,0.1417301038062283,0.0384467512495194,-0.075355632449058,0.0935640138408304,-0.1085121107266436,0.186082276047674,-0.1137408688965782,0.0984236831987697,-0.0325413302575932,0.059115724721261,-0.0984236831987697,-0.0888273740868896,-0.0415840061514801,0.16,-0.0088581314878892,-0.2288965782391388,-0.0797231833910034,-0.1301653210303729,-0.0629911572472126,,,,,0.0126877035945653,-0.027659123763442,0.8350008726119995,0.1194585412740707,-0.2408102005720138,-0.3474125564098358,0.1011323705315589,-0.209781214594841,-0.3835857212543487,0.1076923087239265,-0.2342857122421264,-0.2903012335300445,47.0,0.0145089849829673
EXPC2-059,132.28245022559685,45.67371772695192,200s_裸地沙地,fcs10_200s,否,草本旱地,低,深褐斑驳田面邻收割田,judge_C2_01.csv,False,0,0.0325413302575932,0.0384467512495194,0.0271280276816609,-0.3188927335640138,0.0669896193771626,0.0177777777777777,-0.2679584775086506,0.1301653210303729,-0.0177777777777777,0.0049826989619377,0.0271280276816609,-0.1085121107266436,-0.1537870049980776,0.0935640138408304,-0.2599000384467512,0.2441522491349481,0.0222068435217224,-0.0842137639369473,0.0138408304498269,0.0448442906574394,-0.0384467512495194,0.1085121107266436,0.0935640138408304,-0.0325413302575932,-0.1137408688965782,0.035432525951557,0.1245674740484429,-0.1034063821607074,0.3742560553633218,-0.1417301038062283,0.0669896193771626,-0.1190926566705113,-0.0482276047673971,-0.0325413302575932,-0.0669896193771626,0.3278123798539023,0.0888273740868896,0.0935640138408304,0.0842137639369473,0.0669896193771626,0.0049826989619377,0.0246059207996924,-0.0482276047673971,-0.0246059207996924,0.0415840061514801,0.1793771626297577,0.0888273740868896,0.059115724721261,0.0888273740868896,-0.0888273740868896,0.2364628988850442,-0.16,-0.035432525951557,-0.0384467512495194,-0.0138408304498269,-0.0517339484813533,-0.0984236831987697,-0.0842137639369473,0.0482276047673971,-0.1085121107266436,-0.2214532871972318,-0.0138408304498269,-0.0553633217993079,0.0297731641676278,,,,,0.0095453262329101,-0.0362339839339256,0.8413823843002319,0.2304075211286544,-0.3499570190906524,-0.3960053324699402,0.2792665660381317,-0.3700906336307525,-0.5269427299499512,0.1491646766662597,-0.255541056394577,-0.2641752660274505,96.3277816772461,0.0905515700578689
EXPC2-060,134.09740642563196,47.570240954785056,200s_裸地沙地,fcs10_200s,否,灌溉旱地,低,大棚间绿田带框含棚沿,judge_C2_01.csv,False,3,0.0157477893118031,0.0711111111111111,0.0935640138408304,-0.3460207612456747,0.1137408688965782,0.0935640138408304,-0.2441522491349481,0.1245674740484429,-0.0482276047673971,-0.0384467512495194,0.0984236831987697,-0.1476970396001538,-0.1301653210303729,0.0297731641676278,-0.2519646289888504,0.186082276047674,0.0797231833910034,-0.0246059207996924,0.0199307958477508,0.0797231833910034,-0.0199307958477508,0.0297731641676278,0.1245674740484429,-0.1301653210303729,-0.075355632449058,0.2214532871972318,0.1137408688965782,-0.1034063821607074,0.3936947327950788,-0.0384467512495194,0.075355632449058,-0.0842137639369473,-0.0669896193771626,-0.0177777777777777,-0.1034063821607074,0.292871972318339,0.0517339484813533,0.0888273740868896,0.0629911572472126,0.0797231833910034,0.0271280276816609,-0.0120569011918492,-0.0629911572472126,-0.1034063821607074,0.0177777777777777,0.1793771626297577,0.0935640138408304,-0.0271280276816609,0.0711111111111111,-0.0448442906574394,0.1929104190695886,-0.1476970396001538,-0.0325413302575932,-0.0629911572472126,0.0222068435217224,-0.0415840061514801,-0.0935640138408304,-0.0553633217993079,0.0842137639369473,-0.1301653210303729,-0.1358861976163014,-0.0553633217993079,-0.1034063821607074,-0.0553633217993079,,,,,0.008920332416892,-0.0094171231612563,0.7711015939712524,0.3942579925060272,-0.4177631437778473,-0.2672703862190246,0.2393044382333755,-0.3383010327816009,-0.4441662430763244,0.3434247970581054,-0.4136386215686798,-0.4870454967021942,49.732704162597656,0.0533583536744117
EXPC2-061,130.2112945065309,45.84511628316192,200s_裸地沙地,fcs10_200s,否,不透水面,高,村镇彩钢屋面,judge_C2_01.csv,False,21,-0.0888273740868896,0.059115724721261,0.186082276047674,-0.3460207612456747,0.0088581314878892,0.0177777777777777,-0.292871972318339,0.2761399461745483,-0.0120569011918492,0.0120569011918492,0.1301653210303729,-0.1417301038062283,-0.0711111111111111,-0.0049826989619377,-0.2141330257593233,0.0888273740868896,0.0984236831987697,0.0797231833910034,-0.0935640138408304,0.0088581314878892,-0.0120569011918492,0.0030142252979623,0.1301653210303729,-0.0984236831987697,-0.0246059207996924,0.186082276047674,0.035432525951557,-0.0517339484813533,0.3188927335640138,-0.0629911572472126,0.059115724721261,-0.0448442906574394,-0.0553633217993079,0.059115724721261,0.0271280276816609,0.2761399461745483,0.0061514801999231,0.0553633217993079,0.0797231833910034,0.0553633217993079,0.0384467512495194,-0.0517339484813533,-0.059115724721261,0.0935640138408304,-0.0177777777777777,0.2519646289888504,0.186082276047674,-0.0517339484813533,0.0553633217993079,-0.1358861976163014,0.2069357939254133,0.035432525951557,-0.0049826989619377,0.0325413302575932,0.0711111111111111,-0.01039600153787,-0.0088581314878892,0.0415840061514801,0.0039369473279507,-0.1245674740484429,-0.2364628988850442,-0.0517339484813533,-0.0629911572472126,-0.1085121107266436,,,,,0.0368421040475368,-0.0603614002466201,0.5624101161956787,0.100831814110279,-0.3500870764255523,-0.3822138011455536,0.2012221664190292,-0.5314412713050842,-0.5680943727493286,0.2116473466157913,-0.5480537414550781,-0.622771680355072,269.86346435546875,0.1618894636631012
EXPC2-062,130.75208030757085,46.34026766776861,200s_裸地沙地,fcs10_200s,否,灌溉旱地,低,褐土田面疑耕翻,judge_C2_01.csv,False,3,-0.01039600153787,0.0669896193771626,0.1537870049980776,-0.3839138792772011,0.0415840061514801,0.0022145328719723,-0.2761399461745483,0.1793771626297577,-0.0138408304498269,-0.0517339484813533,0.0935640138408304,-0.0246059207996924,-0.0517339484813533,0.1085121107266436,-0.2288965782391388,0.1358861976163014,0.0482276047673971,0.035432525951557,-0.0669896193771626,0.0711111111111111,0.0177777777777777,0.0629911572472126,0.1537870049980776,-0.0842137639369473,-0.1301653210303729,0.1301653210303729,0.0935640138408304,-0.059115724721261,0.292871972318339,-0.1476970396001538,0.0088581314878892,-0.0935640138408304,-0.0669896193771626,0.0797231833910034,-0.0061514801999231,0.2599000384467512,0.0157477893118031,0.0553633217993079,0.059115724721261,0.1190926566705113,-0.0074432910419069,0.059115724721261,-0.0177777777777777,-0.0415840061514801,-0.059115724721261,0.2761399461745483,0.1793771626297577,-0.0482276047673971,0.0325413302575932,-0.1245674740484429,0.2441522491349481,-0.0157477893118031,-0.0138408304498269,0.0061514801999231,0.0177777777777777,-0.0022145328719723,-0.0415840061514801,0.0415840061514801,-0.0074432910419069,-0.2141330257593233,-0.2214532871972318,-0.0629911572472126,-0.0629911572472126,-0.0669896193771626,,,,,0.02065259963274,-0.0159331485629081,0.7907542586326599,0.1324717253446579,-0.2733878195285797,-0.3654990196228027,0.1878354251384735,-0.2855759859085083,-0.3546130359172821,0.2244691550731659,-0.3184539973735809,-0.3551377654075622,212.56130981445312,0.0630452111363411
EXPC2-063,131.45204757695677,48.88968644409981,200s_裸地沙地,fcs10_200s,否,水体,低,宽浅水色带两侧沼泽植被,judge_C2_01.csv,False,23,-0.0199307958477508,-0.0049826989619377,0.2519646289888504,-0.3839138792772011,0.0177777777777777,0.0711111111111111,-0.2364628988850442,0.17279507881584,-0.059115724721261,0.0888273740868896,0.1537870049980776,-0.0935640138408304,-0.0482276047673971,0.1034063821607074,-0.3100961168781238,0.1417301038062283,0.16,-0.0297731641676278,-0.0842137639369473,-0.0384467512495194,0.0415840061514801,-0.059115724721261,0.0984236831987697,-0.1537870049980776,-0.0797231833910034,0.1245674740484429,-0.0088581314878892,0.0669896193771626,0.2844444444444444,-0.059115724721261,0.075355632449058,-0.0088581314878892,0.0384467512495194,0.0384467512495194,-0.0669896193771626,0.2364628988850442,-0.0157477893118031,0.0415840061514801,-0.0629911572472126,0.1034063821607074,-0.0271280276816609,-0.0629911572472126,-0.0797231833910034,0.0842137639369473,0.0074432910419069,0.17279507881584,0.1034063821607074,-0.1476970396001538,0.0629911572472126,-0.1998615916955017,0.1793771626297577,-0.0246059207996924,-0.0022145328719723,-0.0297731641676278,0.0553633217993079,0.0177777777777777,0.0061514801999231,0.0222068435217224,0.1137408688965782,-0.0888273740868896,-0.2599000384467512,-0.0199307958477508,-0.0517339484813533,-0.0629911572472126,,,,,0.0272371489554643,-0.0315744765102863,0.7878223061561584,0.1060147136449813,-0.170865774154663,-0.2186488211154937,0.1669381111860275,-0.2488017380237579,-0.3045582771301269,0.1464800983667373,-0.2379603385925293,-0.2109508663415908,247.078125,0.0974991619586944
EXPC2-064,134.07153494544932,48.3506972736281,200s_裸地沙地,fcs10_200s,是,湖河滩地,中,河岸下砂泥滩斑驳植被,judge_C2_01.csv,False,16,-0.0246059207996924,-0.0157477893118031,0.0669896193771626,-0.3014225297962323,0.0049826989619377,0.0325413302575932,-0.292871972318339,0.1476970396001538,-0.0629911572472126,0.1085121107266436,0.1085121107266436,-0.1417301038062283,-0.0297731641676278,-0.0015378700499807,-0.2679584775086506,0.2141330257593233,0.1137408688965782,-0.0984236831987697,-0.0842137639369473,0.0553633217993079,-0.0222068435217224,-0.0015378700499807,0.0669896193771626,-0.1085121107266436,-0.1417301038062283,0.1663360246059207,0.1137408688965782,-0.0984236831987697,0.3100961168781238,-0.0842137639369473,0.0629911572472126,-0.0088581314878892,0.0448442906574394,-0.0517339484813533,-0.1137408688965782,0.3014225297962323,0.0888273740868896,0.0271280276816609,0.0415840061514801,0.0669896193771626,0.035432525951557,-0.0384467512495194,-0.0384467512495194,0.059115724721261,0.0157477893118031,0.2599000384467512,0.0888273740868896,0.0120569011918492,0.0553633217993079,-0.1663360246059207,0.2214532871972318,-0.075355632449058,-0.0271280276816609,-0.0039369473279507,0.0271280276816609,-0.0984236831987697,-0.0157477893118031,-0.0222068435217224,0.0842137639369473,-0.1034063821607074,-0.2364628988850442,-0.0935640138408304,-0.0888273740868896,0.0517339484813533,,,,,-0.0001767096691764,0.0020283975172787,0.8054981827735901,0.1012231856584549,-0.1850438714027404,-0.1312658935785293,0.2517690062522888,-0.2937013506889343,-0.3620965182781219,-0.0037792895454913,-0.0675522461533546,0.2210437059402465,37.5,0.0481114648282527
EXPC2-065,134.65292459733146,48.613005336591,200s_裸地沙地,fcs10_200s,否,水体,中,浑浊黄绿水色岛状植被,judge_C2_01.csv,False,23,0.0271280276816609,0.0448442906574394,0.1034063821607074,-0.3278123798539023,0.075355632449058,0.1417301038062283,-0.2441522491349481,0.1537870049980776,-0.0553633217993079,0.1301653210303729,0.1085121107266436,-0.1537870049980776,-0.1034063821607074,-0.0138408304498269,-0.2844444444444444,0.1245674740484429,0.1476970396001538,-0.0039369473279507,-0.0297731641676278,0.0711111111111111,-0.01039600153787,-0.0482276047673971,0.1034063821607074,-0.1417301038062283,-0.0222068435217224,0.2069357939254133,0.0669896193771626,-0.1034063821607074,0.3014225297962323,0.0325413302575932,0.1190926566705113,0.0022145328719723,0.0669896193771626,-0.0797231833910034,-0.1301653210303729,0.2679584775086506,0.075355632449058,0.0297731641676278,0.0888273740868896,0.0984236831987697,0.0199307958477508,-0.0482276047673971,-0.0415840061514801,0.01039600153787,0.0517339484813533,0.1537870049980776,0.0888273740868896,-0.1085121107266436,0.0888273740868896,-0.1476970396001538,0.2288965782391388,-0.0935640138408304,0.0297731641676278,-0.075355632449058,0.0711111111111111,-0.0984236831987697,-0.0199307958477508,0.0074432910419069,0.1085121107266436,-0.0711111111111111,-0.1998615916955017,-0.0482276047673971,-0.16,-0.0842137639369473,,,,,0.0214253924787044,-0.0399378612637519,0.7308903932571411,0.1275385916233062,-0.2359750717878341,-0.333527535200119,0.1783355325460434,-0.2581100165843963,-0.2830531597137451,0.1253263652324676,-0.2516940832138061,-0.3259210884571075,34.0,0.0481114648282527
EXPC2-066,131.81460762562742,45.58316754631267,200s_裸地沙地,fcs10_200s,是,湖河滩地,中,砂质滩地辫状水流痕迹,judge_C2_01.csv,False,16,-0.0629911572472126,0.0384467512495194,0.0711111111111111,-0.292871972318339,-0.0415840061514801,0.035432525951557,-0.2761399461745483,0.186082276047674,0.0138408304498269,-0.0246059207996924,0.2679584775086506,-0.1245674740484429,-0.0246059207996924,-0.0088581314878892,-0.2069357939254133,0.0415840061514801,0.1929104190695886,0.0797231833910034,-0.2214532871972318,-0.0138408304498269,-0.035432525951557,-0.1034063821607074,0.1245674740484429,-0.1301653210303729,-0.0448442906574394,0.2519646289888504,0.0797231833910034,-0.0797231833910034,0.2761399461745483,0.0711111111111111,0.1034063821607074,-0.0711111111111111,0.1793771626297577,0.0039369473279507,-0.0935640138408304,0.1998615916955017,-0.0246059207996924,0.0797231833910034,0.1929104190695886,0.1034063821607074,-0.0061514801999231,-0.0669896193771626,0.0325413302575932,-0.0030142252979623,-0.0711111111111111,0.1137408688965782,0.0888273740868896,0.1245674740484429,0.059115724721261,-0.0984236831987697,0.1998615916955017,-0.0711111111111111,0.0482276047673971,0.0199307958477508,0.1793771626297577,-0.0222068435217224,-0.0448442906574394,-0.0517339484813533,0.0984236831987697,-0.0415840061514801,-0.1663360246059207,-0.1358861976163014,-0.0935640138408304,0.0325413302575932,,,,,-0.0665447041392326,0.1681271642446518,0.7604422569274902,0.1031442880630493,-0.2012799978256225,-0.3592606782913208,0.1425178200006485,-0.225477710366249,-0.3895582258701324,0.2138759940862655,-0.2892370223999023,-0.2807867228984833,167.6481475830078,0.1022680774331092
EXPC2-067,132.41180762651007,45.34134107182769,200s_裸地沙地,fcs10_200s,否,不透水面,低,灰白线状路面旁为林地,judge_C2_01.csv,False,21,0.0415840061514801,-0.1190926566705113,0.1476970396001538,-0.2441522491349481,-0.0415840061514801,0.059115724721261,-0.2761399461745483,0.1537870049980776,-0.0935640138408304,0.16,0.1034063821607074,-0.1137408688965782,-0.0669896193771626,0.0482276047673971,-0.2141330257593233,0.1663360246059207,0.1245674740484429,-0.035432525951557,-0.0935640138408304,0.0297731641676278,-0.0177777777777777,0.0888273740868896,0.0088581314878892,-0.075355632449058,-0.2141330257593233,0.0177777777777777,0.0669896193771626,0.0297731641676278,0.2141330257593233,-0.059115724721261,0.01039600153787,0.0711111111111111,-0.0711111111111111,-0.0797231833910034,-0.1417301038062283,0.2364628988850442,0.075355632449058,-0.059115724721261,-0.0711111111111111,0.2364628988850442,-0.0842137639369473,0.0669896193771626,0.0842137639369473,0.0669896193771626,-0.0246059207996924,0.2679584775086506,0.01039600153787,-0.0246059207996924,0.0297731641676278,-0.2599000384467512,0.1476970396001538,-0.0120569011918492,0.0984236831987697,-0.1245674740484429,-0.0448442906574394,-0.0711111111111111,0.0177777777777777,0.0797231833910034,0.0842137639369473,0.1358861976163014,-0.1929104190695886,-0.1998615916955017,-0.1034063821607074,0.0888273740868896,,,,,0.0311566367745399,-0.0694406032562255,0.7699431777000427,0.0244821086525917,-0.1132332906126976,0.2524084746837616,0.0746960043907165,-0.1093843430280685,0.1393615007400512,0.2386074215173721,-0.1998903155326843,0.2338266372680664,77.6720199584961,0.0905515700578689
EXPC2-068,130.32591953678454,48.869564181735534,200s_裸地沙地,fcs10_200s,否,稀疏植被,低,路侧草泥混杂条带湿斑,judge_C2_01.csv,False,13,-0.0061514801999231,0.0415840061514801,0.2288965782391388,-0.2844444444444444,0.035432525951557,0.0384467512495194,-0.3278123798539023,0.2519646289888504,0.0297731641676278,0.0049826989619377,0.1793771626297577,-0.1085121107266436,-0.0517339484813533,0.0482276047673971,-0.2141330257593233,0.186082276047674,0.2141330257593233,0.0199307958477508,-0.2141330257593233,-0.0222068435217224,0.0157477893118031,-0.075355632449058,0.1137408688965782,-0.1358861976163014,-0.0415840061514801,0.2069357939254133,0.075355632449058,-0.075355632449058,0.3460207612456747,0.0022145328719723,0.01039600153787,0.01039600153787,-0.0199307958477508,0.059115724721261,-0.0984236831987697,0.2214532871972318,0.1085121107266436,0.1301653210303729,0.0138408304498269,0.0935640138408304,-0.01039600153787,-0.0271280276816609,-0.0297731641676278,0.035432525951557,0.0384467512495194,0.1476970396001538,0.0482276047673971,0.0030142252979623,0.0984236831987697,-0.1085121107266436,0.17279507881584,-0.0482276047673971,0.0138408304498269,0.0384467512495194,0.0984236831987697,0.059115724721261,0.0049826989619377,-0.0669896193771626,0.0711111111111111,-0.0669896193771626,-0.2069357939254133,-0.0448442906574394,-0.0222068435217224,0.0325413302575932,,,,,-0.0182407777756452,0.0313291549682617,0.7389154434204102,0.1309202164411544,-0.2244102209806442,-0.2121212184429168,0.260457694530487,-0.2954818904399872,-0.3087161779403686,0.307748019695282,-0.3361282348632812,-0.2712506651878357,124.93219757080078,0.0640474185347557
EXPC2-069,133.2177760994221,45.63994107226903,200s_裸地沙地,fcs10_200s,否,灌溉旱地,低,褐土田面加暗斑疑耕翻,judge_C2_01.csv,False,3,0.0039369473279507,0.0384467512495194,0.0888273740868896,-0.3742560553633218,0.0061514801999231,0.0384467512495194,-0.2214532871972318,0.0553633217993079,-0.0553633217993079,0.0177777777777777,0.0039369473279507,-0.0984236831987697,-0.075355632449058,0.059115724721261,-0.2599000384467512,0.1998615916955017,0.0669896193771626,-0.0797231833910034,0.0022145328719723,0.0553633217993079,-0.059115724721261,0.1537870049980776,0.035432525951557,-0.0482276047673971,-0.1537870049980776,0.1358861976163014,0.0553633217993079,-0.0711111111111111,0.3936947327950788,-0.1793771626297577,0.1190926566705113,-0.1358861976163014,-0.0297731641676278,-0.0415840061514801,0.0138408304498269,0.3014225297962323,0.01039600153787,0.0888273740868896,-0.0138408304498269,0.0138408304498269,-0.0797231833910034,0.0448442906574394,-0.0629911572472126,-0.0553633217993079,0.0384467512495194,0.2679584775086506,0.0711111111111111,0.0517339484813533,0.1085121107266436,-0.0138408304498269,0.1358861976163014,-0.0797231833910034,-0.075355632449058,-0.0384467512495194,0.0629911572472126,-0.0842137639369473,-0.0138408304498269,-0.0984236831987697,0.0325413302575932,-0.16,-0.2069357939254133,-0.075355632449058,-0.0935640138408304,0.0199307958477508,,,,,0.018264839425683,-0.0386585928499698,0.8305986523628235,0.120496891438961,-0.2205683290958404,-0.1881606727838516,0.2146892696619033,-0.2632197439670563,-0.3317345976829529,0.1989276111125946,-0.2850574851036072,-0.3806323111057281,64.63677978515625,0.0561328567564487
EXPC2-070,133.24760016685488,48.06215840436891,200s_裸地沙地,fcs10_200s,是,盐渍湿地,低,灰白斑块与暗色植被斑混杂,judge_C2_01.csv,False,17,-0.0448442906574394,-0.1417301038062283,-0.0984236831987697,-0.1537870049980776,-0.0199307958477508,0.0074432910419069,-0.1137408688965782,0.1417301038062283,0.0138408304498269,0.0935640138408304,-0.0384467512495194,-0.1417301038062283,-0.0177777777777777,-0.0325413302575932,-0.1793771626297577,0.292871972318339,0.0711111111111111,-0.1537870049980776,0.0415840061514801,0.1137408688965782,-0.0415840061514801,0.1301653210303729,0.0074432910419069,0.0669896193771626,-0.1663360246059207,-0.0325413302575932,0.1476970396001538,-0.1085121107266436,0.3100961168781238,-0.2761399461745483,-0.0669896193771626,0.1417301038062283,-0.0246059207996924,-0.0842137639369473,-0.0415840061514801,0.2288965782391388,0.0842137639369473,-0.0842137639369473,0.0246059207996924,0.1301653210303729,-0.0842137639369473,0.0325413302575932,0.0669896193771626,-0.0517339484813533,-0.0157477893118031,0.292871972318339,-0.1301653210303729,0.0842137639369473,-0.1034063821607074,-0.1417301038062283,0.2214532871972318,-0.0984236831987697,-0.1034063821607074,-0.0138408304498269,0.0199307958477508,-0.035432525951557,0.0138408304498269,0.0482276047673971,-0.01039600153787,-0.0482276047673971,-0.2069357939254133,-0.16,-0.0415840061514801,0.1929104190695886,,,,,0.0032343599013984,-0.0189706701785326,0.8401243686676025,-0.2401157170534134,0.3247643411159515,0.7648401856422424,-0.2239924967288971,0.4209790229797363,0.8142856955528259,-0.2944983839988708,0.3994490504264831,0.833935022354126,44.0,0.0856463089585304
EXPC2-071,132.9479221880726,48.7355355413449,200s_裸地沙地,fcs10_200s,否,水体,中,矩形暗绿水塘岸滩清晰,judge_C2_01.csv,False,23,-0.0297731641676278,-0.0629911572472126,0.0384467512495194,-0.2844444444444444,-0.0482276047673971,-0.0448442906574394,-0.2599000384467512,0.1245674740484429,-0.0222068435217224,0.0842137639369473,0.0088581314878892,-0.035432525951557,-0.035432525951557,0.0325413302575932,-0.2364628988850442,0.2288965782391388,0.0888273740868896,-0.0888273740868896,-0.075355632449058,0.075355632449058,-0.0199307958477508,0.0888273740868896,0.0325413302575932,0.000553633217993,-0.2069357939254133,0.0138408304498269,0.0297731641676278,-0.0517339484813533,0.3936947327950788,-0.1085121107266436,-0.0448442906574394,-0.0384467512495194,-0.0482276047673971,-0.0711111111111111,-0.0517339484813533,0.3460207612456747,0.1034063821607074,-0.0797231833910034,0.0088581314878892,0.0797231833910034,-0.0711111111111111,0.0553633217993079,-0.0448442906574394,0.0030142252979623,0.0049826989619377,0.3188927335640138,0.1034063821607074,0.0022145328719723,-0.0222068435217224,-0.16,0.186082276047674,-0.0797231833910034,-0.075355632449058,-0.0711111111111111,0.0246059207996924,-0.0415840061514801,-0.0177777777777777,0.0271280276816609,0.0157477893118031,-0.1245674740484429,-0.2214532871972318,-0.16,-0.0448442906574394,0.0482276047673971,,,,,0.0060380864888429,-0.0235690232366323,0.7730344533920288,-0.0756646245718002,0.1365807056427002,0.0596616193652153,0.203389823436737,0.1041009500622749,-0.3212669789791107,-0.2501766681671142,0.151199996471405,0.2278157025575637,75.75593566894531,0.275692880153656
EXPC2-072,132.64321364369926,43.45595695351765,forest_森林,fcs10_forest,是,草本沼泽,中,暗绿斑驳含曲沟,judge_C2_02.csv,False,15,-0.0271280276816609,-0.0039369473279507,0.2288965782391388,-0.075355632449058,0.0120569011918492,-0.1663360246059207,-0.2069357939254133,0.4444444444444444,0.1417301038062283,0.0797231833910034,0.1998615916955017,0.0246059207996924,-0.0669896193771626,0.0,-0.186082276047674,0.1085121107266436,-0.0074432910419069,0.0157477893118031,-0.1537870049980776,-0.0002460592079969,0.2069357939254133,0.0517339484813533,0.035432525951557,-0.0120569011918492,0.1417301038062283,0.0061514801999231,-0.1034063821607074,0.0711111111111111,0.075355632449058,-0.035432525951557,0.0797231833910034,0.1998615916955017,0.0222068435217224,0.0842137639369473,0.0482276047673971,0.1085121107266436,0.0199307958477508,-0.2761399461745483,-0.0061514801999231,-0.0888273740868896,-0.1537870049980776,-0.0246059207996924,0.0448442906574394,0.0448442906574394,-0.0629911572472126,0.1793771626297577,0.2519646289888504,-0.2141330257593233,0.0384467512495194,-0.1085121107266436,0.0074432910419069,-0.1034063821607074,-0.0517339484813533,0.0448442906574394,-0.0015378700499807,0.1245674740484429,0.1137408688965782,-0.01039600153787,-0.0935640138408304,-0.0629911572472126,-0.0984236831987697,0.0935640138408304,-0.1417301038062283,-0.0517339484813533,,,,,0.2133072465658188,-0.2476325780153274,0.2470080405473709,0.5410852432250977,-0.4775176644325256,-0.4451460242271423,0.8717890977859497,-0.7558655738830566,-0.540115475654602,0.709261417388916,-0.7302215099334717,-0.6343163251876831,516.8857421875,0.0258415937423706
EXPC2-073,130.8350846398235,49.24973120997492,forest_森林,fcs10_forest,是,草本沼泽,低,干湿过渡带难辨,judge_C2_02.csv,False,15,-0.0199307958477508,-0.0935640138408304,0.1998615916955017,-0.1190926566705113,-0.0553633217993079,-0.1301653210303729,-0.1358861976163014,0.3742560553633218,0.1476970396001538,0.0222068435217224,0.3553094963475586,-0.0935640138408304,0.0482276047673971,-0.0482276047673971,-0.1537870049980776,0.0384467512495194,0.0246059207996924,-0.0015378700499807,-0.1245674740484429,-0.1034063821607074,0.186082276047674,0.0448442906574394,-0.0039369473279507,-0.0482276047673971,0.1301653210303729,0.0984236831987697,-0.0448442906574394,0.1476970396001538,0.2069357939254133,-0.0325413302575932,0.0325413302575932,0.0888273740868896,-0.0842137639369473,0.1034063821607074,0.0074432910419069,0.0271280276816609,0.0297731641676278,-0.17279507881584,0.0415840061514801,-0.1537870049980776,-0.1085121107266436,-0.1537870049980776,0.0669896193771626,0.1034063821607074,-0.0888273740868896,0.1190926566705113,0.17279507881584,-0.2364628988850442,0.1137408688965782,-0.0629911572472126,0.0074432910419069,-0.035432525951557,-0.0842137639369473,0.01039600153787,0.0629911572472126,0.2214532871972318,0.1793771626297577,-0.0199307958477508,-0.0797231833910034,-0.0888273740868896,-0.1793771626297577,0.0935640138408304,0.0177777777777777,0.0448442906574394,,,,,0.13287453353405,-0.1499194055795669,0.1662366390228271,0.3436532616615295,-0.4332892894744873,-0.2574642896652221,0.8428775668144226,-0.7043352723121643,-0.4617402851581573,0.421875,-0.5062068700790405,-0.4750733077526092,301.43182373046875,0.1346295326948166
EXPC2-074,131.0179816316702,43.91230111785036,forest_森林,fcs10_forest,是,草本沼泽,低,绿底含土路斜带,judge_C2_02.csv,False,15,-0.0629911572472126,-0.0199307958477508,0.1998615916955017,-0.0711111111111111,-0.0074432910419069,-0.1663360246059207,-0.1417301038062283,0.4237754709727028,0.1417301038062283,0.0246059207996924,0.3460207612456747,-0.0553633217993079,-0.035432525951557,-0.0297731641676278,-0.1537870049980776,0.0448442906574394,0.0222068435217224,-0.0669896193771626,-0.186082276047674,-0.0888273740868896,0.16,-0.0325413302575932,0.0629911572472126,-0.0415840061514801,0.16,0.1085121107266436,-0.1085121107266436,0.059115724721261,0.2069357939254133,0.0222068435217224,0.0074432910419069,0.1301653210303729,0.035432525951557,0.0935640138408304,0.0842137639369473,0.0629911572472126,0.0325413302575932,-0.186082276047674,0.059115724721261,-0.1190926566705113,-0.0935640138408304,-0.0842137639369473,0.0669896193771626,0.0935640138408304,-0.0629911572472126,0.0384467512495194,0.2141330257593233,-0.186082276047674,0.17279507881584,-0.0984236831987697,0.0271280276816609,0.0384467512495194,-0.0935640138408304,0.1190926566705113,0.0553633217993079,0.1417301038062283,0.186082276047674,-0.0448442906574394,-0.0669896193771626,-0.0325413302575932,-0.1929104190695886,0.0271280276816609,-0.0553633217993079,0.0157477893118031,,,,,0.1196645498275756,-0.1669654846191406,0.1894399970769882,0.3423807621002197,-0.3976584672927856,-0.4774995744228363,0.8584496974945068,-0.7363922595977783,-0.4891020059585571,0.5580211281776428,-0.6313083171844482,-0.5688195824623108,252.471435546875,0.2621392905712127
EXPC2-075,134.61375805094386,45.15844407998096,forest_森林,fcs10_forest,是,草本沼泽,中,暗绿草簇密布,judge_C2_02.csv,False,15,-0.0271280276816609,-0.0325413302575932,0.1998615916955017,-0.1034063821607074,0.0039369473279507,-0.1476970396001538,-0.16,0.4340484429065744,0.2288965782391388,0.035432525951557,0.2141330257593233,-0.0517339484813533,-0.0325413302575932,0.0325413302575932,-0.186082276047674,0.1417301038062283,0.0325413302575932,-0.0022145328719723,0.0088581314878892,-0.1476970396001538,0.2141330257593233,0.0482276047673971,0.035432525951557,-0.0888273740868896,0.075355632449058,0.0711111111111111,-0.1085121107266436,0.1301653210303729,0.2761399461745483,-0.0669896193771626,0.1190926566705113,0.0842137639369473,-0.0984236831987697,0.1190926566705113,0.059115724721261,0.0984236831987697,0.0448442906574394,-0.0984236831987697,0.0199307958477508,-0.0297731641676278,-0.1190926566705113,-0.0553633217993079,-0.0157477893118031,0.0797231833910034,-0.0888273740868896,0.1663360246059207,0.1301653210303729,-0.1301653210303729,0.0222068435217224,-0.1085121107266436,0.0415840061514801,-0.0711111111111111,-0.1245674740484429,0.0088581314878892,0.1537870049980776,0.2141330257593233,0.1793771626297577,0.0711111111111111,-0.0629911572472126,-0.0984236831987697,-0.1476970396001538,0.0842137639369473,0.0629911572472126,-0.0157477893118031,,,,,0.1506928354501724,-0.1424476951360702,0.5839068293571472,0.1368421018123626,-0.2352941185235977,0.0754500180482864,0.8428874611854553,-0.7412236928939819,-0.534925639629364,0.6984251737594604,-0.7339228391647339,-0.6471215486526489,627.1905517578125,0.285160630941391
EXPC2-076,133.38342543781377,47.07724552686026,forest_森林,fcs10_forest,是,草本沼泽,低,细平行条纹疑苇茬,judge_C2_02.csv,False,15,-0.075355632449058,-0.0049826989619377,0.1085121107266436,-0.1245674740484429,-0.0177777777777777,-0.186082276047674,-0.1793771626297577,0.4340484429065744,0.1537870049980776,-0.0088581314878892,0.2679584775086506,-0.0271280276816609,-0.0199307958477508,0.0199307958477508,-0.1929104190695886,0.1417301038062283,0.01039600153787,-0.1476970396001538,-0.1793771626297577,-0.0074432910419069,0.1793771626297577,-0.0177777777777777,0.0711111111111111,-0.0482276047673971,0.1190926566705113,0.1663360246059207,0.0157477893118031,0.0629911572472126,0.2519646289888504,-0.0009842368319876,-0.0517339484813533,0.0030142252979623,-0.0482276047673971,0.01039600153787,0.0553633217993079,0.16,0.0448442906574394,-0.1537870049980776,0.0325413302575932,-0.1137408688965782,-0.0669896193771626,-0.0629911572472126,-0.01039600153787,-0.0222068435217224,-0.075355632449058,0.0984236831987697,0.2679584775086506,-0.17279507881584,0.0935640138408304,-0.059115724721261,0.0797231833910034,0.0271280276816609,-0.0935640138408304,0.0157477893118031,0.035432525951557,0.1663360246059207,0.1793771626297577,-0.0015378700499807,-0.0177777777777777,-0.1034063821607074,-0.1793771626297577,0.0120569011918492,-0.1137408688965782,0.0039369473279507,,,,,0.0666309520602226,-0.0726648271083831,0.5735344290733337,0.3153000771999359,-0.452847808599472,-0.4738889634609222,0.8522390127182007,-0.7431254386901855,-0.5298690795898438,0.5049116015434265,-0.6747745275497437,-0.4344106316566467,166.95802307128906,0.0675886422395706
EXPC2-077,132.29682327014277,49.31405058431788,forest_森林,fcs10_forest,是,草本沼泽,低,暗绿斑块疑草丛,judge_C2_02.csv,False,15,-0.0797231833910034,-0.059115724721261,0.1998615916955017,-0.0517339484813533,-0.0629911572472126,-0.1190926566705113,-0.1793771626297577,0.4444444444444444,0.2441522491349481,0.0448442906574394,0.3368550557477893,-0.1085121107266436,0.0629911572472126,-0.0669896193771626,-0.1085121107266436,0.0415840061514801,0.0935640138408304,0.0415840061514801,-0.1085121107266436,-0.186082276047674,0.17279507881584,-0.035432525951557,0.0384467512495194,-0.0199307958477508,0.1417301038062283,0.1417301038062283,-0.0629911572472126,0.1358861976163014,0.1998615916955017,0.0222068435217224,0.0797231833910034,0.1190926566705113,0.0325413302575932,0.1476970396001538,0.0246059207996924,-0.0177777777777777,0.0246059207996924,-0.1137408688965782,0.0415840061514801,-0.0797231833910034,-0.0797231833910034,-0.1085121107266436,0.0384467512495194,0.075355632449058,-0.0935640138408304,0.059115724721261,0.0669896193771626,-0.1417301038062283,0.1245674740484429,-0.0669896193771626,0.0517339484813533,-0.0384467512495194,-0.0935640138408304,0.059115724721261,0.1417301038062283,0.1537870049980776,0.16,-0.0384467512495194,-0.0984236831987697,-0.0711111111111111,-0.186082276047674,0.075355632449058,0.0246059207996924,0.0842137639369473,,,,,0.1857092380523681,-0.2182445973157882,0.1116279065608978,0.3686418533325195,-0.4301369786262512,-0.3367346823215484,0.8070489168167114,-0.626207172870636,-0.3034580051898956,0.4665878117084503,-0.5163558721542358,-0.4462723135948181,739.2921752929688,0.1574566066265106
EXPC2-078,130.71435106563783,45.439437100853546,forest_森林,fcs10_forest,是,湖河滩地,低,枯黄滩面近曲沟,judge_C2_02.csv,False,16,-0.0669896193771626,-0.0271280276816609,0.2599000384467512,-0.1663360246059207,-0.0711111111111111,-0.1417301038062283,-0.2069357939254133,0.4982698961937717,0.1417301038062283,0.0177777777777777,0.2441522491349481,-0.1085121107266436,0.0482276047673971,0.0482276047673971,-0.1417301038062283,0.035432525951557,0.01039600153787,0.035432525951557,-0.1417301038062283,-0.1034063821607074,0.1537870049980776,0.0711111111111111,0.0246059207996924,-0.0246059207996924,0.1137408688965782,0.0888273740868896,-0.0797231833910034,0.1301653210303729,0.186082276047674,-0.0088581314878892,0.0271280276816609,0.0138408304498269,-0.0984236831987697,0.1245674740484429,0.0120569011918492,0.0797231833910034,0.0325413302575932,-0.1190926566705113,0.0482276047673971,-0.1034063821607074,-0.0984236831987697,-0.0415840061514801,0.0517339484813533,0.0384467512495194,-0.1476970396001538,0.1663360246059207,0.2141330257593233,-0.1245674740484429,0.035432525951557,-0.1245674740484429,0.0797231833910034,0.0199307958477508,-0.0384467512495194,-0.0384467512495194,0.0629911572472126,0.186082276047674,0.1417301038062283,0.0888273740868896,-0.0797231833910034,-0.0415840061514801,-0.16,0.01039600153787,-0.075355632449058,-0.035432525951557,,,,,0.1128608956933021,-0.1807402074337005,0.1868818253278732,0.3641384243965149,-0.4612502455711365,-0.5671736598014832,0.8347251415252686,-0.7082511186599731,-0.4706254005432129,0.4633493721485138,-0.5802397727966309,-0.4388878047466278,402.62158203125,0.1618894636631012
EXPC2-079,131.94432435265426,45.3399037673731,forest_森林,fcs10_forest,是,草本沼泽,低,均质绿面无格田,judge_C2_02.csv,False,15,-0.0888273740868896,-0.0120569011918492,0.1663360246059207,-0.1137408688965782,-0.035432525951557,-0.186082276047674,-0.1537870049980776,0.4237754709727028,0.1358861976163014,-0.0384467512495194,0.3188927335640138,-0.0629911572472126,-0.0517339484813533,-0.0325413302575932,-0.1793771626297577,0.0222068435217224,0.01039600153787,-0.16,-0.1929104190695886,-0.0271280276816609,0.1663360246059207,-0.0030142252979623,0.0482276047673971,-0.0553633217993079,0.17279507881584,0.1358861976163014,-0.0138408304498269,0.0711111111111111,0.2364628988850442,0.0177777777777777,-0.0120569011918492,0.0482276047673971,-0.0246059207996924,0.0384467512495194,0.0246059207996924,0.1085121107266436,0.0384467512495194,-0.1190926566705113,0.0629911572472126,-0.1476970396001538,-0.0669896193771626,-0.1085121107266436,0.0177777777777777,0.075355632449058,-0.0246059207996924,0.0935640138408304,0.2599000384467512,-0.17279507881584,0.1417301038062283,-0.0384467512495194,0.0482276047673971,0.0448442906574394,-0.1137408688965782,0.0246059207996924,0.0246059207996924,0.1537870049980776,0.1929104190695886,-0.0553633217993079,-0.0482276047673971,-0.0842137639369473,-0.1929104190695886,0.0199307958477508,-0.075355632449058,0.0448442906574394,,,,,0.0541037917137146,-0.0619206540286541,0.4059461057186126,0.3616149723529815,-0.4649040102958679,-0.4426229596138,0.8712273836135864,-0.7385208606719971,-0.529139518737793,0.5039048194885254,-0.6105137467384338,-0.5706760287284851,136.9315948486328,0.1022680774331092
EXPC2-080,131.4800750138213,43.52063565397425,forest_森林,fcs10_forest,是,草本沼泽,中,浅绿斑点夹暗块,judge_C2_02.csv,False,15,-0.0297731641676278,-0.0030142252979623,0.16,-0.0517339484813533,0.0177777777777777,-0.2069357939254133,-0.1137408688965782,0.4035986159169549,0.2214532871972318,0.0297731641676278,0.3014225297962323,-0.0517339484813533,-0.0935640138408304,-0.0482276047673971,-0.1929104190695886,0.1190926566705113,-0.0384467512495194,-0.0482276047673971,-0.0669896193771626,-0.1537870049980776,0.1929104190695886,0.0325413302575932,0.0629911572472126,-0.075355632449058,0.1476970396001538,0.0669896193771626,-0.1358861976163014,0.1085121107266436,0.1998615916955017,-0.0297731641676278,0.0415840061514801,0.1537870049980776,-0.0448442906574394,0.0842137639369473,0.1085121107266436,0.0984236831987697,0.0448442906574394,-0.1998615916955017,0.0415840061514801,-0.1301653210303729,-0.0669896193771626,-0.0797231833910034,0.0415840061514801,0.0984236831987697,-0.0415840061514801,0.075355632449058,0.1793771626297577,-0.2214532871972318,0.1301653210303729,-0.1085121107266436,0.0297731641676278,-0.0177777777777777,-0.0935640138408304,0.0629911572472126,0.0448442906574394,0.1663360246059207,0.186082276047674,0.035432525951557,-0.0669896193771626,-0.0711111111111111,-0.1417301038062283,0.0888273740868896,-0.0384467512495194,-0.0222068435217224,,,,,0.1866825222969055,-0.2369856238365173,0.2682323753833771,0.5994117856025696,-0.6036567091941833,-0.47826087474823,0.8387534022331238,-0.7319719195365906,-0.4951923191547394,0.5774240493774414,-0.6076695919036865,-0.4653266370296478,554.4951171875,0.2621392905712127
EXPC2-081,131.5634386721876,45.03447657077247,forest_森林,fcs10_forest,是,草本沼泽,低,致密暗绿钝纹理,judge_C2_02.csv,False,15,-0.035432525951557,-0.0120569011918492,0.1476970396001538,-0.1417301038062283,-0.0088581314878892,-0.1929104190695886,-0.1417301038062283,0.4035986159169549,0.16,0.0088581314878892,0.2844444444444444,-0.0517339484813533,-0.0246059207996924,-0.0222068435217224,-0.2214532871972318,0.0797231833910034,-0.0138408304498269,-0.0888273740868896,-0.1793771626297577,-0.0325413302575932,0.16,0.0984236831987697,0.0074432910419069,-0.0074432910419069,0.1663360246059207,0.0246059207996924,-0.0325413302575932,0.1085121107266436,0.1929104190695886,0.0030142252979623,-0.0199307958477508,0.0325413302575932,-0.1085121107266436,0.0384467512495194,0.0797231833910034,0.0984236831987697,0.0157477893118031,-0.186082276047674,0.0553633217993079,-0.1537870049980776,-0.0935640138408304,-0.075355632449058,0.0711111111111111,0.0049826989619377,-0.0553633217993079,0.1417301038062283,0.2679584775086506,-0.2599000384467512,0.075355632449058,-0.075355632449058,0.035432525951557,0.0074432910419069,-0.0797231833910034,-0.035432525951557,0.0138408304498269,0.1663360246059207,0.1793771626297577,0.0177777777777777,-0.0629911572472126,-0.0984236831987697,-0.17279507881584,0.0669896193771626,-0.1137408688965782,-0.035432525951557,,,,,0.0677218064665794,-0.089440993964672,0.4404323399066925,0.3242981731891632,-0.4488967359066009,-0.5544455647468567,0.8720329999923706,-0.753080427646637,-0.5499779582023621,0.5473153591156006,-0.6664536595344543,-0.5309972763061523,291.1959533691406,0.1022680774331092
EXPC2-082,129.7617775383575,44.29498342888528,forest_森林,fcs10_forest,是,草本沼泽,低,拼缝异色深蓝调,judge_C2_02.csv,False,15,-0.0177777777777777,-0.0517339484813533,0.1358861976163014,-0.0199307958477508,-0.0271280276816609,-0.1190926566705113,-0.1034063821607074,0.4136255286428297,0.1793771626297577,0.075355632449058,0.3742560553633218,-0.0517339484813533,-0.0246059207996924,-0.0415840061514801,-0.1034063821607074,0.0553633217993079,0.0120569011918492,-0.0553633217993079,-0.0935640138408304,-0.0984236831987697,0.1663360246059207,-0.0842137639369473,0.0797231833910034,-0.059115724721261,0.186082276047674,0.059115724721261,-0.0984236831987697,0.0888273740868896,0.1537870049980776,0.0039369473279507,0.0553633217993079,0.17279507881584,0.0384467512495194,0.1034063821607074,0.0553633217993079,0.0448442906574394,0.0384467512495194,-0.2364628988850442,0.0482276047673971,-0.1137408688965782,-0.1358861976163014,-0.1034063821607074,0.0088581314878892,0.1190926566705113,-0.0629911572472126,0.0553633217993079,0.2141330257593233,-0.2364628988850442,0.1190926566705113,-0.0517339484813533,0.0415840061514801,-0.0517339484813533,-0.1358861976163014,0.0935640138408304,0.0935640138408304,0.17279507881584,0.16,-0.0120569011918492,-0.0935640138408304,-0.0935640138408304,-0.1793771626297577,0.0842137639369473,-0.0138408304498269,0.01039600153787,-11.86470363560425,-21.220225547421148,-10.46955451232956,-17.127448416868095,0.1898016929626464,-0.1871113628149032,0.131837859749794,0.3677811622619629,-0.4521984755992889,-0.4743565022945404,0.826585054397583,-0.7458938956260681,-0.496257483959198,0.6399610638618469,-0.656618595123291,-0.5027283430099487,695.6143188476562,0.1894141137599945
EXPC2-083,130.93677392998583,43.64065057593262,forest_森林,fcs10_forest,是,湖河滩地,低,浅色裸滩带状,judge_C2_02.csv,False,16,-0.0711111111111111,-0.0629911572472126,0.2519646289888504,-0.2288965782391388,0.0088581314878892,-0.1663360246059207,-0.2364628988850442,0.3460207612456747,0.1034063821607074,0.0669896193771626,0.1998615916955017,-0.1034063821607074,0.0049826989619377,0.0415840061514801,-0.2519646289888504,0.0842137639369473,0.0325413302575932,-0.0222068435217224,-0.1793771626297577,-0.1137408688965782,0.0935640138408304,-0.0271280276816609,0.0935640138408304,-0.0669896193771626,-0.01039600153787,0.0797231833910034,-0.0669896193771626,0.0157477893118031,0.2761399461745483,-0.035432525951557,-0.0015378700499807,-0.0015378700499807,-0.0177777777777777,0.0711111111111111,0.0297731641676278,0.2141330257593233,0.035432525951557,-0.0797231833910034,0.0629911572472126,-0.0935640138408304,0.0030142252979623,-0.0297731641676278,-0.0074432910419069,0.0797231833910034,-0.0553633217993079,0.1245674740484429,0.1998615916955017,-0.1476970396001538,0.1358861976163014,-0.2141330257593233,0.1537870049980776,0.0935640138408304,-0.0297731641676278,0.1358861976163014,0.0297731641676278,0.1417301038062283,0.1137408688965782,-0.01039600153787,-0.0448442906574394,-0.0246059207996924,-0.2069357939254133,0.0222068435217224,-0.1417301038062283,-0.0297731641676278,,,,,0.0467653945088386,-0.0821917802095413,0.6042253375053406,0.3034749031066894,-0.3380895853042602,-0.4422177672386169,0.7742448449134827,-0.7127509713172913,-0.5394709706306458,0.4958723187446594,-0.614973247051239,-0.4961119890213012,659.2180786132812,0.1514522582292556
EXPC2-084,133.5206880132272,45.010761047271714,forest_森林,fcs10_forest,是,草本沼泽,低,拼缝区泡状草簇,judge_C2_02.csv,False,15,-0.059115724721261,0.0009842368319876,0.16,-0.16,-0.0297731641676278,-0.1663360246059207,-0.2214532871972318,0.3553094963475586,0.059115724721261,0.0246059207996924,0.2288965782391388,-0.1245674740484429,-0.0222068435217224,0.0088581314878892,-0.2761399461745483,0.1034063821607074,0.0271280276816609,-0.17279507881584,-0.2214532871972318,0.0297731641676278,0.0842137639369473,-0.0553633217993079,0.0061514801999231,-0.0711111111111111,0.0415840061514801,0.1663360246059207,0.0049826989619377,0.0049826989619377,0.3100961168781238,-0.0199307958477508,-0.0030142252979623,0.0448442906574394,-0.0935640138408304,0.0384467512495194,-0.0711111111111111,0.2141330257593233,0.1245674740484429,-0.0120569011918492,0.0177777777777777,-0.0669896193771626,-0.0553633217993079,-0.1034063821607074,-0.0711111111111111,0.0935640138408304,-0.0049826989619377,0.1537870049980776,0.2141330257593233,-0.1358861976163014,0.1034063821607074,-0.0888273740868896,0.0935640138408304,0.0246059207996924,-0.0711111111111111,0.0517339484813533,0.0120569011918492,0.0984236831987697,0.1663360246059207,-0.0088581314878892,-0.0157477893118031,-0.0842137639369473,-0.2364628988850442,-0.0448442906574394,-0.0935640138408304,0.0711111111111111,,,,,0.0419404953718185,-0.0420650094747543,0.5751621127128601,0.5368072986602783,-0.5425487756729126,-0.279738575220108,0.8908255100250244,-0.7313223481178284,-0.4302714765071869,0.6332940459251404,-0.6410256624221802,-0.6137521266937256,90.78165435791016,0.0561328567564487
EXPC2-085,131.3658093096813,43.87385322369005,forest_森林,fcs10_forest,是,草本沼泽,低,枯绿斑驳湿草甸,judge_C2_02.csv,False,15,-0.1034063821607074,-0.0157477893118031,0.0888273740868896,-0.0935640138408304,-0.000553633217993,-0.1998615916955017,-0.1301653210303729,0.4136255286428297,0.1793771626297577,-0.0039369473279507,0.2844444444444444,-0.0842137639369473,-0.059115724721261,-0.0297731641676278,-0.2069357939254133,0.1085121107266436,0.0015378700499807,-0.1085121107266436,-0.2441522491349481,-0.0415840061514801,0.1537870049980776,0.0297731641676278,0.0384467512495194,-0.0061514801999231,0.1537870049980776,0.1417301038062283,-0.0448442906574394,0.0325413302575932,0.1998615916955017,0.0482276047673971,-0.059115724721261,0.0888273740868896,-0.0246059207996924,0.0030142252979623,0.0984236831987697,0.0984236831987697,0.0088581314878892,-0.1245674740484429,0.1034063821607074,-0.186082276047674,-0.0138408304498269,-0.1137408688965782,0.0888273740868896,0.0199307958477508,-0.0297731641676278,0.0842137639369473,0.2679584775086506,-0.17279507881584,0.1301653210303729,-0.075355632449058,0.0629911572472126,0.0482276047673971,-0.0842137639369473,0.0711111111111111,0.0325413302575932,0.1537870049980776,0.1998615916955017,-0.0325413302575932,-0.0246059207996924,-0.0629911572472126,-0.1663360246059207,0.0297731641676278,-0.1137408688965782,-0.0074432910419069,,,,,0.0576282478868961,-0.0764536336064338,0.3926380276679992,0.3442253470420837,-0.4425634741783142,-0.4457469284534454,0.8505212068557739,-0.746337354183197,-0.4956304728984833,0.4837296605110168,-0.6080027222633362,-0.5283557772636414,255.11843872070312,0.2621392905712127
EXPC2-086,133.1911859670122,46.29571122967628,forest_森林,fcs10_forest,是,草本沼泽,低,绿底褐斑无格田,judge_C2_02.csv,False,15,-0.0482276047673971,-0.0325413302575932,0.1358861976163014,-0.1085121107266436,0.0177777777777777,-0.17279507881584,-0.1301653210303729,0.3936947327950788,0.1537870049980776,0.0271280276816609,0.3188927335640138,-0.035432525951557,-0.035432525951557,-0.0482276047673971,-0.2288965782391388,0.1085121107266436,0.0088581314878892,-0.1358861976163014,-0.1929104190695886,-0.0222068435217224,0.1793771626297577,0.0199307958477508,0.0448442906574394,-0.0553633217993079,0.16,0.0888273740868896,-0.035432525951557,0.0984236831987697,0.1998615916955017,0.0415840061514801,-0.0482276047673971,0.0669896193771626,-0.0629911572472126,0.0246059207996924,0.0297731641676278,0.0842137639369473,0.0448442906574394,-0.1929104190695886,0.0297731641676278,-0.1358861976163014,-0.0629911572472126,-0.0935640138408304,0.0138408304498269,0.0271280276816609,-0.0297731641676278,0.1034063821607074,0.2519646289888504,-0.2519646289888504,0.1190926566705113,-0.0711111111111111,0.0888273740868896,0.0138408304498269,-0.1301653210303729,-0.0271280276816609,0.0039369473279507,0.17279507881584,0.186082276047674,-0.0246059207996924,-0.0222068435217224,-0.0935640138408304,-0.17279507881584,0.0629911572472126,-0.0711111111111111,0.0061514801999231,,,,,0.0904949605464935,-0.0892544612288475,0.3763554692268371,0.5591531991958618,-0.5587649345397949,-0.334585040807724,0.8875699043273926,-0.7921013236045837,-0.5588060617446899,0.6534181237220764,-0.7362270355224609,-0.6264775395393372,151.09901428222656,0.0100717162713408
EXPC2-087,130.5389999221777,47.46962964296367,forest_森林,fcs10_forest,是,草本沼泽,低,泡状草簇暗蓝调,judge_C2_02.csv,False,15,-0.075355632449058,-0.0074432910419069,0.1417301038062283,-0.0797231833910034,-0.0297731641676278,-0.1476970396001538,-0.1301653210303729,0.4136255286428297,0.1998615916955017,-0.0049826989619377,0.3647212610534409,-0.0669896193771626,-0.0039369473279507,-0.0325413302575932,-0.17279507881584,0.1034063821607074,0.0297731641676278,-0.1085121107266436,-0.186082276047674,-0.0842137639369473,0.1793771626297577,-0.0297731641676278,0.0415840061514801,-0.0325413302575932,0.1793771626297577,0.1476970396001538,0.0138408304498269,0.1190926566705113,0.186082276047674,0.035432525951557,-0.0177777777777777,0.0935640138408304,-0.0271280276816609,0.0448442906574394,0.0415840061514801,0.0669896193771626,0.0049826989619377,-0.1793771626297577,0.0669896193771626,-0.1245674740484429,-0.0669896193771626,-0.1301653210303729,0.0482276047673971,0.0271280276816609,-0.0553633217993079,0.059115724721261,0.1998615916955017,-0.1998615916955017,0.1190926566705113,-0.0517339484813533,0.0482276047673971,0.0074432910419069,-0.1034063821607074,0.0199307958477508,0.075355632449058,0.1929104190695886,0.186082276047674,-0.0120569011918492,-0.0517339484813533,-0.0842137639369473,-0.1929104190695886,0.0448442906574394,-0.075355632449058,0.059115724721261,,,,,0.0681251212954521,-0.0827740505337715,0.3982799649238586,0.4131812453269958,-0.5011780261993408,-0.4940252602100372,0.779803991317749,-0.7055482864379883,-0.4674041867256164,0.5483871102333069,-0.6196318864822388,-0.543698251247406,191.99737548828125,0.1631932705640792
EXPC2-088,134.8110280873365,46.26373120556162,forest_森林,fcs10_forest,是,木本沼泽,低,圆钝灌簇覆全窗,judge_C2_02.csv,False,14,-0.0246059207996924,-0.0797231833910034,0.16,-0.0797231833910034,-0.0517339484813533,-0.1137408688965782,-0.1358861976163014,0.4237754709727028,0.16,0.0177777777777777,0.3368550557477893,-0.0711111111111111,-0.0009842368319876,-0.035432525951557,-0.1034063821607074,0.0448442906574394,-0.0222068435217224,-0.0711111111111111,0.0246059207996924,-0.17279507881584,0.186082276047674,-0.0553633217993079,0.059115724721261,-0.0888273740868896,0.1476970396001538,0.1358861976163014,-0.0984236831987697,0.1301653210303729,0.1998615916955017,-0.0384467512495194,0.1245674740484429,0.0842137639369473,-0.0049826989619377,0.1034063821607074,-0.0074432910419069,0.0711111111111111,0.0415840061514801,-0.1793771626297577,0.0935640138408304,-0.0888273740868896,-0.1245674740484429,-0.1417301038062283,0.0199307958477508,0.16,-0.0517339484813533,0.0669896193771626,0.16,-0.1476970396001538,0.1537870049980776,-0.0629911572472126,-0.0271280276816609,-0.1137408688965782,-0.1137408688965782,0.0222068435217224,0.1085121107266436,0.1929104190695886,0.1998615916955017,0.0517339484813533,-0.1245674740484429,-0.0711111111111111,-0.1358861976163014,0.0797231833910034,0.0415840061514801,0.075355632449058,,,,,0.4763420224189758,-0.4851654171943664,-0.0853242352604866,0.5781429409980774,-0.553215503692627,-0.396341472864151,0.8650237917900085,-0.7731629610061646,-0.5671831369400024,0.7297297120094299,-0.7112299203872681,-0.6115108132362366,202.197021484375,0.0390256606042385
EXPC2-089,133.26915973367375,44.18646694256364,forest_森林,fcs10_forest,是,草本沼泽,低,斑绿草甸旁土路,judge_C2_02.csv,False,15,-0.0629911572472126,-0.0711111111111111,0.186082276047674,-0.2069357939254133,-0.075355632449058,-0.1245674740484429,-0.2844444444444444,0.2761399461745483,0.0517339484813533,0.0448442906574394,0.1793771626297577,-0.0797231833910034,0.0157477893118031,0.0222068435217224,-0.2069357939254133,0.075355632449058,-0.0120569011918492,-0.0842137639369473,-0.2364628988850442,0.0022145328719723,0.0842137639369473,-0.035432525951557,-0.0271280276816609,-0.01039600153787,-0.0199307958477508,0.2364628988850442,-0.0061514801999231,-0.059115724721261,0.3647212610534409,-0.0517339484813533,0.0157477893118031,0.0448442906574394,-0.0797231833910034,0.0049826989619377,-0.0669896193771626,0.2069357939254133,0.0984236831987697,6.151480199923106e-05,0.0669896193771626,-0.0842137639369473,-0.0448442906574394,-0.1301653210303729,-0.0629911572472126,0.1301653210303729,-0.0222068435217224,0.1301653210303729,0.2844444444444444,-0.1085121107266436,0.0984236831987697,-0.1137408688965782,0.1190926566705113,0.0015378700499807,-0.035432525951557,0.0888273740868896,0.0177777777777777,0.0517339484813533,0.1417301038062283,-0.0935640138408304,-0.0669896193771626,-0.1245674740484429,-0.1998615916955017,-0.0049826989619377,-0.0711111111111111,0.0669896193771626,,,,,0.043762482702732,-0.0539053902029991,0.5172008275985718,0.3566206395626068,-0.3722267746925354,-0.352542370557785,0.8274111747741699,-0.6600790619850159,-0.4251763820648193,0.4968481361865997,-0.5333137512207031,-0.6209773421287537,143.75772094726562,0.2366763204336166
EXPC2-090,131.60044926189332,46.62305731920943,forest_森林,fcs10_forest,是,草本沼泽,低,纤维状纹疑苇塘,judge_C2_02.csv,False,15,-0.0629911572472126,0.035432525951557,0.1301653210303729,-0.1245674740484429,0.0271280276816609,-0.1929104190695886,-0.1417301038062283,0.4444444444444444,0.1929104190695886,-0.0177777777777777,0.2761399461745483,-0.0448442906574394,-0.075355632449058,-0.0199307958477508,-0.1998615916955017,0.16,0.0222068435217224,-0.1137408688965782,-0.186082276047674,-0.0669896193771626,0.2069357939254133,0.0271280276816609,0.0984236831987697,0.0157477893118031,0.186082276047674,0.1085121107266436,-0.0061514801999231,0.1085121107266436,0.1793771626297577,0.0448442906574394,-0.0629911572472126,0.0384467512495194,-0.0553633217993079,0.000553633217993,0.1358861976163014,0.0984236831987697,0.0009842368319876,-0.1663360246059207,0.0517339484813533,-0.1085121107266436,-0.0517339484813533,-0.0711111111111111,0.0415840061514801,-0.0297731641676278,-0.0669896193771626,0.0935640138408304,0.2214532871972318,-0.1998615916955017,0.0935640138408304,-0.0415840061514801,0.0888273740868896,0.0222068435217224,-0.1085121107266436,-0.0177777777777777,0.0074432910419069,0.1301653210303729,0.16,0.01039600153787,-0.0448442906574394,-0.0415840061514801,-0.1793771626297577,0.0415840061514801,-0.1476970396001538,-0.035432525951557,,,,,0.0379746817052364,-0.0583271272480487,0.6069462299346924,0.3174442052841186,-0.4965437650680542,-0.4985657036304474,0.8857826590538025,-0.7729597091674805,-0.5154954195022583,0.561732828617096,-0.7015864849090576,-0.4618113040924072,211.43038940429688,0.0911156833171844
EXPC2-091,130.48474167901688,44.45344624500396,forest_森林,fcs10_forest,是,草本沼泽,低,灰绿均质细斑点,judge_C2_02.csv,False,15,-0.0297731641676278,-0.0138408304498269,0.1245674740484429,-0.1034063821607074,-0.0015378700499807,-0.2364628988850442,-0.1929104190695886,0.4444444444444444,0.1476970396001538,0.1034063821607074,0.2214532871972318,-0.0669896193771626,-0.0199307958477508,-0.0842137639369473,-0.2141330257593233,0.0669896193771626,-0.0157477893118031,-0.0415840061514801,-0.186082276047674,-0.0517339484813533,0.1663360246059207,0.0297731641676278,0.0246059207996924,-0.0271280276816609,0.1537870049980776,0.0482276047673971,-0.0797231833910034,0.059115724721261,0.1663360246059207,0.0415840061514801,0.0074432910419069,0.0325413302575932,-0.0297731641676278,0.0199307958477508,0.1301653210303729,0.0935640138408304,0.0629911572472126,-0.2069357939254133,0.0629911572472126,-0.1663360246059207,-0.0553633217993079,-0.0517339484813533,0.0199307958477508,0.0415840061514801,-0.0669896193771626,0.1537870049980776,0.2761399461745483,-0.2288965782391388,0.059115724721261,-0.0711111111111111,0.0517339484813533,0.0061514801999231,-0.0935640138408304,0.035432525951557,0.0157477893118031,0.1537870049980776,0.1476970396001538,0.0177777777777777,-0.1085121107266436,-0.0553633217993079,-0.1476970396001538,0.0842137639369473,-0.1190926566705113,-0.0384467512495194,-14.818204044857184,-17.973715543695473,-6.340834314326565,-13.52876559945586,0.107379138469696,-0.1637919545173645,0.1824541538953781,0.3483709394931793,-0.4481830298900604,-0.5427509546279907,0.8237422704696655,-0.7226020097732544,-0.4660441279411316,0.5618153214454651,-0.6530643105506897,-0.4352941215038299,595.9046630859375,0.130340114235878
EXPC2-092,133.96229980690038,46.233907138128856,130_草地,fcs10_130,是,草本沼泽,低,枯黄草甸含暗曲带,judge_C2_02.csv,False,15,-0.0157477893118031,0.0482276047673971,0.075355632449058,-0.2441522491349481,0.0384467512495194,-0.075355632449058,-0.2441522491349481,0.2288965782391388,-0.0088581314878892,0.0009842368319876,-0.0074432910419069,-0.0888273740868896,-0.17279507881584,0.0482276047673971,-0.2599000384467512,0.2288965782391388,0.0482276047673971,-0.0842137639369473,-0.0553633217993079,0.0629911572472126,0.0297731641676278,0.0074432910419069,0.0797231833910034,-0.035432525951557,0.0074432910419069,0.1034063821607074,0.075355632449058,-0.1417301038062283,0.3742560553633218,-0.0517339484813533,0.0039369473279507,-0.0325413302575932,-0.1537870049980776,-0.0039369473279507,-0.0797231833910034,0.3368550557477893,0.1537870049980776,0.0888273740868896,0.0629911572472126,-0.0199307958477508,0.0669896193771626,0.0325413302575932,-0.186082276047674,0.0482276047673971,0.0842137639369473,0.1663360246059207,0.1537870049980776,-0.0888273740868896,0.0842137639369473,-0.0711111111111111,0.2069357939254133,-0.1085121107266436,-0.0553633217993079,0.0074432910419069,0.0049826989619377,-0.0138408304498269,-0.0297731641676278,-0.0669896193771626,0.0448442906574394,-0.1190926566705113,-0.2288965782391388,-0.01039600153787,-0.075355632449058,0.0222068435217224,,,,,-0.0082084899768233,0.0163097511976957,0.8419284224510193,0.2092501074075698,-0.3502130806446075,-0.4034522473812103,0.7683258056640625,-0.6538298726081848,-0.5171192288398743,0.387499988079071,-0.5492875576019287,-0.5746432542800903,57.62845993041992,0.0100717162713408
EXPC2-093,133.31335684565244,45.430094621898704,130_草地,fcs10_130,否,草本旱地,低,田间枯黄窄条带,judge_C2_02.csv,False,0,-0.0246059207996924,0.035432525951557,0.0842137639369473,-0.3014225297962323,0.0222068435217224,-0.059115724721261,-0.2679584775086506,0.2141330257593233,-0.0448442906574394,0.0199307958477508,-0.0030142252979623,-0.0842137639369473,-0.1085121107266436,0.0669896193771626,-0.2441522491349481,0.16,0.035432525951557,-0.0842137639369473,-0.0888273740868896,0.1137408688965782,0.0074432910419069,0.0088581314878892,0.0669896193771626,-0.0888273740868896,-0.0517339484813533,0.1929104190695886,0.0935640138408304,-0.0888273740868896,0.3647212610534409,-0.1190926566705113,-0.0482276047673971,-0.0711111111111111,-0.1476970396001538,0.0415840061514801,-0.0177777777777777,0.3100961168781238,0.1245674740484429,0.075355632449058,0.059115724721261,-0.0138408304498269,-0.0157477893118031,0.0246059207996924,-0.1537870049980776,0.0271280276816609,0.0325413302575932,0.2069357939254133,0.1929104190695886,-0.0415840061514801,0.0448442906574394,-0.01039600153787,0.2214532871972318,-0.0711111111111111,-0.075355632449058,-0.0120569011918492,0.035432525951557,0.0246059207996924,-0.0177777777777777,-0.0271280276816609,0.0157477893118031,-0.1793771626297577,-0.2441522491349481,-0.0246059207996924,-0.0448442906574394,-0.0022145328719723,,,,,0.0247100349515676,-0.0463439747691154,0.736521303653717,0.3160112500190735,-0.4456158280372619,-0.4229122102260589,0.7797552943229675,-0.6542597413063049,-0.5191948413848877,0.6643565893173218,-0.6120031476020813,-0.5283200144767761,68.846923828125,0.0561328567564487
EXPC2-094,131.68021965912314,43.29677548517167,130_草地,fcs10_130,是,草本沼泽,低,均质绿面难细分,judge_C2_02.csv,False,15,-0.0138408304498269,0.0246059207996924,0.1929104190695886,-0.2141330257593233,0.0222068435217224,-0.2214532871972318,-0.1793771626297577,0.3460207612456747,0.1190926566705113,0.0553633217993079,0.0415840061514801,-0.0271280276816609,-0.1417301038062283,0.0384467512495194,-0.2844444444444444,0.1998615916955017,-0.0074432910419069,-0.0517339484813533,-0.2441522491349481,-0.01039600153787,0.1245674740484429,0.1476970396001538,-0.0448442906574394,0.0448442906574394,0.0553633217993079,0.1190926566705113,-0.0842137639369473,-0.0120569011918492,0.16,-0.035432525951557,-0.0842137639369473,0.0669896193771626,-0.0888273740868896,-0.0061514801999231,0.0448442906574394,0.0984236831987697,0.0049826989619377,-0.1034063821607074,0.0039369473279507,-0.1476970396001538,0.0984236831987697,0.0246059207996924,0.035432525951557,-0.0517339484813533,0.0120569011918492,0.1137408688965782,0.3188927335640138,-0.2441522491349481,0.0888273740868896,-0.1476970396001538,0.0669896193771626,0.059115724721261,0.0384467512495194,0.1245674740484429,-0.1085121107266436,0.1476970396001538,0.0711111111111111,-0.0415840061514801,-0.0061514801999231,-0.0246059207996924,-0.1476970396001538,-0.0325413302575932,-0.1663360246059207,0.0553633217993079,,,,,0.0406070128083229,-0.0866072922945022,0.6059179306030273,0.3032886683940887,-0.4567733108997345,-0.5873836874961853,0.8288129568099976,-0.7062109708786011,-0.4192919731140136,0.4641509354114532,-0.6350610852241516,-0.6786642074584961,66.32572937011719,0.2621392905712127
EXPC2-095,130.29178355598802,47.20013505772781,130_草地,fcs10_130,否,裸地,中,土路交叉口路面,judge_C2_02.csv,False,22,-0.0553633217993079,0.0448442906574394,0.2288965782391388,-0.3278123798539023,0.0009842368319876,0.0222068435217224,-0.2844444444444444,0.2364628988850442,0.0199307958477508,-0.035432525951557,0.1663360246059207,-0.0984236831987697,-0.1034063821607074,0.0711111111111111,-0.2364628988850442,0.1417301038062283,0.1301653210303729,-0.0199307958477508,-0.0888273740868896,0.0088581314878892,0.0517339484813533,-0.0384467512495194,0.16,-0.0984236831987697,0.0177777777777777,0.16,-0.0177777777777777,-0.035432525951557,0.3936947327950788,-0.0022145328719723,0.0177777777777777,0.0482276047673971,-0.0482276047673971,0.0629911572472126,-0.059115724721261,0.2844444444444444,0.0030142252979623,0.0415840061514801,-0.0271280276816609,0.0711111111111111,-0.0297731641676278,-0.0297731641676278,-0.0482276047673971,0.0669896193771626,0.0222068435217224,0.1417301038062283,0.1245674740484429,-0.1417301038062283,0.0984236831987697,-0.1476970396001538,0.1998615916955017,-0.0482276047673971,-0.0325413302575932,0.0297731641676278,0.0088581314878892,0.035432525951557,0.0415840061514801,0.01039600153787,0.059115724721261,-0.0984236831987697,-0.2069357939254133,-0.0297731641676278,-0.0384467512495194,-0.1034063821607074,,,,,0.0191714409738779,-0.0249307472258806,0.8066105246543884,0.3091592788696289,-0.3941647708415985,-0.4005094766616821,0.4997275173664093,-0.4980947077274322,-0.4783592522144317,0.3374349176883697,-0.4711087942123413,-0.4111851751804352,222.2737274169922,0.1631932705640792
EXPC2-096,132.44774023787485,49.29285034361265,130_草地,fcs10_130,是,草本沼泽,低,深底浅色草簇,judge_C2_02.csv,False,15,-0.0222068435217224,-0.0199307958477508,0.1476970396001538,-0.1663360246059207,-0.0177777777777777,-0.1245674740484429,-0.2519646289888504,0.2599000384467512,0.1245674740484429,0.0482276047673971,0.1137408688965782,-0.0157477893118031,-0.059115724721261,-0.059115724721261,-0.186082276047674,0.17279507881584,0.0842137639369473,-0.059115724721261,-0.1476970396001538,0.0088581314878892,0.1245674740484429,-0.0415840061514801,0.1358861976163014,-0.1034063821607074,-0.059115724721261,0.1301653210303729,0.0002460592079969,-0.0325413302575932,0.2679584775086506,0.035432525951557,0.0222068435217224,0.1245674740484429,-0.0177777777777777,0.0448442906574394,-0.0297731641676278,0.2364628988850442,0.17279507881584,0.0271280276816609,-0.0415840061514801,-0.1034063821607074,0.0246059207996924,0.0629911572472126,-0.1998615916955017,0.0629911572472126,0.0482276047673971,0.1663360246059207,0.1417301038062283,-0.2844444444444444,-0.0222068435217224,-0.1358861976163014,0.2364628988850442,-0.075355632449058,-0.1245674740484429,0.0888273740868896,0.0553633217993079,0.0448442906574394,-0.01039600153787,-0.1190926566705113,-0.01039600153787,-0.1793771626297577,-0.2441522491349481,0.1085121107266436,-0.0199307958477508,-0.0177777777777777,,,,,0.0057349358685314,-0.0165965221822261,0.7578424215316772,0.1097493022680282,-0.190319687128067,0.2479852586984634,0.7416585087776184,-0.6417141556739807,-0.4831520318984985,0.4217536151409149,-0.5834363698959351,-0.6079115867614746,977.44775390625,0.1574566066265106
EXPC2-097,133.1793282052618,45.00968306893077,130_草地,fcs10_130,是,草本沼泽,低,浅绿草甸夹暗丛,judge_C2_02.csv,False,15,-0.0246059207996924,0.0177777777777777,0.1245674740484429,-0.2069357939254133,0.01039600153787,-0.1537870049980776,-0.2441522491349481,0.2519646289888504,-0.0415840061514801,0.0669896193771626,0.0482276047673971,-0.0935640138408304,-0.1137408688965782,0.0222068435217224,-0.292871972318339,0.1358861976163014,-0.0009842368319876,-0.1245674740484429,-0.1137408688965782,0.0935640138408304,0.0553633217993079,-0.0325413302575932,0.059115724721261,-0.0415840061514801,0.0797231833910034,0.1793771626297577,0.01039600153787,-0.075355632449058,0.3742560553633218,-0.059115724721261,-0.0482276047673971,0.0049826989619377,-0.1358861976163014,-0.0015378700499807,-0.059115724721261,0.3014225297962323,0.2141330257593233,0.0482276047673971,0.0415840061514801,-0.0384467512495194,-0.0157477893118031,-0.059115724721261,-0.1998615916955017,0.0415840061514801,0.0415840061514801,0.17279507881584,0.2214532871972318,-0.1417301038062283,0.0629911572472126,-0.0222068435217224,0.1793771626297577,-0.035432525951557,-0.0297731641676278,-0.0049826989619377,-0.0088581314878892,0.0325413302575932,0.0984236831987697,-0.0246059207996924,0.01039600153787,-0.1190926566705113,-0.1998615916955017,0.0138408304498269,-0.0842137639369473,0.01039600153787,,,,,0.0245139468461275,-0.0388571433722972,0.7019984722137451,0.312095582485199,-0.3984085023403168,-0.2811410427093506,0.7620495557785034,-0.6088858842849731,-0.3755206167697906,0.6047516465187073,-0.5995694398880005,-0.5562183260917664,69.8727035522461,0.0561328567564487
EXPC2-098,134.83546226306456,47.56772567198952,130_草地,fcs10_130,否,裸地,低,浅色裸土带近水泡,judge_C2_02.csv,False,22,-0.0629911572472126,-0.0448442906574394,0.2141330257593233,-0.1929104190695886,0.0061514801999231,-0.1301653210303729,-0.2441522491349481,0.3368550557477893,0.0842137639369473,-0.000553633217993,0.1793771626297577,-0.0553633217993079,-0.0935640138408304,0.0271280276816609,-0.2844444444444444,0.1476970396001538,0.0553633217993079,-0.0482276047673971,-0.1417301038062283,-0.0049826989619377,0.1358861976163014,0.0553633217993079,0.0297731641676278,-0.0888273740868896,0.0482276047673971,0.1137408688965782,-0.0222068435217224,0.0384467512495194,0.3460207612456747,-0.0415840061514801,-0.0297731641676278,-0.0325413302575932,-0.1663360246059207,0.1034063821607074,-0.0553633217993079,0.2441522491349481,0.1245674740484429,-0.0842137639369473,-0.0271280276816609,-0.0797231833910034,-0.0271280276816609,-0.0222068435217224,-0.059115724721261,0.0984236831987697,-0.0022145328719723,0.1663360246059207,0.1929104190695886,-0.1929104190695886,0.0888273740868896,-0.0842137639369473,0.1034063821607074,-0.0199307958477508,-0.0517339484813533,-0.0030142252979623,0.0022145328719723,0.16,0.1034063821607074,-0.0039369473279507,0.0061514801999231,-0.0888273740868896,-0.186082276047674,0.0120569011918492,-0.1034063821607074,-0.0271280276816609,,,,,0.0750530585646629,-0.1051170155405998,0.5762445330619812,0.328657329082489,-0.4553436636924743,-0.3833488523960113,0.887445867061615,-0.7561332583427429,-0.4931506812572479,0.6008403301239014,-0.6585820913314819,-0.5909090638160706,84.22059631347656,0.0533583536744117
EXPC2-099,134.23502832715906,48.597554313704144,130_草地,fcs10_130,是,草本沼泽,低,青绿均质疑浮草,judge_C2_02.csv,False,15,0.0088581314878892,0.0384467512495194,0.1034063821607074,-0.2844444444444444,0.0177777777777777,-0.075355632449058,-0.2599000384467512,0.2288965782391388,-0.0246059207996924,-0.0120569011918492,0.0177777777777777,-0.0629911572472126,-0.16,0.0517339484813533,-0.1793771626297577,0.2599000384467512,0.0384467512495194,-0.0888273740868896,-0.0553633217993079,0.0517339484813533,0.0482276047673971,0.0120569011918492,0.0935640138408304,-0.0199307958477508,-0.0157477893118031,0.1301653210303729,0.0669896193771626,-0.1085121107266436,0.3647212610534409,-0.0797231833910034,-0.0297731641676278,-0.0138408304498269,-0.1537870049980776,0.0138408304498269,-0.0297731641676278,0.3188927335640138,0.1998615916955017,0.0842137639369473,0.0088581314878892,-0.0448442906574394,0.0888273740868896,0.0297731641676278,-0.186082276047674,0.0517339484813533,0.0888273740868896,0.1929104190695886,0.1417301038062283,-0.0984236831987697,0.0842137639369473,-0.0384467512495194,0.2141330257593233,-0.1476970396001538,-0.0553633217993079,-0.0177777777777777,-0.0222068435217224,-0.0157477893118031,0.0002460592079969,-0.059115724721261,0.0177777777777777,-0.0935640138408304,-0.2214532871972318,0.0553633217993079,-0.1137408688965782,0.0088581314878892,,,,,0.0270608868449926,-0.0566475465893745,0.8078300356864929,0.2079395055770874,-0.3653846085071563,-0.4142011702060699,0.8608590364456177,-0.7046273350715637,-0.4673551023006439,0.1870129853487014,-0.2386590540409088,0.1522020697593689,48.64823913574219,0.0481114648282527
EXPC2-100,131.7995159288542,43.81600171939275,130_草地,fcs10_130,是,草本沼泽,低,枯绿斑驳干湿难辨,judge_C2_02.csv,False,15,-0.0138408304498269,-0.0448442906574394,0.2141330257593233,-0.3188927335640138,0.0271280276816609,0.0199307958477508,-0.2519646289888504,0.16,-0.0157477893118031,0.0415840061514801,0.0120569011918492,-0.1137408688965782,-0.1537870049980776,0.1417301038062283,-0.2441522491349481,0.1929104190695886,0.0297731641676278,-0.01039600153787,-0.17279507881584,0.035432525951557,-0.0138408304498269,0.035432525951557,-0.0022145328719723,-0.0222068435217224,-0.0384467512495194,0.2214532871972318,0.0297731641676278,-0.1417301038062283,0.3460207612456747,-0.0842137639369473,-0.0415840061514801,0.0669896193771626,-0.16,-0.035432525951557,-0.0448442906574394,0.3460207612456747,0.0629911572472126,0.0088581314878892,-0.0022145328719723,-0.0797231833910034,0.0246059207996924,-0.059115724721261,-0.075355632449058,0.0222068435217224,0.0797231833910034,0.0888273740868896,0.2214532871972318,-0.075355632449058,0.075355632449058,-0.1137408688965782,0.1358861976163014,-0.0629911572472126,0.0711111111111111,0.1358861976163014,-0.0482276047673971,0.0061514801999231,-0.0297731641676278,-0.0711111111111111,0.0629911572472126,-0.0030142252979623,-0.17279507881584,-0.0629911572472126,-0.1190926566705113,0.0061514801999231,,,,,0.0354426279664039,-0.0443156771361827,0.7266293168067932,0.2594936788082123,-0.3688735961914062,-0.4566987454891205,0.6928044557571411,-0.5911554098129272,-0.3977327048778534,0.4749498963356018,-0.5593220591545105,-0.5448577404022217,26.937654495239254,0.2621392905712127
EXPC2-101,132.53721244017316,44.37906573947886,130_草地,fcs10_130,否,草地,低,均匀枯黄干草地,judge_C2_02.csv,False,11,-0.059115724721261,-0.035432525951557,0.1034063821607074,-0.2679584775086506,-0.0177777777777777,-0.0384467512495194,-0.2288965782391388,0.1476970396001538,-0.0888273740868896,0.0629911572472126,-0.0629911572472126,-0.1663360246059207,-0.1085121107266436,0.075355632449058,-0.3100961168781238,0.2679584775086506,-0.0061514801999231,-0.1358861976163014,-0.0797231833910034,0.0415840061514801,-0.1085121107266436,-0.0553633217993079,0.0074432910419069,0.0482276047673971,0.0384467512495194,0.059115724721261,0.0415840061514801,-0.1245674740484429,0.3647212610534409,-0.0711111111111111,-0.0297731641676278,-0.0669896193771626,-0.1301653210303729,-0.0325413302575932,-0.075355632449058,0.3368550557477893,0.1085121107266436,0.035432525951557,0.0415840061514801,0.0415840061514801,-0.0246059207996924,0.0325413302575932,-0.2141330257593233,-0.0039369473279507,0.075355632449058,0.0842137639369473,0.1537870049980776,-0.0797231833910034,0.0935640138408304,-0.0669896193771626,0.17279507881584,-0.1358861976163014,-0.0384467512495194,0.01039600153787,0.0157477893118031,-0.0629911572472126,-0.0199307958477508,-0.1245674740484429,0.0039369473279507,-0.0157477893118031,-0.2141330257593233,-0.075355632449058,-0.1085121107266436,0.1085121107266436,,,,,0.0033808259759098,-0.0175094902515411,0.8007181286811829,0.6481888294219971,-0.6190861463546753,-0.4546507000923157,0.8596801161766052,-0.7004935145378113,-0.3897623419761657,0.4419189393520355,-0.5568875670433044,-0.4625514447689056,74.34378814697266,0.0643476322293281
EXPC2-102,132.78802206749933,44.37367584777415,130_草地,fcs10_130,是,草本沼泽,低,枯绿斑块夹灌斑,judge_C2_02.csv,False,15,-0.0629911572472126,0.0711111111111111,0.2069357939254133,-0.2141330257593233,0.0415840061514801,-0.0842137639369473,-0.2069357939254133,0.292871972318339,0.0061514801999231,0.0711111111111111,0.059115724721261,-0.1034063821607074,-0.1417301038062283,0.0711111111111111,-0.292871972318339,0.1793771626297577,0.075355632449058,-0.0842137639369473,-0.16,0.0325413302575932,-0.0061514801999231,-0.0246059207996924,0.0935640138408304,-0.059115724721261,0.0448442906574394,0.1085121107266436,-0.0448442906574394,-0.1245674740484429,0.3368550557477893,-0.059115724721261,-0.0553633217993079,0.0384467512495194,-0.1417301038062283,0.0448442906574394,-0.0222068435217224,0.3188927335640138,0.1085121107266436,0.0553633217993079,-0.0177777777777777,-0.0177777777777777,0.0246059207996924,0.0120569011918492,-0.1085121107266436,0.0482276047673971,0.0061514801999231,0.1476970396001538,0.2069357939254133,-0.1417301038062283,0.0984236831987697,-0.0984236831987697,0.1663360246059207,0.0246059207996924,-0.0482276047673971,0.0984236831987697,0.0061514801999231,0.0482276047673971,0.0199307958477508,-0.0138408304498269,0.0088581314878892,-0.0669896193771626,-0.2519646289888504,-0.0797231833910034,-0.1301653210303729,0.0222068435217224,,,,,0.0,-0.0101729398593306,0.7494100332260132,0.2336297482252121,-0.3564444482326507,-0.407770961523056,0.7272372245788574,-0.6131386756896973,-0.4051627516746521,0.5123558640480042,-0.5777714252471924,-0.5718849897384644,103.99593353271484,0.0643476322293281
EXPC2-103,130.4211409569012,45.31439161330411,130_草地,fcs10_130,是,草本沼泽,低,红褐枯草疑火烧,judge_C2_02.csv,False,15,-0.0842137639369473,0.1245674740484429,0.2069357939254133,-0.1793771626297577,-0.0222068435217224,-0.0984236831987697,-0.2441522491349481,0.4982698961937717,0.1190926566705113,0.0271280276816609,0.0842137639369473,-0.1663360246059207,-0.0415840061514801,0.0629911572472126,-0.1929104190695886,0.1417301038062283,0.0935640138408304,0.0517339484813533,-0.1793771626297577,-0.0482276047673971,0.0157477893118031,0.0448442906574394,0.075355632449058,-0.0157477893118031,0.1190926566705113,0.1301653210303729,-0.0415840061514801,0.0088581314878892,0.3014225297962323,0.0015378700499807,0.0022145328719723,-0.0138408304498269,-0.075355632449058,0.16,0.0199307958477508,0.2288965782391388,0.0669896193771626,0.0120569011918492,-0.0222068435217224,-0.0088581314878892,0.0271280276816609,0.075355632449058,0.0120569011918492,-0.1034063821607074,-0.0415840061514801,0.1793771626297577,0.1137408688965782,-0.0222068435217224,0.0246059207996924,-0.1417301038062283,0.1417301038062283,0.0074432910419069,-0.0157477893118031,0.0415840061514801,0.0517339484813533,0.1034063821607074,0.1190926566705113,0.1034063821607074,-0.0482276047673971,-0.0088581314878892,-0.1793771626297577,-0.059115724721261,-0.0984236831987697,-0.0629911572472126,,,,,0.0585358850657939,-0.095509797334671,0.6575741171836853,0.2847239971160888,-0.4362801313400268,-0.518863320350647,0.8266337513923645,-0.7348832488059998,-0.5624780058860779,0.4909090995788574,-0.5793145298957825,-0.5809034705162048,397.7160949707031,0.1618894636631012
EXPC2-104,133.68705600384615,45.89398463461802,130_草地,fcs10_130,是,草本沼泽,低,绿底散布小灌斑,judge_C2_02.csv,False,15,-0.01039600153787,0.0482276047673971,0.1476970396001538,-0.2364628988850442,0.0271280276816609,-0.1417301038062283,-0.2441522491349481,0.3368550557477893,0.0711111111111111,0.0553633217993079,0.0842137639369473,-0.0415840061514801,-0.1137408688965782,0.035432525951557,-0.2844444444444444,0.1793771626297577,0.0297731641676278,-0.1190926566705113,-0.0935640138408304,0.0384467512495194,0.0669896193771626,0.0517339484813533,0.0482276047673971,-0.075355632449058,0.0157477893118031,0.0797231833910034,-0.0222068435217224,-0.0088581314878892,0.3647212610534409,-0.0384467512495194,0.0120569011918492,-0.0120569011918492,-0.1537870049980776,0.0222068435217224,-0.075355632449058,0.3188927335640138,0.1190926566705113,0.0120569011918492,0.0049826989619377,0.0030142252979623,0.0222068435217224,0.0325413302575932,-0.1245674740484429,0.0271280276816609,0.0517339484813533,0.1793771626297577,0.1793771626297577,-0.1537870049980776,0.075355632449058,-0.0984236831987697,0.16,-0.0325413302575932,-0.0888273740868896,-0.0384467512495194,-0.0222068435217224,0.0842137639369473,0.0711111111111111,-0.0177777777777777,-0.0222068435217224,-0.1301653210303729,-0.2364628988850442,0.0120569011918492,-0.0797231833910034,0.0030142252979623,,,,,0.0418261736631393,-0.0771034881472587,0.6612136960029602,0.3953212797641754,-0.4930291473865509,-0.4370161890983581,0.8349004983901978,-0.6706819534301758,-0.4205640256404876,0.5961209535598755,-0.6625074148178101,-0.595008909702301,97.3678207397461,0.0561328567564487
EXPC2-105,132.07547838413572,48.06000244768702,130_草地,fcs10_130,否,草地,低,均匀枯褐干草甸,judge_C2_02.csv,False,11,-0.0246059207996924,0.0482276047673971,0.1476970396001538,-0.2844444444444444,-0.0199307958477508,-0.1034063821607074,-0.2599000384467512,0.2844444444444444,0.0039369473279507,0.0517339484813533,0.0517339484813533,-0.075355632449058,-0.1137408688965782,0.0553633217993079,-0.17279507881584,0.2288965782391388,0.0629911572472126,-0.1537870049980776,-0.1190926566705113,0.0157477893118031,0.0325413302575932,-0.0049826989619377,0.0553633217993079,-0.0325413302575932,0.0222068435217224,0.1190926566705113,0.0517339484813533,-0.0984236831987697,0.3553094963475586,-0.0711111111111111,-0.0384467512495194,0.035432525951557,-0.1417301038062283,-0.0222068435217224,-0.0553633217993079,0.3278123798539023,0.1034063821607074,0.035432525951557,-0.0222068435217224,-0.000553633217993,0.0517339484813533,0.0088581314878892,-0.186082276047674,0.0246059207996924,0.0935640138408304,0.1793771626297577,0.1663360246059207,-0.0669896193771626,0.1301653210303729,-0.0415840061514801,0.186082276047674,-0.0669896193771626,-0.059115724721261,0.0297731641676278,-0.035432525951557,0.0199307958477508,0.0297731641676278,-0.0711111111111111,-0.0297731641676278,-0.1034063821607074,-0.2599000384467512,-0.0002460592079969,-0.0984236831987697,0.0517339484813533,,,,,0.0117467772215604,-0.0310599189251661,0.7922202348709106,0.2643559277057647,-0.4714027643203735,-0.2927909791469574,0.8734545707702637,-0.7210623025894165,-0.4403485357761383,0.5912472605705261,-0.6557376980781555,-0.4844868779182434,102.48176574707033,0.275692880153656
EXPC2-106,132.60045383617518,48.44879330265395,130_草地,fcs10_130,是,草本沼泽,低,斑驳草甸伴灰白斑,judge_C2_02.csv,False,15,-0.0297731641676278,0.0177777777777777,0.1793771626297577,-0.2441522491349481,-0.0482276047673971,-0.1417301038062283,-0.2441522491349481,0.3278123798539023,0.0935640138408304,0.035432525951557,0.1929104190695886,-0.075355632449058,-0.0517339484813533,0.000553633217993,-0.1998615916955017,0.1417301038062283,0.0517339484813533,-0.1034063821607074,-0.1476970396001538,-0.0246059207996924,0.1137408688965782,0.0325413302575932,0.0448442906574394,-0.0553633217993079,0.0517339484813533,0.1245674740484429,0.0088581314878892,0.0325413302575932,0.3460207612456747,0.0039369473279507,-0.0061514801999231,0.0629911572472126,-0.1417301038062283,0.0157477893118031,-0.059115724721261,0.2761399461745483,0.1301653210303729,-0.0246059207996924,-0.0199307958477508,-0.1085121107266436,0.0517339484813533,-0.059115724721261,-0.0935640138408304,0.0842137639369473,0.059115724721261,0.16,0.1929104190695886,-0.2141330257593233,0.1085121107266436,-0.0842137639369473,0.1301653210303729,-0.0157477893118031,-0.059115724721261,-0.0009842368319876,-0.035432525951557,0.1190926566705113,0.1190926566705113,-0.0271280276816609,-0.01039600153787,-0.1085121107266436,-0.2288965782391388,0.0842137639369473,-0.059115724721261,-0.0049826989619377,,,,,0.0936723947525024,-0.1273807138204574,0.5799036026000977,0.3345724940299988,-0.4628183245658874,-0.5210414528846741,0.8687321543693542,-0.705674409866333,-0.4582191705703735,0.5323484539985657,-0.6319001913070679,-0.4824561476707458,91.50196838378906,0.275692880153656
EXPC2-107,134.12723049306473,45.92416802816444,130_草地,fcs10_130,否,草本旱地,低,平整条田枯绿面,judge_C2_02.csv,False,0,-0.0222068435217224,0.0199307958477508,0.075355632449058,-0.2679584775086506,0.0199307958477508,-0.0984236831987697,-0.2519646289888504,0.1998615916955017,-0.0199307958477508,0.0325413302575932,-0.0157477893118031,-0.0842137639369473,-0.1537870049980776,0.0553633217993079,-0.2364628988850442,0.2519646289888504,0.0246059207996924,-0.1245674740484429,-0.0553633217993079,0.0629911572472126,0.0177777777777777,0.0222068435217224,0.0415840061514801,-0.0297731641676278,-0.0222068435217224,0.0935640138408304,0.0797231833910034,-0.1245674740484429,0.3839138792772011,-0.0888273740868896,0.0157477893118031,-0.0074432910419069,-0.1476970396001538,0.0030142252979623,-0.059115724721261,0.3278123798539023,0.1537870049980776,0.0984236831987697,0.035432525951557,-0.0222068435217224,0.0384467512495194,0.0415840061514801,-0.1998615916955017,0.0384467512495194,0.0935640138408304,0.17279507881584,0.1537870049980776,-0.0711111111111111,0.0888273740868896,-0.0384467512495194,0.2069357939254133,-0.1245674740484429,-0.1137408688965782,0.0049826989619377,0.0074432910419069,-0.0061514801999231,-0.01039600153787,-0.0842137639369473,0.0177777777777777,-0.1190926566705113,-0.2214532871972318,0.0271280276816609,-0.0888273740868896,0.0517339484813533,,,,,-0.0108242249116301,0.0143890567123889,0.8199924230575562,0.3333333432674408,-0.4831774532794952,-0.4577413201332092,0.8622760772705078,-0.7091807723045349,-0.4704966247081756,0.5254030823707581,-0.613775372505188,-0.6073298454284668,76.73976135253906,0.285160630941391
