point_id,lon,lat,A00,A01,A02,A03,A04,A05,A06,A07,A08,A09,A10,A11,A12,A13,A14,A15,A16,A17,A18,A19,A20,A21,A22,A23,A24,A25,A26,A27,A28,A29,A30,A31,A32,A33,A34,A35,A36,A37,A38,A39,A40,A41,A42,A43,A44,A45,A46,A47,A48,A49,A50,A51,A52,A53,A54,A55,A56,A57,A58,A59,A60,A61,A62,A63,s1_vv_w,s1_vh_w,s1_vv_s,s1_vh_s,ndvi_djf,ndwi_djf,mndwi_djf,ndvi_mam,ndwi_mam,mndwi_mam,ndvi_jja,ndwi_jja,mndwi_jja,ndvi_son,ndwi_son,mndwi_son,dem,slope
EXPC-000,131.28554483904523,46.89313580937997,-0.03254133025759323,0.08882737408688965,0.1929104190695886,-0.29287197231833906,-0.012056901191849288,-0.044844290657439445,-0.3014225297962323,0.28444444444444444,0.03844675124951941,-0.10340638216070744,0.16000000000000003,-0.0629911572472126,0.022206843521722412,0.09356401384083046,-0.14769703960015382,0.09842368319876971,0.0271280276816609,0.0271280276816609,-0.0629911572472126,0.07111111111111111,-0.019930795847750864,0.029773164167627833,0.14769703960015382,-0.05911572472126105,-0.06698961937716265,0.186082276047674,0.11909265667051133,-0.029773164167627833,0.28444444444444444,-0.13016532103037293,-0.03543252595155709,-0.08421376393694734,-0.186082276047674,0.08421376393694734,-0.0271280276816609,0.2599000384467512,0.0,0.08421376393694734,0.07972318339100345,0.03543252595155709,-0.022206843521722412,0.03254133025759323,-0.05536332179930796,-0.04822760476739715,-0.09356401384083046,0.2519646289888504,0.17279507881584008,-0.03543252595155709,0.06698961937716265,-0.044844290657439445,0.2364628988850442,-0.000984236831987697,-0.09842368319876971,-0.03543252595155709,0.0271280276816609,0.0271280276816609,0.01384083044982699,0.07972318339100345,-0.07111111111111111,-0.19986159169550174,-0.2069357939254133,-0.041584006151480196,-0.13588619761630144,-0.0271280276816609,,,,,0.03264094889163971,-0.056680161505937576,0.5785462260246277,0.1819145232439041,-0.3072865903377533,-0.31630194187164307,0.6234634518623352,-0.5846753120422363,-0.51289963722229,0.2973305881023407,-0.4441142976284027,-0.26436781883239746,72.48394012451172,0.09111568331718445
EXPC-001,131.00006024175207,45.66891174018188,-0.03254133025759323,0.03543252595155709,0.13588619761630144,-0.3278123798539023,-0.044844290657439445,-0.14769703960015382,-0.2761399461745483,0.28444444444444444,0.05536332179930796,0.017777777777777778,0.0271280276816609,0.0271280276816609,0.0015378700499807767,0.05536332179930796,-0.16633602460592078,0.07535563244905807,-0.017777777777777778,-0.022206843521722412,-0.07972318339100345,0.05173394848135333,0.03844675124951941,0.029773164167627833,0.09842368319876971,-0.03844675124951941,-0.08421376393694734,0.08882737408688965,0.01574778931180315,-0.07972318339100345,0.31009611687812383,-0.12456747404844293,0.000984236831987697,-0.07111111111111111,-0.07535563244905807,0.029773164167627833,0.010396001537870049,0.31009611687812383,0.07972318339100345,0.04822760476739715,0.08882737408688965,-0.004982698961937716,0.000984236831987697,0.07535563244905807,-0.07972318339100345,-0.03844675124951941,-0.05173394848135333,0.2679584775086506,0.2364628988850442,-0.07111111111111111,0.022206843521722412,-0.07535563244905807,0.21413302575932336,0.044844290657439445,-0.10340638216070744,0.006151480199923107,0.0271280276816609,0.04822760476739715,0.03254133025759323,0.03254133025759323,-0.08421376393694734,-0.2761399461745483,-0.24415224913494812,0.022206843521722412,-0.07111111111111111,-0.05536332179930796,,,,,0.030533840879797935,-0.03149869665503502,0.7605154514312744,0.20914126932621002,-0.32851436734199524,-0.43556123971939087,0.7339800596237183,-0.6590132117271423,-0.4985632300376892,0.4254316985607147,-0.5355129837989807,-0.4512154459953308,421.9732971191406,0.10226807743310928
EXPC-002,132.7621955030809,46.84013520761692,-0.019930795847750864,-0.03254133025759323,0.10340638216070744,-0.3278123798539023,-0.022206843521722412,-0.13016532103037293,-0.28444444444444444,0.2364628988850442,0.0271280276816609,-0.04822760476739715,0.08882737408688965,-0.019930795847750864,-0.01384083044982699,0.07972318339100345,-0.16000000000000003,0.13588619761630144,-0.003936947327950788,-0.04822760476739715,-0.07972318339100345,0.11374086889657825,-0.004982698961937716,0.01384083044982699,0.09842368319876971,-0.0629911572472126,-0.1085121107266436,0.19986159169550174,0.12456747404844293,-0.012056901191849288,0.3278123798539023,-0.2069357939254133,-0.03844675124951941,-0.12456747404844293,-0.11374086889657825,0.03844675124951941,-6.151480199923106e-05,0.28444444444444444,0.05173394848135333,0.05173394848135333,0.09842368319876971,-0.029773164167627833,-0.05911572472126105,0.05536332179930796,-0.07535563244905807,-0.05173394848135333,-0.05911572472126105,0.2288965782391388,0.2069357939254133,0.007443291041906958,0.029773164167627833,0.01574778931180315,0.19986159169550174,-0.024605920799692427,-0.11909265667051133,-0.000984236831987697,0.05173394848135333,0.07535563244905807,0.03844675124951941,0.03844675124951941,-0.0271280276816609,-0.2364628988850442,-0.1929104190695886,0.019930795847750864,-0.10340638216070744,-0.004982698961937716,,,,,0.07906652987003326,-0.12287060171365738,0.6875871419906616,0.3129943609237671,-0.34180137515068054,-0.3455798029899597,0.8178167939186096,-0.6948993802070618,-0.5126144886016846,0.49127641320228577,-0.6059332489967346,-0.4235081374645233,56.08384323120117,0.06488724052906036
EXPC-003,130.4098671000855,45.34318261816014,-0.09842368319876971,0.044844290657439445,0.10340638216070744,-0.2599000384467512,-0.041584006151480196,-0.11909265667051133,-0.3014225297962323,0.34602076124567477,0.09356401384083046,-0.01574778931180315,0.0629911572472126,0.024605920799692427,0.01574778931180315,0.1085121107266436,-0.11374086889657825,0.1085121107266436,0.06698961937716265,-0.09356401384083046,-0.08421376393694734,-0.017777777777777778,-0.007443291041906958,-0.03254133025759323,0.08882737408688965,-0.012056901191849288,-0.05173394848135333,0.16633602460592078,0.09842368319876971,-0.007443291041906958,0.28444444444444444,-0.17279507881584008,-0.05536332179930796,-0.08421376393694734,-0.07111111111111111,-0.008858131487889272,0.07111111111111111,0.2679584775086506,0.01574778931180315,0.06698961937716265,0.08882737408688965,0.004982698961937716,-0.019930795847750864,0.024605920799692427,-0.03254133025759323,-0.11374086889657825,-0.07972318339100345,0.2288965782391388,0.22145328719723184,-0.03254133025759323,-0.003936947327950788,0.0015378700499807767,0.186082276047674,0.04822760476739715,-0.11374086889657825,0.019930795847750864,0.12456747404844293,0.07111111111111111,0.05173394848135333,0.05173394848135333,-0.07111111111111111,-0.29287197231833906,-0.22145328719723184,-0.01384083044982699,-0.03543252595155709,-0.01574778931180315,,,,,0.013653100468218327,-0.040784236043691635,0.8048473596572876,0.22456814348697662,-0.34221598505973816,-0.5453223586082458,0.8341825008392334,-0.7656894326210022,-0.5036599636077881,0.2723604440689087,-0.40252038836479187,-0.016173329204320908,290.3312072753906,0.1618894636631012
EXPC-004,130.1096501321328,45.99994092237993,-0.06698961937716265,0.13588619761630144,0.13016532103037293,-0.3014225297962323,-0.05536332179930796,-0.09356401384083046,-0.2519646289888504,0.40359861591695495,0.13588619761630144,-0.04822760476739715,0.024605920799692427,0.041584006151480196,0.01384083044982699,0.041584006151480196,-0.11374086889657825,0.13588619761630144,0.044844290657439445,0.03543252595155709,-0.08882737408688965,0.03254133025759323,6.151480199923106e-05,0.08421376393694734,0.11909265667051133,0.04822760476739715,-0.006151480199923107,0.019930795847750864,0.09356401384083046,-0.010396001537870049,0.16633602460592078,-0.06698961937716265,-0.044844290657439445,-0.12456747404844293,-0.05911572472126105,0.002214532871972318,-6.151480199923106e-05,0.2599000384467512,-0.01574778931180315,0.03254133025759323,0.09842368319876971,0.006151480199923107,-0.03844675124951941,0.11909265667051133,0.002214532871972318,-0.14173010380622836,-0.11374086889657825,0.3014225297962323,0.2069357939254133,-0.07535563244905807,-0.010396001537870049,-0.04822760476739715,0.19986159169550174,0.022206843521722412,-0.1085121107266436,-0.06698961937716265,0.044844290657439445,0.03254133025759323,-0.010396001537870049,0.09842368319876971,-0.08882737408688965,-0.17279507881584008,-0.186082276047674,-0.05173394848135333,-0.22145328719723184,-0.09842368319876971,,,,,0.044705722481012344,-0.09863246977329254,0.6362466812133789,0.17376063764095306,-0.32955190539360046,-0.5085238814353943,0.8588972091674805,-0.7783920764923096,-0.5804622769355774,0.2798507511615753,-0.4336467981338501,-0.4516944885253906,262.8933410644531,0.1618894636631012
EXPC-005,130.01119477699328,44.628482978114654,0.0271280276816609,-0.012056901191849288,0.14173010380622836,-0.33685505574778934,0.044844290657439445,-0.0629911572472126,-0.2599000384467512,0.19986159169550174,0.019930795847750864,0.041584006151480196,0.024605920799692427,0.003014225297962322,-0.05911572472126105,0.04822760476739715,-0.1929104190695886,0.09842368319876971,0.03254133025759323,0.010396001537870049,-0.16633602460592078,0.13588619761630144,0.007443291041906958,-0.010396001537870049,0.1085121107266436,-0.1085121107266436,-0.16633602460592078,0.06698961937716265,0.044844290657439445,-0.1085121107266436,0.29287197231833906,-0.11374086889657825,0.004982698961937716,-0.07972318339100345,-0.007443291041906958,0.07111111111111111,0.004982698961937716,0.29287197231833906,0.044844290657439445,0.03844675124951941,0.05536332179930796,0.01574778931180315,-0.1085121107266436,0.06698961937716265,-0.08882737408688965,-0.012056901191849288,-0.0271280276816609,0.2599000384467512,0.2069357939254133,-0.13016532103037293,-0.07111111111111111,-0.041584006151480196,0.2599000384467512,0.006151480199923107,-0.1085121107266436,0.12456747404844293,0.024605920799692427,0.08421376393694734,-0.07972318339100345,0.03543252595155709,-0.05911572472126105,-0.186082276047674,-0.2364628988850442,0.004982698961937716,-0.07972318339100345,-0.05536332179930796,-17.70955543586903,-26.86179199249761,-11.036424968961294,-18.389861478786102,0.03319931775331497,-0.057122379541397095,0.7654335498809814,0.17172464728355408,-0.30880528688430786,-0.4536840319633484,0.4084821343421936,-0.41638609766960144,-0.43262410163879395,0.4177832007408142,-0.5335968136787415,-0.4477379024028778,465.66339111328125,0.130340114235878
EXPC-006,130.42262317712002,43.11015048489584,-0.07111111111111111,-0.1085121107266436,0.2519646289888504,-0.3014225297962323,-0.003936947327950788,-0.07535563244905807,-0.2364628988850442,0.2069357939254133,-0.04822760476739715,0.024605920799692427,0.10340638216070744,-0.07111111111111111,0.029773164167627833,0.044844290657439445,-0.2288965782391388,-0.04822760476739715,0.03543252595155709,0.14769703960015382,-0.14769703960015382,0.01384083044982699,-0.05173394848135333,-0.003014225297962322,0.11374086889657825,0.002214532871972318,-0.05536332179930796,0.19986159169550174,-0.05173394848135333,-0.0629911572472126,0.22145328719723184,-0.14769703960015382,-0.07111111111111111,-0.10340638216070744,-0.024605920799692427,0.04822760476739715,-0.03844675124951941,0.2288965782391388,0.01574778931180315,-0.03543252595155709,0.13016532103037293,-0.044844290657439445,0.0271280276816609,-0.05173394848135333,-0.024605920799692427,0.11909265667051133,-0.03844675124951941,0.1929104190695886,0.29287197231833906,-0.05911572472126105,0.07972318339100345,-0.2069357939254133,0.16000000000000003,0.13016532103037293,0.019930795847750864,0.14769703960015382,0.05536332179930796,0.05911572472126105,0.05536332179930796,0.05911572472126105,-0.08421376393694734,-0.09842368319876971,-0.2519646289888504,-0.0271280276816609,-0.09842368319876971,-0.09356401384083046,-11.244733664911966,-19.77200023005726,-9.594133367908137,-16.13991998021527,0.03640776872634888,-0.08882278203964233,0.397653192281723,0.23943662643432617,-0.3473384380340576,-0.5152717232704163,0.599075198173523,-0.5816518664360046,-0.5126919746398926,0.3413751423358917,-0.43206697702407837,-0.5223395824432373,289.65802001953125,0.15145225822925568
EXPC-007,131.1408262467736,45.42798358098103,-0.08421376393694734,0.09356401384083046,0.11909265667051133,-0.2761399461745483,-0.04822760476739715,-0.14173010380622836,-0.28444444444444444,0.3188927335640138,0.11909265667051133,-0.03254133025759323,0.044844290657439445,0.08421376393694734,-0.010396001537870049,0.17279507881584008,-0.07111111111111111,0.10340638216070744,0.07111111111111111,-0.11909265667051133,-0.13016532103037293,-0.01574778931180315,0.017777777777777778,-0.029773164167627833,0.11374086889657825,0.004982698961937716,-0.08882737408688965,0.13588619761630144,0.04822760476739715,-0.024605920799692427,0.2599000384467512,-0.15378700499807765,-0.002214532871972318,-0.07972318339100345,-0.01384083044982699,-0.05536332179930796,0.07972318339100345,0.2761399461745483,0.04822760476739715,0.13588619761630144,0.09356401384083046,0.008858131487889272,-0.00024605920799692423,0.029773164167627833,-0.01574778931180315,-0.12456747404844293,-0.09356401384083046,0.1929104190695886,0.19986159169550174,-0.017777777777777778,0.029773164167627833,0.019930795847750864,0.16000000000000003,0.06698961937716265,-0.09842368319876971,0.0629911572472126,0.13016532103037293,0.07111111111111111,0.022206843521722412,-0.024605920799692427,-0.0629911572472126,-0.29287197231833906,-0.24415224913494812,0.003014225297962322,-0.09842368319876971,0.029773164167627833,,,,,0.003316356800496578,-0.022635359317064285,0.849880039691925,0.15047618746757507,-0.2524624168872833,-0.31739646196365356,0.5858453512191772,-0.5783981084823608,-0.48146960139274597,0.35089975595474243,-0.5242929458618164,-0.4558274447917938,238.36492919921875,0.10226807743310928
EXPC-008,130.64001547587696,46.59579345033641,-0.07535563244905807,0.05173394848135333,0.11374086889657825,-0.2761399461745483,-0.029773164167627833,-0.13588619761630144,-0.28444444444444444,0.3278123798539023,0.11909265667051133,-0.019930795847750864,0.06698961937716265,0.029773164167627833,0.0271280276816609,0.12456747404844293,-0.15378700499807765,0.16000000000000003,0.07535563244905807,-0.08421376393694734,-0.09842368319876971,-0.01384083044982699,0.0271280276816609,-0.019930795847750864,0.05536332179930796,-0.024605920799692427,-0.1085121107266436,0.10340638216070744,0.07972318339100345,-0.05173394848135333,0.3278123798539023,-0.15378700499807765,-0.041584006151480196,-0.05911572472126105,-0.09842368319876971,0.008858131487889272,0.01574778931180315,0.3014225297962323,-0.002214532871972318,0.07535563244905807,0.04822760476739715,0.0005536332179930795,-0.03543252595155709,0.044844290657439445,-0.04822760476739715,-0.04822760476739715,-0.05911572472126105,0.22145328719723184,0.186082276047674,-0.01384083044982699,0.024605920799692427,-0.07535563244905807,0.186082276047674,0.029773164167627833,-0.12456747404844293,0.05536332179930796,0.07972318339100345,0.09356401384083046,0.05173394848135333,0.003936947327950788,-0.029773164167627833,-0.2519646289888504,-0.2519646289888504,-0.03254133025759323,-0.019930795847750864,0.006151480199923107,,,,,0.013848090544342995,-0.04498269781470299,0.8405751585960388,0.21682848036289215,-0.35154566168785095,-0.4629353880882263,0.6734142899513245,-0.5972520112991333,-0.3477051556110382,0.41492536664009094,-0.566165566444397,-0.5146026015281677,171.81878662109375,0.0630452111363411
EXPC-009,130.6575326239173,44.83752094472926,-0.041584006151480196,0.008858131487889272,0.07972318339100345,-0.2679584775086506,-0.017777777777777778,-0.15378700499807765,-0.2679584775086506,0.29287197231833906,0.019930795847750864,0.08421376393694734,-0.0271280276816609,0.022206843521722412,-0.01574778931180315,0.08421376393694734,-0.16633602460592078,0.08421376393694734,-0.002214532871972318,-0.03543252595155709,-0.07535563244905807,0.022206843521722412,-0.022206843521722412,0.008858131487889272,0.07535563244905807,-0.024605920799692427,-0.07972318339100345,0.12456747404844293,0.0271280276816609,-0.03254133025759323,0.29287197231833906,-0.16000000000000003,-0.041584006151480196,-0.08882737408688965,-0.13016532103037293,0.003014225297962322,0.08421376393694734,0.3014225297962323,0.09842368319876971,0.07111111111111111,0.09356401384083046,0.04822760476739715,-0.041584006151480196,0.04822760476739715,-0.10340638216070744,-0.07111111111111111,-0.0629911572472126,0.28444444444444444,0.22145328719723184,-0.05911572472126105,-0.03254133025759323,-0.07111111111111111,0.2364628988850442,0.024605920799692427,-0.05536332179930796,0.041584006151480196,0.04822760476739715,-0.024605920799692427,-0.029773164167627833,0.017777777777777778,-0.09842368319876971,-0.2599000384467512,-0.2761399461745483,-0.012056901191849288,-0.05911572472126105,-0.03844675124951941,,,,,0.006170712411403656,-0.024919435381889343,0.796590268611908,0.14518380165100098,-0.2711776793003082,-0.31728559732437134,0.6372172236442566,-0.5066771507263184,-0.4935483932495117,0.3843575417995453,-0.5360297560691833,-0.4465804100036621,488.3077392578125,0.130340114235878
EXPC-010,130.15384724411146,42.99444747630125,-0.022206843521722412,-0.03844675124951941,0.31009611687812383,-0.3278123798539023,-0.01574778931180315,0.044844290657439445,-0.2679584775086506,0.2364628988850442,-0.004982698961937716,-0.07972318339100345,0.2679584775086506,-0.029773164167627833,0.01574778931180315,0.05536332179930796,-0.14173010380622836,-0.08882737408688965,0.04822760476739715,0.08421376393694734,-0.16633602460592078,0.0629911572472126,-0.03543252595155709,0.029773164167627833,0.14173010380622836,0.004982698961937716,-0.07972318339100345,0.12456747404844293,-0.029773164167627833,-0.19986159169550174,0.13588619761630144,-0.022206843521722412,-0.1085121107266436,0.019930795847750864,0.0015378700499807767,0.15378700499807765,-0.17937716262975778,0.08421376393694734,-0.007443291041906958,0.029773164167627833,0.17937716262975778,0.019930795847750864,0.024605920799692427,0.029773164167627833,0.0629911572472126,0.08421376393694734,-0.0629911572472126,0.11909265667051133,0.2288965782391388,-0.0629911572472126,0.186082276047674,-0.11909265667051133,0.2288965782391388,0.10340638216070744,-0.08882737408688965,0.06698961937716265,-0.008858131487889272,0.05911572472126105,0.01384083044982699,-0.000984236831987697,-0.14173010380622836,-0.10340638216070744,-0.21413302575932336,-0.03254133025759323,-0.11909265667051133,-0.003936947327950788,-17.404107567347786,-24.96041972687392,-8.58453900514342,-15.624604426919861,0.1681729555130005,-0.23839940130710602,-0.23768334090709686,0.17423728108406067,-0.2633114457130432,-0.378078818321228,0.6174699068069458,-0.5915040969848633,-0.47658228874206543,0.31152552366256714,-0.44129011034965515,-0.49977439641952515,66.56880187988281,0.31866714358329773
EXPC-011,131.10381565706786,46.31336312500923,-0.000984236831987697,0.03543252595155709,0.09842368319876971,-0.37425605536332185,0.05911572472126105,-0.07111111111111111,-0.2519646289888504,0.2288965782391388,0.003936947327950788,0.003936947327950788,-0.008858131487889272,-0.01384083044982699,-0.08421376393694734,0.05911572472126105,-0.24415224913494812,0.17937716262975778,0.041584006151480196,0.019930795847750864,-0.05173394848135333,0.09842368319876971,-0.012056901191849288,0.05536332179930796,0.1085121107266436,-0.07535563244905807,-0.07972318339100345,0.07972318339100345,0.0629911572472126,-0.11374086889657825,0.29287197231833906,-0.16633602460592078,-0.06698961937716265,-0.07535563244905807,-0.09842368319876971,0.08421376393694734,-0.05911572472126105,0.2288965782391388,0.044844290657439445,0.044844290657439445,0.1085121107266436,0.0629911572472126,0.04822760476739715,0.13016532103037293,-0.08421376393694734,0.019930795847750864,0.0271280276816609,0.24415224913494812,0.19986159169550174,-0.07111111111111111,0.017777777777777778,-0.11909265667051133,0.24415224913494812,-0.05173394848135333,-0.06698961937716265,0.0271280276816609,-0.022206843521722412,0.08882737408688965,-0.05536332179930796,0.01574778931180315,-0.017777777777777778,-0.21413302575932336,-0.2599000384467512,0.01384083044982699,-0.04822760476739715,-0.04822760476739715,,,,,0.0070859165862202644,-0.021965058520436287,0.8056420087814331,0.2314521223306656,-0.3301369845867157,-0.3387424051761627,0.5240274667739868,-0.5114893913269043,-0.5401869416236877,0.2639405131340027,-0.370047003030777,-0.44774800539016724,300.7796325683594,0.09111568331718445
EXPC-012,130.75014892971,47.71374682142315,-0.08421376393694734,-0.01574778931180315,0.16633602460592078,-0.28444444444444444,-0.03543252595155709,-0.17279507881584008,-0.2679584775086506,0.33685505574778934,0.11374086889657825,0.017777777777777778,0.15378700499807765,-0.03543252595155709,0.03844675124951941,0.10340638216070744,-0.17279507881584008,0.1085121107266436,0.022206843521722412,-0.08421376393694734,-0.16633602460592078,0.002214532871972318,0.019930795847750864,0.024605920799692427,0.04822760476739715,-0.0271280276816609,-0.05911572472126105,0.11374086889657825,0.03844675124951941,0.010396001537870049,0.3278123798539023,-0.13016532103037293,-0.05911572472126105,-0.0629911572472126,-0.13016532103037293,0.03543252595155709,-0.024605920799692427,0.2761399461745483,0.024605920799692427,0.06698961937716265,0.07972318339100345,-0.03844675124951941,-0.01384083044982699,0.029773164167627833,-0.024605920799692427,-0.05911572472126105,-0.07535563244905807,0.19986159169550174,0.19986159169550174,-0.08882737408688965,0.04822760476739715,-0.05173394848135333,0.16633602460592078,0.07111111111111111,-0.08421376393694734,0.03844675124951941,0.012056901191849288,0.13588619761630144,0.08421376393694734,0.0271280276816609,-0.07972318339100345,-0.17279507881584008,-0.2364628988850442,-0.0015378700499807767,-0.10340638216070744,0.004982698961937716,,,,,0.018741536885499954,-0.0486704558134079,0.801875650882721,0.31356897950172424,-0.42222222685813904,-0.5986278057098389,0.8750460743904114,-0.7921437621116638,-0.5403194427490234,0.4548119306564331,-0.5891141891479492,-0.4232209622859955,150.74343872070312,0.16319327056407928
EXPC-013,133.44114219481844,47.93697816952685,-0.03543252595155709,0.0629911572472126,0.07972318339100345,-0.3188927335640138,-0.041584006151480196,-0.09356401384083046,-0.3014225297962323,0.2288965782391388,0.08421376393694734,-0.03254133025759323,0.05536332179930796,0.041584006151480196,-0.008858131487889272,0.08882737408688965,-0.14769703960015382,0.17937716262975778,0.04822760476739715,-0.09356401384083046,-0.04822760476739715,0.03543252595155709,-0.008858131487889272,-0.0005536332179930795,0.07111111111111111,-0.024605920799692427,-0.13016532103037293,0.13588619761630144,0.10340638216070744,-0.03844675124951941,0.33685505574778934,-0.17937716262975778,-0.022206843521722412,-0.08421376393694734,-0.09842368319876971,0.010396001537870049,-0.03543252595155709,0.3188927335640138,0.03543252595155709,0.0629911572472126,0.08882737408688965,-0.003936947327950788,-0.0005536332179930795,0.09842368319876971,-0.05911572472126105,-0.06698961937716265,-0.04822760476739715,0.2288965782391388,0.1929104190695886,-0.029773164167627833,0.044844290657439445,-0.044844290657439445,0.2069357939254133,-0.04822760476739715,-0.13016532103037293,-0.017777777777777778,0.07111111111111111,0.0271280276816609,0.0271280276816609,-0.024605920799692427,-0.000984236831987697,-0.2599000384467512,-0.2288965782391388,-0.012056901191849288,-0.05911572472126105,0.022206843521722412,,,,,0.0010246855672448874,-0.014762818813323975,0.8275237679481506,0.21056337654590607,-0.3263888955116272,-0.4608615040779114,0.8001323342323303,-0.6836892366409302,-0.5857316851615906,0.2857398986816406,-0.4688524603843689,-0.14370663464069366,49.45199966430664,0.06758864223957062
EXPC-014,131.00320434524647,45.28622942914697,-0.041584006151480196,0.024605920799692427,0.16000000000000003,-0.24415224913494812,-0.06698961937716265,-0.11909265667051133,-0.3014225297962323,0.31009611687812383,0.06698961937716265,-0.03543252595155709,0.13016532103037293,-0.006151480199923107,0.01574778931180315,0.07535563244905807,-0.12456747404844293,0.05911572472126105,0.07111111111111111,-0.0629911572472126,-0.13016532103037293,0.05536332179930796,0.0015378700499807767,-0.022206843521722412,0.1085121107266436,-0.003014225297962322,-0.07535563244905807,0.22145328719723184,0.05536332179930796,-0.012056901191849288,0.3014225297962323,-0.14769703960015382,0.004982698961937716,-0.03844675124951941,-0.044844290657439445,0.03254133025759323,0.12456747404844293,0.31009611687812383,0.024605920799692427,0.03844675124951941,0.06698961937716265,-0.0271280276816609,-0.07972318339100345,-0.007443291041906958,-0.022206843521722412,-0.06698961937716265,-0.08421376393694734,0.2288965782391388,0.186082276047674,-0.019930795847750864,0.019930795847750864,-0.024605920799692427,0.186082276047674,0.04822760476739715,-0.13016532103037293,0.041584006151480196,0.12456747404844293,0.017777777777777778,0.09356401384083046,0.044844290657439445,-0.09842368319876971,-0.22145328719723184,-0.24415224913494812,-0.008858131487889272,-0.1085121107266436,0.019930795847750864,,,,,0.008760286495089531,-0.026472177356481552,0.8220424652099609,0.1390186846256256,-0.2753433585166931,-0.3736574351787567,0.6904608011245728,-0.6417199373245239,-0.3910078704357147,0.3138543963432312,-0.450147807598114,-0.2623039484024048,218.8011474609375,0.10226807743310928
EXPC-015,131.50284730627376,46.38504868468197,-0.044844290657439445,-0.06698961937716265,0.09356401384083046,-0.28444444444444444,-0.012056901191849288,-0.17937716262975778,-0.28444444444444444,0.31009611687812383,0.07972318339100345,-0.004982698961937716,0.06698961937716265,0.03543252595155709,0.04822760476739715,0.08421376393694734,-0.14769703960015382,0.08882737408688965,0.008858131487889272,-0.0271280276816609,-0.09842368319876971,0.029773164167627833,0.022206843521722412,0.019930795847750864,0.044844290657439445,-0.041584006151480196,-0.12456747404844293,0.08882737408688965,0.07111111111111111,-0.029773164167627833,0.33685505574778934,-0.17937716262975778,-0.022206843521722412,-0.13016532103037293,-0.09842368319876971,0.004982698961937716,0.01574778931180315,0.3188927335640138,0.012056901191849288,-0.004982698961937716,0.12456747404844293,-0.012056901191849288,-0.029773164167627833,0.0629911572472126,-0.03844675124951941,-0.04822760476739715,-0.08421376393694734,0.2364628988850442,0.2288965782391388,-0.022206843521722412,0.017777777777777778,-0.0629911572472126,0.17279507881584008,0.03844675124951941,-0.11374086889657825,0.017777777777777778,0.03844675124951941,0.09842368319876971,0.05173394848135333,0.0271280276816609,-0.0629911572472126,-0.2069357939254133,-0.24415224913494812,-0.004982698961937716,-0.07111111111111111,-0.008858131487889272,,,,,0.019062701612710953,-0.04310758784413338,0.8070294857025146,0.23791103065013885,-0.3459516167640686,-0.5492753386497498,0.5049505233764648,-0.5268956422805786,-0.4517461657524109,0.4804164469242096,-0.611440896987915,-0.42629483342170715,143.2852325439453,0.09111568331718445
EXPC-016,130.09006685893897,47.2789622239093,-0.04822760476739715,0.08882737408688965,0.11374086889657825,-0.31009611687812383,-0.024605920799692427,-0.13588619761630144,-0.2599000384467512,0.31009611687812383,0.07972318339100345,-0.05911572472126105,0.07972318339100345,0.044844290657439445,-0.002214532871972318,0.11374086889657825,-0.1085121107266436,0.13588619761630144,0.03543252595155709,-0.03254133025759323,-0.05536332179930796,0.004982698961937716,-0.004982698961937716,-0.05173394848135333,0.16000000000000003,-0.00024605920799692423,-0.041584006151480196,0.06698961937716265,0.0629911572472126,-0.08421376393694734,0.2679584775086506,-0.14769703960015382,-0.0271280276816609,-0.08421376393694734,-0.0629911572472126,0.002214532871972318,-0.008858131487889272,0.31009611687812383,0.003014225297962322,0.09842368319876971,0.11909265667051133,0.04822760476739715,0.03844675124951941,0.09356401384083046,-0.05173394848135333,-0.1085121107266436,-0.09842368319876971,0.17937716262975778,0.19986159169550174,0.002214532871972318,0.09356401384083046,-0.04822760476739715,0.2364628988850442,0.004982698961937716,-0.13016532103037293,-0.006151480199923107,0.03543252595155709,0.04822760476739715,0.012056901191849288,0.006151480199923107,-0.10340638216070744,-0.2599000384467512,-0.2599000384467512,-0.017777777777777778,-0.11374086889657825,0.01574778931180315,,,,,0.022852478548884392,-0.046336881816387177,0.7626181244850159,0.17766498029232025,-0.28973186016082764,-0.44200384616851807,0.7864963412284851,-0.6742197275161743,-0.46338027715682983,0.6130927205085754,-0.711868166923523,-0.4744110405445099,182.51441955566406,0.16319327056407928
EXPC-017,130.88561487455522,43.69127064219276,-0.05911572472126105,-0.10340638216070744,0.14769703960015382,-0.3188927335640138,0.012056901191849288,-0.09842368319876971,-0.29287197231833906,0.2364628988850442,0.03844675124951941,0.029773164167627833,0.09356401384083046,-0.03254133025759323,-0.01574778931180315,0.1085121107266436,-0.22145328719723184,0.08421376393694734,0.044844290657439445,-0.041584006151480196,-0.14769703960015382,0.006151480199923107,-0.019930795847750864,-0.041584006151480196,0.1085121107266436,-0.022206843521722412,-0.1085121107266436,0.12456747404844293,-0.01384083044982699,-0.041584006151480196,0.3188927335640138,-0.13588619761630144,0.0271280276816609,-0.13016532103037293,0.003936947327950788,-0.041584006151480196,0.05173394848135333,0.34602076124567477,0.03844675124951941,-0.004982698961937716,0.09842368319876971,0.007443291041906958,-0.03543252595155709,-0.03844675124951941,-0.0271280276816609,0.024605920799692427,-0.06698961937716265,0.1929104190695886,0.2599000384467512,-0.05173394848135333,0.010396001537870049,-0.15378700499807765,0.2069357939254133,0.0271280276816609,-0.05536332179930796,0.10340638216070744,0.10340638216070744,0.03254133025759323,0.04822760476739715,0.004982698961937716,-0.0629911572472126,-0.11909265667051133,-0.2364628988850442,-0.012056901191849288,-0.07972318339100345,-0.06698961937716265,,,,,0.025362476706504822,-0.053655024617910385,0.6863720417022705,0.2153734564781189,-0.30275943875312805,-0.4537149965763092,0.6181542873382568,-0.535017192363739,-0.42816802859306335,0.19034482538700104,-0.26446887850761414,-0.29295775294303894,367.7254333496094,0.15145225822925568
EXPC-018,130.4563100002745,47.320464390035625,-0.07972318339100345,0.05173394848135333,0.12456747404844293,-0.31009611687812383,-0.05911572472126105,-0.11374086889657825,-0.2761399461745483,0.28444444444444444,0.13016532103037293,-0.1085121107266436,0.13016532103037293,0.00024605920799692423,0.0271280276816609,0.1085121107266436,-0.09356401384083046,0.07535563244905807,0.0271280276816609,-0.029773164167627833,-0.08882737408688965,0.017777777777777778,-0.029773164167627833,0.05173394848135333,0.09842368319876971,-0.01384083044982699,-0.1085121107266436,0.16633602460592078,0.1085121107266436,-0.012056901191849288,0.2599000384467512,-0.17279507881584008,-0.012056901191849288,-0.1085121107266436,-0.14173010380622836,0.012056901191849288,0.03543252595155709,0.28444444444444444,-0.0271280276816609,0.12456747404844293,0.09842368319876971,0.003014225297962322,-0.0015378700499807767,0.041584006151480196,0.007443291041906958,-0.1085121107266436,-0.13016532103037293,0.2364628988850442,0.1929104190695886,0.004982698961937716,0.05536332179930796,-0.03543252595155709,0.19986159169550174,0.041584006151480196,-0.11374086889657825,-0.022206843521722412,0.07535563244905807,0.04822760476739715,0.03254133025759323,0.03844675124951941,-0.08882737408688965,-0.24415224913494812,-0.17937716262975778,-0.019930795847750864,-0.14769703960015382,-0.024605920799692427,,,,,0.03283919766545296,-0.06200938671827316,0.6832376718521118,0.1592814326286316,-0.3028263747692108,-0.45886653661727905,0.6425973773002625,-0.6253726482391357,-0.4166800081729889,0.4162162244319916,-0.5620596408843994,-0.2891078591346741,93.36552429199219,0.16319327056407928
EXPC-019,133.73102853700382,46.78417016541627,-0.041584006151480196,0.041584006151480196,0.14173010380622836,-0.34602076124567477,-0.029773164167627833,-0.10340638216070744,-0.28444444444444444,0.2599000384467512,0.04822760476739715,-0.012056901191849288,0.05536332179930796,0.04822760476739715,-0.008858131487889272,0.13588619761630144,-0.16000000000000003,0.17279507881584008,0.006151480199923107,-0.05173394848135333,-0.07972318339100345,0.024605920799692427,-0.0005536332179930795,0.002214532871972318,0.08882737408688965,-0.024605920799692427,-0.13588619761630144,0.13016532103037293,0.06698961937716265,-0.0629911572472126,0.29287197231833906,-0.1929104190695886,-0.05911572472126105,-0.05536332179930796,-0.1085121107266436,0.041584006151480196,-0.012056901191849288,0.2599000384467512,0.01574778931180315,0.08421376393694734,0.08882737408688965,0.01574778931180315,0.002214532871972318,0.07111111111111111,-0.0629911572472126,-0.024605920799692427,-0.05173394848135333,0.2288965782391388,0.21413302575932336,-0.03254133025759323,0.06698961937716265,-0.08882737408688965,0.19986159169550174,0.010396001537870049,-0.08421376393694734,0.022206843521722412,0.019930795847750864,0.09842368319876971,0.017777777777777778,-0.022206843521722412,-0.041584006151480196,-0.24415224913494812,-0.28444444444444444,-0.019930795847750864,-0.07111111111111111,0.05536332179930796,,,,,0.0061636799946427345,-0.013509629294276237,0.8141452670097351,0.20977596938610077,-0.3195112943649292,-0.4045999348163605,0.4501039385795593,-0.41912513971328735,-0.29222187399864197,0.45547759532928467,-0.5822821855545044,-0.4690529406070709,107.90776062011719,0.010071716271340847
EXPC-020,130.45514219040516,48.766302839826,-0.05911572472126105,0.07972318339100345,0.19986159169550174,-0.28444444444444444,0.024605920799692427,-0.029773164167627833,-0.28444444444444444,0.2599000384467512,0.05536332179930796,-0.08882737408688965,0.13016532103037293,-0.04822760476739715,-0.03844675124951941,0.10340638216070744,-0.2069357939254133,0.21413302575932336,0.11374086889657825,-0.010396001537870049,-0.13588619761630144,-0.003014225297962322,0.0629911572472126,-0.0629911572472126,0.16633602460592078,-0.1085121107266436,-0.05911572472126105,0.22145328719723184,0.08882737408688965,-0.06698961937716265,0.29287197231833906,-0.14173010380622836,0.002214532871972318,-0.01574778931180315,-0.05173394848135333,0.07111111111111111,0.01384083044982699,0.2679584775086506,0.044844290657439445,0.09842368319876971,-0.0015378700499807767,0.017777777777777778,0.022206843521722412,-0.017777777777777778,-0.044844290657439445,-0.029773164167627833,-0.05536332179930796,0.17279507881584008,0.15378700499807765,-0.044844290657439445,0.07111111111111111,-0.08882737408688965,0.24415224913494812,-0.024605920799692427,-0.10340638216070744,0.024605920799692427,0.09842368319876971,0.05536332179930796,0.06698961937716265,0.006151480199923107,0.008858131487889272,-0.14769703960015382,-0.2069357939254133,-0.0271280276816609,-0.08421376393694734,-0.01384083044982699,,,,,0.0009849444031715393,-0.011229566298425198,0.7999741435050964,0.14110898971557617,-0.28592976927757263,-0.2835369110107422,0.6845231652259827,-0.6260495781898499,-0.4622294306755066,0.4570697844028473,-0.5469356179237366,-0.3029986619949341,177.61724853515625,0.0640474185347557
EXPC-021,130.6350747418143,46.62813280056471,-0.05536332179930796,6.151480199923106e-05,0.08421376393694734,-0.28444444444444444,-0.09356401384083046,-0.09842368319876971,-0.2761399461745483,0.2519646289888504,0.05173394848135333,0.041584006151480196,0.01384083044982699,-0.003936947327950788,0.03254133025759323,0.08421376393694734,-0.14173010380622836,0.16633602460592078,0.01574778931180315,-0.1085121107266436,-0.07972318339100345,-0.010396001537870049,-0.07535563244905807,0.017777777777777778,0.029773164167627833,0.05173394848135333,-0.15378700499807765,0.05536332179930796,0.041584006151480196,-0.03254133025759323,0.3188927335640138,-0.21413302575932336,0.01384083044982699,-0.10340638216070744,-0.1085121107266436,-0.04822760476739715,0.003936947327950788,0.3553094963475586,0.004982698961937716,0.041584006151480196,0.04822760476739715,0.07111111111111111,-0.044844290657439445,0.10340638216070744,-0.07972318339100345,-0.05536332179930796,-0.07535563244905807,0.29287197231833906,0.13588619761630144,0.024605920799692427,0.03254133025759323,-0.09842368319876971,0.19986159169550174,-0.006151480199923107,-0.09356401384083046,-0.010396001537870049,0.002214532871972318,-0.0629911572472126,0.0271280276816609,0.010396001537870049,-0.10340638216070744,-0.16633602460592078,-0.2679584775086506,-0.09356401384083046,-0.08882737408688965,0.03543252595155709,,,,,0.01136020291596651,-0.02602298930287361,0.8293609619140625,0.13930605351924896,-0.28429654240608215,-0.024661893025040627,0.723770022392273,-0.6475920677185059,-0.3564407527446747,0.23120945692062378,-0.4150405526161194,-0.15663030743598938,138.03192138671875,0.0630452111363411
EXPC-022,130.15088280367388,42.90865836666783,-0.05911572472126105,-0.004982698961937716,0.3188927335640138,-0.24415224913494812,-0.07535563244905807,0.07535563244905807,-0.2599000384467512,0.29287197231833906,0.05173394848135333,-0.05173394848135333,0.186082276047674,0.08421376393694734,0.10340638216070744,0.14769703960015382,-0.05911572472126105,-0.07111111111111111,-0.01384083044982699,0.03254133025759323,-0.08882737408688965,0.022206843521722412,-0.11374086889657825,-0.004982698961937716,0.08421376393694734,0.008858131487889272,-0.14769703960015382,0.07972318339100345,0.03543252595155709,-0.1085121107266436,0.07111111111111111,-0.07535563244905807,-0.03543252595155709,-0.0271280276816609,-0.09842368319876971,0.012056901191849288,-0.12456747404844293,0.24415224913494812,-0.08421376393694734,0.012056901191849288,0.12456747404844293,0.041584006151480196,0.008858131487889272,0.044844290657439445,0.019930795847750864,-0.06698961937716265,-0.11374086889657825,0.22145328719723184,0.2364628988850442,-0.03543252595155709,0.10340638216070744,-0.22145328719723184,0.17937716262975778,0.15378700499807765,-0.10340638216070744,-0.029773164167627833,0.04822760476739715,-0.06698961937716265,0.029773164167627833,0.05173394848135333,-0.11374086889657825,-0.11909265667051133,-0.2364628988850442,-0.08882737408688965,-0.186082276047674,0.0015378700499807767,-19.19167886330441,-28.732734367043342,-12.39664103085411,-16.54884062428216,0.10205503553152084,-0.21365554630756378,-0.21561124920845032,0.11538461595773697,-0.21279212832450867,-0.27710843086242676,0.36261311173439026,-0.38648101687431335,-0.24624085426330566,0.2646464705467224,-0.40076079964637756,-0.350787878036499,41.37104034423828,0.31866714358329773
EXPC-023,132.2013772712051,47.442365774090646,-0.03844675124951941,0.010396001537870049,0.044844290657439445,-0.2761399461745483,-0.07111111111111111,-0.05536332179930796,-0.28444444444444444,0.22145328719723184,0.007443291041906958,0.05911572472126105,-0.010396001537870049,-0.03254133025759323,-0.01574778931180315,0.09356401384083046,-0.14173010380622836,0.2288965782391388,0.004982698961937716,-0.12456747404844293,-0.07972318339100345,0.012056901191849288,-0.08421376393694734,0.024605920799692427,0.029773164167627833,0.05911572472126105,-0.12456747404844293,0.09356401384083046,0.06698961937716265,-0.0271280276816609,0.31009611687812383,-0.2069357939254133,-0.008858131487889272,-0.13588619761630144,-0.11374086889657825,-0.022206843521722412,0.05536332179930796,0.34602076124567477,0.05173394848135333,0.05173394848135333,0.024605920799692427,0.0629911572472126,-0.05536332179930796,0.09842368319876971,-0.07972318339100345,-0.08421376393694734,-0.08882737408688965,0.2679584775086506,0.11374086889657825,0.044844290657439445,0.05911572472126105,-0.03254133025759323,0.21413302575932336,-0.08421376393694734,-0.09356401384083046,-0.0271280276816609,0.01574778931180315,-0.15378700499807765,-0.029773164167627833,-0.019930795847750864,-0.03844675124951941,-0.16000000000000003,-0.2364628988850442,-0.08882737408688965,-0.13016532103037293,0.06698961937716265,,,,,0.0019106317777186632,-0.024193547666072845,0.8085007071495056,0.170699805021286,-0.31327953934669495,-0.255073606967926,0.7372721433639526,-0.6345357894897461,-0.3322528302669525,0.2933647632598877,-0.4523449242115021,-0.11410216987133026,57.98233413696289,0.014508984982967377
EXPC-024,130.2931759446784,45.13091071652271,-0.019930795847750864,0.010396001537870049,0.07111111111111111,-0.3014225297962323,-0.004982698961937716,-0.11374086889657825,-0.2599000384467512,0.3278123798539023,0.07535563244905807,-0.041584006151480196,0.041584006151480196,0.11374086889657825,-0.0271280276816609,0.14769703960015382,-0.10340638216070744,0.10340638216070744,0.01384083044982699,-0.01574778931180315,-0.0629911572472126,0.008858131487889272,-0.008858131487889272,-0.041584006151480196,0.09356401384083046,-0.007443291041906958,-0.09842368319876971,0.022206843521722412,0.08882737408688965,-0.03254133025759323,0.2288965782391388,-0.14173010380622836,-0.07972318339100345,-0.14769703960015382,-0.06698961937716265,-0.01574778931180315,0.03543252595155709,0.3278123798539023,0.019930795847750864,-0.0271280276816609,0.1085121107266436,0.08882737408688965,-0.05911572472126105,0.11374086889657825,-0.03543252595155709,-0.12456747404844293,-0.13588619761630144,0.2288965782391388,0.24415224913494812,-0.05911572472126105,-0.03254133025759323,-0.06698961937716265,0.22145328719723184,0.03844675124951941,-0.07972318339100345,-0.029773164167627833,0.05536332179930796,0.05173394848135333,-0.05173394848135333,0.05536332179930796,-0.0629911572472126,-0.24415224913494812,-0.2519646289888504,-0.017777777777777778,-0.07535563244905807,-0.044844290657439445,-18.38068519322515,-28.786653186860537,-10.884825340161129,-14.802101591227977,0.012697792612016201,-0.033698901534080505,0.8175907731056213,0.15735752880573273,-0.30041414499282837,-0.4383631646633148,0.3439057469367981,-0.43492984771728516,-0.4306604862213135,0.48275861144065857,-0.5981416702270508,-0.4529644250869751,356.515380859375,0.1618894636631012
EXPC-025,130.22912606492068,42.90982617653719,-0.07535563244905807,-0.05536332179930796,0.2519646289888504,-0.24415224913494812,-0.1929104190695886,0.01384083044982699,-0.2364628988850442,0.2364628988850442,0.03543252595155709,0.05536332179930796,0.044844290657439445,-0.002214532871972318,0.186082276047674,0.11374086889657825,-0.05536332179930796,-0.06698961937716265,-0.08421376393694734,-0.0271280276816609,-0.07111111111111111,-0.012056901191849288,-0.11909265667051133,0.0015378700499807767,-0.03844675124951941,0.1085121107266436,-0.17279507881584008,0.08421376393694734,-0.044844290657439445,-0.13588619761630144,0.21413302575932336,-0.1085121107266436,0.029773164167627833,-0.05911572472126105,-0.07111111111111111,-0.05536332179930796,-0.09356401384083046,0.31009611687812383,-0.044844290657439445,-0.022206843521722412,0.09356401384083046,0.008858131487889272,-0.024605920799692427,0.041584006151480196,-0.05536332179930796,-0.0629911572472126,-0.07535563244905807,0.186082276047674,0.1929104190695886,0.05911572472126105,0.07111111111111111,-0.10340638216070744,0.14769703960015382,0.13588619761630144,-0.13588619761630144,-0.04822760476739715,0.024605920799692427,-0.11909265667051133,0.07972318339100345,0.00024605920799692423,-0.2069357939254133,-0.14173010380622836,-0.2519646289888504,-0.14173010380622836,-0.17937716262975778,0.041584006151480196,-15.945381293880747,-28.85272297891403,-11.443450519437233,-17.951564371625203,0.14930850267410278,-0.23856838047504425,-0.10360468178987503,0.16488730907440186,-0.2477763593196869,-0.23041923344135284,0.700768768787384,-0.603568434715271,-0.4035235047340393,0.4389328956604004,-0.5240617990493774,-0.3029421269893646,38.958003997802734,0.31866714358329773
EXPC-026,132.29794616424795,47.440658975050816,0.029773164167627833,0.09356401384083046,0.1085121107266436,-0.3278123798539023,0.07111111111111111,-0.003014225297962322,-0.2761399461745483,0.21413302575932336,-0.029773164167627833,-0.0271280276816609,0.08882737408688965,-0.11909265667051133,-0.10340638216070744,0.05911572472126105,-0.1929104190695886,0.2364628988850442,0.05911572472126105,-0.04822760476739715,-0.0629911572472126,0.05536332179930796,0.003014225297962322,0.010396001537870049,0.14173010380622836,-0.07111111111111111,-0.022206843521722412,0.17279507881584008,0.17279507881584008,-0.09356401384083046,0.3278123798539023,-0.13016532103037293,0.008858131487889272,-0.05911572472126105,-0.09356401384083046,0.05911572472126105,-0.03543252595155709,0.28444444444444444,0.08882737408688965,0.14173010380622836,0.06698961937716265,0.03543252595155709,0.03844675124951941,-0.017777777777777778,-0.07972318339100345,0.003014225297962322,-0.024605920799692427,0.21413302575932336,0.11374086889657825,-0.0005536332179930795,0.07111111111111111,-0.017777777777777778,0.2679584775086506,-0.11909265667051133,-0.03844675124951941,0.010396001537870049,-0.04822760476739715,-0.03254133025759323,-0.0629911572472126,-0.03844675124951941,0.03543252595155709,-0.14769703960015382,-0.2069357939254133,-0.012056901191849288,-0.09842368319876971,0.01384083044982699,,,,,0.010188518092036247,-0.027234939858317375,0.8264414668083191,0.17232094705104828,-0.2935234606266022,-0.44915449619293213,0.5961405634880066,-0.645178496837616,-0.4792806804180145,0.2862493395805359,-0.3651334345340729,-0.224956676363945,55.981285095214844,0.014508984982967377
EXPC-027,131.75042299857708,46.4266406823367,-0.04822760476739715,0.13016532103037293,0.15378700499807765,-0.3188927335640138,-0.004982698961937716,-0.10340638216070744,-0.2519646289888504,0.37425605536332185,0.11374086889657825,-0.07972318339100345,0.11374086889657825,0.041584006151480196,-0.017777777777777778,0.08421376393694734,-0.16000000000000003,0.1085121107266436,0.041584006151480196,0.007443291041906958,-0.07972318339100345,-0.010396001537870049,0.012056901191849288,0.019930795847750864,0.17279507881584008,0.006151480199923107,-0.04822760476739715,0.13588619761630144,0.041584006151480196,-0.022206843521722412,0.2069357939254133,-0.14769703960015382,-0.04822760476739715,-0.11374086889657825,-0.05536332179930796,0.03254133025759323,-0.00024605920799692423,0.2599000384467512,0.019930795847750864,0.06698961937716265,0.09356401384083046,0.006151480199923107,0.01384083044982699,0.07535563244905807,0.019930795847750864,-0.09842368319876971,-0.15378700499807765,0.2364628988850442,0.21413302575932336,-0.05911572472126105,0.0271280276816609,-0.09842368319876971,0.186082276047674,0.07972318339100345,-0.04822760476739715,-0.006151480199923107,0.024605920799692427,0.07111111111111111,0.01574778931180315,0.10340638216070744,-0.05536332179930796,-0.2069357939254133,-0.2069357939254133,-0.041584006151480196,-0.17279507881584008,-0.07535563244905807,,,,,0.05792783945798874,-0.09078498184680939,0.5756320953369141,0.15102501213550568,-0.31358659267425537,-0.4044138193130493,0.48856207728385925,-0.42510753870010376,-0.20325203239917755,0.3208431005477905,-0.4853273034095764,-0.2643183767795563,207.296875,0.09111568331718445
EXPC-028,130.28670807463274,44.67151228022398,-0.0271280276816609,0.14769703960015382,0.16000000000000003,-0.4340484429065744,0.017777777777777778,-0.000984236831987697,-0.17279507881584008,0.2679584775086506,0.03844675124951941,-0.1085121107266436,0.05173394848135333,-0.08882737408688965,-0.07535563244905807,0.04822760476739715,-0.17279507881584008,0.1085121107266436,0.044844290657439445,0.11909265667051133,-0.05173394848135333,0.002214532871972318,0.002214532871972318,0.05173394848135333,0.2288965782391388,-0.06698961937716265,-0.03844675124951941,0.13016532103037293,0.03543252595155709,-0.13016532103037293,0.16633602460592078,-0.08882737408688965,-0.012056901191849288,-0.07535563244905807,-0.003014225297962322,0.14769703960015382,-0.03543252595155709,0.15378700499807765,0.017777777777777778,0.16000000000000003,0.1085121107266436,0.0271280276816609,0.07535563244905807,0.05911572472126105,0.002214532871972318,0.012056901191849288,-0.08882737408688965,0.2364628988850442,0.12456747404844293,-0.008858131487889272,0.03254133025759323,-0.12456747404844293,0.31009611687812383,0.041584006151480196,-0.01574778931180315,0.07535563244905807,-0.024605920799692427,0.044844290657439445,-0.08882737408688965,0.06698961937716265,0.010396001537870049,-0.11374086889657825,-0.2679584775086506,-0.0015378700499807767,-0.14173010380622836,-0.11374086889657825,-11.561119622072988,-25.201460397459698,-6.699490858528745,-14.299993541781717,0.014541913755238056,-0.04146246984601021,0.6613579392433167,0.15390361845493317,-0.3055790364742279,-0.37611544132232666,0.31245651841163635,-0.3781512677669525,-0.40551868081092834,0.25343477725982666,-0.37555092573165894,-0.3844043016433716,519.3609008789062,0.130340114235878
EXPC-029,130.39513472942596,44.8197343021037,-0.006151480199923107,0.041584006151480196,0.2761399461745483,-0.3188927335640138,-0.11909265667051133,-0.0629911572472126,-0.2679584775086506,0.39369473279507883,0.09842368319876971,-0.044844290657439445,0.09842368319876971,0.004982698961937716,0.012056901191849288,0.0629911572472126,-0.06698961937716265,0.0271280276816609,0.010396001537870049,0.09842368319876971,-0.11374086889657825,-0.07972318339100345,-0.022206843521722412,0.019930795847750864,0.13016532103037293,-0.006151480199923107,-0.041584006151480196,0.14769703960015382,-0.007443291041906958,-0.006151480199923107,0.13016532103037293,-0.05173394848135333,0.044844290657439445,-0.010396001537870049,-0.002214532871972318,0.09842368319876971,-0.0271280276816609,0.24415224913494812,0.03844675124951941,0.004982698961937716,0.11374086889657825,0.09356401384083046,-0.03543252595155709,0.08882737408688965,-0.024605920799692427,-0.04822760476739715,-0.17937716262975778,0.19986159169550174,0.19986159169550174,-0.06698961937716265,-0.04822760476739715,-0.13016532103037293,0.2519646289888504,0.06698961937716265,-0.044844290657439445,0.017777777777777778,-0.022206843521722412,0.008858131487889272,-6.151480199923106e-05,0.07111111111111111,-0.16000000000000003,-0.1085121107266436,-0.17279507881584008,-0.07111111111111111,-0.24415224913494812,-0.05173394848135333,-14.174306232545423,-20.890259477440033,-11.695297677327876,-16.743250768055322,0.06031172350049019,-0.12021955847740173,0.3271532654762268,0.12772276997566223,-0.2769058346748352,-0.39535972476005554,0.546009361743927,-0.5025002956390381,-0.38640275597572327,0.5182723999023438,-0.6191319823265076,-0.33795225620269775,499.07098388671875,0.130340114235878
EXPC-030,130.67352263597462,46.22164513450063,-0.07535563244905807,0.11909265667051133,0.14769703960015382,-0.28444444444444444,-0.04822760476739715,-0.07111111111111111,-0.21413302575932336,0.34602076124567477,0.13588619761630144,-0.12456747404844293,0.15378700499807765,-0.004982698961937716,-0.01384083044982699,0.1085121107266436,-0.08421376393694734,0.12456747404844293,0.0629911572472126,-0.010396001537870049,-0.11374086889657825,-0.01574778931180315,0.008858131487889272,0.006151480199923107,0.186082276047674,0.003014225297962322,-0.06698961937716265,0.2288965782391388,0.09356401384083046,-0.024605920799692427,0.21413302575932336,-0.14173010380622836,-0.0005536332179930795,-0.09356401384083046,-0.01384083044982699,0.05536332179930796,0.10340638216070744,0.19986159169550174,-0.0271280276816609,0.1085121107266436,0.07535563244905807,-0.012056901191849288,0.003936947327950788,-0.017777777777777778,0.01574778931180315,-0.09356401384083046,-0.14769703960015382,0.21413302575932336,0.2069357939254133,0.007443291041906958,0.044844290657439445,-0.029773164167627833,0.22145328719723184,0.06698961937716265,-0.13588619761630144,0.010396001537870049,0.13588619761630144,0.05911572472126105,0.03543252595155709,0.04822760476739715,-0.07111111111111111,-0.24415224913494812,-0.2288965782391388,-0.03543252595155709,-0.11374086889657825,0.007443291041906958,,,,,0.017127979546785355,-0.04468369483947754,0.7707056403160095,0.13670192658901215,-0.2778511643409729,-0.34609249234199524,0.17739816009998322,-0.26886504888534546,-0.3295612633228302,0.265849769115448,-0.42659860849380493,-0.5063323974609375,234.48208618164062,0.0630452111363411
EXPC-031,130.60336421228487,47.25812130931773,-0.003936947327950788,0.09842368319876971,0.08421376393694734,-0.3553094963475586,0.019930795847750864,-0.01384083044982699,-0.2364628988850442,0.2519646289888504,0.007443291041906958,-0.09842368319876971,0.15378700499807765,-0.11909265667051133,-0.041584006151480196,0.022206843521722412,-0.14769703960015382,0.14769703960015382,-0.022206843521722412,0.01574778931180315,-0.007443291041906958,0.13588619761630144,-0.0629911572472126,0.05536332179930796,0.186082276047674,-0.07972318339100345,-0.003014225297962322,0.13016532103037293,0.12456747404844293,-0.10340638216070744,0.29287197231833906,-0.14173010380622836,-0.041584006151480196,-0.05911572472126105,-0.07972318339100345,0.13016532103037293,-0.09356401384083046,0.1929104190695886,0.01574778931180315,0.14173010380622836,0.14769703960015382,0.05911572472126105,0.07111111111111111,0.08421376393694734,-0.05173394848135333,-0.017777777777777778,0.00024605920799692423,0.2519646289888504,0.13588619761630144,0.022206843521722412,0.13588619761630144,-0.01384083044982699,0.2599000384467512,-0.05536332179930796,-0.10340638216070744,-0.024605920799692427,-0.029773164167627833,0.03543252595155709,0.002214532871972318,-0.003936947327950788,-0.05536332179930796,-0.2288965782391388,-0.2069357939254133,0.022206843521722412,-0.07535563244905807,-0.010396001537870049,,,,,0.0336073599755764,-0.06341207027435303,0.6861538290977478,0.18462154269218445,-0.29001307487487793,-0.5160523056983948,0.7624636888504028,-0.7076905965805054,-0.6017183065414429,0.30551180243492126,-0.44048652052879333,-0.5217229723930359,74.63064575195312,0.16319327056407928
EXPC-032,130.80368852064353,46.09165891288853,-0.10340638216070744,-0.07972318339100345,0.07535563244905807,-0.2599000384467512,-0.11374086889657825,-0.08421376393694734,-0.2761399461745483,0.28444444444444444,0.08882737408688965,0.03844675124951941,0.041584006151480196,-0.003014225297962322,0.03844675124951941,0.09356401384083046,-0.07972318339100345,0.17279507881584008,0.010396001537870049,-0.13588619761630144,-0.08882737408688965,-0.05536332179930796,-0.10340638216070744,-0.022206843521722412,-0.01384083044982699,0.06698961937716265,-0.11909265667051133,0.12456747404844293,0.09356401384083046,-0.003936947327950788,0.2599000384467512,-0.1929104190695886,-0.07111111111111111,-0.11374086889657825,-0.17279507881584008,-0.07111111111111111,0.024605920799692427,0.3553094963475586,0.003936947327950788,-0.004982698961937716,0.05911572472126105,0.10340638216070744,-0.012056901191849288,0.09356401384083046,-0.0629911572472126,-0.07111111111111111,-0.13588619761630144,0.28444444444444444,0.16633602460592078,-0.000984236831987697,-0.010396001537870049,-0.11374086889657825,0.17279507881584008,0.010396001537870049,-0.07535563244905807,-0.041584006151480196,0.05536332179930796,-0.07972318339100345,0.019930795847750864,0.04822760476739715,-0.08882737408688965,-0.16633602460592078,-0.21413302575932336,-0.05911572472126105,-0.09356401384083046,0.004982698961937716,,,,,0.008999999612569809,-0.032283734530210495,0.8307526707649231,0.1407129466533661,-0.2596684992313385,-0.3333333432674408,0.7711381316184998,-0.6657010316848755,-0.25811636447906494,0.2433418482542038,-0.407101571559906,-0.13986223936080933,179.01959228515625,0.0630452111363411
EXPC-033,132.1757752856077,45.533535626865074,-0.09356401384083046,-0.0271280276816609,0.07111111111111111,-0.2679584775086506,-0.08421376393694734,-0.09356401384083046,-0.2679584775086506,0.24415224913494812,0.008858131487889272,0.11909265667051133,0.003014225297962322,-0.05173394848135333,0.04822760476739715,0.07111111111111111,-0.186082276047674,0.12456747404844293,-0.05173394848135333,-0.13588619761630144,-0.09842368319876971,-0.010396001537870049,-0.11374086889657825,0.007443291041906958,-0.029773164167627833,0.05173394848135333,-0.08882737408688965,0.13588619761630144,0.022206843521722412,0.019930795847750864,0.29287197231833906,-0.17937716262975778,-0.04822760476739715,-0.10340638216070744,-0.17279507881584008,-0.03254133025759323,0.05911572472126105,0.33685505574778934,0.08421376393694734,0.06698961937716265,0.07535563244905807,0.05173394848135333,-0.022206843521722412,0.05536332179930796,-0.07111111111111111,-0.09356401384083046,-0.06698961937716265,0.3188927335640138,0.15378700499807765,-0.007443291041906958,-0.007443291041906958,-0.024605920799692427,0.17937716262975778,0.029773164167627833,-0.04822760476739715,-0.044844290657439445,0.01574778931180315,-0.06698961937716265,0.06698961937716265,0.03543252595155709,-0.09356401384083046,-0.19986159169550174,-0.2364628988850442,-0.05173394848135333,-0.09842368319876971,0.01384083044982699,,,,,0.023325808346271515,-0.048573631793260574,0.7910014390945435,0.15615743398666382,-0.25985705852508545,-0.1924528330564499,0.5953890681266785,-0.46843501925468445,-0.3146374821662903,0.44517016410827637,-0.5698282122612,-0.3560648262500763,124.607177734375,0.09055157005786896
EXPC-034,134.47411494002748,48.205664271007,-0.03254133025759323,0.05536332179930796,0.10340638216070744,-0.3014225297962323,-0.029773164167627833,-0.09842368319876971,-0.2519646289888504,0.2679584775086506,0.07535563244905807,-0.01384083044982699,0.03543252595155709,0.08421376393694734,-0.03254133025759323,0.14769703960015382,-0.15378700499807765,0.22145328719723184,0.03844675124951941,-0.09356401384083046,-0.05536332179930796,0.01384083044982699,-0.006151480199923107,-0.019930795847750864,0.09842368319876971,-0.03254133025759323,-0.13016532103037293,0.13588619761630144,0.09356401384083046,-0.03254133025759323,0.3014225297962323,-0.22145328719723184,-0.05173394848135333,-0.09356401384083046,-0.08882737408688965,0.01384083044982699,-0.01384083044982699,0.24415224913494812,-0.0015378700499807767,0.07111111111111111,0.0629911572472126,0.03254133025759323,-0.022206843521722412,0.11374086889657825,-0.07972318339100345,-0.09356401384083046,-0.08882737408688965,0.22145328719723184,0.1929104190695886,-0.03844675124951941,0.03543252595155709,-0.008858131487889272,0.186082276047674,-0.022206843521722412,-0.12456747404844293,-0.029773164167627833,0.041584006151480196,0.08421376393694734,0.017777777777777778,-0.04822760476739715,-0.029773164167627833,-0.29287197231833906,-0.24415224913494812,-0.022206843521722412,-0.06698961937716265,0.041584006151480196,,,,,0.007142405491322279,-0.021475736051797867,0.8102467060089111,0.2072574943304062,-0.307634174823761,-0.24671052396297455,0.7209302186965942,-0.642011821269989,-0.5070279240608215,0.649560809135437,-0.6946093440055847,-0.47219371795654297,55.94578170776367,0.04811146482825279
EXPC-035,130.4863137307641,48.85290043321512,-0.03254133025759323,-0.008858131487889272,0.09842368319876971,-0.2679584775086506,-0.09842368319876971,-0.08882737408688965,-0.29287197231833906,0.2364628988850442,0.024605920799692427,0.0629911572472126,0.00024605920799692423,-0.03254133025759323,0.012056901191849288,0.07111111111111111,-0.14769703960015382,0.19986159169550174,0.029773164167627833,-0.14173010380622836,-0.09842368319876971,0.019930795847750864,-0.0629911572472126,0.01384083044982699,0.03844675124951941,0.017777777777777778,-0.12456747404844293,0.06698961937716265,0.0629911572472126,-0.05173394848135333,0.34602076124567477,-0.17279507881584008,-0.01384083044982699,-0.06698961937716265,-0.14173010380622836,-0.03844675124951941,0.0015378700499807767,0.34602076124567477,0.07111111111111111,0.044844290657439445,0.024605920799692427,0.04822760476739715,-0.008858131487889272,0.12456747404844293,-0.12456747404844293,-0.03543252595155709,-0.022206843521722412,0.2679584775086506,0.13588619761630144,-0.024605920799692427,0.03844675124951941,-0.04822760476739715,0.19986159169550174,-0.05536332179930796,-0.10340638216070744,-0.022206843521722412,0.012056901191849288,-0.07535563244905807,0.03543252595155709,-0.041584006151480196,-0.10340638216070744,-0.17279507881584008,-0.2599000384467512,-0.08421376393694734,-0.10340638216070744,0.05536332179930796,,,,,0.009071877226233482,-0.024079320952296257,0.7999346852302551,0.18491920828819275,-0.3423728942871094,-0.2755787968635559,0.7974322438240051,-0.6865212321281433,-0.43525439500808716,0.4997226893901825,-0.6206173300743103,-0.26806706190109253,90.5702133178711,0.0640474185347557
EXPC-036,130.1268977855879,47.340766315456726,-0.08882737408688965,-0.044844290657439445,0.09356401384083046,-0.28444444444444444,-0.12456747404844293,-0.12456747404844293,-0.2679584775086506,0.28444444444444444,0.09356401384083046,0.04822760476739715,0.07111111111111111,-0.041584006151480196,0.07972318339100345,0.03254133025759323,-0.13016532103037293,0.08421376393694734,-0.017777777777777778,-0.10340638216070744,-0.11909265667051133,-0.004982698961937716,-0.05536332179930796,0.03844675124951941,-0.003936947327950788,0.044844290657439445,-0.13016532103037293,0.05536332179930796,0.002214532871972318,-0.0271280276816609,0.33685505574778934,-0.16000000000000003,-0.008858131487889272,-0.07535563244905807,-0.13016532103037293,-0.05911572472126105,-0.01384083044982699,0.34602076124567477,0.029773164167627833,0.03844675124951941,0.07535563244905807,-0.006151480199923107,-0.05536332179930796,0.06698961937716265,-0.0629911572472126,-0.03254133025759323,-0.08421376393694734,0.3014225297962323,0.17937716262975778,-0.03254133025759323,0.01574778931180315,-0.06698961937716265,0.14173010380622836,0.04822760476739715,-0.1085121107266436,-0.0271280276816609,0.022206843521722412,0.003014225297962322,0.1085121107266436,0.0271280276816609,-0.13588619761630144,-0.186082276047674,-0.2288965782391388,-0.08421376393694734,-0.08882737408688965,0.004982698961937716,,,,,0.016011644154787064,-0.05485869571566582,0.7360166311264038,0.15785089135169983,-0.2705667316913605,-0.26721763610839844,0.8698421716690063,-0.7277379631996155,-0.5064935088157654,0.46572935581207275,-0.5191256999969482,-0.1332082599401474,156.360595703125,0.16319327056407928
EXPC-037,130.10695518628043,46.30437997216804,-0.08882737408688965,0.00024605920799692423,0.13588619761630144,-0.2761399461745483,-0.07972318339100345,-0.10340638216070744,-0.31009611687812383,0.29287197231833906,0.11374086889657825,-0.05173394848135333,0.09356401384083046,-0.010396001537870049,0.07972318339100345,0.12456747404844293,-0.12456747404844293,0.09842368319876971,-0.010396001537870049,-0.0629911572472126,-0.07111111111111111,-0.044844290657439445,-0.05911572472126105,0.019930795847750864,0.05173394848135333,0.029773164167627833,-0.13588619761630144,0.11374086889657825,0.07535563244905807,0.041584006151480196,0.28444444444444444,-0.1929104190695886,0.019930795847750864,-0.12456747404844293,-0.13016532103037293,0.008858131487889272,0.017777777777777778,0.3278123798539023,-0.041584006151480196,0.07972318339100345,0.07972318339100345,0.024605920799692427,-0.041584006151480196,0.044844290657439445,-0.012056901191849288,-0.09356401384083046,-0.13016532103037293,0.2599000384467512,0.14769703960015382,0.041584006151480196,0.008858131487889272,-0.05173394848135333,0.17279507881584008,0.03543252595155709,-0.12456747404844293,-0.04822760476739715,0.05911572472126105,0.022206843521722412,0.07111111111111111,0.05173394848135333,-0.13016532103037293,-0.1929104190695886,-0.2069357939254133,-0.03543252595155709,-0.12456747404844293,0.019930795847750864,,,,,0.030873147770762444,-0.05631250888109207,0.7145302295684814,0.17039106786251068,-0.3145098090171814,-0.45612943172454834,0.8140729069709778,-0.7472174167633057,-0.4296875,0.2552727162837982,-0.43177103996276855,-0.24538694322109222,133.7148895263672,0.0630452111363411
EXPC-038,131.75078232469073,45.23906787673069,-0.09842368319876971,0.017777777777777778,0.10340638216070744,-0.24415224913494812,-0.09356401384083046,-0.1085121107266436,-0.29287197231833906,0.3014225297962323,0.044844290657439445,0.01384083044982699,0.07535563244905807,-0.06698961937716265,0.04822760476739715,0.11909265667051133,-0.14769703960015382,0.11909265667051133,0.044844290657439445,-0.16000000000000003,-0.15378700499807765,-0.006151480199923107,-0.08421376393694734,-0.07972318339100345,0.024605920799692427,-0.044844290657439445,-0.08421376393694734,0.2069357939254133,0.11374086889657825,0.017777777777777778,0.29287197231833906,-0.17937716262975778,0.006151480199923107,-0.10340638216070744,-0.07111111111111111,0.01574778931180315,0.03254133025759323,0.29287197231833906,0.03254133025759323,0.12456747404844293,0.05536332179930796,0.029773164167627833,-0.044844290657439445,-0.0015378700499807767,-0.03254133025759323,-0.044844290657439445,-0.0629911572472126,0.2599000384467512,0.15378700499807765,0.07535563244905807,-0.010396001537870049,-0.04822760476739715,0.17279507881584008,0.01384083044982699,-0.11374086889657825,0.041584006151480196,0.11909265667051133,0.003936947327950788,0.08421376393694734,-0.002214532871972318,-0.05173394848135333,-0.21413302575932336,-0.2364628988850442,-0.03543252595155709,-0.041584006151480196,0.04822760476739715,,,,,-0.006112469360232353,0.0006146281375549734,0.8058791160583496,0.15444014966487885,-0.2624911963939667,-0.20950405299663544,0.42539316415786743,-0.37680622935295105,-0.2872881293296814,0.31506848335266113,-0.4593077600002289,-0.1910426914691925,146.2233123779297,0.10226807743310928
EXPC-039,130.81285133654154,47.44029964893717,0.007443291041906958,0.09842368319876971,0.16633602460592078,-0.36472126105344094,0.03254133025759323,-0.01384083044982699,-0.21413302575932336,0.2519646289888504,-0.010396001537870049,-0.07972318339100345,0.13016532103037293,-0.10340638216070744,-0.07535563244905807,0.1085121107266436,-0.19986159169550174,0.2364628988850442,0.05536332179930796,-0.044844290657439445,-0.05911572472126105,0.07535563244905807,-0.0005536332179930795,0.008858131487889272,0.2069357939254133,-0.12456747404844293,-0.019930795847750864,0.19986159169550174,0.10340638216070744,-0.05173394848135333,0.29287197231833906,-0.14769703960015382,-0.029773164167627833,-0.0271280276816609,-0.08882737408688965,0.13588619761630144,-0.05536332179930796,0.186082276047674,0.01574778931180315,0.14173010380622836,0.041584006151480196,0.0629911572472126,0.03254133025759323,0.05911572472126105,-0.05536332179930796,-0.019930795847750864,-0.029773164167627833,0.1929104190695886,0.14769703960015382,-0.04822760476739715,0.08882737408688965,-0.0629911572472126,0.2599000384467512,-0.05536332179930796,-0.07535563244905807,0.04822760476739715,-0.03844675124951941,0.07535563244905807,-0.007443291041906958,0.004982698961937716,0.024605920799692427,-0.14173010380622836,-0.22145328719723184,0.01384083044982699,-0.09356401384083046,0.017777777777777778,,,,,0.01851286180317402,-0.04037945345044136,0.8049066662788391,0.17521263659000397,-0.30561554431915283,-0.3497661352157593,0.8388671278953552,-0.7606863975524902,-0.5706431865692139,0.5224431157112122,-0.6130293011665344,-0.4752650260925293,79.21407318115234,0.16319327056407928
EXPC-040,130.6516037430421,43.8095787651113,-0.08421376393694734,-0.029773164167627833,0.15378700499807765,-0.03844675124951941,-0.019930795847750864,-0.17279507881584008,-0.09356401384083046,0.41362552864282975,0.22145328719723184,0.03844675124951941,0.34602076124567477,-0.10340638216070744,0.012056901191849288,-0.04822760476739715,-0.14769703960015382,0.08882737408688965,0.017777777777777778,0.008858131487889272,-0.2069357939254133,-0.14769703960015382,0.15378700499807765,-0.017777777777777778,0.044844290657439445,0.004982698961937716,0.17937716262975778,0.12456747404844293,-0.07535563244905807,0.07535563244905807,0.14173010380622836,0.05536332179930796,-0.022206843521722412,0.1085121107266436,0.010396001537870049,0.08421376393694734,0.12456747404844293,-0.044844290657439445,-0.01384083044982699,-0.14173010380622836,0.07111111111111111,-0.16000000000000003,-0.04822760476739715,-0.13016532103037293,0.11374086889657825,0.03254133025759323,-0.08421376393694734,0.024605920799692427,0.17279507881584008,-0.16000000000000003,0.14769703960015382,-0.05536332179930796,0.03844675124951941,0.044844290657439445,-0.10340638216070744,0.09842368319876971,0.07535563244905807,0.1929104190695886,0.17937716262975778,-0.044844290657439445,-0.07972318339100345,-0.05173394848135333,-0.1929104190695886,0.07111111111111111,-0.06698961937716265,0.05536332179930796,-11.462073151642084,-18.122639824752383,-5.513907667212415,-13.442650758393349,0.10247953981161118,-0.10952673852443695,0.11257871240377426,0.3567759692668915,-0.38078007102012634,-0.4827007055282593,0.8674829602241516,-0.762206494808197,-0.512977123260498,0.5531762838363647,-0.6047197580337524,-0.581740140914917,472.6399230957031,0.15145225822925568
EXPC-041,130.84447203454255,43.17384103853991,-0.01384083044982699,-0.002214532871972318,0.19986159169550174,-0.041584006151480196,0.019930795847750864,-0.2288965782391388,-0.17937716262975778,0.3839138792772011,0.14769703960015382,0.05536332179930796,0.24415224913494812,0.03844675124951941,-0.0629911572472126,-0.044844290657439445,-0.21413302575932336,0.04822760476739715,0.012056901191849288,-0.05536332179930796,-0.2519646289888504,0.041584006151480196,0.15378700499807765,-0.0629911572472126,0.07111111111111111,-0.019930795847750864,0.14173010380622836,-0.019930795847750864,-0.05173394848135333,0.003014225297962322,0.07972318339100345,0.0271280276816609,0.07972318339100345,0.186082276047674,0.10340638216070744,0.07111111111111111,-0.003014225297962322,0.13588619761630144,0.06698961937716265,-0.19986159169550174,0.05173394848135333,-0.07111111111111111,-0.11374086889657825,-0.0015378700499807767,0.01384083044982699,0.0629911572472126,-0.029773164167627833,0.10340638216070744,0.24415224913494812,-0.2519646289888504,0.024605920799692427,-0.09842368319876971,0.05173394848135333,-0.01574778931180315,-0.044844290657439445,0.11909265667051133,-0.010396001537870049,0.13016532103037293,0.07972318339100345,-0.11374086889657825,-0.07535563244905807,-0.07535563244905807,-0.15378700499807765,0.14769703960015382,-0.21413302575932336,-0.008858131487889272,-14.415051354529814,-22.143835596441725,-14.32957738762867,-20.71553186014441,0.056305836886167526,-0.11859185993671417,0.30234071612358093,0.3785310685634613,-0.415586918592453,-0.5225908160209656,0.8815651535987854,-0.7359073162078857,-0.5061371922492981,0.5555555820465088,-0.6478734016418457,-0.6820008754730225,819.6204223632812,0.15145225822925568
EXPC-042,130.41004676314236,45.117525818789325,-0.044844290657439445,-0.007443291041906958,0.13588619761630144,-0.08421376393694734,-0.008858131487889272,-0.17279507881584008,-0.15378700499807765,0.42377547097270285,0.17279507881584008,0.007443291041906958,0.31009611687812383,-0.012056901191849288,-0.006151480199923107,-0.029773164167627833,-0.17937716262975778,0.09842368319876971,-0.007443291041906958,-0.10340638216070744,-0.2519646289888504,0.024605920799692427,0.16633602460592078,-0.044844290657439445,0.0629911572472126,-0.003936947327950788,0.16633602460592078,0.07111111111111111,-0.01574778931180315,0.0629911572472126,0.13016532103037293,0.007443291041906958,0.019930795847750864,0.11909265667051133,0.03844675124951941,0.019930795847750864,0.10340638216070744,0.13588619761630144,0.017777777777777778,-0.1929104190695886,0.041584006151480196,-0.08882737408688965,-0.13588619761630144,-0.07535563244905807,0.06698961937716265,-0.007443291041906958,-0.08882737408688965,0.11374086889657825,0.24415224913494812,-0.2288965782391388,0.024605920799692427,-0.044844290657439445,0.08882737408688965,0.012056901191849288,-0.11374086889657825,0.0629911572472126,0.03254133025759323,0.14769703960015382,0.11374086889657825,-0.044844290657439445,-0.07972318339100345,-0.10340638216070744,-0.17279507881584008,0.09842368319876971,-0.17279507881584008,-0.05173394848135333,-16.690606044575837,-23.864501524135648,-12.269206712549632,-18.374794271618036,0.05055989325046539,-0.07397450506687164,0.44005393981933594,0.3060830235481262,-0.44207534193992615,-0.5459803342819214,0.8779819011688232,-0.7802155613899231,-0.5288779139518738,0.5708975195884705,-0.6854701042175293,-0.5080214142799377,593.4497680664062,0.1618894636631012
EXPC-043,130.04982233421043,43.22252972693919,-0.017777777777777778,0.07111111111111111,0.12456747404844293,-0.14173010380622836,0.044844290657439445,-0.24415224913494812,-0.14173010380622836,0.42377547097270285,0.17279507881584008,0.08882737408688965,0.08421376393694734,-0.041584006151480196,-0.05911572472126105,-0.05536332179930796,-0.29287197231833906,0.16000000000000003,-0.012056901191849288,-0.024605920799692427,-0.17279507881584008,-0.0629911572472126,0.15378700499807765,0.10340638216070744,-0.007443291041906958,0.006151480199923107,0.11909265667051133,-0.03254133025759323,-0.09356401384083046,0.07972318339100345,0.09356401384083046,-0.019930795847750864,0.03844675124951941,0.0629911572472126,-0.04822760476739715,0.05536332179930796,0.13016532103037293,0.14769703960015382,-0.01574778931180315,-0.2069357939254133,0.0015378700499807767,-0.09842368319876971,-0.019930795847750864,0.05173394848135333,0.019930795847750864,0.002214532871972318,-0.019930795847750864,0.2069357939254133,0.24415224913494812,-0.2364628988850442,-0.07535563244905807,-0.16633602460592078,0.07111111111111111,0.012056901191849288,-0.07535563244905807,0.03254133025759323,-0.01384083044982699,0.16000000000000003,0.07535563244905807,0.07535563244905807,-0.06698961937716265,-0.05911572472126105,-0.17279507881584008,0.07535563244905807,-0.1929104190695886,-0.05173394848135333,-11.840204634920877,-18.152772942640635,-8.846925662941313,-17.304187000214334,0.04214925318956375,-0.07118311524391174,0.5756818652153015,0.36943110823631287,-0.5073556900024414,-0.6004894375801086,0.8623794317245483,-0.7737852334976196,-0.5690392851829529,0.5322195887565613,-0.6768656969070435,-0.585844099521637,885.9483642578125,0.15145225822925568
EXPC-044,131.1852928533375,45.87085301605195,-0.029773164167627833,-0.07535563244905807,0.16633602460592078,-0.16000000000000003,-0.03254133025759323,-0.21413302575932336,-0.2069357939254133,0.37425605536332185,0.05173394848135333,0.05173394848135333,0.29287197231833906,-0.05536332179930796,0.008858131487889272,-0.03254133025759323,-0.2069357939254133,-0.0271280276816609,-0.05911572472126105,-0.10340638216070744,-0.186082276047674,0.0629911572472126,0.08882737408688965,0.008858131487889272,0.01574778931180315,-0.044844290657439445,0.12456747404844293,0.13016532103037293,-0.024605920799692427,0.05911572472126105,0.28444444444444444,0.002214532871972318,-0.024605920799692427,0.01574778931180315,-0.06698961937716265,0.05911572472126105,-0.019930795847750864,0.16633602460592078,0.09356401384083046,-0.14173010380622836,0.11374086889657825,-0.13016532103037293,-0.09356401384083046,-0.09356401384083046,-0.004982698961937716,0.0629911572472126,-0.05911572472126105,0.15378700499807765,0.2761399461745483,-0.16000000000000003,0.12456747404844293,-0.024605920799692427,0.05911572472126105,0.003014225297962322,-0.07535563244905807,-0.007443291041906958,-0.004982698961937716,0.10340638216070744,0.14769703960015382,-0.06698961937716265,-0.09356401384083046,-0.11909265667051133,-0.22145328719723184,0.05536332179930796,-0.07972318339100345,0.022206843521722412,,,,,0.13315649330615997,-0.15521903336048126,0.21793372929096222,0.45036572217941284,-0.31751304864883423,-0.41137945652008057,0.8438803553581238,-0.719684362411499,-0.464657187461853,0.49898168444633484,-0.5462185144424438,-0.5697211027145386,183.39102172851562,0.10226807743310928
EXPC-045,130.38264814697672,44.30086739399626,-0.05536332179930796,-0.044844290657439445,0.14173010380622836,-0.07972318339100345,-0.03254133025759323,-0.15378700499807765,-0.1085121107266436,0.4340484429065744,0.19986159169550174,0.07972318339100345,0.33685505574778934,-0.11374086889657825,0.03543252595155709,-0.03254133025759323,-0.14173010380622836,0.04822760476739715,-0.012056901191849288,-0.05536332179930796,-0.17279507881584008,-0.13016532103037293,0.14769703960015382,-0.03543252595155709,0.041584006151480196,-0.024605920799692427,0.17937716262975778,0.09356401384083046,-0.07972318339100345,0.10340638216070744,0.16000000000000003,0.0271280276816609,0.019930795847750864,0.1085121107266436,-0.01574778931180315,0.0629911572472126,0.1085121107266436,0.01574778931180315,-0.008858131487889272,-0.16000000000000003,0.08882737408688965,-0.16000000000000003,-0.03543252595155709,-0.12456747404844293,0.07535563244905807,0.07111111111111111,-0.07111111111111111,0.03844675124951941,0.21413302575932336,-0.22145328719723184,0.11374086889657825,-0.08421376393694734,0.044844290657439445,0.041584006151480196,-0.09842368319876971,0.07972318339100345,0.05173394848135333,0.186082276047674,0.186082276047674,-0.022206843521722412,-0.11374086889657825,-0.08421376393694734,-0.186082276047674,0.0629911572472126,-0.08421376393694734,0.03543252595155709,-12.765601284307344,-21.83587803944167,-9.288251811422823,-13.607020418461008,0.1226940006017685,-0.15412402153015137,0.015540296211838722,0.35062894225120544,-0.45654937624931335,-0.5550928115844727,0.8203346133232117,-0.6864194869995117,-0.44584915041923523,0.4487787187099457,-0.5657998323440552,-0.49988654255867004,513.0335083007812,0.130340114235878
EXPC-046,133.94195296571507,47.12382317434186,-0.07111111111111111,-0.041584006151480196,0.14173010380622836,-0.11374086889657825,-0.03254133025759323,-0.17279507881584008,-0.11374086889657825,0.40359861591695495,0.14769703960015382,-0.019930795847750864,0.3278123798539023,-0.07111111111111111,-0.017777777777777778,-0.0271280276816609,-0.19986159169550174,0.13016532103037293,0.004982698961937716,-0.14769703960015382,-0.13588619761630144,-0.05911572472126105,0.186082276047674,-0.003936947327950788,0.05911572472126105,-0.05536332179930796,0.17279507881584008,0.1085121107266436,0.007443291041906958,0.14173010380622836,0.21413302575932336,0.00024605920799692423,-0.019930795847750864,0.029773164167627833,-0.0629911572472126,0.029773164167627833,0.022206843521722412,0.11909265667051133,0.017777777777777778,-0.17937716262975778,0.03543252595155709,-0.14173010380622836,-0.06698961937716265,-0.10340638216070744,0.0015378700499807767,0.041584006151480196,-0.03844675124951941,0.09356401384083046,0.22145328719723184,-0.21413302575932336,0.1085121107266436,-0.04822760476739715,0.07111111111111111,-0.006151480199923107,-0.12456747404844293,-0.0271280276816609,0.03543252595155709,0.21413302575932336,0.1929104190695886,-0.010396001537870049,-0.019930795847750864,-0.07111111111111111,-0.1929104190695886,0.04822760476739715,-0.05911572472126105,0.0271280276816609,,,,,0.1079457700252533,-0.11637558043003082,0.3893420398235321,0.29660022258758545,-0.35955747961997986,-0.29973119497299194,0.9036964774131775,-0.8223722577095032,-0.6278956532478333,0.5968289971351624,-0.6381062865257263,-0.4331210255622864,109.48795318603516,0.06758864223957062
EXPC-047,131.03410639102017,46.62705482222377,-0.05173394848135333,-0.03254133025759323,0.13016532103037293,-0.07972318339100345,-0.010396001537870049,-0.14173010380622836,-0.14769703960015382,0.41362552864282975,0.16000000000000003,0.04822760476739715,0.33685505574778934,-0.029773164167627833,0.004982698961937716,-0.05173394848135333,-0.19986159169550174,0.07972318339100345,-0.008858131487889272,-0.09842368319876971,-0.22145328719723184,0.002214532871972318,0.17279507881584008,0.010396001537870049,0.007443291041906958,-0.01384083044982699,0.16633602460592078,0.06698961937716265,-0.008858131487889272,0.07972318339100345,0.15378700499807765,0.03254133025759323,0.010396001537870049,0.09842368319876971,-0.03254133025759323,0.019930795847750864,0.0629911572472126,0.07972318339100345,0.019930795847750864,-0.2288965782391388,0.0629911572472126,-0.11909265667051133,-0.11909265667051133,-0.10340638216070744,0.05536332179930796,0.022206843521722412,-0.04822760476739715,0.13588619761630144,0.2679584775086506,-0.2519646289888504,0.08882737408688965,-0.05536332179930796,0.029773164167627833,-0.003014225297962322,-0.08882737408688965,0.006151480199923107,0.019930795847750864,0.16000000000000003,0.17937716262975778,-0.03844675124951941,-0.07535563244905807,-0.10340638216070744,-0.16000000000000003,0.07111111111111111,-0.1085121107266436,-0.012056901191849288,,,,,0.08265306055545807,-0.11625460535287857,0.21431152522563934,0.48793482780456543,-0.5577427744865417,-0.4746687412261963,0.8517763614654541,-0.7371943593025208,-0.5300439596176147,0.49989768862724304,-0.5969498753547668,-0.5535714030265808,319.2935791015625,0.09111568331718445
EXPC-048,133.07364141208515,46.55258448517026,-0.07535563244905807,-0.024605920799692427,0.14173010380622836,-0.05173394848135333,-0.01574778931180315,-0.15378700499807765,-0.12456747404844293,0.42377547097270285,0.17937716262975778,-0.00024605920799692423,0.36472126105344094,-0.05911572472126105,-0.019930795847750864,-0.0629911572472126,-0.1929104190695886,0.08421376393694734,0.008858131487889272,-0.11374086889657825,-0.17937716262975778,-0.09356401384083046,0.15378700499807765,-0.044844290657439445,0.041584006151480196,-0.04822760476739715,0.1929104190695886,0.16000000000000003,-0.017777777777777778,0.10340638216070744,0.186082276047674,0.05173394848135333,-0.022206843521722412,0.08421376393694734,-0.022206843521722412,0.06698961937716265,0.022206843521722412,0.044844290657439445,0.03543252595155709,-0.16000000000000003,0.05536332179930796,-0.11374086889657825,-0.05536332179930796,-0.11909265667051133,0.04822760476739715,0.05173394848135333,-0.041584006151480196,0.0629911572472126,0.17937716262975778,-0.19986159169550174,0.17937716262975778,-0.04822760476739715,0.03254133025759323,0.029773164167627833,-0.09842368319876971,0.019930795847750864,0.03543252595155709,0.17279507881584008,0.2288965782391388,-0.041584006151480196,-0.05173394848135333,-0.06698961937716265,-0.17937716262975778,0.04822760476739715,-0.07111111111111111,0.07535563244905807,,,,,0.09047197550535202,-0.06159152463078499,0.26063212752342224,0.5042301416397095,-0.5237823128700256,-0.3917168378829956,0.9055345058441162,-0.8246158957481384,-0.6032799482345581,0.586870014667511,-0.6893752217292786,-0.6126760840415955,162.51959228515625,0.010071716271340847
EXPC-049,133.645149595842,47.384873595907,-0.044844290657439445,-0.03844675124951941,0.12456747404844293,-0.13588619761630144,-0.03254133025759323,-0.17279507881584008,-0.14173010380622836,0.42377547097270285,0.14173010380622836,-0.03543252595155709,0.3014225297962323,-0.04822760476739715,-0.01574778931180315,-0.003936947327950788,-0.21413302575932336,0.12456747404844293,0.003936947327950788,-0.14769703960015382,-0.10340638216070744,-0.05536332179930796,0.17279507881584008,-0.03254133025759323,0.03254133025759323,-0.07535563244905807,0.14769703960015382,0.14769703960015382,0.03844675124951941,0.14173010380622836,0.2364628988850442,-0.04822760476739715,0.012056901191849288,-0.019930795847750864,-0.07111111111111111,0.019930795847750864,0.044844290657439445,0.17937716262975778,0.01574778931180315,-0.16633602460592078,0.03543252595155709,-0.10340638216070744,-0.11909265667051133,-0.09842368319876971,-0.007443291041906958,0.029773164167627833,-0.07111111111111111,0.1085121107266436,0.21413302575932336,-0.16000000000000003,0.08882737408688965,-0.0271280276816609,0.04822760476739715,-0.03543252595155709,-0.12456747404844293,-0.01574778931180315,0.07535563244905807,0.21413302575932336,0.17937716262975778,0.01574778931180315,-0.03543252595155709,-0.1085121107266436,-0.17937716262975778,0.05173394848135333,-0.06698961937716265,0.024605920799692427,,,,,0.09166419506072998,-0.0641220286488533,0.5692121386528015,0.36200112104415894,-0.44981300830841064,-0.3814328908920288,0.8899886608123779,-0.7986811995506287,-0.6039184331893921,0.5733197331428528,-0.6427432298660278,-0.36000001430511475,82.77169799804688,0.06758864223957062
EXPC-050,131.03257925503718,43.10853351738442,-0.07972318339100345,-0.006151480199923107,0.13588619761630144,-0.05536332179930796,0.0271280276816609,-0.2069357939254133,-0.09356401384083046,0.40359861591695495,0.22145328719723184,0.017777777777777778,0.28444444444444444,-0.05911572472126105,-0.07535563244905807,-0.03254133025759323,-0.17279507881584008,0.17279507881584008,-0.017777777777777778,-0.006151480199923107,-0.19986159169550174,-0.14173010380622836,0.17937716262975778,0.05536332179930796,-0.003936947327950788,0.03254133025759323,0.16633602460592078,0.13016532103037293,-0.07535563244905807,0.06698961937716265,0.13016532103037293,0.01384083044982699,-0.03543252595155709,0.13016532103037293,-0.017777777777777778,0.044844290657439445,0.19986159169550174,-0.004982698961937716,-0.03254133025759323,-0.186082276047674,0.05536332179930796,-0.186082276047674,-0.0271280276816609,-0.11909265667051133,0.11909265667051133,0.008858131487889272,-0.06698961937716265,0.05173394848135333,0.19986159169550174,-0.16633602460592078,0.13016532103037293,-0.09842368319876971,0.029773164167627833,0.022206843521722412,-0.07111111111111111,0.11909265667051133,0.03844675124951941,0.17279507881584008,0.17937716262975778,-0.01574778931180315,-0.029773164167627833,-0.008858131487889272,-0.16000000000000003,0.05911572472126105,-0.07972318339100345,0.05173394848135333,,,,,0.0775444284081459,-0.07841552048921585,0.32963988184928894,0.38339439034461975,-0.5021544694900513,-0.5037171840667725,0.8840703368186951,-0.8037335276603699,-0.5965611338615417,0.5254923701286316,-0.6529716849327087,-0.6123858094215393,414.075439453125,0.26213929057121277
EXPC-051,131.06141517565743,43.59479158067832,-0.07535563244905807,-0.03844675124951941,0.13016532103037293,-0.08421376393694734,0.004982698961937716,-0.2069357939254133,-0.11909265667051133,0.40359861591695495,0.2069357939254133,0.04822760476739715,0.31009611687812383,-0.08882737408688965,-0.010396001537870049,-0.05536332179930796,-0.21413302575932336,0.1085121107266436,-0.03254133025759323,-0.1085121107266436,-0.14173010380622836,-0.13016532103037293,0.1929104190695886,0.03844675124951941,0.05536332179930796,-0.022206843521722412,0.14769703960015382,0.05911572472126105,-0.06698961937716265,0.1085121107266436,0.16000000000000003,0.024605920799692427,-0.008858131487889272,0.05911572472126105,-0.041584006151480196,0.007443291041906958,0.13016532103037293,0.05536332179930796,0.010396001537870049,-0.17937716262975778,0.05173394848135333,-0.17937716262975778,-0.03543252595155709,-0.08421376393694734,0.05173394848135333,0.03844675124951941,-0.07111111111111111,0.09356401384083046,0.21413302575932336,-0.2364628988850442,0.08882737408688965,-0.09356401384083046,0.024605920799692427,0.07111111111111111,-0.07972318339100345,0.05173394848135333,0.05536332179930796,0.19986159169550174,0.17937716262975778,-0.010396001537870049,-0.07972318339100345,-0.07111111111111111,-0.15378700499807765,0.07535563244905807,-0.09356401384083046,-0.012056901191849288,,,,,0.06729039549827576,-0.0977054014801979,0.40356937050819397,0.40534159541130066,-0.5158363580703735,-0.38768115639686584,0.8664752244949341,-0.7902226448059082,-0.5545808672904968,0.6203774809837341,-0.6809933185577393,-0.5002493858337402,711.326416015625,0.26213929057121277
EXPC-052,130.825158255934,43.269062458656585,-0.04822760476739715,-0.09842368319876971,0.2288965782391388,-0.09842368319876971,-0.01574778931180315,-0.2519646289888504,-0.17279507881584008,0.34602076124567477,0.14173010380622836,0.13588619761630144,0.2761399461745483,-0.07972318339100345,-0.01384083044982699,-0.05536332179930796,-0.186082276047674,0.01384083044982699,-0.03254133025759323,0.002214532871972318,-0.1929104190695886,-0.14173010380622836,0.16633602460592078,0.03543252595155709,-0.022206843521722412,-0.041584006151480196,0.09842368319876971,0.05911572472126105,-0.13588619761630144,0.05536332179930796,0.1929104190695886,0.010396001537870049,0.019930795847750864,0.04822760476739715,-0.05911572472126105,0.05173394848135333,0.09842368319876971,0.05173394848135333,0.0629911572472126,-0.15378700499807765,0.07111111111111111,-0.16633602460592078,-0.03844675124951941,-0.08882737408688965,0.03254133025759323,0.15378700499807765,-0.10340638216070744,0.11909265667051133,0.2599000384467512,-0.22145328719723184,0.10340638216070744,-0.10340638216070744,-0.01384083044982699,0.012056901191849288,-0.05536332179930796,0.13588619761630144,0.044844290657439445,0.14769703960015382,0.12456747404844293,-0.04822760476739715,-0.14769703960015382,-0.06698961937716265,-0.15378700499807765,0.041584006151480196,-0.044844290657439445,0.019930795847750864,-12.089178706547838,-19.03686932728959,-7.330176596485581,-13.312200097452607,0.14817211031913757,-0.16018307209014893,0.23006942868232727,0.4263959527015686,-0.42881354689598083,-0.47343748807907104,0.8712549805641174,-0.7521405816078186,-0.49273690581321716,0.6167401075363159,-0.6194153428077698,-0.6349206566810608,512.5150146484375,0.15145225822925568
EXPC-053,130.93115945946008,46.49679910602644,-0.06698961937716265,-0.03254133025759323,0.19986159169550174,-0.07972318339100345,-0.0629911572472126,-0.16633602460592078,-0.16633602460592078,0.42377547097270285,0.17937716262975778,0.03844675124951941,0.33685505574778934,-0.07111111111111111,0.0271280276816609,-0.044844290657439445,-0.17937716262975778,0.07111111111111111,0.024605920799692427,-0.05911572472126105,-0.15378700499807765,-0.12456747404844293,0.13588619761630144,-0.03543252595155709,0.041584006151480196,-0.044844290657439445,0.14769703960015382,0.10340638216070744,-0.04822760476739715,0.10340638216070744,0.24415224913494812,0.0005536332179930795,0.03543252595155709,0.09356401384083046,-0.03844675124951941,0.07972318339100345,0.0271280276816609,0.06698961937716265,0.03254133025759323,-0.15378700499807765,0.0271280276816609,-0.11374086889657825,-0.0629911572472126,-0.12456747404844293,0.03844675124951941,0.09356401384083046,-0.07972318339100345,0.08421376393694734,0.17937716262975778,-0.186082276047674,0.13588619761630144,-0.06698961937716265,0.041584006151480196,-0.012056901191849288,-0.11909265667051133,0.024605920799692427,0.07111111111111111,0.14769703960015382,0.17937716262975778,-0.044844290657439445,-0.09356401384083046,-0.11909265667051133,-0.2069357939254133,0.07972318339100345,-6.151480199923106e-05,0.029773164167627833,,,,,0.09667278081178665,-0.029766296967864037,0.3261600434780121,0.4298107326030731,-0.48242026567459106,-0.5366032123565674,0.8610460758209229,-0.7416291236877441,-0.5211013555526733,0.4671669900417328,-0.5608782172203064,-0.5517065525054932,280.1553955078125,0.0630452111363411
EXPC-054,130.35668683526566,47.34974946829792,-0.03844675124951941,-0.08421376393694734,0.24415224913494812,-0.13588619761630144,-0.12456747404844293,-0.15378700499807765,-0.16633602460592078,0.454963475586313,0.13016532103037293,-0.002214532871972318,0.31009611687812383,-0.10340638216070744,0.08421376393694734,0.024605920799692427,-0.13016532103037293,-0.041584006151480196,-0.06698961937716265,-0.05173394848135333,-0.13016532103037293,-0.09842368319876971,0.1085121107266436,-0.010396001537870049,0.03254133025759323,0.006151480199923107,0.15378700499807765,0.17937716262975778,-0.06698961937716265,0.13016532103037293,0.1929104190695886,-0.017777777777777778,0.0629911572472126,0.04822760476739715,-0.0629911572472126,0.06698961937716265,0.01384083044982699,0.05536332179930796,-0.041584006151480196,-0.14769703960015382,0.09842368319876971,-0.08882737408688965,-0.1085121107266436,-0.13016532103037293,0.04822760476739715,0.05911572472126105,-0.11909265667051133,0.06698961937716265,0.17937716262975778,-0.13588619761630144,0.13016532103037293,-0.08882737408688965,0.04822760476739715,0.010396001537870049,-0.05173394848135333,-0.03254133025759323,0.012056901191849288,0.11374086889657825,0.17937716262975778,0.024605920799692427,-0.17937716262975778,-0.024605920799692427,-0.2069357939254133,0.017777777777777778,-0.1085121107266436,0.08421376393694734,,,,,0.10601364076137543,-0.16945263743400574,0.11458104103803635,0.39889851212501526,-0.48662206530570984,-0.3878364861011505,0.7664064764976501,-0.6799560189247131,-0.4379526674747467,0.41184574365615845,-0.5185185074806213,-0.3232691287994385,229.16732788085938,0.16319327056407928
EXPC-055,131.22742384016271,46.44173237910991,-0.05911572472126105,-0.029773164167627833,0.16000000000000003,-0.05173394848135333,-0.04822760476739715,-0.14173010380622836,-0.13588619761630144,0.39369473279507883,0.1929104190695886,0.022206843521722412,0.37425605536332185,-0.041584006151480196,-0.004982698961937716,-0.07535563244905807,-0.17279507881584008,0.05911572472126105,0.029773164167627833,-0.06698961937716265,-0.1929104190695886,-0.10340638216070744,0.15378700499807765,-0.06698961937716265,0.044844290657439445,-0.06698961937716265,0.16000000000000003,0.11909265667051133,-0.05173394848135333,0.07535563244905807,0.1929104190695886,0.03844675124951941,0.024605920799692427,0.13016532103037293,0.019930795847750864,0.11374086889657825,0.017777777777777778,0.05173394848135333,0.05911572472126105,-0.17279507881584008,0.029773164167627833,-0.11909265667051133,-0.07111111111111111,-0.11909265667051133,0.03844675124951941,0.08882737408688965,-0.041584006151480196,0.07111111111111111,0.17937716262975778,-0.2069357939254133,0.13588619761630144,-0.07111111111111111,0.04822760476739715,-0.019930795847750864,-0.11909265667051133,0.04822760476739715,0.07535563244905807,0.16000000000000003,0.19986159169550174,-0.03543252595155709,-0.0629911572472126,-0.10340638216070744,-0.186082276047674,0.09356401384083046,-0.010396001537870049,0.05536332179930796,,,,,0.07994066178798676,-0.04364447295665741,0.19696970283985138,0.28784048557281494,-0.30432310700416565,-0.21020342409610748,0.903144896030426,-0.7824358344078064,-0.5604234933853149,0.5870136022567749,-0.6410762667655945,-0.6252577304840088,553.819091796875,0.09111568331718445
EXPC-056,132.13481210865183,46.32028015269695,-0.10340638216070744,0.03844675124951941,0.13588619761630144,-0.07535563244905807,-0.03254133025759323,-0.16633602460592078,-0.13016532103037293,0.454963475586313,0.186082276047674,-0.008858131487889272,0.33685505574778934,-0.08421376393694734,0.002214532871972318,-0.017777777777777778,-0.16633602460592078,0.11374086889657825,-0.006151480199923107,-0.14173010380622836,-0.1929104190695886,-0.07535563244905807,0.16633602460592078,-0.01574778931180315,0.09842368319876971,-0.004982698961937716,0.1929104190695886,0.15378700499807765,-0.006151480199923107,0.10340638216070744,0.1929104190695886,0.07111111111111111,-0.04822760476739715,0.06698961937716265,-0.019930795847750864,0.022206843521722412,0.0629911572472126,0.07972318339100345,-0.012056901191849288,-0.16000000000000003,0.07972318339100345,-0.11909265667051133,-0.03254133025759323,-0.09842368319876971,0.05536332179930796,-0.044844290657439445,-0.07972318339100345,0.044844290657439445,0.19986159169550174,-0.16000000000000003,0.12456747404844293,-0.041584006151480196,0.07111111111111111,0.029773164167627833,-0.09356401384083046,-0.003936947327950788,0.024605920799692427,0.13588619761630144,0.17937716262975778,0.01384083044982699,-0.08882737408688965,-0.05173394848135333,-0.16633602460592078,0.007443291041906958,-0.13588619761630144,0.01574778931180315,,,,,0.14008201658725739,-0.1376265287399292,0.31149688363075256,0.3346545994281769,-0.48566025495529175,-0.5166592597961426,0.8773971796035767,-0.7767519950866699,-0.538494884967804,0.6071628332138062,-0.6994082927703857,-0.5221072435379028,197.81935119628906,0.06488724052906036
EXPC-057,133.00006939031576,47.91910169537287,-0.06698961937716265,-0.010396001537870049,0.13588619761630144,-0.05911572472126105,-0.000984236831987697,-0.15378700499807765,-0.1085121107266436,0.41362552864282975,0.17937716262975778,-0.004982698961937716,0.37425605536332185,-0.05173394848135333,-0.041584006151480196,-0.05536332179930796,-0.17937716262975778,0.11909265667051133,0.022206843521722412,-0.1085121107266436,-0.15378700499807765,-0.07535563244905807,0.1929104190695886,-0.012056901191849288,0.0629911572472126,-0.044844290657439445,0.2069357939254133,0.13588619761630144,-0.002214532871972318,0.11909265667051133,0.17937716262975778,0.03844675124951941,-0.024605920799692427,0.08421376393694734,-0.019930795847750864,0.0629911572472126,0.06698961937716265,0.05911572472126105,0.0271280276816609,-0.21413302575932336,0.05173394848135333,-0.11909265667051133,-0.07535563244905807,-0.12456747404844293,0.044844290657439445,0.041584006151480196,-0.05911572472126105,0.0629911572472126,0.21413302575932336,-0.2069357939254133,0.11909265667051133,-0.05173394848135333,0.04822760476739715,-0.01574778931180315,-0.1085121107266436,0.017777777777777778,0.04822760476739715,0.16633602460592078,0.186082276047674,-0.024605920799692427,-0.03844675124951941,-0.05911572472126105,-0.186082276047674,0.06698961937716265,-0.029773164167627833,0.041584006151480196,,,,,0.05661073327064514,-0.0507977269589901,0.3521421253681183,0.40764176845550537,-0.5093945860862732,-0.3874226212501526,0.8852167129516602,-0.8010966181755066,-0.580542266368866,0.539416491985321,-0.6478405594825745,-0.5440860390663147,157.29725646972656,0.06758864223957062
EXPC-058,130.3376425512423,43.36670933004037,0.022206843521722412,-0.05536332179930796,0.14769703960015382,-0.041584006151480196,-0.03543252595155709,-0.12456747404844293,-0.1085121107266436,0.3839138792772011,0.16633602460592078,0.08882737408688965,0.34602076124567477,-0.0271280276816609,-0.04822760476739715,-0.06698961937716265,-0.10340638216070744,0.041584006151480196,-0.029773164167627833,-0.041584006151480196,-0.07111111111111111,-0.09842368319876971,0.186082276047674,-0.07535563244905807,0.08882737408688965,-0.07535563244905807,0.16633602460592078,0.05173394848135333,-0.13016532103037293,0.07111111111111111,0.14173010380622836,6.151480199923106e-05,0.08882737408688965,0.17937716262975778,0.05536332179930796,0.11374086889657825,0.03254133025759323,0.05911572472126105,0.044844290657439445,-0.2599000384467512,0.0629911572472126,-0.09842368319876971,-0.16633602460592078,-0.08421376393694734,0.004982698961937716,0.14173010380622836,-0.07111111111111111,0.044844290657439445,0.22145328719723184,-0.2364628988850442,0.13016532103037293,-0.07111111111111111,0.044844290657439445,-0.1085121107266436,-0.12456747404844293,0.07535563244905807,0.05536332179930796,0.14173010380622836,0.13588619761630144,0.00024605920799692423,-0.11909265667051133,-0.10340638216070744,-0.15378700499807765,0.11909265667051133,-0.05173394848135333,-0.002214532871972318,-12.780007311563368,-19.059531315090233,-9.51042924328729,-15.771703681713099,0.3880389332771301,-0.405633807182312,-0.08608554303646088,0.603101372718811,-0.557109534740448,-0.47636210918426514,0.8687022924423218,-0.7604273557662964,-0.5104953646659851,0.6524969339370728,-0.6545454263687134,-0.5811623334884644,776.0076293945312,0.15145225822925568
EXPC-059,131.44373816057868,45.13549212447171,-0.04822760476739715,0.07972318339100345,0.17279507881584008,-0.16633602460592078,0.010396001537870049,-0.21413302575932336,-0.19986159169550174,0.47637062668204533,0.11909265667051133,-0.008858131487889272,0.13588619761630144,-0.03844675124951941,-0.1085121107266436,-0.03254133025759323,-0.21413302575932336,0.13588619761630144,0.05911572472126105,-0.09356401384083046,-0.22145328719723184,0.0629911572472126,0.12456747404844293,0.08882737408688965,0.07111111111111111,-0.003936947327950788,0.17279507881584008,-0.022206843521722412,-0.024605920799692427,0.10340638216070744,0.15378700499807765,0.003936947327950788,0.017777777777777778,0.04822760476739715,-0.010396001537870049,0.044844290657439445,0.05173394848135333,0.17937716262975778,0.041584006151480196,-0.15378700499807765,-0.01574778931180315,-0.044844290657439445,-0.07972318339100345,0.0271280276816609,0.01574778931180315,-0.01384083044982699,-0.00024605920799692423,0.2069357939254133,0.21413302575932336,-0.21413302575932336,-0.0005536332179930795,-0.0271280276816609,0.09842368319876971,-0.0271280276816609,-0.11374086889657825,-0.03543252595155709,-0.03254133025759323,0.1085121107266436,0.09356401384083046,0.03844675124951941,-0.07111111111111111,-0.024605920799692427,-0.16000000000000003,0.03254133025759323,-0.24415224913494812,-0.05911572472126105,,,,,0.10412926226854324,-0.15425220131874084,0.47867104411125183,0.3555434048175812,-0.5115712285041809,-0.5708935260772705,0.8883000612258911,-0.7974388599395752,-0.5547974705696106,0.6146500110626221,-0.7469109296798706,-0.494468092918396,309.9850158691406,0.10226807743310928
EXPC-060,130.71574345432822,46.70574724111263,0.14173010380622836,-0.07972318339100345,0.13016532103037293,-0.186082276047674,-0.11374086889657825,0.0271280276816609,-0.1929104190695886,0.40359861591695495,0.01574778931180315,-0.01384083044982699,0.09842368319876971,0.044844290657439445,0.019930795847750864,0.14173010380622836,-0.022206843521722412,-0.08882737408688965,-0.024605920799692427,-0.024605920799692427,0.2761399461745483,-0.07535563244905807,0.12456747404844293,-0.17937716262975778,0.15378700499807765,-0.08421376393694734,0.07535563244905807,0.2069357939254133,-0.04822760476739715,0.044844290657439445,0.1929104190695886,-0.029773164167627833,0.14769703960015382,0.022206843521722412,-0.008858131487889272,0.08882737408688965,-0.09356401384083046,0.16000000000000003,-0.041584006151480196,-0.13016532103037293,0.13588619761630144,0.09356401384083046,-0.2519646289888504,-0.07535563244905807,-0.05173394848135333,0.10340638216070744,-0.06698961937716265,0.14769703960015382,-0.041584006151480196,-0.05173394848135333,0.12456747404844293,-0.07111111111111111,0.05173394848135333,-0.16633602460592078,-0.010396001537870049,-0.05536332179930796,0.08421376393694734,0.11374086889657825,0.03254133025759323,0.24415224913494812,-0.1929104190695886,-0.0629911572472126,-0.07535563244905807,0.05536332179930796,0.029773164167627833,0.044844290657439445,,,,,0.7512815594673157,-0.6862888336181641,0.002336448524147272,0.7000364065170288,-0.6153579950332642,-0.2755700349807739,0.5893712639808655,-0.5107195377349854,-0.13946281373500824,0.7863013744354248,-0.7135348320007324,-0.4021937847137451,218.64614868164062,0.0630452111363411
EXPC-061,131.95685585086775,46.50335680760051,-0.017777777777777778,-0.0271280276816609,0.16000000000000003,-0.08421376393694734,-0.05536332179930796,-0.09356401384083046,-0.2519646289888504,0.5206612841214917,0.10340638216070744,-0.03844675124951941,0.3188927335640138,-0.09356401384083046,0.044844290657439445,0.03543252595155709,-0.08882737408688965,0.006151480199923107,0.05536332179930796,0.03844675124951941,-0.05173394848135333,-0.05173394848135333,0.04822760476739715,-0.12456747404844293,0.15378700499807765,-0.09356401384083046,0.1085121107266436,0.3014225297962323,0.017777777777777778,0.01384083044982699,0.28444444444444444,-0.01574778931180315,0.041584006151480196,0.0271280276816609,0.044844290657439445,0.17279507881584008,-0.029773164167627833,0.17937716262975778,0.000984236831987697,-0.05536332179930796,0.11374086889657825,0.00024605920799692423,-0.11374086889657825,-0.08421376393694734,0.041584006151480196,0.04822760476739715,-0.09842368319876971,0.07111111111111111,0.06698961937716265,0.017777777777777778,0.08882737408688965,-0.05173394848135333,0.07111111111111111,-0.029773164167627833,-0.07111111111111111,0.09842368319876971,0.13016532103037293,0.10340638216070744,0.10340638216070744,0.09842368319876971,-0.05173394848135333,-0.041584006151480196,-0.17279507881584008,0.029773164167627833,-0.007443291041906958,0.04822760476739715,,,,,0.3741375505924225,-0.30225691199302673,0.3910849392414093,0.44902998208999634,-0.47929421067237854,-0.45372119545936584,0.6647834181785583,-0.6304949522018433,-0.5151270627975464,0.5094577670097351,-0.5049505233764648,-0.25986841320991516,159.68386840820312,0.09111568331718445
EXPC-062,130.89100476625995,44.685525998656246,-0.003936947327950788,-0.07111111111111111,0.11909265667051133,-0.03254133025759323,-0.10340638216070744,-0.09356401384083046,-0.17937716262975778,0.3839138792772011,0.17279507881584008,0.008858131487889272,0.3278123798539023,-0.024605920799692427,-0.01384083044982699,-0.07111111111111111,-0.0271280276816609,0.0005536332179930795,0.041584006151480196,-0.05173394848135333,-0.017777777777777778,-0.16000000000000003,0.15378700499807765,-0.19986159169550174,0.11909265667051133,-0.029773164167627833,0.15378700499807765,0.15378700499807765,-0.09842368319876971,0.06698961937716265,0.15378700499807765,-0.0005536332179930795,0.13588619761630144,0.14769703960015382,0.14173010380622836,0.14173010380622836,-0.010396001537870049,0.04822760476739715,0.09356401384083046,-0.16000000000000003,0.11374086889657825,-0.05173394848135333,-0.16633602460592078,-0.13588619761630144,0.007443291041906958,0.16633602460592078,-0.07111111111111111,0.07535563244905807,0.10340638216070744,-0.07972318339100345,0.14769703960015382,-0.03844675124951941,0.05173394848135333,-0.16000000000000003,-0.12456747404844293,0.1085121107266436,0.16633602460592078,0.1085121107266436,0.13016532103037293,0.019930795847750864,-0.13016532103037293,-0.11374086889657825,-0.15378700499807765,0.1085121107266436,0.022206843521722412,0.09842368319876971,,,,,0.5192307829856873,-0.4733954966068268,-0.03711133450269699,0.5917312502861023,-0.5457967519760132,-0.33169230818748474,0.857268750667572,-0.7416689395904541,-0.491047203540802,0.7193585634231567,-0.6512651443481445,-0.46225616335868835,929.2991943359375,0.130340114235878
EXPC-063,130.30988460896302,47.64547485983007,0.01384083044982699,-0.06698961937716265,0.17937716262975778,-0.09356401384083046,-0.07535563244905807,-0.09356401384083046,-0.16633602460592078,0.4444444444444444,0.12456747404844293,0.0271280276816609,0.3278123798539023,-0.08421376393694734,0.017777777777777778,-0.01384083044982699,-0.06698961937716265,0.008858131487889272,-0.0271280276816609,-0.041584006151480196,0.05173394848135333,-0.14769703960015382,0.13588619761630144,-0.08882737408688965,0.09842368319876971,-0.08882737408688965,0.16633602460592078,0.15378700499807765,-0.07111111111111111,0.13588619761630144,0.2599000384467512,-0.01574778931180315,0.12456747404844293,0.09842368319876971,-0.012056901191849288,0.10340638216070744,-0.05173394848135333,0.09842368319876971,0.03543252595155709,-0.1929104190695886,0.07535563244905807,-0.041584006151480196,-0.13016532103037293,-0.11374086889657825,0.006151480199923107,0.16000000000000003,-0.07535563244905807,0.03543252595155709,0.09356401384083046,-0.14769703960015382,0.2069357939254133,-0.05536332179930796,-0.002214532871972318,-0.1085121107266436,-0.10340638216070744,0.006151480199923107,0.05173394848135333,0.14769703960015382,0.15378700499807765,0.044844290657439445,-0.12456747404844293,-0.0629911572472126,-0.17937716262975778,0.05536332179930796,0.017777777777777778,0.07535563244905807,,,,,0.46536919474601746,-0.42538976669311523,0.015748031437397003,0.5843737125396729,-0.55832839012146,-0.45516735315322876,0.8416690230369568,-0.7236859798431396,-0.4753682017326355,0.6863096356391907,-0.6717014908790588,-0.5303463339805603,183.18978881835938,0.16319327056407928
EXPC-064,130.3960330447101,48.09103924075335,-0.008858131487889272,-0.07111111111111111,0.19986159169550174,-0.07535563244905807,-0.05536332179930796,-0.09356401384083046,-0.13016532103037293,0.42377547097270285,0.17937716262975778,-0.012056901191849288,0.33685505574778934,-0.08421376393694734,-0.012056901191849288,-0.002214532871972318,-0.08882737408688965,0.04822760476739715,-0.006151480199923107,0.003014225297962322,0.041584006151480196,-0.186082276047674,0.186082276047674,-0.044844290657439445,0.05536332179930796,-0.07972318339100345,0.14769703960015382,0.11374086889657825,-0.1085121107266436,0.14769703960015382,0.21413302575932336,-0.05536332179930796,0.12456747404844293,0.1085121107266436,-0.05173394848135333,0.13588619761630144,0.0015378700499807767,0.08882737408688965,0.05173394848135333,-0.16000000000000003,0.044844290657439445,-0.07972318339100345,-0.13016532103037293,-0.13016532103037293,0.03254133025759323,0.14769703960015382,-0.07972318339100345,0.07111111111111111,0.07111111111111111,-0.16000000000000003,0.11909265667051133,-0.07535563244905807,-0.0005536332179930795,-0.11374086889657825,-0.10340638216070744,0.0271280276816609,0.11374086889657825,0.1929104190695886,0.14769703960015382,0.08882737408688965,-0.1085121107266436,-0.07535563244905807,-0.16633602460592078,0.1085121107266436,0.05173394848135333,0.029773164167627833,,,,,0.46800413727760315,-0.46622905135154724,0.1111111119389534,0.578420877456665,-0.5688920617103577,-0.33369922637939453,0.841157078742981,-0.7016885280609131,-0.42831459641456604,0.7181880474090576,-0.6814435124397278,-0.5361660718917847,626.687255859375,0.0640474185347557
EXPC-065,130.5365295551464,43.55077413175646,0.002214532871972318,-0.0629911572472126,0.17279507881584008,-0.07972318339100345,-0.08421376393694734,-0.17279507881584008,-0.24415224913494812,0.4982698961937717,0.19986159169550174,0.08882737408688965,0.17937716262975778,-0.1085121107266436,0.05173394848135333,-0.017777777777777778,-0.03844675124951941,-0.004982698961937716,0.03543252595155709,0.14769703960015382,-0.03254133025759323,-0.24415224913494812,0.12456747404844293,-0.11374086889657825,0.08421376393694734,0.010396001537870049,0.14173010380622836,0.16633602460592078,-0.11909265667051133,0.05911572472126105,0.21413302575932336,0.05536332179930796,0.09356401384083046,-0.007443291041906958,0.1085121107266436,0.14769703960015382,0.007443291041906958,-0.01384083044982699,0.0629911572472126,-0.10340638216070744,0.16633602460592078,-0.0271280276816609,-0.11374086889657825,-0.05911572472126105,0.01384083044982699,0.07111111111111111,-0.14173010380622836,0.024605920799692427,0.012056901191849288,0.09356401384083046,0.1085121107266436,-0.0629911572472126,0.08421376393694734,-0.04822760476739715,-0.05173394848135333,0.08882737408688965,0.13588619761630144,0.13016532103037293,0.10340638216070744,0.07535563244905807,-0.13016532103037293,0.022206843521722412,-0.14173010380622836,0.041584006151480196,-0.029773164167627833,0.14769703960015382,-6.613431546114419,-15.586868478953978,-5.035767691936238,-10.298054382377934,0.6489830017089844,-0.6167762875556946,-0.09338521212339401,0.6426949501037598,-0.5730336904525757,-0.45425063371658325,0.727313756942749,-0.6234794855117798,-0.41040974855422974,0.7550593018531799,-0.6947439312934875,-0.4692443013191223,677.332763671875,0.15145225822925568
EXPC-066,131.0447065113728,43.42761510630368,0.044844290657439445,-0.07111111111111111,0.2069357939254133,-0.12456747404844293,-0.07972318339100345,-0.11909265667051133,-0.16633602460592078,0.39369473279507883,0.15378700499807765,0.05536332179930796,0.29287197231833906,-0.0629911572472126,-0.022206843521722412,-0.024605920799692427,-0.0629911572472126,-0.01384083044982699,-0.024605920799692427,-0.05536332179930796,0.041584006151480196,-0.17937716262975778,0.13588619761630144,-0.11374086889657825,0.12456747404844293,-0.09842368319876971,0.08882737408688965,0.13016532103037293,-0.15378700499807765,0.08421376393694734,0.2599000384467512,-0.017777777777777778,0.12456747404844293,0.16633602460592078,0.04822760476739715,0.14173010380622836,-0.000984236831987697,0.1085121107266436,0.07535563244905807,-0.16000000000000003,0.024605920799692427,-0.05911572472126105,-0.11909265667051133,-0.1085121107266436,-0.022206843521722412,0.1929104190695886,-0.05911572472126105,0.024605920799692427,0.08421376393694734,-0.13588619761630144,0.17279507881584008,-0.13016532103037293,0.044844290657439445,-0.10340638216070744,-0.10340638216070744,0.09356401384083046,0.08882737408688965,0.09842368319876971,0.14173010380622836,0.044844290657439445,-0.11909265667051133,-0.09356401384083046,-0.16000000000000003,0.11374086889657825,0.041584006151480196,0.04822760476739715,,,,,0.5116279125213623,-0.4907623827457428,-0.0709027498960495,0.5253505706787109,-0.5114911794662476,-0.2951156795024872,0.769852340221405,-0.652445375919342,-0.3791821599006653,0.6936089992523193,-0.6278229355812073,-0.4328974485397339,765.3194580078125,0.26213929057121277
EXPC-067,130.7620965229888,43.14114236219796,0.05911572472126105,-0.022206843521722412,0.15378700499807765,-0.03254133025759323,-0.03844675124951941,-0.11374086889657825,-0.14769703960015382,0.37425605536332185,0.16000000000000003,0.0271280276816609,0.3278123798539023,0.04822760476739715,-0.0629911572472126,-0.017777777777777778,-0.08882737408688965,0.05173394848135333,-0.04822760476739715,-0.044844290657439445,-0.07111111111111111,-0.044844290657439445,0.16633602460592078,-0.13016532103037293,0.10340638216070744,-0.04822760476739715,0.16633602460592078,0.019930795847750864,-0.11374086889657825,0.044844290657439445,0.09842368319876971,-0.022206843521722412,0.14769703960015382,0.2519646289888504,0.11374086889657825,0.13016532103037293,-0.004982698961937716,0.14173010380622836,0.0271280276816609,-0.2679584775086506,0.07972318339100345,-0.022206843521722412,-0.2364628988850442,-0.03844675124951941,0.004982698961937716,0.13016532103037293,-0.07111111111111111,0.05911572472126105,0.186082276047674,-0.1929104190695886,0.07972318339100345,-0.11374086889657825,0.041584006151480196,-0.14173010380622836,-0.09842368319876971,0.11909265667051133,0.03543252595155709,0.09842368319876971,0.09356401384083046,0.0005536332179930795,-0.09842368319876971,-0.09356401384083046,-0.16000000000000003,0.13588619761630144,-0.08882737408688965,0.003936947327950788,-13.71136127317204,-21.518078342580758,-12.868119313911606,-18.96017922393798,0.3854748606681824,-0.37969401478767395,0.04084014147520065,0.5266653895378113,-0.5269551873207092,-0.4152979850769043,0.810869574546814,-0.7300103902816772,-0.5444590449333191,0.6797335147857666,-0.6866477727890015,-0.6114832758903503,916.3240356445312,0.15145225822925568
EXPC-068,130.6554664987638,43.1474305691868,0.05911572472126105,-0.0271280276816609,0.2069357939254133,-0.09842368319876971,-0.09842368319876971,-0.1085121107266436,-0.17279507881584008,0.454963475586313,0.19986159169550174,0.08421376393694734,0.17279507881584008,-0.0629911572472126,-0.008858131487889272,0.01384083044982699,-0.03844675124951941,0.044844290657439445,-0.0271280276816609,0.14769703960015382,0.07111111111111111,-0.28444444444444444,0.17937716262975778,-0.044844290657439445,0.07111111111111111,-0.024605920799692427,0.11909265667051133,0.09356401384083046,-0.186082276047674,0.09356401384083046,0.1929104190695886,-0.0005536332179930795,0.14173010380622836,0.11909265667051133,0.05536332179930796,0.21413302575932336,-0.0271280276816609,-0.010396001537870049,0.044844290657439445,-0.186082276047674,0.07535563244905807,-0.05536332179930796,-0.13588619761630144,-0.041584006151480196,-0.024605920799692427,0.11909265667051133,-0.12456747404844293,0.0271280276816609,-0.003014225297962322,0.019930795847750864,0.11374086889657825,-0.11374086889657825,0.07972318339100345,-0.16000000000000003,-0.05536332179930796,0.06698961937716265,0.0629911572472126,0.07972318339100345,0.10340638216070744,0.10340638216070744,-0.13588619761630144,0.007443291041906958,-0.17937716262975778,0.08882737408688965,-0.03254133025759323,0.1085121107266436,-6.91640459036706,-15.88062464753573,-5.035692330105401,-11.671452614944618,0.7113152742385864,-0.6888570785522461,-0.3257497549057007,0.6474820375442505,-0.6126760840415955,-0.39142462611198425,0.8233009576797485,-0.7205680012702942,-0.45945945382118225,0.7542814612388611,-0.6913136839866638,-0.5106221437454224,1056.15673828125,0.15145225822925568
EXPC-069,130.8591145736737,44.94648658869296,0.07972318339100345,-0.08882737408688965,0.186082276047674,-0.15378700499807765,-0.08421376393694734,-0.11909265667051133,-0.14769703960015382,0.40359861591695495,0.08882737408688965,0.05536332179930796,0.31009611687812383,-0.03254133025759323,0.004982698961937716,-0.024605920799692427,-0.09356401384083046,-0.05173394848135333,-0.044844290657439445,-0.08421376393694734,0.05173394848135333,-0.08421376393694734,0.13016532103037293,-0.1085121107266436,0.11374086889657825,-0.07111111111111111,0.13588619761630144,0.07972318339100345,-0.1085121107266436,0.13016532103037293,0.2364628988850442,-0.029773164167627833,0.11909265667051133,0.08421376393694734,0.024605920799692427,0.10340638216070744,-0.01574778931180315,0.12456747404844293,0.08882737408688965,-0.2069357939254133,0.07111111111111111,-0.044844290657439445,-0.22145328719723184,-0.11374086889657825,-0.01384083044982699,0.16000000000000003,-0.08421376393694734,0.07535563244905807,0.13016532103037293,-0.17937716262975778,0.16633602460592078,-0.07111111111111111,0.0271280276816609,-0.10340638216070744,-0.11374086889657825,0.012056901191849288,0.07972318339100345,0.09842368319876971,0.12456747404844293,0.03254133025759323,-0.15378700499807765,-0.09356401384083046,-0.186082276047674,0.10340638216070744,-0.000984236831987697,0.019930795847750864,,,,,0.47679707407951355,-0.4869445860385895,-0.04518328979611397,0.5394191145896912,-0.4944612383842468,-0.2873367369174957,0.8597388863563538,-0.7455464601516724,-0.4639340043067932,0.6629974842071533,-0.6552886366844177,-0.4173789322376251,637.4559936523438,0.130340114235878
EXPC-070,131.29758226385243,47.60010993798203,0.06698961937716265,-0.08882737408688965,0.186082276047674,-0.14769703960015382,-0.13016532103037293,-0.04822760476739715,-0.17279507881584008,0.40359861591695495,0.0271280276816609,0.006151480199923107,0.28444444444444444,-0.07111111111111111,0.05911572472126105,0.003014225297962322,-0.07972318339100345,-0.08421376393694734,-0.05911572472126105,-0.05173394848135333,0.08421376393694734,-0.08421376393694734,0.08421376393694734,-0.13588619761630144,0.07535563244905807,-0.1085121107266436,0.13016532103037293,0.2364628988850442,-0.044844290657439445,0.14769703960015382,0.29287197231833906,-0.029773164167627833,0.11909265667051133,0.03254133025759323,-0.017777777777777778,0.1085121107266436,-0.12456747404844293,0.16000000000000003,0.05173394848135333,-0.186082276047674,0.07535563244905807,0.024605920799692427,-0.17937716262975778,-0.11374086889657825,-0.05911572472126105,0.13016532103037293,-0.05173394848135333,0.07535563244905807,0.0629911572472126,-0.11374086889657825,0.16000000000000003,-0.024605920799692427,0.041584006151480196,-0.09356401384083046,-0.07535563244905807,-0.06698961937716265,0.05173394848135333,0.1085121107266436,0.16000000000000003,0.09356401384083046,-0.12456747404844293,-0.05536332179930796,-0.17937716262975778,0.05911572472126105,0.003014225297962322,0.07111111111111111,,,,,0.3790723383426666,-0.2890322506427765,0.27753305435180664,0.5987582206726074,-0.5704212188720703,-0.4148494303226471,0.8104946613311768,-0.7002511024475098,-0.48489752411842346,0.6492909789085388,-0.6275128126144409,-0.42535725235939026,67.292724609375,0.07704101502895355
EXPC-071,130.12492149196282,43.63162250732722,0.09356401384083046,-0.07535563244905807,0.14769703960015382,-0.08882737408688965,-0.05911572472126105,-0.07972318339100345,-0.13588619761630144,0.39369473279507883,0.15378700499807765,0.1085121107266436,0.2761399461745483,-0.03254133025759323,-0.05536332179930796,-0.01384083044982699,-0.05173394848135333,6.151480199923106e-05,-0.04822760476739715,-0.003936947327950788,0.08421376393694734,-0.15378700499807765,0.17937716262975778,-0.11374086889657825,0.14173010380622836,-0.07972318339100345,0.1085121107266436,0.09842368319876971,-0.1929104190695886,0.0629911572472126,0.19986159169550174,-0.003014225297962322,0.11909265667051133,0.13016532103037293,0.05536332179930796,0.11909265667051133,0.000984236831987697,0.07972318339100345,0.044844290657439445,-0.2519646289888504,0.08421376393694734,-0.07111111111111111,-0.186082276047674,-0.09356401384083046,-0.03844675124951941,0.17937716262975778,-0.06698961937716265,0.041584006151480196,0.12456747404844293,-0.16633602460592078,0.16633602460592078,-0.0629911572472126,0.05911572472126105,-0.16633602460592078,-0.13016532103037293,0.05911572472126105,0.0629911572472126,0.11374086889657825,0.1085121107266436,0.11374086889657825,-0.15378700499807765,-0.07111111111111111,-0.16633602460592078,0.09842368319876971,-0.003936947327950788,0.017777777777777778,-12.139332813033116,-19.95390619695401,-8.4543204994877,-13.671908246196825,0.6495726704597473,-0.6355932354927063,-0.21141110360622406,0.6370494365692139,-0.5975460410118103,-0.41411134600639343,0.85324627161026,-0.7474039793014526,-0.5116713643074036,0.7548202872276306,-0.7104408144950867,-0.5002002120018005,828.4862060546875,0.15145225822925568
EXPC-072,132.49665350509517,46.09695897306484,-0.03254133025759323,-0.007443291041906958,0.14769703960015382,-0.05536332179930796,-0.07111111111111111,-0.14769703960015382,-0.17279507881584008,0.41362552864282975,0.16000000000000003,-0.01574778931180315,0.33685505574778934,-0.008858131487889272,-0.04822760476739715,-0.09842368319876971,-0.10340638216070744,-0.01384083044982699,-0.024605920799692427,-0.09842368319876971,-0.08421376393694734,-0.03844675124951941,0.17937716262975778,-0.01574778931180315,0.06698961937716265,-0.044844290657439445,0.186082276047674,0.13016532103037293,-0.05536332179930796,0.07111111111111111,0.21413302575932336,0.01574778931180315,0.1085121107266436,0.11374086889657825,0.07972318339100345,0.08421376393694734,-0.022206843521722412,0.09842368319876971,0.08421376393694734,-0.22145328719723184,0.10340638216070744,-0.10340638216070744,-0.13588619761630144,-0.08421376393694734,0.010396001537870049,0.12456747404844293,-0.029773164167627833,0.07111111111111111,0.2069357939254133,-0.17279507881584008,0.186082276047674,-0.0271280276816609,0.00024605920799692423,-0.06698961937716265,-0.14769703960015382,0.000984236831987697,0.03844675124951941,0.08421376393694734,0.186082276047674,-0.022206843521722412,-0.12456747404844293,-0.09356401384083046,-0.17279507881584008,0.05536332179930796,-0.05536332179930796,0.05911572472126105,,,,,0.49662327766418457,-0.4829443395137787,-0.1053374782204628,0.6192668676376343,-0.5628097653388977,-0.44499891996383667,0.9099099040031433,-0.7830109596252441,-0.5382550358772278,0.6588517427444458,-0.6834020018577576,-0.5279329419136047,208.27235412597656,0.06488724052906036
EXPC-073,131.6318453810733,46.568215171113934,0.041584006151480196,-0.11909265667051133,0.11374086889657825,-0.186082276047674,-0.017777777777777778,-0.1929104190695886,-0.28444444444444444,0.454963475586313,0.003936947327950788,-0.029773164167627833,0.12456747404844293,0.029773164167627833,0.041584006151480196,0.08421376393694734,-0.11909265667051133,-0.024605920799692427,-0.01384083044982699,-0.022206843521722412,0.008858131487889272,0.007443291041906958,0.09842368319876971,-0.19986159169550174,0.13588619761630144,-0.029773164167627833,0.06698961937716265,0.2364628988850442,-0.01384083044982699,-0.012056901191849288,0.28444444444444444,-0.07972318339100345,0.0629911572472126,-0.05173394848135333,0.0271280276816609,0.08882737408688965,-0.06698961937716265,0.2761399461745483,0.01574778931180315,-0.12456747404844293,0.24415224913494812,0.05173394848135333,-0.14769703960015382,-0.017777777777777778,-0.019930795847750864,0.0629911572472126,-0.14769703960015382,0.14173010380622836,0.12456747404844293,0.01574778931180315,0.017777777777777778,-0.10340638216070744,0.044844290657439445,-0.05173394848135333,-0.0271280276816609,0.07111111111111111,0.0629911572472126,0.05911572472126105,0.01574778931180315,0.13016532103037293,-0.07972318339100345,-0.06698961937716265,-0.16000000000000003,0.0271280276816609,-0.1085121107266436,0.01384083044982699,,,,,0.5039224028587341,-0.4811069071292877,0.24418996274471283,0.6035825610160828,-0.5753634572029114,-0.404985249042511,0.7195079326629639,-0.646583616733551,-0.4202098250389099,0.7630001902580261,-0.7021276354789734,-0.4350442588329315,163.10023498535156,0.09111568331718445
EXPC-074,130.4847865947811,48.38173406669443,0.01384083044982699,-0.07972318339100345,0.15378700499807765,-0.07972318339100345,-0.09842368319876971,-0.06698961937716265,-0.17937716262975778,0.42377547097270285,0.14769703960015382,0.007443291041906958,0.3278123798539023,-0.041584006151480196,0.024605920799692427,-0.03543252595155709,-0.03844675124951941,-0.010396001537870049,0.07111111111111111,-0.041584006151480196,0.010396001537870049,-0.14173010380622836,0.14173010380622836,-0.17279507881584008,0.07111111111111111,-0.05173394848135333,0.17279507881584008,0.16000000000000003,-0.05536332179930796,0.10340638216070744,0.19986159169550174,-0.000984236831987697,0.10340638216070744,0.13016532103037293,0.07972318339100345,0.13588619761630144,-0.044844290657439445,0.07535563244905807,0.05173394848135333,-0.16000000000000003,0.09842368319876971,-0.012056901191849288,-0.186082276047674,-0.16000000000000003,0.012056901191849288,0.14769703960015382,-0.04822760476739715,0.05536332179930796,0.07972318339100345,-0.09842368319876971,0.16000000000000003,-0.019930795847750864,0.0271280276816609,-0.13016532103037293,-0.09842368319876971,0.041584006151480196,0.14173010380622836,0.17279507881584008,0.16633602460592078,0.06698961937716265,-0.10340638216070744,-0.07535563244905807,-0.15378700499807765,0.09356401384083046,0.05536332179930796,0.11909265667051133,,,,,0.3989239037036896,-0.3098236918449402,0.2326478213071823,0.4202597439289093,-0.4442683458328247,-0.14262428879737854,0.8594050407409668,-0.7334437370300293,-0.4568456709384918,0.6882662177085876,-0.6620689630508423,-0.4532775580883026,341.2712707519531,0.0640474185347557
EXPC-075,133.6654515212631,45.99122726412397,0.007443291041906958,-0.07535563244905807,0.16633602460592078,-0.09356401384083046,-0.05911572472126105,-0.11374086889657825,-0.1929104190695886,0.4444444444444444,0.09356401384083046,0.03543252595155709,0.31009611687812383,-0.03254133025759323,-0.004982698961937716,-0.041584006151480196,-0.14769703960015382,-0.017777777777777778,-0.022206843521722412,-0.07535563244905807,0.017777777777777778,-0.07535563244905807,0.17279507881584008,-0.09842368319876971,0.07972318339100345,-0.09842368319876971,0.16633602460592078,0.2069357939254133,-0.05911572472126105,0.13588619761630144,0.22145328719723184,0.002214532871972318,0.09356401384083046,0.0629911572472126,-0.007443291041906958,0.06698961937716265,-0.041584006151480196,0.12456747404844293,0.07972318339100345,-0.2069357939254133,0.1085121107266436,-0.03254133025759323,-0.186082276047674,-0.13588619761630144,-0.01574778931180315,0.13016532103037293,-0.03844675124951941,0.08421376393694734,0.14173010380622836,-0.14173010380622836,0.186082276047674,-0.041584006151480196,-0.00024605920799692423,-0.07535563244905807,-0.10340638216070744,-0.019930795847750864,0.0629911572472126,0.14173010380622836,0.17279507881584008,0.07111111111111111,-0.09842368319876971,-0.05173394848135333,-0.14769703960015382,0.05173394848135333,-0.019930795847750864,0.06698961937716265,,,,,0.5826597809791565,-0.4927234947681427,0.050215207040309906,0.6956910490989685,-0.6192589998245239,-0.38786715269088745,0.8259315490722656,-0.7021276354789734,-0.4223216474056244,0.7328063249588013,-0.6855055689811707,-0.473954975605011,101.01299285888672,0.056132856756448746
EXPC-076,130.34527823115735,45.50478953777325,-0.03543252595155709,0.017777777777777778,0.2364628988850442,-0.11909265667051133,-0.05536332179930796,-0.14173010380622836,-0.2519646289888504,0.5206612841214917,0.17279507881584008,0.05536332179930796,0.2288965782391388,-0.08421376393694734,0.007443291041906958,-0.029773164167627833,-0.10340638216070744,0.0629911572472126,0.006151480199923107,0.04822760476739715,-0.019930795847750864,-0.17937716262975778,0.16633602460592078,0.06698961937716265,0.03543252595155709,-0.044844290657439445,0.14769703960015382,0.06698961937716265,-0.10340638216070744,0.1085121107266436,0.21413302575932336,0.004982698961937716,0.11909265667051133,0.05173394848135333,-0.019930795847750864,0.13016532103037293,0.01574778931180315,0.07972318339100345,0.05173394848135333,-0.17937716262975778,0.03543252595155709,-0.07535563244905807,-0.09842368319876971,-0.012056901191849288,0.01574778931180315,0.09842368319876971,-0.11909265667051133,0.14173010380622836,0.14173010380622836,-0.07535563244905807,0.11374086889657825,-0.11374086889657825,0.004982698961937716,-0.07535563244905807,-0.08421376393694734,-0.01384083044982699,0.05911572472126105,0.12456747404844293,0.13588619761630144,0.09356401384083046,-0.16633602460592078,-0.007443291041906958,-0.13588619761630144,0.012056901191849288,-0.03844675124951941,0.0015378700499807767,,,,,0.47375988960266113,-0.4985380172729492,-0.09677419066429138,0.5430060625076294,-0.5356679558753967,-0.48414984345436096,0.8555525541305542,-0.7331980466842651,-0.4773969054222107,0.6103014349937439,-0.6384318470954895,-0.44340211153030396,465.2533874511719,0.1618894636631012
EXPC-077,130.03769507787482,47.213385208168575,0.022206843521722412,-0.041584006151480196,0.2288965782391388,-0.13016532103037293,-0.044844290657439445,-0.13588619761630144,-0.2364628988850442,0.454963475586313,0.09842368319876971,-0.002214532871972318,0.2761399461745483,-0.03844675124951941,-0.019930795847750864,0.017777777777777778,-0.13016532103037293,0.004982698961937716,-0.03543252595155709,-0.022206843521722412,0.012056901191849288,-0.11374086889657825,0.14769703960015382,-0.07972318339100345,0.11374086889657825,-0.09356401384083046,0.11909265667051133,0.14769703960015382,-0.07972318339100345,0.13588619761630144,0.2519646289888504,-0.024605920799692427,0.13016532103037293,0.05911572472126105,-0.029773164167627833,0.09842368319876971,-0.0271280276816609,0.16000000000000003,0.07111111111111111,-0.1929104190695886,0.09842368319876971,-0.019930795847750864,-0.14769703960015382,-0.08421376393694734,0.017777777777777778,0.16633602460592078,-0.08421376393694734,0.10340638216070744,0.12456747404844293,-0.11909265667051133,0.15378700499807765,-0.09356401384083046,-0.024605920799692427,-0.09842368319876971,-0.06698961937716265,0.002214532871972318,0.04822760476739715,0.13016532103037293,0.10340638216070744,0.08882737408688965,-0.12456747404844293,-0.044844290657439445,-0.16000000000000003,0.017777777777777778,0.003936947327950788,0.03254133025759323,,,,,0.656412661075592,-0.6381933093070984,-0.2047325074672699,0.7248209118843079,-0.6300278902053833,-0.46285054087638855,0.8290343880653381,-0.7182354927062988,-0.49470752477645874,0.7643835544586182,-0.7439684867858887,-0.6166605353355408,205.84756469726562,0.16319327056407928
EXPC-078,130.0398510345567,44.40606011376666,0.008858131487889272,-0.09356401384083046,0.14173010380622836,-0.10340638216070744,-0.09842368319876971,-0.08421376393694734,-0.1929104190695886,0.4444444444444444,0.16633602460592078,0.07111111111111111,0.28444444444444444,-0.07972318339100345,0.01384083044982699,-0.0005536332179930795,-0.003014225297962322,-0.01384083044982699,0.07972318339100345,-0.0629911572472126,-0.008858131487889272,-0.19986159169550174,0.11374086889657825,-0.2288965782391388,0.11909265667051133,-0.044844290657439445,0.17279507881584008,0.14173010380622836,-0.14769703960015382,0.0629911572472126,0.16633602460592078,0.04822760476739715,0.09842368319876971,0.09356401384083046,0.11909265667051133,0.11909265667051133,-0.041584006151480196,0.017777777777777778,0.01384083044982699,-0.08882737408688965,0.1085121107266436,0.017777777777777778,-0.15378700499807765,-0.11374086889657825,-0.01384083044982699,0.14173010380622836,-0.07535563244905807,0.0271280276816609,0.05173394848135333,-0.05173394848135333,0.1929104190695886,-0.019930795847750864,0.05911572472126105,-0.11374086889657825,-0.08421376393694734,0.11909265667051133,0.14769703960015382,0.15378700499807765,0.11909265667051133,0.05911572472126105,-0.15378700499807765,-0.04822760476739715,-0.16633602460592078,0.05911572472126105,0.017777777777777778,0.12456747404844293,-9.573201934309811,-18.65614580149521,-9.333621711497216,-14.053473129585555,0.5646457076072693,-0.5761589407920837,-0.019574468955397606,0.5917973518371582,-0.5337052345275879,-0.4131070673465729,0.8583592176437378,-0.7564855217933655,-0.4553155303001404,0.8181478977203369,-0.7445359826087952,-0.4855699837207794,585.6516723632812,0.130340114235878
EXPC-079,130.80593430885384,43.41719464900789,0.10340638216070744,-0.09356401384083046,0.15378700499807765,-0.10340638216070744,-0.044844290657439445,-0.08421376393694734,-0.16633602460592078,0.42377547097270285,0.11374086889657825,0.1085121107266436,0.2761399461745483,-0.017777777777777778,-0.012056901191849288,-0.019930795847750864,-0.041584006151480196,-0.0271280276816609,-0.07972318339100345,-0.03543252595155709,0.07111111111111111,-0.11909265667051133,0.14769703960015382,-0.12456747404844293,0.15378700499807765,-0.07111111111111111,0.14173010380622836,0.06698961937716265,-0.17937716262975778,0.09356401384083046,0.14769703960015382,0.010396001537870049,0.13016532103037293,0.12456747404844293,0.06698961937716265,0.09356401384083046,-0.024605920799692427,0.09356401384083046,0.05911572472126105,-0.29287197231833906,0.10340638216070744,-0.012056901191849288,-0.19986159169550174,-0.0629911572472126,-0.0271280276816609,0.16633602460592078,-0.10340638216070744,0.044844290657439445,0.14173010380622836,-0.19986159169550174,0.11909265667051133,-0.09842368319876971,0.05536332179930796,-0.14173010380622836,-0.08421376393694734,0.017777777777777778,0.012056901191849288,0.07111111111111111,0.05911572472126105,0.07972318339100345,-0.186082276047674,-0.04822760476739715,-0.14769703960015382,0.1085121107266436,-0.08421376393694734,-0.0005536332179930795,-12.349300844981704,-17.053934836452505,-11.1291074061421,-17.4191685519396,0.5922256112098694,-0.6156225800514221,-0.26096653938293457,0.6371174454689026,-0.5973801016807556,-0.416689932346344,0.7280531525611877,-0.6343635320663452,-0.34948742389678955,0.6768109798431396,-0.6847545504570007,-0.5126497745513916,853.2437744140625,0.15145225822925568
EXPC-080,131.00006024175207,43.39904868026868,-0.002214532871972318,-0.04822760476739715,0.1929104190695886,-0.05911572472126105,-0.044844290657439445,-0.14173010380622836,-0.11909265667051133,0.41362552864282975,0.21413302575932336,0.07972318339100345,0.3188927335640138,-0.0629911572472126,-0.03254133025759323,-0.044844290657439445,-0.09356401384083046,0.05911572472126105,-0.01574778931180315,-0.00024605920799692423,-0.008858131487889272,-0.19986159169550174,0.17937716262975778,-0.003014225297962322,0.09842368319876971,-0.05173394848135333,0.13588619761630144,0.08882737408688965,-0.16000000000000003,0.10340638216070744,0.16633602460592078,-0.0271280276816609,0.08421376393694734,0.186082276047674,0.024605920799692427,0.10340638216070744,0.07972318339100345,0.05911572472126105,0.03543252595155709,-0.2519646289888504,0.041584006151480196,-0.11909265667051133,-0.09842368319876971,-0.09842368319876971,0.0271280276816609,0.11909265667051133,-0.09356401384083046,0.022206843521722412,0.14173010380622836,-0.186082276047674,0.13588619761630144,-0.13588619761630144,0.0271280276816609,-0.05173394848135333,-0.07972318339100345,0.09356401384083046,0.05911572472126105,0.13016532103037293,0.17279507881584008,0.05173394848135333,-0.10340638216070744,-0.041584006151480196,-0.16000000000000003,0.10340638216070744,-0.03543252595155709,0.012056901191849288,,,,,0.32041049003601074,-0.3520140051841736,0.0962962955236435,0.4413793087005615,-0.517241358757019,-0.3642447292804718,0.790643572807312,-0.7165510654449463,-0.44814279675483704,0.6307435035705566,-0.6307435035705566,-0.5237069129943848,762.0745239257812,0.26213929057121277
EXPC-081,133.3522089816906,46.3935826798811,-0.09842368319876971,-0.07972318339100345,0.10340638216070744,-0.05173394848135333,-0.07111111111111111,-0.14173010380622836,-0.1929104190695886,0.40359861591695495,0.1929104190695886,-0.029773164167627833,0.3188927335640138,-0.017777777777777778,0.019930795847750864,-0.03844675124951941,-0.13588619761630144,0.029773164167627833,0.08882737408688965,-0.0629911572472126,-0.186082276047674,-0.11374086889657825,0.14173010380622836,-0.16000000000000003,0.0015378700499807767,-0.017777777777777778,0.16000000000000003,0.19986159169550174,-0.029773164167627833,0.0629911572472126,0.22145328719723184,0.019930795847750864,0.03543252595155709,0.09356401384083046,0.07535563244905807,0.15378700499807765,-0.044844290657439445,0.044844290657439445,0.05911572472126105,-0.07535563244905807,0.11909265667051133,-0.0271280276816609,-0.13588619761630144,-0.186082276047674,0.05536332179930796,0.08882737408688965,-0.044844290657439445,0.07972318339100345,0.13588619761630144,-0.022206843521722412,0.07535563244905807,-0.05173394848135333,0.044844290657439445,-0.09842368319876971,-0.07972318339100345,0.05911572472126105,0.1929104190695886,0.17279507881584008,0.186082276047674,0.007443291041906958,-0.029773164167627833,-0.09842368319876971,-0.17279507881584008,0.10340638216070744,0.07111111111111111,0.13016532103037293,,,,,0.09903121739625931,0.0024425990413874388,0.5171903967857361,0.4736842215061188,-0.371257483959198,-0.2373540848493576,0.8078550100326538,-0.7101051807403564,-0.40089771151542664,0.6035070419311523,-0.5440900325775146,-0.47231268882751465,340.7898254394531,0.010071716271340847
EXPC-082,133.2470162619202,47.41811126141942,-0.04822760476739715,-0.06698961937716265,0.14173010380622836,-0.13588619761630144,-0.03844675124951941,-0.16000000000000003,-0.12456747404844293,0.40359861591695495,0.14173010380622836,-0.0271280276816609,0.3278123798539023,-0.07535563244905807,-0.022206843521722412,-0.010396001537870049,-0.1929104190695886,0.11909265667051133,0.003014225297962322,-0.14769703960015382,-0.09356401384083046,-0.07972318339100345,0.17279507881584008,-0.024605920799692427,0.019930795847750864,-0.0629911572472126,0.16633602460592078,0.16633602460592078,0.01384083044982699,0.16633602460592078,0.2364628988850442,-0.029773164167627833,0.01574778931180315,0.007443291041906958,-0.09356401384083046,0.03254133025759323,0.0271280276816609,0.14769703960015382,0.022206843521722412,-0.16000000000000003,0.0271280276816609,-0.08882737408688965,-0.11374086889657825,-0.14173010380622836,-0.010396001537870049,0.0629911572472126,-0.03844675124951941,0.08882737408688965,0.17937716262975778,-0.17279507881584008,0.11909265667051133,-0.05173394848135333,0.05911572472126105,-0.03844675124951941,-0.09842368319876971,-0.01574778931180315,0.05911572472126105,0.2069357939254133,0.19986159169550174,0.019930795847750864,-0.04822760476739715,-0.05911572472126105,-0.1929104190695886,0.07111111111111111,-0.0271280276816609,0.05173394848135333,,,,,0.12903475761413574,-0.11029915511608124,0.5278431177139282,0.38361814618110657,-0.4984045922756195,-0.3185955882072449,0.9142300486564636,-0.779446005821228,-0.5661914348602295,0.6147836446762085,-0.7044085264205933,-0.5195876359939575,64.27535247802734,0.06758864223957062
EXPC-083,131.26919550087428,44.99966685351284,-0.041584006151480196,-0.09842368319876971,0.14769703960015382,-0.12456747404844293,-0.05911572472126105,-0.15378700499807765,-0.11374086889657825,0.40359861591695495,0.12456747404844293,0.03254133025759323,0.33685505574778934,-0.09356401384083046,0.029773164167627833,-0.024605920799692427,-0.15378700499807765,-0.019930795847750864,-0.03254133025759323,-0.09842368319876971,-0.11374086889657825,-0.06698961937716265,0.14769703960015382,-0.01574778931180315,-0.004982698961937716,-0.05536332179930796,0.186082276047674,0.14173010380622836,-0.041584006151480196,0.11909265667051133,0.1929104190695886,0.01574778931180315,0.03543252595155709,0.07535563244905807,-0.06698961937716265,0.03844675124951941,0.029773164167627833,0.06698961937716265,0.01384083044982699,-0.2069357939254133,0.12456747404844293,-0.11374086889657825,-0.14769703960015382,-0.15378700499807765,0.05173394848135333,0.07972318339100345,-0.0629911572472126,0.09356401384083046,0.24415224913494812,-0.21413302575932336,0.13588619761630144,-0.09842368319876971,0.007443291041906958,-0.006151480199923107,-0.07535563244905807,0.0271280276816609,0.07535563244905807,0.17279507881584008,0.1929104190695886,0.029773164167627833,-0.08882737408688965,-0.0629911572472126,-0.17279507881584008,0.04822760476739715,-0.044844290657439445,0.022206843521722412,,,,,0.09150491654872894,-0.1237996369600296,0.18165908753871918,0.3818611204624176,-0.4064877927303314,-0.4670981764793396,0.7891586422920227,-0.6612629294395447,-0.43598970770835876,0.5175952911376953,-0.5807560086250305,-0.42271292209625244,276.5018615722656,0.19533003866672516
EXPC-084,130.3644123467091,44.89285716623103,-0.019930795847750864,-0.041584006151480196,0.1929104190695886,-0.11909265667051133,-0.0629911572472126,-0.15378700499807765,-0.14173010380622836,0.5094040753556325,0.13588619761630144,0.08421376393694734,0.2364628988850442,-0.10340638216070744,0.03543252595155709,0.003014225297962322,-0.11374086889657825,-0.03844675124951941,-0.06698961937716265,0.03254133025759323,-0.03543252595155709,-0.11909265667051133,0.13588619761630144,0.008858131487889272,0.019930795847750864,-0.010396001537870049,0.186082276047674,0.14173010380622836,-0.13016532103037293,0.14769703960015382,0.2069357939254133,-0.01574778931180315,0.10340638216070744,0.06698961937716265,-0.05536332179930796,0.13016532103037293,0.05536332179930796,0.05911572472126105,0.017777777777777778,-0.21413302575932336,0.12456747404844293,-0.05911572472126105,-0.15378700499807765,-0.09356401384083046,0.03844675124951941,0.08421376393694734,-0.13588619761630144,0.08882737408688965,0.15378700499807765,-0.14769703960015382,0.044844290657439445,-0.11374086889657825,0.06698961937716265,-0.003014225297962322,-0.04822760476739715,0.004982698961937716,0.0271280276816609,0.11909265667051133,0.09356401384083046,0.1085121107266436,-0.17937716262975778,-0.01574778931180315,-0.186082276047674,0.012056901191849288,-0.11374086889657825,0.03254133025759323,-12.491852131806722,-13.380510830918569,-8.60264042670543,-12.469542300930781,0.27490174770355225,-0.32941386103630066,-0.1065748855471611,0.50232994556427,-0.49883773922920227,-0.4960261881351471,0.7796347737312317,-0.6681172251701355,-0.3772455155849457,0.5604103207588196,-0.6188411712646484,-0.4691188633441925,405.66058349609375,0.130340114235878
EXPC-085,131.26919550087428,47.41056541303281,-0.08421376393694734,-0.05173394848135333,0.12456747404844293,-0.14769703960015382,-0.07535563244905807,-0.14769703960015382,-0.24415224913494812,0.33685505574778934,0.14173010380622836,-0.0271280276816609,0.31009611687812383,-0.03543252595155709,0.06698961937716265,-0.022206843521722412,-0.22145328719723184,0.05911572472126105,-0.017777777777777778,-0.09842368319876971,-0.15378700499807765,-0.0271280276816609,0.13016532103037293,-0.05536332179930796,0.05173394848135333,-0.0271280276816609,0.08882737408688965,0.16000000000000003,0.04822760476739715,0.11374086889657825,0.2761399461745483,-0.07111111111111111,0.03543252595155709,-0.0271280276816609,-0.04822760476739715,0.03543252595155709,-0.03844675124951941,0.17279507881584008,0.010396001537870049,-0.08882737408688965,0.08882737408688965,-0.0629911572472126,-0.14173010380622836,-0.13588619761630144,0.041584006151480196,0.044844290657439445,-0.11374086889657825,0.16000000000000003,0.22145328719723184,-0.13016532103037293,0.05536332179930796,-0.041584006151480196,0.08882737408688965,-0.022206843521722412,-0.12456747404844293,-0.03254133025759323,0.09356401384083046,0.15378700499807765,0.15378700499807765,0.0271280276816609,-0.05536332179930796,-0.19986159169550174,-0.2069357939254133,0.017777777777777778,-0.03543252595155709,0.0271280276816609,,,,,0.04031209275126457,-0.01026045810431242,0.27361366152763367,0.5033816695213318,-0.5033816695213318,-0.47363030910491943,0.8513603210449219,-0.7591425180435181,-0.5349969863891602,0.5273631811141968,-0.6318936944007874,-0.5899333953857422,74.80160522460938,0.07704101502895355
EXPC-086,134.40476500009345,48.250310540627744,-0.04822760476739715,-0.05536332179930796,0.17279507881584008,-0.09356401384083046,-0.05911572472126105,-0.14769703960015382,-0.15378700499807765,0.41362552864282975,0.16000000000000003,0.012056901191849288,0.3188927335640138,-0.05173394848135333,0.022206843521722412,-0.019930795847750864,-0.1929104190695886,0.0629911572472126,-0.029773164167627833,-0.11374086889657825,-0.11374086889657825,-0.07535563244905807,0.14769703960015382,-0.022206843521722412,0.044844290657439445,-0.05911572472126105,0.16000000000000003,0.13588619761630144,-0.017777777777777778,0.17279507881584008,0.2364628988850442,0.004982698961937716,0.029773164167627833,0.04822760476739715,-0.08882737408688965,0.044844290657439445,-0.04822760476739715,0.10340638216070744,0.044844290657439445,-0.17279507881584008,0.05911572472126105,-0.07535563244905807,-0.08421376393694734,-0.09842368319876971,-0.003936947327950788,0.05911572472126105,-0.06698961937716265,0.07535563244905807,0.186082276047674,-0.22145328719723184,0.14769703960015382,-0.05536332179930796,0.05911572472126105,0.006151480199923107,-0.1085121107266436,-0.07111111111111111,0.01574778931180315,0.16633602460592078,0.21413302575932336,-0.024605920799692427,-0.08421376393694734,-0.09842368319876971,-0.1929104190695886,0.05536332179930796,-0.08421376393694734,0.05911572472126105,,,,,0.2017890065908432,-0.2815261483192444,0.07020476460456848,0.4652325510978699,-0.5627726316452026,-0.40891218185424805,0.884493887424469,-0.7722842693328857,-0.5412975549697876,0.5444813370704651,-0.6531015634536743,-0.5879868865013123,57.273521423339844,0.04811146482825279
EXPC-087,130.06446487334156,44.39007010170933,-0.03254133025759323,-0.05536332179930796,0.16633602460592078,-0.07535563244905807,-0.05536332179930796,-0.12456747404844293,-0.11909265667051133,0.4340484429065744,0.17937716262975778,0.07972318339100345,0.3278123798539023,-0.13016532103037293,-0.003936947327950788,-0.007443291041906958,-0.11909265667051133,0.04822760476739715,-0.022206843521722412,-0.019930795847750864,-0.044844290657439445,-0.186082276047674,0.17279507881584008,-0.08421376393694734,0.05911572472126105,-0.08882737408688965,0.14769703960015382,0.14173010380622836,-0.11374086889657825,0.10340638216070744,0.1929104190695886,-0.012056901191849288,0.07111111111111111,0.11374086889657825,0.012056901191849288,0.11909265667051133,0.0629911572472126,0.029773164167627833,0.0271280276816609,-0.15378700499807765,0.03844675124951941,-0.12456747404844293,-0.1085121107266436,-0.13016532103037293,0.003014225297962322,0.13016532103037293,-0.07535563244905807,0.029773164167627833,0.16000000000000003,-0.16633602460592078,0.17279507881584008,-0.07111111111111111,0.041584006151480196,-0.044844290657439445,-0.10340638216070744,0.10340638216070744,0.08421376393694734,0.1929104190695886,0.17937716262975778,0.0271280276816609,-0.1085121107266436,-0.0629911572472126,-0.17937716262975778,0.07972318339100345,0.010396001537870049,0.03844675124951941,-14.097507687644313,-19.43207271574726,-9.470105460952302,-13.591391373543662,0.36427655816078186,-0.40059152245521545,-0.02355460450053215,0.37884533405303955,-0.4357174336910248,-0.46594685316085815,0.7485493421554565,-0.6992481350898743,-0.4040968418121338,0.6501182317733765,-0.7010560631752014,-0.6038751602172852,638.4497680664062,0.130340114235878
EXPC-088,131.20352865360513,46.35881787838568,-0.041584006151480196,-0.09842368319876971,0.17937716262975778,-0.09356401384083046,-0.07535563244905807,-0.1085121107266436,-0.19986159169550174,0.3278123798539023,0.13588619761630144,0.05536332179930796,0.3278123798539023,-0.017777777777777778,0.024605920799692427,-0.06698961937716265,-0.2069357939254133,0.05173394848135333,0.03254133025759323,-0.06698961937716265,-0.17279507881584008,-0.03844675124951941,0.15378700499807765,-0.07535563244905807,0.022206843521722412,-0.07535563244905807,0.09356401384083046,0.08421376393694734,-0.044844290657439445,0.04822760476739715,0.2599000384467512,0.003936947327950788,0.05911572472126105,0.10340638216070744,-0.0015378700499807767,0.0629911572472126,0.01384083044982699,0.16633602460592078,0.07972318339100345,-0.19986159169550174,-0.006151480199923107,-0.09842368319876971,-0.13016532103037293,-0.11374086889657825,-0.0005536332179930795,0.14173010380622836,-0.041584006151480196,0.15378700499807765,0.22145328719723184,-0.22145328719723184,0.07111111111111111,-0.10340638216070744,0.04822760476739715,-0.04822760476739715,-0.11909265667051133,0.0271280276816609,0.11374086889657825,0.09842368319876971,0.1929104190695886,-0.004982698961937716,-0.07535563244905807,-0.14173010380622836,-0.19986159169550174,0.07972318339100345,0.019930795847750864,-0.0271280276816609,,,,,0.08409371227025986,-0.11178553104400635,0.2729249596595764,0.4125087857246399,-0.46554866433143616,-0.3544693887233734,0.8205997347831726,-0.7286456823348999,-0.527382493019104,0.4154074788093567,-0.45690974593162537,-0.4406512677669525,491.0238037109375,0.09111568331718445
EXPC-089,134.6483881051467,48.401047845303,0.003014225297962322,-0.0629911572472126,0.1929104190695886,-0.14173010380622836,-0.044844290657439445,-0.13588619761630144,-0.1929104190695886,0.39369473279507883,0.08421376393694734,0.03254133025759323,0.3014225297962323,-0.06698961937716265,-0.004982698961937716,-0.0271280276816609,-0.2069357939254133,0.008858131487889272,-0.029773164167627833,-0.09356401384083046,-0.14173010380622836,-0.01574778931180315,0.1085121107266436,-0.03254133025759323,0.024605920799692427,-0.06698961937716265,0.11909265667051133,0.15378700499807765,-0.03844675124951941,0.10340638216070744,0.31009611687812383,0.008858131487889272,0.01574778931180315,0.0629911572472126,-0.11909265667051133,0.08421376393694734,-0.07972318339100345,0.16000000000000003,0.09356401384083046,-0.09842368319876971,0.044844290657439445,-0.0629911572472126,-0.07111111111111111,-0.12456747404844293,-0.03844675124951941,0.11374086889657825,-0.03254133025759323,0.11909265667051133,0.17279507881584008,-0.19986159169550174,0.16000000000000003,-0.05173394848135333,0.09356401384083046,0.0015378700499807767,-0.08421376393694734,-0.07535563244905807,-0.03844675124951941,0.1085121107266436,0.2069357939254133,-0.022206843521722412,-0.10340638216070744,-0.07535563244905807,-0.22145328719723184,0.07111111111111111,-0.07111111111111111,0.044844290657439445,,,,,0.16886931657791138,-0.22085890173912048,0.16871166229248047,0.3959537446498871,-0.45481929183006287,-0.39515456557273865,0.8346136212348938,-0.6742268204689026,-0.3712694048881531,0.6613039970397949,-0.641291618347168,-0.5003495812416077,41.1832389831543,0.04811146482825279
EXPC-090,130.58818268398326,44.41701956023292,-0.07972318339100345,-0.07972318339100345,0.15378700499807765,-0.1085121107266436,-0.07111111111111111,-0.17937716262975778,-0.11909265667051133,0.4444444444444444,0.15378700499807765,0.07111111111111111,0.33685505574778934,-0.16000000000000003,0.07535563244905807,-0.022206843521722412,-0.13016532103037293,-0.000984236831987697,-0.041584006151480196,-0.041584006151480196,-0.09842368319876971,-0.16633602460592078,0.13016532103037293,-0.024605920799692427,0.0271280276816609,-0.04822760476739715,0.16633602460592078,0.13016532103037293,-0.08421376393694734,0.13016532103037293,0.19986159169550174,0.000984236831987697,0.0629911572472126,0.07535563244905807,-0.05911572472126105,0.06698961937716265,0.0629911572472126,-0.004982698961937716,-0.004982698961937716,-0.1085121107266436,0.11374086889657825,-0.11374086889657825,-0.07111111111111111,-0.14173010380622836,0.05911572472126105,0.10340638216070744,-0.1085121107266436,0.06698961937716265,0.186082276047674,-0.16633602460592078,0.13016532103037293,-0.07111111111111111,0.0271280276816609,0.041584006151480196,-0.07972318339100345,0.05911572472126105,0.05536332179930796,0.1929104190695886,0.17279507881584008,-0.003936947327950788,-0.12456747404844293,-0.06698961937716265,-0.186082276047674,0.07535563244905807,-0.03543252595155709,0.0271280276816609,-17.609572335022335,-16.38412307619531,-9.637543216600339,-14.01845108926555,0.12947657704353333,-0.20078100264072418,0.006763681303709745,0.3453918993473053,-0.4469662010669708,-0.5214428901672363,0.8036117553710938,-0.6829910278320312,-0.4431082308292389,0.42949968576431274,-0.576495885848999,-0.3603896200656891,554.216796875,0.130340114235878
EXPC-091,130.54120079462382,44.987359934120406,-0.0271280276816609,-0.08882737408688965,0.16000000000000003,-0.0629911572472126,-0.09842368319876971,-0.12456747404844293,-0.186082276047674,0.4340484429065744,0.16000000000000003,0.06698961937716265,0.3278123798539023,-0.03543252595155709,0.06698961937716265,-0.017777777777777778,-0.09356401384083046,-0.0271280276816609,-0.044844290657439445,-0.09842368319876971,-0.11909265667051133,-0.041584006151480196,0.09356401384083046,-0.14173010380622836,0.07535563244905807,-0.01384083044982699,0.16633602460592078,0.16633602460592078,-0.08421376393694734,0.08882737408688965,0.17937716262975778,0.01574778931180315,0.05911572472126105,0.11374086889657825,0.03844675124951941,0.03254133025759323,0.017777777777777778,0.11909265667051133,-0.008858131487889272,-0.2288965782391388,0.11374086889657825,-0.03254133025759323,-0.17279507881584008,-0.13016532103037293,0.03254133025759323,0.044844290657439445,-0.11374086889657825,0.07111111111111111,0.2069357939254133,-0.16000000000000003,0.08882737408688965,-0.07972318339100345,0.09356401384083046,-0.012056901191849288,-0.11909265667051133,0.041584006151480196,0.06698961937716265,0.05536332179930796,0.15378700499807765,0.03254133025759323,-0.16633602460592078,-0.09356401384083046,-0.186082276047674,0.0629911572472126,-0.07972318339100345,0.008858131487889272,-13.723001404369153,-18.385493950162378,-8.748955858782923,-14.252977319912326,0.22250814735889435,-0.3048892021179199,-0.13055428862571716,0.41818180680274963,-0.41603630781173706,-0.3412969410419464,0.8242655992507935,-0.680174708366394,-0.3799106180667877,0.4450031518936157,-0.5270674228668213,-0.29731062054634094,433.6484680175781,0.130340114235878
EXPC-092,130.96834971222265,45.095067936686334,-0.022206843521722412,-0.01384083044982699,0.2069357939254133,-0.13016532103037293,-0.05173394848135333,-0.14769703960015382,-0.12456747404844293,0.4444444444444444,0.16000000000000003,0.012056901191849288,0.3014225297962323,-0.07972318339100345,-0.010396001537870049,0.01384083044982699,-0.14769703960015382,0.05173394848135333,-0.029773164167627833,-0.07535563244905807,-0.044844290657439445,-0.12456747404844293,0.17279507881584008,0.010396001537870049,0.0629911572472126,-0.04822760476739715,0.15378700499807765,0.1085121107266436,-0.07535563244905807,0.13588619761630144,0.2519646289888504,-0.044844290657439445,0.08882737408688965,0.07972318339100345,-0.06698961937716265,0.0629911572472126,0.0629911572472126,0.10340638216070744,0.03543252595155709,-0.15378700499807765,0.05911572472126105,-0.11374086889657825,-0.14173010380622836,-0.13016532103037293,0.029773164167627833,0.10340638216070744,-0.06698961937716265,0.09842368319876971,0.17937716262975778,-0.17937716262975778,0.13016532103037293,-0.08882737408688965,0.012056901191849288,-0.0271280276816609,-0.08421376393694734,0.03254133025759323,0.06698961937716265,0.17937716262975778,0.17279507881584008,0.05173394848135333,-0.08421376393694734,-0.06698961937716265,-0.19986159169550174,0.06698961937716265,0.000984236831987697,6.151480199923106e-05,,,,,0.2370699793100357,-0.22787456214427948,0.3550754189491272,0.47819313406944275,-0.5456026196479797,-0.5418719053268433,0.8456864953041077,-0.7261363863945007,-0.48696115612983704,0.6147308945655823,-0.6371469497680664,-0.5608342885971069,476.32330322265625,0.1618894636631012
EXPC-093,130.3682751024308,47.625442428994205,-0.022206843521722412,-0.0629911572472126,0.22145328719723184,-0.11909265667051133,-0.03543252595155709,-0.13588619761630144,-0.17279507881584008,0.4444444444444444,0.1085121107266436,0.01574778931180315,0.3278123798539023,-0.08882737408688965,0.0271280276816609,0.000984236831987697,-0.16000000000000003,0.04822760476739715,-0.024605920799692427,-0.03543252595155709,-0.05536332179930796,-0.08882737408688965,0.15378700499807765,-0.03543252595155709,0.08882737408688965,-0.07535563244905807,0.16000000000000003,0.09356401384083046,-0.07111111111111111,0.13016532103037293,0.2599000384467512,0.0005536332179930795,0.04822760476739715,0.05536332179930796,-0.05173394848135333,0.08421376393694734,-0.03254133025759323,0.12456747404844293,0.05173394848135333,-0.1929104190695886,0.04822760476739715,-0.07111111111111111,-0.11909265667051133,-0.08882737408688965,0.012056901191849288,0.1085121107266436,-0.09356401384083046,0.09356401384083046,0.17937716262975778,-0.186082276047674,0.12456747404844293,-0.08421376393694734,0.022206843521722412,-0.044844290657439445,-0.08421376393694734,-0.029773164167627833,0.044844290657439445,0.17937716262975778,0.17937716262975778,0.03543252595155709,-0.08882737408688965,-0.03844675124951941,-0.1929104190695886,0.06698961937716265,-0.03543252595155709,-0.008858131487889272,,,,,0.19938838481903076,-0.231783926486969,0.40171921253204346,0.42356163263320923,-0.4879724979400635,-0.4964326024055481,0.8021240830421448,-0.7013192772865295,-0.5078260898590088,0.6108317375183105,-0.6616121530532837,-0.565351128578186,196.65652465820312,0.16319327056407928
EXPC-094,131.00006024175207,45.41127491669641,-0.019930795847750864,-0.03254133025759323,0.21413302575932336,-0.14769703960015382,-0.0629911572472126,-0.14769703960015382,-0.21413302575932336,0.47637062668204533,0.09356401384083046,0.010396001537870049,0.2364628988850442,-0.017777777777777778,0.004982698961937716,0.01574778931180315,-0.13016532103037293,-0.041584006151480196,-0.03543252595155709,-0.01384083044982699,-0.07535563244905807,-0.05911572472126105,0.15378700499807765,-0.041584006151480196,0.044844290657439445,-0.04822760476739715,0.13588619761630144,0.07972318339100345,-0.07972318339100345,0.10340638216070744,0.2069357939254133,-0.0271280276816609,0.08882737408688965,0.07111111111111111,-0.044844290657439445,0.11374086889657825,-0.0271280276816609,0.17279507881584008,0.044844290657439445,-0.2519646289888504,0.13016532103037293,-0.006151480199923107,-0.14769703960015382,-0.05173394848135333,0.010396001537870049,0.12456747404844293,-0.14173010380622836,0.14173010380622836,0.2519646289888504,-0.14769703960015382,0.041584006151480196,-0.15378700499807765,0.03254133025759323,-0.012056901191849288,-0.05536332179930796,-0.010396001537870049,0.06698961937716265,0.09842368319876971,0.11909265667051133,0.08882737408688965,-0.12456747404844293,-0.0629911572472126,-0.16633602460592078,0.007443291041906958,-0.08421376393694734,-0.008858131487889272,,,,,0.14356130361557007,-0.20246194303035736,-0.02301587350666523,0.3821066617965698,-0.4418390691280365,-0.5318164229393005,0.8363919258117676,-0.6907216310501099,-0.45038166642189026,0.42078113555908203,-0.5338106751441956,-0.4189390242099762,365.34320068359375,0.10226807743310928
EXPC-095,130.32201186529863,45.76341450807126,-0.07111111111111111,0.029773164167627833,0.16633602460592078,-0.09356401384083046,-0.05173394848135333,-0.13588619761630144,-0.2519646289888504,0.36472126105344094,0.11909265667051133,-0.019930795847750864,0.2599000384467512,-0.01574778931180315,-0.08421376393694734,-0.004982698961937716,-0.14769703960015382,0.044844290657439445,0.08882737408688965,-0.09356401384083046,-0.2288965782391388,-0.012056901191849288,0.1085121107266436,-0.17279507881584008,0.10340638216070744,-0.05911572472126105,0.1085121107266436,0.19986159169550174,-0.007443291041906958,-0.07111111111111111,0.36472126105344094,0.04822760476739715,0.01574778931180315,0.08882737408688965,0.041584006151480196,0.12456747404844293,-0.03543252595155709,0.1929104190695886,0.13016532103037293,-0.004982698961937716,0.09842368319876971,-0.044844290657439445,-0.08421376393694734,-0.07972318339100345,0.000984236831987697,0.13588619761630144,-0.03543252595155709,0.13016532103037293,0.17279507881584008,-0.08882737408688965,0.06698961937716265,-0.0271280276816609,0.07535563244905807,-0.05911572472126105,-0.07972318339100345,0.10340638216070744,0.11374086889657825,0.07111111111111111,0.06698961937716265,-0.07972318339100345,-0.022206843521722412,-0.17279507881584008,-0.1929104190695886,0.03844675124951941,0.03543252595155709,0.019930795847750864,,,,,0.08841010183095932,0.012137559242546558,0.5490196347236633,0.3300492465496063,-0.4047866761684418,-0.49603524804115295,0.7954953908920288,-0.6753481030464172,-0.47333192825317383,0.5487295985221863,-0.5295880436897278,-0.561911404132843,390.6114501953125,0.1618894636631012
EXPC-096,130.71906722087948,45.50434038013119,-0.13016532103037293,-0.04822760476739715,0.17937716262975778,-0.09842368319876971,-0.09356401384083046,-0.19986159169550174,-0.24415224913494812,0.47637062668204533,0.17937716262975778,0.010396001537870049,0.2519646289888504,-0.09356401384083046,0.024605920799692427,-0.004982698961937716,-0.11909265667051133,0.044844290657439445,0.07972318339100345,-0.05173394848135333,-0.2519646289888504,-0.08882737408688965,0.09356401384083046,-0.07535563244905807,0.012056901191849288,-0.04822760476739715,0.11374086889657825,0.22145328719723184,-0.002214532871972318,0.041584006151480196,0.2761399461745483,0.04822760476739715,-0.01574778931180315,-0.019930795847750864,0.041584006151480196,0.10340638216070744,0.017777777777777778,0.09356401384083046,0.05536332179930796,-0.029773164167627833,0.08882737408688965,-0.0629911572472126,-0.041584006151480196,-0.05911572472126105,0.04822760476739715,0.022206843521722412,-0.08421376393694734,0.07535563244905807,0.2069357939254133,0.0271280276816609,0.1085121107266436,-0.07535563244905807,0.08882737408688965,0.03254133025759323,-0.07111111111111111,0.08882737408688965,0.14173010380622836,0.13588619761630144,0.14769703960015382,-0.022206843521722412,-0.0629911572472126,-0.05911572472126105,-0.186082276047674,0.003936947327950788,-0.03844675124951941,0.04822760476739715,,,,,0.07891109585762024,-0.06189588084816933,0.3833458423614502,0.27020153403282166,-0.3374536335468292,-0.45306122303009033,0.8485449552536011,-0.7214124202728271,-0.450718492269516,0.576806902885437,-0.5660867691040039,-0.4794914722442627,421.49053955078125,0.1618894636631012
EXPC-097,130.40151276794322,44.29969958412691,-0.04822760476739715,-0.03543252595155709,0.19986159169550174,-0.05911572472126105,-0.08882737408688965,-0.13588619761630144,-0.16633602460592078,0.48725874663590923,0.16633602460592078,0.0271280276816609,0.3014225297962323,-0.10340638216070744,0.008858131487889272,-0.03844675124951941,-0.041584006151480196,-0.003014225297962322,0.041584006151480196,0.05536332179930796,-0.09356401384083046,-0.17279507881584008,0.14173010380622836,-0.09842368319876971,0.08421376393694734,-0.006151480199923107,0.19986159169550174,0.16633602460592078,-0.09842368319876971,0.04822760476739715,0.186082276047674,0.03543252595155709,0.07535563244905807,0.10340638216070744,0.08421376393694734,0.14173010380622836,0.041584006151480196,-0.029773164167627833,0.03543252595155709,-0.13016532103037293,0.11909265667051133,-0.09842368319876971,-0.08882737408688965,-0.1085121107266436,0.029773164167627833,0.11374086889657825,-0.09356401384083046,0.007443291041906958,0.11374086889657825,-0.0629911572472126,0.17279507881584008,-0.03844675124951941,0.05173394848135333,-0.03844675124951941,-0.11909265667051133,0.10340638216070744,0.09356401384083046,0.13588619761630144,0.15378700499807765,-0.01384083044982699,-0.12456747404844293,-0.03844675124951941,-0.19986159169550174,0.05911572472126105,-0.004982698961937716,0.08421376393694734,-10.237947769842965,-17.971409350794858,-6.578161780338343,-13.123701574070184,0.2930969297885895,-0.2698647975921631,-0.18822075426578522,0.45783132314682007,-0.49152541160583496,-0.5386228561401367,0.8366197347640991,-0.71385657787323,-0.44155368208885193,0.5362731218338013,-0.5660685300827026,-0.4968474209308624,499.76251220703125,0.130340114235878
EXPC-098,130.09815169649605,46.5243773852489,-0.044844290657439445,-0.05911572472126105,0.14173010380622836,-0.09356401384083046,-0.05536332179930796,-0.17279507881584008,-0.2519646289888504,0.42377547097270285,0.08882737408688965,-0.05536332179930796,0.29287197231833906,-0.022206843521722412,0.03844675124951941,0.004982698961937716,-0.186082276047674,0.002214532871972318,-0.022206843521722412,-0.05911572472126105,-0.09842368319876971,0.03844675124951941,0.11909265667051133,-0.09356401384083046,0.10340638216070744,-0.04822760476739715,0.09356401384083046,0.24415224913494812,0.01574778931180315,0.0629911572472126,0.28444444444444444,-0.05536332179930796,0.024605920799692427,-0.000984236831987697,-0.000984236831987697,0.08421376393694734,-0.01384083044982699,0.1929104190695886,0.017777777777777778,-0.16000000000000003,0.11374086889657825,-0.022206843521722412,-0.15378700499807765,-0.09356401384083046,0.008858131487889272,0.06698961937716265,-0.15378700499807765,0.12456747404844293,0.2364628988850442,-0.07972318339100345,0.04822760476739715,-0.03543252595155709,0.07535563244905807,-0.022206843521722412,-0.1085121107266436,0.022206843521722412,0.08421376393694734,0.09842368319876971,0.11909265667051133,0.041584006151480196,-0.10340638216070744,-0.11374086889657825,-0.19986159169550174,0.01574778931180315,-0.044844290657439445,-0.01384083044982699,,,,,0.2162565290927887,-0.2293969839811325,0.24522939324378967,0.49044087529182434,-0.545307457447052,-0.49709171056747437,0.7690067887306213,-0.6711491346359253,-0.466269850730896,0.4010695219039917,-0.5291828513145447,-0.31021377444267273,195.21978759765625,0.0630452111363411
EXPC-099,130.3307255235546,45.66046757651116,-0.09842368319876971,-0.03543252595155709,0.16633602460592078,-0.022206843521722412,-0.09356401384083046,-0.16633602460592078,-0.17937716262975778,0.42377547097270285,0.2288965782391388,0.017777777777777778,0.34602076124567477,-0.05536332179930796,0.006151480199923107,-0.07111111111111111,-0.07111111111111111,0.05173394848135333,0.07111111111111111,-0.008858131487889272,-0.186082276047674,-0.17279507881584008,0.14769703960015382,-0.09842368319876971,0.07111111111111111,-0.0015378700499807767,0.1929104190695886,0.15378700499807765,-0.05173394848135333,0.05911572472126105,0.17279507881584008,0.06698961937716265,0.03254133025759323,0.11909265667051133,0.11374086889657825,0.11374086889657825,0.0005536332179930795,-0.017777777777777778,0.05536332179930796,-0.12456747404844293,0.10340638216070744,-0.11909265667051133,-0.06698961937716265,-0.11374086889657825,0.05911572472126105,0.07972318339100345,-0.08882737408688965,0.041584006151480196,0.13588619761630144,-0.1085121107266436,0.13588619761630144,-0.041584006151480196,0.03844675124951941,-0.041584006151480196,-0.08421376393694734,0.08421376393694734,0.09842368319876971,0.14769703960015382,0.17937716262975778,-0.05536332179930796,-0.11374086889657825,-0.07972318339100345,-0.16000000000000003,0.07535563244905807,-0.019930795847750864,0.09356401384083046,,,,,0.4324166178703308,-0.38226988911628723,-0.08681134879589081,0.4446735382080078,-0.4719887971878052,-0.40253564715385437,0.8784298300743103,-0.7704577445983887,-0.5162124633789062,0.658275306224823,-0.6175548434257507,-0.5880697965621948,620.8232421875,0.1618894636631012
EXPC-100,131.6256470056129,45.62076204095308,-0.05911572472126105,-0.03844675124951941,0.186082276047674,-0.10340638216070744,-0.05911572472126105,-0.11374086889657825,-0.16633602460592078,0.4982698961937717,0.15378700499807765,-0.024605920799692427,0.3278123798539023,-0.13016532103037293,-0.006151480199923107,0.004982698961937716,-0.12456747404844293,0.0271280276816609,0.010396001537870049,-0.07111111111111111,-0.06698961937716265,-0.1085121107266436,0.14769703960015382,-0.05173394848135333,0.05173394848135333,-0.05536332179930796,0.17937716262975778,0.19986159169550174,-0.04822760476739715,0.12456747404844293,0.22145328719723184,0.000984236831987697,0.03543252595155709,0.03543252595155709,-0.019930795847750864,0.11374086889657825,0.024605920799692427,0.07111111111111111,0.008858131487889272,-0.13588619761630144,0.04822760476739715,-0.05911572472126105,-0.13588619761630144,-0.13016532103037293,0.03844675124951941,0.07111111111111111,-0.07111111111111111,0.05536332179930796,0.16633602460592078,-0.08882737408688965,0.16633602460592078,-0.06698961937716265,0.024605920799692427,-0.03254133025759323,-0.07111111111111111,0.03254133025759323,0.09842368319876971,0.1929104190695886,0.2069357939254133,0.07111111111111111,-0.07535563244905807,0.003014225297962322,-0.17937716262975778,0.0271280276816609,0.000984236831987697,0.07535563244905807,,,,,0.19607308506965637,-0.19152404367923737,0.19903303682804108,0.4630034267902374,-0.5263843536376953,-0.4823780655860901,0.8317468762397766,-0.731517493724823,-0.48983365297317505,0.5033639073371887,-0.6343085169792175,-0.4578610062599182,194.77853393554688,0.10226807743310928
EXPC-101,131.68565446659207,45.657772630658805,-0.1085121107266436,-0.03543252595155709,0.13588619761630144,-0.06698961937716265,-0.06698961937716265,-0.14769703960015382,-0.17279507881584008,0.46560553633217994,0.17937716262975778,-0.041584006151480196,0.34602076124567477,-0.08882737408688965,0.01574778931180315,0.012056901191849288,-0.12456747404844293,0.05173394848135333,-0.017777777777777778,-0.08421376393694734,-0.16633602460592078,-0.06698961937716265,0.15378700499807765,-0.03844675124951941,0.0629911572472126,-0.03543252595155709,0.14769703960015382,0.21413302575932336,-0.01574778931180315,0.08882737408688965,0.19986159169550174,0.017777777777777778,0.004982698961937716,0.0629911572472126,-0.0015378700499807767,0.07111111111111111,0.05911572472126105,0.07972318339100345,0.022206843521722412,-0.14173010380622836,0.08882737408688965,-0.08882737408688965,-0.11374086889657825,-0.13016532103037293,0.07535563244905807,0.01384083044982699,-0.1085121107266436,0.06698961937716265,0.2364628988850442,-0.1085121107266436,0.11909265667051133,-0.07535563244905807,0.06698961937716265,0.03254133025759323,-0.08421376393694734,0.03844675124951941,0.09356401384083046,0.15378700499807765,0.19986159169550174,0.03844675124951941,-0.06698961937716265,-0.07972318339100345,-0.16000000000000003,0.03254133025759323,-0.0629911572472126,0.03543252595155709,,,,,0.08214879035949707,-0.08314856141805649,0.3186287581920624,0.40066006779670715,-0.4415760934352875,-0.4126473665237427,0.8271145820617676,-0.704869270324707,-0.44975745677948,0.4859759509563446,-0.5374592542648315,-0.37966638803482056,208.12002563476562,0.10226807743310928
EXPC-102,132.95497396305296,46.786685448211806,-0.07535563244905807,-0.10340638216070744,0.14769703960015382,-0.1929104190695886,-0.07972318339100345,-0.1929104190695886,-0.2288965782391388,0.37425605536332185,0.11374086889657825,-0.024605920799692427,0.2364628988850442,-0.15378700499807765,0.03543252595155709,0.0629911572472126,-0.21413302575932336,0.13016532103037293,0.03844675124951941,-0.13016532103037293,-0.12456747404844293,-0.07972318339100345,0.09356401384083046,-0.029773164167627833,0.010396001537870049,-0.05536332179930796,0.05911572472126105,0.21413302575932336,0.041584006151480196,0.16000000000000003,0.3188927335640138,-0.08882737408688965,0.0629911572472126,-0.09356401384083046,-0.06698961937716265,0.06698961937716265,-0.04822760476739715,0.2069357939254133,0.041584006151480196,-0.022206843521722412,0.05173394848135333,-0.029773164167627833,-0.12456747404844293,-0.10340638216070744,-0.03543252595155709,0.03254133025759323,-0.07972318339100345,0.13016532103037293,0.13588619761630144,-0.019930795847750864,0.024605920799692427,-0.07972318339100345,0.07111111111111111,-0.007443291041906958,-0.05536332179930796,0.019930795847750864,0.08882737408688965,0.186082276047674,0.17279507881584008,0.04822760476739715,-0.012056901191849288,-0.07535563244905807,-0.186082276047674,0.044844290657439445,-0.0629911572472126,0.08882737408688965,,,,,0.07871433347463608,-0.052143312990665436,0.6262348890304565,0.36856111884117126,-0.4112112820148468,-0.36664557456970215,0.7798255681991577,-0.6921151280403137,-0.38499999046325684,0.5305705070495605,-0.6101661920547485,-0.46684491634368896,60.5868034362793,0.06488724052906036
EXPC-103,130.58944032538102,47.79297822948249,-0.08421376393694734,-0.0271280276816609,0.17279507881584008,-0.03844675124951941,-0.04822760476739715,-0.13588619761630144,-0.1085121107266436,0.4340484429065744,0.22145328719723184,-0.007443291041906958,0.37425605536332185,-0.07972318339100345,0.003936947327950788,-0.029773164167627833,-0.12456747404844293,0.09842368319876971,0.041584006151480196,-0.041584006151480196,-0.14769703960015382,-0.15378700499807765,0.17279507881584008,-0.017777777777777778,0.05173394848135333,-0.022206843521722412,0.19986159169550174,0.13588619761630144,-0.03254133025759323,0.12456747404844293,0.1929104190695886,0.03254133025759323,0.01574778931180315,0.13016532103037293,-0.003936947327950788,0.08882737408688965,0.05173394848135333,-0.008858131487889272,0.010396001537870049,-0.16000000000000003,0.0629911572472126,-0.12456747404844293,-0.07111111111111111,-0.13588619761630144,0.08421376393694734,0.05911572472126105,-0.07535563244905807,0.03844675124951941,0.13016532103037293,-0.16000000000000003,0.12456747404844293,-0.03844675124951941,0.019930795847750864,-0.022206843521722412,-0.09842368319876971,0.03844675124951941,0.08882737408688965,0.186082276047674,0.19986159169550174,-0.017777777777777778,-0.05911572472126105,-0.0629911572472126,-0.1929104190695886,0.08421376393694734,-0.01384083044982699,0.07535563244905807,,,,,0.10931941866874695,-0.1245192289352417,0.2743177115917206,0.4312746524810791,-0.5083783268928528,-0.33682048320770264,0.8213151693344116,-0.7038608193397522,-0.4563862979412079,0.4831385612487793,-0.627106249332428,-0.5173068046569824,484.8074951171875,0.16319327056407928
EXPC-104,130.15977612498665,45.89241258287082,-0.08421376393694734,-0.024605920799692427,0.14173010380622836,-0.0629911572472126,-0.05911572472126105,-0.14769703960015382,-0.19986159169550174,0.48725874663590923,0.186082276047674,-0.000984236831987697,0.36472126105344094,-0.0629911572472126,0.024605920799692427,-0.03254133025759323,-0.09356401384083046,0.03543252595155709,0.05173394848135333,-0.041584006151480196,-0.19986159169550174,-0.09842368319876971,0.13016532103037293,-0.07535563244905807,0.03844675124951941,-0.01574778931180315,0.16633602460592078,0.14769703960015382,0.00024605920799692423,0.07535563244905807,0.1929104190695886,0.044844290657439445,0.002214532871972318,0.06698961937716265,0.04822760476739715,0.08882737408688965,0.06698961937716265,0.07535563244905807,0.0271280276816609,-0.14173010380622836,0.09842368319876971,-0.07972318339100345,-0.13016532103037293,-0.1085121107266436,0.07535563244905807,0.03543252595155709,-0.10340638216070744,0.09842368319876971,0.17279507881584008,-0.08882737408688965,0.13016532103037293,6.151480199923106e-05,0.024605920799692427,0.01384083044982699,-0.1085121107266436,0.07972318339100345,0.12456747404844293,0.14769703960015382,0.17279507881584008,0.004982698961937716,-0.09356401384083046,-0.08421376393694734,-0.15378700499807765,0.03254133025759323,-0.05536332179930796,0.07111111111111111,,,,,0.06813734024763107,-0.07888589054346085,0.29509854316711426,0.346446692943573,-0.4808094799518585,-0.4831538796424866,0.8558971881866455,-0.7510283589363098,-0.4900221824645996,0.49421051144599915,-0.5791962146759033,-0.4073638916015625,339.8603515625,0.1618894636631012
EXPC-105,130.05539188897197,47.58016733867458,-0.09842368319876971,0.006151480199923107,0.16000000000000003,-0.05911572472126105,-0.01384083044982699,-0.19986159169550174,-0.1929104190695886,0.47637062668204533,0.19986159169550174,0.03254133025759323,0.31009611687812383,-0.08882737408688965,0.002214532871972318,-0.07535563244905807,-0.14769703960015382,0.11374086889657825,0.0629911572472126,-0.012056901191849288,-0.19986159169550174,-0.14769703960015382,0.16000000000000003,-0.044844290657439445,0.04822760476739715,-0.019930795847750864,0.1929104190695886,0.14769703960015382,-0.03254133025759323,0.07111111111111111,0.21413302575932336,0.07111111111111111,-0.003936947327950788,0.07535563244905807,0.05173394848135333,0.1085121107266436,0.01574778931180315,-0.003014225297962322,0.07111111111111111,-0.09842368319876971,0.11909265667051133,-0.09842368319876971,-0.012056901191849288,-0.09842368319876971,0.0629911572472126,0.06698961937716265,-0.07535563244905807,0.05911572472126105,0.14769703960015382,-0.06698961937716265,0.14173010380622836,-0.04822760476739715,0.05536332179930796,-0.0271280276816609,-0.07972318339100345,0.07535563244905807,0.05911572472126105,0.15378700499807765,0.17937716262975778,-0.0629911572472126,-0.06698961937716265,-0.041584006151480196,-0.16000000000000003,0.05536332179930796,-0.041584006151480196,0.07972318339100345,,,,,0.25035521388053894,-0.16094987094402313,0.21699196100234985,0.45738986134529114,-0.41713371872901917,-0.4332424998283386,0.868028461933136,-0.7396601438522339,-0.4659065902233124,0.5576407313346863,-0.5400927662849426,-0.5773447155952454,275.61370849609375,0.16319327056407928
EXPC-106,130.2426007941825,44.355035805628674,-0.03254133025759323,-0.05911572472126105,0.11909265667051133,-0.0629911572472126,-0.04822760476739715,-0.14173010380622836,-0.14769703960015382,0.40359861591695495,0.15378700499807765,0.07111111111111111,0.37425605536332185,-0.07111111111111111,0.002214532871972318,-0.06698961937716265,-0.10340638216070744,0.017777777777777778,-0.01384083044982699,-0.05911572472126105,-0.14769703960015382,-0.06698961937716265,0.13588619761630144,-0.1085121107266436,0.08882737408688965,-0.05173394848135333,0.186082276047674,0.08421376393694734,-0.08421376393694734,0.07111111111111111,0.17937716262975778,0.03543252595155709,0.05911572472126105,0.15378700499807765,0.08421376393694734,0.08421376393694734,0.019930795847750864,0.041584006151480196,0.05173394848135333,-0.19986159169550174,0.1085121107266436,-0.11909265667051133,-0.1085121107266436,-0.11909265667051133,0.03254133025759323,0.12456747404844293,-0.03844675124951941,0.044844290657439445,0.2288965782391388,-0.21413302575932336,0.14769703960015382,-0.03844675124951941,0.044844290657439445,-0.03254133025759323,-0.10340638216070744,0.09356401384083046,0.07535563244905807,0.16000000000000003,0.17279507881584008,-0.03844675124951941,-0.09356401384083046,-0.1085121107266436,-0.186082276047674,0.07535563244905807,-0.03254133025759323,0.01574778931180315,-15.547235670627927,-21.495408378499373,-8.556775101018005,-15.858350502141416,0.27424052357673645,-0.2876366674900055,-0.00877706240862608,0.37740063667297363,-0.39673912525177,-0.47682639956474304,0.764907956123352,-0.6617375016212463,-0.41275572776794434,0.6350877285003662,-0.6510186195373535,-0.5742841958999634,486.8262939453125,0.130340114235878
EXPC-107,130.15214044507164,48.69668340530673,-0.05536332179930796,-0.05536332179930796,0.10340638216070744,-0.03254133025759323,-0.05173394848135333,-0.13588619761630144,-0.17279507881584008,0.4340484429065744,0.2288965782391388,-0.012056901191849288,0.3839138792772011,-0.05173394848135333,0.012056901191849288,-0.05536332179930796,-0.10340638216070744,0.06698961937716265,0.13588619761630144,-0.041584006151480196,-0.22145328719723184,-0.13588619761630144,0.14173010380622836,-0.13016532103037293,0.03543252595155709,0.010396001537870049,0.17279507881584008,0.12456747404844293,-0.019930795847750864,0.08882737408688965,0.1929104190695886,0.08882737408688965,-0.024605920799692427,0.05536332179930796,0.06698961937716265,0.13588619761630144,-0.006151480199923107,-0.01384083044982699,0.05173394848135333,-0.07535563244905807,0.07535563244905807,-0.06698961937716265,-0.11374086889657825,-0.15378700499807765,0.09842368319876971,0.03844675124951941,-0.07535563244905807,0.07972318339100345,0.08882737408688965,-0.07972318339100345,0.11374086889657825,0.007443291041906958,0.002214532871972318,-0.06698961937716265,-0.08421376393694734,0.06698961937716265,0.17937716262975778,0.1929104190695886,0.14769703960015382,-0.029773164167627833,-0.024605920799692427,-0.05911572472126105,-0.16633602460592078,0.09356401384083046,0.03543252595155709,0.14173010380622836,,,,,0.005451241508126259,0.09438079595565796,0.7065078616142273,0.2846715450286865,-0.3319878876209259,-0.09562841802835464,0.853717029094696,-0.7388548254966736,-0.4660255014896393,0.5217980146408081,-0.4915074408054352,-0.27670818567276,451.9995422363281,0.0640474185347557
EXPC-108,131.4911692075802,46.261171007001884,-0.08421376393694734,-0.0271280276816609,0.13016532103037293,-0.029773164167627833,-0.05536332179930796,-0.14173010380622836,-0.11909265667051133,0.4444444444444444,0.19986159169550174,-0.0015378700499807767,0.37425605536332185,-0.05536332179930796,-0.0005536332179930795,-0.044844290657439445,-0.1085121107266436,0.09356401384083046,0.05536332179930796,-0.07535563244905807,-0.13016532103037293,-0.13016532103037293,0.17279507881584008,-0.07972318339100345,0.041584006151480196,-0.01574778931180315,0.21413302575932336,0.13016532103037293,-0.029773164167627833,0.11374086889657825,0.17937716262975778,0.024605920799692427,0.017777777777777778,0.09356401384083046,0.029773164167627833,0.08882737408688965,0.06698961937716265,0.0271280276816609,0.022206843521722412,-0.16633602460592078,0.08882737408688965,-0.09356401384083046,-0.13588619761630144,-0.13016532103037293,0.06698961937716265,0.05911572472126105,-0.08421376393694734,0.05536332179930796,0.17279507881584008,-0.12456747404844293,0.14769703960015382,-0.022206843521722412,0.010396001537870049,-0.05911572472126105,-0.11909265667051133,0.05536332179930796,0.12456747404844293,0.186082276047674,0.17279507881584008,-0.004982698961937716,-0.07535563244905807,-0.06698961937716265,-0.17279507881584008,0.06698961937716265,-0.012056901191849288,0.07972318339100345,,,,,0.1949532926082611,-0.19018849730491638,0.31205952167510986,0.48571428656578064,-0.5563380122184753,-0.3861145079135895,0.8852603435516357,-0.7934508919715881,-0.5145535469055176,0.48639053106307983,-0.5729492902755737,-0.43883708119392395,332.7340087890625,0.09111568331718445
EXPC-109,130.1789102405384,45.52554062083641,-0.07535563244905807,-0.06698961937716265,0.1929104190695886,-0.06698961937716265,-0.1085121107266436,-0.16633602460592078,-0.2288965782391388,0.46560553633217994,0.19986159169550174,0.012056901191849288,0.31009611687812383,-0.07111111111111111,0.01384083044982699,-0.06698961937716265,-0.05536332179930796,-0.006151480199923107,0.0629911572472126,0.006151480199923107,-0.14173010380622836,-0.16633602460592078,0.11374086889657825,-0.09842368319876971,0.05911572472126105,-0.01574778931180315,0.14173010380622836,0.1929104190695886,-0.06698961937716265,0.07972318339100345,0.2364628988850442,0.03844675124951941,0.06698961937716265,0.04822760476739715,0.09356401384083046,0.15378700499807765,-0.0271280276816609,0.022206843521722412,0.05911572472126105,-0.09356401384083046,0.09356401384083046,-0.05173394848135333,-0.08882737408688965,-0.10340638216070744,0.04822760476739715,0.12456747404844293,-0.09842368319876971,0.05911572472126105,0.12456747404844293,-0.01574778931180315,0.17279507881584008,-0.0629911572472126,0.06698961937716265,-0.041584006151480196,-0.07972318339100345,0.05911572472126105,0.11909265667051133,0.10340638216070744,0.14769703960015382,-0.024605920799692427,-0.09842368319876971,-0.05536332179930796,-0.17937716262975778,0.04822760476739715,0.01384083044982699,0.08421376393694734,,,,,0.3037036955356598,-0.3238612711429596,-0.17659032344818115,0.5010725259780884,-0.5091654062271118,-0.5059691667556763,0.8709841966629028,-0.7386565804481506,-0.52883380651474,0.5090203285217285,-0.5996127128601074,-0.5598722696304321,301.56878662109375,0.1618894636631012
EXPC-110,131.1761300374395,43.82709591315163,-0.0271280276816609,-0.022206843521722412,0.17279507881584008,-0.07111111111111111,-0.044844290657439445,-0.13588619761630144,-0.12456747404844293,0.46560553633217994,0.17937716262975778,-0.008858131487889272,0.33685505574778934,-0.07111111111111111,-0.041584006151480196,-0.01574778931180315,-0.1085121107266436,0.09842368319876971,-0.029773164167627833,-0.05173394848135333,-0.019930795847750864,-0.14173010380622836,0.16633602460592078,-0.04822760476739715,0.07972318339100345,-0.06698961937716265,0.17937716262975778,0.15378700499807765,-0.09842368319876971,0.09356401384083046,0.17279507881584008,-0.03254133025759323,0.0629911572472126,0.14173010380622836,-0.0015378700499807767,0.11374086889657825,0.08421376393694734,0.08882737408688965,-0.003014225297962322,-0.2069357939254133,0.07972318339100345,-0.08882737408688965,-0.12456747404844293,-0.1085121107266436,0.06698961937716265,0.09842368319876971,-0.08421376393694734,0.04822760476739715,0.16000000000000003,-0.13588619761630144,0.16000000000000003,-0.10340638216070744,-0.006151480199923107,-0.05536332179930796,-0.1085121107266436,0.09356401384083046,0.08421376393694734,0.17279507881584008,0.17279507881584008,0.05911572472126105,-0.07111111111111111,-0.041584006151480196,-0.13588619761630144,0.0629911572472126,-0.007443291041906958,0.024605920799692427,,,,,0.32990407943725586,-0.340902715921402,0.142648845911026,0.5129199028015137,-0.5576987266540527,-0.4910064935684204,0.7862464785575867,-0.7012563943862915,-0.4677720069885254,0.6644871830940247,-0.6929507851600647,-0.538681149482727,364.4847412109375,0.26213929057121277
EXPC-111,130.26568749698436,43.44603056962813,-0.006151480199923107,-0.06698961937716265,0.16633602460592078,-0.03254133025759323,-0.05911572472126105,-0.08882737408688965,-0.12456747404844293,0.42377547097270285,0.2069357939254133,0.04822760476739715,0.3553094963475586,-0.07535563244905807,-0.0271280276816609,-0.03254133025759323,-0.03254133025759323,0.0271280276816609,0.04822760476739715,-0.012056901191849288,-0.06698961937716265,-0.1929104190695886,0.16000000000000003,-0.14173010380622836,0.10340638216070744,-0.03254133025759323,0.17937716262975778,0.12456747404844293,-0.14769703960015382,0.05911572472126105,0.12456747404844293,0.0271280276816609,0.06698961937716265,0.16633602460592078,0.07972318339100345,0.15378700499807765,0.04822760476739715,0.004982698961937716,0.003014225297962322,-0.17279507881584008,0.06698961937716265,-0.06698961937716265,-0.13016532103037293,-0.12456747404844293,0.044844290657439445,0.13016532103037293,-0.08882737408688965,0.006151480199923107,0.13588619761630144,-0.13016532103037293,0.17937716262975778,-0.07111111111111111,0.0629911572472126,-0.07535563244905807,-0.11909265667051133,0.13016532103037293,0.11909265667051133,0.14173010380622836,0.13588619761630144,0.03844675124951941,-0.13588619761630144,-0.06698961937716265,-0.14769703960015382,0.08882737408688965,-0.029773164167627833,0.07535563244905807,-11.745772197163188,-19.47053104187884,-9.685113496255665,-15.544908048175394,0.42165935039520264,-0.4554521143436432,-0.17439515888690948,0.5162122249603271,-0.4730624556541443,-0.3983241319656372,0.8487493991851807,-0.7490720152854919,-0.4451056718826294,0.6174204349517822,-0.6371651291847229,-0.5080459713935852,767.4354248046875,0.15145225822925568
EXPC-112,133.60715085932372,46.9001426685961,-0.0629911572472126,-0.024605920799692427,0.09356401384083046,-0.012056901191849288,-0.041584006151480196,-0.14769703960015382,-0.11374086889657825,0.41362552864282975,0.2364628988850442,-0.0271280276816609,0.3839138792772011,-0.017777777777777778,-0.022206843521722412,-0.05173394848135333,-0.14769703960015382,0.07535563244905807,0.09842368319876971,-0.05173394848135333,-0.22145328719723184,-0.13588619761630144,0.17937716262975778,-0.12456747404844293,0.044844290657439445,0.019930795847750864,0.1929104190695886,0.12456747404844293,-0.05173394848135333,0.05173394848135333,0.15378700499807765,0.09356401384083046,-0.03254133025759323,0.11374086889657825,0.07972318339100345,0.11909265667051133,0.03543252595155709,-0.022206843521722412,0.03844675124951941,-0.1085121107266436,0.07111111111111111,-0.08882737408688965,-0.11909265667051133,-0.14769703960015382,0.09356401384083046,0.019930795847750864,-0.07972318339100345,0.0629911572472126,0.09356401384083046,-0.13016532103037293,0.10340638216070744,-0.024605920799692427,0.008858131487889272,-0.03254133025759323,-0.08882737408688965,0.0629911572472126,0.16000000000000003,0.1929104190695886,0.1929104190695886,-0.01574778931180315,-0.019930795847750864,-0.09356401384083046,-0.16000000000000003,0.09356401384083046,-0.010396001537870049,0.12456747404844293,,,,,0.0,0.12216083705425262,0.7799415588378906,0.2585047781467438,-0.3277455270290375,0.0036900369450449944,0.7895826101303101,-0.7239698767662048,-0.4793146550655365,0.43825364112854004,-0.5504258275032043,-0.5174404382705688,423.706298828125,0.010071716271340847
EXPC-113,130.11099760505897,43.3661703408699,0.03844675124951941,-0.07535563244905807,0.16000000000000003,-0.07111111111111111,-0.05911572472126105,-0.09842368319876971,-0.14769703960015382,0.41362552864282975,0.17279507881584008,0.06698961937716265,0.3014225297962323,-0.08421376393694734,-0.04822760476739715,-0.03254133025759323,-0.03254133025759323,-0.00024605920799692423,0.008858131487889272,-0.017777777777777778,0.022206843521722412,-0.19986159169550174,0.16633602460592078,-0.12456747404844293,0.1085121107266436,-0.06698961937716265,0.14769703960015382,0.13588619761630144,-0.17279507881584008,0.05536332179930796,0.15378700499807765,-0.022206843521722412,0.12456747404844293,0.11909265667051133,0.07111111111111111,0.12456747404844293,-0.004982698961937716,0.006151480199923107,-0.007443291041906958,-0.17937716262975778,0.12456747404844293,-0.05911572472126105,-0.13016532103037293,-0.10340638216070744,0.024605920799692427,0.19986159169550174,-0.07972318339100345,0.0,0.14173010380622836,-0.08421376393694734,0.19986159169550174,-0.04822760476739715,0.0271280276816609,-0.14173010380622836,-0.12456747404844293,0.11909265667051133,0.07972318339100345,0.14173010380622836,0.11374086889657825,0.0629911572472126,-0.17279507881584008,-0.06698961937716265,-0.14769703960015382,0.05536332179930796,-0.008858131487889272,0.12456747404844293,-11.66667253759617,-18.870275758992616,-8.441373102901421,-13.878305682544385,0.5846560597419739,-0.5867549777030945,-0.4502202570438385,0.6253243088722229,-0.5882353186607361,-0.5120192170143127,0.7755460739135742,-0.6866205334663391,-0.4988558292388916,0.7068119645118713,-0.6766595244407654,-0.5967957377433777,633.1538696289062,0.15145225822925568
EXPC-114,130.36342419989654,45.85836643360269,-0.05911572472126105,0.0015378700499807767,0.186082276047674,-0.05173394848135333,-0.10340638216070744,-0.13588619761630144,-0.2519646289888504,0.5320415224913494,0.2069357939254133,6.151480199923106e-05,0.28444444444444444,-0.11374086889657825,0.044844290657439445,-0.017777777777777778,-0.07111111111111111,0.03254133025759323,0.09842368319876971,0.05911572472126105,-0.2069357939254133,-0.12456747404844293,0.09356401384083046,-0.07535563244905807,0.0271280276816609,0.03844675124951941,0.16633602460592078,0.186082276047674,0.004982698961937716,0.09356401384083046,0.2519646289888504,0.09842368319876971,-0.003936947327950788,0.01384083044982699,0.03543252595155709,0.14173010380622836,0.024605920799692427,0.01574778931180315,0.0271280276816609,-0.07111111111111111,0.09356401384083046,-0.04822760476739715,-0.07972318339100345,-0.09356401384083046,0.08882737408688965,-0.029773164167627833,-0.11909265667051133,0.07972318339100345,0.07111111111111111,0.041584006151480196,0.11909265667051133,-0.022206843521722412,0.03254133025759323,-0.0271280276816609,-0.041584006151480196,0.012056901191849288,0.14769703960015382,0.08421376393694734,0.14769703960015382,0.003936947327950788,-0.08421376393694734,-0.007443291041906958,-0.16633602460592078,0.012056901191849288,-0.01574778931180315,0.09842368319876971,,,,,0.08557815849781036,-0.06088825315237045,0.18241262435913086,0.34612205624580383,-0.4458259344100952,-0.43241769075393677,0.8231827020645142,-0.697147011756897,-0.40086829662323,0.4277813136577606,-0.5551436543464661,-0.3487109839916229,256.5495300292969,0.1618894636631012
EXPC-115,130.4096874370287,43.301761134998536,-0.010396001537870049,-0.041584006151480196,0.15378700499807765,-0.044844290657439445,-0.041584006151480196,-0.14769703960015382,-0.09842368319876971,0.40359861591695495,0.19986159169550174,0.09356401384083046,0.33685505574778934,-0.08421376393694734,-0.041584006151480196,-0.07111111111111111,-0.1085121107266436,0.05911572472126105,-0.012056901191849288,-0.044844290657439445,-0.08421376393694734,-0.16633602460592078,0.17279507881584008,-0.05536332179930796,0.08421376393694734,-0.05911572472126105,0.17279507881584008,0.1085121107266436,-0.13588619761630144,0.07535563244905807,0.15378700499807765,0.002214532871972318,0.05536332179930796,0.17937716262975778,0.07111111111111111,0.1085121107266436,0.09842368319876971,0.019930795847750864,0.0271280276816609,-0.21413302575932336,0.03844675124951941,-0.13588619761630144,-0.07972318339100345,-0.08882737408688965,0.010396001537870049,0.13588619761630144,-0.07111111111111111,-0.007443291041906958,0.17937716262975778,-0.2069357939254133,0.14769703960015382,-0.07972318339100345,0.05173394848135333,-0.03844675124951941,-0.11374086889657825,0.12456747404844293,0.03543252595155709,0.16000000000000003,0.17279507881584008,-0.0271280276816609,-0.11374086889657825,-0.0629911572472126,-0.17279507881584008,0.08421376393694734,-0.04822760476739715,0.044844290657439445,-12.58936369073723,-18.272259466857204,-8.040716863393317,-15.178480261221859,0.33093783259391785,-0.322857141494751,-0.052000001072883606,0.45814308524131775,-0.4373593330383301,-0.3941841721534729,0.8662262558937073,-0.7614964842796326,-0.5048543810844421,0.6162790656089783,-0.613264262676239,-0.520061731338501,823.9269409179688,0.15145225822925568
EXPC-116,130.49978846002588,42.96695902860719,-0.022206843521722412,6.151480199923106e-05,0.29287197231833906,-0.05911572472126105,-0.05173394848135333,-0.16000000000000003,-0.2761399461745483,0.48725874663590923,0.16633602460592078,0.041584006151480196,0.17937716262975778,-0.0271280276816609,-0.024605920799692427,0.024605920799692427,-0.041584006151480196,0.024605920799692427,-0.017777777777777778,0.11374086889657825,-0.11909265667051133,-0.15378700499807765,0.0629911572472126,-0.0629911572472126,0.12456747404844293,-0.003014225297962322,0.13588619761630144,0.21413302575932336,-0.14769703960015382,0.03543252595155709,0.2364628988850442,0.044844290657439445,0.03844675124951941,0.11909265667051133,0.09356401384083046,0.13016532103037293,0.029773164167627833,0.1085121107266436,0.012056901191849288,-0.14769703960015382,0.13588619761630144,-0.008858131487889272,-0.017777777777777778,-0.007443291041906958,0.05536332179930796,0.03543252595155709,-0.09356401384083046,-0.024605920799692427,0.11374086889657825,0.044844290657439445,0.186082276047674,-0.0629911572472126,0.044844290657439445,0.017777777777777778,-0.0629911572472126,0.10340638216070744,-0.010396001537870049,0.029773164167627833,0.13016532103037293,0.07535563244905807,-0.12456747404844293,0.03543252595155709,-0.1929104190695886,-0.05536332179930796,-0.13016532103037293,0.07972318339100345,-11.564960350846572,-18.80670427646634,-5.733080851917052,-12.693445841858939,0.6025121212005615,-0.5738884806632996,-0.20403264462947845,0.5142054557800293,-0.5436028242111206,-0.500435471534729,0.8463395237922668,-0.762334406375885,-0.525306761264801,0.7649484276771545,-0.726386547088623,-0.5913654565811157,184.45875549316406,0.31866714358329773
EXPC-117,134.5179527258925,48.34580145532965,-0.03543252595155709,-0.10340638216070744,0.11374086889657825,-0.186082276047674,-0.0629911572472126,-0.14173010380622836,-0.2519646289888504,0.3278123798539023,0.05173394848135333,0.017777777777777778,0.21413302575932336,-0.11909265667051133,0.002214532871972318,-0.019930795847750864,-0.19986159169550174,0.03254133025759323,0.0015378700499807767,-0.08882737408688965,-0.16633602460592078,0.041584006151480196,0.08421376393694734,-0.05911572472126105,0.022206843521722412,-0.05536332179930796,0.03844675124951941,0.19986159169550174,0.044844290657439445,0.044844290657439445,0.40359861591695495,-0.05173394848135333,0.01574778931180315,0.022206843521722412,-0.05911572472126105,0.05536332179930796,-0.09356401384083046,0.24415224913494812,0.14173010380622836,-0.03543252595155709,0.07535563244905807,-0.029773164167627833,-0.1085121107266436,-0.15378700499807765,-0.07972318339100345,0.08421376393694734,-0.017777777777777778,0.16633602460592078,0.186082276047674,-0.11374086889657825,0.07972318339100345,-0.05173394848135333,0.14769703960015382,-0.029773164167627833,-0.05173394848135333,-0.024605920799692427,0.01574778931180315,0.09356401384083046,0.17279507881584008,-0.010396001537870049,-0.04822760476739715,-0.1085121107266436,-0.2288965782391388,0.06698961937716265,-0.05536332179930796,0.017777777777777778,,,,,0.08786001056432724,-0.14526961743831635,0.36541998386383057,0.4153605103492737,-0.4564516246318817,-0.4231921136379242,0.7848403453826904,-0.669970691204071,-0.5548022389411926,0.469613254070282,-0.45104795694351196,-0.5073434710502625,40.4014778137207,0.04811146482825279
EXPC-118,130.6560054879343,45.03380283430938,-0.04822760476739715,-0.03254133025759323,0.15378700499807765,-0.05536332179930796,-0.08421376393694734,-0.14173010380622836,-0.17937716262975778,0.47637062668204533,0.19986159169550174,0.003936947327950788,0.3188927335640138,-0.0629911572472126,-0.01574778931180315,-0.05173394848135333,-0.044844290657439445,0.0271280276816609,0.11909265667051133,-0.05536332179930796,-0.16000000000000003,-0.13016532103037293,0.1085121107266436,-0.14173010380622836,0.07111111111111111,-0.03254133025759323,0.19986159169550174,0.17279507881584008,-0.06698961937716265,0.07535563244905807,0.2288965782391388,0.08882737408688965,0.03254133025759323,0.1085121107266436,0.11374086889657825,0.14769703960015382,0.003014225297962322,0.03844675124951941,0.07111111111111111,-0.11909265667051133,0.07972318339100345,-0.041584006151480196,-0.09356401384083046,-0.09842368319876971,0.06698961937716265,0.07972318339100345,-0.07535563244905807,0.010396001537870049,0.07535563244905807,-0.03844675124951941,0.15378700499807765,-0.044844290657439445,0.041584006151480196,-0.08421376393694734,-0.08421376393694734,0.07535563244905807,0.13588619761630144,0.12456747404844293,0.16000000000000003,-0.004982698961937716,-0.07111111111111111,-0.007443291041906958,-0.17279507881584008,0.07535563244905807,-0.03254133025759323,0.14769703960015382,,,,,0.08400746434926987,-0.004034582059830427,0.523809552192688,0.3523956835269928,-0.33945655822753906,-0.33126693964004517,0.8419293165206909,-0.7146032452583313,-0.46699875593185425,0.6248236894607544,-0.5641548037528992,-0.3395061790943146,419.5516662597656,0.1618894636631012
EXPC-119,130.17190338132227,45.75335337688912,-0.08421376393694734,-0.09842368319876971,0.12456747404844293,-0.04822760476739715,-0.07535563244905807,-0.13016532103037293,-0.14173010380622836,0.42377547097270285,0.17937716262975778,-0.003014225297962322,0.39369473279507883,-0.05911572472126105,0.019930795847750864,-0.044844290657439445,-0.05911572472126105,0.017777777777777778,0.029773164167627833,-0.07111111111111111,-0.15378700499807765,-0.08421376393694734,0.15378700499807765,-0.08421376393694734,0.041584006151480196,-0.019930795847750864,0.2069357939254133,0.11374086889657825,-0.03254133025759323,0.08882737408688965,0.16000000000000003,0.019930795847750864,0.044844290657439445,0.09842368319876971,0.03844675124951941,0.07111111111111111,0.03844675124951941,0.024605920799692427,-0.00024605920799692423,-0.17279507881584008,0.10340638216070744,-0.09356401384083046,-0.16000000000000003,-0.14769703960015382,0.07111111111111111,0.09356401384083046,-0.10340638216070744,0.09356401384083046,0.2069357939254133,-0.16633602460592078,0.12456747404844293,-0.0271280276816609,0.029773164167627833,-0.022206843521722412,-0.12456747404844293,0.06698961937716265,0.13588619761630144,0.186082276047674,0.14769703960015382,-0.012056901191849288,-0.09842368319876971,-0.07972318339100345,-0.16000000000000003,0.05536332179930796,-0.010396001537870049,0.044844290657439445,,,,,0.18789473176002502,-0.19766516983509064,-0.006896551698446274,0.24382901191711426,-0.2760963439941406,-0.20299218595027924,0.8434276580810547,-0.7239673733711243,-0.49593496322631836,0.5404120683670044,-0.695743203163147,-0.567460298538208,411.2342529296875,0.1618894636631012
EXPC-120,130.92855434513615,45.9741592737257,-0.07972318339100345,0.03543252595155709,0.14769703960015382,-0.11374086889657825,0.000984236831987697,-0.19986159169550174,-0.12456747404844293,0.4444444444444444,0.16633602460592078,0.00024605920799692423,0.3014225297962323,-0.09842368319876971,-0.04822760476739715,-0.0271280276816609,-0.21413302575932336,0.08421376393694734,0.024605920799692427,-0.13588619761630144,-0.19986159169550174,-0.05173394848135333,0.16633602460592078,0.041584006151480196,0.07111111111111111,-0.03543252595155709,0.17279507881584008,0.11909265667051133,-0.017777777777777778,0.09842368319876971,0.19986159169550174,0.002214532871972318,-0.019930795847750864,0.07972318339100345,-0.03543252595155709,0.03543252595155709,0.09842368319876971,0.06698961937716265,-0.002214532871972318,-0.10340638216070744,0.04822760476739715,-0.16633602460592078,-0.03543252595155709,-0.1085121107266436,0.05536332179930796,0.012056901191849288,-0.044844290657439445,0.07972318339100345,0.2069357939254133,-0.17937716262975778,0.12456747404844293,-0.024605920799692427,0.044844290657439445,0.05173394848135333,-0.11374086889657825,0.05173394848135333,0.01574778931180315,0.16633602460592078,0.17279507881584008,-0.024605920799692427,-0.05173394848135333,-0.0629911572472126,-0.186082276047674,0.04822760476739715,-0.12456747404844293,0.03543252595155709,,,,,0.04158669337630272,-0.03414324298501015,0.45991358160972595,0.3373151421546936,-0.4575325548648834,-0.49770379066467285,0.8384547829627991,-0.7442732453346252,-0.510951817035675,0.5040257573127747,-0.6443662047386169,-0.533307671546936,260.8073425292969,0.1618894636631012
EXPC-121,134.19177444622872,47.67188532918318,-0.03254133025759323,-0.01574778931180315,0.0629911572472126,-0.28444444444444444,-0.0629911572472126,-0.05911572472126105,-0.2761399461745483,0.19986159169550174,-0.0015378700499807767,0.04822760476739715,-0.03254133025759323,-0.0629911572472126,-0.05536332179930796,0.06698961937716265,-0.2069357939254133,0.2761399461745483,0.03844675124951941,-0.16000000000000003,-0.0629911572472126,0.0271280276816609,-0.06698961937716265,0.03844675124951941,0.01384083044982699,0.0271280276816609,-0.10340638216070744,0.05911572472126105,0.06698961937716265,-0.0271280276816609,0.37425605536332185,-0.16000000000000003,0.01574778931180315,-0.11909265667051133,-0.13016532103037293,-0.01574778931180315,-0.002214532871972318,0.34602076124567477,0.044844290657439445,0.0271280276816609,0.000984236831987697,0.04822760476739715,-0.05911572472126105,0.1085121107266436,-0.12456747404844293,-0.010396001537870049,0.01384083044982699,0.22145328719723184,0.1085121107266436,-0.007443291041906958,0.03844675124951941,-0.05173394848135333,0.186082276047674,-0.12456747404844293,-0.11374086889657825,-0.03543252595155709,0.03543252595155709,-0.09842368319876971,-0.0005536332179930795,-0.05173394848135333,-0.0271280276816609,-0.13588619761630144,-0.2519646289888504,-0.06698961937716265,-0.08882737408688965,0.07111111111111111,,,,,0.0016474464209750295,-0.0008496176451444626,0.8425381779670715,0.2227700650691986,-0.31216931343078613,-0.3085106313228607,0.8487009406089783,-0.7194977402687073,-0.4401891231536865,0.4568345248699188,-0.560693621635437,-0.4838709533214569,48.809024810791016,0.053358353674411774
EXPC-122,133.10059087060873,45.76170770903144,-0.03844675124951941,0.04822760476739715,0.17279507881584008,-0.3188927335640138,-0.01384083044982699,-0.03844675124951941,-0.2679584775086506,0.24415224913494812,-0.0629911572472126,0.03844675124951941,0.07535563244905807,-0.12456747404844293,0.007443291041906958,0.0629911572472126,-0.2364628988850442,0.11909265667051133,0.03254133025759323,-0.044844290657439445,-0.05536332179930796,0.05911572472126105,-0.05536332179930796,0.041584006151480196,0.07972318339100345,-0.08882737408688965,-0.044844290657439445,0.2364628988850442,0.07111111111111111,-0.01384083044982699,0.33685505574778934,-0.14173010380622836,0.008858131487889272,-0.05536332179930796,-0.15378700499807765,0.06698961937716265,0.008858131487889272,0.31009611687812383,0.07972318339100345,0.09842368319876971,0.022206843521722412,0.05536332179930796,-0.03844675124951941,-0.010396001537870049,-0.08421376393694734,-0.01574778931180315,-0.010396001537870049,0.2761399461745483,0.14173010380622836,-0.00024605920799692423,0.1085121107266436,-0.0629911572472126,0.19986159169550174,0.029773164167627833,-0.01574778931180315,-0.022206843521722412,0.012056901191849288,-0.0271280276816609,0.05536332179930796,0.03254133025759323,-0.03543252595155709,-0.16000000000000003,-0.22145328719723184,-0.010396001537870049,-0.08882737408688965,-0.01384083044982699,,,,,0.023814134299755096,-0.03348534181714058,0.7883317470550537,0.21233604848384857,-0.2976664900779724,-0.3648996353149414,0.7184643745422363,-0.6189451217651367,-0.41814595460891724,0.3399723470211029,-0.44446101784706116,-0.47208839654922485,66.4726791381836,0.056132856756448746
EXPC-123,131.21098467046332,45.68319495319938,-0.04822760476739715,0.07535563244905807,0.2069357939254133,-0.2069357939254133,-0.0271280276816609,-0.1085121107266436,-0.2519646289888504,0.5094040753556325,0.05536332179930796,0.029773164167627833,0.08882737408688965,-0.12456747404844293,-0.029773164167627833,0.05911572472126105,-0.186082276047674,0.07972318339100345,0.0629911572472126,0.041584006151480196,-0.13588619761630144,0.006151480199923107,0.05536332179930796,0.07111111111111111,0.03543252595155709,-0.07535563244905807,0.07972318339100345,0.03543252595155709,-0.07111111111111111,0.017777777777777778,0.2761399461745483,0.006151480199923107,-0.006151480199923107,-0.007443291041906958,-0.12456747404844293,0.16633602460592078,-0.07111111111111111,0.24415224913494812,0.09842368319876971,-0.06698961937716265,-0.03844675124951941,-0.01574778931180315,-0.03844675124951941,0.09356401384083046,-0.044844290657439445,0.03844675124951941,-0.03543252595155709,0.22145328719723184,0.2069357939254133,-0.11374086889657825,0.03254133025759323,-0.14769703960015382,0.09356401384083046,-0.012056901191849288,-0.002214532871972318,-0.044844290657439445,-0.006151480199923107,0.16000000000000003,0.10340638216070744,0.12456747404844293,-0.017777777777777778,-0.017777777777777778,-0.16000000000000003,-0.0629911572472126,-0.09356401384083046,-0.007443291041906958,,,,,0.10880326479673386,-0.1473911553621292,0.5145406126976013,0.35934633016586304,-0.46935832500457764,-0.5519707798957825,0.7972700595855713,-0.7191780805587769,-0.5009509325027466,0.5909090638160706,-0.671576976776123,-0.584298312664032,268.586181640625,0.10226807743310928
EXPC-124,133.18808677928195,46.179693810732246,-0.019930795847750864,0.041584006151480196,0.14173010380622836,-0.3188927335640138,-0.010396001537870049,-0.09356401384083046,-0.3014225297962323,0.2069357939254133,-0.022206843521722412,-0.017777777777777778,0.08421376393694734,-0.07972318339100345,-0.05173394848135333,0.04822760476739715,-0.2364628988850442,0.16633602460592078,0.022206843521722412,-0.07972318339100345,-0.1085121107266436,0.09842368319876971,0.022206843521722412,0.010396001537870049,0.10340638216070744,-0.05911572472126105,-0.07111111111111111,0.186082276047674,0.07972318339100345,-0.05911572472126105,0.36472126105344094,-0.15378700499807765,-0.003014225297962322,-0.05173394848135333,-0.10340638216070744,0.0629911572472126,-0.044844290657439445,0.3014225297962323,0.12456747404844293,0.09842368319876971,0.05173394848135333,-0.002214532871972318,-0.03543252595155709,0.01574778931180315,-0.11374086889657825,0.024605920799692427,-0.01384083044982699,0.2288965782391388,0.16633602460592078,-0.029773164167627833,0.07535563244905807,-0.04822760476739715,0.19986159169550174,-0.0271280276816609,-0.05536332179930796,0.003936947327950788,-0.000984236831987697,0.04822760476739715,0.05911572472126105,0.01384083044982699,-0.002214532871972318,-0.17279507881584008,-0.2288965782391388,-0.0271280276816609,-0.10340638216070744,0.0015378700499807767,,,,,0.03019142895936966,-0.04271181300282478,0.7305910587310791,0.3058791756629944,-0.41411179304122925,-0.3481312096118927,0.7261133193969727,-0.6387455463409424,-0.36574316024780273,0.47732770442962646,-0.5910792946815491,-0.527375340461731,70.24857330322266,0.010071716271340847
EXPC-125,130.67145651082114,48.18626066087002,-0.05536332179930796,-0.0271280276816609,0.14173010380622836,-0.041584006151480196,-0.019930795847750864,-0.14769703960015382,-0.11909265667051133,0.37425605536332185,0.16633602460592078,0.008858131487889272,0.39369473279507883,-0.01574778931180315,0.006151480199923107,-0.08882737408688965,-0.13588619761630144,0.06698961937716265,0.041584006151480196,-0.0629911572472126,-0.24415224913494812,-0.0271280276816609,0.16633602460592078,-0.012056901191849288,0.03844675124951941,-0.006151480199923107,0.22145328719723184,0.06698961937716265,-0.0015378700499807767,0.08882737408688965,0.13588619761630144,0.07111111111111111,-0.002214532871972318,0.17279507881584008,0.024605920799692427,0.03844675124951941,0.000984236831987697,0.007443291041906958,0.0271280276816609,-0.21413302575932336,0.07535563244905807,-0.12456747404844293,-0.08421376393694734,-0.11374086889657825,0.07972318339100345,0.05173394848135333,-0.03844675124951941,0.10340638216070744,0.2069357939254133,-0.2761399461745483,0.12456747404844293,-0.01574778931180315,0.01384083044982699,-0.019930795847750864,-0.09356401384083046,0.007443291041906958,0.029773164167627833,0.15378700499807765,0.16633602460592078,-0.09842368319876971,-0.07111111111111111,-0.09356401384083046,-0.15378700499807765,0.10340638216070744,-0.07972318339100345,0.0271280276816609,,,,,0.09922308474779129,-0.10882221162319183,0.16034986078739166,0.5361608266830444,-0.5831227898597717,-0.4660194218158722,0.8696984648704529,-0.7581110000610352,-0.5674867033958435,0.5012450814247131,-0.6137667298316956,-0.6404414176940918,233.6432647705078,0.0640474185347557
EXPC-126,131.09707829243698,46.42178977980245,-0.05173394848135333,-0.03254133025759323,0.2069357939254133,-0.2599000384467512,-0.024605920799692427,-0.10340638216070744,-0.2761399461745483,0.3188927335640138,0.07111111111111111,0.08421376393694734,0.14769703960015382,-0.017777777777777778,-0.01574778931180315,0.0271280276816609,-0.2288965782391388,0.09842368319876971,0.09356401384083046,-0.08421376393694734,-0.16000000000000003,0.022206843521722412,0.08421376393694734,0.008858131487889272,0.05911572472126105,-0.1085121107266436,-0.03543252595155709,0.07111111111111111,-0.012056901191849288,-0.010396001537870049,0.3188927335640138,-0.03543252595155709,0.017777777777777778,-0.008858131487889272,-0.05536332179930796,0.0629911572472126,-0.03254133025759323,0.28444444444444444,0.07535563244905807,-0.022206843521722412,-0.029773164167627833,-0.019930795847750864,-0.06698961937716265,0.029773164167627833,-0.07972318339100345,0.07111111111111111,0.003014225297962322,0.21413302575932336,0.22145328719723184,-0.186082276047674,0.05173394848135333,-0.11374086889657825,0.14769703960015382,-0.0271280276816609,-0.14173010380622836,0.0629911572472126,0.05911572472126105,0.11374086889657825,0.06698961937716265,0.003936947327950788,-0.04822760476739715,-0.19986159169550174,-0.2069357939254133,0.022206843521722412,-0.03254133025759323,-0.05536332179930796,,,,,0.05061095580458641,-0.0779513567686081,0.7053617238998413,0.2533711791038513,-0.34654974937438965,-0.3997548520565033,0.7285539507865906,-0.6584362387657166,-0.5356643199920654,0.22263681888580322,-0.38110291957855225,-0.35053446888923645,278.58892822265625,0.09111568331718445
EXPC-127,131.51272877439908,47.57262149028797,-0.022206843521722412,0.04822760476739715,0.14769703960015382,-0.2599000384467512,0.003014225297962322,-0.05173394848135333,-0.2679584775086506,0.3278123798539023,0.04822760476739715,-0.029773164167627833,0.13588619761630144,-0.11909265667051133,-0.09356401384083046,0.08882737408688965,-0.19986159169550174,0.17279507881584008,0.10340638216070744,-0.08421376393694734,-0.12456747404844293,0.0271280276816609,0.0271280276816609,-0.008858131487889272,0.11374086889657825,-0.11909265667051133,-0.003014225297962322,0.21413302575932336,0.10340638216070744,-0.008858131487889272,0.3839138792772011,-0.07535563244905807,0.012056901191849288,-0.044844290657439445,-0.13016532103037293,0.044844290657439445,-0.008858131487889272,0.34602076124567477,0.03844675124951941,0.0629911572472126,-0.008858131487889272,0.003936947327950788,-0.0271280276816609,-0.024605920799692427,-0.07972318339100345,0.006151480199923107,0.024605920799692427,0.16633602460592078,0.11374086889657825,-0.0271280276816609,0.06698961937716265,-0.019930795847750864,0.2069357939254133,-0.029773164167627833,-0.08882737408688965,0.0271280276816609,0.0629911572472126,0.03254133025759323,0.041584006151480196,0.01574778931180315,-0.0015378700499807767,-0.13588619761630144,-0.19986159169550174,-0.008858131487889272,-0.11909265667051133,-0.017777777777777778,,,,,0.05315534770488739,-0.07027027010917664,0.7643944621086121,0.22367078065872192,-0.35961708426475525,-0.34332212805747986,0.6573822498321533,-0.5883246660232544,-0.36735033988952637,0.4280898869037628,-0.5103980898857117,-0.4024655520915985,65.43988800048828,0.07704101502895355
EXPC-128,130.98020747397302,46.00910373827794,-0.041584006151480196,-0.007443291041906958,0.1929104190695886,-0.16633602460592078,-0.007443291041906958,-0.21413302575932336,-0.1929104190695886,0.41362552864282975,0.10340638216070744,0.03844675124951941,0.24415224913494812,-0.07111111111111111,-0.022206843521722412,-0.03254133025759323,-0.2288965782391388,-0.012056901191849288,0.004982698961937716,-0.08882737408688965,-0.15378700499807765,0.003936947327950788,0.13588619761630144,0.006151480199923107,0.0629911572472126,-0.0629911572472126,0.11374086889657825,0.12456747404844293,-0.03254133025759323,0.03844675124951941,0.31009611687812383,-0.03254133025759323,0.01384083044982699,0.03844675124951941,-0.044844290657439445,0.08882737408688965,0.008858131487889272,0.16633602460592078,0.07972318339100345,-0.08421376393694734,0.0629911572472126,-0.10340638216070744,-0.029773164167627833,-0.05911572472126105,-0.01574778931180315,0.08421376393694734,-0.01574778931180315,0.11374086889657825,0.22145328719723184,-0.186082276047674,0.13588619761630144,-0.0271280276816609,0.0629911572472126,0.07972318339100345,-0.1085121107266436,0.03254133025759323,-0.01384083044982699,0.13588619761630144,0.14769703960015382,-0.044844290657439445,-0.08882737408688965,-0.15378700499807765,-0.22145328719723184,0.05911572472126105,-0.10340638216070744,0.029773164167627833,,,,,0.10638298094272614,-0.11123690754175186,0.3974187672138214,0.38771530985832214,-0.42380794882774353,-0.48271217942237854,0.8582408428192139,-0.705329179763794,-0.48721444606781006,0.5244674682617188,-0.582785427570343,-0.5762848854064941,250.54925537109375,0.0630452111363411
EXPC-129,130.00876932572618,45.9531386960773,-0.029773164167627833,0.03844675124951941,0.21413302575932336,-0.12456747404844293,-0.017777777777777778,-0.0629911572472126,-0.1929104190695886,0.454963475586313,0.11374086889657825,-0.024605920799692427,0.34602076124567477,-0.05536332179930796,-0.05536332179930796,0.03844675124951941,-0.16000000000000003,0.09842368319876971,0.08421376393694734,-0.09842368319876971,-0.2288965782391388,0.003936947327950788,0.09356401384083046,-0.09356401384083046,0.11374086889657825,-0.10340638216070744,0.15378700499807765,0.15378700499807765,-0.024605920799692427,0.022206843521722412,0.2364628988850442,0.06698961937716265,-0.041584006151480196,0.12456747404844293,0.03254133025759323,0.10340638216070744,0.017777777777777778,0.16000000000000003,0.04822760476739715,-0.10340638216070744,-0.03844675124951941,-0.024605920799692427,-0.09356401384083046,-0.07111111111111111,0.03254133025759323,0.041584006151480196,-0.03254133025759323,0.09842368319876971,0.16000000000000003,-0.16633602460592078,0.14769703960015382,-0.05911572472126105,0.12456747404844293,0.010396001537870049,-0.07535563244905807,0.05173394848135333,0.04822760476739715,0.11909265667051133,0.14769703960015382,6.151480199923106e-05,0.006151480199923107,-0.05911572472126105,-0.186082276047674,0.01384083044982699,-0.07111111111111111,-0.01574778931180315,,,,,0.026981450617313385,-0.04135940968990326,0.5731322169303894,0.3908561170101166,-0.5336710810661316,-0.5090412497520447,0.7180500626564026,-0.6646808385848999,-0.5272945165634155,0.36634811758995056,-0.5020694136619568,-0.43147945404052734,288.67730712890625,0.1618894636631012
EXPC-130,134.28088732241338,47.56857907150943,-0.01384083044982699,0.019930795847750864,0.041584006151480196,-0.33685505574778934,0.012056901191849288,-0.03844675124951941,-0.28444444444444444,0.17937716262975778,0.0015378700499807767,-0.03844675124951941,0.006151480199923107,-0.05173394848135333,-0.08882737408688965,0.07972318339100345,-0.21413302575932336,0.2069357939254133,0.0271280276816609,-0.041584006151480196,-0.0629911572472126,0.1085121107266436,-0.0015378700499807767,0.01574778931180315,0.09842368319876971,-0.07535563244905807,-0.10340638216070744,0.2069357939254133,0.13588619761630144,-0.0629911572472126,0.37425605536332185,-0.186082276047674,-0.003014225297962322,-0.11374086889657825,-0.12456747404844293,0.007443291041906958,-0.04822760476739715,0.29287197231833906,0.11374086889657825,0.09356401384083046,0.1085121107266436,0.022206843521722412,-0.006151480199923107,0.044844290657439445,-0.10340638216070744,-0.029773164167627833,-0.007443291041906958,0.21413302575932336,0.14769703960015382,-0.0005536332179930795,0.0271280276816609,-0.029773164167627833,0.2069357939254133,-0.08421376393694734,-0.04822760476739715,-0.019930795847750864,0.04822760476739715,0.05911572472126105,-0.024605920799692427,-0.029773164167627833,0.01574778931180315,-0.22145328719723184,-0.1929104190695886,-0.017777777777777778,-0.05911572472126105,0.010396001537870049,,,,,-0.008564231917262077,-0.012345679104328156,0.774286687374115,0.1666145622730255,-0.3037554621696472,-0.37020066380500793,0.5922638177871704,-0.5364845991134644,-0.4134727120399475,0.5492371916770935,-0.5855216383934021,-0.5282713770866394,50.22841262817383,0.053358353674411774
EXPC-131,134.5268460472053,47.49213244083087,-0.0271280276816609,0.03254133025759323,0.07972318339100345,-0.3014225297962323,0.01574778931180315,-0.05911572472126105,-0.2679584775086506,0.24415224913494812,-0.002214532871972318,0.0271280276816609,0.041584006151480196,-0.11909265667051133,-0.13016532103037293,0.041584006151480196,-0.22145328719723184,0.22145328719723184,0.05173394848135333,-0.09842368319876971,-0.07535563244905807,0.044844290657439445,0.0005536332179930795,0.01384083044982699,0.07535563244905807,-0.044844290657439445,-0.029773164167627833,0.11374086889657825,0.08882737408688965,-0.08882737408688965,0.36472126105344094,-0.10340638216070744,0.008858131487889272,-0.029773164167627833,-0.14769703960015382,0.01574778931180315,-0.05173394848135333,0.3553094963475586,0.13016532103037293,0.10340638216070744,0.04822760476739715,0.006151480199923107,0.044844290657439445,-0.01574778931180315,-0.13588619761630144,0.041584006151480196,0.029773164167627833,0.2069357939254133,0.12456747404844293,-0.03844675124951941,0.08421376393694734,-0.09356401384083046,0.2364628988850442,-0.1085121107266436,-0.04822760476739715,0.019930795847750864,-0.029773164167627833,-0.022206843521722412,-0.024605920799692427,-0.01574778931180315,0.0271280276816609,-0.11374086889657825,-0.22145328719723184,-0.01574778931180315,-0.08421376393694734,0.01574778931180315,,,,,0.00732611957937479,-0.01328975334763527,0.7599824070930481,0.17716895043849945,-0.3354053497314453,-0.42850780487060547,0.7803347110748291,-0.6244333386421204,-0.4982467293739319,0.27729469537734985,-0.38695576786994934,-0.5311580896377563,42.29262924194336,0.053358353674411774
EXPC-132,130.222658194875,43.15533574368705,-0.01574778931180315,-0.022206843521722412,0.17279507881584008,-0.15378700499807765,0.0271280276816609,-0.2288965782391388,-0.10340638216070744,0.37425605536332185,0.13588619761630144,0.11909265667051133,0.14769703960015382,-0.07111111111111111,-0.07535563244905807,-0.010396001537870049,-0.2761399461745483,0.1085121107266436,-0.01574778931180315,-0.010396001537870049,-0.22145328719723184,-0.07972318339100345,0.16000000000000003,0.11909265667051133,-0.008858131487889272,-0.006151480199923107,0.11909265667051133,0.008858131487889272,-0.13016532103037293,0.04822760476739715,0.15378700499807765,0.022206843521722412,-0.05536332179930796,0.08882737408688965,-0.09356401384083046,0.03844675124951941,0.15378700499807765,0.041584006151480196,0.007443291041906958,-0.17937716262975778,-0.0005536332179930795,-0.1929104190695886,0.007443291041906958,-0.0271280276816609,0.044844290657439445,0.044844290657439445,-0.029773164167627833,0.10340638216070744,0.2679584775086506,-0.28444444444444444,0.05911572472126105,-0.11909265667051133,0.05911572472126105,0.05911572472126105,-0.03254133025759323,0.07535563244905807,-0.05911572472126105,0.1929104190695886,0.11909265667051133,-0.022206843521722412,-0.04822760476739715,-0.024605920799692427,-0.1929104190695886,0.03254133025759323,-0.13588619761630144,0.007443291041906958,-10.939542996147164,-19.085807237809185,-7.601717779675617,-14.323730163538425,0.04180917143821716,-0.07505042105913162,0.5170702934265137,0.3242320716381073,-0.4635012149810791,-0.5976705551147461,0.8272510766983032,-0.7148265838623047,-0.431463360786438,0.6250376105308533,-0.7341040372848511,-0.6458511352539062,547.9652099609375,0.15145225822925568
EXPC-133,130.29730819498536,47.01575584566229,-0.041584006151480196,0.05536332179930796,0.186082276047674,-0.21413302575932336,-0.006151480199923107,-0.05911572472126105,-0.2364628988850442,0.39369473279507883,0.05173394848135333,-0.0629911572472126,0.1929104190695886,-0.1085121107266436,-0.07111111111111111,0.03543252595155709,-0.17279507881584008,0.11909265667051133,0.019930795847750864,-0.03254133025759323,-0.08882737408688965,0.0629911572472126,0.04822760476739715,-0.024605920799692427,0.17279507881584008,-0.08421376393694734,0.05173394848135333,0.1929104190695886,0.019930795847750864,-0.07535563244905807,0.3553094963475586,-0.022206843521722412,-0.012056901191849288,-0.024605920799692427,-0.17279507881584008,0.03844675124951941,-0.07972318339100345,0.29287197231833906,0.11909265667051133,0.07111111111111111,0.007443291041906958,0.0015378700499807767,0.003014225297962322,-0.019930795847750864,-0.11909265667051133,-0.007443291041906958,-0.04822760476739715,0.17937716262975778,0.17279507881584008,-0.08421376393694734,0.1085121107266436,-0.03844675124951941,0.186082276047674,-0.008858131487889272,-0.07111111111111111,-0.01574778931180315,-0.019930795847750864,0.05536332179930796,0.05911572472126105,0.01574778931180315,-0.022206843521722412,-0.1085121107266436,-0.1929104190695886,-0.03543252595155709,-0.14769703960015382,-0.05173394848135333,,,,,0.09387574344873428,-0.12737546861171722,0.6243637800216675,0.244767963886261,-0.3574795424938202,-0.41830432415008545,0.7707065939903259,-0.6578313112258911,-0.4774172008037567,0.5168602466583252,-0.6148397326469421,-0.4636348485946655,82.43112182617188,0.16319327056407928
EXPC-134,130.07111240644406,45.1218377321531,-0.044844290657439445,0.004982698961937716,0.13588619761630144,-0.16633602460592078,-0.01574778931180315,-0.13588619761630144,-0.21413302575932336,0.3553094963475586,0.08882737408688965,0.06698961937716265,0.15378700499807765,-0.012056901191849288,-0.05173394848135333,0.01384083044982699,-0.21413302575932336,0.11374086889657825,0.05536332179930796,-0.12456747404844293,-0.17279507881584008,0.05911572472126105,0.08421376393694734,-0.08882737408688965,0.08882737408688965,-0.10340638216070744,0.09356401384083046,0.06698961937716265,-0.09356401384083046,-0.06698961937716265,0.3014225297962323,0.03543252595155709,0.01384083044982699,0.08421376393694734,-0.006151480199923107,0.03543252595155709,0.0271280276816609,0.3278123798539023,0.08882737408688965,-0.10340638216070744,0.01384083044982699,-0.024605920799692427,-0.07972318339100345,0.0271280276816609,-0.03543252595155709,0.041584006151480196,-0.004982698961937716,0.15378700499807765,0.24415224913494812,-0.2288965782391388,0.010396001537870049,-0.12456747404844293,0.186082276047674,0.017777777777777778,-0.09356401384083046,0.07972318339100345,0.0271280276816609,0.10340638216070744,0.1085121107266436,0.024605920799692427,-0.024605920799692427,-0.14173010380622836,-0.17937716262975778,0.0629911572472126,-0.09356401384083046,-0.12456747404844293,-14.412092254855262,-23.237115298387142,-12.193152752810898,-16.88418426258348,0.05356369912624359,-0.10848861187696457,0.6141850352287292,0.22873346507549286,-0.36125653982162476,-0.5720499753952026,0.7918407320976257,-0.6486150622367859,-0.4704378843307495,0.5188532471656799,-0.5458293557167053,-0.5289473533630371,531.1361083984375,0.1618894636631012
EXPC-135,130.03616794189182,47.15625235609858,-0.04822760476739715,0.03844675124951941,0.14173010380622836,-0.2761399461745483,-0.01384083044982699,-0.07111111111111111,-0.28444444444444444,0.29287197231833906,0.044844290657439445,0.002214532871972318,0.07111111111111111,-0.08421376393694734,-0.0629911572472126,0.07111111111111111,-0.2069357939254133,0.1929104190695886,0.04822760476739715,-0.07111111111111111,-0.14173010380622836,0.022206843521722412,0.017777777777777778,-0.07972318339100345,0.10340638216070744,-0.041584006151480196,-0.003936947327950788,0.14173010380622836,0.041584006151480196,-0.15378700499807765,0.39369473279507883,-0.03844675124951941,0.008858131487889272,0.024605920799692427,-0.07535563244905807,-0.002214532871972318,-0.041584006151480196,0.3278123798539023,0.09842368319876971,0.05173394848135333,0.05173394848135333,0.03254133025759323,0.08421376393694734,0.0271280276816609,-0.11909265667051133,0.029773164167627833,0.05173394848135333,0.08421376393694734,0.17279507881584008,-0.07111111111111111,0.09842368319876971,-0.11909265667051133,0.19986159169550174,-0.03844675124951941,-0.044844290657439445,0.05173394848135333,0.017777777777777778,0.05911572472126105,0.04822760476739715,-0.07111111111111111,-0.041584006151480196,-0.13588619761630144,-0.2599000384467512,-0.012056901191849288,-0.08882737408688965,0.006151480199923107,,,,,0.0369594506919384,-0.05351170524954796,0.7263274788856506,0.30094820261001587,-0.3978056311607361,-0.48936736583709717,0.7149987816810608,-0.6307546496391296,-0.4771505296230316,0.5135694146156311,-0.6323344707489014,-0.5532599687576294,172.71945190429688,0.16319327056407928
EXPC-136,131.75239929220214,46.0357837022163,-0.09356401384083046,0.05911572472126105,0.22145328719723184,-0.19986159169550174,-0.022206843521722412,-0.15378700499807765,-0.28444444444444444,0.48725874663590923,0.16000000000000003,0.041584006151480196,0.12456747404844293,-0.12456747404844293,-0.03543252595155709,0.024605920799692427,-0.2069357939254133,0.13016532103037293,0.11374086889657825,0.03844675124951941,-0.1929104190695886,-0.0629911572472126,0.05911572472126105,0.11909265667051133,0.006151480199923107,-0.029773164167627833,0.09356401384083046,0.09356401384083046,0.017777777777777778,0.11909265667051133,0.2761399461745483,-0.01574778931180315,0.012056901191849288,-0.01574778931180315,-0.1085121107266436,0.11909265667051133,0.019930795847750864,0.186082276047674,0.0271280276816609,-0.07111111111111111,0.004982698961937716,-0.017777777777777778,0.010396001537870049,0.03254133025759323,0.010396001537870049,-0.029773164167627833,-0.044844290657439445,0.15378700499807765,0.17937716262975778,-0.06698961937716265,0.044844290657439445,-0.1085121107266436,0.11374086889657825,-0.029773164167627833,-0.022206843521722412,-0.006151480199923107,0.024605920799692427,0.1085121107266436,0.08882737408688965,0.0271280276816609,-0.044844290657439445,0.004982698961937716,-0.21413302575932336,-0.04822760476739715,-0.14769703960015382,0.003936947327950788,,,,,0.0470588244497776,-0.07878787815570831,0.5966386795043945,0.2973342537879944,-0.39867353439331055,-0.5060532689094543,0.8304742574691772,-0.7008907794952393,-0.5023400783538818,0.5255520343780518,-0.6477001905441284,-0.569525420665741,193.2538299560547,0.09111568331718445
EXPC-137,130.4817323228151,48.39008839883674,-0.0015378700499807767,-0.06698961937716265,0.2069357939254133,-0.2599000384467512,-0.04822760476739715,-0.16633602460592078,-0.1929104190695886,0.3278123798539023,0.07535563244905807,0.05911572472126105,0.2364628988850442,-0.10340638216070744,-0.003936947327950788,-0.022206843521722412,-0.21413302575932336,0.11374086889657825,0.029773164167627833,-0.08882737408688965,-0.11374086889657825,-0.06698961937716265,0.09356401384083046,0.03844675124951941,-0.003014225297962322,-0.07111111111111111,0.041584006151480196,0.04822760476739715,-0.044844290657439445,0.13588619761630144,0.31009611687812383,-0.05173394848135333,0.008858131487889272,0.029773164167627833,-0.14769703960015382,0.07111111111111111,-0.024605920799692427,0.21413302575932336,0.09842368319876971,-0.0629911572472126,-0.05536332179930796,-0.09842368319876971,-0.04822760476739715,-0.0629911572472126,-0.08882737408688965,0.12456747404844293,0.019930795847750864,0.16000000000000003,0.15378700499807765,-0.2679584775086506,0.09356401384083046,-0.12456747404844293,0.10340638216070744,-0.0015378700499807767,-0.0629911572472126,0.00024605920799692423,-0.012056901191849288,0.17937716262975778,0.13588619761630144,-0.0005536332179930795,-0.024605920799692427,-0.0629911572472126,-0.2519646289888504,0.07111111111111111,0.003014225297962322,-0.004982698961937716,,,,,0.037850331515073776,-0.06303640455007553,0.6907877326011658,0.1425408273935318,-0.23315908014774323,-0.14915478229522705,0.819229781627655,-0.6924201846122742,-0.5153610110282898,0.548922061920166,-0.6397472023963928,-0.5805396437644958,304.277587890625,0.0640474185347557
EXPC-138,133.5159718579856,47.508571610530254,-0.007443291041906958,0.05173394848135333,0.12456747404844293,-0.29287197231833906,-0.01384083044982699,-0.0271280276816609,-0.2599000384467512,0.2599000384467512,0.017777777777777778,-0.01574778931180315,0.041584006151480196,-0.08421376393694734,-0.09356401384083046,0.08421376393694734,-0.22145328719723184,0.2288965782391388,0.0629911572472126,-0.10340638216070744,-0.05536332179930796,0.06698961937716265,-0.010396001537870049,0.03543252595155709,0.07535563244905807,-0.06698961937716265,-0.05911572472126105,0.14173010380622836,0.07972318339100345,-0.06698961937716265,0.36472126105344094,-0.13016532103037293,-0.007443291041906958,-0.08882737408688965,-0.14173010380622836,0.012056901191849288,-0.012056901191849288,0.3553094963475586,0.07972318339100345,0.06698961937716265,-0.05536332179930796,0.004982698961937716,-0.06698961937716265,0.05173394848135333,-0.16000000000000003,-0.03844675124951941,0.006151480199923107,0.1929104190695886,0.13016532103037293,-0.03254133025759323,0.07535563244905807,-0.04822760476739715,0.22145328719723184,-0.08882737408688965,-0.11374086889657825,-0.007443291041906958,0.024605920799692427,-0.03543252595155709,0.024605920799692427,-0.017777777777777778,0.002214532871972318,-0.12456747404844293,-0.21413302575932336,-0.044844290657439445,-0.11374086889657825,0.03254133025759323,,,,,0.004806866869330406,-0.019686412066221237,0.8008320927619934,0.19427579641342163,-0.35132482647895813,-0.3286784291267395,0.7107707262039185,-0.6045249104499817,-0.3856967091560364,0.38131698966026306,-0.5298108458518982,-0.4026189148426056,55.099246978759766,0.06758864223957062
EXPC-139,130.44858448883107,47.87400626811007,-0.07535563244905807,0.01574778931180315,0.2679584775086506,-0.19986159169550174,-0.041584006151480196,-0.14769703960015382,-0.2599000384467512,0.42377547097270285,0.10340638216070744,0.029773164167627833,0.16000000000000003,-0.07111111111111111,0.006151480199923107,0.006151480199923107,-0.21413302575932336,0.07972318339100345,0.044844290657439445,0.0271280276816609,-0.186082276047674,-0.01574778931180315,0.11374086889657825,0.07111111111111111,0.06698961937716265,-0.03844675124951941,0.05911572472126105,0.05536332179930796,-0.03543252595155709,0.06698961937716265,0.2519646289888504,-0.024605920799692427,0.007443291041906958,0.024605920799692427,-0.1085121107266436,0.08421376393694734,-0.07972318339100345,0.1929104190695886,0.11374086889657825,-0.08421376393694734,0.007443291041906958,-0.05911572472126105,0.022206843521722412,0.012056901191849288,-0.05536332179930796,0.04822760476739715,-0.04822760476739715,0.16633602460592078,0.2364628988850442,-0.21413302575932336,0.04822760476739715,-0.11374086889657825,0.12456747404844293,0.04822760476739715,-0.03543252595155709,-0.03254133025759323,-0.029773164167627833,0.14769703960015382,0.10340638216070744,0.029773164167627833,-0.07972318339100345,-0.10340638216070744,-0.22145328719723184,-0.010396001537870049,-0.14173010380622836,-0.03254133025759323,,,,,0.08864011615514755,-0.1458926945924759,0.5493648648262024,0.2810826003551483,-0.43185755610466003,-0.5429078340530396,0.8258528113365173,-0.6921796798706055,-0.4974533021450043,0.5714734792709351,-0.6623463034629822,-0.5977830290794373,213.338623046875,0.16319327056407928
EXPC-140,130.21924459679536,48.4258413471447,-0.044844290657439445,0.004982698961937716,0.16633602460592078,-0.3014225297962323,-0.024605920799692427,-0.07972318339100345,-0.28444444444444444,0.24415224913494812,0.03844675124951941,0.01384083044982699,0.14769703960015382,-0.09842368319876971,-0.03844675124951941,6.151480199923106e-05,-0.1929104190695886,0.186082276047674,0.10340638216070744,-0.09842368319876971,-0.16000000000000003,0.007443291041906958,0.044844290657439445,-0.029773164167627833,0.05911572472126105,-0.08421376393694734,-0.019930795847750864,0.12456747404844293,0.04822760476739715,-0.07535563244905807,0.36472126105344094,-0.029773164167627833,-0.03254133025759323,0.03844675124951941,-0.12456747404844293,0.044844290657439445,-0.07111111111111111,0.2679584775086506,0.09842368319876971,0.07535563244905807,0.002214532871972318,-0.05173394848135333,0.0629911572472126,-0.002214532871972318,-0.11909265667051133,0.14173010380622836,0.03844675124951941,0.17279507881584008,0.16000000000000003,-0.15378700499807765,0.07535563244905807,-0.13588619761630144,0.17937716262975778,-0.03844675124951941,-0.07972318339100345,0.06698961937716265,0.002214532871972318,0.06698961937716265,0.03543252595155709,-0.0629911572472126,0.024605920799692427,-0.15378700499807765,-0.2519646289888504,0.010396001537870049,-0.029773164167627833,0.003936947327950788,,,,,0.00857480801641941,-0.026173284277319908,0.7739416360855103,0.22782258689403534,-0.34288865327835083,-0.38126134872436523,0.7217482328414917,-0.6287559270858765,-0.5186735391616821,0.3995172083377838,-0.532210111618042,-0.5386119484901428,177.2600860595703,0.0640474185347557
EXPC-141,131.00006024175207,44.61563706955175,-0.08882737408688965,0.03254133025759323,0.13016532103037293,-0.21413302575932336,0.029773164167627833,-0.16000000000000003,-0.24415224913494812,0.2679584775086506,0.14769703960015382,0.03543252595155709,0.0629911572472126,-0.07535563244905807,-0.13016532103037293,0.019930795847750864,-0.21413302575932336,0.21413302575932336,0.07972318339100345,-0.041584006151480196,-0.21413302575932336,-0.09356401384083046,0.044844290657439445,-0.04822760476739715,0.08882737408688965,-0.10340638216070744,0.01384083044982699,0.11374086889657825,-0.041584006151480196,-0.13588619761630144,0.3553094963475586,0.05536332179930796,-0.007443291041906958,0.08421376393694734,-0.010396001537870049,0.06698961937716265,0.041584006151480196,0.2599000384467512,0.1085121107266436,0.07111111111111111,0.024605920799692427,-0.05536332179930796,0.08421376393694734,0.04822760476739715,-0.0629911572472126,0.03543252595155709,0.06698961937716265,0.09842368319876971,0.16633602460592078,-0.1085121107266436,0.029773164167627833,-0.186082276047674,0.2364628988850442,-0.01574778931180315,-0.07972318339100345,0.11374086889657825,0.08421376393694734,0.10340638216070744,0.07535563244905807,-0.05911572472126105,0.0629911572472126,-0.1085121107266436,-0.22145328719723184,0.07535563244905807,0.006151480199923107,-0.03844675124951941,,,,,-0.010481493547558784,0.00793607346713543,0.8529027104377747,0.2835485637187958,-0.3896656632423401,-0.4874936044216156,0.738106906414032,-0.6223391890525818,-0.48356807231903076,0.5479592084884644,-0.5976830124855042,-0.5116650462150574,720.0447387695312,0.19533003866672516
EXPC-142,130.0098473040671,48.85173262334576,-0.0271280276816609,0.03254133025759323,0.2288965782391388,-0.2679584775086506,0.022206843521722412,-0.024605920799692427,-0.24415224913494812,0.28444444444444444,0.012056901191849288,-0.044844290657439445,0.1085121107266436,-0.09842368319876971,-0.09356401384083046,0.05911572472126105,-0.2679584775086506,0.16633602460592078,0.09842368319876971,-0.01574778931180315,-0.11909265667051133,0.08421376393694734,0.06698961937716265,0.01574778931180315,0.15378700499807765,-0.10340638216070744,0.008858131487889272,0.08882737408688965,0.002214532871972318,-0.10340638216070744,0.34602076124567477,-0.041584006151480196,-0.0629911572472126,0.029773164167627833,-0.14173010380622836,0.10340638216070744,-0.11374086889657825,0.2599000384467512,0.11374086889657825,0.029773164167627833,-0.029773164167627833,0.0015378700499807767,0.024605920799692427,0.05911572472126105,-0.09842368319876971,0.05536332179930796,0.006151480199923107,0.17279507881584008,0.16000000000000003,-0.186082276047674,0.05536332179930796,-0.1085121107266436,0.1929104190695886,-0.03844675124951941,-0.07111111111111111,0.012056901191849288,-0.004982698961937716,0.11909265667051133,0.03844675124951941,0.003936947327950788,0.01574778931180315,-0.07972318339100345,-0.2519646289888504,-0.05536332179930796,-0.07535563244905807,-0.019930795847750864,,,,,0.013073916547000408,-0.030398352071642876,0.7912198305130005,0.23598043620586395,-0.3839022219181061,-0.43898695707321167,0.745934247970581,-0.6387702822685242,-0.5233131647109985,0.5625709891319275,-0.5558570623397827,-0.4450409710407257,147.51443481445312,0.0640474185347557
EXPC-143,131.04290988080456,43.70205042560219,-0.03543252595155709,-0.0015378700499807767,0.19986159169550174,-0.28444444444444444,0.003936947327950788,-0.11909265667051133,-0.21413302575932336,0.2519646289888504,0.06698961937716265,0.05911572472126105,0.08882737408688965,-0.09356401384083046,-0.029773164167627833,0.04822760476739715,-0.31009611687812383,0.16000000000000003,0.06698961937716265,-0.09842368319876971,-0.16633602460592078,-0.06698961937716265,0.022206843521722412,-0.03844675124951941,0.07111111111111111,-0.022206843521722412,-0.01574778931180315,-0.010396001537870049,-0.04822760476739715,-0.09842368319876971,0.3188927335640138,-0.002214532871972318,-0.008858131487889272,0.01384083044982699,-0.07111111111111111,0.01574778931180315,-0.05173394848135333,0.3188927335640138,0.08421376393694734,0.03844675124951941,0.002214532871972318,-0.06698961937716265,0.04822760476739715,0.017777777777777778,-0.08882737408688965,0.09356401384083046,0.024605920799692427,0.11374086889657825,0.186082276047674,-0.22145328719723184,0.08421376393694734,-0.186082276047674,0.17279507881584008,0.07111111111111111,-0.0629911572472126,0.12456747404844293,0.008858131487889272,0.08882737408688965,0.044844290657439445,-0.07111111111111111,0.006151480199923107,-0.08421376393694734,-0.2599000384467512,0.024605920799692427,-0.09356401384083046,-0.022206843521722412,,,,,0.00662927096709609,-0.038947369903326035,0.7513487339019775,0.22079160809516907,-0.362064391374588,-0.45251142978668213,0.7263369560241699,-0.6173115372657776,-0.4429989755153656,0.44608527421951294,-0.5665559768676758,-0.5699310898780823,542.336181640625,0.26213929057121277
EXPC-144,130.00275061332258,47.32585428174034,-0.024605920799692427,-0.003014225297962322,0.14173010380622836,-0.3014225297962323,-0.05173394848135333,-0.07535563244905807,-0.29287197231833906,0.29287197231833906,0.05173394848135333,0.03844675124951941,0.16000000000000003,-0.09842368319876971,-0.01574778931180315,-0.03543252595155709,-0.186082276047674,0.11374086889657825,0.03543252595155709,-0.041584006151480196,-0.11374086889657825,0.01384083044982699,0.05173394848135333,-0.010396001537870049,0.07535563244905807,-0.024605920799692427,6.151480199923106e-05,0.07535563244905807,0.012056901191849288,-0.07111111111111111,0.3553094963475586,0.000984236831987697,-0.008858131487889272,0.0271280276816609,-0.10340638216070744,0.03543252595155709,-0.09842368319876971,0.31009611687812383,0.09842368319876971,0.019930795847750864,0.0271280276816609,-0.07535563244905807,0.05173394848135333,0.002214532871972318,-0.14173010380622836,0.1085121107266436,0.041584006151480196,0.186082276047674,0.21413302575932336,-0.186082276047674,0.10340638216070744,-0.13016532103037293,0.17937716262975778,-0.0005536332179930795,-0.08421376393694734,0.006151480199923107,-0.007443291041906958,0.04822760476739715,0.07111111111111111,-0.012056901191849288,-0.010396001537870049,-0.17279507881584008,-0.2288965782391388,0.05911572472126105,-0.03844675124951941,-0.07972318339100345,,,,,0.05630004033446312,-0.09653333574533463,0.6241610646247864,0.24704673886299133,-0.3970080614089966,-0.490520179271698,0.7647058963775635,-0.6245236992835999,-0.4816703796386719,0.42417171597480774,-0.5990220308303833,-0.6045470237731934,214.80438232421875,0.16319327056407928
EXPC-145,130.36045975945896,48.626075823974936,-0.01574778931180315,-0.029773164167627833,0.16000000000000003,-0.2761399461745483,-0.017777777777777778,-0.029773164167627833,-0.29287197231833906,0.2761399461745483,0.05911572472126105,0.029773164167627833,0.09842368319876971,-0.10340638216070744,-0.03543252595155709,0.03844675124951941,-0.21413302575932336,0.09842368319876971,0.03844675124951941,0.003936947327950788,-0.11909265667051133,0.09356401384083046,0.03543252595155709,0.029773164167627833,0.07111111111111111,-0.06698961937716265,-0.0271280276816609,0.14173010380622836,0.05173394848135333,-0.03844675124951941,0.37425605536332185,-0.06698961937716265,-0.000984236831987697,-0.022206843521722412,-0.16633602460592078,0.019930795847750864,-0.11909265667051133,0.3188927335640138,0.13588619761630144,0.000984236831987697,0.017777777777777778,-0.008858131487889272,0.006151480199923107,-0.029773164167627833,-0.15378700499807765,0.0629911572472126,-0.004982698961937716,0.2069357939254133,0.19986159169550174,-0.14173010380622836,0.03844675124951941,-0.12456747404844293,0.1929104190695886,-0.044844290657439445,-0.0629911572472126,-0.041584006151480196,0.03254133025759323,0.03254133025759323,0.022206843521722412,0.01574778931180315,-0.05911572472126105,-0.16000000000000003,-0.2069357939254133,-0.007443291041906958,-0.09842368319876971,-0.05911572472126105,,,,,0.025097601115703583,-0.04402158409357071,0.674626886844635,0.25664597749710083,-0.40227335691452026,-0.4966732859611511,0.7240556478500366,-0.6253904700279236,-0.5182387828826904,0.4633101224899292,-0.5423409938812256,-0.5670286417007446,121.31090545654297,0.0640474185347557
EXPC-146,130.09878051719494,47.80438683359081,-0.07111111111111111,0.012056901191849288,0.22145328719723184,-0.2599000384467512,-0.029773164167627833,-0.1085121107266436,-0.2519646289888504,0.34602076124567477,0.08882737408688965,0.008858131487889272,0.21413302575932336,-0.14769703960015382,0.01384083044982699,0.0015378700499807767,-0.186082276047674,0.1085121107266436,0.0629911572472126,-0.10340638216070744,-0.14173010380622836,-0.008858131487889272,0.05173394848135333,0.003936947327950788,0.08882737408688965,-0.07111111111111111,0.012056901191849288,0.09356401384083046,0.0015378700499807767,0.000984236831987697,0.33685505574778934,-0.01384083044982699,-0.008858131487889272,0.03543252595155709,-0.13588619761630144,0.03844675124951941,-0.07111111111111111,0.2679584775086506,0.07972318339100345,0.05911572472126105,0.002214532871972318,-0.07111111111111111,0.044844290657439445,-0.03844675124951941,-0.08882737408688965,0.07972318339100345,0.008858131487889272,0.1929104190695886,0.15378700499807765,-0.16633602460592078,0.08882737408688965,-0.11374086889657825,0.16633602460592078,0.03844675124951941,-0.1085121107266436,0.024605920799692427,0.007443291041906958,0.08421376393694734,0.11909265667051133,0.017777777777777778,-0.03543252595155709,-0.12456747404844293,-0.2364628988850442,0.017777777777777778,-0.08882737408688965,-0.03543252595155709,,,,,0.04537907987833023,-0.09148690104484558,0.6057872176170349,0.2262546420097351,-0.3810872733592987,-0.4568485915660858,0.7782198190689087,-0.6481161713600159,-0.4910848140716553,0.45784956216812134,-0.609810471534729,-0.5208761096000671,196.1112060546875,0.16319327056407928
EXPC-147,130.11620783370685,47.92170680969682,-0.03543252595155709,0.0271280276816609,0.17937716262975778,-0.29287197231833906,-0.022206843521722412,-0.07535563244905807,-0.29287197231833906,0.31009611687812383,0.05173394848135333,0.03844675124951941,0.14173010380622836,-0.07535563244905807,-0.008858131487889272,-0.03844675124951941,-0.1929104190695886,0.13588619761630144,0.05173394848135333,-0.05173394848135333,-0.10340638216070744,0.01384083044982699,0.05911572472126105,0.01384083044982699,0.10340638216070744,-0.044844290657439445,0.004982698961937716,0.022206843521722412,0.002214532871972318,-0.05536332179930796,0.3278123798539023,0.01574778931180315,-0.004982698961937716,0.008858131487889272,-0.11374086889657825,0.024605920799692427,-0.09842368319876971,0.28444444444444444,0.11909265667051133,0.029773164167627833,0.017777777777777778,-0.03844675124951941,0.05536332179930796,0.03254133025759323,-0.13588619761630144,0.09356401384083046,0.03844675124951941,0.19986159169550174,0.19986159169550174,-0.22145328719723184,0.08882737408688965,-0.13016532103037293,0.186082276047674,-0.007443291041906958,-0.09842368319876971,-0.010396001537870049,-0.01384083044982699,0.05173394848135333,0.06698961937716265,-0.0015378700499807767,-0.041584006151480196,-0.15378700499807765,-0.24415224913494812,0.041584006151480196,-0.05911572472126105,-0.07972318339100345,,,,,0.03986308351159096,-0.06539051979780197,0.7046908140182495,0.2432432472705841,-0.41928374767303467,-0.5221038460731506,0.738177478313446,-0.6113074421882629,-0.45316141843795776,0.49662160873413086,-0.63368159532547,-0.5898141860961914,235.67173767089844,0.16319327056407928
EXPC-148,131.00006024175207,44.25783809188694,-0.04822760476739715,0.024605920799692427,0.16000000000000003,-0.29287197231833906,-0.01384083044982699,-0.186082276047674,-0.2599000384467512,0.3278123798539023,0.05536332179930796,0.044844290657439445,0.13016532103037293,-0.11374086889657825,0.007443291041906958,0.01574778931180315,-0.1929104190695886,0.09356401384083046,-0.019930795847750864,-0.1085121107266436,-0.13588619761630144,-0.019930795847750864,0.01574778931180315,-0.029773164167627833,0.06698961937716265,-0.03844675124951941,-0.01384083044982699,0.07111111111111111,0.003014225297962322,-0.05173394848135333,0.31009611687812383,-0.03844675124951941,-0.004982698961937716,-0.01574778931180315,-0.09356401384083046,0.022206843521722412,-0.08421376393694734,0.2679584775086506,0.11374086889657825,0.09842368319876971,0.05911572472126105,-0.05911572472126105,0.05536332179930796,0.024605920799692427,-0.10340638216070744,0.04822760476739715,0.01574778931180315,0.17279507881584008,0.19986159169550174,-0.16000000000000003,0.1085121107266436,-0.13016532103037293,0.16000000000000003,0.07535563244905807,-0.07535563244905807,0.1085121107266436,-0.0005536332179930795,0.13016532103037293,0.03844675124951941,-0.05173394848135333,-0.044844290657439445,-0.1929104190695886,-0.2761399461745483,0.024605920799692427,-0.07535563244905807,-0.01384083044982699,,,,,0.02675916813313961,-0.05642420053482056,0.6786091923713684,0.26306670904159546,-0.4182879328727722,-0.5564894676208496,0.8126807808876038,-0.6696721315383911,-0.4603281021118164,0.4875549077987671,-0.6520324945449829,-0.6086320281028748,517.3324584960938,0.19533003866672516
EXPC-149,131.21790169815105,44.97199874276196,-0.07535563244905807,0.0271280276816609,0.11374086889657825,-0.3014225297962323,0.07111111111111111,-0.10340638216070744,-0.2069357939254133,0.28444444444444444,0.041584006151480196,0.041584006151480196,0.08882737408688965,-0.1085121107266436,-0.13016532103037293,0.03254133025759323,-0.2679584775086506,0.15378700499807765,0.09356401384083046,-0.08421376393694734,-0.16633602460592078,0.002214532871972318,0.012056901191849288,-0.05536332179930796,0.0629911572472126,-0.08882737408688965,0.05173394848135333,0.09842368319876971,-0.019930795847750864,-0.08882737408688965,0.3553094963475586,-0.07972318339100345,-0.01574778931180315,0.05911572472126105,-0.03543252595155709,0.09842368319876971,0.08421376393694734,0.3188927335640138,0.08421376393694734,0.05536332179930796,0.022206843521722412,-0.04822760476739715,0.029773164167627833,-0.010396001537870049,-0.041584006151480196,0.07972318339100345,0.07111111111111111,0.12456747404844293,0.186082276047674,-0.12456747404844293,0.05536332179930796,-0.08421376393694734,0.15378700499807765,0.0271280276816609,-0.03844675124951941,0.16633602460592078,0.05911572472126105,0.11909265667051133,0.022206843521722412,-0.06698961937716265,0.06698961937716265,-0.11374086889657825,-0.2761399461745483,0.01384083044982699,-0.022206843521722412,-0.03543252595155709,,,,,-0.005219985265284777,-0.00401404919102788,0.8388142585754395,0.3920256793498993,-0.4236453175544739,-0.4736315906047821,0.6525275707244873,-0.5549480319023132,-0.48578646779060364,0.5010108947753906,-0.5566116571426392,-0.5488550662994385,401.6649169921875,0.19533003866672516
EXPC-150,134.13239580594842,48.12553454766354,-0.017777777777777778,0.0271280276816609,0.044844290657439445,-0.3014225297962323,0.07535563244905807,-0.017777777777777778,-0.24415224913494812,0.22145328719723184,-0.017777777777777778,-0.01574778931180315,0.03254133025759323,-0.11909265667051133,-0.14769703960015382,0.0629911572472126,-0.2364628988850442,0.2519646289888504,0.0629911572472126,-0.0629911572472126,-0.041584006151480196,0.08882737408688965,-0.0015378700499807767,0.017777777777777778,0.11909265667051133,-0.0629911572472126,-0.003014225297962322,0.13016532103037293,0.12456747404844293,-0.11374086889657825,0.3839138792772011,-0.07972318339100345,-0.008858131487889272,-0.03844675124951941,-0.16633602460592078,0.012056901191849288,-0.05911572472126105,0.3188927335640138,0.10340638216070744,0.09842368319876971,0.05173394848135333,-0.002214532871972318,0.07972318339100345,0.03254133025759323,-0.14769703960015382,0.01574778931180315,0.0629911572472126,0.1929104190695886,0.11374086889657825,-0.07111111111111111,0.07111111111111111,-0.05911572472126105,0.2069357939254133,-0.11374086889657825,-0.05911572472126105,0.006151480199923107,-0.003936947327950788,-0.000984236831987697,-0.0629911572472126,-0.04822760476739715,0.07535563244905807,-0.11909265667051133,-0.2069357939254133,0.002214532871972318,-0.11374086889657825,-0.012056901191849288,,,,,0.027381092309951782,-0.054959703236818314,0.6860540509223938,0.23868678510189056,-0.39739739894866943,-0.49058598279953003,0.6866125464439392,-0.6094846129417419,-0.5559223890304565,0.4124268889427185,-0.5668462514877319,-0.5691670775413513,42.38870620727539,0.04811146482825279
EXPC-151,130.57452829166465,42.63646883557961,-0.01384083044982699,-0.024605920799692427,0.2599000384467512,-0.2599000384467512,0.004982698961937716,0.041584006151480196,-0.22145328719723184,0.31009611687812383,0.14769703960015382,0.017777777777777778,0.041584006151480196,-0.12456747404844293,-0.002214532871972318,0.007443291041906958,-0.07111111111111111,0.03254133025759323,-0.05536332179930796,0.17279507881584008,-0.05911572472126105,0.008858131487889272,-0.03844675124951941,0.11374086889657825,0.07111111111111111,0.05536332179930796,0.019930795847750864,0.09842368319876971,0.024605920799692427,-0.2679584775086506,0.2069357939254133,-0.017777777777777778,0.0629911572472126,0.12456747404844293,-0.08421376393694734,0.03254133025759323,-0.22145328719723184,0.19986159169550174,-0.03254133025759323,0.16000000000000003,0.17279507881584008,-0.07535563244905807,0.16000000000000003,-0.03543252595155709,0.019930795847750864,0.008858131487889272,0.04822760476739715,0.01574778931180315,0.17279507881584008,-0.01574778931180315,0.13016532103037293,-0.1929104190695886,0.2069357939254133,0.07111111111111111,-0.07111111111111111,0.08421376393694734,-0.11374086889657825,-0.05173394848135333,-0.0005536332179930795,-0.05536332179930796,-0.07111111111111111,0.03844675124951941,-0.21413302575932336,0.04822760476739715,-0.2288965782391388,-0.01574778931180315,-19.571583578185862,-31.26494099768586,-12.149831388039466,-19.422120452930745,0.2256014496088028,-0.3520280420780182,-0.470323383808136,0.2642459571361542,-0.392700731754303,-0.5213439464569092,0.6288032531738281,-0.5714285969734192,-0.5114333629608154,0.447163850069046,-0.5632970333099365,-0.6659528613090515,21.139923095703125,0.31866714358329773
EXPC-152,130.4352894226261,47.94641048001011,-0.0271280276816609,0.01574778931180315,0.1929104190695886,-0.3014225297962323,-0.041584006151480196,-0.06698961937716265,-0.2599000384467512,0.2761399461745483,0.019930795847750864,0.041584006151480196,0.10340638216070744,-0.08882737408688965,-0.022206843521722412,-0.003936947327950788,-0.2069357939254133,0.14769703960015382,0.07535563244905807,-0.07535563244905807,-0.10340638216070744,0.0271280276816609,0.041584006151480196,-0.012056901191849288,0.08421376393694734,-0.041584006151480196,0.003936947327950788,0.05173394848135333,-0.0015378700499807767,-0.1085121107266436,0.3188927335640138,-0.007443291041906958,-0.022206843521722412,-0.006151480199923107,-0.11909265667051133,0.024605920799692427,-0.1085121107266436,0.31009611687812383,0.11909265667051133,0.024605920799692427,0.017777777777777778,-0.01384083044982699,0.0629911572472126,0.04822760476739715,-0.17937716262975778,0.08882737408688965,0.017777777777777778,0.17937716262975778,0.22145328719723184,-0.186082276047674,0.12456747404844293,-0.15378700499807765,0.19986159169550174,-0.007443291041906958,-0.05173394848135333,0.01574778931180315,-0.01574778931180315,0.003014225297962322,0.03543252595155709,-0.03844675124951941,-0.044844290657439445,-0.13588619761630144,-0.2599000384467512,-0.03254133025759323,-0.10340638216070744,-0.05911572472126105,,,,,0.027142096310853958,-0.07043816149234772,0.7073729634284973,0.23083403706550598,-0.40278443694114685,-0.4568871557712555,0.6110482215881348,-0.5701677203178406,-0.4762032926082611,0.41530612111091614,-0.5681175589561462,-0.545913815498352,216.04415893554688,0.16319327056407928
EXPC-153,130.1509726352023,47.3999652926802,-0.019930795847750864,0.017777777777777778,0.16000000000000003,-0.3278123798539023,-0.05536332179930796,-0.09356401384083046,-0.2519646289888504,0.2679584775086506,0.006151480199923107,0.024605920799692427,0.13588619761630144,-0.1085121107266436,-0.008858131487889272,-0.041584006151480196,-0.17937716262975778,0.11909265667051133,0.017777777777777778,-0.08882737408688965,-0.13016532103037293,0.0271280276816609,0.024605920799692427,-0.01384083044982699,0.0629911572472126,-0.05173394848135333,-0.01384083044982699,0.08421376393694734,-0.003936947327950788,-0.11374086889657825,0.33685505574778934,-0.008858131487889272,-0.012056901191849288,0.002214532871972318,-0.13016532103037293,0.03543252595155709,-0.10340638216070744,0.3278123798539023,0.12456747404844293,0.07535563244905807,0.022206843521722412,-0.04822760476739715,0.07111111111111111,0.03844675124951941,-0.16633602460592078,0.10340638216070744,0.04822760476739715,0.1929104190695886,0.1929104190695886,-0.14173010380622836,0.13016532103037293,-0.12456747404844293,0.1929104190695886,-0.000984236831987697,-0.07111111111111111,0.01384083044982699,-0.03844675124951941,0.01574778931180315,0.044844290657439445,-0.017777777777777778,-0.04822760476739715,-0.13588619761630144,-0.2519646289888504,0.006151480199923107,-0.08882737408688965,-0.05536332179930796,,,,,0.030148223042488098,-0.07529385387897491,0.6649087071418762,0.22849082946777344,-0.3818085789680481,-0.4460372030735016,0.7703348994255066,-0.657841145992279,-0.4762275815010071,0.41149023175239563,-0.5620461702346802,-0.5547170042991638,179.6481170654297,0.16319327056407928
EXPC-154,130.5230548258846,48.56427173242752,-0.029773164167627833,0.07111111111111111,0.2288965782391388,-0.2288965782391388,0.01574778931180315,-0.12456747404844293,-0.2599000384467512,0.34602076124567477,0.08882737408688965,-0.003014225297962322,0.16000000000000003,-0.07972318339100345,-0.07111111111111111,0.007443291041906958,-0.2679584775086506,0.1929104190695886,0.0629911572472126,-0.06698961937716265,-0.11374086889657825,-0.010396001537870049,0.11374086889657825,0.0271280276816609,0.1085121107266436,-0.07535563244905807,0.041584006151480196,0.10340638216070744,-0.008858131487889272,0.002214532871972318,0.33685505574778934,-0.03543252595155709,-0.010396001537870049,0.012056901191849288,-0.13588619761630144,0.07535563244905807,-0.06698961937716265,0.2288965782391388,0.08421376393694734,0.012056901191849288,-0.003014225297962322,-0.03543252595155709,0.05173394848135333,0.022206843521722412,-0.09356401384083046,0.05911572472126105,0.004982698961937716,0.14769703960015382,0.16633602460592078,-0.1929104190695886,0.08882737408688965,-0.09356401384083046,0.17279507881584008,-0.003936947327950788,-0.07972318339100345,-0.000984236831987697,-0.041584006151480196,0.11909265667051133,0.04822760476739715,-0.03543252595155709,-0.03254133025759323,-0.11909265667051133,-0.2519646289888504,0.0271280276816609,-0.09356401384083046,-0.004982698961937716,,,,,0.021607201546430588,-0.044702835381031036,0.7565991878509521,0.3135532736778259,-0.47376832365989685,-0.48728594183921814,0.835257887840271,-0.7018151879310608,-0.5092312693595886,0.5029305219650269,-0.6520904898643494,-0.5493608117103577,183.1529998779297,0.0640474185347557
EXPC-155,130.57830121585795,47.752733704753936,-0.03543252595155709,0.041584006151480196,0.16633602460592078,-0.28444444444444444,-0.01384083044982699,-0.07535563244905807,-0.2519646289888504,0.29287197231833906,0.041584006151480196,0.03844675124951941,0.14769703960015382,-0.08421376393694734,-0.029773164167627833,0.008858131487889272,-0.1929104190695886,0.13016532103037293,0.0629911572472126,-0.07111111111111111,-0.12456747404844293,0.0271280276816609,0.05173394848135333,-0.01574778931180315,0.08421376393694734,-0.0629911572472126,0.004982698961937716,0.08421376393694734,0.022206843521722412,-0.1085121107266436,0.3553094963475586,-0.006151480199923107,-0.041584006151480196,0.01574778931180315,-0.13016532103037293,0.05911572472126105,-0.14173010380622836,0.3014225297962323,0.08882737408688965,0.044844290657439445,0.022206843521722412,-0.03543252595155709,0.06698961937716265,0.024605920799692427,-0.14769703960015382,0.07535563244905807,0.03543252595155709,0.16633602460592078,0.21413302575932336,-0.16633602460592078,0.11909265667051133,-0.1085121107266436,0.19986159169550174,-0.000984236831987697,-0.07972318339100345,0.017777777777777778,-0.03254133025759323,0.07111111111111111,0.017777777777777778,-0.01384083044982699,0.006151480199923107,-0.15378700499807765,-0.2761399461745483,0.003936947327950788,-0.0629911572472126,-0.044844290657439445,,,,,0.04282321408390999,-0.0794345885515213,0.6927531957626343,0.24163919687271118,-0.42950108647346497,-0.5337912440299988,0.6774193644523621,-0.5220620632171631,-0.40896812081336975,0.39314454793930054,-0.5587794184684753,-0.6004831790924072,215.2878875732422,0.16319327056407928
EXPC-156,130.3474341878392,47.8794859913432,-0.010396001537870049,0.010396001537870049,0.21413302575932336,-0.28444444444444444,-0.010396001537870049,-0.1085121107266436,-0.2761399461745483,0.3188927335640138,0.022206843521722412,0.017777777777777778,0.14769703960015382,-0.07972318339100345,-0.044844290657439445,-0.017777777777777778,-0.1929104190695886,0.14769703960015382,0.07111111111111111,-0.04822760476739715,-0.14173010380622836,0.002214532871972318,0.0629911572472126,0.002214532871972318,0.09356401384083046,-0.0629911572472126,0.004982698961937716,0.07972318339100345,-0.007443291041906958,-0.07972318339100345,0.29287197231833906,-0.029773164167627833,-0.04822760476739715,0.0271280276816609,-0.13588619761630144,0.07111111111111111,-0.08421376393694734,0.2599000384467512,0.11374086889657825,0.0629911572472126,-0.01574778931180315,-0.05911572472126105,0.05911572472126105,0.03543252595155709,-0.14769703960015382,0.12456747404844293,0.03254133025759323,0.186082276047674,0.1929104190695886,-0.19986159169550174,0.09356401384083046,-0.13016532103037293,0.186082276047674,0.024605920799692427,-0.07111111111111111,0.041584006151480196,-0.044844290657439445,0.08421376393694734,0.041584006151480196,-0.01574778931180315,-0.012056901191849288,-0.13016532103037293,-0.2679584775086506,0.024605920799692427,-0.06698961937716265,-0.04822760476739715,,,,,0.03587806969881058,-0.05683225393295288,0.7176868319511414,0.27589455246925354,-0.41959139704704285,-0.5236457586288452,0.7993366718292236,-0.6936585307121277,-0.5167744159698486,0.5502344965934753,-0.6800428032875061,-0.5904109477996826,241.83412170410156,0.16319327056407928
EXPC-157,130.1412708301338,47.79576300686326,-0.06698961937716265,0.0271280276816609,0.22145328719723184,-0.31009611687812383,-0.03254133025759323,-0.10340638216070744,-0.29287197231833906,0.31009611687812383,0.05173394848135333,-0.006151480199923107,0.13016532103037293,-0.10340638216070744,0.004982698961937716,-0.004982698961937716,-0.186082276047674,0.08421376393694734,0.041584006151480196,-0.05536332179930796,-0.11909265667051133,0.003936947327950788,0.05173394848135333,0.022206843521722412,0.09842368319876971,-0.05536332179930796,-0.029773164167627833,0.0629911572472126,-0.017777777777777778,-0.07111111111111111,0.3188927335640138,-0.029773164167627833,-0.004982698961937716,0.024605920799692427,-0.13588619761630144,0.05536332179930796,-0.10340638216070744,0.2599000384467512,0.1085121107266436,0.10340638216070744,0.03254133025759323,-0.0271280276816609,0.07535563244905807,0.03254133025759323,-0.11374086889657825,0.09842368319876971,0.010396001537870049,0.2069357939254133,0.186082276047674,-0.16633602460592078,0.08421376393694734,-0.11374086889657825,0.1929104190695886,0.022206843521722412,-0.08421376393694734,0.019930795847750864,-0.0271280276816609,0.06698961937716265,0.0629911572472126,-0.008858131487889272,-0.05911572472126105,-0.15378700499807765,-0.2519646289888504,-0.003936947327950788,-0.07535563244905807,-0.05536332179930796,,,,,0.0513051301240921,-0.07503301650285721,0.6569175720214844,0.2578732371330261,-0.41842496395111084,-0.5342139601707458,0.765285313129425,-0.6280048489570618,-0.4885775148868561,0.48895394802093506,-0.6195715069770813,-0.5815286636352539,186.30450439453125,0.16319327056407928
EXPC-158,130.353273237186,47.83600753159182,-0.017777777777777778,0.05536332179930796,0.16633602460592078,-0.3014225297962323,0.006151480199923107,-0.12456747404844293,-0.2679584775086506,0.2761399461745483,0.008858131487889272,-0.006151480199923107,0.10340638216070744,-0.09356401384083046,-0.07972318339100345,-0.024605920799692427,-0.1929104190695886,0.1929104190695886,0.07972318339100345,-0.08882737408688965,-0.09842368319876971,0.002214532871972318,0.044844290657439445,-0.007443291041906958,0.09842368319876971,-0.05911572472126105,-0.01384083044982699,0.05173394848135333,0.019930795847750864,-0.07111111111111111,0.33685505574778934,-0.022206843521722412,-0.03844675124951941,0.01384083044982699,-0.14769703960015382,0.0629911572472126,-0.06698961937716265,0.2761399461745483,0.11374086889657825,0.09842368319876971,0.006151480199923107,-0.022206843521722412,0.08421376393694734,0.0629911572472126,-0.16633602460592078,0.11909265667051133,0.10340638216070744,0.19986159169550174,0.16000000000000003,-0.16633602460592078,0.10340638216070744,-0.09356401384083046,0.1929104190695886,-0.03543252595155709,-0.08421376393694734,0.03254133025759323,-0.04822760476739715,0.04822760476739715,0.007443291041906958,-0.05173394848135333,0.007443291041906958,-0.13588619761630144,-0.2761399461745483,0.008858131487889272,-0.029773164167627833,-0.019930795847750864,,,,,0.012738853693008423,-0.025921134278178215,0.7828641533851624,0.261355459690094,-0.43752050399780273,-0.5457956194877625,0.7429824471473694,-0.65617835521698,-0.5039085745811462,0.45895224809646606,-0.6127445101737976,-0.6147757768630981,246.6954345703125,0.16319327056407928
EXPC-159,130.97508707685353,44.37264278519741,-0.0629911572472126,0.05173394848135333,0.16000000000000003,-0.3014225297962323,0.05536332179930796,-0.09842368319876971,-0.2761399461745483,0.29287197231833906,0.08421376393694734,0.022206843521722412,0.08882737408688965,-0.10340638216070744,-0.07972318339100345,0.03844675124951941,-0.28444444444444444,0.15378700499807765,0.11909265667051133,-0.04822760476739715,-0.16000000000000003,-0.07535563244905807,0.01574778931180315,-0.008858131487889272,0.1085121107266436,-0.06698961937716265,-0.003014225297962322,0.05173394848135333,-0.03543252595155709,-0.07972318339100345,0.33685505574778934,-0.01574778931180315,0.01384083044982699,-0.004982698961937716,-0.0005536332179930795,0.0629911572472126,0.01384083044982699,0.3014225297962323,0.029773164167627833,0.08882737408688965,0.029773164167627833,-0.022206843521722412,0.05911572472126105,0.01384083044982699,-0.006151480199923107,0.08421376393694734,0.024605920799692427,0.16633602460592078,0.14769703960015382,-0.1085121107266436,0.07111111111111111,-0.1929104190695886,0.21413302575932336,0.03254133025759323,-0.03844675124951941,0.11909265667051133,0.03844675124951941,0.08882737408688965,0.04822760476739715,-0.029773164167627833,0.0271280276816609,-0.10340638216070744,-0.2364628988850442,0.000984236831987697,-0.0629911572472126,-0.07111111111111111,,,,,0.010126943700015545,-0.01899280585348606,0.7782994508743286,0.2308584749698639,-0.3541799485683441,-0.4575181007385254,0.595061719417572,-0.5269861817359924,-0.4170577824115753,0.26946720480918884,-0.42659759521484375,-0.40925267338752747,435.1219177246094,0.130340114235878
EXPC-160,133.9263222797714,48.04612347654737,-0.1085121107266436,-0.03254133025759323,0.05536332179930796,-0.2519646289888504,-0.012056901191849288,-0.14173010380622836,-0.21413302575932336,0.3014225297962323,0.08882737408688965,-0.0629911572472126,0.19986159169550174,-0.11909265667051133,-0.04822760476739715,0.022206843521722412,-0.24415224913494812,0.186082276047674,0.09842368319876971,-0.16000000000000003,-0.1929104190695886,-0.017777777777777778,0.05173394848135333,-0.05536332179930796,-0.03254133025759323,-0.09356401384083046,0.041584006151480196,0.1929104190695886,0.15378700499807765,0.01574778931180315,0.36472126105344094,-0.024605920799692427,-0.010396001537870049,-0.044844290657439445,-0.06698961937716265,0.05536332179930796,-0.03254133025759323,0.2761399461745483,0.08421376393694734,0.017777777777777778,0.05536332179930796,-0.03254133025759323,-0.029773164167627833,-0.08882737408688965,-0.03254133025759323,0.04822760476739715,0.04822760476739715,0.16000000000000003,0.16633602460592078,0.003014225297962322,0.07111111111111111,-0.11374086889657825,0.10340638216070744,-0.03844675124951941,-0.06698961937716265,0.03543252595155709,0.11909265667051133,0.14173010380622836,0.1085121107266436,-0.07111111111111111,0.09356401384083046,-0.11374086889657825,-0.1929104190695886,0.024605920799692427,-0.008858131487889272,0.041584006151480196,,,,,-0.07369255274534225,0.12847912311553955,0.784984290599823,0.45338982343673706,-0.4554455578327179,-0.4544810354709625,0.7742663621902466,-0.6611483097076416,-0.550467312335968,0.39359474182128906,-0.45318353176116943,-0.33193516731262207,46.35491180419922,0.08564630895853043
EXPC-161,134.66833070445412,47.62077118951678,-0.010396001537870049,-0.07111111111111111,0.12456747404844293,-0.22145328719723184,-0.019930795847750864,-0.12456747404844293,-0.2599000384467512,0.2599000384467512,0.003014225297962322,0.03254133025759323,0.13588619761630144,-0.07535563244905807,-0.07111111111111111,-0.0271280276816609,-0.2364628988850442,0.10340638216070744,0.029773164167627833,-0.11909265667051133,-0.17279507881584008,0.11909265667051133,0.08421376393694734,-0.05536332179930796,0.044844290657439445,-0.04822760476739715,0.024605920799692427,0.15378700499807765,0.0271280276816609,-0.03543252595155709,0.40359861591695495,-0.041584006151480196,-0.024605920799692427,0.01384083044982699,-0.07972318339100345,-0.00024605920799692423,-0.10340638216070744,0.3278123798539023,0.17937716262975778,-0.0629911572472126,0.05536332179930796,-0.0271280276816609,-0.08882737408688965,-0.07535563244905807,-0.16000000000000003,0.0629911572472126,0.019930795847750864,0.22145328719723184,0.17937716262975778,-0.13016532103037293,0.05536332179930796,-0.05536332179930796,0.16633602460592078,-0.044844290657439445,-0.041584006151480196,-0.010396001537870049,0.007443291041906958,0.03844675124951941,0.11374086889657825,0.01384083044982699,0.010396001537870049,-0.09356401384083046,-0.21413302575932336,0.0005536332179930795,-0.1085121107266436,-0.01574778931180315,,,,,0.042458049952983856,-0.0640336200594902,0.660147488117218,0.2952488660812378,-0.3980464041233063,-0.38006916642189026,0.8581128716468811,-0.6879719495773315,-0.44963422417640686,0.46854260563850403,-0.5189456343650818,-0.4552238881587982,41.2308464050293,0.053358353674411774
EXPC-162,130.493051095395,48.23135608813282,-0.09356401384083046,-0.09842368319876971,0.11909265667051133,-0.2519646289888504,-0.05911572472126105,-0.17937716262975778,-0.2069357939254133,0.29287197231833906,0.11374086889657825,0.13588619761630144,0.14173010380622836,-0.0629911572472126,0.07535563244905807,-0.022206843521722412,-0.17279507881584008,0.16000000000000003,0.11374086889657825,-0.21413302575932336,-0.16633602460592078,-0.05911572472126105,0.008858131487889272,-0.002214532871972318,-0.03844675124951941,-0.019930795847750864,-0.03254133025759323,-0.05173394848135333,-0.0271280276816609,0.09842368319876971,0.3553094963475586,-0.11374086889657825,0.010396001537870049,0.03844675124951941,-0.029773164167627833,-0.041584006151480196,-0.03254133025759323,0.2364628988850442,0.03844675124951941,-0.01384083044982699,0.003014225297962322,0.041584006151480196,-0.08421376393694734,-0.041584006151480196,-0.05173394848135333,0.08882737408688965,-0.010396001537870049,0.2679584775086506,0.10340638216070744,-0.14173010380622836,-0.029773164167627833,-0.11374086889657825,0.09356401384083046,0.0005536332179930795,-0.14173010380622836,0.05911572472126105,0.04822760476739715,0.13016532103037293,0.1085121107266436,-0.022206843521722412,-0.01384083044982699,-0.16000000000000003,-0.2679584775086506,-0.024605920799692427,0.05911572472126105,0.07111111111111111,,,,,0.012536638416349888,-0.022284023463726044,0.7750016450881958,-0.2265758067369461,0.24668142199516296,0.7527216076850891,0.38677355647087097,-0.3036925494670868,-0.2316008359193802,0.5852639675140381,-0.5205828547477722,-0.2962566912174225,151.37088012695312,0.0640474185347557
EXPC-163,132.03941102547833,46.4514341841784,-0.12456747404844293,-0.029773164167627833,0.041584006151480196,-0.2288965782391388,-0.06698961937716265,-0.16633602460592078,-0.29287197231833906,0.33685505574778934,0.10340638216070744,-0.04822760476739715,0.19986159169550174,-0.05536332179930796,0.06698961937716265,0.041584006151480196,-0.14769703960015382,0.13588619761630144,0.0629911572472126,-0.10340638216070744,-0.1929104190695886,-0.019930795847750864,-0.022206843521722412,-0.05173394848135333,-0.022206843521722412,-0.024605920799692427,-0.041584006151480196,0.15378700499807765,0.15378700499807765,0.041584006151480196,0.28444444444444444,-0.14173010380622836,-0.0271280276816609,-0.13016532103037293,-0.03254133025759323,0.08882737408688965,0.01574778931180315,0.2519646289888504,-0.01384083044982699,0.05911572472126105,0.09842368319876971,-0.0271280276816609,-0.08882737408688965,-0.012056901191849288,0.04822760476739715,-0.05911572472126105,-0.07972318339100345,0.2288965782391388,0.1929104190695886,0.06698961937716265,0.01574778931180315,-0.0629911572472126,0.10340638216070744,-0.03254133025759323,-0.08421376393694734,0.05173394848135333,0.14173010380622836,0.12456747404844293,0.12456747404844293,0.007443291041906958,0.006151480199923107,-0.186082276047674,-0.21413302575932336,-0.019930795847750864,0.01384083044982699,0.05911572472126105,,,,,-0.021958457306027412,0.07194143533706665,0.8351410031318665,0.30226364731788635,-0.29194188117980957,-0.41675734519958496,0.7733489871025085,-0.6665442585945129,-0.49583563208580017,0.29867446422576904,-0.3903428018093109,-0.15482881665229797,90.46392822265625,0.06488724052906036
EXPC-164,133.16661704399152,46.85477774674806,-0.0271280276816609,-0.024605920799692427,0.17279507881584008,-0.2364628988850442,-0.05911572472126105,-0.14173010380622836,-0.24415224913494812,0.29287197231833906,0.05536332179930796,0.024605920799692427,0.2364628988850442,-0.12456747404844293,0.003014225297962322,0.01384083044982699,-0.2069357939254133,0.10340638216070744,0.029773164167627833,-0.15378700499807765,-0.14769703960015382,0.004982698961937716,0.07972318339100345,-0.019930795847750864,0.017777777777777778,-0.06698961937716265,0.03543252595155709,0.17279507881584008,0.03254133025759323,0.08421376393694734,0.40359861591695495,-0.019930795847750864,0.01574778931180315,0.008858131487889272,-0.11909265667051133,0.03844675124951941,-0.07535563244905807,0.2599000384467512,0.11909265667051133,-0.0271280276816609,0.03844675124951941,-0.05173394848135333,-0.07111111111111111,-0.1085121107266436,-0.0629911572472126,0.06698961937716265,-0.0271280276816609,0.16000000000000003,0.186082276047674,-0.12456747404844293,0.07111111111111111,-0.06698961937716265,0.13016532103037293,-0.04822760476739715,-0.09356401384083046,-0.012056901191849288,0.017777777777777778,0.08421376393694734,0.12456747404844293,-0.03254133025759323,-0.003936947327950788,-0.14173010380622836,-0.2364628988850442,0.019930795847750864,-0.044844290657439445,0.05536332179930796,,,,,0.006965174339711666,0.0004938271595165133,0.6879816651344299,0.28180038928985596,-0.2749391794204712,-0.21413502097129822,0.7855178713798523,-0.6406513452529907,-0.4877951145172119,0.5055438876152039,-0.594414472579956,-0.6615465879440308,61.52605056762695,0.010071716271340847
EXPC-165,133.9585717984713,47.726772393042886,-0.03543252595155709,-0.08421376393694734,0.15378700499807765,-0.10340638216070744,-0.06698961937716265,-0.15378700499807765,-0.2069357939254133,0.37425605536332185,0.13016532103037293,0.041584006151480196,0.31009611687812383,-0.05536332179930796,0.05173394848135333,-0.024605920799692427,-0.1929104190695886,-0.03254133025759323,-0.05173394848135333,-0.05536332179930796,-0.14769703960015382,-0.010396001537870049,0.13016532103037293,-0.017777777777777778,0.022206843521722412,-0.04822760476739715,0.14769703960015382,0.16633602460592078,-0.024605920799692427,0.16000000000000003,0.2761399461745483,0.024605920799692427,0.041584006151480196,0.06698961937716265,-0.07535563244905807,0.05536332179930796,-0.09842368319876971,0.10340638216070744,0.04822760476739715,-0.17279507881584008,0.14173010380622836,-0.07111111111111111,-0.1085121107266436,-0.12456747404844293,0.012056901191849288,0.06698961937716265,-0.07972318339100345,0.07972318339100345,0.22145328719723184,-0.2069357939254133,0.1085121107266436,-0.03844675124951941,0.06698961937716265,-0.01574778931180315,-0.08882737408688965,-0.08882737408688965,0.0271280276816609,0.1085121107266436,0.186082276047674,-0.03543252595155709,-0.1085121107266436,-0.11909265667051133,-0.186082276047674,0.05173394848135333,-0.08421376393694734,0.044844290657439445,,,,,0.06700379401445389,-0.047796398401260376,0.11644832789897919,0.3076923191547394,-0.42210841178894043,-0.45248687267303467,0.8408574461936951,-0.7338635921478271,-0.5421052575111389,0.5264368057250977,-0.6050277948379517,-0.5987229943275452,55.37758255004883,0.06758864223957062
EXPC-166,132.0256668016313,46.52949778236839,-0.1085121107266436,-0.07972318339100345,0.05911572472126105,-0.2069357939254133,-0.003014225297962322,-0.16000000000000003,-0.24415224913494812,0.33685505574778934,0.10340638216070744,-0.07111111111111111,0.2288965782391388,-0.12456747404844293,0.029773164167627833,0.03254133025759323,-0.21413302575932336,0.15378700499807765,0.06698961937716265,-0.07535563244905807,-0.17937716262975778,0.0271280276816609,0.07972318339100345,0.006151480199923107,0.024605920799692427,-0.07535563244905807,-0.002214532871972318,0.186082276047674,0.14769703960015382,0.03844675124951941,0.31009611687812383,-0.13016532103037293,-0.03543252595155709,-0.11909265667051133,-0.05173394848135333,0.08421376393694734,0.03543252595155709,0.17937716262975778,-0.05173394848135333,-0.0015378700499807767,0.10340638216070744,-0.044844290657439445,-0.07972318339100345,-0.05173394848135333,0.07972318339100345,0.003014225297962322,-0.07535563244905807,0.16000000000000003,0.19986159169550174,0.022206843521722412,0.0271280276816609,-0.0629911572472126,0.13016532103037293,-0.010396001537870049,-0.1085121107266436,0.09842368319876971,0.11374086889657825,0.22145328719723184,0.12456747404844293,0.03543252595155709,-0.01574778931180315,-0.11374086889657825,-0.2069357939254133,-0.000984236831987697,-0.09842368319876971,0.044844290657439445,,,,,0.02291889302432537,-0.029028790071606636,0.6676241159439087,0.3014063239097595,-0.36197295784950256,-0.420938640832901,0.8067648410797119,-0.7044274806976318,-0.5139341950416565,0.4238857924938202,-0.42691415548324585,-0.3587191700935364,76.86955261230469,0.06488724052906036
EXPC-167,131.22311192679894,43.75900361461537,-0.07111111111111111,-0.17279507881584008,0.21413302575932336,-0.19986159169550174,-0.04822760476739715,-0.13588619761630144,-0.2761399461745483,0.29287197231833906,0.08882737408688965,0.10340638216070744,0.24415224913494812,-0.04822760476739715,0.044844290657439445,0.003014225297962322,-0.16633602460592078,0.06698961937716265,0.17279507881584008,-0.0629911572472126,-0.31009611687812383,-0.13016532103037293,0.07535563244905807,-0.11374086889657825,-0.0271280276816609,-0.01574778931180315,-0.03844675124951941,0.04822760476739715,-0.08421376393694734,0.03254133025759323,0.31009611687812383,0.05173394848135333,-0.0629911572472126,0.012056901191849288,0.022206843521722412,-0.03844675124951941,-0.05173394848135333,0.11909265667051133,0.05173394848135333,0.00024605920799692423,0.044844290657439445,0.03254133025759323,-0.14769703960015382,-0.14769703960015382,0.03844675124951941,0.14173010380622836,-0.022206843521722412,0.1929104190695886,0.14173010380622836,-0.002214532871972318,0.13588619761630144,-0.186082276047674,0.029773164167627833,0.03844675124951941,-0.03543252595155709,0.10340638216070744,0.13588619761630144,0.07535563244905807,0.11909265667051133,-0.0271280276816609,0.0271280276816609,-0.0271280276816609,-0.17279507881584008,-0.05173394848135333,0.03543252595155709,0.1085121107266436,,,,,-0.08517887443304062,0.1845102459192276,0.7874534726142883,0.12267180532217026,-0.10539629310369492,-0.05772646516561508,0.30785974860191345,-0.26888784766197205,-0.1690666675567627,0.03954214230179787,-0.1187010109424591,-0.3559738099575043,249.00511169433594,0.26213929057121277
EXPC-168,131.70802251716665,46.15346300443596,-0.12456747404844293,-0.06698961937716265,0.16000000000000003,-0.2364628988850442,-0.04822760476739715,-0.17279507881584008,-0.28444444444444444,0.33685505574778934,0.09842368319876971,0.14769703960015382,0.09356401384083046,-0.13588619761630144,0.044844290657439445,0.044844290657439445,-0.2519646289888504,0.2069357939254133,0.08882737408688965,-0.11909265667051133,-0.186082276047674,-0.0629911572472126,0.0005536332179930795,0.05911572472126105,-0.044844290657439445,-0.017777777777777778,-0.08421376393694734,0.0271280276816609,0.003014225297962322,0.09842368319876971,0.3188927335640138,-0.16000000000000003,0.044844290657439445,-0.0271280276816609,-0.07111111111111111,-0.017777777777777778,-0.010396001537870049,0.21413302575932336,0.0015378700499807767,0.024605920799692427,-0.010396001537870049,0.03844675124951941,-0.08421376393694734,-0.003936947327950788,-0.01384083044982699,0.044844290657439445,-0.019930795847750864,0.2519646289888504,0.07111111111111111,-0.044844290657439445,-0.004982698961937716,-0.15378700499807765,0.08421376393694734,0.017777777777777778,-0.07111111111111111,0.0629911572472126,0.03844675124951941,0.12456747404844293,0.07972318339100345,0.029773164167627833,-0.06698961937716265,-0.03844675124951941,-0.2599000384467512,-0.08421376393694734,-0.03844675124951941,0.07972318339100345,,,,,0.020902249962091446,-0.04304549843072891,0.7145328521728516,0.3034915030002594,-0.33150434494018555,-0.40411657094955444,0.7056711912155151,-0.5488917827606201,-0.3625057637691498,0.32111024856567383,-0.4182613492012024,-0.41698628664016724,382.62103271484375,0.09111568331718445
EXPC-169,132.7666870795015,46.18454471326649,-0.12456747404844293,-0.11909265667051133,0.11374086889657825,-0.17937716262975778,-0.05911572472126105,-0.22145328719723184,-0.2069357939254133,0.3839138792772011,0.12456747404844293,0.024605920799692427,0.2519646289888504,-0.13588619761630144,0.08421376393694734,0.022206843521722412,-0.21413302575932336,0.14769703960015382,0.024605920799692427,-0.14173010380622836,-0.186082276047674,-0.1085121107266436,0.05173394848135333,-0.03254133025759323,-0.03543252595155709,-0.05911572472126105,0.002214532871972318,0.11374086889657825,0.04822760476739715,0.13016532103037293,0.3014225297962323,-0.07111111111111111,0.04822760476739715,-0.08882737408688965,-0.05536332179930796,0.05911572472126105,-0.03254133025759323,0.21413302575932336,0.010396001537870049,-0.022206843521722412,0.10340638216070744,-0.010396001537870049,-0.08421376393694734,-0.05911572472126105,0.03543252595155709,0.044844290657439445,-0.05911572472126105,0.16633602460592078,0.15378700499807765,0.003014225297962322,0.05911572472126105,-0.14769703960015382,0.05911572472126105,0.022206843521722412,-0.09842368319876971,0.03844675124951941,0.09356401384083046,0.17279507881584008,0.13016532103037293,0.022206843521722412,-0.0015378700499807767,-0.04822760476739715,-0.22145328719723184,-0.003936947327950788,-0.044844290657439445,0.12456747404844293,,,,,-0.007985803298652172,0.03641456738114357,0.6938110589981079,0.2394745647907257,-0.20655737817287445,-0.23198984563350677,0.7312232851982117,-0.6220287084579468,-0.4699670076370239,0.33115825057029724,-0.35818907618522644,-0.3426525592803955,106.4364013671875,0.06488724052906036
EXPC-170,131.58701944839575,45.19693688990549,-0.07972318339100345,-0.14769703960015382,0.16633602460592078,-0.186082276047674,-0.11374086889657825,-0.17937716262975778,-0.28444444444444444,0.39369473279507883,0.05911572472126105,0.010396001537870049,0.2599000384467512,-0.2069357939254133,0.04822760476739715,0.029773164167627833,-0.17279507881584008,0.03543252595155709,0.004982698961937716,-0.09842368319876971,-0.16000000000000003,-0.03844675124951941,0.06698961937716265,-0.029773164167627833,0.01574778931180315,-0.05173394848135333,0.05911572472126105,0.19986159169550174,-0.00024605920799692423,0.11374086889657825,0.2599000384467512,-0.0629911572472126,0.06698961937716265,-0.08421376393694734,-0.017777777777777778,0.041584006151480196,-0.041584006151480196,0.1929104190695886,0.029773164167627833,-0.03844675124951941,0.09842368319876971,-0.029773164167627833,-0.17279507881584008,-0.07535563244905807,0.010396001537870049,0.07535563244905807,-0.09842368319876971,0.17937716262975778,0.12456747404844293,0.006151480199923107,0.0629911572472126,-0.12456747404844293,0.05536332179930796,0.010396001537870049,-0.003936947327950788,0.05911572472126105,0.06698961937716265,0.14769703960015382,0.15378700499807765,0.08421376393694734,-0.05536332179930796,0.03254133025759323,-0.2069357939254133,-0.041584006151480196,-0.09356401384083046,0.0271280276816609,,,,,0.0732758641242981,-0.12061206251382828,0.23984771966934204,0.342342346906662,-0.4401933252811432,-0.45490196347236633,0.7440931797027588,-0.6301710605621338,-0.3651895225048065,0.42866599559783936,-0.564902126789093,-0.3417443633079529,181.20425415039062,0.10226807743310928
EXPC-171,132.01093443097176,46.05878057348976,-0.05536332179930796,-0.08421376393694734,0.16000000000000003,-0.2519646289888504,-0.09842368319876971,-0.1929104190695886,-0.2364628988850442,0.3278123798539023,0.09842368319876971,0.06698961937716265,0.17279507881584008,-0.09356401384083046,0.019930795847750864,0.041584006151480196,-0.22145328719723184,0.05536332179930796,-0.019930795847750864,-0.186082276047674,-0.17279507881584008,-0.044844290657439445,0.029773164167627833,0.012056901191849288,-0.017777777777777778,-0.0271280276816609,0.004982698961937716,0.10340638216070744,-0.03254133025759323,0.1085121107266436,0.37425605536332185,-0.05536332179930796,0.017777777777777778,-0.04822760476739715,-0.11374086889657825,-0.012056901191849288,-0.044844290657439445,0.24415224913494812,0.07535563244905807,-0.01384083044982699,0.07111111111111111,-0.03844675124951941,-0.09842368319876971,-0.0629911572472126,-0.019930795847750864,0.05911572472126105,-0.05536332179930796,0.19986159169550174,0.19986159169550174,-0.08421376393694734,0.06698961937716265,-0.07972318339100345,0.09356401384083046,0.024605920799692427,-0.09356401384083046,-0.022206843521722412,0.012056901191849288,0.11374086889657825,0.14769703960015382,-0.017777777777777778,-0.07972318339100345,-0.11374086889657825,-0.2599000384467512,-0.017777777777777778,-0.03254133025759323,0.0629911572472126,,,,,0.04923635721206665,-0.06829056143760681,0.6366761922836304,0.31576746702194214,-0.3672316372394562,-0.31675270199775696,0.691512942314148,-0.5507442355155945,-0.33131924271583557,0.45203539729118347,-0.5665457248687744,-0.4903457462787628,109.63912200927734,0.06488724052906036
EXPC-172,130.58593689577296,48.30007720736796,-0.0629911572472126,-0.08882737408688965,0.19986159169550174,-0.2069357939254133,-0.0271280276816609,-0.16000000000000003,-0.2069357939254133,0.3553094963475586,0.11909265667051133,0.05536332179930796,0.24415224913494812,-0.12456747404844293,0.05536332179930796,-0.0015378700499807767,-0.22145328719723184,0.09842368319876971,0.05536332179930796,-0.07535563244905807,-0.13588619761630144,-0.05536332179930796,0.12456747404844293,0.05536332179930796,-0.019930795847750864,-0.07972318339100345,0.05173394848135333,0.06698961937716265,-0.010396001537870049,0.17279507881584008,0.3278123798539023,-0.05911572472126105,0.05536332179930796,0.01384083044982699,-0.14769703960015382,0.03844675124951941,-0.029773164167627833,0.186082276047674,0.03543252595155709,-0.13016532103037293,0.03543252595155709,-0.044844290657439445,-0.07111111111111111,-0.08421376393694734,-0.010396001537870049,0.11374086889657825,-0.0629911572472126,0.19986159169550174,0.16000000000000003,-0.1929104190695886,0.03543252595155709,-0.08882737408688965,0.0629911572472126,0.012056901191849288,-0.08421376393694734,-0.008858131487889272,0.041584006151480196,0.17279507881584008,0.14769703960015382,0.024605920799692427,-0.07111111111111111,-0.06698961937716265,-0.22145328719723184,0.044844290657439445,-0.022206843521722412,0.007443291041906958,,,,,0.0596204437315464,-0.08122929185628891,0.5711634159088135,0.330296128988266,-0.4100603759288788,-0.4177919030189514,0.784379780292511,-0.6664759516716003,-0.4995708167552948,0.6322098970413208,-0.6403728127479553,-0.5870530009269714,103.53529357910156,0.0640474185347557
EXPC-173,130.83836349061053,48.30169417487938,-0.10340638216070744,-0.14173010380622836,0.22145328719723184,-0.16633602460592078,-0.04822760476739715,-0.13588619761630144,-0.2519646289888504,0.42377547097270285,0.13016532103037293,0.024605920799692427,0.3188927335640138,-0.17279507881584008,0.041584006151480196,-0.044844290657439445,-0.16633602460592078,0.08882737408688965,0.13016532103037293,0.003936947327950788,-0.21413302575932336,-0.11374086889657825,0.12456747404844293,0.041584006151480196,-0.003014225297962322,-0.05536332179930796,0.08882737408688965,0.11374086889657825,-0.012056901191849288,0.11909265667051133,0.24415224913494812,-0.008858131487889272,0.008858131487889272,0.03844675124951941,-0.05536332179930796,0.08421376393694734,-0.06698961937716265,0.07111111111111111,0.044844290657439445,-0.06698961937716265,0.03844675124951941,-0.05536332179930796,-0.04822760476739715,-0.10340638216070744,0.017777777777777778,0.09842368319876971,-0.07972318339100345,0.16000000000000003,0.11909265667051133,-0.09356401384083046,0.11909265667051133,-0.12456747404844293,0.0629911572472126,0.041584006151480196,-0.0271280276816609,0.05536332179930796,0.0629911572472126,0.14769703960015382,0.16000000000000003,0.003014225297962322,-0.0271280276816609,0.03844675124951941,-0.1929104190695886,0.004982698961937716,-0.044844290657439445,0.03543252595155709,,,,,0.06698756664991379,-0.05492762103676796,0.4778294563293457,0.35778942704200745,-0.4233394265174866,-0.2391829490661621,0.8507936596870422,-0.6968227028846741,-0.4765494167804718,0.4634007513523102,-0.5612276196479797,-0.28814396262168884,81.40092468261719,0.0640474185347557
EXPC-174,134.57544490407616,48.10631060058338,0.002214532871972318,-0.029773164167627833,0.0271280276816609,-0.31009611687812383,0.01574778931180315,-0.07111111111111111,-0.2599000384467512,0.12456747404844293,-0.0271280276816609,0.03543252595155709,-0.04822760476739715,-0.08421376393694734,-0.13588619761630144,0.09356401384083046,-0.21413302575932336,0.28444444444444444,0.012056901191849288,-0.05911572472126105,-0.05173394848135333,0.05173394848135333,-0.0271280276816609,0.06698961937716265,-0.007443291041906958,-0.024605920799692427,-0.07535563244905807,0.09842368319876971,0.09842368319876971,-0.04822760476739715,0.40359861591695495,-0.17279507881584008,-0.004982698961937716,-0.022206843521722412,-0.14769703960015382,0.002214532871972318,-0.04822760476739715,0.3278123798539023,0.13588619761630144,0.04822760476739715,0.0629911572472126,0.010396001537870049,0.044844290657439445,-0.007443291041906958,-0.16633602460592078,0.01574778931180315,0.11374086889657825,0.1929104190695886,0.1085121107266436,-0.05911572472126105,0.041584006151480196,-0.04822760476739715,0.22145328719723184,-0.186082276047674,-0.029773164167627833,-0.006151480199923107,-0.044844290657439445,0.000984236831987697,-0.03844675124951941,-0.08882737408688965,0.024605920799692427,-0.11909265667051133,-0.19986159169550174,0.029773164167627833,-0.05536332179930796,0.05911572472126105,,,,,0.011887779459357262,-0.017208412289619446,0.8092619180679321,0.4216976761817932,-0.47457626461982727,-0.5824915766716003,0.8026018142700195,-0.6786937117576599,-0.5298651456832886,0.343443363904953,-0.521212100982666,-0.6589928269386292,37.219512939453125,0.04811146482825279
EXPC-175,130.73487756987998,48.33448268274974,-0.029773164167627833,-0.13588619761630144,0.16633602460592078,-0.2288965782391388,-0.05911572472126105,-0.14173010380622836,-0.2519646289888504,0.2761399461745483,0.08882737408688965,0.1085121107266436,0.21413302575932336,-0.07972318339100345,0.0629911572472126,-0.017777777777777778,-0.17937716262975778,0.07535563244905807,0.08882737408688965,-0.14173010380622836,-0.16633602460592078,0.01574778931180315,0.08421376393694734,0.004982698961937716,-0.03543252595155709,-0.04822760476739715,-0.01384083044982699,0.07535563244905807,-0.01574778931180315,0.09356401384083046,0.3839138792772011,-0.05536332179930796,0.010396001537870049,0.01384083044982699,-0.1085121107266436,-0.010396001537870049,-0.0629911572472126,0.2364628988850442,0.06698961937716265,-0.1085121107266436,0.0271280276816609,0.004982698961937716,-0.12456747404844293,-0.09356401384083046,-0.0629911572472126,0.10340638216070744,-0.044844290657439445,0.2364628988850442,0.15378700499807765,-0.186082276047674,0.022206843521722412,-0.08421376393694734,0.09842368319876971,-0.010396001537870049,-0.1085121107266436,0.003014225297962322,0.03844675124951941,0.09356401384083046,0.12456747404844293,-0.003936947327950788,-0.07535563244905807,-0.10340638216070744,-0.2679584775086506,0.029773164167627833,0.00024605920799692423,0.01574778931180315,,,,,0.0523357093334198,-0.0686231181025505,0.7094370126724243,-0.03322380408644676,0.014147431589663029,0.12029611319303513,0.43189558386802673,-0.35172784328460693,-0.3333333432674408,0.43347638845443726,-0.41047295928001404,-0.45849496126174927,79.18038177490234,0.0640474185347557
EXPC-176,134.13733654001106,47.10127546071046,-0.04822760476739715,-0.10340638216070744,0.12456747404844293,-0.17937716262975778,-0.06698961937716265,-0.13016532103037293,-0.17279507881584008,0.36472126105344094,0.1085121107266436,-0.007443291041906958,0.28444444444444444,-0.08882737408688965,0.03254133025759323,0.03254133025759323,-0.2069357939254133,0.09842368319876971,0.017777777777777778,-0.16000000000000003,-0.11909265667051133,-0.022206843521722412,0.10340638216070744,-0.03543252595155709,0.017777777777777778,-0.07972318339100345,0.09356401384083046,0.1929104190695886,0.04822760476739715,0.1085121107266436,0.3278123798539023,-0.04822760476739715,0.05911572472126105,-0.010396001537870049,-0.05536332179930796,0.05173394848135333,-0.044844290657439445,0.17937716262975778,0.007443291041906958,-0.09356401384083046,0.04822760476739715,-0.03543252595155709,-0.13016532103037293,-0.13588619761630144,-0.006151480199923107,0.06698961937716265,-0.029773164167627833,0.11909265667051133,0.2069357939254133,-0.13588619761630144,0.08421376393694734,-0.09356401384083046,0.07535563244905807,-0.03844675124951941,-0.09356401384083046,0.03543252595155709,0.08882737408688965,0.21413302575932336,0.17279507881584008,-0.024605920799692427,-0.024605920799692427,-0.13016532103037293,-0.2288965782391388,0.07535563244905807,-0.007443291041906958,0.04822760476739715,,,,,0.029495084658265114,0.003869719337671995,0.5850305557250977,0.32415902614593506,-0.29640719294548035,-0.32374101877212524,0.7915877103805542,-0.6577839851379395,-0.5112668871879578,0.5331201553344727,-0.5946780443191528,-0.5314474105834961,60.65105438232422,0.053358353674411774
EXPC-177,133.46216277246683,47.91577792882163,-0.04822760476739715,-0.004982698961937716,0.13016532103037293,-0.34602076124567477,0.01384083044982699,-0.05173394848135333,-0.2288965782391388,0.2069357939254133,0.05173394848135333,0.004982698961937716,0.1085121107266436,-0.07535563244905807,-0.1085121107266436,0.07111111111111111,-0.3014225297962323,0.2364628988850442,0.07535563244905807,-0.11909265667051133,-0.07535563244905807,-0.017777777777777778,0.006151480199923107,0.07111111111111111,0.019930795847750864,-0.06698961937716265,-0.03543252595155709,0.0629911572472126,0.03844675124951941,0.03844675124951941,0.3839138792772011,-0.11374086889657825,0.07111111111111111,-0.04822760476739715,-0.11909265667051133,0.01574778931180315,-0.0629911572472126,0.37425605536332185,0.07535563244905807,-0.0015378700499807767,0.003014225297962322,0.044844290657439445,-0.03254133025759323,-0.012056901191849288,-0.07972318339100345,0.07111111111111111,0.06698961937716265,0.16633602460592078,0.13016532103037293,-0.05911572472126105,0.05536332179930796,-0.16633602460592078,0.14173010380622836,-0.07111111111111111,-0.03254133025759323,0.003936947327950788,-0.019930795847750864,0.04822760476739715,0.024605920799692427,-0.04822760476739715,0.05536332179930796,-0.05911572472126105,-0.2364628988850442,0.003936947327950788,-0.03254133025759323,0.024605920799692427,,,,,0.032418448477983475,-0.057172343134880066,0.7118231058120728,0.19517314434051514,-0.3076923191547394,-0.2429378479719162,0.6591418385505676,-0.60841965675354,-0.523770809173584,0.4358082115650177,-0.5509607195854187,-0.5830100774765015,52.33976364135742,0.06758864223957062
EXPC-178,130.31949658250312,46.496978769083256,-0.11374086889657825,0.003936947327950788,0.17279507881584008,-0.2288965782391388,-0.06698961937716265,-0.16000000000000003,-0.2761399461745483,0.36472126105344094,0.09842368319876971,-0.03844675124951941,0.17279507881584008,-0.11374086889657825,0.05173394848135333,0.05173394848135333,-0.19986159169550174,0.11374086889657825,0.041584006151480196,-0.09356401384083046,-0.16633602460592078,-0.010396001537870049,0.03543252595155709,-0.012056901191849288,0.01574778931180315,-0.04822760476739715,-0.019930795847750864,0.12456747404844293,0.05173394848135333,0.010396001537870049,0.3553094963475586,-0.13016532103037293,0.017777777777777778,-0.022206843521722412,-0.11374086889657825,0.07111111111111111,-0.044844290657439445,0.2761399461745483,0.03844675124951941,0.04822760476739715,0.022206843521722412,-0.003014225297962322,-0.04822760476739715,-0.019930795847750864,-0.05911572472126105,0.029773164167627833,-0.0629911572472126,0.1929104190695886,0.14769703960015382,-0.024605920799692427,0.05911572472126105,-0.11909265667051133,0.16000000000000003,0.029773164167627833,-0.08882737408688965,0.05911572472126105,0.03543252595155709,0.11909265667051133,0.11909265667051133,0.01574778931180315,-0.07972318339100345,-0.10340638216070744,-0.2599000384467512,-0.04822760476739715,-0.05536332179930796,0.044844290657439445,,,,,0.05156869813799858,-0.04750785976648331,0.7043226957321167,0.2569444477558136,-0.3527653217315674,-0.41397395730018616,0.762252926826477,-0.6610515713691711,-0.45146632194519043,0.4196465313434601,-0.4952380955219269,-0.4439675807952881,163.45663452148438,0.0630452111363411
EXPC-179,133.13149291638246,45.12758694997146,-0.044844290657439445,-0.05173394848135333,0.1085121107266436,-0.15378700499807765,-0.019930795847750864,-0.13588619761630144,-0.2761399461745483,0.34602076124567477,-0.05911572472126105,0.14173010380622836,0.024605920799692427,-0.15378700499807765,-0.024605920799692427,-0.012056901191849288,-0.22145328719723184,0.08882737408688965,-0.008858131487889272,0.006151480199923107,-0.12456747404844293,0.08882737408688965,0.019930795847750864,0.022206843521722412,0.004982698961937716,-0.01574778931180315,-0.008858131487889272,0.2519646289888504,0.05173394848135333,-0.01574778931180315,0.39369473279507883,-0.17937716262975778,-0.017777777777777778,0.019930795847750864,-0.08882737408688965,0.017777777777777778,-0.010396001537870049,0.24415224913494812,0.2069357939254133,0.022206843521722412,0.06698961937716265,-0.012056901191849288,-0.12456747404844293,-0.11374086889657825,-0.11374086889657825,0.041584006151480196,-0.012056901191849288,0.2761399461745483,0.08882737408688965,0.012056901191849288,0.05911572472126105,0.05536332179930796,0.11909265667051133,0.012056901191849288,-0.000984236831987697,0.01384083044982699,-0.0015378700499807767,0.029773164167627833,0.08421376393694734,0.0629911572472126,-0.06698961937716265,-0.05173394848135333,-0.2288965782391388,-0.08882737408688965,-0.1085121107266436,0.05911572472126105,,,,,0.07216960191726685,-0.07072071731090546,0.6077934503555298,0.48555782437324524,-0.49993088841438293,-0.3155505061149597,0.8512678742408752,-0.7526729702949524,-0.5277349948883057,0.6830434203147888,-0.6652165651321411,-0.43951869010925293,69.53919219970703,0.056132856756448746
EXPC-180,130.49736300875878,48.60307895270148,-0.007443291041906958,-0.05536332179930796,0.10340638216070744,-0.31009611687812383,0.01574778931180315,-0.03543252595155709,-0.3188927335640138,0.19986159169550174,-0.003936947327950788,0.09842368319876971,-0.01384083044982699,-0.08421376393694734,-0.07972318339100345,0.06698961937716265,-0.2364628988850442,0.19986159169550174,0.07972318339100345,-0.044844290657439445,-0.09842368319876971,0.09356401384083046,-0.017777777777777778,0.07972318339100345,0.044844290657439445,-0.044844290657439445,-0.1085121107266436,0.08882737408688965,0.07972318339100345,-0.041584006151480196,0.37425605536332185,-0.14173010380622836,-0.03844675124951941,-0.07535563244905807,-0.14173010380622836,-0.01574778931180315,-0.05911572472126105,0.3014225297962323,0.16000000000000003,0.017777777777777778,0.03543252595155709,0.07111111111111111,-0.0271280276816609,0.006151480199923107,-0.12456747404844293,-0.008858131487889272,0.000984236831987697,0.2364628988850442,0.14173010380622836,-0.08421376393694734,-0.008858131487889272,-0.07535563244905807,0.2364628988850442,-0.10340638216070744,-0.022206843521722412,-0.017777777777777778,0.0015378700499807767,-0.002214532871972318,-0.044844290657439445,-0.022206843521722412,-0.029773164167627833,-0.13016532103037293,-0.1929104190695886,-0.05536332179930796,-0.08882737408688965,-0.007443291041906958,,,,,-0.0019353640964254737,0.0021470035426318645,0.7938888072967529,0.17330211400985718,-0.29040566086769104,-0.2439108043909073,0.6577077507972717,-0.5800942182540894,-0.45645129680633545,0.46975693106651306,-0.5634395480155945,-0.5674279928207397,79.5916976928711,0.0640474185347557
EXPC-181,130.41956890515402,47.55887726644095,-0.010396001537870049,-0.09356401384083046,0.2069357939254133,-0.3014225297962323,-0.041584006151480196,-0.012056901191849288,-0.3278123798539023,0.28444444444444444,-0.029773164167627833,0.07111111111111111,0.14173010380622836,-0.12456747404844293,0.019930795847750864,0.07972318339100345,-0.2288965782391388,0.0629911572472126,0.10340638216070744,-0.010396001537870049,-0.12456747404844293,0.05911572472126105,-0.03543252595155709,0.05911572472126105,0.0629911572472126,-0.01384083044982699,-0.14769703960015382,0.0271280276816609,0.003014225297962322,0.03254133025759323,0.3278123798539023,-0.11909265667051133,-0.05536332179930796,-0.07111111111111111,-0.06698961937716265,0.05911572472126105,-0.1085121107266436,0.3014225297962323,0.11374086889657825,-0.01574778931180315,0.012056901191849288,0.07535563244905807,-0.14769703960015382,-0.0271280276816609,-0.04822760476739715,0.003936947327950788,-0.05536332179930796,0.28444444444444444,0.07535563244905807,-0.017777777777777778,-0.012056901191849288,-0.10340638216070744,0.17279507881584008,0.008858131487889272,-0.03254133025759323,-0.0629911572472126,0.0271280276816609,0.03543252595155709,0.0629911572472126,0.08421376393694734,-0.017777777777777778,-0.05911572472126105,-0.21413302575932336,-0.08882737408688965,-0.08882737408688965,0.003014225297962322,,,,,0.03511309251189232,-0.08609753847122192,0.7491868138313293,0.14977692067623138,-0.23603974282741547,-0.10405785590410233,0.3126204311847687,-0.23751135170459747,0.148819699883461,0.26517772674560547,-0.3668649196624756,-0.23032431304454803,115.0,0.16319327056407928
EXPC-182,133.14658461315565,46.03245993566505,-0.05173394848135333,-0.14769703960015382,0.008858131487889272,-0.2519646289888504,-0.019930795847750864,-0.03844675124951941,-0.19986159169550174,0.13016532103037293,-0.007443291041906958,0.10340638216070744,0.017777777777777778,-0.09356401384083046,0.029773164167627833,0.041584006151480196,-0.17937716262975778,0.22145328719723184,0.03543252595155709,-0.186082276047674,-0.08421376393694734,-0.024605920799692427,-0.1085121107266436,0.05911572472126105,-0.07535563244905807,-0.06698961937716265,-0.186082276047674,0.01574778931180315,0.12456747404844293,-0.024605920799692427,0.3553094963475586,-0.16000000000000003,-0.008858131487889272,0.019930795847750864,-0.17279507881584008,-0.04822760476739715,-0.11909265667051133,0.31009611687812383,0.03844675124951941,-0.022206843521722412,0.044844290657439445,0.21413302575932336,-0.04822760476739715,0.05911572472126105,0.002214532871972318,-0.004982698961937716,0.010396001537870049,0.28444444444444444,0.024605920799692427,0.024605920799692427,-0.05911572472126105,-0.22145328719723184,0.186082276047674,-0.06698961937716265,-0.11374086889657825,-0.04822760476739715,-0.03844675124951941,-0.0629911572472126,-0.019930795847750864,-0.01384083044982699,0.03543252595155709,-0.12456747404844293,-0.1929104190695886,-0.08882737408688965,0.012056901191849288,0.13588619761630144,,,,,-0.004774823784828186,0.0030438092071563005,0.7791274785995483,-0.04830917716026306,0.05345345288515091,0.19400952756404877,0.37278106808662415,-0.2574525773525238,-0.06537805497646332,0.2619575560092926,-0.296875,-0.18398186564445496,59.088985443115234,0.010071716271340847
EXPC-183,132.2474608452804,46.3312395991632,-0.06698961937716265,-0.07972318339100345,0.0629911572472126,-0.2761399461745483,-0.012056901191849288,-0.0271280276816609,-0.28444444444444444,0.14173010380622836,-0.041584006151480196,0.07111111111111111,0.09356401384083046,-0.14769703960015382,0.041584006151480196,-0.029773164167627833,-0.2519646289888504,0.12456747404844293,0.03254133025759323,-0.0629911572472126,-0.05536332179930796,0.04822760476739715,-0.08421376393694734,0.0629911572472126,-0.01384083044982699,-0.029773164167627833,-0.14769703960015382,0.04822760476739715,0.012056901191849288,-0.07111111111111111,0.40359861591695495,-0.14769703960015382,0.03254133025759323,-0.08421376393694734,-0.05536332179930796,-0.024605920799692427,-0.07111111111111111,0.3839138792772011,0.0629911572472126,-0.000984236831987697,0.0629911572472126,0.13588619761630144,-0.1085121107266436,-0.012056901191849288,-0.03543252595155709,0.017777777777777778,0.0005536332179930795,0.28444444444444444,0.05173394848135333,0.06698961937716265,0.01384083044982699,-0.13016532103037293,0.1929104190695886,-0.022206843521722412,-0.09842368319876971,-0.024605920799692427,0.008858131487889272,-0.08421376393694734,0.03254133025759323,0.044844290657439445,-0.05173394848135333,-0.1085121107266436,-0.2288965782391388,-0.10340638216070744,-0.06698961937716265,0.044844290657439445,,,,,0.03733719140291214,-0.07789473980665207,0.7106988430023193,0.12740740180015564,-0.2254428267478943,-0.14791850745677948,0.3468226492404938,-0.3693346083164215,-0.0661589726805687,0.2537993788719177,-0.3253012001514435,-0.25465837121009827,76.38694763183594,0.06488724052906036
EXPC-184,132.3314533243456,45.49329110213652,-0.06698961937716265,-0.09842368319876971,0.08421376393694734,-0.31009611687812383,-0.04822760476739715,-0.09842368319876971,-0.2761399461745483,0.2364628988850442,0.022206843521722412,0.13588619761630144,0.07972318339100345,-0.04822760476739715,0.03543252595155709,0.024605920799692427,-0.2599000384467512,0.14173010380622836,0.07535563244905807,-0.14769703960015382,-0.14173010380622836,0.012056901191849288,-0.04822760476739715,0.01574778931180315,-0.03543252595155709,-0.05536332179930796,-0.12456747404844293,0.05173394848135333,0.029773164167627833,0.003936947327950788,0.36472126105344094,-0.08421376393694734,-0.017777777777777778,-0.012056901191849288,-0.019930795847750864,-0.03254133025759323,-0.04822760476739715,0.31009611687812383,0.029773164167627833,-0.08421376393694734,0.07111111111111111,0.08421376393694734,-0.10340638216070744,0.002214532871972318,-0.03543252595155709,0.007443291041906958,0.007443291041906958,0.24415224913494812,0.17279507881584008,-0.01574778931180315,-0.01384083044982699,-0.2288965782391388,0.16633602460592078,-0.03254133025759323,-0.12456747404844293,-0.022206843521722412,0.008858131487889272,-0.017777777777777778,0.04822760476739715,0.004982698961937716,0.0271280276816609,-0.11909265667051133,-0.2364628988850442,-0.12456747404844293,0.01384083044982699,0.05173394848135333,,,,,0.013918286189436913,-0.020134227350354195,0.8108527064323425,-0.040157999843358994,0.029617303982377052,-0.23187686502933502,0.343584805727005,-0.292051762342453,-0.3200177550315857,0.044851094484329224,-0.129557803273201,-0.23699422180652618,120.85921478271484,0.09055157005786896
EXPC-185,130.83980079506514,47.508571610530254,-0.05911572472126105,-0.01574778931180315,0.10340638216070744,-0.24415224913494812,-0.0271280276816609,-0.13016532103037293,-0.3278123798539023,0.2599000384467512,0.029773164167627833,-0.004982698961937716,0.07972318339100345,-0.12456747404844293,0.007443291041906958,0.041584006151480196,-0.1929104190695886,0.14173010380622836,0.0271280276816609,-0.0629911572472126,-0.11374086889657825,0.0629911572472126,-0.029773164167627833,0.024605920799692427,0.04822760476739715,-0.03543252595155709,-0.14173010380622836,0.16000000000000003,0.09842368319876971,-0.029773164167627833,0.3553094963475586,-0.2288965782391388,0.024605920799692427,-0.05911572472126105,-0.1085121107266436,0.019930795847750864,-0.03254133025759323,0.34602076124567477,0.06698961937716265,0.08882737408688965,0.07111111111111111,0.03844675124951941,-0.044844290657439445,-0.01384083044982699,-0.041584006151480196,-0.000984236831987697,-0.06698961937716265,0.2519646289888504,0.08421376393694734,0.06698961937716265,-0.029773164167627833,-0.07535563244905807,0.15378700499807765,-0.017777777777777778,-0.08882737408688965,0.04822760476739715,0.019930795847750864,0.0015378700499807767,0.01384083044982699,0.041584006151480196,-0.05173394848135333,-0.13588619761630144,-0.2519646289888504,-0.07972318339100345,-0.09356401384083046,0.05911572472126105,,,,,0.060127247124910355,-0.06263462454080582,0.7183338403701782,0.2177007645368576,-0.3450692296028137,-0.3996553421020508,0.5232833623886108,-0.5273014903068542,-0.3917175829410553,0.4992300570011139,-0.5898106098175049,-0.5133669376373291,76.67880249023438,0.16319327056407928
EXPC-186,130.56841974773263,45.35243526558658,-0.05911572472126105,-0.008858131487889272,0.14173010380622836,-0.31009611687812383,-0.04822760476739715,-0.14173010380622836,-0.28444444444444444,0.2364628988850442,0.01384083044982699,0.05911572472126105,0.07535563244905807,-0.13016532103037293,-0.003936947327950788,-0.000984236831987697,-0.2761399461745483,0.03844675124951941,0.0271280276816609,-0.11374086889657825,-0.13588619761630144,0.05536332179930796,-0.06698961937716265,0.012056901191849288,-0.022206843521722412,-0.01384083044982699,-0.04822760476739715,0.15378700499807765,-0.022206843521722412,-0.01384083044982699,0.36472126105344094,-0.16000000000000003,0.0271280276816609,-0.03844675124951941,-0.09356401384083046,0.07535563244905807,0.041584006151480196,0.3014225297962323,0.10340638216070744,0.13588619761630144,0.0271280276816609,-0.05173394848135333,-0.04822760476739715,-0.019930795847750864,-0.07535563244905807,0.041584006151480196,-0.003936947327950788,0.2679584775086506,0.12456747404844293,-0.07972318339100345,-0.010396001537870049,-0.003014225297962322,0.1085121107266436,0.05911572472126105,-0.07535563244905807,0.07111111111111111,0.06698961937716265,0.05911572472126105,0.08421376393694734,-0.04822760476739715,-0.07535563244905807,-0.19986159169550174,-0.24415224913494812,-0.017777777777777778,-0.03844675124951941,0.004982698961937716,,,,,-0.04070885106921196,0.04577391594648361,0.7504523396492004,-0.043995242565870285,-0.020628372207283974,0.04133625701069832,0.7685992121696472,-0.6355565786361694,-0.42136499285697937,0.47035571932792664,-0.5158924460411072,-0.48392701148986816,321.2300720214844,0.1618894636631012
EXPC-187,131.26560223973777,46.04341938213131,-0.07972318339100345,-0.15378700499807765,0.05536332179930796,-0.2679584775086506,-0.07535563244905807,-0.13588619761630144,-0.2599000384467512,0.22145328719723184,0.008858131487889272,0.13016532103037293,0.04822760476739715,-0.13016532103037293,0.03543252595155709,-0.010396001537870049,-0.2069357939254133,0.13588619761630144,-0.03254133025759323,-0.13016532103037293,-0.16000000000000003,0.05536332179930796,-0.05911572472126105,0.024605920799692427,-0.05536332179930796,0.022206843521722412,-0.09356401384083046,0.09356401384083046,0.003936947327950788,0.006151480199923107,0.37425605536332185,-0.15378700499807765,-0.04822760476739715,-0.05536332179930796,-0.15378700499807765,-0.03844675124951941,-0.01574778931180315,0.3188927335640138,0.13016532103037293,-0.03254133025759323,0.08882737408688965,0.03543252595155709,-0.09842368319876971,-0.019930795847750864,-0.07111111111111111,0.029773164167627833,-0.0271280276816609,0.31009611687812383,0.11909265667051133,-0.03844675124951941,-0.024605920799692427,-0.07111111111111111,0.14173010380622836,0.003014225297962322,-0.0629911572472126,-0.007443291041906958,0.01574778931180315,0.008858131487889272,0.09842368319876971,0.024605920799692427,-0.06698961937716265,-0.11909265667051133,-0.2679584775086506,-0.044844290657439445,-0.022206843521722412,0.03844675124951941,,,,,0.01778017170727253,-0.02694437839090824,0.7808594107627869,0.2035815268754959,-0.10467127710580826,-0.10428386181592941,0.5674470663070679,-0.41876891255378723,-0.2713472545146942,0.47661691904067993,-0.5310807228088379,-0.5269320607185364,202.34181213378906,0.09111568331718445
EXPC-188,133.6325731818643,45.970835507174456,-0.029773164167627833,-0.07972318339100345,0.03543252595155709,-0.2519646289888504,0.012056901191849288,-0.06698961937716265,-0.22145328719723184,0.1929104190695886,0.008858131487889272,0.09842368319876971,-0.03254133025759323,-0.13016532103037293,-0.05173394848135333,0.041584006151480196,-0.2364628988850442,0.21413302575932336,0.01574778931180315,-0.12456747404844293,-0.09842368319876971,0.07535563244905807,-0.07111111111111111,0.09842368319876971,-0.024605920799692427,-0.0271280276816609,-0.13016532103037293,0.06698961937716265,0.06698961937716265,-0.05173394848135333,0.42377547097270285,-0.2069357939254133,-0.007443291041906958,-0.04822760476739715,-0.16000000000000003,-0.03844675124951941,-0.05536332179930796,0.3553094963475586,0.09356401384083046,0.041584006151480196,0.044844290657439445,0.07535563244905807,-0.09356401384083046,0.024605920799692427,-0.08421376393694734,-0.006151480199923107,0.03844675124951941,0.2761399461745483,0.05173394848135333,0.01384083044982699,0.01574778931180315,-0.07972318339100345,0.17937716262975778,-0.05911572472126105,-0.05536332179930796,-0.003936947327950788,-0.000984236831987697,-0.00024605920799692423,-0.01384083044982699,-0.007443291041906958,-0.03543252595155709,-0.08882737408688965,-0.24415224913494812,-0.07535563244905807,-0.0629911572472126,0.08421376393694734,,,,,0.026787320151925087,-0.053621940314769745,0.7767259478569031,0.5277246832847595,-0.42170819640159607,-0.0972222238779068,0.7581217288970947,-0.6266734004020691,-0.4584096670150757,0.4283987879753113,-0.5739014744758606,-0.6628029346466064,54.0,0.056132856756448746
EXPC-189,132.96162149615543,47.87373677352484,-0.003936947327950788,-0.09842368319876971,0.03543252595155709,-0.2679584775086506,-0.01384083044982699,-0.08882737408688965,-0.22145328719723184,0.1929104190695886,-0.0015378700499807767,0.05536332179930796,0.03254133025759323,-0.08882737408688965,-0.05536332179930796,0.010396001537870049,-0.21413302575932336,0.2364628988850442,0.002214532871972318,-0.1085121107266436,-0.07535563244905807,0.06698961937716265,-0.0271280276816609,0.07972318339100345,0.003014225297962322,0.022206843521722412,-0.13588619761630144,0.029773164167627833,0.044844290657439445,-0.029773164167627833,0.42377547097270285,-0.22145328719723184,-0.041584006151480196,-0.0271280276816609,-0.14173010380622836,-0.022206843521722412,-0.05536332179930796,0.36472126105344094,0.14769703960015382,-0.017777777777777778,0.03543252595155709,0.10340638216070744,-0.11374086889657825,0.019930795847750864,-0.044844290657439445,0.029773164167627833,-0.007443291041906958,0.29287197231833906,0.022206843521722412,0.006151480199923107,0.003936947327950788,-0.10340638216070744,0.16633602460592078,-0.08882737408688965,-0.044844290657439445,-0.01574778931180315,-0.004982698961937716,0.0005536332179930795,0.012056901191849288,0.008858131487889272,-0.029773164167627833,-0.07111111111111111,-0.2679584775086506,-0.07111111111111111,-0.024605920799692427,0.09842368319876971,,,,,0.036319613456726074,-0.056210584938526154,0.7885165214538574,0.18814890086650848,-0.1289701610803604,0.1734197735786438,0.5888778567314148,-0.459188312292099,-0.13177159428596497,0.4510556757450104,-0.4318181872367859,-0.22480620443820953,78.5,0.014508984982967377
EXPC-190,132.86262715184546,47.92440175554918,-0.05911572472126105,-0.0629911572472126,0.04822760476739715,-0.2679584775086506,-0.05173394848135333,-0.1085121107266436,-0.2679584775086506,0.2288965782391388,0.04822760476739715,0.07111111111111111,0.07111111111111111,-0.07535563244905807,0.022206843521722412,0.003014225297962322,-0.2069357939254133,0.21413302575932336,0.07111111111111111,-0.14769703960015382,-0.11374086889657825,0.03543252595155709,-0.024605920799692427,0.019930795847750864,-0.0015378700499807767,0.003936947327950788,-0.14173010380622836,-0.024605920799692427,-0.003014225297962322,-0.0271280276816609,0.39369473279507883,-0.13588619761630144,-0.05536332179930796,-0.029773164167627833,-0.05173394848135333,-0.0271280276816609,-0.05911572472126105,0.33685505574778934,0.06698961937716265,-0.010396001537870049,0.012056901191849288,0.05536332179930796,-0.13016532103037293,0.019930795847750864,-0.044844290657439445,0.007443291041906958,-0.017777777777777778,0.28444444444444444,0.10340638216070744,-0.01574778931180315,-0.0271280276816609,-0.13588619761630144,0.17937716262975778,-0.05536332179930796,-0.14173010380622836,0.003936947327950788,0.029773164167627833,0.010396001537870049,0.08882737408688965,0.0271280276816609,-0.007443291041906958,-0.12456747404844293,-0.2519646289888504,-0.13016532103037293,0.01574778931180315,0.08421376393694734,,,,,0.007571083959192038,-0.012111993506550789,0.8377698659896851,0.16552667319774628,-0.05152730643749237,0.14744307100772858,0.5630713105201721,-0.41908714175224304,-0.4304312467575073,0.15620827674865723,-0.11958629637956619,-0.25492340326309204,73.56365203857422,0.014508984982967377
EXPC-191,133.51031247169564,45.886124375881984,-0.06698961937716265,-0.07972318339100345,0.05536332179930796,-0.2519646289888504,-0.03254133025759323,-0.11374086889657825,-0.2599000384467512,0.24415224913494812,0.05173394848135333,0.04822760476739715,0.14769703960015382,-0.16000000000000003,0.03543252595155709,-0.017777777777777778,-0.2364628988850442,0.15378700499807765,0.017777777777777778,-0.13016532103037293,-0.1929104190695886,0.01574778931180315,-0.03844675124951941,0.01384083044982699,-0.06698961937716265,-0.05536332179930796,-0.08882737408688965,0.13588619761630144,0.0629911572472126,0.03543252595155709,0.42377547097270285,-0.13588619761630144,0.05536332179930796,0.017777777777777778,-0.07535563244905807,-0.004982698961937716,-0.05911572472126105,0.3014225297962323,0.04822760476739715,0.022206843521722412,0.0629911572472126,0.029773164167627833,-0.05911572472126105,-0.08882737408688965,-0.03254133025759323,0.07111111111111111,0.03543252595155709,0.24415224913494812,0.11374086889657825,-0.012056901191849288,0.03844675124951941,-0.12456747404844293,0.13588619761630144,-0.03543252595155709,-0.07972318339100345,0.03844675124951941,0.01384083044982699,0.03543252595155709,0.13016532103037293,-0.024605920799692427,-0.008858131487889272,-0.07972318339100345,-0.24415224913494812,-0.044844290657439445,-0.0271280276816609,0.1085121107266436,,,,,0.04464472830295563,-0.06883980333805084,0.5966170430183411,0.2975391447544098,-0.2843224108219147,-0.08957746624946594,0.6832298040390015,-0.5351691842079163,-0.4295094609260559,0.28974980115890503,-0.3519458472728729,-0.35792121291160583,57.8801155090332,0.056132856756448746
EXPC-192,130.89145392390202,44.280655300103575,-0.1085121107266436,-0.07972318339100345,0.10340638216070744,-0.24415224913494812,-0.06698961937716265,-0.11909265667051133,-0.28444444444444444,0.2288965782391388,0.006151480199923107,0.15378700499807765,0.07111111111111111,-0.03844675124951941,0.07972318339100345,-0.004982698961937716,-0.19986159169550174,0.12456747404844293,0.06698961937716265,-0.12456747404844293,-0.12456747404844293,-0.008858131487889272,-0.029773164167627833,-0.0271280276816609,0.008858131487889272,0.004982698961937716,-0.16000000000000003,-0.03254133025759323,-0.03844675124951941,0.007443291041906958,0.3553094963475586,-0.11374086889657825,-0.03844675124951941,-0.022206843521722412,-0.044844290657439445,-0.03844675124951941,-0.0271280276816609,0.3014225297962323,0.044844290657439445,-0.03254133025759323,0.008858131487889272,0.07111111111111111,-0.14173010380622836,0.000984236831987697,-0.05536332179930796,0.024605920799692427,-0.01384083044982699,0.3278123798539023,0.15378700499807765,-0.0629911572472126,-0.017777777777777778,-0.13588619761630144,0.14769703960015382,0.012056901191849288,-0.13588619761630144,0.04822760476739715,0.05911572472126105,-0.007443291041906958,0.044844290657439445,0.029773164167627833,-0.041584006151480196,-0.19986159169550174,-0.28444444444444444,-0.11374086889657825,0.03844675124951941,0.029773164167627833,,,,,0.03178051486611366,-0.0658244714140892,0.6624759435653687,0.2362779676914215,-0.24892908334732056,-0.3726893365383148,0.6706426739692688,-0.5611379146575928,-0.3551698923110962,0.39579349756240845,-0.49820420145988464,-0.4493243098258972,410.1253967285156,0.130340114235878
EXPC-193,130.50688515077044,45.27859374923195,-0.07111111111111111,-0.09842368319876971,0.07972318339100345,-0.2761399461745483,-0.07535563244905807,-0.09842368319876971,-0.3278123798539023,0.1929104190695886,-0.006151480199923107,0.12456747404844293,-0.0005536332179930795,-0.07535563244905807,0.022206843521722412,0.05536332179930796,-0.1929104190695886,0.11374086889657825,-0.017777777777777778,-0.041584006151480196,-0.11909265667051133,0.024605920799692427,-0.07535563244905807,0.03543252595155709,0.006151480199923107,-0.006151480199923107,-0.19986159169550174,0.08882737408688965,-0.012056901191849288,0.006151480199923107,0.3278123798539023,-0.21413302575932336,0.0015378700499807767,-0.11909265667051133,-0.08421376393694734,-0.022206843521722412,-0.000984236831987697,0.3014225297962323,0.13016532103037293,0.041584006151480196,0.07111111111111111,0.10340638216070744,-0.0629911572472126,0.05173394848135333,-0.05173394848135333,-0.0271280276816609,-0.07972318339100345,0.3278123798539023,0.12456747404844293,0.002214532871972318,-0.03844675124951941,-0.09356401384083046,0.17279507881584008,0.04822760476739715,-0.022206843521722412,0.01574778931180315,0.044844290657439445,0.01574778931180315,-0.0015378700499807767,0.04822760476739715,-0.10340638216070744,-0.14173010380622836,-0.2599000384467512,-0.11374086889657825,-0.03254133025759323,-0.008858131487889272,,,,,0.009371810592710972,-0.010809973813593388,0.8062326908111572,0.09133858233690262,-0.19379845261573792,-0.21509434282779694,0.24281609058380127,-0.24311377108097076,-0.30534183979034424,0.31756895780563354,-0.4165923297405243,-0.4256860613822937,368.11749267578125,0.1618894636631012
EXPC-194,131.09420368352778,45.79593352135638,0.006151480199923107,0.000984236831987697,0.012056901191849288,-0.2679584775086506,-0.08421376393694734,-0.01574778931180315,-0.22145328719723184,0.17279507881584008,0.044844290657439445,0.05536332179930796,0.017777777777777778,-0.14769703960015382,-0.0271280276816609,-0.01574778931180315,-0.16633602460592078,0.17937716262975778,0.003014225297962322,-0.13016532103037293,-0.01574778931180315,0.07111111111111111,-0.05911572472126105,0.13588619761630144,0.07972318339100345,0.08882737408688965,-0.17279507881584008,-0.03543252595155709,0.08882737408688965,-0.05536332179930796,0.39369473279507883,-0.21413302575932336,0.022206843521722412,-0.041584006151480196,-0.010396001537870049,-0.05911572472126105,-0.04822760476739715,0.3839138792772011,0.13016532103037293,0.01574778931180315,0.03844675124951941,0.03844675124951941,-0.07111111111111111,0.03844675124951941,-0.006151480199923107,-0.00024605920799692423,0.010396001537870049,0.31009611687812383,0.01384083044982699,0.1085121107266436,0.017777777777777778,-0.05911572472126105,0.186082276047674,-0.09356401384083046,-0.09842368319876971,-0.05911572472126105,0.044844290657439445,-0.07111111111111111,-0.022206843521722412,0.03844675124951941,-0.05911572472126105,-0.08421376393694734,-0.24415224913494812,-0.09842368319876971,-0.05536332179930796,0.08421376393694734,,,,,0.017071908339858055,-0.03043207712471485,0.775098979473114,0.3039731979370117,-0.38168907165527344,-0.3467309772968292,0.6574209332466125,-0.5024260878562927,-0.33957844972610474,-0.10437710583209991,0.012987012974917889,0.766173779964447,174.69000244140625,0.10226807743310928
EXPC-195,132.62628040059363,45.986825519231786,-0.1085121107266436,-0.11909265667051133,0.09842368319876971,-0.2761399461745483,-0.012056901191849288,-0.08882737408688965,-0.3014225297962323,0.2364628988850442,0.008858131487889272,0.08882737408688965,0.022206843521722412,-0.14769703960015382,-0.06698961937716265,0.01384083044982699,-0.2761399461745483,0.16000000000000003,0.05536332179930796,-0.07111111111111111,-0.13588619761630144,0.05173394848135333,-0.04822760476739715,0.05911572472126105,0.019930795847750864,-0.07972318339100345,-0.08421376393694734,0.1085121107266436,0.029773164167627833,0.012056901191849288,0.34602076124567477,-0.186082276047674,-0.004982698961937716,-0.1085121107266436,-0.1085121107266436,-0.008858131487889272,0.007443291041906958,0.34602076124567477,0.10340638216070744,0.05536332179930796,0.007443291041906958,0.041584006151480196,-0.07111111111111111,-0.010396001537870049,-0.08882737408688965,0.06698961937716265,0.05536332179930796,0.2519646289888504,0.14173010380622836,-0.0271280276816609,0.03543252595155709,-0.09356401384083046,0.14173010380622836,-0.012056901191849288,-0.044844290657439445,0.05536332179930796,0.06698961937716265,0.04822760476739715,0.08421376393694734,0.05173394848135333,-0.01574778931180315,-0.09842368319876971,-0.21413302575932336,-0.04822760476739715,-0.07111111111111111,-0.017777777777777778,,,,,0.023073462769389153,-0.06638976186513901,0.7807309031486511,0.38367968797683716,-0.38860630989074707,-0.18091993033885956,0.8302238583564758,-0.6751334071159363,-0.41053447127342224,0.47067320346832275,-0.45179691910743713,-0.07418111711740494,102.22732543945312,0.09055157005786896
EXPC-196,133.67784827218395,46.35037371471496,-0.024605920799692427,-0.010396001537870049,0.029773164167627833,-0.33685505574778934,0.01574778931180315,-0.10340638216070744,-0.22145328719723184,0.186082276047674,0.017777777777777778,0.05173394848135333,-0.0271280276816609,-0.06698961937716265,-0.09842368319876971,0.06698961937716265,-0.22145328719723184,0.21413302575932336,0.008858131487889272,-0.13588619761630144,-0.044844290657439445,0.03543252595155709,-0.03254133025759323,0.03543252595155709,-0.000984236831987697,-0.044844290657439445,-0.044844290657439445,0.05536332179930796,0.06698961937716265,-0.044844290657439445,0.42377547097270285,-0.11374086889657825,0.029773164167627833,-0.05911572472126105,-0.16633602460592078,-0.024605920799692427,-0.0629911572472126,0.34602076124567477,0.1085121107266436,0.07111111111111111,0.08882737408688965,0.017777777777777778,0.03543252595155709,0.041584006151480196,-0.16000000000000003,0.03844675124951941,0.1085121107266436,0.2069357939254133,0.14769703960015382,-0.0629911572472126,0.04822760476739715,-0.0629911572472126,0.17279507881584008,-0.10340638216070744,-0.09356401384083046,-0.019930795847750864,0.017777777777777778,0.024605920799692427,-0.0271280276816609,-0.06698961937716265,0.019930795847750864,-0.17937716262975778,-0.21413302575932336,0.05173394848135333,-0.03543252595155709,0.0271280276816609,,,,,0.01805221475660801,-0.03826945275068283,0.7579948306083679,0.3343873620033264,-0.47810858488082886,-0.5528882145881653,0.7100348472595215,-0.5953928232192993,-0.48928239941596985,0.43440234661102295,-0.5602536797523499,-0.6668001413345337,57.348052978515625,0.010071716271340847
EXPC-197,130.85192805140076,47.90742359667932,-0.05536332179930796,-0.010396001537870049,0.10340638216070744,-0.3014225297962323,-0.07535563244905807,-0.14173010380622836,-0.24415224913494812,0.22145328719723184,0.022206843521722412,0.05173394848135333,0.04822760476739715,-0.0629911572472126,-0.002214532871972318,0.05536332179930796,-0.1929104190695886,0.1929104190695886,0.017777777777777778,-0.2069357939254133,-0.10340638216070744,0.003936947327950788,-0.0629911572472126,-0.022206843521722412,-0.006151480199923107,0.004982698961937716,-0.05173394848135333,0.044844290657439445,0.03844675124951941,-0.01384083044982699,0.39369473279507883,-0.13016532103037293,-0.01384083044982699,-0.03254133025759323,-0.12456747404844293,0.0015378700499807767,-0.04822760476739715,0.3553094963475586,0.09356401384083046,0.03844675124951941,0.044844290657439445,0.010396001537870049,-0.003936947327950788,0.06698961937716265,-0.13588619761630144,0.008858131487889272,0.05911572472126105,0.2288965782391388,0.14173010380622836,-0.04822760476739715,0.03844675124951941,-0.07111111111111111,0.16000000000000003,-0.06698961937716265,-0.12456747404844293,0.003936947327950788,0.022206843521722412,0.03844675124951941,0.05536332179930796,-0.0629911572472126,-0.044844290657439445,-0.17279507881584008,-0.28444444444444444,-0.017777777777777778,0.003936947327950788,0.03543252595155709,,,,,0.0028216366190463305,-0.02152641862630844,0.8306636214256287,0.37753379344940186,-0.42538779973983765,-0.2156277894973755,0.7281067371368408,-0.5808748602867126,-0.35397884249687195,0.14803968369960785,-0.15119363367557526,0.32603225111961365,90.43708038330078,0.16319327056407928
EXPC-198,134.57472625184886,48.350921852449126,-0.03844675124951941,-0.05173394848135333,0.04822760476739715,-0.2364628988850442,-0.022206843521722412,-0.07111111111111111,-0.3014225297962323,0.2364628988850442,-0.0015378700499807767,0.04822760476739715,0.08421376393694734,-0.07111111111111111,-0.06698961937716265,-0.007443291041906958,-0.2288965782391388,0.1929104190695886,0.05536332179930796,-0.09356401384083046,-0.14769703960015382,0.09842368319876971,0.041584006151480196,-0.05536332179930796,0.044844290657439445,-0.07972318339100345,-0.044844290657439445,0.13588619761630144,0.11374086889657825,-0.03844675124951941,0.40359861591695495,-0.09842368319876971,0.017777777777777778,-0.01384083044982699,-0.03844675124951941,0.022206843521722412,-0.05173394848135333,0.3278123798539023,0.14173010380622836,-0.03844675124951941,0.05536332179930796,0.007443291041906958,-0.06698961937716265,-0.03844675124951941,-0.10340638216070744,0.09842368319876971,0.041584006151480196,0.22145328719723184,0.186082276047674,-0.05173394848135333,-0.017777777777777778,-0.07535563244905807,0.17937716262975778,-0.13016532103037293,-0.10340638216070744,-0.0015378700499807767,0.06698961937716265,0.004982698961937716,0.041584006151480196,-0.024605920799692427,0.017777777777777778,-0.16633602460592078,-0.2364628988850442,-0.03254133025759323,-0.010396001537870049,-0.007443291041906958,,,,,0.025089606642723083,-0.027544910088181496,0.7046886086463928,0.31390729546546936,-0.40966302156448364,-0.4486158490180969,0.7585103511810303,-0.6264801025390625,-0.4613892138004303,0.47317659854888916,-0.5077112913131714,-0.5646480917930603,38.46254348754883,0.04811146482825279
EXPC-199,132.68278443196473,46.60881902195614,-0.024605920799692427,-0.04822760476739715,0.029773164167627833,-0.3188927335640138,0.05173394848135333,0.008858131487889272,-0.2364628988850442,0.14173010380622836,-0.03844675124951941,0.06698961937716265,0.007443291041906958,-0.16000000000000003,-0.07111111111111111,0.07111111111111111,-0.2761399461745483,0.22145328719723184,0.041584006151480196,-0.044844290657439445,-0.03254133025759323,0.05536332179930796,-0.04822760476739715,0.07111111111111111,0.03254133025759323,-0.04822760476739715,-0.13016532103037293,0.03254133025759323,0.11374086889657825,-0.03844675124951941,0.3839138792772011,-0.14769703960015382,0.019930795847750864,-0.1085121107266436,-0.11909265667051133,-0.017777777777777778,-0.07111111111111111,0.3553094963475586,0.09356401384083046,0.03844675124951941,0.044844290657439445,0.09356401384083046,-0.041584006151480196,-0.01384083044982699,-0.0629911572472126,-0.008858131487889272,-0.000984236831987697,0.2679584775086506,0.05173394848135333,0.012056901191849288,0.004982698961937716,-0.10340638216070744,0.2288965782391388,-0.12456747404844293,-0.041584006151480196,-0.04822760476739715,-0.012056901191849288,-0.024605920799692427,-0.07535563244905807,-0.004982698961937716,0.05536332179930796,-0.14173010380622836,-0.2069357939254133,-0.06698961937716265,-0.07535563244905807,0.0271280276816609,,,,,0.02193746715784073,-0.04669659212231636,0.8095664978027344,0.08169596642255783,-0.18773655593395233,-0.26894906163215637,0.30261969566345215,-0.261592298746109,-0.39757317304611206,0.40188679099082947,-0.4616393446922302,-0.3544328808784485,57.9987907409668,0.06488724052906036
EXPC-200,132.87664087027773,45.6104314151857,-0.09842368319876971,-0.21413302575932336,-0.09842368319876971,-0.17279507881584008,-0.029773164167627833,-0.007443291041906958,-0.15378700499807765,0.13588619761630144,-0.017777777777777778,0.11374086889657825,0.004982698961937716,-0.12456747404844293,-0.029773164167627833,-0.044844290657439445,-0.17937716262975778,0.28444444444444444,0.041584006151480196,-0.186082276047674,-0.022206843521722412,0.07111111111111111,-0.08882737408688965,0.07111111111111111,-0.041584006151480196,-0.004982698961937716,-0.21413302575932336,0.03844675124951941,0.09356401384083046,-0.05911572472126105,0.29287197231833906,-0.2364628988850442,-0.10340638216070744,0.0271280276816609,-0.07972318339100345,-0.05536332179930796,-0.03254133025759323,0.2679584775086506,0.09842368319876971,-0.11909265667051133,0.019930795847750864,0.2288965782391388,-0.08421376393694734,0.0629911572472126,0.029773164167627833,-0.05911572472126105,-0.022206843521722412,0.3014225297962323,-0.03254133025759323,0.08882737408688965,-0.07535563244905807,-0.16633602460592078,0.186082276047674,-0.0629911572472126,-0.10340638216070744,-0.06698961937716265,0.004982698961937716,-0.03254133025759323,0.0271280276816609,0.08882737408688965,0.002214532871972318,-0.024605920799692427,-0.17937716262975778,-0.15378700499807765,-0.007443291041906958,0.16633602460592078,,,,,0.02248590998351574,-0.020065108314156532,0.8213421106338501,-0.10539846122264862,0.13463588058948517,0.5649191737174988,0.13768115639686584,-0.029026217758655548,0.49639248847961426,-0.0015455950051546097,0.11060119420289993,0.43790850043296814,73.18256378173828,0.09055157005786896
EXPC-201,130.49215278011087,45.69029164394393,-0.044844290657439445,-0.186082276047674,0.14173010380622836,-0.3188927335640138,-0.13588619761630144,-0.06698961937716265,-0.2761399461745483,0.21413302575932336,0.024605920799692427,0.16633602460592078,0.029773164167627833,-0.04822760476739715,0.10340638216070744,0.024605920799692427,-0.14173010380622836,0.2069357939254133,0.15378700499807765,-0.08421376393694734,-0.1085121107266436,-0.13016532103037293,-0.022206843521722412,0.0271280276816609,-0.044844290657439445,-0.0271280276816609,-0.186082276047674,0.03844675124951941,-0.024605920799692427,0.003014225297962322,0.3188927335640138,0.03254133025759323,-0.0629911572472126,-0.04822760476739715,-0.07111111111111111,-0.1085121107266436,-0.08421376393694734,0.17937716262975778,-0.03254133025759323,-0.03254133025759323,0.05536332179930796,0.15378700499807765,-0.10340638216070744,0.05536332179930796,-0.03254133025759323,-0.017777777777777778,-0.07535563244905807,0.28444444444444444,0.0629911572472126,0.08882737408688965,0.01384083044982699,-0.2679584775086506,0.21413302575932336,-0.029773164167627833,-0.08882737408688965,-0.05911572472126105,0.03543252595155709,-0.0629911572472126,0.010396001537870049,0.022206843521722412,-0.003014225297962322,-0.006151480199923107,-0.14173010380622836,-0.15378700499807765,0.044844290657439445,-0.010396001537870049,,,,,0.007932573556900024,-0.03745074197649956,0.7601742148399353,-0.12773846089839935,0.189223051071167,0.3528153896331787,0.06229810789227486,0.10636646300554276,0.09615384787321091,-0.004640371073037386,0.1359516680240631,-0.1675276756286621,324.06085205078125,0.1618894636631012
EXPC-202,132.3884963448872,46.42843731290494,-0.041584006151480196,-0.09842368319876971,-0.05911572472126105,-0.22145328719723184,-0.029773164167627833,0.01574778931180315,-0.17937716262975778,0.16633602460592078,-0.029773164167627833,0.10340638216070744,0.05911572472126105,-0.16000000000000003,0.003936947327950788,-0.024605920799692427,-0.2288965782391388,0.19986159169550174,0.04822760476739715,-0.13588619761630144,-0.008858131487889272,0.08421376393694734,-0.11374086889657825,0.09842368319876971,0.003936947327950788,0.041584006151480196,-0.22145328719723184,0.03844675124951941,0.09842368319876971,-0.07111111111111111,0.31009611687812383,-0.2069357939254133,-0.05911572472126105,0.019930795847750864,-0.01384083044982699,-0.04822760476739715,-0.022206843521722412,0.2761399461745483,0.08882737408688965,-0.10340638216070744,0.01384083044982699,0.12456747404844293,-0.1085121107266436,0.017777777777777778,0.07972318339100345,-0.08882737408688965,-0.04822760476739715,0.3188927335640138,-0.05173394848135333,0.09356401384083046,-0.07111111111111111,-0.12456747404844293,0.22145328719723184,-0.07535563244905807,-0.12456747404844293,-0.07111111111111111,0.044844290657439445,-0.07972318339100345,0.01574778931180315,0.05911572472126105,0.004982698961937716,-0.1085121107266436,-0.19986159169550174,-0.2069357939254133,-0.05173394848135333,0.13016532103037293,,,,,0.0069808028638362885,0.008022923022508621,0.8280072808265686,-0.21710793673992157,0.19547927379608154,0.5289078950881958,0.02060064487159252,0.06545454263687134,0.5694676637649536,0.059310343116521835,0.014120667241513729,0.6492692828178406,64.5,0.06488724052906036
EXPC-203,132.7966009784627,46.765664870563405,-0.022206843521722412,-0.08882737408688965,-0.05911572472126105,-0.21413302575932336,-0.004982698961937716,-0.01574778931180315,-0.2069357939254133,0.13016532103037293,-0.022206843521722412,0.09842368319876971,-0.010396001537870049,-0.14173010380622836,-0.044844290657439445,-0.01384083044982699,-0.2288965782391388,0.2679584775086506,0.029773164167627833,-0.07111111111111111,-0.007443291041906958,0.09842368319876971,-0.05173394848135333,0.13016532103037293,0.000984236831987697,0.03543252595155709,-0.1929104190695886,-0.004982698961937716,0.09356401384083046,-0.11374086889657825,0.3553094963475586,-0.2288965782391388,-0.05911572472126105,0.004982698961937716,-0.06698961937716265,-0.03844675124951941,-0.0629911572472126,0.3188927335640138,0.14173010380622836,-0.01384083044982699,0.022206843521722412,0.08421376393694734,-0.10340638216070744,0.007443291041906958,0.004982698961937716,-0.0271280276816609,-0.017777777777777778,0.31009611687812383,-0.03844675124951941,0.0629911572472126,-0.04822760476739715,-0.1085121107266436,0.2599000384467512,-0.09842368319876971,-0.06698961937716265,-0.024605920799692427,-0.024605920799692427,-0.03844675124951941,-0.03254133025759323,0.03543252595155709,0.004982698961937716,-0.07972318339100345,-0.19986159169550174,-0.13016532103037293,-0.0629911572472126,0.15378700499807765,,,,,0.013877184130251408,-0.02732551470398903,0.8381925821304321,-0.20889748632907867,0.20813165605068207,0.5503105521202087,0.028325123712420464,0.04897494241595268,0.17324841022491455,0.050267379730939865,-0.08269018679857254,-0.07658157497644424,55.574806213378906,0.06488724052906036
EXPC-204,131.2790769689996,45.28039037980019,-0.05911572472126105,-0.14173010380622836,-0.01574778931180315,-0.2069357939254133,-0.05173394848135333,0.002214532871972318,-0.186082276047674,0.16633602460592078,0.006151480199923107,0.07535563244905807,0.05173394848135333,-0.1085121107266436,0.05173394848135333,0.01574778931180315,-0.13016532103037293,0.19986159169550174,-0.0015378700499807767,-0.22145328719723184,-0.01574778931180315,-0.003014225297962322,-0.14769703960015382,0.044844290657439445,-0.041584006151480196,-0.017777777777777778,-0.24415224913494812,-0.019930795847750864,0.13016532103037293,-0.08882737408688965,0.2761399461745483,-0.2069357939254133,-0.0271280276816609,0.03844675124951941,-0.07972318339100345,-0.04822760476739715,-0.06698961937716265,0.31009611687812383,0.03844675124951941,-0.09842368319876971,0.04822760476739715,0.21413302575932336,-0.03844675124951941,0.11909265667051133,0.08882737408688965,-0.08421376393694734,-0.03543252595155709,0.31009611687812383,-0.05173394848135333,0.08882737408688965,-0.08882737408688965,-0.2364628988850442,0.15378700499807765,-0.03543252595155709,-0.13588619761630144,-0.04822760476739715,-0.003936947327950788,-0.11909265667051133,0.019930795847750864,0.03543252595155709,0.003936947327950788,-0.09356401384083046,-0.16633602460592078,-0.16633602460592078,-0.007443291041906958,0.11374086889657825,,,,,0.009432194754481316,-0.02700985036790371,0.8333133459091187,-0.014907210133969784,-0.06618373095989227,0.33208078145980835,0.12570355832576752,-0.1916583925485611,0.4095238149166107,0.0749601274728775,-0.156089186668396,0.2834782600402832,160.5,0.10226807743310928
EXPC-205,132.19508906421626,46.63424134449672,0.006151480199923107,-0.08882737408688965,-0.03254133025759323,-0.2364628988850442,-0.010396001537870049,0.03543252595155709,-0.14173010380622836,0.17937716262975778,-0.0629911572472126,0.10340638216070744,0.0629911572472126,-0.14769703960015382,-0.0005536332179930795,-0.022206843521722412,-0.2288965782391388,0.2069357939254133,0.0629911572472126,-0.19986159169550174,0.012056901191849288,0.07111111111111111,-0.09356401384083046,0.07111111111111111,-0.002214532871972318,0.03844675124951941,-0.1929104190695886,0.017777777777777778,0.09842368319876971,-0.08882737408688965,0.29287197231833906,-0.2069357939254133,-0.044844290657439445,0.03543252595155709,0.008858131487889272,-0.041584006151480196,-0.017777777777777778,0.2599000384467512,0.09356401384083046,-0.09356401384083046,-0.003936947327950788,0.16000000000000003,-0.08882737408688965,0.03543252595155709,0.0629911572472126,-0.09356401384083046,-0.04822760476739715,0.31009611687812383,-0.07972318339100345,0.09842368319876971,-0.05536332179930796,-0.14769703960015382,0.2069357939254133,-0.07535563244905807,-0.13588619761630144,-0.07535563244905807,0.022206843521722412,-0.09356401384083046,6.151480199923106e-05,0.04822760476739715,0.01384083044982699,-0.08882737408688965,-0.22145328719723184,-0.21413302575932336,-0.07535563244905807,0.16633602460592078,,,,,0.00036923078005202115,-0.005318491254001856,0.817606508731842,-0.28856539726257324,0.33958151936531067,0.8294389247894287,-0.07360594719648361,0.009538950398564339,0.446469247341156,-0.2443285584449768,0.18481013178825378,0.7191836833953857,62.6314697265625,0.06488724052906036
EXPC-206,131.62897077216414,45.17941974186516,-0.06698961937716265,-0.17937716262975778,-0.05536332179930796,-0.16633602460592078,-0.03254133025759323,0.019930795847750864,-0.15378700499807765,0.15378700499807765,-0.022206843521722412,0.09842368319876971,0.041584006151480196,-0.14769703960015382,0.0271280276816609,-0.03543252595155709,-0.14173010380622836,0.2519646289888504,0.041584006151480196,-0.1929104190695886,0.012056901191849288,0.03844675124951941,-0.10340638216070744,0.07111111111111111,-0.003936947327950788,0.029773164167627833,-0.21413302575932336,-0.029773164167627833,0.11374086889657825,-0.11909265667051133,0.28444444444444444,-0.17937716262975778,-0.10340638216070744,0.08882737408688965,-0.05536332179930796,-0.07972318339100345,-0.05536332179930796,0.2679584775086506,0.07111111111111111,-0.13588619761630144,0.017777777777777778,0.186082276047674,-0.07111111111111111,0.08421376393694734,0.09356401384083046,-0.04822760476739715,-0.017777777777777778,0.3014225297962323,-0.08421376393694734,0.1085121107266436,-0.08421376393694734,-0.22145328719723184,0.16000000000000003,-0.05173394848135333,-0.14173010380622836,-0.024605920799692427,0.01384083044982699,-0.09842368319876971,0.003936947327950788,0.0629911572472126,0.044844290657439445,-0.022206843521722412,-0.19986159169550174,-0.1929104190695886,0.008858131487889272,0.14173010380622836,,,,,-0.00671785045415163,-0.0038797284942120314,0.8539997935295105,-0.1666666716337204,0.16548797488212585,0.41337907314300537,0.004032257944345474,0.04597701132297516,0.3247068226337433,-0.027147307991981506,0.06180257350206375,0.4408852756023407,193.49014282226562,0.10226807743310928
EXPC-207,130.608843935518,48.76576385065552,-0.07535563244905807,-0.13016532103037293,0.09842368319876971,-0.2519646289888504,-0.05173394848135333,-0.0629911572472126,-0.2519646289888504,0.2599000384467512,0.03844675124951941,0.05536332179930796,0.0629911572472126,-0.14769703960015382,0.029773164167627833,0.03254133025759323,-0.2288965782391388,0.2599000384467512,0.12456747404844293,-0.13588619761630144,-0.11374086889657825,-0.0271280276816609,-0.019930795847750864,0.0629911572472126,-0.010396001537870049,-0.044844290657439445,-0.16633602460592078,0.05536332179930796,0.08421376393694734,0.0271280276816609,0.3278123798539023,-0.22145328719723184,0.01574778931180315,0.05536332179930796,-0.06698961937716265,-0.022206843521722412,-0.07972318339100345,0.2679584775086506,0.07535563244905807,-0.0005536332179930795,-0.022206843521722412,0.08421376393694734,-0.03543252595155709,-0.041584006151480196,-0.01384083044982699,0.06698961937716265,0.022206843521722412,0.2761399461745483,-0.03844675124951941,0.04822760476739715,-0.05536332179930796,-0.2069357939254133,0.13588619761630144,-0.041584006151480196,-0.05911572472126105,0.03543252595155709,0.003936947327950788,0.07111111111111111,0.07535563244905807,0.01384083044982699,0.022206843521722412,-0.03254133025759323,-0.2679584775086506,-0.05173394848135333,0.010396001537870049,0.14769703960015382,,,,,0.0034947579260915518,-0.02056359499692917,0.8176678419113159,-0.09861519187688828,0.11092714965343475,0.7417261600494385,0.13895216584205627,-0.18577075004577637,-0.32236841320991516,0.11320754885673523,-0.18831822276115417,-0.35261043906211853,80.97373962402344,0.0640474185347557
EXPC-208,130.7665880994094,47.99599748369351,-0.03844675124951941,-0.15378700499807765,0.08421376393694734,-0.2761399461745483,-0.044844290657439445,-0.029773164167627833,-0.24415224913494812,0.16000000000000003,0.002214532871972318,0.06698961937716265,0.09842368319876971,-0.11374086889657825,0.019930795847750864,-0.01384083044982699,-0.2679584775086506,0.2364628988850442,0.08882737408688965,-0.15378700499807765,-0.1085121107266436,-0.0005536332179930795,0.007443291041906958,0.09356401384083046,0.0271280276816609,0.05173394848135333,-0.19986159169550174,0.012056901191849288,0.019930795847750864,-0.0271280276816609,0.34602076124567477,-0.1929104190695886,-0.017777777777777778,0.08882737408688965,-0.0271280276816609,-0.05911572472126105,-0.09356401384083046,0.2519646289888504,0.08421376393694734,-0.017777777777777778,0.029773164167627833,0.14769703960015382,-0.0629911572472126,-0.05536332179930796,0.03543252595155709,0.07111111111111111,-0.010396001537870049,0.29287197231833906,-0.024605920799692427,0.010396001537870049,-0.03543252595155709,-0.2288965782391388,0.16000000000000003,0.002214532871972318,-0.010396001537870049,-0.000984236831987697,-0.0629911572472126,0.003014225297962322,0.0271280276816609,-0.000984236831987697,0.01574778931180315,-0.017777777777777778,-0.2599000384467512,-0.07972318339100345,-0.017777777777777778,0.13588619761630144,,,,,-0.0111654382199049,-0.015437649562954903,0.8428952097892761,-0.0706840381026268,0.03987884894013405,0.8168455362319946,0.09239130467176437,-0.0973612368106842,0.018480492755770683,0.19496309757232666,-0.23796671628952026,0.03041362576186657,65.0,0.16319327056407928
EXPC-209,130.32668310477607,48.54100536656882,-0.05911572472126105,-0.11909265667051133,0.029773164167627833,-0.3014225297962323,-0.05536332179930796,-0.09842368319876971,-0.21413302575932336,0.14173010380622836,0.019930795847750864,0.09842368319876971,0.024605920799692427,-0.05536332179930796,0.029773164167627833,-0.006151480199923107,-0.22145328719723184,0.21413302575932336,0.08882737408688965,-0.16633602460592078,-0.08421376393694734,0.012056901191849288,-0.06698961937716265,0.07535563244905807,-0.0271280276816609,-0.022206843521722412,-0.2069357939254133,-0.01574778931180315,0.0271280276816609,0.03844675124951941,0.37425605536332185,-0.21413302575932336,-0.012056901191849288,-0.029773164167627833,-0.06698961937716265,-0.05173394848135333,-0.03254133025759323,0.3014225297962323,0.05536332179930796,-0.06698961937716265,0.04822760476739715,0.14173010380622836,-0.07972318339100345,0.0271280276816609,-0.008858131487889272,0.007443291041906958,0.0271280276816609,0.3014225297962323,0.041584006151480196,0.000984236831987697,-0.07535563244905807,-0.14769703960015382,0.15378700499807765,-0.04822760476739715,-0.12456747404844293,-0.019930795847750864,-0.004982698961937716,-0.000984236831987697,0.003014225297962322,-0.006151480199923107,-0.012056901191849288,-0.17937716262975778,-0.24415224913494812,-0.12456747404844293,-0.006151480199923107,0.12456747404844293,,,,,-0.0017667844658717513,-0.00802854634821415,0.7770675420761108,-0.18021202087402344,0.2230408638715744,0.5293132066726685,0.17624148726463318,-0.04048234224319458,0.06807287037372589,-0.16778524219989777,0.16404494643211365,0.060388945043087006,110.40733337402344,0.0640474185347557
EXPC-210,133.18368503438978,46.14160524268558,-0.05173394848135333,-0.11909265667051133,-0.006151480199923107,-0.28444444444444444,-0.0271280276816609,-0.08882737408688965,-0.2599000384467512,0.13588619761630144,0.01574778931180315,0.07535563244905807,0.03543252595155709,-0.1085121107266436,0.004982698961937716,-0.024605920799692427,-0.24415224913494812,0.2069357939254133,0.04822760476739715,-0.16000000000000003,-0.09356401384083046,0.0629911572472126,-0.03543252595155709,0.07535563244905807,-0.07111111111111111,-0.0271280276816609,-0.186082276047674,0.03844675124951941,0.08421376393694734,-0.017777777777777778,0.41362552864282975,-0.17279507881584008,0.004982698961937716,-0.002214532871972318,-0.05911572472126105,-0.029773164167627833,-0.041584006151480196,0.3278123798539023,0.08421376393694734,-0.019930795847750864,0.044844290657439445,0.07111111111111111,-0.09356401384083046,-0.01384083044982699,-0.024605920799692427,0.017777777777777778,0.05536332179930796,0.3014225297962323,0.06698961937716265,0.007443291041906958,-0.05911572472126105,-0.1085121107266436,0.16633602460592078,-0.0629911572472126,-0.11909265667051133,-0.012056901191849288,-0.004982698961937716,0.006151480199923107,0.044844290657439445,-0.007443291041906958,0.04822760476739715,-0.16000000000000003,-0.186082276047674,-0.09842368319876971,-0.03543252595155709,0.11374086889657825,,,,,0.0033802089747041464,-0.019639719277620316,0.8245168924331665,0.0714285746216774,0.034593723714351654,0.1502683311700821,0.22284123301506042,0.024444444105029106,0.052511416375637054,-0.23948219418525696,0.403553307056427,0.3151010572910309,65.0,0.010071716271340847
EXPC-211,130.6440578946555,47.547917819974685,-0.01574778931180315,-0.12456747404844293,-0.017777777777777778,-0.1929104190695886,-0.024605920799692427,0.00024605920799692423,-0.186082276047674,0.1929104190695886,-0.004982698961937716,0.08882737408688965,0.03254133025759323,-0.11374086889657825,0.006151480199923107,-0.006151480199923107,-0.16633602460592078,0.24415224913494812,0.08882737408688965,-0.12456747404844293,-0.07972318339100345,0.06698961937716265,-0.03254133025759323,0.07535563244905807,0.017777777777777778,0.010396001537870049,-0.2069357939254133,0.003936947327950788,0.1085121107266436,-0.10340638216070744,0.37425605536332185,-0.1929104190695886,-0.0629911572472126,0.11909265667051133,-0.05173394848135333,-0.06698961937716265,-0.08421376393694734,0.3014225297962323,0.10340638216070744,-0.10340638216070744,0.010396001537870049,0.12456747404844293,-0.07972318339100345,-0.000984236831987697,0.05536332179930796,-0.004982698961937716,-0.01574778931180315,0.29287197231833906,-0.044844290657439445,0.05536332179930796,-0.11909265667051133,-0.17937716262975778,0.17279507881584008,-0.0629911572472126,-0.1085121107266436,0.01384083044982699,0.002214532871972318,-0.041584006151480196,-0.03254133025759323,0.0271280276816609,0.03844675124951941,-0.08882737408688965,-0.2364628988850442,-0.16633602460592078,-0.05173394848135333,0.17279507881584008,,,,,0.006642111111432314,-0.02606554888188839,0.8374361395835876,-0.17291414737701416,0.2697508931159973,0.3760123550891876,0.10489510744810104,0.1270718276500702,0.2605561316013336,0.1930333822965622,-0.07732634246349335,0.2639138102531433,96.0,0.16319327056407928
EXPC-212,130.03437131132358,47.80977672529553,-0.07972318339100345,-0.09842368319876971,0.01574778931180315,-0.31009611687812383,-0.03254133025759323,-0.09356401384083046,-0.21413302575932336,0.16000000000000003,0.024605920799692427,0.10340638216070744,0.024605920799692427,-0.08882737408688965,0.05173394848135333,-0.010396001537870049,-0.2364628988850442,0.21413302575932336,0.09356401384083046,-0.14173010380622836,-0.10340638216070744,0.017777777777777778,-0.07111111111111111,0.0629911572472126,-0.000984236831987697,-0.03254133025759323,-0.19986159169550174,-0.05536332179930796,0.008858131487889272,0.01384083044982699,0.36472126105344094,-0.21413302575932336,0.000984236831987697,-0.017777777777777778,-0.029773164167627833,-0.07535563244905807,-0.017777777777777778,0.29287197231833906,0.05911572472126105,-0.022206843521722412,0.024605920799692427,0.09842368319876971,-0.07111111111111111,0.019930795847750864,-0.03543252595155709,0.03543252595155709,0.03844675124951941,0.31009611687812383,0.03844675124951941,-0.017777777777777778,-0.07535563244905807,-0.11909265667051133,0.15378700499807765,-0.03543252595155709,-0.14769703960015382,0.019930795847750864,0.0271280276816609,0.01574778931180315,0.017777777777777778,-0.022206843521722412,-0.003014225297962322,-0.17279507881584008,-0.2679584775086506,-0.11374086889657825,0.000984236831987697,0.1085121107266436,,,,,0.0008460714016109705,-0.01982872560620308,0.8278670907020569,0.013927577063441277,0.02846975065767765,0.5389394164085388,0.13840623199939728,0.01656314730644226,0.1739390343427658,0.017612524330615997,0.0861159935593605,0.0,215.7945556640625,0.16319327056407928
EXPC-213,134.30047059560718,48.2191390002688,-0.0271280276816609,-0.041584006151480196,0.044844290657439445,-0.34602076124567477,0.007443291041906958,-0.044844290657439445,-0.2761399461745483,0.13588619761630144,0.019930795847750864,0.05536332179930796,0.029773164167627833,-0.05536332179930796,-0.0271280276816609,0.044844290657439445,-0.22145328719723184,0.186082276047674,0.017777777777777778,-0.0629911572472126,-0.06698961937716265,0.05173394848135333,-0.041584006151480196,0.06698961937716265,0.041584006151480196,-0.07535563244905807,-0.17279507881584008,0.1085121107266436,0.11909265667051133,-0.004982698961937716,0.37425605536332185,-0.17937716262975778,0.041584006151480196,-0.0629911572472126,-0.10340638216070744,-0.024605920799692427,-0.03254133025759323,0.33685505574778934,0.05173394848135333,0.05173394848135333,0.10340638216070744,0.09356401384083046,-0.006151480199923107,0.006151480199923107,-0.04822760476739715,-0.003936947327950788,-0.000984236831987697,0.3014225297962323,0.1085121107266436,0.03254133025759323,0.017777777777777778,-0.11374086889657825,0.2069357939254133,-0.07535563244905807,-0.06698961937716265,-0.041584006151480196,0.003936947327950788,-0.01574778931180315,-0.0271280276816609,-0.01384083044982699,0.003014225297962322,-0.21413302575932336,-0.21413302575932336,-0.05173394848135333,-0.044844290657439445,0.05536332179930796,,,,,0.025592416524887085,-0.0413859486579895,0.7634170651435852,0.12191780656576157,-0.21784386038780212,-0.2704576849937439,0.09842845052480698,-0.16516779363155365,-0.31075698137283325,-0.1505882292985916,0.20000000298023224,-0.27727729082107544,39.91326904296875,0.04811146482825279
EXPC-214,132.33980765648792,47.61726775990872,-0.041584006151480196,-0.09356401384083046,-0.041584006151480196,-0.2679584775086506,-0.022206843521722412,-0.029773164167627833,-0.186082276047674,0.19986159169550174,-0.01574778931180315,0.07111111111111111,0.008858131487889272,-0.1085121107266436,0.004982698961937716,0.012056901191849288,-0.1929104190695886,0.2288965782391388,0.0271280276816609,-0.11374086889657825,-0.04822760476739715,0.05173394848135333,-0.07111111111111111,0.07535563244905807,0.004982698961937716,0.01574778931180315,-0.2069357939254133,0.029773164167627833,0.13016532103037293,-0.05536332179930796,0.34602076124567477,-0.2364628988850442,-0.04822760476739715,-0.004982698961937716,-0.06698961937716265,-0.03543252595155709,-0.017777777777777778,0.31009611687812383,0.07111111111111111,-0.05536332179930796,0.044844290657439445,0.12456747404844293,-0.07111111111111111,0.03844675124951941,0.04822760476739715,-0.05173394848135333,-0.029773164167627833,0.3188927335640138,-0.012056901191849288,0.09356401384083046,-0.07111111111111111,-0.13588619761630144,0.19986159169550174,-0.06698961937716265,-0.11374086889657825,-0.029773164167627833,0.007443291041906958,-0.07535563244905807,-0.019930795847750864,0.01574778931180315,0.012056901191849288,-0.12456747404844293,-0.2364628988850442,-0.16000000000000003,-0.06698961937716265,0.13588619761630144,,,,,0.0036428305320441723,-0.02026534453034401,0.8351630568504333,-0.00171291537117213,0.018855219706892967,0.20318090915679932,0.31468531489372253,-0.06214689090847969,0.39349421858787537,-0.10551558434963226,0.270772248506546,0.4207650125026703,51.69990539550781,0.014508984982967377
EXPC-215,130.7944358732171,46.348217758033066,-0.05536332179930796,-0.1085121107266436,0.07111111111111111,-0.31009611687812383,-0.04822760476739715,-0.06698961937716265,-0.21413302575932336,0.1929104190695886,0.006151480199923107,0.13588619761630144,0.024605920799692427,-0.07111111111111111,0.06698961937716265,0.024605920799692427,-0.19986159169550174,0.186082276047674,0.09842368319876971,-0.13588619761630144,-0.09842368319876971,0.0271280276816609,-0.07111111111111111,0.07972318339100345,-0.012056901191849288,-0.010396001537870049,-0.19986159169550174,-0.08421376393694734,-0.0015378700499807767,0.017777777777777778,0.36472126105344094,-0.1929104190695886,0.002214532871972318,-0.017777777777777778,-0.017777777777777778,-0.06698961937716265,-0.08882737408688965,0.2599000384467512,-0.006151480199923107,-0.044844290657439445,0.008858131487889272,0.16000000000000003,-0.08882737408688965,0.05173394848135333,-0.0005536332179930795,-0.004982698961937716,0.012056901191849288,0.3188927335640138,0.024605920799692427,0.010396001537870049,-0.08882737408688965,-0.15378700499807765,0.17279507881584008,-0.029773164167627833,-0.10340638216070744,-0.017777777777777778,-0.010396001537870049,0.029773164167627833,0.019930795847750864,0.019930795847750864,-0.022206843521722412,-0.13588619761630144,-0.2761399461745483,-0.14173010380622836,-0.008858131487889272,0.1085121107266436,,,,,0.004801589529961348,-0.030742229893803596,0.7968093752861023,-0.0915178582072258,0.14585518836975098,0.2900177240371704,0.13299232721328735,0.004494382068514824,0.2521008551120758,-0.077625572681427,0.1014234870672226,0.14206641912460327,185.25201416015625,0.0630452111363411
EXPC-216,131.71997011044544,47.704763668581954,-0.03543252595155709,-0.10340638216070744,-0.044844290657439445,-0.16633602460592078,0.007443291041906958,0.04822760476739715,-0.17279507881584008,0.13588619761630144,-0.03844675124951941,0.10340638216070744,-0.002214532871972318,-0.15378700499807765,-0.006151480199923107,0.010396001537870049,-0.2288965782391388,0.2679584775086506,0.1085121107266436,-0.14173010380622836,-0.03254133025759323,0.10340638216070744,-0.041584006151480196,0.07972318339100345,0.006151480199923107,0.01574778931180315,-0.19986159169550174,0.022206843521722412,0.14173010380622836,-0.13588619761630144,0.33685505574778934,-0.2069357939254133,-0.0629911572472126,0.14173010380622836,-0.0271280276816609,-0.09356401384083046,-0.05536332179930796,0.2599000384467512,0.11909265667051133,-0.06698961937716265,-0.003014225297962322,0.12456747404844293,-0.09356401384083046,-0.041584006151480196,0.029773164167627833,-0.041584006151480196,-0.003014225297962322,0.2679584775086506,-0.06698961937716265,0.09842368319876971,-0.08421376393694734,-0.1929104190695886,0.22145328719723184,-0.09356401384083046,-0.08421376393694734,-0.007443291041906958,-0.010396001537870049,-0.044844290657439445,-0.008858131487889272,0.03254133025759323,0.05173394848135333,-0.03844675124951941,-0.2069357939254133,-0.17937716262975778,-0.03254133025759323,0.186082276047674,,,,,0.004932423122227192,-0.024052251130342484,0.8436779379844666,-0.16271516680717468,0.21807703375816345,0.8545370697975159,-0.14765100181102753,0.0879712775349617,-0.08940646052360535,0.14421364665031433,-0.28576192259788513,0.06939590722322464,53.0,0.07704101502895355
EXPC-217,132.79031277147385,46.11708123542911,-0.05536332179930796,-0.2069357939254133,-0.029773164167627833,-0.2069357939254133,-0.0271280276816609,-0.019930795847750864,-0.13016532103037293,0.15378700499807765,-0.041584006151480196,0.08882737408688965,0.019930795847750864,-0.13016532103037293,0.0629911572472126,-0.0629911572472126,-0.15378700499807765,0.24415224913494812,0.07111111111111111,-0.186082276047674,-0.002214532871972318,0.007443291041906958,-0.07535563244905807,0.07535563244905807,-0.04822760476739715,0.008858131487889272,-0.22145328719723184,0.007443291041906958,0.14769703960015382,-0.09842368319876971,0.2761399461745483,-0.2069357939254133,-0.07972318339100345,0.11909265667051133,-0.05911572472126105,-0.04822760476739715,-0.07972318339100345,0.21413302575932336,0.044844290657439445,-0.15378700499807765,0.05173394848135333,0.17937716262975778,-0.0271280276816609,0.044844290657439445,0.08421376393694734,-0.05536332179930796,-0.008858131487889272,0.31009611687812383,-0.05536332179930796,0.09842368319876971,-0.07972318339100345,-0.2761399461745483,0.16633602460592078,-0.05536332179930796,-0.12456747404844293,-0.05536332179930796,-0.010396001537870049,-0.09842368319876971,0.03254133025759323,0.05911572472126105,0.04822760476739715,-0.041584006151480196,-0.186082276047674,-0.14173010380622836,0.029773164167627833,0.16633602460592078,,,,,0.018783343955874443,-0.01461942307651043,0.7906644344329834,-0.11751045286655426,0.12844036519527435,0.644385039806366,-0.26112186908721924,0.26819923520088196,0.39809927344322205,-0.23076923191547394,0.21318089962005615,0.5565142631530762,103.1824722290039,0.06488724052906036
EXPC-218,132.68494038864662,46.19954657851129,-0.044844290657439445,-0.15378700499807765,0.006151480199923107,-0.2679584775086506,-0.01574778931180315,-0.11374086889657825,-0.2364628988850442,0.19986159169550174,-0.010396001537870049,0.07111111111111111,0.024605920799692427,-0.11374086889657825,0.01574778931180315,0.022206843521722412,-0.2288965782391388,0.2069357939254133,0.0271280276816609,-0.14769703960015382,-0.08882737408688965,0.05536332179930796,-0.03844675124951941,0.044844290657439445,-0.05173394848135333,-0.012056901191849288,-0.16633602460592078,0.04822760476739715,0.11909265667051133,-0.06698961937716265,0.36472126105344094,-0.22145328719723184,-0.03254133025759323,-0.03844675124951941,-0.09356401384083046,-0.019930795847750864,-0.03844675124951941,0.34602076124567477,0.09842368319876971,-0.010396001537870049,0.07111111111111111,0.07111111111111111,-0.06698961937716265,0.022206843521722412,-0.03844675124951941,-0.03844675124951941,-0.01574778931180315,0.2761399461745483,0.04822760476739715,0.07972318339100345,-0.044844290657439445,-0.14769703960015382,0.186082276047674,-0.05173394848135333,-0.1085121107266436,0.03254133025759323,0.022206843521722412,-0.03543252595155709,-0.006151480199923107,0.041584006151480196,0.024605920799692427,-0.10340638216070744,-0.2364628988850442,-0.09356401384083046,-0.044844290657439445,0.11909265667051133,,,,,0.007505970541387796,-0.01286228746175766,0.784252941608429,0.04078762233257294,0.041450776159763336,0.20179371535778046,0.08576641976833344,0.006677796132862568,-0.06656346470117569,-0.025728987529873848,0.1497005969285965,0.07262569665908813,111.47870635986328,0.06488724052906036
EXPC-219,132.4532648768722,46.45170367876364,-0.024605920799692427,-0.03254133025759323,0.029773164167627833,-0.3014225297962323,0.003014225297962322,-0.044844290657439445,-0.2519646289888504,0.14769703960015382,-0.03844675124951941,0.06698961937716265,0.03543252595155709,-0.08421376393694734,-0.0005536332179930795,0.0629911572472126,-0.2519646289888504,0.17279507881584008,0.0271280276816609,-0.06698961937716265,-0.0629911572472126,0.04822760476739715,-0.09356401384083046,0.09356401384083046,0.01384083044982699,-0.0271280276816609,-0.1929104190695886,0.044844290657439445,0.08882737408688965,-0.041584006151480196,0.3553094963475586,-0.2364628988850442,-0.01384083044982699,-0.09356401384083046,-0.07972318339100345,-0.003014225297962322,-0.024605920799692427,0.33685505574778934,0.03844675124951941,0.03844675124951941,0.05536332179930796,0.11909265667051133,-0.09356401384083046,0.0629911572472126,0.003014225297962322,-0.05911572472126105,-0.03844675124951941,0.31009611687812383,0.041584006151480196,0.08882737408688965,0.004982698961937716,-0.08421376393694734,0.21413302575932336,-0.01384083044982699,-0.06698961937716265,-0.024605920799692427,-0.006151480199923107,-0.05911572472126105,-0.0271280276816609,0.012056901191849288,-0.008858131487889272,-0.16000000000000003,-0.2288965782391388,-0.13016532103037293,-0.06698961937716265,0.07111111111111111,,,,,0.004528985358774662,-0.023475803434848785,0.794382631778717,-0.08841098845005035,0.09382423013448715,0.08225616812705994,-0.03996802493929863,-0.047079335898160934,0.2498570680618286,0.057181451469659805,-0.02086956612765789,-0.19021934270858765,61.50935363769531,0.06488724052906036
EXPC-220,130.35435121552695,42.79457232558465,-0.044844290657439445,-0.15378700499807765,0.2679584775086506,-0.2069357939254133,-0.11909265667051133,0.0015378700499807767,-0.2519646289888504,0.1929104190695886,-0.11909265667051133,0.044844290657439445,0.16000000000000003,-0.06698961937716265,0.13588619761630144,0.024605920799692427,-0.17937716262975778,-0.09842368319876971,0.03543252595155709,0.14173010380622836,-0.11909265667051133,0.07972318339100345,-0.08421376393694734,0.022206843521722412,0.09356401384083046,0.044844290657439445,-0.0629911572472126,0.37425605536332185,0.012056901191849288,-0.0271280276816609,0.17937716262975778,-0.09356401384083046,0.017777777777777778,-0.10340638216070744,-0.012056901191849288,-0.05911572472126105,0.024605920799692427,0.14769703960015382,-0.12456747404844293,-0.0629911572472126,0.16000000000000003,0.004982698961937716,-0.041584006151480196,-0.11374086889657825,-0.002214532871972318,0.03844675124951941,0.0005536332179930795,0.17279507881584008,0.17937716262975778,0.10340638216070744,0.12456747404844293,-0.13016532103037293,0.13016532103037293,0.14173010380622836,-0.010396001537870049,-0.006151480199923107,0.07535563244905807,-0.13588619761630144,0.1085121107266436,0.03543252595155709,-0.16000000000000003,-0.16633602460592078,-0.17279507881584008,0.0015378700499807767,-0.186082276047674,-0.01574778931180315,-11.861517391948833,-16.611930918841086,-8.442478994232513,-13.837773167730546,0.1366838961839676,-0.22998729348182678,-0.1433418095111847,0.16719062626361847,-0.26478785276412964,-0.34419888257980347,0.5101109147071838,-0.4959612190723419,-0.3919313848018646,0.22347362339496613,-0.30922931432724,-0.3222343325614929,40.153656005859375,0.31866714358329773
EXPC-221,134.40871758734357,48.35496427122767,-0.022206843521722412,-0.11374086889657825,0.2069357939254133,-0.2599000384467512,0.007443291041906958,-0.024605920799692427,-0.28444444444444444,0.12456747404844293,-0.06698961937716265,-0.024605920799692427,0.2519646289888504,-0.13016532103037293,0.024605920799692427,-0.06698961937716265,-0.2761399461745483,-0.041584006151480196,0.13016532103037293,0.11374086889657825,-0.08882737408688965,0.05536332179930796,0.041584006151480196,-0.08882737408688965,0.12456747404844293,-0.10340638216070744,-0.007443291041906958,0.37425605536332185,0.041584006151480196,-0.022206843521722412,0.28444444444444444,6.151480199923106e-05,0.09842368319876971,-0.0629911572472126,0.010396001537870049,-0.01384083044982699,-0.07972318339100345,0.1929104190695886,-0.05536332179930796,0.003936947327950788,0.14173010380622836,0.07111111111111111,-0.019930795847750864,-0.15378700499807765,-0.05536332179930796,0.07972318339100345,-0.019930795847750864,0.14769703960015382,0.11909265667051133,-0.03844675124951941,0.11374086889657825,-0.15378700499807765,0.17937716262975778,0.0271280276816609,-0.012056901191849288,-0.012056901191849288,0.13588619761630144,-0.09842368319876971,0.06698961937716265,0.041584006151480196,0.03254133025759323,-0.11374086889657825,-0.09842368319876971,0.00024605920799692423,-0.16633602460592078,-0.05911572472126105,,,,,0.08698960393667221,-0.11498439311981201,0.5096516609191895,0.15911485254764557,-0.2557077705860138,-0.3085896074771881,0.44003990292549133,-0.43538767099380493,-0.40453413128852844,0.27737972140312195,-0.33547350764274597,-0.2915002703666687,41.596439361572266,0.04811146482825279
EXPC-222,130.5883623470401,47.0970533788751,0.03254133025759323,0.008858131487889272,0.19986159169550174,-0.33685505574778934,0.017777777777777778,0.05536332179930796,-0.2599000384467512,0.14173010380622836,-0.11374086889657825,-0.017777777777777778,0.2288965782391388,-0.17279507881584008,-0.05911572472126105,-0.03254133025759323,-0.2599000384467512,0.0629911572472126,0.14173010380622836,0.05536332179930796,-0.11909265667051133,0.07111111111111111,0.029773164167627833,-0.022206843521722412,0.08882737408688965,-0.12456747404844293,-0.022206843521722412,0.3278123798539023,0.08421376393694734,-0.022206843521722412,0.2761399461745483,-0.01384083044982699,0.07111111111111111,-0.03844675124951941,-0.0005536332179930795,-0.002214532871972318,-0.022206843521722412,0.22145328719723184,-0.1085121107266436,0.017777777777777778,0.01574778931180315,-0.019930795847750864,-0.07111111111111111,-0.11374086889657825,-0.08421376393694734,0.01574778931180315,0.024605920799692427,0.19986159169550174,0.13588619761630144,-0.11374086889657825,0.1085121107266436,-0.07972318339100345,0.2069357939254133,-0.041584006151480196,-0.024605920799692427,-0.022206843521722412,0.05173394848135333,-0.1085121107266436,0.05911572472126105,-0.007443291041906958,0.09356401384083046,-0.06698961937716265,-0.14769703960015382,-0.044844290657439445,-0.15378700499807765,-0.10340638216070744,,,,,0.03504549339413643,-0.053285542875528336,0.43355947732925415,0.14847387373447418,-0.2019491046667099,-0.41934213042259216,0.2594059407711029,-0.27072927355766296,-0.4257620573043823,0.18045666813850403,-0.26726409792900085,-0.48727408051490784,74.33171081542969,0.16319327056407928
EXPC-223,133.8488875022803,46.87256438937363,-0.05536332179930796,-0.003014225297962322,0.22145328719723184,-0.36472126105344094,0.0271280276816609,0.006151480199923107,-0.2761399461745483,0.17279507881584008,-0.0271280276816609,0.029773164167627833,0.14173010380622836,-0.11909265667051133,-0.03543252595155709,0.03844675124951941,-0.29287197231833906,0.09842368319876971,0.12456747404844293,0.010396001537870049,-0.09842368319876971,0.03844675124951941,0.022206843521722412,0.004982698961937716,0.13016532103037293,-0.09356401384083046,-0.05911572472126105,0.22145328719723184,0.004982698961937716,-0.03254133025759323,0.3188927335640138,-0.06698961937716265,0.06698961937716265,-0.07972318339100345,-0.017777777777777778,-0.017777777777777778,-0.03543252595155709,0.2679584775086506,0.003936947327950788,0.06698961937716265,0.044844290657439445,0.08421376393694734,-0.05911572472126105,-0.07535563244905807,-0.08421376393694734,0.019930795847750864,-0.01384083044982699,0.2069357939254133,0.16633602460592078,-0.07535563244905807,0.11374086889657825,-0.17279507881584008,0.1929104190695886,0.017777777777777778,0.01574778931180315,0.024605920799692427,0.06698961937716265,-0.029773164167627833,0.0271280276816609,0.010396001537870049,0.0629911572472126,-0.09842368319876971,-0.186082276047674,-0.044844290657439445,-0.14173010380622836,-0.09842368319876971,,,,,0.020301856100559235,-0.05401862785220146,0.7189419865608215,0.16765083372592926,-0.271101176738739,-0.31096434593200684,0.4980930685997009,-0.4448258876800537,-0.36171412467956543,0.2564772963523865,-0.3505365252494812,-0.3165748119354248,106.43462371826172,0.010071716271340847
EXPC-224,130.4652033215873,47.28740638758003,0.01384083044982699,-0.13588619761630144,0.2288965782391388,-0.31009611687812383,-0.044844290657439445,-0.041584006151480196,-0.29287197231833906,0.14173010380622836,-0.0629911572472126,-0.024605920799692427,0.2069357939254133,-0.12456747404844293,0.03543252595155709,-0.022206843521722412,-0.24415224913494812,0.000984236831987697,0.16000000000000003,0.09842368319876971,-0.05173394848135333,0.08882737408688965,-0.000984236831987697,0.029773164167627833,0.09842368319876971,-0.05173394848135333,-0.05536332179930796,0.31009611687812383,0.08421376393694734,-0.01574778931180315,0.28444444444444444,-0.03543252595155709,0.04822760476739715,-0.08421376393694734,-0.07535563244905807,0.0015378700499807767,0.017777777777777778,0.19986159169550174,-0.14769703960015382,0.01384083044982699,0.05911572472126105,0.04822760476739715,-0.10340638216070744,-0.09356401384083046,-0.0629911572472126,0.03254133025759323,0.010396001537870049,0.1929104190695886,0.10340638216070744,-0.05911572472126105,0.09356401384083046,-0.13016532103037293,0.21413302575932336,0.022206843521722412,-0.03543252595155709,0.006151480199923107,0.1085121107266436,-0.11909265667051133,0.08882737408688965,0.05536332179930796,0.012056901191849288,-0.1085121107266436,-0.13588619761630144,-0.004982698961937716,-0.21413302575932336,-0.05173394848135333,,,,,0.028353605419397354,-0.06573749333620071,0.6229470372200012,0.1820913404226303,-0.30394431948661804,-0.4039171040058136,0.5278339982032776,-0.48829182982444763,-0.38968101143836975,0.23088645935058594,-0.3229593336582184,-0.2857142984867096,93.01409912109375,0.16319327056407928
EXPC-225,130.02646613682333,46.898974858726746,0.010396001537870049,0.03254133025759323,0.2288965782391388,-0.29287197231833906,0.01384083044982699,0.012056901191849288,-0.31009611687812383,0.21413302575932336,-0.03254133025759323,-0.08421376393694734,0.15378700499807765,-0.13588619761630144,-0.029773164167627833,0.03254133025759323,-0.1929104190695886,0.07535563244905807,0.07972318339100345,0.08882737408688965,-0.07972318339100345,0.11909265667051133,0.006151480199923107,0.01574778931180315,0.17937716262975778,-0.11374086889657825,-0.05536332179930796,0.3188927335640138,0.13588619761630144,-0.044844290657439445,0.3278123798539023,-0.0629911572472126,0.022206843521722412,-0.029773164167627833,-0.1085121107266436,0.019930795847750864,0.003936947327950788,0.2364628988850442,-0.019930795847750864,0.07535563244905807,0.05911572472126105,0.01574778931180315,-0.024605920799692427,-0.05173394848135333,-0.09356401384083046,0.007443291041906958,-0.022206843521722412,0.22145328719723184,0.13588619761630144,-0.05911572472126105,0.07111111111111111,-0.03254133025759323,0.24415224913494812,-0.029773164167627833,-0.06698961937716265,-0.002214532871972318,0.06698961937716265,-0.041584006151480196,0.022206843521722412,0.022206843521722412,-0.01384083044982699,-0.15378700499807765,-0.13588619761630144,-0.04822760476739715,-0.14173010380622836,-0.07535563244905807,,,,,0.007062146905809641,-0.008843297138810158,0.6431608200073242,0.17320574820041656,-0.270842581987381,-0.43629077076911926,0.5835364460945129,-0.5805405378341675,-0.5545350313186646,0.3774011433124542,-0.46206897497177124,-0.47048404812812805,102.32305908203125,0.0630452111363411
EXPC-226,130.61126938678512,45.20609970580351,-0.010396001537870049,-0.08421376393694734,0.21413302575932336,-0.29287197231833906,-0.024605920799692427,-0.08421376393694734,-0.1929104190695886,0.186082276047674,-0.029773164167627833,-0.05173394848135333,0.22145328719723184,-0.14769703960015382,0.029773164167627833,-0.11374086889657825,-0.1929104190695886,-0.07972318339100345,0.15378700499807765,0.14769703960015382,-0.06698961937716265,0.05911572472126105,-0.006151480199923107,-0.012056901191849288,0.16633602460592078,-0.05536332179930796,-0.004982698961937716,0.28444444444444444,-0.044844290657439445,-0.019930795847750864,0.2599000384467512,-0.022206843521722412,0.12456747404844293,-0.08421376393694734,0.01574778931180315,-0.008858131487889272,0.10340638216070744,0.16633602460592078,-0.17937716262975778,0.05173394848135333,0.11909265667051133,-0.07972318339100345,-0.08421376393694734,-0.16000000000000003,-0.044844290657439445,0.09842368319876971,-0.007443291041906958,0.186082276047674,0.044844290657439445,-0.019930795847750864,0.11374086889657825,-0.13588619761630144,0.15378700499807765,0.1085121107266436,-0.09842368319876971,0.07111111111111111,0.19986159169550174,-0.16000000000000003,0.041584006151480196,0.012056901191849288,-0.000984236831987697,-0.09842368319876971,-0.16000000000000003,-0.017777777777777778,-0.15378700499807765,-0.08882737408688965,,,,,0.06579484790563583,-0.11500640958547592,0.2122986763715744,0.11807498335838318,-0.23409512639045715,-0.36181163787841797,0.14380531013011932,-0.22657176852226257,-0.3867858052253723,0.15102720260620117,-0.2804200053215027,-0.35909777879714966,294.0489196777344,0.1618894636631012
EXPC-227,130.3000031408377,47.09759236804557,0.03543252595155709,-0.2599000384467512,0.14173010380622836,-0.21413302575932336,-0.05911572472126105,-0.13016532103037293,-0.22145328719723184,0.13016532103037293,-0.07972318339100345,-0.03543252595155709,0.29287197231833906,-0.07111111111111111,0.06698961937716265,-0.16000000000000003,-0.1929104190695886,-0.186082276047674,0.19986159169550174,0.2069357939254133,-0.11374086889657825,0.017777777777777778,0.0271280276816609,-0.06698961937716265,-0.003014225297962322,-0.019930795847750864,0.002214532871972318,0.3278123798539023,0.01574778931180315,-0.008858131487889272,0.21413302575932336,-0.0015378700499807767,0.07111111111111111,-0.05536332179930796,0.04822760476739715,-0.006151480199923107,0.0271280276816609,0.044844290657439445,-0.15378700499807765,-0.019930795847750864,0.15378700499807765,-0.022206843521722412,-0.14173010380622836,-0.21413302575932336,-6.151480199923106e-05,0.08882737408688965,0.008858131487889272,0.13588619761630144,0.01384083044982699,0.029773164167627833,0.12456747404844293,-0.07535563244905807,0.07535563244905807,0.024605920799692427,-0.029773164167627833,0.06698961937716265,0.19986159169550174,-0.13588619761630144,0.11374086889657825,0.0271280276816609,0.0271280276816609,-0.07535563244905807,-0.05536332179930796,0.019930795847750864,-0.19986159169550174,0.09842368319876971,,,,,0.003976142965257168,-0.032192129641771317,-0.0424671396613121,0.044091708958148956,-0.09225092083215714,-0.29814550280570984,0.1452459692955017,-0.20969398319721222,-0.3180932104587555,0.17855168879032135,-0.1740088164806366,-0.19850386679172516,125.0261001586914,0.16319327056407928
EXPC-228,130.88552504302683,45.19334362876901,-0.041584006151480196,-0.15378700499807765,0.186082276047674,-0.2519646289888504,-0.0015378700499807767,-0.07972318339100345,-0.28444444444444444,0.2288965782391388,-0.1085121107266436,0.04822760476739715,0.2599000384467512,-0.13016532103037293,-0.004982698961937716,-0.09842368319876971,-0.2288965782391388,-0.05173394848135333,0.19986159169550174,0.06698961937716265,-0.08421376393694734,0.012056901191849288,-0.03844675124951941,-0.08882737408688965,0.14173010380622836,-0.11909265667051133,0.003936947327950788,0.29287197231833906,-0.05173394848135333,-0.03543252595155709,0.22145328719723184,0.03254133025759323,0.029773164167627833,-0.024605920799692427,0.05536332179930796,0.01384083044982699,0.0629911572472126,0.1929104190695886,-0.05536332179930796,-0.010396001537870049,0.07972318339100345,0.044844290657439445,-0.08421376393694734,-0.13016532103037293,-0.01384083044982699,0.08882737408688965,0.019930795847750864,0.186082276047674,0.11909265667051133,-0.0271280276816609,0.13016532103037293,-0.1929104190695886,0.1929104190695886,0.07972318339100345,-0.06698961937716265,0.07972318339100345,0.15378700499807765,-0.14173010380622836,0.08421376393694734,0.04822760476739715,0.03844675124951941,-0.07972318339100345,-0.11374086889657825,0.004982698961937716,-0.05911572472126105,-0.11909265667051133,,,,,0.046947889029979706,-0.12861117720603943,0.28050315380096436,0.08962634205818176,-0.1720067411661148,-0.1973845511674881,0.2244705855846405,-0.23845787346363068,-0.24188581109046936,0.24321234226226807,-0.29967135190963745,-0.23223058879375458,271.0260925292969,0.1618894636631012
EXPC-229,131.3821137320881,45.38711023555359,-0.019930795847750864,-0.002214532871972318,0.16000000000000003,-0.2599000384467512,0.012056901191849288,-0.10340638216070744,-0.21413302575932336,0.3278123798539023,-0.003014225297962322,-0.044844290657439445,0.24415224913494812,-0.13588619761630144,-0.07111111111111111,-0.019930795847750864,-0.2679584775086506,-0.01574778931180315,0.05173394848135333,-0.004982698961937716,-0.16633602460592078,0.07535563244905807,0.04822760476739715,-0.07972318339100345,0.11374086889657825,-0.09842368319876971,0.08882737408688965,0.31009611687812383,0.07535563244905807,-0.0629911572472126,0.31009611687812383,-0.041584006151480196,0.01384083044982699,0.01384083044982699,-0.0015378700499807767,0.044844290657439445,0.03543252595155709,0.24415224913494812,0.000984236831987697,-0.004982698961937716,0.186082276047674,-0.07535563244905807,-0.08882737408688965,-0.14173010380622836,0.010396001537870049,0.07535563244905807,-0.010396001537870049,0.16633602460592078,0.16000000000000003,-0.05911572472126105,0.09842368319876971,-0.07111111111111111,0.11909265667051133,0.03254133025759323,-0.05173394848135333,0.09356401384083046,0.11374086889657825,0.03543252595155709,0.05911572472126105,-0.019930795847750864,0.003936947327950788,-0.13016532103037293,-0.14769703960015382,0.008858131487889272,-0.11374086889657825,-0.04822760476739715,,,,,0.03408587723970413,-0.040256500244140625,0.5572254061698914,0.2222222238779068,-0.41986948251724243,-0.5047972798347473,0.6764273047447205,-0.6795713305473328,-0.5609397888183594,0.4091233015060425,-0.5319643616676331,-0.5009295344352722,185.52505493164062,0.10226807743310928
EXPC-230,133.08262456492633,46.208978888994544,0.019930795847750864,-0.186082276047674,0.2069357939254133,-0.29287197231833906,0.019930795847750864,-0.07535563244905807,-0.2069357939254133,0.1085121107266436,-0.11909265667051133,-0.017777777777777778,0.3014225297962323,-0.13588619761630144,0.010396001537870049,-0.11374086889657825,-0.3014225297962323,-0.06698961937716265,0.1929104190695886,0.10340638216070744,-0.04822760476739715,0.022206843521722412,-0.0015378700499807767,-0.04822760476739715,0.022206843521722412,-0.11909265667051133,0.007443291041906958,0.3014225297962323,0.022206843521722412,0.041584006151480196,0.2069357939254133,-0.03844675124951941,0.07111111111111111,-0.05536332179930796,-0.017777777777777778,0.029773164167627833,0.044844290657439445,0.12456747404844293,-0.17279507881584008,-0.03254133025759323,0.03844675124951941,0.0271280276816609,-0.11374086889657825,-0.1929104190695886,-0.041584006151480196,0.08421376393694734,0.05911572472126105,0.16000000000000003,0.09356401384083046,-0.07972318339100345,0.17937716262975778,-0.16000000000000003,0.13016532103037293,0.017777777777777778,-0.05173394848135333,0.010396001537870049,0.14769703960015382,-0.12456747404844293,0.14769703960015382,0.05173394848135333,0.08421376393694734,-0.0629911572472126,-0.07972318339100345,0.019930795847750864,-0.15378700499807765,-0.01384083044982699,,,,,0.02339070662856102,-0.06670171767473221,0.5658214092254639,0.09051591157913208,-0.15227681398391724,-0.19447891414165497,0.2317386269569397,-0.25816449522972107,-0.22587065398693085,0.19630233943462372,-0.27684271335601807,-0.23252232372760773,105.51407623291016,0.010071716271340847
EXPC-231,130.8861538637257,45.79997594013492,0.09842368319876971,-0.24415224913494812,0.17937716262975778,-0.22145328719723184,-0.019930795847750864,-0.11909265667051133,-0.186082276047674,0.15378700499807765,-0.13588619761630144,-0.024605920799692427,0.2288965782391388,-0.11909265667051133,0.0629911572472126,-0.13016532103037293,-0.2364628988850442,-0.19986159169550174,0.186082276047674,0.11374086889657825,-0.003936947327950788,0.05911572472126105,-0.01384083044982699,-0.012056901191849288,-6.151480199923106e-05,-0.03844675124951941,0.022206843521722412,0.2761399461745483,0.03543252595155709,0.01384083044982699,0.2288965782391388,-0.08421376393694734,0.07535563244905807,-0.029773164167627833,-0.0629911572472126,0.010396001537870049,0.13016532103037293,0.1085121107266436,-0.14173010380622836,-0.06698961937716265,0.12456747404844293,-0.07111111111111111,-0.17279507881584008,-0.2069357939254133,-0.010396001537870049,0.10340638216070744,0.05911572472126105,0.17279507881584008,-0.03844675124951941,-0.012056901191849288,0.09842368319876971,-0.03543252595155709,0.041584006151480196,0.05911572472126105,-0.08421376393694734,0.012056901191849288,0.19986159169550174,-0.186082276047674,0.15378700499807765,0.05173394848135333,-0.01574778931180315,-0.1085121107266436,-0.07111111111111111,0.08421376393694734,-0.186082276047674,0.05173394848135333,,,,,0.0375736728310585,-0.07973422110080719,0.25339367985725403,0.1291266232728958,-0.21111609041690826,-0.3142411708831787,0.16129031777381897,-0.2290591448545456,-0.3273293972015381,0.19510328769683838,-0.2678571343421936,-0.268747478723526,166.84410095214844,0.1618894636631012
EXPC-232,130.259938279166,47.07998538847683,-0.003014225297962322,-0.029773164167627833,0.2364628988850442,-0.2364628988850442,-0.029773164167627833,-0.06698961937716265,-0.2679584775086506,0.2364628988850442,-0.008858131487889272,-0.13016532103037293,0.2599000384467512,-0.14173010380622836,-0.010396001537870049,0.0005536332179930795,-0.2069357939254133,0.01384083044982699,0.07535563244905807,0.022206843521722412,-0.09842368319876971,0.08882737408688965,0.008858131487889272,-0.01574778931180315,0.14769703960015382,-0.09842368319876971,-0.008858131487889272,0.3553094963475586,0.13016532103037293,-0.029773164167627833,0.31009611687812383,-0.041584006151480196,0.019930795847750864,-0.06698961937716265,-0.13588619761630144,0.04822760476739715,0.024605920799692427,0.2364628988850442,-0.008858131487889272,0.06698961937716265,0.07111111111111111,0.004982698961937716,-0.05536332179930796,-0.08421376393694734,-0.05911572472126105,0.03543252595155709,-0.05173394848135333,0.22145328719723184,0.11909265667051133,-0.0271280276816609,0.06698961937716265,-0.06698961937716265,0.19986159169550174,0.03844675124951941,-0.07535563244905807,0.012056901191849288,0.11909265667051133,-0.0629911572472126,0.08421376393694734,0.03844675124951941,-0.010396001537870049,-0.13588619761630144,-0.1085121107266436,-0.017777777777777778,-0.16000000000000003,-0.0271280276816609,,,,,0.05158450827002525,-0.059606172144412994,0.7099999785423279,0.1835026890039444,-0.2857142984867096,-0.3937723934650421,0.5789473652839661,-0.552695095539093,-0.4943922460079193,0.48411059379577637,-0.4564601182937622,-0.19736842811107635,102.10992431640625,0.16319327056407928
EXPC-233,131.95919147060647,46.716796519107305,-0.003936947327950788,0.012056901191849288,0.11374086889657825,-0.37425605536332185,0.07535563244905807,-0.024605920799692427,-0.2679584775086506,0.16000000000000003,-0.03254133025759323,-0.04822760476739715,0.2069357939254133,-0.14769703960015382,-0.07111111111111111,0.002214532871972318,-0.2761399461745483,0.15378700499807765,0.11374086889657825,0.008858131487889272,-0.08882737408688965,0.07111111111111111,-0.01384083044982699,-0.003014225297962322,0.11909265667051133,-0.14769703960015382,-0.03254133025759323,0.2364628988850442,0.08882737408688965,-0.019930795847750864,0.3553094963475586,-0.05536332179930796,0.019930795847750864,-0.10340638216070744,-0.06698961937716265,0.024605920799692427,-0.007443291041906958,0.28444444444444444,-0.03543252595155709,0.08882737408688965,0.044844290657439445,0.03543252595155709,-0.05173394848135333,-0.07535563244905807,-0.05173394848135333,0.019930795847750864,0.041584006151480196,0.19986159169550174,0.11374086889657825,-0.05911572472126105,0.08421376393694734,-0.07972318339100345,0.19986159169550174,-0.07535563244905807,-0.03543252595155709,-0.012056901191849288,0.041584006151480196,-0.010396001537870049,0.01384083044982699,-0.002214532871972318,0.09356401384083046,-0.16000000000000003,-0.16000000000000003,-0.002214532871972318,-0.07535563244905807,-0.10340638216070744,,,,,0.024137629196047783,-0.016199268400669098,0.7327811121940613,0.15308710932731628,-0.22308611869812012,-0.3350396752357483,0.2416052371263504,-0.278605580329895,-0.3902815878391266,0.22062350809574127,-0.2780916392803192,-0.3099309802055359,66.91572570800781,0.09111568331718445
EXPC-234,131.2038879797188,46.99302846897406,0.012056901191849288,-0.044844290657439445,0.17937716262975778,-0.31009611687812383,0.01574778931180315,-0.024605920799692427,-0.2679584775086506,0.17937716262975778,-0.041584006151480196,-0.09842368319876971,0.2679584775086506,-0.13588619761630144,-0.017777777777777778,-0.03543252595155709,-0.21413302575932336,0.04822760476739715,0.13588619761630144,0.044844290657439445,-0.0629911572472126,0.11374086889657825,0.000984236831987697,0.022206843521722412,0.13016532103037293,-0.10340638216070744,-0.012056901191849288,0.2761399461745483,0.13016532103037293,0.008858131487889272,0.28444444444444444,-0.05536332179930796,-0.000984236831987697,-0.07111111111111111,-0.13588619761630144,0.05173394848135333,0.03844675124951941,0.24415224913494812,-0.07972318339100345,0.010396001537870049,0.05911572472126105,0.008858131487889272,-0.09356401384083046,-0.09356401384083046,-0.05536332179930796,0.05911572472126105,0.017777777777777778,0.2069357939254133,0.14173010380622836,-0.07535563244905807,0.08421376393694734,-0.09842368319876971,0.2288965782391388,-0.022206843521722412,-0.09842368319876971,-0.017777777777777778,0.10340638216070744,-0.08421376393694734,0.05173394848135333,0.05173394848135333,0.044844290657439445,-0.15378700499807765,-0.16000000000000003,0.029773164167627833,-0.12456747404844293,-0.0629911572472126,,,,,0.04995904862880707,-0.09339018911123276,0.5428156852722168,0.15202492475509644,-0.2769336998462677,-0.43980738520622253,0.4520208239555359,-0.4984646737575531,-0.46470025181770325,0.2567264437675476,-0.3647846579551697,-0.3826357126235962,72.54576110839844,0.09111568331718445
EXPC-235,130.66238352645152,46.69694375132826,-0.007443291041906958,-0.024605920799692427,0.2288965782391388,-0.2679584775086506,0.003936947327950788,-0.01384083044982699,-0.2761399461745483,0.19986159169550174,-0.0629911572472126,-0.06698961937716265,0.2519646289888504,-0.12456747404844293,-0.0015378700499807767,-0.03543252595155709,-0.2288965782391388,0.019930795847750864,0.14173010380622836,0.13588619761630144,-0.08882737408688965,0.07972318339100345,-0.010396001537870049,-0.006151480199923107,0.186082276047674,-0.08421376393694734,-0.004982698961937716,0.3553094963475586,0.05911572472126105,-0.024605920799692427,0.24415224913494812,-0.09356401384083046,0.03543252595155709,-0.05536332179930796,-0.05536332179930796,0.03543252595155709,0.019930795847750864,0.2069357939254133,-0.07535563244905807,0.03254133025759323,0.08421376393694734,-0.01574778931180315,-0.044844290657439445,-0.12456747404844293,-0.07535563244905807,0.05911572472126105,-0.05536332179930796,0.2069357939254133,0.14769703960015382,-0.06698961937716265,0.07111111111111111,-0.1085121107266436,0.22145328719723184,0.03254133025759323,-0.044844290657439445,0.03844675124951941,0.09842368319876971,-0.08882737408688965,0.041584006151480196,0.041584006151480196,0.012056901191849288,-0.15378700499807765,-0.14769703960015382,-0.017777777777777778,-0.14173010380622836,-0.08882737408688965,,,,,0.03598400577902794,-0.0507659949362278,0.2785757780075073,0.1593073606491089,-0.2363804280757904,-0.339324951171875,0.2205846756696701,-0.22117476165294647,-0.31315284967422485,0.22544780373573303,-0.29082629084587097,-0.42842161655426025,132.74697875976562,0.0630452111363411
EXPC-236,130.6013879186598,45.82423045280615,-0.03543252595155709,-0.010396001537870049,0.14769703960015382,-0.2761399461745483,-0.05536332179930796,-0.0271280276816609,-0.24415224913494812,0.2288965782391388,-0.05173394848135333,-0.07111111111111111,0.2599000384467512,-0.19986159169550174,0.004982698961937716,-0.07535563244905807,-0.1929104190695886,-0.012056901191849288,0.11374086889657825,0.10340638216070744,-0.08421376393694734,0.07111111111111111,-0.03254133025759323,-0.007443291041906958,0.17279507881584008,-0.05173394848135333,0.019930795847750864,0.3553094963475586,0.0629911572472126,-0.029773164167627833,0.2679584775086506,0.004982698961937716,0.03844675124951941,-0.044844290657439445,-0.03844675124951941,0.01384083044982699,0.09842368319876971,0.17937716262975778,-0.11909265667051133,0.041584006151480196,0.11374086889657825,-0.03543252595155709,-0.029773164167627833,-0.15378700499807765,-0.05173394848135333,0.041584006151480196,-0.024605920799692427,0.2364628988850442,0.12456747404844293,-0.022206843521722412,0.10340638216070744,-0.08882737408688965,0.19986159169550174,0.03844675124951941,-0.07111111111111111,-0.007443291041906958,0.14173010380622836,-0.14769703960015382,0.0629911572472126,0.022206843521722412,0.003936947327950788,-0.14173010380622836,-0.13016532103037293,-0.010396001537870049,-0.11909265667051133,-0.1085121107266436,,,,,0.01589117757976055,-0.043756529688835144,0.5188796520233154,0.16012725234031677,-0.2524327337741852,-0.3677840828895569,0.30445021390914917,-0.32631075382232666,-0.38972023129463196,0.1732763946056366,-0.2684696614742279,-0.3813973069190979,195.05752563476562,0.1618894636631012
EXPC-237,133.4295539276533,46.08671817882588,0.012056901191849288,0.0005536332179930795,0.14173010380622836,-0.36472126105344094,0.07111111111111111,-0.003014225297962322,-0.2599000384467512,0.08421376393694734,-0.11909265667051133,0.008858131487889272,0.11374086889657825,-0.12456747404844293,-0.13588619761630144,0.017777777777777778,-0.29287197231833906,0.17937716262975778,0.16000000000000003,-0.03543252595155709,-0.044844290657439445,0.0629911572472126,0.0271280276816609,-0.0005536332179930795,0.10340638216070744,-0.14173010380622836,-0.07972318339100345,0.2599000384467512,0.06698961937716265,-0.04822760476739715,0.33685505574778934,0.0015378700499807767,0.07535563244905807,-0.07535563244905807,-0.044844290657439445,-0.04822760476739715,-0.007443291041906958,0.2761399461745483,-0.000984236831987697,0.0629911572472126,0.029773164167627833,0.07972318339100345,-0.03543252595155709,-0.003014225297962322,-0.10340638216070744,-0.008858131487889272,0.05173394848135333,0.186082276047674,0.13016532103037293,-0.07535563244905807,0.10340638216070744,-0.08421376393694734,0.186082276047674,-0.0629911572472126,-0.03254133025759323,-0.029773164167627833,0.08882737408688965,-0.09356401384083046,0.002214532871972318,-0.004982698961937716,0.11909265667051133,-0.05173394848135333,-0.17937716262975778,-0.07111111111111111,-0.13588619761630144,-0.08882737408688965,,,,,-0.021499738097190857,0.00741381011903286,0.7895234227180481,0.14556816220283508,-0.23564653098583221,-0.31659412384033203,0.30786842107772827,-0.33031007647514343,-0.4122835397720337,0.22336921095848083,-0.3299904465675354,-0.3955191671848297,60.58388900756836,0.010071716271340847
EXPC-238,132.18062618814193,46.576838997841485,0.010396001537870049,-0.007443291041906958,0.19986159169550174,-0.3553094963475586,0.03254133025759323,0.0629911572472126,-0.2599000384467512,0.17279507881584008,-0.08882737408688965,-0.007443291041906958,0.2364628988850442,-0.17279507881584008,0.007443291041906958,-0.008858131487889272,-0.2288965782391388,0.044844290657439445,0.14173010380622836,0.09842368319876971,-0.06698961937716265,0.07535563244905807,-0.041584006151480196,-0.019930795847750864,0.16000000000000003,-0.13588619761630144,-0.029773164167627833,0.28444444444444444,0.08421376393694734,-0.003014225297962322,0.2679584775086506,-0.07111111111111111,0.05173394848135333,-0.08421376393694734,0.007443291041906958,0.002214532871972318,-0.012056901191849288,0.2069357939254133,-0.09356401384083046,0.05911572472126105,0.07535563244905807,0.03844675124951941,-0.044844290657439445,-0.13016532103037293,-0.05173394848135333,0.0271280276816609,-0.012056901191849288,0.1929104190695886,0.11374086889657825,-0.017777777777777778,0.13016532103037293,-0.1085121107266436,0.2364628988850442,0.012056901191849288,-0.0271280276816609,-0.0015378700499807767,0.08882737408688965,-0.08882737408688965,0.05173394848135333,0.029773164167627833,0.07535563244905807,-0.11909265667051133,-0.17937716262975778,-0.03844675124951941,-0.14769703960015382,-0.08421376393694734,,,,,0.004026845563203096,-0.011266335844993591,0.6144223809242249,0.055405404418706894,-0.15390297770500183,-0.24267137050628662,0.1673375517129898,-0.22215533256530762,-0.29174432158470154,0.34379085898399353,-0.43518149852752686,-0.21692243218421936,65.28204345703125,0.06488724052906036
EXPC-239,130.25086529479637,44.23142762253383,-0.019930795847750864,-0.07111111111111111,0.2069357939254133,-0.3188927335640138,-0.0005536332179930795,-0.05536332179930796,-0.16633602460592078,0.14769703960015382,-0.08421376393694734,-0.019930795847750864,0.16633602460592078,-0.09356401384083046,0.008858131487889272,-0.04822760476739715,-0.21413302575932336,-0.03844675124951941,0.07972318339100345,0.16000000000000003,-0.07972318339100345,0.05173394848135333,0.0271280276816609,-0.05536332179930796,0.21413302575932336,-0.03844675124951941,-0.06698961937716265,0.19986159169550174,-0.08421376393694734,-0.14769703960015382,0.2599000384467512,-0.03844675124951941,0.07535563244905807,-0.08882737408688965,0.11374086889657825,0.012056901191849288,0.05911572472126105,0.19986159169550174,-0.0629911572472126,0.008858131487889272,0.08882737408688965,-0.1085121107266436,-0.05536332179930796,-0.11374086889657825,-0.11909265667051133,0.12456747404844293,0.000984236831987697,0.21413302575932336,0.19986159169550174,-0.044844290657439445,0.09356401384083046,-0.13016532103037293,0.19986159169550174,0.07972318339100345,-0.12456747404844293,0.14173010380622836,0.13016532103037293,-0.07972318339100345,-0.000984236831987697,-0.041584006151480196,0.017777777777777778,-0.11909265667051133,-0.2599000384467512,-0.000984236831987697,-0.09356401384083046,-0.14769703960015382,-9.44482744630886,-19.770034560403285,-8.535947659916133,-17.725265274187066,0.0443471297621727,-0.07300379872322083,0.4877949655056,0.1830381155014038,-0.2926686108112335,-0.44526219367980957,0.27199047803878784,-0.33801403641700745,-0.40846964716911316,0.2679324746131897,-0.3863898515701294,-0.4589371979236603,445.20086669921875,0.130340114235878
EXPC-240,131.89657889530335,45.37552196838845,-0.04822760476739715,-0.14769703960015382,0.024605920799692427,-0.22145328719723184,-0.03844675124951941,-0.01384083044982699,-0.2364628988850442,0.1929104190695886,0.01574778931180315,0.08882737408688965,0.03254133025759323,-0.09356401384083046,0.029773164167627833,0.022206843521722412,-0.17279507881584008,0.2288965782391388,0.07111111111111111,-0.15378700499807765,-0.03254133025759323,-0.007443291041906958,-0.10340638216070744,0.08882737408688965,-0.022206843521722412,-0.03543252595155709,-0.2288965782391388,-0.006151480199923107,0.08882737408688965,-0.08421376393694734,0.3014225297962323,-0.16000000000000003,-0.04822760476739715,-0.00024605920799692423,-0.09356401384083046,-0.0629911572472126,-0.10340638216070744,0.2679584775086506,0.041584006151480196,-0.05536332179930796,0.07111111111111111,0.1929104190695886,-0.07111111111111111,0.09842368319876971,0.03254133025759323,-0.07535563244905807,-0.05536332179930796,0.2761399461745483,-0.012056901191849288,0.12456747404844293,-0.08882737408688965,-0.24415224913494812,0.2069357939254133,-0.044844290657439445,-0.13588619761630144,-0.05536332179930796,0.01384083044982699,-0.09842368319876971,0.01574778931180315,0.04822760476739715,0.01384083044982699,-0.05536332179930796,-0.17937716262975778,-0.17279507881584008,0.0271280276816609,0.13016532103037293,,,,,0.006482982076704502,-0.03716075047850609,0.8258115649223328,-0.24586549401283264,0.3069908916950226,0.4014122784137726,-0.05117565765976906,0.13782991468906403,0.20979955792427063,-0.09326425194740295,0.04891304299235344,0.3897389769554138,168.0,0.10226807743310928
EXPC-241,131.55018852174686,47.25138394468684,-0.010396001537870049,-0.13016532103037293,-0.03844675124951941,-0.16633602460592078,-0.03844675124951941,0.029773164167627833,-0.11374086889657825,0.17937716262975778,-0.003014225297962322,0.10340638216070744,0.01384083044982699,-0.14173010380622836,-0.003936947327950788,-0.041584006151480196,-0.15378700499807765,0.2599000384467512,0.08882737408688965,-0.186082276047674,0.029773164167627833,0.09356401384083046,-0.0271280276816609,0.09842368319876971,0.03254133025759323,0.0629911572472126,-0.17279507881584008,-0.012056901191849288,0.17279507881584008,-0.1085121107266436,0.3014225297962323,-0.2364628988850442,-0.06698961937716265,0.11374086889657825,0.0271280276816609,-0.08421376393694734,-0.01384083044982699,0.2519646289888504,0.07111111111111111,-0.08421376393694734,-0.003936947327950788,0.16000000000000003,-0.11374086889657825,0.012056901191849288,0.08882737408688965,-0.05536332179930796,-0.03844675124951941,0.29287197231833906,-0.13588619761630144,0.13016532103037293,-0.07535563244905807,-0.14769703960015382,0.19986159169550174,-0.0629911572472126,-0.09842368319876971,-0.044844290657439445,0.01384083044982699,-0.05911572472126105,0.008858131487889272,0.07111111111111111,-0.006151480199923107,-0.03844675124951941,-0.2288965782391388,-0.16633602460592078,-0.07972318339100345,0.19986159169550174,,,,,0.004798464477062225,-0.02271062321960926,0.8358851075172424,-0.12431077659130096,0.16331417858600616,0.6280161142349243,-0.18693692982196808,0.12004875391721725,0.6573489904403687,-0.29667720198631287,0.2398460954427719,0.8238993883132935,59.5,0.07704101502895355
EXPC-242,131.4038529619638,46.79872287301901,-0.03254133025759323,-0.07972318339100345,-0.03844675124951941,-0.17937716262975778,-0.04822760476739715,-0.0005536332179930795,-0.17937716262975778,0.19986159169550174,0.01574778931180315,0.07111111111111111,0.05173394848135333,-0.14769703960015382,0.022206843521722412,-0.05173394848135333,-0.12456747404844293,0.19986159169550174,0.03844675124951941,-0.14173010380622836,-0.03844675124951941,0.09356401384083046,-0.09356401384083046,0.09842368319876971,0.029773164167627833,0.08421376393694734,-0.19986159169550174,0.024605920799692427,0.1085121107266436,-0.13588619761630144,0.3188927335640138,-0.24415224913494812,-0.07535563244905807,0.08421376393694734,-0.044844290657439445,-0.05536332179930796,-0.012056901191849288,0.31009611687812383,0.08421376393694734,-0.07111111111111111,0.017777777777777778,0.09842368319876971,-0.09842368319876971,0.03254133025759323,0.041584006151480196,-0.0629911572472126,-0.05911572472126105,0.3278123798539023,-0.07972318339100345,0.11909265667051133,-0.07111111111111111,-0.13588619761630144,0.21413302575932336,-0.04822760476739715,-0.13016532103037293,-0.0271280276816609,0.010396001537870049,-0.08421376393694734,0.000984236831987697,0.08421376393694734,-0.04822760476739715,-0.044844290657439445,-0.2364628988850442,-0.186082276047674,-0.06698961937716265,0.14173010380622836,,,,,0.01054860558360815,-0.018738141283392906,0.803007185459137,-0.21503496170043945,0.233788400888443,0.6238068342208862,0.06624405831098557,-0.026862027123570442,0.35256680846214294,-0.12758201360702515,0.144219309091568,0.4883720874786377,66.85456848144531,0.09111568331718445
EXPC-243,131.98605109760163,45.4383142067484,-0.05911572472126105,-0.17937716262975778,-0.0629911572472126,-0.16633602460592078,-0.008858131487889272,-0.029773164167627833,-0.14173010380622836,0.2288965782391388,0.019930795847750864,0.09842368319876971,-0.006151480199923107,-0.13016532103037293,0.01574778931180315,-0.0271280276816609,-0.13016532103037293,0.2519646289888504,0.07111111111111111,-0.21413302575932336,0.008858131487889272,0.0271280276816609,-0.07111111111111111,0.10340638216070744,-0.03844675124951941,0.05173394848135333,-0.17279507881584008,-0.05536332179930796,0.14173010380622836,-0.15378700499807765,0.3014225297962323,-0.22145328719723184,-0.09356401384083046,0.15378700499807765,-0.1085121107266436,-0.05536332179930796,-0.09356401384083046,0.2288965782391388,0.041584006151480196,-0.13016532103037293,0.029773164167627833,0.13016532103037293,-0.03543252595155709,0.06698961937716265,0.07111111111111111,-0.04822760476739715,-0.006151480199923107,0.28444444444444444,-0.08421376393694734,0.05911572472126105,-0.13016532103037293,-0.21413302575932336,0.15378700499807765,-0.04822760476739715,-0.16633602460592078,-0.01384083044982699,-0.022206843521722412,-0.08882737408688965,0.010396001537870049,0.05173394848135333,0.029773164167627833,-0.05536332179930796,-0.186082276047674,-0.13016532103037293,0.017777777777777778,0.17279507881584008,,,,,0.003937007859349251,-0.014420686289668083,0.8479109406471252,-0.10816510766744614,0.16218511760234833,0.5989096760749817,-0.16091954708099365,0.27363184094429016,0.04065040498971939,-0.1388235241174698,0.15668202936649323,0.24257425963878632,161.0,0.10226807743310928
EXPC-244,130.23505494579587,45.3450690802568,-0.04822760476739715,-0.1929104190695886,-0.03844675124951941,-0.17279507881584008,-0.029773164167627833,-0.012056901191849288,-0.17937716262975778,0.2288965782391388,0.044844290657439445,0.10340638216070744,0.029773164167627833,-0.1085121107266436,0.05911572472126105,-0.0271280276816609,-0.12456747404844293,0.2288965782391388,0.07111111111111111,-0.19986159169550174,0.006151480199923107,0.03543252595155709,-0.07972318339100345,0.07535563244905807,-0.003014225297962322,0.01384083044982699,-0.22145328719723184,-0.03254133025759323,0.14173010380622836,-0.14173010380622836,0.2761399461745483,-0.19986159169550174,-0.12456747404844293,0.09842368319876971,-0.07535563244905807,-0.05536332179930796,-0.08421376393694734,0.24415224913494812,0.07535563244905807,-0.11374086889657825,0.041584006151480196,0.14769703960015382,-0.024605920799692427,0.07972318339100345,0.04822760476739715,-0.07111111111111111,-0.04822760476739715,0.29287197231833906,-0.05536332179930796,0.07972318339100345,-0.11909265667051133,-0.2599000384467512,0.2069357939254133,-0.03844675124951941,-0.15378700499807765,-0.007443291041906958,-0.003014225297962322,-0.09356401384083046,-0.002214532871972318,0.07111111111111111,0.006151480199923107,-0.05911572472126105,-0.17279507881584008,-0.13016532103037293,0.003014225297962322,0.12456747404844293,,,,,0.009560229256749153,-0.02431453764438629,0.8295137882232666,-0.09665030986070633,0.13184334337711334,0.5269709825515747,-0.13793103396892548,0.2723492681980133,0.25667351484298706,-0.18100358545780182,0.25991901755332947,0.3208828568458557,285.6021728515625,0.1618894636631012
EXPC-245,131.96395254161231,45.563808851939896,-0.0271280276816609,-0.15378700499807765,-0.017777777777777778,-0.17937716262975778,-0.006151480199923107,0.03543252595155709,-0.1929104190695886,0.2069357939254133,-0.03543252595155709,0.12456747404844293,0.06698961937716265,-0.16000000000000003,0.0271280276816609,0.029773164167627833,-0.19986159169550174,0.17937716262975778,0.019930795847750864,-0.186082276047674,-0.029773164167627833,0.006151480199923107,-0.11909265667051133,0.07111111111111111,-0.044844290657439445,-0.003936947327950788,-0.2288965782391388,0.06698961937716265,0.09842368319876971,-0.11374086889657825,0.2761399461745483,-0.14769703960015382,-0.0629911572472126,0.044844290657439445,-0.12456747404844293,-0.05536332179930796,-0.09842368319876971,0.2679584775086506,0.0629911572472126,-0.07972318339100345,0.05173394848135333,0.19986159169550174,-0.01384083044982699,0.0629911572472126,0.09356401384083046,-0.07972318339100345,-0.07535563244905807,0.3014225297962323,-0.07972318339100345,0.09356401384083046,-0.11909265667051133,-0.2288965782391388,0.1929104190695886,-0.03254133025759323,-0.10340638216070744,-0.07111111111111111,-0.024605920799692427,-0.14173010380622836,0.006151480199923107,0.07535563244905807,-0.008858131487889272,-0.04822760476739715,-0.16000000000000003,-0.14769703960015382,-0.01384083044982699,0.14173010380622836,,,,,0.005808864254504442,-0.01119999960064888,0.7871602177619934,-0.3583177328109741,0.3939036428928375,0.5275862216949463,-0.008826583623886108,0.027261147275567055,0.3082413971424103,-0.025889968499541283,0.0016583747928962111,-0.10052122175693512,111.0,0.10226807743310928
EXPC-246,132.84277438406644,47.80600380110223,-0.024605920799692427,-0.13016532103037293,-0.05911572472126105,-0.17937716262975778,-0.0271280276816609,-0.003014225297962322,-0.15378700499807765,0.14769703960015382,-0.01384083044982699,0.08882737408688965,0.01384083044982699,-0.13588619761630144,-0.012056901191849288,-0.041584006151480196,-0.17937716262975778,0.2761399461745483,0.08421376393694734,-0.15378700499807765,-0.010396001537870049,0.10340638216070744,-0.05173394848135333,0.09842368319876971,0.008858131487889272,0.0271280276816609,-0.2069357939254133,0.006151480199923107,0.13588619761630144,-0.08882737408688965,0.3278123798539023,-0.2599000384467512,-0.05911572472126105,0.1085121107266436,-0.01574778931180315,-0.05911572472126105,-0.019930795847750864,0.2679584775086506,0.07972318339100345,-0.1085121107266436,0.022206843521722412,0.14173010380622836,-0.07972318339100345,0.0271280276816609,0.0629911572472126,-0.04822760476739715,-0.024605920799692427,0.29287197231833906,-0.08421376393694734,0.09356401384083046,-0.09356401384083046,-0.13016532103037293,0.17937716262975778,-0.07111111111111111,-0.09842368319876971,-0.017777777777777778,0.017777777777777778,-0.041584006151480196,0.010396001537870049,0.05173394848135333,0.019930795847750864,-0.07111111111111111,-0.2364628988850442,-0.1929104190695886,-0.0629911572472126,0.1929104190695886,,,,,0.006026889197528362,-0.01686972752213478,0.8353198766708374,-0.03408360108733177,0.17608338594436646,0.5082659125328064,-0.08289612084627151,0.2536293864250183,0.6834862232208252,-0.13695091009140015,0.3183673322200775,0.6955380439758301,50.0,0.014508984982967377
EXPC-247,132.31070224128243,45.185887611910815,0.05536332179930796,-0.09356401384083046,-0.022206843521722412,-0.11909265667051133,-0.07972318339100345,0.12456747404844293,-0.1085121107266436,0.09356401384083046,0.0271280276816609,0.17937716262975778,0.00024605920799692423,-0.08882737408688965,-0.03844675124951941,-0.06698961937716265,-0.09356401384083046,0.2364628988850442,0.08882737408688965,-0.08421376393694734,-0.007443291041906958,0.08882737408688965,0.01384083044982699,0.17937716262975778,0.029773164167627833,0.06698961937716265,-0.2069357939254133,0.041584006151480196,0.14173010380622836,-0.16000000000000003,0.2599000384467512,-0.2364628988850442,-0.07972318339100345,0.28444444444444444,0.09356401384083046,-0.1929104190695886,-0.024605920799692427,0.186082276047674,0.07972318339100345,-0.07535563244905807,-0.07535563244905807,0.044844290657439445,-0.11909265667051133,0.004982698961937716,0.13016532103037293,-0.03844675124951941,-0.03844675124951941,0.2288965782391388,-0.14769703960015382,0.13588619761630144,-0.05536332179930796,-0.0629911572472126,0.1929104190695886,-0.010396001537870049,-0.01384083044982699,-0.05173394848135333,-0.003936947327950788,-0.07535563244905807,0.01384083044982699,0.01574778931180315,0.041584006151480196,0.08421376393694734,-0.19986159169550174,-0.22145328719723184,-0.13016532103037293,0.2519646289888504,,,,,0.0033450457267463207,-0.022662809118628502,0.8596739768981934,-0.18113072216510773,0.19731733202934265,0.8076205849647522,-0.32991454005241394,0.33596837520599365,0.7377892136573792,-0.331175833940506,0.3216630220413208,0.9068666100502014,68.0,0.09055157005786896
EXPC-248,132.43628671800235,45.843274736829486,-0.05911572472126105,-0.16633602460592078,-0.07111111111111111,-0.16633602460592078,-0.04822760476739715,0.008858131487889272,-0.11374086889657825,0.16633602460592078,-0.007443291041906958,0.07111111111111111,0.0271280276816609,-0.16000000000000003,-0.017777777777777778,-0.05173394848135333,-0.16633602460592078,0.22145328719723184,0.0629911572472126,-0.2288965782391388,0.03254133025759323,0.07111111111111111,-0.07111111111111111,0.09842368319876971,0.003936947327950788,0.044844290657439445,-0.22145328719723184,-0.010396001537870049,0.1085121107266436,-0.11374086889657825,0.2679584775086506,-0.24415224913494812,-0.07111111111111111,0.12456747404844293,0.022206843521722412,-0.05173394848135333,-0.04822760476739715,0.2364628988850442,0.11909265667051133,-0.11909265667051133,0.006151480199923107,0.17937716262975778,-0.10340638216070744,0.04822760476739715,0.09842368319876971,-0.05536332179930796,-0.044844290657439445,0.28444444444444444,-0.09356401384083046,0.11374086889657825,-0.10340638216070744,-0.17279507881584008,0.15378700499807765,-0.04822760476739715,-0.16000000000000003,-0.05911572472126105,0.024605920799692427,-0.05911572472126105,0.03844675124951941,0.07972318339100345,0.012056901191849288,-0.022206843521722412,-0.1929104190695886,-0.1929104190695886,-0.017777777777777778,0.2069357939254133,,,,,-0.048683736473321915,0.040168825536966324,0.8655703663825989,-0.1686006784439087,0.18145161867141724,0.8797113299369812,-0.0887804850935936,0.09408341348171234,0.5,-0.2687559425830841,0.19763806462287903,0.8042909502983093,95.82205963134766,0.09055157005786896
EXPC-249,131.2611106633172,47.203952897685326,-0.01384083044982699,-0.11374086889657825,-0.0271280276816609,-0.15378700499807765,-0.03844675124951941,0.03844675124951941,-0.11374086889657825,0.16633602460592078,-0.01574778931180315,0.1085121107266436,0.019930795847750864,-0.14769703960015382,0.01384083044982699,-0.044844290657439445,-0.14173010380622836,0.2519646289888504,0.08421376393694734,-0.16633602460592078,0.012056901191849288,0.09356401384083046,-0.0271280276816609,0.1085121107266436,0.017777777777777778,0.044844290657439445,-0.19986159169550174,-0.024605920799692427,0.15378700499807765,-0.10340638216070744,0.31009611687812383,-0.22145328719723184,-0.07111111111111111,0.15378700499807765,0.024605920799692427,-0.07972318339100345,-0.029773164167627833,0.2599000384467512,0.07535563244905807,-0.10340638216070744,-0.012056901191849288,0.14173010380622836,-0.09842368319876971,-0.01574778931180315,0.08882737408688965,-0.03543252595155709,-0.01574778931180315,0.3014225297962323,-0.13588619761630144,0.12456747404844293,-0.08421376393694734,-0.16633602460592078,0.1929104190695886,-0.05911572472126105,-0.09842368319876971,-0.03844675124951941,-0.019930795847750864,-0.0629911572472126,0.01384083044982699,0.06698961937716265,0.003936947327950788,-0.024605920799692427,-0.2364628988850442,-0.17279507881584008,-0.07111111111111111,0.22145328719723184,,,,,0.013670885935425758,-0.03516028821468353,0.8486687541007996,-0.02932002581655979,0.09005848318338394,0.5729957818984985,-0.2646755874156952,0.21104972064495087,0.6046851873397827,-0.33362069725990295,0.27212804555892944,0.8170813918113708,63.5,0.07704101502895355
EXPC-250,130.92576956775537,47.204402055327385,0.03254133025759323,-0.11374086889657825,0.008858131487889272,-0.14173010380622836,-0.07111111111111111,0.044844290657439445,-0.09356401384083046,0.16633602460592078,-0.00024605920799692423,0.11909265667051133,0.024605920799692427,-0.11909265667051133,-0.003936947327950788,-0.04822760476739715,-0.09356401384083046,0.2679584775086506,0.10340638216070744,-0.15378700499807765,0.01574778931180315,0.08882737408688965,0.007443291041906958,0.08421376393694734,0.05173394848135333,0.05536332179930796,-0.17279507881584008,0.003014225297962322,0.17279507881584008,-0.13588619761630144,0.3014225297962323,-0.22145328719723184,-0.1085121107266436,0.21413302575932336,0.03543252595155709,-0.08882737408688965,-0.041584006151480196,0.2364628988850442,0.08882737408688965,-0.10340638216070744,-0.019930795847750864,0.14769703960015382,-0.13588619761630144,-0.012056901191849288,0.08882737408688965,-0.006151480199923107,-0.044844290657439445,0.28444444444444444,-0.14173010380622836,0.14173010380622836,-0.041584006151480196,-0.16000000000000003,0.16000000000000003,-0.04822760476739715,-0.05173394848135333,-0.017777777777777778,-0.017777777777777778,-0.05173394848135333,0.01384083044982699,0.07111111111111111,0.003936947327950788,0.017777777777777778,-0.24415224913494812,-0.16633602460592078,-0.08882737408688965,0.2364628988850442,,,,,0.017083032056689262,-0.040033333003520966,0.805522084236145,-0.07096774131059647,0.12163616716861725,0.5138014554977417,-0.104678213596344,-0.009912536479532719,0.5628163814544678,-0.3736059367656708,0.35129931569099426,0.8522427678108215,68.25430297851562,0.16319327056407928
EXPC-251,133.9874975506199,48.301065354180494,0.003936947327950788,-0.16633602460592078,-0.017777777777777778,-0.14769703960015382,-0.03254133025759323,0.008858131487889272,-0.07535563244905807,0.17279507881584008,0.003936947327950788,0.12456747404844293,-0.012056901191849288,-0.11909265667051133,0.007443291041906958,-0.019930795847750864,-0.13588619761630144,0.28444444444444444,0.09842368319876971,-0.16633602460592078,0.0271280276816609,0.07111111111111111,-0.004982698961937716,0.1085121107266436,0.007443291041906958,0.05536332179930796,-0.186082276047674,0.002214532871972318,0.14173010380622836,-0.09356401384083046,0.3014225297962323,-0.2679584775086506,-0.08421376393694734,0.2069357939254133,-0.003936947327950788,-0.07111111111111111,-0.041584006151480196,0.2288965782391388,0.07535563244905807,-0.14173010380622836,0.0005536332179930795,0.12456747404844293,-0.08421376393694734,-0.010396001537870049,0.08421376393694734,-0.010396001537870049,-0.017777777777777778,0.28444444444444444,-0.13016532103037293,0.07972318339100345,-0.1085121107266436,-0.17937716262975778,0.186082276047674,-0.07535563244905807,-0.09842368319876971,-0.01574778931180315,-0.010396001537870049,-0.04822760476739715,0.012056901191849288,0.05173394848135333,0.03254133025759323,-0.024605920799692427,-0.2288965782391388,-0.13588619761630144,-0.044844290657439445,0.2364628988850442,,,,,0.0037243948318064213,-0.01608247496187687,0.878740131855011,-0.12175824493169785,0.0663551390171051,0.8344051241874695,-0.2959064245223999,0.2694174647331238,0.7203947305679321,-0.48459383845329285,0.4407294690608978,0.8922155499458313,37.5,0.08564630895853043
EXPC-252,131.99970548992027,47.33088484733141,-0.017777777777777778,-0.09842368319876971,-0.03543252595155709,-0.17937716262975778,0.008858131487889272,0.006151480199923107,-0.19986159169550174,0.16633602460592078,-0.012056901191849288,0.09842368319876971,0.04822760476739715,-0.16633602460592078,0.010396001537870049,-0.022206843521722412,-0.186082276047674,0.22145328719723184,0.07535563244905807,-0.11374086889657825,-0.03254133025759323,0.08421376393694734,-0.06698961937716265,0.08882737408688965,0.012056901191849288,0.022206843521722412,-0.19986159169550174,0.024605920799692427,0.15378700499807765,-0.08421376393694734,0.33685505574778934,-0.24415224913494812,-0.03844675124951941,0.07111111111111111,-0.008858131487889272,-0.08882737408688965,-0.03543252595155709,0.29287197231833906,0.08421376393694734,-0.0629911572472126,0.01574778931180315,0.14173010380622836,-0.07535563244905807,-0.041584006151480196,0.05911572472126105,-0.07535563244905807,-0.07535563244905807,0.29287197231833906,-0.10340638216070744,0.09842368319876971,-0.07535563244905807,-0.13588619761630144,0.22145328719723184,-0.07972318339100345,-0.06698961937716265,-0.008858131487889272,-0.012056901191849288,-0.07972318339100345,-0.044844290657439445,0.04822760476739715,0.029773164167627833,-0.07535563244905807,-0.21413302575932336,-0.16633602460592078,-0.07535563244905807,0.186082276047674,,,,,-0.013609145767986774,-0.008627887815237045,0.8203654289245605,-0.28376704454421997,0.35562989115715027,0.5853976607322693,-0.21596725285053253,0.3274802565574646,0.574999988079071,-0.5704596638679504,0.6192384958267212,0.7955555319786072,55.0,0.07704101502895355
EXPC-253,132.77944315653602,45.310394110289785,-0.01574778931180315,-0.13588619761630144,-0.09356401384083046,-0.14173010380622836,-0.05173394848135333,0.05173394848135333,-0.07972318339100345,0.1085121107266436,0.007443291041906958,0.08421376393694734,-0.022206843521722412,-0.14173010380622836,-0.05173394848135333,-0.041584006151480196,-0.14769703960015382,0.2761399461745483,0.07535563244905807,-0.19986159169550174,0.01384083044982699,0.07972318339100345,-0.05173394848135333,0.16000000000000003,-0.008858131487889272,0.041584006151480196,-0.2288965782391388,-0.03543252595155709,0.1085121107266436,-0.11374086889657825,0.28444444444444444,-0.24415224913494812,-0.06698961937716265,0.16633602460592078,0.019930795847750864,-0.10340638216070744,-0.03543252595155709,0.22145328719723184,0.05911572472126105,-0.09842368319876971,-0.0271280276816609,0.17279507881584008,-0.10340638216070744,0.06698961937716265,0.10340638216070744,-0.05173394848135333,-0.024605920799692427,0.28444444444444444,-0.13016532103037293,0.10340638216070744,-0.10340638216070744,-0.13016532103037293,0.186082276047674,-0.05911572472126105,-0.13016532103037293,-0.06698961937716265,-0.01384083044982699,-0.05911572472126105,0.03844675124951941,0.05536332179930796,-0.0015378700499807767,0.044844290657439445,-0.186082276047674,-0.2069357939254133,-0.044844290657439445,0.2069357939254133,,,,,0.031027253717184067,0.0880771353840828,0.8959612250328064,-0.21159420907497406,0.2946515381336212,0.7790645956993103,-0.28240740299224854,0.3957115113735199,0.5893451571464539,-0.3787047266960144,0.3063725531101227,0.8685363531112671,70.0,0.09055157005786896
EXPC-254,130.8425855724459,46.16460211395904,-0.06698961937716265,-0.17279507881584008,0.019930795847750864,-0.2364628988850442,-0.05536332179930796,-0.0271280276816609,-0.2519646289888504,0.16633602460592078,-0.003936947327950788,0.07535563244905807,0.05911572472126105,-0.11909265667051133,0.024605920799692427,-0.01574778931180315,-0.17937716262975778,0.2364628988850442,0.1085121107266436,-0.11909265667051133,-0.05911572472126105,-0.01574778931180315,-0.07972318339100345,0.11374086889657825,-0.029773164167627833,-0.017777777777777778,-0.2599000384467512,0.017777777777777778,0.07972318339100345,-0.05536332179930796,0.33685505574778934,-0.16633602460592078,-0.03254133025759323,-0.002214532871972318,-0.07535563244905807,-0.044844290657439445,-0.07111111111111111,0.28444444444444444,0.03844675124951941,-0.0271280276816609,-0.019930795847750864,0.186082276047674,-0.07111111111111111,0.0629911572472126,0.022206843521722412,0.003936947327950788,-0.0271280276816609,0.31009611687812383,-0.01384083044982699,0.1085121107266436,-0.07535563244905807,-0.2364628988850442,0.16000000000000003,-0.0271280276816609,-0.10340638216070744,-0.002214532871972318,-0.019930795847750864,-0.05173394848135333,0.010396001537870049,0.022206843521722412,0.003936947327950788,-0.017777777777777778,-0.2288965782391388,-0.13016532103037293,0.002214532871972318,0.10340638216070744,,,,,-0.0028673012275248766,-0.01063644327223301,0.791412353515625,0.03990517556667328,0.03836316987872124,0.19361612200737,0.20508530735969543,-0.041040461510419846,0.2105071097612381,0.0902777761220932,0.09510086476802826,0.3748190999031067,203.65257263183594,0.0630452111363411
EXPC-255,134.60041806897468,48.287949951032346,-0.044844290657439445,-0.11374086889657825,-0.041584006151480196,-0.22145328719723184,-0.008858131487889272,-0.0015378700499807767,-0.15378700499807765,0.2069357939254133,0.017777777777777778,0.07972318339100345,0.010396001537870049,-0.10340638216070744,-0.003936947327950788,-0.017777777777777778,-0.17937716262975778,0.21413302575932336,0.09356401384083046,-0.16000000000000003,0.0271280276816609,0.08421376393694734,-0.024605920799692427,0.14173010380622836,0.006151480199923107,0.03254133025759323,-0.22145328719723184,-0.007443291041906958,0.10340638216070744,-0.10340638216070744,0.34602076124567477,-0.24415224913494812,-0.029773164167627833,0.09356401384083046,-0.05536332179930796,-0.0629911572472126,-0.041584006151480196,0.2761399461745483,0.07535563244905807,-0.08882737408688965,0.012056901191849288,0.11909265667051133,-0.041584006151480196,0.022206843521722412,0.029773164167627833,-0.05911572472126105,-0.01384083044982699,0.31009611687812383,-0.06698961937716265,0.08882737408688965,-0.11374086889657825,-0.14173010380622836,0.1929104190695886,-0.07111111111111111,-0.15378700499807765,-0.05536332179930796,0.00024605920799692423,-0.05536332179930796,0.006151480199923107,0.04822760476739715,-0.002214532871972318,-0.09356401384083046,-0.2069357939254133,-0.16000000000000003,-0.03844675124951941,0.17279507881584008,,,,,0.025218235328793526,-0.03882063925266266,0.8167885541915894,-0.057009682059288025,0.05361640825867653,0.623059868812561,-0.08210526406764984,0.2823045253753662,0.2908036410808563,-0.5598264336585999,0.557356595993042,0.5992317795753479,37.2799072265625,0.04811146482825279
EXPC-256,130.95110205876753,45.4375057229927,-0.05173394848135333,-0.17279507881584008,-0.041584006151480196,-0.17937716262975778,-0.03844675124951941,0.012056901191849288,-0.1085121107266436,0.16633602460592078,0.029773164167627833,0.12456747404844293,-0.017777777777777778,-0.14769703960015382,0.0271280276816609,-0.0629911572472126,-0.10340638216070744,0.24415224913494812,0.09356401384083046,-0.2364628988850442,0.017777777777777778,0.05173394848135333,-0.05911572472126105,0.11909265667051133,-0.004982698961937716,0.07972318339100345,-0.19986159169550174,-0.09356401384083046,0.09842368319876971,-0.16000000000000003,0.2679584775086506,-0.21413302575932336,-0.06698961937716265,0.14769703960015382,-0.012056901191849288,-0.11374086889657825,-0.04822760476739715,0.19986159169550174,0.05536332179930796,-0.10340638216070744,0.003936947327950788,0.17279507881584008,-0.06698961937716265,0.07111111111111111,0.09356401384083046,-0.029773164167627833,-0.017777777777777778,0.33685505574778934,-0.09356401384083046,0.07972318339100345,-0.09356401384083046,-0.21413302575932336,0.16633602460592078,-0.03844675124951941,-0.14769703960015382,0.003014225297962322,0.022206843521722412,-0.07111111111111111,0.024605920799692427,0.05536332179930796,-0.01574778931180315,-0.029773164167627833,-0.19986159169550174,-0.16633602460592078,-0.010396001537870049,0.17279507881584008,,,,,0.004745560232549906,-0.017162194475531578,0.8458744883537292,-0.08015675097703934,0.12117086350917816,0.5730658769607544,-0.21554116904735565,0.25548726320266724,0.6608594655990601,-0.3094944655895233,0.34272301197052,0.6823529601097107,227.5,0.1618894636631012
EXPC-257,131.26012251650465,46.68059441315729,-0.05911572472126105,-0.12456747404844293,-0.03543252595155709,-0.2069357939254133,-0.04822760476739715,0.04822760476739715,-0.15378700499807765,0.19986159169550174,-0.01384083044982699,0.07972318339100345,0.041584006151480196,-0.14769703960015382,0.04822760476739715,-0.05911572472126105,-0.14769703960015382,0.21413302575932336,0.08421376393694734,-0.2069357939254133,0.044844290657439445,0.05173394848135333,-0.06698961937716265,0.08421376393694734,0.012056901191849288,0.07972318339100345,-0.19986159169550174,-0.03844675124951941,0.07972318339100345,-0.16000000000000003,0.2679584775086506,-0.2069357939254133,-0.03844675124951941,0.12456747404844293,0.044844290657439445,-0.07535563244905807,-0.05173394848135333,0.24415224913494812,0.05536332179930796,-0.11374086889657825,-0.006151480199923107,0.16633602460592078,-0.07535563244905807,0.03844675124951941,0.09842368319876971,-0.04822760476739715,-0.024605920799692427,0.31009611687812383,-0.09842368319876971,0.11374086889657825,-0.07111111111111111,-0.19986159169550174,0.16633602460592078,-0.029773164167627833,-0.14769703960015382,-0.041584006151480196,0.010396001537870049,-0.08421376393694734,0.06698961937716265,0.07972318339100345,-0.0271280276816609,-0.024605920799692427,-0.2288965782391388,-0.17937716262975778,-0.04822760476739715,0.16633602460592078,,,,,0.0015471893129870296,-0.008681457489728928,0.8359214067459106,-0.180914506316185,0.27464789152145386,0.5713510513305664,-0.0714285746216774,0.12795031070709229,0.6199821829795837,-0.17241379618644714,0.08819538354873657,0.7861915230751038,128.8292236328125,0.09111568331718445
EXPC-258,130.54003298475445,48.259832682639406,-0.05911572472126105,-0.17937716262975778,0.029773164167627833,-0.24415224913494812,-0.03844675124951941,-0.09842368319876971,-0.13588619761630144,0.22145328719723184,0.041584006151480196,0.13016532103037293,0.007443291041906958,-0.10340638216070744,0.06698961937716265,-0.0271280276816609,-0.17937716262975778,0.2288965782391388,0.12456747404844293,-0.19986159169550174,-0.07111111111111111,0.006151480199923107,-0.05911572472126105,0.07972318339100345,-0.0629911572472126,-0.007443291041906958,-0.17937716262975778,-0.05536332179930796,0.03543252595155709,-0.010396001537870049,0.34602076124567477,-0.21413302575932336,-0.041584006151480196,0.0629911572472126,-0.07535563244905807,-0.08421376393694734,-0.05536332179930796,0.2519646289888504,0.029773164167627833,-0.08882737408688965,-0.007443291041906958,0.13016532103037293,-0.07535563244905807,0.017777777777777778,0.01574778931180315,0.01384083044982699,0.019930795847750864,0.31009611687812383,-0.024605920799692427,0.00024605920799692423,-0.13016532103037293,-0.186082276047674,0.12456747404844293,-0.029773164167627833,-0.16633602460592078,0.03543252595155709,0.01384083044982699,0.019930795847750864,0.03543252595155709,0.012056901191849288,-0.006151480199923107,-0.1085121107266436,-0.24415224913494812,-0.13016532103037293,0.010396001537870049,0.16000000000000003,,,,,0.009647853672504425,-0.03999999910593033,0.8152563571929932,-0.1414330154657364,0.20115941762924194,0.7074577808380127,0.24410933256149292,-0.05263157933950424,0.2222222238779068,0.16908212006092072,0.024193547666072845,0.12638580799102783,125.4071273803711,0.0640474185347557
EXPC-259,134.28816367621474,48.12858881962955,-0.01574778931180315,-0.07972318339100345,-0.008858131487889272,-0.2599000384467512,-0.012056901191849288,-0.002214532871972318,-0.16000000000000003,0.11909265667051133,-0.024605920799692427,0.13588619761630144,0.01384083044982699,-0.06698961937716265,-0.01574778931180315,0.012056901191849288,-0.2679584775086506,0.2599000384467512,0.09842368319876971,-0.16633602460592078,-0.0629911572472126,0.0629911572472126,-0.07535563244905807,0.10340638216070744,0.01574778931180315,-0.012056901191849288,-0.2364628988850442,0.022206843521722412,0.07111111111111111,-0.03543252595155709,0.3188927335640138,-0.2364628988850442,-0.007443291041906958,-0.03254133025759323,0.019930795847750864,-0.07535563244905807,-0.029773164167627833,0.2761399461745483,0.08882737408688965,-0.05536332179930796,0.05173394848135333,0.16633602460592078,-0.06698961937716265,0.05911572472126105,0.01384083044982699,-0.04822760476739715,-0.003014225297962322,0.3014225297962323,-0.01384083044982699,0.07972318339100345,-0.003014225297962322,-0.14769703960015382,0.17279507881584008,-0.05536332179930796,-0.07535563244905807,-0.0629911572472126,0.029773164167627833,-0.07972318339100345,-0.041584006151480196,0.008858131487889272,0.022206843521722412,-0.13016532103037293,-0.24415224913494812,-0.186082276047674,-0.03844675124951941,0.14769703960015382,,,,,0.010747873224318027,-0.023118767887353897,0.8192370533943176,-0.18195489048957825,0.17700454592704773,0.6996176838874817,-0.20574162900447845,0.23791520297527313,0.6952662467956543,-0.4440433084964752,0.5161036849021912,0.6666666865348816,49.25353240966797,0.04811146482825279
EXPC-260,130.395359308247,43.118998890444416,-0.07535563244905807,-0.008858131487889272,0.22145328719723184,-0.3014225297962323,-0.03543252595155709,-0.08421376393694734,-0.2519646289888504,0.2761399461745483,0.10340638216070744,-0.0629911572472126,0.09842368319876971,0.11374086889657825,0.019930795847750864,0.19986159169550174,-0.05911572472126105,0.07111111111111111,0.07111111111111111,-0.03543252595155709,-0.10340638216070744,-0.029773164167627833,0.022206843521722412,-0.05536332179930796,0.12456747404844293,0.022206843521722412,-0.16000000000000003,0.13016532103037293,0.029773164167627833,-0.0629911572472126,0.2069357939254133,-0.15378700499807765,-0.10340638216070744,-0.07535563244905807,-0.017777777777777778,-0.006151480199923107,0.029773164167627833,0.2679584775086506,-0.022206843521722412,0.06698961937716265,0.05911572472126105,-0.044844290657439445,-0.019930795847750864,0.007443291041906958,-0.00024605920799692423,-0.06698961937716265,-0.13588619761630144,0.14173010380622836,0.2761399461745483,-0.05536332179930796,0.03543252595155709,-0.0629911572472126,0.19986159169550174,0.11909265667051133,-0.14173010380622836,0.08882737408688965,0.07535563244905807,0.11909265667051133,-0.007443291041906958,0.0271280276816609,-0.022206843521722412,-0.2519646289888504,-0.24415224913494812,0.002214532871972318,-0.11909265667051133,-0.019930795847750864,-15.609565628621239,-27.641795140614597,-8.956948476334325,-15.5762461726393,0.02582644671201706,-0.046364594250917435,0.7969719767570496,0.15643209218978882,-0.29323309659957886,-0.398464173078537,0.5357686281204224,-0.4800146818161011,-0.22598253190517426,0.23503465950489044,-0.40602582693099976,-0.3152308762073517,256.3674011230469,0.15145225822925568
EXPC-261,133.11051725449826,46.02361153011648,-0.01574778931180315,0.017777777777777778,0.017777777777777778,-0.37425605536332185,0.002214532871972318,-0.05536332179930796,-0.2519646289888504,0.11374086889657825,-0.03543252595155709,-0.024605920799692427,-0.012056901191849288,-0.05173394848135333,-0.08421376393694734,0.041584006151480196,-0.22145328719723184,0.17937716262975778,-0.004982698961937716,-0.0271280276816609,-0.024605920799692427,0.1085121107266436,-0.04822760476739715,0.10340638216070744,0.05173394848135333,-0.05911572472126105,-0.12456747404844293,0.11909265667051133,0.11909265667051133,-0.06698961937716265,0.36472126105344094,-0.24415224913494812,0.003936947327950788,-0.1085121107266436,-0.08421376393694734,0.04822760476739715,-0.024605920799692427,0.3014225297962323,0.08421376393694734,0.09842368319876971,0.08421376393694734,-0.01384083044982699,-0.01574778931180315,0.05173394848135333,-0.07972318339100345,-0.01574778931180315,0.04822760476739715,0.28444444444444444,0.16633602460592078,0.0005536332179930795,0.05536332179930796,-0.007443291041906958,0.1929104190695886,-0.07111111111111111,-0.05536332179930796,-0.012056901191849288,0.029773164167627833,0.029773164167627833,-0.007443291041906958,-0.03254133025759323,0.010396001537870049,-0.2519646289888504,-0.2069357939254133,0.012056901191849288,-0.019930795847750864,0.002214532871972318,,,,,-0.014243423007428646,0.010706878267228603,0.8334349989891052,0.21397915482521057,-0.30006566643714905,-0.27285128831863403,0.3372228741645813,-0.3899332880973816,-0.4139236807823181,0.5224200487136841,-0.6206896305084229,-0.4751577377319336,63.32295608520508,0.010071716271340847
EXPC-262,133.65624378960086,45.98749925569487,-0.044844290657439445,0.03543252595155709,0.15378700499807765,-0.31009611687812383,0.03254133025759323,-0.03844675124951941,-0.29287197231833906,0.19986159169550174,-0.003936947327950788,-0.04822760476739715,0.08882737408688965,-0.07972318339100345,-0.09842368319876971,0.044844290657439445,-0.2288965782391388,0.19986159169550174,0.1085121107266436,-0.04822760476739715,-0.07972318339100345,0.09842368319876971,-0.008858131487889272,0.008858131487889272,0.15378700499807765,-0.11374086889657825,-0.09356401384083046,0.21413302575932336,0.0629911572472126,-0.1085121107266436,0.33685505574778934,-0.13016532103037293,-0.003936947327950788,-0.03844675124951941,-0.11374086889657825,0.06698961937716265,0.01384083044982699,0.29287197231833906,0.0629911572472126,0.1085121107266436,0.012056901191849288,0.024605920799692427,-0.002214532871972318,0.04822760476739715,-0.08421376393694734,-0.01574778931180315,0.022206843521722412,0.21413302575932336,0.186082276047674,-0.0271280276816609,0.07535563244905807,-0.07972318339100345,0.2069357939254133,-0.03543252595155709,-0.09842368319876971,0.07535563244905807,0.05911572472126105,0.0271280276816609,0.03254133025759323,0.01574778931180315,0.03254133025759323,-0.16000000000000003,-0.186082276047674,-0.05536332179930796,-0.08882737408688965,-0.019930795847750864,,,,,0.015085157938301563,-0.026353823021054268,0.7965274453163147,0.20600657165050507,-0.3078880310058594,-0.28213247656822205,0.5139477849006653,-0.49000659584999084,-0.39758723974227905,0.503084659576416,-0.5604075789451599,-0.4954894781112671,86.2854232788086,0.056132856756448746
EXPC-263,133.95699974672408,48.03242416846455,-0.010396001537870049,0.022206843521722412,0.022206843521722412,-0.3553094963475586,0.04822760476739715,-0.017777777777777778,-0.2519646289888504,0.16000000000000003,-0.012056901191849288,0.002214532871972318,0.0271280276816609,-0.044844290657439445,-0.09356401384083046,0.05911572472126105,-0.2519646289888504,0.22145328719723184,0.01384083044982699,-0.03543252595155709,-0.03543252595155709,0.1085121107266436,-0.019930795847750864,0.05911572472126105,0.06698961937716265,-0.0629911572472126,-0.09842368319876971,0.11909265667051133,0.11909265667051133,-0.08882737408688965,0.3839138792772011,-0.17279507881584008,-0.024605920799692427,-0.09842368319876971,-0.1085121107266436,0.03254133025759323,-0.07111111111111111,0.3014225297962323,0.08882737408688965,0.041584006151480196,0.1085121107266436,0.01384083044982699,-0.003014225297962322,0.07535563244905807,-0.08882737408688965,-0.007443291041906958,0.017777777777777778,0.2364628988850442,0.16633602460592078,-0.022206843521722412,0.05173394848135333,-0.05536332179930796,0.22145328719723184,-0.09842368319876971,-0.044844290657439445,-0.010396001537870049,0.01384083044982699,0.01384083044982699,-0.044844290657439445,-0.05536332179930796,0.04822760476739715,-0.19986159169550174,-0.22145328719723184,-0.0271280276816609,-0.024605920799692427,-0.002214532871972318,,,,,0.0036569663789123297,-0.011576597578823566,0.87180495262146,0.2660222053527832,-0.33232855796813965,-0.39820003509521484,0.5570291876792908,-0.5306388735771179,-0.3744570016860962,0.4155937135219574,-0.48378631472587585,-0.4852336347103119,47.81578826904297,0.08564630895853043
EXPC-264,131.41701328087615,45.39218571690887,-0.07111111111111111,0.04822760476739715,0.05173394848135333,-0.28444444444444444,-0.04822760476739715,-0.15378700499807765,-0.2599000384467512,0.3278123798539023,0.09842368319876971,-0.06698961937716265,0.06698961937716265,0.07972318339100345,0.010396001537870049,0.1085121107266436,-0.09842368319876971,0.10340638216070744,0.022206843521722412,-0.07535563244905807,-0.05911572472126105,0.017777777777777778,-0.0015378700499807767,0.01384083044982699,0.1085121107266436,0.01384083044982699,-0.06698961937716265,0.15378700499807765,0.12456747404844293,-0.003936947327950788,0.24415224913494812,-0.16633602460592078,-0.09842368319876971,-0.13016532103037293,-0.08882737408688965,-0.03254133025759323,0.07535563244905807,0.2364628988850442,0.03254133025759323,0.07535563244905807,0.13016532103037293,-0.024605920799692427,-0.01384083044982699,0.04822760476739715,-0.010396001537870049,-0.14769703960015382,-0.1085121107266436,0.24415224913494812,0.2069357939254133,-0.05911572472126105,0.017777777777777778,0.03844675124951941,0.17937716262975778,0.06698961937716265,-0.12456747404844293,-0.017777777777777778,0.11374086889657825,0.08882737408688965,0.01574778931180315,0.06698961937716265,-0.0629911572472126,-0.3014225297962323,-0.2069357939254133,0.0271280276816609,-0.11374086889657825,-0.003936947327950788,,,,,0.015337423421442509,-0.039246466010808945,0.8283438086509705,0.16177745163440704,-0.3121767044067383,-0.4321329593658447,0.7029703259468079,-0.6264775395393372,-0.491870641708374,0.5435613989830017,-0.6614821553230286,-0.3664383590221405,162.59584045410156,0.10226807743310928
EXPC-265,130.3463112937341,48.55120124504358,-0.05536332179930796,0.024605920799692427,0.11374086889657825,-0.29287197231833906,-0.05173394848135333,-0.15378700499807765,-0.28444444444444444,0.2599000384467512,0.09842368319876971,-0.0271280276816609,0.019930795847750864,0.05911572472126105,0.017777777777777778,0.12456747404844293,-0.14173010380622836,0.17937716262975778,0.041584006151480196,-0.08421376393694734,-0.06698961937716265,-0.007443291041906958,0.012056901191849288,0.003936947327950788,0.06698961937716265,0.010396001537870049,-0.11374086889657825,0.07535563244905807,0.08882737408688965,-0.002214532871972318,0.31009611687812383,-0.1929104190695886,-0.029773164167627833,-0.10340638216070744,-0.11374086889657825,-0.007443291041906958,-0.01384083044982699,0.31009611687812383,0.0271280276816609,0.07535563244905807,0.1085121107266436,0.024605920799692427,0.019930795847750864,0.09842368319876971,-0.07111111111111111,-0.07111111111111111,-0.08421376393694734,0.2069357939254133,0.19986159169550174,-0.05911572472126105,0.029773164167627833,-0.05536332179930796,0.1929104190695886,-0.006151480199923107,-0.13016532103037293,-0.024605920799692427,0.05911572472126105,0.06698961937716265,0.017777777777777778,-0.019930795847750864,-0.07972318339100345,-0.2761399461745483,-0.2364628988850442,-0.01574778931180315,-0.08882737408688965,0.03254133025759323,,,,,0.0035118525847792625,-0.007936508394777775,0.7858914732933044,0.13011381030082703,-0.263411283493042,-0.35733574628829956,0.8127812743186951,-0.7272727489471436,-0.48522865772247314,0.48556962609291077,-0.6120879054069519,-0.45713186264038086,108.98197937011719,0.0640474185347557
EXPC-266,129.99623782751272,48.84333337543925,-0.019930795847750864,0.0629911572472126,0.13016532103037293,-0.2599000384467512,0.003014225297962322,-0.15378700499807765,-0.28444444444444444,0.3014225297962323,0.06698961937716265,-0.03844675124951941,0.03543252595155709,0.07972318339100345,-0.010396001537870049,0.1085121107266436,-0.17279507881584008,0.16633602460592078,0.03844675124951941,-0.041584006151480196,-0.05536332179930796,0.01574778931180315,0.03844675124951941,-0.01384083044982699,0.10340638216070744,-0.008858131487889272,-0.06698961937716265,0.044844290657439445,0.06698961937716265,-0.029773164167627833,0.3014225297962323,-0.17279507881584008,-0.07535563244905807,-0.09356401384083046,-0.13016532103037293,0.006151480199923107,-0.03254133025759323,0.3014225297962323,0.029773164167627833,0.0271280276816609,0.08421376393694734,0.044844290657439445,-0.00024605920799692423,0.11374086889657825,-0.07111111111111111,-0.1085121107266436,-0.07972318339100345,0.2069357939254133,0.19986159169550174,-0.0629911572472126,0.041584006151480196,-0.03543252595155709,0.22145328719723184,-0.004982698961937716,-0.12456747404844293,-0.03254133025759323,0.03254133025759323,0.07972318339100345,0.00024605920799692423,0.022206843521722412,-0.07535563244905807,-0.24415224913494812,-0.2679584775086506,-0.024605920799692427,-0.08421376393694734,0.03254133025759323,,,,,0.00514196278527379,-0.030483612790703773,0.837233304977417,0.1918027549982071,-0.30918043851852417,-0.4940100610256195,0.834789514541626,-0.75,-0.5111111402511597,0.5040965676307678,-0.5464420318603516,-0.254916250705719,192.40261840820312,0.1526353657245636
EXPC-267,131.69513169283954,45.680275428526,-0.12456747404844293,0.08882737408688965,0.13016532103037293,-0.2679584775086506,-0.041584006151480196,-0.14769703960015382,-0.28444444444444444,0.36472126105344094,0.13588619761630144,-0.07535563244905807,0.10340638216070744,0.004982698961937716,-0.03844675124951941,0.13016532103037293,-0.1085121107266436,0.13016532103037293,0.08882737408688965,-0.07111111111111111,-0.1085121107266436,-0.017777777777777778,-0.003014225297962322,0.010396001537870049,0.1085121107266436,-0.0271280276816609,-0.05173394848135333,0.19986159169550174,0.08882737408688965,0.010396001537870049,0.2519646289888504,-0.16000000000000003,-0.044844290657439445,-0.08882737408688965,-0.08421376393694734,0.024605920799692427,0.05911572472126105,0.2364628988850442,0.022206843521722412,0.17279507881584008,0.05911572472126105,-0.007443291041906958,0.004982698961937716,0.024605920799692427,-0.003014225297962322,-0.1085121107266436,-0.12456747404844293,0.2069357939254133,0.1929104190695886,0.022206843521722412,0.01574778931180315,-0.003936947327950788,0.15378700499807765,0.0629911572472126,-0.09842368319876971,0.04822760476739715,0.10340638216070744,0.1085121107266436,0.044844290657439445,0.05536332179930796,-0.044844290657439445,-0.2364628988850442,-0.1929104190695886,-0.007443291041906958,-0.09842368319876971,0.019930795847750864,,,,,0.01913614012300968,-0.030403537675738335,0.8138573169708252,0.17764471471309662,-0.30099228024482727,-0.4447120726108551,0.4918190538883209,-0.5077821016311646,-0.38189035654067993,0.5150426626205444,-0.589260458946228,-0.32271844148635864,166.36721801757812,0.10226807743310928
EXPC-268,130.38754396527517,48.62207832096061,-0.03543252595155709,0.11374086889657825,0.1085121107266436,-0.29287197231833906,0.01574778931180315,-0.0629911572472126,-0.2599000384467512,0.2679584775086506,0.0629911572472126,-0.08882737408688965,0.06698961937716265,-0.041584006151480196,-0.05536332179930796,0.11374086889657825,-0.14769703960015382,0.19986159169550174,0.06698961937716265,-0.03254133025759323,-0.06698961937716265,0.05536332179930796,0.01384083044982699,0.003014225297962322,0.14769703960015382,-0.07535563244905807,-0.0629911572472126,0.17937716262975778,0.14173010380622836,-0.09356401384083046,0.3188927335640138,-0.1929104190695886,-0.01574778931180315,-0.029773164167627833,-0.12456747404844293,0.041584006151480196,-0.03543252595155709,0.2519646289888504,0.008858131487889272,0.14173010380622836,0.07972318339100345,0.03254133025759323,0.03543252595155709,0.04822760476739715,-0.08421376393694734,-0.05536332179930796,-0.044844290657439445,0.19986159169550174,0.15378700499807765,0.0015378700499807767,0.05536332179930796,-0.03254133025759323,0.2679584775086506,-0.07111111111111111,-0.10340638216070744,0.017777777777777778,0.029773164167627833,0.0629911572472126,-0.01384083044982699,-0.041584006151480196,-0.044844290657439445,-0.21413302575932336,-0.24415224913494812,-0.010396001537870049,-0.04822760476739715,0.017777777777777778,,,,,-0.008021390065550804,0.0053063733503222466,0.8369054794311523,0.17788341641426086,-0.311786025762558,-0.3901987373828888,0.6623376607894897,-0.5811764597892761,-0.5218267440795898,0.587270975112915,-0.6655704379081726,-0.46950241923332214,146.4646453857422,0.0640474185347557
EXPC-269,130.53819143842202,45.00896441670348,-0.0629911572472126,0.04822760476739715,0.0629911572472126,-0.3278123798539023,-0.04822760476739715,-0.05173394848135333,-0.2364628988850442,0.31009611687812383,0.05911572472126105,-0.01384083044982699,0.09356401384083046,0.0005536332179930795,0.03844675124951941,0.13016532103037293,-0.0629911572472126,0.0271280276816609,-0.03543252595155709,-0.041584006151480196,-0.07972318339100345,0.01574778931180315,-0.05173394848135333,-0.0629911572472126,0.09356401384083046,-0.03543252595155709,-0.08421376393694734,0.16633602460592078,0.06698961937716265,-0.05911572472126105,0.24415224913494812,-0.11909265667051133,-0.05536332179930796,-0.12456747404844293,-0.13588619761630144,-0.0271280276816609,0.002214532871972318,0.3014225297962323,0.002214532871972318,0.09842368319876971,0.13016532103037293,0.05173394848135333,-0.01574778931180315,0.000984236831987697,-0.06698961937716265,-0.05911572472126105,-0.11909265667051133,0.2599000384467512,0.2069357939254133,-0.029773164167627833,0.05536332179930796,-0.05911572472126105,0.2519646289888504,0.09842368319876971,-0.07111111111111111,-0.041584006151480196,0.06698961937716265,0.029773164167627833,-0.0015378700499807767,0.07111111111111111,-0.09356401384083046,-0.2519646289888504,-0.24415224913494812,-0.022206843521722412,-0.11909265667051133,-0.03844675124951941,-12.702154411710385,-27.854799005571678,-12.390318403407143,-16.094766834383705,0.029015306383371353,-0.06696146726608276,0.7102330327033997,0.15755102038383484,-0.30032095313072205,-0.33781731128692627,0.4748292565345764,-0.4692540466785431,-0.4286489486694336,0.38584503531455994,-0.5079253911972046,-0.3844534158706665,248.25912475585938,0.1618894636631012
EXPC-270,134.6320836827399,48.28898301360909,-0.041584006151480196,0.05536332179930796,0.14769703960015382,-0.31009611687812383,-0.041584006151480196,-0.07111111111111111,-0.28444444444444444,0.3278123798539023,0.0629911572472126,-0.029773164167627833,0.14173010380622836,-0.01384083044982699,0.012056901191849288,0.022206843521722412,-0.16633602460592078,0.07535563244905807,0.008858131487889272,-0.029773164167627833,-0.05536332179930796,0.05173394848135333,-0.029773164167627833,-0.03543252595155709,0.14173010380622836,-0.0629911572472126,-0.08882737408688965,0.13588619761630144,0.041584006151480196,-0.03844675124951941,0.2761399461745483,-0.11909265667051133,-0.007443291041906958,-0.10340638216070744,-0.07972318339100345,0.05173394848135333,-0.09356401384083046,0.28444444444444444,0.05911572472126105,0.08882737408688965,0.13588619761630144,0.01574778931180315,-0.003014225297962322,0.05911572472126105,-0.08882737408688965,-0.002214532871972318,-0.0629911572472126,0.2679584775086506,0.17937716262975778,-0.029773164167627833,0.0629911572472126,-0.029773164167627833,0.2069357939254133,0.022206843521722412,-0.13016532103037293,-0.07535563244905807,0.04822760476739715,0.07972318339100345,0.07535563244905807,0.03254133025759323,-0.07535563244905807,-0.24415224913494812,-0.22145328719723184,-0.024605920799692427,-0.08421376393694734,-0.01574778931180315,,,,,0.025641025975346565,-0.06128549948334694,0.6388843655586243,0.2052663117647171,-0.35440483689308167,-0.4609769880771637,0.46997928619384766,-0.49710068106651306,-0.47102856636047363,0.7174929976463318,-0.7134857773780823,-0.4883333444595337,38.7106819152832,0.04811146482825279
EXPC-271,133.50344035977213,45.90934582597647,-0.03543252595155709,-0.024605920799692427,0.05911572472126105,-0.2679584775086506,-0.07972318339100345,-0.05911572472126105,-0.2761399461745483,0.19986159169550174,0.029773164167627833,0.07535563244905807,-0.0271280276816609,-0.03844675124951941,-0.008858131487889272,0.07111111111111111,-0.2069357939254133,0.22145328719723184,0.019930795847750864,-0.15378700499807765,-0.07111111111111111,0.029773164167627833,-0.07535563244905807,0.07111111111111111,0.003936947327950788,0.029773164167627833,-0.14769703960015382,0.07972318339100345,0.07535563244905807,-0.022206843521722412,0.34602076124567477,-0.2069357939254133,0.017777777777777778,-0.1085121107266436,-0.11909265667051133,-0.029773164167627833,0.019930795847750864,0.34602076124567477,0.06698961937716265,0.03844675124951941,0.024605920799692427,0.03543252595155709,-0.07111111111111111,0.08882737408688965,-0.07972318339100345,-0.05173394848135333,-0.041584006151480196,0.28444444444444444,0.11374086889657825,0.012056901191849288,0.012056901191849288,-0.03543252595155709,0.19986159169550174,-0.05911572472126105,-0.11374086889657825,-0.041584006151480196,0.03543252595155709,-0.09356401384083046,0.03254133025759323,-0.03254133025759323,-0.044844290657439445,-0.186082276047674,-0.2288965782391388,-0.06698961937716265,-0.09356401384083046,0.07535563244905807,,,,,0.004856511950492859,-0.02039901353418827,0.8028053045272827,0.20135077834129333,-0.273948073387146,-0.03795966878533363,0.7334721684455872,-0.6752609610557556,-0.36978277564048767,0.5006784200668335,-0.5566502213478088,-0.3212426006793976,59.04152297973633,0.056132856756448746
EXPC-272,133.17411797661393,46.84557001508584,-0.024605920799692427,0.01574778931180315,0.1085121107266436,-0.29287197231833906,-0.08882737408688965,-0.08421376393694734,-0.29287197231833906,0.21413302575932336,0.017777777777777778,0.04822760476739715,-0.010396001537870049,-0.04822760476739715,0.003014225297962322,0.09356401384083046,-0.186082276047674,0.1929104190695886,0.024605920799692427,-0.16000000000000003,-0.0629911572472126,0.007443291041906958,-0.07535563244905807,0.0015378700499807767,0.01384083044982699,0.019930795847750864,-0.13588619761630144,0.10340638216070744,0.06698961937716265,-0.010396001537870049,0.33685505574778934,-0.186082276047674,-0.003014225297962322,-0.13016532103037293,-0.11374086889657825,-0.022206843521722412,0.003014225297962322,0.3553094963475586,0.044844290657439445,0.04822760476739715,0.01574778931180315,0.05173394848135333,-0.06698961937716265,0.08882737408688965,-0.09356401384083046,-0.04822760476739715,-0.041584006151480196,0.24415224913494812,0.11909265667051133,0.0271280276816609,0.04822760476739715,-0.04822760476739715,0.17937716262975778,-0.0629911572472126,-0.11374086889657825,-0.03254133025759323,0.04822760476739715,-0.08421376393694734,0.022206843521722412,-0.019930795847750864,-0.03844675124951941,-0.186082276047674,-0.2519646289888504,-0.07111111111111111,-0.11374086889657825,0.07535563244905807,,,,,-0.0032817372120916843,-0.001483842614106834,0.8448494672775269,0.2050345093011856,-0.2815198600292206,-0.36488550901412964,0.8353856205940247,-0.7449167966842651,-0.4468937814235687,0.45968249440193176,-0.5533072352409363,-0.2827586233615875,56.316707611083984,0.010071716271340847
EXPC-273,131.38009252269882,45.41131983246061,-0.03543252595155709,0.13016532103037293,0.16633602460592078,-0.3188927335640138,-0.041584006151480196,-0.10340638216070744,-0.28444444444444444,0.34602076124567477,0.07972318339100345,-0.017777777777777778,0.041584006151480196,0.10340638216070744,-0.019930795847750864,0.11909265667051133,-0.13588619761630144,0.09842368319876971,0.07535563244905807,-0.0271280276816609,-0.09356401384083046,-0.019930795847750864,0.019930795847750864,0.044844290657439445,0.09842368319876971,-0.002214532871972318,-0.05536332179930796,0.08882737408688965,0.0271280276816609,0.024605920799692427,0.2069357939254133,-0.13588619761630144,-0.0629911572472126,-0.09356401384083046,-0.10340638216070744,0.029773164167627833,-0.003014225297962322,0.2761399461745483,0.09842368319876971,0.06698961937716265,0.09842368319876971,0.010396001537870049,-0.017777777777777778,0.07972318339100345,-0.024605920799692427,-0.06698961937716265,-0.11909265667051133,0.28444444444444444,0.2364628988850442,-0.10340638216070744,0.008858131487889272,-0.07972318339100345,0.16633602460592078,0.05173394848135333,-0.04822760476739715,-0.01574778931180315,0.05173394848135333,0.05911572472126105,-0.003936947327950788,0.07972318339100345,-0.041584006151480196,-0.24415224913494812,-0.2288965782391388,-0.044844290657439445,-0.09356401384083046,-0.05911572472126105,,,,,0.016586702316999435,-0.0554330050945282,0.8089397549629211,0.15038418769836426,-0.2991735637187958,-0.36963388323783875,0.7517802715301514,-0.6874081492424011,-0.48298215866088867,0.5778828263282776,-0.665372908115387,-0.4984417259693146,231.29409790039062,0.10226807743310928
EXPC-274,132.44702158564758,46.449412974789134,-0.01574778931180315,0.04822760476739715,0.041584006151480196,-0.29287197231833906,0.041584006151480196,-0.09842368319876971,-0.24415224913494812,0.1929104190695886,-0.0271280276816609,-0.01574778931180315,0.05911572472126105,-0.044844290657439445,-0.0629911572472126,0.05173394848135333,-0.1929104190695886,0.19986159169550174,-0.007443291041906958,-0.029773164167627833,0.0015378700499807767,0.1085121107266436,-0.0629911572472126,0.07111111111111111,0.10340638216070744,-0.07972318339100345,-0.044844290657439445,0.09356401384083046,0.1085121107266436,-0.05911572472126105,0.3553094963475586,-0.2364628988850442,-0.041584006151480196,-0.11909265667051133,-0.09842368319876971,0.08882737408688965,-0.07535563244905807,0.2679584775086506,0.029773164167627833,0.12456747404844293,0.09842368319876971,0.0629911572472126,-0.01574778931180315,0.09356401384083046,-0.09356401384083046,-0.07111111111111111,0.003014225297962322,0.24415224913494812,0.16000000000000003,0.0271280276816609,0.09842368319876971,0.002214532871972318,0.2679584775086506,-0.08421376393694734,-0.09356401384083046,0.017777777777777778,-0.03844675124951941,0.03844675124951941,-0.03543252595155709,-0.017777777777777778,-0.0271280276816609,-0.2519646289888504,-0.21413302575932336,0.003936947327950788,-0.04822760476739715,0.03844675124951941,,,,,0.002260214416310191,-0.018912389874458313,0.8145363330841064,0.1439376026391983,-0.22780314087867737,-0.4625706076622009,0.8007887601852417,-0.6847681999206543,-0.5039452314376831,0.4165535867214203,-0.5375552177429199,-0.44301551580429077,63.0394287109375,0.06488724052906036
EXPC-275,131.99211472576943,45.568704670238354,-0.09842368319876971,-0.05173394848135333,0.0271280276816609,-0.2364628988850442,-0.12456747404844293,-0.05911572472126105,-0.2679584775086506,0.21413302575932336,0.0015378700499807767,0.10340638216070744,-0.000984236831987697,-0.06698961937716265,0.07111111111111111,0.03844675124951941,-0.15378700499807765,0.16633602460592078,-0.03844675124951941,-0.16000000000000003,-0.10340638216070744,-0.022206843521722412,-0.15378700499807765,-0.024605920799692427,-0.04822760476739715,0.07535563244905807,-0.09356401384083046,0.15378700499807765,0.044844290657439445,0.012056901191849288,0.28444444444444444,-0.16633602460592078,-0.0629911572472126,-0.11374086889657825,-0.186082276047674,-0.04822760476739715,0.06698961937716265,0.34602076124567477,0.05173394848135333,0.0271280276816609,0.07111111111111111,0.07972318339100345,-0.03254133025759323,0.07972318339100345,-0.07535563244905807,-0.08882737408688965,-0.07535563244905807,0.3188927335640138,0.11909265667051133,0.008858131487889272,-0.01384083044982699,-0.029773164167627833,0.17279507881584008,-0.010396001537870049,-0.07972318339100345,-0.07111111111111111,0.03254133025759323,-0.14173010380622836,0.0629911572472126,0.024605920799692427,-0.11374086889657825,-0.17279507881584008,-0.22145328719723184,-0.07111111111111111,-0.08882737408688965,0.0271280276816609,,,,,0.021352313458919525,-0.04963427409529686,0.7885938882827759,0.19337016344070435,-0.2934131622314453,-0.20871752500534058,0.6315905451774597,-0.5118560791015625,-0.26545679569244385,0.3919680118560791,-0.4917234778404236,-0.15561306476593018,112.24402618408203,0.10226807743310928
EXPC-276,134.26799649808626,47.56970196561458,-0.03543252595155709,-0.022206843521722412,0.05536332179930796,-0.3014225297962323,-0.05911572472126105,-0.0629911572472126,-0.2519646289888504,0.21413302575932336,0.024605920799692427,0.03254133025759323,0.01384083044982699,-0.05173394848135333,-0.041584006151480196,0.08421376393694734,-0.186082276047674,0.2679584775086506,0.022206843521722412,-0.16000000000000003,-0.05173394848135333,0.01574778931180315,-0.07111111111111111,0.041584006151480196,0.01574778931180315,0.024605920799692427,-0.12456747404844293,0.10340638216070744,0.08882737408688965,-0.017777777777777778,0.3278123798539023,-0.22145328719723184,0.010396001537870049,-0.16633602460592078,-0.09842368319876971,-0.008858131487889272,0.008858131487889272,0.3278123798539023,0.022206843521722412,0.01574778931180315,0.0015378700499807767,0.05536332179930796,-0.07972318339100345,0.11374086889657825,-0.07972318339100345,-0.07535563244905807,-0.07111111111111111,0.24415224913494812,0.11374086889657825,0.024605920799692427,0.041584006151480196,-0.04822760476739715,0.17937716262975778,-0.11374086889657825,-0.13016532103037293,-0.03254133025759323,0.04822760476739715,-0.09842368319876971,-0.00024605920799692423,-0.041584006151480196,-0.01384083044982699,-0.16000000000000003,-0.22145328719723184,-0.07111111111111111,-0.11909265667051133,0.06698961937716265,,,,,-0.007880006916821003,0.002186270197853446,0.8114997148513794,0.15742944180965424,-0.22402013838291168,-0.1355898231267929,0.8587840795516968,-0.738916277885437,-0.4781830310821533,0.48234307765960693,-0.5611963272094727,-0.33198925852775574,50.725067138671875,0.053358353674411774
EXPC-277,132.19181021342922,46.65988824585833,-0.029773164167627833,-0.03844675124951941,0.007443291041906958,-0.2761399461745483,-0.07535563244905807,-0.0629911572472126,-0.2679584775086506,0.1929104190695886,0.01384083044982699,0.05911572472126105,-0.024605920799692427,-0.05536332179930796,-0.003014225297962322,0.0629911572472126,-0.14173010380622836,0.22145328719723184,-0.01384083044982699,-0.11909265667051133,-0.07972318339100345,0.012056901191849288,-0.11909265667051133,0.05536332179930796,-0.012056901191849288,0.04822760476739715,-0.14769703960015382,0.05536332179930796,0.06698961937716265,-0.03254133025759323,0.33685505574778934,-0.21413302575932336,0.00024605920799692423,-0.13016532103037293,-0.13016532103037293,-0.03844675124951941,0.03543252595155709,0.37425605536332185,0.024605920799692427,0.041584006151480196,0.05911572472126105,0.07111111111111111,-0.05911572472126105,0.10340638216070744,-0.05536332179930796,-0.07972318339100345,-0.04822760476739715,0.28444444444444444,0.08882737408688965,0.05173394848135333,0.022206843521722412,-0.044844290657439445,0.22145328719723184,-0.07111111111111111,-0.09842368319876971,-0.03254133025759323,0.004982698961937716,-0.13016532103037293,0.0015378700499807767,-0.017777777777777778,-0.07535563244905807,-0.15378700499807765,-0.2364628988850442,-0.08882737408688965,-0.09842368319876971,0.05536332179930796,,,,,0.004295942839235067,-0.025341130793094635,0.8030200600624084,0.08984375,-0.1552795022726059,-0.1570248007774353,0.6792611479759216,-0.5232292413711548,-0.27039626240730286,0.3315877318382263,-0.48816174268722534,-0.27341389656066895,61.19575119018555,0.06488724052906036
EXPC-278,130.87532916455206,43.71296495630425,-0.03543252595155709,-0.0271280276816609,0.13588619761630144,-0.2761399461745483,-0.09842368319876971,-0.10340638216070744,-0.28444444444444444,0.2288965782391388,0.01574778931180315,0.07972318339100345,-0.017777777777777778,-0.010396001537870049,0.01574778931180315,0.12456747404844293,-0.10340638216070744,0.15378700499807765,-0.007443291041906958,-0.12456747404844293,-0.11374086889657825,-0.04822760476739715,-0.11909265667051133,-0.017777777777777778,0.006151480199923107,0.09356401384083046,-0.186082276047674,0.0629911572472126,-0.006151480199923107,-0.07111111111111111,0.2761399461745483,-0.17279507881584008,-0.03543252595155709,-0.08421376393694734,-0.09842368319876971,-0.07535563244905807,0.0629911572472126,0.36472126105344094,0.05911572472126105,0.05536332179930796,0.0629911572472126,0.07111111111111111,-0.024605920799692427,0.11374086889657825,-0.07535563244905807,-0.0629911572472126,-0.09356401384083046,0.2679584775086506,0.14173010380622836,0.003014225297962322,0.017777777777777778,-0.09842368319876971,0.17937716262975778,0.010396001537870049,-0.06698961937716265,0.05536332179930796,0.01574778931180315,-0.13016532103037293,-0.01384083044982699,-0.0271280276816609,-0.10340638216070744,-0.13016532103037293,-0.2679584775086506,-0.12456747404844293,-0.12456747404844293,0.03254133025759323,,,,,0.018599310889840126,-0.04243319481611252,0.7990539073944092,0.19611020386219025,-0.3301291763782501,-0.3192918300628662,0.756040096282959,-0.6004296541213989,-0.30951276421546936,0.22489391267299652,-0.3750396966934204,-0.07417280972003937,337.7995910644531,0.15145225822925568
EXPC-279,131.27094721567832,46.021455573434594,-0.08882737408688965,-0.10340638216070744,0.05911572472126105,-0.2599000384467512,-0.11909265667051133,-0.09356401384083046,-0.2679584775086506,0.2288965782391388,0.0629911572472126,0.09356401384083046,0.01574778931180315,-0.03254133025759323,0.05911572472126105,0.08882737408688965,-0.13016532103037293,0.186082276047674,-0.004982698961937716,-0.16633602460592078,-0.09356401384083046,-0.04822760476739715,-0.16633602460592078,-0.029773164167627833,-0.03254133025759323,0.06698961937716265,-0.13588619761630144,0.08421376393694734,0.07111111111111111,0.007443291041906958,0.2599000384467512,-0.1929104190695886,-0.05173394848135333,-0.12456747404844293,-0.17937716262975778,-0.04822760476739715,-0.006151480199923107,0.33685505574778934,-0.029773164167627833,0.000984236831987697,0.09356401384083046,0.12456747404844293,-0.01384083044982699,0.12456747404844293,-0.03844675124951941,-0.05536332179930796,-0.07111111111111111,0.2679584775086506,0.13588619761630144,-0.00024605920799692423,-0.006151480199923107,-0.12456747404844293,0.17279507881584008,-0.012056901191849288,-0.09356401384083046,-0.04822760476739715,0.03543252595155709,-0.09356401384083046,0.01384083044982699,0.022206843521722412,-0.07111111111111111,-0.186082276047674,-0.2364628988850442,-0.044844290657439445,-0.05911572472126105,0.03254133025759323,,,,,0.011319831013679504,-0.03248375654220581,0.8093457818031311,0.15263158082962036,-0.25578537583351135,-0.3131733238697052,0.8040771484375,-0.7120228409767151,-0.3323299288749695,0.23010894656181335,-0.41270142793655396,-0.12781532108783722,197.2036590576172,0.09111568331718445
EXPC-280,130.34334685329648,42.78509509933719,-0.05536332179930796,-0.0015378700499807767,0.2599000384467512,-0.24415224913494812,-0.1929104190695886,0.029773164167627833,-0.21413302575932336,0.29287197231833906,0.07535563244905807,0.05536332179930796,0.0629911572472126,0.019930795847750864,0.14173010380622836,0.12456747404844293,-0.0271280276816609,-0.03254133025759323,-0.09842368319876971,-0.03543252595155709,-0.05911572472126105,0.01384083044982699,-0.09356401384083046,-0.019930795847750864,0.029773164167627833,0.08421376393694734,-0.11909265667051133,0.13016532103037293,0.022206843521722412,-0.13016532103037293,0.17279507881584008,-0.10340638216070744,0.01574778931180315,-0.08421376393694734,-0.05536332179930796,-0.05536332179930796,-0.07972318339100345,0.3188927335640138,-0.041584006151480196,-0.0015378700499807767,0.13588619761630144,0.008858131487889272,-0.029773164167627833,0.0271280276816609,-0.05173394848135333,-0.07535563244905807,-0.09356401384083046,0.16633602460592078,0.186082276047674,0.08421376393694734,0.09356401384083046,-0.13016532103037293,0.19986159169550174,0.13016532103037293,-0.07972318339100345,-0.0629911572472126,0.029773164167627833,-0.12456747404844293,0.06698961937716265,0.012056901191849288,-0.19986159169550174,-0.15378700499807765,-0.2599000384467512,-0.09842368319876971,-0.22145328719723184,0.05173394848135333,-19.68210885705059,-29.803595549316565,-12.434693627604714,-18.12984987977065,0.14804017543792725,-0.2852221131324768,-0.19943135976791382,0.15679442882537842,-0.269945353269577,-0.2786177098751068,0.8352133631706238,-0.7110196352005005,-0.39694657921791077,0.4136194586753845,-0.498085618019104,-0.29279059171676636,40.82347869873047,0.31866714358329773
EXPC-281,130.33849595076225,42.80665466615606,-0.0629911572472126,-0.03844675124951941,0.2519646289888504,-0.2519646289888504,-0.21413302575932336,0.01384083044982699,-0.19986159169550174,0.2761399461745483,0.07535563244905807,0.05536332179930796,0.05911572472126105,0.004982698961937716,0.16633602460592078,0.11909265667051133,-0.03543252595155709,-0.03543252595155709,-0.10340638216070744,-0.03844675124951941,-0.0629911572472126,-0.012056901191849288,-0.11909265667051133,-0.017777777777777778,-0.0015378700499807767,0.09356401384083046,-0.12456747404844293,0.11374086889657825,0.010396001537870049,-0.11374086889657825,0.16633602460592078,-0.13588619761630144,0.029773164167627833,-0.07111111111111111,-0.05911572472126105,-0.041584006151480196,-0.08882737408688965,0.31009611687812383,-0.07535563244905807,-0.03254133025759323,0.15378700499807765,0.012056901191849288,-0.029773164167627833,0.04822760476739715,-0.041584006151480196,-0.07535563244905807,-0.1085121107266436,0.15378700499807765,0.17279507881584008,0.07111111111111111,0.07972318339100345,-0.13016532103037293,0.1929104190695886,0.11909265667051133,-0.09356401384083046,-0.07111111111111111,0.006151480199923107,-0.14769703960015382,0.06698961937716265,-0.006151480199923107,-0.17937716262975778,-0.14173010380622836,-0.2519646289888504,-0.09356401384083046,-0.2288965782391388,0.041584006151480196,-16.855991618715137,-28.08479931973759,-11.83544847862904,-20.400041596436104,0.15698924660682678,-0.287594735622406,-0.26030233502388,0.16982968151569366,-0.3058120608329773,-0.4138959050178528,0.6821451783180237,-0.5718869566917419,-0.2685982882976532,0.3779069781303406,-0.550105094909668,-0.33448514342308044,30.49432373046875,0.31866714358329773
EXPC-282,132.36240028588352,46.42947037548168,-0.0629911572472126,-0.010396001537870049,0.03543252595155709,-0.2679584775086506,-0.1085121107266436,-0.10340638216070744,-0.2679584775086506,0.2364628988850442,0.07111111111111111,0.044844290657439445,0.022206843521722412,-0.0271280276816609,0.029773164167627833,0.05536332179930796,-0.16000000000000003,0.16633602460592078,0.004982698961937716,-0.12456747404844293,-0.07972318339100345,-0.004982698961937716,-0.12456747404844293,0.07535563244905807,0.004982698961937716,0.07972318339100345,-0.12456747404844293,0.041584006151480196,0.05536332179930796,-0.004982698961937716,0.3188927335640138,-0.2069357939254133,-0.03543252595155709,-0.11909265667051133,-0.13588619761630144,-0.029773164167627833,0.03543252595155709,0.36472126105344094,-0.01384083044982699,0.044844290657439445,0.0629911572472126,0.010396001537870049,-0.044844290657439445,0.1085121107266436,-0.03254133025759323,-0.10340638216070744,-0.06698961937716265,0.29287197231833906,0.14173010380622836,0.010396001537870049,0.012056901191849288,-0.01384083044982699,0.19986159169550174,-0.03543252595155709,-0.1085121107266436,-0.04822760476739715,0.01574778931180315,-0.09842368319876971,0.04822760476739715,0.003014225297962322,-0.07972318339100345,-0.19986159169550174,-0.2288965782391388,-0.07111111111111111,-0.1085121107266436,0.03543252595155709,,,,,0.029884137213230133,-0.05334335193037987,0.7661675810813904,0.16384181380271912,-0.18051576614379883,-0.38072898983955383,0.7273954153060913,-0.5776499509811401,-0.3693251609802246,0.349802702665329,-0.4687325060367584,-0.09922455996274948,65.95743560791016,0.06488724052906036
EXPC-283,131.25423855139368,45.285465861155465,-0.09356401384083046,0.03844675124951941,0.08421376393694734,-0.2761399461745483,-0.07111111111111111,-0.14173010380622836,-0.28444444444444444,0.31009611687812383,0.12456747404844293,-0.03543252595155709,0.041584006151480196,0.06698961937716265,0.03254133025759323,0.11909265667051133,-0.08421376393694734,0.09842368319876971,0.0015378700499807767,-0.08421376393694734,-0.044844290657439445,-0.003936947327950788,-0.041584006151480196,0.017777777777777778,0.07111111111111111,0.006151480199923107,-0.11374086889657825,0.13016532103037293,0.07111111111111111,-0.017777777777777778,0.2761399461745483,-0.1929104190695886,-0.019930795847750864,-0.12456747404844293,-0.09356401384083046,-0.03543252595155709,0.04822760476739715,0.3014225297962323,-0.019930795847750864,0.07972318339100345,0.1085121107266436,0.022206843521722412,-0.01384083044982699,0.07972318339100345,-0.022206843521722412,-0.14769703960015382,-0.10340638216070744,0.2519646289888504,0.17279507881584008,0.024605920799692427,0.008858131487889272,0.006151480199923107,0.186082276047674,0.044844290657439445,-0.14173010380622836,-0.003014225297962322,0.09356401384083046,0.041584006151480196,0.029773164167627833,0.03844675124951941,-0.1085121107266436,-0.2679584775086506,-0.21413302575932336,-0.017777777777777778,-0.07972318339100345,-0.01384083044982699,,,,,0.02381950244307518,-0.04662953317165375,0.7993261218070984,0.11058074980974197,-0.25089606642723083,-0.3983447253704071,0.8020316362380981,-0.726963996887207,-0.48284733295440674,0.43138936161994934,-0.5426920652389526,-0.24795743823051453,165.96728515625,0.10226807743310928
EXPC-284,132.85422790393895,45.59807958002906,-0.10340638216070744,-0.09356401384083046,-0.01384083044982699,-0.2288965782391388,-0.11374086889657825,-0.08421376393694734,-0.2364628988850442,0.1929104190695886,0.012056901191849288,0.14173010380622836,-0.06698961937716265,-0.010396001537870049,0.06698961937716265,0.05536332179930796,-0.21413302575932336,0.186082276047674,0.0015378700499807767,-0.17279507881584008,-0.10340638216070744,-0.041584006151480196,-0.16000000000000003,-0.010396001537870049,-0.08882737408688965,0.07972318339100345,-0.07111111111111111,0.16000000000000003,0.06698961937716265,0.05911572472126105,0.2599000384467512,-0.2069357939254133,-0.04822760476739715,-0.14173010380622836,-0.14173010380622836,-0.08421376393694734,0.06698961937716265,0.33685505574778934,0.022206843521722412,-0.0271280276816609,0.10340638216070744,0.09842368319876971,-0.044844290657439445,0.08882737408688965,-0.0629911572472126,-0.1085121107266436,-0.05911572472126105,0.28444444444444444,0.14769703960015382,-0.003014225297962322,0.0015378700499807767,-0.05536332179930796,0.13016532103037293,-0.010396001537870049,-0.05173394848135333,-0.05536332179930796,0.07972318339100345,-0.12456747404844293,0.0629911572472126,0.022206843521722412,-0.09356401384083046,-0.19986159169550174,-0.19986159169550174,-0.029773164167627833,-0.07972318339100345,0.041584006151480196,,,,,0.029500015079975128,-0.058363620191812515,0.8164251446723938,0.16826003789901733,-0.23997969925403595,-0.23727087676525116,0.7789945006370544,-0.7141487002372742,-0.3898131549358368,0.27772194147109985,-0.45101767778396606,-0.10870908200740814,74.81282043457031,0.09055157005786896
EXPC-285,132.2090578668843,46.56691261395196,-0.07111111111111111,0.022206843521722412,0.04822760476739715,-0.3014225297962323,-0.03844675124951941,-0.10340638216070744,-0.2679584775086506,0.28444444444444444,0.13016532103037293,-0.06698961937716265,0.07111111111111111,0.04822760476739715,0.044844290657439445,0.1085121107266436,-0.11909265667051133,0.11374086889657825,0.01574778931180315,-0.05911572472126105,-0.044844290657439445,0.00024605920799692423,-0.03844675124951941,0.017777777777777778,0.07111111111111111,0.03844675124951941,-0.10340638216070744,0.10340638216070744,0.14173010380622836,-0.002214532871972318,0.2761399461745483,-0.19986159169550174,-0.05911572472126105,-0.13588619761630144,-0.11374086889657825,-0.010396001537870049,0.01384083044982699,0.29287197231833906,-0.044844290657439445,0.10340638216070744,0.11909265667051133,-0.024605920799692427,-0.004982698961937716,0.05911572472126105,0.019930795847750864,-0.14173010380622836,-0.12456747404844293,0.2288965782391388,0.17937716262975778,-0.01574778931180315,0.008858131487889272,-0.03254133025759323,0.2069357939254133,0.029773164167627833,-0.12456747404844293,-0.041584006151480196,0.07972318339100345,0.04822760476739715,0.007443291041906958,0.05173394848135333,-0.03844675124951941,-0.28444444444444444,-0.21413302575932336,0.010396001537870049,-0.12456747404844293,-0.004982698961937716,,,,,0.008988697081804276,-0.027242524549365044,0.8003354072570801,0.18950867652893066,-0.3215678334236145,-0.5431808829307556,0.6353126764297485,-0.5325016379356384,-0.46172747015953064,0.20232558250427246,-0.379586398601532,-0.12222746759653091,63.538089752197266,0.06488724052906036
EXPC-286,134.28605263529707,47.56727651434746,0.019930795847750864,0.07972318339100345,0.0629911572472126,-0.3278123798539023,0.024605920799692427,0.01384083044982699,-0.2519646289888504,0.16633602460592078,-0.002214532871972318,-0.012056901191849288,0.022206843521722412,-0.04822760476739715,-0.09842368319876971,0.09842368319876971,-0.21413302575932336,0.19986159169550174,0.03254133025759323,-0.05536332179930796,-0.03254133025759323,0.09842368319876971,-0.029773164167627833,0.04822760476739715,0.1085121107266436,-0.1085121107266436,-0.13016532103037293,0.2069357939254133,0.11374086889657825,-0.06698961937716265,0.37425605536332185,-0.17937716262975778,0.003936947327950788,-0.08421376393694734,-0.1085121107266436,0.024605920799692427,-0.07972318339100345,0.2599000384467512,0.05911572472126105,0.10340638216070744,0.08882737408688965,0.041584006151480196,0.008858131487889272,0.07972318339100345,-0.07972318339100345,-0.05911572472126105,-0.004982698961937716,0.2364628988850442,0.13588619761630144,-0.006151480199923107,0.05911572472126105,-0.041584006151480196,0.24415224913494812,-0.1085121107266436,-0.03543252595155709,-0.03844675124951941,0.007443291041906958,0.010396001537870049,-0.05173394848135333,-0.044844290657439445,0.03844675124951941,-0.22145328719723184,-0.2069357939254133,-0.01574778931180315,-0.05173394848135333,0.008858131487889272,,,,,-0.0027075812686234713,0.014272970147430897,0.8112305998802185,0.1750480830669403,-0.3016742765903473,-0.28076499700546265,0.4892660081386566,-0.46235695481300354,-0.48010095953941345,0.48415717482566833,-0.5357376933097839,-0.49840596318244934,50.49176025390625,0.053358353674411774
EXPC-287,130.35816905548447,42.807732644497,-0.07535563244905807,-0.04822760476739715,0.29287197231833906,-0.2519646289888504,-0.21413302575932336,0.006151480199923107,-0.22145328719723184,0.2679584775086506,0.08882737408688965,0.029773164167627833,0.044844290657439445,0.006151480199923107,0.13588619761630144,0.09842368319876971,-0.05173394848135333,-0.01384083044982699,-0.07535563244905807,-0.017777777777777778,-0.05536332179930796,-0.029773164167627833,-0.11374086889657825,0.03844675124951941,-0.012056901191849288,0.07111111111111111,-0.12456747404844293,0.07972318339100345,-0.010396001537870049,-0.12456747404844293,0.16633602460592078,-0.11909265667051133,0.06698961937716265,-0.06698961937716265,-0.06698961937716265,-0.044844290657439445,-0.09842368319876971,0.31009611687812383,-0.07972318339100345,-0.01574778931180315,0.11909265667051133,-0.0005536332179930795,-0.029773164167627833,0.044844290657439445,-0.06698961937716265,-0.05173394848135333,-0.08421376393694734,0.16000000000000003,0.17937716262975778,0.04822760476739715,0.07535563244905807,-0.13016532103037293,0.19986159169550174,0.1085121107266436,-0.14173010380622836,-0.07972318339100345,0.003014225297962322,-0.12456747404844293,0.09842368319876971,-0.000984236831987697,-0.186082276047674,-0.13016532103037293,-0.24415224913494812,-0.1085121107266436,-0.2288965782391388,0.05173394848135333,-18.24047505429479,-29.705240461009495,-11.674308537027382,-19.484949174929774,0.1587507575750351,-0.29049041867256165,-0.30165955424308777,0.17939448356628418,-0.31254714727401733,-0.39027655124664307,0.7916666865348816,-0.6815642714500427,-0.3570219874382019,0.34890109300613403,-0.48787879943847656,-0.2646178901195526,37.852657318115234,0.31866714358329773
EXPC-288,134.31354108299112,48.233736623635735,-0.017777777777777778,0.004982698961937716,0.07972318339100345,-0.2679584775086506,-0.0629911572472126,-0.06698961937716265,-0.2519646289888504,0.24415224913494812,0.0271280276816609,0.07535563244905807,-0.006151480199923107,-0.0271280276816609,-0.024605920799692427,0.08882737408688965,-0.1929104190695886,0.2288965782391388,0.03543252595155709,-0.15378700499807765,-0.07535563244905807,0.006151480199923107,-0.04822760476739715,0.022206843521722412,0.029773164167627833,0.01384083044982699,-0.12456747404844293,0.08421376393694734,0.07111111111111111,-0.012056901191849288,0.34602076124567477,-0.17937716262975778,0.003014225297962322,-0.14173010380622836,-0.13588619761630144,-0.03254133025759323,0.008858131487889272,0.36472126105344094,0.05911572472126105,0.017777777777777778,0.017777777777777778,0.05173394848135333,-0.04822760476739715,0.11909265667051133,-0.10340638216070744,-0.03254133025759323,-0.03543252595155709,0.2599000384467512,0.10340638216070744,0.0,0.044844290657439445,-0.044844290657439445,0.17279507881584008,-0.07111111111111111,-0.1085121107266436,-0.04822760476739715,0.041584006151480196,-0.08421376393694734,0.01574778931180315,-0.019930795847750864,-0.04822760476739715,-0.16633602460592078,-0.2599000384467512,-0.06698961937716265,-0.12456747404844293,0.05911572472126105,,,,,0.03134008124470711,-0.05422857403755188,0.7611487507820129,0.18883416056632996,-0.35158681869506836,-0.3388324975967407,0.8109564781188965,-0.7009301781654358,-0.4292134940624237,0.4778282642364502,-0.5851508378982544,-0.24509182572364807,42.6879768371582,0.04811146482825279
EXPC-289,132.17186761412177,46.65530683790933,-0.022206843521722412,-0.002214532871972318,0.041584006151480196,-0.2599000384467512,-0.06698961937716265,-0.03844675124951941,-0.2599000384467512,0.22145328719723184,0.029773164167627833,0.07535563244905807,-0.002214532871972318,-0.041584006151480196,0.004982698961937716,0.07535563244905807,-0.15378700499807765,0.22145328719723184,0.003014225297962322,-0.11374086889657825,-0.05536332179930796,0.008858131487889272,-0.11374086889657825,0.05911572472126105,-0.002214532871972318,0.04822760476739715,-0.11909265667051133,0.05173394848135333,0.07111111111111111,-0.03543252595155709,0.34602076124567477,-0.22145328719723184,-0.012056901191849288,-0.11374086889657825,-0.12456747404844293,-0.010396001537870049,0.017777777777777778,0.3553094963475586,-0.0015378700499807767,0.029773164167627833,0.01574778931180315,0.07111111111111111,-0.07535563244905807,0.09842368319876971,-0.06698961937716265,-0.06698961937716265,-0.05536332179930796,0.2679584775086506,0.08421376393694734,0.05173394848135333,0.03543252595155709,-0.03844675124951941,0.22145328719723184,-0.07972318339100345,-0.11374086889657825,-0.05173394848135333,0.008858131487889272,-0.16000000000000003,-0.0015378700499807767,-0.0271280276816609,-0.07972318339100345,-0.17937716262975778,-0.24415224913494812,-0.07972318339100345,-0.1085121107266436,0.07535563244905807,,,,,0.008833101019263268,-0.018361002206802368,0.8098637461662292,0.18130311369895935,-0.32486099004745483,-0.23595505952835083,0.7575356364250183,-0.6607198715209961,-0.39169472455978394,0.38642826676368713,-0.5334831476211548,-0.23309937119483948,61.79102325439453,0.06488724052906036
EXPC-290,130.7117459513139,48.34800232777574,-0.029773164167627833,-0.03543252595155709,0.16633602460592078,-0.07535563244905807,-0.01574778931180315,-0.15378700499807765,-0.15378700499807765,0.3839138792772011,0.17937716262975778,0.044844290657439445,0.36472126105344094,-0.03254133025759323,0.003936947327950788,-0.06698961937716265,-0.16000000000000003,0.07111111111111111,0.05911572472126105,-0.044844290657439445,-0.22145328719723184,-0.041584006151480196,0.186082276047674,0.029773164167627833,0.024605920799692427,-0.024605920799692427,0.16633602460592078,0.0629911572472126,-0.010396001537870049,0.09842368319876971,0.17279507881584008,0.05911572472126105,-0.010396001537870049,0.09356401384083046,-0.05536332179930796,0.044844290657439445,0.041584006151480196,0.03543252595155709,0.019930795847750864,-0.2069357939254133,0.06698961937716265,-0.14769703960015382,-0.09842368319876971,-0.1085121107266436,0.0629911572472126,0.05173394848135333,-0.07972318339100345,0.12456747404844293,0.2288965782391388,-0.2679584775086506,0.11909265667051133,-0.041584006151480196,0.024605920799692427,-0.03254133025759323,-0.1085121107266436,0.012056901191849288,0.044844290657439445,0.16000000000000003,0.14173010380622836,-0.05173394848135333,-0.07535563244905807,-0.10340638216070744,-0.17937716262975778,0.0629911572472126,-0.06698961937716265,0.03844675124951941,,,,,0.04727082699537277,-0.05776839703321457,0.32051756978034973,0.40824392437934875,-0.4978978931903839,-0.38484179973602295,0.872974157333374,-0.767672598361969,-0.5417855978012085,0.488512247800827,-0.5389407873153687,-0.5089174509048462,203.329833984375,0.0640474185347557
EXPC-291,130.2622289831405,44.365411347160254,-0.07535563244905807,-0.03543252595155709,0.11909265667051133,-0.007443291041906958,-0.029773164167627833,-0.16000000000000003,-0.11374086889657825,0.41362552864282975,0.2069357939254133,0.03543252595155709,0.36472126105344094,-0.06698961937716265,-0.029773164167627833,-0.07535563244905807,-0.12456747404844293,0.05536332179930796,0.04822760476739715,-0.05911572472126105,-0.2069357939254133,-0.11374086889657825,0.14173010380622836,-0.09356401384083046,0.08882737408688965,-0.003014225297962322,0.19986159169550174,0.12456747404844293,-0.05911572472126105,0.06698961937716265,0.11909265667051133,0.0629911572472126,-0.01384083044982699,0.13016532103037293,0.07111111111111111,0.07972318339100345,0.09842368319876971,-0.004982698961937716,0.024605920799692427,-0.186082276047674,0.08421376393694734,-0.12456747404844293,-0.07111111111111111,-0.11909265667051133,0.06698961937716265,0.07535563244905807,-0.06698961937716265,0.03543252595155709,0.21413302575932336,-0.186082276047674,0.14173010380622836,-0.04822760476739715,0.044844290657439445,0.017777777777777778,-0.10340638216070744,0.10340638216070744,0.09356401384083046,0.15378700499807765,0.16000000000000003,-0.044844290657439445,-0.07111111111111111,-0.08882737408688965,-0.17279507881584008,0.0629911572472126,-0.07535563244905807,0.0629911572472126,-13.199297887493609,-16.296490831469225,-10.122893904549475,-16.343028204663284,0.14051905274391174,-0.13732804358005524,0.14657576382160187,0.3425016403198242,-0.4196676015853882,-0.4850998520851135,0.8636653423309326,-0.7559023499488831,-0.5147175788879395,0.5607205033302307,-0.6398046612739563,-0.5087426900863647,577.356201171875,0.130340114235878
EXPC-292,132.32709649521763,45.48462235964477,-0.08882737408688965,-0.007443291041906958,0.1085121107266436,-0.08882737408688965,-0.05173394848135333,-0.186082276047674,-0.15378700499807765,0.4340484429065744,0.14173010380622836,-0.017777777777777778,0.33685505574778934,-0.0271280276816609,-0.010396001537870049,-0.03844675124951941,-0.186082276047674,0.0271280276816609,-0.03543252595155709,-0.14173010380622836,-0.17279507881584008,0.022206843521722412,0.16633602460592078,0.017777777777777778,0.044844290657439445,-0.019930795847750864,0.17937716262975778,0.12456747404844293,0.000984236831987697,0.09356401384083046,0.186082276047674,0.010396001537870049,0.012056901191849288,0.0629911572472126,-0.01384083044982699,0.024605920799692427,0.05173394848135333,0.11374086889657825,0.03844675124951941,-0.17937716262975778,0.11909265667051133,-0.13016532103037293,-0.12456747404844293,-0.11374086889657825,0.05173394848135333,0.012056901191849288,-0.06698961937716265,0.13588619761630144,0.28444444444444444,-0.16000000000000003,0.08882737408688965,-0.03543252595155709,0.04822760476739715,0.01384083044982699,-0.1085121107266436,-0.01384083044982699,0.044844290657439445,0.11909265667051133,0.186082276047674,-0.022206843521722412,-0.06698961937716265,-0.11374086889657825,-0.17279507881584008,0.044844290657439445,-0.1085121107266436,0.000984236831987697,,,,,0.06089309975504875,-0.08330043405294418,0.2943143844604492,0.44421905279159546,-0.5144333243370056,-0.415722131729126,0.8441558480262756,-0.7436684370040894,-0.5376095771789551,0.5149595141410828,-0.6229261159896851,-0.48796722292900085,123.61229705810547,0.09055157005786896
EXPC-293,131.04052934530165,43.681164595246415,-0.07535563244905807,-0.012056901191849288,0.11374086889657825,-0.08882737408688965,0.017777777777777778,-0.2288965782391388,-0.12456747404844293,0.39369473279507883,0.186082276047674,0.03844675124951941,0.2599000384467512,-0.06698961937716265,-0.07111111111111111,-0.05911572472126105,-0.22145328719723184,0.15378700499807765,0.004982698961937716,-0.13016532103037293,-0.16000000000000003,-0.09356401384083046,0.2069357939254133,0.03543252595155709,0.08882737408688965,-0.008858131487889272,0.16633602460592078,0.041584006151480196,-0.07111111111111111,0.06698961937716265,0.16000000000000003,0.029773164167627833,-0.04822760476739715,0.05536332179930796,0.00024605920799692423,-0.008858131487889272,0.15378700499807765,0.07535563244905807,0.01574778931180315,-0.17279507881584008,0.019930795847750864,-0.19986159169550174,-0.0271280276816609,-0.041584006151480196,0.03543252595155709,0.024605920799692427,-0.04822760476739715,0.09842368319876971,0.2288965782391388,-0.2519646289888504,0.09842368319876971,-0.07535563244905807,0.0629911572472126,0.05536332179930796,-0.10340638216070744,0.07535563244905807,0.05173394848135333,0.1929104190695886,0.16000000000000003,-0.017777777777777778,-0.04822760476739715,-0.05173394848135333,-0.16000000000000003,0.06698961937716265,-0.09842368319876971,-0.03844675124951941,,,,,0.05533534288406372,-0.07251047343015671,0.49584200978279114,0.33561253547668457,-0.4491499364376068,-0.47355982661247253,0.8565041422843933,-0.7603714466094971,-0.5033472776412964,0.6215890049934387,-0.7151979804039001,-0.47293785214424133,621.6444091796875,0.26213929057121277
EXPC-294,130.07142681679352,44.41499835084365,-0.029773164167627833,-0.029773164167627833,0.10340638216070744,-0.04822760476739715,-0.003936947327950788,-0.17937716262975778,-0.1085121107266436,0.3839138792772011,0.17937716262975778,0.08882737408688965,0.34602076124567477,-0.05173394848135333,-0.03254133025759323,-0.08421376393694734,-0.17937716262975778,0.09356401384083046,0.0005536332179930795,-0.0629911572472126,-0.14769703960015382,-0.07111111111111111,0.186082276047674,-0.01574778931180315,0.05911572472126105,-0.029773164167627833,0.17937716262975778,0.041584006151480196,-0.0629911572472126,0.08421376393694734,0.13588619761630144,0.019930795847750864,0.017777777777777778,0.12456747404844293,0.01384083044982699,0.0629911572472126,0.10340638216070744,0.04822760476739715,0.022206843521722412,-0.24415224913494812,0.06698961937716265,-0.14769703960015382,-0.09842368319876971,-0.07535563244905807,0.029773164167627833,0.08882737408688965,-0.0629911572472126,0.07535563244905807,0.2599000384467512,-0.2761399461745483,0.09842368319876971,-0.07111111111111111,0.04822760476739715,-0.024605920799692427,-0.11374086889657825,0.06698961937716265,0.044844290657439445,0.17937716262975778,0.13588619761630144,-0.03543252595155709,-0.08882737408688965,-0.09356401384083046,-0.17937716262975778,0.08882737408688965,-0.05173394848135333,-0.017777777777777778,-10.699015619744461,-21.53136568768798,-10.335074782814235,-14.75033083956189,0.1493469625711441,-0.183625727891922,0.24932879209518433,0.35973596572875977,-0.4206896424293518,-0.5132198333740234,0.8875777721405029,-0.7741479873657227,-0.5213675498962402,0.6652884483337402,-0.7069626450538635,-0.634900689125061,615.2350463867188,0.130340114235878
EXPC-295,130.37784216020668,45.11514528328641,-0.05911572472126105,0.07972318339100345,0.14769703960015382,-0.14769703960015382,-0.01384083044982699,-0.2364628988850442,-0.16000000000000003,0.4982698961937717,0.2288965782391388,0.0629911572472126,0.1929104190695886,-0.13588619761630144,-0.010396001537870049,-0.05536332179930796,-0.2069357939254133,0.13588619761630144,0.03254133025759323,0.004982698961937716,-0.17279507881584008,-0.17279507881584008,0.16000000000000003,0.06698961937716265,-0.010396001537870049,-0.0005536332179930795,0.15378700499807765,0.13016532103037293,-0.0271280276816609,0.11374086889657825,0.186082276047674,0.0271280276816609,0.01574778931180315,-0.008858131487889272,-0.03254133025759323,0.09842368319876971,0.15378700499807765,0.03844675124951941,0.0271280276816609,-0.08882737408688965,0.0629911572472126,-0.11909265667051133,0.01574778931180315,-0.008858131487889272,0.044844290657439445,-0.010396001537870049,-0.1085121107266436,0.08421376393694734,0.17937716262975778,-0.10340638216070744,0.03844675124951941,-0.09356401384083046,0.07972318339100345,0.041584006151480196,-0.07972318339100345,0.044844290657439445,0.03844675124951941,0.16633602460592078,0.14769703960015382,0.017777777777777778,-0.09356401384083046,-0.029773164167627833,-0.14769703960015382,0.003936947327950788,-0.16000000000000003,0.04822760476739715,-11.052207741700917,-16.71461199146577,-7.50173398908913,-13.662168339530172,0.03955411538481712,-0.06797192245721817,0.48063379526138306,0.3143467307090759,-0.41185468435287476,-0.5549768805503845,0.8751080632209778,-0.7706590294837952,-0.5212947130203247,0.6006389856338501,-0.6954314708709717,-0.47084763646125793,585.2000122070312,0.1618894636631012
EXPC-296,130.54223385720056,48.54096045080461,-0.04822760476739715,0.007443291041906958,0.19986159169550174,-0.11374086889657825,-0.017777777777777778,-0.13016532103037293,-0.186082276047674,0.3839138792772011,0.15378700499807765,0.022206843521722412,0.33685505574778934,-0.06698961937716265,-0.010396001537870049,-0.04822760476739715,-0.2069357939254133,0.1085121107266436,0.022206843521722412,-0.0629911572472126,-0.1929104190695886,-0.044844290657439445,0.14173010380622836,-0.004982698961937716,0.07972318339100345,-0.05911572472126105,0.13588619761630144,0.12456747404844293,-0.029773164167627833,0.05173394848135333,0.2599000384467512,0.044844290657439445,-0.03543252595155709,0.10340638216070744,-0.06698961937716265,0.07111111111111111,-0.03844675124951941,0.11909265667051133,0.07111111111111111,-0.15378700499807765,0.01574778931180315,-0.13016532103037293,-0.010396001537870049,-0.09356401384083046,0.012056901191849288,0.05911572472126105,-0.03543252595155709,0.09842368319876971,0.1929104190695886,-0.2599000384467512,0.11909265667051133,-0.05911572472126105,0.08882737408688965,0.017777777777777778,-0.07972318339100345,-0.010396001537870049,-0.01384083044982699,0.15378700499807765,0.17279507881584008,-0.03254133025759323,-0.044844290657439445,-0.1085121107266436,-0.1929104190695886,0.07972318339100345,-0.044844290657439445,0.006151480199923107,,,,,0.15461492538452148,-0.16974389553070068,0.3999497890472412,0.3682712912559509,-0.47608083486557007,-0.43190014362335205,0.85439532995224,-0.7344132661819458,-0.49893391132354736,0.6531013250350952,-0.723482072353363,-0.5852534770965576,184.3355712890625,0.0640474185347557
EXPC-297,130.05525714167936,47.78880106341134,-0.07111111111111111,0.002214532871972318,0.17279507881584008,-0.05536332179930796,0.0015378700499807767,-0.186082276047674,-0.14173010380622836,0.4340484429065744,0.2288965782391388,0.012056901191849288,0.34602076124567477,-0.09842368319876971,-0.03543252595155709,-0.0629911572472126,-0.17937716262975778,0.07972318339100345,0.041584006151480196,-0.017777777777777778,-0.16000000000000003,-0.16000000000000003,0.19986159169550174,0.029773164167627833,0.041584006151480196,-0.017777777777777778,0.1929104190695886,0.11374086889657825,-0.05536332179930796,0.10340638216070744,0.17937716262975778,0.044844290657439445,0.01574778931180315,0.08882737408688965,-0.004982698961937716,0.08421376393694734,0.0629911572472126,-0.017777777777777778,0.019930795847750864,-0.13588619761630144,0.07535563244905807,-0.12456747404844293,-0.03844675124951941,-0.09356401384083046,0.09842368319876971,0.05536332179930796,-0.08421376393694734,0.03543252595155709,0.13588619761630144,-0.186082276047674,0.14769703960015382,-0.05173394848135333,0.006151480199923107,0.008858131487889272,-0.08882737408688965,0.04822760476739715,0.05173394848135333,0.186082276047674,0.17937716262975778,-0.007443291041906958,-0.08421376393694734,-0.05911572472126105,-0.16633602460592078,0.06698961937716265,-0.08421376393694734,0.06698961937716265,,,,,0.12710857391357422,-0.1151857078075409,0.16029593348503113,0.41127464175224304,-0.4760383367538452,-0.4411400258541107,0.8276498913764954,-0.7062406539916992,-0.5470494627952576,0.5331991910934448,-0.6744799017906189,-0.5381417870521545,337.3900451660156,0.16319327056407928
EXPC-298,130.16116851367704,48.71343698535557,-0.0629911572472126,0.024605920799692427,0.15378700499807765,-0.0629911572472126,-0.007443291041906958,-0.14769703960015382,-0.12456747404844293,0.40359861591695495,0.2288965782391388,0.022206843521722412,0.3553094963475586,-0.0271280276816609,-0.012056901191849288,-0.05911572472126105,-0.19986159169550174,0.11909265667051133,0.024605920799692427,-0.08421376393694734,-0.17279507881584008,-0.07972318339100345,0.19986159169550174,0.002214532871972318,0.07111111111111111,-0.008858131487889272,0.17279507881584008,0.11909265667051133,-0.0271280276816609,0.1085121107266436,0.13016532103037293,0.03844675124951941,-0.024605920799692427,0.11374086889657825,0.01384083044982699,0.05173394848135333,0.06698961937716265,0.019930795847750864,0.012056901191849288,-0.2069357939254133,0.05536332179930796,-0.13016532103037293,-0.08421376393694734,-0.07972318339100345,0.041584006151480196,-0.002214532871972318,-0.09356401384083046,0.06698961937716265,0.1929104190695886,-0.2599000384467512,0.09842368319876971,-0.05911572472126105,0.05911572472126105,0.01574778931180315,-0.10340638216070744,0.019930795847750864,0.04822760476739715,0.16633602460592078,0.17279507881584008,-0.029773164167627833,-0.05173394848135333,-0.1085121107266436,-0.17937716262975778,0.07111111111111111,-0.08882737408688965,0.008858131487889272,,,,,0.07964298129081726,-0.10331520438194275,0.4178338646888733,0.3357515335083008,-0.4370731711387634,-0.24476440250873566,0.898630678653717,-0.7937825918197632,-0.5352480411529541,0.5148158669471741,-0.5404111742973328,-0.3148614466190338,505.5804443359375,0.0640474185347557
EXPC-299,132.8544973985242,47.90845665925606,-0.1085121107266436,0.0271280276816609,0.17279507881584008,-0.05911572472126105,-0.041584006151480196,-0.16000000000000003,-0.16633602460592078,0.47637062668204533,0.2519646289888504,0.007443291041906958,0.3278123798539023,-0.07972318339100345,0.003014225297962322,-0.029773164167627833,-0.16000000000000003,0.1085121107266436,0.0629911572472126,-0.03543252595155709,-0.15378700499807765,-0.186082276047674,0.15378700499807765,0.010396001537870049,0.007443291041906958,-0.01574778931180315,0.1929104190695886,0.13016532103037293,-0.024605920799692427,0.13588619761630144,0.19986159169550174,0.05173394848135333,0.0271280276816609,0.07535563244905807,-0.010396001537870049,0.09356401384083046,0.0271280276816609,0.024605920799692427,0.024605920799692427,-0.13588619761630144,0.029773164167627833,-0.07535563244905807,-0.022206843521722412,-0.10340638216070744,0.07111111111111111,0.01574778931180315,-0.07111111111111111,0.041584006151480196,0.11374086889657825,-0.10340638216070744,0.13588619761630144,-0.06698961937716265,0.03844675124951941,-0.019930795847750864,-0.05911572472126105,0.000984236831987697,0.07111111111111111,0.15378700499807765,0.21413302575932336,-0.019930795847750864,-0.0629911572472126,-0.022206843521722412,-0.1929104190695886,0.06698961937716265,-0.041584006151480196,0.09356401384083046,,,,,0.10760059952735901,-0.03827884793281555,0.3524557948112488,0.33187294006347656,-0.395028680562973,-0.4166666567325592,0.8881309628486633,-0.7850387096405029,-0.5531724691390991,0.5586419701576233,-0.6300181746482849,-0.5047258734703064,184.2987823486328,0.014508984982967377
EXPC-300,132.89087916753104,47.91438554013125,-0.05536332179930796,0.022206843521722412,0.13588619761630144,-0.13588619761630144,0.019930795847750864,-0.1929104190695886,-0.14173010380622836,0.41362552864282975,0.1929104190695886,0.004982698961937716,0.29287197231833906,-0.024605920799692427,-0.03543252595155709,-0.05173394848135333,-0.2364628988850442,0.13016532103037293,0.022206843521722412,-0.1085121107266436,-0.14769703960015382,-0.05536332179930796,0.19986159169550174,0.05911572472126105,0.03254133025759323,-0.03543252595155709,0.16000000000000003,0.07535563244905807,-0.024605920799692427,0.13016532103037293,0.17937716262975778,0.004982698961937716,-0.019930795847750864,0.012056901191849288,-0.09356401384083046,0.03254133025759323,0.05173394848135333,0.11909265667051133,0.01574778931180315,-0.1929104190695886,0.0271280276816609,-0.11374086889657825,-0.0629911572472126,-0.0629911572472126,0.022206843521722412,0.010396001537870049,-0.06698961937716265,0.13016532103037293,0.2288965782391388,-0.2599000384467512,0.07111111111111111,-0.07111111111111111,0.07972318339100345,0.010396001537870049,-0.08882737408688965,-0.03844675124951941,0.006151480199923107,0.186082276047674,0.12456747404844293,0.010396001537870049,-0.041584006151480196,-0.08882737408688965,-0.19986159169550174,0.07111111111111111,-0.09842368319876971,-0.002214532871972318,,,,,0.07438436150550842,-0.10036401450634003,0.45541223883628845,0.357290118932724,-0.49367910623550415,-0.5265949368476868,0.9061774015426636,-0.8131212592124939,-0.6103178262710571,0.6061652898788452,-0.7448036670684814,-0.5456181168556213,203.62759399414062,0.014508984982967377
EXPC-301,130.86616634865405,44.94536369458782,-0.044844290657439445,-0.07972318339100345,0.16000000000000003,-0.13588619761630144,-0.044844290657439445,-0.16633602460592078,-0.14173010380622836,0.36472126105344094,0.16633602460592078,0.05536332179930796,0.3278123798539023,-0.11909265667051133,0.006151480199923107,-0.04822760476739715,-0.1929104190695886,0.04822760476739715,-0.019930795847750864,-0.09842368319876971,-0.12456747404844293,-0.06698961937716265,0.15378700499807765,-0.03254133025759323,0.044844290657439445,-0.04822760476739715,0.14173010380622836,0.09356401384083046,-0.05173394848135333,0.12456747404844293,0.2519646289888504,0.000984236831987697,0.03543252595155709,0.08421376393694734,-0.041584006151480196,0.05536332179930796,0.06698961937716265,0.09842368319876971,0.0271280276816609,-0.16000000000000003,0.041584006151480196,-0.13016532103037293,-0.1085121107266436,-0.14173010380622836,0.010396001537870049,0.1085121107266436,-0.04822760476739715,0.09842368319876971,0.2069357939254133,-0.2364628988850442,0.07972318339100345,-0.10340638216070744,0.07111111111111111,0.007443291041906958,-0.11909265667051133,0.05911572472126105,0.08882737408688965,0.17279507881584008,0.17279507881584008,-0.007443291041906958,-0.07972318339100345,-0.10340638216070744,-0.2069357939254133,0.07972318339100345,-0.002214532871972318,-0.010396001537870049,,,,,0.07473309338092804,-0.11029411852359772,0.3519552946090698,0.41234874725341797,-0.4870957136154175,-0.40440061688423157,0.7943301796913147,-0.650306761264801,-0.39868131279945374,0.487099289894104,-0.5510703325271606,-0.47893989086151123,638.72314453125,0.130340114235878
EXPC-302,131.00226111419815,45.99181116905865,-0.10340638216070744,0.01384083044982699,0.13588619761630144,-0.08882737408688965,-0.044844290657439445,-0.17937716262975778,-0.13016532103037293,0.4340484429065744,0.22145328719723184,-0.003936947327950788,0.3188927335640138,-0.08882737408688965,-0.01384083044982699,-0.041584006151480196,-0.17279507881584008,0.12456747404844293,-0.004982698961937716,-0.09356401384083046,-0.14173010380622836,-0.1085121107266436,0.186082276047674,0.03844675124951941,0.05911572472126105,-0.007443291041906958,0.16633602460592078,0.14173010380622836,-0.017777777777777778,0.12456747404844293,0.17279507881584008,-0.012056901191849288,0.024605920799692427,0.05911572472126105,-0.029773164167627833,0.03543252595155709,0.12456747404844293,0.06698961937716265,-0.022206843521722412,-0.16000000000000003,0.05536332179930796,-0.16633602460592078,-0.05536332179930796,-0.11374086889657825,0.05536332179930796,0.03254133025759323,-0.07535563244905807,0.06698961937716265,0.2069357939254133,-0.17937716262975778,0.10340638216070744,-0.044844290657439445,0.03844675124951941,0.019930795847750864,-0.11909265667051133,0.041584006151480196,0.05911572472126105,0.186082276047674,0.17279507881584008,0.004982698961937716,-0.07972318339100345,-0.06698961937716265,-0.186082276047674,0.05173394848135333,-0.08421376393694734,0.03844675124951941,,,,,0.08016225695610046,-0.10448350757360458,0.3856968283653259,0.3911007046699524,-0.44726765155792236,-0.5033619999885559,0.8648521900177002,-0.7564640641212463,-0.5201393365859985,0.5698113441467285,-0.6684492230415344,-0.5647213459014893,354.4508056640625,0.10226807743310928
EXPC-303,132.79251364391996,46.12790593460276,-0.05173394848135333,-0.010396001537870049,0.15378700499807765,-0.17279507881584008,-0.012056901191849288,-0.2069357939254133,-0.13588619761630144,0.39369473279507883,0.16633602460592078,0.008858131487889272,0.2519646289888504,-0.044844290657439445,-0.03543252595155709,-0.024605920799692427,-0.2679584775086506,0.06698961937716265,-0.007443291041906958,-0.12456747404844293,-0.16633602460592078,-0.022206843521722412,0.15378700499807765,0.10340638216070744,-0.008858131487889272,-0.03844675124951941,0.11909265667051133,0.06698961937716265,-0.04822760476739715,0.13588619761630144,0.2288965782391388,-0.01574778931180315,0.017777777777777778,-0.019930795847750864,-0.12456747404844293,0.022206843521722412,0.05911572472126105,0.13016532103037293,0.03254133025759323,-0.12456747404844293,0.044844290657439445,-0.14769703960015382,-0.05173394848135333,-0.08421376393694734,0.007443291041906958,0.044844290657439445,-0.03543252595155709,0.15378700499807765,0.2519646289888504,-0.2288965782391388,0.1085121107266436,-0.06698961937716265,0.024605920799692427,0.03254133025759323,-0.11374086889657825,-0.0271280276816609,0.007443291041906958,0.17279507881584008,0.16633602460592078,0.017777777777777778,-0.08421376393694734,-0.08421376393694734,-0.1929104190695886,0.041584006151480196,-0.10340638216070744,0.004982698961937716,,,,,0.11083844304084778,-0.13034792244434357,0.3408624231815338,0.5555018782615662,-0.5756760239601135,-0.3571825623512268,0.9070395231246948,-0.8136463761329651,-0.5630107522010803,0.4807090759277344,-0.6167859435081482,-0.5541256666183472,146.4368438720703,0.06488724052906036
EXPC-304,132.94289162248157,47.8734223631754,-0.05536332179930796,-0.017777777777777778,0.12456747404844293,-0.13016532103037293,0.024605920799692427,-0.16633602460592078,-0.12456747404844293,0.41362552864282975,0.14769703960015382,-0.0005536332179930795,0.3278123798539023,-0.05536332179930796,-0.03844675124951941,-0.0271280276816609,-0.2069357939254133,0.14769703960015382,0.029773164167627833,-0.14173010380622836,-0.16000000000000003,-0.029773164167627833,0.17279507881584008,-0.004982698961937716,0.05911572472126105,-0.0629911572472126,0.17279507881584008,0.08882737408688965,0.002214532871972318,0.12456747404844293,0.22145328719723184,-0.002214532871972318,-0.012056901191849288,0.022206843521722412,-0.06698961937716265,0.01574778931180315,0.04822760476739715,0.13016532103037293,0.01384083044982699,-0.19986159169550174,0.03543252595155709,-0.09842368319876971,-0.07535563244905807,-0.10340638216070744,-0.0005536332179930795,0.03543252595155709,-0.029773164167627833,0.09842368319876971,0.24415224913494812,-0.22145328719723184,0.10340638216070744,-0.05536332179930796,0.07535563244905807,-0.0271280276816609,-0.11374086889657825,0.004982698961937716,0.03254133025759323,0.186082276047674,0.16000000000000003,-0.008858131487889272,-0.024605920799692427,-0.06698961937716265,-0.21413302575932336,0.041584006151480196,-0.04822760476739715,-0.0005536332179930795,,,,,0.08383797854185104,-0.09982247650623322,0.5057103633880615,0.32937684655189514,-0.47053995728492737,-0.48243221640586853,0.8904935121536255,-0.7798534035682678,-0.5778734683990479,0.47442907094955444,-0.6180726885795593,-0.502871572971344,105.07091522216797,0.014508984982967377
EXPC-305,130.79421129439606,43.26641242856843,0.03254133025759323,-0.1085121107266436,0.21413302575932336,-0.09356401384083046,-0.07111111111111111,-0.09356401384083046,-0.19986159169550174,0.46560553633217994,0.16633602460592078,0.07972318339100345,0.24415224913494812,-0.09356401384083046,-0.0015378700499807767,0.004982698961937716,0.008858131487889272,-0.01384083044982699,0.0629911572472126,0.05536332179930796,0.041584006151480196,-0.22145328719723184,0.15378700499807765,-0.12456747404844293,0.08882737408688965,-0.041584006151480196,0.15378700499807765,0.13588619761630144,-0.16633602460592078,0.05173394848135333,0.17279507881584008,0.010396001537870049,0.08882737408688965,0.09356401384083046,0.07111111111111111,0.17937716262975778,0.00024605920799692423,-0.010396001537870049,0.03543252595155709,-0.13016532103037293,0.08882737408688965,-0.03543252595155709,-0.14173010380622836,-0.09356401384083046,0.0005536332179930795,0.13588619761630144,-0.09842368319876971,0.017777777777777778,0.07972318339100345,-0.01384083044982699,0.2288965782391388,-0.05911572472126105,0.05536332179930796,-0.09842368319876971,-0.1085121107266436,0.11909265667051133,0.14173010380622836,0.15378700499807765,0.11374086889657825,0.08882737408688965,-0.14173010380622836,0.002214532871972318,-0.13016532103037293,0.05911572472126105,0.03543252595155709,0.1085121107266436,-10.034857711442701,-16.0256515199248,-7.084720315560304,-13.153674565171837,0.5957746505737305,-0.5435967445373535,-0.14649681746959686,0.6518650054931641,-0.5736040472984314,-0.4485776722431183,0.8488203883171082,-0.7454545497894287,-0.5059549808502197,0.7823658585548401,-0.7308135032653809,-0.519788920879364,531.774169921875,0.15145225822925568
EXPC-306,130.89823620429712,43.68439853026924,0.03254133025759323,-0.0629911572472126,0.2069357939254133,-0.11909265667051133,-0.08421376393694734,-0.10340638216070744,-0.21413302575932336,0.48725874663590923,0.11374086889657825,0.05911572472126105,0.31009611687812383,-0.08421376393694734,0.008858131487889272,0.022206843521722412,-0.05911572472126105,0.0005536332179930795,0.01384083044982699,-0.05911572472126105,0.019930795847750864,-0.16000000000000003,0.1085121107266436,-0.17279507881584008,0.11909265667051133,-0.07111111111111111,0.15378700499807765,0.186082276047674,-0.09356401384083046,0.08421376393694734,0.1929104190695886,-0.003014225297962322,0.09356401384083046,0.10340638216070744,0.0629911572472126,0.11374086889657825,0.01384083044982699,0.08882737408688965,0.01574778931180315,-0.17279507881584008,0.09356401384083046,-0.029773164167627833,-0.14769703960015382,-0.11374086889657825,0.008858131487889272,0.1085121107266436,-0.11374086889657825,0.022206843521722412,0.06698961937716265,-0.05173394848135333,0.1929104190695886,-0.05536332179930796,0.022206843521722412,-0.07111111111111111,-0.07972318339100345,0.10340638216070744,0.08421376393694734,0.10340638216070744,0.14769703960015382,0.06698961937716265,-0.13016532103037293,-0.004982698961937716,-0.14769703960015382,0.029773164167627833,-0.03254133025759323,0.08882737408688965,,,,,0.5080406665802002,-0.5070514678955078,-0.017967984080314636,0.5803067088127136,-0.56202632188797,-0.4651729166507721,0.8381314277648926,-0.7302824854850769,-0.45066389441490173,0.7083051800727844,-0.688355028629303,-0.42023587226867676,482.8778381347656,0.15145225822925568
EXPC-307,131.16449685451013,45.42802849674524,0.0629911572472126,-0.07111111111111111,0.13016532103037293,-0.10340638216070744,-0.08882737408688965,-0.05173394848135333,-0.28444444444444444,0.4340484429065744,0.13016532103037293,0.022206843521722412,0.19986159169550174,0.05536332179930796,-0.012056901191849288,0.01574778931180315,0.024605920799692427,-0.04822760476739715,0.1085121107266436,-0.12456747404844293,-0.017777777777777778,-0.04822760476739715,0.09356401384083046,-0.2761399461745483,0.16633602460592078,-0.03844675124951941,0.11909265667051133,0.24415224913494812,-0.05911572472126105,0.017777777777777778,0.21413302575932336,0.07972318339100345,0.06698961937716265,0.08421376393694734,0.14769703960015382,0.07535563244905807,-0.07111111111111111,0.16000000000000003,0.09356401384083046,-0.12456747404844293,0.11374086889657825,0.1085121107266436,-0.2069357939254133,-0.09356401384083046,0.008858131487889272,0.09842368319876971,-0.04822760476739715,0.09356401384083046,0.010396001537870049,-0.024605920799692427,0.16633602460592078,-0.002214532871972318,0.05536332179930796,-0.11909265667051133,-0.05911572472126105,0.05911572472126105,0.16000000000000003,0.022206843521722412,0.07111111111111111,0.09356401384083046,-0.13016532103037293,-0.07535563244905807,-0.12456747404844293,0.08421376393694734,-0.041584006151480196,0.11909265667051133,,,,,0.515225350856781,-0.4342813193798065,0.3828088343143463,0.7317739725112915,-0.6311874389648438,-0.294471800327301,0.8131496906280518,-0.6924196481704712,-0.34656015038490295,0.7534246444702148,-0.655434250831604,-0.1975683867931366,255.6293182373047,0.10226807743310928
EXPC-308,130.98339649323165,44.63625340532229,0.041584006151480196,-0.1085121107266436,0.1929104190695886,-0.08882737408688965,-0.07535563244905807,-0.08882737408688965,-0.2599000384467512,0.48725874663590923,0.186082276047674,0.05173394848135333,0.2069357939254133,-0.04822760476739715,0.041584006151480196,0.019930795847750864,0.024605920799692427,-0.01574778931180315,0.09842368319876971,0.012056901191849288,0.05173394848135333,-0.2069357939254133,0.11909265667051133,-0.17279507881584008,0.10340638216070744,-0.01384083044982699,0.14173010380622836,0.17937716262975778,-0.11374086889657825,0.06698961937716265,0.17937716262975778,0.024605920799692427,0.1085121107266436,0.07111111111111111,0.07111111111111111,0.14769703960015382,-0.03543252595155709,0.01574778931180315,0.022206843521722412,-0.09842368319876971,0.13016532103037293,0.03254133025759323,-0.13588619761630144,-0.09842368319876971,0.024605920799692427,0.08421376393694734,-0.1085121107266436,0.05536332179930796,-0.0271280276816609,0.04822760476739715,0.21413302575932336,-0.05536332179930796,0.044844290657439445,-0.12456747404844293,-0.05536332179930796,0.0629911572472126,0.15378700499807765,0.11909265667051133,0.08882737408688965,0.08882737408688965,-0.14769703960015382,-0.007443291041906958,-0.1085121107266436,0.08882737408688965,0.010396001537870049,0.14173010380622836,,,,,0.7161964178085327,-0.6456913948059082,-0.044324323534965515,0.6715422868728638,-0.6182111501693726,-0.3777388334274292,0.8689712882041931,-0.7185336947441101,-0.42901715636253357,0.820746898651123,-0.715067446231842,-0.42957746982574463,562.7830200195312,0.130340114235878
EXPC-309,130.84487627642042,46.1508129743478,0.07972318339100345,-0.08882737408688965,0.17279507881584008,-0.14769703960015382,-0.11909265667051133,-0.006151480199923107,-0.2288965782391388,0.4444444444444444,0.09842368319876971,-0.010396001537870049,0.16633602460592078,-0.03543252595155709,0.03543252595155709,0.11909265667051133,-0.029773164167627833,-0.05911572472126105,0.008858131487889272,-0.024605920799692427,0.17279507881584008,-0.14173010380622836,0.13588619761630144,-0.16633602460592078,0.10340638216070744,-0.11374086889657825,0.0629911572472126,0.28444444444444444,-0.024605920799692427,0.08421376393694734,0.2679584775086506,-0.010396001537870049,0.14769703960015382,0.07972318339100345,-0.05911572472126105,0.09356401384083046,-0.07972318339100345,0.14769703960015382,-0.04822760476739715,-0.07972318339100345,0.14769703960015382,0.07972318339100345,-0.14769703960015382,-0.1085121107266436,-0.019930795847750864,0.11909265667051133,-0.07111111111111111,0.10340638216070744,-0.006151480199923107,-0.024605920799692427,0.10340638216070744,-0.07972318339100345,0.07111111111111111,-0.12456747404844293,-0.05536332179930796,-0.0271280276816609,0.13588619761630144,0.12456747404844293,0.0629911572472126,0.186082276047674,-0.11909265667051133,-0.07535563244905807,-0.09842368319876971,0.06698961937716265,0.08421376393694734,0.06698961937716265,,,,,0.6178571581840515,-0.5985884666442871,0.016759777441620827,0.6320735216140747,-0.5944512486457825,-0.3764115571975708,0.6567386388778687,-0.5529575943946838,-0.2772919535636902,0.7204070687294006,-0.6729166507720947,-0.40977442264556885,254.4414825439453,0.0630452111363411
EXPC-310,130.99687122249344,45.68997723359449,0.0629911572472126,-0.04822760476739715,0.16000000000000003,-0.13588619761630144,-0.11374086889657825,-0.044844290657439445,-0.2288965782391388,0.47637062668204533,0.15378700499807765,0.0271280276816609,0.1929104190695886,-0.022206843521722412,0.017777777777777778,0.04822760476739715,-0.019930795847750864,-0.012056901191849288,0.019930795847750864,-0.10340638216070744,0.13016532103037293,-0.186082276047674,0.13588619761630144,-0.19986159169550174,0.16000000000000003,-0.07535563244905807,0.14173010380622836,0.2288965782391388,-0.08882737408688965,0.05911572472126105,0.17279507881584008,0.029773164167627833,0.13016532103037293,0.08421376393694734,0.07972318339100345,0.05173394848135333,-0.03254133025759323,0.09356401384083046,-0.019930795847750864,-0.15378700499807765,0.11374086889657825,0.04822760476739715,-0.14769703960015382,-0.1085121107266436,0.0015378700499807767,0.08882737408688965,-0.07535563244905807,0.03844675124951941,0.012056901191849288,-0.01574778931180315,0.1929104190695886,-0.05911572472126105,0.05911572472126105,-0.13588619761630144,-0.07972318339100345,-0.003014225297962322,0.09356401384083046,0.10340638216070744,0.13016532103037293,0.15378700499807765,-0.17279507881584008,-0.04822760476739715,-0.08882737408688965,0.05911572472126105,-0.022206843521722412,0.13588619761630144,,,,,0.716498613357544,-0.666572093963623,0.01293103490024805,0.7400972843170166,-0.6328659653663635,-0.356203556060791,0.8291320204734802,-0.7254498600959778,-0.43863338232040405,0.7435721755027771,-0.6686351895332336,-0.3390052318572998,414.4687194824219,0.1618894636631012
EXPC-311,131.22701959828487,45.69806207115156,0.09356401384083046,-0.03254133025759323,0.12456747404844293,-0.14173010380622836,-0.09356401384083046,-0.0629911572472126,-0.2364628988850442,0.46560553633217994,0.08421376393694734,0.03543252595155709,0.17937716262975778,0.03543252595155709,-0.022206843521722412,0.041584006151480196,-0.044844290657439445,-0.044844290657439445,-0.003014225297962322,-0.11909265667051133,0.15378700499807765,-0.08882737408688965,0.13016532103037293,-0.17279507881584008,0.19986159169550174,-0.05911572472126105,0.11909265667051133,0.19986159169550174,-0.09842368319876971,0.05173394848135333,0.16633602460592078,-0.010396001537870049,0.1085121107266436,0.05911572472126105,0.09842368319876971,0.044844290657439445,-0.03844675124951941,0.14173010380622836,0.03254133025759323,-0.19986159169550174,0.14173010380622836,0.05536332179930796,-0.2069357939254133,-0.07535563244905807,-0.022206843521722412,0.1085121107266436,-0.08421376393694734,0.1085121107266436,0.07535563244905807,-0.07111111111111111,0.2069357939254133,-0.044844290657439445,0.03543252595155709,-0.14173010380622836,-0.08421376393694734,0.0271280276816609,0.05173394848135333,0.06698961937716265,0.08882737408688965,0.17279507881584008,-0.19986159169550174,-0.041584006151480196,-0.11374086889657825,0.017777777777777778,-0.01384083044982699,0.08421376393694734,,,,,0.7661747932434082,-0.7070762515068054,-0.10702341049909592,0.7657985687255859,-0.6523517370223999,-0.34552454948425293,0.8422041535377502,-0.7267791628837585,-0.4101995527744293,0.7799080014228821,-0.734354555606842,-0.4133663475513458,266.6720886230469,0.10226807743310928
EXPC-312,131.0205867459942,45.41293679997203,0.04822760476739715,-0.09356401384083046,0.1929104190695886,-0.14769703960015382,-0.09842368319876971,-0.05536332179930796,-0.2288965782391388,0.47637062668204533,0.12456747404844293,0.012056901191849288,0.15378700499807765,-0.03543252595155709,0.05173394848135333,0.06698961937716265,-0.019930795847750864,-0.06698961937716265,0.044844290657439445,-0.01384083044982699,0.13588619761630144,-0.17937716262975778,0.11909265667051133,-0.17279507881584008,0.1085121107266436,-0.07972318339100345,0.10340638216070744,0.2364628988850442,-0.08882737408688965,0.08421376393694734,0.24415224913494812,-0.012056901191849288,0.14173010380622836,0.05536332179930796,0.0271280276816609,0.11909265667051133,-0.0629911572472126,0.12456747404844293,-0.00024605920799692423,-0.07535563244905807,0.14769703960015382,0.08421376393694734,-0.15378700499807765,-0.1085121107266436,-0.024605920799692427,0.13016532103037293,-0.07535563244905807,0.07111111111111111,-0.017777777777777778,0.017777777777777778,0.14173010380622836,-0.07972318339100345,0.07535563244905807,-0.08421376393694734,-0.044844290657439445,0.03254133025759323,0.14173010380622836,0.12456747404844293,0.07972318339100345,0.17279507881584008,-0.14173010380622836,-0.041584006151480196,-0.11374086889657825,0.0629911572472126,0.05173394848135333,0.1085121107266436,,,,,0.5921288132667542,-0.5406808853149414,0.17490774393081665,0.6049680709838867,-0.5434638261795044,-0.3074987530708313,0.7611832618713379,-0.6608266830444336,-0.3970365822315216,0.6985541582107544,-0.5997015237808228,-0.2894039750099182,332.24151611328125,0.10226807743310928
EXPC-313,131.64231075413332,45.61829167392175,0.06698961937716265,-0.0629911572472126,0.11909265667051133,-0.13588619761630144,-0.11374086889657825,-0.029773164167627833,-0.186082276047674,0.46560553633217994,0.06698961937716265,0.006151480199923107,0.2069357939254133,-0.000984236831987697,0.012056901191849288,0.07535563244905807,-0.024605920799692427,-0.07535563244905807,-0.008858131487889272,-0.1085121107266436,0.16000000000000003,-0.07111111111111111,0.13016532103037293,-0.19986159169550174,0.16000000000000003,-0.07972318339100345,0.15378700499807765,0.24415224913494812,-0.06698961937716265,0.05911572472126105,0.19986159169550174,-0.007443291041906958,0.11909265667051133,0.08421376393694734,0.07111111111111111,0.06698961937716265,-0.03543252595155709,0.13588619761630144,-0.00024605920799692423,-0.16633602460592078,0.14173010380622836,0.04822760476739715,-0.2288965782391388,-0.1085121107266436,-0.019930795847750864,0.09356401384083046,-0.05536332179930796,0.06698961937716265,0.07111111111111111,-0.07535563244905807,0.17937716262975778,-0.04822760476739715,0.041584006151480196,-0.13016532103037293,-0.07972318339100345,0.029773164167627833,0.11374086889657825,0.09842368319876971,0.11909265667051133,0.16000000000000003,-0.14769703960015382,-0.0629911572472126,-0.12456747404844293,0.044844290657439445,0.019930795847750864,0.08421376393694734,,,,,0.6702249050140381,-0.5933806300163269,-0.0998389720916748,0.7227796316146851,-0.6286667585372925,-0.373629629611969,0.8104504346847534,-0.6881720423698425,-0.38866931200027466,0.7230486869812012,-0.687713623046875,-0.3793350160121918,218.89404296875,0.10226807743310928
EXPC-314,130.82250822584584,47.91788896973932,0.11909265667051133,-0.09356401384083046,0.15378700499807765,-0.1929104190695886,-0.07972318339100345,-0.044844290657439445,-0.2519646289888504,0.454963475586313,0.05911572472126105,0.08421376393694734,0.14173010380622836,0.03543252595155709,0.0629911572472126,0.08421376393694734,-0.01384083044982699,-0.10340638216070744,0.017777777777777778,-0.08882737408688965,0.17279507881584008,-0.11909265667051133,0.13588619761630144,-0.19986159169550174,0.17937716262975778,-0.041584006151480196,0.10340638216070744,0.2069357939254133,-0.05911572472126105,0.05173394848135333,0.19986159169550174,-0.003936947327950788,0.16000000000000003,0.0271280276816609,0.05911572472126105,0.012056901191849288,-0.08882737408688965,0.13016532103037293,-0.000984236831987697,-0.14769703960015382,0.16000000000000003,0.07972318339100345,-0.17279507881584008,-0.09356401384083046,-0.022206843521722412,0.1085121107266436,-0.05536332179930796,0.08421376393694734,-0.0005536332179930795,-0.05173394848135333,0.17279507881584008,-0.019930795847750864,0.04822760476739715,-0.11909265667051133,-0.05911572472126105,-0.004982698961937716,0.06698961937716265,0.08421376393694734,0.05173394848135333,0.16000000000000003,-0.1929104190695886,-0.07535563244905807,-0.11374086889657825,0.05536332179930796,-0.05536332179930796,0.14173010380622836,,,,,0.7986425161361694,-0.7562592029571533,-0.19169719517230988,0.770298421382904,-0.6854971647262573,-0.33888888359069824,0.7472066879272461,-0.6220421195030212,-0.31472229957580566,0.7834515571594238,-0.735050618648529,-0.4766015410423279,126.07271575927734,0.16319327056407928
EXPC-315,131.02409017560225,43.44562632775028,0.11374086889657825,-0.07972318339100345,0.22145328719723184,-0.13588619761630144,-0.06698961937716265,-0.09842368319876971,-0.16633602460592078,0.40359861591695495,0.13016532103037293,0.07535563244905807,0.2288965782391388,-0.019930795847750864,-0.012056901191849288,-0.006151480199923107,-0.024605920799692427,-0.07111111111111111,-0.05173394848135333,-0.01384083044982699,0.13016532103037293,-0.1929104190695886,0.1085121107266436,-0.11374086889657825,0.14769703960015382,-0.07972318339100345,0.07535563244905807,0.13588619761630144,-0.186082276047674,0.09842368319876971,0.24415224913494812,-0.017777777777777778,0.16000000000000003,0.14173010380622836,0.03543252595155709,0.12456747404844293,-0.03543252595155709,0.11909265667051133,0.09842368319876971,-0.1929104190695886,0.06698961937716265,0.010396001537870049,-0.16000000000000003,-0.09356401384083046,-0.03844675124951941,0.19986159169550174,-0.05911572472126105,0.05173394848135333,0.017777777777777778,-0.13588619761630144,0.16633602460592078,-0.13588619761630144,0.041584006151480196,-0.10340638216070744,-0.05911572472126105,0.05173394848135333,0.06698961937716265,0.05911572472126105,0.09842368319876971,0.1085121107266436,-0.15378700499807765,-0.07972318339100345,-0.16000000000000003,0.13588619761630144,-0.003936947327950788,0.05173394848135333,,,,,0.538733959197998,-0.5587443709373474,-0.14061135053634644,0.5463601350784302,-0.5287878513336182,-0.2817552089691162,0.7398824095726013,-0.6254645586013794,-0.36580026149749756,0.6897538900375366,-0.6422809362411499,-0.4525330066680908,787.5300903320312,0.26213929057121277
EXPC-316,131.03136652940364,45.28896929076353,-0.07111111111111111,-0.14173010380622836,0.15378700499807765,-0.08882737408688965,-0.09842368319876971,-0.14173010380622836,-0.22145328719723184,0.42377547097270285,0.11909265667051133,-0.03254133025759323,0.33685505574778934,-0.12456747404844293,0.022206843521722412,-0.05911572472126105,-0.07972318339100345,-0.0629911572472126,0.07111111111111111,0.019930795847750864,-0.17279507881584008,-0.041584006151480196,0.07972318339100345,-0.07972318339100345,-0.012056901191849288,0.006151480199923107,0.16633602460592078,0.24415224913494812,-0.01574778931180315,0.09356401384083046,0.2519646289888504,0.007443291041906958,0.044844290657439445,0.06698961937716265,0.0271280276816609,0.13588619761630144,0.010396001537870049,0.07111111111111111,0.017777777777777778,-0.07535563244905807,0.12456747404844293,-0.05173394848135333,-0.14769703960015382,-0.186082276047674,0.09842368319876971,0.10340638216070744,-0.044844290657439445,0.1085121107266436,0.12456747404844293,-0.019930795847750864,0.12456747404844293,-0.05173394848135333,0.0271280276816609,-0.03254133025759323,-0.05536332179930796,0.07535563244905807,0.19986159169550174,0.13588619761630144,0.15378700499807765,0.03254133025759323,-0.07972318339100345,-0.017777777777777778,-0.17937716262975778,0.04822760476739715,0.022206843521722412,0.07972318339100345,,,,,0.04887161776423454,0.000996441231109202,0.26497572660446167,0.4332413375377655,-0.41640445590019226,-0.34138256311416626,0.7650358080863953,-0.6388888955116272,-0.42061281204223633,0.5400755405426025,-0.5485231876373291,-0.4521249234676361,225.71875,0.10226807743310928
EXPC-317,131.90318151264162,45.3811364389142,0.04822760476739715,-0.07535563244905807,0.11374086889657825,-0.15378700499807765,-0.11374086889657825,-0.044844290657439445,-0.2679584775086506,0.47637062668204533,0.1085121107266436,0.002214532871972318,0.17279507881584008,-0.017777777777777778,0.041584006151480196,0.09842368319876971,-0.03543252595155709,-0.07111111111111111,0.07535563244905807,-0.09356401384083046,0.1085121107266436,-0.11374086889657825,0.05536332179930796,-0.2364628988850442,0.15378700499807765,-0.09842368319876971,0.09842368319876971,0.29287197231833906,0.004982698961937716,0.04822760476739715,0.2288965782391388,-0.0015378700499807767,0.09842368319876971,0.03543252595155709,0.041584006151480196,0.08421376393694734,-0.07111111111111111,0.15378700499807765,-0.041584006151480196,-0.0629911572472126,0.1929104190695886,0.10340638216070744,-0.14769703960015382,-0.07111111111111111,0.010396001537870049,0.05911572472126105,-0.08421376393694734,0.08421376393694734,0.003936947327950788,0.044844290657439445,0.13016532103037293,-0.0271280276816609,0.09356401384083046,-0.07972318339100345,-0.044844290657439445,0.05911572472126105,0.15378700499807765,0.09842368319876971,0.06698961937716265,0.16000000000000003,-0.10340638216070744,-0.07972318339100345,-0.09842368319876971,0.017777777777777778,0.03254133025759323,0.15378700499807765,,,,,0.4575376510620117,-0.40140318870544434,0.34158581495285034,0.5970119833946228,-0.5557257533073425,-0.3569844663143158,0.7289754152297974,-0.6279391646385193,-0.3606654703617096,0.7859459519386292,-0.7054370045661926,-0.3420445919036865,179.1406707763672,0.10226807743310928
EXPC-318,130.6605419801191,46.590358642867486,0.13016532103037293,-0.07535563244905807,0.17937716262975778,-0.21413302575932336,-0.12456747404844293,-0.0271280276816609,-0.2519646289888504,0.454963475586313,0.05911572472126105,0.03844675124951941,0.07535563244905807,0.024605920799692427,0.041584006151480196,0.12456747404844293,-0.041584006151480196,-0.08421376393694734,0.012056901191849288,-0.04822760476739715,0.2288965782391388,-0.16000000000000003,0.08421376393694734,-0.14769703960015382,0.14769703960015382,-0.06698961937716265,0.03543252595155709,0.2069357939254133,-0.07111111111111111,0.05173394848135333,0.2288965782391388,-0.024605920799692427,0.16000000000000003,-0.007443291041906958,0.006151480199923107,0.0629911572472126,-0.11374086889657825,0.16633602460592078,-0.03254133025759323,-0.1085121107266436,0.14173010380622836,0.07972318339100345,-0.15378700499807765,-0.022206843521722412,-0.03844675124951941,0.09842368319876971,-0.06698961937716265,0.13588619761630144,-0.07535563244905807,-0.012056901191849288,0.13016532103037293,-0.041584006151480196,0.03844675124951941,-0.11909265667051133,-0.012056901191849288,-0.044844290657439445,0.05911572472126105,0.09842368319876971,0.06698961937716265,0.19986159169550174,-0.1929104190695886,-0.0629911572472126,-0.08882737408688965,0.029773164167627833,-0.007443291041906958,0.1085121107266436,,,,,0.7740322351455688,-0.7503654956817627,-0.1083550900220871,0.7276995182037354,-0.6358463764190674,-0.3115966320037842,0.6230279803276062,-0.5097837448120117,-0.12237843126058578,0.7774502635002136,-0.7106382846832275,-0.3078880310058594,186.38597106933594,0.0630452111363411
EXPC-319,130.69342031951786,46.69222759608664,0.14769703960015382,-0.041584006151480196,0.19986159169550174,-0.17279507881584008,-0.08882737408688965,-0.01574778931180315,-0.2679584775086506,0.4340484429065744,0.041584006151480196,0.0271280276816609,0.10340638216070744,0.07111111111111111,0.019930795847750864,0.08421376393694734,-0.017777777777777778,-0.06698961937716265,-0.019930795847750864,-0.002214532871972318,0.15378700499807765,-0.11374086889657825,0.11374086889657825,-0.17937716262975778,0.16000000000000003,-0.044844290657439445,0.10340638216070744,0.17279507881584008,-0.09356401384083046,0.07535563244905807,0.2069357939254133,0.017777777777777778,0.14769703960015382,0.07972318339100345,0.05173394848135333,0.09356401384083046,-0.07535563244905807,0.1929104190695886,0.029773164167627833,-0.21413302575932336,0.1085121107266436,0.13016532103037293,-0.21413302575932336,-0.03844675124951941,-0.05173394848135333,0.09842368319876971,-0.08882737408688965,0.13588619761630144,-0.05536332179930796,-0.07535563244905807,0.09356401384083046,-0.07972318339100345,0.0629911572472126,-0.13016532103037293,-0.0271280276816609,-0.05536332179930796,0.008858131487889272,-0.004982698961937716,0.04822760476739715,0.19986159169550174,-0.19986159169550174,-0.022206843521722412,-0.12456747404844293,0.03254133025759323,-0.08421376393694734,0.07111111111111111,,,,,0.742473840713501,-0.6811365485191345,0.007984031923115253,0.7019992470741272,-0.6446145176887512,-0.3525896370410919,0.6059240102767944,-0.5538941025733948,-0.21834060549736023,0.8019039630889893,-0.7200309634208679,-0.4026402533054352,271.7191162109375,0.0630452111363411
EXPC-320,131.11140642121867,46.435668750942106,-0.08882737408688965,-0.0271280276816609,0.14769703960015382,-0.0271280276816609,-0.0629911572472126,-0.14769703960015382,-0.17279507881584008,0.47637062668204533,0.2288965782391388,0.01384083044982699,0.33685505574778934,-0.0629911572472126,0.017777777777777778,-0.07111111111111111,-0.11374086889657825,0.0629911572472126,0.08882737408688965,0.000984236831987697,-0.16000000000000003,-0.17279507881584008,0.15378700499807765,-0.0629911572472126,0.024605920799692427,0.002214532871972318,0.1929104190695886,0.16633602460592078,-0.05173394848135333,0.0629911572472126,0.17937716262975778,0.04822760476739715,0.024605920799692427,0.09842368319876971,0.07111111111111111,0.12456747404844293,0.041584006151480196,-0.03254133025759323,0.01384083044982699,-0.14173010380622836,0.09842368319876971,-0.09356401384083046,-0.07535563244905807,-0.12456747404844293,0.08421376393694734,0.044844290657439445,-0.09356401384083046,0.05173394848135333,0.11374086889657825,-0.03543252595155709,0.14769703960015382,-0.03844675124951941,0.0271280276816609,-0.0629911572472126,-0.09842368319876971,0.07111111111111111,0.11909265667051133,0.13016532103037293,0.1929104190695886,-0.017777777777777778,-0.09356401384083046,-0.05911572472126105,-0.15378700499807765,0.08421376393694734,-0.03844675124951941,0.11374086889657825,,,,,0.17411185801029205,-0.11266666650772095,0.202892005443573,0.4565701484680176,-0.41303566098213196,-0.36203521490097046,0.876779317855835,-0.7435897588729858,-0.5232732892036438,0.44294700026512146,-0.50023353099823,-0.4387621283531189,438.36871337890625,0.09111568331718445
EXPC-321,130.46273295455595,48.36363301371942,-0.044844290657439445,-0.07972318339100345,0.15378700499807765,-0.05173394848135333,-0.07111111111111111,-0.11909265667051133,-0.1929104190695886,0.42377547097270285,0.186082276047674,-0.006151480199923107,0.33685505574778934,-0.06698961937716265,0.010396001537870049,-0.05536332179930796,-0.07535563244905807,0.03844675124951941,0.022206843521722412,-0.002214532871972318,-0.012056901191849288,-0.186082276047674,0.17937716262975778,-0.09842368319876971,0.041584006151480196,-0.0271280276816609,0.17279507881584008,0.17279507881584008,-0.07111111111111111,0.11374086889657825,0.2069357939254133,0.002214532871972318,0.1085121107266436,0.07972318339100345,0.019930795847750864,0.14769703960015382,-0.01574778931180315,0.017777777777777778,0.029773164167627833,-0.15378700499807765,0.1085121107266436,-0.044844290657439445,-0.13016532103037293,-0.14769703960015382,0.06698961937716265,0.15378700499807765,-0.08882737408688965,0.05173394848135333,0.09356401384083046,-0.05536332179930796,0.17937716262975778,-0.044844290657439445,-0.000984236831987697,-0.14769703960015382,-0.09356401384083046,0.0271280276816609,0.12456747404844293,0.15378700499807765,0.15378700499807765,0.03844675124951941,-0.13016532103037293,-0.05911572472126105,-0.15378700499807765,0.07111111111111111,0.05911572472126105,0.12456747404844293,,,,,0.5952051877975464,-0.5330083966255188,-0.022263450548052788,0.7207392454147339,-0.6489571332931519,-0.4005376398563385,0.8394649028778076,-0.7128620147705078,-0.48405149579048157,0.7825261354446411,-0.713763952255249,-0.4921020567417145,393.40692138671875,0.0640474185347557
EXPC-322,130.6327840378398,43.15699762696267,0.07972318339100345,-0.022206843521722412,0.16633602460592078,-0.041584006151480196,-0.05173394848135333,-0.13016532103037293,-0.16633602460592078,0.36472126105344094,0.17937716262975778,0.09356401384083046,0.2679584775086506,0.04822760476739715,-0.0629911572472126,-0.0271280276816609,-0.13016532103037293,0.041584006151480196,-0.03254133025759323,-0.03844675124951941,-0.06698961937716265,-0.07111111111111111,0.16633602460592078,-0.09842368319876971,0.13016532103037293,-0.05536332179930796,0.08421376393694734,0.03844675124951941,-0.15378700499807765,0.03543252595155709,0.1929104190695886,0.006151480199923107,0.11374086889657825,0.21413302575932336,0.09842368319876971,0.14769703960015382,-0.003936947327950788,0.15378700499807765,0.08421376393694734,-0.2364628988850442,0.0271280276816609,-0.06698961937716265,-0.1929104190695886,-0.012056901191849288,-0.0629911572472126,0.14769703960015382,-0.044844290657439445,0.03543252595155709,0.16633602460592078,-0.22145328719723184,0.05911572472126105,-0.12456747404844293,0.08421376393694734,-0.1085121107266436,-0.11374086889657825,0.1085121107266436,0.03254133025759323,0.0629911572472126,0.11374086889657825,0.01574778931180315,-0.08421376393694734,-0.13016532103037293,-0.19986159169550174,0.16633602460592078,-0.08421376393694734,0.017777777777777778,-15.360497926496517,-20.983783151846602,-11.034407754445022,-17.415549013766743,0.35028472542762756,-0.35765644907951355,0.1931733787059784,0.6301233172416687,-0.5857374668121338,-0.39688533544540405,0.7978574633598328,-0.7064544558525085,-0.4415475130081177,0.668036162853241,-0.6818558573722839,-0.5348273515701294,1128.3153076171875,0.15145225822925568
EXPC-323,130.39104739488323,43.30144672464909,0.03844675124951941,-0.06698961937716265,0.17279507881584008,-0.07972318339100345,-0.06698961937716265,-0.09842368319876971,-0.11374086889657825,0.3839138792772011,0.16633602460592078,0.09842368319876971,0.31009611687812383,-0.06698961937716265,-0.05173394848135333,-0.017777777777777778,-0.05911572472126105,0.044844290657439445,0.003936947327950788,-0.04822760476739715,0.004982698961937716,-0.16633602460592078,0.17937716262975778,-0.09356401384083046,0.1085121107266436,-0.08421376393694734,0.14173010380622836,0.10340638216070744,-0.15378700499807765,0.08421376393694734,0.186082276047674,-0.0271280276816609,0.09356401384083046,0.17937716262975778,0.044844290657439445,0.12456747404844293,0.05536332179930796,0.05536332179930796,0.03844675124951941,-0.1929104190695886,0.044844290657439445,-0.1085121107266436,-0.16000000000000003,-0.1085121107266436,-0.03543252595155709,0.2069357939254133,-0.05536332179930796,0.008858131487889272,0.16633602460592078,-0.186082276047674,0.16000000000000003,-0.09356401384083046,0.06698961937716265,-0.11374086889657825,-0.11374086889657825,0.13016532103037293,0.07535563244905807,0.15378700499807765,0.14173010380622836,0.03543252595155709,-0.10340638216070744,-0.06698961937716265,-0.17937716262975778,0.09356401384083046,0.01384083044982699,0.029773164167627833,-10.817228271310803,-19.315594788520198,-9.13014869273135,-15.307260456306924,0.5,-0.49520766735076904,0.007720711641013622,0.5904830694198608,-0.5356770157814026,-0.3719397485256195,0.8620055317878723,-0.7508650422096252,-0.48154816031455994,0.6973294019699097,-0.6805875897407532,-0.521233081817627,833.671875,0.15145225822925568
EXPC-324,130.7378869260818,46.68468174770003,0.003014225297962322,-0.03543252595155709,0.17279507881584008,-0.09842368319876971,-0.07972318339100345,-0.09842368319876971,-0.19986159169550174,0.4982698961937717,0.13588619761630144,0.012056901191849288,0.3014225297962323,-0.07111111111111111,0.003014225297962322,0.0015378700499807767,-0.07111111111111111,-0.007443291041906958,0.07535563244905807,-0.05536332179930796,-0.04822760476739715,-0.13588619761630144,0.11909265667051133,-0.16633602460592078,0.07535563244905807,-0.05173394848135333,0.15378700499807765,0.19986159169550174,-0.044844290657439445,0.07972318339100345,0.24415224913494812,0.03844675124951941,0.05911572472126105,0.08421376393694734,0.05536332179930796,0.15378700499807765,-0.010396001537870049,0.08882737408688965,0.05911572472126105,-0.13016532103037293,0.07111111111111111,-0.012056901191849288,-0.14769703960015382,-0.13016532103037293,0.0015378700499807767,0.13588619761630144,-0.05911572472126105,0.03543252595155709,0.08882737408688965,-0.0629911572472126,0.16633602460592078,-0.0629911572472126,0.03844675124951941,-0.05911572472126105,-0.07972318339100345,0.0629911572472126,0.11374086889657825,0.11909265667051133,0.186082276047674,0.07111111111111111,-0.08421376393694734,-0.03844675124951941,-0.186082276047674,0.041584006151480196,0.003936947327950788,0.12456747404844293,,,,,0.23635916411876678,-0.18010815978050232,0.31411343812942505,0.5093429684638977,-0.5708908438682556,-0.44727271795272827,0.8286157250404358,-0.7376565933227539,-0.42066720128059387,0.5697186589241028,-0.6682636737823486,-0.4739324152469635,221.5183868408203,0.0630452111363411
EXPC-325,130.37999811688857,48.09764185809163,-0.0271280276816609,-0.08882737408688965,0.15378700499807765,-0.05536332179930796,-0.07972318339100345,-0.08882737408688965,-0.14173010380622836,0.40359861591695495,0.17937716262975778,-0.003936947327950788,0.3553094963475586,-0.07535563244905807,0.017777777777777778,-0.03543252595155709,-0.0629911572472126,0.041584006151480196,-0.002214532871972318,0.012056901191849288,0.029773164167627833,-0.17937716262975778,0.1929104190695886,-0.08421376393694734,0.05173394848135333,-0.04822760476739715,0.16000000000000003,0.14769703960015382,-0.07972318339100345,0.11374086889657825,0.21413302575932336,-0.029773164167627833,0.11909265667051133,0.10340638216070744,0.00024605920799692423,0.14769703960015382,-0.007443291041906958,0.04822760476739715,0.024605920799692427,-0.17279507881584008,0.09356401384083046,-0.07972318339100345,-0.13588619761630144,-0.14769703960015382,0.041584006151480196,0.16000000000000003,-0.09842368319876971,0.06698961937716265,0.10340638216070744,-0.11374086889657825,0.12456747404844293,-0.05173394848135333,0.01574778931180315,-0.14173010380622836,-0.10340638216070744,0.03844675124951941,0.12456747404844293,0.186082276047674,0.14769703960015382,0.05536332179930796,-0.12456747404844293,-0.08421376393694734,-0.16000000000000003,0.09842368319876971,0.08421376393694734,0.07535563244905807,,,,,0.4800623655319214,-0.42851001024246216,0.04153605177998543,0.6028481125831604,-0.5940204858779907,-0.33203884959220886,0.7975401878356934,-0.6695957779884338,-0.49348899722099304,0.7351547479629517,-0.6785328984260559,-0.545558512210846,595.799072265625,0.0640474185347557
EXPC-326,130.40209667287792,48.0733873454204,-0.019930795847750864,-0.06698961937716265,0.17279507881584008,-0.07972318339100345,-0.07535563244905807,-0.08882737408688965,-0.1085121107266436,0.41362552864282975,0.186082276047674,-0.017777777777777778,0.3553094963475586,-0.05536332179930796,0.003936947327950788,-0.0015378700499807767,-0.07972318339100345,0.06698961937716265,-0.010396001537870049,-0.01574778931180315,0.010396001537870049,-0.17937716262975778,0.1929104190695886,-0.041584006151480196,0.03844675124951941,-0.0629911572472126,0.15378700499807765,0.11374086889657825,-0.08421376393694734,0.15378700499807765,0.2069357939254133,-0.05536332179930796,0.11374086889657825,0.13588619761630144,-0.04822760476739715,0.11374086889657825,0.007443291041906958,0.05911572472126105,0.003014225297962322,-0.17937716262975778,0.05536332179930796,-0.08882737408688965,-0.13016532103037293,-0.15378700499807765,0.044844290657439445,0.12456747404844293,-0.08421376393694734,0.07972318339100345,0.10340638216070744,-0.16633602460592078,0.11374086889657825,-0.08421376393694734,0.01384083044982699,-0.11909265667051133,-0.11909265667051133,0.006151480199923107,0.09842368319876971,0.17937716262975778,0.16000000000000003,0.06698961937716265,-0.10340638216070744,-0.09842368319876971,-0.17937716262975778,0.10340638216070744,0.06698961937716265,0.05173394848135333,,,,,0.23968279361724854,-0.24755699932575226,0.24394184350967407,0.5511982440948486,-0.5400144457817078,-0.2449704110622406,0.8674221038818359,-0.743915319442749,-0.5135678648948669,0.6996285915374756,-0.6614477038383484,-0.518709659576416,629.2800903320312,0.0640474185347557
EXPC-327,132.5200546182465,46.075623985067,-0.024605920799692427,-0.029773164167627833,0.2288965782391388,-0.1085121107266436,-0.07535563244905807,-0.13016532103037293,-0.2069357939254133,0.5206612841214917,0.16633602460592078,0.000984236831987697,0.24415224913494812,-0.06698961937716265,-0.007443291041906958,0.022206843521722412,-0.07535563244905807,0.044844290657439445,-0.01574778931180315,0.000984236831987697,0.019930795847750864,-0.186082276047674,0.16000000000000003,-0.003014225297962322,0.06698961937716265,-0.08421376393694734,0.16633602460592078,0.16633602460592078,-0.08882737408688965,0.13588619761630144,0.24415224913494812,-0.01384083044982699,0.1085121107266436,0.05173394848135333,-0.03254133025759323,0.11909265667051133,-0.012056901191849288,0.08421376393694734,0.0629911572472126,-0.14769703960015382,0.09356401384083046,-0.041584006151480196,-0.13016532103037293,-0.07972318339100345,0.029773164167627833,0.09842368319876971,-0.06698961937716265,0.07111111111111111,0.09842368319876971,-0.044844290657439445,0.17937716262975778,-0.08421376393694734,0.00024605920799692423,-0.07972318339100345,-0.07972318339100345,-0.022206843521722412,0.07111111111111111,0.16000000000000003,0.15378700499807765,0.09842368319876971,-0.11374086889657825,-0.003936947327950788,-0.13588619761630144,0.0271280276816609,0.007443291041906958,0.05173394848135333,,,,,0.5137991905212402,-0.494059681892395,0.09329994022846222,0.5967643857002258,-0.46113988757133484,-0.36238232254981995,0.904342532157898,-0.7966532111167908,-0.5510827898979187,0.6823855638504028,-0.6205744743347168,-0.3617977499961853,174.574951171875,0.06488724052906036
EXPC-328,131.21031093400023,46.37826640428687,-0.07111111111111111,-0.044844290657439445,0.16000000000000003,-0.03254133025759323,-0.05911572472126105,-0.12456747404844293,-0.13588619761630144,0.42377547097270285,0.2288965782391388,0.01384083044982699,0.36472126105344094,-0.07111111111111111,0.012056901191849288,-0.05911572472126105,-0.13588619761630144,0.04822760476739715,0.019930795847750864,-0.008858131487889272,-0.09842368319876971,-0.17937716262975778,0.16000000000000003,-0.06698961937716265,0.029773164167627833,-0.04822760476739715,0.17279507881584008,0.16633602460592078,-0.0629911572472126,0.08421376393694734,0.2069357939254133,-0.000984236831987697,0.07111111111111111,0.13016532103037293,0.01574778931180315,0.14173010380622836,0.03254133025759323,0.024605920799692427,0.022206843521722412,-0.17279507881584008,0.07535563244905807,-0.09842368319876971,-0.09356401384083046,-0.13588619761630144,0.0629911572472126,0.08882737408688965,-0.09356401384083046,0.044844290657439445,0.11909265667051133,-0.1085121107266436,0.12456747404844293,-0.07535563244905807,0.029773164167627833,-0.07111111111111111,-0.12456747404844293,0.0629911572472126,0.11909265667051133,0.16000000000000003,0.1929104190695886,0.012056901191849288,-0.08882737408688965,-0.09356401384083046,-0.17937716262975778,0.09356401384083046,0.010396001537870049,0.08882737408688965,,,,,0.3278939425945282,-0.2549397647380829,0.10507505387067795,0.45552754402160645,-0.48221489787101746,-0.3514010012149811,0.8405861854553223,-0.7080211043357849,-0.5087555646896362,0.6641318202018738,-0.6651870608329773,-0.6204169392585754,649.730224609375,0.09111568331718445
EXPC-329,130.15604811655757,45.53286189040198,-0.022206843521722412,-0.0629911572472126,0.11909265667051133,-0.03844675124951941,-0.08882737408688965,-0.08421376393694734,-0.2364628988850442,0.4444444444444444,0.17279507881584008,-0.01574778931180315,0.3278123798539023,-0.0271280276816609,-0.007443291041906958,-0.044844290657439445,-0.0271280276816609,-0.05173394848135333,0.08882737408688965,-0.03543252595155709,-0.11909265667051133,-0.07111111111111111,0.12456747404844293,-0.19986159169550174,0.08882737408688965,-0.010396001537870049,0.16633602460592078,0.186082276047674,-0.04822760476739715,0.04822760476739715,0.186082276047674,0.03844675124951941,0.07972318339100345,0.08421376393694734,0.13588619761630144,0.12456747404844293,-0.01384083044982699,0.07535563244905807,0.05173394848135333,-0.13016532103037293,0.15378700499807765,0.0005536332179930795,-0.17937716262975778,-0.15378700499807765,0.0629911572472126,0.13588619761630144,-0.06698961937716265,0.08421376393694734,0.12456747404844293,-0.041584006151480196,0.13016532103037293,0.012056901191849288,0.041584006151480196,-0.10340638216070744,-0.07535563244905807,0.09356401384083046,0.17937716262975778,0.1085121107266436,0.11374086889657825,0.041584006151480196,-0.11909265667051133,-0.08421376393694734,-0.16000000000000003,0.05911572472126105,-0.01574778931180315,0.11909265667051133,,,,,0.333698034286499,-0.33442801237106323,0.23389142751693726,0.5045338869094849,-0.5244395732879639,-0.4324561357498169,0.825376570224762,-0.7249698638916016,-0.4722222089767456,0.5647590160369873,-0.5809494853019714,-0.30594757199287415,299.7546081542969,0.1618894636631012
EXPC-330,130.3756862035248,44.28537145534521,0.10340638216070744,-0.10340638216070744,0.186082276047674,-0.13588619761630144,-0.07972318339100345,-0.09842368319876971,-0.186082276047674,0.41362552864282975,0.05536332179930796,0.10340638216070744,0.2364628988850442,-0.003014225297962322,0.01574778931180315,0.007443291041906958,-0.024605920799692427,-0.08421376393694734,-0.07972318339100345,-0.010396001537870049,-0.003936947327950788,-0.08882737408688965,0.11374086889657825,-0.12456747404844293,0.10340638216070744,-0.07972318339100345,0.14769703960015382,0.08882737408688965,-0.16633602460592078,0.09356401384083046,0.24415224913494812,0.022206843521722412,0.12456747404844293,0.10340638216070744,0.006151480199923107,0.09842368319876971,-0.06698961937716265,0.1085121107266436,0.07111111111111111,-0.2519646289888504,0.11909265667051133,-0.004982698961937716,-0.15378700499807765,-0.05536332179930796,-0.044844290657439445,0.19986159169550174,-0.11374086889657825,0.07972318339100345,0.15378700499807765,-0.186082276047674,0.11374086889657825,-0.08882737408688965,0.04822760476739715,-0.11909265667051133,-0.06698961937716265,-0.01384083044982699,-0.0015378700499807767,0.05536332179930796,0.08882737408688965,0.06698961937716265,-0.1929104190695886,-0.05536332179930796,-0.2069357939254133,0.07972318339100345,-0.03844675124951941,0.03844675124951941,-12.29571526482088,-17.96067457637404,-10.137225908053107,-14.10162701994824,0.5995796322822571,-0.6321715712547302,-0.37006428837776184,0.6003865599632263,-0.5648476481437683,-0.44734472036361694,0.8406983017921448,-0.7023208737373352,-0.4299516975879669,0.6948398351669312,-0.6358952522277832,-0.39385274052619934,491.54248046875,0.130340114235878
EXPC-331,131.43156598847887,45.14802362268518,-0.0629911572472126,-0.04822760476739715,0.17937716262975778,-0.06698961937716265,-0.09356401384083046,-0.12456747404844293,-0.2069357939254133,0.454963475586313,0.16633602460592078,-0.0271280276816609,0.3188927335640138,-0.08882737408688965,0.019930795847750864,0.007443291041906958,-0.10340638216070744,-0.012056901191849288,-0.03844675124951941,-0.0629911572472126,-0.03254133025759323,-0.09356401384083046,0.13016532103037293,-0.09356401384083046,0.10340638216070744,-0.07111111111111111,0.17937716262975778,0.2364628988850442,-0.041584006151480196,0.10340638216070744,0.2519646289888504,-0.019930795847750864,0.09356401384083046,0.08421376393694734,0.012056901191849288,0.07111111111111111,0.029773164167627833,0.11909265667051133,0.017777777777777778,-0.14769703960015382,0.11909265667051133,-0.041584006151480196,-0.15378700499807765,-0.14769703960015382,0.04822760476739715,0.10340638216070744,-0.09842368319876971,0.05911572472126105,0.14173010380622836,-0.08421376393694734,0.1085121107266436,-0.07972318339100345,0.029773164167627833,-0.04822760476739715,-0.07972318339100345,0.04822760476739715,0.10340638216070744,0.12456747404844293,0.16633602460592078,0.06698961937716265,-0.11374086889657825,-0.07535563244905807,-0.17279507881584008,0.022206843521722412,0.012056901191849288,0.0629911572472126,,,,,0.46535244584083557,-0.49915966391563416,0.0,0.590624988079071,-0.588143527507782,-0.46450304985046387,0.7877551317214966,-0.689984917640686,-0.45325443148612976,0.6501226425170898,-0.6942452788352966,-0.441415935754776,278.1257629394531,0.10226807743310928
EXPC-332,131.21920425531303,45.68000593394076,-0.041584006151480196,-0.029773164167627833,0.1929104190695886,-0.06698961937716265,-0.09842368319876971,-0.09842368319876971,-0.2364628988850442,0.5094040753556325,0.2069357939254133,-0.022206843521722412,0.2679584775086506,-0.06698961937716265,0.012056901191849288,0.008858131487889272,-0.041584006151480196,0.0271280276816609,0.012056901191849288,-0.004982698961937716,-0.002214532871972318,-0.1929104190695886,0.14769703960015382,-0.10340638216070744,0.07972318339100345,-0.044844290657439445,0.16000000000000003,0.2364628988850442,-0.07111111111111111,0.09356401384083046,0.2069357939254133,0.024605920799692427,0.09356401384083046,0.07535563244905807,0.0271280276816609,0.13016532103037293,0.003014225297962322,0.07972318339100345,0.017777777777777778,-0.13588619761630144,0.10340638216070744,-0.008858131487889272,-0.13588619761630144,-0.09842368319876971,0.044844290657439445,0.06698961937716265,-0.09356401384083046,0.044844290657439445,0.07535563244905807,0.00024605920799692423,0.186082276047674,-0.08882737408688965,0.041584006151480196,-0.07535563244905807,-0.08421376393694734,0.007443291041906958,0.12456747404844293,0.13016532103037293,0.15378700499807765,0.1085121107266436,-0.10340638216070744,-0.007443291041906958,-0.12456747404844293,0.03844675124951941,0.01574778931180315,0.07972318339100345,,,,,0.5423114895820618,-0.49077022075653076,0.03559870645403862,0.6016979217529297,-0.5390890836715698,-0.4021163880825043,0.82619708776474,-0.7260536551475525,-0.44600483775138855,0.6693877577781677,-0.6895008683204651,-0.4510042667388916,331.3290710449219,0.10226807743310928
EXPC-333,130.92491616823546,44.68637939817616,-0.0271280276816609,-0.03543252595155709,0.186082276047674,-0.06698961937716265,-0.08421376393694734,-0.12456747404844293,-0.16633602460592078,0.454963475586313,0.2288965782391388,0.05911572472126105,0.31009611687812383,-0.06698961937716265,-0.004982698961937716,-0.05536332179930796,-0.04822760476739715,0.044844290657439445,0.01384083044982699,0.004982698961937716,0.0005536332179930795,-0.24415224913494812,0.16633602460592078,-0.06698961937716265,0.10340638216070744,-0.024605920799692427,0.16633602460592078,0.13588619761630144,-0.12456747404844293,0.09842368319876971,0.15378700499807765,-0.01574778931180315,0.1085121107266436,0.13588619761630144,0.09356401384083046,0.13016532103037293,0.04822760476739715,0.01574778931180315,0.03543252595155709,-0.17279507881584008,0.07535563244905807,-0.11374086889657825,-0.09842368319876971,-0.11374086889657825,0.019930795847750864,0.1085121107266436,-0.09842368319876971,0.0271280276816609,0.08882737408688965,-0.08882737408688965,0.17279507881584008,-0.07972318339100345,0.044844290657439445,-0.07972318339100345,-0.1085121107266436,0.08882737408688965,0.07972318339100345,0.12456747404844293,0.14173010380622836,0.022206843521722412,-0.14173010380622836,-0.05536332179930796,-0.14769703960015382,0.07972318339100345,-0.012056901191849288,0.07972318339100345,,,,,0.4801843464374542,-0.5089257955551147,-0.28694862127304077,0.4934210479259491,-0.4633360207080841,-0.2865559756755829,0.8764487504959106,-0.7779486179351807,-0.5293295979499817,0.6156156063079834,-0.6188565492630005,-0.4909577965736389,879.7308959960938,0.130340114235878
EXPC-334,130.97450317191883,45.68216189062265,0.003936947327950788,-0.07111111111111111,0.16000000000000003,-0.12456747404844293,-0.11374086889657825,-0.07972318339100345,-0.19986159169550174,0.4444444444444444,0.11909265667051133,-0.003014225297962322,0.2761399461745483,-0.05911572472126105,-0.017777777777777778,-0.003014225297962322,-0.01384083044982699,-0.03254133025759323,6.151480199923106e-05,-0.07535563244905807,0.0629911572472126,-0.16000000000000003,0.14769703960015382,-0.14173010380622836,0.12456747404844293,-0.05911572472126105,0.16633602460592078,0.21413302575932336,-0.09356401384083046,0.08421376393694734,0.22145328719723184,-0.01574778931180315,0.14769703960015382,0.08421376393694734,0.07111111111111111,0.09842368319876971,-0.022206843521722412,0.05536332179930796,0.03254133025759323,-0.14173010380622836,0.09842368319876971,-0.024605920799692427,-0.14769703960015382,-0.13588619761630144,0.017777777777777778,0.16000000000000003,-0.0629911572472126,0.041584006151480196,0.07535563244905807,-0.0629911572472126,0.2288965782391388,-0.024605920799692427,0.012056901191849288,-0.13588619761630144,-0.09842368319876971,0.04822760476739715,0.09842368319876971,0.12456747404844293,0.15378700499807765,0.07535563244905807,-0.15378700499807765,-0.044844290657439445,-0.15378700499807765,0.04822760476739715,0.029773164167627833,0.12456747404844293,,,,,0.5831987261772156,-0.5241057276725769,-0.06778369843959808,0.7234899401664734,-0.6159654855728149,-0.433571994304657,0.8283350467681885,-0.7211000323295593,-0.4738292098045349,0.6173945069313049,-0.5963931679725647,-0.34157106280326843,346.8846130371094,0.1618894636631012
EXPC-335,130.13125461471586,47.39399149604081,-0.007443291041906958,0.024605920799692427,0.1085121107266436,-0.28444444444444444,0.041584006151480196,-0.07972318339100345,-0.28444444444444444,0.2679584775086506,0.0271280276816609,-0.0005536332179930795,0.019930795847750864,-0.05911572472126105,-0.17279507881584008,0.03844675124951941,-0.2069357939254133,0.24415224913494812,0.044844290657439445,0.012056901191849288,-0.0629911572472126,0.03543252595155709,0.022206843521722412,0.03844675124951941,0.14173010380622836,-0.03543252595155709,-0.022206843521722412,0.044844290657439445,0.03254133025759323,-0.15378700499807765,0.34602076124567477,-0.04822760476739715,-0.024605920799692427,0.003936947327950788,-0.13588619761630144,0.044844290657439445,-0.0271280276816609,0.33685505574778934,0.14173010380622836,0.05911572472126105,0.05536332179930796,0.017777777777777778,0.11909265667051133,0.09842368319876971,-0.10340638216070744,0.05911572472126105,0.07535563244905807,0.16000000000000003,0.16000000000000003,-0.12456747404844293,0.0629911572472126,-0.13016532103037293,0.21413302575932336,-0.09356401384083046,-0.03844675124951941,0.0271280276816609,-0.03543252595155709,0.01574778931180315,-0.05173394848135333,-0.024605920799692427,0.017777777777777778,-0.11374086889657825,-0.2288965782391388,0.024605920799692427,-0.08421376393694734,-0.041584006151480196,,,,,0.014236622489988804,-0.03248375654220581,0.8003022074699402,0.22085201740264893,-0.3728332817554474,-0.5086419582366943,0.7421156764030457,-0.6208315491676331,-0.4890574812889099,0.589946448802948,-0.6494446992874146,-0.5344661474227905,215.11611938476562,0.16319327056407928
EXPC-336,131.73339992394304,47.68288969141365,-0.04822760476739715,-0.12456747404844293,0.07535563244905807,-0.28444444444444444,-0.06698961937716265,-0.05536332179930796,-0.2761399461745483,0.2599000384467512,-0.0271280276816609,0.12456747404844293,0.08882737408688965,-0.11909265667051133,0.041584006151480196,0.05911572472126105,-0.2519646289888504,0.14173010380622836,0.07111111111111111,-0.07535563244905807,-0.15378700499807765,0.024605920799692427,-0.03254133025759323,0.09356401384083046,-0.0271280276816609,-0.003014225297962322,-0.12456747404844293,-0.044844290657439445,0.010396001537870049,0.10340638216070744,0.3553094963475586,-0.13588619761630144,-0.01574778931180315,-0.017777777777777778,-0.09842368319876971,0.0271280276816609,-0.13016532103037293,0.29287197231833906,0.07111111111111111,-0.04822760476739715,0.002214532871972318,0.10340638216070744,-0.13588619761630144,-0.004982698961937716,0.012056901191849288,0.04822760476739715,-0.041584006151480196,0.3014225297962323,0.08882737408688965,-0.01574778931180315,-0.05536332179930796,-0.13016532103037293,0.16000000000000003,-0.0271280276816609,-0.019930795847750864,-0.1085121107266436,-0.017777777777777778,0.024605920799692427,0.03543252595155709,0.03543252595155709,0.017777777777777778,-0.044844290657439445,-0.2599000384467512,-0.09356401384083046,-0.04822760476739715,0.09356401384083046,,,,,0.018230563029646873,-0.03459547832608223,0.7486122846603394,0.13635368645191193,-0.18214936554431915,0.08749621361494064,0.11892642080783844,-0.06991150230169296,0.025866275653243065,0.23312883079051971,-0.32381996512413025,-0.1456310749053955,54.0,0.07704101502895355
EXPC-337,132.80302393274414,47.8028147818436,-0.024605920799692427,0.010396001537870049,0.04822760476739715,-0.28444444444444444,-0.044844290657439445,-0.03844675124951941,-0.2599000384467512,0.2069357939254133,0.000984236831987697,0.044844290657439445,0.03543252595155709,-0.09356401384083046,0.029773164167627833,-0.007443291041906958,-0.14769703960015382,0.12456747404844293,0.01574778931180315,-0.06698961937716265,-0.08882737408688965,0.09356401384083046,-0.05173394848135333,0.044844290657439445,0.07535563244905807,-0.019930795847750864,-0.11909265667051133,0.08882737408688965,0.07972318339100345,-0.06698961937716265,0.40359861591695495,-0.14173010380622836,0.002214532871972318,-0.0629911572472126,-0.09842368319876971,-0.022206843521722412,-0.08421376393694734,0.3839138792772011,0.10340638216070744,0.03543252595155709,0.09842368319876971,0.044844290657439445,-0.03844675124951941,0.022206843521722412,-0.07972318339100345,0.012056901191849288,0.007443291041906958,0.29287197231833906,0.11909265667051133,0.07111111111111111,0.05536332179930796,-0.09842368319876971,0.24415224913494812,-0.06698961937716265,-0.07972318339100345,-0.044844290657439445,0.01384083044982699,-0.07111111111111111,-0.010396001537870049,0.024605920799692427,-0.0629911572472126,-0.14769703960015382,-0.2519646289888504,-0.06698961937716265,-0.07535563244905807,0.041584006151480196,,,,,0.032375939190387726,-0.07972177863121033,0.6367591023445129,0.23396135866641998,-0.32530736923217773,-0.2987220585346222,0.6480489373207092,-0.5391210913658142,-0.37348228693008423,0.45011600852012634,-0.4269406497478485,-0.07465437799692154,48.711456298828125,0.014508984982967377
EXPC-338,133.5427865692166,45.89182867793615,0.0,-0.07972318339100345,0.13016532103037293,-0.19986159169550174,-0.05536332179930796,-0.14173010380622836,-0.21413302575932336,0.3188927335640138,0.05173394848135333,0.03543252595155709,0.2364628988850442,-0.09356401384083046,0.024605920799692427,-0.03543252595155709,-0.24415224913494812,0.05173394848135333,0.0005536332179930795,-0.16000000000000003,-0.16000000000000003,0.041584006151480196,0.08882737408688965,-0.03254133025759323,-0.03844675124951941,-0.03543252595155709,0.05911572472126105,0.16633602460592078,0.041584006151480196,0.0629911572472126,0.34602076124567477,-0.01574778931180315,-0.017777777777777778,0.003014225297962322,-0.09842368319876971,0.01574778931180315,-0.05536332179930796,0.2288965782391388,0.07972318339100345,-0.08882737408688965,0.044844290657439445,-0.05173394848135333,-0.14769703960015382,-0.13016532103037293,-0.05911572472126105,0.06698961937716265,-0.01574778931180315,0.1929104190695886,0.22145328719723184,-0.13588619761630144,0.10340638216070744,-0.05173394848135333,0.13588619761630144,-0.012056901191849288,-0.1085121107266436,-0.044844290657439445,0.03254133025759323,0.07535563244905807,0.19986159169550174,-0.022206843521722412,-0.05536332179930796,-0.1085121107266436,-0.2364628988850442,0.01574778931180315,-0.05536332179930796,0.044844290657439445,,,,,0.04209742695093155,-0.04668549448251724,0.5050491690635681,0.5301902294158936,-0.574021577835083,-0.2523643672466278,0.8057010173797607,-0.686956524848938,-0.44668588042259216,0.6138504147529602,-0.6027510166168213,-0.4779464900493622,58.17594528198242,0.056132856756448746
EXPC-339,133.4956250168003,45.88185737828242,-0.044844290657439445,-0.08421376393694734,0.044844290657439445,-0.21413302575932336,-0.022206843521722412,-0.13016532103037293,-0.2599000384467512,0.2761399461745483,0.01574778931180315,0.07111111111111111,0.16633602460592078,-0.13588619761630144,0.01574778931180315,-0.03844675124951941,-0.2519646289888504,0.09842368319876971,-0.03543252595155709,-0.05911572472126105,-0.14173010380622836,0.05536332179930796,-0.01384083044982699,0.002214532871972318,-0.05173394848135333,-0.03844675124951941,-0.0271280276816609,0.16000000000000003,0.029773164167627833,-0.017777777777777778,0.4340484429065744,-0.11909265667051133,0.012056901191849288,-0.03254133025759323,-0.08421376393694734,0.0271280276816609,-0.1085121107266436,0.3014225297962323,0.1085121107266436,0.008858131487889272,0.07972318339100345,-0.01384083044982699,-0.10340638216070744,-0.11909265667051133,-0.08421376393694734,0.05536332179930796,-0.004982698961937716,0.2364628988850442,0.16633602460592078,-0.06698961937716265,0.05536332179930796,-0.05911572472126105,0.16000000000000003,-0.044844290657439445,-0.07111111111111111,0.0015378700499807767,0.012056901191849288,0.05536332179930796,0.14173010380622836,-0.002214532871972318,-0.03254133025759323,-0.13588619761630144,-0.22145328719723184,-0.017777777777777778,-0.05173394848135333,0.05536332179930796,,,,,0.0532369539141655,-0.0633922889828682,0.5832507610321045,0.3856603801250458,-0.39038243889808655,-0.13230934739112854,0.7932389974594116,-0.6593113541603088,-0.4861009418964386,0.44176968932151794,-0.49932339787483215,-0.48895028233528137,58.6057243347168,0.056132856756448746
EXPC-340,133.5174540782044,45.88859474291331,-0.07111111111111111,-0.08882737408688965,0.05911572472126105,-0.2069357939254133,-0.0271280276816609,-0.15378700499807765,-0.2679584775086506,0.2364628988850442,0.03254133025759323,0.10340638216070744,0.08421376393694734,-0.11909265667051133,0.0271280276816609,-0.03543252595155709,-0.2364628988850442,0.186082276047674,-0.003936947327950788,-0.16000000000000003,-0.16633602460592078,0.024605920799692427,0.010396001537870049,0.012056901191849288,-0.04822760476739715,-0.044844290657439445,-0.09356401384083046,0.11374086889657825,0.07535563244905807,-0.003936947327950788,0.42377547097270285,-0.12456747404844293,0.044844290657439445,-0.010396001537870049,-0.06698961937716265,-0.002214532871972318,-0.0629911572472126,0.3188927335640138,0.07535563244905807,-0.01574778931180315,0.0629911572472126,0.029773164167627833,-0.05536332179930796,-0.05173394848135333,-0.041584006151480196,0.08421376393694734,0.05173394848135333,0.24415224913494812,0.14173010380622836,-0.022206843521722412,0.0015378700499807767,-0.09842368319876971,0.13016532103037293,-0.05173394848135333,-0.11374086889657825,0.024605920799692427,0.000984236831987697,0.022206843521722412,0.09842368319876971,-0.03543252595155709,-0.03844675124951941,-0.13016532103037293,-0.2599000384467512,-0.0629911572472126,-0.022206843521722412,0.12456747404844293,,,,,-0.019451811909675598,0.03059440478682518,0.6985413432121277,0.515842854976654,-0.5736842155456543,-0.27419355511665344,0.8115857243537903,-0.6785036325454712,-0.4547126293182373,0.38605618476867676,-0.447826087474823,-0.5212064385414124,57.57816696166992,0.056132856756448746
EXPC-341,133.50748277855067,45.88401333496431,-0.044844290657439445,-0.08882737408688965,0.12456747404844293,-0.2288965782391388,-0.07111111111111111,-0.17937716262975778,-0.2069357939254133,0.31009611687812383,0.06698961937716265,0.024605920799692427,0.2519646289888504,-0.08882737408688965,0.0271280276816609,-0.044844290657439445,-0.19986159169550174,0.05536332179930796,-0.03844675124951941,-0.13588619761630144,-0.19986159169550174,0.004982698961937716,0.05173394848135333,-0.03543252595155709,-0.05911572472126105,-0.05173394848135333,0.03844675124951941,0.16633602460592078,0.007443291041906958,0.06698961937716265,0.3553094963475586,-0.05536332179930796,0.00024605920799692423,0.024605920799692427,-0.09842368319876971,0.03844675124951941,-0.03543252595155709,0.22145328719723184,0.07111111111111111,-0.05173394848135333,0.05536332179930796,-0.07972318339100345,-0.1085121107266436,-0.13016532103037293,-0.07111111111111111,0.07972318339100345,0.006151480199923107,0.1929104190695886,0.21413302575932336,-0.14173010380622836,0.10340638216070744,-0.05911572472126105,0.09842368319876971,0.01384083044982699,-0.08882737408688965,0.008858131487889272,0.006151480199923107,0.13016532103037293,0.22145328719723184,-0.041584006151480196,-0.03254133025759323,-0.09842368319876971,-0.2364628988850442,0.03543252595155709,-0.022206843521722412,0.044844290657439445,,,,,0.06596069037914276,-0.08168654888868332,0.3849745988845825,0.5509001612663269,-0.5483660101890564,-0.23094046115875244,0.7765042781829834,-0.6524520516395569,-0.5184637904167175,0.5284916162490845,-0.5580865740776062,-0.5256723761558533,59.043304443359375,0.056132856756448746
EXPC-342,133.18166382500053,46.85015142303485,-0.0271280276816609,-0.07111111111111111,0.16000000000000003,-0.17279507881584008,-0.04822760476739715,-0.186082276047674,-0.2519646289888504,0.3188927335640138,0.007443291041906958,0.044844290657439445,0.2599000384467512,-0.13016532103037293,0.024605920799692427,-0.05173394848135333,-0.2288965782391388,0.05536332179930796,0.0271280276816609,-0.09842368319876971,-0.16000000000000003,0.03254133025759323,0.07111111111111111,-0.07535563244905807,0.010396001537870049,-0.10340638216070744,0.041584006151480196,0.24415224913494812,0.003014225297962322,0.08882737408688965,0.3278123798539023,-0.044844290657439445,-0.008858131487889272,-0.029773164167627833,-0.03543252595155709,0.05911572472126105,-0.07111111111111111,0.2288965782391388,0.13016532103037293,-0.07535563244905807,0.05173394848135333,-0.0629911572472126,-0.14173010380622836,-0.12456747404844293,-0.08882737408688965,0.11374086889657825,-0.022206843521722412,0.16000000000000003,0.17279507881584008,-0.09842368319876971,0.1085121107266436,-0.06698961937716265,0.1085121107266436,-0.008858131487889272,-0.07111111111111111,0.019930795847750864,0.029773164167627833,0.08421376393694734,0.1929104190695886,0.019930795847750864,-0.024605920799692427,-0.07972318339100345,-0.21413302575932336,-0.007443291041906958,-0.05911572472126105,0.07111111111111111,,,,,0.10823027789592743,-0.12912756204605103,0.4630656838417053,0.35070738196372986,-0.3794676661491394,-0.17658931016921997,0.7544609308242798,-0.6329824328422546,-0.39197829365730286,0.6612111330032349,-0.7030201554298401,-0.6044692993164062,58.20719909667969,0.010071716271340847
EXPC-343,130.4818670701077,48.835518032467405,-0.0271280276816609,-0.13016532103037293,0.16000000000000003,-0.24415224913494812,-0.07972318339100345,-0.11909265667051133,-0.29287197231833906,0.2761399461745483,0.03254133025759323,0.0629911572472126,0.17937716262975778,-0.10340638216070744,0.05173394848135333,-0.010396001537870049,-0.2364628988850442,0.029773164167627833,0.05173394848135333,-0.044844290657439445,-0.15378700499807765,0.041584006151480196,0.08421376393694734,-0.008858131487889272,0.008858131487889272,-0.05536332179930796,-0.044844290657439445,0.16000000000000003,-0.003936947327950788,0.07535563244905807,0.39369473279507883,-0.1085121107266436,0.024605920799692427,-0.01384083044982699,-0.10340638216070744,0.019930795847750864,-0.12456747404844293,0.2599000384467512,0.08882737408688965,-0.08882737408688965,0.07972318339100345,0.017777777777777778,-0.11909265667051133,-0.07111111111111111,-0.08421376393694734,0.08882737408688965,-0.0629911572472126,0.22145328719723184,0.13588619761630144,-0.13016532103037293,-0.008858131487889272,-0.07111111111111111,0.14769703960015382,0.004982698961937716,-0.05536332179930796,-0.022206843521722412,0.03543252595155709,0.07111111111111111,0.11374086889657825,0.041584006151480196,-0.07972318339100345,-0.09842368319876971,-0.2519646289888504,0.0015378700499807767,-0.044844290657439445,0.022206843521722412,,,,,0.03617335855960846,-0.03835850581526756,0.5354932546615601,0.18921269476413727,-0.224361851811409,-0.10025974363088608,0.6961346864700317,-0.5669082403182983,-0.29779306054115295,0.47028863430023193,-0.5402401089668274,-0.4088050425052643,86.91787719726562,0.0640474185347557
EXPC-344,132.4365112968234,45.84520611469034,-0.0629911572472126,-0.041584006151480196,0.024605920799692427,-0.19986159169550174,-0.0005536332179930795,-0.08421376393694734,-0.16633602460592078,0.19986159169550174,-0.11909265667051133,0.13588619761630144,-0.0271280276816609,-0.0629911572472126,0.019930795847750864,-0.07111111111111111,-0.31009611687812383,0.1085121107266436,0.000984236831987697,-0.1085121107266436,-0.05536332179930796,0.12456747404844293,-0.09356401384083046,0.08882737408688965,-0.06698961937716265,0.03844675124951941,-0.04822760476739715,0.1085121107266436,-0.006151480199923107,-0.06698961937716265,0.3278123798539023,-0.29287197231833906,-0.0629911572472126,-0.004982698961937716,-0.04822760476739715,0.03254133025759323,0.09842368319876971,0.2599000384467512,0.2069357939254133,0.002214532871972318,0.019930795847750864,0.024605920799692427,-0.14173010380622836,-0.01574778931180315,-0.04822760476739715,-0.03543252595155709,0.024605920799692427,0.36472126105344094,0.00024605920799692423,0.019930795847750864,0.0271280276816609,0.04822760476739715,0.1085121107266436,0.024605920799692427,-0.044844290657439445,-0.03543252595155709,0.044844290657439445,-0.03254133025759323,0.11374086889657825,0.029773164167627833,-0.11374086889657825,-0.186082276047674,-0.2599000384467512,-0.09842368319876971,-0.024605920799692427,0.1085121107266436,,,,,0.006346459034830332,-0.018391475081443787,0.8396936058998108,-0.1388733983039856,0.14412416517734528,0.613760769367218,0.7335630059242249,-0.6084176898002625,-0.3768545985221863,0.2826681137084961,-0.32617297768592834,-0.08588957041501999,96.32595825195312,0.09055157005786896
EXPC-345,134.6350481231775,47.61201261549662,0.01574778931180315,0.03844675124951941,0.010396001537870049,-0.28444444444444444,0.019930795847750864,-0.05173394848135333,-0.24415224913494812,0.2069357939254133,-0.017777777777777778,0.017777777777777778,0.002214532871972318,-0.11374086889657825,-0.14173010380622836,0.03543252595155709,-0.21413302575932336,0.2599000384467512,0.04822760476739715,-0.05536332179930796,-0.044844290657439445,0.0629911572472126,-0.03543252595155709,0.03543252595155709,0.07972318339100345,-0.03844675124951941,-0.05173394848135333,0.11374086889657825,0.13588619761630144,-0.08882737408688965,0.39369473279507883,-0.14769703960015382,-0.029773164167627833,-0.041584006151480196,-0.14769703960015382,-0.006151480199923107,-0.04822760476739715,0.3553094963475586,0.13588619761630144,0.07111111111111111,0.0629911572472126,0.006151480199923107,0.03543252595155709,0.01384083044982699,-0.14769703960015382,0.03543252595155709,0.07535563244905807,0.24415224913494812,0.08882737408688965,-0.01574778931180315,0.06698961937716265,-0.07111111111111111,0.21413302575932336,-0.14173010380622836,-0.008858131487889272,0.006151480199923107,-0.022206843521722412,-0.03844675124951941,-0.04822760476739715,-0.029773164167627833,0.0629911572472126,-0.13016532103037293,-0.2288965782391388,-0.01384083044982699,-0.05173394848135333,0.029773164167627833,,,,,0.004517173860222101,-0.010748384520411491,0.7955689430236816,0.24969549477100372,-0.3618263900279999,-0.46152985095977783,0.7593015432357788,-0.6417648792266846,-0.5392552018165588,0.4686746895313263,-0.5749353766441345,-0.5080373883247375,42.00326156616211,0.053358353674411774
EXPC-346,133.49805046806742,45.87916243243006,-0.044844290657439445,-0.07972318339100345,0.03543252595155709,-0.21413302575932336,6.151480199923106e-05,-0.14769703960015382,-0.2599000384467512,0.24415224913494812,0.01574778931180315,0.05911572472126105,0.10340638216070744,-0.14769703960015382,-0.029773164167627833,-0.041584006151480196,-0.24415224913494812,0.16633602460592078,-0.022206843521722412,-0.0629911572472126,-0.13588619761630144,0.09356401384083046,0.000984236831987697,0.019930795847750864,-0.044844290657439445,-0.04822760476739715,-0.05536332179930796,0.14769703960015382,0.044844290657439445,-0.03543252595155709,0.454963475586313,-0.14173010380622836,0.01574778931180315,-0.029773164167627833,-0.1085121107266436,0.041584006151480196,-0.08882737408688965,0.33685505574778934,0.13016532103037293,0.002214532871972318,0.07535563244905807,-0.0271280276816609,-0.07972318339100345,-0.05911572472126105,-0.11909265667051133,0.05911572472126105,-0.006151480199923107,0.2364628988850442,0.11909265667051133,-0.05911572472126105,0.03844675124951941,-0.04822760476739715,0.17279507881584008,-0.06698961937716265,-0.05911572472126105,0.006151480199923107,0.003014225297962322,0.041584006151480196,0.1085121107266436,0.000984236831987697,-0.029773164167627833,-0.09356401384083046,-0.2288965782391388,-0.03543252595155709,-0.05911572472126105,0.0629911572472126,,,,,0.042553190141916275,-0.07149365544319153,0.516919732093811,0.4909090995788574,-0.4947916567325592,-0.1729283183813095,0.8038482069969177,-0.6664609313011169,-0.48980361223220825,0.4872646629810333,-0.5344187617301941,-0.47487112879753113,57.990352630615234,0.056132856756448746
EXPC-347,133.68777465607346,45.99585358783718,-0.004982698961937716,-0.09356401384083046,0.17937716262975778,-0.21413302575932336,-0.019930795847750864,-0.11909265667051133,-0.21413302575932336,0.34602076124567477,0.044844290657439445,0.05911572472126105,0.2288965782391388,-0.09356401384083046,0.008858131487889272,0.024605920799692427,-0.2599000384467512,0.07535563244905807,-0.007443291041906958,-0.13588619761630144,-0.16000000000000003,0.003014225297962322,0.06698961937716265,0.007443291041906958,-0.044844290657439445,-0.05173394848135333,0.05173394848135333,0.09842368319876971,-0.007443291041906958,0.11374086889657825,0.36472126105344094,-0.05911572472126105,-0.017777777777777778,-0.0015378700499807767,-0.14769703960015382,0.05911572472126105,-0.06698961937716265,0.22145328719723184,0.08421376393694734,-0.1085121107266436,0.007443291041906958,-0.029773164167627833,-0.12456747404844293,-0.11374086889657825,-0.03844675124951941,0.0629911572472126,-0.029773164167627833,0.1929104190695886,0.16000000000000003,-0.17279507881584008,0.07111111111111111,-0.07972318339100345,0.09356401384083046,-0.012056901191849288,-0.07535563244905807,-0.06698961937716265,0.012056901191849288,0.1085121107266436,0.17279507881584008,0.017777777777777778,-0.03254133025759323,-0.06698961937716265,-0.2519646289888504,0.003014225297962322,-0.044844290657439445,0.03543252595155709,,,,,0.012985577806830406,-0.018105076625943184,0.6135803461074829,0.45350825786590576,-0.4438987672328949,-0.21135815978050232,0.7572475075721741,-0.6242638230323792,-0.4616033732891083,0.43287670612335205,-0.49321913719177246,-0.5993227958679199,55.205997467041016,0.056132856756448746
EXPC-348,133.66432862715794,45.96001080800082,-0.05911572472126105,-0.07111111111111111,0.13016532103037293,-0.19986159169550174,-0.0271280276816609,-0.16633602460592078,-0.2519646289888504,0.31009611687812383,0.044844290657439445,0.04822760476739715,0.19986159169550174,-0.13588619761630144,0.004982698961937716,-0.024605920799692427,-0.2364628988850442,0.08882737408688965,-0.017777777777777778,-0.08882737408688965,-0.17937716262975778,-0.003014225297962322,0.06698961937716265,-0.008858131487889272,-0.03844675124951941,-0.044844290657439445,0.022206843521722412,0.17937716262975778,0.003936947327950788,0.03543252595155709,0.41362552864282975,-0.041584006151480196,0.019930795847750864,0.0271280276816609,-0.13588619761630144,0.04822760476739715,-0.07972318339100345,0.24415224913494812,0.08421376393694734,-0.022206843521722412,0.08421376393694734,-0.07972318339100345,-0.03543252595155709,-0.13016532103037293,-0.07535563244905807,0.12456747404844293,-0.007443291041906958,0.16633602460592078,0.186082276047674,-0.12456747404844293,0.09356401384083046,-0.07111111111111111,0.10340638216070744,-0.024605920799692427,-0.05173394848135333,0.003014225297962322,-0.012056901191849288,0.09356401384083046,0.13588619761630144,-0.03543252595155709,-0.041584006151480196,-0.06698961937716265,-0.24415224913494812,0.01574778931180315,-0.05536332179930796,0.0629911572472126,,,,,0.05887772887945175,-0.05624999850988388,0.3743809461593628,0.5580210089683533,-0.5584883093833923,-0.32846716046333313,0.7661505341529846,-0.6128717660903931,-0.41959065198898315,0.5605663061141968,-0.5829787254333496,-0.6455696225166321,56.88983154296875,0.056132856756448746
EXPC-349,133.68831364524394,46.01067579002516,-0.022206843521722412,-0.09842368319876971,0.14173010380622836,-0.2069357939254133,-0.07111111111111111,-0.10340638216070744,-0.21413302575932336,0.3278123798539023,0.041584006151480196,0.07111111111111111,0.2069357939254133,-0.07111111111111111,0.044844290657439445,-0.004982698961937716,-0.2069357939254133,0.06698961937716265,-0.022206843521722412,-0.13588619761630144,-0.16000000000000003,0.03543252595155709,0.024605920799692427,-0.024605920799692427,-0.03543252595155709,-0.019930795847750864,0.0271280276816609,0.07111111111111111,-0.0271280276816609,0.07972318339100345,0.3839138792772011,-0.05911572472126105,-0.017777777777777778,0.0015378700499807767,-0.10340638216070744,0.03254133025759323,-0.08421376393694734,0.2519646289888504,0.0629911572472126,-0.10340638216070744,0.008858131487889272,-0.03543252595155709,-0.17279507881584008,-0.08421376393694734,-0.06698961937716265,0.0629911572472126,-0.01384083044982699,0.2288965782391388,0.17937716262975778,-0.16633602460592078,0.07535563244905807,-0.07535563244905807,0.11374086889657825,-0.019930795847750864,-0.11374086889657825,-0.05173394848135333,0.029773164167627833,0.09842368319876971,0.21413302575932336,-0.010396001537870049,-0.05911572472126105,-0.09356401384083046,-0.2679584775086506,-0.006151480199923107,-0.012056901191849288,0.022206843521722412,,,,,0.08348818123340607,-0.09669888019561768,0.5551585555076599,0.32003626227378845,-0.3248407542705536,-0.14020857214927673,0.6871165633201599,-0.5642775893211365,-0.38744503259658813,0.4190954864025116,-0.49181193113327026,-0.4239521026611328,56.288944244384766,0.010071716271340847
EXPC-350,133.17357898744345,46.84961243386438,-0.0629911572472126,-0.07111111111111111,0.21413302575932336,-0.2288965782391388,-0.06698961937716265,-0.17279507881584008,-0.2519646289888504,0.3188927335640138,0.06698961937716265,0.003936947327950788,0.2599000384467512,-0.15378700499807765,0.024605920799692427,0.007443291041906958,-0.22145328719723184,0.09356401384083046,0.012056901191849288,-0.11909265667051133,-0.17279507881584008,-0.0271280276816609,0.06698961937716265,-0.003936947327950788,-0.010396001537870049,-0.08882737408688965,0.03254133025759323,0.1929104190695886,-0.003014225297962322,0.12456747404844293,0.33685505574778934,-0.07111111111111111,0.0271280276816609,-0.019930795847750864,-0.09356401384083046,0.05536332179930796,-0.06698961937716265,0.2288965782391388,0.08882737408688965,-0.003014225297962322,0.022206843521722412,-0.04822760476739715,-0.10340638216070744,-0.11374086889657825,-0.04822760476739715,0.07535563244905807,-0.01574778931180315,0.13588619761630144,0.15378700499807765,-0.1085121107266436,0.13016532103037293,-0.08882737408688965,0.08421376393694734,0.003936947327950788,-0.07111111111111111,0.019930795847750864,0.01384083044982699,0.13588619761630144,0.17937716262975778,0.003014225297962322,-0.03543252595155709,-0.07111111111111111,-0.19986159169550174,0.024605920799692427,-0.08421376393694734,0.06698961937716265,,,,,0.08131098002195358,-0.08784294128417969,0.532778799533844,0.460829496383667,-0.4398183226585388,-0.18948520720005035,0.8270498514175415,-0.6828557848930359,-0.49261850118637085,0.6446108818054199,-0.6817021369934082,-0.5474894046783447,57.624595642089844,0.010071716271340847
EXPC-351,132.32062862517196,47.63357218231548,-0.0271280276816609,0.022206843521722412,0.06698961937716265,-0.3014225297962323,-0.019930795847750864,-0.08421376393694734,-0.28444444444444444,0.2069357939254133,-0.024605920799692427,0.029773164167627833,0.017777777777777778,-0.1085121107266436,-0.0271280276816609,0.06698961937716265,-0.21413302575932336,0.186082276047674,0.002214532871972318,-0.13588619761630144,-0.07972318339100345,0.07111111111111111,-0.06698961937716265,0.041584006151480196,0.03543252595155709,-0.03844675124951941,-0.11374086889657825,0.11909265667051133,0.07111111111111111,-0.0629911572472126,0.37425605536332185,-0.17279507881584008,0.024605920799692427,-0.07535563244905807,-0.11909265667051133,0.003936947327950788,-0.004982698961937716,0.36472126105344094,0.08421376393694734,0.10340638216070744,0.029773164167627833,0.0271280276816609,-0.044844290657439445,0.0629911572472126,-0.1085121107266436,-0.05173394848135333,0.0271280276816609,0.2364628988850442,0.10340638216070744,0.03844675124951941,0.04822760476739715,-0.022206843521722412,0.1929104190695886,-0.07972318339100345,-0.08882737408688965,0.007443291041906958,-0.003936947327950788,-0.041584006151480196,0.007443291041906958,-0.029773164167627833,-0.022206843521722412,-0.14769703960015382,-0.24415224913494812,-0.05911572472126105,-0.10340638216070744,0.05911572472126105,,,,,0.003720451146364212,-0.02143522910773754,0.8324607610702515,0.19058296084403992,-0.31925466656684875,-0.4373716711997986,0.7397375106811523,-0.6268442273139954,-0.4295409321784973,0.3501535654067993,-0.49841734766960144,-0.25805869698524475,51.0,0.014508984982967377
EXPC-352,133.16549414988637,46.84745647718249,-0.03543252595155709,-0.008858131487889272,0.14769703960015382,-0.3014225297962323,-0.01574778931180315,-0.06698961937716265,-0.2519646289888504,0.2599000384467512,-0.00024605920799692423,0.044844290657439445,0.09842368319876971,-0.10340638216070744,-0.0629911572472126,0.07972318339100345,-0.2288965782391388,0.2069357939254133,0.05911572472126105,-0.14173010380622836,-0.11374086889657825,0.029773164167627833,-0.029773164167627833,0.029773164167627833,0.01384083044982699,-0.07972318339100345,-0.03254133025759323,0.07972318339100345,0.029773164167627833,0.022206843521722412,0.40359861591695495,-0.09842368319876971,0.003936947327950788,-0.019930795847750864,-0.16000000000000003,0.03844675124951941,-0.07535563244905807,0.3553094963475586,0.08421376393694734,0.0271280276816609,-0.0271280276816609,-0.000984236831987697,-0.03254133025759323,0.017777777777777778,-0.11909265667051133,0.05911572472126105,0.09356401384083046,0.14769703960015382,0.13016532103037293,-0.09842368319876971,0.08882737408688965,-0.10340638216070744,0.14173010380622836,-0.09356401384083046,-0.07972318339100345,-0.0015378700499807767,-0.004982698961937716,0.05911572472126105,0.012056901191849288,-0.03844675124951941,0.0271280276816609,-0.09356401384083046,-0.2599000384467512,-0.017777777777777778,-0.04822760476739715,0.03844675124951941,,,,,0.022500943392515182,-0.037074118852615356,0.8019507527351379,0.3323551118373871,-0.43387287855148315,-0.4459041655063629,0.8361904621124268,-0.686051607131958,-0.5097302794456482,0.4222620129585266,-0.5529488325119019,-0.5932404398918152,55.4697151184082,0.010071716271340847
EXPC-353,134.653912744144,48.39058247224301,-0.07111111111111111,-0.041584006151480196,0.12456747404844293,-0.2288965782391388,-0.004982698961937716,-0.11909265667051133,-0.2679584775086506,0.3278123798539023,0.1085121107266436,0.024605920799692427,0.17937716262975778,-0.1085121107266436,-0.022206843521722412,0.019930795847750864,-0.2364628988850442,0.12456747404844293,0.017777777777777778,-0.09842368319876971,-0.11909265667051133,-0.003014225297962322,0.03543252595155709,-0.007443291041906958,0.024605920799692427,-0.05536332179930796,0.0271280276816609,0.12456747404844293,0.012056901191849288,0.007443291041906958,0.42377547097270285,-0.03543252595155709,0.044844290657439445,0.024605920799692427,-0.16633602460592078,0.05911572472126105,-0.11909265667051133,0.2761399461745483,0.07535563244905807,0.0271280276816609,0.08882737408688965,-0.029773164167627833,0.0629911572472126,-0.07972318339100345,-0.07535563244905807,0.09842368319876971,0.019930795847750864,0.11909265667051133,0.16000000000000003,-0.14173010380622836,0.0629911572472126,-0.11374086889657825,0.16633602460592078,-0.05173394848135333,-0.08882737408688965,-0.05536332179930796,-0.003014225297962322,0.07972318339100345,0.07972318339100345,-0.0629911572472126,-0.0271280276816609,-0.15378700499807765,-0.22145328719723184,0.0629911572472126,-0.06698961937716265,0.03543252595155709,,,,,0.06990291178226471,-0.11361339688301086,0.4587787985801697,0.3189695477485657,-0.375,-0.5528384447097778,0.826690673828125,-0.6874109506607056,-0.5573495030403137,0.5027933120727539,-0.5504322648048401,-0.6450511813163757,37.849342346191406,0.04811146482825279
EXPC-354,134.616183502211,48.30164925911517,-0.000984236831987697,0.05911572472126105,0.10340638216070744,-0.31009611687812383,0.022206843521722412,0.01574778931180315,-0.2761399461745483,0.19986159169550174,-0.01574778931180315,0.05911572472126105,0.10340638216070744,-0.09356401384083046,-0.05536332179930796,0.05536332179930796,-0.24415224913494812,0.17279507881584008,0.0629911572472126,-0.08421376393694734,-0.044844290657439445,0.09842368319876971,-0.017777777777777778,0.012056901191849288,0.12456747404844293,-0.08882737408688965,-0.11374086889657825,0.14173010380622836,0.11374086889657825,-0.06698961937716265,0.37425605536332185,-0.12456747404844293,0.03543252595155709,-0.05536332179930796,-0.05536332179930796,0.041584006151480196,-0.07111111111111111,0.3014225297962323,0.08421376393694734,0.0629911572472126,0.07972318339100345,0.05536332179930796,-0.01384083044982699,0.01574778931180315,-0.06698961937716265,0.007443291041906958,0.024605920799692427,0.2364628988850442,0.12456747404844293,0.003936947327950788,0.07972318339100345,-0.06698961937716265,0.2288965782391388,-0.11374086889657825,-0.07111111111111111,-0.03543252595155709,0.0271280276816609,-0.008858131487889272,-0.0271280276816609,-0.029773164167627833,0.004982698961937716,-0.2069357939254133,-0.2519646289888504,-0.03844675124951941,-0.029773164167627833,0.019930795847750864,,,,,0.0310748852789402,-0.051428571343421936,0.8014551997184753,0.29960206151008606,-0.37379807233810425,-0.2733612358570099,0.49666666984558105,-0.4491662085056305,-0.4756113290786743,0.24960380792617798,-0.305463582277298,-0.15931864082813263,37.40672302246094,0.04811146482825279
EXPC-355,132.94855100877152,46.76660810161174,0.010396001537870049,0.044844290657439445,0.03254133025759323,-0.33685505574778934,0.010396001537870049,0.003014225297962322,-0.28444444444444444,0.186082276047674,-0.008858131487889272,0.041584006151480196,0.03254133025759323,-0.09842368319876971,-0.07111111111111111,0.0629911572472126,-0.2069357939254133,0.2069357939254133,0.05536332179930796,-0.06698961937716265,-0.05911572472126105,0.06698961937716265,-0.03543252595155709,0.0271280276816609,0.05911572472126105,-0.03844675124951941,-0.09842368319876971,0.15378700499807765,0.12456747404844293,-0.09842368319876971,0.3553094963475586,-0.16633602460592078,0.008858131487889272,-0.1085121107266436,-0.06698961937716265,-0.029773164167627833,-0.029773164167627833,0.3553094963475586,0.08882737408688965,0.09356401384083046,0.041584006151480196,0.002214532871972318,-0.05536332179930796,-0.003936947327950788,-0.10340638216070744,-0.01574778931180315,-0.03543252595155709,0.24415224913494812,0.14173010380622836,0.03254133025759323,0.04822760476739715,-0.05536332179930796,0.2519646289888504,-0.07972318339100345,-0.04822760476739715,0.01384083044982699,0.017777777777777778,-0.04822760476739715,-0.029773164167627833,0.000984236831987697,0.05536332179930796,-0.16000000000000003,-0.21413302575932336,-0.041584006151480196,-0.10340638216070744,0.03254133025759323,,,,,0.004412263631820679,-0.01882028952240944,0.827508807182312,0.16130425035953522,-0.286910742521286,-0.25481370091438293,0.5249406099319458,-0.5,-0.43122923374176025,0.27602776885032654,-0.4071239233016968,-0.04640151560306549,55.36465072631836,0.06488724052906036
EXPC-356,133.48780967382845,45.87215557321393,-0.03254133025759323,0.004982698961937716,0.05173394848135333,-0.2519646289888504,0.029773164167627833,-0.07111111111111111,-0.2288965782391388,0.1929104190695886,-0.019930795847750864,0.05911572472126105,0.044844290657439445,-0.1085121107266436,-0.10340638216070744,0.004982698961937716,-0.24415224913494812,0.24415224913494812,0.004982698961937716,-0.1085121107266436,-0.1085121107266436,0.07972318339100345,-0.029773164167627833,0.024605920799692427,0.01384083044982699,-0.04822760476739715,-0.022206843521722412,0.08882737408688965,0.09356401384083046,-0.09356401384083046,0.41362552864282975,-0.09842368319876971,-0.003014225297962322,-0.03844675124951941,-0.13588619761630144,0.003936947327950788,-0.05911572472126105,0.34602076124567477,0.13588619761630144,0.05173394848135333,0.05173394848135333,0.03543252595155709,-0.008858131487889272,0.0005536332179930795,-0.14173010380622836,0.04822760476739715,0.06698961937716265,0.22145328719723184,0.14173010380622836,-0.03254133025759323,0.12456747404844293,-0.09356401384083046,0.2069357939254133,-0.11374086889657825,-0.03543252595155709,0.022206843521722412,-0.03543252595155709,-0.024605920799692427,-0.012056901191849288,-0.05911572472126105,0.019930795847750864,-0.12456747404844293,-0.24415224913494812,-0.07111111111111111,-0.07972318339100345,0.07111111111111111,,,,,0.003344015683978796,-0.016946759074926376,0.6881290078163147,0.28591614961624146,-0.4360862672328949,-0.36755162477493286,0.8147172331809998,-0.6938505172729492,-0.5026129484176636,0.307289183139801,-0.45338982343673706,-0.6205882430076599,57.64579772949219,0.056132856756448746
EXPC-357,134.64663639034265,48.37629925922551,-0.041584006151480196,-0.019930795847750864,0.17937716262975778,-0.2679584775086506,-0.03844675124951941,-0.10340638216070744,-0.2761399461745483,0.3188927335640138,0.07535563244905807,0.044844290657439445,0.14769703960015382,-0.09842368319876971,-0.029773164167627833,0.05536332179930796,-0.19986159169550174,0.11374086889657825,0.019930795847750864,-0.07111111111111111,-0.11909265667051133,0.008858131487889272,0.05536332179930796,0.044844290657439445,0.05536332179930796,-0.029773164167627833,0.010396001537870049,0.10340638216070744,-0.004982698961937716,0.022206843521722412,0.3839138792772011,-0.03844675124951941,0.022206843521722412,0.03254133025759323,-0.17279507881584008,0.03254133025759323,-0.1085121107266436,0.29287197231833906,0.10340638216070744,0.03254133025759323,0.0629911572472126,-0.0629911572472126,0.044844290657439445,-0.06698961937716265,-0.1085121107266436,0.07535563244905807,0.0271280276816609,0.17279507881584008,0.17279507881584008,-0.14769703960015382,0.08882737408688965,-0.10340638216070744,0.186082276047674,-0.03254133025759323,-0.05173394848135333,-0.07972318339100345,-0.0271280276816609,0.05911572472126105,0.10340638216070744,-0.003936947327950788,-0.04822760476739715,-0.12456747404844293,-0.22145328719723184,0.06698961937716265,-0.11374086889657825,-0.03254133025759323,,,,,0.1053197830915451,-0.1985999494791031,0.34978166222572327,0.30912792682647705,-0.44224298000335693,-0.5387231707572937,0.8438474535942078,-0.693358302116394,-0.5293322205543518,0.48058608174324036,-0.5486590266227722,-0.601016104221344,37.777374267578125,0.04811146482825279
EXPC-358,131.97837050192243,45.57678950779543,-0.03254133025759323,-0.15378700499807765,-0.0629911572472126,-0.17279507881584008,-0.01384083044982699,0.01384083044982699,-0.186082276047674,0.16633602460592078,0.0271280276816609,0.09842368319876971,0.03844675124951941,-0.11909265667051133,-0.008858131487889272,0.017777777777777778,-0.14769703960015382,0.22145328719723184,0.006151480199923107,-0.1929104190695886,-0.01384083044982699,0.029773164167627833,-0.10340638216070744,0.13016532103037293,-0.041584006151480196,0.006151480199923107,-0.2288965782391388,0.012056901191849288,0.14769703960015382,-0.12456747404844293,0.31009611687812383,-0.19986159169550174,-0.041584006151480196,0.06698961937716265,-0.14769703960015382,-0.0629911572472126,-0.08421376393694734,0.29287197231833906,0.012056901191849288,-0.08421376393694734,0.0629911572472126,0.16633602460592078,-0.0271280276816609,0.11374086889657825,0.09842368319876971,-0.07111111111111111,-0.03844675124951941,0.29287197231833906,-0.05536332179930796,0.07972318339100345,-0.11374086889657825,-0.1929104190695886,0.1929104190695886,-0.07111111111111111,-0.13016532103037293,-0.04822760476739715,-0.0271280276816609,-0.13588619761630144,-0.019930795847750864,0.0271280276816609,-0.003014225297962322,-0.07972318339100345,-0.16000000000000003,-0.11374086889657825,-0.017777777777777778,0.13016532103037293,,,,,0.01250148843973875,-0.023099133744835854,0.8398096561431885,-0.02920517511665821,0.020879941061139107,0.12213114649057388,-0.039887044578790665,0.11052975803613663,0.4739583432674408,0.26508474349975586,-0.2737201452255249,-0.3504273593425751,112.0,0.10226807743310928
EXPC-359,132.79925100855084,46.76903355287886,-0.010396001537870049,0.022206843521722412,0.07535563244905807,-0.3014225297962323,0.008858131487889272,-0.022206843521722412,-0.2679584775086506,0.19986159169550174,-0.008858131487889272,0.024605920799692427,0.04822760476739715,-0.14173010380622836,-0.07972318339100345,0.010396001537870049,-0.2069357939254133,0.16633602460592078,0.03254133025759323,-0.022206843521722412,-0.07535563244905807,0.07972318339100345,0.003936947327950788,0.019930795847750864,0.05536332179930796,-0.0271280276816609,0.0015378700499807767,0.14769703960015382,0.05911572472126105,-0.13016532103037293,0.41362552864282975,-0.07972318339100345,-0.008858131487889272,-0.03844675124951941,-0.14173010380622836,-0.0271280276816609,-0.10340638216070744,0.3553094963475586,0.14769703960015382,0.09356401384083046,0.03844675124951941,-0.029773164167627833,0.003014225297962322,-0.041584006151480196,-0.17937716262975778,0.05536332179930796,0.01574778931180315,0.19986159169550174,0.13588619761630144,-0.0629911572472126,0.07972318339100345,-0.07535563244905807,0.2599000384467512,-0.1085121107266436,-0.024605920799692427,0.017777777777777778,-0.03844675124951941,-0.022206843521722412,-0.000984236831987697,-0.01574778931180315,0.008858131487889272,-0.07111111111111111,-0.21413302575932336,0.0015378700499807767,-0.12456747404844293,-0.012056901191849288,,,,,0.010643689893186092,-0.045621395111083984,0.743503749370575,0.24993430078029633,-0.4133729636669159,-0.4986666738986969,0.7395373582839966,-0.6342167854309082,-0.4994843602180481,0.3604900538921356,-0.5108843445777893,-0.3931209146976471,56.052913665771484,0.06488724052906036
EXPC-360,134.53371815912882,48.36632795957178,-0.0015378700499807767,0.01574778931180315,0.08882737408688965,-0.2761399461745483,0.01574778931180315,-0.07535563244905807,-0.28444444444444444,0.2519646289888504,0.024605920799692427,0.044844290657439445,0.07111111111111111,-0.05911572472126105,-0.1085121107266436,0.022206843521722412,-0.19986159169550174,0.1929104190695886,0.0629911572472126,-0.09356401384083046,-0.09356401384083046,0.05911572472126105,0.024605920799692427,0.012056901191849288,0.07535563244905807,-0.07111111111111111,-0.05173394848135333,0.07972318339100345,0.06698961937716265,-0.07535563244905807,0.39369473279507883,-0.07111111111111111,-0.007443291041906958,0.007443291041906958,-0.14173010380622836,0.03543252595155709,-0.08421376393694734,0.3278123798539023,0.14769703960015382,0.04822760476739715,0.07111111111111111,0.004982698961937716,0.04822760476739715,0.004982698961937716,-0.15378700499807765,0.07972318339100345,0.07972318339100345,0.1929104190695886,0.14769703960015382,-0.08421376393694734,0.05536332179930796,-0.06698961937716265,0.2364628988850442,-0.12456747404844293,-0.08882737408688965,-0.024605920799692427,-0.024605920799692427,-0.008858131487889272,-0.01384083044982699,-0.041584006151480196,0.019930795847750864,-0.16000000000000003,-0.24415224913494812,0.004982698961937716,-0.029773164167627833,0.012056901191849288,,,,,0.011992791667580605,-0.03818448260426521,0.795549213886261,0.25,-0.37873753905296326,-0.4769230782985687,0.8133701682090759,-0.678669810295105,-0.48485803604125977,0.33433961868286133,-0.5014861822128296,-0.6351771354675293,37.8139533996582,0.04811146482825279
EXPC-361,132.80086797606225,46.77199799331645,-0.022206843521722412,-0.01384083044982699,0.002214532871972318,-0.2599000384467512,-0.017777777777777778,-0.012056901191849288,-0.2761399461745483,0.21413302575932336,-0.0005536332179930795,0.06698961937716265,-0.003014225297962322,-0.14769703960015382,-0.03254133025759323,0.03543252595155709,-0.19986159169550174,0.22145328719723184,0.01384083044982699,-0.06698961937716265,-0.06698961937716265,0.07972318339100345,-0.0629911572472126,0.01574778931180315,0.003936947327950788,-0.012056901191849288,-0.07535563244905807,0.13016532103037293,0.09842368319876971,-0.11909265667051133,0.39369473279507883,-0.15378700499807765,0.017777777777777778,-0.07535563244905807,-0.1085121107266436,-0.044844290657439445,-0.07111111111111111,0.39369473279507883,0.09842368319876971,0.07535563244905807,0.008858131487889272,-0.0015378700499807767,-0.03844675124951941,-0.012056901191849288,-0.14173010380622836,-0.007443291041906958,0.017777777777777778,0.2364628988850442,0.09842368319876971,0.022206843521722412,0.019930795847750864,-0.07535563244905807,0.2599000384467512,-0.11374086889657825,-0.08421376393694734,0.019930795847750864,0.010396001537870049,-0.05911572472126105,0.024605920799692427,0.010396001537870049,-0.010396001537870049,-0.11374086889657825,-0.21413302575932336,-0.03254133025759323,-0.10340638216070744,0.0271280276816609,,,,,0.01856369338929653,-0.042094048112630844,0.7800905108451843,0.22181576490402222,-0.3512320816516876,-0.2718266248703003,0.7209858298301697,-0.6443556547164917,-0.46385541558265686,0.3535093367099762,-0.4571923613548279,-0.32295718789100647,55.7310905456543,0.06488724052906036
EXPC-362,134.67924523515617,47.64435196572492,-0.05173394848135333,-0.07111111111111111,0.07111111111111111,-0.2288965782391388,0.01574778931180315,-0.10340638216070744,-0.2288965782391388,0.16633602460592078,-0.0629911572472126,0.1085121107266436,0.003014225297962322,-0.11374086889657825,-0.09356401384083046,0.03844675124951941,-0.2761399461745483,0.3278123798539023,0.03543252595155709,-0.17937716262975778,-0.1085121107266436,0.024605920799692427,-0.029773164167627833,0.05173394848135333,-0.05173394848135333,-0.01574778931180315,-0.0629911572472126,0.10340638216070744,0.07111111111111111,-0.03254133025759323,0.37425605536332185,-0.1929104190695886,0.00024605920799692423,0.022206843521722412,-0.08421376393694734,-0.003014225297962322,-0.04822760476739715,0.3014225297962323,0.1085121107266436,0.010396001537870049,-0.006151480199923107,0.07535563244905807,-0.044844290657439445,-0.03844675124951941,-0.11909265667051133,0.01574778931180315,0.1085121107266436,0.22145328719723184,0.07535563244905807,-0.022206843521722412,0.05173394848135333,-0.09842368319876971,0.186082276047674,-0.13016532103037293,-0.03543252595155709,0.0629911572472126,-0.05911572472126105,0.000984236831987697,0.012056901191849288,-0.05536332179930796,-0.019930795847750864,-0.03844675124951941,-0.2519646289888504,-0.06698961937716265,-0.05536332179930796,0.14769703960015382,,,,,-0.011613068170845509,0.012684046290814877,0.8325259685516357,0.3547297418117523,-0.4344482123851776,-0.3457479774951935,0.8656966090202332,-0.7402787804603577,-0.49392423033714294,0.3372160792350769,-0.4399498403072357,-0.43748030066490173,40.648155212402344,0.053358353674411774
EXPC-363,130.91063295521798,47.197799437989104,0.03543252595155709,0.003936947327950788,0.03844675124951941,-0.29287197231833906,0.019930795847750864,0.041584006151480196,-0.29287197231833906,0.17279507881584008,-0.029773164167627833,0.11909265667051133,0.07111111111111111,-0.17279507881584008,-0.044844290657439445,-0.0271280276816609,-0.2288965782391388,0.186082276047674,0.05173394848135333,0.017777777777777778,-0.04822760476739715,0.08421376393694734,-0.05536332179930796,0.08882737408688965,0.06698961937716265,0.002214532871972318,-0.08421376393694734,0.08421376393694734,0.11909265667051133,-0.08421376393694734,0.39369473279507883,-0.11909265667051133,0.022206843521722412,-0.041584006151480196,0.008858131487889272,-0.041584006151480196,-0.07535563244905807,0.36472126105344094,0.10340638216070744,0.01384083044982699,0.09842368319876971,0.0629911572472126,-0.041584006151480196,-0.07111111111111111,-0.03254133025759323,0.019930795847750864,-0.024605920799692427,0.24415224913494812,0.0629911572472126,0.04822760476739715,0.05911572472126105,-0.1085121107266436,0.2364628988850442,-0.13588619761630144,0.008858131487889272,-0.05173394848135333,-0.024605920799692427,-0.09842368319876971,-0.04822760476739715,0.03254133025759323,-0.008858131487889272,-0.07972318339100345,-0.2069357939254133,-0.07972318339100345,-0.09842368319876971,0.03844675124951941,,,,,0.0268560703843832,-0.053627412766218185,0.5036266446113586,0.1652514636516571,-0.31466469168663025,-0.41472625732421875,0.04208110272884369,-0.14405712485313416,0.313144326210022,-0.13127930462360382,0.0396149568259716,0.48179420828819275,69.0582504272461,0.16319327056407928
EXPC-364,131.5779015482619,45.20030557222093,-0.0629911572472126,-0.14173010380622836,-0.044844290657439445,-0.19986159169550174,-0.03844675124951941,0.05536332179930796,-0.186082276047674,0.2364628988850442,-0.07535563244905807,0.09356401384083046,0.12456747404844293,-0.16633602460592078,0.041584006151480196,-0.022206843521722412,-0.186082276047674,0.08421376393694734,0.0629911572472126,-0.17937716262975778,-0.004982698961937716,-0.01384083044982699,-0.13016532103037293,0.004982698961937716,-0.003936947327950788,0.041584006151480196,-0.2364628988850442,0.044844290657439445,0.0271280276816609,-0.16633602460592078,0.24415224913494812,-0.06698961937716265,-0.09842368319876971,0.05173394848135333,0.029773164167627833,-0.04822760476739715,-0.041584006151480196,0.2069357939254133,0.10340638216070744,-0.13016532103037293,0.07111111111111111,0.19986159169550174,-0.0629911572472126,0.03844675124951941,0.14173010380622836,-0.09842368319876971,-0.07111111111111111,0.2761399461745483,-0.05173394848135333,0.13588619761630144,-0.07111111111111111,-0.17937716262975778,0.17279507881584008,-0.002214532871972318,-0.14769703960015382,-0.10340638216070744,0.03543252595155709,-0.15378700499807765,0.05536332179930796,0.06698961937716265,-0.012056901191849288,-0.044844290657439445,-0.19986159169550174,-0.2599000384467512,-0.01574778931180315,0.14173010380622836,,,,,-0.3088130056858063,0.4069672226905823,0.8945916295051575,-0.19674038887023926,0.18584071099758148,0.518126904964447,-0.14263920485973358,0.12256050109863281,0.37673527002334595,-0.08736349642276764,-0.04371097311377525,0.7304277420043945,175.0,0.10226807743310928
EXPC-365,131.2844219449401,47.18378571955684,-0.05536332179930796,0.03543252595155709,0.11374086889657825,-0.2069357939254133,-0.024605920799692427,-0.07111111111111111,-0.24415224913494812,0.3553094963475586,0.044844290657439445,0.0271280276816609,0.1929104190695886,-0.13588619761630144,0.022206843521722412,-0.029773164167627833,-0.17937716262975778,0.07535563244905807,-0.000984236831987697,-0.09842368319876971,-0.11374086889657825,0.0629911572472126,-0.012056901191849288,-0.04822760476739715,0.07972318339100345,-0.0271280276816609,0.07535563244905807,0.07111111111111111,0.06698961937716265,-0.03844675124951941,0.37425605536332185,-0.03254133025759323,-0.00024605920799692423,-0.044844290657439445,-0.09356401384083046,0.05173394848135333,-0.09842368319876971,0.3553094963475586,0.11374086889657825,0.01574778931180315,0.0629911572472126,-0.01574778931180315,-0.029773164167627833,-0.06698961937716265,-0.1085121107266436,0.05911572472126105,0.029773164167627833,0.19986159169550174,0.16633602460592078,-0.029773164167627833,0.15378700499807765,-0.0629911572472126,0.2288965782391388,-0.05536332179930796,-0.09842368319876971,-0.06698961937716265,-0.007443291041906958,-0.022206843521722412,0.09356401384083046,0.03844675124951941,-0.08882737408688965,-0.14173010380622836,-0.2364628988850442,-0.003936947327950788,-0.10340638216070744,0.012056901191849288,,,,,0.10788177698850632,-0.12887439131736755,0.4037003219127655,0.3385775089263916,-0.4850909113883972,-0.5251508951187134,0.8685356974601746,-0.7281008958816528,-0.4830113351345062,0.28037697076797485,-0.40110498666763306,-0.3560396134853363,64.42227172851562,0.07704101502895355
EXPC-366,131.26016743226887,47.206153770131415,0.03844675124951941,-0.044844290657439445,0.024605920799692427,-0.2599000384467512,0.010396001537870049,0.09842368319876971,-0.2364628988850442,0.16633602460592078,-0.06698961937716265,0.12456747404844293,0.07535563244905807,-0.1929104190695886,-0.01384083044982699,-0.01574778931180315,-0.1929104190695886,0.22145328719723184,0.11909265667051133,-0.08421376393694734,-0.03844675124951941,0.09356401384083046,-0.019930795847750864,0.05536332179930796,0.0629911572472126,-0.010396001537870049,-0.17937716262975778,0.08882737408688965,0.16633602460592078,-0.14173010380622836,0.33685505574778934,-0.13588619761630144,-0.010396001537870049,0.07972318339100345,0.07535563244905807,-0.09356401384083046,-0.07111111111111111,0.28444444444444444,0.09842368319876971,-0.012056901191849288,0.024605920799692427,0.11909265667051133,-0.04822760476739715,-0.07535563244905807,0.044844290657439445,0.006151480199923107,-0.022206843521722412,0.2761399461745483,-0.05536332179930796,0.08421376393694734,0.01574778931180315,-0.15378700499807765,0.22145328719723184,-0.08421376393694734,-0.0005536332179930795,-0.01384083044982699,-0.0271280276816609,-0.09356401384083046,-0.029773164167627833,0.029773164167627833,0.06698961937716265,-0.05173394848135333,-0.2364628988850442,-0.14173010380622836,-0.1085121107266436,0.11909265667051133,,,,,0.030405405908823013,-0.03947742283344269,0.8298390507698059,0.13015703856945038,-0.24261048436164856,-0.20024721324443817,0.11724138259887695,-0.22452408075332642,-0.3095712959766388,0.10704606771469116,-0.11841204762458801,0.18874019384384155,63.5,0.07704101502895355
EXPC-367,130.4748602108916,48.87001333937759,-0.03844675124951941,-0.17279507881584008,-0.006151480199923107,-0.2069357939254133,-0.03254133025759323,0.022206843521722412,-0.16000000000000003,0.14769703960015382,-0.017777777777777778,0.09356401384083046,-0.044844290657439445,-0.13588619761630144,-0.01574778931180315,0.004982698961937716,-0.2288965782391388,0.2761399461745483,0.07972318339100345,-0.16000000000000003,0.003936947327950788,0.05911572472126105,-0.05911572472126105,0.08882737408688965,-0.01574778931180315,0.05536332179930796,-0.17279507881584008,0.00024605920799692423,0.1085121107266436,-0.11909265667051133,0.34602076124567477,-0.2761399461745483,-0.007443291041906958,0.09356401384083046,-0.019930795847750864,-0.07972318339100345,-0.04822760476739715,0.2599000384467512,0.08421376393694734,-0.1085121107266436,0.01574778931180315,0.14769703960015382,-0.05536332179930796,0.03844675124951941,-0.008858131487889272,-0.029773164167627833,0.01574778931180315,0.2761399461745483,-0.0629911572472126,0.05536332179930796,-0.07111111111111111,-0.16000000000000003,0.17937716262975778,-0.09842368319876971,-0.11374086889657825,-0.024605920799692427,0.022206843521722412,-0.03844675124951941,0.05173394848135333,0.002214532871972318,-0.019930795847750864,-0.07111111111111111,-0.24415224913494812,-0.11909265667051133,-0.03254133025759323,0.16000000000000003,,,,,0.010399814695119858,-0.023168733343482018,0.7868150472640991,-0.10081584751605988,0.08671204745769501,0.6921659111976624,-0.04942166060209274,0.01238164585083723,0.32003799080848694,0.30342909693717957,-0.3688923418521881,0.053281351923942566,82.68045043945312,0.0640474185347557
EXPC-368,134.4132540795284,48.37791622673692,-0.008858131487889272,0.002214532871972318,0.06698961937716265,-0.2519646289888504,-0.05173394848135333,0.05911572472126105,-0.19986159169550174,0.2599000384467512,0.029773164167627833,0.09842368319876971,0.08882737408688965,-0.17279507881584008,0.03543252595155709,-0.05536332179930796,-0.22145328719723184,0.13588619761630144,0.12456747404844293,-0.13016532103037293,0.008858131487889272,0.06698961937716265,-0.03254133025759323,0.012056901191849288,0.13588619761630144,-0.0015378700499807767,-0.12456747404844293,0.04822760476739715,0.13588619761630144,-0.08421376393694734,0.28444444444444444,-0.11374086889657825,0.03254133025759323,-0.007443291041906958,0.04822760476739715,-0.1085121107266436,-0.09842368319876971,0.33685505574778934,0.10340638216070744,-0.01384083044982699,0.09356401384083046,0.09842368319876971,-0.044844290657439445,0.012056901191849288,0.022206843521722412,-0.019930795847750864,-0.05911572472126105,0.29287197231833906,-0.044844290657439445,0.07111111111111111,0.05536332179930796,-0.186082276047674,0.22145328719723184,-0.05911572472126105,-0.09842368319876971,-0.07535563244905807,0.07535563244905807,-0.08882737408688965,0.022206843521722412,0.10340638216070744,-0.010396001537870049,-0.08421376393694734,-0.24415224913494812,-0.15378700499807765,-0.14769703960015382,0.06698961937716265,,,,,0.05988209694623947,-0.10291387885808945,0.5791417956352234,0.13500837981700897,-0.2529585659503937,-0.35375508666038513,0.12337011098861694,-0.23848138749599457,-0.1416701227426529,-0.013133208267390728,-0.02210347354412079,0.507300615310669,35.5,0.04811146482825279
EXPC-369,131.52292465287383,47.2436135174792,0.017777777777777778,0.07111111111111111,0.08882737408688965,-0.3278123798539023,0.03844675124951941,0.12456747404844293,-0.21413302575932336,0.2364628988850442,-0.05173394848135333,0.10340638216070744,0.17937716262975778,-0.15378700499807765,-0.041584006151480196,-0.022206843521722412,-0.2288965782391388,0.13016532103037293,0.11374086889657825,-0.05173394848135333,0.019930795847750864,0.008858131487889272,-0.029773164167627833,-0.05173394848135333,0.15378700499807765,-0.07111111111111111,-0.03254133025759323,0.10340638216070744,0.14173010380622836,-0.09356401384083046,0.2288965782391388,-0.0271280276816609,0.07972318339100345,-0.07111111111111111,0.07535563244905807,-0.05173394848135333,-0.14769703960015382,0.2761399461745483,0.05536332179930796,0.08421376393694734,0.14173010380622836,0.08882737408688965,0.05536332179930796,-0.01384083044982699,0.041584006151480196,0.022206843521722412,-0.05536332179930796,0.22145328719723184,0.05911572472126105,0.007443291041906958,0.16000000000000003,-0.17937716262975778,0.19986159169550174,-0.05536332179930796,0.012056901191849288,-0.07972318339100345,0.03543252595155709,-0.13588619761630144,-0.029773164167627833,0.03844675124951941,0.09356401384083046,-0.10340638216070744,-0.24415224913494812,-0.10340638216070744,-0.186082276047674,-0.0629911572472126,,,,,0.05367618054151535,-0.09216421097517014,0.41066989302635193,0.12175273895263672,-0.2617496848106384,-0.3887633979320526,0.11631108075380325,-0.25687718391418457,-0.41834723949432373,0.10948905348777771,-0.21557718515396118,-0.06892282515764236,59.5,0.07704101502895355
EXPC-370,131.69944360620332,47.70337127989157,-0.007443291041906958,-0.09356401384083046,-0.01574778931180315,-0.2364628988850442,0.04822760476739715,0.08421376393694734,-0.24415224913494812,0.13588619761630144,-0.07972318339100345,0.11374086889657825,0.019930795847750864,-0.16633602460592078,-0.05173394848135333,0.029773164167627833,-0.2761399461745483,0.28444444444444444,0.14769703960015382,-0.12456747404844293,-0.03254133025759323,0.05536332179930796,-0.044844290657439445,0.044844290657439445,0.03844675124951941,-0.019930795847750864,-0.13016532103037293,0.07535563244905807,0.15378700499807765,-0.12456747404844293,0.3188927335640138,-0.17279507881584008,0.01384083044982699,0.11374086889657825,0.044844290657439445,-0.1085121107266436,-0.11374086889657825,0.2519646289888504,0.12456747404844293,0.017777777777777778,0.019930795847750864,0.15378700499807765,-0.024605920799692427,-0.08421376393694734,0.01574778931180315,-0.022206843521722412,0.029773164167627833,0.19986159169550174,-0.05536332179930796,0.07535563244905807,0.012056901191849288,-0.186082276047674,0.1929104190695886,-0.11909265667051133,0.010396001537870049,0.012056901191849288,-0.012056901191849288,-0.041584006151480196,-0.0271280276816609,-0.05911572472126105,0.08882737408688965,-0.010396001537870049,-0.2288965782391388,-0.1085121107266436,-0.07535563244905807,0.16000000000000003,,,,,-0.00842210277915001,-0.0018679396016523242,0.8450071215629578,-0.06008902192115784,0.04951237887144089,0.7597483992576599,0.024561403319239616,-0.07090464234352112,0.15853658318519592,0.1304347813129425,-0.22052401304244995,0.14148680865764618,54.11994552612305,0.07704101502895355
EXPC-371,131.2453452300809,47.18890611667632,0.019930795847750864,0.05173394848135333,0.08421376393694734,-0.3188927335640138,0.017777777777777778,0.14769703960015382,-0.1929104190695886,0.24415224913494812,-0.041584006151480196,0.15378700499807765,0.13588619761630144,-0.2069357939254133,-0.022206843521722412,-0.05911572472126105,-0.2288965782391388,0.11909265667051133,0.10340638216070744,-0.019930795847750864,0.044844290657439445,0.03543252595155709,-0.05911572472126105,-0.01384083044982699,0.11909265667051133,-0.07111111111111111,-0.017777777777777778,0.07972318339100345,0.11909265667051133,-0.09356401384083046,0.21413302575932336,-0.0271280276816609,0.08421376393694734,-0.07111111111111111,0.10340638216070744,-0.044844290657439445,-0.14173010380622836,0.2761399461745483,0.05173394848135333,0.07535563244905807,0.11909265667051133,0.10340638216070744,0.022206843521722412,-0.008858131487889272,0.0271280276816609,0.03844675124951941,-0.04822760476739715,0.2364628988850442,0.03254133025759323,-0.004982698961937716,0.15378700499807765,-0.1929104190695886,0.24415224913494812,-0.05173394848135333,0.01384083044982699,-0.09842368319876971,0.03254133025759323,-0.12456747404844293,0.002214532871972318,0.07972318339100345,0.04822760476739715,-0.029773164167627833,-0.2599000384467512,-0.13588619761630144,-0.19986159169550174,-0.05911572472126105,,,,,0.03792176768183708,-0.07782945781946182,0.5511800646781921,0.13087588548660278,-0.26618704199790955,-0.3699609935283661,0.09593706578016281,-0.23111961781978607,-0.3891140818595886,0.11927788704633713,-0.2559233009815216,-0.2705027163028717,63.5,0.07704101502895355
EXPC-372,131.23672140335336,47.20345882427906,0.01574778931180315,-0.06698961937716265,0.03543252595155709,-0.22145328719723184,-0.010396001537870049,0.05536332179930796,-0.1929104190695886,0.16633602460592078,-0.03543252595155709,0.14769703960015382,0.09842368319876971,-0.16633602460592078,0.000984236831987697,-0.04822760476739715,-0.24415224913494812,0.1929104190695886,0.08882737408688965,-0.10340638216070744,-0.05911572472126105,0.08882737408688965,-0.0271280276816609,0.08421376393694734,0.05536332179930796,-0.010396001537870049,-0.17279507881584008,0.022206843521722412,0.11374086889657825,-0.08421376393694734,0.33685505574778934,-0.17279507881584008,-0.01574778931180315,0.0629911572472126,0.03844675124951941,-0.07535563244905807,-0.0629911572472126,0.3014225297962323,0.09356401384083046,-0.01574778931180315,0.017777777777777778,0.17279507881584008,-0.09842368319876971,-0.044844290657439445,0.07111111111111111,0.029773164167627833,-0.024605920799692427,0.29287197231833906,-0.08882737408688965,0.10340638216070744,0.024605920799692427,-0.1929104190695886,0.19986159169550174,-0.017777777777777778,0.003936947327950788,-0.03254133025759323,-0.04822760476739715,-0.03844675124951941,-0.01574778931180315,0.09842368319876971,0.00024605920799692423,-0.0005536332179930795,-0.2599000384467512,-0.15378700499807765,-0.11909265667051133,0.14173010380622836,,,,,0.006185032892972231,-0.0258848387748003,0.7846600413322449,-0.018150879070162773,0.03350083902478218,0.13488657772541046,-0.2028050422668457,0.125,0.14977973699569702,-0.19677306711673737,0.11102484166622162,0.7699443697929382,63.5,0.07704101502895355
EXPC-373,134.40786418782366,48.3498887898724,-0.017777777777777778,-0.06698961937716265,0.2288965782391388,-0.3014225297962323,0.029773164167627833,-0.003936947327950788,-0.2679584775086506,0.15378700499807765,-0.08421376393694734,-0.041584006151480196,0.22145328719723184,-0.14173010380622836,-0.044844290657439445,-0.0271280276816609,-0.2761399461745483,0.041584006151480196,0.12456747404844293,0.07535563244905807,-0.0629911572472126,0.07111111111111111,0.03844675124951941,-0.05911572472126105,0.14769703960015382,-0.13588619761630144,-0.03254133025759323,0.3014225297962323,0.01574778931180315,-0.044844290657439445,0.31009611687812383,0.01574778931180315,0.07535563244905807,-0.05911572472126105,-0.04822760476739715,0.029773164167627833,-0.05173394848135333,0.2288965782391388,0.022206843521722412,0.03844675124951941,0.0629911572472126,0.06698961937716265,-0.04822760476739715,-0.10340638216070744,-0.08882737408688965,0.09356401384083046,0.01384083044982699,0.17937716262975778,0.11374086889657825,-0.08421376393694734,0.13016532103037293,-0.15378700499807765,0.1929104190695886,0.024605920799692427,-0.041584006151480196,-0.019930795847750864,0.10340638216070744,-0.08421376393694734,0.05536332179930796,0.041584006151480196,0.08882737408688965,-0.07111111111111111,-0.15378700499807765,-0.003936947327950788,-0.14769703960015382,-0.09356401384083046,,,,,0.03539019823074341,-0.07388235628604889,0.4954407215118408,0.1755688637495041,-0.2523602843284607,-0.38690102100372314,0.2967033088207245,-0.3697131276130676,-0.4527340233325958,0.3233564794063568,-0.3793871998786926,-0.4209979176521301,42.78352355957031,0.04811146482825279
EXPC-374,130.8844919804501,47.90225828379563,0.008858131487889272,-0.13016532103037293,0.3014225297962323,-0.2599000384467512,-0.05536332179930796,0.05536332179930796,-0.3014225297962323,0.09356401384083046,-0.10340638216070744,0.022206843521722412,0.2364628988850442,-0.14173010380622836,0.07535563244905807,-0.0271280276816609,-0.2519646289888504,-0.03844675124951941,0.14769703960015382,0.11909265667051133,-0.08421376393694734,0.05173394848135333,-0.017777777777777778,-0.03844675124951941,0.1085121107266436,-0.04822760476739715,-0.041584006151480196,0.3188927335640138,0.05911572472126105,-0.006151480199923107,0.1929104190695886,-0.0271280276816609,0.08421376393694734,-0.05911572472126105,-0.019930795847750864,-0.05173394848135333,-0.04822760476739715,0.17937716262975778,-0.09842368319876971,-0.003014225297962322,0.07972318339100345,0.07972318339100345,-0.07535563244905807,-0.1085121107266436,-0.05911572472126105,0.08421376393694734,-0.008858131487889272,0.186082276047674,0.09842368319876971,-0.0629911572472126,0.12456747404844293,-0.16000000000000003,0.17937716262975778,0.04822760476739715,-0.019930795847750864,-0.024605920799692427,0.12456747404844293,-0.14173010380622836,0.08421376393694734,0.05173394848135333,-0.029773164167627833,-0.08421376393694734,-0.11909265667051133,-0.041584006151480196,-0.2519646289888504,-0.041584006151480196,,,,,0.03693270683288574,-0.10913960635662079,0.3124537467956543,0.09132841229438782,-0.1678183674812317,-0.23241519927978516,0.14364422857761383,-0.15700066089630127,-0.20639680325984955,0.13056379556655884,-0.1481667459011078,-0.16246913373470306,77.033447265625,0.16319327056407928
EXPC-375,131.39680118698345,46.78277777672589,0.010396001537870049,-0.13588619761630144,0.1929104190695886,-0.28444444444444444,-0.012056901191849288,-0.0629911572472126,-0.2761399461745483,0.13588619761630144,-0.08882737408688965,-0.07111111111111111,0.2599000384467512,-0.10340638216070744,0.022206843521722412,-0.03844675124951941,-0.24415224913494812,-0.09356401384083046,0.14769703960015382,0.13016532103037293,-0.05911572472126105,0.07111111111111111,-0.01384083044982699,-0.022206843521722412,0.12456747404844293,-0.07111111111111111,-0.022206843521722412,0.33685505574778934,0.04822760476739715,-0.01384083044982699,0.2519646289888504,-0.041584006151480196,0.04822760476739715,-0.09842368319876971,-0.05536332179930796,-0.0271280276816609,0.03844675124951941,0.1929104190695886,-0.13016532103037293,0.029773164167627833,0.13016532103037293,0.0629911572472126,-0.09842368319876971,-0.13016532103037293,-0.03844675124951941,0.07111111111111111,0.01384083044982699,0.16000000000000003,0.07535563244905807,-0.003936947327950788,0.1085121107266436,-0.1085121107266436,0.19986159169550174,0.05536332179930796,-0.044844290657439445,-0.012056901191849288,0.14173010380622836,-0.13016532103037293,0.09356401384083046,0.05536332179930796,-0.008858131487889272,-0.12456747404844293,-0.09356401384083046,0.041584006151480196,-0.21413302575932336,-0.0629911572472126,,,,,0.060904610902071,-0.10049550980329514,0.357718825340271,0.230814129114151,-0.3018518388271332,-0.387655645608902,0.31491711735725403,-0.32846716046333313,-0.36748450994491577,0.22131147980690002,-0.25520315766334534,-0.23110371828079224,77.39073181152344,0.09111568331718445
EXPC-376,130.97342519357792,45.30190503085485,0.07535563244905807,-0.24415224913494812,0.14769703960015382,-0.19986159169550174,-0.041584006151480196,-0.07972318339100345,-0.24415224913494812,0.15378700499807765,-0.1929104190695886,0.09842368319876971,0.17279507881584008,-0.10340638216070744,0.10340638216070744,-0.11909265667051133,-0.24415224913494812,-0.13588619761630144,0.2069357939254133,0.10340638216070744,-0.010396001537870049,0.09842368319876971,-0.06698961937716265,-0.012056901191849288,-0.017777777777777778,-0.024605920799692427,-0.007443291041906958,0.24415224913494812,-0.03844675124951941,0.0271280276816609,0.22145328719723184,-0.08882737408688965,0.041584006151480196,-0.05536332179930796,-0.05536332179930796,-0.03844675124951941,0.15378700499807765,0.13588619761630144,-0.14173010380622836,-0.06698961937716265,0.0271280276816609,-0.019930795847750864,-0.17937716262975778,-0.14769703960015382,-0.003936947327950788,0.05911572472126105,0.07535563244905807,0.2364628988850442,-0.05536332179930796,-0.004982698961937716,0.07535563244905807,-0.041584006151480196,0.05173394848135333,0.09356401384083046,-0.06698961937716265,0.024605920799692427,0.186082276047674,-0.1929104190695886,0.12456747404844293,0.07535563244905807,-0.08421376393694734,-0.13016532103037293,-0.11909265667051133,0.006151480199923107,-0.21413302575932336,-0.010396001537870049,,,,,0.025201737880706787,-0.051037292927503586,0.6826901435852051,0.08884955942630768,-0.13505534827709198,-0.1276516616344452,0.10039021074771881,-0.14931456744670868,-0.16781441867351532,0.09062980115413666,-0.14608554542064667,-0.04296698421239853,191.02162170410156,0.1618894636631012
EXPC-377,132.01340479800308,46.459653769028094,-0.01384083044982699,-0.041584006151480196,0.1929104190695886,-0.3188927335640138,-0.010396001537870049,-0.007443291041906958,-0.31009611687812383,0.186082276047674,-0.03844675124951941,0.07111111111111111,0.17937716262975778,-0.10340638216070744,0.044844290657439445,0.029773164167627833,-0.2519646289888504,0.03543252595155709,0.11909265667051133,0.07111111111111111,-0.10340638216070744,-0.024605920799692427,-0.06698961937716265,-0.05911572472126105,0.05911572472126105,-0.09842368319876971,-0.05911572472126105,0.28444444444444444,0.04822760476739715,-0.003014225297962322,0.3014225297962323,-0.08882737408688965,0.05536332179930796,-0.10340638216070744,0.03844675124951941,-0.017777777777777778,0.003936947327950788,0.2599000384467512,-0.07535563244905807,0.03254133025759323,0.10340638216070744,0.1929104190695886,-0.07111111111111111,-0.07111111111111111,6.151480199923106e-05,-6.151480199923106e-05,-0.017777777777777778,0.14769703960015382,0.07535563244905807,0.1085121107266436,0.1085121107266436,-0.17279507881584008,0.19986159169550174,0.012056901191849288,0.044844290657439445,0.03254133025759323,0.10340638216070744,-0.05536332179930796,0.04822760476739715,0.019930795847750864,-0.000984236831987697,-0.09356401384083046,-0.1929104190695886,-0.05536332179930796,-0.17279507881584008,0.029773164167627833,,,,,0.013550135307013988,-0.055645160377025604,0.6449517011642456,0.10816191136837006,-0.1873444765806198,-0.2563435137271881,0.11438126862049103,-0.18156027793884277,-0.2607302963733673,0.10515739768743515,-0.1623811274766922,-0.1938983052968979,131.0956573486328,0.06488724052906036
EXPC-378,131.07637212513802,45.77837145755185,0.022206843521722412,-0.17937716262975778,0.1929104190695886,-0.2761399461745483,-0.041584006151480196,-0.08882737408688965,-0.2069357939254133,0.16633602460592078,-0.13016532103037293,-0.007443291041906958,0.2599000384467512,-0.13588619761630144,0.07972318339100345,-0.13016532103037293,-0.2761399461745483,-0.1085121107266436,0.15378700499807765,0.13588619761630144,-0.05173394848135333,0.05536332179930796,-0.0271280276816609,-0.00024605920799692423,0.07972318339100345,-0.05536332179930796,0.024605920799692427,0.2761399461745483,0.010396001537870049,0.03543252595155709,0.22145328719723184,-0.01384083044982699,0.05911572472126105,-0.07972318339100345,-0.0271280276816609,-0.012056901191849288,0.05536332179930796,0.11909265667051133,-0.15378700499807765,-0.07111111111111111,0.14769703960015382,-0.017777777777777778,-0.09356401384083046,-0.17279507881584008,-0.006151480199923107,0.08882737408688965,0.0271280276816609,0.186082276047674,0.08882737408688965,-0.03543252595155709,0.11909265667051133,-0.14769703960015382,0.12456747404844293,0.08882737408688965,-0.0629911572472126,-0.017777777777777778,0.15378700499807765,-0.1929104190695886,0.13016532103037293,0.041584006151480196,-0.019930795847750864,-0.13016532103037293,-0.14173010380622836,0.03254133025759323,-0.13588619761630144,-0.06698961937716265,,,,,0.06239422410726547,-0.15960590541362762,-0.00029299737070687115,0.11082474142313004,-0.225302055478096,-0.3742824196815491,0.1941002905368805,-0.27697160840034485,-0.3917197585105896,0.16695958375930786,-0.3079448342323303,-0.3909274637699127,190.48020935058594,0.10226807743310928
EXPC-379,131.98376039362714,45.58595232369345,-0.01574778931180315,-0.09842368319876971,0.13016532103037293,-0.2761399461745483,0.0271280276816609,-0.003014225297962322,-0.2761399461745483,0.16000000000000003,-0.16000000000000003,0.019930795847750864,0.15378700499807765,-0.17279507881584008,0.010396001537870049,-0.05536332179930796,-0.28444444444444444,-0.019930795847750864,0.09842368319876971,0.05173394848135333,-0.017777777777777778,0.09842368319876971,-0.1085121107266436,-0.044844290657439445,0.08882737408688965,-0.1085121107266436,0.024605920799692427,0.37425605536332185,0.06698961937716265,0.012056901191849288,0.2679584775086506,-0.05911572472126105,0.006151480199923107,-0.05911572472126105,-0.08421376393694734,-0.003014225297962322,0.1085121107266436,0.2519646289888504,-0.05173394848135333,0.022206843521722412,0.07111111111111111,0.0629911572472126,-0.029773164167627833,-0.11909265667051133,-0.03254133025759323,0.05173394848135333,0.044844290657439445,0.2364628988850442,0.08882737408688965,-0.029773164167627833,0.07535563244905807,-0.08882737408688965,0.19986159169550174,0.04822760476739715,-0.022206843521722412,-0.024605920799692427,0.12456747404844293,-0.17279507881584008,0.1085121107266436,0.07535563244905807,-0.007443291041906958,-0.13588619761630144,-0.08421376393694734,0.0271280276816609,-0.14769703960015382,-0.07111111111111111,,,,,0.049729280173778534,-0.08881977200508118,0.6560929417610168,0.1230480968952179,-0.24257083237171173,-0.34974783658981323,0.2214166224002838,-0.28823530673980713,-0.32279276847839355,0.1785714328289032,-0.30897703766822815,-0.2917892336845398,113.51176452636719,0.10226807743310928
EXPC-380,132.0314609352139,46.474745465801305,-0.008858131487889272,-0.11374086889657825,0.21413302575932336,-0.2679584775086506,0.010396001537870049,-0.07111111111111111,-0.16000000000000003,0.15378700499807765,-0.07535563244905807,-0.08421376393694734,0.29287197231833906,-0.17937716262975778,-0.0271280276816609,-0.19986159169550174,-0.24415224913494812,-0.01574778931180315,0.08421376393694734,0.14173010380622836,-0.07535563244905807,0.041584006151480196,0.05173394848135333,-0.0271280276816609,0.1085121107266436,-0.07111111111111111,0.09356401384083046,0.2679584775086506,0.044844290657439445,-0.0629911572472126,0.1929104190695886,0.04822760476739715,0.08421376393694734,-0.1085121107266436,0.041584006151480196,0.06698961937716265,-0.08421376393694734,0.17937716262975778,-0.11909265667051133,-0.01384083044982699,0.10340638216070744,-0.029773164167627833,0.024605920799692427,-0.06698961937716265,-0.029773164167627833,0.12456747404844293,0.05173394848135333,0.15378700499807765,0.14769703960015382,-0.04822760476739715,0.186082276047674,-0.13588619761630144,0.12456747404844293,0.010396001537870049,-0.09356401384083046,-0.03844675124951941,0.07535563244905807,-0.14769703960015382,0.07535563244905807,0.03543252595155709,0.024605920799692427,-0.044844290657439445,-0.13016532103037293,-0.06698961937716265,-0.31009611687812383,-0.10340638216070744,,,,,0.06034085527062416,-0.12019464373588562,0.18421483039855957,0.38427627086639404,-0.3839373290538788,-0.6262071132659912,0.33061593770980835,-0.3180798590183258,-0.7110540866851807,0.20374707877635956,-0.20327740907669067,-0.3910839557647705,83.07130432128906,0.06488724052906036
EXPC-381,131.14967465232218,45.40404347865925,-0.004982698961937716,0.019930795847750864,0.186082276047674,-0.4340484429065744,-0.022206843521722412,-0.01574778931180315,-0.2519646289888504,0.19986159169550174,-0.07535563244905807,0.00024605920799692423,0.13016532103037293,-0.11909265667051133,-0.04822760476739715,-0.044844290657439445,-0.22145328719723184,-0.029773164167627833,0.13588619761630144,0.10340638216070744,-0.07535563244905807,0.0629911572472126,0.012056901191849288,0.002214532871972318,0.11909265667051133,-0.09356401384083046,-0.017777777777777778,0.2761399461745483,-0.03844675124951941,-0.07111111111111111,0.2599000384467512,0.012056901191849288,0.10340638216070744,-0.08882737408688965,0.0271280276816609,-0.022206843521722412,-0.01384083044982699,0.2364628988850442,-0.04822760476739715,0.07972318339100345,0.14173010380622836,-0.0005536332179930795,-0.024605920799692427,-0.044844290657439445,-0.05173394848135333,0.07111111111111111,-0.01384083044982699,0.2069357939254133,0.17279507881584008,-0.0629911572472126,0.09842368319876971,-0.14769703960015382,0.16633602460592078,0.0629911572472126,-0.008858131487889272,0.010396001537870049,0.11909265667051133,-0.07972318339100345,0.010396001537870049,0.05911572472126105,0.03254133025759323,-0.08421376393694734,-0.16000000000000003,-0.07972318339100345,-0.186082276047674,-0.14769703960015382,,,,,0.025635911151766777,-0.05036265030503273,0.5519198775291443,0.15167339146137238,-0.2521290183067322,-0.3347107470035553,0.19417917728424072,-0.24278277158737183,-0.2893626391887665,0.2146407663822174,-0.2703213691711426,-0.28319406509399414,204.86471557617188,0.10226807743310928
EXPC-382,132.477204979194,46.431087342993095,-0.03844675124951941,0.024605920799692427,0.12456747404844293,-0.36472126105344094,0.0629911572472126,0.03254133025759323,-0.2519646289888504,0.16633602460592078,-0.029773164167627833,-0.04822760476739715,0.1929104190695886,-0.16000000000000003,-0.05536332179930796,-0.008858131487889272,-0.2519646289888504,0.13016532103037293,0.07111111111111111,0.006151480199923107,-0.05173394848135333,0.06698961937716265,-0.05536332179930796,0.01384083044982699,0.11374086889657825,-0.11374086889657825,-0.01384083044982699,0.24415224913494812,0.08882737408688965,-0.03543252595155709,0.3014225297962323,-0.11374086889657825,0.024605920799692427,-0.11374086889657825,-0.029773164167627833,0.05911572472126105,-0.003936947327950788,0.3188927335640138,-0.05536332179930796,0.041584006151480196,0.0271280276816609,0.044844290657439445,-0.06698961937716265,-0.06698961937716265,-0.041584006151480196,-0.00024605920799692423,-0.01574778931180315,0.19986159169550174,0.1929104190695886,-0.041584006151480196,0.08421376393694734,-0.16000000000000003,0.2364628988850442,-0.05911572472126105,-0.044844290657439445,0.012056901191849288,0.044844290657439445,-0.03844675124951941,0.044844290657439445,0.03543252595155709,0.05536332179930796,-0.10340638216070744,-0.186082276047674,-0.029773164167627833,-0.10340638216070744,-0.07111111111111111,,,,,0.03222044184803963,-0.06706857681274414,0.6736514568328857,0.16743649542331696,-0.29948586225509644,-0.47665345668792725,0.4455123841762543,-0.44433924555778503,-0.45058178901672363,0.2267303168773651,-0.31122449040412903,-0.37106919288635254,64.73087310791016,0.06488724052906036
EXPC-383,131.28388295576963,45.303791492951504,0.04822760476739715,-0.14173010380622836,0.14769703960015382,-0.2069357939254133,0.029773164167627833,-0.11909265667051133,-0.16000000000000003,0.19986159169550174,-0.15378700499807765,0.01574778931180315,0.2599000384467512,-0.12456747404844293,0.012056901191849288,-0.11909265667051133,-0.31009611687812383,-0.17279507881584008,0.1929104190695886,0.13016532103037293,-0.041584006151480196,0.09842368319876971,-0.07111111111111111,-0.0271280276816609,0.13016532103037293,-0.07535563244905807,0.08421376393694734,0.3014225297962323,0.0271280276816609,0.05173394848135333,0.14769703960015382,-0.08882737408688965,0.004982698961937716,-0.05173394848135333,0.0015378700499807767,0.010396001537870049,0.11909265667051133,0.11374086889657825,-0.16633602460592078,-0.08421376393694734,0.12456747404844293,-0.041584006151480196,-0.05173394848135333,-0.17937716262975778,-0.007443291041906958,0.07972318339100345,0.05536332179930796,0.186082276047674,0.06698961937716265,-0.029773164167627833,0.15378700499807765,-0.09842368319876971,0.08882737408688965,0.09842368319876971,-0.010396001537870049,0.004982698961937716,0.186082276047674,-0.17279507881584008,0.09842368319876971,0.03844675124951941,0.03254133025759323,-0.11909265667051133,-0.09842368319876971,0.044844290657439445,-0.2069357939254133,-0.03254133025759323,,,,,0.1419859677553177,-0.167740598320961,0.17213115096092224,0.2371561974287033,-0.2633810341358185,-0.346743106842041,0.2612393796443939,-0.26200607419013977,-0.3115311861038208,0.1930735856294632,-0.23255814611911774,-0.22265005111694336,200.0894317626953,0.10226807743310928
EXPC-384,132.49175768679677,46.07023409336228,0.003936947327950788,-0.003936947327950788,0.13016532103037293,-0.28444444444444444,0.024605920799692427,-0.07535563244905807,-0.2679584775086506,0.2364628988850442,-0.0629911572472126,0.05911572472126105,0.07972318339100345,-0.04822760476739715,-0.09356401384083046,-0.03254133025759323,-0.2599000384467512,0.029773164167627833,0.06698961937716265,0.003936947327950788,-0.06698961937716265,0.14173010380622836,-0.007443291041906958,-0.0005536332179930795,0.09356401384083046,-0.05173394848135333,-0.01574778931180315,0.2364628988850442,0.017777777777777778,-0.08421376393694734,0.33685505574778934,-0.10340638216070744,0.022206843521722412,-0.03254133025759323,-0.004982698961937716,0.06698961937716265,0.07972318339100345,0.33685505574778934,0.1085121107266436,-0.022206843521722412,0.08421376393694734,0.017777777777777778,-0.06698961937716265,0.003936947327950788,-0.09842368319876971,0.022206843521722412,0.03254133025759323,0.2679584775086506,0.22145328719723184,-0.07535563244905807,0.05173394848135333,-0.09842368319876971,0.16000000000000003,0.019930795847750864,-0.04822760476739715,0.0629911572472126,0.1085121107266436,-0.07535563244905807,0.03543252595155709,0.03844675124951941,0.007443291041906958,-0.2069357939254133,-0.19986159169550174,-0.012056901191849288,-0.07972318339100345,-0.06698961937716265,,,,,0.026506299152970314,-0.0326872356235981,0.6569744348526001,0.19325244426727295,-0.3202357590198517,-0.3793722093105316,0.3153201937675476,-0.4063267409801483,-0.4465391933917999,0.42654508352279663,-0.49047282338142395,-0.4908321499824524,171.890625,0.06488724052906036
EXPC-385,130.8710172511883,45.20407849641424,-0.03543252595155709,-0.2069357939254133,0.12456747404844293,-0.28444444444444444,-0.003936947327950788,-0.13588619761630144,-0.31009611687812383,0.15378700499807765,-0.041584006151480196,-0.012056901191849288,0.16633602460592078,-0.15378700499807765,-0.0271280276816609,-0.1085121107266436,-0.2069357939254133,-0.041584006151480196,0.13588619761630144,0.08882737408688965,-0.044844290657439445,0.07111111111111111,-0.05911572472126105,-0.010396001537870049,0.06698961937716265,-0.05173394848135333,-0.09842368319876971,0.2069357939254133,-0.01384083044982699,-0.01574778931180315,0.33685505574778934,-0.11909265667051133,0.09356401384083046,-0.13016532103037293,-0.012056901191849288,0.019930795847750864,0.05536332179930796,0.2679584775086506,-0.03844675124951941,0.11374086889657825,0.11374086889657825,0.09356401384083046,-0.16633602460592078,-0.12456747404844293,-0.05173394848135333,0.08882737408688965,0.04822760476739715,0.19986159169550174,0.07535563244905807,0.04822760476739715,0.04822760476739715,-0.09356401384083046,0.15378700499807765,0.003936947327950788,-0.1085121107266436,0.10340638216070744,0.17937716262975778,-0.04822760476739715,0.03543252595155709,0.0629911572472126,-0.03844675124951941,-0.10340638216070744,-0.14173010380622836,-0.01384083044982699,-0.09842368319876971,-0.03543252595155709,,,,,0.03689205273985863,-0.05484824627637863,0.6118543148040771,0.19696970283985138,-0.2606382966041565,-0.3633587658405304,0.3853035271167755,-0.3403400182723999,-0.2758737802505493,0.3209186792373657,-0.40508419275283813,-0.31089866161346436,258.40264892578125,0.1618894636631012
EXPC-386,130.0396264557357,45.96917362389883,-0.0271280276816609,0.007443291041906958,0.22145328719723184,-0.3014225297962323,-0.022206843521722412,0.024605920799692427,-0.2679584775086506,0.21413302575932336,-0.0271280276816609,-0.05911572472126105,0.2364628988850442,-0.16633602460592078,0.007443291041906958,-0.008858131487889272,-0.1929104190695886,0.041584006151480196,0.1085121107266436,0.08882737408688965,-0.1085121107266436,0.05173394848135333,-0.01384083044982699,-0.017777777777777778,0.17279507881584008,-0.07535563244905807,-0.017777777777777778,0.3278123798539023,0.08882737408688965,-0.05911572472126105,0.24415224913494812,-0.041584006151480196,0.0629911572472126,-0.05911572472126105,-0.012056901191849288,0.010396001537870049,0.03254133025759323,0.22145328719723184,-0.09842368319876971,0.04822760476739715,0.08882737408688965,-0.003014225297962322,-0.01384083044982699,-0.13588619761630144,-0.05173394848135333,0.05536332179930796,-0.04822760476739715,0.21413302575932336,0.16000000000000003,-0.029773164167627833,0.09842368319876971,-0.12456747404844293,0.22145328719723184,0.019930795847750864,-0.024605920799692427,0.03844675124951941,0.11374086889657825,-0.07972318339100345,0.041584006151480196,0.029773164167627833,0.008858131487889272,-0.11374086889657825,-0.19986159169550174,-0.022206843521722412,-0.15378700499807765,-0.07972318339100345,,,,,0.07797474414110184,-0.09691110253334045,0.45020824670791626,0.14087513089179993,-0.28562837839126587,-0.4808826744556427,0.3232273757457733,-0.37082067131996155,-0.4055994153022766,0.23545297980308533,-0.30430275201797485,-0.3770453631877899,211.29391479492188,0.1618894636631012
EXPC-387,130.4966892722957,48.85249619133727,0.01384083044982699,-0.11374086889657825,0.2364628988850442,-0.3188927335640138,0.01384083044982699,-0.044844290657439445,-0.33685505574778934,0.16633602460592078,-0.07111111111111111,-0.029773164167627833,0.15378700499807765,-0.08421376393694734,-0.017777777777777778,0.017777777777777778,-0.22145328719723184,0.13588619761630144,0.19986159169550174,0.017777777777777778,-0.05911572472126105,0.07972318339100345,0.04822760476739715,-0.024605920799692427,0.13016532103037293,-0.08882737408688965,-0.09842368319876971,0.3014225297962323,0.0629911572472126,-0.0271280276816609,0.3278123798539023,-0.07111111111111111,0.029773164167627833,-0.06698961937716265,-0.07111111111111111,-0.017777777777777778,0.0629911572472126,0.2364628988850442,-0.019930795847750864,0.041584006151480196,0.007443291041906958,0.05911572472126105,-0.041584006151480196,-0.03844675124951941,-0.11909265667051133,0.04822760476739715,0.024605920799692427,0.2069357939254133,0.11374086889657825,-0.08421376393694734,0.06698961937716265,-0.07535563244905807,0.1929104190695886,-0.006151480199923107,-0.05911572472126105,0.044844290657439445,0.09356401384083046,-0.07111111111111111,0.008858131487889272,-0.0015378700499807767,0.044844290657439445,-0.07535563244905807,-0.15378700499807765,-0.017777777777777778,-0.16000000000000003,-0.07972318339100345,,,,,0.02073274552822113,-0.05604936555027962,0.7416644096374512,0.2020382136106491,-0.3138401508331299,-0.30148831009864807,0.5124421715736389,-0.48561540246009827,-0.40653854608535767,0.45959344506263733,-0.508969783782959,-0.39116618037223816,92.22496032714844,0.0640474185347557
EXPC-388,134.01952249049882,48.29625936741046,-0.01384083044982699,-0.13588619761630144,-0.03543252595155709,-0.17937716262975778,-0.029773164167627833,0.05911572472126105,-0.14173010380622836,0.16633602460592078,0.010396001537870049,0.11374086889657825,-0.029773164167627833,-0.16000000000000003,0.007443291041906958,0.003936947327950788,-0.17937716262975778,0.2519646289888504,0.08882737408688965,-0.12456747404844293,0.0271280276816609,0.10340638216070744,-0.029773164167627833,0.09842368319876971,0.01384083044982699,0.05173394848135333,-0.19986159169550174,0.024605920799692427,0.14769703960015382,-0.12456747404844293,0.31009611687812383,-0.2599000384467512,-0.03844675124951941,0.15378700499807765,0.010396001537870049,-0.11374086889657825,-0.044844290657439445,0.24415224913494812,0.07111111111111111,-0.09842368319876971,0.029773164167627833,0.11909265667051133,-0.08882737408688965,-0.008858131487889272,0.041584006151480196,-0.0629911572472126,-0.05173394848135333,0.28444444444444444,-0.14173010380622836,0.08882737408688965,-0.11909265667051133,-0.14769703960015382,0.22145328719723184,-0.08882737408688965,-0.09842368319876971,-0.019930795847750864,0.022206843521722412,-0.05173394848135333,0.012056901191849288,0.041584006151480196,-0.01574778931180315,-0.022206843521722412,-0.22145328719723184,-0.14769703960015382,-0.07972318339100345,0.186082276047674,,,,,0.010387488640844822,-0.030656587332487106,0.773276686668396,-0.02147117257118225,-0.014427040703594685,0.6852863430976868,-0.23102585971355438,0.1919368952512741,0.7237008810043335,0.04298621788620949,-0.11048489063978195,0.7785117626190186,37.5,0.04811146482825279
EXPC-389,134.5221298919637,48.3469243494348,-0.012056901191849288,-0.14769703960015382,-0.03254133025759323,-0.16633602460592078,-0.03543252595155709,0.017777777777777778,-0.09356401384083046,0.16000000000000003,-0.003936947327950788,0.10340638216070744,-0.012056901191849288,-0.11909265667051133,-0.006151480199923107,-0.017777777777777778,-0.13588619761630144,0.28444444444444444,0.09356401384083046,-0.17937716262975778,0.019930795847750864,0.08421376393694734,-0.010396001537870049,0.10340638216070744,0.017777777777777778,0.05536332179930796,-0.186082276047674,-0.029773164167627833,0.15378700499807765,-0.11909265667051133,0.3014225297962323,-0.2519646289888504,-0.07535563244905807,0.17937716262975778,0.004982698961937716,-0.07111111111111111,-0.03844675124951941,0.2288965782391388,0.07535563244905807,-0.13016532103037293,-0.008858131487889272,0.16633602460592078,-0.07972318339100345,-0.002214532871972318,0.0629911572472126,-0.022206843521722412,-0.01384083044982699,0.28444444444444444,-0.13016532103037293,0.08421376393694734,-0.09356401384083046,-0.19986159169550174,0.186082276047674,-0.07972318339100345,-0.09842368319876971,-0.012056901191849288,-0.022206843521722412,-0.044844290657439445,0.012056901191849288,0.0271280276816609,0.019930795847750864,-0.022206843521722412,-0.24415224913494812,-0.13588619761630144,-0.05173394848135333,0.2364628988850442,,,,,0.006117647048085928,-0.021500239148736,0.8216589093208313,-0.08506076037883759,0.08929206430912018,0.5441250801086426,-0.321739137172699,0.2535885274410248,0.701298713684082,-0.39978790283203125,0.3531428575515747,0.8243451714515686,35.0,0.04811146482825279
EXPC-390,132.45052501525564,45.82337705328624,-0.04822760476739715,-0.16000000000000003,-0.07535563244905807,-0.186082276047674,-0.0271280276816609,0.019930795847750864,-0.08882737408688965,0.11909265667051133,0.017777777777777778,0.08421376393694734,-0.0005536332179930795,-0.14173010380622836,-0.03254133025759323,-0.05911572472126105,-0.13588619761630144,0.24415224913494812,0.07535563244905807,-0.19986159169550174,0.0271280276816609,0.08882737408688965,-0.041584006151480196,0.15378700499807765,-0.006151480199923107,0.05911572472126105,-0.2288965782391388,-0.03543252595155709,0.13588619761630144,-0.11909265667051133,0.2679584775086506,-0.2679584775086506,-0.07111111111111111,0.14173010380622836,0.03254133025759323,-0.09356401384083046,-0.03543252595155709,0.21413302575932336,0.07972318339100345,-0.11909265667051133,-0.017777777777777778,0.16633602460592078,-0.09356401384083046,0.05536332179930796,0.08882737408688965,-0.0629911572472126,-0.01574778931180315,0.29287197231833906,-0.10340638216070744,0.12456747404844293,-0.08882737408688965,-0.17279507881584008,0.17937716262975778,-0.0629911572472126,-0.13588619761630144,-0.04822760476739715,0.022206843521722412,-0.024605920799692427,0.019930795847750864,0.07111111111111111,0.01384083044982699,-0.012056901191849288,-0.186082276047674,-0.2069357939254133,-0.0271280276816609,0.22145328719723184,,,,,0.01075268816202879,-0.023674242198467255,0.845190167427063,-0.11567164212465286,0.16106194257736206,0.6406835913658142,-0.2657894790172577,0.4095238149166107,0.8048780560493469,-0.2934749722480774,0.23596981167793274,0.8754979968070984,94.5,0.09055157005786896
EXPC-391,131.2550470351494,47.18324673038637,-0.022206843521722412,-0.1085121107266436,-0.05911572472126105,-0.17937716262975778,-0.029773164167627833,0.044844290657439445,-0.13588619761630144,0.1929104190695886,-0.024605920799692427,0.08882737408688965,0.012056901191849288,-0.17279507881584008,0.003936947327950788,-0.03844675124951941,-0.17279507881584008,0.24415224913494812,0.07111111111111111,-0.16000000000000003,0.03543252595155709,0.07972318339100345,-0.04822760476739715,0.10340638216070744,0.019930795847750864,0.05536332179930796,-0.17937716262975778,-0.03254133025759323,0.13588619761630144,-0.11374086889657825,0.3278123798539023,-0.21413302575932336,-0.044844290657439445,0.1085121107266436,0.017777777777777778,-0.05911572472126105,-0.024605920799692427,0.2679584775086506,0.07535563244905807,-0.08421376393694734,0.0005536332179930795,0.14173010380622836,-0.1085121107266436,-0.006151480199923107,0.09356401384083046,-0.04822760476739715,-0.024605920799692427,0.3014225297962323,-0.13588619761630144,0.11374086889657825,-0.08882737408688965,-0.12456747404844293,0.21413302575932336,-0.07972318339100345,-0.11374086889657825,-0.05911572472126105,-0.012056901191849288,-0.07535563244905807,0.029773164167627833,0.05536332179930796,-0.010396001537870049,-0.029773164167627833,-0.2364628988850442,-0.16633602460592078,-0.07111111111111111,0.186082276047674,,,,,0.01852891594171524,-0.04545782133936882,0.8163125514984131,-0.13316583633422852,0.2032332569360733,0.5368731617927551,-0.1682785302400589,0.0732758641242981,0.6531120538711548,-0.2969415485858917,0.2414369285106659,0.7637982368469238,63.5,0.07704101502895355
EXPC-392,134.63909054195605,48.40594366360145,-0.03254133025759323,-0.13588619761630144,-0.041584006151480196,-0.16000000000000003,-0.05536332179930796,0.024605920799692427,-0.12456747404844293,0.17279507881584008,-0.003936947327950788,0.09356401384083046,0.024605920799692427,-0.14173010380622836,0.022206843521722412,-0.07535563244905807,-0.17937716262975778,0.2288965782391388,0.08882737408688965,-0.17279507881584008,0.010396001537870049,0.09842368319876971,-0.03254133025759323,0.11374086889657825,0.004982698961937716,0.07111111111111111,-0.2069357939254133,-0.003936947327950788,0.08882737408688965,-0.11909265667051133,0.29287197231833906,-0.24415224913494812,-0.04822760476739715,0.17279507881584008,0.024605920799692427,-0.07111111111111111,-0.044844290657439445,0.24415224913494812,0.08421376393694734,-0.11374086889657825,0.024605920799692427,0.11909265667051133,-0.08882737408688965,-0.003936947327950788,0.08421376393694734,-0.01574778931180315,-0.01384083044982699,0.31009611687812383,-0.11374086889657825,0.1085121107266436,-0.09842368319876971,-0.186082276047674,0.17279507881584008,-0.06698961937716265,-0.11374086889657825,-0.05536332179930796,0.01384083044982699,-0.029773164167627833,0.07535563244905807,0.07972318339100345,-0.029773164167627833,-0.0015378700499807767,-0.2288965782391388,-0.16633602460592078,-0.03844675124951941,0.21413302575932336,,,,,-0.039092056453228,0.02029571123421192,0.8258011341094971,-0.15304486453533173,0.2043658196926117,0.8338108658790588,-0.24775353074073792,0.18384401500225067,0.5044247508049011,-0.4029850661754608,0.33256617188453674,0.8483639359474182,34.0,0.04811146482825279
EXPC-393,130.5982887309296,48.75844258108995,-0.03844675124951941,-0.16000000000000003,-0.022206843521722412,-0.16000000000000003,-0.05911572472126105,0.008858131487889272,-0.10340638216070744,0.19986159169550174,0.024605920799692427,0.10340638216070744,-0.0271280276816609,-0.10340638216070744,0.044844290657439445,-0.04822760476739715,-0.14173010380622836,0.3014225297962323,0.10340638216070744,-0.19986159169550174,0.01384083044982699,0.044844290657439445,-0.017777777777777778,0.09842368319876971,0.01384083044982699,0.0629911572472126,-0.17279507881584008,-0.03543252595155709,0.12456747404844293,-0.09356401384083046,0.29287197231833906,-0.2679584775086506,-0.08882737408688965,0.2069357939254133,-0.029773164167627833,-0.07972318339100345,-0.07535563244905807,0.19986159169550174,0.06698961937716265,-0.14769703960015382,-0.006151480199923107,0.13016532103037293,-0.03543252595155709,0.03543252595155709,0.05536332179930796,-0.01384083044982699,0.003936947327950788,0.3014225297962323,-0.09356401384083046,0.05173394848135333,-0.11374086889657825,-0.19986159169550174,0.15378700499807765,-0.06698961937716265,-0.11909265667051133,-0.010396001537870049,0.007443291041906958,-0.03844675124951941,0.04822760476739715,0.03543252595155709,-0.0271280276816609,-0.044844290657439445,-0.2364628988850442,-0.13588619761630144,-0.007443291041906958,0.2069357939254133,,,,,0.016764916479587555,-0.038048263639211655,0.8091767430305481,-0.10913391411304474,0.10225854068994522,0.9103068709373474,-0.2952783703804016,0.3093922734260559,0.6544502377510071,-0.3449477255344391,0.3049907684326172,0.6229885220527649,78.71054077148438,0.0640474185347557
EXPC-394,134.57063891730613,48.12917272456423,-0.0271280276816609,-0.11374086889657825,-0.01384083044982699,-0.2288965782391388,0.03844675124951941,-0.03254133025759323,-0.2069357939254133,0.186082276047674,0.012056901191849288,0.09356401384083046,-0.010396001537870049,-0.13588619761630144,-0.07535563244905807,0.05173394848135333,-0.2519646289888504,0.24415224913494812,0.06698961937716265,-0.10340638216070744,-0.04822760476739715,0.08421376393694734,-0.03844675124951941,0.11909265667051133,0.010396001537870049,-0.01384083044982699,-0.16633602460592078,0.05173394848135333,0.11909265667051133,-0.07111111111111111,0.3839138792772011,-0.2761399461745483,-0.003014225297962322,-0.008858131487889272,-0.1085121107266436,-0.029773164167627833,-0.07111111111111111,0.31009611687812383,0.09842368319876971,0.024605920799692427,0.05911572472126105,0.09842368319876971,-0.05536332179930796,0.01384083044982699,-0.01574778931180315,-0.000984236831987697,-0.01384083044982699,0.2761399461745483,-0.044844290657439445,0.06698961937716265,-0.05911572472126105,-0.09842368319876971,0.2069357939254133,-0.07972318339100345,-0.07535563244905807,0.007443291041906958,-0.01384083044982699,-0.012056901191849288,-0.06698961937716265,0.003014225297962322,0.003014225297962322,-0.09842368319876971,-0.2288965782391388,-0.07111111111111111,-0.05173394848135333,0.11909265667051133,,,,,0.012358756735920906,-0.030677052214741707,0.7951620221138,-0.15965811908245087,0.21394307911396027,0.38641345500946045,0.5963302850723267,-0.3694048225879669,-0.015360983088612556,-0.03397341072559357,-0.00615384615957737,-0.18946047127246857,36.0,0.04811146482825279
EXPC-395,132.33625931111564,45.20596495851089,0.05536332179930796,-0.09842368319876971,-0.03254133025759323,-0.1085121107266436,-0.07972318339100345,0.1085121107266436,-0.08882737408688965,0.1085121107266436,0.017777777777777778,0.17937716262975778,-0.017777777777777778,-0.09842368319876971,-0.04822760476739715,-0.05911572472126105,-0.10340638216070744,0.2364628988850442,0.09356401384083046,-0.13016532103037293,0.019930795847750864,0.08421376393694734,0.003936947327950788,0.17279507881584008,0.010396001537870049,0.05173394848135333,-0.22145328719723184,0.03543252595155709,0.13588619761630144,-0.17279507881584008,0.2288965782391388,-0.24415224913494812,-0.08421376393694734,0.3014225297962323,0.08421376393694734,-0.17937716262975778,-0.041584006151480196,0.17937716262975778,0.07111111111111111,-0.08882737408688965,-0.0629911572472126,0.06698961937716265,-0.09842368319876971,0.03844675124951941,0.12456747404844293,-0.05173394848135333,-0.041584006151480196,0.2288965782391388,-0.14769703960015382,0.13016532103037293,-0.07535563244905807,-0.09842368319876971,0.17937716262975778,-0.010396001537870049,-0.041584006151480196,-0.05911572472126105,-0.01384083044982699,-0.08882737408688965,0.029773164167627833,0.03254133025759323,0.03543252595155709,0.09842368319876971,-0.186082276047674,-0.2288965782391388,-0.11374086889657825,0.24415224913494812,,,,,0.001992199569940567,-0.020081697031855583,0.8527680039405823,-0.0951048955321312,0.11912865936756134,0.8901983499526978,-0.37037035822868347,0.3715953230857849,0.6206896305084229,-0.3240938186645508,0.29867255687713623,0.8950766921043396,68.0,0.09055157005786896
EXPC-396,131.27957104240585,47.20022488925623,-0.002214532871972318,-0.09842368319876971,0.041584006151480196,-0.1929104190695886,-0.05173394848135333,0.09356401384083046,-0.16633602460592078,0.1929104190695886,-0.017777777777777778,0.16000000000000003,0.09356401384083046,-0.16633602460592078,0.1085121107266436,-0.041584006151480196,-0.14769703960015382,0.12456747404844293,0.0629911572472126,-0.07972318339100345,-0.0271280276816609,0.09842368319876971,-0.04822760476739715,0.09842368319876971,0.044844290657439445,0.05173394848135333,-0.1929104190695886,0.0271280276816609,0.08882737408688965,-0.13588619761630144,0.33685505574778934,-0.16633602460592078,-0.03844675124951941,0.11909265667051133,0.05536332179930796,-0.08882737408688965,-0.11909265667051133,0.2679584775086506,0.0629911572472126,-0.07972318339100345,0.029773164167627833,0.13588619761630144,-0.10340638216070744,-0.0629911572472126,0.09842368319876971,-0.006151480199923107,-0.07111111111111111,0.3188927335640138,-0.08421376393694734,0.11374086889657825,-0.05173394848135333,-0.1929104190695886,0.22145328719723184,-0.01574778931180315,-0.05536332179930796,-0.07972318339100345,-0.022206843521722412,-0.0629911572472126,0.029773164167627833,0.08882737408688965,-0.03543252595155709,-0.03543252595155709,-0.22145328719723184,-0.17279507881584008,-0.1085121107266436,0.16000000000000003,,,,,0.04621933773159981,-0.10136576741933823,0.6293286681175232,-0.0572916679084301,0.10396039485931396,0.3691481053829193,-0.28018051385879517,0.2675085961818695,0.4972875118255615,-0.3131487965583801,0.26139533519744873,0.41692790389060974,63.0,0.07704101502895355
EXPC-397,130.8297845796472,48.30542218330847,-0.044844290657439445,-0.16000000000000003,-0.0271280276816609,-0.16000000000000003,-0.03844675124951941,-0.012056901191849288,-0.12456747404844293,0.16000000000000003,0.029773164167627833,0.13016532103037293,-0.003014225297962322,-0.11909265667051133,0.05911572472126105,-0.0629911572472126,-0.16000000000000003,0.2761399461745483,0.1085121107266436,-0.186082276047674,-0.03543252595155709,0.03844675124951941,-0.05173394848135333,0.10340638216070744,-0.019930795847750864,0.07535563244905807,-0.17937716262975778,-0.044844290657439445,0.07535563244905807,-0.06698961937716265,0.3014225297962323,-0.2679584775086506,-0.07972318339100345,0.16633602460592078,-0.03844675124951941,-0.12456747404844293,-0.05536332179930796,0.19986159169550174,0.03543252595155709,-0.13588619761630144,-0.029773164167627833,0.15378700499807765,-0.05536332179930796,0.03254133025759323,0.03844675124951941,-0.003014225297962322,-0.01384083044982699,0.34602076124567477,-0.09356401384083046,0.01384083044982699,-0.10340638216070744,-0.19986159169550174,0.15378700499807765,-0.044844290657439445,-0.10340638216070744,0.029773164167627833,0.004982698961937716,-0.03543252595155709,0.03254133025759323,0.012056901191849288,-0.03254133025759323,-0.05911572472126105,-0.2288965782391388,-0.16000000000000003,-0.007443291041906958,0.19986159169550174,,,,,0.005384897813200951,-0.019357239827513695,0.8558177947998047,-0.05587229132652283,0.048432111740112305,0.81111741065979,0.0031152646988630295,0.026209676638245583,0.45014244318008423,0.23184357583522797,-0.25284090638160706,0.4332424998283386,69.5,0.0640474185347557
EXPC-398,133.09892898733312,46.22465449070243,-0.03543252595155709,-0.14173010380622836,-0.05536332179930796,-0.21413302575932336,-0.01574778931180315,-0.017777777777777778,-0.16000000000000003,0.14769703960015382,-0.01574778931180315,0.09356401384083046,-0.05173394848135333,-0.08421376393694734,-0.0271280276816609,0.01574778931180315,-0.21413302575932336,0.2761399461745483,0.029773164167627833,-0.17279507881584008,-0.05536332179930796,0.05536332179930796,-0.06698961937716265,0.1085121107266436,-0.05911572472126105,0.044844290657439445,-0.21413302575932336,-0.041584006151480196,0.07972318339100345,-0.11909265667051133,0.34602076124567477,-0.2519646289888504,-0.044844290657439445,0.019930795847750864,-0.07972318339100345,-0.06698961937716265,-0.024605920799692427,0.28444444444444444,0.08882737408688965,-0.05911572472126105,0.01384083044982699,0.11374086889657825,-0.10340638216070744,0.07972318339100345,-0.006151480199923107,-0.04822760476739715,0.017777777777777778,0.31009611687812383,-0.022206843521722412,0.04822760476739715,-0.0629911572472126,-0.14173010380622836,0.17279507881584008,-0.05536332179930796,-0.13588619761630144,-0.03543252595155709,-0.000984236831987697,-0.03844675124951941,0.03543252595155709,0.004982698961937716,0.01574778931180315,-0.10340638216070744,-0.2288965782391388,-0.14769703960015382,-0.022206843521722412,0.17279507881584008,,,,,0.0044211107306182384,-0.008349746465682983,0.8535725474357605,-0.12476547807455063,0.150466650724411,0.6570491790771484,0.04215851426124573,0.029827315360307693,0.1600353717803955,0.06734006851911545,-0.16437098383903503,-0.08726178854703903,81.5,0.010071716271340847
EXPC-399,132.2780484807047,47.43091225421812,0.01574778931180315,-0.11374086889657825,-0.012056901191849288,-0.17279507881584008,-0.022206843521722412,0.044844290657439445,-0.14173010380622836,0.15378700499807765,-0.03254133025759323,0.11374086889657825,0.006151480199923107,-0.14173010380622836,-0.003936947327950788,0.006151480199923107,-0.16000000000000003,0.2761399461745483,0.09356401384083046,-0.15378700499807765,-0.01574778931180315,0.06698961937716265,-0.03844675124951941,0.08882737408688965,0.03844675124951941,0.05536332179930796,-0.19986159169550174,0.003014225297962322,0.14769703960015382,-0.10340638216070744,0.3278123798539023,-0.2364628988850442,-0.07111111111111111,0.12456747404844293,0.0271280276816609,-0.09842368319876971,-0.017777777777777778,0.2599000384467512,0.07972318339100345,-0.08421376393694734,-0.008858131487889272,0.16000000000000003,-0.1085121107266436,-0.010396001537870049,0.06698961937716265,-0.041584006151480196,-0.03844675124951941,0.2761399461745483,-0.12456747404844293,0.09842368319876971,-0.0629911572472126,-0.16000000000000003,0.21413302575932336,-0.07972318339100345,-0.0629911572472126,-0.03254133025759323,-0.0271280276816609,-0.08882737408688965,-0.012056901191849288,0.022206843521722412,0.003014225297962322,-0.012056901191849288,-0.2519646289888504,-0.17279507881584008,-0.0629911572472126,0.19986159169550174,,,,,-0.0009487665956839919,-0.014023472554981709,0.8265135288238525,-0.08315256983041763,0.1432432383298874,0.44368600845336914,-0.12078479677438736,0.13925570249557495,0.5672997236251831,-0.21522146463394165,0.1096956804394722,0.6770053505897522,52.0,0.014508984982967377
EXPC-400,134.52994523493552,48.34665485484956,-0.01574778931180315,-0.16000000000000003,-0.05536332179930796,-0.17279507881584008,-0.019930795847750864,0.004982698961937716,-0.08882737408688965,0.16633602460592078,-0.008858131487889272,0.1085121107266436,-0.017777777777777778,-0.12456747404844293,-0.010396001537870049,-0.022206843521722412,-0.17279507881584008,0.28444444444444444,0.08882737408688965,-0.1929104190695886,0.017777777777777778,0.08421376393694734,-0.0271280276816609,0.1085121107266436,0.0015378700499807767,0.041584006151480196,-0.186082276047674,-0.03254133025759323,0.12456747404844293,-0.09842368319876971,0.3188927335640138,-0.2679584775086506,-0.05173394848135333,0.13588619761630144,0.008858131487889272,-0.07111111111111111,-0.03844675124951941,0.2288965782391388,0.044844290657439445,-0.11374086889657825,0.002214532871972318,0.16000000000000003,-0.09356401384083046,0.017777777777777778,0.06698961937716265,-0.019930795847750864,-0.022206843521722412,0.28444444444444444,-0.12456747404844293,0.07535563244905807,-0.1085121107266436,-0.17279507881584008,0.1929104190695886,-0.07535563244905807,-0.13016532103037293,-0.03543252595155709,-0.012056901191849288,-0.03844675124951941,0.017777777777777778,0.03254133025759323,0.010396001537870049,-0.03844675124951941,-0.24415224913494812,-0.14769703960015382,-0.05173394848135333,0.2069357939254133,,,,,0.014265991747379303,-0.02350960671901703,0.8278822302818298,0.05139372870326042,0.030522087588906288,0.6716612577438354,-0.23821039497852325,0.22604422271251678,0.5866454839706421,-0.32033196091651917,0.3091522455215454,0.804651141166687,35.0,0.04811146482825279
EXPC-401,132.17483205455935,46.6491084624489,-0.01384083044982699,-0.09356401384083046,-0.03254133025759323,-0.186082276047674,-0.03844675124951941,0.03254133025759323,-0.13588619761630144,0.16000000000000003,-0.03543252595155709,0.09356401384083046,0.03254133025759323,-0.13588619761630144,0.002214532871972318,-0.03543252595155709,-0.2069357939254133,0.24415224913494812,0.08421376393694734,-0.16633602460592078,0.017777777777777778,0.07972318339100345,-0.06698961937716265,0.11374086889657825,0.024605920799692427,0.022206843521722412,-0.2069357939254133,-0.000984236831987697,0.08882737408688965,-0.08882737408688965,0.31009611687812383,-0.21413302575932336,-0.06698961937716265,0.05911572472126105,6.151480199923106e-05,-0.05911572472126105,-0.03543252595155709,0.2519646289888504,0.06698961937716265,-0.07535563244905807,-0.017777777777777778,0.16000000000000003,-0.11909265667051133,0.03543252595155709,0.07535563244905807,-0.07535563244905807,-0.05911572472126105,0.3278123798539023,-0.11374086889657825,0.10340638216070744,-0.08882737408688965,-0.11909265667051133,0.2069357939254133,-0.05173394848135333,-0.12456747404844293,-0.08882737408688965,0.00024605920799692423,-0.09356401384083046,0.022206843521722412,0.05536332179930796,-0.007443291041906958,-0.044844290657439445,-0.22145328719723184,-0.21413302575932336,-0.08421376393694734,0.17937716262975778,,,,,0.005400539841502905,-0.00994575023651123,0.8311036825180054,-0.3439881205558777,0.43201929330825806,0.7437304258346558,-0.13153794407844543,0.135386660695076,0.7229321002960205,-0.2664310932159424,0.30241936445236206,0.7747252583503723,62.489593505859375,0.06488724052906036
EXPC-402,132.0233760976568,47.323922903879485,0.003014225297962322,-0.1085121107266436,-0.003936947327950788,-0.15378700499807765,-0.03254133025759323,0.03844675124951941,-0.10340638216070744,0.16633602460592078,0.006151480199923107,0.10340638216070744,0.0271280276816609,-0.13588619761630144,0.012056901191849288,-0.041584006151480196,-0.13016532103037293,0.2679584775086506,0.1085121107266436,-0.17937716262975778,0.01574778931180315,0.08421376393694734,-0.024605920799692427,0.08882737408688965,0.05536332179930796,0.07535563244905807,-0.17279507881584008,-0.012056901191849288,0.17937716262975778,-0.1085121107266436,0.31009611687812383,-0.2288965782391388,-0.07972318339100345,0.16000000000000003,0.03254133025759323,-0.09356401384083046,-0.041584006151480196,0.24415224913494812,0.07972318339100345,-0.10340638216070744,-0.012056901191849288,0.16633602460592078,-0.09842368319876971,-0.004982698961937716,0.08882737408688965,-0.04822760476739715,-0.04822760476739715,0.28444444444444444,-0.16000000000000003,0.1085121107266436,-0.0629911572472126,-0.16000000000000003,0.19986159169550174,-0.05536332179930796,-0.07111111111111111,-0.029773164167627833,-0.010396001537870049,-0.06698961937716265,-0.01384083044982699,0.05536332179930796,0.010396001537870049,-0.024605920799692427,-0.2288965782391388,-0.16633602460592078,-0.07535563244905807,0.22145328719723184,,,,,-0.002421307610347867,-0.01678183674812317,0.8547486066818237,-0.10035211592912674,0.16571427881717682,0.570381224155426,-0.24277812242507935,0.16869096457958221,0.7655453681945801,-0.3903930187225342,0.34274953603744507,0.8519480228424072,55.0,0.014508984982967377
