point_id,lon,lat,A00,A01,A02,A03,A04,A05,A06,A07,A08,A09,A10,A11,A12,A13,A14,A15,A16,A17,A18,A19,A20,A21,A22,A23,A24,A25,A26,A27,A28,A29,A30,A31,A32,A33,A34,A35,A36,A37,A38,A39,A40,A41,A42,A43,A44,A45,A46,A47,A48,A49,A50,A51,A52,A53,A54,A55,A56,A57,A58,A59,A60,A61,A62,A63,s1_vv_w,s1_vh_w,s1_vv_s,s1_vh_s,ndvi_djf,ndwi_djf,mndwi_djf,ndvi_mam,ndwi_mam,mndwi_mam,ndvi_jja,ndwi_jja,mndwi_jja,ndvi_son,ndwi_son,mndwi_son,dem,slope
EXPC2-000,129.5447445657142,48.31260870558143,-0.012056901191849288,-0.15378700499807765,0.15378700499807765,-0.31009611687812383,-0.04822760476739715,-0.041584006151480196,-0.3014225297962323,0.2288965782391388,0.003936947327950788,0.07972318339100345,0.14769703960015382,-0.11374086889657825,0.04822760476739715,-0.05536332179930796,-0.24415224913494812,0.03254133025759323,0.05536332179930796,-0.0005536332179930795,-0.11909265667051133,0.05173394848135333,0.04822760476739715,-0.01574778931180315,0.05536332179930796,-0.05911572472126105,-0.08421376393694734,0.04822760476739715,-0.0629911572472126,-0.010396001537870049,0.39369473279507883,-0.03844675124951941,0.012056901191849288,-0.010396001537870049,-0.06698961937716265,0.04822760476739715,-0.17937716262975778,0.2679584775086506,0.10340638216070744,-0.07972318339100345,0.05173394848135333,0.029773164167627833,-0.09356401384083046,0.01384083044982699,-0.08421376393694734,0.13016532103037293,-0.041584006151480196,0.22145328719723184,0.12456747404844293,-0.15378700499807765,-0.010396001537870049,-0.16000000000000003,0.17937716262975778,-0.03844675124951941,-0.07111111111111111,-0.041584006151480196,0.03844675124951941,0.03543252595155709,0.05911572472126105,0.024605920799692427,-0.04822760476739715,-0.11374086889657825,-0.22145328719723184,-0.017777777777777778,-0.04822760476739715,-0.041584006151480196,,,,,0.06982843577861786,-0.1290508657693863,0.44813039898872375,0.08633323013782501,-0.22882883250713348,-0.16324535012245178,0.7450034618377686,-0.6241180300712585,-0.4209486246109009,0.48929888010025024,-0.6054096817970276,-0.47816938161849976,311.33526611328125,0.1526353657245636
EXPC2-001,130.56702735904224,48.95867705792019,-0.07111111111111111,-0.08421376393694734,0.12456747404844293,-0.2519646289888504,-0.07972318339100345,-0.16000000000000003,-0.2761399461745483,0.2761399461745483,0.08882737408688965,0.024605920799692427,0.16633602460592078,-0.09842368319876971,0.03844675124951941,0.012056901191849288,-0.17937716262975778,0.14173010380622836,0.05911572472126105,-0.11909265667051133,-0.15378700499807765,-0.017777777777777778,0.07111111111111111,-0.000984236831987697,-0.029773164167627833,-0.05173394848135333,-0.06698961937716265,0.13588619761630144,0.07535563244905807,0.08882737408688965,0.39369473279507883,-0.11374086889657825,0.03543252595155709,-0.006151480199923107,-0.11909265667051133,0.007443291041906958,-0.0629911572472126,0.28444444444444444,0.07535563244905807,-0.041584006151480196,0.05536332179930796,-0.022206843521722412,-0.05173394848135333,-0.09356401384083046,-0.06698961937716265,0.1085121107266436,-0.004982698961937716,0.2364628988850442,0.14173010380622836,-0.07972318339100345,-0.008858131487889272,-0.09356401384083046,0.12456747404844293,-0.06698961937716265,-0.11909265667051133,0.008858131487889272,0.03254133025759323,0.08421376393694734,0.08882737408688965,-0.017777777777777778,-0.024605920799692427,-0.13588619761630144,-0.2519646289888504,-0.003936947327950788,-0.003936947327950788,0.06698961937716265,,,,,0.018390804529190063,-0.006818181835114956,0.6560871601104736,0.24170616269111633,-0.2231559306383133,-0.22206638753414154,0.7343242168426514,-0.5828741192817688,-0.46258875727653503,0.5110456347465515,-0.49127906560897827,-0.576014518737793,91.5552749633789,0.0640474185347557
EXPC2-002,133.90552628094403,46.26912109726634,-0.044844290657439445,-0.029773164167627833,0.13588619761630144,-0.24415224913494812,0.017777777777777778,-0.16000000000000003,-0.22145328719723184,0.28444444444444444,0.041584006151480196,0.04822760476739715,0.11909265667051133,-0.1085121107266436,-0.09842368319876971,0.019930795847750864,-0.24415224913494812,0.14173010380622836,0.0271280276816609,-0.11909265667051133,-0.16633602460592078,0.03844675124951941,0.05911572472126105,0.029773164167627833,-0.004982698961937716,-0.07972318339100345,0.01574778931180315,0.16000000000000003,0.022206843521722412,-0.00024605920799692423,0.40359861591695495,-0.09356401384083046,0.019930795847750864,0.010396001537870049,-0.16000000000000003,0.019930795847750864,-0.07972318339100345,0.29287197231833906,0.11374086889657825,0.041584006151480196,0.041584006151480196,-0.006151480199923107,-0.029773164167627833,-0.07972318339100345,-0.12456747404844293,0.10340638216070744,0.03254133025759323,0.17937716262975778,0.16633602460592078,-0.11909265667051133,0.08421376393694734,-0.07535563244905807,0.14769703960015382,-0.03844675124951941,-0.041584006151480196,0.041584006151480196,-0.041584006151480196,0.0629911572472126,0.04822760476739715,-0.03844675124951941,-0.003936947327950788,-0.1085121107266436,-0.2599000384467512,-0.019930795847750864,-0.07111111111111111,0.03254133025759323,,,,,0.03185703232884407,-0.012581014074385166,0.7220744490623474,0.3348519504070282,-0.4640849530696869,-0.45850425958633423,0.8367347121238708,-0.6701813340187073,-0.44948962330818176,0.4365384578704834,-0.5198372602462769,-0.5711040496826172,54.1030158996582,0.010071716271340847
EXPC2-003,132.4143229093056,44.29426477665798,0.017777777777777778,-0.09842368319876971,0.09356401384083046,-0.2364628988850442,-0.07111111111111111,-0.09842368319876971,-0.2679584775086506,0.2288965782391388,-0.04822760476739715,0.09842368319876971,0.13016532103037293,-0.07111111111111111,-0.019930795847750864,-0.029773164167627833,-0.21413302575932336,0.03844675124951941,-0.05173394848135333,-0.11374086889657825,-0.2364628988850442,0.11909265667051133,-0.01384083044982699,-0.01574778931180315,-0.07111111111111111,-0.019930795847750864,-0.05536332179930796,0.13588619761630144,-0.0271280276816609,-0.1085121107266436,0.39369473279507883,-0.041584006151480196,-0.1085121107266436,0.017777777777777778,-0.06698961937716265,0.012056901191849288,-0.10340638216070744,0.3278123798539023,0.14173010380622836,-0.05536332179930796,0.044844290657439445,-0.041584006151480196,-0.13588619761630144,-0.022206843521722412,-0.08882737408688965,0.03543252595155709,-0.022206843521722412,0.21413302575932336,0.2288965782391388,-0.07972318339100345,0.07111111111111111,-0.0629911572472126,0.16633602460592078,0.004982698961937716,-0.0271280276816609,-0.002214532871972318,-0.006151480199923107,-0.0015378700499807767,0.12456747404844293,0.008858131487889272,-0.03254133025759323,-0.05536332179930796,-0.2288965782391388,-0.10340638216070744,-0.06698961937716265,0.03543252595155709,,,,,0.07024889439344406,-0.12569576501846313,0.5272999405860901,0.28312957286834717,-0.2694726586341858,-0.15429851412773132,0.8563283681869507,-0.7203240394592285,-0.4491848647594452,0.3011857569217682,-0.3808724880218506,-0.3182448148727417,73.85427856445312,0.06434763222932816
EXPC2-004,130.6277534722487,47.45202266339493,0.007443291041906958,0.024605920799692427,0.16633602460592078,-0.2069357939254133,-0.05911572472126105,-0.07972318339100345,-0.2599000384467512,0.33685505574778934,0.022206843521722412,-0.01574778931180315,0.21413302575932336,-0.07111111111111111,-0.04822760476739715,0.002214532871972318,-0.17937716262975778,0.04822760476739715,0.03254133025759323,-0.07972318339100345,-0.16000000000000003,0.10340638216070744,0.07972318339100345,-0.05911572472126105,0.10340638216070744,-0.06698961937716265,0.07535563244905807,0.15378700499807765,0.03844675124951941,-0.019930795847750864,0.36472126105344094,-0.006151480199923107,-0.024605920799692427,0.01574778931180315,-0.10340638216070744,0.03543252595155709,-0.08882737408688965,0.28444444444444444,0.14173010380622836,-0.0271280276816609,0.03844675124951941,-0.0271280276816609,-0.07111111111111111,-0.07111111111111111,-0.12456747404844293,0.07972318339100345,-0.01384083044982699,0.16633602460592078,0.2288965782391388,-0.11374086889657825,0.07972318339100345,-0.03844675124951941,0.1929104190695886,-0.03844675124951941,-0.11909265667051133,-0.041584006151480196,0.029773164167627833,0.0271280276816609,0.1085121107266436,-0.01574778931180315,-0.06698961937716265,-0.14769703960015382,-0.2519646289888504,-0.01574778931180315,-0.06698961937716265,-0.004982698961937716,,,,,0.056527044624090195,-0.08561611920595169,0.641440212726593,0.27380311489105225,-0.3462194502353668,-0.3856837749481201,0.6694398522377014,-0.6053333282470703,-0.4622093141078949,0.371841162443161,-0.4908456802368164,-0.5435717105865479,86.65287780761719,0.16319327056407928
EXPC2-005,132.387373450782,43.94320316362408,-0.05911572472126105,-0.10340638216070744,0.14173010380622836,-0.2288965782391388,-0.03844675124951941,-0.22145328719723184,-0.24415224913494812,0.31009611687812383,0.05173394848135333,0.12456747404844293,0.13588619761630144,-0.13588619761630144,0.01384083044982699,0.029773164167627833,-0.2364628988850442,0.08882737408688965,-0.019930795847750864,-0.10340638216070744,-0.2288965782391388,0.006151480199923107,0.044844290657439445,-0.007443291041906958,-0.0629911572472126,-0.041584006151480196,-0.019930795847750864,0.14173010380622836,-0.03844675124951941,0.029773164167627833,0.36472126105344094,-0.08421376393694734,-0.03254133025759323,-0.003014225297962322,-0.09356401384083046,-0.006151480199923107,-0.05173394848135333,0.24415224913494812,0.07111111111111111,0.003014225297962322,0.09842368319876971,-0.044844290657439445,-0.11374086889657825,-0.08421376393694734,-0.041584006151480196,0.09356401384083046,-0.05911572472126105,0.17279507881584008,0.1929104190695886,-0.07535563244905807,0.12456747404844293,-0.10340638216070744,0.08882737408688965,0.03254133025759323,-0.019930795847750864,0.07972318339100345,-0.022206843521722412,0.1085121107266436,0.10340638216070744,-0.006151480199923107,-0.0629911572472126,-0.05173394848135333,-0.2519646289888504,-0.0629911572472126,-0.09356401384083046,0.09356401384083046,,,,,0.046601712703704834,-0.08190753310918808,0.566946268081665,0.39415255188941956,-0.3904845416545868,-0.3704710006713867,0.7855057120323181,-0.6648514866828918,-0.43724024295806885,0.51382976770401,-0.51382976770401,-0.4704519212245941,111.9203109741211,0.025841593742370605
EXPC2-006,131.92923265588107,43.69742410188898,-0.1085121107266436,-0.11374086889657825,0.09356401384083046,-0.21413302575932336,-0.06698961937716265,-0.13588619761630144,-0.2679584775086506,0.2679584775086506,0.007443291041906958,0.08882737408688965,0.05911572472126105,-0.17937716262975778,0.024605920799692427,0.03254133025759323,-0.2519646289888504,0.17279507881584008,0.0271280276816609,-0.07972318339100345,-0.29287197231833906,-0.012056901191849288,-0.044844290657439445,-0.06698961937716265,-0.07535563244905807,0.003014225297962322,-0.06698961937716265,0.16000000000000003,0.06698961937716265,-0.0271280276816609,0.31009611687812383,-0.08882737408688965,0.003014225297962322,0.008858131487889272,0.05911572472126105,-0.03844675124951941,-0.03543252595155709,0.2761399461745483,0.07535563244905807,-0.019930795847750864,0.0629911572472126,0.024605920799692427,-0.09842368319876971,-0.09842368319876971,0.008858131487889272,0.05173394848135333,-0.01384083044982699,0.1929104190695886,0.13588619761630144,0.13016532103037293,0.04822760476739715,-0.21413302575932336,0.044844290657439445,-0.03254133025759323,0.05536332179930796,0.13016532103037293,0.03254133025759323,0.041584006151480196,0.06698961937716265,-0.007443291041906958,0.03254133025759323,0.03543252595155709,-0.2288965782391388,-0.13016532103037293,-0.03543252595155709,0.186082276047674,,,,,0.004978935234248638,0.012977242469787598,0.49569565057754517,0.3261410892009735,-0.38115817308425903,-0.4310687184333801,0.5743740797042847,-0.5061641335487366,-0.3524249494075775,0.284970223903656,-0.3183206021785736,-0.4010730981826782,6.873926162719727,0.26213929057121277
EXPC2-007,132.21166298120824,47.69528644233449,-0.044844290657439445,-0.022206843521722412,0.0629911572472126,-0.2761399461745483,0.044844290657439445,-0.08882737408688965,-0.2761399461745483,0.2761399461745483,0.05911572472126105,-0.01384083044982699,0.15378700499807765,-0.13588619761630144,-0.07972318339100345,0.024605920799692427,-0.2364628988850442,0.1929104190695886,0.07535563244905807,-0.041584006151480196,-0.14769703960015382,0.03543252595155709,0.019930795847750864,-0.029773164167627833,0.022206843521722412,-0.1085121107266436,0.03543252595155709,0.21413302575932336,0.09356401384083046,-0.03254133025759323,0.42377547097270285,-0.07972318339100345,0.03844675124951941,0.019930795847750864,-0.07972318339100345,0.0629911572472126,-0.08421376393694734,0.3014225297962323,0.041584006151480196,0.07111111111111111,0.08882737408688965,-0.019930795847750864,0.03543252595155709,-0.07535563244905807,-0.07535563244905807,0.06698961937716265,0.07535563244905807,0.09356401384083046,0.17937716262975778,-0.05536332179930796,0.05911572472126105,-0.10340638216070744,0.17937716262975778,-0.09842368319876971,-0.041584006151480196,0.05911572472126105,0.010396001537870049,0.09842368319876971,0.07535563244905807,-0.05911572472126105,0.05536332179930796,-0.06698961937716265,-0.19986159169550174,0.01384083044982699,-0.03254133025759323,0.019930795847750864,,,,,0.00856508407741785,0.0036561160814017057,0.6735760569572449,0.34149712324142456,-0.4079602062702179,-0.49145299196243286,0.6053781509399414,-0.5526657700538635,-0.5455746650695801,0.4878963530063629,-0.5552387833595276,-0.5386321544647217,56.60403060913086,0.014508984982967377
EXPC2-008,131.99175539965577,48.44268475872194,-0.05173394848135333,-0.1085121107266436,0.17937716262975778,-0.2288965782391388,-0.041584006151480196,-0.14173010380622836,-0.3188927335640138,0.3553094963475586,0.03543252595155709,0.08421376393694734,0.19986159169550174,-0.13588619761630144,0.010396001537870049,0.007443291041906958,-0.19986159169550174,0.06698961937716265,0.041584006151480196,-0.05536332179930796,-0.1929104190695886,0.000984236831987697,0.06698961937716265,0.029773164167627833,-0.010396001537870049,-0.044844290657439445,-0.029773164167627833,0.17279507881584008,-0.004982698961937716,0.07972318339100345,0.3553094963475586,-0.08882737408688965,0.008858131487889272,0.03254133025759323,-0.1085121107266436,0.03254133025759323,-0.09356401384083046,0.2364628988850442,0.11374086889657825,-0.07972318339100345,0.07535563244905807,0.008858131487889272,-0.0629911572472126,-0.11909265667051133,-0.04822760476739715,0.08421376393694734,-0.05173394848135333,0.2364628988850442,0.13016532103037293,-0.09356401384083046,0.029773164167627833,-0.10340638216070744,0.09356401384083046,-0.006151480199923107,0.024605920799692427,-0.006151480199923107,-0.041584006151480196,0.07535563244905807,0.11909265667051133,0.04822760476739715,-0.05173394848135333,-0.01384083044982699,-0.2364628988850442,0.003014225297962322,-0.0629911572472126,0.03254133025759323,,,,,0.07672001421451569,-0.07600989192724228,0.5203472375869751,0.35091641545295715,-0.40918630361557007,-0.4595862627029419,0.8012866377830505,-0.6677696704864502,-0.5469313859939575,0.50396329164505,-0.5790626406669617,-0.5204590559005737,97.69528198242188,0.09749916195869446
EXPC2-009,131.9145002852215,43.58854828945369,-0.010396001537870049,-0.17279507881584008,0.186082276047674,-0.2679584775086506,-0.04822760476739715,-0.13588619761630144,-0.22145328719723184,0.2364628988850442,-0.03844675124951941,0.1085121107266436,0.13588619761630144,-0.11909265667051133,-0.010396001537870049,0.05911572472126105,-0.2761399461745483,0.0629911572472126,-0.09842368319876971,-0.13016532103037293,-0.2519646289888504,0.0271280276816609,0.003936947327950788,-0.01384083044982699,-0.08882737408688965,-0.007443291041906958,-0.04822760476739715,0.186082276047674,-0.03844675124951941,-0.008858131487889272,0.3188927335640138,-0.0629911572472126,-0.05536332179930796,0.06698961937716265,-0.07535563244905807,-0.03254133025759323,-0.03254133025759323,0.2288965782391388,0.06698961937716265,-0.044844290657439445,0.04822760476739715,-0.01384083044982699,-0.12456747404844293,-0.13016532103037293,-0.019930795847750864,0.07972318339100345,-0.01384083044982699,0.17937716262975778,0.2069357939254133,-0.05536332179930796,0.10340638216070744,-0.16000000000000003,0.07535563244905807,0.03844675124951941,0.041584006151480196,0.05536332179930796,-0.07535563244905807,0.01574778931180315,0.16000000000000003,-0.03844675124951941,-0.03254133025759323,0.022206843521722412,-0.2364628988850442,-0.07972318339100345,-0.11374086889657825,0.1085121107266436,,,,,0.05330904573202133,-0.05005750432610512,0.646281361579895,0.2630541920661926,-0.31218013167381287,-0.3128834366798401,0.606725811958313,-0.6135084629058838,-0.24714481830596924,0.42664873600006104,-0.4880673885345459,-0.36616453528404236,0.9547114968299866,0.26213929057121277
EXPC2-010,134.75892580085758,48.2928457693308,-0.11374086889657825,-0.08421376393694734,0.14173010380622836,-0.1929104190695886,-0.08882737408688965,-0.16000000000000003,-0.2679584775086506,0.3278123798539023,0.1085121107266436,0.007443291041906958,0.2288965782391388,-0.08421376393694734,0.008858131487889272,-0.01574778931180315,-0.186082276047674,0.07972318339100345,0.041584006151480196,-0.16000000000000003,-0.17937716262975778,-0.03844675124951941,0.09356401384083046,-0.03543252595155709,-0.004982698961937716,-0.0271280276816609,0.008858131487889272,0.1085121107266436,0.044844290657439445,0.07972318339100345,0.36472126105344094,-0.03543252595155709,0.019930795847750864,0.017777777777777778,-0.07535563244905807,0.044844290657439445,-0.044844290657439445,0.24415224913494812,0.07111111111111111,-0.04822760476739715,0.07111111111111111,-0.0629911572472126,-0.044844290657439445,-0.13588619761630144,-0.010396001537870049,0.14769703960015382,-0.003014225297962322,0.21413302575932336,0.19986159169550174,-0.07972318339100345,0.0629911572472126,-0.08421376393694734,0.10340638216070744,-0.024605920799692427,-0.11909265667051133,-0.008858131487889272,0.03844675124951941,0.10340638216070744,0.14769703960015382,0.0005536332179930795,-0.024605920799692427,-0.11909265667051133,-0.2364628988850442,0.0271280276816609,-0.022206843521722412,0.0629911572472126,,,,,0.0528273805975914,-0.060322217643260956,0.47399353981018066,0.4125984311103821,-0.5216284990310669,-0.5195911526679993,0.8693528771400452,-0.7497143149375916,-0.5912272334098816,0.7241379022598267,-0.7121455073356628,-0.5886850357055664,41.87593078613281,0.04811146482825279
EXPC2-011,131.8318552790825,48.14660004107614,0.03844675124951941,0.003014225297962322,0.09356401384083046,-0.33685505574778934,-0.1085121107266436,-0.08421376393694734,-0.29287197231833906,0.19986159169550174,0.003936947327950788,0.07111111111111111,-0.019930795847750864,-0.03844675124951941,-0.03844675124951941,0.11374086889657825,-0.1085121107266436,0.22145328719723184,-0.0015378700499807767,-0.11909265667051133,-0.10340638216070744,-0.003014225297962322,-0.019930795847750864,0.05911572472126105,-0.003014225297962322,0.041584006151480196,-0.1085121107266436,0.10340638216070744,0.0629911572472126,-0.05911572472126105,0.36472126105344094,-0.15378700499807765,-0.024605920799692427,0.003936947327950788,-0.16000000000000003,-0.05911572472126105,-0.05536332179930796,0.34602076124567477,0.13016532103037293,0.044844290657439445,0.044844290657439445,-0.01574778931180315,0.0271280276816609,0.03254133025759323,-0.13016532103037293,0.008858131487889272,0.05911572472126105,0.22145328719723184,0.14173010380622836,-0.05173394848135333,0.05536332179930796,-0.04822760476739715,0.19986159169550174,-0.1085121107266436,-0.017777777777777778,-0.00024605920799692423,-0.05911572472126105,-0.05173394848135333,-0.003936947327950788,-0.08882737408688965,-0.044844290657439445,-0.12456747404844293,-0.24415224913494812,0.05173394848135333,-0.08421376393694734,0.0629911572472126,,,,,0.02156778797507286,-0.04844019562005997,0.7873969078063965,0.26235488057136536,-0.4370398223400116,-0.46539977192878723,0.7821380496025085,-0.6431690454483032,-0.3997901380062103,0.5286713242530823,-0.6026393175125122,-0.5297179818153381,81.1758804321289,0.09749916195869446
EXPC2-012,132.44127236782919,43.96224744764741,-0.06698961937716265,-0.11374086889657825,0.11374086889657825,-0.2599000384467512,-0.06698961937716265,-0.15378700499807765,-0.24415224913494812,0.186082276047674,0.024605920799692427,0.11374086889657825,0.09842368319876971,-0.08882737408688965,0.01384083044982699,0.03844675124951941,-0.2599000384467512,0.16633602460592078,0.04822760476739715,-0.17279507881584008,-0.2364628988850442,-0.004982698961937716,-0.0271280276816609,0.0015378700499807767,-0.07535563244905807,-0.019930795847750864,-0.11374086889657825,0.0629911572472126,0.03254133025759323,0.044844290657439445,0.3839138792772011,-0.10340638216070744,-0.0015378700499807767,0.000984236831987697,-0.05911572472126105,-0.041584006151480196,-0.03844675124951941,0.3188927335640138,0.07111111111111111,0.004982698961937716,0.04822760476739715,0.044844290657439445,-0.10340638216070744,-0.07535563244905807,-0.006151480199923107,0.07535563244905807,0.010396001537870049,0.22145328719723184,0.14769703960015382,-0.041584006151480196,0.017777777777777778,-0.16633602460592078,0.11374086889657825,-0.03254133025759323,-0.03254133025759323,0.05173394848135333,-0.00024605920799692423,0.03844675124951941,0.06698961937716265,-0.04822760476739715,0.03543252595155709,-0.13588619761630144,-0.2519646289888504,-0.1085121107266436,-0.041584006151480196,0.13016532103037293,,,,,0.009149015881121159,0.016309328377246857,0.6899949312210083,0.31971579790115356,-0.3472348153591156,-0.24843423068523407,0.7599436640739441,-0.6244314312934875,-0.376483291387558,0.15662650763988495,-0.1061728373169899,-0.12135922163724899,104.14163970947266,0.025841593742370605
EXPC2-013,132.7215467364745,45.49872590960543,-0.03543252595155709,-0.029773164167627833,0.186082276047674,-0.29287197231833906,-0.003014225297962322,-0.09842368319876971,-0.19986159169550174,0.33685505574778934,0.03543252595155709,0.004982698961937716,0.2364628988850442,-0.11374086889657825,-0.029773164167627833,0.03844675124951941,-0.2599000384467512,0.0629911572472126,0.03844675124951941,-0.09356401384083046,-0.15378700499807765,0.03543252595155709,0.01384083044982699,0.041584006151480196,0.041584006151480196,-0.11374086889657825,0.01574778931180315,0.14173010380622836,0.0271280276816609,0.09842368319876971,0.33685505574778934,-0.11909265667051133,0.07111111111111111,-0.022206843521722412,-0.07535563244905807,0.06698961937716265,-0.004982698961937716,0.2679584775086506,0.029773164167627833,0.01574778931180315,0.006151480199923107,-0.041584006151480196,-0.08882737408688965,-0.13016532103037293,0.01384083044982699,0.09356401384083046,0.006151480199923107,0.21413302575932336,0.16633602460592078,-0.08882737408688965,0.08421376393694734,-0.1085121107266436,0.10340638216070744,0.010396001537870049,-0.06698961937716265,0.017777777777777778,0.05911572472126105,0.09842368319876971,0.1085121107266436,6.151480199923106e-05,0.019930795847750864,-0.1085121107266436,-0.2761399461745483,-0.0005536332179930795,-0.04822760476739715,0.01384083044982699,,,,,0.003157347906380892,0.00027880672132596374,0.7316417098045349,0.2931958734989166,-0.3459227383136749,-0.4249056577682495,0.627221941947937,-0.5778069496154785,-0.5436480045318604,0.36316245794296265,-0.4447513818740845,-0.47232553362846375,79.27547454833984,0.09055157005786896
EXPC2-014,133.42618524533785,45.56520124063028,-0.03844675124951941,-0.09356401384083046,0.16633602460592078,-0.2288965782391388,-0.05173394848135333,-0.14173010380622836,-0.2069357939254133,0.3553094963475586,0.07535563244905807,0.05173394848135333,0.2364628988850442,-0.09842368319876971,0.019930795847750864,-0.019930795847750864,-0.2599000384467512,0.03254133025759323,-0.010396001537870049,-0.13588619761630144,-0.17937716262975778,0.003936947327950788,0.07972318339100345,0.010396001537870049,-0.04822760476739715,-0.0629911572472126,0.03844675124951941,0.13016532103037293,-0.017777777777777778,0.08882737408688965,0.3278123798539023,-0.03254133025759323,-0.022206843521722412,0.000984236831987697,-0.11909265667051133,0.04822760476739715,-0.07535563244905807,0.1929104190695886,0.07111111111111111,-0.07972318339100345,0.04822760476739715,-0.07972318339100345,-0.1085121107266436,-0.11909265667051133,-0.041584006151480196,0.08421376393694734,-0.007443291041906958,0.186082276047674,0.21413302575932336,-0.16633602460592078,0.09356401384083046,-0.07972318339100345,0.07535563244905807,0.022206843521722412,-0.09356401384083046,-0.029773164167627833,0.000984236831987697,0.17279507881584008,0.1929104190695886,0.0015378700499807767,-0.041584006151480196,-0.08421376393694734,-0.2288965782391388,0.017777777777777778,-0.04822760476739715,0.017777777777777778,,,,,0.08658955991268158,-0.10279187560081482,0.4373570382595062,0.4996486306190491,-0.515625,-0.2899531424045563,0.8026048541069031,-0.6801425814628601,-0.4968465268611908,0.6504688858985901,-0.6589545607566833,-0.6370269060134888,65.050537109375,0.056132856756448746
EXPC2-015,131.9964266391332,45.25402482621128,-0.10340638216070744,-0.13016532103037293,0.16000000000000003,-0.22145328719723184,-0.05536332179930796,-0.13588619761630144,-0.3188927335640138,0.2761399461745483,0.006151480199923107,0.07111111111111111,0.17279507881584008,-0.17279507881584008,-0.0271280276816609,0.0271280276816609,-0.28444444444444444,0.06698961937716265,0.029773164167627833,-0.1085121107266436,-0.16633602460592078,0.008858131487889272,0.01384083044982699,0.029773164167627833,0.0271280276816609,-0.06698961937716265,-0.03543252595155709,0.21413302575932336,0.012056901191849288,0.04822760476739715,0.34602076124567477,-0.0629911572472126,0.017777777777777778,0.006151480199923107,-0.13016532103037293,-0.029773164167627833,-0.0629911572472126,0.2519646289888504,0.09842368319876971,0.03254133025759323,0.07972318339100345,0.07535563244905807,-0.07535563244905807,-0.13016532103037293,0.0005536332179930795,0.07535563244905807,-0.03844675124951941,0.2364628988850442,0.11909265667051133,-0.01574778931180315,0.05173394848135333,-0.15378700499807765,0.12456747404844293,0.05911572472126105,0.01574778931180315,0.0015378700499807767,-0.003936947327950788,0.008858131487889272,0.09842368319876971,0.05536332179930796,-0.03844675124951941,-0.01384083044982699,-0.21413302575932336,-0.04822760476739715,-0.07972318339100345,0.0271280276816609,,,,,0.04426022246479988,-0.09616519510746002,0.5393117070198059,0.19920648634433746,-0.20159019529819489,-0.05712050199508667,0.7559124231338501,-0.6190604567527771,-0.20146727561950684,0.46371719241142273,-0.5271785855293274,-0.24982888996601105,70.68639373779297,0.10226807743310928
EXPC2-016,131.8347298879917,43.77611652077785,-0.041584006151480196,-0.08421376393694734,0.11374086889657825,-0.1929104190695886,-0.10340638216070744,-0.14173010380622836,-0.3014225297962323,0.2069357939254133,-0.00024605920799692423,0.08882737408688965,0.12456747404844293,-0.08882737408688965,0.01574778931180315,0.03543252595155709,-0.2069357939254133,0.1085121107266436,-0.017777777777777778,-0.13588619761630144,-0.3014225297962323,0.06698961937716265,0.022206843521722412,-0.09356401384083046,-0.05536332179930796,0.003936947327950788,-0.041584006151480196,0.17279507881584008,0.05911572472126105,-0.08421376393694734,0.34602076124567477,-0.06698961937716265,0.01574778931180315,0.09356401384083046,0.03543252595155709,-0.07972318339100345,-0.07972318339100345,0.28444444444444444,0.11374086889657825,-0.0629911572472126,0.07535563244905807,-0.000984236831987697,-0.14769703960015382,-0.10340638216070744,-0.006151480199923107,0.07535563244905807,0.002214532871972318,0.17279507881584008,0.2599000384467512,-0.003014225297962322,0.017777777777777778,-0.1085121107266436,0.07535563244905807,-0.044844290657439445,-0.006151480199923107,0.10340638216070744,-0.003014225297962322,0.002214532871972318,0.09356401384083046,-0.07111111111111111,0.006151480199923107,-0.13016532103037293,-0.21413302575932336,-0.08882737408688965,-0.07111111111111111,0.13016532103037293,,,,,0.01459594164043665,-0.010996807366609573,0.5818439722061157,0.38193219900131226,-0.41777241230010986,-0.3103119730949402,0.7262585163116455,-0.6008074879646301,-0.2943800091743469,0.3504398763179779,-0.34305503964424133,-0.3736531138420105,15.0,0.26213929057121277
EXPC2-017,130.65075034352216,42.39091435266554,-0.044844290657439445,-0.09842368319876971,0.1929104190695886,-0.2364628988850442,-0.12456747404844293,0.017777777777777778,-0.2288965782391388,0.2599000384467512,0.03254133025759323,0.1085121107266436,0.15378700499807765,-0.07535563244905807,0.13588619761630144,0.0629911572472126,-0.1085121107266436,-0.07972318339100345,-0.06698961937716265,-0.06698961937716265,-0.19986159169550174,0.024605920799692427,-0.06698961937716265,0.01384083044982699,-0.003936947327950788,0.03543252595155709,-0.13016532103037293,0.11909265667051133,-0.019930795847750864,-0.09842368319876971,0.2679584775086506,-0.022206843521722412,0.05536332179930796,-0.007443291041906958,-0.024605920799692427,-0.07111111111111111,-0.10340638216070744,0.3553094963475586,0.000984236831987697,0.00024605920799692423,0.1085121107266436,0.0015378700499807767,-0.022206843521722412,-0.10340638216070744,0.08421376393694734,0.07111111111111111,-0.01384083044982699,0.19986159169550174,0.21413302575932336,0.05911572472126105,0.1085121107266436,-0.2364628988850442,0.07972318339100345,0.14173010380622836,-0.008858131487889272,0.012056901191849288,-0.01574778931180315,-0.05536332179930796,0.08882737408688965,0.05536332179930796,-0.15378700499807765,-0.05911572472126105,-0.2288965782391388,-0.08421376393694734,-0.1929104190695886,0.05911572472126105,-17.408992016674517,-28.07107318616754,-12.414163847794192,-19.613854023342626,0.1316818743944168,-0.21910113096237183,-0.014475627802312374,0.2577396631240845,-0.3090062141418457,-0.38684120774269104,0.2003900557756424,-0.11934530735015869,-0.09210217744112015,0.07848744839429855,-0.08123606443405151,-0.15549048781394958,1.0,0.31866714358329773
EXPC2-018,132.54619559301435,48.38123999328816,-0.09356401384083046,-0.044844290657439445,0.13016532103037293,-0.2519646289888504,-0.044844290657439445,-0.19986159169550174,-0.2519646289888504,0.33685505574778934,0.09842368319876971,-0.007443291041906958,0.15378700499807765,-0.15378700499807765,-0.03254133025759323,0.05173394848135333,-0.2364628988850442,0.14769703960015382,0.0271280276816609,-0.1085121107266436,-0.14769703960015382,-0.0271280276816609,0.07972318339100345,0.0271280276816609,0.01574778931180315,-0.06698961937716265,-0.007443291041906958,0.14769703960015382,0.05536332179930796,0.05536332179930796,0.37425605536332185,-0.07111111111111111,0.029773164167627833,-0.007443291041906958,-0.14769703960015382,0.03254133025759323,-0.0629911572472126,0.2761399461745483,0.11909265667051133,0.041584006151480196,0.06698961937716265,-0.05536332179930796,0.0271280276816609,-0.06698961937716265,-0.05911572472126105,0.07111111111111111,-0.019930795847750864,0.1929104190695886,0.13588619761630144,-0.03844675124951941,0.03844675124951941,-0.09356401384083046,0.11374086889657825,-0.003014225297962322,-0.0629911572472126,0.019930795847750864,0.00024605920799692423,0.11909265667051133,0.1085121107266436,0.0005536332179930795,-0.012056901191849288,-0.08421376393694734,-0.21413302575932336,0.019930795847750864,-0.1085121107266436,0.05911572472126105,,,,,0.048267912119627,-0.06717174500226974,0.6492783427238464,0.31482237577438354,-0.4210061728954315,-0.466991662979126,0.8349056839942932,-0.7279289364814758,-0.5270270109176636,0.5627906918525696,-0.6663124561309814,-0.5747178196907043,74.72803497314453,0.275692880153656
EXPC2-019,130.317295710057,48.296439030467276,-0.024605920799692427,-0.1085121107266436,0.1929104190695886,-0.2519646289888504,-0.07535563244905807,-0.11374086889657825,-0.22145328719723184,0.28444444444444444,0.10340638216070744,0.08421376393694734,0.2364628988850442,-0.11909265667051133,0.0629911572472126,0.002214532871972318,-0.19986159169550174,0.10340638216070744,0.07535563244905807,-0.09842368319876971,-0.15378700499807765,-0.05173394848135333,0.07972318339100345,0.024605920799692427,-0.017777777777777778,-0.029773164167627833,-0.0271280276816609,0.03844675124951941,-0.019930795847750864,0.15378700499807765,0.34602076124567477,-0.08882737408688965,0.029773164167627833,0.004982698961937716,-0.13016532103037293,0.01574778931180315,-0.01574778931180315,0.21413302575932336,0.0629911572472126,-0.041584006151480196,-0.003014225297962322,-0.029773164167627833,-0.14173010380622836,-0.10340638216070744,-0.03543252595155709,0.13016532103037293,-0.044844290657439445,0.2364628988850442,0.13588619761630144,-0.186082276047674,0.03254133025759323,-0.11374086889657825,0.09842368319876971,0.008858131487889272,-0.1085121107266436,0.017777777777777778,0.05536332179930796,0.14769703960015382,0.13016532103037293,0.024605920799692427,-0.05536332179930796,-0.11374086889657825,-0.2519646289888504,0.03254133025759323,0.01384083044982699,0.029773164167627833,,,,,0.040757108479738235,-0.06335233896970749,0.6394699215888977,-0.12745974957942963,0.1013357862830162,0.28496575355529785,0.6274118423461914,-0.5403022766113281,-0.40424373745918274,0.4852675795555115,-0.48125937581062317,-0.4736842215061188,148.99281311035156,0.0640474185347557
EXPC2-020,130.39419149837764,44.62987536680503,-0.1085121107266436,-0.11909265667051133,0.12456747404844293,-0.16633602460592078,-0.024605920799692427,-0.10340638216070744,-0.2761399461745483,0.33685505574778934,0.003014225297962322,0.13016532103037293,0.21413302575932336,-0.13016532103037293,0.06698961937716265,-0.010396001537870049,-0.16000000000000003,0.04822760476739715,0.15378700499807765,0.010396001537870049,-0.3014225297962323,-0.05536332179930796,-0.044844290657439445,-0.13016532103037293,0.05173394848135333,-0.017777777777777778,-0.09842368319876971,0.12456747404844293,-0.024605920799692427,0.010396001537870049,0.3014225297962323,-0.041584006151480196,-0.017777777777777778,-0.10340638216070744,0.07535563244905807,0.010396001537870049,-0.003936947327950788,0.16000000000000003,0.12456747404844293,0.07111111111111111,0.05173394848135333,0.11909265667051133,-0.11909265667051133,-0.15378700499807765,0.07972318339100345,0.10340638216070744,-0.06698961937716265,0.24415224913494812,0.019930795847750864,0.12456747404844293,0.05911572472126105,-0.05536332179930796,0.05173394848135333,0.03254133025759323,0.01574778931180315,0.14173010380622836,0.13016532103037293,0.029773164167627833,-0.019930795847750864,-0.022206843521722412,-0.041584006151480196,-0.03844675124951941,-0.2599000384467512,-0.07972318339100345,-0.01574778931180315,0.16633602460592078,-8.856029504099144,-17.436669904193185,-8.533448757624342,-13.17243907912922,-0.11980440467596054,0.12790697813034058,0.7939233779907227,0.27363982796669006,-0.32111620903015137,-0.31813427805900574,0.566631019115448,-0.4757203161716461,-0.3012889325618744,-0.008598887361586094,-0.03648862987756729,-0.012466124258935452,300.82183837890625,0.130340114235878
EXPC2-021,131.18434962228915,47.213070797819135,-0.03254133025759323,0.03543252595155709,0.11909265667051133,-0.24415224913494812,0.010396001537870049,-0.03543252595155709,-0.2519646289888504,0.31009611687812383,0.010396001537870049,0.019930795847750864,0.12456747404844293,-0.12456747404844293,-0.044844290657439445,0.03543252595155709,-0.21413302575932336,0.22145328719723184,0.022206843521722412,-0.12456747404844293,-0.1085121107266436,0.022206843521722412,0.002214532871972318,-0.05911572472126105,0.03844675124951941,-0.07535563244905807,0.03844675124951941,0.11909265667051133,0.07535563244905807,-0.03844675124951941,0.41362552864282975,-0.07111111111111111,0.03254133025759323,-0.05911572472126105,-0.09842368319876971,0.0015378700499807767,-0.03543252595155709,0.3278123798539023,0.07535563244905807,0.0629911572472126,-0.003936947327950788,0.03844675124951941,-0.07111111111111111,-0.08882737408688965,-0.13588619761630144,0.04822760476739715,0.06698961937716265,0.16000000000000003,0.14173010380622836,-0.01384083044982699,0.12456747404844293,-0.07535563244905807,0.21413302575932336,-0.13016532103037293,-0.09356401384083046,-0.008858131487889272,-0.03254133025759323,0.012056901191849288,0.07535563244905807,-0.05911572472126105,0.0015378700499807767,-0.07535563244905807,-0.2599000384467512,-0.03254133025759323,-0.06698961937716265,0.05911572472126105,,,,,0.026489075273275375,-0.04801558330655098,0.7323787212371826,0.6030701994895935,-0.5869742035865784,-0.47876712679862976,0.7495893836021423,-0.6170014142990112,-0.43448275327682495,0.5375263094902039,-0.5396862626075745,-0.4141835570335388,66.68414306640625,0.07704101502895355
EXPC2-022,133.54548151506893,45.10885707629756,-0.017777777777777778,-0.03844675124951941,0.13588619761630144,-0.2761399461745483,0.010396001537870049,-0.16633602460592078,-0.19986159169550174,0.3014225297962323,0.03543252595155709,0.05911572472126105,0.16633602460592078,-0.05911572472126105,-0.08882737408688965,0.006151480199923107,-0.2599000384467512,0.11909265667051133,0.007443291041906958,-0.13588619761630144,-0.16633602460592078,0.003936947327950788,0.0629911572472126,0.01384083044982699,-0.012056901191849288,-0.07535563244905807,0.0271280276816609,0.07972318339100345,-0.01574778931180315,0.01384083044982699,0.41362552864282975,-0.024605920799692427,-0.024605920799692427,-0.012056901191849288,-0.14769703960015382,0.05173394848135333,-0.0629911572472126,0.2679584775086506,0.12456747404844293,-0.022206843521722412,0.05536332179930796,-0.03254133025759323,-0.022206843521722412,-0.04822760476739715,-0.10340638216070744,0.1085121107266436,0.03543252595155709,0.16633602460592078,0.21413302575932336,-0.17279507881584008,0.11909265667051133,-0.07972318339100345,0.12456747404844293,-0.006151480199923107,-0.05911572472126105,-0.003014225297962322,-0.029773164167627833,0.08421376393694734,0.06698961937716265,-0.07111111111111111,0.010396001537870049,-0.08421376393694734,-0.2679584775086506,-0.00024605920799692423,-0.041584006151480196,0.022206843521722412,,,,,0.03870513662695885,-0.06110711768269539,0.6373609304428101,0.35257214307785034,-0.4567567706108093,-0.46399998664855957,0.8195679783821106,-0.6593279242515564,-0.4597243368625641,0.4529607892036438,-0.4966992437839508,-0.6033298373222351,82.9706039428711,0.056132856756448746
EXPC2-023,131.8444316930602,47.687021941720594,-0.09356401384083046,-0.044844290657439445,0.10340638216070744,-0.16000000000000003,-0.07111111111111111,-0.14173010380622836,-0.3188927335640138,0.33685505574778934,0.07535563244905807,0.0271280276816609,0.2069357939254133,-0.16000000000000003,0.0271280276816609,-0.029773164167627833,-0.17937716262975778,0.14173010380622836,0.09842368319876971,-0.10340638216070744,-0.2599000384467512,0.024605920799692427,0.04822760476739715,-0.05911572472126105,0.002214532871972318,-0.07111111111111111,0.017777777777777778,0.1929104190695886,0.1085121107266436,0.029773164167627833,0.3278123798539023,-0.044844290657439445,0.006151480199923107,0.06698961937716265,-0.01574778931180315,0.05173394848135333,-0.07535563244905807,0.2679584775086506,0.11374086889657825,0.0271280276816609,0.03543252595155709,-0.022206843521722412,-0.05536332179930796,-0.12456747404844293,-0.0271280276816609,0.09842368319876971,0.024605920799692427,0.16633602460592078,0.15378700499807765,-0.024605920799692427,0.07972318339100345,-0.09842368319876971,0.13588619761630144,-0.0271280276816609,-0.03844675124951941,0.06698961937716265,0.01574778931180315,0.07111111111111111,0.1085121107266436,-0.008858131487889272,0.004982698961937716,-0.05536332179930796,-0.2364628988850442,-0.041584006151480196,-0.08421376393694734,0.12456747404844293,,,,,-0.032258063554763794,0.09075770527124405,0.6196835041046143,0.26014846563339233,-0.371025949716568,-0.3353913128376007,0.8200408816337585,-0.6932223439216614,-0.4613778591156006,0.6312757134437561,-0.6544240117073059,-0.518324613571167,58.588661193847656,0.07704101502895355
EXPC2-024,132.58356550883371,47.763558403927576,-0.007443291041906958,-0.09842368319876971,0.17279507881584008,-0.186082276047674,-0.0629911572472126,-0.13016532103037293,-0.2679584775086506,0.31009611687812383,0.017777777777777778,0.029773164167627833,0.2288965782391388,-0.12456747404844293,-0.003014225297962322,-0.007443291041906958,-0.17279507881584008,0.0629911572472126,0.012056901191849288,-0.07535563244905807,-0.19986159169550174,0.07111111111111111,0.08421376393694734,-0.05536332179930796,0.024605920799692427,-0.03543252595155709,0.04822760476739715,0.2364628988850442,0.024605920799692427,-0.006151480199923107,0.36472126105344094,-0.01384083044982699,-0.05173394848135333,0.06698961937716265,-0.09842368319876971,0.03254133025759323,-0.12456747404844293,0.2679584775086506,0.13588619761630144,-0.08882737408688965,0.0629911572472126,-0.06698961937716265,-0.07111111111111111,-0.12456747404844293,-0.09356401384083046,0.08421376393694734,-0.05536332179930796,0.16633602460592078,0.2069357939254133,-0.12456747404844293,0.06698961937716265,-0.05911572472126105,0.17937716262975778,-0.04822760476739715,-0.0271280276816609,0.006151480199923107,-0.03543252595155709,0.03254133025759323,0.11374086889657825,0.000984236831987697,-0.044844290657439445,-0.0271280276816609,-0.21413302575932336,0.012056901191849288,-0.10340638216070744,-0.003936947327950788,,,,,0.041406694799661636,-0.006027397233992815,0.6065537333488464,0.35394954681396484,-0.4159291982650757,-0.39689579606056213,0.8023834824562073,-0.6694145798683167,-0.5081080794334412,0.5347316861152649,-0.6026169657707214,-0.5150989294052124,52.13737487792969,0.014508984982967377
EXPC2-025,131.04241580739827,43.22095767519198,-0.09356401384083046,-0.11909265667051133,0.11909265667051133,-0.2288965782391388,-0.05911572472126105,-0.16633602460592078,-0.3014225297962323,0.28444444444444444,0.07111111111111111,0.1085121107266436,0.09842368319876971,-0.11374086889657825,0.05173394848135333,0.006151480199923107,-0.15378700499807765,0.17937716262975778,0.11909265667051133,-0.15378700499807765,-0.3278123798539023,-0.041584006151480196,-0.00024605920799692423,-0.03543252595155709,-0.08882737408688965,-0.000984236831987697,-0.07535563244905807,0.06698961937716265,0.08421376393694734,-0.044844290657439445,0.2599000384467512,-0.07111111111111111,-0.04822760476739715,0.05536332179930796,0.019930795847750864,-0.07111111111111111,-0.019930795847750864,0.2069357939254133,0.08882737408688965,0.0271280276816609,0.0271280276816609,0.029773164167627833,-0.019930795847750864,-0.05536332179930796,0.029773164167627833,0.07972318339100345,0.024605920799692427,0.2364628988850442,0.16633602460592078,0.0271280276816609,0.03254133025759323,-0.21413302575932336,0.05911572472126105,0.03254133025759323,0.024605920799692427,0.2069357939254133,0.03543252595155709,0.07972318339100345,0.05911572472126105,-0.04822760476739715,0.03844675124951941,-0.029773164167627833,-0.2069357939254133,-0.10340638216070744,-0.08421376393694734,0.17279507881584008,,,,,0.016547933220863342,-0.024131109938025475,0.7424823641777039,0.35248446464538574,-0.38915470242500305,-0.34277135133743286,0.7309901714324951,-0.6406149864196777,-0.4038257300853729,0.4855305552482605,-0.48195669054985046,-0.4739413559436798,225.29771423339844,0.26213929057121277
EXPC2-026,130.7344733280021,47.75277862051814,-0.07111111111111111,-0.1085121107266436,0.15378700499807765,-0.3014225297962323,-0.08421376393694734,-0.05911572472126105,-0.31009611687812383,0.2288965782391388,-0.024605920799692427,0.10340638216070744,0.16000000000000003,-0.08421376393694734,0.024605920799692427,0.0015378700499807767,-0.2288965782391388,0.07535563244905807,0.07535563244905807,-0.0629911572472126,-0.12456747404844293,0.03254133025759323,-0.024605920799692427,0.024605920799692427,0.029773164167627833,-0.044844290657439445,-0.11909265667051133,0.008858131487889272,-0.07972318339100345,0.044844290657439445,0.3278123798539023,-0.07535563244905807,-0.029773164167627833,-0.03543252595155709,-0.012056901191849288,0.01574778931180315,-0.15378700499807765,0.29287197231833906,0.09842368319876971,-0.08421376393694734,-0.0005536332179930795,0.09842368319876971,-0.14173010380622836,0.010396001537870049,-0.019930795847750864,0.05173394848135333,-0.04822760476739715,0.31009611687812383,0.12456747404844293,-0.09842368319876971,0.024605920799692427,-0.186082276047674,0.17279507881584008,-0.008858131487889272,-0.04822760476739715,-0.041584006151480196,0.01574778931180315,0.017777777777777778,0.08421376393694734,0.1085121107266436,-0.024605920799692427,-0.09842368319876971,-0.22145328719723184,-0.09842368319876971,-0.03543252595155709,-0.041584006151480196,,,,,0.07124932110309601,-0.11126202344894409,0.568517804145813,0.22296884655952454,-0.2841565012931824,-0.03585313260555267,0.12447552382946014,0.058548010885715485,0.058548010885715485,0.22218817472457886,-0.2852078676223755,-0.28173574805259705,165.4619140625,0.16319327056407928
EXPC2-027,132.3428170126897,44.12897476437999,-0.022206843521722412,-0.08882737408688965,0.11374086889657825,-0.24415224913494812,-0.07535563244905807,-0.14769703960015382,-0.24415224913494812,0.31009611687812383,0.03254133025759323,0.11374086889657825,0.11909265667051133,-0.09842368319876971,0.0271280276816609,0.05911572472126105,-0.2364628988850442,0.09842368319876971,-0.012056901191849288,-0.15378700499807765,-0.1929104190695886,0.004982698961937716,-0.019930795847750864,-0.010396001537870049,-0.07111111111111111,-0.01384083044982699,-0.041584006151480196,0.0629911572472126,-0.024605920799692427,0.07111111111111111,0.3839138792772011,-0.07972318339100345,-0.041584006151480196,-0.01384083044982699,-0.12456747404844293,-0.017777777777777778,-0.0629911572472126,0.31009611687812383,0.05536332179930796,-0.024605920799692427,0.041584006151480196,-0.0271280276816609,-0.14173010380622836,-0.05536332179930796,-0.0629911572472126,0.03254133025759323,-0.01574778931180315,0.21413302575932336,0.16000000000000003,-0.12456747404844293,0.07972318339100345,-0.10340638216070744,0.13016532103037293,0.008858131487889272,-0.08421376393694734,-0.0005536332179930795,0.017777777777777778,0.05911572472126105,0.16000000000000003,0.008858131487889272,-0.029773164167627833,-0.09356401384083046,-0.2519646289888504,-0.07111111111111111,-0.06698961937716265,0.06698961937716265,,,,,0.025460662320256233,-0.025852838531136513,0.7306699156761169,0.1455497443675995,-0.12551440298557281,0.005917159840464592,0.6396094560623169,-0.4802316725254059,-0.34225621819496155,0.28967010974884033,-0.3642384111881256,-0.27209100127220154,79.67098236083984,0.06434763222932816
EXPC2-028,133.1807655097164,45.48435286505952,-0.0271280276816609,-0.11374086889657825,-0.002214532871972318,-0.22145328719723184,-0.012056901191849288,-0.010396001537870049,-0.2069357939254133,0.14173010380622836,-0.03543252595155709,0.1929104190695886,-0.003936947327950788,-0.08421376393694734,-0.008858131487889272,-0.01574778931180315,-0.16633602460592078,0.2288965782391388,0.06698961937716265,-0.05911572472126105,-0.10340638216070744,0.07111111111111111,-0.05173394848135333,0.08882737408688965,0.0015378700499807767,-0.03844675124951941,-0.19986159169550174,0.07972318339100345,0.10340638216070744,-0.03543252595155709,0.3839138792772011,-0.16000000000000003,-0.11909265667051133,0.05173394848135333,-0.10340638216070744,-0.0629911572472126,-0.06698961937716265,0.28444444444444444,0.14769703960015382,-0.08421376393694734,0.022206843521722412,0.16633602460592078,-0.09842368319876971,-0.024605920799692427,-0.03543252595155709,-0.003014225297962322,0.002214532871972318,0.3188927335640138,0.03543252595155709,0.05911572472126105,-0.022206843521722412,-0.16000000000000003,0.2288965782391388,-0.07972318339100345,-0.041584006151480196,-0.07972318339100345,-0.022206843521722412,-0.05173394848135333,-0.06698961937716265,0.044844290657439445,0.044844290657439445,-0.1085121107266436,-0.17937716262975778,-0.14769703960015382,0.007443291041906958,0.13016532103037293,,,,,0.0,-0.007895959541201591,0.8495508432388306,-0.18745332956314087,0.1409395933151245,0.11410948634147644,-0.1306098997592926,0.1192072257399559,0.21982210874557495,-0.3870967626571655,0.44117647409439087,0.4050179123878479,61.0,0.056132856756448746
EXPC2-029,134.5929171363523,47.54544745294336,-0.03254133025759323,-0.11374086889657825,-0.0271280276816609,-0.21413302575932336,-0.012056901191849288,-0.022206843521722412,-0.14173010380622836,0.14173010380622836,-0.04822760476739715,0.13588619761630144,-0.012056901191849288,-0.10340638216070744,-0.03543252595155709,-0.012056901191849288,-0.2364628988850442,0.24415224913494812,0.08882737408688965,-0.14769703960015382,-0.019930795847750864,0.07111111111111111,-0.03543252595155709,0.13588619761630144,-6.151480199923106e-05,0.012056901191849288,-0.22145328719723184,-0.0271280276816609,0.07111111111111111,-0.03844675124951941,0.3278123798539023,-0.21413302575932336,-0.03844675124951941,0.07972318339100345,-0.0271280276816609,-0.0629911572472126,-0.041584006151480196,0.2679584775086506,0.06698961937716265,-0.10340638216070744,0.002214532871972318,0.17937716262975778,-0.09356401384083046,0.03254133025759323,0.07111111111111111,-0.0271280276816609,0.003936947327950788,0.33685505574778934,-0.05536332179930796,0.05911572472126105,-0.08421376393694734,-0.17937716262975778,0.186082276047674,-0.05911572472126105,-0.05911572472126105,-0.05536332179930796,-0.04822760476739715,-0.017777777777777778,-0.017777777777777778,0.04822760476739715,0.03543252595155709,-0.08882737408688965,-0.22145328719723184,-0.1929104190695886,-0.0271280276816609,0.17937716262975778,,,,,-0.01681908592581749,0.02492060326039791,0.8218899369239807,-0.09894407540559769,0.10280373692512512,0.5324675440788269,-0.2416296899318695,0.22249792516231537,0.39368221163749695,-0.3795093894004822,0.3601190447807312,0.23513513803482056,39.0,0.053358353674411774
EXPC2-030,131.9256393947446,47.77505683956431,-0.05536332179930796,-0.11374086889657825,0.004982698961937716,-0.24415224913494812,-0.024605920799692427,-0.029773164167627833,-0.22145328719723184,0.186082276047674,-0.0015378700499807767,0.07972318339100345,0.029773164167627833,-0.09356401384083046,-0.01384083044982699,0.003936947327950788,-0.21413302575932336,0.2519646289888504,0.07535563244905807,-0.12456747404844293,-0.06698961937716265,0.029773164167627833,-0.022206843521722412,0.14769703960015382,0.004982698961937716,0.03543252595155709,-0.1929104190695886,-0.03254133025759323,0.029773164167627833,-0.044844290657439445,0.36472126105344094,-0.21413302575932336,-0.044844290657439445,0.07535563244905807,-0.0629911572472126,-0.06698961937716265,-0.05173394848135333,0.29287197231833906,0.08882737408688965,-0.08882737408688965,0.0271280276816609,0.13588619761630144,-0.08882737408688965,-0.0271280276816609,0.04822760476739715,0.01574778931180315,-0.01384083044982699,0.3278123798539023,-0.000984236831987697,0.029773164167627833,-0.05911572472126105,-0.16633602460592078,0.17279507881584008,-0.03844675124951941,-0.041584006151480196,-0.012056901191849288,-0.06698961937716265,-0.03844675124951941,-0.002214532871972318,0.012056901191849288,0.029773164167627833,-0.022206843521722412,-0.2599000384467512,-0.16000000000000003,-0.019930795847750864,0.14769703960015382,,,,,0.01648535020649433,-0.021393602713942528,0.8214954733848572,-0.1668909788131714,0.20000000298023224,0.6602592468261719,0.032258063554763794,0.06044904887676239,0.28586387634277344,0.10532544553279877,-0.19897304475307465,-0.0859375,53.0,0.07704101502895355
EXPC2-031,134.67915540362776,47.58102073819449,-0.044844290657439445,-0.16000000000000003,-0.0271280276816609,-0.2364628988850442,-0.007443291041906958,-0.041584006151480196,-0.17937716262975778,0.17279507881584008,-0.010396001537870049,0.08882737408688965,-0.017777777777777778,-0.15378700499807765,-0.002214532871972318,-0.000984236831987697,-0.22145328719723184,0.2364628988850442,0.05911572472126105,-0.17937716262975778,-0.06698961937716265,0.06698961937716265,-0.07535563244905807,0.09356401384083046,-0.05911572472126105,0.003936947327950788,-0.17279507881584008,-0.007443291041906958,0.11374086889657825,-0.03844675124951941,0.36472126105344094,-0.2519646289888504,-0.006151480199923107,0.07535563244905807,-0.0629911572472126,-0.0629911572472126,-0.044844290657439445,0.31009611687812383,0.05911572472126105,-0.006151480199923107,0.03254133025759323,0.13016532103037293,-0.06698961937716265,-0.019930795847750864,0.029773164167627833,0.003014225297962322,0.03844675124951941,0.31009611687812383,-0.06698961937716265,0.0629911572472126,-0.07972318339100345,-0.16000000000000003,0.1929104190695886,-0.05536332179930796,-0.08882737408688965,0.01384083044982699,-0.029773164167627833,-0.017777777777777778,0.03543252595155709,0.022206843521722412,0.019930795847750864,-0.07111111111111111,-0.21413302575932336,-0.07535563244905807,-0.029773164167627833,0.16633602460592078,,,,,0.005424243398010731,-0.01202297117561102,0.8528304100036621,-0.03690369054675102,0.024612579494714737,0.37128913402557373,-0.24828532338142395,0.17095309495925903,0.4124087691307068,-0.35766422748565674,0.3039548099040985,0.45891276001930237,37.0,0.053358353674411774
EXPC2-032,130.51240978976776,42.64962915449196,-0.003014225297962322,-0.14769703960015382,0.12456747404844293,-0.1929104190695886,-0.1085121107266436,0.03254133025759323,-0.17937716262975778,0.22145328719723184,-0.003014225297962322,0.12456747404844293,0.1929104190695886,-0.08421376393694734,0.12456747404844293,0.044844290657439445,-0.07111111111111111,-0.0271280276816609,-0.03844675124951941,-0.12456747404844293,-0.16000000000000003,0.03844675124951941,-0.07972318339100345,0.05173394848135333,-0.017777777777777778,0.0629911572472126,-0.2679584775086506,0.029773164167627833,0.019930795847750864,-0.14173010380622836,0.2599000384467512,-0.07535563244905807,-0.05911572472126105,0.1085121107266436,-0.044844290657439445,-0.07535563244905807,-0.17279507881584008,0.29287197231833906,0.03254133025759323,-0.11374086889657825,0.09842368319876971,0.13016532103037293,-0.09842368319876971,-0.024605920799692427,0.14173010380622836,0.012056901191849288,-0.10340638216070744,0.2599000384467512,0.04822760476739715,0.07535563244905807,-0.07111111111111111,-0.2288965782391388,0.10340638216070744,0.07535563244905807,-0.029773164167627833,-0.029773164167627833,-0.0629911572472126,-0.11374086889657825,-0.05536332179930796,0.07535563244905807,-0.024605920799692427,-0.041584006151480196,-0.2288965782391388,-0.17937716262975778,-0.09842368319876971,0.17279507881584008,-19.002547756402155,-27.319243517307342,-18.98141463024118,-25.04031528337295,-0.2261495143175125,0.3309897184371948,0.23265714943408966,-0.10110803693532944,0.15218810737133026,0.13586606085300446,0.4727475047111511,-0.32201698422431946,-0.15125000476837158,0.023232324048876762,0.04703668877482414,-0.04093063250184059,11.0,0.31866714358329773
EXPC2-033,134.70143362267393,47.81673866874745,-0.041584006151480196,-0.16000000000000003,-0.04822760476739715,-0.24415224913494812,-0.012056901191849288,-0.024605920799692427,-0.17279507881584008,0.14173010380622836,-0.003936947327950788,0.11374086889657825,-0.01574778931180315,-0.11909265667051133,-0.008858131487889272,-0.010396001537870049,-0.2069357939254133,0.24415224913494812,0.05911572472126105,-0.1085121107266436,-0.044844290657439445,0.0629911572472126,-0.0271280276816609,0.15378700499807765,-0.04822760476739715,0.041584006151480196,-0.1929104190695886,-0.029773164167627833,0.07972318339100345,-0.022206843521722412,0.39369473279507883,-0.24415224913494812,-0.012056901191849288,0.0629911572472126,-0.07972318339100345,-0.05911572472126105,-0.09356401384083046,0.28444444444444444,0.044844290657439445,-0.05536332179930796,0.03254133025759323,0.13016532103037293,-0.07972318339100345,-0.017777777777777778,0.017777777777777778,0.003014225297962322,0.017777777777777778,0.33685505574778934,-0.05911572472126105,0.03543252595155709,-0.09356401384083046,-0.17279507881584008,0.19986159169550174,-0.07535563244905807,-0.04822760476739715,-0.024605920799692427,-0.05536332179930796,0.006151480199923107,-0.008858131487889272,0.03844675124951941,0.01384083044982699,-0.07972318339100345,-0.2069357939254133,-0.10340638216070744,-0.03543252595155709,0.15378700499807765,,,,,0.0061779930256307125,-0.025353072211146355,0.8046628832817078,-0.054371464997529984,0.013611615635454655,0.19529159367084503,-0.1111111119389534,0.17550410330295563,0.08178693801164627,-0.16923077404499054,0.17286652326583862,-0.1326860785484314,36.5,0.053358353674411774
EXPC2-034,131.2583708017006,44.04956369326382,0.024605920799692427,-0.10340638216070744,0.13016532103037293,-0.19986159169550174,-0.0629911572472126,0.0629911572472126,-0.17937716262975778,0.13016532103037293,-0.03254133025759323,0.13588619761630144,0.1085121107266436,-0.11374086889657825,0.05911572472126105,-0.0005536332179930795,-0.11909265667051133,0.16633602460592078,0.11909265667051133,-0.14173010380622836,-0.1085121107266436,0.06698961937716265,-0.0629911572472126,0.04822760476739715,0.03543252595155709,0.022206843521722412,-0.24415224913494812,0.044844290657439445,0.08882737408688965,-0.13016532103037293,0.3188927335640138,-0.14173010380622836,-0.07972318339100345,0.13588619761630144,0.022206843521722412,-0.1085121107266436,-0.06698961937716265,0.29287197231833906,0.07972318339100345,-0.13016532103037293,-0.03844675124951941,0.16633602460592078,-0.13016532103037293,-0.024605920799692427,0.08882737408688965,-0.017777777777777778,-0.05173394848135333,0.28444444444444444,-0.04822760476739715,0.08421376393694734,-0.05536332179930796,-0.22145328719723184,0.13016532103037293,0.0015378700499807767,-0.03543252595155709,0.0271280276816609,-0.01574778931180315,-0.07535563244905807,-0.044844290657439445,-0.0005536332179930795,0.03543252595155709,-0.0629911572472126,-0.2069357939254133,-0.2364628988850442,-0.09842368319876971,0.1929104190695886,,,,,0.03560231253504753,-0.06110793724656105,0.8070898652076721,-0.07131192088127136,0.07683982700109482,0.09884042292833328,0.0025954763405025005,-0.12713630497455597,0.25765764713287354,-0.23046092689037323,0.20661157369613647,0.201646089553833,89.0,0.19533003866672516
EXPC2-035,132.820002091614,45.995673924780355,-0.04822760476739715,-0.17937716262975778,-0.13588619761630144,-0.13016532103037293,-0.004982698961937716,0.01384083044982699,-0.08421376393694734,0.13588619761630144,-0.008858131487889272,0.11374086889657825,-0.06698961937716265,-0.12456747404844293,-0.05173394848135333,-0.0629911572472126,-0.16633602460592078,0.3014225297962323,0.08421376393694734,-0.16633602460592078,0.05911572472126105,0.07972318339100345,-0.03543252595155709,0.13588619761630144,-0.019930795847750864,0.041584006151480196,-0.17279507881584008,0.004982698961937716,0.14769703960015382,-0.13016532103037293,0.2679584775086506,-0.3014225297962323,-0.10340638216070744,0.17937716262975778,0.007443291041906958,-0.07972318339100345,-0.05173394848135333,0.186082276047674,0.08882737408688965,-0.1085121107266436,0.01574778931180315,0.15378700499807765,-0.0629911572472126,0.03844675124951941,0.07111111111111111,-0.05173394848135333,0.003936947327950788,0.2679584775086506,-0.10340638216070744,0.10340638216070744,-0.07535563244905807,-0.17279507881584008,0.21413302575932336,-0.10340638216070744,-0.10340638216070744,-0.01574778931180315,0.007443291041906958,-0.05173394848135333,0.044844290657439445,0.08421376393694734,-0.010396001537870049,0.006151480199923107,-0.16633602460592078,-0.16000000000000003,-0.041584006151480196,0.19986159169550174,,,,,-0.0014087341260164976,-0.004366307053714991,0.8598822355270386,-0.1463414579629898,0.19499999284744263,0.7835820913314819,0.13235294818878174,0.07922272384166718,0.7524271607398987,-0.23706378042697906,0.32910051941871643,0.8282387256622314,71.0,0.09055157005786896
EXPC2-036,130.62416021111224,48.88681183519063,-0.041584006151480196,-0.17937716262975778,-0.044844290657439445,-0.17937716262975778,-0.029773164167627833,0.010396001537870049,-0.14173010380622836,0.17279507881584008,0.017777777777777778,0.13588619761630144,-0.05536332179930796,-0.10340638216070744,0.008858131487889272,-0.003936947327950788,-0.17937716262975778,0.28444444444444444,0.06698961937716265,-0.15378700499807765,0.006151480199923107,0.05536332179930796,-0.029773164167627833,0.14173010380622836,-0.024605920799692427,0.0629911572472126,-0.1929104190695886,-0.010396001537870049,0.09356401384083046,-0.09356401384083046,0.33685505574778934,-0.2761399461745483,-0.0629911572472126,0.13588619761630144,-0.044844290657439445,-0.08882737408688965,-0.06698961937716265,0.2364628988850442,0.05911572472126105,-0.11374086889657825,0.01384083044982699,0.13588619761630144,-0.05911572472126105,0.022206843521722412,0.03844675124951941,-0.022206843521722412,0.002214532871972318,0.3014225297962323,-0.0629911572472126,0.044844290657439445,-0.11909265667051133,-0.17279507881584008,0.19986159169550174,-0.08882737408688965,-0.09842368319876971,-0.024605920799692427,-0.024605920799692427,-0.03543252595155709,0.024605920799692427,0.03543252595155709,-0.03543252595155709,-0.05536332179930796,-0.21413302575932336,-0.13016532103037293,-0.019930795847750864,0.16000000000000003,,,,,0.013134748674929142,-0.028024038299918175,0.7878953814506531,-0.11593329161405563,0.12490055710077286,0.7969817519187927,-0.012389380484819412,0.0746268630027771,0.5502392053604126,-0.1908571422100067,0.1631205677986145,0.306772917509079,81.6778793334961,0.0640474185347557
EXPC2-037,132.16351328197945,43.99099353673923,-0.05911572472126105,-0.05911572472126105,0.03844675124951941,-0.2364628988850442,-0.03254133025759323,0.019930795847750864,-0.2599000384467512,0.17279507881584008,-0.04822760476739715,0.16000000000000003,-0.03543252595155709,-0.11909265667051133,-0.01384083044982699,0.05536332179930796,-0.2599000384467512,0.19986159169550174,0.07535563244905807,-0.16000000000000003,-0.13016532103037293,0.041584006151480196,-0.1085121107266436,0.06698961937716265,-0.01574778931180315,-0.012056901191849288,-0.17937716262975778,0.0271280276816609,0.024605920799692427,-0.1085121107266436,0.3278123798539023,-0.16633602460592078,0.010396001537870049,0.03844675124951941,0.05536332179930796,-0.12456747404844293,-0.08421376393694734,0.31009611687812383,0.05173394848135333,0.01384083044982699,0.024605920799692427,0.13016532103037293,-0.07972318339100345,0.002214532871972318,-0.006151480199923107,-0.022206843521722412,0.0271280276816609,0.2599000384467512,0.05173394848135333,0.0629911572472126,0.000984236831987697,-0.17279507881584008,0.21413302575932336,-0.03543252595155709,-0.0629911572472126,0.022206843521722412,-0.019930795847750864,-0.07972318339100345,-0.0005536332179930795,0.002214532871972318,-0.017777777777777778,-0.03844675124951941,-0.24415224913494812,-0.17937716262975778,-0.08882737408688965,0.14173010380622836,,,,,-0.008840924128890038,-0.011952191591262817,0.8287821412086487,-0.07855626195669174,0.07561235129833221,0.1418880671262741,0.07518994063138962,-0.07434555143117905,0.021670037880539894,-0.2032686471939087,0.1201353669166565,0.25102362036705017,124.0,0.025841593742370605
EXPC2-038,132.19513397998045,43.95074901201068,-0.01384083044982699,-0.12456747404844293,-0.003936947327950788,-0.17279507881584008,-0.024605920799692427,-0.003936947327950788,-0.15378700499807765,0.16000000000000003,-0.024605920799692427,0.15378700499807765,-0.03543252595155709,-0.12456747404844293,-0.03254133025759323,0.029773164167627833,-0.19986159169550174,0.2288965782391388,0.04822760476739715,-0.16000000000000003,-0.06698961937716265,0.06698961937716265,-0.09356401384083046,0.09842368319876971,-0.002214532871972318,0.05173394848135333,-0.186082276047674,-0.010396001537870049,0.08421376393694734,-0.13016532103037293,0.34602076124567477,-0.2519646289888504,-0.07972318339100345,0.09356401384083046,-0.019930795847750864,-0.1085121107266436,-0.06698961937716265,0.3014225297962323,0.09842368319876971,-0.05173394848135333,0.029773164167627833,0.13016532103037293,-0.11374086889657825,0.010396001537870049,0.024605920799692427,-0.03844675124951941,-0.029773164167627833,0.28444444444444444,-0.06698961937716265,0.08882737408688965,-0.04822760476739715,-0.14173010380622836,0.21413302575932336,-0.04822760476739715,-0.05536332179930796,0.022206843521722412,-0.03543252595155709,-0.09356401384083046,-0.06698961937716265,0.03543252595155709,0.006151480199923107,-0.04822760476739715,-0.2364628988850442,-0.16000000000000003,-0.041584006151480196,0.17937716262975778,,,,,-0.013755396008491516,-0.0009345794678665698,0.8476828336715698,-0.017123287543654442,0.07568438351154327,0.24048282206058502,0.19541984796524048,-0.17966102063655853,0.24244153499603271,-0.18350079655647278,0.2706660330295563,0.5397824645042419,91.5,0.025841593742370605
EXPC2-039,133.10386972139577,45.2414484122336,-0.017777777777777778,-0.0629911572472126,-0.07111111111111111,-0.15378700499807765,-0.017777777777777778,0.019930795847750864,-0.14769703960015382,0.14769703960015382,0.004982698961937716,0.09842368319876971,-0.01574778931180315,-0.14173010380622836,-0.08421376393694734,-0.019930795847750864,-0.16633602460592078,0.2364628988850442,0.05536332179930796,-0.12456747404844293,-0.024605920799692427,0.07972318339100345,-0.041584006151480196,0.16633602460592078,0.03543252595155709,0.01574778931180315,-0.2288965782391388,-0.01384083044982699,0.11909265667051133,-0.1085121107266436,0.36472126105344094,-0.24415224913494812,-0.04822760476739715,0.13588619761630144,-0.06698961937716265,-0.05911572472126105,-0.07111111111111111,0.29287197231833906,0.1085121107266436,-0.03844675124951941,0.004982698961937716,0.14769703960015382,-0.07972318339100345,0.017777777777777778,0.07111111111111111,0.006151480199923107,-0.004982698961937716,0.31009611687812383,-0.07535563244905807,0.09842368319876971,-0.06698961937716265,-0.13588619761630144,0.2069357939254133,-0.07972318339100345,-0.06698961937716265,-0.022206843521722412,-0.0629911572472126,-0.05536332179930796,-0.044844290657439445,0.06698961937716265,0.017777777777777778,-0.024605920799692427,-0.2069357939254133,-0.16633602460592078,-0.03543252595155709,0.1929104190695886,,,,,0.0004555808554869145,-0.009655172005295753,0.8250370621681213,-0.0721336379647255,0.12526842951774597,0.30890923738479614,0.04029304161667824,0.018433179706335068,0.0517549067735672,-0.48470208048820496,0.5321637392044067,0.8289703130722046,65.82918548583984,0.056132856756448746
EXPC2-040,132.5436803102188,44.58388162425811,-0.017777777777777778,-0.14769703960015382,-0.08882737408688965,-0.13016532103037293,-0.017777777777777778,0.03844675124951941,-0.07535563244905807,0.13588619761630144,-0.000984236831987697,0.11909265667051133,-0.05911572472126105,-0.13588619761630144,-0.03844675124951941,-0.010396001537870049,-0.1085121107266436,0.2599000384467512,0.0271280276816609,-0.13016532103037293,-0.017777777777777778,0.09842368319876971,-0.03844675124951941,0.15378700499807765,-0.041584006151480196,0.04822760476739715,-0.19986159169550174,0.0015378700499807767,0.17279507881584008,-0.186082276047674,0.3014225297962323,-0.2761399461745483,-0.11374086889657825,0.2288965782391388,-0.09356401384083046,-0.09842368319876971,-0.0629911572472126,0.22145328719723184,0.08421376393694734,-0.08421376393694734,0.01574778931180315,0.11374086889657825,-0.07111111111111111,0.01384083044982699,0.05536332179930796,-0.029773164167627833,-0.010396001537870049,0.3014225297962323,-0.11909265667051133,0.10340638216070744,-0.09356401384083046,-0.16633602460592078,0.19986159169550174,-0.07111111111111111,-0.07535563244905807,0.008858131487889272,-0.05536332179930796,-0.03844675124951941,-0.022206843521722412,0.029773164167627833,0.024605920799692427,-0.01574778931180315,-0.17279507881584008,-0.13588619761630144,-0.003014225297962322,0.21413302575932336,,,,,-0.011959302239120007,0.0034207524731755257,0.8516057729721069,-0.31413140892982483,0.38498789072036743,0.7636176943778992,-0.2195121943950653,0.2583380341529846,0.33453238010406494,-0.06973180174827576,0.07186544686555862,0.6770334839820862,68.0,0.06434763222932816
EXPC2-041,134.84911665538317,48.41034540849363,0.01384083044982699,-0.05536332179930796,0.044844290657439445,-0.3014225297962323,-0.000984236831987697,0.07535563244905807,-0.24415224913494812,0.19986159169550174,-0.03543252595155709,0.12456747404844293,0.09356401384083046,-0.17279507881584008,-0.004982698961937716,-0.06698961937716265,-0.2599000384467512,0.13588619761630144,0.11909265667051133,-0.08882737408688965,0.03844675124951941,0.07111111111111111,-0.03543252595155709,0.05536332179930796,0.08882737408688965,-0.012056901191849288,-0.16633602460592078,0.03254133025759323,0.07535563244905807,-0.11909265667051133,0.29287197231833906,-0.08421376393694734,0.044844290657439445,0.003014225297962322,0.03844675124951941,-0.08882737408688965,-0.14769703960015382,0.33685505574778934,0.1085121107266436,-0.010396001537870049,0.11374086889657825,0.1085121107266436,0.006151480199923107,0.029773164167627833,0.029773164167627833,0.004982698961937716,-0.007443291041906958,0.2679584775086506,-0.022206843521722412,0.022206843521722412,0.05911572472126105,-0.2364628988850442,0.21413302575932336,-0.06698961937716265,-0.05536332179930796,-0.07111111111111111,0.022206843521722412,-0.08882737408688965,-0.004982698961937716,0.1085121107266436,0.012056901191849288,-0.044844290657439445,-0.2069357939254133,-0.11909265667051133,-0.11909265667051133,0.01574778931180315,,,,,0.03558095172047615,-0.09120102971792221,0.6451097130775452,0.0826931744813919,-0.1811683475971222,-0.25823378562927246,0.1062459722161293,-0.19972066581249237,-0.3572630286216736,0.09090909361839294,-0.1869601607322693,0.38130176067352295,31.5,0.04811146482825279
EXPC2-042,132.74885552111172,45.35463613803266,-0.03254133025759323,-0.14173010380622836,-0.10340638216070744,-0.16000000000000003,-0.044844290657439445,0.024605920799692427,-0.16000000000000003,0.11374086889657825,-0.05536332179930796,0.14769703960015382,-0.012056901191849288,-0.14173010380622836,-0.05173394848135333,-0.03543252595155709,-0.22145328719723184,0.2519646289888504,0.029773164167627833,-0.17937716262975778,-0.041584006151480196,0.09842368319876971,-0.11374086889657825,0.07111111111111111,-0.006151480199923107,-0.003014225297962322,-0.21413302575932336,0.03844675124951941,0.04822760476739715,-0.07972318339100345,0.29287197231833906,-0.2069357939254133,-0.07111111111111111,0.0629911572472126,-0.010396001537870049,-0.10340638216070744,-0.024605920799692427,0.2519646289888504,0.12456747404844293,-0.05536332179930796,-0.012056901191849288,0.2288965782391388,-0.10340638216070744,0.07535563244905807,0.05536332179930796,-0.03844675124951941,-0.010396001537870049,0.29287197231833906,-0.09356401384083046,0.07111111111111111,-0.041584006151480196,-0.14769703960015382,0.21413302575932336,-0.0629911572472126,-0.07972318339100345,-0.06698961937716265,0.004982698961937716,-0.044844290657439445,0.03844675124951941,0.09356401384083046,-0.019930795847750864,0.01384083044982699,-0.186082276047674,-0.186082276047674,-0.09842368319876971,0.19986159169550174,,,,,-0.0023480900563299656,-0.018594317138195038,0.8539710640907288,-0.20774385333061218,0.2575017511844635,0.7310278415679932,-0.07738867402076721,-0.013776722364127636,0.6105508208274841,-0.048668503761291504,-0.03703703731298447,0.625,71.20069885253906,0.09055157005786896
EXPC2-043,129.6385286813763,43.18610304216814,0.022206843521722412,-0.09842368319876971,0.0629911572472126,-0.21413302575932336,-0.0629911572472126,0.03543252595155709,-0.11374086889657825,0.14173010380622836,-0.0271280276816609,0.14173010380622836,0.041584006151480196,-0.14173010380622836,0.03254133025759323,-0.024605920799692427,-0.17937716262975778,0.186082276047674,0.11374086889657825,-0.21413302575932336,-0.04822760476739715,0.05536332179930796,-0.05173394848135333,0.04822760476739715,0.0271280276816609,0.03844675124951941,-0.24415224913494812,0.003936947327950788,0.08421376393694734,-0.14769703960015382,0.28444444444444444,-0.186082276047674,-0.07111111111111111,0.16633602460592078,0.03543252595155709,-0.13016532103037293,-0.04822760476739715,0.2761399461745483,0.1085121107266436,-0.11374086889657825,-0.012056901191849288,0.17937716262975778,-0.07535563244905807,-0.008858131487889272,0.06698961937716265,0.017777777777777778,-0.0271280276816609,0.2679584775086506,-0.07111111111111111,0.09356401384083046,-0.0629911572472126,-0.21413302575932336,0.14769703960015382,-0.004982698961937716,-0.07111111111111111,0.03844675124951941,-0.01574778931180315,-0.06698961937716265,-0.044844290657439445,0.05173394848135333,0.010396001537870049,-0.003936947327950788,-0.24415224913494812,-0.186082276047674,-0.03543252595155709,0.22145328719723184,-19.60379410001392,-26.22178037298701,-19.45718613252683,-26.673616036630904,0.00951013807207346,-0.03685956448316574,0.7993802428245544,-0.0029120559338480234,0.11134181171655655,0.5160205364227295,-0.06093411520123482,0.09237667918205261,0.43406593799591064,-0.5183349847793579,0.5462185144424438,0.7902702689170837,162.8002166748047,0.08988232165575027
EXPC2-044,132.72406201927,42.904391369068264,0.0271280276816609,-0.08421376393694734,0.002214532871972318,-0.21413302575932336,-0.05536332179930796,0.07972318339100345,-0.14173010380622836,0.17937716262975778,0.00024605920799692423,0.14173010380622836,-0.010396001537870049,-0.13588619761630144,-0.019930795847750864,-0.05911572472126105,-0.07972318339100345,0.16633602460592078,0.07972318339100345,-0.17279507881584008,-0.019930795847750864,0.05911572472126105,-0.022206843521722412,0.13016532103037293,-0.012056901191849288,0.09842368319876971,-0.2519646289888504,0.008858131487889272,0.09842368319876971,-0.2364628988850442,0.28444444444444444,-0.1929104190695886,-0.07972318339100345,0.22145328719723184,0.03844675124951941,-0.14173010380622836,-0.03543252595155709,0.2519646289888504,0.12456747404844293,-0.06698961937716265,-0.029773164167627833,0.13016532103037293,-0.08421376393694734,-0.003936947327950788,0.08421376393694734,-0.002214532871972318,0.03844675124951941,0.31009611687812383,-0.05173394848135333,0.14769703960015382,-0.01574778931180315,-0.16633602460592078,0.11909265667051133,0.019930795847750864,-0.07972318339100345,0.03543252595155709,-0.041584006151480196,-0.07972318339100345,-0.01574778931180315,0.07535563244905807,0.044844290657439445,0.01574778931180315,-0.186082276047674,-0.17937716262975778,-0.05911572472126105,0.19986159169550174,,,,,,,,,,,,,,,,,,
EXPC2-045,132.84084300620555,48.018679944617524,-0.05911572472126105,-0.15378700499807765,0.03543252595155709,-0.29287197231833906,-0.06698961937716265,-0.05911572472126105,-0.24415224913494812,0.186082276047674,-0.012056901191849288,0.14769703960015382,0.04822760476739715,-0.0629911572472126,0.012056901191849288,0.010396001537870049,-0.2069357939254133,0.2069357939254133,0.07535563244905807,-0.13588619761630144,-0.1085121107266436,0.03543252595155709,-0.05536332179930796,0.10340638216070744,-0.017777777777777778,-0.006151480199923107,-0.19986159169550174,-0.04822760476739715,0.003936947327950788,0.029773164167627833,0.37425605536332185,-0.15378700499807765,-0.05536332179930796,0.022206843521722412,-0.044844290657439445,-0.05536332179930796,-0.1085121107266436,0.29287197231833906,0.08882737408688965,-0.07535563244905807,0.003936947327950788,0.10340638216070744,-0.041584006151480196,-0.01574778931180315,-0.002214532871972318,0.044844290657439445,0.008858131487889272,0.33685505574778934,0.05911572472126105,-0.022206843521722412,-0.03543252595155709,-0.16633602460592078,0.186082276047674,-0.05173394848135333,-0.05911572472126105,-0.05173394848135333,-0.041584006151480196,-0.022206843521722412,0.01574778931180315,0.029773164167627833,0.0271280276816609,-0.11374086889657825,-0.24415224913494812,-0.09356401384083046,0.006151480199923107,0.06698961937716265,,,,,0.013966480270028114,-0.03708112612366676,0.786045491695404,-0.11367570608854294,0.19370079040527344,0.36126908659935,-0.014084506779909134,0.0011890606256201863,0.06852792203426361,-0.15340010821819305,0.12527233362197876,0.016232168301939964,46.0,0.275692880153656
EXPC2-046,134.769705584267,48.58677453029471,-0.029773164167627833,-0.13016532103037293,-0.041584006151480196,-0.2069357939254133,-0.003936947327950788,-0.024605920799692427,-0.17279507881584008,0.16633602460592078,-0.003936947327950788,0.12456747404844293,0.01574778931180315,-0.13588619761630144,-0.007443291041906958,-0.03844675124951941,-0.19986159169550174,0.2599000384467512,0.08882737408688965,-0.11374086889657825,-0.029773164167627833,0.07535563244905807,-0.05173394848135333,0.15378700499807765,0.007443291041906958,0.0271280276816609,-0.21413302575932336,-0.03254133025759323,0.05911572472126105,-0.06698961937716265,0.3553094963475586,-0.2069357939254133,-0.04822760476739715,0.09356401384083046,-0.07111111111111111,-0.06698961937716265,-0.07535563244905807,0.29287197231833906,0.08882737408688965,-0.1085121107266436,0.004982698961937716,0.11374086889657825,-0.029773164167627833,0.017777777777777778,0.044844290657439445,0.01574778931180315,-0.003936947327950788,0.3188927335640138,-0.03543252595155709,0.010396001537870049,-0.08421376393694734,-0.2069357939254133,0.19986159169550174,-0.07972318339100345,-0.10340638216070744,-0.024605920799692427,-0.03543252595155709,-0.07972318339100345,-0.03254133025759323,0.041584006151480196,0.03254133025759323,-0.06698961937716265,-0.19986159169550174,-0.15378700499807765,-0.03844675124951941,0.14173010380622836,,,,,0.01584169827401638,-0.025842366740107536,0.7940859198570251,-0.09116409718990326,0.07527648657560349,0.30844366550445557,-0.02826855145394802,0.19941775500774384,0.26574501395225525,-0.2714078426361084,0.3037447929382324,0.04097452759742737,32.0,0.04811146482825279
EXPC2-047,134.4283457763016,45.92776128930092,-0.019930795847750864,-0.12456747404844293,0.008858131487889272,-0.2679584775086506,-0.017777777777777778,-0.03844675124951941,-0.17937716262975778,0.10340638216070744,-0.007443291041906958,0.14769703960015382,-0.004982698961937716,-0.09356401384083046,0.01384083044982699,-0.019930795847750864,-0.2364628988850442,0.24415224913494812,0.09356401384083046,-0.13016532103037293,-0.07535563244905807,0.03543252595155709,-0.029773164167627833,0.11374086889657825,-0.04822760476739715,0.010396001537870049,-0.2288965782391388,-0.019930795847750864,0.05911572472126105,-0.01384083044982699,0.37425605536332185,-0.24415224913494812,0.003936947327950788,0.04822760476739715,-0.003014225297962322,-0.09842368319876971,-0.06698961937716265,0.28444444444444444,0.0629911572472126,-0.08882737408688965,0.019930795847750864,0.14173010380622836,-0.07111111111111111,-0.01384083044982699,-0.00024605920799692423,0.01574778931180315,0.044844290657439445,0.3188927335640138,-0.006151480199923107,-0.000984236831987697,-0.05911572472126105,-0.17937716262975778,0.15378700499807765,-0.03543252595155709,-0.0629911572472126,-0.019930795847750864,-0.019930795847750864,-0.007443291041906958,0.029773164167627833,0.01384083044982699,0.0271280276816609,-0.11909265667051133,-0.2364628988850442,-0.14769703960015382,-0.0271280276816609,0.16000000000000003,,,,,0.0032269249204546213,-0.01604364812374115,0.8135204911231995,-0.11145351827144623,0.10036401450634003,0.4153846204280853,-0.17282377183437347,0.15230634808540344,0.31479641795158386,-0.07412587106227875,0.07412587106227875,-0.0599755197763443,102.34042358398438,0.285160630941391
EXPC2-048,130.16601941621127,47.29212254282165,-0.029773164167627833,-0.09356401384083046,0.17279507881584008,-0.3278123798539023,-0.024605920799692427,0.05911572472126105,-0.31009611687812383,0.16000000000000003,-0.07535563244905807,0.03844675124951941,0.2288965782391388,-0.09356401384083046,0.07111111111111111,0.04822760476739715,-0.2761399461745483,-0.006151480199923107,0.1085121107266436,0.0271280276816609,-0.11909265667051133,0.07111111111111111,-0.01384083044982699,-0.022206843521722412,0.1085121107266436,-0.044844290657439445,-0.12456747404844293,0.1929104190695886,0.012056901191849288,-0.024605920799692427,0.3188927335640138,-0.01574778931180315,0.019930795847750864,-0.05911572472126105,0.010396001537870049,-0.044844290657439445,-0.08882737408688965,0.2364628988850442,-0.01574778931180315,-0.007443291041906958,0.14769703960015382,0.13588619761630144,-0.07535563244905807,-0.09356401384083046,-0.0005536332179930795,0.022206843521722412,-0.05911572472126105,0.19986159169550174,0.16000000000000003,-0.000984236831987697,0.08421376393694734,-0.14769703960015382,0.2069357939254133,0.03543252595155709,-0.024605920799692427,-0.07111111111111111,0.08882737408688965,-0.03844675124951941,0.024605920799692427,0.010396001537870049,-0.03844675124951941,-0.15378700499807765,-0.19986159169550174,-0.09356401384083046,-0.1085121107266436,-0.029773164167627833,,,,,-0.11086778342723846,0.09223029762506485,0.6112141609191895,0.03255387395620346,-0.07673918455839157,-0.2396140992641449,0.08767875283956528,-0.2096385508775711,-0.4252336323261261,0.08036012202501297,-0.19337016344070435,-0.16059793531894684,137.98553466796875,0.16319327056407928
EXPC2-049,130.81639968191382,45.36361929087386,-0.041584006151480196,-0.14173010380622836,0.17279507881584008,-0.29287197231833906,-0.017777777777777778,-0.05911572472126105,-0.3188927335640138,0.22145328719723184,-0.06698961937716265,0.04822760476739715,0.21413302575932336,-0.11909265667051133,-0.0005536332179930795,-0.05536332179930796,-0.186082276047674,-0.04822760476739715,0.09356401384083046,0.03844675124951941,-0.09356401384083046,0.08882737408688965,-0.07111111111111111,0.0271280276816609,0.11374086889657825,-0.0271280276816609,-0.04822760476739715,0.186082276047674,-0.041584006151480196,-0.022206843521722412,0.3014225297962323,-0.07972318339100345,0.044844290657439445,-0.07972318339100345,-0.007443291041906958,0.0015378700499807767,0.05536332179930796,0.28444444444444444,0.03254133025759323,0.019930795847750864,0.08882737408688965,0.03844675124951941,-0.07111111111111111,-0.06698961937716265,-0.0629911572472126,0.07535563244905807,0.019930795847750864,0.24415224913494812,0.2069357939254133,-0.05173394848135333,0.1085121107266436,-0.1085121107266436,0.186082276047674,0.05173394848135333,-0.10340638216070744,0.044844290657439445,0.14769703960015382,-0.09842368319876971,0.044844290657439445,0.03543252595155709,-0.09356401384083046,-0.14769703960015382,-0.17279507881584008,-0.012056901191849288,-0.07111111111111111,-0.10340638216070744,,,,,0.08858267962932587,-0.13883645832538605,0.4133220613002777,0.17833982408046722,-0.2578746974468231,-0.3084986209869385,0.4115614593029022,-0.3890414535999298,-0.30331045389175415,0.35405564308166504,-0.38187310099601746,-0.32497525215148926,231.23243713378906,0.1618894636631012
EXPC2-050,130.80597922461803,46.75852326405465,-0.044844290657439445,0.024605920799692427,0.15378700499807765,-0.3278123798539023,0.022206843521722412,0.01384083044982699,-0.28444444444444444,0.2519646289888504,0.01384083044982699,-0.006151480199923107,0.15378700499807765,-0.01384083044982699,-0.012056901191849288,0.08421376393694734,-0.1929104190695886,0.09842368319876971,0.05536332179930796,0.029773164167627833,-0.05911572472126105,0.03844675124951941,-0.03844675124951941,-0.010396001537870049,0.15378700499807765,-0.0629911572472126,-0.09356401384083046,0.11374086889657825,0.07111111111111111,-0.08882737408688965,0.2679584775086506,-0.10340638216070744,-0.007443291041906958,-0.13016532103037293,-0.008858131487889272,0.029773164167627833,-0.019930795847750864,0.31009611687812383,0.0271280276816609,0.022206843521722412,0.06698961937716265,0.08421376393694734,-0.05536332179930796,0.010396001537870049,-0.03844675124951941,-0.05173394848135333,-0.10340638216070744,0.2761399461745483,0.22145328719723184,-0.03543252595155709,0.07972318339100345,-0.13588619761630144,0.2761399461745483,0.0271280276816609,-0.0629911572472126,0.007443291041906958,0.044844290657439445,-0.03543252595155709,0.004982698961937716,0.07535563244905807,-0.024605920799692427,-0.17279507881584008,-0.2069357939254133,-0.07535563244905807,-0.07111111111111111,-0.11374086889657825,,,,,0.01820887066423893,-0.03243650868535042,0.7292161583900452,0.12114771455526352,-0.20709381997585297,-0.34730398654937744,0.4510739743709564,-0.4095826745033264,-0.10460005700588226,0.36523929238319397,-0.44302448630332947,-0.28011012077331543,139.4918212890625,0.0630452111363411
EXPC2-051,130.34676045137613,42.64172397999171,0.019930795847750864,-0.1085121107266436,0.2519646289888504,-0.2069357939254133,-0.000984236831987697,0.15378700499807765,-0.13588619761630144,0.17937716262975778,-0.08882737408688965,0.13588619761630144,0.22145328719723184,-0.08882737408688965,0.08421376393694734,-0.012056901191849288,-0.09842368319876971,-0.09356401384083046,0.000984236831987697,-0.10340638216070744,0.041584006151480196,-0.010396001537870049,-0.09842368319876971,-0.05536332179930796,-0.044844290657439445,-0.05536332179930796,-0.10340638216070744,0.07535563244905807,0.17937716262975778,-0.2069357939254133,0.05536332179930796,-0.1085121107266436,0.11374086889657825,0.12456747404844293,0.0629911572472126,-0.008858131487889272,-0.2679584775086506,0.15378700499807765,-0.06698961937716265,-0.029773164167627833,0.16633602460592078,0.1085121107266436,0.13588619761630144,0.09842368319876971,0.15378700499807765,-0.017777777777777778,0.002214532871972318,0.11909265667051133,0.07972318339100345,-0.0005536332179930795,0.17937716262975778,-0.31009611687812383,0.05536332179930796,0.11909265667051133,-0.044844290657439445,-0.01574778931180315,-0.022206843521722412,-0.22145328719723184,0.1085121107266436,-0.07972318339100345,0.03844675124951941,-0.08882737408688965,-0.2069357939254133,-0.07972318339100345,-0.21413302575932336,-0.03254133025759323,-21.37433700623546,-29.693788308718357,-18.236011665201865,-27.450151590910377,0.08320413529872894,-0.18485020101070404,-0.2411857545375824,0.08438818901777267,-0.17396269738674164,-0.25710374116897583,0.07891891896724701,-0.15687790513038635,-0.20827285945415497,0.07923497259616852,-0.1806463599205017,-0.25974684953689575,14.0,0.31866714358329773
EXPC2-052,132.30257248796113,42.96224287336556,0.041584006151480196,-0.2679584775086506,0.029773164167627833,-0.1929104190695886,-0.017777777777777778,-0.07972318339100345,-0.2599000384467512,0.0629911572472126,0.008858131487889272,0.1085121107266436,0.14769703960015382,0.09842368319876971,0.03543252595155709,-0.08882737408688965,-0.08421376393694734,-0.2069357939254133,0.08882737408688965,0.16633602460592078,-0.1929104190695886,-0.012056901191849288,-0.0629911572472126,0.15378700499807765,-0.13016532103037293,0.11374086889657825,-0.1929104190695886,-0.007443291041906958,-0.16633602460592078,-0.14769703960015382,0.2519646289888504,-0.010396001537870049,-0.019930795847750864,0.16000000000000003,0.041584006151480196,-0.2069357939254133,-0.15378700499807765,0.13016532103037293,-0.09356401384083046,-0.0015378700499807767,0.19986159169550174,0.22145328719723184,-0.004982698961937716,-0.05536332179930796,0.1085121107266436,-0.03543252595155709,0.11909265667051133,0.12456747404844293,0.07111111111111111,0.07111111111111111,0.10340638216070744,-0.17937716262975778,0.03543252595155709,0.16000000000000003,0.05173394848135333,0.012056901191849288,0.006151480199923107,-0.12456747404844293,-0.000984236831987697,-0.010396001537870049,-0.13588619761630144,-0.05911572472126105,0.0005536332179930795,-0.1085121107266436,-0.09356401384083046,0.17937716262975778,,,,,,,,,,,,,,,,,,
EXPC2-053,133.02302134582501,45.63958174615538,-0.017777777777777778,0.09356401384083046,0.09356401384083046,-0.3839138792772011,0.07972318339100345,0.07535563244905807,-0.2288965782391388,0.13588619761630144,-0.09842368319876971,0.05173394848135333,0.0629911572472126,-0.11909265667051133,-0.1085121107266436,0.019930795847750864,-0.3278123798539023,0.16000000000000003,0.05911572472126105,-0.03254133025759323,-0.006151480199923107,0.05173394848135333,-0.05536332179930796,0.019930795847750864,0.09356401384083046,-0.11909265667051133,-0.029773164167627833,0.24415224913494812,0.07111111111111111,-0.05173394848135333,0.37425605536332185,-0.07535563244905807,0.05536332179930796,-0.07535563244905807,-0.01384083044982699,0.012056901191849288,-0.012056901191849288,0.2761399461745483,0.06698961937716265,0.06698961937716265,0.0629911572472126,0.07111111111111111,0.01574778931180315,-0.019930795847750864,-0.041584006151480196,-0.07535563244905807,0.01384083044982699,0.2364628988850442,0.13016532103037293,-0.008858131487889272,0.09356401384083046,-0.05173394848135333,0.14769703960015382,-0.04822760476739715,0.017777777777777778,-0.07111111111111111,0.05536332179930796,-0.05536332179930796,-0.017777777777777778,-0.05173394848135333,0.07972318339100345,-0.1929104190695886,-0.2069357939254133,-0.0629911572472126,-0.07972318339100345,-0.01574778931180315,,,,,-0.006499011069536209,-0.007738607004284859,0.8005461096763611,0.19086460769176483,-0.24502559006214142,-0.31757450103759766,0.3456842005252838,-0.3793698847293854,-0.4454300105571747,0.28677839040756226,-0.3977243900299072,-0.4324517548084259,69.25090026855469,0.056132856756448746
EXPC2-054,130.42293758746945,45.836851782548024,-0.03844675124951941,-0.14769703960015382,0.14173010380622836,-0.14173010380622836,-0.04822760476739715,0.006151480199923107,-0.3188927335640138,0.2364628988850442,-0.07111111111111111,0.022206843521722412,0.28444444444444444,-0.13016532103037293,0.09356401384083046,0.022206843521722412,-0.19986159169550174,-0.1085121107266436,0.05536332179930796,0.05536332179930796,-0.1085121107266436,0.07972318339100345,-0.0629911572472126,-0.09356401384083046,0.08882737408688965,-0.07111111111111111,-0.03543252595155709,0.34602076124567477,0.11374086889657825,-0.0015378700499807767,0.24415224913494812,-0.08421376393694734,-0.03254133025759323,-0.029773164167627833,-0.0629911572472126,0.03543252595155709,-0.006151480199923107,0.22145328719723184,-0.0271280276816609,-0.041584006151480196,0.13588619761630144,0.09842368319876971,-0.0629911572472126,-0.16633602460592078,0.029773164167627833,0.03254133025759323,-0.06698961937716265,0.19986159169550174,0.186082276047674,0.004982698961937716,0.08882737408688965,-0.12456747404844293,0.1929104190695886,0.06698961937716265,-0.01574778931180315,-0.019930795847750864,0.13016532103037293,-0.07111111111111111,0.07972318339100345,0.1085121107266436,-0.11374086889657825,-0.15378700499807765,-0.13016532103037293,0.007443291041906958,-0.09356401384083046,0.012056901191849288,,,,,0.04956268146634102,-0.09974034130573273,0.13674059510231018,0.1057729572057724,-0.1370517909526825,-0.2724218964576721,0.21484653651714325,-0.20197740197181702,-0.19658727943897247,0.10310841351747513,-0.1447678953409195,-0.202055424451828,234.18881225585938,0.1618894636631012
EXPC2-055,133.3295265207666,45.6352698327916,-0.024605920799692427,0.05911572472126105,0.044844290657439445,-0.37425605536332185,0.08421376393694734,0.08421376393694734,-0.24415224913494812,0.1085121107266436,-0.10340638216070744,0.1085121107266436,-0.003014225297962322,-0.14173010380622836,-0.1085121107266436,0.04822760476739715,-0.3188927335640138,0.17279507881584008,0.07535563244905807,-0.03543252595155709,-0.03254133025759323,0.07111111111111111,-0.07972318339100345,0.03254133025759323,0.04822760476739715,-0.12456747404844293,-0.044844290657439445,0.24415224913494812,0.05536332179930796,-0.03844675124951941,0.36472126105344094,-0.06698961937716265,0.04822760476739715,-0.07535563244905807,-0.05911572472126105,-0.05536332179930796,-0.000984236831987697,0.3014225297962323,0.08882737408688965,0.03844675124951941,0.05536332179930796,0.08421376393694734,0.010396001537870049,-0.05536332179930796,-0.09842368319876971,-0.03543252595155709,0.06698961937716265,0.24415224913494812,0.13588619761630144,-0.05911572472126105,0.05173394848135333,-0.05536332179930796,0.16000000000000003,-0.08882737408688965,0.041584006151480196,-0.044844290657439445,0.03254133025759323,-0.05536332179930796,-0.04822760476739715,-0.01384083044982699,0.08421376393694734,-0.14173010380622836,-0.16633602460592078,-0.03844675124951941,-0.05911572472126105,-0.05173394848135333,,,,,0.030052425339818,-0.042990654706954956,0.7436316609382629,0.16958479583263397,-0.254291832447052,-0.3065602481365204,0.2198820561170578,-0.2928571403026581,-0.4052937924861908,0.21488447487354279,-0.30164292454719543,-0.3452454209327698,65.91181945800781,0.056132856756448746
EXPC2-056,130.46174480774343,46.669410387869995,-0.0629911572472126,-0.017777777777777778,0.16000000000000003,-0.31009611687812383,-0.03543252595155709,-0.06698961937716265,-0.3188927335640138,0.2069357939254133,-0.022206843521722412,0.05173394848135333,0.2069357939254133,-0.12456747404844293,0.07535563244905807,-0.010396001537870049,-0.28444444444444444,0.012056901191849288,0.13016532103037293,0.14173010380622836,-0.10340638216070744,-0.022206843521722412,-0.03844675124951941,-0.029773164167627833,0.08882737408688965,-0.08882737408688965,-0.09842368319876971,0.2599000384467512,-0.019930795847750864,-0.000984236831987697,0.3014225297962323,-0.044844290657439445,0.11909265667051133,-0.07535563244905807,0.0629911572472126,0.024605920799692427,-0.08421376393694734,0.2288965782391388,-0.09842368319876971,0.041584006151480196,0.14173010380622836,0.17279507881584008,-0.007443291041906958,-0.05173394848135333,0.01384083044982699,-0.0271280276816609,-0.08882737408688965,0.17279507881584008,0.07535563244905807,0.07972318339100345,0.024605920799692427,-0.16000000000000003,0.2069357939254133,0.022206843521722412,0.03543252595155709,-0.01574778931180315,0.07111111111111111,-0.029773164167627833,0.003936947327950788,0.05536332179930796,-0.012056901191849288,-0.09356401384083046,-0.16000000000000003,-0.07972318339100345,-0.11374086889657825,-0.03844675124951941,,,,,0.013737061060965061,-0.010364942252635956,0.5562125444412231,0.04923076927661896,-0.08555511385202408,-0.28931498527526855,0.20473995804786682,-0.1798839420080185,-0.20895522832870483,0.09902475774288177,-0.17883725464344025,-0.27559894323349,176.69964599609375,0.0630452111363411
EXPC2-057,132.25765672375516,43.351393054446135,0.041584006151480196,0.008858131487889272,0.2519646289888504,-0.39369473279507883,0.007443291041906958,0.14173010380622836,-0.19986159169550174,0.11374086889657825,-0.09356401384083046,0.15378700499807765,0.0629911572472126,-0.09842368319876971,-0.05536332179930796,0.05173394848135333,-0.2288965782391388,0.03254133025759323,0.08421376393694734,0.04822760476739715,-0.07535563244905807,-0.08421376393694734,-0.029773164167627833,-0.044844290657439445,-0.006151480199923107,-0.05911572472126105,-0.11909265667051133,0.12456747404844293,-0.044844290657439445,-0.14769703960015382,0.13016532103037293,-0.012056901191849288,0.09356401384083046,0.06698961937716265,0.19986159169550174,-0.13016532103037293,-0.13016532103037293,0.2069357939254133,-0.04822760476739715,-0.003936947327950788,0.05911572472126105,0.09842368319876971,0.09356401384083046,0.008858131487889272,-0.017777777777777778,-0.003014225297962322,0.07535563244905807,0.09842368319876971,0.19986159169550174,-0.05911572472126105,0.17937716262975778,-0.2599000384467512,0.11909265667051133,0.1085121107266436,0.05911572472126105,0.024605920799692427,0.012056901191849288,-0.13016532103037293,0.022206843521722412,0.01574778931180315,0.12456747404844293,0.044844290657439445,-0.21413302575932336,-0.13588619761630144,-0.2364628988850442,-0.08421376393694734,,,,,0.07254856079816818,-0.1608409285545349,0.3259955942630768,0.12165536731481552,-0.2636655867099762,-0.4106482267379761,0.09545614570379257,-0.1977662295103073,-0.29347917437553406,0.08552845567464828,-0.22607897222042084,-0.2774348556995392,38.65363693237305,0.025841593742370605
EXPC2-058,132.69603458240547,47.95076730913809,0.07111111111111111,0.1085121107266436,0.07972318339100345,-0.3278123798539023,0.15378700499807765,0.17279507881584008,-0.2069357939254133,0.12456747404844293,-0.06698961937716265,0.11909265667051133,0.09356401384083046,-0.17279507881584008,-0.15378700499807765,0.029773164167627833,-0.29287197231833906,0.21413302575932336,0.17937716262975778,-0.0005536332179930795,0.022206843521722412,-0.022206843521722412,-0.022206843521722412,-0.0629911572472126,0.11374086889657825,-0.1085121107266436,-0.003014225297962322,0.14173010380622836,0.14173010380622836,-0.11374086889657825,0.2599000384467512,-0.007443291041906958,0.07972318339100345,-0.03543252595155709,0.06698961937716265,-0.08882737408688965,-0.11374086889657825,0.22145328719723184,0.07535563244905807,0.07535563244905807,0.11374086889657825,0.10340638216070744,0.08882737408688965,-0.05173394848135333,0.0271280276816609,-0.03254133025759323,0.017777777777777778,0.14173010380622836,0.03844675124951941,-0.07535563244905807,0.09356401384083046,-0.1085121107266436,0.186082276047674,-0.11374086889657825,0.09842368319876971,-0.03254133025759323,0.05911572472126105,-0.09842368319876971,-0.08882737408688965,-0.041584006151480196,0.16000000000000003,-0.008858131487889272,-0.2288965782391388,-0.07972318339100345,-0.13016532103037293,-0.0629911572472126,,,,,0.012687703594565392,-0.02765912376344204,0.8350008726119995,0.11945854127407074,-0.24081020057201385,-0.3474125564098358,0.10113237053155899,-0.209781214594841,-0.38358572125434875,0.10769230872392654,-0.23428571224212646,-0.29030123353004456,47.0,0.014508984982967377
EXPC2-059,132.28245022559685,45.67371772695192,0.03254133025759323,0.03844675124951941,0.0271280276816609,-0.3188927335640138,0.06698961937716265,0.017777777777777778,-0.2679584775086506,0.13016532103037293,-0.017777777777777778,0.004982698961937716,0.0271280276816609,-0.1085121107266436,-0.15378700499807765,0.09356401384083046,-0.2599000384467512,0.24415224913494812,0.022206843521722412,-0.08421376393694734,0.01384083044982699,0.044844290657439445,-0.03844675124951941,0.1085121107266436,0.09356401384083046,-0.03254133025759323,-0.11374086889657825,0.03543252595155709,0.12456747404844293,-0.10340638216070744,0.37425605536332185,-0.14173010380622836,0.06698961937716265,-0.11909265667051133,-0.04822760476739715,-0.03254133025759323,-0.06698961937716265,0.3278123798539023,0.08882737408688965,0.09356401384083046,0.08421376393694734,0.06698961937716265,0.004982698961937716,0.024605920799692427,-0.04822760476739715,-0.024605920799692427,0.041584006151480196,0.17937716262975778,0.08882737408688965,0.05911572472126105,0.08882737408688965,-0.08882737408688965,0.2364628988850442,-0.16000000000000003,-0.03543252595155709,-0.03844675124951941,-0.01384083044982699,-0.05173394848135333,-0.09842368319876971,-0.08421376393694734,0.04822760476739715,-0.1085121107266436,-0.22145328719723184,-0.01384083044982699,-0.05536332179930796,0.029773164167627833,,,,,0.009545326232910156,-0.03623398393392563,0.8413823843002319,0.23040752112865448,-0.34995701909065247,-0.3960053324699402,0.2792665660381317,-0.37009063363075256,-0.5269427299499512,0.14916467666625977,-0.255541056394577,-0.26417526602745056,96.3277816772461,0.09055157005786896
EXPC2-060,134.09740642563196,47.570240954785056,0.01574778931180315,0.07111111111111111,0.09356401384083046,-0.34602076124567477,0.11374086889657825,0.09356401384083046,-0.24415224913494812,0.12456747404844293,-0.04822760476739715,-0.03844675124951941,0.09842368319876971,-0.14769703960015382,-0.13016532103037293,0.029773164167627833,-0.2519646289888504,0.186082276047674,0.07972318339100345,-0.024605920799692427,0.019930795847750864,0.07972318339100345,-0.019930795847750864,0.029773164167627833,0.12456747404844293,-0.13016532103037293,-0.07535563244905807,0.22145328719723184,0.11374086889657825,-0.10340638216070744,0.39369473279507883,-0.03844675124951941,0.07535563244905807,-0.08421376393694734,-0.06698961937716265,-0.017777777777777778,-0.10340638216070744,0.29287197231833906,0.05173394848135333,0.08882737408688965,0.0629911572472126,0.07972318339100345,0.0271280276816609,-0.012056901191849288,-0.0629911572472126,-0.10340638216070744,0.017777777777777778,0.17937716262975778,0.09356401384083046,-0.0271280276816609,0.07111111111111111,-0.044844290657439445,0.1929104190695886,-0.14769703960015382,-0.03254133025759323,-0.0629911572472126,0.022206843521722412,-0.041584006151480196,-0.09356401384083046,-0.05536332179930796,0.08421376393694734,-0.13016532103037293,-0.13588619761630144,-0.05536332179930796,-0.10340638216070744,-0.05536332179930796,,,,,0.008920332416892052,-0.009417123161256313,0.7711015939712524,0.3942579925060272,-0.4177631437778473,-0.26727038621902466,0.23930443823337555,-0.33830103278160095,-0.44416624307632446,0.34342479705810547,-0.4136386215686798,-0.4870454967021942,49.732704162597656,0.053358353674411774
EXPC2-061,130.2112945065309,45.84511628316192,-0.08882737408688965,0.05911572472126105,0.186082276047674,-0.34602076124567477,0.008858131487889272,0.017777777777777778,-0.29287197231833906,0.2761399461745483,-0.012056901191849288,0.012056901191849288,0.13016532103037293,-0.14173010380622836,-0.07111111111111111,-0.004982698961937716,-0.21413302575932336,0.08882737408688965,0.09842368319876971,0.07972318339100345,-0.09356401384083046,0.008858131487889272,-0.012056901191849288,0.003014225297962322,0.13016532103037293,-0.09842368319876971,-0.024605920799692427,0.186082276047674,0.03543252595155709,-0.05173394848135333,0.3188927335640138,-0.0629911572472126,0.05911572472126105,-0.044844290657439445,-0.05536332179930796,0.05911572472126105,0.0271280276816609,0.2761399461745483,0.006151480199923107,0.05536332179930796,0.07972318339100345,0.05536332179930796,0.03844675124951941,-0.05173394848135333,-0.05911572472126105,0.09356401384083046,-0.017777777777777778,0.2519646289888504,0.186082276047674,-0.05173394848135333,0.05536332179930796,-0.13588619761630144,0.2069357939254133,0.03543252595155709,-0.004982698961937716,0.03254133025759323,0.07111111111111111,-0.010396001537870049,-0.008858131487889272,0.041584006151480196,0.003936947327950788,-0.12456747404844293,-0.2364628988850442,-0.05173394848135333,-0.0629911572472126,-0.1085121107266436,,,,,0.03684210404753685,-0.06036140024662018,0.5624101161956787,0.10083181411027908,-0.35008707642555237,-0.3822138011455536,0.20122216641902924,-0.5314412713050842,-0.5680943727493286,0.21164734661579132,-0.5480537414550781,-0.622771680355072,269.86346435546875,0.1618894636631012
EXPC2-062,130.75208030757085,46.34026766776861,-0.010396001537870049,0.06698961937716265,0.15378700499807765,-0.3839138792772011,0.041584006151480196,0.002214532871972318,-0.2761399461745483,0.17937716262975778,-0.01384083044982699,-0.05173394848135333,0.09356401384083046,-0.024605920799692427,-0.05173394848135333,0.1085121107266436,-0.2288965782391388,0.13588619761630144,0.04822760476739715,0.03543252595155709,-0.06698961937716265,0.07111111111111111,0.017777777777777778,0.0629911572472126,0.15378700499807765,-0.08421376393694734,-0.13016532103037293,0.13016532103037293,0.09356401384083046,-0.05911572472126105,0.29287197231833906,-0.14769703960015382,0.008858131487889272,-0.09356401384083046,-0.06698961937716265,0.07972318339100345,-0.006151480199923107,0.2599000384467512,0.01574778931180315,0.05536332179930796,0.05911572472126105,0.11909265667051133,-0.007443291041906958,0.05911572472126105,-0.017777777777777778,-0.041584006151480196,-0.05911572472126105,0.2761399461745483,0.17937716262975778,-0.04822760476739715,0.03254133025759323,-0.12456747404844293,0.24415224913494812,-0.01574778931180315,-0.01384083044982699,0.006151480199923107,0.017777777777777778,-0.002214532871972318,-0.041584006151480196,0.041584006151480196,-0.007443291041906958,-0.21413302575932336,-0.22145328719723184,-0.0629911572472126,-0.0629911572472126,-0.06698961937716265,,,,,0.02065259963274002,-0.015933148562908173,0.7907542586326599,0.1324717253446579,-0.2733878195285797,-0.36549901962280273,0.1878354251384735,-0.2855759859085083,-0.3546130359172821,0.2244691550731659,-0.31845399737358093,-0.35513776540756226,212.56130981445312,0.0630452111363411
EXPC2-063,131.45204757695677,48.88968644409981,-0.019930795847750864,-0.004982698961937716,0.2519646289888504,-0.3839138792772011,0.017777777777777778,0.07111111111111111,-0.2364628988850442,0.17279507881584008,-0.05911572472126105,0.08882737408688965,0.15378700499807765,-0.09356401384083046,-0.04822760476739715,0.10340638216070744,-0.31009611687812383,0.14173010380622836,0.16000000000000003,-0.029773164167627833,-0.08421376393694734,-0.03844675124951941,0.041584006151480196,-0.05911572472126105,0.09842368319876971,-0.15378700499807765,-0.07972318339100345,0.12456747404844293,-0.008858131487889272,0.06698961937716265,0.28444444444444444,-0.05911572472126105,0.07535563244905807,-0.008858131487889272,0.03844675124951941,0.03844675124951941,-0.06698961937716265,0.2364628988850442,-0.01574778931180315,0.041584006151480196,-0.0629911572472126,0.10340638216070744,-0.0271280276816609,-0.0629911572472126,-0.07972318339100345,0.08421376393694734,0.007443291041906958,0.17279507881584008,0.10340638216070744,-0.14769703960015382,0.0629911572472126,-0.19986159169550174,0.17937716262975778,-0.024605920799692427,-0.002214532871972318,-0.029773164167627833,0.05536332179930796,0.017777777777777778,0.006151480199923107,0.022206843521722412,0.11374086889657825,-0.08882737408688965,-0.2599000384467512,-0.019930795847750864,-0.05173394848135333,-0.0629911572472126,,,,,0.027237148955464363,-0.03157447651028633,0.7878223061561584,0.10601471364498138,-0.17086577415466309,-0.21864882111549377,0.16693811118602753,-0.24880173802375793,-0.30455827713012695,0.14648009836673737,-0.2379603385925293,-0.21095086634159088,247.078125,0.09749916195869446
EXPC2-064,134.07153494544932,48.3506972736281,-0.024605920799692427,-0.01574778931180315,0.06698961937716265,-0.3014225297962323,0.004982698961937716,0.03254133025759323,-0.29287197231833906,0.14769703960015382,-0.0629911572472126,0.1085121107266436,0.1085121107266436,-0.14173010380622836,-0.029773164167627833,-0.0015378700499807767,-0.2679584775086506,0.21413302575932336,0.11374086889657825,-0.09842368319876971,-0.08421376393694734,0.05536332179930796,-0.022206843521722412,-0.0015378700499807767,0.06698961937716265,-0.1085121107266436,-0.14173010380622836,0.16633602460592078,0.11374086889657825,-0.09842368319876971,0.31009611687812383,-0.08421376393694734,0.0629911572472126,-0.008858131487889272,0.044844290657439445,-0.05173394848135333,-0.11374086889657825,0.3014225297962323,0.08882737408688965,0.0271280276816609,0.041584006151480196,0.06698961937716265,0.03543252595155709,-0.03844675124951941,-0.03844675124951941,0.05911572472126105,0.01574778931180315,0.2599000384467512,0.08882737408688965,0.012056901191849288,0.05536332179930796,-0.16633602460592078,0.22145328719723184,-0.07535563244905807,-0.0271280276816609,-0.003936947327950788,0.0271280276816609,-0.09842368319876971,-0.01574778931180315,-0.022206843521722412,0.08421376393694734,-0.10340638216070744,-0.2364628988850442,-0.09356401384083046,-0.08882737408688965,0.05173394848135333,,,,,-0.00017670966917648911,0.0020283975172787905,0.8054981827735901,0.1012231856584549,-0.18504387140274048,-0.13126589357852936,0.2517690062522888,-0.2937013506889343,-0.36209651827812195,-0.0037792895454913378,-0.06755224615335464,0.22104370594024658,37.5,0.04811146482825279
EXPC2-065,134.65292459733146,48.613005336591,0.0271280276816609,0.044844290657439445,0.10340638216070744,-0.3278123798539023,0.07535563244905807,0.14173010380622836,-0.24415224913494812,0.15378700499807765,-0.05536332179930796,0.13016532103037293,0.1085121107266436,-0.15378700499807765,-0.10340638216070744,-0.01384083044982699,-0.28444444444444444,0.12456747404844293,0.14769703960015382,-0.003936947327950788,-0.029773164167627833,0.07111111111111111,-0.010396001537870049,-0.04822760476739715,0.10340638216070744,-0.14173010380622836,-0.022206843521722412,0.2069357939254133,0.06698961937716265,-0.10340638216070744,0.3014225297962323,0.03254133025759323,0.11909265667051133,0.002214532871972318,0.06698961937716265,-0.07972318339100345,-0.13016532103037293,0.2679584775086506,0.07535563244905807,0.029773164167627833,0.08882737408688965,0.09842368319876971,0.019930795847750864,-0.04822760476739715,-0.041584006151480196,0.010396001537870049,0.05173394848135333,0.15378700499807765,0.08882737408688965,-0.1085121107266436,0.08882737408688965,-0.14769703960015382,0.2288965782391388,-0.09356401384083046,0.029773164167627833,-0.07535563244905807,0.07111111111111111,-0.09842368319876971,-0.019930795847750864,0.007443291041906958,0.1085121107266436,-0.07111111111111111,-0.19986159169550174,-0.04822760476739715,-0.16000000000000003,-0.08421376393694734,,,,,0.021425392478704453,-0.039937861263751984,0.7308903932571411,0.12753859162330627,-0.23597507178783417,-0.333527535200119,0.1783355325460434,-0.25811001658439636,-0.2830531597137451,0.12532636523246765,-0.25169408321380615,-0.32592108845710754,34.0,0.04811146482825279
EXPC2-066,131.81460762562742,45.58316754631267,-0.0629911572472126,0.03844675124951941,0.07111111111111111,-0.29287197231833906,-0.041584006151480196,0.03543252595155709,-0.2761399461745483,0.186082276047674,0.01384083044982699,-0.024605920799692427,0.2679584775086506,-0.12456747404844293,-0.024605920799692427,-0.008858131487889272,-0.2069357939254133,0.041584006151480196,0.1929104190695886,0.07972318339100345,-0.22145328719723184,-0.01384083044982699,-0.03543252595155709,-0.10340638216070744,0.12456747404844293,-0.13016532103037293,-0.044844290657439445,0.2519646289888504,0.07972318339100345,-0.07972318339100345,0.2761399461745483,0.07111111111111111,0.10340638216070744,-0.07111111111111111,0.17937716262975778,0.003936947327950788,-0.09356401384083046,0.19986159169550174,-0.024605920799692427,0.07972318339100345,0.1929104190695886,0.10340638216070744,-0.006151480199923107,-0.06698961937716265,0.03254133025759323,-0.003014225297962322,-0.07111111111111111,0.11374086889657825,0.08882737408688965,0.12456747404844293,0.05911572472126105,-0.09842368319876971,0.19986159169550174,-0.07111111111111111,0.04822760476739715,0.019930795847750864,0.17937716262975778,-0.022206843521722412,-0.044844290657439445,-0.05173394848135333,0.09842368319876971,-0.041584006151480196,-0.16633602460592078,-0.13588619761630144,-0.09356401384083046,0.03254133025759323,,,,,-0.06654470413923264,0.1681271642446518,0.7604422569274902,0.10314428806304932,-0.20127999782562256,-0.3592606782913208,0.1425178200006485,-0.22547771036624908,-0.38955822587013245,0.21387599408626556,-0.28923702239990234,-0.2807867228984833,167.6481475830078,0.10226807743310928
EXPC2-067,132.41180762651007,45.34134107182769,0.041584006151480196,-0.11909265667051133,0.14769703960015382,-0.24415224913494812,-0.041584006151480196,0.05911572472126105,-0.2761399461745483,0.15378700499807765,-0.09356401384083046,0.16000000000000003,0.10340638216070744,-0.11374086889657825,-0.06698961937716265,0.04822760476739715,-0.21413302575932336,0.16633602460592078,0.12456747404844293,-0.03543252595155709,-0.09356401384083046,0.029773164167627833,-0.017777777777777778,0.08882737408688965,0.008858131487889272,-0.07535563244905807,-0.21413302575932336,0.017777777777777778,0.06698961937716265,0.029773164167627833,0.21413302575932336,-0.05911572472126105,0.010396001537870049,0.07111111111111111,-0.07111111111111111,-0.07972318339100345,-0.14173010380622836,0.2364628988850442,0.07535563244905807,-0.05911572472126105,-0.07111111111111111,0.2364628988850442,-0.08421376393694734,0.06698961937716265,0.08421376393694734,0.06698961937716265,-0.024605920799692427,0.2679584775086506,0.010396001537870049,-0.024605920799692427,0.029773164167627833,-0.2599000384467512,0.14769703960015382,-0.012056901191849288,0.09842368319876971,-0.12456747404844293,-0.044844290657439445,-0.07111111111111111,0.017777777777777778,0.07972318339100345,0.08421376393694734,0.13588619761630144,-0.1929104190695886,-0.19986159169550174,-0.10340638216070744,0.08882737408688965,,,,,0.031156636774539948,-0.06944060325622559,0.7699431777000427,0.024482108652591705,-0.1132332906126976,0.2524084746837616,0.07469600439071655,-0.10938434302806854,0.13936150074005127,0.23860742151737213,-0.19989031553268433,0.2338266372680664,77.6720199584961,0.09055157005786896
EXPC2-068,130.32591953678454,48.869564181735534,-0.006151480199923107,0.041584006151480196,0.2288965782391388,-0.28444444444444444,0.03543252595155709,0.03844675124951941,-0.3278123798539023,0.2519646289888504,0.029773164167627833,0.004982698961937716,0.17937716262975778,-0.1085121107266436,-0.05173394848135333,0.04822760476739715,-0.21413302575932336,0.186082276047674,0.21413302575932336,0.019930795847750864,-0.21413302575932336,-0.022206843521722412,0.01574778931180315,-0.07535563244905807,0.11374086889657825,-0.13588619761630144,-0.041584006151480196,0.2069357939254133,0.07535563244905807,-0.07535563244905807,0.34602076124567477,0.002214532871972318,0.010396001537870049,0.010396001537870049,-0.019930795847750864,0.05911572472126105,-0.09842368319876971,0.22145328719723184,0.1085121107266436,0.13016532103037293,0.01384083044982699,0.09356401384083046,-0.010396001537870049,-0.0271280276816609,-0.029773164167627833,0.03543252595155709,0.03844675124951941,0.14769703960015382,0.04822760476739715,0.003014225297962322,0.09842368319876971,-0.1085121107266436,0.17279507881584008,-0.04822760476739715,0.01384083044982699,0.03844675124951941,0.09842368319876971,0.05911572472126105,0.004982698961937716,-0.06698961937716265,0.07111111111111111,-0.06698961937716265,-0.2069357939254133,-0.044844290657439445,-0.022206843521722412,0.03254133025759323,,,,,-0.018240777775645256,0.03132915496826172,0.7389154434204102,0.13092021644115448,-0.22441022098064423,-0.21212121844291687,0.26045769453048706,-0.2954818904399872,-0.30871617794036865,0.307748019695282,-0.33612823486328125,-0.2712506651878357,124.93219757080078,0.0640474185347557
EXPC2-069,133.2177760994221,45.639941072269025,0.003936947327950788,0.03844675124951941,0.08882737408688965,-0.37425605536332185,0.006151480199923107,0.03844675124951941,-0.22145328719723184,0.05536332179930796,-0.05536332179930796,0.017777777777777778,0.003936947327950788,-0.09842368319876971,-0.07535563244905807,0.05911572472126105,-0.2599000384467512,0.19986159169550174,0.06698961937716265,-0.07972318339100345,0.002214532871972318,0.05536332179930796,-0.05911572472126105,0.15378700499807765,0.03543252595155709,-0.04822760476739715,-0.15378700499807765,0.13588619761630144,0.05536332179930796,-0.07111111111111111,0.39369473279507883,-0.17937716262975778,0.11909265667051133,-0.13588619761630144,-0.029773164167627833,-0.041584006151480196,0.01384083044982699,0.3014225297962323,0.010396001537870049,0.08882737408688965,-0.01384083044982699,0.01384083044982699,-0.07972318339100345,0.044844290657439445,-0.0629911572472126,-0.05536332179930796,0.03844675124951941,0.2679584775086506,0.07111111111111111,0.05173394848135333,0.1085121107266436,-0.01384083044982699,0.13588619761630144,-0.07972318339100345,-0.07535563244905807,-0.03844675124951941,0.0629911572472126,-0.08421376393694734,-0.01384083044982699,-0.09842368319876971,0.03254133025759323,-0.16000000000000003,-0.2069357939254133,-0.07535563244905807,-0.09356401384083046,0.019930795847750864,,,,,0.01826483942568302,-0.038658592849969864,0.8305986523628235,0.12049689143896103,-0.22056832909584045,-0.18816067278385162,0.21468926966190338,-0.2632197439670563,-0.3317345976829529,0.1989276111125946,-0.2850574851036072,-0.38063231110572815,64.63677978515625,0.056132856756448746
EXPC2-070,133.24760016685488,48.06215840436891,-0.044844290657439445,-0.14173010380622836,-0.09842368319876971,-0.15378700499807765,-0.019930795847750864,0.007443291041906958,-0.11374086889657825,0.14173010380622836,0.01384083044982699,0.09356401384083046,-0.03844675124951941,-0.14173010380622836,-0.017777777777777778,-0.03254133025759323,-0.17937716262975778,0.29287197231833906,0.07111111111111111,-0.15378700499807765,0.041584006151480196,0.11374086889657825,-0.041584006151480196,0.13016532103037293,0.007443291041906958,0.06698961937716265,-0.16633602460592078,-0.03254133025759323,0.14769703960015382,-0.1085121107266436,0.31009611687812383,-0.2761399461745483,-0.06698961937716265,0.14173010380622836,-0.024605920799692427,-0.08421376393694734,-0.041584006151480196,0.2288965782391388,0.08421376393694734,-0.08421376393694734,0.024605920799692427,0.13016532103037293,-0.08421376393694734,0.03254133025759323,0.06698961937716265,-0.05173394848135333,-0.01574778931180315,0.29287197231833906,-0.13016532103037293,0.08421376393694734,-0.10340638216070744,-0.14173010380622836,0.22145328719723184,-0.09842368319876971,-0.10340638216070744,-0.01384083044982699,0.019930795847750864,-0.03543252595155709,0.01384083044982699,0.04822760476739715,-0.010396001537870049,-0.04822760476739715,-0.2069357939254133,-0.16000000000000003,-0.041584006151480196,0.1929104190695886,,,,,0.0032343599013984203,-0.0189706701785326,0.8401243686676025,-0.2401157170534134,0.32476434111595154,0.7648401856422424,-0.2239924967288971,0.42097902297973633,0.8142856955528259,-0.29449838399887085,0.39944905042648315,0.833935022354126,44.0,0.08564630895853043
EXPC2-071,132.9479221880726,48.7355355413449,-0.029773164167627833,-0.0629911572472126,0.03844675124951941,-0.28444444444444444,-0.04822760476739715,-0.044844290657439445,-0.2599000384467512,0.12456747404844293,-0.022206843521722412,0.08421376393694734,0.008858131487889272,-0.03543252595155709,-0.03543252595155709,0.03254133025759323,-0.2364628988850442,0.2288965782391388,0.08882737408688965,-0.08882737408688965,-0.07535563244905807,0.07535563244905807,-0.019930795847750864,0.08882737408688965,0.03254133025759323,0.0005536332179930795,-0.2069357939254133,0.01384083044982699,0.029773164167627833,-0.05173394848135333,0.39369473279507883,-0.1085121107266436,-0.044844290657439445,-0.03844675124951941,-0.04822760476739715,-0.07111111111111111,-0.05173394848135333,0.34602076124567477,0.10340638216070744,-0.07972318339100345,0.008858131487889272,0.07972318339100345,-0.07111111111111111,0.05536332179930796,-0.044844290657439445,0.003014225297962322,0.004982698961937716,0.3188927335640138,0.10340638216070744,0.002214532871972318,-0.022206843521722412,-0.16000000000000003,0.186082276047674,-0.07972318339100345,-0.07535563244905807,-0.07111111111111111,0.024605920799692427,-0.041584006151480196,-0.017777777777777778,0.0271280276816609,0.01574778931180315,-0.12456747404844293,-0.22145328719723184,-0.16000000000000003,-0.044844290657439445,0.04822760476739715,,,,,0.006038086488842964,-0.023569023236632347,0.7730344533920288,-0.07566462457180023,0.1365807056427002,0.0596616193652153,0.20338982343673706,0.10410095006227493,-0.3212669789791107,-0.25017666816711426,0.15119999647140503,0.22781570255756378,75.75593566894531,0.275692880153656
EXPC2-072,132.64321364369926,43.45595695351765,-0.0271280276816609,-0.003936947327950788,0.2288965782391388,-0.07535563244905807,0.012056901191849288,-0.16633602460592078,-0.2069357939254133,0.4444444444444444,0.14173010380622836,0.07972318339100345,0.19986159169550174,0.024605920799692427,-0.06698961937716265,0.0,-0.186082276047674,0.1085121107266436,-0.007443291041906958,0.01574778931180315,-0.15378700499807765,-0.00024605920799692423,0.2069357939254133,0.05173394848135333,0.03543252595155709,-0.012056901191849288,0.14173010380622836,0.006151480199923107,-0.10340638216070744,0.07111111111111111,0.07535563244905807,-0.03543252595155709,0.07972318339100345,0.19986159169550174,0.022206843521722412,0.08421376393694734,0.04822760476739715,0.1085121107266436,0.019930795847750864,-0.2761399461745483,-0.006151480199923107,-0.08882737408688965,-0.15378700499807765,-0.024605920799692427,0.044844290657439445,0.044844290657439445,-0.0629911572472126,0.17937716262975778,0.2519646289888504,-0.21413302575932336,0.03844675124951941,-0.1085121107266436,0.007443291041906958,-0.10340638216070744,-0.05173394848135333,0.044844290657439445,-0.0015378700499807767,0.12456747404844293,0.11374086889657825,-0.010396001537870049,-0.09356401384083046,-0.0629911572472126,-0.09842368319876971,0.09356401384083046,-0.14173010380622836,-0.05173394848135333,,,,,0.2133072465658188,-0.24763257801532745,0.2470080405473709,0.5410852432250977,-0.47751766443252563,-0.44514602422714233,0.8717890977859497,-0.7558655738830566,-0.540115475654602,0.709261417388916,-0.7302215099334717,-0.6343163251876831,516.8857421875,0.025841593742370605
EXPC2-073,130.8350846398235,49.24973120997492,-0.019930795847750864,-0.09356401384083046,0.19986159169550174,-0.11909265667051133,-0.05536332179930796,-0.13016532103037293,-0.13588619761630144,0.37425605536332185,0.14769703960015382,0.022206843521722412,0.3553094963475586,-0.09356401384083046,0.04822760476739715,-0.04822760476739715,-0.15378700499807765,0.03844675124951941,0.024605920799692427,-0.0015378700499807767,-0.12456747404844293,-0.10340638216070744,0.186082276047674,0.044844290657439445,-0.003936947327950788,-0.04822760476739715,0.13016532103037293,0.09842368319876971,-0.044844290657439445,0.14769703960015382,0.2069357939254133,-0.03254133025759323,0.03254133025759323,0.08882737408688965,-0.08421376393694734,0.10340638216070744,0.007443291041906958,0.0271280276816609,0.029773164167627833,-0.17279507881584008,0.041584006151480196,-0.15378700499807765,-0.1085121107266436,-0.15378700499807765,0.06698961937716265,0.10340638216070744,-0.08882737408688965,0.11909265667051133,0.17279507881584008,-0.2364628988850442,0.11374086889657825,-0.0629911572472126,0.007443291041906958,-0.03543252595155709,-0.08421376393694734,0.010396001537870049,0.0629911572472126,0.22145328719723184,0.17937716262975778,-0.019930795847750864,-0.07972318339100345,-0.08882737408688965,-0.17937716262975778,0.09356401384083046,0.017777777777777778,0.044844290657439445,,,,,0.13287453353405,-0.14991940557956696,0.16623663902282715,0.34365326166152954,-0.4332892894744873,-0.25746428966522217,0.8428775668144226,-0.7043352723121643,-0.46174028515815735,0.421875,-0.5062068700790405,-0.47507330775260925,301.43182373046875,0.1346295326948166
EXPC2-074,131.0179816316702,43.91230111785036,-0.0629911572472126,-0.019930795847750864,0.19986159169550174,-0.07111111111111111,-0.007443291041906958,-0.16633602460592078,-0.14173010380622836,0.42377547097270285,0.14173010380622836,0.024605920799692427,0.34602076124567477,-0.05536332179930796,-0.03543252595155709,-0.029773164167627833,-0.15378700499807765,0.044844290657439445,0.022206843521722412,-0.06698961937716265,-0.186082276047674,-0.08882737408688965,0.16000000000000003,-0.03254133025759323,0.0629911572472126,-0.041584006151480196,0.16000000000000003,0.1085121107266436,-0.1085121107266436,0.05911572472126105,0.2069357939254133,0.022206843521722412,0.007443291041906958,0.13016532103037293,0.03543252595155709,0.09356401384083046,0.08421376393694734,0.0629911572472126,0.03254133025759323,-0.186082276047674,0.05911572472126105,-0.11909265667051133,-0.09356401384083046,-0.08421376393694734,0.06698961937716265,0.09356401384083046,-0.0629911572472126,0.03844675124951941,0.21413302575932336,-0.186082276047674,0.17279507881584008,-0.09842368319876971,0.0271280276816609,0.03844675124951941,-0.09356401384083046,0.11909265667051133,0.05536332179930796,0.14173010380622836,0.186082276047674,-0.044844290657439445,-0.06698961937716265,-0.03254133025759323,-0.1929104190695886,0.0271280276816609,-0.05536332179930796,0.01574778931180315,,,,,0.11966454982757568,-0.16696548461914062,0.18943999707698822,0.3423807621002197,-0.39765846729278564,-0.4774995744228363,0.8584496974945068,-0.7363922595977783,-0.48910200595855713,0.5580211281776428,-0.6313083171844482,-0.5688195824623108,252.471435546875,0.26213929057121277
EXPC2-075,134.61375805094386,45.15844407998096,-0.0271280276816609,-0.03254133025759323,0.19986159169550174,-0.10340638216070744,0.003936947327950788,-0.14769703960015382,-0.16000000000000003,0.4340484429065744,0.2288965782391388,0.03543252595155709,0.21413302575932336,-0.05173394848135333,-0.03254133025759323,0.03254133025759323,-0.186082276047674,0.14173010380622836,0.03254133025759323,-0.002214532871972318,0.008858131487889272,-0.14769703960015382,0.21413302575932336,0.04822760476739715,0.03543252595155709,-0.08882737408688965,0.07535563244905807,0.07111111111111111,-0.1085121107266436,0.13016532103037293,0.2761399461745483,-0.06698961937716265,0.11909265667051133,0.08421376393694734,-0.09842368319876971,0.11909265667051133,0.05911572472126105,0.09842368319876971,0.044844290657439445,-0.09842368319876971,0.019930795847750864,-0.029773164167627833,-0.11909265667051133,-0.05536332179930796,-0.01574778931180315,0.07972318339100345,-0.08882737408688965,0.16633602460592078,0.13016532103037293,-0.13016532103037293,0.022206843521722412,-0.1085121107266436,0.041584006151480196,-0.07111111111111111,-0.12456747404844293,0.008858131487889272,0.15378700499807765,0.21413302575932336,0.17937716262975778,0.07111111111111111,-0.0629911572472126,-0.09842368319876971,-0.14769703960015382,0.08421376393694734,0.0629911572472126,-0.01574778931180315,,,,,0.15069283545017242,-0.14244769513607025,0.5839068293571472,0.13684210181236267,-0.23529411852359772,0.07545001804828644,0.8428874611854553,-0.7412236928939819,-0.534925639629364,0.6984251737594604,-0.7339228391647339,-0.6471215486526489,627.1905517578125,0.285160630941391
EXPC2-076,133.38342543781377,47.07724552686026,-0.07535563244905807,-0.004982698961937716,0.1085121107266436,-0.12456747404844293,-0.017777777777777778,-0.186082276047674,-0.17937716262975778,0.4340484429065744,0.15378700499807765,-0.008858131487889272,0.2679584775086506,-0.0271280276816609,-0.019930795847750864,0.019930795847750864,-0.1929104190695886,0.14173010380622836,0.010396001537870049,-0.14769703960015382,-0.17937716262975778,-0.007443291041906958,0.17937716262975778,-0.017777777777777778,0.07111111111111111,-0.04822760476739715,0.11909265667051133,0.16633602460592078,0.01574778931180315,0.0629911572472126,0.2519646289888504,-0.000984236831987697,-0.05173394848135333,0.003014225297962322,-0.04822760476739715,0.010396001537870049,0.05536332179930796,0.16000000000000003,0.044844290657439445,-0.15378700499807765,0.03254133025759323,-0.11374086889657825,-0.06698961937716265,-0.0629911572472126,-0.010396001537870049,-0.022206843521722412,-0.07535563244905807,0.09842368319876971,0.2679584775086506,-0.17279507881584008,0.09356401384083046,-0.05911572472126105,0.07972318339100345,0.0271280276816609,-0.09356401384083046,0.01574778931180315,0.03543252595155709,0.16633602460592078,0.17937716262975778,-0.0015378700499807767,-0.017777777777777778,-0.10340638216070744,-0.17937716262975778,0.012056901191849288,-0.11374086889657825,0.003936947327950788,,,,,0.06663095206022263,-0.07266482710838318,0.5735344290733337,0.3153000771999359,-0.45284780859947205,-0.47388896346092224,0.8522390127182007,-0.7431254386901855,-0.5298690795898438,0.5049116015434265,-0.6747745275497437,-0.43441063165664673,166.95802307128906,0.06758864223957062
EXPC2-077,132.29682327014277,49.314050584317876,-0.07972318339100345,-0.05911572472126105,0.19986159169550174,-0.05173394848135333,-0.0629911572472126,-0.11909265667051133,-0.17937716262975778,0.4444444444444444,0.24415224913494812,0.044844290657439445,0.33685505574778934,-0.1085121107266436,0.0629911572472126,-0.06698961937716265,-0.1085121107266436,0.041584006151480196,0.09356401384083046,0.041584006151480196,-0.1085121107266436,-0.186082276047674,0.17279507881584008,-0.03543252595155709,0.03844675124951941,-0.019930795847750864,0.14173010380622836,0.14173010380622836,-0.0629911572472126,0.13588619761630144,0.19986159169550174,0.022206843521722412,0.07972318339100345,0.11909265667051133,0.03254133025759323,0.14769703960015382,0.024605920799692427,-0.017777777777777778,0.024605920799692427,-0.11374086889657825,0.041584006151480196,-0.07972318339100345,-0.07972318339100345,-0.1085121107266436,0.03844675124951941,0.07535563244905807,-0.09356401384083046,0.05911572472126105,0.06698961937716265,-0.14173010380622836,0.12456747404844293,-0.06698961937716265,0.05173394848135333,-0.03844675124951941,-0.09356401384083046,0.05911572472126105,0.14173010380622836,0.15378700499807765,0.16000000000000003,-0.03844675124951941,-0.09842368319876971,-0.07111111111111111,-0.186082276047674,0.07535563244905807,0.024605920799692427,0.08421376393694734,,,,,0.18570923805236816,-0.21824459731578827,0.11162790656089783,0.36864185333251953,-0.4301369786262512,-0.33673468232154846,0.8070489168167114,-0.626207172870636,-0.30345800518989563,0.4665878117084503,-0.5163558721542358,-0.4462723135948181,739.2921752929688,0.15745660662651062
EXPC2-078,130.71435106563783,45.439437100853546,-0.06698961937716265,-0.0271280276816609,0.2599000384467512,-0.16633602460592078,-0.07111111111111111,-0.14173010380622836,-0.2069357939254133,0.4982698961937717,0.14173010380622836,0.017777777777777778,0.24415224913494812,-0.1085121107266436,0.04822760476739715,0.04822760476739715,-0.14173010380622836,0.03543252595155709,0.010396001537870049,0.03543252595155709,-0.14173010380622836,-0.10340638216070744,0.15378700499807765,0.07111111111111111,0.024605920799692427,-0.024605920799692427,0.11374086889657825,0.08882737408688965,-0.07972318339100345,0.13016532103037293,0.186082276047674,-0.008858131487889272,0.0271280276816609,0.01384083044982699,-0.09842368319876971,0.12456747404844293,0.012056901191849288,0.07972318339100345,0.03254133025759323,-0.11909265667051133,0.04822760476739715,-0.10340638216070744,-0.09842368319876971,-0.041584006151480196,0.05173394848135333,0.03844675124951941,-0.14769703960015382,0.16633602460592078,0.21413302575932336,-0.12456747404844293,0.03543252595155709,-0.12456747404844293,0.07972318339100345,0.019930795847750864,-0.03844675124951941,-0.03844675124951941,0.0629911572472126,0.186082276047674,0.14173010380622836,0.08882737408688965,-0.07972318339100345,-0.041584006151480196,-0.16000000000000003,0.010396001537870049,-0.07535563244905807,-0.03543252595155709,,,,,0.11286089569330215,-0.18074020743370056,0.18688182532787323,0.3641384243965149,-0.4612502455711365,-0.5671736598014832,0.8347251415252686,-0.7082511186599731,-0.4706254005432129,0.4633493721485138,-0.5802397727966309,-0.4388878047466278,402.62158203125,0.1618894636631012
EXPC2-079,131.94432435265426,45.3399037673731,-0.08882737408688965,-0.012056901191849288,0.16633602460592078,-0.11374086889657825,-0.03543252595155709,-0.186082276047674,-0.15378700499807765,0.42377547097270285,0.13588619761630144,-0.03844675124951941,0.3188927335640138,-0.0629911572472126,-0.05173394848135333,-0.03254133025759323,-0.17937716262975778,0.022206843521722412,0.010396001537870049,-0.16000000000000003,-0.1929104190695886,-0.0271280276816609,0.16633602460592078,-0.003014225297962322,0.04822760476739715,-0.05536332179930796,0.17279507881584008,0.13588619761630144,-0.01384083044982699,0.07111111111111111,0.2364628988850442,0.017777777777777778,-0.012056901191849288,0.04822760476739715,-0.024605920799692427,0.03844675124951941,0.024605920799692427,0.1085121107266436,0.03844675124951941,-0.11909265667051133,0.0629911572472126,-0.14769703960015382,-0.06698961937716265,-0.1085121107266436,0.017777777777777778,0.07535563244905807,-0.024605920799692427,0.09356401384083046,0.2599000384467512,-0.17279507881584008,0.14173010380622836,-0.03844675124951941,0.04822760476739715,0.044844290657439445,-0.11374086889657825,0.024605920799692427,0.024605920799692427,0.15378700499807765,0.1929104190695886,-0.05536332179930796,-0.04822760476739715,-0.08421376393694734,-0.1929104190695886,0.019930795847750864,-0.07535563244905807,0.044844290657439445,,,,,0.0541037917137146,-0.0619206540286541,0.40594610571861267,0.36161497235298157,-0.4649040102958679,-0.44262295961380005,0.8712273836135864,-0.7385208606719971,-0.529139518737793,0.5039048194885254,-0.6105137467384338,-0.5706760287284851,136.9315948486328,0.10226807743310928
EXPC2-080,131.4800750138213,43.52063565397425,-0.029773164167627833,-0.003014225297962322,0.16000000000000003,-0.05173394848135333,0.017777777777777778,-0.2069357939254133,-0.11374086889657825,0.40359861591695495,0.22145328719723184,0.029773164167627833,0.3014225297962323,-0.05173394848135333,-0.09356401384083046,-0.04822760476739715,-0.1929104190695886,0.11909265667051133,-0.03844675124951941,-0.04822760476739715,-0.06698961937716265,-0.15378700499807765,0.1929104190695886,0.03254133025759323,0.0629911572472126,-0.07535563244905807,0.14769703960015382,0.06698961937716265,-0.13588619761630144,0.1085121107266436,0.19986159169550174,-0.029773164167627833,0.041584006151480196,0.15378700499807765,-0.044844290657439445,0.08421376393694734,0.1085121107266436,0.09842368319876971,0.044844290657439445,-0.19986159169550174,0.041584006151480196,-0.13016532103037293,-0.06698961937716265,-0.07972318339100345,0.041584006151480196,0.09842368319876971,-0.041584006151480196,0.07535563244905807,0.17937716262975778,-0.22145328719723184,0.13016532103037293,-0.1085121107266436,0.029773164167627833,-0.017777777777777778,-0.09356401384083046,0.0629911572472126,0.044844290657439445,0.16633602460592078,0.186082276047674,0.03543252595155709,-0.06698961937716265,-0.07111111111111111,-0.14173010380622836,0.08882737408688965,-0.03844675124951941,-0.022206843521722412,,,,,0.18668252229690552,-0.23698562383651733,0.2682323753833771,0.5994117856025696,-0.6036567091941833,-0.47826087474823,0.8387534022331238,-0.7319719195365906,-0.4951923191547394,0.5774240493774414,-0.6076695919036865,-0.4653266370296478,554.4951171875,0.26213929057121277
EXPC2-081,131.5634386721876,45.03447657077247,-0.03543252595155709,-0.012056901191849288,0.14769703960015382,-0.14173010380622836,-0.008858131487889272,-0.1929104190695886,-0.14173010380622836,0.40359861591695495,0.16000000000000003,0.008858131487889272,0.28444444444444444,-0.05173394848135333,-0.024605920799692427,-0.022206843521722412,-0.22145328719723184,0.07972318339100345,-0.01384083044982699,-0.08882737408688965,-0.17937716262975778,-0.03254133025759323,0.16000000000000003,0.09842368319876971,0.007443291041906958,-0.007443291041906958,0.16633602460592078,0.024605920799692427,-0.03254133025759323,0.1085121107266436,0.1929104190695886,0.003014225297962322,-0.019930795847750864,0.03254133025759323,-0.1085121107266436,0.03844675124951941,0.07972318339100345,0.09842368319876971,0.01574778931180315,-0.186082276047674,0.05536332179930796,-0.15378700499807765,-0.09356401384083046,-0.07535563244905807,0.07111111111111111,0.004982698961937716,-0.05536332179930796,0.14173010380622836,0.2679584775086506,-0.2599000384467512,0.07535563244905807,-0.07535563244905807,0.03543252595155709,0.007443291041906958,-0.07972318339100345,-0.03543252595155709,0.01384083044982699,0.16633602460592078,0.17937716262975778,0.017777777777777778,-0.0629911572472126,-0.09842368319876971,-0.17279507881584008,0.06698961937716265,-0.11374086889657825,-0.03543252595155709,,,,,0.06772180646657944,-0.08944099396467209,0.4404323399066925,0.3242981731891632,-0.44889673590660095,-0.5544455647468567,0.8720329999923706,-0.753080427646637,-0.5499779582023621,0.5473153591156006,-0.6664536595344543,-0.5309972763061523,291.1959533691406,0.10226807743310928
EXPC2-082,129.7617775383575,44.294983428885274,-0.017777777777777778,-0.05173394848135333,0.13588619761630144,-0.019930795847750864,-0.0271280276816609,-0.11909265667051133,-0.10340638216070744,0.41362552864282975,0.17937716262975778,0.07535563244905807,0.37425605536332185,-0.05173394848135333,-0.024605920799692427,-0.041584006151480196,-0.10340638216070744,0.05536332179930796,0.012056901191849288,-0.05536332179930796,-0.09356401384083046,-0.09842368319876971,0.16633602460592078,-0.08421376393694734,0.07972318339100345,-0.05911572472126105,0.186082276047674,0.05911572472126105,-0.09842368319876971,0.08882737408688965,0.15378700499807765,0.003936947327950788,0.05536332179930796,0.17279507881584008,0.03844675124951941,0.10340638216070744,0.05536332179930796,0.044844290657439445,0.03844675124951941,-0.2364628988850442,0.04822760476739715,-0.11374086889657825,-0.13588619761630144,-0.10340638216070744,0.008858131487889272,0.11909265667051133,-0.0629911572472126,0.05536332179930796,0.21413302575932336,-0.2364628988850442,0.11909265667051133,-0.05173394848135333,0.041584006151480196,-0.05173394848135333,-0.13588619761630144,0.09356401384083046,0.09356401384083046,0.17279507881584008,0.16000000000000003,-0.012056901191849288,-0.09356401384083046,-0.09356401384083046,-0.17937716262975778,0.08421376393694734,-0.01384083044982699,0.010396001537870049,-11.86470363560425,-21.220225547421148,-10.469554512329559,-17.127448416868095,0.18980169296264648,-0.18711136281490326,0.131837859749794,0.3677811622619629,-0.45219847559928894,-0.4743565022945404,0.826585054397583,-0.7458938956260681,-0.496257483959198,0.6399610638618469,-0.656618595123291,-0.5027283430099487,695.6143188476562,0.1894141137599945
EXPC2-083,130.93677392998583,43.64065057593262,-0.07111111111111111,-0.0629911572472126,0.2519646289888504,-0.2288965782391388,0.008858131487889272,-0.16633602460592078,-0.2364628988850442,0.34602076124567477,0.10340638216070744,0.06698961937716265,0.19986159169550174,-0.10340638216070744,0.004982698961937716,0.041584006151480196,-0.2519646289888504,0.08421376393694734,0.03254133025759323,-0.022206843521722412,-0.17937716262975778,-0.11374086889657825,0.09356401384083046,-0.0271280276816609,0.09356401384083046,-0.06698961937716265,-0.010396001537870049,0.07972318339100345,-0.06698961937716265,0.01574778931180315,0.2761399461745483,-0.03543252595155709,-0.0015378700499807767,-0.0015378700499807767,-0.017777777777777778,0.07111111111111111,0.029773164167627833,0.21413302575932336,0.03543252595155709,-0.07972318339100345,0.0629911572472126,-0.09356401384083046,0.003014225297962322,-0.029773164167627833,-0.007443291041906958,0.07972318339100345,-0.05536332179930796,0.12456747404844293,0.19986159169550174,-0.14769703960015382,0.13588619761630144,-0.21413302575932336,0.15378700499807765,0.09356401384083046,-0.029773164167627833,0.13588619761630144,0.029773164167627833,0.14173010380622836,0.11374086889657825,-0.010396001537870049,-0.044844290657439445,-0.024605920799692427,-0.2069357939254133,0.022206843521722412,-0.14173010380622836,-0.029773164167627833,,,,,0.046765394508838654,-0.08219178020954132,0.6042253375053406,0.30347490310668945,-0.33808958530426025,-0.44221776723861694,0.7742448449134827,-0.7127509713172913,-0.5394709706306458,0.4958723187446594,-0.614973247051239,-0.49611198902130127,659.2180786132812,0.15145225822925568
EXPC2-084,133.52068801322721,45.010761047271714,-0.05911572472126105,0.000984236831987697,0.16000000000000003,-0.16000000000000003,-0.029773164167627833,-0.16633602460592078,-0.22145328719723184,0.3553094963475586,0.05911572472126105,0.024605920799692427,0.2288965782391388,-0.12456747404844293,-0.022206843521722412,0.008858131487889272,-0.2761399461745483,0.10340638216070744,0.0271280276816609,-0.17279507881584008,-0.22145328719723184,0.029773164167627833,0.08421376393694734,-0.05536332179930796,0.006151480199923107,-0.07111111111111111,0.041584006151480196,0.16633602460592078,0.004982698961937716,0.004982698961937716,0.31009611687812383,-0.019930795847750864,-0.003014225297962322,0.044844290657439445,-0.09356401384083046,0.03844675124951941,-0.07111111111111111,0.21413302575932336,0.12456747404844293,-0.012056901191849288,0.017777777777777778,-0.06698961937716265,-0.05536332179930796,-0.10340638216070744,-0.07111111111111111,0.09356401384083046,-0.004982698961937716,0.15378700499807765,0.21413302575932336,-0.13588619761630144,0.10340638216070744,-0.08882737408688965,0.09356401384083046,0.024605920799692427,-0.07111111111111111,0.05173394848135333,0.012056901191849288,0.09842368319876971,0.16633602460592078,-0.008858131487889272,-0.01574778931180315,-0.08421376393694734,-0.2364628988850442,-0.044844290657439445,-0.09356401384083046,0.07111111111111111,,,,,0.04194049537181854,-0.042065009474754333,0.5751621127128601,0.5368072986602783,-0.5425487756729126,-0.27973857522010803,0.8908255100250244,-0.7313223481178284,-0.4302714765071869,0.6332940459251404,-0.6410256624221802,-0.6137521266937256,90.78165435791016,0.056132856756448746
EXPC2-085,131.3658093096813,43.87385322369005,-0.10340638216070744,-0.01574778931180315,0.08882737408688965,-0.09356401384083046,-0.0005536332179930795,-0.19986159169550174,-0.13016532103037293,0.41362552864282975,0.17937716262975778,-0.003936947327950788,0.28444444444444444,-0.08421376393694734,-0.05911572472126105,-0.029773164167627833,-0.2069357939254133,0.1085121107266436,0.0015378700499807767,-0.1085121107266436,-0.24415224913494812,-0.041584006151480196,0.15378700499807765,0.029773164167627833,0.03844675124951941,-0.006151480199923107,0.15378700499807765,0.14173010380622836,-0.044844290657439445,0.03254133025759323,0.19986159169550174,0.04822760476739715,-0.05911572472126105,0.08882737408688965,-0.024605920799692427,0.003014225297962322,0.09842368319876971,0.09842368319876971,0.008858131487889272,-0.12456747404844293,0.10340638216070744,-0.186082276047674,-0.01384083044982699,-0.11374086889657825,0.08882737408688965,0.019930795847750864,-0.029773164167627833,0.08421376393694734,0.2679584775086506,-0.17279507881584008,0.13016532103037293,-0.07535563244905807,0.0629911572472126,0.04822760476739715,-0.08421376393694734,0.07111111111111111,0.03254133025759323,0.15378700499807765,0.19986159169550174,-0.03254133025759323,-0.024605920799692427,-0.0629911572472126,-0.16633602460592078,0.029773164167627833,-0.11374086889657825,-0.007443291041906958,,,,,0.05762824788689613,-0.07645363360643387,0.39263802766799927,0.34422534704208374,-0.4425634741783142,-0.44574692845344543,0.8505212068557739,-0.746337354183197,-0.4956304728984833,0.48372966051101685,-0.6080027222633362,-0.5283557772636414,255.11843872070312,0.26213929057121277
EXPC2-086,133.1911859670122,46.29571122967628,-0.04822760476739715,-0.03254133025759323,0.13588619761630144,-0.1085121107266436,0.017777777777777778,-0.17279507881584008,-0.13016532103037293,0.39369473279507883,0.15378700499807765,0.0271280276816609,0.3188927335640138,-0.03543252595155709,-0.03543252595155709,-0.04822760476739715,-0.2288965782391388,0.1085121107266436,0.008858131487889272,-0.13588619761630144,-0.1929104190695886,-0.022206843521722412,0.17937716262975778,0.019930795847750864,0.044844290657439445,-0.05536332179930796,0.16000000000000003,0.08882737408688965,-0.03543252595155709,0.09842368319876971,0.19986159169550174,0.041584006151480196,-0.04822760476739715,0.06698961937716265,-0.0629911572472126,0.024605920799692427,0.029773164167627833,0.08421376393694734,0.044844290657439445,-0.1929104190695886,0.029773164167627833,-0.13588619761630144,-0.0629911572472126,-0.09356401384083046,0.01384083044982699,0.0271280276816609,-0.029773164167627833,0.10340638216070744,0.2519646289888504,-0.2519646289888504,0.11909265667051133,-0.07111111111111111,0.08882737408688965,0.01384083044982699,-0.13016532103037293,-0.0271280276816609,0.003936947327950788,0.17279507881584008,0.186082276047674,-0.024605920799692427,-0.022206843521722412,-0.09356401384083046,-0.17279507881584008,0.0629911572472126,-0.07111111111111111,0.006151480199923107,,,,,0.09049496054649353,-0.0892544612288475,0.37635546922683716,0.5591531991958618,-0.5587649345397949,-0.334585040807724,0.8875699043273926,-0.7921013236045837,-0.5588060617446899,0.6534181237220764,-0.7362270355224609,-0.6264775395393372,151.09901428222656,0.010071716271340847
EXPC2-087,130.5389999221777,47.46962964296367,-0.07535563244905807,-0.007443291041906958,0.14173010380622836,-0.07972318339100345,-0.029773164167627833,-0.14769703960015382,-0.13016532103037293,0.41362552864282975,0.19986159169550174,-0.004982698961937716,0.36472126105344094,-0.06698961937716265,-0.003936947327950788,-0.03254133025759323,-0.17279507881584008,0.10340638216070744,0.029773164167627833,-0.1085121107266436,-0.186082276047674,-0.08421376393694734,0.17937716262975778,-0.029773164167627833,0.041584006151480196,-0.03254133025759323,0.17937716262975778,0.14769703960015382,0.01384083044982699,0.11909265667051133,0.186082276047674,0.03543252595155709,-0.017777777777777778,0.09356401384083046,-0.0271280276816609,0.044844290657439445,0.041584006151480196,0.06698961937716265,0.004982698961937716,-0.17937716262975778,0.06698961937716265,-0.12456747404844293,-0.06698961937716265,-0.13016532103037293,0.04822760476739715,0.0271280276816609,-0.05536332179930796,0.05911572472126105,0.19986159169550174,-0.19986159169550174,0.11909265667051133,-0.05173394848135333,0.04822760476739715,0.007443291041906958,-0.10340638216070744,0.019930795847750864,0.07535563244905807,0.1929104190695886,0.186082276047674,-0.012056901191849288,-0.05173394848135333,-0.08421376393694734,-0.1929104190695886,0.044844290657439445,-0.07535563244905807,0.05911572472126105,,,,,0.06812512129545212,-0.08277405053377151,0.39827996492385864,0.41318124532699585,-0.5011780261993408,-0.49402526021003723,0.779803991317749,-0.7055482864379883,-0.46740418672561646,0.5483871102333069,-0.6196318864822388,-0.543698251247406,191.99737548828125,0.16319327056407928
EXPC2-088,134.8110280873365,46.26373120556162,-0.024605920799692427,-0.07972318339100345,0.16000000000000003,-0.07972318339100345,-0.05173394848135333,-0.11374086889657825,-0.13588619761630144,0.42377547097270285,0.16000000000000003,0.017777777777777778,0.33685505574778934,-0.07111111111111111,-0.000984236831987697,-0.03543252595155709,-0.10340638216070744,0.044844290657439445,-0.022206843521722412,-0.07111111111111111,0.024605920799692427,-0.17279507881584008,0.186082276047674,-0.05536332179930796,0.05911572472126105,-0.08882737408688965,0.14769703960015382,0.13588619761630144,-0.09842368319876971,0.13016532103037293,0.19986159169550174,-0.03844675124951941,0.12456747404844293,0.08421376393694734,-0.004982698961937716,0.10340638216070744,-0.007443291041906958,0.07111111111111111,0.041584006151480196,-0.17937716262975778,0.09356401384083046,-0.08882737408688965,-0.12456747404844293,-0.14173010380622836,0.019930795847750864,0.16000000000000003,-0.05173394848135333,0.06698961937716265,0.16000000000000003,-0.14769703960015382,0.15378700499807765,-0.0629911572472126,-0.0271280276816609,-0.11374086889657825,-0.11374086889657825,0.022206843521722412,0.1085121107266436,0.1929104190695886,0.19986159169550174,0.05173394848135333,-0.12456747404844293,-0.07111111111111111,-0.13588619761630144,0.07972318339100345,0.041584006151480196,0.07535563244905807,,,,,0.47634202241897583,-0.48516541719436646,-0.0853242352604866,0.5781429409980774,-0.553215503692627,-0.396341472864151,0.8650237917900085,-0.7731629610061646,-0.5671831369400024,0.7297297120094299,-0.7112299203872681,-0.6115108132362366,202.197021484375,0.03902566060423851
EXPC2-089,133.26915973367375,44.18646694256364,-0.0629911572472126,-0.07111111111111111,0.186082276047674,-0.2069357939254133,-0.07535563244905807,-0.12456747404844293,-0.28444444444444444,0.2761399461745483,0.05173394848135333,0.044844290657439445,0.17937716262975778,-0.07972318339100345,0.01574778931180315,0.022206843521722412,-0.2069357939254133,0.07535563244905807,-0.012056901191849288,-0.08421376393694734,-0.2364628988850442,0.002214532871972318,0.08421376393694734,-0.03543252595155709,-0.0271280276816609,-0.010396001537870049,-0.019930795847750864,0.2364628988850442,-0.006151480199923107,-0.05911572472126105,0.36472126105344094,-0.05173394848135333,0.01574778931180315,0.044844290657439445,-0.07972318339100345,0.004982698961937716,-0.06698961937716265,0.2069357939254133,0.09842368319876971,6.151480199923106e-05,0.06698961937716265,-0.08421376393694734,-0.044844290657439445,-0.13016532103037293,-0.0629911572472126,0.13016532103037293,-0.022206843521722412,0.13016532103037293,0.28444444444444444,-0.1085121107266436,0.09842368319876971,-0.11374086889657825,0.11909265667051133,0.0015378700499807767,-0.03543252595155709,0.08882737408688965,0.017777777777777778,0.05173394848135333,0.14173010380622836,-0.09356401384083046,-0.06698961937716265,-0.12456747404844293,-0.19986159169550174,-0.004982698961937716,-0.07111111111111111,0.06698961937716265,,,,,0.043762482702732086,-0.053905390202999115,0.5172008275985718,0.3566206395626068,-0.3722267746925354,-0.35254237055778503,0.8274111747741699,-0.6600790619850159,-0.42517638206481934,0.49684813618659973,-0.5333137512207031,-0.6209773421287537,143.75772094726562,0.23667632043361664
EXPC2-090,131.60044926189332,46.62305731920943,-0.0629911572472126,0.03543252595155709,0.13016532103037293,-0.12456747404844293,0.0271280276816609,-0.1929104190695886,-0.14173010380622836,0.4444444444444444,0.1929104190695886,-0.017777777777777778,0.2761399461745483,-0.044844290657439445,-0.07535563244905807,-0.019930795847750864,-0.19986159169550174,0.16000000000000003,0.022206843521722412,-0.11374086889657825,-0.186082276047674,-0.06698961937716265,0.2069357939254133,0.0271280276816609,0.09842368319876971,0.01574778931180315,0.186082276047674,0.1085121107266436,-0.006151480199923107,0.1085121107266436,0.17937716262975778,0.044844290657439445,-0.0629911572472126,0.03844675124951941,-0.05536332179930796,0.0005536332179930795,0.13588619761630144,0.09842368319876971,0.000984236831987697,-0.16633602460592078,0.05173394848135333,-0.1085121107266436,-0.05173394848135333,-0.07111111111111111,0.041584006151480196,-0.029773164167627833,-0.06698961937716265,0.09356401384083046,0.22145328719723184,-0.19986159169550174,0.09356401384083046,-0.041584006151480196,0.08882737408688965,0.022206843521722412,-0.1085121107266436,-0.017777777777777778,0.007443291041906958,0.13016532103037293,0.16000000000000003,0.010396001537870049,-0.044844290657439445,-0.041584006151480196,-0.17937716262975778,0.041584006151480196,-0.14769703960015382,-0.03543252595155709,,,,,0.037974681705236435,-0.05832712724804878,0.6069462299346924,0.31744420528411865,-0.4965437650680542,-0.4985657036304474,0.8857826590538025,-0.7729597091674805,-0.5154954195022583,0.561732828617096,-0.7015864849090576,-0.4618113040924072,211.43038940429688,0.09111568331718445
EXPC2-091,130.48474167901688,44.45344624500396,-0.029773164167627833,-0.01384083044982699,0.12456747404844293,-0.10340638216070744,-0.0015378700499807767,-0.2364628988850442,-0.1929104190695886,0.4444444444444444,0.14769703960015382,0.10340638216070744,0.22145328719723184,-0.06698961937716265,-0.019930795847750864,-0.08421376393694734,-0.21413302575932336,0.06698961937716265,-0.01574778931180315,-0.041584006151480196,-0.186082276047674,-0.05173394848135333,0.16633602460592078,0.029773164167627833,0.024605920799692427,-0.0271280276816609,0.15378700499807765,0.04822760476739715,-0.07972318339100345,0.05911572472126105,0.16633602460592078,0.041584006151480196,0.007443291041906958,0.03254133025759323,-0.029773164167627833,0.019930795847750864,0.13016532103037293,0.09356401384083046,0.0629911572472126,-0.2069357939254133,0.0629911572472126,-0.16633602460592078,-0.05536332179930796,-0.05173394848135333,0.019930795847750864,0.041584006151480196,-0.06698961937716265,0.15378700499807765,0.2761399461745483,-0.2288965782391388,0.05911572472126105,-0.07111111111111111,0.05173394848135333,0.006151480199923107,-0.09356401384083046,0.03543252595155709,0.01574778931180315,0.15378700499807765,0.14769703960015382,0.017777777777777778,-0.1085121107266436,-0.05536332179930796,-0.14769703960015382,0.08421376393694734,-0.11909265667051133,-0.03844675124951941,-14.818204044857183,-17.973715543695473,-6.340834314326565,-13.528765599455859,0.10737913846969604,-0.1637919545173645,0.1824541538953781,0.3483709394931793,-0.4481830298900604,-0.5427509546279907,0.8237422704696655,-0.7226020097732544,-0.4660441279411316,0.5618153214454651,-0.6530643105506897,-0.43529412150382996,595.9046630859375,0.130340114235878
EXPC2-092,133.96229980690038,46.233907138128856,-0.01574778931180315,0.04822760476739715,0.07535563244905807,-0.24415224913494812,0.03844675124951941,-0.07535563244905807,-0.24415224913494812,0.2288965782391388,-0.008858131487889272,0.000984236831987697,-0.007443291041906958,-0.08882737408688965,-0.17279507881584008,0.04822760476739715,-0.2599000384467512,0.2288965782391388,0.04822760476739715,-0.08421376393694734,-0.05536332179930796,0.0629911572472126,0.029773164167627833,0.007443291041906958,0.07972318339100345,-0.03543252595155709,0.007443291041906958,0.10340638216070744,0.07535563244905807,-0.14173010380622836,0.37425605536332185,-0.05173394848135333,0.003936947327950788,-0.03254133025759323,-0.15378700499807765,-0.003936947327950788,-0.07972318339100345,0.33685505574778934,0.15378700499807765,0.08882737408688965,0.0629911572472126,-0.019930795847750864,0.06698961937716265,0.03254133025759323,-0.186082276047674,0.04822760476739715,0.08421376393694734,0.16633602460592078,0.15378700499807765,-0.08882737408688965,0.08421376393694734,-0.07111111111111111,0.2069357939254133,-0.1085121107266436,-0.05536332179930796,0.007443291041906958,0.004982698961937716,-0.01384083044982699,-0.029773164167627833,-0.06698961937716265,0.044844290657439445,-0.11909265667051133,-0.2288965782391388,-0.010396001537870049,-0.07535563244905807,0.022206843521722412,,,,,-0.00820848997682333,0.016309751197695732,0.8419284224510193,0.20925010740756989,-0.35021308064460754,-0.4034522473812103,0.7683258056640625,-0.6538298726081848,-0.5171192288398743,0.38749998807907104,-0.5492875576019287,-0.5746432542800903,57.62845993041992,0.010071716271340847
EXPC2-093,133.31335684565244,45.430094621898704,-0.024605920799692427,0.03543252595155709,0.08421376393694734,-0.3014225297962323,0.022206843521722412,-0.05911572472126105,-0.2679584775086506,0.21413302575932336,-0.044844290657439445,0.019930795847750864,-0.003014225297962322,-0.08421376393694734,-0.1085121107266436,0.06698961937716265,-0.24415224913494812,0.16000000000000003,0.03543252595155709,-0.08421376393694734,-0.08882737408688965,0.11374086889657825,0.007443291041906958,0.008858131487889272,0.06698961937716265,-0.08882737408688965,-0.05173394848135333,0.1929104190695886,0.09356401384083046,-0.08882737408688965,0.36472126105344094,-0.11909265667051133,-0.04822760476739715,-0.07111111111111111,-0.14769703960015382,0.041584006151480196,-0.017777777777777778,0.31009611687812383,0.12456747404844293,0.07535563244905807,0.05911572472126105,-0.01384083044982699,-0.01574778931180315,0.024605920799692427,-0.15378700499807765,0.0271280276816609,0.03254133025759323,0.2069357939254133,0.1929104190695886,-0.041584006151480196,0.044844290657439445,-0.010396001537870049,0.22145328719723184,-0.07111111111111111,-0.07535563244905807,-0.012056901191849288,0.03543252595155709,0.024605920799692427,-0.017777777777777778,-0.0271280276816609,0.01574778931180315,-0.17937716262975778,-0.24415224913494812,-0.024605920799692427,-0.044844290657439445,-0.002214532871972318,,,,,0.02471003495156765,-0.04634397476911545,0.736521303653717,0.3160112500190735,-0.44561582803726196,-0.42291221022605896,0.7797552943229675,-0.6542597413063049,-0.5191948413848877,0.6643565893173218,-0.6120031476020813,-0.5283200144767761,68.846923828125,0.056132856756448746
EXPC2-094,131.68021965912314,43.296775485171665,-0.01384083044982699,0.024605920799692427,0.1929104190695886,-0.21413302575932336,0.022206843521722412,-0.22145328719723184,-0.17937716262975778,0.34602076124567477,0.11909265667051133,0.05536332179930796,0.041584006151480196,-0.0271280276816609,-0.14173010380622836,0.03844675124951941,-0.28444444444444444,0.19986159169550174,-0.007443291041906958,-0.05173394848135333,-0.24415224913494812,-0.010396001537870049,0.12456747404844293,0.14769703960015382,-0.044844290657439445,0.044844290657439445,0.05536332179930796,0.11909265667051133,-0.08421376393694734,-0.012056901191849288,0.16000000000000003,-0.03543252595155709,-0.08421376393694734,0.06698961937716265,-0.08882737408688965,-0.006151480199923107,0.044844290657439445,0.09842368319876971,0.004982698961937716,-0.10340638216070744,0.003936947327950788,-0.14769703960015382,0.09842368319876971,0.024605920799692427,0.03543252595155709,-0.05173394848135333,0.012056901191849288,0.11374086889657825,0.3188927335640138,-0.24415224913494812,0.08882737408688965,-0.14769703960015382,0.06698961937716265,0.05911572472126105,0.03844675124951941,0.12456747404844293,-0.1085121107266436,0.14769703960015382,0.07111111111111111,-0.041584006151480196,-0.006151480199923107,-0.024605920799692427,-0.14769703960015382,-0.03254133025759323,-0.16633602460592078,0.05536332179930796,,,,,0.040607012808322906,-0.08660729229450226,0.6059179306030273,0.30328866839408875,-0.4567733108997345,-0.5873836874961853,0.8288129568099976,-0.7062109708786011,-0.41929197311401367,0.46415093541145325,-0.6350610852241516,-0.6786642074584961,66.32572937011719,0.26213929057121277
EXPC2-095,130.29178355598802,47.20013505772781,-0.05536332179930796,0.044844290657439445,0.2288965782391388,-0.3278123798539023,0.000984236831987697,0.022206843521722412,-0.28444444444444444,0.2364628988850442,0.019930795847750864,-0.03543252595155709,0.16633602460592078,-0.09842368319876971,-0.10340638216070744,0.07111111111111111,-0.2364628988850442,0.14173010380622836,0.13016532103037293,-0.019930795847750864,-0.08882737408688965,0.008858131487889272,0.05173394848135333,-0.03844675124951941,0.16000000000000003,-0.09842368319876971,0.017777777777777778,0.16000000000000003,-0.017777777777777778,-0.03543252595155709,0.39369473279507883,-0.002214532871972318,0.017777777777777778,0.04822760476739715,-0.04822760476739715,0.0629911572472126,-0.05911572472126105,0.28444444444444444,0.003014225297962322,0.041584006151480196,-0.0271280276816609,0.07111111111111111,-0.029773164167627833,-0.029773164167627833,-0.04822760476739715,0.06698961937716265,0.022206843521722412,0.14173010380622836,0.12456747404844293,-0.14173010380622836,0.09842368319876971,-0.14769703960015382,0.19986159169550174,-0.04822760476739715,-0.03254133025759323,0.029773164167627833,0.008858131487889272,0.03543252595155709,0.041584006151480196,0.010396001537870049,0.05911572472126105,-0.09842368319876971,-0.2069357939254133,-0.029773164167627833,-0.03844675124951941,-0.10340638216070744,,,,,0.019171440973877907,-0.024930747225880623,0.8066105246543884,0.3091592788696289,-0.3941647708415985,-0.40050947666168213,0.4997275173664093,-0.49809470772743225,-0.47835925221443176,0.33743491768836975,-0.4711087942123413,-0.4111851751804352,222.2737274169922,0.16319327056407928
EXPC2-096,132.44774023787485,49.29285034361265,-0.022206843521722412,-0.019930795847750864,0.14769703960015382,-0.16633602460592078,-0.017777777777777778,-0.12456747404844293,-0.2519646289888504,0.2599000384467512,0.12456747404844293,0.04822760476739715,0.11374086889657825,-0.01574778931180315,-0.05911572472126105,-0.05911572472126105,-0.186082276047674,0.17279507881584008,0.08421376393694734,-0.05911572472126105,-0.14769703960015382,0.008858131487889272,0.12456747404844293,-0.041584006151480196,0.13588619761630144,-0.10340638216070744,-0.05911572472126105,0.13016532103037293,0.00024605920799692423,-0.03254133025759323,0.2679584775086506,0.03543252595155709,0.022206843521722412,0.12456747404844293,-0.017777777777777778,0.044844290657439445,-0.029773164167627833,0.2364628988850442,0.17279507881584008,0.0271280276816609,-0.041584006151480196,-0.10340638216070744,0.024605920799692427,0.0629911572472126,-0.19986159169550174,0.0629911572472126,0.04822760476739715,0.16633602460592078,0.14173010380622836,-0.28444444444444444,-0.022206843521722412,-0.13588619761630144,0.2364628988850442,-0.07535563244905807,-0.12456747404844293,0.08882737408688965,0.05536332179930796,0.044844290657439445,-0.010396001537870049,-0.11909265667051133,-0.010396001537870049,-0.17937716262975778,-0.24415224913494812,0.1085121107266436,-0.019930795847750864,-0.017777777777777778,,,,,0.0057349358685314655,-0.01659652218222618,0.7578424215316772,0.10974930226802826,-0.19031968712806702,0.24798525869846344,0.7416585087776184,-0.6417141556739807,-0.48315203189849854,0.4217536151409149,-0.5834363698959351,-0.6079115867614746,977.44775390625,0.15745660662651062
EXPC2-097,133.1793282052618,45.00968306893077,-0.024605920799692427,0.017777777777777778,0.12456747404844293,-0.2069357939254133,0.010396001537870049,-0.15378700499807765,-0.24415224913494812,0.2519646289888504,-0.041584006151480196,0.06698961937716265,0.04822760476739715,-0.09356401384083046,-0.11374086889657825,0.022206843521722412,-0.29287197231833906,0.13588619761630144,-0.000984236831987697,-0.12456747404844293,-0.11374086889657825,0.09356401384083046,0.05536332179930796,-0.03254133025759323,0.05911572472126105,-0.041584006151480196,0.07972318339100345,0.17937716262975778,0.010396001537870049,-0.07535563244905807,0.37425605536332185,-0.05911572472126105,-0.04822760476739715,0.004982698961937716,-0.13588619761630144,-0.0015378700499807767,-0.05911572472126105,0.3014225297962323,0.21413302575932336,0.04822760476739715,0.041584006151480196,-0.03844675124951941,-0.01574778931180315,-0.05911572472126105,-0.19986159169550174,0.041584006151480196,0.041584006151480196,0.17279507881584008,0.22145328719723184,-0.14173010380622836,0.0629911572472126,-0.022206843521722412,0.17937716262975778,-0.03543252595155709,-0.029773164167627833,-0.004982698961937716,-0.008858131487889272,0.03254133025759323,0.09842368319876971,-0.024605920799692427,0.010396001537870049,-0.11909265667051133,-0.19986159169550174,0.01384083044982699,-0.08421376393694734,0.010396001537870049,,,,,0.02451394684612751,-0.03885714337229729,0.7019984722137451,0.312095582485199,-0.3984085023403168,-0.2811410427093506,0.7620495557785034,-0.6088858842849731,-0.37552061676979065,0.6047516465187073,-0.5995694398880005,-0.5562183260917664,69.8727035522461,0.056132856756448746
EXPC2-098,134.83546226306456,47.56772567198952,-0.0629911572472126,-0.044844290657439445,0.21413302575932336,-0.1929104190695886,0.006151480199923107,-0.13016532103037293,-0.24415224913494812,0.33685505574778934,0.08421376393694734,-0.0005536332179930795,0.17937716262975778,-0.05536332179930796,-0.09356401384083046,0.0271280276816609,-0.28444444444444444,0.14769703960015382,0.05536332179930796,-0.04822760476739715,-0.14173010380622836,-0.004982698961937716,0.13588619761630144,0.05536332179930796,0.029773164167627833,-0.08882737408688965,0.04822760476739715,0.11374086889657825,-0.022206843521722412,0.03844675124951941,0.34602076124567477,-0.041584006151480196,-0.029773164167627833,-0.03254133025759323,-0.16633602460592078,0.10340638216070744,-0.05536332179930796,0.24415224913494812,0.12456747404844293,-0.08421376393694734,-0.0271280276816609,-0.07972318339100345,-0.0271280276816609,-0.022206843521722412,-0.05911572472126105,0.09842368319876971,-0.002214532871972318,0.16633602460592078,0.1929104190695886,-0.1929104190695886,0.08882737408688965,-0.08421376393694734,0.10340638216070744,-0.019930795847750864,-0.05173394848135333,-0.003014225297962322,0.002214532871972318,0.16000000000000003,0.10340638216070744,-0.003936947327950788,0.006151480199923107,-0.08882737408688965,-0.186082276047674,0.012056901191849288,-0.10340638216070744,-0.0271280276816609,,,,,0.07505305856466293,-0.10511701554059982,0.5762445330619812,0.328657329082489,-0.45534366369247437,-0.38334885239601135,0.887445867061615,-0.7561332583427429,-0.4931506812572479,0.6008403301239014,-0.6585820913314819,-0.5909090638160706,84.22059631347656,0.053358353674411774
EXPC2-099,134.23502832715906,48.597554313704144,0.008858131487889272,0.03844675124951941,0.10340638216070744,-0.28444444444444444,0.017777777777777778,-0.07535563244905807,-0.2599000384467512,0.2288965782391388,-0.024605920799692427,-0.012056901191849288,0.017777777777777778,-0.0629911572472126,-0.16000000000000003,0.05173394848135333,-0.17937716262975778,0.2599000384467512,0.03844675124951941,-0.08882737408688965,-0.05536332179930796,0.05173394848135333,0.04822760476739715,0.012056901191849288,0.09356401384083046,-0.019930795847750864,-0.01574778931180315,0.13016532103037293,0.06698961937716265,-0.1085121107266436,0.36472126105344094,-0.07972318339100345,-0.029773164167627833,-0.01384083044982699,-0.15378700499807765,0.01384083044982699,-0.029773164167627833,0.3188927335640138,0.19986159169550174,0.08421376393694734,0.008858131487889272,-0.044844290657439445,0.08882737408688965,0.029773164167627833,-0.186082276047674,0.05173394848135333,0.08882737408688965,0.1929104190695886,0.14173010380622836,-0.09842368319876971,0.08421376393694734,-0.03844675124951941,0.21413302575932336,-0.14769703960015382,-0.05536332179930796,-0.017777777777777778,-0.022206843521722412,-0.01574778931180315,0.00024605920799692423,-0.05911572472126105,0.017777777777777778,-0.09356401384083046,-0.22145328719723184,0.05536332179930796,-0.11374086889657825,0.008858131487889272,,,,,0.027060886844992638,-0.05664754658937454,0.8078300356864929,0.2079395055770874,-0.36538460850715637,-0.41420117020606995,0.8608590364456177,-0.7046273350715637,-0.4673551023006439,0.18701298534870148,-0.2386590540409088,0.1522020697593689,48.64823913574219,0.04811146482825279
EXPC2-100,131.7995159288542,43.81600171939275,-0.01384083044982699,-0.044844290657439445,0.21413302575932336,-0.3188927335640138,0.0271280276816609,0.019930795847750864,-0.2519646289888504,0.16000000000000003,-0.01574778931180315,0.041584006151480196,0.012056901191849288,-0.11374086889657825,-0.15378700499807765,0.14173010380622836,-0.24415224913494812,0.1929104190695886,0.029773164167627833,-0.010396001537870049,-0.17279507881584008,0.03543252595155709,-0.01384083044982699,0.03543252595155709,-0.002214532871972318,-0.022206843521722412,-0.03844675124951941,0.22145328719723184,0.029773164167627833,-0.14173010380622836,0.34602076124567477,-0.08421376393694734,-0.041584006151480196,0.06698961937716265,-0.16000000000000003,-0.03543252595155709,-0.044844290657439445,0.34602076124567477,0.0629911572472126,0.008858131487889272,-0.002214532871972318,-0.07972318339100345,0.024605920799692427,-0.05911572472126105,-0.07535563244905807,0.022206843521722412,0.07972318339100345,0.08882737408688965,0.22145328719723184,-0.07535563244905807,0.07535563244905807,-0.11374086889657825,0.13588619761630144,-0.0629911572472126,0.07111111111111111,0.13588619761630144,-0.04822760476739715,0.006151480199923107,-0.029773164167627833,-0.07111111111111111,0.0629911572472126,-0.003014225297962322,-0.17279507881584008,-0.0629911572472126,-0.11909265667051133,0.006151480199923107,,,,,0.03544262796640396,-0.044315677136182785,0.7266293168067932,0.2594936788082123,-0.36887359619140625,-0.4566987454891205,0.6928044557571411,-0.5911554098129272,-0.3977327048778534,0.4749498963356018,-0.5593220591545105,-0.5448577404022217,26.937654495239258,0.26213929057121277
EXPC2-101,132.53721244017316,44.37906573947886,-0.05911572472126105,-0.03543252595155709,0.10340638216070744,-0.2679584775086506,-0.017777777777777778,-0.03844675124951941,-0.2288965782391388,0.14769703960015382,-0.08882737408688965,0.0629911572472126,-0.0629911572472126,-0.16633602460592078,-0.1085121107266436,0.07535563244905807,-0.31009611687812383,0.2679584775086506,-0.006151480199923107,-0.13588619761630144,-0.07972318339100345,0.041584006151480196,-0.1085121107266436,-0.05536332179930796,0.007443291041906958,0.04822760476739715,0.03844675124951941,0.05911572472126105,0.041584006151480196,-0.12456747404844293,0.36472126105344094,-0.07111111111111111,-0.029773164167627833,-0.06698961937716265,-0.13016532103037293,-0.03254133025759323,-0.07535563244905807,0.33685505574778934,0.1085121107266436,0.03543252595155709,0.041584006151480196,0.041584006151480196,-0.024605920799692427,0.03254133025759323,-0.21413302575932336,-0.003936947327950788,0.07535563244905807,0.08421376393694734,0.15378700499807765,-0.07972318339100345,0.09356401384083046,-0.06698961937716265,0.17279507881584008,-0.13588619761630144,-0.03844675124951941,0.010396001537870049,0.01574778931180315,-0.0629911572472126,-0.019930795847750864,-0.12456747404844293,0.003936947327950788,-0.01574778931180315,-0.21413302575932336,-0.07535563244905807,-0.1085121107266436,0.1085121107266436,,,,,0.003380825975909829,-0.017509490251541138,0.8007181286811829,0.6481888294219971,-0.6190861463546753,-0.4546507000923157,0.8596801161766052,-0.7004935145378113,-0.38976234197616577,0.4419189393520355,-0.5568875670433044,-0.46255144476890564,74.34378814697266,0.06434763222932816
EXPC2-102,132.78802206749933,44.373675847774145,-0.0629911572472126,0.07111111111111111,0.2069357939254133,-0.21413302575932336,0.041584006151480196,-0.08421376393694734,-0.2069357939254133,0.29287197231833906,0.006151480199923107,0.07111111111111111,0.05911572472126105,-0.10340638216070744,-0.14173010380622836,0.07111111111111111,-0.29287197231833906,0.17937716262975778,0.07535563244905807,-0.08421376393694734,-0.16000000000000003,0.03254133025759323,-0.006151480199923107,-0.024605920799692427,0.09356401384083046,-0.05911572472126105,0.044844290657439445,0.1085121107266436,-0.044844290657439445,-0.12456747404844293,0.33685505574778934,-0.05911572472126105,-0.05536332179930796,0.03844675124951941,-0.14173010380622836,0.044844290657439445,-0.022206843521722412,0.3188927335640138,0.1085121107266436,0.05536332179930796,-0.017777777777777778,-0.017777777777777778,0.024605920799692427,0.012056901191849288,-0.1085121107266436,0.04822760476739715,0.006151480199923107,0.14769703960015382,0.2069357939254133,-0.14173010380622836,0.09842368319876971,-0.09842368319876971,0.16633602460592078,0.024605920799692427,-0.04822760476739715,0.09842368319876971,0.006151480199923107,0.04822760476739715,0.019930795847750864,-0.01384083044982699,0.008858131487889272,-0.06698961937716265,-0.2519646289888504,-0.07972318339100345,-0.13016532103037293,0.022206843521722412,,,,,0.0,-0.010172939859330654,0.7494100332260132,0.2336297482252121,-0.35644444823265076,-0.40777096152305603,0.7272372245788574,-0.6131386756896973,-0.4051627516746521,0.5123558640480042,-0.5777714252471924,-0.5718849897384644,103.99593353271484,0.06434763222932816
EXPC2-103,130.4211409569012,45.31439161330411,-0.08421376393694734,0.12456747404844293,0.2069357939254133,-0.17937716262975778,-0.022206843521722412,-0.09842368319876971,-0.24415224913494812,0.4982698961937717,0.11909265667051133,0.0271280276816609,0.08421376393694734,-0.16633602460592078,-0.041584006151480196,0.0629911572472126,-0.1929104190695886,0.14173010380622836,0.09356401384083046,0.05173394848135333,-0.17937716262975778,-0.04822760476739715,0.01574778931180315,0.044844290657439445,0.07535563244905807,-0.01574778931180315,0.11909265667051133,0.13016532103037293,-0.041584006151480196,0.008858131487889272,0.3014225297962323,0.0015378700499807767,0.002214532871972318,-0.01384083044982699,-0.07535563244905807,0.16000000000000003,0.019930795847750864,0.2288965782391388,0.06698961937716265,0.012056901191849288,-0.022206843521722412,-0.008858131487889272,0.0271280276816609,0.07535563244905807,0.012056901191849288,-0.10340638216070744,-0.041584006151480196,0.17937716262975778,0.11374086889657825,-0.022206843521722412,0.024605920799692427,-0.14173010380622836,0.14173010380622836,0.007443291041906958,-0.01574778931180315,0.041584006151480196,0.05173394848135333,0.10340638216070744,0.11909265667051133,0.10340638216070744,-0.04822760476739715,-0.008858131487889272,-0.17937716262975778,-0.05911572472126105,-0.09842368319876971,-0.0629911572472126,,,,,0.05853588506579399,-0.09550979733467102,0.6575741171836853,0.28472399711608887,-0.43628013134002686,-0.518863320350647,0.8266337513923645,-0.7348832488059998,-0.5624780058860779,0.4909090995788574,-0.5793145298957825,-0.5809034705162048,397.7160949707031,0.1618894636631012
EXPC2-104,133.68705600384615,45.89398463461802,-0.010396001537870049,0.04822760476739715,0.14769703960015382,-0.2364628988850442,0.0271280276816609,-0.14173010380622836,-0.24415224913494812,0.33685505574778934,0.07111111111111111,0.05536332179930796,0.08421376393694734,-0.041584006151480196,-0.11374086889657825,0.03543252595155709,-0.28444444444444444,0.17937716262975778,0.029773164167627833,-0.11909265667051133,-0.09356401384083046,0.03844675124951941,0.06698961937716265,0.05173394848135333,0.04822760476739715,-0.07535563244905807,0.01574778931180315,0.07972318339100345,-0.022206843521722412,-0.008858131487889272,0.36472126105344094,-0.03844675124951941,0.012056901191849288,-0.012056901191849288,-0.15378700499807765,0.022206843521722412,-0.07535563244905807,0.3188927335640138,0.11909265667051133,0.012056901191849288,0.004982698961937716,0.003014225297962322,0.022206843521722412,0.03254133025759323,-0.12456747404844293,0.0271280276816609,0.05173394848135333,0.17937716262975778,0.17937716262975778,-0.15378700499807765,0.07535563244905807,-0.09842368319876971,0.16000000000000003,-0.03254133025759323,-0.08882737408688965,-0.03844675124951941,-0.022206843521722412,0.08421376393694734,0.07111111111111111,-0.017777777777777778,-0.022206843521722412,-0.13016532103037293,-0.2364628988850442,0.012056901191849288,-0.07972318339100345,0.003014225297962322,,,,,0.04182617366313934,-0.07710348814725876,0.6612136960029602,0.3953212797641754,-0.4930291473865509,-0.43701618909835815,0.8349004983901978,-0.6706819534301758,-0.42056402564048767,0.5961209535598755,-0.6625074148178101,-0.595008909702301,97.3678207397461,0.056132856756448746
EXPC2-105,132.07547838413572,48.06000244768702,-0.024605920799692427,0.04822760476739715,0.14769703960015382,-0.28444444444444444,-0.019930795847750864,-0.10340638216070744,-0.2599000384467512,0.28444444444444444,0.003936947327950788,0.05173394848135333,0.05173394848135333,-0.07535563244905807,-0.11374086889657825,0.05536332179930796,-0.17279507881584008,0.2288965782391388,0.0629911572472126,-0.15378700499807765,-0.11909265667051133,0.01574778931180315,0.03254133025759323,-0.004982698961937716,0.05536332179930796,-0.03254133025759323,0.022206843521722412,0.11909265667051133,0.05173394848135333,-0.09842368319876971,0.3553094963475586,-0.07111111111111111,-0.03844675124951941,0.03543252595155709,-0.14173010380622836,-0.022206843521722412,-0.05536332179930796,0.3278123798539023,0.10340638216070744,0.03543252595155709,-0.022206843521722412,-0.0005536332179930795,0.05173394848135333,0.008858131487889272,-0.186082276047674,0.024605920799692427,0.09356401384083046,0.17937716262975778,0.16633602460592078,-0.06698961937716265,0.13016532103037293,-0.041584006151480196,0.186082276047674,-0.06698961937716265,-0.05911572472126105,0.029773164167627833,-0.03543252595155709,0.019930795847750864,0.029773164167627833,-0.07111111111111111,-0.029773164167627833,-0.10340638216070744,-0.2599000384467512,-0.00024605920799692423,-0.09842368319876971,0.05173394848135333,,,,,0.011746777221560478,-0.03105991892516613,0.7922202348709106,0.26435592770576477,-0.47140276432037354,-0.2927909791469574,0.8734545707702637,-0.7210623025894165,-0.4403485357761383,0.5912472605705261,-0.6557376980781555,-0.4844868779182434,102.48176574707031,0.275692880153656
EXPC2-106,132.60045383617518,48.44879330265395,-0.029773164167627833,0.017777777777777778,0.17937716262975778,-0.24415224913494812,-0.04822760476739715,-0.14173010380622836,-0.24415224913494812,0.3278123798539023,0.09356401384083046,0.03543252595155709,0.1929104190695886,-0.07535563244905807,-0.05173394848135333,0.0005536332179930795,-0.19986159169550174,0.14173010380622836,0.05173394848135333,-0.10340638216070744,-0.14769703960015382,-0.024605920799692427,0.11374086889657825,0.03254133025759323,0.044844290657439445,-0.05536332179930796,0.05173394848135333,0.12456747404844293,0.008858131487889272,0.03254133025759323,0.34602076124567477,0.003936947327950788,-0.006151480199923107,0.0629911572472126,-0.14173010380622836,0.01574778931180315,-0.05911572472126105,0.2761399461745483,0.13016532103037293,-0.024605920799692427,-0.019930795847750864,-0.1085121107266436,0.05173394848135333,-0.05911572472126105,-0.09356401384083046,0.08421376393694734,0.05911572472126105,0.16000000000000003,0.1929104190695886,-0.21413302575932336,0.1085121107266436,-0.08421376393694734,0.13016532103037293,-0.01574778931180315,-0.05911572472126105,-0.000984236831987697,-0.03543252595155709,0.11909265667051133,0.11909265667051133,-0.0271280276816609,-0.010396001537870049,-0.1085121107266436,-0.2288965782391388,0.08421376393694734,-0.05911572472126105,-0.004982698961937716,,,,,0.09367239475250244,-0.12738071382045746,0.5799036026000977,0.3345724940299988,-0.46281832456588745,-0.5210414528846741,0.8687321543693542,-0.705674409866333,-0.45821917057037354,0.5323484539985657,-0.6319001913070679,-0.48245614767074585,91.50196838378906,0.275692880153656
EXPC2-107,134.12723049306473,45.92416802816444,-0.022206843521722412,0.019930795847750864,0.07535563244905807,-0.2679584775086506,0.019930795847750864,-0.09842368319876971,-0.2519646289888504,0.19986159169550174,-0.019930795847750864,0.03254133025759323,-0.01574778931180315,-0.08421376393694734,-0.15378700499807765,0.05536332179930796,-0.2364628988850442,0.2519646289888504,0.024605920799692427,-0.12456747404844293,-0.05536332179930796,0.0629911572472126,0.017777777777777778,0.022206843521722412,0.041584006151480196,-0.029773164167627833,-0.022206843521722412,0.09356401384083046,0.07972318339100345,-0.12456747404844293,0.3839138792772011,-0.08882737408688965,0.01574778931180315,-0.007443291041906958,-0.14769703960015382,0.003014225297962322,-0.05911572472126105,0.3278123798539023,0.15378700499807765,0.09842368319876971,0.03543252595155709,-0.022206843521722412,0.03844675124951941,0.041584006151480196,-0.19986159169550174,0.03844675124951941,0.09356401384083046,0.17279507881584008,0.15378700499807765,-0.07111111111111111,0.08882737408688965,-0.03844675124951941,0.2069357939254133,-0.12456747404844293,-0.11374086889657825,0.004982698961937716,0.007443291041906958,-0.006151480199923107,-0.010396001537870049,-0.08421376393694734,0.017777777777777778,-0.11909265667051133,-0.22145328719723184,0.0271280276816609,-0.08882737408688965,0.05173394848135333,,,,,-0.010824224911630154,0.014389056712388992,0.8199924230575562,0.3333333432674408,-0.48317745327949524,-0.45774132013320923,0.8622760772705078,-0.7091807723045349,-0.47049662470817566,0.5254030823707581,-0.613775372505188,-0.6073298454284668,76.73976135253906,0.285160630941391
