point_id,lon,lat,arm,v31,orig_id,Q1,Q2,conf,note,file,invalid,truth_code,A00,A01,A02,A03,A04,A05,A06,A07,A08,A09,A10,A11,A12,A13,A14,A15,A16,A17,A18,A19,A20,A21,A22,A23,A24,A25,A26,A27,A28,A29,A30,A31,A32,A33,A34,A35,A36,A37,A38,A39,A40,A41,A42,A43,A44,A45,A46,A47,A48,A49,A50,A51,A52,A53,A54,A55,A56,A57,A58,A59,A60,A61,A62,A63,s1_vv_w,s1_vh_w,s1_vv_s,s1_vh_s,ndvi_djf,ndwi_djf,mndwi_djf,ndvi_mam,ndwi_mam,mndwi_mam,ndvi_jja,ndwi_jja,mndwi_jja,ndvi_son,ndwi_son,mndwi_son,dem,slope
EXPC-000,131.28554483904523,46.89313580937997,C_band130,1,M3C-000,否,草本旱地,中,大田均质绿被，无明水无田埂,judge_C_00.csv,False,0,-0.0325413302575932,0.0888273740868896,0.1929104190695886,-0.292871972318339,-0.0120569011918492,-0.0448442906574394,-0.3014225297962323,0.2844444444444444,0.0384467512495194,-0.1034063821607074,0.16,-0.0629911572472126,0.0222068435217224,0.0935640138408304,-0.1476970396001538,0.0984236831987697,0.0271280276816609,0.0271280276816609,-0.0629911572472126,0.0711111111111111,-0.0199307958477508,0.0297731641676278,0.1476970396001538,-0.059115724721261,-0.0669896193771626,0.186082276047674,0.1190926566705113,-0.0297731641676278,0.2844444444444444,-0.1301653210303729,-0.035432525951557,-0.0842137639369473,-0.186082276047674,0.0842137639369473,-0.0271280276816609,0.2599000384467512,0.0,0.0842137639369473,0.0797231833910034,0.035432525951557,-0.0222068435217224,0.0325413302575932,-0.0553633217993079,-0.0482276047673971,-0.0935640138408304,0.2519646289888504,0.17279507881584,-0.035432525951557,0.0669896193771626,-0.0448442906574394,0.2364628988850442,-0.0009842368319876,-0.0984236831987697,-0.035432525951557,0.0271280276816609,0.0271280276816609,0.0138408304498269,0.0797231833910034,-0.0711111111111111,-0.1998615916955017,-0.2069357939254133,-0.0415840061514801,-0.1358861976163014,-0.0271280276816609,,,,,0.0326409488916397,-0.0566801615059375,0.5785462260246277,0.1819145232439041,-0.3072865903377533,-0.316301941871643,0.6234634518623352,-0.5846753120422363,-0.51289963722229,0.2973305881023407,-0.4441142976284027,-0.2643678188323974,72.48394012451172,0.0911156833171844
EXPC-001,131.00006024175207,45.66891174018188,C_band130,1,M3C-001,否,草本旱地,低,褐土夹稀疏绿，疑休耕田,judge_C_00.csv,False,0,-0.0325413302575932,0.035432525951557,0.1358861976163014,-0.3278123798539023,-0.0448442906574394,-0.1476970396001538,-0.2761399461745483,0.2844444444444444,0.0553633217993079,0.0177777777777777,0.0271280276816609,0.0271280276816609,0.0015378700499807,0.0553633217993079,-0.1663360246059207,0.075355632449058,-0.0177777777777777,-0.0222068435217224,-0.0797231833910034,0.0517339484813533,0.0384467512495194,0.0297731641676278,0.0984236831987697,-0.0384467512495194,-0.0842137639369473,0.0888273740868896,0.0157477893118031,-0.0797231833910034,0.3100961168781238,-0.1245674740484429,0.0009842368319876,-0.0711111111111111,-0.075355632449058,0.0297731641676278,0.01039600153787,0.3100961168781238,0.0797231833910034,0.0482276047673971,0.0888273740868896,-0.0049826989619377,0.0009842368319876,0.075355632449058,-0.0797231833910034,-0.0384467512495194,-0.0517339484813533,0.2679584775086506,0.2364628988850442,-0.0711111111111111,0.0222068435217224,-0.075355632449058,0.2141330257593233,0.0448442906574394,-0.1034063821607074,0.0061514801999231,0.0271280276816609,0.0482276047673971,0.0325413302575932,0.0325413302575932,-0.0842137639369473,-0.2761399461745483,-0.2441522491349481,0.0222068435217224,-0.0711111111111111,-0.0553633217993079,,,,,0.0305338408797979,-0.031498696655035,0.7605154514312744,0.20914126932621,-0.3285143673419952,-0.4355612397193908,0.7339800596237183,-0.6590132117271423,-0.4985632300376892,0.4254316985607147,-0.5355129837989807,-0.4512154459953308,421.9732971191406,0.1022680774331092
EXPC-002,132.7621955030809,46.84013520761692,C_band130,1,M3C-002,否,草地,中,田块间条带绿被，无湿迹,judge_C_00.csv,False,11,-0.0199307958477508,-0.0325413302575932,0.1034063821607074,-0.3278123798539023,-0.0222068435217224,-0.1301653210303729,-0.2844444444444444,0.2364628988850442,0.0271280276816609,-0.0482276047673971,0.0888273740868896,-0.0199307958477508,-0.0138408304498269,0.0797231833910034,-0.16,0.1358861976163014,-0.0039369473279507,-0.0482276047673971,-0.0797231833910034,0.1137408688965782,-0.0049826989619377,0.0138408304498269,0.0984236831987697,-0.0629911572472126,-0.1085121107266436,0.1998615916955017,0.1245674740484429,-0.0120569011918492,0.3278123798539023,-0.2069357939254133,-0.0384467512495194,-0.1245674740484429,-0.1137408688965782,0.0384467512495194,-6.151480199923106e-05,0.2844444444444444,0.0517339484813533,0.0517339484813533,0.0984236831987697,-0.0297731641676278,-0.059115724721261,0.0553633217993079,-0.075355632449058,-0.0517339484813533,-0.059115724721261,0.2288965782391388,0.2069357939254133,0.0074432910419069,0.0297731641676278,0.0157477893118031,0.1998615916955017,-0.0246059207996924,-0.1190926566705113,-0.0009842368319876,0.0517339484813533,0.075355632449058,0.0384467512495194,0.0384467512495194,-0.0271280276816609,-0.2364628988850442,-0.1929104190695886,0.0199307958477508,-0.1034063821607074,-0.0049826989619377,,,,,0.0790665298700332,-0.1228706017136573,0.6875871419906616,0.3129943609237671,-0.3418013751506805,-0.3455798029899597,0.8178167939186096,-0.6948993802070618,-0.5126144886016846,0.4912764132022857,-0.6059332489967346,-0.4235081374645233,56.08384323120117,0.0648872405290603
EXPC-003,130.4098671000855,45.34318261816014,C_band130,1,M3C-003,否,水田,低,灰绿湿润细纹，疑泡田稻田,judge_C_00.csv,False,3,-0.0984236831987697,0.0448442906574394,0.1034063821607074,-0.2599000384467512,-0.0415840061514801,-0.1190926566705113,-0.3014225297962323,0.3460207612456747,0.0935640138408304,-0.0157477893118031,0.0629911572472126,0.0246059207996924,0.0157477893118031,0.1085121107266436,-0.1137408688965782,0.1085121107266436,0.0669896193771626,-0.0935640138408304,-0.0842137639369473,-0.0177777777777777,-0.0074432910419069,-0.0325413302575932,0.0888273740868896,-0.0120569011918492,-0.0517339484813533,0.1663360246059207,0.0984236831987697,-0.0074432910419069,0.2844444444444444,-0.17279507881584,-0.0553633217993079,-0.0842137639369473,-0.0711111111111111,-0.0088581314878892,0.0711111111111111,0.2679584775086506,0.0157477893118031,0.0669896193771626,0.0888273740868896,0.0049826989619377,-0.0199307958477508,0.0246059207996924,-0.0325413302575932,-0.1137408688965782,-0.0797231833910034,0.2288965782391388,0.2214532871972318,-0.0325413302575932,-0.0039369473279507,0.0015378700499807,0.186082276047674,0.0482276047673971,-0.1137408688965782,0.0199307958477508,0.1245674740484429,0.0711111111111111,0.0517339484813533,0.0517339484813533,-0.0711111111111111,-0.292871972318339,-0.2214532871972318,-0.0138408304498269,-0.035432525951557,-0.0157477893118031,,,,,0.0136531004682183,-0.0407842360436916,0.8048473596572876,0.2245681434869766,-0.3422159850597381,-0.5453223586082458,0.8341825008392334,-0.7656894326210022,-0.5036599636077881,0.2723604440689087,-0.4025203883647918,-0.0161733292043209,290.3312072753906,0.1618894636631012
EXPC-004,130.1096501321328,45.99994092237993,C_band130,1,M3C-004,是,草本沼泽,低,绿褐混杂植被，邻暗湿块,judge_C_00.csv,False,15,-0.0669896193771626,0.1358861976163014,0.1301653210303729,-0.3014225297962323,-0.0553633217993079,-0.0935640138408304,-0.2519646289888504,0.4035986159169549,0.1358861976163014,-0.0482276047673971,0.0246059207996924,0.0415840061514801,0.0138408304498269,0.0415840061514801,-0.1137408688965782,0.1358861976163014,0.0448442906574394,0.035432525951557,-0.0888273740868896,0.0325413302575932,6.151480199923106e-05,0.0842137639369473,0.1190926566705113,0.0482276047673971,-0.0061514801999231,0.0199307958477508,0.0935640138408304,-0.01039600153787,0.1663360246059207,-0.0669896193771626,-0.0448442906574394,-0.1245674740484429,-0.059115724721261,0.0022145328719723,-6.151480199923106e-05,0.2599000384467512,-0.0157477893118031,0.0325413302575932,0.0984236831987697,0.0061514801999231,-0.0384467512495194,0.1190926566705113,0.0022145328719723,-0.1417301038062283,-0.1137408688965782,0.3014225297962323,0.2069357939254133,-0.075355632449058,-0.01039600153787,-0.0482276047673971,0.1998615916955017,0.0222068435217224,-0.1085121107266436,-0.0669896193771626,0.0448442906574394,0.0325413302575932,-0.01039600153787,0.0984236831987697,-0.0888273740868896,-0.17279507881584,-0.186082276047674,-0.0517339484813533,-0.2214532871972318,-0.0984236831987697,,,,,0.0447057224810123,-0.0986324697732925,0.6362466812133789,0.173760637640953,-0.3295519053936004,-0.5085238814353943,0.8588972091674805,-0.7783920764923096,-0.5804622769355774,0.2798507511615753,-0.4336467981338501,-0.4516944885253906,262.8933410644531,0.1618894636631012
EXPC-005,130.01119477699328,44.628482978114654,C_band130,1,M3C-005,否,草地,中,均匀草绿无湿斑，邻林带,judge_C_00.csv,False,11,0.0271280276816609,-0.0120569011918492,0.1417301038062283,-0.3368550557477893,0.0448442906574394,-0.0629911572472126,-0.2599000384467512,0.1998615916955017,0.0199307958477508,0.0415840061514801,0.0246059207996924,0.0030142252979623,-0.059115724721261,0.0482276047673971,-0.1929104190695886,0.0984236831987697,0.0325413302575932,0.01039600153787,-0.1663360246059207,0.1358861976163014,0.0074432910419069,-0.01039600153787,0.1085121107266436,-0.1085121107266436,-0.1663360246059207,0.0669896193771626,0.0448442906574394,-0.1085121107266436,0.292871972318339,-0.1137408688965782,0.0049826989619377,-0.0797231833910034,-0.0074432910419069,0.0711111111111111,0.0049826989619377,0.292871972318339,0.0448442906574394,0.0384467512495194,0.0553633217993079,0.0157477893118031,-0.1085121107266436,0.0669896193771626,-0.0888273740868896,-0.0120569011918492,-0.0271280276816609,0.2599000384467512,0.2069357939254133,-0.1301653210303729,-0.0711111111111111,-0.0415840061514801,0.2599000384467512,0.0061514801999231,-0.1085121107266436,0.1245674740484429,0.0246059207996924,0.0842137639369473,-0.0797231833910034,0.035432525951557,-0.059115724721261,-0.186082276047674,-0.2364628988850442,0.0049826989619377,-0.0797231833910034,-0.0553633217993079,-17.70955543586903,-26.86179199249761,-11.036424968961294,-18.389861478786106,0.0331993177533149,-0.057122379541397,0.7654335498809814,0.171724647283554,-0.3088052868843078,-0.4536840319633484,0.4084821343421936,-0.4163860976696014,-0.4326241016387939,0.4177832007408142,-0.5335968136787415,-0.4477379024028778,465.6633911132813,0.130340114235878
EXPC-006,130.42262317712002,43.11015048489584,C_band130,1,M3C-006,否,不透水面,低,村舍旁院落土面，或近裸地,judge_C_00.csv,False,21,-0.0711111111111111,-0.1085121107266436,0.2519646289888504,-0.3014225297962323,-0.0039369473279507,-0.075355632449058,-0.2364628988850442,0.2069357939254133,-0.0482276047673971,0.0246059207996924,0.1034063821607074,-0.0711111111111111,0.0297731641676278,0.0448442906574394,-0.2288965782391388,-0.0482276047673971,0.035432525951557,0.1476970396001538,-0.1476970396001538,0.0138408304498269,-0.0517339484813533,-0.0030142252979623,0.1137408688965782,0.0022145328719723,-0.0553633217993079,0.1998615916955017,-0.0517339484813533,-0.0629911572472126,0.2214532871972318,-0.1476970396001538,-0.0711111111111111,-0.1034063821607074,-0.0246059207996924,0.0482276047673971,-0.0384467512495194,0.2288965782391388,0.0157477893118031,-0.035432525951557,0.1301653210303729,-0.0448442906574394,0.0271280276816609,-0.0517339484813533,-0.0246059207996924,0.1190926566705113,-0.0384467512495194,0.1929104190695886,0.292871972318339,-0.059115724721261,0.0797231833910034,-0.2069357939254133,0.16,0.1301653210303729,0.0199307958477508,0.1476970396001538,0.0553633217993079,0.059115724721261,0.0553633217993079,0.059115724721261,-0.0842137639369473,-0.0984236831987697,-0.2519646289888504,-0.0271280276816609,-0.0984236831987697,-0.0935640138408304,-11.244733664911966,-19.77200023005726,-9.594133367908135,-16.13991998021527,0.0364077687263488,-0.0888227820396423,0.397653192281723,0.2394366264343261,-0.3473384380340576,-0.5152717232704163,0.599075198173523,-0.5816518664360046,-0.5126919746398926,0.3413751423358917,-0.4320669770240783,-0.5223395824432373,289.65802001953125,0.1514522582292556
EXPC-007,131.1408262467736,45.42798358098103,C_band130,1,M3C-007,否,草本旱地,低,大田翻耕裸土带犁纹,judge_C_00.csv,False,0,-0.0842137639369473,0.0935640138408304,0.1190926566705113,-0.2761399461745483,-0.0482276047673971,-0.1417301038062283,-0.2844444444444444,0.3188927335640138,0.1190926566705113,-0.0325413302575932,0.0448442906574394,0.0842137639369473,-0.01039600153787,0.17279507881584,-0.0711111111111111,0.1034063821607074,0.0711111111111111,-0.1190926566705113,-0.1301653210303729,-0.0157477893118031,0.0177777777777777,-0.0297731641676278,0.1137408688965782,0.0049826989619377,-0.0888273740868896,0.1358861976163014,0.0482276047673971,-0.0246059207996924,0.2599000384467512,-0.1537870049980776,-0.0022145328719723,-0.0797231833910034,-0.0138408304498269,-0.0553633217993079,0.0797231833910034,0.2761399461745483,0.0482276047673971,0.1358861976163014,0.0935640138408304,0.0088581314878892,-0.0002460592079969,0.0297731641676278,-0.0157477893118031,-0.1245674740484429,-0.0935640138408304,0.1929104190695886,0.1998615916955017,-0.0177777777777777,0.0297731641676278,0.0199307958477508,0.16,0.0669896193771626,-0.0984236831987697,0.0629911572472126,0.1301653210303729,0.0711111111111111,0.0222068435217224,-0.0246059207996924,-0.0629911572472126,-0.292871972318339,-0.2441522491349481,0.0030142252979623,-0.0984236831987697,0.0297731641676278,,,,,0.0033163568004965,-0.0226353593170642,0.849880039691925,0.150476187467575,-0.2524624168872833,-0.3173964619636535,0.5858453512191772,-0.5783981084823608,-0.4814696013927459,0.3508997559547424,-0.5242929458618164,-0.4558274447917938,238.36492919921875,0.1022680774331092
EXPC-008,130.64001547587696,46.59579345033641,C_band130,1,M3C-008,是,草本沼泽,中,暗绿湿草斑块，旁有土道,judge_C_00.csv,False,15,-0.075355632449058,0.0517339484813533,0.1137408688965782,-0.2761399461745483,-0.0297731641676278,-0.1358861976163014,-0.2844444444444444,0.3278123798539023,0.1190926566705113,-0.0199307958477508,0.0669896193771626,0.0297731641676278,0.0271280276816609,0.1245674740484429,-0.1537870049980776,0.16,0.075355632449058,-0.0842137639369473,-0.0984236831987697,-0.0138408304498269,0.0271280276816609,-0.0199307958477508,0.0553633217993079,-0.0246059207996924,-0.1085121107266436,0.1034063821607074,0.0797231833910034,-0.0517339484813533,0.3278123798539023,-0.1537870049980776,-0.0415840061514801,-0.059115724721261,-0.0984236831987697,0.0088581314878892,0.0157477893118031,0.3014225297962323,-0.0022145328719723,0.075355632449058,0.0482276047673971,0.000553633217993,-0.035432525951557,0.0448442906574394,-0.0482276047673971,-0.0482276047673971,-0.059115724721261,0.2214532871972318,0.186082276047674,-0.0138408304498269,0.0246059207996924,-0.075355632449058,0.186082276047674,0.0297731641676278,-0.1245674740484429,0.0553633217993079,0.0797231833910034,0.0935640138408304,0.0517339484813533,0.0039369473279507,-0.0297731641676278,-0.2519646289888504,-0.2519646289888504,-0.0325413302575932,-0.0199307958477508,0.0061514801999231,,,,,0.0138480905443429,-0.0449826978147029,0.8405751585960388,0.2168284803628921,-0.3515456616878509,-0.4629353880882263,0.6734142899513245,-0.5972520112991333,-0.3477051556110382,0.4149253666400909,-0.566165566444397,-0.5146026015281677,171.81878662109375,0.0630452111363411
EXPC-009,130.6575326239173,44.83752094472926,C_band130,1,M3C-009,是,草本沼泽,低,深色湿草带与旱田交界,judge_C_00.csv,False,15,-0.0415840061514801,0.0088581314878892,0.0797231833910034,-0.2679584775086506,-0.0177777777777777,-0.1537870049980776,-0.2679584775086506,0.292871972318339,0.0199307958477508,0.0842137639369473,-0.0271280276816609,0.0222068435217224,-0.0157477893118031,0.0842137639369473,-0.1663360246059207,0.0842137639369473,-0.0022145328719723,-0.035432525951557,-0.075355632449058,0.0222068435217224,-0.0222068435217224,0.0088581314878892,0.075355632449058,-0.0246059207996924,-0.0797231833910034,0.1245674740484429,0.0271280276816609,-0.0325413302575932,0.292871972318339,-0.16,-0.0415840061514801,-0.0888273740868896,-0.1301653210303729,0.0030142252979623,0.0842137639369473,0.3014225297962323,0.0984236831987697,0.0711111111111111,0.0935640138408304,0.0482276047673971,-0.0415840061514801,0.0482276047673971,-0.1034063821607074,-0.0711111111111111,-0.0629911572472126,0.2844444444444444,0.2214532871972318,-0.059115724721261,-0.0325413302575932,-0.0711111111111111,0.2364628988850442,0.0246059207996924,-0.0553633217993079,0.0415840061514801,0.0482276047673971,-0.0246059207996924,-0.0297731641676278,0.0177777777777777,-0.0984236831987697,-0.2599000384467512,-0.2761399461745483,-0.0120569011918492,-0.059115724721261,-0.0384467512495194,,,,,0.0061707124114036,-0.0249194353818893,0.796590268611908,0.1451838016510009,-0.2711776793003082,-0.3172855973243713,0.6372172236442566,-0.5066771507263184,-0.4935483932495117,0.3843575417995453,-0.5360297560691833,-0.4465804100036621,488.3077392578125,0.130340114235878
EXPC-010,130.15384724411146,42.99444747630125,C_band130,1,M3C-010,否,草本旱地,低,细纹均质田面，无湿迹,judge_C_00.csv,False,0,-0.0222068435217224,-0.0384467512495194,0.3100961168781238,-0.3278123798539023,-0.0157477893118031,0.0448442906574394,-0.2679584775086506,0.2364628988850442,-0.0049826989619377,-0.0797231833910034,0.2679584775086506,-0.0297731641676278,0.0157477893118031,0.0553633217993079,-0.1417301038062283,-0.0888273740868896,0.0482276047673971,0.0842137639369473,-0.1663360246059207,0.0629911572472126,-0.035432525951557,0.0297731641676278,0.1417301038062283,0.0049826989619377,-0.0797231833910034,0.1245674740484429,-0.0297731641676278,-0.1998615916955017,0.1358861976163014,-0.0222068435217224,-0.1085121107266436,0.0199307958477508,0.0015378700499807,0.1537870049980776,-0.1793771626297577,0.0842137639369473,-0.0074432910419069,0.0297731641676278,0.1793771626297577,0.0199307958477508,0.0246059207996924,0.0297731641676278,0.0629911572472126,0.0842137639369473,-0.0629911572472126,0.1190926566705113,0.2288965782391388,-0.0629911572472126,0.186082276047674,-0.1190926566705113,0.2288965782391388,0.1034063821607074,-0.0888273740868896,0.0669896193771626,-0.0088581314878892,0.059115724721261,0.0138408304498269,-0.0009842368319876,-0.1417301038062283,-0.1034063821607074,-0.2141330257593233,-0.0325413302575932,-0.1190926566705113,-0.0039369473279507,-17.404107567347786,-24.96041972687392,-8.58453900514342,-15.62460442691986,0.1681729555130005,-0.238399401307106,-0.2376833409070968,0.1742372810840606,-0.2633114457130432,-0.378078818321228,0.6174699068069458,-0.5915040969848633,-0.4765822887420654,0.3115255236625671,-0.4412901103496551,-0.4997743964195251,66.56880187988281,0.3186671435832977
EXPC-011,131.10381565706786,46.31336312500923,C_band130,1,M3C-011,是,草本沼泽,低,翻耕田中暗绿湿斑，疑水泡,judge_C_00.csv,False,15,-0.0009842368319876,0.035432525951557,0.0984236831987697,-0.3742560553633218,0.059115724721261,-0.0711111111111111,-0.2519646289888504,0.2288965782391388,0.0039369473279507,0.0039369473279507,-0.0088581314878892,-0.0138408304498269,-0.0842137639369473,0.059115724721261,-0.2441522491349481,0.1793771626297577,0.0415840061514801,0.0199307958477508,-0.0517339484813533,0.0984236831987697,-0.0120569011918492,0.0553633217993079,0.1085121107266436,-0.075355632449058,-0.0797231833910034,0.0797231833910034,0.0629911572472126,-0.1137408688965782,0.292871972318339,-0.1663360246059207,-0.0669896193771626,-0.075355632449058,-0.0984236831987697,0.0842137639369473,-0.059115724721261,0.2288965782391388,0.0448442906574394,0.0448442906574394,0.1085121107266436,0.0629911572472126,0.0482276047673971,0.1301653210303729,-0.0842137639369473,0.0199307958477508,0.0271280276816609,0.2441522491349481,0.1998615916955017,-0.0711111111111111,0.0177777777777777,-0.1190926566705113,0.2441522491349481,-0.0517339484813533,-0.0669896193771626,0.0271280276816609,-0.0222068435217224,0.0888273740868896,-0.0553633217993079,0.0157477893118031,-0.0177777777777777,-0.2141330257593233,-0.2599000384467512,0.0138408304498269,-0.0482276047673971,-0.0482276047673971,,,,,0.0070859165862202,-0.0219650585204362,0.8056420087814331,0.2314521223306656,-0.3301369845867157,-0.3387424051761627,0.5240274667739868,-0.5114893913269043,-0.5401869416236877,0.2639405131340027,-0.370047003030777,-0.4477480053901672,300.7796325683594,0.0911156833171844
EXPC-012,130.75014892971,47.71374682142315,C_band130,1,M3C-012,是,草本沼泽,中,深暗绿湿草被，边界自然,judge_C_00.csv,False,15,-0.0842137639369473,-0.0157477893118031,0.1663360246059207,-0.2844444444444444,-0.035432525951557,-0.17279507881584,-0.2679584775086506,0.3368550557477893,0.1137408688965782,0.0177777777777777,0.1537870049980776,-0.035432525951557,0.0384467512495194,0.1034063821607074,-0.17279507881584,0.1085121107266436,0.0222068435217224,-0.0842137639369473,-0.1663360246059207,0.0022145328719723,0.0199307958477508,0.0246059207996924,0.0482276047673971,-0.0271280276816609,-0.059115724721261,0.1137408688965782,0.0384467512495194,0.01039600153787,0.3278123798539023,-0.1301653210303729,-0.059115724721261,-0.0629911572472126,-0.1301653210303729,0.035432525951557,-0.0246059207996924,0.2761399461745483,0.0246059207996924,0.0669896193771626,0.0797231833910034,-0.0384467512495194,-0.0138408304498269,0.0297731641676278,-0.0246059207996924,-0.059115724721261,-0.075355632449058,0.1998615916955017,0.1998615916955017,-0.0888273740868896,0.0482276047673971,-0.0517339484813533,0.1663360246059207,0.0711111111111111,-0.0842137639369473,0.0384467512495194,0.0120569011918492,0.1358861976163014,0.0842137639369473,0.0271280276816609,-0.0797231833910034,-0.17279507881584,-0.2364628988850442,-0.0015378700499807,-0.1034063821607074,0.0049826989619377,,,,,0.0187415368854999,-0.0486704558134079,0.801875650882721,0.3135689795017242,-0.422222226858139,-0.5986278057098389,0.8750460743904114,-0.7921437621116638,-0.5403194427490234,0.4548119306564331,-0.5891141891479492,-0.4232209622859955,150.74343872070312,0.1631932705640792
EXPC-013,133.44114219481844,47.93697816952685,C_band130,1,M3C-013,否,水田,低,大片深褐湿土耙纹，疑泡田,judge_C_00.csv,False,3,-0.035432525951557,0.0629911572472126,0.0797231833910034,-0.3188927335640138,-0.0415840061514801,-0.0935640138408304,-0.3014225297962323,0.2288965782391388,0.0842137639369473,-0.0325413302575932,0.0553633217993079,0.0415840061514801,-0.0088581314878892,0.0888273740868896,-0.1476970396001538,0.1793771626297577,0.0482276047673971,-0.0935640138408304,-0.0482276047673971,0.035432525951557,-0.0088581314878892,-0.000553633217993,0.0711111111111111,-0.0246059207996924,-0.1301653210303729,0.1358861976163014,0.1034063821607074,-0.0384467512495194,0.3368550557477893,-0.1793771626297577,-0.0222068435217224,-0.0842137639369473,-0.0984236831987697,0.01039600153787,-0.035432525951557,0.3188927335640138,0.035432525951557,0.0629911572472126,0.0888273740868896,-0.0039369473279507,-0.000553633217993,0.0984236831987697,-0.059115724721261,-0.0669896193771626,-0.0482276047673971,0.2288965782391388,0.1929104190695886,-0.0297731641676278,0.0448442906574394,-0.0448442906574394,0.2069357939254133,-0.0482276047673971,-0.1301653210303729,-0.0177777777777777,0.0711111111111111,0.0271280276816609,0.0271280276816609,-0.0246059207996924,-0.0009842368319876,-0.2599000384467512,-0.2288965782391388,-0.0120569011918492,-0.059115724721261,0.0222068435217224,,,,,0.0010246855672448,-0.0147628188133239,0.8275237679481506,0.210563376545906,-0.3263888955116272,-0.4608615040779114,0.8001323342323303,-0.6836892366409302,-0.5857316851615906,0.2857398986816406,-0.4688524603843689,-0.1437066346406936,49.45199966430664,0.0675886422395706
EXPC-014,131.00320434524647,45.28622942914697,C_band130,1,M3C-014,否,草本旱地,低,浅褐裸土田面带细纹,judge_C_00.csv,False,0,-0.0415840061514801,0.0246059207996924,0.16,-0.2441522491349481,-0.0669896193771626,-0.1190926566705113,-0.3014225297962323,0.3100961168781238,0.0669896193771626,-0.035432525951557,0.1301653210303729,-0.0061514801999231,0.0157477893118031,0.075355632449058,-0.1245674740484429,0.059115724721261,0.0711111111111111,-0.0629911572472126,-0.1301653210303729,0.0553633217993079,0.0015378700499807,-0.0222068435217224,0.1085121107266436,-0.0030142252979623,-0.075355632449058,0.2214532871972318,0.0553633217993079,-0.0120569011918492,0.3014225297962323,-0.1476970396001538,0.0049826989619377,-0.0384467512495194,-0.0448442906574394,0.0325413302575932,0.1245674740484429,0.3100961168781238,0.0246059207996924,0.0384467512495194,0.0669896193771626,-0.0271280276816609,-0.0797231833910034,-0.0074432910419069,-0.0222068435217224,-0.0669896193771626,-0.0842137639369473,0.2288965782391388,0.186082276047674,-0.0199307958477508,0.0199307958477508,-0.0246059207996924,0.186082276047674,0.0482276047673971,-0.1301653210303729,0.0415840061514801,0.1245674740484429,0.0177777777777777,0.0935640138408304,0.0448442906574394,-0.0984236831987697,-0.2214532871972318,-0.2441522491349481,-0.0088581314878892,-0.1085121107266436,0.0199307958477508,,,,,0.0087602864950895,-0.0264721773564815,0.8220424652099609,0.1390186846256256,-0.2753433585166931,-0.3736574351787567,0.6904608011245728,-0.6417199373245239,-0.3910078704357147,0.3138543963432312,-0.450147807598114,-0.2623039484024048,218.8011474609375,0.1022680774331092
EXPC-015,131.50284730627376,46.38504868468197,C_band130,1,M3C-015,是,草本沼泽,中,大片深暗湿草，沿土道分布,judge_C_00.csv,False,15,-0.0448442906574394,-0.0669896193771626,0.0935640138408304,-0.2844444444444444,-0.0120569011918492,-0.1793771626297577,-0.2844444444444444,0.3100961168781238,0.0797231833910034,-0.0049826989619377,0.0669896193771626,0.035432525951557,0.0482276047673971,0.0842137639369473,-0.1476970396001538,0.0888273740868896,0.0088581314878892,-0.0271280276816609,-0.0984236831987697,0.0297731641676278,0.0222068435217224,0.0199307958477508,0.0448442906574394,-0.0415840061514801,-0.1245674740484429,0.0888273740868896,0.0711111111111111,-0.0297731641676278,0.3368550557477893,-0.1793771626297577,-0.0222068435217224,-0.1301653210303729,-0.0984236831987697,0.0049826989619377,0.0157477893118031,0.3188927335640138,0.0120569011918492,-0.0049826989619377,0.1245674740484429,-0.0120569011918492,-0.0297731641676278,0.0629911572472126,-0.0384467512495194,-0.0482276047673971,-0.0842137639369473,0.2364628988850442,0.2288965782391388,-0.0222068435217224,0.0177777777777777,-0.0629911572472126,0.17279507881584,0.0384467512495194,-0.1137408688965782,0.0177777777777777,0.0384467512495194,0.0984236831987697,0.0517339484813533,0.0271280276816609,-0.0629911572472126,-0.2069357939254133,-0.2441522491349481,-0.0049826989619377,-0.0711111111111111,-0.0088581314878892,,,,,0.0190627016127109,-0.0431075878441333,0.8070294857025146,0.2379110306501388,-0.3459516167640686,-0.5492753386497498,0.5049505233764648,-0.5268956422805786,-0.4517461657524109,0.4804164469242096,-0.611440896987915,-0.4262948334217071,143.2852325439453,0.0911156833171844
EXPC-016,130.09006685893897,47.2789622239093,C_band130,1,M3C-016,否,草本旱地,中,粉褐裸土大田，无植被,judge_C_00.csv,False,0,-0.0482276047673971,0.0888273740868896,0.1137408688965782,-0.3100961168781238,-0.0246059207996924,-0.1358861976163014,-0.2599000384467512,0.3100961168781238,0.0797231833910034,-0.059115724721261,0.0797231833910034,0.0448442906574394,-0.0022145328719723,0.1137408688965782,-0.1085121107266436,0.1358861976163014,0.035432525951557,-0.0325413302575932,-0.0553633217993079,0.0049826989619377,-0.0049826989619377,-0.0517339484813533,0.16,-0.0002460592079969,-0.0415840061514801,0.0669896193771626,0.0629911572472126,-0.0842137639369473,0.2679584775086506,-0.1476970396001538,-0.0271280276816609,-0.0842137639369473,-0.0629911572472126,0.0022145328719723,-0.0088581314878892,0.3100961168781238,0.0030142252979623,0.0984236831987697,0.1190926566705113,0.0482276047673971,0.0384467512495194,0.0935640138408304,-0.0517339484813533,-0.1085121107266436,-0.0984236831987697,0.1793771626297577,0.1998615916955017,0.0022145328719723,0.0935640138408304,-0.0482276047673971,0.2364628988850442,0.0049826989619377,-0.1301653210303729,-0.0061514801999231,0.035432525951557,0.0482276047673971,0.0120569011918492,0.0061514801999231,-0.1034063821607074,-0.2599000384467512,-0.2599000384467512,-0.0177777777777777,-0.1137408688965782,0.0157477893118031,,,,,0.0228524785488843,-0.0463368818163871,0.7626181244850159,0.1776649802923202,-0.2897318601608276,-0.442003846168518,0.7864963412284851,-0.6742197275161743,-0.4633802771568298,0.6130927205085754,-0.711868166923523,-0.4744110405445099,182.5144195556641,0.1631932705640792
EXPC-017,130.88561487455522,43.69127064219276,C_band130,1,M3C-017,是,湖河滩地,低,紧邻浅色沙带，疑河滩沙道,judge_C_00.csv,False,16,-0.059115724721261,-0.1034063821607074,0.1476970396001538,-0.3188927335640138,0.0120569011918492,-0.0984236831987697,-0.292871972318339,0.2364628988850442,0.0384467512495194,0.0297731641676278,0.0935640138408304,-0.0325413302575932,-0.0157477893118031,0.1085121107266436,-0.2214532871972318,0.0842137639369473,0.0448442906574394,-0.0415840061514801,-0.1476970396001538,0.0061514801999231,-0.0199307958477508,-0.0415840061514801,0.1085121107266436,-0.0222068435217224,-0.1085121107266436,0.1245674740484429,-0.0138408304498269,-0.0415840061514801,0.3188927335640138,-0.1358861976163014,0.0271280276816609,-0.1301653210303729,0.0039369473279507,-0.0415840061514801,0.0517339484813533,0.3460207612456747,0.0384467512495194,-0.0049826989619377,0.0984236831987697,0.0074432910419069,-0.035432525951557,-0.0384467512495194,-0.0271280276816609,0.0246059207996924,-0.0669896193771626,0.1929104190695886,0.2599000384467512,-0.0517339484813533,0.01039600153787,-0.1537870049980776,0.2069357939254133,0.0271280276816609,-0.0553633217993079,0.1034063821607074,0.1034063821607074,0.0325413302575932,0.0482276047673971,0.0049826989619377,-0.0629911572472126,-0.1190926566705113,-0.2364628988850442,-0.0120569011918492,-0.0797231833910034,-0.0669896193771626,,,,,0.0253624767065048,-0.0536550246179103,0.6863720417022705,0.2153734564781189,-0.302759438753128,-0.4537149965763092,0.6181542873382568,-0.535017192363739,-0.4281680285930633,0.190344825387001,-0.2644688785076141,-0.2929577529430389,367.7254333496094,0.1514522582292556
EXPC-018,130.4563100002745,47.320464390035625,C_band130,1,M3C-018,否,草地,低,均质橄榄干草面，无湿迹,judge_C_00.csv,False,11,-0.0797231833910034,0.0517339484813533,0.1245674740484429,-0.3100961168781238,-0.059115724721261,-0.1137408688965782,-0.2761399461745483,0.2844444444444444,0.1301653210303729,-0.1085121107266436,0.1301653210303729,0.0002460592079969,0.0271280276816609,0.1085121107266436,-0.0935640138408304,0.075355632449058,0.0271280276816609,-0.0297731641676278,-0.0888273740868896,0.0177777777777777,-0.0297731641676278,0.0517339484813533,0.0984236831987697,-0.0138408304498269,-0.1085121107266436,0.1663360246059207,0.1085121107266436,-0.0120569011918492,0.2599000384467512,-0.17279507881584,-0.0120569011918492,-0.1085121107266436,-0.1417301038062283,0.0120569011918492,0.035432525951557,0.2844444444444444,-0.0271280276816609,0.1245674740484429,0.0984236831987697,0.0030142252979623,-0.0015378700499807,0.0415840061514801,0.0074432910419069,-0.1085121107266436,-0.1301653210303729,0.2364628988850442,0.1929104190695886,0.0049826989619377,0.0553633217993079,-0.035432525951557,0.1998615916955017,0.0415840061514801,-0.1137408688965782,-0.0222068435217224,0.075355632449058,0.0482276047673971,0.0325413302575932,0.0384467512495194,-0.0888273740868896,-0.2441522491349481,-0.1793771626297577,-0.0199307958477508,-0.1476970396001538,-0.0246059207996924,,,,,0.0328391976654529,-0.0620093867182731,0.6832376718521118,0.1592814326286316,-0.3028263747692108,-0.458866536617279,0.6425973773002625,-0.6253726482391357,-0.4166800081729889,0.4162162244319916,-0.5620596408843994,-0.2891078591346741,93.3655242919922,0.1631932705640792
EXPC-019,133.73102853700382,46.78417016541627,C_band130,1,M3C-019,否,草本旱地,低,细密条行绿田，难辨稻旱,judge_C_00.csv,False,0,-0.0415840061514801,0.0415840061514801,0.1417301038062283,-0.3460207612456747,-0.0297731641676278,-0.1034063821607074,-0.2844444444444444,0.2599000384467512,0.0482276047673971,-0.0120569011918492,0.0553633217993079,0.0482276047673971,-0.0088581314878892,0.1358861976163014,-0.16,0.17279507881584,0.0061514801999231,-0.0517339484813533,-0.0797231833910034,0.0246059207996924,-0.000553633217993,0.0022145328719723,0.0888273740868896,-0.0246059207996924,-0.1358861976163014,0.1301653210303729,0.0669896193771626,-0.0629911572472126,0.292871972318339,-0.1929104190695886,-0.059115724721261,-0.0553633217993079,-0.1085121107266436,0.0415840061514801,-0.0120569011918492,0.2599000384467512,0.0157477893118031,0.0842137639369473,0.0888273740868896,0.0157477893118031,0.0022145328719723,0.0711111111111111,-0.0629911572472126,-0.0246059207996924,-0.0517339484813533,0.2288965782391388,0.2141330257593233,-0.0325413302575932,0.0669896193771626,-0.0888273740868896,0.1998615916955017,0.01039600153787,-0.0842137639369473,0.0222068435217224,0.0199307958477508,0.0984236831987697,0.0177777777777777,-0.0222068435217224,-0.0415840061514801,-0.2441522491349481,-0.2844444444444444,-0.0199307958477508,-0.0711111111111111,0.0553633217993079,,,,,0.0061636799946427,-0.0135096292942762,0.8141452670097351,0.2097759693861007,-0.3195112943649292,-0.4045999348163605,0.4501039385795593,-0.4191251397132873,-0.2922218739986419,0.4554775953292846,-0.5822821855545044,-0.4690529406070709,107.9077606201172,0.0100717162713408
EXPC-020,130.45514219040516,48.766302839826,C_band130,3,M3C-020,否,不透水面,低,土质农道横贯，两侧绿被,judge_C_00.csv,False,21,-0.059115724721261,0.0797231833910034,0.1998615916955017,-0.2844444444444444,0.0246059207996924,-0.0297731641676278,-0.2844444444444444,0.2599000384467512,0.0553633217993079,-0.0888273740868896,0.1301653210303729,-0.0482276047673971,-0.0384467512495194,0.1034063821607074,-0.2069357939254133,0.2141330257593233,0.1137408688965782,-0.01039600153787,-0.1358861976163014,-0.0030142252979623,0.0629911572472126,-0.0629911572472126,0.1663360246059207,-0.1085121107266436,-0.059115724721261,0.2214532871972318,0.0888273740868896,-0.0669896193771626,0.292871972318339,-0.1417301038062283,0.0022145328719723,-0.0157477893118031,-0.0517339484813533,0.0711111111111111,0.0138408304498269,0.2679584775086506,0.0448442906574394,0.0984236831987697,-0.0015378700499807,0.0177777777777777,0.0222068435217224,-0.0177777777777777,-0.0448442906574394,-0.0297731641676278,-0.0553633217993079,0.17279507881584,0.1537870049980776,-0.0448442906574394,0.0711111111111111,-0.0888273740868896,0.2441522491349481,-0.0246059207996924,-0.1034063821607074,0.0246059207996924,0.0984236831987697,0.0553633217993079,0.0669896193771626,0.0061514801999231,0.0088581314878892,-0.1476970396001538,-0.2069357939254133,-0.0271280276816609,-0.0842137639369473,-0.0138408304498269,,,,,0.0009849444031715,-0.0112295662984251,0.7999741435050964,0.1411089897155761,-0.2859297692775726,-0.2835369110107422,0.6845231652259827,-0.6260495781898499,-0.4622294306755066,0.4570697844028473,-0.5469356179237366,-0.3029986619949341,177.61724853515625,0.0640474185347557
EXPC-021,130.6350747418143,46.62813280056471,C_band130,3,M3C-021,否,草地,低,大片均质深绿草被，无田埂,judge_C_00.csv,False,11,-0.0553633217993079,6.151480199923106e-05,0.0842137639369473,-0.2844444444444444,-0.0935640138408304,-0.0984236831987697,-0.2761399461745483,0.2519646289888504,0.0517339484813533,0.0415840061514801,0.0138408304498269,-0.0039369473279507,0.0325413302575932,0.0842137639369473,-0.1417301038062283,0.1663360246059207,0.0157477893118031,-0.1085121107266436,-0.0797231833910034,-0.01039600153787,-0.075355632449058,0.0177777777777777,0.0297731641676278,0.0517339484813533,-0.1537870049980776,0.0553633217993079,0.0415840061514801,-0.0325413302575932,0.3188927335640138,-0.2141330257593233,0.0138408304498269,-0.1034063821607074,-0.1085121107266436,-0.0482276047673971,0.0039369473279507,0.3553094963475586,0.0049826989619377,0.0415840061514801,0.0482276047673971,0.0711111111111111,-0.0448442906574394,0.1034063821607074,-0.0797231833910034,-0.0553633217993079,-0.075355632449058,0.292871972318339,0.1358861976163014,0.0246059207996924,0.0325413302575932,-0.0984236831987697,0.1998615916955017,-0.0061514801999231,-0.0935640138408304,-0.01039600153787,0.0022145328719723,-0.0629911572472126,0.0271280276816609,0.01039600153787,-0.1034063821607074,-0.1663360246059207,-0.2679584775086506,-0.0935640138408304,-0.0888273740868896,0.035432525951557,,,,,0.0113602029159665,-0.0260229893028736,0.8293609619140625,0.1393060535192489,-0.2842965424060821,-0.0246618930250406,0.723770022392273,-0.6475920677185059,-0.3564407527446747,0.2312094569206237,-0.4150405526161194,-0.1566303074359893,138.03192138671875,0.0630452111363411
EXPC-022,130.15088280367388,42.90865836666783,C_band130,3,M3C-022,否,草本旱地,低,浅色裸田细纹，紧邻水岸,judge_C_00.csv,False,0,-0.059115724721261,-0.0049826989619377,0.3188927335640138,-0.2441522491349481,-0.075355632449058,0.075355632449058,-0.2599000384467512,0.292871972318339,0.0517339484813533,-0.0517339484813533,0.186082276047674,0.0842137639369473,0.1034063821607074,0.1476970396001538,-0.059115724721261,-0.0711111111111111,-0.0138408304498269,0.0325413302575932,-0.0888273740868896,0.0222068435217224,-0.1137408688965782,-0.0049826989619377,0.0842137639369473,0.0088581314878892,-0.1476970396001538,0.0797231833910034,0.035432525951557,-0.1085121107266436,0.0711111111111111,-0.075355632449058,-0.035432525951557,-0.0271280276816609,-0.0984236831987697,0.0120569011918492,-0.1245674740484429,0.2441522491349481,-0.0842137639369473,0.0120569011918492,0.1245674740484429,0.0415840061514801,0.0088581314878892,0.0448442906574394,0.0199307958477508,-0.0669896193771626,-0.1137408688965782,0.2214532871972318,0.2364628988850442,-0.035432525951557,0.1034063821607074,-0.2214532871972318,0.1793771626297577,0.1537870049980776,-0.1034063821607074,-0.0297731641676278,0.0482276047673971,-0.0669896193771626,0.0297731641676278,0.0517339484813533,-0.1137408688965782,-0.1190926566705113,-0.2364628988850442,-0.0888273740868896,-0.186082276047674,0.0015378700499807,-19.19167886330441,-28.732734367043346,-12.39664103085411,-16.54884062428216,0.1020550355315208,-0.2136555463075637,-0.2156112492084503,0.1153846159577369,-0.2127921283245086,-0.2771084308624267,0.3626131117343902,-0.3864810168743133,-0.2462408542633056,0.2646464705467224,-0.4007607996463775,-0.350787878036499,41.37104034423828,0.3186671435832977
EXPC-023,132.2013772712051,47.442365774090646,C_band130,3,M3C-023,否,草地,低,深绿均质细斑草被，无湿迹,judge_C_00.csv,False,11,-0.0384467512495194,0.01039600153787,0.0448442906574394,-0.2761399461745483,-0.0711111111111111,-0.0553633217993079,-0.2844444444444444,0.2214532871972318,0.0074432910419069,0.059115724721261,-0.01039600153787,-0.0325413302575932,-0.0157477893118031,0.0935640138408304,-0.1417301038062283,0.2288965782391388,0.0049826989619377,-0.1245674740484429,-0.0797231833910034,0.0120569011918492,-0.0842137639369473,0.0246059207996924,0.0297731641676278,0.059115724721261,-0.1245674740484429,0.0935640138408304,0.0669896193771626,-0.0271280276816609,0.3100961168781238,-0.2069357939254133,-0.0088581314878892,-0.1358861976163014,-0.1137408688965782,-0.0222068435217224,0.0553633217993079,0.3460207612456747,0.0517339484813533,0.0517339484813533,0.0246059207996924,0.0629911572472126,-0.0553633217993079,0.0984236831987697,-0.0797231833910034,-0.0842137639369473,-0.0888273740868896,0.2679584775086506,0.1137408688965782,0.0448442906574394,0.059115724721261,-0.0325413302575932,0.2141330257593233,-0.0842137639369473,-0.0935640138408304,-0.0271280276816609,0.0157477893118031,-0.1537870049980776,-0.0297731641676278,-0.0199307958477508,-0.0384467512495194,-0.16,-0.2364628988850442,-0.0888273740868896,-0.1301653210303729,0.0669896193771626,,,,,0.0019106317777186,-0.0241935476660728,0.8085007071495056,0.170699805021286,-0.3132795393466949,-0.255073606967926,0.7372721433639526,-0.6345357894897461,-0.3322528302669525,0.2933647632598877,-0.4523449242115021,-0.1141021698713302,57.98233413696289,0.0145089849829673
EXPC-024,130.2931759446784,45.13091071652271,C_band130,3,M3C-024,否,不透水面,低,浅色土路带，旁伴排水沟,judge_C_00.csv,False,21,-0.0199307958477508,0.01039600153787,0.0711111111111111,-0.3014225297962323,-0.0049826989619377,-0.1137408688965782,-0.2599000384467512,0.3278123798539023,0.075355632449058,-0.0415840061514801,0.0415840061514801,0.1137408688965782,-0.0271280276816609,0.1476970396001538,-0.1034063821607074,0.1034063821607074,0.0138408304498269,-0.0157477893118031,-0.0629911572472126,0.0088581314878892,-0.0088581314878892,-0.0415840061514801,0.0935640138408304,-0.0074432910419069,-0.0984236831987697,0.0222068435217224,0.0888273740868896,-0.0325413302575932,0.2288965782391388,-0.1417301038062283,-0.0797231833910034,-0.1476970396001538,-0.0669896193771626,-0.0157477893118031,0.035432525951557,0.3278123798539023,0.0199307958477508,-0.0271280276816609,0.1085121107266436,0.0888273740868896,-0.059115724721261,0.1137408688965782,-0.035432525951557,-0.1245674740484429,-0.1358861976163014,0.2288965782391388,0.2441522491349481,-0.059115724721261,-0.0325413302575932,-0.0669896193771626,0.2214532871972318,0.0384467512495194,-0.0797231833910034,-0.0297731641676278,0.0553633217993079,0.0517339484813533,-0.0517339484813533,0.0553633217993079,-0.0629911572472126,-0.2441522491349481,-0.2519646289888504,-0.0177777777777777,-0.075355632449058,-0.0448442906574394,-18.38068519322515,-28.786653186860537,-10.884825340161129,-14.802101591227975,0.0126977926120162,-0.0336989015340805,0.8175907731056213,0.1573575288057327,-0.3004141449928283,-0.4383631646633148,0.3439057469367981,-0.4349298477172851,-0.4306604862213135,0.4827586114406585,-0.5981416702270508,-0.4529644250869751,356.515380859375,0.1618894636631012
EXPC-025,130.22912606492068,42.90982617653719,C_band130,3,M3C-025,是,草本沼泽,低,湿泥底杂绿斑，含田块,judge_C_00.csv,False,15,-0.075355632449058,-0.0553633217993079,0.2519646289888504,-0.2441522491349481,-0.1929104190695886,0.0138408304498269,-0.2364628988850442,0.2364628988850442,0.035432525951557,0.0553633217993079,0.0448442906574394,-0.0022145328719723,0.186082276047674,0.1137408688965782,-0.0553633217993079,-0.0669896193771626,-0.0842137639369473,-0.0271280276816609,-0.0711111111111111,-0.0120569011918492,-0.1190926566705113,0.0015378700499807,-0.0384467512495194,0.1085121107266436,-0.17279507881584,0.0842137639369473,-0.0448442906574394,-0.1358861976163014,0.2141330257593233,-0.1085121107266436,0.0297731641676278,-0.059115724721261,-0.0711111111111111,-0.0553633217993079,-0.0935640138408304,0.3100961168781238,-0.0448442906574394,-0.0222068435217224,0.0935640138408304,0.0088581314878892,-0.0246059207996924,0.0415840061514801,-0.0553633217993079,-0.0629911572472126,-0.075355632449058,0.186082276047674,0.1929104190695886,0.059115724721261,0.0711111111111111,-0.1034063821607074,0.1476970396001538,0.1358861976163014,-0.1358861976163014,-0.0482276047673971,0.0246059207996924,-0.1190926566705113,0.0797231833910034,0.0002460592079969,-0.2069357939254133,-0.1417301038062283,-0.2519646289888504,-0.1417301038062283,-0.1793771626297577,0.0415840061514801,-15.945381293880748,-28.85272297891403,-11.443450519437231,-17.951564371625203,0.1493085026741027,-0.2385683804750442,-0.103604681789875,0.1648873090744018,-0.2477763593196869,-0.2304192334413528,0.700768768787384,-0.603568434715271,-0.4035235047340393,0.4389328956604004,-0.5240617990493774,-0.3029421269893646,38.958003997802734,0.3186671435832977
EXPC-026,132.29794616424795,47.440658975050816,C_band130,3,M3C-026,是,草本沼泽,低,浅色湿土混细绿斑，近河,judge_C_00.csv,False,15,0.0297731641676278,0.0935640138408304,0.1085121107266436,-0.3278123798539023,0.0711111111111111,-0.0030142252979623,-0.2761399461745483,0.2141330257593233,-0.0297731641676278,-0.0271280276816609,0.0888273740868896,-0.1190926566705113,-0.1034063821607074,0.059115724721261,-0.1929104190695886,0.2364628988850442,0.059115724721261,-0.0482276047673971,-0.0629911572472126,0.0553633217993079,0.0030142252979623,0.01039600153787,0.1417301038062283,-0.0711111111111111,-0.0222068435217224,0.17279507881584,0.17279507881584,-0.0935640138408304,0.3278123798539023,-0.1301653210303729,0.0088581314878892,-0.059115724721261,-0.0935640138408304,0.059115724721261,-0.035432525951557,0.2844444444444444,0.0888273740868896,0.1417301038062283,0.0669896193771626,0.035432525951557,0.0384467512495194,-0.0177777777777777,-0.0797231833910034,0.0030142252979623,-0.0246059207996924,0.2141330257593233,0.1137408688965782,-0.000553633217993,0.0711111111111111,-0.0177777777777777,0.2679584775086506,-0.1190926566705113,-0.0384467512495194,0.01039600153787,-0.0482276047673971,-0.0325413302575932,-0.0629911572472126,-0.0384467512495194,0.035432525951557,-0.1476970396001538,-0.2069357939254133,-0.0120569011918492,-0.0984236831987697,0.0138408304498269,,,,,0.0101885180920362,-0.0272349398583173,0.8264414668083191,0.1723209470510482,-0.2935234606266022,-0.4491544961929321,0.5961405634880066,-0.645178496837616,-0.4792806804180145,0.2862493395805359,-0.3651334345340729,-0.224956676363945,55.98128509521485,0.0145089849829673
EXPC-027,131.75042299857708,46.4266406823367,C_band130,3,M3C-027,是,湖河滩地,低,浅色沙质坦地近河，疑滩地,judge_C_00.csv,False,16,-0.0482276047673971,0.1301653210303729,0.1537870049980776,-0.3188927335640138,-0.0049826989619377,-0.1034063821607074,-0.2519646289888504,0.3742560553633218,0.1137408688965782,-0.0797231833910034,0.1137408688965782,0.0415840061514801,-0.0177777777777777,0.0842137639369473,-0.16,0.1085121107266436,0.0415840061514801,0.0074432910419069,-0.0797231833910034,-0.01039600153787,0.0120569011918492,0.0199307958477508,0.17279507881584,0.0061514801999231,-0.0482276047673971,0.1358861976163014,0.0415840061514801,-0.0222068435217224,0.2069357939254133,-0.1476970396001538,-0.0482276047673971,-0.1137408688965782,-0.0553633217993079,0.0325413302575932,-0.0002460592079969,0.2599000384467512,0.0199307958477508,0.0669896193771626,0.0935640138408304,0.0061514801999231,0.0138408304498269,0.075355632449058,0.0199307958477508,-0.0984236831987697,-0.1537870049980776,0.2364628988850442,0.2141330257593233,-0.059115724721261,0.0271280276816609,-0.0984236831987697,0.186082276047674,0.0797231833910034,-0.0482276047673971,-0.0061514801999231,0.0246059207996924,0.0711111111111111,0.0157477893118031,0.1034063821607074,-0.0553633217993079,-0.2069357939254133,-0.2069357939254133,-0.0415840061514801,-0.17279507881584,-0.075355632449058,,,,,0.0579278394579887,-0.0907849818468093,0.5756320953369141,0.1510250121355056,-0.3135865926742553,-0.4044138193130493,0.4885620772838592,-0.4251075387001037,-0.2032520323991775,0.3208431005477905,-0.4853273034095764,-0.2643183767795563,207.296875,0.0911156833171844
EXPC-028,130.28670807463274,44.67151228022398,C_band130,3,M3C-028,否,不透水面,低,浅色沙土车辙带贯穿,judge_C_00.csv,False,21,-0.0271280276816609,0.1476970396001538,0.16,-0.4340484429065744,0.0177777777777777,-0.0009842368319876,-0.17279507881584,0.2679584775086506,0.0384467512495194,-0.1085121107266436,0.0517339484813533,-0.0888273740868896,-0.075355632449058,0.0482276047673971,-0.17279507881584,0.1085121107266436,0.0448442906574394,0.1190926566705113,-0.0517339484813533,0.0022145328719723,0.0022145328719723,0.0517339484813533,0.2288965782391388,-0.0669896193771626,-0.0384467512495194,0.1301653210303729,0.035432525951557,-0.1301653210303729,0.1663360246059207,-0.0888273740868896,-0.0120569011918492,-0.075355632449058,-0.0030142252979623,0.1476970396001538,-0.035432525951557,0.1537870049980776,0.0177777777777777,0.16,0.1085121107266436,0.0271280276816609,0.075355632449058,0.059115724721261,0.0022145328719723,0.0120569011918492,-0.0888273740868896,0.2364628988850442,0.1245674740484429,-0.0088581314878892,0.0325413302575932,-0.1245674740484429,0.3100961168781238,0.0415840061514801,-0.0157477893118031,0.075355632449058,-0.0246059207996924,0.0448442906574394,-0.0888273740868896,0.0669896193771626,0.01039600153787,-0.1137408688965782,-0.2679584775086506,-0.0015378700499807,-0.1417301038062283,-0.1137408688965782,-11.561119622072988,-25.201460397459694,-6.699490858528745,-14.299993541781715,0.014541913755238,-0.0414624698460102,0.6613579392433167,0.1539036184549331,-0.3055790364742279,-0.3761154413223266,0.3124565184116363,-0.3781512677669525,-0.4055186808109283,0.2534347772598266,-0.3755509257316589,-0.3844043016433716,519.3609008789062,0.130340114235878
EXPC-029,130.39513472942596,44.8197343021037,C_band130,3,M3C-029,否,草本旱地,低,绿田细平行条纹，疑行播,judge_C_00.csv,False,0,-0.0061514801999231,0.0415840061514801,0.2761399461745483,-0.3188927335640138,-0.1190926566705113,-0.0629911572472126,-0.2679584775086506,0.3936947327950788,0.0984236831987697,-0.0448442906574394,0.0984236831987697,0.0049826989619377,0.0120569011918492,0.0629911572472126,-0.0669896193771626,0.0271280276816609,0.01039600153787,0.0984236831987697,-0.1137408688965782,-0.0797231833910034,-0.0222068435217224,0.0199307958477508,0.1301653210303729,-0.0061514801999231,-0.0415840061514801,0.1476970396001538,-0.0074432910419069,-0.0061514801999231,0.1301653210303729,-0.0517339484813533,0.0448442906574394,-0.01039600153787,-0.0022145328719723,0.0984236831987697,-0.0271280276816609,0.2441522491349481,0.0384467512495194,0.0049826989619377,0.1137408688965782,0.0935640138408304,-0.035432525951557,0.0888273740868896,-0.0246059207996924,-0.0482276047673971,-0.1793771626297577,0.1998615916955017,0.1998615916955017,-0.0669896193771626,-0.0482276047673971,-0.1301653210303729,0.2519646289888504,0.0669896193771626,-0.0448442906574394,0.0177777777777777,-0.0222068435217224,0.0088581314878892,-6.151480199923106e-05,0.0711111111111111,-0.16,-0.1085121107266436,-0.17279507881584,-0.0711111111111111,-0.2441522491349481,-0.0517339484813533,-14.174306232545424,-20.890259477440036,-11.695297677327876,-16.743250768055322,0.0603117235004901,-0.1202195584774017,0.3271532654762268,0.1277227699756622,-0.2769058346748352,-0.3953597247600555,0.546009361743927,-0.5025002956390381,-0.3864027559757232,0.5182723999023438,-0.6191319823265076,-0.3379522562026977,499.0709838867188,0.130340114235878
EXPC-030,130.67352263597462,46.22164513450063,C_band130,3,M3C-030,否,草本旱地,低,深绿密植带细行纹，邻裸田,judge_C_00.csv,False,0,-0.075355632449058,0.1190926566705113,0.1476970396001538,-0.2844444444444444,-0.0482276047673971,-0.0711111111111111,-0.2141330257593233,0.3460207612456747,0.1358861976163014,-0.1245674740484429,0.1537870049980776,-0.0049826989619377,-0.0138408304498269,0.1085121107266436,-0.0842137639369473,0.1245674740484429,0.0629911572472126,-0.01039600153787,-0.1137408688965782,-0.0157477893118031,0.0088581314878892,0.0061514801999231,0.186082276047674,0.0030142252979623,-0.0669896193771626,0.2288965782391388,0.0935640138408304,-0.0246059207996924,0.2141330257593233,-0.1417301038062283,-0.000553633217993,-0.0935640138408304,-0.0138408304498269,0.0553633217993079,0.1034063821607074,0.1998615916955017,-0.0271280276816609,0.1085121107266436,0.075355632449058,-0.0120569011918492,0.0039369473279507,-0.0177777777777777,0.0157477893118031,-0.0935640138408304,-0.1476970396001538,0.2141330257593233,0.2069357939254133,0.0074432910419069,0.0448442906574394,-0.0297731641676278,0.2214532871972318,0.0669896193771626,-0.1358861976163014,0.01039600153787,0.1358861976163014,0.059115724721261,0.035432525951557,0.0482276047673971,-0.0711111111111111,-0.2441522491349481,-0.2288965782391388,-0.035432525951557,-0.1137408688965782,0.0074432910419069,,,,,0.0171279795467853,-0.0446836948394775,0.7707056403160095,0.1367019265890121,-0.2778511643409729,-0.3460924923419952,0.1773981600999832,-0.2688650488853454,-0.3295612633228302,0.265849769115448,-0.4265986084938049,-0.5063323974609375,234.48208618164065,0.0630452111363411
EXPC-031,130.60336421228487,47.25812130931773,C_band130,3,M3C-031,否,水田,低,格田埂网加同质绿作，疑稻田,judge_C_00.csv,False,3,-0.0039369473279507,0.0984236831987697,0.0842137639369473,-0.3553094963475586,0.0199307958477508,-0.0138408304498269,-0.2364628988850442,0.2519646289888504,0.0074432910419069,-0.0984236831987697,0.1537870049980776,-0.1190926566705113,-0.0415840061514801,0.0222068435217224,-0.1476970396001538,0.1476970396001538,-0.0222068435217224,0.0157477893118031,-0.0074432910419069,0.1358861976163014,-0.0629911572472126,0.0553633217993079,0.186082276047674,-0.0797231833910034,-0.0030142252979623,0.1301653210303729,0.1245674740484429,-0.1034063821607074,0.292871972318339,-0.1417301038062283,-0.0415840061514801,-0.059115724721261,-0.0797231833910034,0.1301653210303729,-0.0935640138408304,0.1929104190695886,0.0157477893118031,0.1417301038062283,0.1476970396001538,0.059115724721261,0.0711111111111111,0.0842137639369473,-0.0517339484813533,-0.0177777777777777,0.0002460592079969,0.2519646289888504,0.1358861976163014,0.0222068435217224,0.1358861976163014,-0.0138408304498269,0.2599000384467512,-0.0553633217993079,-0.1034063821607074,-0.0246059207996924,-0.0297731641676278,0.035432525951557,0.0022145328719723,-0.0039369473279507,-0.0553633217993079,-0.2288965782391388,-0.2069357939254133,0.0222068435217224,-0.075355632449058,-0.01039600153787,,,,,0.0336073599755764,-0.063412070274353,0.6861538290977478,0.1846215426921844,-0.2900130748748779,-0.5160523056983948,0.7624636888504028,-0.7076905965805054,-0.6017183065414429,0.3055118024349212,-0.4404865205287933,-0.5217229723930359,74.63064575195312,0.1631932705640792
EXPC-032,130.80368852064353,46.09165891288853,C_band130,3,M3C-032,否,草本旱地,低,均质田面细纹似机作,judge_C_00.csv,False,0,-0.1034063821607074,-0.0797231833910034,0.075355632449058,-0.2599000384467512,-0.1137408688965782,-0.0842137639369473,-0.2761399461745483,0.2844444444444444,0.0888273740868896,0.0384467512495194,0.0415840061514801,-0.0030142252979623,0.0384467512495194,0.0935640138408304,-0.0797231833910034,0.17279507881584,0.01039600153787,-0.1358861976163014,-0.0888273740868896,-0.0553633217993079,-0.1034063821607074,-0.0222068435217224,-0.0138408304498269,0.0669896193771626,-0.1190926566705113,0.1245674740484429,0.0935640138408304,-0.0039369473279507,0.2599000384467512,-0.1929104190695886,-0.0711111111111111,-0.1137408688965782,-0.17279507881584,-0.0711111111111111,0.0246059207996924,0.3553094963475586,0.0039369473279507,-0.0049826989619377,0.059115724721261,0.1034063821607074,-0.0120569011918492,0.0935640138408304,-0.0629911572472126,-0.0711111111111111,-0.1358861976163014,0.2844444444444444,0.1663360246059207,-0.0009842368319876,-0.01039600153787,-0.1137408688965782,0.17279507881584,0.01039600153787,-0.075355632449058,-0.0415840061514801,0.0553633217993079,-0.0797231833910034,0.0199307958477508,0.0482276047673971,-0.0888273740868896,-0.1663360246059207,-0.2141330257593233,-0.059115724721261,-0.0935640138408304,0.0049826989619377,,,,,0.0089999996125698,-0.0322837345302104,0.8307526707649231,0.1407129466533661,-0.2596684992313385,-0.3333333432674408,0.7711381316184998,-0.6657010316848755,-0.2581163644790649,0.2433418482542038,-0.407101571559906,-0.1398622393608093,179.01959228515625,0.0630452111363411
EXPC-033,132.1757752856077,45.533535626865074,C_band130,3,M3C-033,否,草本旱地,低,深绿田块，旁有大棚,judge_C_00.csv,False,0,-0.0935640138408304,-0.0271280276816609,0.0711111111111111,-0.2679584775086506,-0.0842137639369473,-0.0935640138408304,-0.2679584775086506,0.2441522491349481,0.0088581314878892,0.1190926566705113,0.0030142252979623,-0.0517339484813533,0.0482276047673971,0.0711111111111111,-0.186082276047674,0.1245674740484429,-0.0517339484813533,-0.1358861976163014,-0.0984236831987697,-0.01039600153787,-0.1137408688965782,0.0074432910419069,-0.0297731641676278,0.0517339484813533,-0.0888273740868896,0.1358861976163014,0.0222068435217224,0.0199307958477508,0.292871972318339,-0.1793771626297577,-0.0482276047673971,-0.1034063821607074,-0.17279507881584,-0.0325413302575932,0.059115724721261,0.3368550557477893,0.0842137639369473,0.0669896193771626,0.075355632449058,0.0517339484813533,-0.0222068435217224,0.0553633217993079,-0.0711111111111111,-0.0935640138408304,-0.0669896193771626,0.3188927335640138,0.1537870049980776,-0.0074432910419069,-0.0074432910419069,-0.0246059207996924,0.1793771626297577,0.0297731641676278,-0.0482276047673971,-0.0448442906574394,0.0157477893118031,-0.0669896193771626,0.0669896193771626,0.035432525951557,-0.0935640138408304,-0.1998615916955017,-0.2364628988850442,-0.0517339484813533,-0.0984236831987697,0.0138408304498269,,,,,0.0233258083462715,-0.0485736317932605,0.7910014390945435,0.1561574339866638,-0.2598570585250854,-0.1924528330564499,0.5953890681266785,-0.4684350192546844,-0.3146374821662903,0.4451701641082763,-0.5698282122612,-0.3560648262500763,124.607177734375,0.0905515700578689
EXPC-034,134.47411494002748,48.205664271007,C_band130,3,M3C-034,否,草地,低,干草褐地杂浅斑，湿迹不明,judge_C_00.csv,False,11,-0.0325413302575932,0.0553633217993079,0.1034063821607074,-0.3014225297962323,-0.0297731641676278,-0.0984236831987697,-0.2519646289888504,0.2679584775086506,0.075355632449058,-0.0138408304498269,0.035432525951557,0.0842137639369473,-0.0325413302575932,0.1476970396001538,-0.1537870049980776,0.2214532871972318,0.0384467512495194,-0.0935640138408304,-0.0553633217993079,0.0138408304498269,-0.0061514801999231,-0.0199307958477508,0.0984236831987697,-0.0325413302575932,-0.1301653210303729,0.1358861976163014,0.0935640138408304,-0.0325413302575932,0.3014225297962323,-0.2214532871972318,-0.0517339484813533,-0.0935640138408304,-0.0888273740868896,0.0138408304498269,-0.0138408304498269,0.2441522491349481,-0.0015378700499807,0.0711111111111111,0.0629911572472126,0.0325413302575932,-0.0222068435217224,0.1137408688965782,-0.0797231833910034,-0.0935640138408304,-0.0888273740868896,0.2214532871972318,0.1929104190695886,-0.0384467512495194,0.035432525951557,-0.0088581314878892,0.186082276047674,-0.0222068435217224,-0.1245674740484429,-0.0297731641676278,0.0415840061514801,0.0842137639369473,0.0177777777777777,-0.0482276047673971,-0.0297731641676278,-0.292871972318339,-0.2441522491349481,-0.0222068435217224,-0.0669896193771626,0.0415840061514801,,,,,0.0071424054913222,-0.0214757360517978,0.8102467060089111,0.2072574943304062,-0.307634174823761,-0.2467105239629745,0.7209302186965942,-0.642011821269989,-0.5070279240608215,0.649560809135437,-0.6946093440055847,-0.4721937179565429,55.94578170776367,0.0481114648282527
EXPC-035,130.4863137307641,48.85290043321512,C_band130,3,M3C-035,否,草本旱地,低,细密斜纹耕痕，裸土夹秸秆,judge_C_00.csv,False,0,-0.0325413302575932,-0.0088581314878892,0.0984236831987697,-0.2679584775086506,-0.0984236831987697,-0.0888273740868896,-0.292871972318339,0.2364628988850442,0.0246059207996924,0.0629911572472126,0.0002460592079969,-0.0325413302575932,0.0120569011918492,0.0711111111111111,-0.1476970396001538,0.1998615916955017,0.0297731641676278,-0.1417301038062283,-0.0984236831987697,0.0199307958477508,-0.0629911572472126,0.0138408304498269,0.0384467512495194,0.0177777777777777,-0.1245674740484429,0.0669896193771626,0.0629911572472126,-0.0517339484813533,0.3460207612456747,-0.17279507881584,-0.0138408304498269,-0.0669896193771626,-0.1417301038062283,-0.0384467512495194,0.0015378700499807,0.3460207612456747,0.0711111111111111,0.0448442906574394,0.0246059207996924,0.0482276047673971,-0.0088581314878892,0.1245674740484429,-0.1245674740484429,-0.035432525951557,-0.0222068435217224,0.2679584775086506,0.1358861976163014,-0.0246059207996924,0.0384467512495194,-0.0482276047673971,0.1998615916955017,-0.0553633217993079,-0.1034063821607074,-0.0222068435217224,0.0120569011918492,-0.075355632449058,0.035432525951557,-0.0415840061514801,-0.1034063821607074,-0.17279507881584,-0.2599000384467512,-0.0842137639369473,-0.1034063821607074,0.0553633217993079,,,,,0.0090718772262334,-0.0240793209522962,0.7999346852302551,0.1849192082881927,-0.3423728942871094,-0.2755787968635559,0.7974322438240051,-0.6865212321281433,-0.4352543950080871,0.4997226893901825,-0.6206173300743103,-0.2680670619010925,90.5702133178711,0.0640474185347557
EXPC-036,130.1268977855879,47.340766315456726,C_band130,3,M3C-036,否,草本旱地,低,褐绿干草田，浅色车道交汇,judge_C_00.csv,False,0,-0.0888273740868896,-0.0448442906574394,0.0935640138408304,-0.2844444444444444,-0.1245674740484429,-0.1245674740484429,-0.2679584775086506,0.2844444444444444,0.0935640138408304,0.0482276047673971,0.0711111111111111,-0.0415840061514801,0.0797231833910034,0.0325413302575932,-0.1301653210303729,0.0842137639369473,-0.0177777777777777,-0.1034063821607074,-0.1190926566705113,-0.0049826989619377,-0.0553633217993079,0.0384467512495194,-0.0039369473279507,0.0448442906574394,-0.1301653210303729,0.0553633217993079,0.0022145328719723,-0.0271280276816609,0.3368550557477893,-0.16,-0.0088581314878892,-0.075355632449058,-0.1301653210303729,-0.059115724721261,-0.0138408304498269,0.3460207612456747,0.0297731641676278,0.0384467512495194,0.075355632449058,-0.0061514801999231,-0.0553633217993079,0.0669896193771626,-0.0629911572472126,-0.0325413302575932,-0.0842137639369473,0.3014225297962323,0.1793771626297577,-0.0325413302575932,0.0157477893118031,-0.0669896193771626,0.1417301038062283,0.0482276047673971,-0.1085121107266436,-0.0271280276816609,0.0222068435217224,0.0030142252979623,0.1085121107266436,0.0271280276816609,-0.1358861976163014,-0.186082276047674,-0.2288965782391388,-0.0842137639369473,-0.0888273740868896,0.0049826989619377,,,,,0.016011644154787,-0.0548586957156658,0.7360166311264038,0.1578508913516998,-0.2705667316913605,-0.2672176361083984,0.8698421716690063,-0.7277379631996155,-0.5064935088157654,0.4657293558120727,-0.5191256999969482,-0.1332082599401474,156.360595703125,0.1631932705640792
EXPC-037,130.10695518628043,46.30437997216804,C_band130,3,M3C-037,否,水田,低,深绿均质方块，埂路树旁，疑稻田,judge_C_00.csv,False,3,-0.0888273740868896,0.0002460592079969,0.1358861976163014,-0.2761399461745483,-0.0797231833910034,-0.1034063821607074,-0.3100961168781238,0.292871972318339,0.1137408688965782,-0.0517339484813533,0.0935640138408304,-0.01039600153787,0.0797231833910034,0.1245674740484429,-0.1245674740484429,0.0984236831987697,-0.01039600153787,-0.0629911572472126,-0.0711111111111111,-0.0448442906574394,-0.059115724721261,0.0199307958477508,0.0517339484813533,0.0297731641676278,-0.1358861976163014,0.1137408688965782,0.075355632449058,0.0415840061514801,0.2844444444444444,-0.1929104190695886,0.0199307958477508,-0.1245674740484429,-0.1301653210303729,0.0088581314878892,0.0177777777777777,0.3278123798539023,-0.0415840061514801,0.0797231833910034,0.0797231833910034,0.0246059207996924,-0.0415840061514801,0.0448442906574394,-0.0120569011918492,-0.0935640138408304,-0.1301653210303729,0.2599000384467512,0.1476970396001538,0.0415840061514801,0.0088581314878892,-0.0517339484813533,0.17279507881584,0.035432525951557,-0.1245674740484429,-0.0482276047673971,0.059115724721261,0.0222068435217224,0.0711111111111111,0.0517339484813533,-0.1301653210303729,-0.1929104190695886,-0.2069357939254133,-0.035432525951557,-0.1245674740484429,0.0199307958477508,,,,,0.0308731477707624,-0.056312508881092,0.7145302295684814,0.1703910678625106,-0.3145098090171814,-0.4561294317245483,0.8140729069709778,-0.7472174167633057,-0.4296875,0.2552727162837982,-0.4317710399627685,-0.2453869432210922,133.7148895263672,0.0630452111363411
EXPC-038,131.75078232469073,45.23906787673069,C_band130,3,M3C-038,是,草本沼泽,低,暗绿草被邻河滩水道，湿迹弱,judge_C_00.csv,False,15,-0.0984236831987697,0.0177777777777777,0.1034063821607074,-0.2441522491349481,-0.0935640138408304,-0.1085121107266436,-0.292871972318339,0.3014225297962323,0.0448442906574394,0.0138408304498269,0.075355632449058,-0.0669896193771626,0.0482276047673971,0.1190926566705113,-0.1476970396001538,0.1190926566705113,0.0448442906574394,-0.16,-0.1537870049980776,-0.0061514801999231,-0.0842137639369473,-0.0797231833910034,0.0246059207996924,-0.0448442906574394,-0.0842137639369473,0.2069357939254133,0.1137408688965782,0.0177777777777777,0.292871972318339,-0.1793771626297577,0.0061514801999231,-0.1034063821607074,-0.0711111111111111,0.0157477893118031,0.0325413302575932,0.292871972318339,0.0325413302575932,0.1245674740484429,0.0553633217993079,0.0297731641676278,-0.0448442906574394,-0.0015378700499807,-0.0325413302575932,-0.0448442906574394,-0.0629911572472126,0.2599000384467512,0.1537870049980776,0.075355632449058,-0.01039600153787,-0.0482276047673971,0.17279507881584,0.0138408304498269,-0.1137408688965782,0.0415840061514801,0.1190926566705113,0.0039369473279507,0.0842137639369473,-0.0022145328719723,-0.0517339484813533,-0.2141330257593233,-0.2364628988850442,-0.035432525951557,-0.0415840061514801,0.0482276047673971,,,,,-0.0061124693602323,0.0006146281375549,0.8058791160583496,0.1544401496648788,-0.2624911963939667,-0.2095040529966354,0.4253931641578674,-0.376806229352951,-0.2872881293296814,0.3150684833526611,-0.4593077600002289,-0.1910426914691925,146.2233123779297,0.1022680774331092
EXPC-039,130.81285133654154,47.44029964893717,C_band130,3,M3C-039,否,草地,低,均质暗褐草土面，右亮线疑路,judge_C_00.csv,False,11,0.0074432910419069,0.0984236831987697,0.1663360246059207,-0.3647212610534409,0.0325413302575932,-0.0138408304498269,-0.2141330257593233,0.2519646289888504,-0.01039600153787,-0.0797231833910034,0.1301653210303729,-0.1034063821607074,-0.075355632449058,0.1085121107266436,-0.1998615916955017,0.2364628988850442,0.0553633217993079,-0.0448442906574394,-0.059115724721261,0.075355632449058,-0.000553633217993,0.0088581314878892,0.2069357939254133,-0.1245674740484429,-0.0199307958477508,0.1998615916955017,0.1034063821607074,-0.0517339484813533,0.292871972318339,-0.1476970396001538,-0.0297731641676278,-0.0271280276816609,-0.0888273740868896,0.1358861976163014,-0.0553633217993079,0.186082276047674,0.0157477893118031,0.1417301038062283,0.0415840061514801,0.0629911572472126,0.0325413302575932,0.059115724721261,-0.0553633217993079,-0.0199307958477508,-0.0297731641676278,0.1929104190695886,0.1476970396001538,-0.0482276047673971,0.0888273740868896,-0.0629911572472126,0.2599000384467512,-0.0553633217993079,-0.075355632449058,0.0482276047673971,-0.0384467512495194,0.075355632449058,-0.0074432910419069,0.0049826989619377,0.0246059207996924,-0.1417301038062283,-0.2214532871972318,0.0138408304498269,-0.0935640138408304,0.0177777777777777,,,,,0.018512861803174,-0.0403794534504413,0.8049066662788391,0.1752126365900039,-0.3056155443191528,-0.3497661352157593,0.8388671278953552,-0.7606863975524902,-0.5706431865692139,0.5224431157112122,-0.6130293011665344,-0.4752650260925293,79.21407318115234,0.1631932705640792
EXPC-040,130.6516037430421,43.8095787651113,C_band130,5,M3C-040,是,草本沼泽,低,斑驳湿草灌丛混生，细分存疑,judge_C_00.csv,False,15,-0.0842137639369473,-0.0297731641676278,0.1537870049980776,-0.0384467512495194,-0.0199307958477508,-0.17279507881584,-0.0935640138408304,0.4136255286428297,0.2214532871972318,0.0384467512495194,0.3460207612456747,-0.1034063821607074,0.0120569011918492,-0.0482276047673971,-0.1476970396001538,0.0888273740868896,0.0177777777777777,0.0088581314878892,-0.2069357939254133,-0.1476970396001538,0.1537870049980776,-0.0177777777777777,0.0448442906574394,0.0049826989619377,0.1793771626297577,0.1245674740484429,-0.075355632449058,0.075355632449058,0.1417301038062283,0.0553633217993079,-0.0222068435217224,0.1085121107266436,0.01039600153787,0.0842137639369473,0.1245674740484429,-0.0448442906574394,-0.0138408304498269,-0.1417301038062283,0.0711111111111111,-0.16,-0.0482276047673971,-0.1301653210303729,0.1137408688965782,0.0325413302575932,-0.0842137639369473,0.0246059207996924,0.17279507881584,-0.16,0.1476970396001538,-0.0553633217993079,0.0384467512495194,0.0448442906574394,-0.1034063821607074,0.0984236831987697,0.075355632449058,0.1929104190695886,0.1793771626297577,-0.0448442906574394,-0.0797231833910034,-0.0517339484813533,-0.1929104190695886,0.0711111111111111,-0.0669896193771626,0.0553633217993079,-11.462073151642084,-18.122639824752383,-5.513907667212415,-13.442650758393349,0.1024795398116111,-0.1095267385244369,0.1125787124037742,0.3567759692668915,-0.3807800710201263,-0.4827007055282593,0.8674829602241516,-0.762206494808197,-0.512977123260498,0.5531762838363647,-0.6047197580337524,-0.581740140914917,472.6399230957031,0.1514522582292556
EXPC-041,130.84447203454255,43.17384103853991,C_band130,5,M3C-041,是,草本沼泽,低,绿斑杂浅色湿斑，疑沼泽草甸,judge_C_00.csv,False,15,-0.0138408304498269,-0.0022145328719723,0.1998615916955017,-0.0415840061514801,0.0199307958477508,-0.2288965782391388,-0.1793771626297577,0.3839138792772011,0.1476970396001538,0.0553633217993079,0.2441522491349481,0.0384467512495194,-0.0629911572472126,-0.0448442906574394,-0.2141330257593233,0.0482276047673971,0.0120569011918492,-0.0553633217993079,-0.2519646289888504,0.0415840061514801,0.1537870049980776,-0.0629911572472126,0.0711111111111111,-0.0199307958477508,0.1417301038062283,-0.0199307958477508,-0.0517339484813533,0.0030142252979623,0.0797231833910034,0.0271280276816609,0.0797231833910034,0.186082276047674,0.1034063821607074,0.0711111111111111,-0.0030142252979623,0.1358861976163014,0.0669896193771626,-0.1998615916955017,0.0517339484813533,-0.0711111111111111,-0.1137408688965782,-0.0015378700499807,0.0138408304498269,0.0629911572472126,-0.0297731641676278,0.1034063821607074,0.2441522491349481,-0.2519646289888504,0.0246059207996924,-0.0984236831987697,0.0517339484813533,-0.0157477893118031,-0.0448442906574394,0.1190926566705113,-0.01039600153787,0.1301653210303729,0.0797231833910034,-0.1137408688965782,-0.075355632449058,-0.075355632449058,-0.1537870049980776,0.1476970396001538,-0.2141330257593233,-0.0088581314878892,-14.415051354529814,-22.143835596441725,-14.32957738762867,-20.71553186014441,0.0563058368861675,-0.1185918599367141,0.3023407161235809,0.3785310685634613,-0.415586918592453,-0.5225908160209656,0.8815651535987854,-0.7359073162078857,-0.5061371922492981,0.5555555820465088,-0.6478734016418457,-0.6820008754730225,819.6204223632812,0.1514522582292556
EXPC-042,130.41004676314236,45.117525818789325,C_band130,5,M3C-042,是,草本沼泽,低,暗绿斑驳湿草，含浅色湿斑,judge_C_00.csv,False,15,-0.0448442906574394,-0.0074432910419069,0.1358861976163014,-0.0842137639369473,-0.0088581314878892,-0.17279507881584,-0.1537870049980776,0.4237754709727028,0.17279507881584,0.0074432910419069,0.3100961168781238,-0.0120569011918492,-0.0061514801999231,-0.0297731641676278,-0.1793771626297577,0.0984236831987697,-0.0074432910419069,-0.1034063821607074,-0.2519646289888504,0.0246059207996924,0.1663360246059207,-0.0448442906574394,0.0629911572472126,-0.0039369473279507,0.1663360246059207,0.0711111111111111,-0.0157477893118031,0.0629911572472126,0.1301653210303729,0.0074432910419069,0.0199307958477508,0.1190926566705113,0.0384467512495194,0.0199307958477508,0.1034063821607074,0.1358861976163014,0.0177777777777777,-0.1929104190695886,0.0415840061514801,-0.0888273740868896,-0.1358861976163014,-0.075355632449058,0.0669896193771626,-0.0074432910419069,-0.0888273740868896,0.1137408688965782,0.2441522491349481,-0.2288965782391388,0.0246059207996924,-0.0448442906574394,0.0888273740868896,0.0120569011918492,-0.1137408688965782,0.0629911572472126,0.0325413302575932,0.1476970396001538,0.1137408688965782,-0.0448442906574394,-0.0797231833910034,-0.1034063821607074,-0.17279507881584,0.0984236831987697,-0.17279507881584,-0.0517339484813533,-16.690606044575837,-23.864501524135648,-12.269206712549632,-18.37479427161804,0.0505598932504653,-0.0739745050668716,0.4400539398193359,0.3060830235481262,-0.4420753419399261,-0.5459803342819214,0.8779819011688232,-0.7802155613899231,-0.5288779139518738,0.5708975195884705,-0.6854701042175293,-0.5080214142799377,593.4497680664062,0.1618894636631012
EXPC-043,130.04982233421043,43.22252972693919,C_band130,5,M3C-043,否,草地,低,橄榄色干草面，无湿斑无田块,judge_C_00.csv,False,11,-0.0177777777777777,0.0711111111111111,0.1245674740484429,-0.1417301038062283,0.0448442906574394,-0.2441522491349481,-0.1417301038062283,0.4237754709727028,0.17279507881584,0.0888273740868896,0.0842137639369473,-0.0415840061514801,-0.059115724721261,-0.0553633217993079,-0.292871972318339,0.16,-0.0120569011918492,-0.0246059207996924,-0.17279507881584,-0.0629911572472126,0.1537870049980776,0.1034063821607074,-0.0074432910419069,0.0061514801999231,0.1190926566705113,-0.0325413302575932,-0.0935640138408304,0.0797231833910034,0.0935640138408304,-0.0199307958477508,0.0384467512495194,0.0629911572472126,-0.0482276047673971,0.0553633217993079,0.1301653210303729,0.1476970396001538,-0.0157477893118031,-0.2069357939254133,0.0015378700499807,-0.0984236831987697,-0.0199307958477508,0.0517339484813533,0.0199307958477508,0.0022145328719723,-0.0199307958477508,0.2069357939254133,0.2441522491349481,-0.2364628988850442,-0.075355632449058,-0.1663360246059207,0.0711111111111111,0.0120569011918492,-0.075355632449058,0.0325413302575932,-0.0138408304498269,0.16,0.075355632449058,0.075355632449058,-0.0669896193771626,-0.059115724721261,-0.17279507881584,0.075355632449058,-0.1929104190695886,-0.0517339484813533,-11.840204634920877,-18.152772942640635,-8.846925662941313,-17.304187000214334,0.0421492531895637,-0.0711831152439117,0.5756818652153015,0.3694311082363128,-0.5073556900024414,-0.6004894375801086,0.8623794317245483,-0.7737852334976196,-0.5690392851829529,0.5322195887565613,-0.6768656969070435,-0.585844099521637,885.9483642578125,0.1514522582292556
EXPC-044,131.1852928533375,45.87085301605195,C_band130,5,M3C-044,是,草本沼泽,低,斑驳湿草混浅斑，细分存疑,judge_C_00.csv,False,15,-0.0297731641676278,-0.075355632449058,0.1663360246059207,-0.16,-0.0325413302575932,-0.2141330257593233,-0.2069357939254133,0.3742560553633218,0.0517339484813533,0.0517339484813533,0.292871972318339,-0.0553633217993079,0.0088581314878892,-0.0325413302575932,-0.2069357939254133,-0.0271280276816609,-0.059115724721261,-0.1034063821607074,-0.186082276047674,0.0629911572472126,0.0888273740868896,0.0088581314878892,0.0157477893118031,-0.0448442906574394,0.1245674740484429,0.1301653210303729,-0.0246059207996924,0.059115724721261,0.2844444444444444,0.0022145328719723,-0.0246059207996924,0.0157477893118031,-0.0669896193771626,0.059115724721261,-0.0199307958477508,0.1663360246059207,0.0935640138408304,-0.1417301038062283,0.1137408688965782,-0.1301653210303729,-0.0935640138408304,-0.0935640138408304,-0.0049826989619377,0.0629911572472126,-0.059115724721261,0.1537870049980776,0.2761399461745483,-0.16,0.1245674740484429,-0.0246059207996924,0.059115724721261,0.0030142252979623,-0.075355632449058,-0.0074432910419069,-0.0049826989619377,0.1034063821607074,0.1476970396001538,-0.0669896193771626,-0.0935640138408304,-0.1190926566705113,-0.2214532871972318,0.0553633217993079,-0.0797231833910034,0.0222068435217224,,,,,0.1331564933061599,-0.1552190333604812,0.2179337292909622,0.4503657221794128,-0.3175130486488342,-0.4113794565200805,0.8438803553581238,-0.719684362411499,-0.464657187461853,0.4989816844463348,-0.5462185144424438,-0.5697211027145386,183.3910217285156,0.1022680774331092
EXPC-045,130.38264814697672,44.30086739399626,C_band130,5,M3C-045,是,草本沼泽,低,细斑驳湿草，无田块痕迹,judge_C_00.csv,False,15,-0.0553633217993079,-0.0448442906574394,0.1417301038062283,-0.0797231833910034,-0.0325413302575932,-0.1537870049980776,-0.1085121107266436,0.4340484429065744,0.1998615916955017,0.0797231833910034,0.3368550557477893,-0.1137408688965782,0.035432525951557,-0.0325413302575932,-0.1417301038062283,0.0482276047673971,-0.0120569011918492,-0.0553633217993079,-0.17279507881584,-0.1301653210303729,0.1476970396001538,-0.035432525951557,0.0415840061514801,-0.0246059207996924,0.1793771626297577,0.0935640138408304,-0.0797231833910034,0.1034063821607074,0.16,0.0271280276816609,0.0199307958477508,0.1085121107266436,-0.0157477893118031,0.0629911572472126,0.1085121107266436,0.0157477893118031,-0.0088581314878892,-0.16,0.0888273740868896,-0.16,-0.035432525951557,-0.1245674740484429,0.075355632449058,0.0711111111111111,-0.0711111111111111,0.0384467512495194,0.2141330257593233,-0.2214532871972318,0.1137408688965782,-0.0842137639369473,0.0448442906574394,0.0415840061514801,-0.0984236831987697,0.0797231833910034,0.0517339484813533,0.186082276047674,0.186082276047674,-0.0222068435217224,-0.1137408688965782,-0.0842137639369473,-0.186082276047674,0.0629911572472126,-0.0842137639369473,0.035432525951557,-12.765601284307344,-21.83587803944167,-9.288251811422825,-13.607020418461008,0.1226940006017685,-0.1541240215301513,0.0155402962118387,0.3506289422512054,-0.4565493762493133,-0.5550928115844727,0.8203346133232117,-0.6864194869995117,-0.4458491504192352,0.4487787187099457,-0.5657998323440552,-0.49988654255867,513.0335083007812,0.130340114235878
EXPC-046,133.94195296571507,47.12382317434186,C_band130,5,M3C-046,是,木本沼泽,低,暗色网纹疑灌丛覆湿草,judge_C_00.csv,False,14,-0.0711111111111111,-0.0415840061514801,0.1417301038062283,-0.1137408688965782,-0.0325413302575932,-0.17279507881584,-0.1137408688965782,0.4035986159169549,0.1476970396001538,-0.0199307958477508,0.3278123798539023,-0.0711111111111111,-0.0177777777777777,-0.0271280276816609,-0.1998615916955017,0.1301653210303729,0.0049826989619377,-0.1476970396001538,-0.1358861976163014,-0.059115724721261,0.186082276047674,-0.0039369473279507,0.059115724721261,-0.0553633217993079,0.17279507881584,0.1085121107266436,0.0074432910419069,0.1417301038062283,0.2141330257593233,0.0002460592079969,-0.0199307958477508,0.0297731641676278,-0.0629911572472126,0.0297731641676278,0.0222068435217224,0.1190926566705113,0.0177777777777777,-0.1793771626297577,0.035432525951557,-0.1417301038062283,-0.0669896193771626,-0.1034063821607074,0.0015378700499807,0.0415840061514801,-0.0384467512495194,0.0935640138408304,0.2214532871972318,-0.2141330257593233,0.1085121107266436,-0.0482276047673971,0.0711111111111111,-0.0061514801999231,-0.1245674740484429,-0.0271280276816609,0.035432525951557,0.2141330257593233,0.1929104190695886,-0.01039600153787,-0.0199307958477508,-0.0711111111111111,-0.1929104190695886,0.0482276047673971,-0.059115724721261,0.0271280276816609,,,,,0.1079457700252533,-0.1163755804300308,0.3893420398235321,0.2966002225875854,-0.3595574796199798,-0.2997311949729919,0.9036964774131776,-0.8223722577095032,-0.6278956532478333,0.5968289971351624,-0.6381062865257263,-0.4331210255622864,109.48795318603516,0.0675886422395706
EXPC-047,131.03410639102017,46.62705482222377,C_band130,5,M3C-047,是,草本沼泽,低,斑驳绿被夹浅斑，湿迹弱,judge_C_00.csv,False,15,-0.0517339484813533,-0.0325413302575932,0.1301653210303729,-0.0797231833910034,-0.01039600153787,-0.1417301038062283,-0.1476970396001538,0.4136255286428297,0.16,0.0482276047673971,0.3368550557477893,-0.0297731641676278,0.0049826989619377,-0.0517339484813533,-0.1998615916955017,0.0797231833910034,-0.0088581314878892,-0.0984236831987697,-0.2214532871972318,0.0022145328719723,0.17279507881584,0.01039600153787,0.0074432910419069,-0.0138408304498269,0.1663360246059207,0.0669896193771626,-0.0088581314878892,0.0797231833910034,0.1537870049980776,0.0325413302575932,0.01039600153787,0.0984236831987697,-0.0325413302575932,0.0199307958477508,0.0629911572472126,0.0797231833910034,0.0199307958477508,-0.2288965782391388,0.0629911572472126,-0.1190926566705113,-0.1190926566705113,-0.1034063821607074,0.0553633217993079,0.0222068435217224,-0.0482276047673971,0.1358861976163014,0.2679584775086506,-0.2519646289888504,0.0888273740868896,-0.0553633217993079,0.0297731641676278,-0.0030142252979623,-0.0888273740868896,0.0061514801999231,0.0199307958477508,0.16,0.1793771626297577,-0.0384467512495194,-0.075355632449058,-0.1034063821607074,-0.16,0.0711111111111111,-0.1085121107266436,-0.0120569011918492,,,,,0.082653060555458,-0.1162546053528785,0.2143115252256393,0.4879348278045654,-0.5577427744865417,-0.4746687412261963,0.8517763614654541,-0.7371943593025208,-0.5300439596176147,0.499897688627243,-0.5969498753547668,-0.5535714030265808,319.2935791015625,0.0911156833171844
EXPC-048,133.07364141208515,46.55258448517026,C_band130,5,M3C-048,是,草本沼泽,中,绿底暗湿斑，无格田,judge_C_01.csv,False,15,-0.075355632449058,-0.0246059207996924,0.1417301038062283,-0.0517339484813533,-0.0157477893118031,-0.1537870049980776,-0.1245674740484429,0.4237754709727028,0.1793771626297577,-0.0002460592079969,0.3647212610534409,-0.059115724721261,-0.0199307958477508,-0.0629911572472126,-0.1929104190695886,0.0842137639369473,0.0088581314878892,-0.1137408688965782,-0.1793771626297577,-0.0935640138408304,0.1537870049980776,-0.0448442906574394,0.0415840061514801,-0.0482276047673971,0.1929104190695886,0.16,-0.0177777777777777,0.1034063821607074,0.186082276047674,0.0517339484813533,-0.0222068435217224,0.0842137639369473,-0.0222068435217224,0.0669896193771626,0.0222068435217224,0.0448442906574394,0.035432525951557,-0.16,0.0553633217993079,-0.1137408688965782,-0.0553633217993079,-0.1190926566705113,0.0482276047673971,0.0517339484813533,-0.0415840061514801,0.0629911572472126,0.1793771626297577,-0.1998615916955017,0.1793771626297577,-0.0482276047673971,0.0325413302575932,0.0297731641676278,-0.0984236831987697,0.0199307958477508,0.035432525951557,0.17279507881584,0.2288965782391388,-0.0415840061514801,-0.0517339484813533,-0.0669896193771626,-0.1793771626297577,0.0482276047673971,-0.0711111111111111,0.075355632449058,,,,,0.090471975505352,-0.0615915246307849,0.2606321275234222,0.5042301416397095,-0.5237823128700256,-0.3917168378829956,0.9055345058441162,-0.8246158957481384,-0.6032799482345581,0.586870014667511,-0.6893752217292786,-0.6126760840415955,162.51959228515625,0.0100717162713408
EXPC-049,133.645149595842,47.384873595907,C_band130,5,M3C-049,是,草本沼泽,低,暗绿密被，隐约水隙,judge_C_01.csv,False,15,-0.0448442906574394,-0.0384467512495194,0.1245674740484429,-0.1358861976163014,-0.0325413302575932,-0.17279507881584,-0.1417301038062283,0.4237754709727028,0.1417301038062283,-0.035432525951557,0.3014225297962323,-0.0482276047673971,-0.0157477893118031,-0.0039369473279507,-0.2141330257593233,0.1245674740484429,0.0039369473279507,-0.1476970396001538,-0.1034063821607074,-0.0553633217993079,0.17279507881584,-0.0325413302575932,0.0325413302575932,-0.075355632449058,0.1476970396001538,0.1476970396001538,0.0384467512495194,0.1417301038062283,0.2364628988850442,-0.0482276047673971,0.0120569011918492,-0.0199307958477508,-0.0711111111111111,0.0199307958477508,0.0448442906574394,0.1793771626297577,0.0157477893118031,-0.1663360246059207,0.035432525951557,-0.1034063821607074,-0.1190926566705113,-0.0984236831987697,-0.0074432910419069,0.0297731641676278,-0.0711111111111111,0.1085121107266436,0.2141330257593233,-0.16,0.0888273740868896,-0.0271280276816609,0.0482276047673971,-0.035432525951557,-0.1245674740484429,-0.0157477893118031,0.075355632449058,0.2141330257593233,0.1793771626297577,0.0157477893118031,-0.035432525951557,-0.1085121107266436,-0.1793771626297577,0.0517339484813533,-0.0669896193771626,0.0246059207996924,,,,,0.0916641950607299,-0.0641220286488533,0.5692121386528015,0.3620011210441589,-0.4498130083084106,-0.3814328908920288,0.8899886608123779,-0.7986811995506287,-0.6039184331893921,0.5733197331428528,-0.6427432298660278,-0.3600000143051147,82.77169799804688,0.0675886422395706
EXPC-050,131.03257925503718,43.10853351738442,C_band130,5,M3C-050,是,草本沼泽,中,绿底暗湿斑，边界自然,judge_C_01.csv,False,15,-0.0797231833910034,-0.0061514801999231,0.1358861976163014,-0.0553633217993079,0.0271280276816609,-0.2069357939254133,-0.0935640138408304,0.4035986159169549,0.2214532871972318,0.0177777777777777,0.2844444444444444,-0.059115724721261,-0.075355632449058,-0.0325413302575932,-0.17279507881584,0.17279507881584,-0.0177777777777777,-0.0061514801999231,-0.1998615916955017,-0.1417301038062283,0.1793771626297577,0.0553633217993079,-0.0039369473279507,0.0325413302575932,0.1663360246059207,0.1301653210303729,-0.075355632449058,0.0669896193771626,0.1301653210303729,0.0138408304498269,-0.035432525951557,0.1301653210303729,-0.0177777777777777,0.0448442906574394,0.1998615916955017,-0.0049826989619377,-0.0325413302575932,-0.186082276047674,0.0553633217993079,-0.186082276047674,-0.0271280276816609,-0.1190926566705113,0.1190926566705113,0.0088581314878892,-0.0669896193771626,0.0517339484813533,0.1998615916955017,-0.1663360246059207,0.1301653210303729,-0.0984236831987697,0.0297731641676278,0.0222068435217224,-0.0711111111111111,0.1190926566705113,0.0384467512495194,0.17279507881584,0.1793771626297577,-0.0157477893118031,-0.0297731641676278,-0.0088581314878892,-0.16,0.059115724721261,-0.0797231833910034,0.0517339484813533,,,,,0.0775444284081459,-0.0784155204892158,0.3296398818492889,0.3833943903446197,-0.5021544694900513,-0.5037171840667725,0.8840703368186951,-0.8037335276603699,-0.5965611338615417,0.5254923701286316,-0.6529716849327087,-0.6123858094215393,414.075439453125,0.2621392905712127
EXPC-051,131.06141517565743,43.59479158067832,C_band130,5,M3C-051,否,草地,中,均匀黄褐，干爽,judge_C_01.csv,False,11,-0.075355632449058,-0.0384467512495194,0.1301653210303729,-0.0842137639369473,0.0049826989619377,-0.2069357939254133,-0.1190926566705113,0.4035986159169549,0.2069357939254133,0.0482276047673971,0.3100961168781238,-0.0888273740868896,-0.01039600153787,-0.0553633217993079,-0.2141330257593233,0.1085121107266436,-0.0325413302575932,-0.1085121107266436,-0.1417301038062283,-0.1301653210303729,0.1929104190695886,0.0384467512495194,0.0553633217993079,-0.0222068435217224,0.1476970396001538,0.059115724721261,-0.0669896193771626,0.1085121107266436,0.16,0.0246059207996924,-0.0088581314878892,0.059115724721261,-0.0415840061514801,0.0074432910419069,0.1301653210303729,0.0553633217993079,0.01039600153787,-0.1793771626297577,0.0517339484813533,-0.1793771626297577,-0.035432525951557,-0.0842137639369473,0.0517339484813533,0.0384467512495194,-0.0711111111111111,0.0935640138408304,0.2141330257593233,-0.2364628988850442,0.0888273740868896,-0.0935640138408304,0.0246059207996924,0.0711111111111111,-0.0797231833910034,0.0517339484813533,0.0553633217993079,0.1998615916955017,0.1793771626297577,-0.01039600153787,-0.0797231833910034,-0.0711111111111111,-0.1537870049980776,0.075355632449058,-0.0935640138408304,-0.0120569011918492,,,,,0.0672903954982757,-0.0977054014801979,0.4035693705081939,0.4053415954113006,-0.5158363580703735,-0.3876811563968658,0.8664752244949341,-0.7902226448059082,-0.5545808672904968,0.6203774809837341,-0.6809933185577393,-0.5002493858337402,711.326416015625,0.2621392905712127
EXPC-052,130.825158255934,43.269062458656585,C_band130,5,M3C-052,是,湖河滩地,中,紧邻深水，湖滨泥滩,judge_C_01.csv,False,16,-0.0482276047673971,-0.0984236831987697,0.2288965782391388,-0.0984236831987697,-0.0157477893118031,-0.2519646289888504,-0.17279507881584,0.3460207612456747,0.1417301038062283,0.1358861976163014,0.2761399461745483,-0.0797231833910034,-0.0138408304498269,-0.0553633217993079,-0.186082276047674,0.0138408304498269,-0.0325413302575932,0.0022145328719723,-0.1929104190695886,-0.1417301038062283,0.1663360246059207,0.035432525951557,-0.0222068435217224,-0.0415840061514801,0.0984236831987697,0.059115724721261,-0.1358861976163014,0.0553633217993079,0.1929104190695886,0.01039600153787,0.0199307958477508,0.0482276047673971,-0.059115724721261,0.0517339484813533,0.0984236831987697,0.0517339484813533,0.0629911572472126,-0.1537870049980776,0.0711111111111111,-0.1663360246059207,-0.0384467512495194,-0.0888273740868896,0.0325413302575932,0.1537870049980776,-0.1034063821607074,0.1190926566705113,0.2599000384467512,-0.2214532871972318,0.1034063821607074,-0.1034063821607074,-0.0138408304498269,0.0120569011918492,-0.0553633217993079,0.1358861976163014,0.0448442906574394,0.1476970396001538,0.1245674740484429,-0.0482276047673971,-0.1476970396001538,-0.0669896193771626,-0.1537870049980776,0.0415840061514801,-0.0448442906574394,0.0199307958477508,-12.089178706547838,-19.03686932728959,-7.330176596485581,-13.312200097452608,0.1481721103191375,-0.1601830720901489,0.2300694286823272,0.4263959527015686,-0.4288135468959808,-0.473437488079071,0.8712549805641174,-0.7521405816078186,-0.4927369058132171,0.6167401075363159,-0.6194153428077698,-0.6349206566810608,512.5150146484375,0.1514522582292556
EXPC-053,130.93115945946008,46.49679910602644,C_band130,5,M3C-053,是,木本沼泽,低,灌丛斑块间夹浅水,judge_C_01.csv,False,14,-0.0669896193771626,-0.0325413302575932,0.1998615916955017,-0.0797231833910034,-0.0629911572472126,-0.1663360246059207,-0.1663360246059207,0.4237754709727028,0.1793771626297577,0.0384467512495194,0.3368550557477893,-0.0711111111111111,0.0271280276816609,-0.0448442906574394,-0.1793771626297577,0.0711111111111111,0.0246059207996924,-0.059115724721261,-0.1537870049980776,-0.1245674740484429,0.1358861976163014,-0.035432525951557,0.0415840061514801,-0.0448442906574394,0.1476970396001538,0.1034063821607074,-0.0482276047673971,0.1034063821607074,0.2441522491349481,0.000553633217993,0.035432525951557,0.0935640138408304,-0.0384467512495194,0.0797231833910034,0.0271280276816609,0.0669896193771626,0.0325413302575932,-0.1537870049980776,0.0271280276816609,-0.1137408688965782,-0.0629911572472126,-0.1245674740484429,0.0384467512495194,0.0935640138408304,-0.0797231833910034,0.0842137639369473,0.1793771626297577,-0.186082276047674,0.1358861976163014,-0.0669896193771626,0.0415840061514801,-0.0120569011918492,-0.1190926566705113,0.0246059207996924,0.0711111111111111,0.1476970396001538,0.1793771626297577,-0.0448442906574394,-0.0935640138408304,-0.1190926566705113,-0.2069357939254133,0.0797231833910034,-6.151480199923106e-05,0.0297731641676278,,,,,0.0966727808117866,-0.029766296967864,0.3261600434780121,0.4298107326030731,-0.482420265674591,-0.5366032123565674,0.8610460758209229,-0.7416291236877441,-0.5211013555526733,0.4671669900417328,-0.5608782172203064,-0.5517065525054932,280.1553955078125,0.0630452111363411
EXPC-054,130.35668683526566,47.34974946829792,C_band130,5,M3C-054,否,落叶阔叶林,低,密冠层，树种难辨,judge_C_01.csv,False,5,-0.0384467512495194,-0.0842137639369473,0.2441522491349481,-0.1358861976163014,-0.1245674740484429,-0.1537870049980776,-0.1663360246059207,0.454963475586313,0.1301653210303729,-0.0022145328719723,0.3100961168781238,-0.1034063821607074,0.0842137639369473,0.0246059207996924,-0.1301653210303729,-0.0415840061514801,-0.0669896193771626,-0.0517339484813533,-0.1301653210303729,-0.0984236831987697,0.1085121107266436,-0.01039600153787,0.0325413302575932,0.0061514801999231,0.1537870049980776,0.1793771626297577,-0.0669896193771626,0.1301653210303729,0.1929104190695886,-0.0177777777777777,0.0629911572472126,0.0482276047673971,-0.0629911572472126,0.0669896193771626,0.0138408304498269,0.0553633217993079,-0.0415840061514801,-0.1476970396001538,0.0984236831987697,-0.0888273740868896,-0.1085121107266436,-0.1301653210303729,0.0482276047673971,0.059115724721261,-0.1190926566705113,0.0669896193771626,0.1793771626297577,-0.1358861976163014,0.1301653210303729,-0.0888273740868896,0.0482276047673971,0.01039600153787,-0.0517339484813533,-0.0325413302575932,0.0120569011918492,0.1137408688965782,0.1793771626297577,0.0246059207996924,-0.1793771626297577,-0.0246059207996924,-0.2069357939254133,0.0177777777777777,-0.1085121107266436,0.0842137639369473,,,,,0.1060136407613754,-0.1694526374340057,0.1145810410380363,0.3988985121250152,-0.4866220653057098,-0.3878364861011505,0.7664064764976501,-0.6799560189247131,-0.4379526674747467,0.4118457436561584,-0.5185185074806213,-0.3232691287994385,229.16732788085935,0.1631932705640792
EXPC-055,131.22742384016271,46.44173237910991,C_band130,5,M3C-055,是,草本沼泽,中,绿底湿斑，无田埂,judge_C_01.csv,False,15,-0.059115724721261,-0.0297731641676278,0.16,-0.0517339484813533,-0.0482276047673971,-0.1417301038062283,-0.1358861976163014,0.3936947327950788,0.1929104190695886,0.0222068435217224,0.3742560553633218,-0.0415840061514801,-0.0049826989619377,-0.075355632449058,-0.17279507881584,0.059115724721261,0.0297731641676278,-0.0669896193771626,-0.1929104190695886,-0.1034063821607074,0.1537870049980776,-0.0669896193771626,0.0448442906574394,-0.0669896193771626,0.16,0.1190926566705113,-0.0517339484813533,0.075355632449058,0.1929104190695886,0.0384467512495194,0.0246059207996924,0.1301653210303729,0.0199307958477508,0.1137408688965782,0.0177777777777777,0.0517339484813533,0.059115724721261,-0.17279507881584,0.0297731641676278,-0.1190926566705113,-0.0711111111111111,-0.1190926566705113,0.0384467512495194,0.0888273740868896,-0.0415840061514801,0.0711111111111111,0.1793771626297577,-0.2069357939254133,0.1358861976163014,-0.0711111111111111,0.0482276047673971,-0.0199307958477508,-0.1190926566705113,0.0482276047673971,0.075355632449058,0.16,0.1998615916955017,-0.035432525951557,-0.0629911572472126,-0.1034063821607074,-0.186082276047674,0.0935640138408304,-0.01039600153787,0.0553633217993079,,,,,0.0799406617879867,-0.0436444729566574,0.1969697028398513,0.2878404855728149,-0.3043231070041656,-0.2102034240961074,0.903144896030426,-0.7824358344078064,-0.5604234933853149,0.5870136022567749,-0.6410762667655945,-0.6252577304840088,553.819091796875,0.0911156833171844
EXPC-056,132.13481210865183,46.32028015269695,C_band130,5,M3C-056,是,草本沼泽,低,均一绿被，无田埂格田,judge_C_01.csv,False,15,-0.1034063821607074,0.0384467512495194,0.1358861976163014,-0.075355632449058,-0.0325413302575932,-0.1663360246059207,-0.1301653210303729,0.454963475586313,0.186082276047674,-0.0088581314878892,0.3368550557477893,-0.0842137639369473,0.0022145328719723,-0.0177777777777777,-0.1663360246059207,0.1137408688965782,-0.0061514801999231,-0.1417301038062283,-0.1929104190695886,-0.075355632449058,0.1663360246059207,-0.0157477893118031,0.0984236831987697,-0.0049826989619377,0.1929104190695886,0.1537870049980776,-0.0061514801999231,0.1034063821607074,0.1929104190695886,0.0711111111111111,-0.0482276047673971,0.0669896193771626,-0.0199307958477508,0.0222068435217224,0.0629911572472126,0.0797231833910034,-0.0120569011918492,-0.16,0.0797231833910034,-0.1190926566705113,-0.0325413302575932,-0.0984236831987697,0.0553633217993079,-0.0448442906574394,-0.0797231833910034,0.0448442906574394,0.1998615916955017,-0.16,0.1245674740484429,-0.0415840061514801,0.0711111111111111,0.0297731641676278,-0.0935640138408304,-0.0039369473279507,0.0246059207996924,0.1358861976163014,0.1793771626297577,0.0138408304498269,-0.0888273740868896,-0.0517339484813533,-0.1663360246059207,0.0074432910419069,-0.1358861976163014,0.0157477893118031,,,,,0.1400820165872573,-0.1376265287399292,0.3114968836307525,0.3346545994281769,-0.4856602549552917,-0.5166592597961426,0.8773971796035767,-0.7767519950866699,-0.538494884967804,0.6071628332138062,-0.6994082927703857,-0.5221072435379028,197.81935119628903,0.0648872405290603
EXPC-057,133.00006939031576,47.91910169537287,C_band130,5,M3C-057,是,草本沼泽,低,细顺纹草被，湿旱难分,judge_C_01.csv,False,15,-0.0669896193771626,-0.01039600153787,0.1358861976163014,-0.059115724721261,-0.0009842368319876,-0.1537870049980776,-0.1085121107266436,0.4136255286428297,0.1793771626297577,-0.0049826989619377,0.3742560553633218,-0.0517339484813533,-0.0415840061514801,-0.0553633217993079,-0.1793771626297577,0.1190926566705113,0.0222068435217224,-0.1085121107266436,-0.1537870049980776,-0.075355632449058,0.1929104190695886,-0.0120569011918492,0.0629911572472126,-0.0448442906574394,0.2069357939254133,0.1358861976163014,-0.0022145328719723,0.1190926566705113,0.1793771626297577,0.0384467512495194,-0.0246059207996924,0.0842137639369473,-0.0199307958477508,0.0629911572472126,0.0669896193771626,0.059115724721261,0.0271280276816609,-0.2141330257593233,0.0517339484813533,-0.1190926566705113,-0.075355632449058,-0.1245674740484429,0.0448442906574394,0.0415840061514801,-0.059115724721261,0.0629911572472126,0.2141330257593233,-0.2069357939254133,0.1190926566705113,-0.0517339484813533,0.0482276047673971,-0.0157477893118031,-0.1085121107266436,0.0177777777777777,0.0482276047673971,0.1663360246059207,0.186082276047674,-0.0246059207996924,-0.0384467512495194,-0.059115724721261,-0.186082276047674,0.0669896193771626,-0.0297731641676278,0.0415840061514801,,,,,0.0566107332706451,-0.0507977269589901,0.3521421253681183,0.4076417684555053,-0.5093945860862732,-0.3874226212501526,0.8852167129516602,-0.8010966181755066,-0.580542266368866,0.539416491985321,-0.6478405594825745,-0.5440860390663147,157.29725646972656,0.0675886422395706
EXPC-058,130.3376425512423,43.36670933004037,C_band130,5,M3C-058,是,草本沼泽,低,绿斑与枯黄苔草混杂,judge_C_01.csv,False,15,0.0222068435217224,-0.0553633217993079,0.1476970396001538,-0.0415840061514801,-0.035432525951557,-0.1245674740484429,-0.1085121107266436,0.3839138792772011,0.1663360246059207,0.0888273740868896,0.3460207612456747,-0.0271280276816609,-0.0482276047673971,-0.0669896193771626,-0.1034063821607074,0.0415840061514801,-0.0297731641676278,-0.0415840061514801,-0.0711111111111111,-0.0984236831987697,0.186082276047674,-0.075355632449058,0.0888273740868896,-0.075355632449058,0.1663360246059207,0.0517339484813533,-0.1301653210303729,0.0711111111111111,0.1417301038062283,6.151480199923106e-05,0.0888273740868896,0.1793771626297577,0.0553633217993079,0.1137408688965782,0.0325413302575932,0.059115724721261,0.0448442906574394,-0.2599000384467512,0.0629911572472126,-0.0984236831987697,-0.1663360246059207,-0.0842137639369473,0.0049826989619377,0.1417301038062283,-0.0711111111111111,0.0448442906574394,0.2214532871972318,-0.2364628988850442,0.1301653210303729,-0.0711111111111111,0.0448442906574394,-0.1085121107266436,-0.1245674740484429,0.075355632449058,0.0553633217993079,0.1417301038062283,0.1358861976163014,0.0002460592079969,-0.1190926566705113,-0.1034063821607074,-0.1537870049980776,0.1190926566705113,-0.0517339484813533,-0.0022145328719723,-12.780007311563368,-19.059531315090236,-9.51042924328729,-15.7717036817131,0.3880389332771301,-0.405633807182312,-0.0860855430364608,0.603101372718811,-0.557109534740448,-0.4763621091842651,0.8687022924423218,-0.7604273557662964,-0.5104953646659851,0.6524969339370728,-0.6545454263687134,-0.5811623334884644,776.0076293945312,0.1514522582292556
EXPC-059,131.44373816057868,45.13549212447171,C_band130,5,M3C-059,否,草本旱地,中,干黄田面，见耕作条纹,judge_C_01.csv,False,0,-0.0482276047673971,0.0797231833910034,0.17279507881584,-0.1663360246059207,0.01039600153787,-0.2141330257593233,-0.1998615916955017,0.4763706266820453,0.1190926566705113,-0.0088581314878892,0.1358861976163014,-0.0384467512495194,-0.1085121107266436,-0.0325413302575932,-0.2141330257593233,0.1358861976163014,0.059115724721261,-0.0935640138408304,-0.2214532871972318,0.0629911572472126,0.1245674740484429,0.0888273740868896,0.0711111111111111,-0.0039369473279507,0.17279507881584,-0.0222068435217224,-0.0246059207996924,0.1034063821607074,0.1537870049980776,0.0039369473279507,0.0177777777777777,0.0482276047673971,-0.01039600153787,0.0448442906574394,0.0517339484813533,0.1793771626297577,0.0415840061514801,-0.1537870049980776,-0.0157477893118031,-0.0448442906574394,-0.0797231833910034,0.0271280276816609,0.0157477893118031,-0.0138408304498269,-0.0002460592079969,0.2069357939254133,0.2141330257593233,-0.2141330257593233,-0.000553633217993,-0.0271280276816609,0.0984236831987697,-0.0271280276816609,-0.1137408688965782,-0.035432525951557,-0.0325413302575932,0.1085121107266436,0.0935640138408304,0.0384467512495194,-0.0711111111111111,-0.0246059207996924,-0.16,0.0325413302575932,-0.2441522491349481,-0.059115724721261,,,,,0.1041292622685432,-0.1542522013187408,0.4786710441112518,0.3555434048175812,-0.5115712285041809,-0.5708935260772705,0.8883000612258911,-0.7974388599395752,-0.5547974705696106,0.6146500110626221,-0.7469109296798706,-0.494468092918396,309.9850158691406,0.1022680774331092
EXPC-060,130.71574345432822,46.70574724111263,C_band130,6,M3C-060,是,草本沼泽,低,密丛草丘，湿旱难分,judge_C_01.csv,False,15,0.1417301038062283,-0.0797231833910034,0.1301653210303729,-0.186082276047674,-0.1137408688965782,0.0271280276816609,-0.1929104190695886,0.4035986159169549,0.0157477893118031,-0.0138408304498269,0.0984236831987697,0.0448442906574394,0.0199307958477508,0.1417301038062283,-0.0222068435217224,-0.0888273740868896,-0.0246059207996924,-0.0246059207996924,0.2761399461745483,-0.075355632449058,0.1245674740484429,-0.1793771626297577,0.1537870049980776,-0.0842137639369473,0.075355632449058,0.2069357939254133,-0.0482276047673971,0.0448442906574394,0.1929104190695886,-0.0297731641676278,0.1476970396001538,0.0222068435217224,-0.0088581314878892,0.0888273740868896,-0.0935640138408304,0.16,-0.0415840061514801,-0.1301653210303729,0.1358861976163014,0.0935640138408304,-0.2519646289888504,-0.075355632449058,-0.0517339484813533,0.1034063821607074,-0.0669896193771626,0.1476970396001538,-0.0415840061514801,-0.0517339484813533,0.1245674740484429,-0.0711111111111111,0.0517339484813533,-0.1663360246059207,-0.01039600153787,-0.0553633217993079,0.0842137639369473,0.1137408688965782,0.0325413302575932,0.2441522491349481,-0.1929104190695886,-0.0629911572472126,-0.075355632449058,0.0553633217993079,0.0297731641676278,0.0448442906574394,,,,,0.7512815594673157,-0.6862888336181641,0.0023364485241472,0.7000364065170288,-0.6153579950332642,-0.2755700349807739,0.5893712639808655,-0.5107195377349854,-0.1394628137350082,0.7863013744354248,-0.7135348320007324,-0.4021937847137451,218.64614868164065,0.0630452111363411
EXPC-061,131.95685585086775,46.50335680760051,C_band130,6,M3C-061,否,常绿针叶林,低,深暗密冠，针叶存疑,judge_C_01.csv,False,6,-0.0177777777777777,-0.0271280276816609,0.16,-0.0842137639369473,-0.0553633217993079,-0.0935640138408304,-0.2519646289888504,0.5206612841214917,0.1034063821607074,-0.0384467512495194,0.3188927335640138,-0.0935640138408304,0.0448442906574394,0.035432525951557,-0.0888273740868896,0.0061514801999231,0.0553633217993079,0.0384467512495194,-0.0517339484813533,-0.0517339484813533,0.0482276047673971,-0.1245674740484429,0.1537870049980776,-0.0935640138408304,0.1085121107266436,0.3014225297962323,0.0177777777777777,0.0138408304498269,0.2844444444444444,-0.0157477893118031,0.0415840061514801,0.0271280276816609,0.0448442906574394,0.17279507881584,-0.0297731641676278,0.1793771626297577,0.0009842368319876,-0.0553633217993079,0.1137408688965782,0.0002460592079969,-0.1137408688965782,-0.0842137639369473,0.0415840061514801,0.0482276047673971,-0.0984236831987697,0.0711111111111111,0.0669896193771626,0.0177777777777777,0.0888273740868896,-0.0517339484813533,0.0711111111111111,-0.0297731641676278,-0.0711111111111111,0.0984236831987697,0.1301653210303729,0.1034063821607074,0.1034063821607074,0.0984236831987697,-0.0517339484813533,-0.0415840061514801,-0.17279507881584,0.0297731641676278,-0.0074432910419069,0.0482276047673971,,,,,0.3741375505924225,-0.3022569119930267,0.3910849392414093,0.4490299820899963,-0.4792942106723785,-0.4537211954593658,0.6647834181785583,-0.6304949522018433,-0.5151270627975464,0.5094577670097351,-0.5049505233764648,-0.2598684132099151,159.68386840820312,0.0911156833171844
EXPC-062,130.89100476625995,44.685525998656246,C_band130,6,M3C-062,是,木本沼泽,低,灌丛团块间夹草被,judge_C_01.csv,False,14,-0.0039369473279507,-0.0711111111111111,0.1190926566705113,-0.0325413302575932,-0.1034063821607074,-0.0935640138408304,-0.1793771626297577,0.3839138792772011,0.17279507881584,0.0088581314878892,0.3278123798539023,-0.0246059207996924,-0.0138408304498269,-0.0711111111111111,-0.0271280276816609,0.000553633217993,0.0415840061514801,-0.0517339484813533,-0.0177777777777777,-0.16,0.1537870049980776,-0.1998615916955017,0.1190926566705113,-0.0297731641676278,0.1537870049980776,0.1537870049980776,-0.0984236831987697,0.0669896193771626,0.1537870049980776,-0.000553633217993,0.1358861976163014,0.1476970396001538,0.1417301038062283,0.1417301038062283,-0.01039600153787,0.0482276047673971,0.0935640138408304,-0.16,0.1137408688965782,-0.0517339484813533,-0.1663360246059207,-0.1358861976163014,0.0074432910419069,0.1663360246059207,-0.0711111111111111,0.075355632449058,0.1034063821607074,-0.0797231833910034,0.1476970396001538,-0.0384467512495194,0.0517339484813533,-0.16,-0.1245674740484429,0.1085121107266436,0.1663360246059207,0.1085121107266436,0.1301653210303729,0.0199307958477508,-0.1301653210303729,-0.1137408688965782,-0.1537870049980776,0.1085121107266436,0.0222068435217224,0.0984236831987697,,,,,0.5192307829856873,-0.4733954966068268,-0.0371113345026969,0.5917312502861023,-0.5457967519760132,-0.3316923081874847,0.857268750667572,-0.7416689395904541,-0.491047203540802,0.7193585634231567,-0.6512651443481445,-0.4622561633586883,929.2991943359376,0.130340114235878
EXPC-063,130.30988460896302,47.64547485983007,C_band130,6,M3C-063,是,草本沼泽,低,细纹草被，旁有土路,judge_C_01.csv,False,15,0.0138408304498269,-0.0669896193771626,0.1793771626297577,-0.0935640138408304,-0.075355632449058,-0.0935640138408304,-0.1663360246059207,0.4444444444444444,0.1245674740484429,0.0271280276816609,0.3278123798539023,-0.0842137639369473,0.0177777777777777,-0.0138408304498269,-0.0669896193771626,0.0088581314878892,-0.0271280276816609,-0.0415840061514801,0.0517339484813533,-0.1476970396001538,0.1358861976163014,-0.0888273740868896,0.0984236831987697,-0.0888273740868896,0.1663360246059207,0.1537870049980776,-0.0711111111111111,0.1358861976163014,0.2599000384467512,-0.0157477893118031,0.1245674740484429,0.0984236831987697,-0.0120569011918492,0.1034063821607074,-0.0517339484813533,0.0984236831987697,0.035432525951557,-0.1929104190695886,0.075355632449058,-0.0415840061514801,-0.1301653210303729,-0.1137408688965782,0.0061514801999231,0.16,-0.075355632449058,0.035432525951557,0.0935640138408304,-0.1476970396001538,0.2069357939254133,-0.0553633217993079,-0.0022145328719723,-0.1085121107266436,-0.1034063821607074,0.0061514801999231,0.0517339484813533,0.1476970396001538,0.1537870049980776,0.0448442906574394,-0.1245674740484429,-0.0629911572472126,-0.1793771626297577,0.0553633217993079,0.0177777777777777,0.075355632449058,,,,,0.4653691947460174,-0.4253897666931152,0.015748031437397,0.5843737125396729,-0.55832839012146,-0.4551673531532287,0.8416690230369568,-0.7236859798431396,-0.4753682017326355,0.6863096356391907,-0.6717014908790588,-0.5303463339805603,183.18978881835935,0.1631932705640792
EXPC-064,130.3960330447101,48.09103924075335,C_band130,6,M3C-064,是,草本沼泽,低,暗绿植丛间亮水面,judge_C_01.csv,False,15,-0.0088581314878892,-0.0711111111111111,0.1998615916955017,-0.075355632449058,-0.0553633217993079,-0.0935640138408304,-0.1301653210303729,0.4237754709727028,0.1793771626297577,-0.0120569011918492,0.3368550557477893,-0.0842137639369473,-0.0120569011918492,-0.0022145328719723,-0.0888273740868896,0.0482276047673971,-0.0061514801999231,0.0030142252979623,0.0415840061514801,-0.186082276047674,0.186082276047674,-0.0448442906574394,0.0553633217993079,-0.0797231833910034,0.1476970396001538,0.1137408688965782,-0.1085121107266436,0.1476970396001538,0.2141330257593233,-0.0553633217993079,0.1245674740484429,0.1085121107266436,-0.0517339484813533,0.1358861976163014,0.0015378700499807,0.0888273740868896,0.0517339484813533,-0.16,0.0448442906574394,-0.0797231833910034,-0.1301653210303729,-0.1301653210303729,0.0325413302575932,0.1476970396001538,-0.0797231833910034,0.0711111111111111,0.0711111111111111,-0.16,0.1190926566705113,-0.075355632449058,-0.000553633217993,-0.1137408688965782,-0.1034063821607074,0.0271280276816609,0.1137408688965782,0.1929104190695886,0.1476970396001538,0.0888273740868896,-0.1085121107266436,-0.075355632449058,-0.1663360246059207,0.1085121107266436,0.0517339484813533,0.0297731641676278,,,,,0.4680041372776031,-0.4662290513515472,0.1111111119389534,0.578420877456665,-0.5688920617103577,-0.3336992263793945,0.841157078742981,-0.7016885280609131,-0.428314596414566,0.7181880474090576,-0.6814435124397278,-0.5361660718917847,626.687255859375,0.0640474185347557
EXPC-065,130.5365295551464,43.55077413175646,C_band130,6,M3C-065,是,草本沼泽,低,绿底暗斑，旁有沟渠,judge_C_01.csv,False,15,0.0022145328719723,-0.0629911572472126,0.17279507881584,-0.0797231833910034,-0.0842137639369473,-0.17279507881584,-0.2441522491349481,0.4982698961937717,0.1998615916955017,0.0888273740868896,0.1793771626297577,-0.1085121107266436,0.0517339484813533,-0.0177777777777777,-0.0384467512495194,-0.0049826989619377,0.035432525951557,0.1476970396001538,-0.0325413302575932,-0.2441522491349481,0.1245674740484429,-0.1137408688965782,0.0842137639369473,0.01039600153787,0.1417301038062283,0.1663360246059207,-0.1190926566705113,0.059115724721261,0.2141330257593233,0.0553633217993079,0.0935640138408304,-0.0074432910419069,0.1085121107266436,0.1476970396001538,0.0074432910419069,-0.0138408304498269,0.0629911572472126,-0.1034063821607074,0.1663360246059207,-0.0271280276816609,-0.1137408688965782,-0.059115724721261,0.0138408304498269,0.0711111111111111,-0.1417301038062283,0.0246059207996924,0.0120569011918492,0.0935640138408304,0.1085121107266436,-0.0629911572472126,0.0842137639369473,-0.0482276047673971,-0.0517339484813533,0.0888273740868896,0.1358861976163014,0.1301653210303729,0.1034063821607074,0.075355632449058,-0.1301653210303729,0.0222068435217224,-0.1417301038062283,0.0415840061514801,-0.0297731641676278,0.1476970396001538,-6.613431546114419,-15.586868478953978,-5.035767691936238,-10.298054382377934,0.6489830017089844,-0.6167762875556946,-0.093385212123394,0.6426949501037598,-0.5730336904525757,-0.4542506337165832,0.727313756942749,-0.6234794855117798,-0.4104097485542297,0.7550593018531799,-0.6947439312934875,-0.4692443013191223,677.332763671875,0.1514522582292556
EXPC-066,131.0447065113728,43.42761510630368,C_band130,6,M3C-066,是,草本沼泽,低,草丘斑块，绿底,judge_C_01.csv,False,15,0.0448442906574394,-0.0711111111111111,0.2069357939254133,-0.1245674740484429,-0.0797231833910034,-0.1190926566705113,-0.1663360246059207,0.3936947327950788,0.1537870049980776,0.0553633217993079,0.292871972318339,-0.0629911572472126,-0.0222068435217224,-0.0246059207996924,-0.0629911572472126,-0.0138408304498269,-0.0246059207996924,-0.0553633217993079,0.0415840061514801,-0.1793771626297577,0.1358861976163014,-0.1137408688965782,0.1245674740484429,-0.0984236831987697,0.0888273740868896,0.1301653210303729,-0.1537870049980776,0.0842137639369473,0.2599000384467512,-0.0177777777777777,0.1245674740484429,0.1663360246059207,0.0482276047673971,0.1417301038062283,-0.0009842368319876,0.1085121107266436,0.075355632449058,-0.16,0.0246059207996924,-0.059115724721261,-0.1190926566705113,-0.1085121107266436,-0.0222068435217224,0.1929104190695886,-0.059115724721261,0.0246059207996924,0.0842137639369473,-0.1358861976163014,0.17279507881584,-0.1301653210303729,0.0448442906574394,-0.1034063821607074,-0.1034063821607074,0.0935640138408304,0.0888273740868896,0.0984236831987697,0.1417301038062283,0.0448442906574394,-0.1190926566705113,-0.0935640138408304,-0.16,0.1137408688965782,0.0415840061514801,0.0482276047673971,,,,,0.5116279125213623,-0.4907623827457428,-0.0709027498960495,0.5253505706787109,-0.5114911794662476,-0.2951156795024872,0.769852340221405,-0.652445375919342,-0.3791821599006653,0.6936089992523193,-0.6278229355812073,-0.4328974485397339,765.3194580078125,0.2621392905712127
EXPC-067,130.7620965229888,43.14114236219796,C_band130,6,M3C-067,是,草本沼泽,低,细顺纹枯绿草被,judge_C_01.csv,False,15,0.059115724721261,-0.0222068435217224,0.1537870049980776,-0.0325413302575932,-0.0384467512495194,-0.1137408688965782,-0.1476970396001538,0.3742560553633218,0.16,0.0271280276816609,0.3278123798539023,0.0482276047673971,-0.0629911572472126,-0.0177777777777777,-0.0888273740868896,0.0517339484813533,-0.0482276047673971,-0.0448442906574394,-0.0711111111111111,-0.0448442906574394,0.1663360246059207,-0.1301653210303729,0.1034063821607074,-0.0482276047673971,0.1663360246059207,0.0199307958477508,-0.1137408688965782,0.0448442906574394,0.0984236831987697,-0.0222068435217224,0.1476970396001538,0.2519646289888504,0.1137408688965782,0.1301653210303729,-0.0049826989619377,0.1417301038062283,0.0271280276816609,-0.2679584775086506,0.0797231833910034,-0.0222068435217224,-0.2364628988850442,-0.0384467512495194,0.0049826989619377,0.1301653210303729,-0.0711111111111111,0.059115724721261,0.186082276047674,-0.1929104190695886,0.0797231833910034,-0.1137408688965782,0.0415840061514801,-0.1417301038062283,-0.0984236831987697,0.1190926566705113,0.035432525951557,0.0984236831987697,0.0935640138408304,0.000553633217993,-0.0984236831987697,-0.0935640138408304,-0.16,0.1358861976163014,-0.0888273740868896,0.0039369473279507,-13.71136127317204,-21.51807834258076,-12.868119313911606,-18.96017922393798,0.3854748606681824,-0.3796940147876739,0.0408401414752006,0.5266653895378113,-0.5269551873207092,-0.4152979850769043,0.810869574546814,-0.7300103902816772,-0.5444590449333191,0.6797335147857666,-0.6866477727890015,-0.6114832758903503,916.3240356445312,0.1514522582292556
EXPC-068,130.6554664987638,43.1474305691868,C_band130,6,M3C-068,是,草本沼泽,低,绿底暗斑夹枯草斑,judge_C_01.csv,False,15,0.059115724721261,-0.0271280276816609,0.2069357939254133,-0.0984236831987697,-0.0984236831987697,-0.1085121107266436,-0.17279507881584,0.454963475586313,0.1998615916955017,0.0842137639369473,0.17279507881584,-0.0629911572472126,-0.0088581314878892,0.0138408304498269,-0.0384467512495194,0.0448442906574394,-0.0271280276816609,0.1476970396001538,0.0711111111111111,-0.2844444444444444,0.1793771626297577,-0.0448442906574394,0.0711111111111111,-0.0246059207996924,0.1190926566705113,0.0935640138408304,-0.186082276047674,0.0935640138408304,0.1929104190695886,-0.000553633217993,0.1417301038062283,0.1190926566705113,0.0553633217993079,0.2141330257593233,-0.0271280276816609,-0.01039600153787,0.0448442906574394,-0.186082276047674,0.075355632449058,-0.0553633217993079,-0.1358861976163014,-0.0415840061514801,-0.0246059207996924,0.1190926566705113,-0.1245674740484429,0.0271280276816609,-0.0030142252979623,0.0199307958477508,0.1137408688965782,-0.1137408688965782,0.0797231833910034,-0.16,-0.0553633217993079,0.0669896193771626,0.0629911572472126,0.0797231833910034,0.1034063821607074,0.1034063821607074,-0.1358861976163014,0.0074432910419069,-0.1793771626297577,0.0888273740868896,-0.0325413302575932,0.1085121107266436,-6.91640459036706,-15.88062464753573,-5.035692330105401,-11.671452614944618,0.7113152742385864,-0.6888570785522461,-0.3257497549057007,0.6474820375442505,-0.6126760840415955,-0.3914246261119842,0.8233009576797485,-0.7205680012702942,-0.4594594538211822,0.7542814612388611,-0.6913136839866638,-0.5106221437454224,1056.15673828125,0.1514522582292556
EXPC-069,130.8591145736737,44.94648658869296,C_band130,6,M3C-069,是,草本沼泽,低,绿黄斑块混生,judge_C_01.csv,False,15,0.0797231833910034,-0.0888273740868896,0.186082276047674,-0.1537870049980776,-0.0842137639369473,-0.1190926566705113,-0.1476970396001538,0.4035986159169549,0.0888273740868896,0.0553633217993079,0.3100961168781238,-0.0325413302575932,0.0049826989619377,-0.0246059207996924,-0.0935640138408304,-0.0517339484813533,-0.0448442906574394,-0.0842137639369473,0.0517339484813533,-0.0842137639369473,0.1301653210303729,-0.1085121107266436,0.1137408688965782,-0.0711111111111111,0.1358861976163014,0.0797231833910034,-0.1085121107266436,0.1301653210303729,0.2364628988850442,-0.0297731641676278,0.1190926566705113,0.0842137639369473,0.0246059207996924,0.1034063821607074,-0.0157477893118031,0.1245674740484429,0.0888273740868896,-0.2069357939254133,0.0711111111111111,-0.0448442906574394,-0.2214532871972318,-0.1137408688965782,-0.0138408304498269,0.16,-0.0842137639369473,0.075355632449058,0.1301653210303729,-0.1793771626297577,0.1663360246059207,-0.0711111111111111,0.0271280276816609,-0.1034063821607074,-0.1137408688965782,0.0120569011918492,0.0797231833910034,0.0984236831987697,0.1245674740484429,0.0325413302575932,-0.1537870049980776,-0.0935640138408304,-0.186082276047674,0.1034063821607074,-0.0009842368319876,0.0199307958477508,,,,,0.4767970740795135,-0.4869445860385895,-0.0451832897961139,0.5394191145896912,-0.4944612383842468,-0.2873367369174957,0.8597388863563538,-0.7455464601516724,-0.4639340043067932,0.6629974842071533,-0.6552886366844177,-0.4173789322376251,637.4559936523438,0.130340114235878
EXPC-070,131.29758226385243,47.60010993798203,C_band130,6,M3C-070,是,草本沼泽,低,枯红与绿带相间，湿洼,judge_C_01.csv,False,15,0.0669896193771626,-0.0888273740868896,0.186082276047674,-0.1476970396001538,-0.1301653210303729,-0.0482276047673971,-0.17279507881584,0.4035986159169549,0.0271280276816609,0.0061514801999231,0.2844444444444444,-0.0711111111111111,0.059115724721261,0.0030142252979623,-0.0797231833910034,-0.0842137639369473,-0.059115724721261,-0.0517339484813533,0.0842137639369473,-0.0842137639369473,0.0842137639369473,-0.1358861976163014,0.075355632449058,-0.1085121107266436,0.1301653210303729,0.2364628988850442,-0.0448442906574394,0.1476970396001538,0.292871972318339,-0.0297731641676278,0.1190926566705113,0.0325413302575932,-0.0177777777777777,0.1085121107266436,-0.1245674740484429,0.16,0.0517339484813533,-0.186082276047674,0.075355632449058,0.0246059207996924,-0.1793771626297577,-0.1137408688965782,-0.059115724721261,0.1301653210303729,-0.0517339484813533,0.075355632449058,0.0629911572472126,-0.1137408688965782,0.16,-0.0246059207996924,0.0415840061514801,-0.0935640138408304,-0.075355632449058,-0.0669896193771626,0.0517339484813533,0.1085121107266436,0.16,0.0935640138408304,-0.1245674740484429,-0.0553633217993079,-0.1793771626297577,0.059115724721261,0.0030142252979623,0.0711111111111111,,,,,0.3790723383426666,-0.2890322506427765,0.2775330543518066,0.5987582206726074,-0.5704212188720703,-0.4148494303226471,0.8104946613311768,-0.7002511024475098,-0.4848975241184234,0.6492909789085388,-0.6275128126144409,-0.4253572523593902,67.292724609375,0.0770410150289535
EXPC-071,130.12492149196282,43.63162250732722,C_band130,6,M3C-071,是,草本沼泽,低,均一绿被，无田埂,judge_C_01.csv,False,15,0.0935640138408304,-0.075355632449058,0.1476970396001538,-0.0888273740868896,-0.059115724721261,-0.0797231833910034,-0.1358861976163014,0.3936947327950788,0.1537870049980776,0.1085121107266436,0.2761399461745483,-0.0325413302575932,-0.0553633217993079,-0.0138408304498269,-0.0517339484813533,6.151480199923106e-05,-0.0482276047673971,-0.0039369473279507,0.0842137639369473,-0.1537870049980776,0.1793771626297577,-0.1137408688965782,0.1417301038062283,-0.0797231833910034,0.1085121107266436,0.0984236831987697,-0.1929104190695886,0.0629911572472126,0.1998615916955017,-0.0030142252979623,0.1190926566705113,0.1301653210303729,0.0553633217993079,0.1190926566705113,0.0009842368319876,0.0797231833910034,0.0448442906574394,-0.2519646289888504,0.0842137639369473,-0.0711111111111111,-0.186082276047674,-0.0935640138408304,-0.0384467512495194,0.1793771626297577,-0.0669896193771626,0.0415840061514801,0.1245674740484429,-0.1663360246059207,0.1663360246059207,-0.0629911572472126,0.059115724721261,-0.1663360246059207,-0.1301653210303729,0.059115724721261,0.0629911572472126,0.1137408688965782,0.1085121107266436,0.1137408688965782,-0.1537870049980776,-0.0711111111111111,-0.1663360246059207,0.0984236831987697,-0.0039369473279507,0.0177777777777777,-12.139332813033116,-19.95390619695401,-8.4543204994877,-13.671908246196825,0.6495726704597473,-0.6355932354927063,-0.211411103606224,0.6370494365692139,-0.5975460410118103,-0.4141113460063934,0.85324627161026,-0.7474039793014526,-0.5116713643074036,0.7548202872276306,-0.7104408144950867,-0.5002002120018005,828.4862060546875,0.1514522582292556
EXPC-072,132.49665350509517,46.09695897306484,C_band130,6,M3C-072,是,草本沼泽,低,暗绿丛间水面强反光,judge_C_01.csv,False,15,-0.0325413302575932,-0.0074432910419069,0.1476970396001538,-0.0553633217993079,-0.0711111111111111,-0.1476970396001538,-0.17279507881584,0.4136255286428297,0.16,-0.0157477893118031,0.3368550557477893,-0.0088581314878892,-0.0482276047673971,-0.0984236831987697,-0.1034063821607074,-0.0138408304498269,-0.0246059207996924,-0.0984236831987697,-0.0842137639369473,-0.0384467512495194,0.1793771626297577,-0.0157477893118031,0.0669896193771626,-0.0448442906574394,0.186082276047674,0.1301653210303729,-0.0553633217993079,0.0711111111111111,0.2141330257593233,0.0157477893118031,0.1085121107266436,0.1137408688965782,0.0797231833910034,0.0842137639369473,-0.0222068435217224,0.0984236831987697,0.0842137639369473,-0.2214532871972318,0.1034063821607074,-0.1034063821607074,-0.1358861976163014,-0.0842137639369473,0.01039600153787,0.1245674740484429,-0.0297731641676278,0.0711111111111111,0.2069357939254133,-0.17279507881584,0.186082276047674,-0.0271280276816609,0.0002460592079969,-0.0669896193771626,-0.1476970396001538,0.0009842368319876,0.0384467512495194,0.0842137639369473,0.186082276047674,-0.0222068435217224,-0.1245674740484429,-0.0935640138408304,-0.17279507881584,0.0553633217993079,-0.0553633217993079,0.059115724721261,,,,,0.4966232776641845,-0.4829443395137787,-0.1053374782204628,0.6192668676376343,-0.5628097653388977,-0.4449989199638366,0.9099099040031432,-0.7830109596252441,-0.5382550358772278,0.6588517427444458,-0.6834020018577576,-0.5279329419136047,208.27235412597656,0.0648872405290603
EXPC-073,131.6318453810733,46.568215171113934,C_band130,6,M3C-073,否,水田,低,暗绿均质田块，邻行播田,judge_C_01.csv,False,3,0.0415840061514801,-0.1190926566705113,0.1137408688965782,-0.186082276047674,-0.0177777777777777,-0.1929104190695886,-0.2844444444444444,0.454963475586313,0.0039369473279507,-0.0297731641676278,0.1245674740484429,0.0297731641676278,0.0415840061514801,0.0842137639369473,-0.1190926566705113,-0.0246059207996924,-0.0138408304498269,-0.0222068435217224,0.0088581314878892,0.0074432910419069,0.0984236831987697,-0.1998615916955017,0.1358861976163014,-0.0297731641676278,0.0669896193771626,0.2364628988850442,-0.0138408304498269,-0.0120569011918492,0.2844444444444444,-0.0797231833910034,0.0629911572472126,-0.0517339484813533,0.0271280276816609,0.0888273740868896,-0.0669896193771626,0.2761399461745483,0.0157477893118031,-0.1245674740484429,0.2441522491349481,0.0517339484813533,-0.1476970396001538,-0.0177777777777777,-0.0199307958477508,0.0629911572472126,-0.1476970396001538,0.1417301038062283,0.1245674740484429,0.0157477893118031,0.0177777777777777,-0.1034063821607074,0.0448442906574394,-0.0517339484813533,-0.0271280276816609,0.0711111111111111,0.0629911572472126,0.059115724721261,0.0157477893118031,0.1301653210303729,-0.0797231833910034,-0.0669896193771626,-0.16,0.0271280276816609,-0.1085121107266436,0.0138408304498269,,,,,0.5039224028587341,-0.4811069071292877,0.2441899627447128,0.6035825610160828,-0.5753634572029114,-0.404985249042511,0.7195079326629639,-0.646583616733551,-0.4202098250389099,0.7630001902580261,-0.7021276354789734,-0.4350442588329315,163.10023498535156,0.0911156833171844
EXPC-074,130.4847865947811,48.38173406669443,C_band130,6,M3C-074,无法判读,无法判读,低,影像近全黑，无可用信息,judge_C_01.csv,True,0,0.0138408304498269,-0.0797231833910034,0.1537870049980776,-0.0797231833910034,-0.0984236831987697,-0.0669896193771626,-0.1793771626297577,0.4237754709727028,0.1476970396001538,0.0074432910419069,0.3278123798539023,-0.0415840061514801,0.0246059207996924,-0.035432525951557,-0.0384467512495194,-0.01039600153787,0.0711111111111111,-0.0415840061514801,0.01039600153787,-0.1417301038062283,0.1417301038062283,-0.17279507881584,0.0711111111111111,-0.0517339484813533,0.17279507881584,0.16,-0.0553633217993079,0.1034063821607074,0.1998615916955017,-0.0009842368319876,0.1034063821607074,0.1301653210303729,0.0797231833910034,0.1358861976163014,-0.0448442906574394,0.075355632449058,0.0517339484813533,-0.16,0.0984236831987697,-0.0120569011918492,-0.186082276047674,-0.16,0.0120569011918492,0.1476970396001538,-0.0482276047673971,0.0553633217993079,0.0797231833910034,-0.0984236831987697,0.16,-0.0199307958477508,0.0271280276816609,-0.1301653210303729,-0.0984236831987697,0.0415840061514801,0.1417301038062283,0.17279507881584,0.1663360246059207,0.0669896193771626,-0.1034063821607074,-0.075355632449058,-0.1537870049980776,0.0935640138408304,0.0553633217993079,0.1190926566705113,,,,,0.3989239037036896,-0.3098236918449402,0.2326478213071823,0.4202597439289093,-0.4442683458328247,-0.1426242887973785,0.8594050407409668,-0.7334437370300293,-0.4568456709384918,0.6882662177085876,-0.6620689630508423,-0.4532775580883026,341.2712707519531,0.0640474185347557
EXPC-075,133.6654515212631,45.99122726412397,C_band130,6,M3C-075,是,草本沼泽,低,绿黄斑块混生,judge_C_01.csv,False,15,0.0074432910419069,-0.075355632449058,0.1663360246059207,-0.0935640138408304,-0.059115724721261,-0.1137408688965782,-0.1929104190695886,0.4444444444444444,0.0935640138408304,0.035432525951557,0.3100961168781238,-0.0325413302575932,-0.0049826989619377,-0.0415840061514801,-0.1476970396001538,-0.0177777777777777,-0.0222068435217224,-0.075355632449058,0.0177777777777777,-0.075355632449058,0.17279507881584,-0.0984236831987697,0.0797231833910034,-0.0984236831987697,0.1663360246059207,0.2069357939254133,-0.059115724721261,0.1358861976163014,0.2214532871972318,0.0022145328719723,0.0935640138408304,0.0629911572472126,-0.0074432910419069,0.0669896193771626,-0.0415840061514801,0.1245674740484429,0.0797231833910034,-0.2069357939254133,0.1085121107266436,-0.0325413302575932,-0.186082276047674,-0.1358861976163014,-0.0157477893118031,0.1301653210303729,-0.0384467512495194,0.0842137639369473,0.1417301038062283,-0.1417301038062283,0.186082276047674,-0.0415840061514801,-0.0002460592079969,-0.075355632449058,-0.1034063821607074,-0.0199307958477508,0.0629911572472126,0.1417301038062283,0.17279507881584,0.0711111111111111,-0.0984236831987697,-0.0517339484813533,-0.1476970396001538,0.0517339484813533,-0.0199307958477508,0.0669896193771626,,,,,0.5826597809791565,-0.4927234947681427,0.0502152070403099,0.6956910490989685,-0.6192589998245239,-0.3878671526908874,0.8259315490722656,-0.7021276354789734,-0.4223216474056244,0.7328063249588013,-0.6855055689811707,-0.473954975605011,101.01299285888672,0.0561328567564487
EXPC-076,130.34527823115735,45.50478953777325,C_band130,6,M3C-076,是,草本沼泽,低,绿底夹杂枯草斑,judge_C_01.csv,False,15,-0.035432525951557,0.0177777777777777,0.2364628988850442,-0.1190926566705113,-0.0553633217993079,-0.1417301038062283,-0.2519646289888504,0.5206612841214917,0.17279507881584,0.0553633217993079,0.2288965782391388,-0.0842137639369473,0.0074432910419069,-0.0297731641676278,-0.1034063821607074,0.0629911572472126,0.0061514801999231,0.0482276047673971,-0.0199307958477508,-0.1793771626297577,0.1663360246059207,0.0669896193771626,0.035432525951557,-0.0448442906574394,0.1476970396001538,0.0669896193771626,-0.1034063821607074,0.1085121107266436,0.2141330257593233,0.0049826989619377,0.1190926566705113,0.0517339484813533,-0.0199307958477508,0.1301653210303729,0.0157477893118031,0.0797231833910034,0.0517339484813533,-0.1793771626297577,0.035432525951557,-0.075355632449058,-0.0984236831987697,-0.0120569011918492,0.0157477893118031,0.0984236831987697,-0.1190926566705113,0.1417301038062283,0.1417301038062283,-0.075355632449058,0.1137408688965782,-0.1137408688965782,0.0049826989619377,-0.075355632449058,-0.0842137639369473,-0.0138408304498269,0.059115724721261,0.1245674740484429,0.1358861976163014,0.0935640138408304,-0.1663360246059207,-0.0074432910419069,-0.1358861976163014,0.0120569011918492,-0.0384467512495194,0.0015378700499807,,,,,0.4737598896026611,-0.4985380172729492,-0.0967741906642913,0.5430060625076294,-0.5356679558753967,-0.4841498434543609,0.8555525541305542,-0.7331980466842651,-0.4773969054222107,0.6103014349937439,-0.6384318470954895,-0.4434021115303039,465.2533874511719,0.1618894636631012
EXPC-077,130.03769507787482,47.213385208168575,C_band130,6,M3C-077,是,草本沼泽,低,暗绿草丘夹浅色带,judge_C_01.csv,False,15,0.0222068435217224,-0.0415840061514801,0.2288965782391388,-0.1301653210303729,-0.0448442906574394,-0.1358861976163014,-0.2364628988850442,0.454963475586313,0.0984236831987697,-0.0022145328719723,0.2761399461745483,-0.0384467512495194,-0.0199307958477508,0.0177777777777777,-0.1301653210303729,0.0049826989619377,-0.035432525951557,-0.0222068435217224,0.0120569011918492,-0.1137408688965782,0.1476970396001538,-0.0797231833910034,0.1137408688965782,-0.0935640138408304,0.1190926566705113,0.1476970396001538,-0.0797231833910034,0.1358861976163014,0.2519646289888504,-0.0246059207996924,0.1301653210303729,0.059115724721261,-0.0297731641676278,0.0984236831987697,-0.0271280276816609,0.16,0.0711111111111111,-0.1929104190695886,0.0984236831987697,-0.0199307958477508,-0.1476970396001538,-0.0842137639369473,0.0177777777777777,0.1663360246059207,-0.0842137639369473,0.1034063821607074,0.1245674740484429,-0.1190926566705113,0.1537870049980776,-0.0935640138408304,-0.0246059207996924,-0.0984236831987697,-0.0669896193771626,0.0022145328719723,0.0482276047673971,0.1301653210303729,0.1034063821607074,0.0888273740868896,-0.1245674740484429,-0.0448442906574394,-0.16,0.0177777777777777,0.0039369473279507,0.0325413302575932,,,,,0.656412661075592,-0.6381933093070984,-0.2047325074672699,0.7248209118843079,-0.6300278902053833,-0.4628505408763885,0.8290343880653381,-0.7182354927062988,-0.4947075247764587,0.7643835544586182,-0.7439684867858887,-0.6166605353355408,205.8475646972656,0.1631932705640792
EXPC-078,130.0398510345567,44.40606011376666,C_band130,6,M3C-078,是,草本沼泽,低,暗绿湿被，浅色细沟,judge_C_01.csv,False,15,0.0088581314878892,-0.0935640138408304,0.1417301038062283,-0.1034063821607074,-0.0984236831987697,-0.0842137639369473,-0.1929104190695886,0.4444444444444444,0.1663360246059207,0.0711111111111111,0.2844444444444444,-0.0797231833910034,0.0138408304498269,-0.000553633217993,-0.0030142252979623,-0.0138408304498269,0.0797231833910034,-0.0629911572472126,-0.0088581314878892,-0.1998615916955017,0.1137408688965782,-0.2288965782391388,0.1190926566705113,-0.0448442906574394,0.17279507881584,0.1417301038062283,-0.1476970396001538,0.0629911572472126,0.1663360246059207,0.0482276047673971,0.0984236831987697,0.0935640138408304,0.1190926566705113,0.1190926566705113,-0.0415840061514801,0.0177777777777777,0.0138408304498269,-0.0888273740868896,0.1085121107266436,0.0177777777777777,-0.1537870049980776,-0.1137408688965782,-0.0138408304498269,0.1417301038062283,-0.075355632449058,0.0271280276816609,0.0517339484813533,-0.0517339484813533,0.1929104190695886,-0.0199307958477508,0.059115724721261,-0.1137408688965782,-0.0842137639369473,0.1190926566705113,0.1476970396001538,0.1537870049980776,0.1190926566705113,0.059115724721261,-0.1537870049980776,-0.0482276047673971,-0.1663360246059207,0.059115724721261,0.0177777777777777,0.1245674740484429,-9.573201934309813,-18.65614580149521,-9.333621711497216,-14.053473129585557,0.5646457076072693,-0.5761589407920837,-0.0195744689553976,0.5917973518371582,-0.5337052345275879,-0.4131070673465729,0.8583592176437378,-0.7564855217933655,-0.4553155303001404,0.8181478977203369,-0.7445359826087952,-0.4855699837207794,585.6516723632812,0.130340114235878
EXPC-079,130.80593430885384,43.41719464900789,C_band130,6,M3C-079,否,草地,低,枯黄斑块，未见湿迹,judge_C_01.csv,False,11,0.1034063821607074,-0.0935640138408304,0.1537870049980776,-0.1034063821607074,-0.0448442906574394,-0.0842137639369473,-0.1663360246059207,0.4237754709727028,0.1137408688965782,0.1085121107266436,0.2761399461745483,-0.0177777777777777,-0.0120569011918492,-0.0199307958477508,-0.0415840061514801,-0.0271280276816609,-0.0797231833910034,-0.035432525951557,0.0711111111111111,-0.1190926566705113,0.1476970396001538,-0.1245674740484429,0.1537870049980776,-0.0711111111111111,0.1417301038062283,0.0669896193771626,-0.1793771626297577,0.0935640138408304,0.1476970396001538,0.01039600153787,0.1301653210303729,0.1245674740484429,0.0669896193771626,0.0935640138408304,-0.0246059207996924,0.0935640138408304,0.059115724721261,-0.292871972318339,0.1034063821607074,-0.0120569011918492,-0.1998615916955017,-0.0629911572472126,-0.0271280276816609,0.1663360246059207,-0.1034063821607074,0.0448442906574394,0.1417301038062283,-0.1998615916955017,0.1190926566705113,-0.0984236831987697,0.0553633217993079,-0.1417301038062283,-0.0842137639369473,0.0177777777777777,0.0120569011918492,0.0711111111111111,0.059115724721261,0.0797231833910034,-0.186082276047674,-0.0482276047673971,-0.1476970396001538,0.1085121107266436,-0.0842137639369473,-0.000553633217993,-12.349300844981704,-17.053934836452505,-11.1291074061421,-17.4191685519396,0.5922256112098694,-0.6156225800514221,-0.2609665393829345,0.6371174454689026,-0.5973801016807556,-0.416689932346344,0.7280531525611877,-0.6343635320663452,-0.3494874238967895,0.6768109798431396,-0.6847545504570007,-0.5126497745513916,853.2437744140625,0.1514522582292556
EXPC-080,131.00006024175207,43.39904868026868,C_band130,7,M3C-080,是,草本沼泽,低,绿底暗斑草丘,judge_C_01.csv,False,15,-0.0022145328719723,-0.0482276047673971,0.1929104190695886,-0.059115724721261,-0.0448442906574394,-0.1417301038062283,-0.1190926566705113,0.4136255286428297,0.2141330257593233,0.0797231833910034,0.3188927335640138,-0.0629911572472126,-0.0325413302575932,-0.0448442906574394,-0.0935640138408304,0.059115724721261,-0.0157477893118031,-0.0002460592079969,-0.0088581314878892,-0.1998615916955017,0.1793771626297577,-0.0030142252979623,0.0984236831987697,-0.0517339484813533,0.1358861976163014,0.0888273740868896,-0.16,0.1034063821607074,0.1663360246059207,-0.0271280276816609,0.0842137639369473,0.186082276047674,0.0246059207996924,0.1034063821607074,0.0797231833910034,0.059115724721261,0.035432525951557,-0.2519646289888504,0.0415840061514801,-0.1190926566705113,-0.0984236831987697,-0.0984236831987697,0.0271280276816609,0.1190926566705113,-0.0935640138408304,0.0222068435217224,0.1417301038062283,-0.186082276047674,0.1358861976163014,-0.1358861976163014,0.0271280276816609,-0.0517339484813533,-0.0797231833910034,0.0935640138408304,0.059115724721261,0.1301653210303729,0.17279507881584,0.0517339484813533,-0.1034063821607074,-0.0415840061514801,-0.16,0.1034063821607074,-0.035432525951557,0.0120569011918492,,,,,0.3204104900360107,-0.3520140051841736,0.0962962955236435,0.4413793087005615,-0.517241358757019,-0.3642447292804718,0.790643572807312,-0.7165510654449463,-0.448142796754837,0.6307435035705566,-0.6307435035705566,-0.5237069129943848,762.0745239257812,0.2621392905712127
EXPC-081,133.3522089816906,46.3935826798811,C_band130,7,M3C-081,是,草本沼泽,低,暗绿草丘夹黄绿斑,judge_C_01.csv,False,15,-0.0984236831987697,-0.0797231833910034,0.1034063821607074,-0.0517339484813533,-0.0711111111111111,-0.1417301038062283,-0.1929104190695886,0.4035986159169549,0.1929104190695886,-0.0297731641676278,0.3188927335640138,-0.0177777777777777,0.0199307958477508,-0.0384467512495194,-0.1358861976163014,0.0297731641676278,0.0888273740868896,-0.0629911572472126,-0.186082276047674,-0.1137408688965782,0.1417301038062283,-0.16,0.0015378700499807,-0.0177777777777777,0.16,0.1998615916955017,-0.0297731641676278,0.0629911572472126,0.2214532871972318,0.0199307958477508,0.035432525951557,0.0935640138408304,0.075355632449058,0.1537870049980776,-0.0448442906574394,0.0448442906574394,0.059115724721261,-0.075355632449058,0.1190926566705113,-0.0271280276816609,-0.1358861976163014,-0.186082276047674,0.0553633217993079,0.0888273740868896,-0.0448442906574394,0.0797231833910034,0.1358861976163014,-0.0222068435217224,0.075355632449058,-0.0517339484813533,0.0448442906574394,-0.0984236831987697,-0.0797231833910034,0.059115724721261,0.1929104190695886,0.17279507881584,0.186082276047674,0.0074432910419069,-0.0297731641676278,-0.0984236831987697,-0.17279507881584,0.1034063821607074,0.0711111111111111,0.1301653210303729,,,,,0.0990312173962593,0.0024425990413874,0.5171903967857361,0.4736842215061188,-0.371257483959198,-0.2373540848493576,0.8078550100326538,-0.7101051807403564,-0.4008977115154266,0.6035070419311523,-0.5440900325775146,-0.4723126888275146,340.7898254394531,0.0100717162713408
EXPC-082,133.2470162619202,47.41811126141942,C_band130,7,M3C-082,否,草本旱地,低,细平行耕纹，疑耕翻,judge_C_01.csv,False,0,-0.0482276047673971,-0.0669896193771626,0.1417301038062283,-0.1358861976163014,-0.0384467512495194,-0.16,-0.1245674740484429,0.4035986159169549,0.1417301038062283,-0.0271280276816609,0.3278123798539023,-0.075355632449058,-0.0222068435217224,-0.01039600153787,-0.1929104190695886,0.1190926566705113,0.0030142252979623,-0.1476970396001538,-0.0935640138408304,-0.0797231833910034,0.17279507881584,-0.0246059207996924,0.0199307958477508,-0.0629911572472126,0.1663360246059207,0.1663360246059207,0.0138408304498269,0.1663360246059207,0.2364628988850442,-0.0297731641676278,0.0157477893118031,0.0074432910419069,-0.0935640138408304,0.0325413302575932,0.0271280276816609,0.1476970396001538,0.0222068435217224,-0.16,0.0271280276816609,-0.0888273740868896,-0.1137408688965782,-0.1417301038062283,-0.01039600153787,0.0629911572472126,-0.0384467512495194,0.0888273740868896,0.1793771626297577,-0.17279507881584,0.1190926566705113,-0.0517339484813533,0.059115724721261,-0.0384467512495194,-0.0984236831987697,-0.0157477893118031,0.059115724721261,0.2069357939254133,0.1998615916955017,0.0199307958477508,-0.0482276047673971,-0.059115724721261,-0.1929104190695886,0.0711111111111111,-0.0271280276816609,0.0517339484813533,,,,,0.1290347576141357,-0.1102991551160812,0.5278431177139282,0.3836181461811065,-0.4984045922756195,-0.3185955882072449,0.9142300486564636,-0.779446005821228,-0.5661914348602295,0.6147836446762085,-0.7044085264205933,-0.5195876359939575,64.27535247802734,0.0675886422395706
EXPC-083,131.26919550087428,44.99966685351284,C_band130,7,M3C-083,否,草地,低,细纹草被，旁田间路,judge_C_01.csv,False,11,-0.0415840061514801,-0.0984236831987697,0.1476970396001538,-0.1245674740484429,-0.059115724721261,-0.1537870049980776,-0.1137408688965782,0.4035986159169549,0.1245674740484429,0.0325413302575932,0.3368550557477893,-0.0935640138408304,0.0297731641676278,-0.0246059207996924,-0.1537870049980776,-0.0199307958477508,-0.0325413302575932,-0.0984236831987697,-0.1137408688965782,-0.0669896193771626,0.1476970396001538,-0.0157477893118031,-0.0049826989619377,-0.0553633217993079,0.186082276047674,0.1417301038062283,-0.0415840061514801,0.1190926566705113,0.1929104190695886,0.0157477893118031,0.035432525951557,0.075355632449058,-0.0669896193771626,0.0384467512495194,0.0297731641676278,0.0669896193771626,0.0138408304498269,-0.2069357939254133,0.1245674740484429,-0.1137408688965782,-0.1476970396001538,-0.1537870049980776,0.0517339484813533,0.0797231833910034,-0.0629911572472126,0.0935640138408304,0.2441522491349481,-0.2141330257593233,0.1358861976163014,-0.0984236831987697,0.0074432910419069,-0.0061514801999231,-0.075355632449058,0.0271280276816609,0.075355632449058,0.17279507881584,0.1929104190695886,0.0297731641676278,-0.0888273740868896,-0.0629911572472126,-0.17279507881584,0.0482276047673971,-0.0448442906574394,0.0222068435217224,,,,,0.0915049165487289,-0.1237996369600296,0.1816590875387191,0.3818611204624176,-0.4064877927303314,-0.4670981764793396,0.7891586422920227,-0.6612629294395447,-0.4359897077083587,0.5175952911376953,-0.5807560086250305,-0.4227129220962524,276.5018615722656,0.1953300386667251
EXPC-084,130.3644123467091,44.89285716623103,C_band130,7,M3C-084,是,草本沼泽,中,波纹状草丘微地形,judge_C_01.csv,False,15,-0.0199307958477508,-0.0415840061514801,0.1929104190695886,-0.1190926566705113,-0.0629911572472126,-0.1537870049980776,-0.1417301038062283,0.5094040753556325,0.1358861976163014,0.0842137639369473,0.2364628988850442,-0.1034063821607074,0.035432525951557,0.0030142252979623,-0.1137408688965782,-0.0384467512495194,-0.0669896193771626,0.0325413302575932,-0.035432525951557,-0.1190926566705113,0.1358861976163014,0.0088581314878892,0.0199307958477508,-0.01039600153787,0.186082276047674,0.1417301038062283,-0.1301653210303729,0.1476970396001538,0.2069357939254133,-0.0157477893118031,0.1034063821607074,0.0669896193771626,-0.0553633217993079,0.1301653210303729,0.0553633217993079,0.059115724721261,0.0177777777777777,-0.2141330257593233,0.1245674740484429,-0.059115724721261,-0.1537870049980776,-0.0935640138408304,0.0384467512495194,0.0842137639369473,-0.1358861976163014,0.0888273740868896,0.1537870049980776,-0.1476970396001538,0.0448442906574394,-0.1137408688965782,0.0669896193771626,-0.0030142252979623,-0.0482276047673971,0.0049826989619377,0.0271280276816609,0.1190926566705113,0.0935640138408304,0.1085121107266436,-0.1793771626297577,-0.0157477893118031,-0.186082276047674,0.0120569011918492,-0.1137408688965782,0.0325413302575932,-12.491852131806722,-13.380510830918569,-8.60264042670543,-12.46954230093078,0.2749017477035522,-0.3294138610363006,-0.1065748855471611,0.50232994556427,-0.4988377392292022,-0.4960261881351471,0.7796347737312317,-0.6681172251701355,-0.3772455155849457,0.5604103207588196,-0.6188411712646484,-0.4691188633441925,405.66058349609375,0.130340114235878
EXPC-085,131.26919550087428,47.41056541303281,C_band130,7,M3C-085,是,草本沼泽,低,暗湿植被邻灰绿浅水,judge_C_01.csv,False,15,-0.0842137639369473,-0.0517339484813533,0.1245674740484429,-0.1476970396001538,-0.075355632449058,-0.1476970396001538,-0.2441522491349481,0.3368550557477893,0.1417301038062283,-0.0271280276816609,0.3100961168781238,-0.035432525951557,0.0669896193771626,-0.0222068435217224,-0.2214532871972318,0.059115724721261,-0.0177777777777777,-0.0984236831987697,-0.1537870049980776,-0.0271280276816609,0.1301653210303729,-0.0553633217993079,0.0517339484813533,-0.0271280276816609,0.0888273740868896,0.16,0.0482276047673971,0.1137408688965782,0.2761399461745483,-0.0711111111111111,0.035432525951557,-0.0271280276816609,-0.0482276047673971,0.035432525951557,-0.0384467512495194,0.17279507881584,0.01039600153787,-0.0888273740868896,0.0888273740868896,-0.0629911572472126,-0.1417301038062283,-0.1358861976163014,0.0415840061514801,0.0448442906574394,-0.1137408688965782,0.16,0.2214532871972318,-0.1301653210303729,0.0553633217993079,-0.0415840061514801,0.0888273740868896,-0.0222068435217224,-0.1245674740484429,-0.0325413302575932,0.0935640138408304,0.1537870049980776,0.1537870049980776,0.0271280276816609,-0.0553633217993079,-0.1998615916955017,-0.2069357939254133,0.0177777777777777,-0.035432525951557,0.0271280276816609,,,,,0.0403120927512645,-0.0102604581043124,0.2736136615276336,0.5033816695213318,-0.5033816695213318,-0.4736303091049194,0.8513603210449219,-0.7591425180435181,-0.5349969863891602,0.5273631811141968,-0.6318936944007874,-0.5899333953857422,74.80160522460938,0.0770410150289535
EXPC-086,134.40476500009345,48.250310540627744,C_band130,7,M3C-086,是,草本沼泽,低,暗绿密被，纹理均一,judge_C_01.csv,False,15,-0.0482276047673971,-0.0553633217993079,0.17279507881584,-0.0935640138408304,-0.059115724721261,-0.1476970396001538,-0.1537870049980776,0.4136255286428297,0.16,0.0120569011918492,0.3188927335640138,-0.0517339484813533,0.0222068435217224,-0.0199307958477508,-0.1929104190695886,0.0629911572472126,-0.0297731641676278,-0.1137408688965782,-0.1137408688965782,-0.075355632449058,0.1476970396001538,-0.0222068435217224,0.0448442906574394,-0.059115724721261,0.16,0.1358861976163014,-0.0177777777777777,0.17279507881584,0.2364628988850442,0.0049826989619377,0.0297731641676278,0.0482276047673971,-0.0888273740868896,0.0448442906574394,-0.0482276047673971,0.1034063821607074,0.0448442906574394,-0.17279507881584,0.059115724721261,-0.075355632449058,-0.0842137639369473,-0.0984236831987697,-0.0039369473279507,0.059115724721261,-0.0669896193771626,0.075355632449058,0.186082276047674,-0.2214532871972318,0.1476970396001538,-0.0553633217993079,0.059115724721261,0.0061514801999231,-0.1085121107266436,-0.0711111111111111,0.0157477893118031,0.1663360246059207,0.2141330257593233,-0.0246059207996924,-0.0842137639369473,-0.0984236831987697,-0.1929104190695886,0.0553633217993079,-0.0842137639369473,0.059115724721261,,,,,0.2017890065908432,-0.2815261483192444,0.0702047646045684,0.4652325510978699,-0.5627726316452026,-0.408912181854248,0.884493887424469,-0.7722842693328857,-0.5412975549697876,0.5444813370704651,-0.6531015634536743,-0.5879868865013123,57.27352142333984,0.0481114648282527
EXPC-087,130.06446487334156,44.39007010170933,C_band130,7,M3C-087,是,草本沼泽,低,枯绿杂斑细纹,judge_C_01.csv,False,15,-0.0325413302575932,-0.0553633217993079,0.1663360246059207,-0.075355632449058,-0.0553633217993079,-0.1245674740484429,-0.1190926566705113,0.4340484429065744,0.1793771626297577,0.0797231833910034,0.3278123798539023,-0.1301653210303729,-0.0039369473279507,-0.0074432910419069,-0.1190926566705113,0.0482276047673971,-0.0222068435217224,-0.0199307958477508,-0.0448442906574394,-0.186082276047674,0.17279507881584,-0.0842137639369473,0.059115724721261,-0.0888273740868896,0.1476970396001538,0.1417301038062283,-0.1137408688965782,0.1034063821607074,0.1929104190695886,-0.0120569011918492,0.0711111111111111,0.1137408688965782,0.0120569011918492,0.1190926566705113,0.0629911572472126,0.0297731641676278,0.0271280276816609,-0.1537870049980776,0.0384467512495194,-0.1245674740484429,-0.1085121107266436,-0.1301653210303729,0.0030142252979623,0.1301653210303729,-0.075355632449058,0.0297731641676278,0.16,-0.1663360246059207,0.17279507881584,-0.0711111111111111,0.0415840061514801,-0.0448442906574394,-0.1034063821607074,0.1034063821607074,0.0842137639369473,0.1929104190695886,0.1793771626297577,0.0271280276816609,-0.1085121107266436,-0.0629911572472126,-0.1793771626297577,0.0797231833910034,0.01039600153787,0.0384467512495194,-14.097507687644312,-19.43207271574726,-9.470105460952302,-13.591391373543662,0.3642765581607818,-0.4005915224552154,-0.0235546045005321,0.3788453340530395,-0.4357174336910248,-0.4659468531608581,0.7485493421554565,-0.6992481350898743,-0.4040968418121338,0.6501182317733765,-0.7010560631752014,-0.6038751602172852,638.4497680664062,0.130340114235878
EXPC-088,131.20352865360513,46.35881787838568,C_band130,7,M3C-088,是,草本沼泽,低,暗绿湿被，旁宽路基,judge_C_01.csv,False,15,-0.0415840061514801,-0.0984236831987697,0.1793771626297577,-0.0935640138408304,-0.075355632449058,-0.1085121107266436,-0.1998615916955017,0.3278123798539023,0.1358861976163014,0.0553633217993079,0.3278123798539023,-0.0177777777777777,0.0246059207996924,-0.0669896193771626,-0.2069357939254133,0.0517339484813533,0.0325413302575932,-0.0669896193771626,-0.17279507881584,-0.0384467512495194,0.1537870049980776,-0.075355632449058,0.0222068435217224,-0.075355632449058,0.0935640138408304,0.0842137639369473,-0.0448442906574394,0.0482276047673971,0.2599000384467512,0.0039369473279507,0.059115724721261,0.1034063821607074,-0.0015378700499807,0.0629911572472126,0.0138408304498269,0.1663360246059207,0.0797231833910034,-0.1998615916955017,-0.0061514801999231,-0.0984236831987697,-0.1301653210303729,-0.1137408688965782,-0.000553633217993,0.1417301038062283,-0.0415840061514801,0.1537870049980776,0.2214532871972318,-0.2214532871972318,0.0711111111111111,-0.1034063821607074,0.0482276047673971,-0.0482276047673971,-0.1190926566705113,0.0271280276816609,0.1137408688965782,0.0984236831987697,0.1929104190695886,-0.0049826989619377,-0.075355632449058,-0.1417301038062283,-0.1998615916955017,0.0797231833910034,0.0199307958477508,-0.0271280276816609,,,,,0.0840937122702598,-0.1117855310440063,0.2729249596595764,0.4125087857246399,-0.4655486643314361,-0.3544693887233734,0.8205997347831726,-0.7286456823348999,-0.527382493019104,0.4154074788093567,-0.4569097459316253,-0.4406512677669525,491.0238037109375,0.0911156833171844
EXPC-089,134.6483881051467,48.401047845303,C_band130,7,M3C-089,是,草本沼泽,低,绿底白斑杂生,judge_C_01.csv,False,15,0.0030142252979623,-0.0629911572472126,0.1929104190695886,-0.1417301038062283,-0.0448442906574394,-0.1358861976163014,-0.1929104190695886,0.3936947327950788,0.0842137639369473,0.0325413302575932,0.3014225297962323,-0.0669896193771626,-0.0049826989619377,-0.0271280276816609,-0.2069357939254133,0.0088581314878892,-0.0297731641676278,-0.0935640138408304,-0.1417301038062283,-0.0157477893118031,0.1085121107266436,-0.0325413302575932,0.0246059207996924,-0.0669896193771626,0.1190926566705113,0.1537870049980776,-0.0384467512495194,0.1034063821607074,0.3100961168781238,0.0088581314878892,0.0157477893118031,0.0629911572472126,-0.1190926566705113,0.0842137639369473,-0.0797231833910034,0.16,0.0935640138408304,-0.0984236831987697,0.0448442906574394,-0.0629911572472126,-0.0711111111111111,-0.1245674740484429,-0.0384467512495194,0.1137408688965782,-0.0325413302575932,0.1190926566705113,0.17279507881584,-0.1998615916955017,0.16,-0.0517339484813533,0.0935640138408304,0.0015378700499807,-0.0842137639369473,-0.075355632449058,-0.0384467512495194,0.1085121107266436,0.2069357939254133,-0.0222068435217224,-0.1034063821607074,-0.075355632449058,-0.2214532871972318,0.0711111111111111,-0.0711111111111111,0.0448442906574394,,,,,0.1688693165779113,-0.2208589017391204,0.1687116622924804,0.3959537446498871,-0.4548192918300628,-0.3951545655727386,0.8346136212348938,-0.6742268204689026,-0.3712694048881531,0.6613039970397949,-0.641291618347168,-0.5003495812416077,41.1832389831543,0.0481114648282527
EXPC-090,130.58818268398326,44.41701956023292,C_band130,7,M3C-090,是,草本沼泽,低,暗底浅绿斑块夹棕水沟,judge_C_01.csv,False,15,-0.0797231833910034,-0.0797231833910034,0.1537870049980776,-0.1085121107266436,-0.0711111111111111,-0.1793771626297577,-0.1190926566705113,0.4444444444444444,0.1537870049980776,0.0711111111111111,0.3368550557477893,-0.16,0.075355632449058,-0.0222068435217224,-0.1301653210303729,-0.0009842368319876,-0.0415840061514801,-0.0415840061514801,-0.0984236831987697,-0.1663360246059207,0.1301653210303729,-0.0246059207996924,0.0271280276816609,-0.0482276047673971,0.1663360246059207,0.1301653210303729,-0.0842137639369473,0.1301653210303729,0.1998615916955017,0.0009842368319876,0.0629911572472126,0.075355632449058,-0.059115724721261,0.0669896193771626,0.0629911572472126,-0.0049826989619377,-0.0049826989619377,-0.1085121107266436,0.1137408688965782,-0.1137408688965782,-0.0711111111111111,-0.1417301038062283,0.059115724721261,0.1034063821607074,-0.1085121107266436,0.0669896193771626,0.186082276047674,-0.1663360246059207,0.1301653210303729,-0.0711111111111111,0.0271280276816609,0.0415840061514801,-0.0797231833910034,0.059115724721261,0.0553633217993079,0.1929104190695886,0.17279507881584,-0.0039369473279507,-0.1245674740484429,-0.0669896193771626,-0.186082276047674,0.075355632449058,-0.035432525951557,0.0271280276816609,-17.609572335022335,-16.38412307619531,-9.63754321660034,-14.01845108926555,0.1294765770435333,-0.2007810026407241,0.0067636813037097,0.3453918993473053,-0.4469662010669708,-0.5214428901672363,0.8036117553710938,-0.6829910278320312,-0.4431082308292389,0.4294996857643127,-0.576495885848999,-0.3603896200656891,554.216796875,0.130340114235878
EXPC-091,130.54120079462382,44.987359934120406,C_band130,7,M3C-091,是,草本沼泽,低,缓曲水道边生草丘,judge_C_01.csv,False,15,-0.0271280276816609,-0.0888273740868896,0.16,-0.0629911572472126,-0.0984236831987697,-0.1245674740484429,-0.186082276047674,0.4340484429065744,0.16,0.0669896193771626,0.3278123798539023,-0.035432525951557,0.0669896193771626,-0.0177777777777777,-0.0935640138408304,-0.0271280276816609,-0.0448442906574394,-0.0984236831987697,-0.1190926566705113,-0.0415840061514801,0.0935640138408304,-0.1417301038062283,0.075355632449058,-0.0138408304498269,0.1663360246059207,0.1663360246059207,-0.0842137639369473,0.0888273740868896,0.1793771626297577,0.0157477893118031,0.059115724721261,0.1137408688965782,0.0384467512495194,0.0325413302575932,0.0177777777777777,0.1190926566705113,-0.0088581314878892,-0.2288965782391388,0.1137408688965782,-0.0325413302575932,-0.17279507881584,-0.1301653210303729,0.0325413302575932,0.0448442906574394,-0.1137408688965782,0.0711111111111111,0.2069357939254133,-0.16,0.0888273740868896,-0.0797231833910034,0.0935640138408304,-0.0120569011918492,-0.1190926566705113,0.0415840061514801,0.0669896193771626,0.0553633217993079,0.1537870049980776,0.0325413302575932,-0.1663360246059207,-0.0935640138408304,-0.186082276047674,0.0629911572472126,-0.0797231833910034,0.0088581314878892,-13.723001404369152,-18.385493950162378,-8.748955858782923,-14.252977319912326,0.2225081473588943,-0.3048892021179199,-0.1305542886257171,0.4181818068027496,-0.416036307811737,-0.3412969410419464,0.8242655992507935,-0.680174708366394,-0.3799106180667877,0.4450031518936157,-0.5270674228668213,-0.2973106205463409,433.6484680175781,0.130340114235878
EXPC-092,130.96834971222265,45.095067936686334,C_band130,7,M3C-092,是,草本沼泽,低,密草丘斑块，湿旱难分,judge_C_01.csv,False,15,-0.0222068435217224,-0.0138408304498269,0.2069357939254133,-0.1301653210303729,-0.0517339484813533,-0.1476970396001538,-0.1245674740484429,0.4444444444444444,0.16,0.0120569011918492,0.3014225297962323,-0.0797231833910034,-0.01039600153787,0.0138408304498269,-0.1476970396001538,0.0517339484813533,-0.0297731641676278,-0.075355632449058,-0.0448442906574394,-0.1245674740484429,0.17279507881584,0.01039600153787,0.0629911572472126,-0.0482276047673971,0.1537870049980776,0.1085121107266436,-0.075355632449058,0.1358861976163014,0.2519646289888504,-0.0448442906574394,0.0888273740868896,0.0797231833910034,-0.0669896193771626,0.0629911572472126,0.0629911572472126,0.1034063821607074,0.035432525951557,-0.1537870049980776,0.059115724721261,-0.1137408688965782,-0.1417301038062283,-0.1301653210303729,0.0297731641676278,0.1034063821607074,-0.0669896193771626,0.0984236831987697,0.1793771626297577,-0.1793771626297577,0.1301653210303729,-0.0888273740868896,0.0120569011918492,-0.0271280276816609,-0.0842137639369473,0.0325413302575932,0.0669896193771626,0.1793771626297577,0.17279507881584,0.0517339484813533,-0.0842137639369473,-0.0669896193771626,-0.1998615916955017,0.0669896193771626,0.0009842368319876,6.151480199923106e-05,,,,,0.2370699793100357,-0.2278745621442794,0.3550754189491272,0.4781931340694427,-0.5456026196479797,-0.5418719053268433,0.8456864953041077,-0.7261363863945007,-0.486961156129837,0.6147308945655823,-0.6371469497680664,-0.5608342885971069,476.32330322265625,0.1618894636631012
EXPC-093,130.3682751024308,47.625442428994205,C_band130,7,M3C-093,是,草本沼泽,低,杂斑草被，邻耕纹地,judge_C_01.csv,False,15,-0.0222068435217224,-0.0629911572472126,0.2214532871972318,-0.1190926566705113,-0.035432525951557,-0.1358861976163014,-0.17279507881584,0.4444444444444444,0.1085121107266436,0.0157477893118031,0.3278123798539023,-0.0888273740868896,0.0271280276816609,0.0009842368319876,-0.16,0.0482276047673971,-0.0246059207996924,-0.035432525951557,-0.0553633217993079,-0.0888273740868896,0.1537870049980776,-0.035432525951557,0.0888273740868896,-0.075355632449058,0.16,0.0935640138408304,-0.0711111111111111,0.1301653210303729,0.2599000384467512,0.000553633217993,0.0482276047673971,0.0553633217993079,-0.0517339484813533,0.0842137639369473,-0.0325413302575932,0.1245674740484429,0.0517339484813533,-0.1929104190695886,0.0482276047673971,-0.0711111111111111,-0.1190926566705113,-0.0888273740868896,0.0120569011918492,0.1085121107266436,-0.0935640138408304,0.0935640138408304,0.1793771626297577,-0.186082276047674,0.1245674740484429,-0.0842137639369473,0.0222068435217224,-0.0448442906574394,-0.0842137639369473,-0.0297731641676278,0.0448442906574394,0.1793771626297577,0.1793771626297577,0.035432525951557,-0.0888273740868896,-0.0384467512495194,-0.1929104190695886,0.0669896193771626,-0.035432525951557,-0.0088581314878892,,,,,0.1993883848190307,-0.231783926486969,0.4017192125320434,0.4235616326332092,-0.4879724979400635,-0.4964326024055481,0.8021240830421448,-0.7013192772865295,-0.5078260898590088,0.6108317375183105,-0.6616121530532837,-0.565351128578186,196.65652465820312,0.1631932705640792
EXPC-094,131.00006024175207,45.41127491669641,C_band130,7,M3C-094,是,草本沼泽,低,均一绿被，旁宽河沟,judge_C_01.csv,False,15,-0.0199307958477508,-0.0325413302575932,0.2141330257593233,-0.1476970396001538,-0.0629911572472126,-0.1476970396001538,-0.2141330257593233,0.4763706266820453,0.0935640138408304,0.01039600153787,0.2364628988850442,-0.0177777777777777,0.0049826989619377,0.0157477893118031,-0.1301653210303729,-0.0415840061514801,-0.035432525951557,-0.0138408304498269,-0.075355632449058,-0.059115724721261,0.1537870049980776,-0.0415840061514801,0.0448442906574394,-0.0482276047673971,0.1358861976163014,0.0797231833910034,-0.0797231833910034,0.1034063821607074,0.2069357939254133,-0.0271280276816609,0.0888273740868896,0.0711111111111111,-0.0448442906574394,0.1137408688965782,-0.0271280276816609,0.17279507881584,0.0448442906574394,-0.2519646289888504,0.1301653210303729,-0.0061514801999231,-0.1476970396001538,-0.0517339484813533,0.01039600153787,0.1245674740484429,-0.1417301038062283,0.1417301038062283,0.2519646289888504,-0.1476970396001538,0.0415840061514801,-0.1537870049980776,0.0325413302575932,-0.0120569011918492,-0.0553633217993079,-0.01039600153787,0.0669896193771626,0.0984236831987697,0.1190926566705113,0.0888273740868896,-0.1245674740484429,-0.0629911572472126,-0.1663360246059207,0.0074432910419069,-0.0842137639369473,-0.0088581314878892,,,,,0.14356130361557,-0.2024619430303573,-0.0230158735066652,0.3821066617965698,-0.4418390691280365,-0.5318164229393005,0.8363919258117676,-0.6907216310501099,-0.4503816664218902,0.420781135559082,-0.5338106751441956,-0.4189390242099762,365.34320068359375,0.1022680774331092
EXPC-095,130.32201186529863,45.76341450807126,C_band130,7,M3C-095,是,草本沼泽,低,暗绿丛被邻均一田块,judge_C_01.csv,False,15,-0.0711111111111111,0.0297731641676278,0.1663360246059207,-0.0935640138408304,-0.0517339484813533,-0.1358861976163014,-0.2519646289888504,0.3647212610534409,0.1190926566705113,-0.0199307958477508,0.2599000384467512,-0.0157477893118031,-0.0842137639369473,-0.0049826989619377,-0.1476970396001538,0.0448442906574394,0.0888273740868896,-0.0935640138408304,-0.2288965782391388,-0.0120569011918492,0.1085121107266436,-0.17279507881584,0.1034063821607074,-0.059115724721261,0.1085121107266436,0.1998615916955017,-0.0074432910419069,-0.0711111111111111,0.3647212610534409,0.0482276047673971,0.0157477893118031,0.0888273740868896,0.0415840061514801,0.1245674740484429,-0.035432525951557,0.1929104190695886,0.1301653210303729,-0.0049826989619377,0.0984236831987697,-0.0448442906574394,-0.0842137639369473,-0.0797231833910034,0.0009842368319876,0.1358861976163014,-0.035432525951557,0.1301653210303729,0.17279507881584,-0.0888273740868896,0.0669896193771626,-0.0271280276816609,0.075355632449058,-0.059115724721261,-0.0797231833910034,0.1034063821607074,0.1137408688965782,0.0711111111111111,0.0669896193771626,-0.0797231833910034,-0.0222068435217224,-0.17279507881584,-0.1929104190695886,0.0384467512495194,0.035432525951557,0.0199307958477508,,,,,0.0884101018309593,0.0121375592425465,0.5490196347236633,0.3300492465496063,-0.4047866761684418,-0.4960352480411529,0.7954953908920288,-0.6753481030464172,-0.4733319282531738,0.5487295985221863,-0.5295880436897278,-0.561911404132843,390.6114501953125,0.1618894636631012
EXPC-096,130.71906722087948,45.50434038013119,C_band130,7,M3C-096,是,木本沼泽,低,团块灌草覆暗底，无水,judge_C_02.csv,False,14,-0.1301653210303729,-0.0482276047673971,0.1793771626297577,-0.0984236831987697,-0.0935640138408304,-0.1998615916955017,-0.2441522491349481,0.4763706266820453,0.1793771626297577,0.01039600153787,0.2519646289888504,-0.0935640138408304,0.0246059207996924,-0.0049826989619377,-0.1190926566705113,0.0448442906574394,0.0797231833910034,-0.0517339484813533,-0.2519646289888504,-0.0888273740868896,0.0935640138408304,-0.075355632449058,0.0120569011918492,-0.0482276047673971,0.1137408688965782,0.2214532871972318,-0.0022145328719723,0.0415840061514801,0.2761399461745483,0.0482276047673971,-0.0157477893118031,-0.0199307958477508,0.0415840061514801,0.1034063821607074,0.0177777777777777,0.0935640138408304,0.0553633217993079,-0.0297731641676278,0.0888273740868896,-0.0629911572472126,-0.0415840061514801,-0.059115724721261,0.0482276047673971,0.0222068435217224,-0.0842137639369473,0.075355632449058,0.2069357939254133,0.0271280276816609,0.1085121107266436,-0.075355632449058,0.0888273740868896,0.0325413302575932,-0.0711111111111111,0.0888273740868896,0.1417301038062283,0.1358861976163014,0.1476970396001538,-0.0222068435217224,-0.0629911572472126,-0.059115724721261,-0.186082276047674,0.0039369473279507,-0.0384467512495194,0.0482276047673971,,,,,0.0789110958576202,-0.0618958808481693,0.3833458423614502,0.2702015340328216,-0.3374536335468292,-0.4530612230300903,0.8485449552536011,-0.7214124202728271,-0.450718492269516,0.576806902885437,-0.5660867691040039,-0.4794914722442627,421.4905395507813,0.1618894636631012
EXPC-097,130.40151276794322,44.29969958412691,C_band130,7,M3C-097,是,草本沼泽,中,均匀丘状草甸，暗斑弱,judge_C_02.csv,False,15,-0.0482276047673971,-0.035432525951557,0.1998615916955017,-0.059115724721261,-0.0888273740868896,-0.1358861976163014,-0.1663360246059207,0.4872587466359092,0.1663360246059207,0.0271280276816609,0.3014225297962323,-0.1034063821607074,0.0088581314878892,-0.0384467512495194,-0.0415840061514801,-0.0030142252979623,0.0415840061514801,0.0553633217993079,-0.0935640138408304,-0.17279507881584,0.1417301038062283,-0.0984236831987697,0.0842137639369473,-0.0061514801999231,0.1998615916955017,0.1663360246059207,-0.0984236831987697,0.0482276047673971,0.186082276047674,0.035432525951557,0.075355632449058,0.1034063821607074,0.0842137639369473,0.1417301038062283,0.0415840061514801,-0.0297731641676278,0.035432525951557,-0.1301653210303729,0.1190926566705113,-0.0984236831987697,-0.0888273740868896,-0.1085121107266436,0.0297731641676278,0.1137408688965782,-0.0935640138408304,0.0074432910419069,0.1137408688965782,-0.0629911572472126,0.17279507881584,-0.0384467512495194,0.0517339484813533,-0.0384467512495194,-0.1190926566705113,0.1034063821607074,0.0935640138408304,0.1358861976163014,0.1537870049980776,-0.0138408304498269,-0.1245674740484429,-0.0384467512495194,-0.1998615916955017,0.059115724721261,-0.0049826989619377,0.0842137639369473,-10.237947769842965,-17.971409350794858,-6.578161780338343,-13.123701574070184,0.2930969297885895,-0.2698647975921631,-0.1882207542657852,0.45783132314682,-0.4915254116058349,-0.5386228561401367,0.8366197347640991,-0.71385657787323,-0.4415536820888519,0.5362731218338013,-0.5660685300827026,-0.4968474209308624,499.7625122070313,0.130340114235878
EXPC-098,130.09815169649605,46.5243773852489,C_band130,7,M3C-098,是,草本沼泽,低,深绿湿草块邻裸田,judge_C_02.csv,False,15,-0.0448442906574394,-0.059115724721261,0.1417301038062283,-0.0935640138408304,-0.0553633217993079,-0.17279507881584,-0.2519646289888504,0.4237754709727028,0.0888273740868896,-0.0553633217993079,0.292871972318339,-0.0222068435217224,0.0384467512495194,0.0049826989619377,-0.186082276047674,0.0022145328719723,-0.0222068435217224,-0.059115724721261,-0.0984236831987697,0.0384467512495194,0.1190926566705113,-0.0935640138408304,0.1034063821607074,-0.0482276047673971,0.0935640138408304,0.2441522491349481,0.0157477893118031,0.0629911572472126,0.2844444444444444,-0.0553633217993079,0.0246059207996924,-0.0009842368319876,-0.0009842368319876,0.0842137639369473,-0.0138408304498269,0.1929104190695886,0.0177777777777777,-0.16,0.1137408688965782,-0.0222068435217224,-0.1537870049980776,-0.0935640138408304,0.0088581314878892,0.0669896193771626,-0.1537870049980776,0.1245674740484429,0.2364628988850442,-0.0797231833910034,0.0482276047673971,-0.035432525951557,0.075355632449058,-0.0222068435217224,-0.1085121107266436,0.0222068435217224,0.0842137639369473,0.0984236831987697,0.1190926566705113,0.0415840061514801,-0.1034063821607074,-0.1137408688965782,-0.1998615916955017,0.0157477893118031,-0.0448442906574394,-0.0138408304498269,,,,,0.2162565290927887,-0.2293969839811325,0.2452293932437896,0.4904408752918243,-0.545307457447052,-0.4970917105674743,0.7690067887306213,-0.6711491346359253,-0.466269850730896,0.4010695219039917,-0.5291828513145447,-0.3102137744426727,195.21978759765625,0.0630452111363411
EXPC-099,130.3307255235546,45.66046757651116,C_band130,7,M3C-099,是,草本沼泽,低,湿绿与枯黄交界,judge_C_02.csv,False,15,-0.0984236831987697,-0.035432525951557,0.1663360246059207,-0.0222068435217224,-0.0935640138408304,-0.1663360246059207,-0.1793771626297577,0.4237754709727028,0.2288965782391388,0.0177777777777777,0.3460207612456747,-0.0553633217993079,0.0061514801999231,-0.0711111111111111,-0.0711111111111111,0.0517339484813533,0.0711111111111111,-0.0088581314878892,-0.186082276047674,-0.17279507881584,0.1476970396001538,-0.0984236831987697,0.0711111111111111,-0.0015378700499807,0.1929104190695886,0.1537870049980776,-0.0517339484813533,0.059115724721261,0.17279507881584,0.0669896193771626,0.0325413302575932,0.1190926566705113,0.1137408688965782,0.1137408688965782,0.000553633217993,-0.0177777777777777,0.0553633217993079,-0.1245674740484429,0.1034063821607074,-0.1190926566705113,-0.0669896193771626,-0.1137408688965782,0.059115724721261,0.0797231833910034,-0.0888273740868896,0.0415840061514801,0.1358861976163014,-0.1085121107266436,0.1358861976163014,-0.0415840061514801,0.0384467512495194,-0.0415840061514801,-0.0842137639369473,0.0842137639369473,0.0984236831987697,0.1476970396001538,0.1793771626297577,-0.0553633217993079,-0.1137408688965782,-0.0797231833910034,-0.16,0.075355632449058,-0.0199307958477508,0.0935640138408304,,,,,0.4324166178703308,-0.3822698891162872,-0.0868113487958908,0.4446735382080078,-0.4719887971878052,-0.4025356471538543,0.8784298300743103,-0.7704577445983887,-0.5162124633789062,0.658275306224823,-0.6175548434257507,-0.5880697965621948,620.8232421875,0.1618894636631012
EXPC-100,131.6256470056129,45.62076204095308,C_band130,8,M3C-100,是,草本沼泽,中,丘状湿草，无田埂与冠层,judge_C_02.csv,False,15,-0.059115724721261,-0.0384467512495194,0.186082276047674,-0.1034063821607074,-0.059115724721261,-0.1137408688965782,-0.1663360246059207,0.4982698961937717,0.1537870049980776,-0.0246059207996924,0.3278123798539023,-0.1301653210303729,-0.0061514801999231,0.0049826989619377,-0.1245674740484429,0.0271280276816609,0.01039600153787,-0.0711111111111111,-0.0669896193771626,-0.1085121107266436,0.1476970396001538,-0.0517339484813533,0.0517339484813533,-0.0553633217993079,0.1793771626297577,0.1998615916955017,-0.0482276047673971,0.1245674740484429,0.2214532871972318,0.0009842368319876,0.035432525951557,0.035432525951557,-0.0199307958477508,0.1137408688965782,0.0246059207996924,0.0711111111111111,0.0088581314878892,-0.1358861976163014,0.0482276047673971,-0.059115724721261,-0.1358861976163014,-0.1301653210303729,0.0384467512495194,0.0711111111111111,-0.0711111111111111,0.0553633217993079,0.1663360246059207,-0.0888273740868896,0.1663360246059207,-0.0669896193771626,0.0246059207996924,-0.0325413302575932,-0.0711111111111111,0.0325413302575932,0.0984236831987697,0.1929104190695886,0.2069357939254133,0.0711111111111111,-0.075355632449058,0.0030142252979623,-0.1793771626297577,0.0271280276816609,0.0009842368319876,0.075355632449058,,,,,0.1960730850696563,-0.1915240436792373,0.199033036828041,0.4630034267902374,-0.5263843536376953,-0.4823780655860901,0.8317468762397766,-0.731517493724823,-0.489833652973175,0.5033639073371887,-0.6343085169792175,-0.4578610062599182,194.77853393554688,0.1022680774331092
EXPC-101,131.68565446659207,45.657772630658805,C_band130,8,M3C-101,是,木本沼泽,低,疏生小树灌丛，近河滩,judge_C_02.csv,False,14,-0.1085121107266436,-0.035432525951557,0.1358861976163014,-0.0669896193771626,-0.0669896193771626,-0.1476970396001538,-0.17279507881584,0.4656055363321799,0.1793771626297577,-0.0415840061514801,0.3460207612456747,-0.0888273740868896,0.0157477893118031,0.0120569011918492,-0.1245674740484429,0.0517339484813533,-0.0177777777777777,-0.0842137639369473,-0.1663360246059207,-0.0669896193771626,0.1537870049980776,-0.0384467512495194,0.0629911572472126,-0.035432525951557,0.1476970396001538,0.2141330257593233,-0.0157477893118031,0.0888273740868896,0.1998615916955017,0.0177777777777777,0.0049826989619377,0.0629911572472126,-0.0015378700499807,0.0711111111111111,0.059115724721261,0.0797231833910034,0.0222068435217224,-0.1417301038062283,0.0888273740868896,-0.0888273740868896,-0.1137408688965782,-0.1301653210303729,0.075355632449058,0.0138408304498269,-0.1085121107266436,0.0669896193771626,0.2364628988850442,-0.1085121107266436,0.1190926566705113,-0.075355632449058,0.0669896193771626,0.0325413302575932,-0.0842137639369473,0.0384467512495194,0.0935640138408304,0.1537870049980776,0.1998615916955017,0.0384467512495194,-0.0669896193771626,-0.0797231833910034,-0.16,0.0325413302575932,-0.0629911572472126,0.035432525951557,,,,,0.082148790359497,-0.0831485614180564,0.3186287581920624,0.4006600677967071,-0.4415760934352875,-0.4126473665237427,0.8271145820617676,-0.704869270324707,-0.44975745677948,0.4859759509563446,-0.5374592542648315,-0.3796663880348205,208.1200256347656,0.1022680774331092
EXPC-102,132.95497396305296,46.786685448211806,C_band130,8,M3C-102,是,草本沼泽,中,邻水田格田，内部无田埂,judge_C_02.csv,False,15,-0.075355632449058,-0.1034063821607074,0.1476970396001538,-0.1929104190695886,-0.0797231833910034,-0.1929104190695886,-0.2288965782391388,0.3742560553633218,0.1137408688965782,-0.0246059207996924,0.2364628988850442,-0.1537870049980776,0.035432525951557,0.0629911572472126,-0.2141330257593233,0.1301653210303729,0.0384467512495194,-0.1301653210303729,-0.1245674740484429,-0.0797231833910034,0.0935640138408304,-0.0297731641676278,0.01039600153787,-0.0553633217993079,0.059115724721261,0.2141330257593233,0.0415840061514801,0.16,0.3188927335640138,-0.0888273740868896,0.0629911572472126,-0.0935640138408304,-0.0669896193771626,0.0669896193771626,-0.0482276047673971,0.2069357939254133,0.0415840061514801,-0.0222068435217224,0.0517339484813533,-0.0297731641676278,-0.1245674740484429,-0.1034063821607074,-0.035432525951557,0.0325413302575932,-0.0797231833910034,0.1301653210303729,0.1358861976163014,-0.0199307958477508,0.0246059207996924,-0.0797231833910034,0.0711111111111111,-0.0074432910419069,-0.0553633217993079,0.0199307958477508,0.0888273740868896,0.186082276047674,0.17279507881584,0.0482276047673971,-0.0120569011918492,-0.075355632449058,-0.186082276047674,0.0448442906574394,-0.0629911572472126,0.0888273740868896,,,,,0.078714333474636,-0.0521433129906654,0.6262348890304565,0.3685611188411712,-0.4112112820148468,-0.3666455745697021,0.7798255681991577,-0.6921151280403137,-0.3849999904632568,0.5305705070495605,-0.6101661920547485,-0.4668449163436889,60.5868034362793,0.0648872405290603
EXPC-103,130.58944032538102,47.79297822948249,C_band130,8,M3C-103,是,草本沼泽,低,暗绿芦苇状条纹，无田埂,judge_C_02.csv,False,15,-0.0842137639369473,-0.0271280276816609,0.17279507881584,-0.0384467512495194,-0.0482276047673971,-0.1358861976163014,-0.1085121107266436,0.4340484429065744,0.2214532871972318,-0.0074432910419069,0.3742560553633218,-0.0797231833910034,0.0039369473279507,-0.0297731641676278,-0.1245674740484429,0.0984236831987697,0.0415840061514801,-0.0415840061514801,-0.1476970396001538,-0.1537870049980776,0.17279507881584,-0.0177777777777777,0.0517339484813533,-0.0222068435217224,0.1998615916955017,0.1358861976163014,-0.0325413302575932,0.1245674740484429,0.1929104190695886,0.0325413302575932,0.0157477893118031,0.1301653210303729,-0.0039369473279507,0.0888273740868896,0.0517339484813533,-0.0088581314878892,0.01039600153787,-0.16,0.0629911572472126,-0.1245674740484429,-0.0711111111111111,-0.1358861976163014,0.0842137639369473,0.059115724721261,-0.075355632449058,0.0384467512495194,0.1301653210303729,-0.16,0.1245674740484429,-0.0384467512495194,0.0199307958477508,-0.0222068435217224,-0.0984236831987697,0.0384467512495194,0.0888273740868896,0.186082276047674,0.1998615916955017,-0.0177777777777777,-0.059115724721261,-0.0629911572472126,-0.1929104190695886,0.0842137639369473,-0.0138408304498269,0.075355632449058,,,,,0.1093194186687469,-0.1245192289352417,0.2743177115917206,0.4312746524810791,-0.5083783268928528,-0.3368204832077026,0.8213151693344116,-0.7038608193397522,-0.4563862979412079,0.4831385612487793,-0.627106249332428,-0.5173068046569824,484.8074951171875,0.1631932705640792
EXPC-104,130.15977612498665,45.89241258287082,C_band130,8,M3C-104,是,草本沼泽,中,密暗绿湿草，邻塘与田,judge_C_02.csv,False,15,-0.0842137639369473,-0.0246059207996924,0.1417301038062283,-0.0629911572472126,-0.059115724721261,-0.1476970396001538,-0.1998615916955017,0.4872587466359092,0.186082276047674,-0.0009842368319876,0.3647212610534409,-0.0629911572472126,0.0246059207996924,-0.0325413302575932,-0.0935640138408304,0.035432525951557,0.0517339484813533,-0.0415840061514801,-0.1998615916955017,-0.0984236831987697,0.1301653210303729,-0.075355632449058,0.0384467512495194,-0.0157477893118031,0.1663360246059207,0.1476970396001538,0.0002460592079969,0.075355632449058,0.1929104190695886,0.0448442906574394,0.0022145328719723,0.0669896193771626,0.0482276047673971,0.0888273740868896,0.0669896193771626,0.075355632449058,0.0271280276816609,-0.1417301038062283,0.0984236831987697,-0.0797231833910034,-0.1301653210303729,-0.1085121107266436,0.075355632449058,0.035432525951557,-0.1034063821607074,0.0984236831987697,0.17279507881584,-0.0888273740868896,0.1301653210303729,6.151480199923106e-05,0.0246059207996924,0.0138408304498269,-0.1085121107266436,0.0797231833910034,0.1245674740484429,0.1476970396001538,0.17279507881584,0.0049826989619377,-0.0935640138408304,-0.0842137639369473,-0.1537870049980776,0.0325413302575932,-0.0553633217993079,0.0711111111111111,,,,,0.068137340247631,-0.0788858905434608,0.2950985431671142,0.346446692943573,-0.4808094799518585,-0.4831538796424866,0.8558971881866455,-0.7510283589363098,-0.4900221824645996,0.4942105114459991,-0.5791962146759033,-0.4073638916015625,339.8603515625,0.1618894636631012
EXPC-105,130.05539188897197,47.58016733867458,C_band130,8,M3C-105,是,草本沼泽,低,枯黄与湿草斑混杂,judge_C_02.csv,False,15,-0.0984236831987697,0.0061514801999231,0.16,-0.059115724721261,-0.0138408304498269,-0.1998615916955017,-0.1929104190695886,0.4763706266820453,0.1998615916955017,0.0325413302575932,0.3100961168781238,-0.0888273740868896,0.0022145328719723,-0.075355632449058,-0.1476970396001538,0.1137408688965782,0.0629911572472126,-0.0120569011918492,-0.1998615916955017,-0.1476970396001538,0.16,-0.0448442906574394,0.0482276047673971,-0.0199307958477508,0.1929104190695886,0.1476970396001538,-0.0325413302575932,0.0711111111111111,0.2141330257593233,0.0711111111111111,-0.0039369473279507,0.075355632449058,0.0517339484813533,0.1085121107266436,0.0157477893118031,-0.0030142252979623,0.0711111111111111,-0.0984236831987697,0.1190926566705113,-0.0984236831987697,-0.0120569011918492,-0.0984236831987697,0.0629911572472126,0.0669896193771626,-0.075355632449058,0.059115724721261,0.1476970396001538,-0.0669896193771626,0.1417301038062283,-0.0482276047673971,0.0553633217993079,-0.0271280276816609,-0.0797231833910034,0.075355632449058,0.059115724721261,0.1537870049980776,0.1793771626297577,-0.0629911572472126,-0.0669896193771626,-0.0415840061514801,-0.16,0.0553633217993079,-0.0415840061514801,0.0797231833910034,,,,,0.2503552138805389,-0.1609498709440231,0.2169919610023498,0.4573898613452911,-0.4171337187290191,-0.4332424998283386,0.868028461933136,-0.7396601438522339,-0.4659065902233124,0.5576407313346863,-0.5400927662849426,-0.5773447155952454,275.6137084960937,0.1631932705640792
EXPC-106,130.2426007941825,44.355035805628674,C_band130,8,M3C-106,是,草本沼泽,中,暗绿紫褐斑驳草甸,judge_C_02.csv,False,15,-0.0325413302575932,-0.059115724721261,0.1190926566705113,-0.0629911572472126,-0.0482276047673971,-0.1417301038062283,-0.1476970396001538,0.4035986159169549,0.1537870049980776,0.0711111111111111,0.3742560553633218,-0.0711111111111111,0.0022145328719723,-0.0669896193771626,-0.1034063821607074,0.0177777777777777,-0.0138408304498269,-0.059115724721261,-0.1476970396001538,-0.0669896193771626,0.1358861976163014,-0.1085121107266436,0.0888273740868896,-0.0517339484813533,0.186082276047674,0.0842137639369473,-0.0842137639369473,0.0711111111111111,0.1793771626297577,0.035432525951557,0.059115724721261,0.1537870049980776,0.0842137639369473,0.0842137639369473,0.0199307958477508,0.0415840061514801,0.0517339484813533,-0.1998615916955017,0.1085121107266436,-0.1190926566705113,-0.1085121107266436,-0.1190926566705113,0.0325413302575932,0.1245674740484429,-0.0384467512495194,0.0448442906574394,0.2288965782391388,-0.2141330257593233,0.1476970396001538,-0.0384467512495194,0.0448442906574394,-0.0325413302575932,-0.1034063821607074,0.0935640138408304,0.075355632449058,0.16,0.17279507881584,-0.0384467512495194,-0.0935640138408304,-0.1085121107266436,-0.186082276047674,0.075355632449058,-0.0325413302575932,0.0157477893118031,-15.547235670627929,-21.495408378499373,-8.556775101018005,-15.858350502141416,0.2742405235767364,-0.2876366674900055,-0.008777062408626,0.3774006366729736,-0.39673912525177,-0.476826399564743,0.764907956123352,-0.6617375016212463,-0.4127557277679443,0.6350877285003662,-0.6510186195373535,-0.5742841958999634,486.8262939453125,0.130340114235878
EXPC-107,130.15214044507164,48.69668340530673,C_band130,8,M3C-107,无法判读,草本沼泽,低,云层遮挡，无法判读,judge_C_02.csv,True,15,-0.0553633217993079,-0.0553633217993079,0.1034063821607074,-0.0325413302575932,-0.0517339484813533,-0.1358861976163014,-0.17279507881584,0.4340484429065744,0.2288965782391388,-0.0120569011918492,0.3839138792772011,-0.0517339484813533,0.0120569011918492,-0.0553633217993079,-0.1034063821607074,0.0669896193771626,0.1358861976163014,-0.0415840061514801,-0.2214532871972318,-0.1358861976163014,0.1417301038062283,-0.1301653210303729,0.035432525951557,0.01039600153787,0.17279507881584,0.1245674740484429,-0.0199307958477508,0.0888273740868896,0.1929104190695886,0.0888273740868896,-0.0246059207996924,0.0553633217993079,0.0669896193771626,0.1358861976163014,-0.0061514801999231,-0.0138408304498269,0.0517339484813533,-0.075355632449058,0.075355632449058,-0.0669896193771626,-0.1137408688965782,-0.1537870049980776,0.0984236831987697,0.0384467512495194,-0.075355632449058,0.0797231833910034,0.0888273740868896,-0.0797231833910034,0.1137408688965782,0.0074432910419069,0.0022145328719723,-0.0669896193771626,-0.0842137639369473,0.0669896193771626,0.1793771626297577,0.1929104190695886,0.1476970396001538,-0.0297731641676278,-0.0246059207996924,-0.059115724721261,-0.1663360246059207,0.0935640138408304,0.035432525951557,0.1417301038062283,,,,,0.0054512415081262,0.0943807959556579,0.7065078616142273,0.2846715450286865,-0.3319878876209259,-0.0956284180283546,0.853717029094696,-0.7388548254966736,-0.4660255014896393,0.5217980146408081,-0.4915074408054352,-0.27670818567276,451.9995422363281,0.0640474185347557
EXPC-108,131.4911692075802,46.261171007001884,C_band130,8,M3C-108,是,草本沼泽,低,绿褐混杂草甸，湿迹弱,judge_C_02.csv,False,15,-0.0842137639369473,-0.0271280276816609,0.1301653210303729,-0.0297731641676278,-0.0553633217993079,-0.1417301038062283,-0.1190926566705113,0.4444444444444444,0.1998615916955017,-0.0015378700499807,0.3742560553633218,-0.0553633217993079,-0.000553633217993,-0.0448442906574394,-0.1085121107266436,0.0935640138408304,0.0553633217993079,-0.075355632449058,-0.1301653210303729,-0.1301653210303729,0.17279507881584,-0.0797231833910034,0.0415840061514801,-0.0157477893118031,0.2141330257593233,0.1301653210303729,-0.0297731641676278,0.1137408688965782,0.1793771626297577,0.0246059207996924,0.0177777777777777,0.0935640138408304,0.0297731641676278,0.0888273740868896,0.0669896193771626,0.0271280276816609,0.0222068435217224,-0.1663360246059207,0.0888273740868896,-0.0935640138408304,-0.1358861976163014,-0.1301653210303729,0.0669896193771626,0.059115724721261,-0.0842137639369473,0.0553633217993079,0.17279507881584,-0.1245674740484429,0.1476970396001538,-0.0222068435217224,0.01039600153787,-0.059115724721261,-0.1190926566705113,0.0553633217993079,0.1245674740484429,0.186082276047674,0.17279507881584,-0.0049826989619377,-0.075355632449058,-0.0669896193771626,-0.17279507881584,0.0669896193771626,-0.0120569011918492,0.0797231833910034,,,,,0.1949532926082611,-0.1901884973049163,0.3120595216751098,0.4857142865657806,-0.5563380122184753,-0.3861145079135895,0.8852603435516357,-0.7934508919715881,-0.5145535469055176,0.4863905310630798,-0.5729492902755737,-0.4388370811939239,332.7340087890625,0.0911156833171844
EXPC-109,130.1789102405384,45.52554062083641,C_band130,8,M3C-109,是,草本沼泽,中,暗绿丘状草甸夹干斑,judge_C_02.csv,False,15,-0.075355632449058,-0.0669896193771626,0.1929104190695886,-0.0669896193771626,-0.1085121107266436,-0.1663360246059207,-0.2288965782391388,0.4656055363321799,0.1998615916955017,0.0120569011918492,0.3100961168781238,-0.0711111111111111,0.0138408304498269,-0.0669896193771626,-0.0553633217993079,-0.0061514801999231,0.0629911572472126,0.0061514801999231,-0.1417301038062283,-0.1663360246059207,0.1137408688965782,-0.0984236831987697,0.059115724721261,-0.0157477893118031,0.1417301038062283,0.1929104190695886,-0.0669896193771626,0.0797231833910034,0.2364628988850442,0.0384467512495194,0.0669896193771626,0.0482276047673971,0.0935640138408304,0.1537870049980776,-0.0271280276816609,0.0222068435217224,0.059115724721261,-0.0935640138408304,0.0935640138408304,-0.0517339484813533,-0.0888273740868896,-0.1034063821607074,0.0482276047673971,0.1245674740484429,-0.0984236831987697,0.059115724721261,0.1245674740484429,-0.0157477893118031,0.17279507881584,-0.0629911572472126,0.0669896193771626,-0.0415840061514801,-0.0797231833910034,0.059115724721261,0.1190926566705113,0.1034063821607074,0.1476970396001538,-0.0246059207996924,-0.0984236831987697,-0.0553633217993079,-0.1793771626297577,0.0482276047673971,0.0138408304498269,0.0842137639369473,,,,,0.3037036955356598,-0.3238612711429596,-0.1765903234481811,0.5010725259780884,-0.5091654062271118,-0.5059691667556763,0.8709841966629028,-0.7386565804481506,-0.52883380651474,0.5090203285217285,-0.5996127128601074,-0.5598722696304321,301.5687866210937,0.1618894636631012
EXPC-110,131.1761300374395,43.82709591315163,C_band130,8,M3C-110,是,草本沼泽,中,鲜绿丘状草甸，无田埂,judge_C_02.csv,False,15,-0.0271280276816609,-0.0222068435217224,0.17279507881584,-0.0711111111111111,-0.0448442906574394,-0.1358861976163014,-0.1245674740484429,0.4656055363321799,0.1793771626297577,-0.0088581314878892,0.3368550557477893,-0.0711111111111111,-0.0415840061514801,-0.0157477893118031,-0.1085121107266436,0.0984236831987697,-0.0297731641676278,-0.0517339484813533,-0.0199307958477508,-0.1417301038062283,0.1663360246059207,-0.0482276047673971,0.0797231833910034,-0.0669896193771626,0.1793771626297577,0.1537870049980776,-0.0984236831987697,0.0935640138408304,0.17279507881584,-0.0325413302575932,0.0629911572472126,0.1417301038062283,-0.0015378700499807,0.1137408688965782,0.0842137639369473,0.0888273740868896,-0.0030142252979623,-0.2069357939254133,0.0797231833910034,-0.0888273740868896,-0.1245674740484429,-0.1085121107266436,0.0669896193771626,0.0984236831987697,-0.0842137639369473,0.0482276047673971,0.16,-0.1358861976163014,0.16,-0.1034063821607074,-0.0061514801999231,-0.0553633217993079,-0.1085121107266436,0.0935640138408304,0.0842137639369473,0.17279507881584,0.17279507881584,0.059115724721261,-0.0711111111111111,-0.0415840061514801,-0.1358861976163014,0.0629911572472126,-0.0074432910419069,0.0246059207996924,,,,,0.3299040794372558,-0.340902715921402,0.142648845911026,0.5129199028015137,-0.5576987266540527,-0.4910064935684204,0.7862464785575867,-0.7012563943862915,-0.4677720069885254,0.6644871830940247,-0.6929507851600647,-0.538681149482727,364.4847412109375,0.2621392905712127
EXPC-111,130.26568749698436,43.44603056962813,C_band130,8,M3C-111,否,落叶灌丛,低,密集小冠层，无湿底迹象,judge_C_02.csv,False,10,-0.0061514801999231,-0.0669896193771626,0.1663360246059207,-0.0325413302575932,-0.059115724721261,-0.0888273740868896,-0.1245674740484429,0.4237754709727028,0.2069357939254133,0.0482276047673971,0.3553094963475586,-0.075355632449058,-0.0271280276816609,-0.0325413302575932,-0.0325413302575932,0.0271280276816609,0.0482276047673971,-0.0120569011918492,-0.0669896193771626,-0.1929104190695886,0.16,-0.1417301038062283,0.1034063821607074,-0.0325413302575932,0.1793771626297577,0.1245674740484429,-0.1476970396001538,0.059115724721261,0.1245674740484429,0.0271280276816609,0.0669896193771626,0.1663360246059207,0.0797231833910034,0.1537870049980776,0.0482276047673971,0.0049826989619377,0.0030142252979623,-0.17279507881584,0.0669896193771626,-0.0669896193771626,-0.1301653210303729,-0.1245674740484429,0.0448442906574394,0.1301653210303729,-0.0888273740868896,0.0061514801999231,0.1358861976163014,-0.1301653210303729,0.1793771626297577,-0.0711111111111111,0.0629911572472126,-0.075355632449058,-0.1190926566705113,0.1301653210303729,0.1190926566705113,0.1417301038062283,0.1358861976163014,0.0384467512495194,-0.1358861976163014,-0.0669896193771626,-0.1476970396001538,0.0888273740868896,-0.0297731641676278,0.075355632449058,-11.745772197163188,-19.47053104187884,-9.685113496255664,-15.544908048175394,0.4216593503952026,-0.4554521143436432,-0.1743951588869094,0.5162122249603271,-0.4730624556541443,-0.3983241319656372,0.8487493991851807,-0.7490720152854919,-0.4451056718826294,0.6174204349517822,-0.6371651291847229,-0.5080459713935852,767.4354248046875,0.1514522582292556
EXPC-112,133.60715085932372,46.9001426685961,C_band130,8,M3C-112,是,草本沼泽,低,绿团块覆暗底，丘状草甸,judge_C_02.csv,False,15,-0.0629911572472126,-0.0246059207996924,0.0935640138408304,-0.0120569011918492,-0.0415840061514801,-0.1476970396001538,-0.1137408688965782,0.4136255286428297,0.2364628988850442,-0.0271280276816609,0.3839138792772011,-0.0177777777777777,-0.0222068435217224,-0.0517339484813533,-0.1476970396001538,0.075355632449058,0.0984236831987697,-0.0517339484813533,-0.2214532871972318,-0.1358861976163014,0.1793771626297577,-0.1245674740484429,0.0448442906574394,0.0199307958477508,0.1929104190695886,0.1245674740484429,-0.0517339484813533,0.0517339484813533,0.1537870049980776,0.0935640138408304,-0.0325413302575932,0.1137408688965782,0.0797231833910034,0.1190926566705113,0.035432525951557,-0.0222068435217224,0.0384467512495194,-0.1085121107266436,0.0711111111111111,-0.0888273740868896,-0.1190926566705113,-0.1476970396001538,0.0935640138408304,0.0199307958477508,-0.0797231833910034,0.0629911572472126,0.0935640138408304,-0.1301653210303729,0.1034063821607074,-0.0246059207996924,0.0088581314878892,-0.0325413302575932,-0.0888273740868896,0.0629911572472126,0.16,0.1929104190695886,0.1929104190695886,-0.0157477893118031,-0.0199307958477508,-0.0935640138408304,-0.16,0.0935640138408304,-0.01039600153787,0.1245674740484429,,,,,0.0,0.1221608370542526,0.7799415588378906,0.2585047781467438,-0.3277455270290375,0.0036900369450449,0.7895826101303101,-0.7239698767662048,-0.4793146550655365,0.43825364112854,-0.5504258275032043,-0.5174404382705688,423.706298828125,0.0100717162713408
EXPC-113,130.11099760505897,43.3661703408699,C_band130,8,M3C-113,是,草本沼泽,低,绿斑嵌褐底，灌草难分,judge_C_02.csv,False,15,0.0384467512495194,-0.075355632449058,0.16,-0.0711111111111111,-0.059115724721261,-0.0984236831987697,-0.1476970396001538,0.4136255286428297,0.17279507881584,0.0669896193771626,0.3014225297962323,-0.0842137639369473,-0.0482276047673971,-0.0325413302575932,-0.0325413302575932,-0.0002460592079969,0.0088581314878892,-0.0177777777777777,0.0222068435217224,-0.1998615916955017,0.1663360246059207,-0.1245674740484429,0.1085121107266436,-0.0669896193771626,0.1476970396001538,0.1358861976163014,-0.17279507881584,0.0553633217993079,0.1537870049980776,-0.0222068435217224,0.1245674740484429,0.1190926566705113,0.0711111111111111,0.1245674740484429,-0.0049826989619377,0.0061514801999231,-0.0074432910419069,-0.1793771626297577,0.1245674740484429,-0.059115724721261,-0.1301653210303729,-0.1034063821607074,0.0246059207996924,0.1998615916955017,-0.0797231833910034,0.0,0.1417301038062283,-0.0842137639369473,0.1998615916955017,-0.0482276047673971,0.0271280276816609,-0.1417301038062283,-0.1245674740484429,0.1190926566705113,0.0797231833910034,0.1417301038062283,0.1137408688965782,0.0629911572472126,-0.17279507881584,-0.0669896193771626,-0.1476970396001538,0.0553633217993079,-0.0088581314878892,0.1245674740484429,-11.66667253759617,-18.870275758992616,-8.441373102901421,-13.878305682544385,0.5846560597419739,-0.5867549777030945,-0.4502202570438385,0.6253243088722229,-0.5882353186607361,-0.5120192170143127,0.7755460739135742,-0.6866205334663391,-0.4988558292388916,0.7068119645118713,-0.6766595244407654,-0.5967957377433777,633.1538696289062,0.1514522582292556
EXPC-114,130.36342419989654,45.85836643360269,C_band130,8,M3C-114,是,草本沼泽,中,均匀暗绿细粒草甸,judge_C_02.csv,False,15,-0.059115724721261,0.0015378700499807,0.186082276047674,-0.0517339484813533,-0.1034063821607074,-0.1358861976163014,-0.2519646289888504,0.5320415224913494,0.2069357939254133,6.151480199923106e-05,0.2844444444444444,-0.1137408688965782,0.0448442906574394,-0.0177777777777777,-0.0711111111111111,0.0325413302575932,0.0984236831987697,0.059115724721261,-0.2069357939254133,-0.1245674740484429,0.0935640138408304,-0.075355632449058,0.0271280276816609,0.0384467512495194,0.1663360246059207,0.186082276047674,0.0049826989619377,0.0935640138408304,0.2519646289888504,0.0984236831987697,-0.0039369473279507,0.0138408304498269,0.035432525951557,0.1417301038062283,0.0246059207996924,0.0157477893118031,0.0271280276816609,-0.0711111111111111,0.0935640138408304,-0.0482276047673971,-0.0797231833910034,-0.0935640138408304,0.0888273740868896,-0.0297731641676278,-0.1190926566705113,0.0797231833910034,0.0711111111111111,0.0415840061514801,0.1190926566705113,-0.0222068435217224,0.0325413302575932,-0.0271280276816609,-0.0415840061514801,0.0120569011918492,0.1476970396001538,0.0842137639369473,0.1476970396001538,0.0039369473279507,-0.0842137639369473,-0.0074432910419069,-0.1663360246059207,0.0120569011918492,-0.0157477893118031,0.0984236831987697,,,,,0.0855781584978103,-0.0608882531523704,0.1824126243591308,0.3461220562458038,-0.4458259344100952,-0.4324176907539367,0.8231827020645142,-0.697147011756897,-0.40086829662323,0.4277813136577606,-0.5551436543464661,-0.3487109839916229,256.5495300292969,0.1618894636631012
EXPC-115,130.4096874370287,43.301761134998536,C_band130,8,M3C-115,否,草地,低,枯黄草被均匀，无湿迹,judge_C_02.csv,False,11,-0.01039600153787,-0.0415840061514801,0.1537870049980776,-0.0448442906574394,-0.0415840061514801,-0.1476970396001538,-0.0984236831987697,0.4035986159169549,0.1998615916955017,0.0935640138408304,0.3368550557477893,-0.0842137639369473,-0.0415840061514801,-0.0711111111111111,-0.1085121107266436,0.059115724721261,-0.0120569011918492,-0.0448442906574394,-0.0842137639369473,-0.1663360246059207,0.17279507881584,-0.0553633217993079,0.0842137639369473,-0.059115724721261,0.17279507881584,0.1085121107266436,-0.1358861976163014,0.075355632449058,0.1537870049980776,0.0022145328719723,0.0553633217993079,0.1793771626297577,0.0711111111111111,0.1085121107266436,0.0984236831987697,0.0199307958477508,0.0271280276816609,-0.2141330257593233,0.0384467512495194,-0.1358861976163014,-0.0797231833910034,-0.0888273740868896,0.01039600153787,0.1358861976163014,-0.0711111111111111,-0.0074432910419069,0.1793771626297577,-0.2069357939254133,0.1476970396001538,-0.0797231833910034,0.0517339484813533,-0.0384467512495194,-0.1137408688965782,0.1245674740484429,0.035432525951557,0.16,0.17279507881584,-0.0271280276816609,-0.1137408688965782,-0.0629911572472126,-0.17279507881584,0.0842137639369473,-0.0482276047673971,0.0448442906574394,-12.58936369073723,-18.272259466857204,-8.040716863393317,-15.17848026122186,0.3309378325939178,-0.322857141494751,-0.0520000010728836,0.4581430852413177,-0.4373593330383301,-0.3941841721534729,0.8662262558937073,-0.7614964842796326,-0.5048543810844421,0.6162790656089783,-0.613264262676239,-0.520061731338501,823.9269409179688,0.1514522582292556
EXPC-116,130.49978846002588,42.96695902860719,C_band130,8,M3C-116,是,草本沼泽,低,褐黄草甸，旁有塘渠,judge_C_02.csv,False,15,-0.0222068435217224,6.151480199923106e-05,0.292871972318339,-0.059115724721261,-0.0517339484813533,-0.16,-0.2761399461745483,0.4872587466359092,0.1663360246059207,0.0415840061514801,0.1793771626297577,-0.0271280276816609,-0.0246059207996924,0.0246059207996924,-0.0415840061514801,0.0246059207996924,-0.0177777777777777,0.1137408688965782,-0.1190926566705113,-0.1537870049980776,0.0629911572472126,-0.0629911572472126,0.1245674740484429,-0.0030142252979623,0.1358861976163014,0.2141330257593233,-0.1476970396001538,0.035432525951557,0.2364628988850442,0.0448442906574394,0.0384467512495194,0.1190926566705113,0.0935640138408304,0.1301653210303729,0.0297731641676278,0.1085121107266436,0.0120569011918492,-0.1476970396001538,0.1358861976163014,-0.0088581314878892,-0.0177777777777777,-0.0074432910419069,0.0553633217993079,0.035432525951557,-0.0935640138408304,-0.0246059207996924,0.1137408688965782,0.0448442906574394,0.186082276047674,-0.0629911572472126,0.0448442906574394,0.0177777777777777,-0.0629911572472126,0.1034063821607074,-0.01039600153787,0.0297731641676278,0.1301653210303729,0.075355632449058,-0.1245674740484429,0.035432525951557,-0.1929104190695886,-0.0553633217993079,-0.1301653210303729,0.0797231833910034,-11.564960350846572,-18.80670427646634,-5.733080851917052,-12.69344584185894,0.6025121212005615,-0.5738884806632996,-0.2040326446294784,0.5142054557800293,-0.5436028242111206,-0.500435471534729,0.8463395237922668,-0.762334406375885,-0.525306761264801,0.7649484276771545,-0.726386547088623,-0.5913654565811157,184.4587554931641,0.3186671435832977
EXPC-117,134.5179527258925,48.34580145532965,C_band130,8,M3C-117,是,湖河滩地,低,灰白滩斑邻水道，疑沙洲,judge_C_02.csv,False,16,-0.035432525951557,-0.1034063821607074,0.1137408688965782,-0.186082276047674,-0.0629911572472126,-0.1417301038062283,-0.2519646289888504,0.3278123798539023,0.0517339484813533,0.0177777777777777,0.2141330257593233,-0.1190926566705113,0.0022145328719723,-0.0199307958477508,-0.1998615916955017,0.0325413302575932,0.0015378700499807,-0.0888273740868896,-0.1663360246059207,0.0415840061514801,0.0842137639369473,-0.059115724721261,0.0222068435217224,-0.0553633217993079,0.0384467512495194,0.1998615916955017,0.0448442906574394,0.0448442906574394,0.4035986159169549,-0.0517339484813533,0.0157477893118031,0.0222068435217224,-0.059115724721261,0.0553633217993079,-0.0935640138408304,0.2441522491349481,0.1417301038062283,-0.035432525951557,0.075355632449058,-0.0297731641676278,-0.1085121107266436,-0.1537870049980776,-0.0797231833910034,0.0842137639369473,-0.0177777777777777,0.1663360246059207,0.186082276047674,-0.1137408688965782,0.0797231833910034,-0.0517339484813533,0.1476970396001538,-0.0297731641676278,-0.0517339484813533,-0.0246059207996924,0.0157477893118031,0.0935640138408304,0.17279507881584,-0.01039600153787,-0.0482276047673971,-0.1085121107266436,-0.2288965782391388,0.0669896193771626,-0.0553633217993079,0.0177777777777777,,,,,0.0878600105643272,-0.1452696174383163,0.3654199838638305,0.4153605103492737,-0.4564516246318817,-0.4231921136379242,0.7848403453826904,-0.669970691204071,-0.5548022389411926,0.469613254070282,-0.4510479569435119,-0.5073434710502625,40.4014778137207,0.0481114648282527
EXPC-118,130.6560054879343,45.03380283430938,C_band130,8,M3C-118,是,草本沼泽,中,丘状绿草甸夹褐斑,judge_C_02.csv,False,15,-0.0482276047673971,-0.0325413302575932,0.1537870049980776,-0.0553633217993079,-0.0842137639369473,-0.1417301038062283,-0.1793771626297577,0.4763706266820453,0.1998615916955017,0.0039369473279507,0.3188927335640138,-0.0629911572472126,-0.0157477893118031,-0.0517339484813533,-0.0448442906574394,0.0271280276816609,0.1190926566705113,-0.0553633217993079,-0.16,-0.1301653210303729,0.1085121107266436,-0.1417301038062283,0.0711111111111111,-0.0325413302575932,0.1998615916955017,0.17279507881584,-0.0669896193771626,0.075355632449058,0.2288965782391388,0.0888273740868896,0.0325413302575932,0.1085121107266436,0.1137408688965782,0.1476970396001538,0.0030142252979623,0.0384467512495194,0.0711111111111111,-0.1190926566705113,0.0797231833910034,-0.0415840061514801,-0.0935640138408304,-0.0984236831987697,0.0669896193771626,0.0797231833910034,-0.075355632449058,0.01039600153787,0.075355632449058,-0.0384467512495194,0.1537870049980776,-0.0448442906574394,0.0415840061514801,-0.0842137639369473,-0.0842137639369473,0.075355632449058,0.1358861976163014,0.1245674740484429,0.16,-0.0049826989619377,-0.0711111111111111,-0.0074432910419069,-0.17279507881584,0.075355632449058,-0.0325413302575932,0.1476970396001538,,,,,0.0840074643492698,-0.0040345820598304,0.523809552192688,0.3523956835269928,-0.339456558227539,-0.3312669396400451,0.8419293165206909,-0.7146032452583313,-0.4669987559318542,0.6248236894607544,-0.5641548037528992,-0.3395061790943146,419.5516662597656,0.1618894636631012
EXPC-119,130.17190338132227,45.75335337688912,C_band130,8,M3C-119,是,草本沼泽,中,暗绿丘状草甸，邻田块,judge_C_02.csv,False,15,-0.0842137639369473,-0.0984236831987697,0.1245674740484429,-0.0482276047673971,-0.075355632449058,-0.1301653210303729,-0.1417301038062283,0.4237754709727028,0.1793771626297577,-0.0030142252979623,0.3936947327950788,-0.059115724721261,0.0199307958477508,-0.0448442906574394,-0.059115724721261,0.0177777777777777,0.0297731641676278,-0.0711111111111111,-0.1537870049980776,-0.0842137639369473,0.1537870049980776,-0.0842137639369473,0.0415840061514801,-0.0199307958477508,0.2069357939254133,0.1137408688965782,-0.0325413302575932,0.0888273740868896,0.16,0.0199307958477508,0.0448442906574394,0.0984236831987697,0.0384467512495194,0.0711111111111111,0.0384467512495194,0.0246059207996924,-0.0002460592079969,-0.17279507881584,0.1034063821607074,-0.0935640138408304,-0.16,-0.1476970396001538,0.0711111111111111,0.0935640138408304,-0.1034063821607074,0.0935640138408304,0.2069357939254133,-0.1663360246059207,0.1245674740484429,-0.0271280276816609,0.0297731641676278,-0.0222068435217224,-0.1245674740484429,0.0669896193771626,0.1358861976163014,0.186082276047674,0.1476970396001538,-0.0120569011918492,-0.0984236831987697,-0.0797231833910034,-0.16,0.0553633217993079,-0.01039600153787,0.0448442906574394,,,,,0.187894731760025,-0.1976651698350906,-0.0068965516984462,0.2438290119171142,-0.2760963439941406,-0.2029921859502792,0.8434276580810547,-0.7239673733711243,-0.4959349632263183,0.5404120683670044,-0.695743203163147,-0.567460298538208,411.2342529296875,0.1618894636631012
EXPC-120,130.92855434513615,45.9741592737257,C_band130,10,M3C-120,否,落叶阔叶林,低,连续阔叶冠层，非湿地,judge_C_02.csv,False,5,-0.0797231833910034,0.035432525951557,0.1476970396001538,-0.1137408688965782,0.0009842368319876,-0.1998615916955017,-0.1245674740484429,0.4444444444444444,0.1663360246059207,0.0002460592079969,0.3014225297962323,-0.0984236831987697,-0.0482276047673971,-0.0271280276816609,-0.2141330257593233,0.0842137639369473,0.0246059207996924,-0.1358861976163014,-0.1998615916955017,-0.0517339484813533,0.1663360246059207,0.0415840061514801,0.0711111111111111,-0.035432525951557,0.17279507881584,0.1190926566705113,-0.0177777777777777,0.0984236831987697,0.1998615916955017,0.0022145328719723,-0.0199307958477508,0.0797231833910034,-0.035432525951557,0.035432525951557,0.0984236831987697,0.0669896193771626,-0.0022145328719723,-0.1034063821607074,0.0482276047673971,-0.1663360246059207,-0.035432525951557,-0.1085121107266436,0.0553633217993079,0.0120569011918492,-0.0448442906574394,0.0797231833910034,0.2069357939254133,-0.1793771626297577,0.1245674740484429,-0.0246059207996924,0.0448442906574394,0.0517339484813533,-0.1137408688965782,0.0517339484813533,0.0157477893118031,0.1663360246059207,0.17279507881584,-0.0246059207996924,-0.0517339484813533,-0.0629911572472126,-0.186082276047674,0.0482276047673971,-0.1245674740484429,0.035432525951557,,,,,0.0415866933763027,-0.0341432429850101,0.4599135816097259,0.3373151421546936,-0.4575325548648834,-0.4977037906646728,0.8384547829627991,-0.7442732453346252,-0.510951817035675,0.5040257573127747,-0.6443662047386169,-0.533307671546936,260.8073425292969,0.1618894636631012
EXPC-121,134.19177444622872,47.67188532918318,C_band130,10,M3C-121,否,水田,中,格田清晰，同相位田块,judge_C_02.csv,False,3,-0.0325413302575932,-0.0157477893118031,0.0629911572472126,-0.2844444444444444,-0.0629911572472126,-0.059115724721261,-0.2761399461745483,0.1998615916955017,-0.0015378700499807,0.0482276047673971,-0.0325413302575932,-0.0629911572472126,-0.0553633217993079,0.0669896193771626,-0.2069357939254133,0.2761399461745483,0.0384467512495194,-0.16,-0.0629911572472126,0.0271280276816609,-0.0669896193771626,0.0384467512495194,0.0138408304498269,0.0271280276816609,-0.1034063821607074,0.059115724721261,0.0669896193771626,-0.0271280276816609,0.3742560553633218,-0.16,0.0157477893118031,-0.1190926566705113,-0.1301653210303729,-0.0157477893118031,-0.0022145328719723,0.3460207612456747,0.0448442906574394,0.0271280276816609,0.0009842368319876,0.0482276047673971,-0.059115724721261,0.1085121107266436,-0.1245674740484429,-0.01039600153787,0.0138408304498269,0.2214532871972318,0.1085121107266436,-0.0074432910419069,0.0384467512495194,-0.0517339484813533,0.186082276047674,-0.1245674740484429,-0.1137408688965782,-0.035432525951557,0.035432525951557,-0.0984236831987697,-0.000553633217993,-0.0517339484813533,-0.0271280276816609,-0.1358861976163014,-0.2519646289888504,-0.0669896193771626,-0.0888273740868896,0.0711111111111111,,,,,0.001647446420975,-0.0008496176451444,0.8425381779670715,0.2227700650691986,-0.3121693134307861,-0.3085106313228607,0.8487009406089783,-0.7194977402687073,-0.4401891231536865,0.4568345248699188,-0.560693621635437,-0.4838709533214569,48.809024810791016,0.0533583536744117
EXPC-122,133.10059087060873,45.76170770903144,C_band130,10,M3C-122,否,草本旱地,低,路旁翻耕条田，无积水,judge_C_02.csv,False,0,-0.0384467512495194,0.0482276047673971,0.17279507881584,-0.3188927335640138,-0.0138408304498269,-0.0384467512495194,-0.2679584775086506,0.2441522491349481,-0.0629911572472126,0.0384467512495194,0.075355632449058,-0.1245674740484429,0.0074432910419069,0.0629911572472126,-0.2364628988850442,0.1190926566705113,0.0325413302575932,-0.0448442906574394,-0.0553633217993079,0.059115724721261,-0.0553633217993079,0.0415840061514801,0.0797231833910034,-0.0888273740868896,-0.0448442906574394,0.2364628988850442,0.0711111111111111,-0.0138408304498269,0.3368550557477893,-0.1417301038062283,0.0088581314878892,-0.0553633217993079,-0.1537870049980776,0.0669896193771626,0.0088581314878892,0.3100961168781238,0.0797231833910034,0.0984236831987697,0.0222068435217224,0.0553633217993079,-0.0384467512495194,-0.01039600153787,-0.0842137639369473,-0.0157477893118031,-0.01039600153787,0.2761399461745483,0.1417301038062283,-0.0002460592079969,0.1085121107266436,-0.0629911572472126,0.1998615916955017,0.0297731641676278,-0.0157477893118031,-0.0222068435217224,0.0120569011918492,-0.0271280276816609,0.0553633217993079,0.0325413302575932,-0.035432525951557,-0.16,-0.2214532871972318,-0.01039600153787,-0.0888273740868896,-0.0138408304498269,,,,,0.023814134299755,-0.0334853418171405,0.7883317470550537,0.2123360484838485,-0.2976664900779724,-0.3648996353149414,0.7184643745422363,-0.6189451217651367,-0.4181459546089172,0.3399723470211029,-0.4444610178470611,-0.4720883965492248,66.4726791381836,0.0561328567564487
EXPC-123,131.21098467046332,45.68319495319938,C_band130,10,M3C-123,是,湖河滩地,低,灰白湿滩夹暗点，邻水道,judge_C_02.csv,False,16,-0.0482276047673971,0.075355632449058,0.2069357939254133,-0.2069357939254133,-0.0271280276816609,-0.1085121107266436,-0.2519646289888504,0.5094040753556325,0.0553633217993079,0.0297731641676278,0.0888273740868896,-0.1245674740484429,-0.0297731641676278,0.059115724721261,-0.186082276047674,0.0797231833910034,0.0629911572472126,0.0415840061514801,-0.1358861976163014,0.0061514801999231,0.0553633217993079,0.0711111111111111,0.035432525951557,-0.075355632449058,0.0797231833910034,0.035432525951557,-0.0711111111111111,0.0177777777777777,0.2761399461745483,0.0061514801999231,-0.0061514801999231,-0.0074432910419069,-0.1245674740484429,0.1663360246059207,-0.0711111111111111,0.2441522491349481,0.0984236831987697,-0.0669896193771626,-0.0384467512495194,-0.0157477893118031,-0.0384467512495194,0.0935640138408304,-0.0448442906574394,0.0384467512495194,-0.035432525951557,0.2214532871972318,0.2069357939254133,-0.1137408688965782,0.0325413302575932,-0.1476970396001538,0.0935640138408304,-0.0120569011918492,-0.0022145328719723,-0.0448442906574394,-0.0061514801999231,0.16,0.1034063821607074,0.1245674740484429,-0.0177777777777777,-0.0177777777777777,-0.16,-0.0629911572472126,-0.0935640138408304,-0.0074432910419069,,,,,0.1088032647967338,-0.1473911553621292,0.5145406126976013,0.359346330165863,-0.4693583250045776,-0.5519707798957825,0.7972700595855713,-0.7191780805587769,-0.5009509325027466,0.5909090638160706,-0.671576976776123,-0.584298312664032,268.586181640625,0.1022680774331092
EXPC-124,133.18808677928195,46.179693810732246,C_band130,10,M3C-124,是,草本沼泽,低,田边湿草带，边界混合,judge_C_02.csv,False,15,-0.0199307958477508,0.0415840061514801,0.1417301038062283,-0.3188927335640138,-0.01039600153787,-0.0935640138408304,-0.3014225297962323,0.2069357939254133,-0.0222068435217224,-0.0177777777777777,0.0842137639369473,-0.0797231833910034,-0.0517339484813533,0.0482276047673971,-0.2364628988850442,0.1663360246059207,0.0222068435217224,-0.0797231833910034,-0.1085121107266436,0.0984236831987697,0.0222068435217224,0.01039600153787,0.1034063821607074,-0.059115724721261,-0.0711111111111111,0.186082276047674,0.0797231833910034,-0.059115724721261,0.3647212610534409,-0.1537870049980776,-0.0030142252979623,-0.0517339484813533,-0.1034063821607074,0.0629911572472126,-0.0448442906574394,0.3014225297962323,0.1245674740484429,0.0984236831987697,0.0517339484813533,-0.0022145328719723,-0.035432525951557,0.0157477893118031,-0.1137408688965782,0.0246059207996924,-0.0138408304498269,0.2288965782391388,0.1663360246059207,-0.0297731641676278,0.075355632449058,-0.0482276047673971,0.1998615916955017,-0.0271280276816609,-0.0553633217993079,0.0039369473279507,-0.0009842368319876,0.0482276047673971,0.059115724721261,0.0138408304498269,-0.0022145328719723,-0.17279507881584,-0.2288965782391388,-0.0271280276816609,-0.1034063821607074,0.0015378700499807,,,,,0.0301914289593696,-0.0427118130028247,0.7305910587310791,0.3058791756629944,-0.4141117930412292,-0.3481312096118927,0.7261133193969727,-0.6387455463409424,-0.3657431602478027,0.4773277044296264,-0.5910792946815491,-0.527375340461731,70.24857330322266,0.0100717162713408
EXPC-125,130.67145651082114,48.18626066087002,C_band130,10,M3C-125,是,草本沼泽,低,团块暗绿草甸，湿迹不明,judge_C_02.csv,False,15,-0.0553633217993079,-0.0271280276816609,0.1417301038062283,-0.0415840061514801,-0.0199307958477508,-0.1476970396001538,-0.1190926566705113,0.3742560553633218,0.1663360246059207,0.0088581314878892,0.3936947327950788,-0.0157477893118031,0.0061514801999231,-0.0888273740868896,-0.1358861976163014,0.0669896193771626,0.0415840061514801,-0.0629911572472126,-0.2441522491349481,-0.0271280276816609,0.1663360246059207,-0.0120569011918492,0.0384467512495194,-0.0061514801999231,0.2214532871972318,0.0669896193771626,-0.0015378700499807,0.0888273740868896,0.1358861976163014,0.0711111111111111,-0.0022145328719723,0.17279507881584,0.0246059207996924,0.0384467512495194,0.0009842368319876,0.0074432910419069,0.0271280276816609,-0.2141330257593233,0.075355632449058,-0.1245674740484429,-0.0842137639369473,-0.1137408688965782,0.0797231833910034,0.0517339484813533,-0.0384467512495194,0.1034063821607074,0.2069357939254133,-0.2761399461745483,0.1245674740484429,-0.0157477893118031,0.0138408304498269,-0.0199307958477508,-0.0935640138408304,0.0074432910419069,0.0297731641676278,0.1537870049980776,0.1663360246059207,-0.0984236831987697,-0.0711111111111111,-0.0935640138408304,-0.1537870049980776,0.1034063821607074,-0.0797231833910034,0.0271280276816609,,,,,0.0992230847477912,-0.1088222116231918,0.1603498607873916,0.5361608266830444,-0.5831227898597717,-0.4660194218158722,0.8696984648704529,-0.7581110000610352,-0.5674867033958435,0.5012450814247131,-0.6137667298316956,-0.6404414176940918,233.6432647705078,0.0640474185347557
EXPC-126,131.09707829243698,46.42178977980245,C_band130,10,M3C-126,否,草本旱地,低,路旁枯黄旱地，条痕残存,judge_C_02.csv,False,0,-0.0517339484813533,-0.0325413302575932,0.2069357939254133,-0.2599000384467512,-0.0246059207996924,-0.1034063821607074,-0.2761399461745483,0.3188927335640138,0.0711111111111111,0.0842137639369473,0.1476970396001538,-0.0177777777777777,-0.0157477893118031,0.0271280276816609,-0.2288965782391388,0.0984236831987697,0.0935640138408304,-0.0842137639369473,-0.16,0.0222068435217224,0.0842137639369473,0.0088581314878892,0.059115724721261,-0.1085121107266436,-0.035432525951557,0.0711111111111111,-0.0120569011918492,-0.01039600153787,0.3188927335640138,-0.035432525951557,0.0177777777777777,-0.0088581314878892,-0.0553633217993079,0.0629911572472126,-0.0325413302575932,0.2844444444444444,0.075355632449058,-0.0222068435217224,-0.0297731641676278,-0.0199307958477508,-0.0669896193771626,0.0297731641676278,-0.0797231833910034,0.0711111111111111,0.0030142252979623,0.2141330257593233,0.2214532871972318,-0.186082276047674,0.0517339484813533,-0.1137408688965782,0.1476970396001538,-0.0271280276816609,-0.1417301038062283,0.0629911572472126,0.059115724721261,0.1137408688965782,0.0669896193771626,0.0039369473279507,-0.0482276047673971,-0.1998615916955017,-0.2069357939254133,0.0222068435217224,-0.0325413302575932,-0.0553633217993079,,,,,0.0506109558045864,-0.0779513567686081,0.7053617238998413,0.2533711791038513,-0.3465497493743896,-0.3997548520565033,0.7285539507865906,-0.6584362387657166,-0.5356643199920654,0.2226368188858032,-0.3811029195785522,-0.3505344688892364,278.58892822265625,0.0911156833171844
EXPC-127,131.51272877439908,47.57262149028797,C_band130,10,M3C-127,是,草本沼泽,低,渠边黄绿草带，旁有积水,judge_C_02.csv,False,15,-0.0222068435217224,0.0482276047673971,0.1476970396001538,-0.2599000384467512,0.0030142252979623,-0.0517339484813533,-0.2679584775086506,0.3278123798539023,0.0482276047673971,-0.0297731641676278,0.1358861976163014,-0.1190926566705113,-0.0935640138408304,0.0888273740868896,-0.1998615916955017,0.17279507881584,0.1034063821607074,-0.0842137639369473,-0.1245674740484429,0.0271280276816609,0.0271280276816609,-0.0088581314878892,0.1137408688965782,-0.1190926566705113,-0.0030142252979623,0.2141330257593233,0.1034063821607074,-0.0088581314878892,0.3839138792772011,-0.075355632449058,0.0120569011918492,-0.0448442906574394,-0.1301653210303729,0.0448442906574394,-0.0088581314878892,0.3460207612456747,0.0384467512495194,0.0629911572472126,-0.0088581314878892,0.0039369473279507,-0.0271280276816609,-0.0246059207996924,-0.0797231833910034,0.0061514801999231,0.0246059207996924,0.1663360246059207,0.1137408688965782,-0.0271280276816609,0.0669896193771626,-0.0199307958477508,0.2069357939254133,-0.0297731641676278,-0.0888273740868896,0.0271280276816609,0.0629911572472126,0.0325413302575932,0.0415840061514801,0.0157477893118031,-0.0015378700499807,-0.1358861976163014,-0.1998615916955017,-0.0088581314878892,-0.1190926566705113,-0.0177777777777777,,,,,0.0531553477048873,-0.0702702701091766,0.7643944621086121,0.2236707806587219,-0.3596170842647552,-0.3433221280574798,0.6573822498321533,-0.5883246660232544,-0.3673503398895263,0.4280898869037628,-0.5103980898857117,-0.4024655520915985,65.43988800048828,0.0770410150289535
EXPC-128,130.98020747397302,46.00910373827794,C_band130,10,M3C-128,否,落叶阔叶林,低,连续阔叶冠层，缘接水田,judge_C_02.csv,False,5,-0.0415840061514801,-0.0074432910419069,0.1929104190695886,-0.1663360246059207,-0.0074432910419069,-0.2141330257593233,-0.1929104190695886,0.4136255286428297,0.1034063821607074,0.0384467512495194,0.2441522491349481,-0.0711111111111111,-0.0222068435217224,-0.0325413302575932,-0.2288965782391388,-0.0120569011918492,0.0049826989619377,-0.0888273740868896,-0.1537870049980776,0.0039369473279507,0.1358861976163014,0.0061514801999231,0.0629911572472126,-0.0629911572472126,0.1137408688965782,0.1245674740484429,-0.0325413302575932,0.0384467512495194,0.3100961168781238,-0.0325413302575932,0.0138408304498269,0.0384467512495194,-0.0448442906574394,0.0888273740868896,0.0088581314878892,0.1663360246059207,0.0797231833910034,-0.0842137639369473,0.0629911572472126,-0.1034063821607074,-0.0297731641676278,-0.059115724721261,-0.0157477893118031,0.0842137639369473,-0.0157477893118031,0.1137408688965782,0.2214532871972318,-0.186082276047674,0.1358861976163014,-0.0271280276816609,0.0629911572472126,0.0797231833910034,-0.1085121107266436,0.0325413302575932,-0.0138408304498269,0.1358861976163014,0.1476970396001538,-0.0448442906574394,-0.0888273740868896,-0.1537870049980776,-0.2214532871972318,0.059115724721261,-0.1034063821607074,0.0297731641676278,,,,,0.1063829809427261,-0.1112369075417518,0.3974187672138214,0.3877153098583221,-0.4238079488277435,-0.4827121794223785,0.8582408428192139,-0.705329179763794,-0.48721444606781,0.5244674682617188,-0.582785427570343,-0.5762848854064941,250.54925537109372,0.0630452111363411
EXPC-129,130.00876932572618,45.9531386960773,C_band130,10,M3C-129,是,草本沼泽,低,密暗绿植被夹干沟，旁有塘,judge_C_02.csv,False,15,-0.0297731641676278,0.0384467512495194,0.2141330257593233,-0.1245674740484429,-0.0177777777777777,-0.0629911572472126,-0.1929104190695886,0.454963475586313,0.1137408688965782,-0.0246059207996924,0.3460207612456747,-0.0553633217993079,-0.0553633217993079,0.0384467512495194,-0.16,0.0984236831987697,0.0842137639369473,-0.0984236831987697,-0.2288965782391388,0.0039369473279507,0.0935640138408304,-0.0935640138408304,0.1137408688965782,-0.1034063821607074,0.1537870049980776,0.1537870049980776,-0.0246059207996924,0.0222068435217224,0.2364628988850442,0.0669896193771626,-0.0415840061514801,0.1245674740484429,0.0325413302575932,0.1034063821607074,0.0177777777777777,0.16,0.0482276047673971,-0.1034063821607074,-0.0384467512495194,-0.0246059207996924,-0.0935640138408304,-0.0711111111111111,0.0325413302575932,0.0415840061514801,-0.0325413302575932,0.0984236831987697,0.16,-0.1663360246059207,0.1476970396001538,-0.059115724721261,0.1245674740484429,0.01039600153787,-0.075355632449058,0.0517339484813533,0.0482276047673971,0.1190926566705113,0.1476970396001538,6.151480199923106e-05,0.0061514801999231,-0.059115724721261,-0.186082276047674,0.0138408304498269,-0.0711111111111111,-0.0157477893118031,,,,,0.0269814506173133,-0.0413594096899032,0.5731322169303894,0.3908561170101166,-0.5336710810661316,-0.5090412497520447,0.7180500626564026,-0.6646808385848999,-0.5272945165634155,0.3663481175899505,-0.5020694136619568,-0.4314794540405273,288.67730712890625,0.1618894636631012
EXPC-130,134.28088732241338,47.56857907150943,C_band130,10,M3C-130,否,裸地,低,田埂土路占框，非水田,judge_C_02.csv,False,22,-0.0138408304498269,0.0199307958477508,0.0415840061514801,-0.3368550557477893,0.0120569011918492,-0.0384467512495194,-0.2844444444444444,0.1793771626297577,0.0015378700499807,-0.0384467512495194,0.0061514801999231,-0.0517339484813533,-0.0888273740868896,0.0797231833910034,-0.2141330257593233,0.2069357939254133,0.0271280276816609,-0.0415840061514801,-0.0629911572472126,0.1085121107266436,-0.0015378700499807,0.0157477893118031,0.0984236831987697,-0.075355632449058,-0.1034063821607074,0.2069357939254133,0.1358861976163014,-0.0629911572472126,0.3742560553633218,-0.186082276047674,-0.0030142252979623,-0.1137408688965782,-0.1245674740484429,0.0074432910419069,-0.0482276047673971,0.292871972318339,0.1137408688965782,0.0935640138408304,0.1085121107266436,0.0222068435217224,-0.0061514801999231,0.0448442906574394,-0.1034063821607074,-0.0297731641676278,-0.0074432910419069,0.2141330257593233,0.1476970396001538,-0.000553633217993,0.0271280276816609,-0.0297731641676278,0.2069357939254133,-0.0842137639369473,-0.0482276047673971,-0.0199307958477508,0.0482276047673971,0.059115724721261,-0.0246059207996924,-0.0297731641676278,0.0157477893118031,-0.2214532871972318,-0.1929104190695886,-0.0177777777777777,-0.059115724721261,0.01039600153787,,,,,-0.008564231917262,-0.0123456791043281,0.774286687374115,0.1666145622730255,-0.3037554621696472,-0.3702006638050079,0.5922638177871704,-0.5364845991134644,-0.4134727120399475,0.5492371916770935,-0.5855216383934021,-0.5282713770866394,50.22841262817383,0.0533583536744117
EXPC-131,134.5268460472053,47.49213244083087,C_band130,10,M3C-131,是,草本沼泽,低,大片均匀绿被，边界自然,judge_C_02.csv,False,15,-0.0271280276816609,0.0325413302575932,0.0797231833910034,-0.3014225297962323,0.0157477893118031,-0.059115724721261,-0.2679584775086506,0.2441522491349481,-0.0022145328719723,0.0271280276816609,0.0415840061514801,-0.1190926566705113,-0.1301653210303729,0.0415840061514801,-0.2214532871972318,0.2214532871972318,0.0517339484813533,-0.0984236831987697,-0.075355632449058,0.0448442906574394,0.000553633217993,0.0138408304498269,0.075355632449058,-0.0448442906574394,-0.0297731641676278,0.1137408688965782,0.0888273740868896,-0.0888273740868896,0.3647212610534409,-0.1034063821607074,0.0088581314878892,-0.0297731641676278,-0.1476970396001538,0.0157477893118031,-0.0517339484813533,0.3553094963475586,0.1301653210303729,0.1034063821607074,0.0482276047673971,0.0061514801999231,0.0448442906574394,-0.0157477893118031,-0.1358861976163014,0.0415840061514801,0.0297731641676278,0.2069357939254133,0.1245674740484429,-0.0384467512495194,0.0842137639369473,-0.0935640138408304,0.2364628988850442,-0.1085121107266436,-0.0482276047673971,0.0199307958477508,-0.0297731641676278,-0.0222068435217224,-0.0246059207996924,-0.0157477893118031,0.0271280276816609,-0.1137408688965782,-0.2214532871972318,-0.0157477893118031,-0.0842137639369473,0.0157477893118031,,,,,0.0073261195793747,-0.0132897533476352,0.7599824070930481,0.1771689504384994,-0.3354053497314453,-0.4285078048706054,0.7803347110748291,-0.6244333386421204,-0.4982467293739319,0.2772946953773498,-0.3869557678699493,-0.5311580896377563,42.29262924194336,0.0533583536744117
EXPC-132,130.222658194875,43.15533574368705,C_band130,10,M3C-132,是,草本沼泽,低,绿褐斑驳草甸，湿迹弱,judge_C_02.csv,False,15,-0.0157477893118031,-0.0222068435217224,0.17279507881584,-0.1537870049980776,0.0271280276816609,-0.2288965782391388,-0.1034063821607074,0.3742560553633218,0.1358861976163014,0.1190926566705113,0.1476970396001538,-0.0711111111111111,-0.075355632449058,-0.01039600153787,-0.2761399461745483,0.1085121107266436,-0.0157477893118031,-0.01039600153787,-0.2214532871972318,-0.0797231833910034,0.16,0.1190926566705113,-0.0088581314878892,-0.0061514801999231,0.1190926566705113,0.0088581314878892,-0.1301653210303729,0.0482276047673971,0.1537870049980776,0.0222068435217224,-0.0553633217993079,0.0888273740868896,-0.0935640138408304,0.0384467512495194,0.1537870049980776,0.0415840061514801,0.0074432910419069,-0.1793771626297577,-0.000553633217993,-0.1929104190695886,0.0074432910419069,-0.0271280276816609,0.0448442906574394,0.0448442906574394,-0.0297731641676278,0.1034063821607074,0.2679584775086506,-0.2844444444444444,0.059115724721261,-0.1190926566705113,0.059115724721261,0.059115724721261,-0.0325413302575932,0.075355632449058,-0.059115724721261,0.1929104190695886,0.1190926566705113,-0.0222068435217224,-0.0482276047673971,-0.0246059207996924,-0.1929104190695886,0.0325413302575932,-0.1358861976163014,0.0074432910419069,-10.939542996147164,-19.085807237809185,-7.601717779675617,-14.323730163538425,0.0418091714382171,-0.0750504210591316,0.5170702934265137,0.3242320716381073,-0.4635012149810791,-0.5976705551147461,0.8272510766983032,-0.7148265838623047,-0.431463360786438,0.6250376105308533,-0.7341040372848511,-0.6458511352539062,547.9652099609375,0.1514522582292556
EXPC-133,130.29730819498536,47.01575584566229,C_band130,10,M3C-133,是,草本沼泽,低,渠旁绿被，旁有黑田块,judge_C_02.csv,False,15,-0.0415840061514801,0.0553633217993079,0.186082276047674,-0.2141330257593233,-0.0061514801999231,-0.059115724721261,-0.2364628988850442,0.3936947327950788,0.0517339484813533,-0.0629911572472126,0.1929104190695886,-0.1085121107266436,-0.0711111111111111,0.035432525951557,-0.17279507881584,0.1190926566705113,0.0199307958477508,-0.0325413302575932,-0.0888273740868896,0.0629911572472126,0.0482276047673971,-0.0246059207996924,0.17279507881584,-0.0842137639369473,0.0517339484813533,0.1929104190695886,0.0199307958477508,-0.075355632449058,0.3553094963475586,-0.0222068435217224,-0.0120569011918492,-0.0246059207996924,-0.17279507881584,0.0384467512495194,-0.0797231833910034,0.292871972318339,0.1190926566705113,0.0711111111111111,0.0074432910419069,0.0015378700499807,0.0030142252979623,-0.0199307958477508,-0.1190926566705113,-0.0074432910419069,-0.0482276047673971,0.1793771626297577,0.17279507881584,-0.0842137639369473,0.1085121107266436,-0.0384467512495194,0.186082276047674,-0.0088581314878892,-0.0711111111111111,-0.0157477893118031,-0.0199307958477508,0.0553633217993079,0.059115724721261,0.0157477893118031,-0.0222068435217224,-0.1085121107266436,-0.1929104190695886,-0.035432525951557,-0.1476970396001538,-0.0517339484813533,,,,,0.0938757434487342,-0.1273754686117172,0.6243637800216675,0.244767963886261,-0.3574795424938202,-0.4183043241500854,0.7707065939903259,-0.6578313112258911,-0.4774172008037567,0.5168602466583252,-0.6148397326469421,-0.4636348485946655,82.43112182617188,0.1631932705640792
EXPC-134,130.07111240644406,45.1218377321531,C_band130,10,M3C-134,是,草本沼泽,低,灰白底疏绿斑，草甸,judge_C_02.csv,False,15,-0.0448442906574394,0.0049826989619377,0.1358861976163014,-0.1663360246059207,-0.0157477893118031,-0.1358861976163014,-0.2141330257593233,0.3553094963475586,0.0888273740868896,0.0669896193771626,0.1537870049980776,-0.0120569011918492,-0.0517339484813533,0.0138408304498269,-0.2141330257593233,0.1137408688965782,0.0553633217993079,-0.1245674740484429,-0.17279507881584,0.059115724721261,0.0842137639369473,-0.0888273740868896,0.0888273740868896,-0.1034063821607074,0.0935640138408304,0.0669896193771626,-0.0935640138408304,-0.0669896193771626,0.3014225297962323,0.035432525951557,0.0138408304498269,0.0842137639369473,-0.0061514801999231,0.035432525951557,0.0271280276816609,0.3278123798539023,0.0888273740868896,-0.1034063821607074,0.0138408304498269,-0.0246059207996924,-0.0797231833910034,0.0271280276816609,-0.035432525951557,0.0415840061514801,-0.0049826989619377,0.1537870049980776,0.2441522491349481,-0.2288965782391388,0.01039600153787,-0.1245674740484429,0.186082276047674,0.0177777777777777,-0.0935640138408304,0.0797231833910034,0.0271280276816609,0.1034063821607074,0.1085121107266436,0.0246059207996924,-0.0246059207996924,-0.1417301038062283,-0.1793771626297577,0.0629911572472126,-0.0935640138408304,-0.1245674740484429,-14.412092254855262,-23.237115298387145,-12.193152752810898,-16.88418426258348,0.0535636991262435,-0.1084886118769645,0.6141850352287292,0.2287334650754928,-0.3612565398216247,-0.5720499753952026,0.7918407320976257,-0.6486150622367859,-0.4704378843307495,0.5188532471656799,-0.5458293557167053,-0.5289473533630371,531.1361083984375,0.1618894636631012
EXPC-135,130.03616794189182,47.15625235609858,C_band130,10,M3C-135,是,草本沼泽,低,大片均匀绿被，夹小沟,judge_C_02.csv,False,15,-0.0482276047673971,0.0384467512495194,0.1417301038062283,-0.2761399461745483,-0.0138408304498269,-0.0711111111111111,-0.2844444444444444,0.292871972318339,0.0448442906574394,0.0022145328719723,0.0711111111111111,-0.0842137639369473,-0.0629911572472126,0.0711111111111111,-0.2069357939254133,0.1929104190695886,0.0482276047673971,-0.0711111111111111,-0.1417301038062283,0.0222068435217224,0.0177777777777777,-0.0797231833910034,0.1034063821607074,-0.0415840061514801,-0.0039369473279507,0.1417301038062283,0.0415840061514801,-0.1537870049980776,0.3936947327950788,-0.0384467512495194,0.0088581314878892,0.0246059207996924,-0.075355632449058,-0.0022145328719723,-0.0415840061514801,0.3278123798539023,0.0984236831987697,0.0517339484813533,0.0517339484813533,0.0325413302575932,0.0842137639369473,0.0271280276816609,-0.1190926566705113,0.0297731641676278,0.0517339484813533,0.0842137639369473,0.17279507881584,-0.0711111111111111,0.0984236831987697,-0.1190926566705113,0.1998615916955017,-0.0384467512495194,-0.0448442906574394,0.0517339484813533,0.0177777777777777,0.059115724721261,0.0482276047673971,-0.0711111111111111,-0.0415840061514801,-0.1358861976163014,-0.2599000384467512,-0.0120569011918492,-0.0888273740868896,0.0061514801999231,,,,,0.0369594506919384,-0.0535117052495479,0.7263274788856506,0.3009482026100158,-0.3978056311607361,-0.4893673658370971,0.7149987816810608,-0.6307546496391296,-0.4771505296230316,0.5135694146156311,-0.6323344707489014,-0.5532599687576294,172.71945190429688,0.1631932705640792
EXPC-136,131.75239929220214,46.0357837022163,C_band130,10,M3C-136,是,草本沼泽,低,褐黄草甸邻湿条带,judge_C_02.csv,False,15,-0.0935640138408304,0.059115724721261,0.2214532871972318,-0.1998615916955017,-0.0222068435217224,-0.1537870049980776,-0.2844444444444444,0.4872587466359092,0.16,0.0415840061514801,0.1245674740484429,-0.1245674740484429,-0.035432525951557,0.0246059207996924,-0.2069357939254133,0.1301653210303729,0.1137408688965782,0.0384467512495194,-0.1929104190695886,-0.0629911572472126,0.059115724721261,0.1190926566705113,0.0061514801999231,-0.0297731641676278,0.0935640138408304,0.0935640138408304,0.0177777777777777,0.1190926566705113,0.2761399461745483,-0.0157477893118031,0.0120569011918492,-0.0157477893118031,-0.1085121107266436,0.1190926566705113,0.0199307958477508,0.186082276047674,0.0271280276816609,-0.0711111111111111,0.0049826989619377,-0.0177777777777777,0.01039600153787,0.0325413302575932,0.01039600153787,-0.0297731641676278,-0.0448442906574394,0.1537870049980776,0.1793771626297577,-0.0669896193771626,0.0448442906574394,-0.1085121107266436,0.1137408688965782,-0.0297731641676278,-0.0222068435217224,-0.0061514801999231,0.0246059207996924,0.1085121107266436,0.0888273740868896,0.0271280276816609,-0.0448442906574394,0.0049826989619377,-0.2141330257593233,-0.0482276047673971,-0.1476970396001538,0.0039369473279507,,,,,0.0470588244497776,-0.0787878781557083,0.5966386795043945,0.2973342537879944,-0.3986735343933105,-0.5060532689094543,0.8304742574691772,-0.7008907794952393,-0.5023400783538818,0.5255520343780518,-0.6477001905441284,-0.569525420665741,193.2538299560547,0.0911156833171844
EXPC-137,130.4817323228151,48.39008839883674,C_band130,10,M3C-137,是,盐渍湿地,低,灰白斑与湿绿混杂，疑盐斑,judge_C_02.csv,False,17,-0.0015378700499807,-0.0669896193771626,0.2069357939254133,-0.2599000384467512,-0.0482276047673971,-0.1663360246059207,-0.1929104190695886,0.3278123798539023,0.075355632449058,0.059115724721261,0.2364628988850442,-0.1034063821607074,-0.0039369473279507,-0.0222068435217224,-0.2141330257593233,0.1137408688965782,0.0297731641676278,-0.0888273740868896,-0.1137408688965782,-0.0669896193771626,0.0935640138408304,0.0384467512495194,-0.0030142252979623,-0.0711111111111111,0.0415840061514801,0.0482276047673971,-0.0448442906574394,0.1358861976163014,0.3100961168781238,-0.0517339484813533,0.0088581314878892,0.0297731641676278,-0.1476970396001538,0.0711111111111111,-0.0246059207996924,0.2141330257593233,0.0984236831987697,-0.0629911572472126,-0.0553633217993079,-0.0984236831987697,-0.0482276047673971,-0.0629911572472126,-0.0888273740868896,0.1245674740484429,0.0199307958477508,0.16,0.1537870049980776,-0.2679584775086506,0.0935640138408304,-0.1245674740484429,0.1034063821607074,-0.0015378700499807,-0.0629911572472126,0.0002460592079969,-0.0120569011918492,0.1793771626297577,0.1358861976163014,-0.000553633217993,-0.0246059207996924,-0.0629911572472126,-0.2519646289888504,0.0711111111111111,0.0030142252979623,-0.0049826989619377,,,,,0.0378503315150737,-0.0630364045500755,0.6907877326011658,0.1425408273935318,-0.2331590801477432,-0.149154782295227,0.819229781627655,-0.6924201846122742,-0.5153610110282898,0.548922061920166,-0.6397472023963928,-0.5805396437644958,304.277587890625,0.0640474185347557
EXPC-138,133.5159718579856,47.508571610530254,C_band130,10,M3C-138,是,草本沼泽,低,田间湿草斑块，边界蜿蜒,judge_C_02.csv,False,15,-0.0074432910419069,0.0517339484813533,0.1245674740484429,-0.292871972318339,-0.0138408304498269,-0.0271280276816609,-0.2599000384467512,0.2599000384467512,0.0177777777777777,-0.0157477893118031,0.0415840061514801,-0.0842137639369473,-0.0935640138408304,0.0842137639369473,-0.2214532871972318,0.2288965782391388,0.0629911572472126,-0.1034063821607074,-0.0553633217993079,0.0669896193771626,-0.01039600153787,0.035432525951557,0.075355632449058,-0.0669896193771626,-0.059115724721261,0.1417301038062283,0.0797231833910034,-0.0669896193771626,0.3647212610534409,-0.1301653210303729,-0.0074432910419069,-0.0888273740868896,-0.1417301038062283,0.0120569011918492,-0.0120569011918492,0.3553094963475586,0.0797231833910034,0.0669896193771626,-0.0553633217993079,0.0049826989619377,-0.0669896193771626,0.0517339484813533,-0.16,-0.0384467512495194,0.0061514801999231,0.1929104190695886,0.1301653210303729,-0.0325413302575932,0.075355632449058,-0.0482276047673971,0.2214532871972318,-0.0888273740868896,-0.1137408688965782,-0.0074432910419069,0.0246059207996924,-0.035432525951557,0.0246059207996924,-0.0177777777777777,0.0022145328719723,-0.1245674740484429,-0.2141330257593233,-0.0448442906574394,-0.1137408688965782,0.0325413302575932,,,,,0.0048068668693304,-0.0196864120662212,0.8008320927619934,0.1942757964134216,-0.3513248264789581,-0.3286784291267395,0.7107707262039185,-0.6045249104499817,-0.3856967091560364,0.381316989660263,-0.5298108458518982,-0.4026189148426056,55.099246978759766,0.0675886422395706
EXPC-139,130.44858448883107,47.87400626811007,C_band130,10,M3C-139,是,草本沼泽,中,褐绿沼泽夹白色水渍,judge_C_02.csv,False,15,-0.075355632449058,0.0157477893118031,0.2679584775086506,-0.1998615916955017,-0.0415840061514801,-0.1476970396001538,-0.2599000384467512,0.4237754709727028,0.1034063821607074,0.0297731641676278,0.16,-0.0711111111111111,0.0061514801999231,0.0061514801999231,-0.2141330257593233,0.0797231833910034,0.0448442906574394,0.0271280276816609,-0.186082276047674,-0.0157477893118031,0.1137408688965782,0.0711111111111111,0.0669896193771626,-0.0384467512495194,0.059115724721261,0.0553633217993079,-0.035432525951557,0.0669896193771626,0.2519646289888504,-0.0246059207996924,0.0074432910419069,0.0246059207996924,-0.1085121107266436,0.0842137639369473,-0.0797231833910034,0.1929104190695886,0.1137408688965782,-0.0842137639369473,0.0074432910419069,-0.059115724721261,0.0222068435217224,0.0120569011918492,-0.0553633217993079,0.0482276047673971,-0.0482276047673971,0.1663360246059207,0.2364628988850442,-0.2141330257593233,0.0482276047673971,-0.1137408688965782,0.1245674740484429,0.0482276047673971,-0.035432525951557,-0.0325413302575932,-0.0297731641676278,0.1476970396001538,0.1034063821607074,0.0297731641676278,-0.0797231833910034,-0.1034063821607074,-0.2214532871972318,-0.01039600153787,-0.1417301038062283,-0.0325413302575932,,,,,0.0886401161551475,-0.1458926945924759,0.5493648648262024,0.2810826003551483,-0.43185755610466,-0.5429078340530396,0.8258528113365173,-0.6921796798706055,-0.4974533021450043,0.5714734792709351,-0.6623463034629822,-0.5977830290794373,213.338623046875,0.1631932705640792
EXPC-140,130.21924459679536,48.4258413471447,C_band130,11,M3C-140,是,草本沼泽,低,浅绿草甸带辙痕，近湿绿,judge_C_02.csv,False,15,-0.0448442906574394,0.0049826989619377,0.1663360246059207,-0.3014225297962323,-0.0246059207996924,-0.0797231833910034,-0.2844444444444444,0.2441522491349481,0.0384467512495194,0.0138408304498269,0.1476970396001538,-0.0984236831987697,-0.0384467512495194,6.151480199923106e-05,-0.1929104190695886,0.186082276047674,0.1034063821607074,-0.0984236831987697,-0.16,0.0074432910419069,0.0448442906574394,-0.0297731641676278,0.059115724721261,-0.0842137639369473,-0.0199307958477508,0.1245674740484429,0.0482276047673971,-0.075355632449058,0.3647212610534409,-0.0297731641676278,-0.0325413302575932,0.0384467512495194,-0.1245674740484429,0.0448442906574394,-0.0711111111111111,0.2679584775086506,0.0984236831987697,0.075355632449058,0.0022145328719723,-0.0517339484813533,0.0629911572472126,-0.0022145328719723,-0.1190926566705113,0.1417301038062283,0.0384467512495194,0.17279507881584,0.16,-0.1537870049980776,0.075355632449058,-0.1358861976163014,0.1793771626297577,-0.0384467512495194,-0.0797231833910034,0.0669896193771626,0.0022145328719723,0.0669896193771626,0.035432525951557,-0.0629911572472126,0.0246059207996924,-0.1537870049980776,-0.2519646289888504,0.01039600153787,-0.0297731641676278,0.0039369473279507,,,,,0.0085748080164194,-0.0261732842773199,0.7739416360855103,0.2278225868940353,-0.3428886532783508,-0.3812613487243652,0.7217482328414917,-0.6287559270858765,-0.5186735391616821,0.3995172083377838,-0.532210111618042,-0.5386119484901428,177.2600860595703,0.0640474185347557
EXPC-141,131.00006024175207,44.61563706955175,C_band130,11,M3C-141,否,草本旱地,低,均匀绿田，平行条纹,judge_C_02.csv,False,0,-0.0888273740868896,0.0325413302575932,0.1301653210303729,-0.2141330257593233,0.0297731641676278,-0.16,-0.2441522491349481,0.2679584775086506,0.1476970396001538,0.035432525951557,0.0629911572472126,-0.075355632449058,-0.1301653210303729,0.0199307958477508,-0.2141330257593233,0.2141330257593233,0.0797231833910034,-0.0415840061514801,-0.2141330257593233,-0.0935640138408304,0.0448442906574394,-0.0482276047673971,0.0888273740868896,-0.1034063821607074,0.0138408304498269,0.1137408688965782,-0.0415840061514801,-0.1358861976163014,0.3553094963475586,0.0553633217993079,-0.0074432910419069,0.0842137639369473,-0.01039600153787,0.0669896193771626,0.0415840061514801,0.2599000384467512,0.1085121107266436,0.0711111111111111,0.0246059207996924,-0.0553633217993079,0.0842137639369473,0.0482276047673971,-0.0629911572472126,0.035432525951557,0.0669896193771626,0.0984236831987697,0.1663360246059207,-0.1085121107266436,0.0297731641676278,-0.186082276047674,0.2364628988850442,-0.0157477893118031,-0.0797231833910034,0.1137408688965782,0.0842137639369473,0.1034063821607074,0.075355632449058,-0.059115724721261,0.0629911572472126,-0.1085121107266436,-0.2214532871972318,0.075355632449058,0.0061514801999231,-0.0384467512495194,,,,,-0.0104814935475587,0.0079360734671354,0.8529027104377747,0.2835485637187958,-0.3896656632423401,-0.4874936044216156,0.738106906414032,-0.6223391890525818,-0.4835680723190307,0.5479592084884644,-0.5976830124855042,-0.5116650462150574,720.0447387695312,0.1953300386667251
EXPC-142,130.0098473040671,48.85173262334576,C_band130,11,M3C-142,是,湖河滩地,低,暗灰湿滩带，两侧湿绿,judge_C_02.csv,False,16,-0.0271280276816609,0.0325413302575932,0.2288965782391388,-0.2679584775086506,0.0222068435217224,-0.0246059207996924,-0.2441522491349481,0.2844444444444444,0.0120569011918492,-0.0448442906574394,0.1085121107266436,-0.0984236831987697,-0.0935640138408304,0.059115724721261,-0.2679584775086506,0.1663360246059207,0.0984236831987697,-0.0157477893118031,-0.1190926566705113,0.0842137639369473,0.0669896193771626,0.0157477893118031,0.1537870049980776,-0.1034063821607074,0.0088581314878892,0.0888273740868896,0.0022145328719723,-0.1034063821607074,0.3460207612456747,-0.0415840061514801,-0.0629911572472126,0.0297731641676278,-0.1417301038062283,0.1034063821607074,-0.1137408688965782,0.2599000384467512,0.1137408688965782,0.0297731641676278,-0.0297731641676278,0.0015378700499807,0.0246059207996924,0.059115724721261,-0.0984236831987697,0.0553633217993079,0.0061514801999231,0.17279507881584,0.16,-0.186082276047674,0.0553633217993079,-0.1085121107266436,0.1929104190695886,-0.0384467512495194,-0.0711111111111111,0.0120569011918492,-0.0049826989619377,0.1190926566705113,0.0384467512495194,0.0039369473279507,0.0157477893118031,-0.0797231833910034,-0.2519646289888504,-0.0553633217993079,-0.075355632449058,-0.0199307958477508,,,,,0.0130739165470004,-0.0303983520716428,0.7912198305130005,0.2359804362058639,-0.3839022219181061,-0.4389869570732116,0.745934247970581,-0.6387702822685242,-0.5233131647109985,0.5625709891319275,-0.5558570623397827,-0.4450409710407257,147.51443481445312,0.0640474185347557
EXPC-143,131.04290988080456,43.70205042560219,C_band130,11,M3C-143,是,湖河滩地,低,浅粉灰裸滩，条带状,judge_C_02.csv,False,16,-0.035432525951557,-0.0015378700499807,0.1998615916955017,-0.2844444444444444,0.0039369473279507,-0.1190926566705113,-0.2141330257593233,0.2519646289888504,0.0669896193771626,0.059115724721261,0.0888273740868896,-0.0935640138408304,-0.0297731641676278,0.0482276047673971,-0.3100961168781238,0.16,0.0669896193771626,-0.0984236831987697,-0.1663360246059207,-0.0669896193771626,0.0222068435217224,-0.0384467512495194,0.0711111111111111,-0.0222068435217224,-0.0157477893118031,-0.01039600153787,-0.0482276047673971,-0.0984236831987697,0.3188927335640138,-0.0022145328719723,-0.0088581314878892,0.0138408304498269,-0.0711111111111111,0.0157477893118031,-0.0517339484813533,0.3188927335640138,0.0842137639369473,0.0384467512495194,0.0022145328719723,-0.0669896193771626,0.0482276047673971,0.0177777777777777,-0.0888273740868896,0.0935640138408304,0.0246059207996924,0.1137408688965782,0.186082276047674,-0.2214532871972318,0.0842137639369473,-0.186082276047674,0.17279507881584,0.0711111111111111,-0.0629911572472126,0.1245674740484429,0.0088581314878892,0.0888273740868896,0.0448442906574394,-0.0711111111111111,0.0061514801999231,-0.0842137639369473,-0.2599000384467512,0.0246059207996924,-0.0935640138408304,-0.0222068435217224,,,,,0.006629270967096,-0.038947369903326,0.7513487339019775,0.220791608095169,-0.362064391374588,-0.4525114297866821,0.7263369560241699,-0.6173115372657776,-0.4429989755153656,0.4460852742195129,-0.5665559768676758,-0.5699310898780823,542.336181640625,0.2621392905712127
EXPC-144,130.00275061332258,47.32585428174034,C_band130,11,M3C-144,是,草本沼泽,中,深绿褐斑湿草甸无冠层,judge_C_03.csv,False,15,-0.0246059207996924,-0.0030142252979623,0.1417301038062283,-0.3014225297962323,-0.0517339484813533,-0.075355632449058,-0.292871972318339,0.292871972318339,0.0517339484813533,0.0384467512495194,0.16,-0.0984236831987697,-0.0157477893118031,-0.035432525951557,-0.186082276047674,0.1137408688965782,0.035432525951557,-0.0415840061514801,-0.1137408688965782,0.0138408304498269,0.0517339484813533,-0.01039600153787,0.075355632449058,-0.0246059207996924,6.151480199923106e-05,0.075355632449058,0.0120569011918492,-0.0711111111111111,0.3553094963475586,0.0009842368319876,-0.0088581314878892,0.0271280276816609,-0.1034063821607074,0.035432525951557,-0.0984236831987697,0.3100961168781238,0.0984236831987697,0.0199307958477508,0.0271280276816609,-0.075355632449058,0.0517339484813533,0.0022145328719723,-0.1417301038062283,0.1085121107266436,0.0415840061514801,0.186082276047674,0.2141330257593233,-0.186082276047674,0.1034063821607074,-0.1301653210303729,0.1793771626297577,-0.000553633217993,-0.0842137639369473,0.0061514801999231,-0.0074432910419069,0.0482276047673971,0.0711111111111111,-0.0120569011918492,-0.01039600153787,-0.17279507881584,-0.2288965782391388,0.059115724721261,-0.0384467512495194,-0.0797231833910034,,,,,0.0563000403344631,-0.0965333357453346,0.6241610646247864,0.2470467388629913,-0.3970080614089966,-0.490520179271698,0.7647058963775635,-0.6245236992835999,-0.4816703796386719,0.4241717159748077,-0.5990220308303833,-0.6045470237731934,214.80438232421875,0.1631932705640792
EXPC-145,130.36045975945896,48.626075823974936,C_band130,11,M3C-145,否,草地,中,均匀干爽草甸无湿斑,judge_C_03.csv,False,11,-0.0157477893118031,-0.0297731641676278,0.16,-0.2761399461745483,-0.0177777777777777,-0.0297731641676278,-0.292871972318339,0.2761399461745483,0.059115724721261,0.0297731641676278,0.0984236831987697,-0.1034063821607074,-0.035432525951557,0.0384467512495194,-0.2141330257593233,0.0984236831987697,0.0384467512495194,0.0039369473279507,-0.1190926566705113,0.0935640138408304,0.035432525951557,0.0297731641676278,0.0711111111111111,-0.0669896193771626,-0.0271280276816609,0.1417301038062283,0.0517339484813533,-0.0384467512495194,0.3742560553633218,-0.0669896193771626,-0.0009842368319876,-0.0222068435217224,-0.1663360246059207,0.0199307958477508,-0.1190926566705113,0.3188927335640138,0.1358861976163014,0.0009842368319876,0.0177777777777777,-0.0088581314878892,0.0061514801999231,-0.0297731641676278,-0.1537870049980776,0.0629911572472126,-0.0049826989619377,0.2069357939254133,0.1998615916955017,-0.1417301038062283,0.0384467512495194,-0.1245674740484429,0.1929104190695886,-0.0448442906574394,-0.0629911572472126,-0.0415840061514801,0.0325413302575932,0.0325413302575932,0.0222068435217224,0.0157477893118031,-0.059115724721261,-0.16,-0.2069357939254133,-0.0074432910419069,-0.0984236831987697,-0.059115724721261,,,,,0.0250976011157035,-0.0440215840935707,0.674626886844635,0.2566459774971008,-0.4022733569145202,-0.4966732859611511,0.7240556478500366,-0.6253904700279236,-0.5182387828826904,0.4633101224899292,-0.5423409938812256,-0.5670286417007446,121.31090545654295,0.0640474185347557
EXPC-146,130.09878051719494,47.80438683359081,C_band130,11,M3C-146,是,湖河滩地,低,平坦灰滩近河道面色均一,judge_C_03.csv,False,16,-0.0711111111111111,0.0120569011918492,0.2214532871972318,-0.2599000384467512,-0.0297731641676278,-0.1085121107266436,-0.2519646289888504,0.3460207612456747,0.0888273740868896,0.0088581314878892,0.2141330257593233,-0.1476970396001538,0.0138408304498269,0.0015378700499807,-0.186082276047674,0.1085121107266436,0.0629911572472126,-0.1034063821607074,-0.1417301038062283,-0.0088581314878892,0.0517339484813533,0.0039369473279507,0.0888273740868896,-0.0711111111111111,0.0120569011918492,0.0935640138408304,0.0015378700499807,0.0009842368319876,0.3368550557477893,-0.0138408304498269,-0.0088581314878892,0.035432525951557,-0.1358861976163014,0.0384467512495194,-0.0711111111111111,0.2679584775086506,0.0797231833910034,0.059115724721261,0.0022145328719723,-0.0711111111111111,0.0448442906574394,-0.0384467512495194,-0.0888273740868896,0.0797231833910034,0.0088581314878892,0.1929104190695886,0.1537870049980776,-0.1663360246059207,0.0888273740868896,-0.1137408688965782,0.1663360246059207,0.0384467512495194,-0.1085121107266436,0.0246059207996924,0.0074432910419069,0.0842137639369473,0.1190926566705113,0.0177777777777777,-0.035432525951557,-0.1245674740484429,-0.2364628988850442,0.0177777777777777,-0.0888273740868896,-0.035432525951557,,,,,0.0453790798783302,-0.0914869010448455,0.6057872176170349,0.2262546420097351,-0.3810872733592987,-0.4568485915660858,0.7782198190689087,-0.6481161713600159,-0.4910848140716553,0.4578495621681213,-0.609810471534729,-0.5208761096000671,196.1112060546875,0.1631932705640792
EXPC-147,130.11620783370685,47.92170680969682,C_band130,11,M3C-147,否,草地,低,均匀绿草覆被无湿迹,judge_C_03.csv,False,11,-0.035432525951557,0.0271280276816609,0.1793771626297577,-0.292871972318339,-0.0222068435217224,-0.075355632449058,-0.292871972318339,0.3100961168781238,0.0517339484813533,0.0384467512495194,0.1417301038062283,-0.075355632449058,-0.0088581314878892,-0.0384467512495194,-0.1929104190695886,0.1358861976163014,0.0517339484813533,-0.0517339484813533,-0.1034063821607074,0.0138408304498269,0.059115724721261,0.0138408304498269,0.1034063821607074,-0.0448442906574394,0.0049826989619377,0.0222068435217224,0.0022145328719723,-0.0553633217993079,0.3278123798539023,0.0157477893118031,-0.0049826989619377,0.0088581314878892,-0.1137408688965782,0.0246059207996924,-0.0984236831987697,0.2844444444444444,0.1190926566705113,0.0297731641676278,0.0177777777777777,-0.0384467512495194,0.0553633217993079,0.0325413302575932,-0.1358861976163014,0.0935640138408304,0.0384467512495194,0.1998615916955017,0.1998615916955017,-0.2214532871972318,0.0888273740868896,-0.1301653210303729,0.186082276047674,-0.0074432910419069,-0.0984236831987697,-0.01039600153787,-0.0138408304498269,0.0517339484813533,0.0669896193771626,-0.0015378700499807,-0.0415840061514801,-0.1537870049980776,-0.2441522491349481,0.0415840061514801,-0.059115724721261,-0.0797231833910034,,,,,0.0398630835115909,-0.0653905197978019,0.7046908140182495,0.2432432472705841,-0.4192837476730346,-0.5221038460731506,0.738177478313446,-0.6113074421882629,-0.4531614184379577,0.4966216087341308,-0.63368159532547,-0.5898141860961914,235.67173767089844,0.1631932705640792
EXPC-148,131.00006024175207,44.25783809188694,C_band130,11,M3C-148,否,草地,低,枯黄草皮夹杂零星灌木,judge_C_03.csv,False,11,-0.0482276047673971,0.0246059207996924,0.16,-0.292871972318339,-0.0138408304498269,-0.186082276047674,-0.2599000384467512,0.3278123798539023,0.0553633217993079,0.0448442906574394,0.1301653210303729,-0.1137408688965782,0.0074432910419069,0.0157477893118031,-0.1929104190695886,0.0935640138408304,-0.0199307958477508,-0.1085121107266436,-0.1358861976163014,-0.0199307958477508,0.0157477893118031,-0.0297731641676278,0.0669896193771626,-0.0384467512495194,-0.0138408304498269,0.0711111111111111,0.0030142252979623,-0.0517339484813533,0.3100961168781238,-0.0384467512495194,-0.0049826989619377,-0.0157477893118031,-0.0935640138408304,0.0222068435217224,-0.0842137639369473,0.2679584775086506,0.1137408688965782,0.0984236831987697,0.059115724721261,-0.059115724721261,0.0553633217993079,0.0246059207996924,-0.1034063821607074,0.0482276047673971,0.0157477893118031,0.17279507881584,0.1998615916955017,-0.16,0.1085121107266436,-0.1301653210303729,0.16,0.075355632449058,-0.075355632449058,0.1085121107266436,-0.000553633217993,0.1301653210303729,0.0384467512495194,-0.0517339484813533,-0.0448442906574394,-0.1929104190695886,-0.2761399461745483,0.0246059207996924,-0.075355632449058,-0.0138408304498269,,,,,0.0267591681331396,-0.0564242005348205,0.6786091923713684,0.2630667090415954,-0.4182879328727722,-0.5564894676208496,0.8126807808876038,-0.6696721315383911,-0.4603281021118164,0.4875549077987671,-0.6520324945449829,-0.6086320281028748,517.3324584960938,0.1953300386667251
EXPC-149,131.21790169815105,44.97199874276196,C_band130,11,M3C-149,否,裸地,低,平滑褐色裸面无植被纹,judge_C_03.csv,False,22,-0.075355632449058,0.0271280276816609,0.1137408688965782,-0.3014225297962323,0.0711111111111111,-0.1034063821607074,-0.2069357939254133,0.2844444444444444,0.0415840061514801,0.0415840061514801,0.0888273740868896,-0.1085121107266436,-0.1301653210303729,0.0325413302575932,-0.2679584775086506,0.1537870049980776,0.0935640138408304,-0.0842137639369473,-0.1663360246059207,0.0022145328719723,0.0120569011918492,-0.0553633217993079,0.0629911572472126,-0.0888273740868896,0.0517339484813533,0.0984236831987697,-0.0199307958477508,-0.0888273740868896,0.3553094963475586,-0.0797231833910034,-0.0157477893118031,0.059115724721261,-0.035432525951557,0.0984236831987697,0.0842137639369473,0.3188927335640138,0.0842137639369473,0.0553633217993079,0.0222068435217224,-0.0482276047673971,0.0297731641676278,-0.01039600153787,-0.0415840061514801,0.0797231833910034,0.0711111111111111,0.1245674740484429,0.186082276047674,-0.1245674740484429,0.0553633217993079,-0.0842137639369473,0.1537870049980776,0.0271280276816609,-0.0384467512495194,0.1663360246059207,0.059115724721261,0.1190926566705113,0.0222068435217224,-0.0669896193771626,0.0669896193771626,-0.1137408688965782,-0.2761399461745483,0.0138408304498269,-0.0222068435217224,-0.035432525951557,,,,,-0.0052199852652847,-0.0040140491910278,0.8388142585754395,0.3920256793498993,-0.4236453175544739,-0.4736315906047821,0.6525275707244873,-0.5549480319023132,-0.4857864677906036,0.5010108947753906,-0.5566116571426392,-0.5488550662994385,401.6649169921875,0.1953300386667251
EXPC-150,134.13239580594842,48.12553454766354,C_band130,11,M3C-150,是,盐渍湿地,低,绿底密布白斑疑返碱,judge_C_03.csv,False,17,-0.0177777777777777,0.0271280276816609,0.0448442906574394,-0.3014225297962323,0.075355632449058,-0.0177777777777777,-0.2441522491349481,0.2214532871972318,-0.0177777777777777,-0.0157477893118031,0.0325413302575932,-0.1190926566705113,-0.1476970396001538,0.0629911572472126,-0.2364628988850442,0.2519646289888504,0.0629911572472126,-0.0629911572472126,-0.0415840061514801,0.0888273740868896,-0.0015378700499807,0.0177777777777777,0.1190926566705113,-0.0629911572472126,-0.0030142252979623,0.1301653210303729,0.1245674740484429,-0.1137408688965782,0.3839138792772011,-0.0797231833910034,-0.0088581314878892,-0.0384467512495194,-0.1663360246059207,0.0120569011918492,-0.059115724721261,0.3188927335640138,0.1034063821607074,0.0984236831987697,0.0517339484813533,-0.0022145328719723,0.0797231833910034,0.0325413302575932,-0.1476970396001538,0.0157477893118031,0.0629911572472126,0.1929104190695886,0.1137408688965782,-0.0711111111111111,0.0711111111111111,-0.059115724721261,0.2069357939254133,-0.1137408688965782,-0.059115724721261,0.0061514801999231,-0.0039369473279507,-0.0009842368319876,-0.0629911572472126,-0.0482276047673971,0.075355632449058,-0.1190926566705113,-0.2069357939254133,0.0022145328719723,-0.1137408688965782,-0.0120569011918492,,,,,0.0273810923099517,-0.0549597032368183,0.6860540509223938,0.2386867851018905,-0.3973973989486694,-0.49058598279953,0.6866125464439392,-0.6094846129417419,-0.5559223890304565,0.4124268889427185,-0.5668462514877319,-0.5691670775413513,42.38870620727539,0.0481114648282527
EXPC-151,130.57452829166465,42.63646883557961,C_band130,11,M3C-151,否,草地,中,均匀橄榄绿草甸无湿斑,judge_C_03.csv,False,11,-0.0138408304498269,-0.0246059207996924,0.2599000384467512,-0.2599000384467512,0.0049826989619377,0.0415840061514801,-0.2214532871972318,0.3100961168781238,0.1476970396001538,0.0177777777777777,0.0415840061514801,-0.1245674740484429,-0.0022145328719723,0.0074432910419069,-0.0711111111111111,0.0325413302575932,-0.0553633217993079,0.17279507881584,-0.059115724721261,0.0088581314878892,-0.0384467512495194,0.1137408688965782,0.0711111111111111,0.0553633217993079,0.0199307958477508,0.0984236831987697,0.0246059207996924,-0.2679584775086506,0.2069357939254133,-0.0177777777777777,0.0629911572472126,0.1245674740484429,-0.0842137639369473,0.0325413302575932,-0.2214532871972318,0.1998615916955017,-0.0325413302575932,0.16,0.17279507881584,-0.075355632449058,0.16,-0.035432525951557,0.0199307958477508,0.0088581314878892,0.0482276047673971,0.0157477893118031,0.17279507881584,-0.0157477893118031,0.1301653210303729,-0.1929104190695886,0.2069357939254133,0.0711111111111111,-0.0711111111111111,0.0842137639369473,-0.1137408688965782,-0.0517339484813533,-0.000553633217993,-0.0553633217993079,-0.0711111111111111,0.0384467512495194,-0.2141330257593233,0.0482276047673971,-0.2288965782391388,-0.0157477893118031,-19.571583578185862,-31.26494099768586,-12.149831388039466,-19.422120452930745,0.2256014496088028,-0.3520280420780182,-0.470323383808136,0.2642459571361542,-0.392700731754303,-0.5213439464569092,0.6288032531738281,-0.5714285969734192,-0.5114333629608154,0.447163850069046,-0.5632970333099365,-0.6659528613090515,21.139923095703125,0.3186671435832977
EXPC-152,130.4352894226261,47.94641048001011,C_band130,11,M3C-152,否,草地,中,黄褐草甸带弧形机耕痕,judge_C_03.csv,False,11,-0.0271280276816609,0.0157477893118031,0.1929104190695886,-0.3014225297962323,-0.0415840061514801,-0.0669896193771626,-0.2599000384467512,0.2761399461745483,0.0199307958477508,0.0415840061514801,0.1034063821607074,-0.0888273740868896,-0.0222068435217224,-0.0039369473279507,-0.2069357939254133,0.1476970396001538,0.075355632449058,-0.075355632449058,-0.1034063821607074,0.0271280276816609,0.0415840061514801,-0.0120569011918492,0.0842137639369473,-0.0415840061514801,0.0039369473279507,0.0517339484813533,-0.0015378700499807,-0.1085121107266436,0.3188927335640138,-0.0074432910419069,-0.0222068435217224,-0.0061514801999231,-0.1190926566705113,0.0246059207996924,-0.1085121107266436,0.3100961168781238,0.1190926566705113,0.0246059207996924,0.0177777777777777,-0.0138408304498269,0.0629911572472126,0.0482276047673971,-0.1793771626297577,0.0888273740868896,0.0177777777777777,0.1793771626297577,0.2214532871972318,-0.186082276047674,0.1245674740484429,-0.1537870049980776,0.1998615916955017,-0.0074432910419069,-0.0517339484813533,0.0157477893118031,-0.0157477893118031,0.0030142252979623,0.035432525951557,-0.0384467512495194,-0.0448442906574394,-0.1358861976163014,-0.2599000384467512,-0.0325413302575932,-0.1034063821607074,-0.059115724721261,,,,,0.0271420963108539,-0.0704381614923477,0.7073729634284973,0.2308340370655059,-0.4027844369411468,-0.4568871557712555,0.6110482215881348,-0.5701677203178406,-0.4762032926082611,0.4153061211109161,-0.5681175589561462,-0.545913815498352,216.04415893554688,0.1631932705640792
EXPC-153,130.1509726352023,47.3999652926802,C_band130,11,M3C-153,是,草本沼泽,低,灰绿与褐斑驳疑湿草甸,judge_C_03.csv,False,15,-0.0199307958477508,0.0177777777777777,0.16,-0.3278123798539023,-0.0553633217993079,-0.0935640138408304,-0.2519646289888504,0.2679584775086506,0.0061514801999231,0.0246059207996924,0.1358861976163014,-0.1085121107266436,-0.0088581314878892,-0.0415840061514801,-0.1793771626297577,0.1190926566705113,0.0177777777777777,-0.0888273740868896,-0.1301653210303729,0.0271280276816609,0.0246059207996924,-0.0138408304498269,0.0629911572472126,-0.0517339484813533,-0.0138408304498269,0.0842137639369473,-0.0039369473279507,-0.1137408688965782,0.3368550557477893,-0.0088581314878892,-0.0120569011918492,0.0022145328719723,-0.1301653210303729,0.035432525951557,-0.1034063821607074,0.3278123798539023,0.1245674740484429,0.075355632449058,0.0222068435217224,-0.0482276047673971,0.0711111111111111,0.0384467512495194,-0.1663360246059207,0.1034063821607074,0.0482276047673971,0.1929104190695886,0.1929104190695886,-0.1417301038062283,0.1301653210303729,-0.1245674740484429,0.1929104190695886,-0.0009842368319876,-0.0711111111111111,0.0138408304498269,-0.0384467512495194,0.0157477893118031,0.0448442906574394,-0.0177777777777777,-0.0482276047673971,-0.1358861976163014,-0.2519646289888504,0.0061514801999231,-0.0888273740868896,-0.0553633217993079,,,,,0.030148223042488,-0.0752938538789749,0.6649087071418762,0.2284908294677734,-0.3818085789680481,-0.4460372030735016,0.7703348994255066,-0.657841145992279,-0.4762275815010071,0.4114902317523956,-0.5620461702346802,-0.5547170042991638,179.6481170654297,0.1631932705640792
EXPC-154,130.5230548258846,48.56427173242752,C_band130,11,M3C-154,是,木本沼泽,低,暗绿灌斑点覆湿草底,judge_C_03.csv,False,14,-0.0297731641676278,0.0711111111111111,0.2288965782391388,-0.2288965782391388,0.0157477893118031,-0.1245674740484429,-0.2599000384467512,0.3460207612456747,0.0888273740868896,-0.0030142252979623,0.16,-0.0797231833910034,-0.0711111111111111,0.0074432910419069,-0.2679584775086506,0.1929104190695886,0.0629911572472126,-0.0669896193771626,-0.1137408688965782,-0.01039600153787,0.1137408688965782,0.0271280276816609,0.1085121107266436,-0.075355632449058,0.0415840061514801,0.1034063821607074,-0.0088581314878892,0.0022145328719723,0.3368550557477893,-0.035432525951557,-0.01039600153787,0.0120569011918492,-0.1358861976163014,0.075355632449058,-0.0669896193771626,0.2288965782391388,0.0842137639369473,0.0120569011918492,-0.0030142252979623,-0.035432525951557,0.0517339484813533,0.0222068435217224,-0.0935640138408304,0.059115724721261,0.0049826989619377,0.1476970396001538,0.1663360246059207,-0.1929104190695886,0.0888273740868896,-0.0935640138408304,0.17279507881584,-0.0039369473279507,-0.0797231833910034,-0.0009842368319876,-0.0415840061514801,0.1190926566705113,0.0482276047673971,-0.035432525951557,-0.0325413302575932,-0.1190926566705113,-0.2519646289888504,0.0271280276816609,-0.0935640138408304,-0.0049826989619377,,,,,0.0216072015464305,-0.044702835381031,0.7565991878509521,0.3135532736778259,-0.4737683236598968,-0.4872859418392181,0.835257887840271,-0.7018151879310608,-0.5092312693595886,0.5029305219650269,-0.6520904898643494,-0.5493608117103577,183.1529998779297,0.0640474185347557
EXPC-155,130.57830121585795,47.752733704753936,C_band130,11,M3C-155,否,草地,中,枯黄草甸干爽无湿斑,judge_C_03.csv,False,11,-0.035432525951557,0.0415840061514801,0.1663360246059207,-0.2844444444444444,-0.0138408304498269,-0.075355632449058,-0.2519646289888504,0.292871972318339,0.0415840061514801,0.0384467512495194,0.1476970396001538,-0.0842137639369473,-0.0297731641676278,0.0088581314878892,-0.1929104190695886,0.1301653210303729,0.0629911572472126,-0.0711111111111111,-0.1245674740484429,0.0271280276816609,0.0517339484813533,-0.0157477893118031,0.0842137639369473,-0.0629911572472126,0.0049826989619377,0.0842137639369473,0.0222068435217224,-0.1085121107266436,0.3553094963475586,-0.0061514801999231,-0.0415840061514801,0.0157477893118031,-0.1301653210303729,0.059115724721261,-0.1417301038062283,0.3014225297962323,0.0888273740868896,0.0448442906574394,0.0222068435217224,-0.035432525951557,0.0669896193771626,0.0246059207996924,-0.1476970396001538,0.075355632449058,0.035432525951557,0.1663360246059207,0.2141330257593233,-0.1663360246059207,0.1190926566705113,-0.1085121107266436,0.1998615916955017,-0.0009842368319876,-0.0797231833910034,0.0177777777777777,-0.0325413302575932,0.0711111111111111,0.0177777777777777,-0.0138408304498269,0.0061514801999231,-0.1537870049980776,-0.2761399461745483,0.0039369473279507,-0.0629911572472126,-0.0448442906574394,,,,,0.0428232140839099,-0.0794345885515213,0.6927531957626343,0.2416391968727111,-0.4295010864734649,-0.5337912440299988,0.6774193644523621,-0.5220620632171631,-0.4089681208133697,0.3931445479393005,-0.5587794184684753,-0.6004831790924072,215.2878875732422,0.1631932705640792
EXPC-156,130.3474341878392,47.8794859913432,C_band130,11,M3C-156,是,草本沼泽,中,暗绿团块间湿斑斑驳,judge_C_03.csv,False,15,-0.01039600153787,0.01039600153787,0.2141330257593233,-0.2844444444444444,-0.01039600153787,-0.1085121107266436,-0.2761399461745483,0.3188927335640138,0.0222068435217224,0.0177777777777777,0.1476970396001538,-0.0797231833910034,-0.0448442906574394,-0.0177777777777777,-0.1929104190695886,0.1476970396001538,0.0711111111111111,-0.0482276047673971,-0.1417301038062283,0.0022145328719723,0.0629911572472126,0.0022145328719723,0.0935640138408304,-0.0629911572472126,0.0049826989619377,0.0797231833910034,-0.0074432910419069,-0.0797231833910034,0.292871972318339,-0.0297731641676278,-0.0482276047673971,0.0271280276816609,-0.1358861976163014,0.0711111111111111,-0.0842137639369473,0.2599000384467512,0.1137408688965782,0.0629911572472126,-0.0157477893118031,-0.059115724721261,0.059115724721261,0.035432525951557,-0.1476970396001538,0.1245674740484429,0.0325413302575932,0.186082276047674,0.1929104190695886,-0.1998615916955017,0.0935640138408304,-0.1301653210303729,0.186082276047674,0.0246059207996924,-0.0711111111111111,0.0415840061514801,-0.0448442906574394,0.0842137639369473,0.0415840061514801,-0.0157477893118031,-0.0120569011918492,-0.1301653210303729,-0.2679584775086506,0.0246059207996924,-0.0669896193771626,-0.0482276047673971,,,,,0.0358780696988105,-0.0568322539329528,0.7176868319511414,0.2758945524692535,-0.4195913970470428,-0.5236457586288452,0.7993366718292236,-0.6936585307121277,-0.5167744159698486,0.5502344965934753,-0.6800428032875061,-0.5904109477996826,241.8341217041016,0.1631932705640792
EXPC-157,130.1412708301338,47.79576300686326,C_band130,11,M3C-157,否,草地,中,浅橄榄草甸旁防护林带,judge_C_03.csv,False,11,-0.0669896193771626,0.0271280276816609,0.2214532871972318,-0.3100961168781238,-0.0325413302575932,-0.1034063821607074,-0.292871972318339,0.3100961168781238,0.0517339484813533,-0.0061514801999231,0.1301653210303729,-0.1034063821607074,0.0049826989619377,-0.0049826989619377,-0.186082276047674,0.0842137639369473,0.0415840061514801,-0.0553633217993079,-0.1190926566705113,0.0039369473279507,0.0517339484813533,0.0222068435217224,0.0984236831987697,-0.0553633217993079,-0.0297731641676278,0.0629911572472126,-0.0177777777777777,-0.0711111111111111,0.3188927335640138,-0.0297731641676278,-0.0049826989619377,0.0246059207996924,-0.1358861976163014,0.0553633217993079,-0.1034063821607074,0.2599000384467512,0.1085121107266436,0.1034063821607074,0.0325413302575932,-0.0271280276816609,0.075355632449058,0.0325413302575932,-0.1137408688965782,0.0984236831987697,0.01039600153787,0.2069357939254133,0.186082276047674,-0.1663360246059207,0.0842137639369473,-0.1137408688965782,0.1929104190695886,0.0222068435217224,-0.0842137639369473,0.0199307958477508,-0.0271280276816609,0.0669896193771626,0.0629911572472126,-0.0088581314878892,-0.059115724721261,-0.1537870049980776,-0.2519646289888504,-0.0039369473279507,-0.075355632449058,-0.0553633217993079,,,,,0.0513051301240921,-0.0750330165028572,0.6569175720214844,0.2578732371330261,-0.4184249639511108,-0.5342139601707458,0.765285313129425,-0.6280048489570618,-0.4885775148868561,0.488953948020935,-0.6195715069770813,-0.5815286636352539,186.30450439453125,0.1631932705640792
EXPC-158,130.353273237186,47.83600753159182,C_band130,11,M3C-158,否,草地,中,橄榄褐均一草甸无湿迹,judge_C_03.csv,False,11,-0.0177777777777777,0.0553633217993079,0.1663360246059207,-0.3014225297962323,0.0061514801999231,-0.1245674740484429,-0.2679584775086506,0.2761399461745483,0.0088581314878892,-0.0061514801999231,0.1034063821607074,-0.0935640138408304,-0.0797231833910034,-0.0246059207996924,-0.1929104190695886,0.1929104190695886,0.0797231833910034,-0.0888273740868896,-0.0984236831987697,0.0022145328719723,0.0448442906574394,-0.0074432910419069,0.0984236831987697,-0.059115724721261,-0.0138408304498269,0.0517339484813533,0.0199307958477508,-0.0711111111111111,0.3368550557477893,-0.0222068435217224,-0.0384467512495194,0.0138408304498269,-0.1476970396001538,0.0629911572472126,-0.0669896193771626,0.2761399461745483,0.1137408688965782,0.0984236831987697,0.0061514801999231,-0.0222068435217224,0.0842137639369473,0.0629911572472126,-0.1663360246059207,0.1190926566705113,0.1034063821607074,0.1998615916955017,0.16,-0.1663360246059207,0.1034063821607074,-0.0935640138408304,0.1929104190695886,-0.035432525951557,-0.0842137639369473,0.0325413302575932,-0.0482276047673971,0.0482276047673971,0.0074432910419069,-0.0517339484813533,0.0074432910419069,-0.1358861976163014,-0.2761399461745483,0.0088581314878892,-0.0297731641676278,-0.0199307958477508,,,,,0.0127388536930084,-0.0259211342781782,0.7828641533851624,0.261355459690094,-0.4375205039978027,-0.5457956194877625,0.7429824471473694,-0.65617835521698,-0.5039085745811462,0.458952248096466,-0.6127445101737976,-0.6147757768630981,246.6954345703125,0.1631932705640792
EXPC-159,130.97508707685353,44.37264278519741,C_band130,11,M3C-159,是,湖河滩地,低,平坦裸滩近水渠存车辙,judge_C_03.csv,False,16,-0.0629911572472126,0.0517339484813533,0.16,-0.3014225297962323,0.0553633217993079,-0.0984236831987697,-0.2761399461745483,0.292871972318339,0.0842137639369473,0.0222068435217224,0.0888273740868896,-0.1034063821607074,-0.0797231833910034,0.0384467512495194,-0.2844444444444444,0.1537870049980776,0.1190926566705113,-0.0482276047673971,-0.16,-0.075355632449058,0.0157477893118031,-0.0088581314878892,0.1085121107266436,-0.0669896193771626,-0.0030142252979623,0.0517339484813533,-0.035432525951557,-0.0797231833910034,0.3368550557477893,-0.0157477893118031,0.0138408304498269,-0.0049826989619377,-0.000553633217993,0.0629911572472126,0.0138408304498269,0.3014225297962323,0.0297731641676278,0.0888273740868896,0.0297731641676278,-0.0222068435217224,0.059115724721261,0.0138408304498269,-0.0061514801999231,0.0842137639369473,0.0246059207996924,0.1663360246059207,0.1476970396001538,-0.1085121107266436,0.0711111111111111,-0.1929104190695886,0.2141330257593233,0.0325413302575932,-0.0384467512495194,0.1190926566705113,0.0384467512495194,0.0888273740868896,0.0482276047673971,-0.0297731641676278,0.0271280276816609,-0.1034063821607074,-0.2364628988850442,0.0009842368319876,-0.0629911572472126,-0.0711111111111111,,,,,0.0101269437000155,-0.018992805853486,0.7782994508743286,0.2308584749698639,-0.3541799485683441,-0.4575181007385254,0.595061719417572,-0.5269861817359924,-0.4170577824115753,0.2694672048091888,-0.4265975952148437,-0.4092526733875274,435.1219177246094,0.130340114235878
EXPC-160,133.9263222797714,48.04612347654737,C_band130,14,M3C-160,是,草本沼泽,中,蜿蜒水道旁斑驳湿草甸,judge_C_03.csv,False,15,-0.1085121107266436,-0.0325413302575932,0.0553633217993079,-0.2519646289888504,-0.0120569011918492,-0.1417301038062283,-0.2141330257593233,0.3014225297962323,0.0888273740868896,-0.0629911572472126,0.1998615916955017,-0.1190926566705113,-0.0482276047673971,0.0222068435217224,-0.2441522491349481,0.186082276047674,0.0984236831987697,-0.16,-0.1929104190695886,-0.0177777777777777,0.0517339484813533,-0.0553633217993079,-0.0325413302575932,-0.0935640138408304,0.0415840061514801,0.1929104190695886,0.1537870049980776,0.0157477893118031,0.3647212610534409,-0.0246059207996924,-0.01039600153787,-0.0448442906574394,-0.0669896193771626,0.0553633217993079,-0.0325413302575932,0.2761399461745483,0.0842137639369473,0.0177777777777777,0.0553633217993079,-0.0325413302575932,-0.0297731641676278,-0.0888273740868896,-0.0325413302575932,0.0482276047673971,0.0482276047673971,0.16,0.1663360246059207,0.0030142252979623,0.0711111111111111,-0.1137408688965782,0.1034063821607074,-0.0384467512495194,-0.0669896193771626,0.035432525951557,0.1190926566705113,0.1417301038062283,0.1085121107266436,-0.0711111111111111,0.0935640138408304,-0.1137408688965782,-0.1929104190695886,0.0246059207996924,-0.0088581314878892,0.0415840061514801,,,,,-0.0736925527453422,0.1284791231155395,0.784984290599823,0.453389823436737,-0.4554455578327179,-0.4544810354709625,0.7742663621902466,-0.6611483097076416,-0.550467312335968,0.393594741821289,-0.4531835317611694,-0.331935167312622,46.35491180419922,0.0856463089585304
EXPC-161,134.66833070445412,47.62077118951678,C_band130,14,M3C-161,是,湖河滩地,低,浅灰滩面配零星灌丛,judge_C_03.csv,False,16,-0.01039600153787,-0.0711111111111111,0.1245674740484429,-0.2214532871972318,-0.0199307958477508,-0.1245674740484429,-0.2599000384467512,0.2599000384467512,0.0030142252979623,0.0325413302575932,0.1358861976163014,-0.075355632449058,-0.0711111111111111,-0.0271280276816609,-0.2364628988850442,0.1034063821607074,0.0297731641676278,-0.1190926566705113,-0.17279507881584,0.1190926566705113,0.0842137639369473,-0.0553633217993079,0.0448442906574394,-0.0482276047673971,0.0246059207996924,0.1537870049980776,0.0271280276816609,-0.035432525951557,0.4035986159169549,-0.0415840061514801,-0.0246059207996924,0.0138408304498269,-0.0797231833910034,-0.0002460592079969,-0.1034063821607074,0.3278123798539023,0.1793771626297577,-0.0629911572472126,0.0553633217993079,-0.0271280276816609,-0.0888273740868896,-0.075355632449058,-0.16,0.0629911572472126,0.0199307958477508,0.2214532871972318,0.1793771626297577,-0.1301653210303729,0.0553633217993079,-0.0553633217993079,0.1663360246059207,-0.0448442906574394,-0.0415840061514801,-0.01039600153787,0.0074432910419069,0.0384467512495194,0.1137408688965782,0.0138408304498269,0.01039600153787,-0.0935640138408304,-0.2141330257593233,0.000553633217993,-0.1085121107266436,-0.0157477893118031,,,,,0.0424580499529838,-0.0640336200594902,0.660147488117218,0.2952488660812378,-0.3980464041233063,-0.3800691664218902,0.8581128716468811,-0.6879719495773315,-0.4496342241764068,0.468542605638504,-0.5189456343650818,-0.4552238881587982,41.2308464050293,0.0533583536744117
EXPC-162,130.493051095395,48.23135608813282,C_band130,14,M3C-162,是,草本沼泽,低,深色泥炭湿土连片大斑,judge_C_03.csv,False,15,-0.0935640138408304,-0.0984236831987697,0.1190926566705113,-0.2519646289888504,-0.059115724721261,-0.1793771626297577,-0.2069357939254133,0.292871972318339,0.1137408688965782,0.1358861976163014,0.1417301038062283,-0.0629911572472126,0.075355632449058,-0.0222068435217224,-0.17279507881584,0.16,0.1137408688965782,-0.2141330257593233,-0.1663360246059207,-0.059115724721261,0.0088581314878892,-0.0022145328719723,-0.0384467512495194,-0.0199307958477508,-0.0325413302575932,-0.0517339484813533,-0.0271280276816609,0.0984236831987697,0.3553094963475586,-0.1137408688965782,0.01039600153787,0.0384467512495194,-0.0297731641676278,-0.0415840061514801,-0.0325413302575932,0.2364628988850442,0.0384467512495194,-0.0138408304498269,0.0030142252979623,0.0415840061514801,-0.0842137639369473,-0.0415840061514801,-0.0517339484813533,0.0888273740868896,-0.01039600153787,0.2679584775086506,0.1034063821607074,-0.1417301038062283,-0.0297731641676278,-0.1137408688965782,0.0935640138408304,0.000553633217993,-0.1417301038062283,0.059115724721261,0.0482276047673971,0.1301653210303729,0.1085121107266436,-0.0222068435217224,-0.0138408304498269,-0.16,-0.2679584775086506,-0.0246059207996924,0.059115724721261,0.0711111111111111,,,,,0.0125366384163498,-0.022284023463726,0.7750016450881958,-0.2265758067369461,0.2466814219951629,0.7527216076850891,0.3867735564708709,-0.3036925494670868,-0.2316008359193802,0.5852639675140381,-0.5205828547477722,-0.2962566912174225,151.37088012695312,0.0640474185347557
EXPC-163,132.03941102547833,46.4514341841784,C_band130,14,M3C-163,否,水体,中,暗色平滑水面紧邻林缘,judge_C_03.csv,False,23,-0.1245674740484429,-0.0297731641676278,0.0415840061514801,-0.2288965782391388,-0.0669896193771626,-0.1663360246059207,-0.292871972318339,0.3368550557477893,0.1034063821607074,-0.0482276047673971,0.1998615916955017,-0.0553633217993079,0.0669896193771626,0.0415840061514801,-0.1476970396001538,0.1358861976163014,0.0629911572472126,-0.1034063821607074,-0.1929104190695886,-0.0199307958477508,-0.0222068435217224,-0.0517339484813533,-0.0222068435217224,-0.0246059207996924,-0.0415840061514801,0.1537870049980776,0.1537870049980776,0.0415840061514801,0.2844444444444444,-0.1417301038062283,-0.0271280276816609,-0.1301653210303729,-0.0325413302575932,0.0888273740868896,0.0157477893118031,0.2519646289888504,-0.0138408304498269,0.059115724721261,0.0984236831987697,-0.0271280276816609,-0.0888273740868896,-0.0120569011918492,0.0482276047673971,-0.059115724721261,-0.0797231833910034,0.2288965782391388,0.1929104190695886,0.0669896193771626,0.0157477893118031,-0.0629911572472126,0.1034063821607074,-0.0325413302575932,-0.0842137639369473,0.0517339484813533,0.1417301038062283,0.1245674740484429,0.1245674740484429,0.0074432910419069,0.0061514801999231,-0.186082276047674,-0.2141330257593233,-0.0199307958477508,0.0138408304498269,0.059115724721261,,,,,-0.0219584573060274,0.0719414353370666,0.8351410031318665,0.3022636473178863,-0.2919418811798095,-0.4167573451995849,0.7733489871025085,-0.6665442585945129,-0.4958356320858001,0.298674464225769,-0.3903428018093109,-0.1548288166522979,90.46392822265624,0.0648872405290603
EXPC-164,133.16661704399152,46.85477774674806,C_band130,14,M3C-164,是,木本沼泽,低,河湾树丛与水湿土混杂,judge_C_03.csv,False,14,-0.0271280276816609,-0.0246059207996924,0.17279507881584,-0.2364628988850442,-0.059115724721261,-0.1417301038062283,-0.2441522491349481,0.292871972318339,0.0553633217993079,0.0246059207996924,0.2364628988850442,-0.1245674740484429,0.0030142252979623,0.0138408304498269,-0.2069357939254133,0.1034063821607074,0.0297731641676278,-0.1537870049980776,-0.1476970396001538,0.0049826989619377,0.0797231833910034,-0.0199307958477508,0.0177777777777777,-0.0669896193771626,0.035432525951557,0.17279507881584,0.0325413302575932,0.0842137639369473,0.4035986159169549,-0.0199307958477508,0.0157477893118031,0.0088581314878892,-0.1190926566705113,0.0384467512495194,-0.075355632449058,0.2599000384467512,0.1190926566705113,-0.0271280276816609,0.0384467512495194,-0.0517339484813533,-0.0711111111111111,-0.1085121107266436,-0.0629911572472126,0.0669896193771626,-0.0271280276816609,0.16,0.186082276047674,-0.1245674740484429,0.0711111111111111,-0.0669896193771626,0.1301653210303729,-0.0482276047673971,-0.0935640138408304,-0.0120569011918492,0.0177777777777777,0.0842137639369473,0.1245674740484429,-0.0325413302575932,-0.0039369473279507,-0.1417301038062283,-0.2364628988850442,0.0199307958477508,-0.0448442906574394,0.0553633217993079,,,,,0.0069651743397116,0.0004938271595165,0.6879816651344299,0.2818003892898559,-0.2749391794204712,-0.2141350209712982,0.7855178713798523,-0.6406513452529907,-0.4877951145172119,0.5055438876152039,-0.594414472579956,-0.6615465879440308,61.52605056762695,0.0100717162713408
EXPC-165,133.9585717984713,47.726772393042886,C_band130,14,M3C-165,是,草本沼泽,低,深绿致密湿草灌无冠层,judge_C_03.csv,False,15,-0.035432525951557,-0.0842137639369473,0.1537870049980776,-0.1034063821607074,-0.0669896193771626,-0.1537870049980776,-0.2069357939254133,0.3742560553633218,0.1301653210303729,0.0415840061514801,0.3100961168781238,-0.0553633217993079,0.0517339484813533,-0.0246059207996924,-0.1929104190695886,-0.0325413302575932,-0.0517339484813533,-0.0553633217993079,-0.1476970396001538,-0.01039600153787,0.1301653210303729,-0.0177777777777777,0.0222068435217224,-0.0482276047673971,0.1476970396001538,0.1663360246059207,-0.0246059207996924,0.16,0.2761399461745483,0.0246059207996924,0.0415840061514801,0.0669896193771626,-0.075355632449058,0.0553633217993079,-0.0984236831987697,0.1034063821607074,0.0482276047673971,-0.17279507881584,0.1417301038062283,-0.0711111111111111,-0.1085121107266436,-0.1245674740484429,0.0120569011918492,0.0669896193771626,-0.0797231833910034,0.0797231833910034,0.2214532871972318,-0.2069357939254133,0.1085121107266436,-0.0384467512495194,0.0669896193771626,-0.0157477893118031,-0.0888273740868896,-0.0888273740868896,0.0271280276816609,0.1085121107266436,0.186082276047674,-0.035432525951557,-0.1085121107266436,-0.1190926566705113,-0.186082276047674,0.0517339484813533,-0.0842137639369473,0.0448442906574394,,,,,0.0670037940144538,-0.0477963984012603,0.1164483278989791,0.3076923191547394,-0.4221084117889404,-0.4524868726730346,0.8408574461936951,-0.7338635921478271,-0.5421052575111389,0.5264368057250977,-0.6050277948379517,-0.5987229943275452,55.37758255004883,0.0675886422395706
EXPC-166,132.0256668016313,46.52949778236839,C_band130,14,M3C-166,否,落叶阔叶林,中,阔叶树冠层清晰连续,judge_C_03.csv,False,5,-0.1085121107266436,-0.0797231833910034,0.059115724721261,-0.2069357939254133,-0.0030142252979623,-0.16,-0.2441522491349481,0.3368550557477893,0.1034063821607074,-0.0711111111111111,0.2288965782391388,-0.1245674740484429,0.0297731641676278,0.0325413302575932,-0.2141330257593233,0.1537870049980776,0.0669896193771626,-0.075355632449058,-0.1793771626297577,0.0271280276816609,0.0797231833910034,0.0061514801999231,0.0246059207996924,-0.075355632449058,-0.0022145328719723,0.186082276047674,0.1476970396001538,0.0384467512495194,0.3100961168781238,-0.1301653210303729,-0.035432525951557,-0.1190926566705113,-0.0517339484813533,0.0842137639369473,0.035432525951557,0.1793771626297577,-0.0517339484813533,-0.0015378700499807,0.1034063821607074,-0.0448442906574394,-0.0797231833910034,-0.0517339484813533,0.0797231833910034,0.0030142252979623,-0.075355632449058,0.16,0.1998615916955017,0.0222068435217224,0.0271280276816609,-0.0629911572472126,0.1301653210303729,-0.01039600153787,-0.1085121107266436,0.0984236831987697,0.1137408688965782,0.2214532871972318,0.1245674740484429,0.035432525951557,-0.0157477893118031,-0.1137408688965782,-0.2069357939254133,-0.0009842368319876,-0.0984236831987697,0.0448442906574394,,,,,0.0229188930243253,-0.0290287900716066,0.6676241159439087,0.3014063239097595,-0.3619729578495025,-0.420938640832901,0.8067648410797119,-0.7044274806976318,-0.5139341950416565,0.4238857924938202,-0.4269141554832458,-0.3587191700935364,76.86955261230469,0.0648872405290603
EXPC-167,131.22311192679894,43.75900361461537,C_band130,14,M3C-167,否,草地,低,灰绿均一草甸近旱地,judge_C_03.csv,False,11,-0.0711111111111111,-0.17279507881584,0.2141330257593233,-0.1998615916955017,-0.0482276047673971,-0.1358861976163014,-0.2761399461745483,0.292871972318339,0.0888273740868896,0.1034063821607074,0.2441522491349481,-0.0482276047673971,0.0448442906574394,0.0030142252979623,-0.1663360246059207,0.0669896193771626,0.17279507881584,-0.0629911572472126,-0.3100961168781238,-0.1301653210303729,0.075355632449058,-0.1137408688965782,-0.0271280276816609,-0.0157477893118031,-0.0384467512495194,0.0482276047673971,-0.0842137639369473,0.0325413302575932,0.3100961168781238,0.0517339484813533,-0.0629911572472126,0.0120569011918492,0.0222068435217224,-0.0384467512495194,-0.0517339484813533,0.1190926566705113,0.0517339484813533,0.0002460592079969,0.0448442906574394,0.0325413302575932,-0.1476970396001538,-0.1476970396001538,0.0384467512495194,0.1417301038062283,-0.0222068435217224,0.1929104190695886,0.1417301038062283,-0.0022145328719723,0.1358861976163014,-0.186082276047674,0.0297731641676278,0.0384467512495194,-0.035432525951557,0.1034063821607074,0.1358861976163014,0.075355632449058,0.1190926566705113,-0.0271280276816609,0.0271280276816609,-0.0271280276816609,-0.17279507881584,-0.0517339484813533,0.035432525951557,0.1085121107266436,,,,,-0.0851788744330406,0.1845102459192276,0.7874534726142883,0.1226718053221702,-0.1053962931036949,-0.057726465165615,0.3078597486019134,-0.268887847661972,-0.1690666675567627,0.0395421423017978,-0.1187010109424591,-0.3559738099575043,249.00511169433597,0.2621392905712127
EXPC-168,131.70802251716665,46.15346300443596,C_band130,14,M3C-168,否,水田,低,矩形深绿块邻田埂亮带,judge_C_03.csv,False,3,-0.1245674740484429,-0.0669896193771626,0.16,-0.2364628988850442,-0.0482276047673971,-0.17279507881584,-0.2844444444444444,0.3368550557477893,0.0984236831987697,0.1476970396001538,0.0935640138408304,-0.1358861976163014,0.0448442906574394,0.0448442906574394,-0.2519646289888504,0.2069357939254133,0.0888273740868896,-0.1190926566705113,-0.186082276047674,-0.0629911572472126,0.000553633217993,0.059115724721261,-0.0448442906574394,-0.0177777777777777,-0.0842137639369473,0.0271280276816609,0.0030142252979623,0.0984236831987697,0.3188927335640138,-0.16,0.0448442906574394,-0.0271280276816609,-0.0711111111111111,-0.0177777777777777,-0.01039600153787,0.2141330257593233,0.0015378700499807,0.0246059207996924,-0.01039600153787,0.0384467512495194,-0.0842137639369473,-0.0039369473279507,-0.0138408304498269,0.0448442906574394,-0.0199307958477508,0.2519646289888504,0.0711111111111111,-0.0448442906574394,-0.0049826989619377,-0.1537870049980776,0.0842137639369473,0.0177777777777777,-0.0711111111111111,0.0629911572472126,0.0384467512495194,0.1245674740484429,0.0797231833910034,0.0297731641676278,-0.0669896193771626,-0.0384467512495194,-0.2599000384467512,-0.0842137639369473,-0.0384467512495194,0.0797231833910034,,,,,0.0209022499620914,-0.0430454984307289,0.7145328521728516,0.3034915030002594,-0.3315043449401855,-0.4041165709495544,0.7056711912155151,-0.5488917827606201,-0.3625057637691498,0.3211102485656738,-0.4182613492012024,-0.4169862866401672,382.62103271484375,0.0911156833171844
EXPC-169,132.7666870795015,46.18454471326649,C_band130,14,M3C-169,是,草本沼泽,中,深绿暗色湿斑块质均,judge_C_03.csv,False,15,-0.1245674740484429,-0.1190926566705113,0.1137408688965782,-0.1793771626297577,-0.059115724721261,-0.2214532871972318,-0.2069357939254133,0.3839138792772011,0.1245674740484429,0.0246059207996924,0.2519646289888504,-0.1358861976163014,0.0842137639369473,0.0222068435217224,-0.2141330257593233,0.1476970396001538,0.0246059207996924,-0.1417301038062283,-0.186082276047674,-0.1085121107266436,0.0517339484813533,-0.0325413302575932,-0.035432525951557,-0.059115724721261,0.0022145328719723,0.1137408688965782,0.0482276047673971,0.1301653210303729,0.3014225297962323,-0.0711111111111111,0.0482276047673971,-0.0888273740868896,-0.0553633217993079,0.059115724721261,-0.0325413302575932,0.2141330257593233,0.01039600153787,-0.0222068435217224,0.1034063821607074,-0.01039600153787,-0.0842137639369473,-0.059115724721261,0.035432525951557,0.0448442906574394,-0.059115724721261,0.1663360246059207,0.1537870049980776,0.0030142252979623,0.059115724721261,-0.1476970396001538,0.059115724721261,0.0222068435217224,-0.0984236831987697,0.0384467512495194,0.0935640138408304,0.17279507881584,0.1301653210303729,0.0222068435217224,-0.0015378700499807,-0.0482276047673971,-0.2214532871972318,-0.0039369473279507,-0.0448442906574394,0.1245674740484429,,,,,-0.0079858032986521,0.0364145673811435,0.6938110589981079,0.2394745647907257,-0.2065573781728744,-0.2319898456335067,0.7312232851982117,-0.6220287084579468,-0.4699670076370239,0.3311582505702972,-0.3581890761852264,-0.3426525592803955,106.4364013671875,0.0648872405290603
EXPC-170,131.58701944839575,45.19693688990549,C_band130,14,M3C-170,否,裸地,低,灰绿平滑面与褐色条带,judge_C_03.csv,False,22,-0.0797231833910034,-0.1476970396001538,0.1663360246059207,-0.186082276047674,-0.1137408688965782,-0.1793771626297577,-0.2844444444444444,0.3936947327950788,0.059115724721261,0.01039600153787,0.2599000384467512,-0.2069357939254133,0.0482276047673971,0.0297731641676278,-0.17279507881584,0.035432525951557,0.0049826989619377,-0.0984236831987697,-0.16,-0.0384467512495194,0.0669896193771626,-0.0297731641676278,0.0157477893118031,-0.0517339484813533,0.059115724721261,0.1998615916955017,-0.0002460592079969,0.1137408688965782,0.2599000384467512,-0.0629911572472126,0.0669896193771626,-0.0842137639369473,-0.0177777777777777,0.0415840061514801,-0.0415840061514801,0.1929104190695886,0.0297731641676278,-0.0384467512495194,0.0984236831987697,-0.0297731641676278,-0.17279507881584,-0.075355632449058,0.01039600153787,0.075355632449058,-0.0984236831987697,0.1793771626297577,0.1245674740484429,0.0061514801999231,0.0629911572472126,-0.1245674740484429,0.0553633217993079,0.01039600153787,-0.0039369473279507,0.059115724721261,0.0669896193771626,0.1476970396001538,0.1537870049980776,0.0842137639369473,-0.0553633217993079,0.0325413302575932,-0.2069357939254133,-0.0415840061514801,-0.0935640138408304,0.0271280276816609,,,,,0.0732758641242981,-0.1206120625138282,0.239847719669342,0.342342346906662,-0.4401933252811432,-0.4549019634723663,0.7440931797027588,-0.6301710605621338,-0.3651895225048065,0.4286659955978393,-0.564902126789093,-0.3417443633079529,181.20425415039065,0.1022680774331092
EXPC-171,132.01093443097176,46.05878057348976,C_band130,14,M3C-171,是,草本沼泽,中,褐色曲流穿绿草湿地,judge_C_03.csv,False,15,-0.0553633217993079,-0.0842137639369473,0.16,-0.2519646289888504,-0.0984236831987697,-0.1929104190695886,-0.2364628988850442,0.3278123798539023,0.0984236831987697,0.0669896193771626,0.17279507881584,-0.0935640138408304,0.0199307958477508,0.0415840061514801,-0.2214532871972318,0.0553633217993079,-0.0199307958477508,-0.186082276047674,-0.17279507881584,-0.0448442906574394,0.0297731641676278,0.0120569011918492,-0.0177777777777777,-0.0271280276816609,0.0049826989619377,0.1034063821607074,-0.0325413302575932,0.1085121107266436,0.3742560553633218,-0.0553633217993079,0.0177777777777777,-0.0482276047673971,-0.1137408688965782,-0.0120569011918492,-0.0448442906574394,0.2441522491349481,0.075355632449058,-0.0138408304498269,0.0711111111111111,-0.0384467512495194,-0.0984236831987697,-0.0629911572472126,-0.0199307958477508,0.059115724721261,-0.0553633217993079,0.1998615916955017,0.1998615916955017,-0.0842137639369473,0.0669896193771626,-0.0797231833910034,0.0935640138408304,0.0246059207996924,-0.0935640138408304,-0.0222068435217224,0.0120569011918492,0.1137408688965782,0.1476970396001538,-0.0177777777777777,-0.0797231833910034,-0.1137408688965782,-0.2599000384467512,-0.0177777777777777,-0.0325413302575932,0.0629911572472126,,,,,0.0492363572120666,-0.0682905614376068,0.6366761922836304,0.3157674670219421,-0.3672316372394562,-0.3167527019977569,0.691512942314148,-0.5507442355155945,-0.3313192427158355,0.4520353972911834,-0.5665457248687744,-0.4903457462787628,109.63912200927734,0.0648872405290603
EXPC-172,130.58593689577296,48.30007720736796,C_band130,14,M3C-172,是,湖河滩地,低,灰白裸斑嵌深色水泊间,judge_C_03.csv,False,16,-0.0629911572472126,-0.0888273740868896,0.1998615916955017,-0.2069357939254133,-0.0271280276816609,-0.16,-0.2069357939254133,0.3553094963475586,0.1190926566705113,0.0553633217993079,0.2441522491349481,-0.1245674740484429,0.0553633217993079,-0.0015378700499807,-0.2214532871972318,0.0984236831987697,0.0553633217993079,-0.075355632449058,-0.1358861976163014,-0.0553633217993079,0.1245674740484429,0.0553633217993079,-0.0199307958477508,-0.0797231833910034,0.0517339484813533,0.0669896193771626,-0.01039600153787,0.17279507881584,0.3278123798539023,-0.059115724721261,0.0553633217993079,0.0138408304498269,-0.1476970396001538,0.0384467512495194,-0.0297731641676278,0.186082276047674,0.035432525951557,-0.1301653210303729,0.035432525951557,-0.0448442906574394,-0.0711111111111111,-0.0842137639369473,-0.01039600153787,0.1137408688965782,-0.0629911572472126,0.1998615916955017,0.16,-0.1929104190695886,0.035432525951557,-0.0888273740868896,0.0629911572472126,0.0120569011918492,-0.0842137639369473,-0.0088581314878892,0.0415840061514801,0.17279507881584,0.1476970396001538,0.0246059207996924,-0.0711111111111111,-0.0669896193771626,-0.2214532871972318,0.0448442906574394,-0.0222068435217224,0.0074432910419069,,,,,0.0596204437315464,-0.0812292918562889,0.5711634159088135,0.330296128988266,-0.4100603759288788,-0.4177919030189514,0.784379780292511,-0.6664759516716003,-0.4995708167552948,0.6322098970413208,-0.6403728127479553,-0.5870530009269714,103.53529357910156,0.0640474185347557
EXPC-173,130.83836349061053,48.30169417487938,C_band130,14,M3C-173,是,草本沼泽,中,暗斑灌草西侧深色水体,judge_C_03.csv,False,15,-0.1034063821607074,-0.1417301038062283,0.2214532871972318,-0.1663360246059207,-0.0482276047673971,-0.1358861976163014,-0.2519646289888504,0.4237754709727028,0.1301653210303729,0.0246059207996924,0.3188927335640138,-0.17279507881584,0.0415840061514801,-0.0448442906574394,-0.1663360246059207,0.0888273740868896,0.1301653210303729,0.0039369473279507,-0.2141330257593233,-0.1137408688965782,0.1245674740484429,0.0415840061514801,-0.0030142252979623,-0.0553633217993079,0.0888273740868896,0.1137408688965782,-0.0120569011918492,0.1190926566705113,0.2441522491349481,-0.0088581314878892,0.0088581314878892,0.0384467512495194,-0.0553633217993079,0.0842137639369473,-0.0669896193771626,0.0711111111111111,0.0448442906574394,-0.0669896193771626,0.0384467512495194,-0.0553633217993079,-0.0482276047673971,-0.1034063821607074,0.0177777777777777,0.0984236831987697,-0.0797231833910034,0.16,0.1190926566705113,-0.0935640138408304,0.1190926566705113,-0.1245674740484429,0.0629911572472126,0.0415840061514801,-0.0271280276816609,0.0553633217993079,0.0629911572472126,0.1476970396001538,0.16,0.0030142252979623,-0.0271280276816609,0.0384467512495194,-0.1929104190695886,0.0049826989619377,-0.0448442906574394,0.035432525951557,,,,,0.0669875666499137,-0.0549276210367679,0.4778294563293457,0.3577894270420074,-0.4233394265174866,-0.2391829490661621,0.8507936596870422,-0.6968227028846741,-0.4765494167804718,0.4634007513523102,-0.5612276196479797,-0.2881439626216888,81.40092468261719,0.0640474185347557
EXPC-174,134.57544490407616,48.10631060058338,C_band130,14,M3C-174,是,草本沼泽,低,白色条纹伴深绿湿斑,judge_C_03.csv,False,15,0.0022145328719723,-0.0297731641676278,0.0271280276816609,-0.3100961168781238,0.0157477893118031,-0.0711111111111111,-0.2599000384467512,0.1245674740484429,-0.0271280276816609,0.035432525951557,-0.0482276047673971,-0.0842137639369473,-0.1358861976163014,0.0935640138408304,-0.2141330257593233,0.2844444444444444,0.0120569011918492,-0.059115724721261,-0.0517339484813533,0.0517339484813533,-0.0271280276816609,0.0669896193771626,-0.0074432910419069,-0.0246059207996924,-0.075355632449058,0.0984236831987697,0.0984236831987697,-0.0482276047673971,0.4035986159169549,-0.17279507881584,-0.0049826989619377,-0.0222068435217224,-0.1476970396001538,0.0022145328719723,-0.0482276047673971,0.3278123798539023,0.1358861976163014,0.0482276047673971,0.0629911572472126,0.01039600153787,0.0448442906574394,-0.0074432910419069,-0.1663360246059207,0.0157477893118031,0.1137408688965782,0.1929104190695886,0.1085121107266436,-0.059115724721261,0.0415840061514801,-0.0482276047673971,0.2214532871972318,-0.186082276047674,-0.0297731641676278,-0.0061514801999231,-0.0448442906574394,0.0009842368319876,-0.0384467512495194,-0.0888273740868896,0.0246059207996924,-0.1190926566705113,-0.1998615916955017,0.0297731641676278,-0.0553633217993079,0.059115724721261,,,,,0.0118877794593572,-0.0172084122896194,0.8092619180679321,0.4216976761817932,-0.4745762646198272,-0.5824915766716003,0.8026018142700195,-0.6786937117576599,-0.5298651456832886,0.343443363904953,-0.521212100982666,-0.6589928269386292,37.219512939453125,0.0481114648282527
EXPC-175,130.73487756987998,48.33448268274974,C_band130,14,M3C-175,是,草本沼泽,低,灰白条带伴湿绿斑块,judge_C_03.csv,False,15,-0.0297731641676278,-0.1358861976163014,0.1663360246059207,-0.2288965782391388,-0.059115724721261,-0.1417301038062283,-0.2519646289888504,0.2761399461745483,0.0888273740868896,0.1085121107266436,0.2141330257593233,-0.0797231833910034,0.0629911572472126,-0.0177777777777777,-0.1793771626297577,0.075355632449058,0.0888273740868896,-0.1417301038062283,-0.1663360246059207,0.0157477893118031,0.0842137639369473,0.0049826989619377,-0.035432525951557,-0.0482276047673971,-0.0138408304498269,0.075355632449058,-0.0157477893118031,0.0935640138408304,0.3839138792772011,-0.0553633217993079,0.01039600153787,0.0138408304498269,-0.1085121107266436,-0.01039600153787,-0.0629911572472126,0.2364628988850442,0.0669896193771626,-0.1085121107266436,0.0271280276816609,0.0049826989619377,-0.1245674740484429,-0.0935640138408304,-0.0629911572472126,0.1034063821607074,-0.0448442906574394,0.2364628988850442,0.1537870049980776,-0.186082276047674,0.0222068435217224,-0.0842137639369473,0.0984236831987697,-0.01039600153787,-0.1085121107266436,0.0030142252979623,0.0384467512495194,0.0935640138408304,0.1245674740484429,-0.0039369473279507,-0.075355632449058,-0.1034063821607074,-0.2679584775086506,0.0297731641676278,0.0002460592079969,0.0157477893118031,,,,,0.0523357093334198,-0.0686231181025505,0.7094370126724243,-0.0332238040864467,0.014147431589663,0.1202961131930351,0.4318955838680267,-0.3517278432846069,-0.3333333432674408,0.4334763884544372,-0.410472959280014,-0.4584949612617492,79.18038177490234,0.0640474185347557
EXPC-176,134.13733654001106,47.10127546071046,C_band130,14,M3C-176,是,草本沼泽,中,塔头状黄绿簇配暗湿底,judge_C_03.csv,False,15,-0.0482276047673971,-0.1034063821607074,0.1245674740484429,-0.1793771626297577,-0.0669896193771626,-0.1301653210303729,-0.17279507881584,0.3647212610534409,0.1085121107266436,-0.0074432910419069,0.2844444444444444,-0.0888273740868896,0.0325413302575932,0.0325413302575932,-0.2069357939254133,0.0984236831987697,0.0177777777777777,-0.16,-0.1190926566705113,-0.0222068435217224,0.1034063821607074,-0.035432525951557,0.0177777777777777,-0.0797231833910034,0.0935640138408304,0.1929104190695886,0.0482276047673971,0.1085121107266436,0.3278123798539023,-0.0482276047673971,0.059115724721261,-0.01039600153787,-0.0553633217993079,0.0517339484813533,-0.0448442906574394,0.1793771626297577,0.0074432910419069,-0.0935640138408304,0.0482276047673971,-0.035432525951557,-0.1301653210303729,-0.1358861976163014,-0.0061514801999231,0.0669896193771626,-0.0297731641676278,0.1190926566705113,0.2069357939254133,-0.1358861976163014,0.0842137639369473,-0.0935640138408304,0.075355632449058,-0.0384467512495194,-0.0935640138408304,0.035432525951557,0.0888273740868896,0.2141330257593233,0.17279507881584,-0.0246059207996924,-0.0246059207996924,-0.1301653210303729,-0.2288965782391388,0.075355632449058,-0.0074432910419069,0.0482276047673971,,,,,0.0294950846582651,0.0038697193376719,0.5850305557250977,0.324159026145935,-0.2964071929454803,-0.3237410187721252,0.7915877103805542,-0.6577839851379395,-0.5112668871879578,0.5331201553344727,-0.5946780443191528,-0.5314474105834961,60.65105438232422,0.0533583536744117
EXPC-177,133.46216277246683,47.91577792882163,C_band130,14,M3C-177,是,湖河滩地,低,深色水道旁灰绿湿滩面,judge_C_03.csv,False,16,-0.0482276047673971,-0.0049826989619377,0.1301653210303729,-0.3460207612456747,0.0138408304498269,-0.0517339484813533,-0.2288965782391388,0.2069357939254133,0.0517339484813533,0.0049826989619377,0.1085121107266436,-0.075355632449058,-0.1085121107266436,0.0711111111111111,-0.3014225297962323,0.2364628988850442,0.075355632449058,-0.1190926566705113,-0.075355632449058,-0.0177777777777777,0.0061514801999231,0.0711111111111111,0.0199307958477508,-0.0669896193771626,-0.035432525951557,0.0629911572472126,0.0384467512495194,0.0384467512495194,0.3839138792772011,-0.1137408688965782,0.0711111111111111,-0.0482276047673971,-0.1190926566705113,0.0157477893118031,-0.0629911572472126,0.3742560553633218,0.075355632449058,-0.0015378700499807,0.0030142252979623,0.0448442906574394,-0.0325413302575932,-0.0120569011918492,-0.0797231833910034,0.0711111111111111,0.0669896193771626,0.1663360246059207,0.1301653210303729,-0.059115724721261,0.0553633217993079,-0.1663360246059207,0.1417301038062283,-0.0711111111111111,-0.0325413302575932,0.0039369473279507,-0.0199307958477508,0.0482276047673971,0.0246059207996924,-0.0482276047673971,0.0553633217993079,-0.059115724721261,-0.2364628988850442,0.0039369473279507,-0.0325413302575932,0.0246059207996924,,,,,0.0324184484779834,-0.05717234313488,0.7118231058120728,0.1951731443405151,-0.3076923191547394,-0.2429378479719162,0.6591418385505676,-0.60841965675354,-0.523770809173584,0.4358082115650177,-0.5509607195854187,-0.5830100774765015,52.33976364135742,0.0675886422395706
EXPC-178,130.31949658250312,46.496978769083256,C_band130,14,M3C-178,是,草本沼泽,中,灰白斑与深绿湿面共存,judge_C_03.csv,False,15,-0.1137408688965782,0.0039369473279507,0.17279507881584,-0.2288965782391388,-0.0669896193771626,-0.16,-0.2761399461745483,0.3647212610534409,0.0984236831987697,-0.0384467512495194,0.17279507881584,-0.1137408688965782,0.0517339484813533,0.0517339484813533,-0.1998615916955017,0.1137408688965782,0.0415840061514801,-0.0935640138408304,-0.1663360246059207,-0.01039600153787,0.035432525951557,-0.0120569011918492,0.0157477893118031,-0.0482276047673971,-0.0199307958477508,0.1245674740484429,0.0517339484813533,0.01039600153787,0.3553094963475586,-0.1301653210303729,0.0177777777777777,-0.0222068435217224,-0.1137408688965782,0.0711111111111111,-0.0448442906574394,0.2761399461745483,0.0384467512495194,0.0482276047673971,0.0222068435217224,-0.0030142252979623,-0.0482276047673971,-0.0199307958477508,-0.059115724721261,0.0297731641676278,-0.0629911572472126,0.1929104190695886,0.1476970396001538,-0.0246059207996924,0.059115724721261,-0.1190926566705113,0.16,0.0297731641676278,-0.0888273740868896,0.059115724721261,0.035432525951557,0.1190926566705113,0.1190926566705113,0.0157477893118031,-0.0797231833910034,-0.1034063821607074,-0.2599000384467512,-0.0482276047673971,-0.0553633217993079,0.0448442906574394,,,,,0.0515686981379985,-0.0475078597664833,0.7043226957321167,0.2569444477558136,-0.3527653217315674,-0.4139739573001861,0.762252926826477,-0.6610515713691711,-0.4514663219451904,0.4196465313434601,-0.4952380955219269,-0.4439675807952881,163.45663452148438,0.0630452111363411
EXPC-179,133.13149291638246,45.12758694997146,C_band130,14,M3C-179,是,草本沼泽,中,灰绿湿地斑块间暗点,judge_C_03.csv,False,15,-0.0448442906574394,-0.0517339484813533,0.1085121107266436,-0.1537870049980776,-0.0199307958477508,-0.1358861976163014,-0.2761399461745483,0.3460207612456747,-0.059115724721261,0.1417301038062283,0.0246059207996924,-0.1537870049980776,-0.0246059207996924,-0.0120569011918492,-0.2214532871972318,0.0888273740868896,-0.0088581314878892,0.0061514801999231,-0.1245674740484429,0.0888273740868896,0.0199307958477508,0.0222068435217224,0.0049826989619377,-0.0157477893118031,-0.0088581314878892,0.2519646289888504,0.0517339484813533,-0.0157477893118031,0.3936947327950788,-0.1793771626297577,-0.0177777777777777,0.0199307958477508,-0.0888273740868896,0.0177777777777777,-0.01039600153787,0.2441522491349481,0.2069357939254133,0.0222068435217224,0.0669896193771626,-0.0120569011918492,-0.1245674740484429,-0.1137408688965782,-0.1137408688965782,0.0415840061514801,-0.0120569011918492,0.2761399461745483,0.0888273740868896,0.0120569011918492,0.059115724721261,0.0553633217993079,0.1190926566705113,0.0120569011918492,-0.0009842368319876,0.0138408304498269,-0.0015378700499807,0.0297731641676278,0.0842137639369473,0.0629911572472126,-0.0669896193771626,-0.0517339484813533,-0.2288965782391388,-0.0888273740868896,-0.1085121107266436,0.059115724721261,,,,,0.0721696019172668,-0.0707207173109054,0.6077934503555298,0.4855578243732452,-0.4999308884143829,-0.3155505061149597,0.8512678742408752,-0.7526729702949524,-0.5277349948883057,0.6830434203147888,-0.6652165651321411,-0.4395186901092529,69.53919219970703,0.0561328567564487
EXPC-180,130.49736300875878,48.60307895270148,C_band130,15,M3C-180,是,湖河滩地,低,灰白裸滩具砂质纹理,judge_C_03.csv,False,16,-0.0074432910419069,-0.0553633217993079,0.1034063821607074,-0.3100961168781238,0.0157477893118031,-0.035432525951557,-0.3188927335640138,0.1998615916955017,-0.0039369473279507,0.0984236831987697,-0.0138408304498269,-0.0842137639369473,-0.0797231833910034,0.0669896193771626,-0.2364628988850442,0.1998615916955017,0.0797231833910034,-0.0448442906574394,-0.0984236831987697,0.0935640138408304,-0.0177777777777777,0.0797231833910034,0.0448442906574394,-0.0448442906574394,-0.1085121107266436,0.0888273740868896,0.0797231833910034,-0.0415840061514801,0.3742560553633218,-0.1417301038062283,-0.0384467512495194,-0.075355632449058,-0.1417301038062283,-0.0157477893118031,-0.059115724721261,0.3014225297962323,0.16,0.0177777777777777,0.035432525951557,0.0711111111111111,-0.0271280276816609,0.0061514801999231,-0.1245674740484429,-0.0088581314878892,0.0009842368319876,0.2364628988850442,0.1417301038062283,-0.0842137639369473,-0.0088581314878892,-0.075355632449058,0.2364628988850442,-0.1034063821607074,-0.0222068435217224,-0.0177777777777777,0.0015378700499807,-0.0022145328719723,-0.0448442906574394,-0.0222068435217224,-0.0297731641676278,-0.1301653210303729,-0.1929104190695886,-0.0553633217993079,-0.0888273740868896,-0.0074432910419069,,,,,-0.0019353640964254,0.0021470035426318,0.7938888072967529,0.1733021140098571,-0.290405660867691,-0.2439108043909073,0.6577077507972717,-0.5800942182540894,-0.4564512968063354,0.469756931066513,-0.5634395480155945,-0.5674279928207397,79.5916976928711,0.0640474185347557
EXPC-181,130.41956890515402,47.55887726644095,C_band130,15,M3C-181,是,盐渍湿地,低,白色盐霜斑嵌暗绿植被,judge_C_03.csv,False,17,-0.01039600153787,-0.0935640138408304,0.2069357939254133,-0.3014225297962323,-0.0415840061514801,-0.0120569011918492,-0.3278123798539023,0.2844444444444444,-0.0297731641676278,0.0711111111111111,0.1417301038062283,-0.1245674740484429,0.0199307958477508,0.0797231833910034,-0.2288965782391388,0.0629911572472126,0.1034063821607074,-0.01039600153787,-0.1245674740484429,0.059115724721261,-0.035432525951557,0.059115724721261,0.0629911572472126,-0.0138408304498269,-0.1476970396001538,0.0271280276816609,0.0030142252979623,0.0325413302575932,0.3278123798539023,-0.1190926566705113,-0.0553633217993079,-0.0711111111111111,-0.0669896193771626,0.059115724721261,-0.1085121107266436,0.3014225297962323,0.1137408688965782,-0.0157477893118031,0.0120569011918492,0.075355632449058,-0.1476970396001538,-0.0271280276816609,-0.0482276047673971,0.0039369473279507,-0.0553633217993079,0.2844444444444444,0.075355632449058,-0.0177777777777777,-0.0120569011918492,-0.1034063821607074,0.17279507881584,0.0088581314878892,-0.0325413302575932,-0.0629911572472126,0.0271280276816609,0.035432525951557,0.0629911572472126,0.0842137639369473,-0.0177777777777777,-0.059115724721261,-0.2141330257593233,-0.0888273740868896,-0.0888273740868896,0.0030142252979623,,,,,0.0351130925118923,-0.0860975384712219,0.7491868138313293,0.1497769206762313,-0.2360397428274154,-0.1040578559041023,0.3126204311847687,-0.2375113517045974,0.148819699883461,0.2651777267456054,-0.3668649196624756,-0.230324313044548,115.0,0.1631932705640792
EXPC-182,133.14658461315565,46.03245993566505,C_band130,15,M3C-182,否,草地,低,均匀绿草甸邻近水面,judge_C_03.csv,False,11,-0.0517339484813533,-0.1476970396001538,0.0088581314878892,-0.2519646289888504,-0.0199307958477508,-0.0384467512495194,-0.1998615916955017,0.1301653210303729,-0.0074432910419069,0.1034063821607074,0.0177777777777777,-0.0935640138408304,0.0297731641676278,0.0415840061514801,-0.1793771626297577,0.2214532871972318,0.035432525951557,-0.186082276047674,-0.0842137639369473,-0.0246059207996924,-0.1085121107266436,0.059115724721261,-0.075355632449058,-0.0669896193771626,-0.186082276047674,0.0157477893118031,0.1245674740484429,-0.0246059207996924,0.3553094963475586,-0.16,-0.0088581314878892,0.0199307958477508,-0.17279507881584,-0.0482276047673971,-0.1190926566705113,0.3100961168781238,0.0384467512495194,-0.0222068435217224,0.0448442906574394,0.2141330257593233,-0.0482276047673971,0.059115724721261,0.0022145328719723,-0.0049826989619377,0.01039600153787,0.2844444444444444,0.0246059207996924,0.0246059207996924,-0.059115724721261,-0.2214532871972318,0.186082276047674,-0.0669896193771626,-0.1137408688965782,-0.0482276047673971,-0.0384467512495194,-0.0629911572472126,-0.0199307958477508,-0.0138408304498269,0.035432525951557,-0.1245674740484429,-0.1929104190695886,-0.0888273740868896,0.0120569011918492,0.1358861976163014,,,,,-0.0047748237848281,0.0030438092071563,0.7791274785995483,-0.048309177160263,0.0534534528851509,0.1940095275640487,0.3727810680866241,-0.2574525773525238,-0.0653780549764633,0.2619575560092926,-0.296875,-0.1839818656444549,59.088985443115234,0.0100717162713408
EXPC-183,132.2474608452804,46.3312395991632,C_band130,15,M3C-183,否,水体,中,河道内浑水与泥滩难分,judge_C_03.csv,False,23,-0.0669896193771626,-0.0797231833910034,0.0629911572472126,-0.2761399461745483,-0.0120569011918492,-0.0271280276816609,-0.2844444444444444,0.1417301038062283,-0.0415840061514801,0.0711111111111111,0.0935640138408304,-0.1476970396001538,0.0415840061514801,-0.0297731641676278,-0.2519646289888504,0.1245674740484429,0.0325413302575932,-0.0629911572472126,-0.0553633217993079,0.0482276047673971,-0.0842137639369473,0.0629911572472126,-0.0138408304498269,-0.0297731641676278,-0.1476970396001538,0.0482276047673971,0.0120569011918492,-0.0711111111111111,0.4035986159169549,-0.1476970396001538,0.0325413302575932,-0.0842137639369473,-0.0553633217993079,-0.0246059207996924,-0.0711111111111111,0.3839138792772011,0.0629911572472126,-0.0009842368319876,0.0629911572472126,0.1358861976163014,-0.1085121107266436,-0.0120569011918492,-0.035432525951557,0.0177777777777777,0.000553633217993,0.2844444444444444,0.0517339484813533,0.0669896193771626,0.0138408304498269,-0.1301653210303729,0.1929104190695886,-0.0222068435217224,-0.0984236831987697,-0.0246059207996924,0.0088581314878892,-0.0842137639369473,0.0325413302575932,0.0448442906574394,-0.0517339484813533,-0.1085121107266436,-0.2288965782391388,-0.1034063821607074,-0.0669896193771626,0.0448442906574394,,,,,0.0373371914029121,-0.077894739806652,0.7106988430023193,0.1274074018001556,-0.2254428267478943,-0.1479185074567794,0.3468226492404938,-0.3693346083164215,-0.0661589726805687,0.2537993788719177,-0.3253012001514435,-0.2546583712100982,76.38694763183594,0.0648872405290603
EXPC-184,132.3314533243456,45.49329110213652,C_band130,15,M3C-184,是,草本沼泽,低,河湾旁深绿湿植被连片,judge_C_03.csv,False,15,-0.0669896193771626,-0.0984236831987697,0.0842137639369473,-0.3100961168781238,-0.0482276047673971,-0.0984236831987697,-0.2761399461745483,0.2364628988850442,0.0222068435217224,0.1358861976163014,0.0797231833910034,-0.0482276047673971,0.035432525951557,0.0246059207996924,-0.2599000384467512,0.1417301038062283,0.075355632449058,-0.1476970396001538,-0.1417301038062283,0.0120569011918492,-0.0482276047673971,0.0157477893118031,-0.035432525951557,-0.0553633217993079,-0.1245674740484429,0.0517339484813533,0.0297731641676278,0.0039369473279507,0.3647212610534409,-0.0842137639369473,-0.0177777777777777,-0.0120569011918492,-0.0199307958477508,-0.0325413302575932,-0.0482276047673971,0.3100961168781238,0.0297731641676278,-0.0842137639369473,0.0711111111111111,0.0842137639369473,-0.1034063821607074,0.0022145328719723,-0.035432525951557,0.0074432910419069,0.0074432910419069,0.2441522491349481,0.17279507881584,-0.0157477893118031,-0.0138408304498269,-0.2288965782391388,0.1663360246059207,-0.0325413302575932,-0.1245674740484429,-0.0222068435217224,0.0088581314878892,-0.0177777777777777,0.0482276047673971,0.0049826989619377,0.0271280276816609,-0.1190926566705113,-0.2364628988850442,-0.1245674740484429,0.0138408304498269,0.0517339484813533,,,,,0.0139182861894369,-0.0201342273503541,0.8108527064323425,-0.0401579998433589,0.029617303982377,-0.231876865029335,0.343584805727005,-0.292051762342453,-0.3200177550315857,0.0448510944843292,-0.129557803273201,-0.2369942218065261,120.85921478271484,0.0905515700578689
EXPC-185,130.83980079506514,47.508571610530254,C_band130,15,M3C-185,是,湖河滩地,中,灰白滩面紧邻河道水线,judge_C_03.csv,False,16,-0.059115724721261,-0.0157477893118031,0.1034063821607074,-0.2441522491349481,-0.0271280276816609,-0.1301653210303729,-0.3278123798539023,0.2599000384467512,0.0297731641676278,-0.0049826989619377,0.0797231833910034,-0.1245674740484429,0.0074432910419069,0.0415840061514801,-0.1929104190695886,0.1417301038062283,0.0271280276816609,-0.0629911572472126,-0.1137408688965782,0.0629911572472126,-0.0297731641676278,0.0246059207996924,0.0482276047673971,-0.035432525951557,-0.1417301038062283,0.16,0.0984236831987697,-0.0297731641676278,0.3553094963475586,-0.2288965782391388,0.0246059207996924,-0.059115724721261,-0.1085121107266436,0.0199307958477508,-0.0325413302575932,0.3460207612456747,0.0669896193771626,0.0888273740868896,0.0711111111111111,0.0384467512495194,-0.0448442906574394,-0.0138408304498269,-0.0415840061514801,-0.0009842368319876,-0.0669896193771626,0.2519646289888504,0.0842137639369473,0.0669896193771626,-0.0297731641676278,-0.075355632449058,0.1537870049980776,-0.0177777777777777,-0.0888273740868896,0.0482276047673971,0.0199307958477508,0.0015378700499807,0.0138408304498269,0.0415840061514801,-0.0517339484813533,-0.1358861976163014,-0.2519646289888504,-0.0797231833910034,-0.0935640138408304,0.059115724721261,,,,,0.0601272471249103,-0.0626346245408058,0.7183338403701782,0.2177007645368576,-0.3450692296028137,-0.3996553421020508,0.5232833623886108,-0.5273014903068542,-0.3917175829410553,0.4992300570011139,-0.5898106098175049,-0.5133669376373291,76.67880249023438,0.1631932705640792
EXPC-186,130.56841974773263,45.35243526558658,C_band130,15,M3C-186,是,湖河滩地,低,褐色湿滩伴蜿蜒水线,judge_C_03.csv,False,16,-0.059115724721261,-0.0088581314878892,0.1417301038062283,-0.3100961168781238,-0.0482276047673971,-0.1417301038062283,-0.2844444444444444,0.2364628988850442,0.0138408304498269,0.059115724721261,0.075355632449058,-0.1301653210303729,-0.0039369473279507,-0.0009842368319876,-0.2761399461745483,0.0384467512495194,0.0271280276816609,-0.1137408688965782,-0.1358861976163014,0.0553633217993079,-0.0669896193771626,0.0120569011918492,-0.0222068435217224,-0.0138408304498269,-0.0482276047673971,0.1537870049980776,-0.0222068435217224,-0.0138408304498269,0.3647212610534409,-0.16,0.0271280276816609,-0.0384467512495194,-0.0935640138408304,0.075355632449058,0.0415840061514801,0.3014225297962323,0.1034063821607074,0.1358861976163014,0.0271280276816609,-0.0517339484813533,-0.0482276047673971,-0.0199307958477508,-0.075355632449058,0.0415840061514801,-0.0039369473279507,0.2679584775086506,0.1245674740484429,-0.0797231833910034,-0.01039600153787,-0.0030142252979623,0.1085121107266436,0.059115724721261,-0.075355632449058,0.0711111111111111,0.0669896193771626,0.059115724721261,0.0842137639369473,-0.0482276047673971,-0.075355632449058,-0.1998615916955017,-0.2441522491349481,-0.0177777777777777,-0.0384467512495194,0.0049826989619377,,,,,-0.0407088510692119,0.0457739159464836,0.7504523396492004,-0.0439952425658702,-0.0206283722072839,0.0413362570106983,0.7685992121696472,-0.6355565786361694,-0.4213649928569793,0.4703557193279266,-0.5158924460411072,-0.4839270114898681,321.2300720214844,0.1618894636631012
EXPC-187,131.26560223973777,46.04341938213131,C_band130,15,M3C-187,否,水体,中,深色河道水面无纹理,judge_C_03.csv,False,23,-0.0797231833910034,-0.1537870049980776,0.0553633217993079,-0.2679584775086506,-0.075355632449058,-0.1358861976163014,-0.2599000384467512,0.2214532871972318,0.0088581314878892,0.1301653210303729,0.0482276047673971,-0.1301653210303729,0.035432525951557,-0.01039600153787,-0.2069357939254133,0.1358861976163014,-0.0325413302575932,-0.1301653210303729,-0.16,0.0553633217993079,-0.059115724721261,0.0246059207996924,-0.0553633217993079,0.0222068435217224,-0.0935640138408304,0.0935640138408304,0.0039369473279507,0.0061514801999231,0.3742560553633218,-0.1537870049980776,-0.0482276047673971,-0.0553633217993079,-0.1537870049980776,-0.0384467512495194,-0.0157477893118031,0.3188927335640138,0.1301653210303729,-0.0325413302575932,0.0888273740868896,0.035432525951557,-0.0984236831987697,-0.0199307958477508,-0.0711111111111111,0.0297731641676278,-0.0271280276816609,0.3100961168781238,0.1190926566705113,-0.0384467512495194,-0.0246059207996924,-0.0711111111111111,0.1417301038062283,0.0030142252979623,-0.0629911572472126,-0.0074432910419069,0.0157477893118031,0.0088581314878892,0.0984236831987697,0.0246059207996924,-0.0669896193771626,-0.1190926566705113,-0.2679584775086506,-0.0448442906574394,-0.0222068435217224,0.0384467512495194,,,,,0.0177801717072725,-0.0269443783909082,0.7808594107627869,0.2035815268754959,-0.1046712771058082,-0.1042838618159294,0.5674470663070679,-0.4187689125537872,-0.2713472545146942,0.4766169190406799,-0.5310807228088379,-0.5269320607185364,202.34181213378903,0.0911156833171844
EXPC-188,133.6325731818643,45.970835507174456,C_band130,15,M3C-188,是,草本沼泽,低,灰绿斑驳湿草覆被,judge_C_03.csv,False,15,-0.0297731641676278,-0.0797231833910034,0.035432525951557,-0.2519646289888504,0.0120569011918492,-0.0669896193771626,-0.2214532871972318,0.1929104190695886,0.0088581314878892,0.0984236831987697,-0.0325413302575932,-0.1301653210303729,-0.0517339484813533,0.0415840061514801,-0.2364628988850442,0.2141330257593233,0.0157477893118031,-0.1245674740484429,-0.0984236831987697,0.075355632449058,-0.0711111111111111,0.0984236831987697,-0.0246059207996924,-0.0271280276816609,-0.1301653210303729,0.0669896193771626,0.0669896193771626,-0.0517339484813533,0.4237754709727028,-0.2069357939254133,-0.0074432910419069,-0.0482276047673971,-0.16,-0.0384467512495194,-0.0553633217993079,0.3553094963475586,0.0935640138408304,0.0415840061514801,0.0448442906574394,0.075355632449058,-0.0935640138408304,0.0246059207996924,-0.0842137639369473,-0.0061514801999231,0.0384467512495194,0.2761399461745483,0.0517339484813533,0.0138408304498269,0.0157477893118031,-0.0797231833910034,0.1793771626297577,-0.059115724721261,-0.0553633217993079,-0.0039369473279507,-0.0009842368319876,-0.0002460592079969,-0.0138408304498269,-0.0074432910419069,-0.035432525951557,-0.0888273740868896,-0.2441522491349481,-0.075355632449058,-0.0629911572472126,0.0842137639369473,,,,,0.026787320151925,-0.0536219403147697,0.7767259478569031,0.5277246832847595,-0.421708196401596,-0.0972222238779068,0.7581217288970947,-0.6266734004020691,-0.4584096670150757,0.4283987879753113,-0.5739014744758606,-0.6628029346466064,54.0,0.0561328567564487
EXPC-189,132.96162149615543,47.87373677352484,C_band130,15,M3C-189,是,草本沼泽,低,深暗湿植被影像偏暗,judge_C_03.csv,False,15,-0.0039369473279507,-0.0984236831987697,0.035432525951557,-0.2679584775086506,-0.0138408304498269,-0.0888273740868896,-0.2214532871972318,0.1929104190695886,-0.0015378700499807,0.0553633217993079,0.0325413302575932,-0.0888273740868896,-0.0553633217993079,0.01039600153787,-0.2141330257593233,0.2364628988850442,0.0022145328719723,-0.1085121107266436,-0.075355632449058,0.0669896193771626,-0.0271280276816609,0.0797231833910034,0.0030142252979623,0.0222068435217224,-0.1358861976163014,0.0297731641676278,0.0448442906574394,-0.0297731641676278,0.4237754709727028,-0.2214532871972318,-0.0415840061514801,-0.0271280276816609,-0.1417301038062283,-0.0222068435217224,-0.0553633217993079,0.3647212610534409,0.1476970396001538,-0.0177777777777777,0.035432525951557,0.1034063821607074,-0.1137408688965782,0.0199307958477508,-0.0448442906574394,0.0297731641676278,-0.0074432910419069,0.292871972318339,0.0222068435217224,0.0061514801999231,0.0039369473279507,-0.1034063821607074,0.1663360246059207,-0.0888273740868896,-0.0448442906574394,-0.0157477893118031,-0.0049826989619377,0.000553633217993,0.0120569011918492,0.0088581314878892,-0.0297731641676278,-0.0711111111111111,-0.2679584775086506,-0.0711111111111111,-0.0246059207996924,0.0984236831987697,,,,,0.036319613456726,-0.0562105849385261,0.7885165214538574,0.1881489008665084,-0.1289701610803604,0.1734197735786438,0.5888778567314148,-0.459188312292099,-0.1317715942859649,0.4510556757450104,-0.4318181872367859,-0.2248062044382095,78.5,0.0145089849829673
EXPC-190,132.86262715184546,47.92440175554918,C_band130,15,M3C-190,否,水体,低,暗色平滑水面旁生灌丛,judge_C_03.csv,False,23,-0.059115724721261,-0.0629911572472126,0.0482276047673971,-0.2679584775086506,-0.0517339484813533,-0.1085121107266436,-0.2679584775086506,0.2288965782391388,0.0482276047673971,0.0711111111111111,0.0711111111111111,-0.075355632449058,0.0222068435217224,0.0030142252979623,-0.2069357939254133,0.2141330257593233,0.0711111111111111,-0.1476970396001538,-0.1137408688965782,0.035432525951557,-0.0246059207996924,0.0199307958477508,-0.0015378700499807,0.0039369473279507,-0.1417301038062283,-0.0246059207996924,-0.0030142252979623,-0.0271280276816609,0.3936947327950788,-0.1358861976163014,-0.0553633217993079,-0.0297731641676278,-0.0517339484813533,-0.0271280276816609,-0.059115724721261,0.3368550557477893,0.0669896193771626,-0.01039600153787,0.0120569011918492,0.0553633217993079,-0.1301653210303729,0.0199307958477508,-0.0448442906574394,0.0074432910419069,-0.0177777777777777,0.2844444444444444,0.1034063821607074,-0.0157477893118031,-0.0271280276816609,-0.1358861976163014,0.1793771626297577,-0.0553633217993079,-0.1417301038062283,0.0039369473279507,0.0297731641676278,0.01039600153787,0.0888273740868896,0.0271280276816609,-0.0074432910419069,-0.1245674740484429,-0.2519646289888504,-0.1301653210303729,0.0157477893118031,0.0842137639369473,,,,,0.007571083959192,-0.0121119935065507,0.8377698659896851,0.1655266731977462,-0.0515273064374923,0.1474430710077285,0.5630713105201721,-0.419087141752243,-0.4304312467575073,0.1562082767486572,-0.1195862963795661,-0.254923403263092,73.56365203857422,0.0145089849829673
EXPC-191,133.51031247169564,45.886124375881984,C_band130,15,M3C-191,是,草本沼泽,中,紫褐与绿斑驳湿草甸,judge_C_03.csv,False,15,-0.0669896193771626,-0.0797231833910034,0.0553633217993079,-0.2519646289888504,-0.0325413302575932,-0.1137408688965782,-0.2599000384467512,0.2441522491349481,0.0517339484813533,0.0482276047673971,0.1476970396001538,-0.16,0.035432525951557,-0.0177777777777777,-0.2364628988850442,0.1537870049980776,0.0177777777777777,-0.1301653210303729,-0.1929104190695886,0.0157477893118031,-0.0384467512495194,0.0138408304498269,-0.0669896193771626,-0.0553633217993079,-0.0888273740868896,0.1358861976163014,0.0629911572472126,0.035432525951557,0.4237754709727028,-0.1358861976163014,0.0553633217993079,0.0177777777777777,-0.075355632449058,-0.0049826989619377,-0.059115724721261,0.3014225297962323,0.0482276047673971,0.0222068435217224,0.0629911572472126,0.0297731641676278,-0.059115724721261,-0.0888273740868896,-0.0325413302575932,0.0711111111111111,0.035432525951557,0.2441522491349481,0.1137408688965782,-0.0120569011918492,0.0384467512495194,-0.1245674740484429,0.1358861976163014,-0.035432525951557,-0.0797231833910034,0.0384467512495194,0.0138408304498269,0.035432525951557,0.1301653210303729,-0.0246059207996924,-0.0088581314878892,-0.0797231833910034,-0.2441522491349481,-0.0448442906574394,-0.0271280276816609,0.1085121107266436,,,,,0.0446447283029556,-0.0688398033380508,0.5966170430183411,0.2975391447544098,-0.2843224108219147,-0.0895774662494659,0.6832298040390015,-0.5351691842079163,-0.4295094609260559,0.289749801158905,-0.3519458472728729,-0.3579212129116058,57.8801155090332,0.0561328567564487
EXPC-192,130.89145392390202,44.280655300103575,C_band130,15,M3C-192,是,湖河滩地,低,水泡间裸露浅色泥滩,judge_C_04.csv,False,16,-0.1085121107266436,-0.0797231833910034,0.1034063821607074,-0.2441522491349481,-0.0669896193771626,-0.1190926566705113,-0.2844444444444444,0.2288965782391388,0.0061514801999231,0.1537870049980776,0.0711111111111111,-0.0384467512495194,0.0797231833910034,-0.0049826989619377,-0.1998615916955017,0.1245674740484429,0.0669896193771626,-0.1245674740484429,-0.1245674740484429,-0.0088581314878892,-0.0297731641676278,-0.0271280276816609,0.0088581314878892,0.0049826989619377,-0.16,-0.0325413302575932,-0.0384467512495194,0.0074432910419069,0.3553094963475586,-0.1137408688965782,-0.0384467512495194,-0.0222068435217224,-0.0448442906574394,-0.0384467512495194,-0.0271280276816609,0.3014225297962323,0.0448442906574394,-0.0325413302575932,0.0088581314878892,0.0711111111111111,-0.1417301038062283,0.0009842368319876,-0.0553633217993079,0.0246059207996924,-0.0138408304498269,0.3278123798539023,0.1537870049980776,-0.0629911572472126,-0.0177777777777777,-0.1358861976163014,0.1476970396001538,0.0120569011918492,-0.1358861976163014,0.0482276047673971,0.059115724721261,-0.0074432910419069,0.0448442906574394,0.0297731641676278,-0.0415840061514801,-0.1998615916955017,-0.2844444444444444,-0.1137408688965782,0.0384467512495194,0.0297731641676278,,,,,0.0317805148661136,-0.0658244714140892,0.6624759435653687,0.2362779676914215,-0.2489290833473205,-0.3726893365383148,0.6706426739692688,-0.5611379146575928,-0.3551698923110962,0.3957934975624084,-0.4982042014598846,-0.4493243098258972,410.1253967285156,0.130340114235878
EXPC-193,130.50688515077044,45.27859374923195,C_band130,15,M3C-193,是,草本沼泽,中,蜿蜒水道旁绿湿草被,judge_C_04.csv,False,15,-0.0711111111111111,-0.0984236831987697,0.0797231833910034,-0.2761399461745483,-0.075355632449058,-0.0984236831987697,-0.3278123798539023,0.1929104190695886,-0.0061514801999231,0.1245674740484429,-0.000553633217993,-0.075355632449058,0.0222068435217224,0.0553633217993079,-0.1929104190695886,0.1137408688965782,-0.0177777777777777,-0.0415840061514801,-0.1190926566705113,0.0246059207996924,-0.075355632449058,0.035432525951557,0.0061514801999231,-0.0061514801999231,-0.1998615916955017,0.0888273740868896,-0.0120569011918492,0.0061514801999231,0.3278123798539023,-0.2141330257593233,0.0015378700499807,-0.1190926566705113,-0.0842137639369473,-0.0222068435217224,-0.0009842368319876,0.3014225297962323,0.1301653210303729,0.0415840061514801,0.0711111111111111,0.1034063821607074,-0.0629911572472126,0.0517339484813533,-0.0517339484813533,-0.0271280276816609,-0.0797231833910034,0.3278123798539023,0.1245674740484429,0.0022145328719723,-0.0384467512495194,-0.0935640138408304,0.17279507881584,0.0482276047673971,-0.0222068435217224,0.0157477893118031,0.0448442906574394,0.0157477893118031,-0.0015378700499807,0.0482276047673971,-0.1034063821607074,-0.1417301038062283,-0.2599000384467512,-0.1137408688965782,-0.0325413302575932,-0.0088581314878892,,,,,0.0093718105927109,-0.0108099738135933,0.8062326908111572,0.0913385823369026,-0.1937984526157379,-0.2150943428277969,0.2428160905838012,-0.2431137710809707,-0.3053418397903442,0.3175689578056335,-0.4165923297405243,-0.4256860613822937,368.1174926757813,0.1618894636631012
EXPC-194,131.09420368352778,45.79593352135638,C_band130,15,M3C-194,否,草本旱地,低,细纹浅褐平地，疑收割旱地,judge_C_04.csv,False,0,0.0061514801999231,0.0009842368319876,0.0120569011918492,-0.2679584775086506,-0.0842137639369473,-0.0157477893118031,-0.2214532871972318,0.17279507881584,0.0448442906574394,0.0553633217993079,0.0177777777777777,-0.1476970396001538,-0.0271280276816609,-0.0157477893118031,-0.1663360246059207,0.1793771626297577,0.0030142252979623,-0.1301653210303729,-0.0157477893118031,0.0711111111111111,-0.059115724721261,0.1358861976163014,0.0797231833910034,0.0888273740868896,-0.17279507881584,-0.035432525951557,0.0888273740868896,-0.0553633217993079,0.3936947327950788,-0.2141330257593233,0.0222068435217224,-0.0415840061514801,-0.01039600153787,-0.059115724721261,-0.0482276047673971,0.3839138792772011,0.1301653210303729,0.0157477893118031,0.0384467512495194,0.0384467512495194,-0.0711111111111111,0.0384467512495194,-0.0061514801999231,-0.0002460592079969,0.01039600153787,0.3100961168781238,0.0138408304498269,0.1085121107266436,0.0177777777777777,-0.059115724721261,0.186082276047674,-0.0935640138408304,-0.0984236831987697,-0.059115724721261,0.0448442906574394,-0.0711111111111111,-0.0222068435217224,0.0384467512495194,-0.059115724721261,-0.0842137639369473,-0.2441522491349481,-0.0984236831987697,-0.0553633217993079,0.0842137639369473,,,,,0.017071908339858,-0.0304320771247148,0.775098979473114,0.3039731979370117,-0.3816890716552734,-0.3467309772968292,0.6574209332466125,-0.5024260878562927,-0.3395784497261047,-0.1043771058320999,0.0129870129749178,0.766173779964447,174.69000244140625,0.1022680774331092
EXPC-195,132.62628040059363,45.986825519231786,C_band130,15,M3C-195,是,草本沼泽,中,湿绿草被散生小树，临水塘,judge_C_04.csv,False,15,-0.1085121107266436,-0.1190926566705113,0.0984236831987697,-0.2761399461745483,-0.0120569011918492,-0.0888273740868896,-0.3014225297962323,0.2364628988850442,0.0088581314878892,0.0888273740868896,0.0222068435217224,-0.1476970396001538,-0.0669896193771626,0.0138408304498269,-0.2761399461745483,0.16,0.0553633217993079,-0.0711111111111111,-0.1358861976163014,0.0517339484813533,-0.0482276047673971,0.059115724721261,0.0199307958477508,-0.0797231833910034,-0.0842137639369473,0.1085121107266436,0.0297731641676278,0.0120569011918492,0.3460207612456747,-0.186082276047674,-0.0049826989619377,-0.1085121107266436,-0.1085121107266436,-0.0088581314878892,0.0074432910419069,0.3460207612456747,0.1034063821607074,0.0553633217993079,0.0074432910419069,0.0415840061514801,-0.0711111111111111,-0.01039600153787,-0.0888273740868896,0.0669896193771626,0.0553633217993079,0.2519646289888504,0.1417301038062283,-0.0271280276816609,0.035432525951557,-0.0935640138408304,0.1417301038062283,-0.0120569011918492,-0.0448442906574394,0.0553633217993079,0.0669896193771626,0.0482276047673971,0.0842137639369473,0.0517339484813533,-0.0157477893118031,-0.0984236831987697,-0.2141330257593233,-0.0482276047673971,-0.0711111111111111,-0.0177777777777777,,,,,0.0230734627693891,-0.066389761865139,0.7807309031486511,0.3836796879768371,-0.388606309890747,-0.1809199303388595,0.8302238583564758,-0.6751334071159363,-0.4105344712734222,0.4706732034683227,-0.4517969191074371,-0.0741811171174049,102.22732543945312,0.0905515700578689
EXPC-196,133.67784827218395,46.35037371471496,C_band130,15,M3C-196,是,草本沼泽,低,均一橄榄绿面，疑漂筏浅沼,judge_C_04.csv,False,15,-0.0246059207996924,-0.01039600153787,0.0297731641676278,-0.3368550557477893,0.0157477893118031,-0.1034063821607074,-0.2214532871972318,0.186082276047674,0.0177777777777777,0.0517339484813533,-0.0271280276816609,-0.0669896193771626,-0.0984236831987697,0.0669896193771626,-0.2214532871972318,0.2141330257593233,0.0088581314878892,-0.1358861976163014,-0.0448442906574394,0.035432525951557,-0.0325413302575932,0.035432525951557,-0.0009842368319876,-0.0448442906574394,-0.0448442906574394,0.0553633217993079,0.0669896193771626,-0.0448442906574394,0.4237754709727028,-0.1137408688965782,0.0297731641676278,-0.059115724721261,-0.1663360246059207,-0.0246059207996924,-0.0629911572472126,0.3460207612456747,0.1085121107266436,0.0711111111111111,0.0888273740868896,0.0177777777777777,0.035432525951557,0.0415840061514801,-0.16,0.0384467512495194,0.1085121107266436,0.2069357939254133,0.1476970396001538,-0.0629911572472126,0.0482276047673971,-0.0629911572472126,0.17279507881584,-0.1034063821607074,-0.0935640138408304,-0.0199307958477508,0.0177777777777777,0.0246059207996924,-0.0271280276816609,-0.0669896193771626,0.0199307958477508,-0.1793771626297577,-0.2141330257593233,0.0517339484813533,-0.035432525951557,0.0271280276816609,,,,,0.018052214756608,-0.0382694527506828,0.7579948306083679,0.3343873620033264,-0.4781085848808288,-0.5528882145881653,0.7100348472595215,-0.5953928232192993,-0.4892823994159698,0.4344023466110229,-0.5602536797523499,-0.6668001413345337,57.348052978515625,0.0100717162713408
EXPC-197,130.85192805140076,47.90742359667932,C_band130,15,M3C-197,无法判读,冰雪,低,框内亮白疑雪/云，地面难辨,judge_C_04.csv,True,24,-0.0553633217993079,-0.01039600153787,0.1034063821607074,-0.3014225297962323,-0.075355632449058,-0.1417301038062283,-0.2441522491349481,0.2214532871972318,0.0222068435217224,0.0517339484813533,0.0482276047673971,-0.0629911572472126,-0.0022145328719723,0.0553633217993079,-0.1929104190695886,0.1929104190695886,0.0177777777777777,-0.2069357939254133,-0.1034063821607074,0.0039369473279507,-0.0629911572472126,-0.0222068435217224,-0.0061514801999231,0.0049826989619377,-0.0517339484813533,0.0448442906574394,0.0384467512495194,-0.0138408304498269,0.3936947327950788,-0.1301653210303729,-0.0138408304498269,-0.0325413302575932,-0.1245674740484429,0.0015378700499807,-0.0482276047673971,0.3553094963475586,0.0935640138408304,0.0384467512495194,0.0448442906574394,0.01039600153787,-0.0039369473279507,0.0669896193771626,-0.1358861976163014,0.0088581314878892,0.059115724721261,0.2288965782391388,0.1417301038062283,-0.0482276047673971,0.0384467512495194,-0.0711111111111111,0.16,-0.0669896193771626,-0.1245674740484429,0.0039369473279507,0.0222068435217224,0.0384467512495194,0.0553633217993079,-0.0629911572472126,-0.0448442906574394,-0.17279507881584,-0.2844444444444444,-0.0177777777777777,0.0039369473279507,0.035432525951557,,,,,0.0028216366190463,-0.0215264186263084,0.8306636214256287,0.3775337934494018,-0.4253877997398376,-0.2156277894973755,0.7281067371368408,-0.5808748602867126,-0.3539788424968719,0.1480396836996078,-0.1511936336755752,0.3260322511196136,90.43708038330078,0.1631932705640792
EXPC-198,134.57472625184886,48.350921852449126,C_band130,15,M3C-198,是,湖河滩地,低,浅色沙泥条带夹深绿植被,judge_C_04.csv,False,16,-0.0384467512495194,-0.0517339484813533,0.0482276047673971,-0.2364628988850442,-0.0222068435217224,-0.0711111111111111,-0.3014225297962323,0.2364628988850442,-0.0015378700499807,0.0482276047673971,0.0842137639369473,-0.0711111111111111,-0.0669896193771626,-0.0074432910419069,-0.2288965782391388,0.1929104190695886,0.0553633217993079,-0.0935640138408304,-0.1476970396001538,0.0984236831987697,0.0415840061514801,-0.0553633217993079,0.0448442906574394,-0.0797231833910034,-0.0448442906574394,0.1358861976163014,0.1137408688965782,-0.0384467512495194,0.4035986159169549,-0.0984236831987697,0.0177777777777777,-0.0138408304498269,-0.0384467512495194,0.0222068435217224,-0.0517339484813533,0.3278123798539023,0.1417301038062283,-0.0384467512495194,0.0553633217993079,0.0074432910419069,-0.0669896193771626,-0.0384467512495194,-0.1034063821607074,0.0984236831987697,0.0415840061514801,0.2214532871972318,0.186082276047674,-0.0517339484813533,-0.0177777777777777,-0.075355632449058,0.1793771626297577,-0.1301653210303729,-0.1034063821607074,-0.0015378700499807,0.0669896193771626,0.0049826989619377,0.0415840061514801,-0.0246059207996924,0.0177777777777777,-0.1663360246059207,-0.2364628988850442,-0.0325413302575932,-0.01039600153787,-0.0074432910419069,,,,,0.025089606642723,-0.0275449100881814,0.7046886086463928,0.3139072954654693,-0.4096630215644836,-0.4486158490180969,0.7585103511810303,-0.6264801025390625,-0.4613892138004303,0.4731765985488891,-0.5077112913131714,-0.5646480917930603,38.46254348754883,0.0481114648282527
EXPC-199,132.68278443196473,46.60881902195614,C_band130,15,M3C-199,是,草本沼泽,低,浅水浮膜灰绿面邻暗色岸,judge_C_04.csv,False,15,-0.0246059207996924,-0.0482276047673971,0.0297731641676278,-0.3188927335640138,0.0517339484813533,0.0088581314878892,-0.2364628988850442,0.1417301038062283,-0.0384467512495194,0.0669896193771626,0.0074432910419069,-0.16,-0.0711111111111111,0.0711111111111111,-0.2761399461745483,0.2214532871972318,0.0415840061514801,-0.0448442906574394,-0.0325413302575932,0.0553633217993079,-0.0482276047673971,0.0711111111111111,0.0325413302575932,-0.0482276047673971,-0.1301653210303729,0.0325413302575932,0.1137408688965782,-0.0384467512495194,0.3839138792772011,-0.1476970396001538,0.0199307958477508,-0.1085121107266436,-0.1190926566705113,-0.0177777777777777,-0.0711111111111111,0.3553094963475586,0.0935640138408304,0.0384467512495194,0.0448442906574394,0.0935640138408304,-0.0415840061514801,-0.0138408304498269,-0.0629911572472126,-0.0088581314878892,-0.0009842368319876,0.2679584775086506,0.0517339484813533,0.0120569011918492,0.0049826989619377,-0.1034063821607074,0.2288965782391388,-0.1245674740484429,-0.0415840061514801,-0.0482276047673971,-0.0120569011918492,-0.0246059207996924,-0.075355632449058,-0.0049826989619377,0.0553633217993079,-0.1417301038062283,-0.2069357939254133,-0.0669896193771626,-0.075355632449058,0.0271280276816609,,,,,0.0219374671578407,-0.0466965921223163,0.8095664978027344,0.0816959664225578,-0.1877365559339523,-0.2689490616321563,0.3026196956634521,-0.261592298746109,-0.397573173046112,0.4018867909908294,-0.4616393446922302,-0.3544328808784485,57.9987907409668,0.0648872405290603
EXPC-200,132.87664087027773,45.6104314151857,C_band130,16,M3C-200,是,草本沼泽,中,深绿斑驳水面夹浮草团,judge_C_04.csv,False,15,-0.0984236831987697,-0.2141330257593233,-0.0984236831987697,-0.17279507881584,-0.0297731641676278,-0.0074432910419069,-0.1537870049980776,0.1358861976163014,-0.0177777777777777,0.1137408688965782,0.0049826989619377,-0.1245674740484429,-0.0297731641676278,-0.0448442906574394,-0.1793771626297577,0.2844444444444444,0.0415840061514801,-0.186082276047674,-0.0222068435217224,0.0711111111111111,-0.0888273740868896,0.0711111111111111,-0.0415840061514801,-0.0049826989619377,-0.2141330257593233,0.0384467512495194,0.0935640138408304,-0.059115724721261,0.292871972318339,-0.2364628988850442,-0.1034063821607074,0.0271280276816609,-0.0797231833910034,-0.0553633217993079,-0.0325413302575932,0.2679584775086506,0.0984236831987697,-0.1190926566705113,0.0199307958477508,0.2288965782391388,-0.0842137639369473,0.0629911572472126,0.0297731641676278,-0.059115724721261,-0.0222068435217224,0.3014225297962323,-0.0325413302575932,0.0888273740868896,-0.075355632449058,-0.1663360246059207,0.186082276047674,-0.0629911572472126,-0.1034063821607074,-0.0669896193771626,0.0049826989619377,-0.0325413302575932,0.0271280276816609,0.0888273740868896,0.0022145328719723,-0.0246059207996924,-0.1793771626297577,-0.1537870049980776,-0.0074432910419069,0.1663360246059207,,,,,0.0224859099835157,-0.0200651083141565,0.8213421106338501,-0.1053984612226486,0.1346358805894851,0.5649191737174988,0.1376811563968658,-0.0290262177586555,0.4963924884796142,-0.0015455950051546,0.1106011942028999,0.4379085004329681,73.18256378173828,0.0905515700578689
EXPC-201,130.49215278011087,45.69029164394393,C_band130,16,M3C-201,否,水体,中,方形绿塘藻华，周为田埂路,judge_C_04.csv,False,23,-0.0448442906574394,-0.186082276047674,0.1417301038062283,-0.3188927335640138,-0.1358861976163014,-0.0669896193771626,-0.2761399461745483,0.2141330257593233,0.0246059207996924,0.1663360246059207,0.0297731641676278,-0.0482276047673971,0.1034063821607074,0.0246059207996924,-0.1417301038062283,0.2069357939254133,0.1537870049980776,-0.0842137639369473,-0.1085121107266436,-0.1301653210303729,-0.0222068435217224,0.0271280276816609,-0.0448442906574394,-0.0271280276816609,-0.186082276047674,0.0384467512495194,-0.0246059207996924,0.0030142252979623,0.3188927335640138,0.0325413302575932,-0.0629911572472126,-0.0482276047673971,-0.0711111111111111,-0.1085121107266436,-0.0842137639369473,0.1793771626297577,-0.0325413302575932,-0.0325413302575932,0.0553633217993079,0.1537870049980776,-0.1034063821607074,0.0553633217993079,-0.0325413302575932,-0.0177777777777777,-0.075355632449058,0.2844444444444444,0.0629911572472126,0.0888273740868896,0.0138408304498269,-0.2679584775086506,0.2141330257593233,-0.0297731641676278,-0.0888273740868896,-0.059115724721261,0.035432525951557,-0.0629911572472126,0.01039600153787,0.0222068435217224,-0.0030142252979623,-0.0061514801999231,-0.1417301038062283,-0.1537870049980776,0.0448442906574394,-0.01039600153787,,,,,0.0079325735569,-0.0374507419764995,0.7601742148399353,-0.1277384608983993,0.189223051071167,0.3528153896331787,0.0622981078922748,0.1063664630055427,0.0961538478732109,-0.0046403710730373,0.1359516680240631,-0.1675276756286621,324.06085205078125,0.1618894636631012
EXPC-202,132.3884963448872,46.42843731290494,C_band130,16,M3C-202,是,湖河滩地,低,大片浅灰绿平滑滩，疑湿泥,judge_C_04.csv,False,16,-0.0415840061514801,-0.0984236831987697,-0.059115724721261,-0.2214532871972318,-0.0297731641676278,0.0157477893118031,-0.1793771626297577,0.1663360246059207,-0.0297731641676278,0.1034063821607074,0.059115724721261,-0.16,0.0039369473279507,-0.0246059207996924,-0.2288965782391388,0.1998615916955017,0.0482276047673971,-0.1358861976163014,-0.0088581314878892,0.0842137639369473,-0.1137408688965782,0.0984236831987697,0.0039369473279507,0.0415840061514801,-0.2214532871972318,0.0384467512495194,0.0984236831987697,-0.0711111111111111,0.3100961168781238,-0.2069357939254133,-0.059115724721261,0.0199307958477508,-0.0138408304498269,-0.0482276047673971,-0.0222068435217224,0.2761399461745483,0.0888273740868896,-0.1034063821607074,0.0138408304498269,0.1245674740484429,-0.1085121107266436,0.0177777777777777,0.0797231833910034,-0.0888273740868896,-0.0482276047673971,0.3188927335640138,-0.0517339484813533,0.0935640138408304,-0.0711111111111111,-0.1245674740484429,0.2214532871972318,-0.075355632449058,-0.1245674740484429,-0.0711111111111111,0.0448442906574394,-0.0797231833910034,0.0157477893118031,0.059115724721261,0.0049826989619377,-0.1085121107266436,-0.1998615916955017,-0.2069357939254133,-0.0517339484813533,0.1301653210303729,,,,,0.0069808028638362,0.0080229230225086,0.8280072808265686,-0.2171079367399215,0.1954792737960815,0.5289078950881958,0.0206006448715925,0.0654545426368713,0.5694676637649536,0.0593103431165218,0.0141206672415137,0.6492692828178406,64.5,0.0648872405290603
EXPC-203,132.7966009784627,46.765664870563405,C_band130,16,M3C-203,否,水体,低,均一深绿水面，邻芦苇岸带,judge_C_04.csv,False,23,-0.0222068435217224,-0.0888273740868896,-0.059115724721261,-0.2141330257593233,-0.0049826989619377,-0.0157477893118031,-0.2069357939254133,0.1301653210303729,-0.0222068435217224,0.0984236831987697,-0.01039600153787,-0.1417301038062283,-0.0448442906574394,-0.0138408304498269,-0.2288965782391388,0.2679584775086506,0.0297731641676278,-0.0711111111111111,-0.0074432910419069,0.0984236831987697,-0.0517339484813533,0.1301653210303729,0.0009842368319876,0.035432525951557,-0.1929104190695886,-0.0049826989619377,0.0935640138408304,-0.1137408688965782,0.3553094963475586,-0.2288965782391388,-0.059115724721261,0.0049826989619377,-0.0669896193771626,-0.0384467512495194,-0.0629911572472126,0.3188927335640138,0.1417301038062283,-0.0138408304498269,0.0222068435217224,0.0842137639369473,-0.1034063821607074,0.0074432910419069,0.0049826989619377,-0.0271280276816609,-0.0177777777777777,0.3100961168781238,-0.0384467512495194,0.0629911572472126,-0.0482276047673971,-0.1085121107266436,0.2599000384467512,-0.0984236831987697,-0.0669896193771626,-0.0246059207996924,-0.0246059207996924,-0.0384467512495194,-0.0325413302575932,0.035432525951557,0.0049826989619377,-0.0797231833910034,-0.1998615916955017,-0.1301653210303729,-0.0629911572472126,0.1537870049980776,,,,,0.0138771841302514,-0.027325514703989,0.8381925821304321,-0.2088974863290786,0.208131656050682,0.5503105521202087,0.0283251237124204,0.0489749424159526,0.1732484102249145,0.0502673797309398,-0.0826901867985725,-0.0765815749764442,55.574806213378906,0.0648872405290603
EXPC-204,131.2790769689996,45.28039037980019,C_band130,16,M3C-204,是,湖河滩地,中,宽阔浅色沙泥滩带，邻水,judge_C_04.csv,False,16,-0.059115724721261,-0.1417301038062283,-0.0157477893118031,-0.2069357939254133,-0.0517339484813533,0.0022145328719723,-0.186082276047674,0.1663360246059207,0.0061514801999231,0.075355632449058,0.0517339484813533,-0.1085121107266436,0.0517339484813533,0.0157477893118031,-0.1301653210303729,0.1998615916955017,-0.0015378700499807,-0.2214532871972318,-0.0157477893118031,-0.0030142252979623,-0.1476970396001538,0.0448442906574394,-0.0415840061514801,-0.0177777777777777,-0.2441522491349481,-0.0199307958477508,0.1301653210303729,-0.0888273740868896,0.2761399461745483,-0.2069357939254133,-0.0271280276816609,0.0384467512495194,-0.0797231833910034,-0.0482276047673971,-0.0669896193771626,0.3100961168781238,0.0384467512495194,-0.0984236831987697,0.0482276047673971,0.2141330257593233,-0.0384467512495194,0.1190926566705113,0.0888273740868896,-0.0842137639369473,-0.035432525951557,0.3100961168781238,-0.0517339484813533,0.0888273740868896,-0.0888273740868896,-0.2364628988850442,0.1537870049980776,-0.035432525951557,-0.1358861976163014,-0.0482276047673971,-0.0039369473279507,-0.1190926566705113,0.0199307958477508,0.035432525951557,0.0039369473279507,-0.0935640138408304,-0.1663360246059207,-0.1663360246059207,-0.0074432910419069,0.1137408688965782,,,,,0.0094321947544813,-0.0270098503679037,0.8333133459091187,-0.0149072101339697,-0.0661837309598922,0.3320807814598083,0.1257035583257675,-0.1916583925485611,0.4095238149166107,0.0749601274728775,-0.156089186668396,0.2834782600402832,160.5,0.1022680774331092
EXPC-205,132.19508906421626,46.63424134449672,C_band130,16,M3C-205,否,草地,低,均一绿面，未见湿迹结构,judge_C_04.csv,False,11,0.0061514801999231,-0.0888273740868896,-0.0325413302575932,-0.2364628988850442,-0.01039600153787,0.035432525951557,-0.1417301038062283,0.1793771626297577,-0.0629911572472126,0.1034063821607074,0.0629911572472126,-0.1476970396001538,-0.000553633217993,-0.0222068435217224,-0.2288965782391388,0.2069357939254133,0.0629911572472126,-0.1998615916955017,0.0120569011918492,0.0711111111111111,-0.0935640138408304,0.0711111111111111,-0.0022145328719723,0.0384467512495194,-0.1929104190695886,0.0177777777777777,0.0984236831987697,-0.0888273740868896,0.292871972318339,-0.2069357939254133,-0.0448442906574394,0.035432525951557,0.0088581314878892,-0.0415840061514801,-0.0177777777777777,0.2599000384467512,0.0935640138408304,-0.0935640138408304,-0.0039369473279507,0.16,-0.0888273740868896,0.035432525951557,0.0629911572472126,-0.0935640138408304,-0.0482276047673971,0.3100961168781238,-0.0797231833910034,0.0984236831987697,-0.0553633217993079,-0.1476970396001538,0.2069357939254133,-0.075355632449058,-0.1358861976163014,-0.075355632449058,0.0222068435217224,-0.0935640138408304,6.151480199923106e-05,0.0482276047673971,0.0138408304498269,-0.0888273740868896,-0.2214532871972318,-0.2141330257593233,-0.075355632449058,0.1663360246059207,,,,,0.000369230780052,-0.0053184912540018,0.817606508731842,-0.2885653972625732,0.3395815193653106,0.8294389247894287,-0.0736059471964836,0.0095389503985643,0.446469247341156,-0.2443285584449768,0.1848101317882537,0.7191836833953857,62.6314697265625,0.0648872405290603
EXPC-206,131.62897077216414,45.17941974186516,C_band130,16,M3C-206,是,湖河滩地,低,斑驳浅色湿滩，稀疏草点,judge_C_04.csv,False,16,-0.0669896193771626,-0.1793771626297577,-0.0553633217993079,-0.1663360246059207,-0.0325413302575932,0.0199307958477508,-0.1537870049980776,0.1537870049980776,-0.0222068435217224,0.0984236831987697,0.0415840061514801,-0.1476970396001538,0.0271280276816609,-0.035432525951557,-0.1417301038062283,0.2519646289888504,0.0415840061514801,-0.1929104190695886,0.0120569011918492,0.0384467512495194,-0.1034063821607074,0.0711111111111111,-0.0039369473279507,0.0297731641676278,-0.2141330257593233,-0.0297731641676278,0.1137408688965782,-0.1190926566705113,0.2844444444444444,-0.1793771626297577,-0.1034063821607074,0.0888273740868896,-0.0553633217993079,-0.0797231833910034,-0.0553633217993079,0.2679584775086506,0.0711111111111111,-0.1358861976163014,0.0177777777777777,0.186082276047674,-0.0711111111111111,0.0842137639369473,0.0935640138408304,-0.0482276047673971,-0.0177777777777777,0.3014225297962323,-0.0842137639369473,0.1085121107266436,-0.0842137639369473,-0.2214532871972318,0.16,-0.0517339484813533,-0.1417301038062283,-0.0246059207996924,0.0138408304498269,-0.0984236831987697,0.0039369473279507,0.0629911572472126,0.0448442906574394,-0.0222068435217224,-0.1998615916955017,-0.1929104190695886,0.0088581314878892,0.1417301038062283,,,,,-0.0067178504541516,-0.003879728494212,0.8539997935295105,-0.1666666716337204,0.1654879748821258,0.4133790731430053,0.0040322579443454,0.0459770113229751,0.3247068226337433,-0.0271473079919815,0.0618025735020637,0.4408852756023407,193.4901428222656,0.1022680774331092
EXPC-207,130.608843935518,48.76576385065552,C_band130,16,M3C-207,否,水体,中,框内近黑明水，岸为绿植被,judge_C_04.csv,False,23,-0.075355632449058,-0.1301653210303729,0.0984236831987697,-0.2519646289888504,-0.0517339484813533,-0.0629911572472126,-0.2519646289888504,0.2599000384467512,0.0384467512495194,0.0553633217993079,0.0629911572472126,-0.1476970396001538,0.0297731641676278,0.0325413302575932,-0.2288965782391388,0.2599000384467512,0.1245674740484429,-0.1358861976163014,-0.1137408688965782,-0.0271280276816609,-0.0199307958477508,0.0629911572472126,-0.01039600153787,-0.0448442906574394,-0.1663360246059207,0.0553633217993079,0.0842137639369473,0.0271280276816609,0.3278123798539023,-0.2214532871972318,0.0157477893118031,0.0553633217993079,-0.0669896193771626,-0.0222068435217224,-0.0797231833910034,0.2679584775086506,0.075355632449058,-0.000553633217993,-0.0222068435217224,0.0842137639369473,-0.035432525951557,-0.0415840061514801,-0.0138408304498269,0.0669896193771626,0.0222068435217224,0.2761399461745483,-0.0384467512495194,0.0482276047673971,-0.0553633217993079,-0.2069357939254133,0.1358861976163014,-0.0415840061514801,-0.059115724721261,0.035432525951557,0.0039369473279507,0.0711111111111111,0.075355632449058,0.0138408304498269,0.0222068435217224,-0.0325413302575932,-0.2679584775086506,-0.0517339484813533,0.01039600153787,0.1476970396001538,,,,,0.0034947579260915,-0.0205635949969291,0.8176678419113159,-0.0986151918768882,0.1109271496534347,0.7417261600494385,0.1389521658420562,-0.1857707500457763,-0.3223684132099151,0.1132075488567352,-0.1883182227611541,-0.3526104390621185,80.97373962402344,0.0640474185347557
EXPC-208,130.7665880994094,47.99599748369351,C_band130,16,M3C-208,是,草本沼泽,低,深绿近水面，带暗湿斑,judge_C_04.csv,False,15,-0.0384467512495194,-0.1537870049980776,0.0842137639369473,-0.2761399461745483,-0.0448442906574394,-0.0297731641676278,-0.2441522491349481,0.16,0.0022145328719723,0.0669896193771626,0.0984236831987697,-0.1137408688965782,0.0199307958477508,-0.0138408304498269,-0.2679584775086506,0.2364628988850442,0.0888273740868896,-0.1537870049980776,-0.1085121107266436,-0.000553633217993,0.0074432910419069,0.0935640138408304,0.0271280276816609,0.0517339484813533,-0.1998615916955017,0.0120569011918492,0.0199307958477508,-0.0271280276816609,0.3460207612456747,-0.1929104190695886,-0.0177777777777777,0.0888273740868896,-0.0271280276816609,-0.059115724721261,-0.0935640138408304,0.2519646289888504,0.0842137639369473,-0.0177777777777777,0.0297731641676278,0.1476970396001538,-0.0629911572472126,-0.0553633217993079,0.035432525951557,0.0711111111111111,-0.01039600153787,0.292871972318339,-0.0246059207996924,0.01039600153787,-0.035432525951557,-0.2288965782391388,0.16,0.0022145328719723,-0.01039600153787,-0.0009842368319876,-0.0629911572472126,0.0030142252979623,0.0271280276816609,-0.0009842368319876,0.0157477893118031,-0.0177777777777777,-0.2599000384467512,-0.0797231833910034,-0.0177777777777777,0.1358861976163014,,,,,-0.0111654382199049,-0.0154376495629549,0.8428952097892761,-0.0706840381026268,0.039878848940134,0.8168455362319946,0.0923913046717643,-0.0973612368106842,0.0184804927557706,0.1949630975723266,-0.2379667162895202,0.0304136257618665,65.0,0.1631932705640792
EXPC-209,130.32668310477607,48.54100536656882,C_band130,16,M3C-209,否,水体,中,深褐水面泡沼，自然岸线,judge_C_04.csv,False,23,-0.059115724721261,-0.1190926566705113,0.0297731641676278,-0.3014225297962323,-0.0553633217993079,-0.0984236831987697,-0.2141330257593233,0.1417301038062283,0.0199307958477508,0.0984236831987697,0.0246059207996924,-0.0553633217993079,0.0297731641676278,-0.0061514801999231,-0.2214532871972318,0.2141330257593233,0.0888273740868896,-0.1663360246059207,-0.0842137639369473,0.0120569011918492,-0.0669896193771626,0.075355632449058,-0.0271280276816609,-0.0222068435217224,-0.2069357939254133,-0.0157477893118031,0.0271280276816609,0.0384467512495194,0.3742560553633218,-0.2141330257593233,-0.0120569011918492,-0.0297731641676278,-0.0669896193771626,-0.0517339484813533,-0.0325413302575932,0.3014225297962323,0.0553633217993079,-0.0669896193771626,0.0482276047673971,0.1417301038062283,-0.0797231833910034,0.0271280276816609,-0.0088581314878892,0.0074432910419069,0.0271280276816609,0.3014225297962323,0.0415840061514801,0.0009842368319876,-0.075355632449058,-0.1476970396001538,0.1537870049980776,-0.0482276047673971,-0.1245674740484429,-0.0199307958477508,-0.0049826989619377,-0.0009842368319876,0.0030142252979623,-0.0061514801999231,-0.0120569011918492,-0.1793771626297577,-0.2441522491349481,-0.1245674740484429,-0.0061514801999231,0.1245674740484429,,,,,-0.0017667844658717,-0.0080285463482141,0.7770675420761108,-0.1802120208740234,0.2230408638715744,0.5293132066726685,0.1762414872646331,-0.0404823422431945,0.0680728703737258,-0.1677852421998977,0.1640449464321136,0.060388945043087,110.40733337402344,0.0640474185347557
EXPC-210,133.18368503438978,46.14160524268558,C_band130,16,M3C-210,否,水体,中,村庄旁深色水塘,judge_C_04.csv,False,23,-0.0517339484813533,-0.1190926566705113,-0.0061514801999231,-0.2844444444444444,-0.0271280276816609,-0.0888273740868896,-0.2599000384467512,0.1358861976163014,0.0157477893118031,0.075355632449058,0.035432525951557,-0.1085121107266436,0.0049826989619377,-0.0246059207996924,-0.2441522491349481,0.2069357939254133,0.0482276047673971,-0.16,-0.0935640138408304,0.0629911572472126,-0.035432525951557,0.075355632449058,-0.0711111111111111,-0.0271280276816609,-0.186082276047674,0.0384467512495194,0.0842137639369473,-0.0177777777777777,0.4136255286428297,-0.17279507881584,0.0049826989619377,-0.0022145328719723,-0.059115724721261,-0.0297731641676278,-0.0415840061514801,0.3278123798539023,0.0842137639369473,-0.0199307958477508,0.0448442906574394,0.0711111111111111,-0.0935640138408304,-0.0138408304498269,-0.0246059207996924,0.0177777777777777,0.0553633217993079,0.3014225297962323,0.0669896193771626,0.0074432910419069,-0.059115724721261,-0.1085121107266436,0.1663360246059207,-0.0629911572472126,-0.1190926566705113,-0.0120569011918492,-0.0049826989619377,0.0061514801999231,0.0448442906574394,-0.0074432910419069,0.0482276047673971,-0.16,-0.186082276047674,-0.0984236831987697,-0.035432525951557,0.1137408688965782,,,,,0.0033802089747041,-0.0196397192776203,0.8245168924331665,0.0714285746216774,0.0345937237143516,0.1502683311700821,0.2228412330150604,0.0244444441050291,0.052511416375637,-0.2394821941852569,0.403553307056427,0.3151010572910309,65.0,0.0100717162713408
EXPC-211,130.6440578946555,47.547917819974685,C_band130,16,M3C-211,否,水体,高,大面积深色明水面,judge_C_04.csv,False,23,-0.0157477893118031,-0.1245674740484429,-0.0177777777777777,-0.1929104190695886,-0.0246059207996924,0.0002460592079969,-0.186082276047674,0.1929104190695886,-0.0049826989619377,0.0888273740868896,0.0325413302575932,-0.1137408688965782,0.0061514801999231,-0.0061514801999231,-0.1663360246059207,0.2441522491349481,0.0888273740868896,-0.1245674740484429,-0.0797231833910034,0.0669896193771626,-0.0325413302575932,0.075355632449058,0.0177777777777777,0.01039600153787,-0.2069357939254133,0.0039369473279507,0.1085121107266436,-0.1034063821607074,0.3742560553633218,-0.1929104190695886,-0.0629911572472126,0.1190926566705113,-0.0517339484813533,-0.0669896193771626,-0.0842137639369473,0.3014225297962323,0.1034063821607074,-0.1034063821607074,0.01039600153787,0.1245674740484429,-0.0797231833910034,-0.0009842368319876,0.0553633217993079,-0.0049826989619377,-0.0157477893118031,0.292871972318339,-0.0448442906574394,0.0553633217993079,-0.1190926566705113,-0.1793771626297577,0.17279507881584,-0.0629911572472126,-0.1085121107266436,0.0138408304498269,0.0022145328719723,-0.0415840061514801,-0.0325413302575932,0.0271280276816609,0.0384467512495194,-0.0888273740868896,-0.2364628988850442,-0.1663360246059207,-0.0517339484813533,0.17279507881584,,,,,0.0066421111114323,-0.0260655488818883,0.8374361395835876,-0.1729141473770141,0.2697508931159973,0.3760123550891876,0.104895107448101,0.1270718276500702,0.2605561316013336,0.1930333822965622,-0.0773263424634933,0.2639138102531433,96.0,0.1631932705640792
EXPC-212,130.03437131132358,47.80977672529553,C_band130,16,M3C-212,否,水体,中,青绿规整水塘，边为土埂,judge_C_04.csv,False,23,-0.0797231833910034,-0.0984236831987697,0.0157477893118031,-0.3100961168781238,-0.0325413302575932,-0.0935640138408304,-0.2141330257593233,0.16,0.0246059207996924,0.1034063821607074,0.0246059207996924,-0.0888273740868896,0.0517339484813533,-0.01039600153787,-0.2364628988850442,0.2141330257593233,0.0935640138408304,-0.1417301038062283,-0.1034063821607074,0.0177777777777777,-0.0711111111111111,0.0629911572472126,-0.0009842368319876,-0.0325413302575932,-0.1998615916955017,-0.0553633217993079,0.0088581314878892,0.0138408304498269,0.3647212610534409,-0.2141330257593233,0.0009842368319876,-0.0177777777777777,-0.0297731641676278,-0.075355632449058,-0.0177777777777777,0.292871972318339,0.059115724721261,-0.0222068435217224,0.0246059207996924,0.0984236831987697,-0.0711111111111111,0.0199307958477508,-0.035432525951557,0.035432525951557,0.0384467512495194,0.3100961168781238,0.0384467512495194,-0.0177777777777777,-0.075355632449058,-0.1190926566705113,0.1537870049980776,-0.035432525951557,-0.1476970396001538,0.0199307958477508,0.0271280276816609,0.0157477893118031,0.0177777777777777,-0.0222068435217224,-0.0030142252979623,-0.17279507881584,-0.2679584775086506,-0.1137408688965782,0.0009842368319876,0.1085121107266436,,,,,0.0008460714016109,-0.019828725606203,0.8278670907020569,0.0139275770634412,0.0284697506576776,0.5389394164085388,0.1384062319993972,0.0165631473064422,0.1739390343427658,0.0176125243306159,0.0861159935593605,0.0,215.7945556640625,0.1631932705640792
EXPC-213,134.30047059560718,48.2191390002688,C_band130,16,M3C-213,否,水田,低,浅色平滑湿面，邻条田格田,judge_C_04.csv,False,3,-0.0271280276816609,-0.0415840061514801,0.0448442906574394,-0.3460207612456747,0.0074432910419069,-0.0448442906574394,-0.2761399461745483,0.1358861976163014,0.0199307958477508,0.0553633217993079,0.0297731641676278,-0.0553633217993079,-0.0271280276816609,0.0448442906574394,-0.2214532871972318,0.186082276047674,0.0177777777777777,-0.0629911572472126,-0.0669896193771626,0.0517339484813533,-0.0415840061514801,0.0669896193771626,0.0415840061514801,-0.075355632449058,-0.17279507881584,0.1085121107266436,0.1190926566705113,-0.0049826989619377,0.3742560553633218,-0.1793771626297577,0.0415840061514801,-0.0629911572472126,-0.1034063821607074,-0.0246059207996924,-0.0325413302575932,0.3368550557477893,0.0517339484813533,0.0517339484813533,0.1034063821607074,0.0935640138408304,-0.0061514801999231,0.0061514801999231,-0.0482276047673971,-0.0039369473279507,-0.0009842368319876,0.3014225297962323,0.1085121107266436,0.0325413302575932,0.0177777777777777,-0.1137408688965782,0.2069357939254133,-0.075355632449058,-0.0669896193771626,-0.0415840061514801,0.0039369473279507,-0.0157477893118031,-0.0271280276816609,-0.0138408304498269,0.0030142252979623,-0.2141330257593233,-0.2141330257593233,-0.0517339484813533,-0.0448442906574394,0.0553633217993079,,,,,0.025592416524887,-0.0413859486579895,0.7634170651435852,0.1219178065657615,-0.2178438603878021,-0.2704576849937439,0.0984284505248069,-0.1651677936315536,-0.3107569813728332,-0.1505882292985916,0.2000000029802322,-0.2772772908210754,39.91326904296875,0.0481114648282527
EXPC-214,132.33980765648792,47.61726775990872,C_band130,16,M3C-214,否,水体,中,深绿水面有岛，岸为田草,judge_C_04.csv,False,23,-0.0415840061514801,-0.0935640138408304,-0.0415840061514801,-0.2679584775086506,-0.0222068435217224,-0.0297731641676278,-0.186082276047674,0.1998615916955017,-0.0157477893118031,0.0711111111111111,0.0088581314878892,-0.1085121107266436,0.0049826989619377,0.0120569011918492,-0.1929104190695886,0.2288965782391388,0.0271280276816609,-0.1137408688965782,-0.0482276047673971,0.0517339484813533,-0.0711111111111111,0.075355632449058,0.0049826989619377,0.0157477893118031,-0.2069357939254133,0.0297731641676278,0.1301653210303729,-0.0553633217993079,0.3460207612456747,-0.2364628988850442,-0.0482276047673971,-0.0049826989619377,-0.0669896193771626,-0.035432525951557,-0.0177777777777777,0.3100961168781238,0.0711111111111111,-0.0553633217993079,0.0448442906574394,0.1245674740484429,-0.0711111111111111,0.0384467512495194,0.0482276047673971,-0.0517339484813533,-0.0297731641676278,0.3188927335640138,-0.0120569011918492,0.0935640138408304,-0.0711111111111111,-0.1358861976163014,0.1998615916955017,-0.0669896193771626,-0.1137408688965782,-0.0297731641676278,0.0074432910419069,-0.075355632449058,-0.0199307958477508,0.0157477893118031,0.0120569011918492,-0.1245674740484429,-0.2364628988850442,-0.16,-0.0669896193771626,0.1358861976163014,,,,,0.0036428305320441,-0.020265344530344,0.8351630568504333,-0.0017129153711721,0.0188552197068929,0.2031809091567993,0.3146853148937225,-0.0621468909084796,0.3934942185878753,-0.1055155843496322,0.270772248506546,0.4207650125026703,51.69990539550781,0.0145089849829673
EXPC-215,130.7944358732171,46.348217758033066,C_band130,16,M3C-215,否,水体,高,深色水塘紧邻村舍大棚,judge_C_04.csv,False,23,-0.0553633217993079,-0.1085121107266436,0.0711111111111111,-0.3100961168781238,-0.0482276047673971,-0.0669896193771626,-0.2141330257593233,0.1929104190695886,0.0061514801999231,0.1358861976163014,0.0246059207996924,-0.0711111111111111,0.0669896193771626,0.0246059207996924,-0.1998615916955017,0.186082276047674,0.0984236831987697,-0.1358861976163014,-0.0984236831987697,0.0271280276816609,-0.0711111111111111,0.0797231833910034,-0.0120569011918492,-0.01039600153787,-0.1998615916955017,-0.0842137639369473,-0.0015378700499807,0.0177777777777777,0.3647212610534409,-0.1929104190695886,0.0022145328719723,-0.0177777777777777,-0.0177777777777777,-0.0669896193771626,-0.0888273740868896,0.2599000384467512,-0.0061514801999231,-0.0448442906574394,0.0088581314878892,0.16,-0.0888273740868896,0.0517339484813533,-0.000553633217993,-0.0049826989619377,0.0120569011918492,0.3188927335640138,0.0246059207996924,0.01039600153787,-0.0888273740868896,-0.1537870049980776,0.17279507881584,-0.0297731641676278,-0.1034063821607074,-0.0177777777777777,-0.01039600153787,0.0297731641676278,0.0199307958477508,0.0199307958477508,-0.0222068435217224,-0.1358861976163014,-0.2761399461745483,-0.1417301038062283,-0.0088581314878892,0.1085121107266436,,,,,0.0048015895299613,-0.0307422298938035,0.7968093752861023,-0.0915178582072258,0.1458551883697509,0.2900177240371704,0.1329923272132873,0.0044943820685148,0.2521008551120758,-0.077625572681427,0.1014234870672226,0.1420664191246032,185.25201416015625,0.0630452111363411
EXPC-216,131.71997011044544,47.704763668581954,C_band130,16,M3C-216,否,草地,低,细纹褐绿草被，未见湿斑,judge_C_04.csv,False,11,-0.035432525951557,-0.1034063821607074,-0.0448442906574394,-0.1663360246059207,0.0074432910419069,0.0482276047673971,-0.17279507881584,0.1358861976163014,-0.0384467512495194,0.1034063821607074,-0.0022145328719723,-0.1537870049980776,-0.0061514801999231,0.01039600153787,-0.2288965782391388,0.2679584775086506,0.1085121107266436,-0.1417301038062283,-0.0325413302575932,0.1034063821607074,-0.0415840061514801,0.0797231833910034,0.0061514801999231,0.0157477893118031,-0.1998615916955017,0.0222068435217224,0.1417301038062283,-0.1358861976163014,0.3368550557477893,-0.2069357939254133,-0.0629911572472126,0.1417301038062283,-0.0271280276816609,-0.0935640138408304,-0.0553633217993079,0.2599000384467512,0.1190926566705113,-0.0669896193771626,-0.0030142252979623,0.1245674740484429,-0.0935640138408304,-0.0415840061514801,0.0297731641676278,-0.0415840061514801,-0.0030142252979623,0.2679584775086506,-0.0669896193771626,0.0984236831987697,-0.0842137639369473,-0.1929104190695886,0.2214532871972318,-0.0935640138408304,-0.0842137639369473,-0.0074432910419069,-0.01039600153787,-0.0448442906574394,-0.0088581314878892,0.0325413302575932,0.0517339484813533,-0.0384467512495194,-0.2069357939254133,-0.1793771626297577,-0.0325413302575932,0.186082276047674,,,,,0.0049324231222271,-0.0240522511303424,0.8436779379844666,-0.1627151668071746,0.2180770337581634,0.8545370697975159,-0.1476510018110275,0.0879712775349617,-0.0894064605236053,0.1442136466503143,-0.2857619225978851,0.0693959072232246,53.0,0.0770410150289535
EXPC-217,132.79031277147385,46.11708123542911,C_band130,16,M3C-217,否,水体,中,灰绿含沙水面，边有岸带,judge_C_04.csv,False,23,-0.0553633217993079,-0.2069357939254133,-0.0297731641676278,-0.2069357939254133,-0.0271280276816609,-0.0199307958477508,-0.1301653210303729,0.1537870049980776,-0.0415840061514801,0.0888273740868896,0.0199307958477508,-0.1301653210303729,0.0629911572472126,-0.0629911572472126,-0.1537870049980776,0.2441522491349481,0.0711111111111111,-0.186082276047674,-0.0022145328719723,0.0074432910419069,-0.075355632449058,0.075355632449058,-0.0482276047673971,0.0088581314878892,-0.2214532871972318,0.0074432910419069,0.1476970396001538,-0.0984236831987697,0.2761399461745483,-0.2069357939254133,-0.0797231833910034,0.1190926566705113,-0.059115724721261,-0.0482276047673971,-0.0797231833910034,0.2141330257593233,0.0448442906574394,-0.1537870049980776,0.0517339484813533,0.1793771626297577,-0.0271280276816609,0.0448442906574394,0.0842137639369473,-0.0553633217993079,-0.0088581314878892,0.3100961168781238,-0.0553633217993079,0.0984236831987697,-0.0797231833910034,-0.2761399461745483,0.1663360246059207,-0.0553633217993079,-0.1245674740484429,-0.0553633217993079,-0.01039600153787,-0.0984236831987697,0.0325413302575932,0.059115724721261,0.0482276047673971,-0.0415840061514801,-0.186082276047674,-0.1417301038062283,0.0297731641676278,0.1663360246059207,,,,,0.0187833439558744,-0.0146194230765104,0.7906644344329834,-0.1175104528665542,0.1284403651952743,0.644385039806366,-0.2611218690872192,0.2681992352008819,0.398099273443222,-0.2307692319154739,0.2131808996200561,0.5565142631530762,103.1824722290039,0.0648872405290603
EXPC-218,132.68494038864662,46.19954657851129,C_band130,16,M3C-218,否,水体,高,矩形深绿水塘，边为耕地路,judge_C_04.csv,False,23,-0.0448442906574394,-0.1537870049980776,0.0061514801999231,-0.2679584775086506,-0.0157477893118031,-0.1137408688965782,-0.2364628988850442,0.1998615916955017,-0.01039600153787,0.0711111111111111,0.0246059207996924,-0.1137408688965782,0.0157477893118031,0.0222068435217224,-0.2288965782391388,0.2069357939254133,0.0271280276816609,-0.1476970396001538,-0.0888273740868896,0.0553633217993079,-0.0384467512495194,0.0448442906574394,-0.0517339484813533,-0.0120569011918492,-0.1663360246059207,0.0482276047673971,0.1190926566705113,-0.0669896193771626,0.3647212610534409,-0.2214532871972318,-0.0325413302575932,-0.0384467512495194,-0.0935640138408304,-0.0199307958477508,-0.0384467512495194,0.3460207612456747,0.0984236831987697,-0.01039600153787,0.0711111111111111,0.0711111111111111,-0.0669896193771626,0.0222068435217224,-0.0384467512495194,-0.0384467512495194,-0.0157477893118031,0.2761399461745483,0.0482276047673971,0.0797231833910034,-0.0448442906574394,-0.1476970396001538,0.186082276047674,-0.0517339484813533,-0.1085121107266436,0.0325413302575932,0.0222068435217224,-0.035432525951557,-0.0061514801999231,0.0415840061514801,0.0246059207996924,-0.1034063821607074,-0.2364628988850442,-0.0935640138408304,-0.0448442906574394,0.1190926566705113,,,,,0.0075059705413877,-0.0128622874617576,0.784252941608429,0.0407876223325729,0.0414507761597633,0.2017937153577804,0.0857664197683334,0.0066777961328625,-0.0665634647011756,-0.0257289875298738,0.1497005969285965,0.0726256966590881,111.47870635986328,0.0648872405290603
EXPC-219,132.4532648768722,46.45170367876364,C_band130,16,M3C-219,否,水体,中,褐色含沙河道水面,judge_C_04.csv,False,23,-0.0246059207996924,-0.0325413302575932,0.0297731641676278,-0.3014225297962323,0.0030142252979623,-0.0448442906574394,-0.2519646289888504,0.1476970396001538,-0.0384467512495194,0.0669896193771626,0.035432525951557,-0.0842137639369473,-0.000553633217993,0.0629911572472126,-0.2519646289888504,0.17279507881584,0.0271280276816609,-0.0669896193771626,-0.0629911572472126,0.0482276047673971,-0.0935640138408304,0.0935640138408304,0.0138408304498269,-0.0271280276816609,-0.1929104190695886,0.0448442906574394,0.0888273740868896,-0.0415840061514801,0.3553094963475586,-0.2364628988850442,-0.0138408304498269,-0.0935640138408304,-0.0797231833910034,-0.0030142252979623,-0.0246059207996924,0.3368550557477893,0.0384467512495194,0.0384467512495194,0.0553633217993079,0.1190926566705113,-0.0935640138408304,0.0629911572472126,0.0030142252979623,-0.059115724721261,-0.0384467512495194,0.3100961168781238,0.0415840061514801,0.0888273740868896,0.0049826989619377,-0.0842137639369473,0.2141330257593233,-0.0138408304498269,-0.0669896193771626,-0.0246059207996924,-0.0061514801999231,-0.059115724721261,-0.0271280276816609,0.0120569011918492,-0.0088581314878892,-0.16,-0.2288965782391388,-0.1301653210303729,-0.0669896193771626,0.0711111111111111,,,,,0.0045289853587746,-0.0234758034348487,0.794382631778717,-0.0884109884500503,0.0938242301344871,0.0822561681270599,-0.0399680249392986,-0.0470793358981609,0.2498570680618286,0.0571814514696598,-0.0208695661276578,-0.1902193427085876,61.50935363769531,0.0648872405290603
EXPC-220,130.35435121552695,42.79457232558465,C_band130,21,M3C-220,否,不透水面,低,村内路缘硬面加建筑阴影,judge_C_04.csv,False,21,-0.0448442906574394,-0.1537870049980776,0.2679584775086506,-0.2069357939254133,-0.1190926566705113,0.0015378700499807,-0.2519646289888504,0.1929104190695886,-0.1190926566705113,0.0448442906574394,0.16,-0.0669896193771626,0.1358861976163014,0.0246059207996924,-0.1793771626297577,-0.0984236831987697,0.035432525951557,0.1417301038062283,-0.1190926566705113,0.0797231833910034,-0.0842137639369473,0.0222068435217224,0.0935640138408304,0.0448442906574394,-0.0629911572472126,0.3742560553633218,0.0120569011918492,-0.0271280276816609,0.1793771626297577,-0.0935640138408304,0.0177777777777777,-0.1034063821607074,-0.0120569011918492,-0.059115724721261,0.0246059207996924,0.1476970396001538,-0.1245674740484429,-0.0629911572472126,0.16,0.0049826989619377,-0.0415840061514801,-0.1137408688965782,-0.0022145328719723,0.0384467512495194,0.000553633217993,0.17279507881584,0.1793771626297577,0.1034063821607074,0.1245674740484429,-0.1301653210303729,0.1301653210303729,0.1417301038062283,-0.01039600153787,-0.0061514801999231,0.075355632449058,-0.1358861976163014,0.1085121107266436,0.035432525951557,-0.16,-0.1663360246059207,-0.17279507881584,0.0015378700499807,-0.186082276047674,-0.0157477893118031,-11.861517391948832,-16.611930918841086,-8.442478994232513,-13.837773167730546,0.1366838961839676,-0.2299872934818267,-0.1433418095111847,0.1671906262636184,-0.2647878527641296,-0.3441988825798034,0.5101109147071838,-0.4959612190723419,-0.3919313848018646,0.2234736233949661,-0.30922931432724,-0.3222343325614929,40.153656005859375,0.3186671435832977
EXPC-221,134.40871758734357,48.35496427122767,C_band130,21,M3C-221,否,裸地,低,村舍旁土质场院裸地,judge_C_04.csv,False,22,-0.0222068435217224,-0.1137408688965782,0.2069357939254133,-0.2599000384467512,0.0074432910419069,-0.0246059207996924,-0.2844444444444444,0.1245674740484429,-0.0669896193771626,-0.0246059207996924,0.2519646289888504,-0.1301653210303729,0.0246059207996924,-0.0669896193771626,-0.2761399461745483,-0.0415840061514801,0.1301653210303729,0.1137408688965782,-0.0888273740868896,0.0553633217993079,0.0415840061514801,-0.0888273740868896,0.1245674740484429,-0.1034063821607074,-0.0074432910419069,0.3742560553633218,0.0415840061514801,-0.0222068435217224,0.2844444444444444,6.151480199923106e-05,0.0984236831987697,-0.0629911572472126,0.01039600153787,-0.0138408304498269,-0.0797231833910034,0.1929104190695886,-0.0553633217993079,0.0039369473279507,0.1417301038062283,0.0711111111111111,-0.0199307958477508,-0.1537870049980776,-0.0553633217993079,0.0797231833910034,-0.0199307958477508,0.1476970396001538,0.1190926566705113,-0.0384467512495194,0.1137408688965782,-0.1537870049980776,0.1793771626297577,0.0271280276816609,-0.0120569011918492,-0.0120569011918492,0.1358861976163014,-0.0984236831987697,0.0669896193771626,0.0415840061514801,0.0325413302575932,-0.1137408688965782,-0.0984236831987697,0.0002460592079969,-0.1663360246059207,-0.059115724721261,,,,,0.0869896039366722,-0.114984393119812,0.5096516609191895,0.1591148525476455,-0.2557077705860138,-0.3085896074771881,0.4400399029254913,-0.4353876709938049,-0.4045341312885284,0.2773797214031219,-0.3354735076427459,-0.2915002703666687,41.596439361572266,0.0481114648282527
EXPC-222,130.5883623470401,47.0970533788751,C_band130,21,M3C-222,否,不透水面,中,框内浅灰硬化路面,judge_C_04.csv,False,21,0.0325413302575932,0.0088581314878892,0.1998615916955017,-0.3368550557477893,0.0177777777777777,0.0553633217993079,-0.2599000384467512,0.1417301038062283,-0.1137408688965782,-0.0177777777777777,0.2288965782391388,-0.17279507881584,-0.059115724721261,-0.0325413302575932,-0.2599000384467512,0.0629911572472126,0.1417301038062283,0.0553633217993079,-0.1190926566705113,0.0711111111111111,0.0297731641676278,-0.0222068435217224,0.0888273740868896,-0.1245674740484429,-0.0222068435217224,0.3278123798539023,0.0842137639369473,-0.0222068435217224,0.2761399461745483,-0.0138408304498269,0.0711111111111111,-0.0384467512495194,-0.000553633217993,-0.0022145328719723,-0.0222068435217224,0.2214532871972318,-0.1085121107266436,0.0177777777777777,0.0157477893118031,-0.0199307958477508,-0.0711111111111111,-0.1137408688965782,-0.0842137639369473,0.0157477893118031,0.0246059207996924,0.1998615916955017,0.1358861976163014,-0.1137408688965782,0.1085121107266436,-0.0797231833910034,0.2069357939254133,-0.0415840061514801,-0.0246059207996924,-0.0222068435217224,0.0517339484813533,-0.1085121107266436,0.059115724721261,-0.0074432910419069,0.0935640138408304,-0.0669896193771626,-0.1476970396001538,-0.0448442906574394,-0.1537870049980776,-0.1034063821607074,,,,,0.0350454933941364,-0.0532855428755283,0.4335594773292541,0.1484738737344741,-0.2019491046667099,-0.4193421304225921,0.2594059407711029,-0.2707292735576629,-0.4257620573043823,0.180456668138504,-0.2672640979290008,-0.4872740805149078,74.33171081542969,0.1631932705640792
EXPC-223,133.8488875022803,46.87256438937363,C_band130,21,M3C-223,否,裸地,低,村内裸土场院，边有绿草,judge_C_04.csv,False,22,-0.0553633217993079,-0.0030142252979623,0.2214532871972318,-0.3647212610534409,0.0271280276816609,0.0061514801999231,-0.2761399461745483,0.17279507881584,-0.0271280276816609,0.0297731641676278,0.1417301038062283,-0.1190926566705113,-0.035432525951557,0.0384467512495194,-0.292871972318339,0.0984236831987697,0.1245674740484429,0.01039600153787,-0.0984236831987697,0.0384467512495194,0.0222068435217224,0.0049826989619377,0.1301653210303729,-0.0935640138408304,-0.059115724721261,0.2214532871972318,0.0049826989619377,-0.0325413302575932,0.3188927335640138,-0.0669896193771626,0.0669896193771626,-0.0797231833910034,-0.0177777777777777,-0.0177777777777777,-0.035432525951557,0.2679584775086506,0.0039369473279507,0.0669896193771626,0.0448442906574394,0.0842137639369473,-0.059115724721261,-0.075355632449058,-0.0842137639369473,0.0199307958477508,-0.0138408304498269,0.2069357939254133,0.1663360246059207,-0.075355632449058,0.1137408688965782,-0.17279507881584,0.1929104190695886,0.0177777777777777,0.0157477893118031,0.0246059207996924,0.0669896193771626,-0.0297731641676278,0.0271280276816609,0.01039600153787,0.0629911572472126,-0.0984236831987697,-0.186082276047674,-0.0448442906574394,-0.1417301038062283,-0.0984236831987697,,,,,0.0203018561005592,-0.0540186278522014,0.7189419865608215,0.1676508337259292,-0.271101176738739,-0.3109643459320068,0.4980930685997009,-0.4448258876800537,-0.3617141246795654,0.2564772963523865,-0.3505365252494812,-0.3165748119354248,106.43462371826172,0.0100717162713408
EXPC-224,130.4652033215873,47.28740638758003,C_band130,21,M3C-224,否,草地,低,村内小绿块，草或菜地,judge_C_04.csv,False,11,0.0138408304498269,-0.1358861976163014,0.2288965782391388,-0.3100961168781238,-0.0448442906574394,-0.0415840061514801,-0.292871972318339,0.1417301038062283,-0.0629911572472126,-0.0246059207996924,0.2069357939254133,-0.1245674740484429,0.035432525951557,-0.0222068435217224,-0.2441522491349481,0.0009842368319876,0.16,0.0984236831987697,-0.0517339484813533,0.0888273740868896,-0.0009842368319876,0.0297731641676278,0.0984236831987697,-0.0517339484813533,-0.0553633217993079,0.3100961168781238,0.0842137639369473,-0.0157477893118031,0.2844444444444444,-0.035432525951557,0.0482276047673971,-0.0842137639369473,-0.075355632449058,0.0015378700499807,0.0177777777777777,0.1998615916955017,-0.1476970396001538,0.0138408304498269,0.059115724721261,0.0482276047673971,-0.1034063821607074,-0.0935640138408304,-0.0629911572472126,0.0325413302575932,0.01039600153787,0.1929104190695886,0.1034063821607074,-0.059115724721261,0.0935640138408304,-0.1301653210303729,0.2141330257593233,0.0222068435217224,-0.035432525951557,0.0061514801999231,0.1085121107266436,-0.1190926566705113,0.0888273740868896,0.0553633217993079,0.0120569011918492,-0.1085121107266436,-0.1358861976163014,-0.0049826989619377,-0.2141330257593233,-0.0517339484813533,,,,,0.0283536054193973,-0.0657374933362007,0.6229470372200012,0.1820913404226303,-0.303944319486618,-0.4039171040058136,0.5278339982032776,-0.4882918298244476,-0.3896810114383697,0.2308864593505859,-0.3229593336582184,-0.2857142984867096,93.01409912109376,0.1631932705640792
EXPC-225,130.02646613682333,46.898974858726746,C_band130,21,M3C-225,否,大棚,中,框内蓝绿棚膜拱棚,judge_C_04.csv,False,1,0.01039600153787,0.0325413302575932,0.2288965782391388,-0.292871972318339,0.0138408304498269,0.0120569011918492,-0.3100961168781238,0.2141330257593233,-0.0325413302575932,-0.0842137639369473,0.1537870049980776,-0.1358861976163014,-0.0297731641676278,0.0325413302575932,-0.1929104190695886,0.075355632449058,0.0797231833910034,0.0888273740868896,-0.0797231833910034,0.1190926566705113,0.0061514801999231,0.0157477893118031,0.1793771626297577,-0.1137408688965782,-0.0553633217993079,0.3188927335640138,0.1358861976163014,-0.0448442906574394,0.3278123798539023,-0.0629911572472126,0.0222068435217224,-0.0297731641676278,-0.1085121107266436,0.0199307958477508,0.0039369473279507,0.2364628988850442,-0.0199307958477508,0.075355632449058,0.059115724721261,0.0157477893118031,-0.0246059207996924,-0.0517339484813533,-0.0935640138408304,0.0074432910419069,-0.0222068435217224,0.2214532871972318,0.1358861976163014,-0.059115724721261,0.0711111111111111,-0.0325413302575932,0.2441522491349481,-0.0297731641676278,-0.0669896193771626,-0.0022145328719723,0.0669896193771626,-0.0415840061514801,0.0222068435217224,0.0222068435217224,-0.0138408304498269,-0.1537870049980776,-0.1358861976163014,-0.0482276047673971,-0.1417301038062283,-0.075355632449058,,,,,0.0070621469058096,-0.0088432971388101,0.6431608200073242,0.1732057482004165,-0.270842581987381,-0.4362907707691192,0.5835364460945129,-0.5805405378341675,-0.5545350313186646,0.3774011433124542,-0.4620689749717712,-0.470484048128128,102.32305908203124,0.0630452111363411
EXPC-226,130.61126938678512,45.20609970580351,C_band130,21,M3C-226,否,不透水面,中,暗色建筑屋面或硬化面,judge_C_04.csv,False,21,-0.01039600153787,-0.0842137639369473,0.2141330257593233,-0.292871972318339,-0.0246059207996924,-0.0842137639369473,-0.1929104190695886,0.186082276047674,-0.0297731641676278,-0.0517339484813533,0.2214532871972318,-0.1476970396001538,0.0297731641676278,-0.1137408688965782,-0.1929104190695886,-0.0797231833910034,0.1537870049980776,0.1476970396001538,-0.0669896193771626,0.059115724721261,-0.0061514801999231,-0.0120569011918492,0.1663360246059207,-0.0553633217993079,-0.0049826989619377,0.2844444444444444,-0.0448442906574394,-0.0199307958477508,0.2599000384467512,-0.0222068435217224,0.1245674740484429,-0.0842137639369473,0.0157477893118031,-0.0088581314878892,0.1034063821607074,0.1663360246059207,-0.1793771626297577,0.0517339484813533,0.1190926566705113,-0.0797231833910034,-0.0842137639369473,-0.16,-0.0448442906574394,0.0984236831987697,-0.0074432910419069,0.186082276047674,0.0448442906574394,-0.0199307958477508,0.1137408688965782,-0.1358861976163014,0.1537870049980776,0.1085121107266436,-0.0984236831987697,0.0711111111111111,0.1998615916955017,-0.16,0.0415840061514801,0.0120569011918492,-0.0009842368319876,-0.0984236831987697,-0.16,-0.0177777777777777,-0.1537870049980776,-0.0888273740868896,,,,,0.0657948479056358,-0.1150064095854759,0.2122986763715744,0.1180749833583831,-0.2340951263904571,-0.3618116378784179,0.1438053101301193,-0.2265717685222625,-0.3867858052253723,0.1510272026062011,-0.2804200053215027,-0.3590977787971496,294.0489196777344,0.1618894636631012
EXPC-227,130.3000031408377,47.09759236804557,C_band130,21,M3C-227,否,不透水面,高,大型白色建筑屋面,judge_C_04.csv,False,21,0.035432525951557,-0.2599000384467512,0.1417301038062283,-0.2141330257593233,-0.059115724721261,-0.1301653210303729,-0.2214532871972318,0.1301653210303729,-0.0797231833910034,-0.035432525951557,0.292871972318339,-0.0711111111111111,0.0669896193771626,-0.16,-0.1929104190695886,-0.186082276047674,0.1998615916955017,0.2069357939254133,-0.1137408688965782,0.0177777777777777,0.0271280276816609,-0.0669896193771626,-0.0030142252979623,-0.0199307958477508,0.0022145328719723,0.3278123798539023,0.0157477893118031,-0.0088581314878892,0.2141330257593233,-0.0015378700499807,0.0711111111111111,-0.0553633217993079,0.0482276047673971,-0.0061514801999231,0.0271280276816609,0.0448442906574394,-0.1537870049980776,-0.0199307958477508,0.1537870049980776,-0.0222068435217224,-0.1417301038062283,-0.2141330257593233,-6.151480199923106e-05,0.0888273740868896,0.0088581314878892,0.1358861976163014,0.0138408304498269,0.0297731641676278,0.1245674740484429,-0.075355632449058,0.075355632449058,0.0246059207996924,-0.0297731641676278,0.0669896193771626,0.1998615916955017,-0.1358861976163014,0.1137408688965782,0.0271280276816609,0.0271280276816609,-0.075355632449058,-0.0553633217993079,0.0199307958477508,-0.1998615916955017,0.0984236831987697,,,,,0.0039761429652571,-0.0321921296417713,-0.0424671396613121,0.0440917089581489,-0.0922509208321571,-0.2981455028057098,0.1452459692955017,-0.2096939831972122,-0.3180932104587555,0.1785516887903213,-0.1740088164806366,-0.1985038667917251,125.0261001586914,0.1631932705640792
EXPC-228,130.88552504302683,45.19334362876901,C_band130,21,M3C-228,否,草地,低,路缘绿化草带，旁为路面,judge_C_04.csv,False,11,-0.0415840061514801,-0.1537870049980776,0.186082276047674,-0.2519646289888504,-0.0015378700499807,-0.0797231833910034,-0.2844444444444444,0.2288965782391388,-0.1085121107266436,0.0482276047673971,0.2599000384467512,-0.1301653210303729,-0.0049826989619377,-0.0984236831987697,-0.2288965782391388,-0.0517339484813533,0.1998615916955017,0.0669896193771626,-0.0842137639369473,0.0120569011918492,-0.0384467512495194,-0.0888273740868896,0.1417301038062283,-0.1190926566705113,0.0039369473279507,0.292871972318339,-0.0517339484813533,-0.035432525951557,0.2214532871972318,0.0325413302575932,0.0297731641676278,-0.0246059207996924,0.0553633217993079,0.0138408304498269,0.0629911572472126,0.1929104190695886,-0.0553633217993079,-0.01039600153787,0.0797231833910034,0.0448442906574394,-0.0842137639369473,-0.1301653210303729,-0.0138408304498269,0.0888273740868896,0.0199307958477508,0.186082276047674,0.1190926566705113,-0.0271280276816609,0.1301653210303729,-0.1929104190695886,0.1929104190695886,0.0797231833910034,-0.0669896193771626,0.0797231833910034,0.1537870049980776,-0.1417301038062283,0.0842137639369473,0.0482276047673971,0.0384467512495194,-0.0797231833910034,-0.1137408688965782,0.0049826989619377,-0.059115724721261,-0.1190926566705113,,,,,0.0469478890299797,-0.1286111772060394,0.2805031538009643,0.0896263420581817,-0.1720067411661148,-0.1973845511674881,0.2244705855846405,-0.2384578734636306,-0.2418858110904693,0.243212342262268,-0.2996713519096374,-0.2322305887937545,271.0260925292969,0.1618894636631012
EXPC-229,131.3821137320881,45.38711023555359,C_band130,21,M3C-229,否,落叶灌丛,低,深绿密灌树冠，种类难辨,judge_C_04.csv,False,10,-0.0199307958477508,-0.0022145328719723,0.16,-0.2599000384467512,0.0120569011918492,-0.1034063821607074,-0.2141330257593233,0.3278123798539023,-0.0030142252979623,-0.0448442906574394,0.2441522491349481,-0.1358861976163014,-0.0711111111111111,-0.0199307958477508,-0.2679584775086506,-0.0157477893118031,0.0517339484813533,-0.0049826989619377,-0.1663360246059207,0.075355632449058,0.0482276047673971,-0.0797231833910034,0.1137408688965782,-0.0984236831987697,0.0888273740868896,0.3100961168781238,0.075355632449058,-0.0629911572472126,0.3100961168781238,-0.0415840061514801,0.0138408304498269,0.0138408304498269,-0.0015378700499807,0.0448442906574394,0.035432525951557,0.2441522491349481,0.0009842368319876,-0.0049826989619377,0.186082276047674,-0.075355632449058,-0.0888273740868896,-0.1417301038062283,0.01039600153787,0.075355632449058,-0.01039600153787,0.1663360246059207,0.16,-0.059115724721261,0.0984236831987697,-0.0711111111111111,0.1190926566705113,0.0325413302575932,-0.0517339484813533,0.0935640138408304,0.1137408688965782,0.035432525951557,0.059115724721261,-0.0199307958477508,0.0039369473279507,-0.1301653210303729,-0.1476970396001538,0.0088581314878892,-0.1137408688965782,-0.0482276047673971,,,,,0.0340858772397041,-0.0402565002441406,0.5572254061698914,0.2222222238779068,-0.4198694825172424,-0.5047972798347473,0.6764273047447205,-0.6795713305473328,-0.5609397888183594,0.4091233015060425,-0.5319643616676331,-0.5009295344352722,185.52505493164065,0.1022680774331092
EXPC-230,133.08262456492633,46.208978888994544,C_band130,21,M3C-230,否,不透水面,中,浅灰硬化场院或屋面,judge_C_04.csv,False,21,0.0199307958477508,-0.186082276047674,0.2069357939254133,-0.292871972318339,0.0199307958477508,-0.075355632449058,-0.2069357939254133,0.1085121107266436,-0.1190926566705113,-0.0177777777777777,0.3014225297962323,-0.1358861976163014,0.01039600153787,-0.1137408688965782,-0.3014225297962323,-0.0669896193771626,0.1929104190695886,0.1034063821607074,-0.0482276047673971,0.0222068435217224,-0.0015378700499807,-0.0482276047673971,0.0222068435217224,-0.1190926566705113,0.0074432910419069,0.3014225297962323,0.0222068435217224,0.0415840061514801,0.2069357939254133,-0.0384467512495194,0.0711111111111111,-0.0553633217993079,-0.0177777777777777,0.0297731641676278,0.0448442906574394,0.1245674740484429,-0.17279507881584,-0.0325413302575932,0.0384467512495194,0.0271280276816609,-0.1137408688965782,-0.1929104190695886,-0.0415840061514801,0.0842137639369473,0.059115724721261,0.16,0.0935640138408304,-0.0797231833910034,0.1793771626297577,-0.16,0.1301653210303729,0.0177777777777777,-0.0517339484813533,0.01039600153787,0.1476970396001538,-0.1245674740484429,0.1476970396001538,0.0517339484813533,0.0842137639369473,-0.0629911572472126,-0.0797231833910034,0.0199307958477508,-0.1537870049980776,-0.0138408304498269,,,,,0.023390706628561,-0.0667017176747322,0.5658214092254639,0.090515911579132,-0.1522768139839172,-0.1944789141416549,0.2317386269569397,-0.258164495229721,-0.2258706539869308,0.1963023394346237,-0.276842713356018,-0.2325223237276077,105.51407623291016,0.0100717162713408
EXPC-231,130.8861538637257,45.79997594013492,C_band130,21,M3C-231,否,不透水面,中,深色沥青路面,judge_C_04.csv,False,21,0.0984236831987697,-0.2441522491349481,0.1793771626297577,-0.2214532871972318,-0.0199307958477508,-0.1190926566705113,-0.186082276047674,0.1537870049980776,-0.1358861976163014,-0.0246059207996924,0.2288965782391388,-0.1190926566705113,0.0629911572472126,-0.1301653210303729,-0.2364628988850442,-0.1998615916955017,0.186082276047674,0.1137408688965782,-0.0039369473279507,0.059115724721261,-0.0138408304498269,-0.0120569011918492,-6.151480199923106e-05,-0.0384467512495194,0.0222068435217224,0.2761399461745483,0.035432525951557,0.0138408304498269,0.2288965782391388,-0.0842137639369473,0.075355632449058,-0.0297731641676278,-0.0629911572472126,0.01039600153787,0.1301653210303729,0.1085121107266436,-0.1417301038062283,-0.0669896193771626,0.1245674740484429,-0.0711111111111111,-0.17279507881584,-0.2069357939254133,-0.01039600153787,0.1034063821607074,0.059115724721261,0.17279507881584,-0.0384467512495194,-0.0120569011918492,0.0984236831987697,-0.035432525951557,0.0415840061514801,0.059115724721261,-0.0842137639369473,0.0120569011918492,0.1998615916955017,-0.186082276047674,0.1537870049980776,0.0517339484813533,-0.0157477893118031,-0.1085121107266436,-0.0711111111111111,0.0842137639369473,-0.186082276047674,0.0517339484813533,,,,,0.0375736728310585,-0.0797342211008071,0.253393679857254,0.1291266232728958,-0.2111160904169082,-0.3142411708831787,0.1612903177738189,-0.2290591448545456,-0.3273293972015381,0.1951032876968383,-0.2678571343421936,-0.268747478723526,166.84410095214844,0.1618894636631012
EXPC-232,130.259938279166,47.07998538847683,C_band130,21,M3C-232,否,草地,低,村内小绿块，菜地或草,judge_C_04.csv,False,11,-0.0030142252979623,-0.0297731641676278,0.2364628988850442,-0.2364628988850442,-0.0297731641676278,-0.0669896193771626,-0.2679584775086506,0.2364628988850442,-0.0088581314878892,-0.1301653210303729,0.2599000384467512,-0.1417301038062283,-0.01039600153787,0.000553633217993,-0.2069357939254133,0.0138408304498269,0.075355632449058,0.0222068435217224,-0.0984236831987697,0.0888273740868896,0.0088581314878892,-0.0157477893118031,0.1476970396001538,-0.0984236831987697,-0.0088581314878892,0.3553094963475586,0.1301653210303729,-0.0297731641676278,0.3100961168781238,-0.0415840061514801,0.0199307958477508,-0.0669896193771626,-0.1358861976163014,0.0482276047673971,0.0246059207996924,0.2364628988850442,-0.0088581314878892,0.0669896193771626,0.0711111111111111,0.0049826989619377,-0.0553633217993079,-0.0842137639369473,-0.059115724721261,0.035432525951557,-0.0517339484813533,0.2214532871972318,0.1190926566705113,-0.0271280276816609,0.0669896193771626,-0.0669896193771626,0.1998615916955017,0.0384467512495194,-0.075355632449058,0.0120569011918492,0.1190926566705113,-0.0629911572472126,0.0842137639369473,0.0384467512495194,-0.01039600153787,-0.1358861976163014,-0.1085121107266436,-0.0177777777777777,-0.16,-0.0271280276816609,,,,,0.0515845082700252,-0.0596061721444129,0.7099999785423279,0.1835026890039444,-0.2857142984867096,-0.3937723934650421,0.5789473652839661,-0.552695095539093,-0.4943922460079193,0.4841105937957763,-0.4564601182937622,-0.1973684281110763,102.10992431640624,0.1631932705640792
EXPC-233,131.95919147060647,46.716796519107305,C_band130,21,M3C-233,否,裸地,低,村内裸露场院碎石地,judge_C_04.csv,False,22,-0.0039369473279507,0.0120569011918492,0.1137408688965782,-0.3742560553633218,0.075355632449058,-0.0246059207996924,-0.2679584775086506,0.16,-0.0325413302575932,-0.0482276047673971,0.2069357939254133,-0.1476970396001538,-0.0711111111111111,0.0022145328719723,-0.2761399461745483,0.1537870049980776,0.1137408688965782,0.0088581314878892,-0.0888273740868896,0.0711111111111111,-0.0138408304498269,-0.0030142252979623,0.1190926566705113,-0.1476970396001538,-0.0325413302575932,0.2364628988850442,0.0888273740868896,-0.0199307958477508,0.3553094963475586,-0.0553633217993079,0.0199307958477508,-0.1034063821607074,-0.0669896193771626,0.0246059207996924,-0.0074432910419069,0.2844444444444444,-0.035432525951557,0.0888273740868896,0.0448442906574394,0.035432525951557,-0.0517339484813533,-0.075355632449058,-0.0517339484813533,0.0199307958477508,0.0415840061514801,0.1998615916955017,0.1137408688965782,-0.059115724721261,0.0842137639369473,-0.0797231833910034,0.1998615916955017,-0.075355632449058,-0.035432525951557,-0.0120569011918492,0.0415840061514801,-0.01039600153787,0.0138408304498269,-0.0022145328719723,0.0935640138408304,-0.16,-0.16,-0.0022145328719723,-0.075355632449058,-0.1034063821607074,,,,,0.0241376291960477,-0.016199268400669,0.7327811121940613,0.1530871093273162,-0.2230861186981201,-0.3350396752357483,0.2416052371263504,-0.278605580329895,-0.3902815878391266,0.2206235080957412,-0.2780916392803192,-0.3099309802055359,66.91572570800781,0.0911156833171844
EXPC-234,131.2038879797188,46.99302846897406,C_band130,21,M3C-234,否,不透水面,中,浅色屋面或硬化面,judge_C_04.csv,False,21,0.0120569011918492,-0.0448442906574394,0.1793771626297577,-0.3100961168781238,0.0157477893118031,-0.0246059207996924,-0.2679584775086506,0.1793771626297577,-0.0415840061514801,-0.0984236831987697,0.2679584775086506,-0.1358861976163014,-0.0177777777777777,-0.035432525951557,-0.2141330257593233,0.0482276047673971,0.1358861976163014,0.0448442906574394,-0.0629911572472126,0.1137408688965782,0.0009842368319876,0.0222068435217224,0.1301653210303729,-0.1034063821607074,-0.0120569011918492,0.2761399461745483,0.1301653210303729,0.0088581314878892,0.2844444444444444,-0.0553633217993079,-0.0009842368319876,-0.0711111111111111,-0.1358861976163014,0.0517339484813533,0.0384467512495194,0.2441522491349481,-0.0797231833910034,0.01039600153787,0.059115724721261,0.0088581314878892,-0.0935640138408304,-0.0935640138408304,-0.0553633217993079,0.059115724721261,0.0177777777777777,0.2069357939254133,0.1417301038062283,-0.075355632449058,0.0842137639369473,-0.0984236831987697,0.2288965782391388,-0.0222068435217224,-0.0984236831987697,-0.0177777777777777,0.1034063821607074,-0.0842137639369473,0.0517339484813533,0.0517339484813533,0.0448442906574394,-0.1537870049980776,-0.16,0.0297731641676278,-0.1245674740484429,-0.0629911572472126,,,,,0.049959048628807,-0.0933901891112327,0.5428156852722168,0.1520249247550964,-0.2769336998462677,-0.4398073852062225,0.4520208239555359,-0.4984646737575531,-0.4647002518177032,0.2567264437675476,-0.3647846579551697,-0.3826357126235962,72.54576110839844,0.0911156833171844
EXPC-235,130.66238352645152,46.69694375132826,C_band130,21,M3C-235,否,不透水面,低,浅色棚顶或硬化面，难辨,judge_C_04.csv,False,21,-0.0074432910419069,-0.0246059207996924,0.2288965782391388,-0.2679584775086506,0.0039369473279507,-0.0138408304498269,-0.2761399461745483,0.1998615916955017,-0.0629911572472126,-0.0669896193771626,0.2519646289888504,-0.1245674740484429,-0.0015378700499807,-0.035432525951557,-0.2288965782391388,0.0199307958477508,0.1417301038062283,0.1358861976163014,-0.0888273740868896,0.0797231833910034,-0.01039600153787,-0.0061514801999231,0.186082276047674,-0.0842137639369473,-0.0049826989619377,0.3553094963475586,0.059115724721261,-0.0246059207996924,0.2441522491349481,-0.0935640138408304,0.035432525951557,-0.0553633217993079,-0.0553633217993079,0.035432525951557,0.0199307958477508,0.2069357939254133,-0.075355632449058,0.0325413302575932,0.0842137639369473,-0.0157477893118031,-0.0448442906574394,-0.1245674740484429,-0.075355632449058,0.059115724721261,-0.0553633217993079,0.2069357939254133,0.1476970396001538,-0.0669896193771626,0.0711111111111111,-0.1085121107266436,0.2214532871972318,0.0325413302575932,-0.0448442906574394,0.0384467512495194,0.0984236831987697,-0.0888273740868896,0.0415840061514801,0.0415840061514801,0.0120569011918492,-0.1537870049980776,-0.1476970396001538,-0.0177777777777777,-0.1417301038062283,-0.0888273740868896,,,,,0.0359840057790279,-0.0507659949362278,0.2785757780075073,0.1593073606491089,-0.2363804280757904,-0.339324951171875,0.2205846756696701,-0.2211747616529464,-0.3131528496742248,0.225447803735733,-0.2908262908458709,-0.4284216165542602,132.74697875976562,0.0630452111363411
EXPC-236,130.6013879186598,45.82423045280615,C_band130,21,M3C-236,否,不透水面,中,框内含红瓦屋面,judge_C_04.csv,False,21,-0.035432525951557,-0.01039600153787,0.1476970396001538,-0.2761399461745483,-0.0553633217993079,-0.0271280276816609,-0.2441522491349481,0.2288965782391388,-0.0517339484813533,-0.0711111111111111,0.2599000384467512,-0.1998615916955017,0.0049826989619377,-0.075355632449058,-0.1929104190695886,-0.0120569011918492,0.1137408688965782,0.1034063821607074,-0.0842137639369473,0.0711111111111111,-0.0325413302575932,-0.0074432910419069,0.17279507881584,-0.0517339484813533,0.0199307958477508,0.3553094963475586,0.0629911572472126,-0.0297731641676278,0.2679584775086506,0.0049826989619377,0.0384467512495194,-0.0448442906574394,-0.0384467512495194,0.0138408304498269,0.0984236831987697,0.1793771626297577,-0.1190926566705113,0.0415840061514801,0.1137408688965782,-0.035432525951557,-0.0297731641676278,-0.1537870049980776,-0.0517339484813533,0.0415840061514801,-0.0246059207996924,0.2364628988850442,0.1245674740484429,-0.0222068435217224,0.1034063821607074,-0.0888273740868896,0.1998615916955017,0.0384467512495194,-0.0711111111111111,-0.0074432910419069,0.1417301038062283,-0.1476970396001538,0.0629911572472126,0.0222068435217224,0.0039369473279507,-0.1417301038062283,-0.1301653210303729,-0.01039600153787,-0.1190926566705113,-0.1085121107266436,,,,,0.0158911775797605,-0.0437565296888351,0.5188796520233154,0.1601272523403167,-0.2524327337741852,-0.3677840828895569,0.3044502139091491,-0.3263107538223266,-0.3897202312946319,0.1732763946056366,-0.2684696614742279,-0.3813973069190979,195.0575256347656,0.1618894636631012
EXPC-237,133.4295539276533,46.08671817882588,C_band130,21,M3C-237,否,裸地,低,框内褐色场院裸土，旁棚舍,judge_C_04.csv,False,22,0.0120569011918492,0.000553633217993,0.1417301038062283,-0.3647212610534409,0.0711111111111111,-0.0030142252979623,-0.2599000384467512,0.0842137639369473,-0.1190926566705113,0.0088581314878892,0.1137408688965782,-0.1245674740484429,-0.1358861976163014,0.0177777777777777,-0.292871972318339,0.1793771626297577,0.16,-0.035432525951557,-0.0448442906574394,0.0629911572472126,0.0271280276816609,-0.000553633217993,0.1034063821607074,-0.1417301038062283,-0.0797231833910034,0.2599000384467512,0.0669896193771626,-0.0482276047673971,0.3368550557477893,0.0015378700499807,0.075355632449058,-0.075355632449058,-0.0448442906574394,-0.0482276047673971,-0.0074432910419069,0.2761399461745483,-0.0009842368319876,0.0629911572472126,0.0297731641676278,0.0797231833910034,-0.035432525951557,-0.0030142252979623,-0.1034063821607074,-0.0088581314878892,0.0517339484813533,0.186082276047674,0.1301653210303729,-0.075355632449058,0.1034063821607074,-0.0842137639369473,0.186082276047674,-0.0629911572472126,-0.0325413302575932,-0.0297731641676278,0.0888273740868896,-0.0935640138408304,0.0022145328719723,-0.0049826989619377,0.1190926566705113,-0.0517339484813533,-0.1793771626297577,-0.0711111111111111,-0.1358861976163014,-0.0888273740868896,,,,,-0.0214997380971908,0.0074138101190328,0.7895234227180481,0.145568162202835,-0.2356465309858322,-0.316594123840332,0.3078684210777282,-0.3303100764751434,-0.4122835397720337,0.2233692109584808,-0.3299904465675354,-0.3955191671848297,60.58388900756836,0.0100717162713408
EXPC-238,132.18062618814193,46.576838997841485,C_band130,21,M3C-238,否,裸地,低,框内浅色裸土场地,judge_C_04.csv,False,22,0.01039600153787,-0.0074432910419069,0.1998615916955017,-0.3553094963475586,0.0325413302575932,0.0629911572472126,-0.2599000384467512,0.17279507881584,-0.0888273740868896,-0.0074432910419069,0.2364628988850442,-0.17279507881584,0.0074432910419069,-0.0088581314878892,-0.2288965782391388,0.0448442906574394,0.1417301038062283,0.0984236831987697,-0.0669896193771626,0.075355632449058,-0.0415840061514801,-0.0199307958477508,0.16,-0.1358861976163014,-0.0297731641676278,0.2844444444444444,0.0842137639369473,-0.0030142252979623,0.2679584775086506,-0.0711111111111111,0.0517339484813533,-0.0842137639369473,0.0074432910419069,0.0022145328719723,-0.0120569011918492,0.2069357939254133,-0.0935640138408304,0.059115724721261,0.075355632449058,0.0384467512495194,-0.0448442906574394,-0.1301653210303729,-0.0517339484813533,0.0271280276816609,-0.0120569011918492,0.1929104190695886,0.1137408688965782,-0.0177777777777777,0.1301653210303729,-0.1085121107266436,0.2364628988850442,0.0120569011918492,-0.0271280276816609,-0.0015378700499807,0.0888273740868896,-0.0888273740868896,0.0517339484813533,0.0297731641676278,0.075355632449058,-0.1190926566705113,-0.1793771626297577,-0.0384467512495194,-0.1476970396001538,-0.0842137639369473,,,,,0.004026845563203,-0.0112663358449935,0.6144223809242249,0.0554054044187068,-0.1539029777050018,-0.2426713705062866,0.1673375517129898,-0.2221553325653076,-0.2917443215847015,0.3437908589839935,-0.4351814985275268,-0.2169224321842193,65.28204345703125,0.0648872405290603
EXPC-239,130.25086529479637,44.23142762253383,C_band130,21,M3C-239,否,不透水面,低,框内浅色屋面或场院,judge_C_04.csv,False,21,-0.0199307958477508,-0.0711111111111111,0.2069357939254133,-0.3188927335640138,-0.000553633217993,-0.0553633217993079,-0.1663360246059207,0.1476970396001538,-0.0842137639369473,-0.0199307958477508,0.1663360246059207,-0.0935640138408304,0.0088581314878892,-0.0482276047673971,-0.2141330257593233,-0.0384467512495194,0.0797231833910034,0.16,-0.0797231833910034,0.0517339484813533,0.0271280276816609,-0.0553633217993079,0.2141330257593233,-0.0384467512495194,-0.0669896193771626,0.1998615916955017,-0.0842137639369473,-0.1476970396001538,0.2599000384467512,-0.0384467512495194,0.075355632449058,-0.0888273740868896,0.1137408688965782,0.0120569011918492,0.059115724721261,0.1998615916955017,-0.0629911572472126,0.0088581314878892,0.0888273740868896,-0.1085121107266436,-0.0553633217993079,-0.1137408688965782,-0.1190926566705113,0.1245674740484429,0.0009842368319876,0.2141330257593233,0.1998615916955017,-0.0448442906574394,0.0935640138408304,-0.1301653210303729,0.1998615916955017,0.0797231833910034,-0.1245674740484429,0.1417301038062283,0.1301653210303729,-0.0797231833910034,-0.0009842368319876,-0.0415840061514801,0.0177777777777777,-0.1190926566705113,-0.2599000384467512,-0.0009842368319876,-0.0935640138408304,-0.1476970396001538,-9.44482744630886,-19.770034560403285,-8.535947659916133,-17.725265274187066,0.0443471297621727,-0.0730037987232208,0.4877949655056,0.1830381155014038,-0.2926686108112335,-0.4452621936798095,0.2719904780387878,-0.3380140364170074,-0.4084696471691131,0.2679324746131897,-0.3863898515701294,-0.4589371979236603,445.2008666992188,0.130340114235878
EXPC-240,131.89657889530335,45.37552196838845,C_band130,23,M3C-240,是,湖河滩地,低,棕灰泥滩/浅水，紧邻堤岸,judge_C_05.csv,False,16,-0.0482276047673971,-0.1476970396001538,0.0246059207996924,-0.2214532871972318,-0.0384467512495194,-0.0138408304498269,-0.2364628988850442,0.1929104190695886,0.0157477893118031,0.0888273740868896,0.0325413302575932,-0.0935640138408304,0.0297731641676278,0.0222068435217224,-0.17279507881584,0.2288965782391388,0.0711111111111111,-0.1537870049980776,-0.0325413302575932,-0.0074432910419069,-0.1034063821607074,0.0888273740868896,-0.0222068435217224,-0.035432525951557,-0.2288965782391388,-0.0061514801999231,0.0888273740868896,-0.0842137639369473,0.3014225297962323,-0.16,-0.0482276047673971,-0.0002460592079969,-0.0935640138408304,-0.0629911572472126,-0.1034063821607074,0.2679584775086506,0.0415840061514801,-0.0553633217993079,0.0711111111111111,0.1929104190695886,-0.0711111111111111,0.0984236831987697,0.0325413302575932,-0.075355632449058,-0.0553633217993079,0.2761399461745483,-0.0120569011918492,0.1245674740484429,-0.0888273740868896,-0.2441522491349481,0.2069357939254133,-0.0448442906574394,-0.1358861976163014,-0.0553633217993079,0.0138408304498269,-0.0984236831987697,0.0157477893118031,0.0482276047673971,0.0138408304498269,-0.0553633217993079,-0.1793771626297577,-0.17279507881584,0.0271280276816609,0.1301653210303729,,,,,0.0064829820767045,-0.037160750478506,0.8258115649223328,-0.2458654940128326,0.3069908916950226,0.4014122784137726,-0.051175657659769,0.137829914689064,0.2097995579242706,-0.0932642519474029,0.0489130429923534,0.3897389769554138,168.0,0.1022680774331092
EXPC-241,131.55018852174686,47.25138394468684,C_band130,23,M3C-241,否,水体,低,暗绿均匀无纹理，疑深水,judge_C_05.csv,False,23,-0.01039600153787,-0.1301653210303729,-0.0384467512495194,-0.1663360246059207,-0.0384467512495194,0.0297731641676278,-0.1137408688965782,0.1793771626297577,-0.0030142252979623,0.1034063821607074,0.0138408304498269,-0.1417301038062283,-0.0039369473279507,-0.0415840061514801,-0.1537870049980776,0.2599000384467512,0.0888273740868896,-0.186082276047674,0.0297731641676278,0.0935640138408304,-0.0271280276816609,0.0984236831987697,0.0325413302575932,0.0629911572472126,-0.17279507881584,-0.0120569011918492,0.17279507881584,-0.1085121107266436,0.3014225297962323,-0.2364628988850442,-0.0669896193771626,0.1137408688965782,0.0271280276816609,-0.0842137639369473,-0.0138408304498269,0.2519646289888504,0.0711111111111111,-0.0842137639369473,-0.0039369473279507,0.16,-0.1137408688965782,0.0120569011918492,0.0888273740868896,-0.0553633217993079,-0.0384467512495194,0.292871972318339,-0.1358861976163014,0.1301653210303729,-0.075355632449058,-0.1476970396001538,0.1998615916955017,-0.0629911572472126,-0.0984236831987697,-0.0448442906574394,0.0138408304498269,-0.059115724721261,0.0088581314878892,0.0711111111111111,-0.0061514801999231,-0.0384467512495194,-0.2288965782391388,-0.1663360246059207,-0.0797231833910034,0.1998615916955017,,,,,0.0047984644770622,-0.0227106232196092,0.8358851075172424,-0.1243107765913009,0.1633141785860061,0.6280161142349243,-0.186936929821968,0.1200487539172172,0.6573489904403687,-0.2966772019863128,0.2398460954427719,0.8238993883132935,59.5,0.0770410150289535
EXPC-242,131.4038529619638,46.79872287301901,C_band130,23,M3C-242,否,裸地,低,灰砾质裸面，无湿迹,judge_C_05.csv,False,22,-0.0325413302575932,-0.0797231833910034,-0.0384467512495194,-0.1793771626297577,-0.0482276047673971,-0.000553633217993,-0.1793771626297577,0.1998615916955017,0.0157477893118031,0.0711111111111111,0.0517339484813533,-0.1476970396001538,0.0222068435217224,-0.0517339484813533,-0.1245674740484429,0.1998615916955017,0.0384467512495194,-0.1417301038062283,-0.0384467512495194,0.0935640138408304,-0.0935640138408304,0.0984236831987697,0.0297731641676278,0.0842137639369473,-0.1998615916955017,0.0246059207996924,0.1085121107266436,-0.1358861976163014,0.3188927335640138,-0.2441522491349481,-0.075355632449058,0.0842137639369473,-0.0448442906574394,-0.0553633217993079,-0.0120569011918492,0.3100961168781238,0.0842137639369473,-0.0711111111111111,0.0177777777777777,0.0984236831987697,-0.0984236831987697,0.0325413302575932,0.0415840061514801,-0.0629911572472126,-0.059115724721261,0.3278123798539023,-0.0797231833910034,0.1190926566705113,-0.0711111111111111,-0.1358861976163014,0.2141330257593233,-0.0482276047673971,-0.1301653210303729,-0.0271280276816609,0.01039600153787,-0.0842137639369473,0.0009842368319876,0.0842137639369473,-0.0482276047673971,-0.0448442906574394,-0.2364628988850442,-0.186082276047674,-0.0669896193771626,0.1417301038062283,,,,,0.0105486055836081,-0.0187381412833929,0.803007185459137,-0.2150349617004394,0.233788400888443,0.6238068342208862,0.0662440583109855,-0.0268620271235704,0.3525668084621429,-0.1275820136070251,0.144219309091568,0.4883720874786377,66.85456848144531,0.0911156833171844
EXPC-243,131.98605109760163,45.4383142067484,C_band130,23,M3C-243,否,水体,低,青灰水面，右侧有岸线,judge_C_05.csv,False,23,-0.059115724721261,-0.1793771626297577,-0.0629911572472126,-0.1663360246059207,-0.0088581314878892,-0.0297731641676278,-0.1417301038062283,0.2288965782391388,0.0199307958477508,0.0984236831987697,-0.0061514801999231,-0.1301653210303729,0.0157477893118031,-0.0271280276816609,-0.1301653210303729,0.2519646289888504,0.0711111111111111,-0.2141330257593233,0.0088581314878892,0.0271280276816609,-0.0711111111111111,0.1034063821607074,-0.0384467512495194,0.0517339484813533,-0.17279507881584,-0.0553633217993079,0.1417301038062283,-0.1537870049980776,0.3014225297962323,-0.2214532871972318,-0.0935640138408304,0.1537870049980776,-0.1085121107266436,-0.0553633217993079,-0.0935640138408304,0.2288965782391388,0.0415840061514801,-0.1301653210303729,0.0297731641676278,0.1301653210303729,-0.035432525951557,0.0669896193771626,0.0711111111111111,-0.0482276047673971,-0.0061514801999231,0.2844444444444444,-0.0842137639369473,0.059115724721261,-0.1301653210303729,-0.2141330257593233,0.1537870049980776,-0.0482276047673971,-0.1663360246059207,-0.0138408304498269,-0.0222068435217224,-0.0888273740868896,0.01039600153787,0.0517339484813533,0.0297731641676278,-0.0553633217993079,-0.186082276047674,-0.1301653210303729,0.0177777777777777,0.17279507881584,,,,,0.0039370078593492,-0.014420686289668,0.8479109406471252,-0.1081651076674461,0.1621851176023483,0.5989096760749817,-0.1609195470809936,0.2736318409442901,0.0406504049897193,-0.1388235241174698,0.1566820293664932,0.2425742596387863,161.0,0.1022680774331092
EXPC-244,130.23505494579587,45.3450690802568,C_band130,23,M3C-244,否,水体,中,深暗水体，右下有堤桥,judge_C_05.csv,False,23,-0.0482276047673971,-0.1929104190695886,-0.0384467512495194,-0.17279507881584,-0.0297731641676278,-0.0120569011918492,-0.1793771626297577,0.2288965782391388,0.0448442906574394,0.1034063821607074,0.0297731641676278,-0.1085121107266436,0.059115724721261,-0.0271280276816609,-0.1245674740484429,0.2288965782391388,0.0711111111111111,-0.1998615916955017,0.0061514801999231,0.035432525951557,-0.0797231833910034,0.075355632449058,-0.0030142252979623,0.0138408304498269,-0.2214532871972318,-0.0325413302575932,0.1417301038062283,-0.1417301038062283,0.2761399461745483,-0.1998615916955017,-0.1245674740484429,0.0984236831987697,-0.075355632449058,-0.0553633217993079,-0.0842137639369473,0.2441522491349481,0.075355632449058,-0.1137408688965782,0.0415840061514801,0.1476970396001538,-0.0246059207996924,0.0797231833910034,0.0482276047673971,-0.0711111111111111,-0.0482276047673971,0.292871972318339,-0.0553633217993079,0.0797231833910034,-0.1190926566705113,-0.2599000384467512,0.2069357939254133,-0.0384467512495194,-0.1537870049980776,-0.0074432910419069,-0.0030142252979623,-0.0935640138408304,-0.0022145328719723,0.0711111111111111,0.0061514801999231,-0.059115724721261,-0.17279507881584,-0.1301653210303729,0.0030142252979623,0.1245674740484429,,,,,0.0095602292567491,-0.0243145376443862,0.8295137882232666,-0.0966503098607063,0.1318433433771133,0.5269709825515747,-0.1379310339689254,0.2723492681980133,0.256673514842987,-0.1810035854578018,0.2599190175533294,0.3208828568458557,285.6021728515625,0.1618894636631012
EXPC-245,131.96395254161231,45.563808851939896,C_band130,23,M3C-245,否,水体,中,粉褐浊水宽河道，两侧绿岸,judge_C_05.csv,False,23,-0.0271280276816609,-0.1537870049980776,-0.0177777777777777,-0.1793771626297577,-0.0061514801999231,0.035432525951557,-0.1929104190695886,0.2069357939254133,-0.035432525951557,0.1245674740484429,0.0669896193771626,-0.16,0.0271280276816609,0.0297731641676278,-0.1998615916955017,0.1793771626297577,0.0199307958477508,-0.186082276047674,-0.0297731641676278,0.0061514801999231,-0.1190926566705113,0.0711111111111111,-0.0448442906574394,-0.0039369473279507,-0.2288965782391388,0.0669896193771626,0.0984236831987697,-0.1137408688965782,0.2761399461745483,-0.1476970396001538,-0.0629911572472126,0.0448442906574394,-0.1245674740484429,-0.0553633217993079,-0.0984236831987697,0.2679584775086506,0.0629911572472126,-0.0797231833910034,0.0517339484813533,0.1998615916955017,-0.0138408304498269,0.0629911572472126,0.0935640138408304,-0.0797231833910034,-0.075355632449058,0.3014225297962323,-0.0797231833910034,0.0935640138408304,-0.1190926566705113,-0.2288965782391388,0.1929104190695886,-0.0325413302575932,-0.1034063821607074,-0.0711111111111111,-0.0246059207996924,-0.1417301038062283,0.0061514801999231,0.075355632449058,-0.0088581314878892,-0.0482276047673971,-0.16,-0.1476970396001538,-0.0138408304498269,0.1417301038062283,,,,,0.0058088642545044,-0.0111999996006488,0.7871602177619934,-0.3583177328109741,0.3939036428928375,0.5275862216949463,-0.0088265836238861,0.027261147275567,0.3082413971424103,-0.0258899684995412,0.0016583747928962,-0.1005212217569351,111.0,0.1022680774331092
EXPC-246,132.84277438406644,47.80600380110223,C_band130,23,M3C-246,否,水体,低,极暗绿无纹理，疑深水藻,judge_C_05.csv,False,23,-0.0246059207996924,-0.1301653210303729,-0.059115724721261,-0.1793771626297577,-0.0271280276816609,-0.0030142252979623,-0.1537870049980776,0.1476970396001538,-0.0138408304498269,0.0888273740868896,0.0138408304498269,-0.1358861976163014,-0.0120569011918492,-0.0415840061514801,-0.1793771626297577,0.2761399461745483,0.0842137639369473,-0.1537870049980776,-0.01039600153787,0.1034063821607074,-0.0517339484813533,0.0984236831987697,0.0088581314878892,0.0271280276816609,-0.2069357939254133,0.0061514801999231,0.1358861976163014,-0.0888273740868896,0.3278123798539023,-0.2599000384467512,-0.059115724721261,0.1085121107266436,-0.0157477893118031,-0.059115724721261,-0.0199307958477508,0.2679584775086506,0.0797231833910034,-0.1085121107266436,0.0222068435217224,0.1417301038062283,-0.0797231833910034,0.0271280276816609,0.0629911572472126,-0.0482276047673971,-0.0246059207996924,0.292871972318339,-0.0842137639369473,0.0935640138408304,-0.0935640138408304,-0.1301653210303729,0.1793771626297577,-0.0711111111111111,-0.0984236831987697,-0.0177777777777777,0.0177777777777777,-0.0415840061514801,0.01039600153787,0.0517339484813533,0.0199307958477508,-0.0711111111111111,-0.2364628988850442,-0.1929104190695886,-0.0629911572472126,0.1929104190695886,,,,,0.0060268891975283,-0.0168697275221347,0.8353198766708374,-0.0340836010873317,0.1760833859443664,0.5082659125328064,-0.0828961208462715,0.2536293864250183,0.6834862232208252,-0.1369509100914001,0.3183673322200775,0.6955380439758301,50.0,0.0145089849829673
EXPC-247,132.31070224128243,45.185887611910815,C_band130,23,M3C-247,否,稀疏植被,低,浅色斑块散布，无湿迹,judge_C_05.csv,False,13,0.0553633217993079,-0.0935640138408304,-0.0222068435217224,-0.1190926566705113,-0.0797231833910034,0.1245674740484429,-0.1085121107266436,0.0935640138408304,0.0271280276816609,0.1793771626297577,0.0002460592079969,-0.0888273740868896,-0.0384467512495194,-0.0669896193771626,-0.0935640138408304,0.2364628988850442,0.0888273740868896,-0.0842137639369473,-0.0074432910419069,0.0888273740868896,0.0138408304498269,0.1793771626297577,0.0297731641676278,0.0669896193771626,-0.2069357939254133,0.0415840061514801,0.1417301038062283,-0.16,0.2599000384467512,-0.2364628988850442,-0.0797231833910034,0.2844444444444444,0.0935640138408304,-0.1929104190695886,-0.0246059207996924,0.186082276047674,0.0797231833910034,-0.075355632449058,-0.075355632449058,0.0448442906574394,-0.1190926566705113,0.0049826989619377,0.1301653210303729,-0.0384467512495194,-0.0384467512495194,0.2288965782391388,-0.1476970396001538,0.1358861976163014,-0.0553633217993079,-0.0629911572472126,0.1929104190695886,-0.01039600153787,-0.0138408304498269,-0.0517339484813533,-0.0039369473279507,-0.075355632449058,0.0138408304498269,0.0157477893118031,0.0415840061514801,0.0842137639369473,-0.1998615916955017,-0.2214532871972318,-0.1301653210303729,0.2519646289888504,,,,,0.0033450457267463,-0.0226628091186285,0.8596739768981934,-0.1811307221651077,0.1973173320293426,0.8076205849647522,-0.3299145400524139,0.3359683752059936,0.7377892136573792,-0.331175833940506,0.3216630220413208,0.9068666100502014,68.0,0.0905515700578689
EXPC-248,132.43628671800235,45.843274736829486,C_band130,23,M3C-248,是,草本沼泽,中,蜿蜒水道+湿斑草甸镶嵌,judge_C_05.csv,False,15,-0.059115724721261,-0.1663360246059207,-0.0711111111111111,-0.1663360246059207,-0.0482276047673971,0.0088581314878892,-0.1137408688965782,0.1663360246059207,-0.0074432910419069,0.0711111111111111,0.0271280276816609,-0.16,-0.0177777777777777,-0.0517339484813533,-0.1663360246059207,0.2214532871972318,0.0629911572472126,-0.2288965782391388,0.0325413302575932,0.0711111111111111,-0.0711111111111111,0.0984236831987697,0.0039369473279507,0.0448442906574394,-0.2214532871972318,-0.01039600153787,0.1085121107266436,-0.1137408688965782,0.2679584775086506,-0.2441522491349481,-0.0711111111111111,0.1245674740484429,0.0222068435217224,-0.0517339484813533,-0.0482276047673971,0.2364628988850442,0.1190926566705113,-0.1190926566705113,0.0061514801999231,0.1793771626297577,-0.1034063821607074,0.0482276047673971,0.0984236831987697,-0.0553633217993079,-0.0448442906574394,0.2844444444444444,-0.0935640138408304,0.1137408688965782,-0.1034063821607074,-0.17279507881584,0.1537870049980776,-0.0482276047673971,-0.16,-0.059115724721261,0.0246059207996924,-0.059115724721261,0.0384467512495194,0.0797231833910034,0.0120569011918492,-0.0222068435217224,-0.1929104190695886,-0.1929104190695886,-0.0177777777777777,0.2069357939254133,,,,,-0.0486837364733219,0.0401688255369663,0.8655703663825989,-0.1686006784439087,0.1814516186714172,0.8797113299369812,-0.0887804850935936,0.0940834134817123,0.5,-0.2687559425830841,0.197638064622879,0.8042909502983093,95.82205963134766,0.0905515700578689
EXPC-249,131.2611106633172,47.203952897685326,C_band130,23,M3C-249,否,水体,低,均匀褐色，疑浊水或湿泥滩,judge_C_05.csv,False,23,-0.0138408304498269,-0.1137408688965782,-0.0271280276816609,-0.1537870049980776,-0.0384467512495194,0.0384467512495194,-0.1137408688965782,0.1663360246059207,-0.0157477893118031,0.1085121107266436,0.0199307958477508,-0.1476970396001538,0.0138408304498269,-0.0448442906574394,-0.1417301038062283,0.2519646289888504,0.0842137639369473,-0.1663360246059207,0.0120569011918492,0.0935640138408304,-0.0271280276816609,0.1085121107266436,0.0177777777777777,0.0448442906574394,-0.1998615916955017,-0.0246059207996924,0.1537870049980776,-0.1034063821607074,0.3100961168781238,-0.2214532871972318,-0.0711111111111111,0.1537870049980776,0.0246059207996924,-0.0797231833910034,-0.0297731641676278,0.2599000384467512,0.075355632449058,-0.1034063821607074,-0.0120569011918492,0.1417301038062283,-0.0984236831987697,-0.0157477893118031,0.0888273740868896,-0.035432525951557,-0.0157477893118031,0.3014225297962323,-0.1358861976163014,0.1245674740484429,-0.0842137639369473,-0.1663360246059207,0.1929104190695886,-0.059115724721261,-0.0984236831987697,-0.0384467512495194,-0.0199307958477508,-0.0629911572472126,0.0138408304498269,0.0669896193771626,0.0039369473279507,-0.0246059207996924,-0.2364628988850442,-0.17279507881584,-0.0711111111111111,0.2214532871972318,,,,,0.0136708859354257,-0.0351602882146835,0.8486687541007996,-0.0293200258165597,0.0900584831833839,0.5729957818984985,-0.2646755874156952,0.2110497206449508,0.6046851873397827,-0.3336206972599029,0.2721280455589294,0.8170813918113708,63.5,0.0770410150289535
EXPC-250,130.92576956775537,47.204402055327385,C_band130,23,M3C-250,否,稀疏植被,低,浅色斑点面，稀疏植被/裸地,judge_C_05.csv,False,13,0.0325413302575932,-0.1137408688965782,0.0088581314878892,-0.1417301038062283,-0.0711111111111111,0.0448442906574394,-0.0935640138408304,0.1663360246059207,-0.0002460592079969,0.1190926566705113,0.0246059207996924,-0.1190926566705113,-0.0039369473279507,-0.0482276047673971,-0.0935640138408304,0.2679584775086506,0.1034063821607074,-0.1537870049980776,0.0157477893118031,0.0888273740868896,0.0074432910419069,0.0842137639369473,0.0517339484813533,0.0553633217993079,-0.17279507881584,0.0030142252979623,0.17279507881584,-0.1358861976163014,0.3014225297962323,-0.2214532871972318,-0.1085121107266436,0.2141330257593233,0.035432525951557,-0.0888273740868896,-0.0415840061514801,0.2364628988850442,0.0888273740868896,-0.1034063821607074,-0.0199307958477508,0.1476970396001538,-0.1358861976163014,-0.0120569011918492,0.0888273740868896,-0.0061514801999231,-0.0448442906574394,0.2844444444444444,-0.1417301038062283,0.1417301038062283,-0.0415840061514801,-0.16,0.16,-0.0482276047673971,-0.0517339484813533,-0.0177777777777777,-0.0177777777777777,-0.0517339484813533,0.0138408304498269,0.0711111111111111,0.0039369473279507,0.0177777777777777,-0.2441522491349481,-0.1663360246059207,-0.0888273740868896,0.2364628988850442,,,,,0.0170830320566892,-0.0400333330035209,0.805522084236145,-0.0709677413105964,0.1216361671686172,0.5138014554977417,-0.104678213596344,-0.0099125364795327,0.5628163814544678,-0.3736059367656708,0.3512993156909942,0.8522427678108215,68.25430297851562,0.1631932705640792
EXPC-251,133.9874975506199,48.301065354180494,C_band130,23,M3C-251,是,盐渍湿地,低,近白斑面，疑返碱/沙/雪,judge_C_05.csv,False,17,0.0039369473279507,-0.1663360246059207,-0.0177777777777777,-0.1476970396001538,-0.0325413302575932,0.0088581314878892,-0.075355632449058,0.17279507881584,0.0039369473279507,0.1245674740484429,-0.0120569011918492,-0.1190926566705113,0.0074432910419069,-0.0199307958477508,-0.1358861976163014,0.2844444444444444,0.0984236831987697,-0.1663360246059207,0.0271280276816609,0.0711111111111111,-0.0049826989619377,0.1085121107266436,0.0074432910419069,0.0553633217993079,-0.186082276047674,0.0022145328719723,0.1417301038062283,-0.0935640138408304,0.3014225297962323,-0.2679584775086506,-0.0842137639369473,0.2069357939254133,-0.0039369473279507,-0.0711111111111111,-0.0415840061514801,0.2288965782391388,0.075355632449058,-0.1417301038062283,0.000553633217993,0.1245674740484429,-0.0842137639369473,-0.01039600153787,0.0842137639369473,-0.01039600153787,-0.0177777777777777,0.2844444444444444,-0.1301653210303729,0.0797231833910034,-0.1085121107266436,-0.1793771626297577,0.186082276047674,-0.075355632449058,-0.0984236831987697,-0.0157477893118031,-0.01039600153787,-0.0482276047673971,0.0120569011918492,0.0517339484813533,0.0325413302575932,-0.0246059207996924,-0.2288965782391388,-0.1358861976163014,-0.0448442906574394,0.2364628988850442,,,,,0.0037243948318064,-0.0160824749618768,0.878740131855011,-0.1217582449316978,0.0663551390171051,0.8344051241874695,-0.2959064245223999,0.2694174647331238,0.7203947305679321,-0.4845938384532928,0.4407294690608978,0.8922155499458313,37.5,0.0856463089585304
EXPC-252,131.99970548992027,47.33088484733141,C_band130,23,M3C-252,否,水体,中,藻绿浅水，近滩岸,judge_C_05.csv,False,23,-0.0177777777777777,-0.0984236831987697,-0.035432525951557,-0.1793771626297577,0.0088581314878892,0.0061514801999231,-0.1998615916955017,0.1663360246059207,-0.0120569011918492,0.0984236831987697,0.0482276047673971,-0.1663360246059207,0.01039600153787,-0.0222068435217224,-0.186082276047674,0.2214532871972318,0.075355632449058,-0.1137408688965782,-0.0325413302575932,0.0842137639369473,-0.0669896193771626,0.0888273740868896,0.0120569011918492,0.0222068435217224,-0.1998615916955017,0.0246059207996924,0.1537870049980776,-0.0842137639369473,0.3368550557477893,-0.2441522491349481,-0.0384467512495194,0.0711111111111111,-0.0088581314878892,-0.0888273740868896,-0.035432525951557,0.292871972318339,0.0842137639369473,-0.0629911572472126,0.0157477893118031,0.1417301038062283,-0.075355632449058,-0.0415840061514801,0.059115724721261,-0.075355632449058,-0.075355632449058,0.292871972318339,-0.1034063821607074,0.0984236831987697,-0.075355632449058,-0.1358861976163014,0.2214532871972318,-0.0797231833910034,-0.0669896193771626,-0.0088581314878892,-0.0120569011918492,-0.0797231833910034,-0.0448442906574394,0.0482276047673971,0.0297731641676278,-0.075355632449058,-0.2141330257593233,-0.1663360246059207,-0.075355632449058,0.186082276047674,,,,,-0.0136091457679867,-0.008627887815237,0.8203654289245605,-0.2837670445442199,0.3556298911571502,0.5853976607322693,-0.2159672528505325,0.3274802565574646,0.574999988079071,-0.5704596638679504,0.6192384958267212,0.7955555319786072,55.0,0.0770410150289535
EXPC-253,132.77944315653602,45.310394110289785,C_band130,23,M3C-253,否,水体,低,极均匀灰橄榄色，疑浊水,judge_C_05.csv,False,23,-0.0157477893118031,-0.1358861976163014,-0.0935640138408304,-0.1417301038062283,-0.0517339484813533,0.0517339484813533,-0.0797231833910034,0.1085121107266436,0.0074432910419069,0.0842137639369473,-0.0222068435217224,-0.1417301038062283,-0.0517339484813533,-0.0415840061514801,-0.1476970396001538,0.2761399461745483,0.075355632449058,-0.1998615916955017,0.0138408304498269,0.0797231833910034,-0.0517339484813533,0.16,-0.0088581314878892,0.0415840061514801,-0.2288965782391388,-0.035432525951557,0.1085121107266436,-0.1137408688965782,0.2844444444444444,-0.2441522491349481,-0.0669896193771626,0.1663360246059207,0.0199307958477508,-0.1034063821607074,-0.035432525951557,0.2214532871972318,0.059115724721261,-0.0984236831987697,-0.0271280276816609,0.17279507881584,-0.1034063821607074,0.0669896193771626,0.1034063821607074,-0.0517339484813533,-0.0246059207996924,0.2844444444444444,-0.1301653210303729,0.1034063821607074,-0.1034063821607074,-0.1301653210303729,0.186082276047674,-0.059115724721261,-0.1301653210303729,-0.0669896193771626,-0.0138408304498269,-0.059115724721261,0.0384467512495194,0.0553633217993079,-0.0015378700499807,0.0448442906574394,-0.186082276047674,-0.2069357939254133,-0.0448442906574394,0.2069357939254133,,,,,0.031027253717184,0.0880771353840828,0.8959612250328064,-0.211594209074974,0.2946515381336212,0.7790645956993103,-0.2824074029922485,0.3957115113735199,0.5893451571464539,-0.3787047266960144,0.3063725531101227,0.8685363531112671,70.0,0.0905515700578689
EXPC-254,130.8425855724459,46.16460211395904,C_band130,23,M3C-254,否,水体,中,深绿水色，岸有路与林带,judge_C_05.csv,False,23,-0.0669896193771626,-0.17279507881584,0.0199307958477508,-0.2364628988850442,-0.0553633217993079,-0.0271280276816609,-0.2519646289888504,0.1663360246059207,-0.0039369473279507,0.075355632449058,0.059115724721261,-0.1190926566705113,0.0246059207996924,-0.0157477893118031,-0.1793771626297577,0.2364628988850442,0.1085121107266436,-0.1190926566705113,-0.059115724721261,-0.0157477893118031,-0.0797231833910034,0.1137408688965782,-0.0297731641676278,-0.0177777777777777,-0.2599000384467512,0.0177777777777777,0.0797231833910034,-0.0553633217993079,0.3368550557477893,-0.1663360246059207,-0.0325413302575932,-0.0022145328719723,-0.075355632449058,-0.0448442906574394,-0.0711111111111111,0.2844444444444444,0.0384467512495194,-0.0271280276816609,-0.0199307958477508,0.186082276047674,-0.0711111111111111,0.0629911572472126,0.0222068435217224,0.0039369473279507,-0.0271280276816609,0.3100961168781238,-0.0138408304498269,0.1085121107266436,-0.075355632449058,-0.2364628988850442,0.16,-0.0271280276816609,-0.1034063821607074,-0.0022145328719723,-0.0199307958477508,-0.0517339484813533,0.01039600153787,0.0222068435217224,0.0039369473279507,-0.0177777777777777,-0.2288965782391388,-0.1301653210303729,0.0022145328719723,0.1034063821607074,,,,,-0.0028673012275248,-0.010636443272233,0.791412353515625,0.0399051755666732,0.0383631698787212,0.19361612200737,0.2050853073596954,-0.0410404615104198,0.2105071097612381,0.0902777761220932,0.0951008647680282,0.3748190999031067,203.65257263183597,0.0630452111363411
EXPC-255,134.60041806897468,48.287949951032346,C_band130,23,M3C-255,否,草地,低,均匀草甸面，无湿迹,judge_C_05.csv,False,11,-0.0448442906574394,-0.1137408688965782,-0.0415840061514801,-0.2214532871972318,-0.0088581314878892,-0.0015378700499807,-0.1537870049980776,0.2069357939254133,0.0177777777777777,0.0797231833910034,0.01039600153787,-0.1034063821607074,-0.0039369473279507,-0.0177777777777777,-0.1793771626297577,0.2141330257593233,0.0935640138408304,-0.16,0.0271280276816609,0.0842137639369473,-0.0246059207996924,0.1417301038062283,0.0061514801999231,0.0325413302575932,-0.2214532871972318,-0.0074432910419069,0.1034063821607074,-0.1034063821607074,0.3460207612456747,-0.2441522491349481,-0.0297731641676278,0.0935640138408304,-0.0553633217993079,-0.0629911572472126,-0.0415840061514801,0.2761399461745483,0.075355632449058,-0.0888273740868896,0.0120569011918492,0.1190926566705113,-0.0415840061514801,0.0222068435217224,0.0297731641676278,-0.059115724721261,-0.0138408304498269,0.3100961168781238,-0.0669896193771626,0.0888273740868896,-0.1137408688965782,-0.1417301038062283,0.1929104190695886,-0.0711111111111111,-0.1537870049980776,-0.0553633217993079,0.0002460592079969,-0.0553633217993079,0.0061514801999231,0.0482276047673971,-0.0022145328719723,-0.0935640138408304,-0.2069357939254133,-0.16,-0.0384467512495194,0.17279507881584,,,,,0.0252182353287935,-0.0388206392526626,0.8167885541915894,-0.057009682059288,0.0536164082586765,0.623059868812561,-0.0821052640676498,0.2823045253753662,0.2908036410808563,-0.5598264336585999,0.557356595993042,0.5992317795753479,37.2799072265625,0.0481114648282527
EXPC-256,130.95110205876753,45.4375057229927,C_band130,23,M3C-256,否,水体,低,橄榄色极均匀，疑浅水,judge_C_05.csv,False,23,-0.0517339484813533,-0.17279507881584,-0.0415840061514801,-0.1793771626297577,-0.0384467512495194,0.0120569011918492,-0.1085121107266436,0.1663360246059207,0.0297731641676278,0.1245674740484429,-0.0177777777777777,-0.1476970396001538,0.0271280276816609,-0.0629911572472126,-0.1034063821607074,0.2441522491349481,0.0935640138408304,-0.2364628988850442,0.0177777777777777,0.0517339484813533,-0.059115724721261,0.1190926566705113,-0.0049826989619377,0.0797231833910034,-0.1998615916955017,-0.0935640138408304,0.0984236831987697,-0.16,0.2679584775086506,-0.2141330257593233,-0.0669896193771626,0.1476970396001538,-0.0120569011918492,-0.1137408688965782,-0.0482276047673971,0.1998615916955017,0.0553633217993079,-0.1034063821607074,0.0039369473279507,0.17279507881584,-0.0669896193771626,0.0711111111111111,0.0935640138408304,-0.0297731641676278,-0.0177777777777777,0.3368550557477893,-0.0935640138408304,0.0797231833910034,-0.0935640138408304,-0.2141330257593233,0.1663360246059207,-0.0384467512495194,-0.1476970396001538,0.0030142252979623,0.0222068435217224,-0.0711111111111111,0.0246059207996924,0.0553633217993079,-0.0157477893118031,-0.0297731641676278,-0.1998615916955017,-0.1663360246059207,-0.01039600153787,0.17279507881584,,,,,0.0047455602325499,-0.0171621944755315,0.8458744883537292,-0.0801567509770393,0.1211708635091781,0.5730658769607544,-0.2155411690473556,0.2554872632026672,0.6608594655990601,-0.3094944655895233,0.34272301197052,0.6823529601097107,227.5,0.1618894636631012
EXPC-257,131.26012251650465,46.68059441315729,C_band130,23,M3C-257,否,裸地,低,浅棕斑点裸面，无水迹,judge_C_05.csv,False,22,-0.059115724721261,-0.1245674740484429,-0.035432525951557,-0.2069357939254133,-0.0482276047673971,0.0482276047673971,-0.1537870049980776,0.1998615916955017,-0.0138408304498269,0.0797231833910034,0.0415840061514801,-0.1476970396001538,0.0482276047673971,-0.059115724721261,-0.1476970396001538,0.2141330257593233,0.0842137639369473,-0.2069357939254133,0.0448442906574394,0.0517339484813533,-0.0669896193771626,0.0842137639369473,0.0120569011918492,0.0797231833910034,-0.1998615916955017,-0.0384467512495194,0.0797231833910034,-0.16,0.2679584775086506,-0.2069357939254133,-0.0384467512495194,0.1245674740484429,0.0448442906574394,-0.075355632449058,-0.0517339484813533,0.2441522491349481,0.0553633217993079,-0.1137408688965782,-0.0061514801999231,0.1663360246059207,-0.075355632449058,0.0384467512495194,0.0984236831987697,-0.0482276047673971,-0.0246059207996924,0.3100961168781238,-0.0984236831987697,0.1137408688965782,-0.0711111111111111,-0.1998615916955017,0.1663360246059207,-0.0297731641676278,-0.1476970396001538,-0.0415840061514801,0.01039600153787,-0.0842137639369473,0.0669896193771626,0.0797231833910034,-0.0271280276816609,-0.0246059207996924,-0.2288965782391388,-0.1793771626297577,-0.0482276047673971,0.1663360246059207,,,,,0.001547189312987,-0.0086814574897289,0.8359214067459106,-0.180914506316185,0.2746478915214538,0.5713510513305664,-0.0714285746216774,0.1279503107070922,0.6199821829795837,-0.1724137961864471,0.0881953835487365,0.7861915230751038,128.8292236328125,0.0911156833171844
EXPC-258,130.54003298475445,48.259832682639406,C_band130,23,M3C-258,否,水体,中,近黑深水，两岸植被,judge_C_05.csv,False,23,-0.059115724721261,-0.1793771626297577,0.0297731641676278,-0.2441522491349481,-0.0384467512495194,-0.0984236831987697,-0.1358861976163014,0.2214532871972318,0.0415840061514801,0.1301653210303729,0.0074432910419069,-0.1034063821607074,0.0669896193771626,-0.0271280276816609,-0.1793771626297577,0.2288965782391388,0.1245674740484429,-0.1998615916955017,-0.0711111111111111,0.0061514801999231,-0.059115724721261,0.0797231833910034,-0.0629911572472126,-0.0074432910419069,-0.1793771626297577,-0.0553633217993079,0.035432525951557,-0.01039600153787,0.3460207612456747,-0.2141330257593233,-0.0415840061514801,0.0629911572472126,-0.075355632449058,-0.0842137639369473,-0.0553633217993079,0.2519646289888504,0.0297731641676278,-0.0888273740868896,-0.0074432910419069,0.1301653210303729,-0.075355632449058,0.0177777777777777,0.0157477893118031,0.0138408304498269,0.0199307958477508,0.3100961168781238,-0.0246059207996924,0.0002460592079969,-0.1301653210303729,-0.186082276047674,0.1245674740484429,-0.0297731641676278,-0.1663360246059207,0.035432525951557,0.0138408304498269,0.0199307958477508,0.035432525951557,0.0120569011918492,-0.0061514801999231,-0.1085121107266436,-0.2441522491349481,-0.1301653210303729,0.01039600153787,0.16,,,,,0.0096478536725044,-0.0399999991059303,0.8152563571929932,-0.1414330154657364,0.2011594176292419,0.7074577808380127,0.2441093325614929,-0.0526315793395042,0.2222222238779068,0.1690821200609207,0.0241935476660728,0.1263858079910278,125.4071273803711,0.0640474185347557
EXPC-259,134.28816367621474,48.12858881962955,C_band130,23,M3C-259,否,水体,中,藻绿水色带涡纹,judge_C_05.csv,False,23,-0.0157477893118031,-0.0797231833910034,-0.0088581314878892,-0.2599000384467512,-0.0120569011918492,-0.0022145328719723,-0.16,0.1190926566705113,-0.0246059207996924,0.1358861976163014,0.0138408304498269,-0.0669896193771626,-0.0157477893118031,0.0120569011918492,-0.2679584775086506,0.2599000384467512,0.0984236831987697,-0.1663360246059207,-0.0629911572472126,0.0629911572472126,-0.075355632449058,0.1034063821607074,0.0157477893118031,-0.0120569011918492,-0.2364628988850442,0.0222068435217224,0.0711111111111111,-0.035432525951557,0.3188927335640138,-0.2364628988850442,-0.0074432910419069,-0.0325413302575932,0.0199307958477508,-0.075355632449058,-0.0297731641676278,0.2761399461745483,0.0888273740868896,-0.0553633217993079,0.0517339484813533,0.1663360246059207,-0.0669896193771626,0.059115724721261,0.0138408304498269,-0.0482276047673971,-0.0030142252979623,0.3014225297962323,-0.0138408304498269,0.0797231833910034,-0.0030142252979623,-0.1476970396001538,0.17279507881584,-0.0553633217993079,-0.075355632449058,-0.0629911572472126,0.0297731641676278,-0.0797231833910034,-0.0415840061514801,0.0088581314878892,0.0222068435217224,-0.1301653210303729,-0.2441522491349481,-0.186082276047674,-0.0384467512495194,0.1476970396001538,,,,,0.010747873224318,-0.0231187678873538,0.8192370533943176,-0.1819548904895782,0.1770045459270477,0.6996176838874817,-0.2057416290044784,0.2379152029752731,0.6952662467956543,-0.4440433084964752,0.5161036849021912,0.6666666865348816,49.25353240966797,0.0481114648282527
EXPC-260,130.395359308247,43.118998890444416,D_control_base,1,M3D-000,否,草本旱地,中,收割后残茬干草面,judge_C_05.csv,False,0,-0.075355632449058,-0.0088581314878892,0.2214532871972318,-0.3014225297962323,-0.035432525951557,-0.0842137639369473,-0.2519646289888504,0.2761399461745483,0.1034063821607074,-0.0629911572472126,0.0984236831987697,0.1137408688965782,0.0199307958477508,0.1998615916955017,-0.059115724721261,0.0711111111111111,0.0711111111111111,-0.035432525951557,-0.1034063821607074,-0.0297731641676278,0.0222068435217224,-0.0553633217993079,0.1245674740484429,0.0222068435217224,-0.16,0.1301653210303729,0.0297731641676278,-0.0629911572472126,0.2069357939254133,-0.1537870049980776,-0.1034063821607074,-0.075355632449058,-0.0177777777777777,-0.0061514801999231,0.0297731641676278,0.2679584775086506,-0.0222068435217224,0.0669896193771626,0.059115724721261,-0.0448442906574394,-0.0199307958477508,0.0074432910419069,-0.0002460592079969,-0.0669896193771626,-0.1358861976163014,0.1417301038062283,0.2761399461745483,-0.0553633217993079,0.035432525951557,-0.0629911572472126,0.1998615916955017,0.1190926566705113,-0.1417301038062283,0.0888273740868896,0.075355632449058,0.1190926566705113,-0.0074432910419069,0.0271280276816609,-0.0222068435217224,-0.2519646289888504,-0.2441522491349481,0.0022145328719723,-0.1190926566705113,-0.0199307958477508,-15.60956562862124,-27.6417951406146,-8.956948476334325,-15.5762461726393,0.025826446712017,-0.0463645942509174,0.7969719767570496,0.1564320921897888,-0.2932330965995788,-0.398464173078537,0.5357686281204224,-0.4800146818161011,-0.2259825319051742,0.2350346595048904,-0.4060258269309997,-0.3152308762073517,256.3674011230469,0.1514522582292556
EXPC-261,133.11051725449826,46.02361153011648,D_control_base,1,M3D-001,否,草本旱地,中,条播农田，行向清晰,judge_C_05.csv,False,0,-0.0157477893118031,0.0177777777777777,0.0177777777777777,-0.3742560553633218,0.0022145328719723,-0.0553633217993079,-0.2519646289888504,0.1137408688965782,-0.035432525951557,-0.0246059207996924,-0.0120569011918492,-0.0517339484813533,-0.0842137639369473,0.0415840061514801,-0.2214532871972318,0.1793771626297577,-0.0049826989619377,-0.0271280276816609,-0.0246059207996924,0.1085121107266436,-0.0482276047673971,0.1034063821607074,0.0517339484813533,-0.059115724721261,-0.1245674740484429,0.1190926566705113,0.1190926566705113,-0.0669896193771626,0.3647212610534409,-0.2441522491349481,0.0039369473279507,-0.1085121107266436,-0.0842137639369473,0.0482276047673971,-0.0246059207996924,0.3014225297962323,0.0842137639369473,0.0984236831987697,0.0842137639369473,-0.0138408304498269,-0.0157477893118031,0.0517339484813533,-0.0797231833910034,-0.0157477893118031,0.0482276047673971,0.2844444444444444,0.1663360246059207,0.000553633217993,0.0553633217993079,-0.0074432910419069,0.1929104190695886,-0.0711111111111111,-0.0553633217993079,-0.0120569011918492,0.0297731641676278,0.0297731641676278,-0.0074432910419069,-0.0325413302575932,0.01039600153787,-0.2519646289888504,-0.2069357939254133,0.0120569011918492,-0.0199307958477508,0.0022145328719723,,,,,-0.0142434230074286,0.0107068782672286,0.8334349989891052,0.2139791548252105,-0.300065666437149,-0.272851288318634,0.3372228741645813,-0.3899332880973816,-0.4139236807823181,0.5224200487136841,-0.6206896305084229,-0.4751577377319336,63.32295608520508,0.0100717162713408
EXPC-262,133.65624378960086,45.98749925569487,D_control_base,1,M3D-002,否,不透水面,低,村舍庭院/道路混杂,judge_C_05.csv,False,21,-0.0448442906574394,0.035432525951557,0.1537870049980776,-0.3100961168781238,0.0325413302575932,-0.0384467512495194,-0.292871972318339,0.1998615916955017,-0.0039369473279507,-0.0482276047673971,0.0888273740868896,-0.0797231833910034,-0.0984236831987697,0.0448442906574394,-0.2288965782391388,0.1998615916955017,0.1085121107266436,-0.0482276047673971,-0.0797231833910034,0.0984236831987697,-0.0088581314878892,0.0088581314878892,0.1537870049980776,-0.1137408688965782,-0.0935640138408304,0.2141330257593233,0.0629911572472126,-0.1085121107266436,0.3368550557477893,-0.1301653210303729,-0.0039369473279507,-0.0384467512495194,-0.1137408688965782,0.0669896193771626,0.0138408304498269,0.292871972318339,0.0629911572472126,0.1085121107266436,0.0120569011918492,0.0246059207996924,-0.0022145328719723,0.0482276047673971,-0.0842137639369473,-0.0157477893118031,0.0222068435217224,0.2141330257593233,0.186082276047674,-0.0271280276816609,0.075355632449058,-0.0797231833910034,0.2069357939254133,-0.035432525951557,-0.0984236831987697,0.075355632449058,0.059115724721261,0.0271280276816609,0.0325413302575932,0.0157477893118031,0.0325413302575932,-0.16,-0.186082276047674,-0.0553633217993079,-0.0888273740868896,-0.0199307958477508,,,,,0.0150851579383015,-0.0263538230210542,0.7965274453163147,0.206006571650505,-0.3078880310058594,-0.282132476568222,0.5139477849006653,-0.4900065958499908,-0.397587239742279,0.503084659576416,-0.5604075789451599,-0.4954894781112671,86.2854232788086,0.0561328567564487
EXPC-263,133.95699974672408,48.03242416846455,D_control_base,1,M3D-003,是,湖河滩地,低,近岸浅色滩面贴深色水体,judge_C_05.csv,False,16,-0.01039600153787,0.0222068435217224,0.0222068435217224,-0.3553094963475586,0.0482276047673971,-0.0177777777777777,-0.2519646289888504,0.16,-0.0120569011918492,0.0022145328719723,0.0271280276816609,-0.0448442906574394,-0.0935640138408304,0.059115724721261,-0.2519646289888504,0.2214532871972318,0.0138408304498269,-0.035432525951557,-0.035432525951557,0.1085121107266436,-0.0199307958477508,0.059115724721261,0.0669896193771626,-0.0629911572472126,-0.0984236831987697,0.1190926566705113,0.1190926566705113,-0.0888273740868896,0.3839138792772011,-0.17279507881584,-0.0246059207996924,-0.0984236831987697,-0.1085121107266436,0.0325413302575932,-0.0711111111111111,0.3014225297962323,0.0888273740868896,0.0415840061514801,0.1085121107266436,0.0138408304498269,-0.0030142252979623,0.075355632449058,-0.0888273740868896,-0.0074432910419069,0.0177777777777777,0.2364628988850442,0.1663360246059207,-0.0222068435217224,0.0517339484813533,-0.0553633217993079,0.2214532871972318,-0.0984236831987697,-0.0448442906574394,-0.01039600153787,0.0138408304498269,0.0138408304498269,-0.0448442906574394,-0.0553633217993079,0.0482276047673971,-0.1998615916955017,-0.2214532871972318,-0.0271280276816609,-0.0246059207996924,-0.0022145328719723,,,,,0.0036569663789123,-0.0115765975788235,0.87180495262146,0.2660222053527832,-0.3323285579681396,-0.3982000350952148,0.5570291876792908,-0.5306388735771179,-0.3744570016860962,0.4155937135219574,-0.4837863147258758,-0.4852336347103119,47.81578826904297,0.0856463089585304
EXPC-264,131.41701328087615,45.39218571690887,D_control_base,1,M3D-004,是,草本沼泽,低,黄绿湿斑杂糅，影像模糊,judge_C_05.csv,False,15,-0.0711111111111111,0.0482276047673971,0.0517339484813533,-0.2844444444444444,-0.0482276047673971,-0.1537870049980776,-0.2599000384467512,0.3278123798539023,0.0984236831987697,-0.0669896193771626,0.0669896193771626,0.0797231833910034,0.01039600153787,0.1085121107266436,-0.0984236831987697,0.1034063821607074,0.0222068435217224,-0.075355632449058,-0.059115724721261,0.0177777777777777,-0.0015378700499807,0.0138408304498269,0.1085121107266436,0.0138408304498269,-0.0669896193771626,0.1537870049980776,0.1245674740484429,-0.0039369473279507,0.2441522491349481,-0.1663360246059207,-0.0984236831987697,-0.1301653210303729,-0.0888273740868896,-0.0325413302575932,0.075355632449058,0.2364628988850442,0.0325413302575932,0.075355632449058,0.1301653210303729,-0.0246059207996924,-0.0138408304498269,0.0482276047673971,-0.01039600153787,-0.1476970396001538,-0.1085121107266436,0.2441522491349481,0.2069357939254133,-0.059115724721261,0.0177777777777777,0.0384467512495194,0.1793771626297577,0.0669896193771626,-0.1245674740484429,-0.0177777777777777,0.1137408688965782,0.0888273740868896,0.0157477893118031,0.0669896193771626,-0.0629911572472126,-0.3014225297962323,-0.2069357939254133,0.0271280276816609,-0.1137408688965782,-0.0039369473279507,,,,,0.0153374234214425,-0.0392464660108089,0.8283438086509705,0.161777451634407,-0.3121767044067383,-0.4321329593658447,0.7029703259468079,-0.6264775395393372,-0.491870641708374,0.5435613989830017,-0.6614821553230286,-0.3664383590221405,162.59584045410156,0.1022680774331092
EXPC-265,130.3463112937341,48.55120124504358,D_control_base,1,M3D-005,否,草地,低,绿草带与暗色田块交界,judge_C_05.csv,False,11,-0.0553633217993079,0.0246059207996924,0.1137408688965782,-0.292871972318339,-0.0517339484813533,-0.1537870049980776,-0.2844444444444444,0.2599000384467512,0.0984236831987697,-0.0271280276816609,0.0199307958477508,0.059115724721261,0.0177777777777777,0.1245674740484429,-0.1417301038062283,0.1793771626297577,0.0415840061514801,-0.0842137639369473,-0.0669896193771626,-0.0074432910419069,0.0120569011918492,0.0039369473279507,0.0669896193771626,0.01039600153787,-0.1137408688965782,0.075355632449058,0.0888273740868896,-0.0022145328719723,0.3100961168781238,-0.1929104190695886,-0.0297731641676278,-0.1034063821607074,-0.1137408688965782,-0.0074432910419069,-0.0138408304498269,0.3100961168781238,0.0271280276816609,0.075355632449058,0.1085121107266436,0.0246059207996924,0.0199307958477508,0.0984236831987697,-0.0711111111111111,-0.0711111111111111,-0.0842137639369473,0.2069357939254133,0.1998615916955017,-0.059115724721261,0.0297731641676278,-0.0553633217993079,0.1929104190695886,-0.0061514801999231,-0.1301653210303729,-0.0246059207996924,0.059115724721261,0.0669896193771626,0.0177777777777777,-0.0199307958477508,-0.0797231833910034,-0.2761399461745483,-0.2364628988850442,-0.0157477893118031,-0.0888273740868896,0.0325413302575932,,,,,0.0035118525847792,-0.0079365083947777,0.7858914732933044,0.130113810300827,-0.263411283493042,-0.3573357462882995,0.8127812743186951,-0.7272727489471436,-0.4852286577224731,0.4855696260929107,-0.6120879054069519,-0.4571318626403808,108.9819793701172,0.0640474185347557
EXPC-266,129.99623782751272,48.84333337543925,D_control_base,1,M3D-006,否,草本旱地,中,粉褐耕地，斜向犁沟,judge_C_05.csv,False,0,-0.0199307958477508,0.0629911572472126,0.1301653210303729,-0.2599000384467512,0.0030142252979623,-0.1537870049980776,-0.2844444444444444,0.3014225297962323,0.0669896193771626,-0.0384467512495194,0.035432525951557,0.0797231833910034,-0.01039600153787,0.1085121107266436,-0.17279507881584,0.1663360246059207,0.0384467512495194,-0.0415840061514801,-0.0553633217993079,0.0157477893118031,0.0384467512495194,-0.0138408304498269,0.1034063821607074,-0.0088581314878892,-0.0669896193771626,0.0448442906574394,0.0669896193771626,-0.0297731641676278,0.3014225297962323,-0.17279507881584,-0.075355632449058,-0.0935640138408304,-0.1301653210303729,0.0061514801999231,-0.0325413302575932,0.3014225297962323,0.0297731641676278,0.0271280276816609,0.0842137639369473,0.0448442906574394,-0.0002460592079969,0.1137408688965782,-0.0711111111111111,-0.1085121107266436,-0.0797231833910034,0.2069357939254133,0.1998615916955017,-0.0629911572472126,0.0415840061514801,-0.035432525951557,0.2214532871972318,-0.0049826989619377,-0.1245674740484429,-0.0325413302575932,0.0325413302575932,0.0797231833910034,0.0002460592079969,0.0222068435217224,-0.075355632449058,-0.2441522491349481,-0.2679584775086506,-0.0246059207996924,-0.0842137639369473,0.0325413302575932,,,,,0.0051419627852737,-0.0304836127907037,0.837233304977417,0.1918027549982071,-0.3091804385185241,-0.4940100610256195,0.834789514541626,-0.75,-0.5111111402511597,0.5040965676307678,-0.5464420318603516,-0.254916250705719,192.40261840820312,0.1526353657245636
EXPC-267,131.69513169283954,45.680275428526,D_control_base,1,M3D-007,否,草本旱地,中,浅色收割田，旁有路林,judge_C_05.csv,False,0,-0.1245674740484429,0.0888273740868896,0.1301653210303729,-0.2679584775086506,-0.0415840061514801,-0.1476970396001538,-0.2844444444444444,0.3647212610534409,0.1358861976163014,-0.075355632449058,0.1034063821607074,0.0049826989619377,-0.0384467512495194,0.1301653210303729,-0.1085121107266436,0.1301653210303729,0.0888273740868896,-0.0711111111111111,-0.1085121107266436,-0.0177777777777777,-0.0030142252979623,0.01039600153787,0.1085121107266436,-0.0271280276816609,-0.0517339484813533,0.1998615916955017,0.0888273740868896,0.01039600153787,0.2519646289888504,-0.16,-0.0448442906574394,-0.0888273740868896,-0.0842137639369473,0.0246059207996924,0.059115724721261,0.2364628988850442,0.0222068435217224,0.17279507881584,0.059115724721261,-0.0074432910419069,0.0049826989619377,0.0246059207996924,-0.0030142252979623,-0.1085121107266436,-0.1245674740484429,0.2069357939254133,0.1929104190695886,0.0222068435217224,0.0157477893118031,-0.0039369473279507,0.1537870049980776,0.0629911572472126,-0.0984236831987697,0.0482276047673971,0.1034063821607074,0.1085121107266436,0.0448442906574394,0.0553633217993079,-0.0448442906574394,-0.2364628988850442,-0.1929104190695886,-0.0074432910419069,-0.0984236831987697,0.0199307958477508,,,,,0.0191361401230096,-0.0304035376757383,0.8138573169708252,0.1776447147130966,-0.3009922802448272,-0.4447120726108551,0.4918190538883209,-0.5077821016311646,-0.3818903565406799,0.5150426626205444,-0.589260458946228,-0.3227184414863586,166.36721801757812,0.1022680774331092
EXPC-268,130.38754396527517,48.62207832096061,D_control_base,1,M3D-008,否,草本旱地,低,深暗湿土/翻耕面,judge_C_05.csv,False,0,-0.035432525951557,0.1137408688965782,0.1085121107266436,-0.292871972318339,0.0157477893118031,-0.0629911572472126,-0.2599000384467512,0.2679584775086506,0.0629911572472126,-0.0888273740868896,0.0669896193771626,-0.0415840061514801,-0.0553633217993079,0.1137408688965782,-0.1476970396001538,0.1998615916955017,0.0669896193771626,-0.0325413302575932,-0.0669896193771626,0.0553633217993079,0.0138408304498269,0.0030142252979623,0.1476970396001538,-0.075355632449058,-0.0629911572472126,0.1793771626297577,0.1417301038062283,-0.0935640138408304,0.3188927335640138,-0.1929104190695886,-0.0157477893118031,-0.0297731641676278,-0.1245674740484429,0.0415840061514801,-0.035432525951557,0.2519646289888504,0.0088581314878892,0.1417301038062283,0.0797231833910034,0.0325413302575932,0.035432525951557,0.0482276047673971,-0.0842137639369473,-0.0553633217993079,-0.0448442906574394,0.1998615916955017,0.1537870049980776,0.0015378700499807,0.0553633217993079,-0.0325413302575932,0.2679584775086506,-0.0711111111111111,-0.1034063821607074,0.0177777777777777,0.0297731641676278,0.0629911572472126,-0.0138408304498269,-0.0415840061514801,-0.0448442906574394,-0.2141330257593233,-0.2441522491349481,-0.01039600153787,-0.0482276047673971,0.0177777777777777,,,,,-0.0080213900655508,0.0053063733503222,0.8369054794311523,0.1778834164142608,-0.311786025762558,-0.3901987373828888,0.6623376607894897,-0.5811764597892761,-0.5218267440795898,0.587270975112915,-0.6655704379081726,-0.4695024192333221,146.4646453857422,0.0640474185347557
EXPC-269,130.53819143842202,45.00896441670348,D_control_base,1,M3D-009,否,草地,低,黄绿均一干草面，近水道,judge_C_05.csv,False,11,-0.0629911572472126,0.0482276047673971,0.0629911572472126,-0.3278123798539023,-0.0482276047673971,-0.0517339484813533,-0.2364628988850442,0.3100961168781238,0.059115724721261,-0.0138408304498269,0.0935640138408304,0.000553633217993,0.0384467512495194,0.1301653210303729,-0.0629911572472126,0.0271280276816609,-0.035432525951557,-0.0415840061514801,-0.0797231833910034,0.0157477893118031,-0.0517339484813533,-0.0629911572472126,0.0935640138408304,-0.035432525951557,-0.0842137639369473,0.1663360246059207,0.0669896193771626,-0.059115724721261,0.2441522491349481,-0.1190926566705113,-0.0553633217993079,-0.1245674740484429,-0.1358861976163014,-0.0271280276816609,0.0022145328719723,0.3014225297962323,0.0022145328719723,0.0984236831987697,0.1301653210303729,0.0517339484813533,-0.0157477893118031,0.0009842368319876,-0.0669896193771626,-0.059115724721261,-0.1190926566705113,0.2599000384467512,0.2069357939254133,-0.0297731641676278,0.0553633217993079,-0.059115724721261,0.2519646289888504,0.0984236831987697,-0.0711111111111111,-0.0415840061514801,0.0669896193771626,0.0297731641676278,-0.0015378700499807,0.0711111111111111,-0.0935640138408304,-0.2519646289888504,-0.2441522491349481,-0.0222068435217224,-0.1190926566705113,-0.0384467512495194,-12.702154411710383,-27.85479900557168,-12.390318403407145,-16.094766834383705,0.0290153063833713,-0.0669614672660827,0.7102330327033997,0.1575510203838348,-0.300320953130722,-0.3378173112869262,0.4748292565345764,-0.4692540466785431,-0.4286489486694336,0.3858450353145599,-0.5079253911972046,-0.3844534158706665,248.25912475585935,0.1618894636631012
EXPC-270,134.6320836827399,48.28898301360909,D_control_base,1,M3D-010,否,草本旱地,低,浅黄绿田面，弱田块线,judge_C_05.csv,False,0,-0.0415840061514801,0.0553633217993079,0.1476970396001538,-0.3100961168781238,-0.0415840061514801,-0.0711111111111111,-0.2844444444444444,0.3278123798539023,0.0629911572472126,-0.0297731641676278,0.1417301038062283,-0.0138408304498269,0.0120569011918492,0.0222068435217224,-0.1663360246059207,0.075355632449058,0.0088581314878892,-0.0297731641676278,-0.0553633217993079,0.0517339484813533,-0.0297731641676278,-0.035432525951557,0.1417301038062283,-0.0629911572472126,-0.0888273740868896,0.1358861976163014,0.0415840061514801,-0.0384467512495194,0.2761399461745483,-0.1190926566705113,-0.0074432910419069,-0.1034063821607074,-0.0797231833910034,0.0517339484813533,-0.0935640138408304,0.2844444444444444,0.059115724721261,0.0888273740868896,0.1358861976163014,0.0157477893118031,-0.0030142252979623,0.059115724721261,-0.0888273740868896,-0.0022145328719723,-0.0629911572472126,0.2679584775086506,0.1793771626297577,-0.0297731641676278,0.0629911572472126,-0.0297731641676278,0.2069357939254133,0.0222068435217224,-0.1301653210303729,-0.075355632449058,0.0482276047673971,0.0797231833910034,0.075355632449058,0.0325413302575932,-0.075355632449058,-0.2441522491349481,-0.2214532871972318,-0.0246059207996924,-0.0842137639369473,-0.0157477893118031,,,,,0.0256410259753465,-0.0612854994833469,0.6388843655586243,0.2052663117647171,-0.3544048368930816,-0.4609769880771637,0.4699792861938476,-0.497100681066513,-0.4710285663604736,0.7174929976463318,-0.7134857773780823,-0.4883333444595337,38.7106819152832,0.0481114648282527
EXPC-271,133.50344035977213,45.90934582597647,D_control_base,1,M3D-011,否,草本旱地,低,农田镶嵌，绿褐田块,judge_C_05.csv,False,0,-0.035432525951557,-0.0246059207996924,0.059115724721261,-0.2679584775086506,-0.0797231833910034,-0.059115724721261,-0.2761399461745483,0.1998615916955017,0.0297731641676278,0.075355632449058,-0.0271280276816609,-0.0384467512495194,-0.0088581314878892,0.0711111111111111,-0.2069357939254133,0.2214532871972318,0.0199307958477508,-0.1537870049980776,-0.0711111111111111,0.0297731641676278,-0.075355632449058,0.0711111111111111,0.0039369473279507,0.0297731641676278,-0.1476970396001538,0.0797231833910034,0.075355632449058,-0.0222068435217224,0.3460207612456747,-0.2069357939254133,0.0177777777777777,-0.1085121107266436,-0.1190926566705113,-0.0297731641676278,0.0199307958477508,0.3460207612456747,0.0669896193771626,0.0384467512495194,0.0246059207996924,0.035432525951557,-0.0711111111111111,0.0888273740868896,-0.0797231833910034,-0.0517339484813533,-0.0415840061514801,0.2844444444444444,0.1137408688965782,0.0120569011918492,0.0120569011918492,-0.035432525951557,0.1998615916955017,-0.059115724721261,-0.1137408688965782,-0.0415840061514801,0.035432525951557,-0.0935640138408304,0.0325413302575932,-0.0325413302575932,-0.0448442906574394,-0.186082276047674,-0.2288965782391388,-0.0669896193771626,-0.0935640138408304,0.075355632449058,,,,,0.0048565119504928,-0.0203990135341882,0.8028053045272827,0.2013507783412933,-0.273948073387146,-0.0379596687853336,0.7334721684455872,-0.6752609610557556,-0.3697827756404876,0.5006784200668335,-0.5566502213478088,-0.3212426006793976,59.04152297973633,0.0561328567564487
EXPC-272,133.17411797661393,46.84557001508584,D_control_base,1,M3D-012,否,水田,中,格田网格+浅色田埂,judge_C_05.csv,False,3,-0.0246059207996924,0.0157477893118031,0.1085121107266436,-0.292871972318339,-0.0888273740868896,-0.0842137639369473,-0.292871972318339,0.2141330257593233,0.0177777777777777,0.0482276047673971,-0.01039600153787,-0.0482276047673971,0.0030142252979623,0.0935640138408304,-0.186082276047674,0.1929104190695886,0.0246059207996924,-0.16,-0.0629911572472126,0.0074432910419069,-0.075355632449058,0.0015378700499807,0.0138408304498269,0.0199307958477508,-0.1358861976163014,0.1034063821607074,0.0669896193771626,-0.01039600153787,0.3368550557477893,-0.186082276047674,-0.0030142252979623,-0.1301653210303729,-0.1137408688965782,-0.0222068435217224,0.0030142252979623,0.3553094963475586,0.0448442906574394,0.0482276047673971,0.0157477893118031,0.0517339484813533,-0.0669896193771626,0.0888273740868896,-0.0935640138408304,-0.0482276047673971,-0.0415840061514801,0.2441522491349481,0.1190926566705113,0.0271280276816609,0.0482276047673971,-0.0482276047673971,0.1793771626297577,-0.0629911572472126,-0.1137408688965782,-0.0325413302575932,0.0482276047673971,-0.0842137639369473,0.0222068435217224,-0.0199307958477508,-0.0384467512495194,-0.186082276047674,-0.2519646289888504,-0.0711111111111111,-0.1137408688965782,0.075355632449058,,,,,-0.0032817372120916,-0.0014838426141068,0.8448494672775269,0.2050345093011856,-0.2815198600292206,-0.3648855090141296,0.8353856205940247,-0.7449167966842651,-0.4468937814235687,0.4596824944019317,-0.5533072352409363,-0.2827586233615875,56.316707611083984,0.0100717162713408
EXPC-273,131.38009252269882,45.41131983246061,D_control_base,1,M3D-013,是,草本沼泽,低,浅色湿面夹绿斑，影像模糊,judge_C_05.csv,False,15,-0.035432525951557,0.1301653210303729,0.1663360246059207,-0.3188927335640138,-0.0415840061514801,-0.1034063821607074,-0.2844444444444444,0.3460207612456747,0.0797231833910034,-0.0177777777777777,0.0415840061514801,0.1034063821607074,-0.0199307958477508,0.1190926566705113,-0.1358861976163014,0.0984236831987697,0.075355632449058,-0.0271280276816609,-0.0935640138408304,-0.0199307958477508,0.0199307958477508,0.0448442906574394,0.0984236831987697,-0.0022145328719723,-0.0553633217993079,0.0888273740868896,0.0271280276816609,0.0246059207996924,0.2069357939254133,-0.1358861976163014,-0.0629911572472126,-0.0935640138408304,-0.1034063821607074,0.0297731641676278,-0.0030142252979623,0.2761399461745483,0.0984236831987697,0.0669896193771626,0.0984236831987697,0.01039600153787,-0.0177777777777777,0.0797231833910034,-0.0246059207996924,-0.0669896193771626,-0.1190926566705113,0.2844444444444444,0.2364628988850442,-0.1034063821607074,0.0088581314878892,-0.0797231833910034,0.1663360246059207,0.0517339484813533,-0.0482276047673971,-0.0157477893118031,0.0517339484813533,0.059115724721261,-0.0039369473279507,0.0797231833910034,-0.0415840061514801,-0.2441522491349481,-0.2288965782391388,-0.0448442906574394,-0.0935640138408304,-0.059115724721261,,,,,0.0165867023169994,-0.0554330050945282,0.8089397549629211,0.1503841876983642,-0.2991735637187958,-0.3696338832378387,0.7517802715301514,-0.6874081492424011,-0.4829821586608886,0.5778828263282776,-0.665372908115387,-0.4984417259693146,231.29409790039065,0.1022680774331092
EXPC-274,132.44702158564758,46.449412974789134,D_control_base,1,M3D-014,否,水田,中,暗绿稻田+细田埂网格,judge_C_05.csv,False,3,-0.0157477893118031,0.0482276047673971,0.0415840061514801,-0.292871972318339,0.0415840061514801,-0.0984236831987697,-0.2441522491349481,0.1929104190695886,-0.0271280276816609,-0.0157477893118031,0.059115724721261,-0.0448442906574394,-0.0629911572472126,0.0517339484813533,-0.1929104190695886,0.1998615916955017,-0.0074432910419069,-0.0297731641676278,0.0015378700499807,0.1085121107266436,-0.0629911572472126,0.0711111111111111,0.1034063821607074,-0.0797231833910034,-0.0448442906574394,0.0935640138408304,0.1085121107266436,-0.059115724721261,0.3553094963475586,-0.2364628988850442,-0.0415840061514801,-0.1190926566705113,-0.0984236831987697,0.0888273740868896,-0.075355632449058,0.2679584775086506,0.0297731641676278,0.1245674740484429,0.0984236831987697,0.0629911572472126,-0.0157477893118031,0.0935640138408304,-0.0935640138408304,-0.0711111111111111,0.0030142252979623,0.2441522491349481,0.16,0.0271280276816609,0.0984236831987697,0.0022145328719723,0.2679584775086506,-0.0842137639369473,-0.0935640138408304,0.0177777777777777,-0.0384467512495194,0.0384467512495194,-0.035432525951557,-0.0177777777777777,-0.0271280276816609,-0.2519646289888504,-0.2141330257593233,0.0039369473279507,-0.0482276047673971,0.0384467512495194,,,,,0.0022602144163101,-0.0189123898744583,0.8145363330841064,0.1439376026391983,-0.2278031408786773,-0.4625706076622009,0.8007887601852417,-0.6847681999206543,-0.5039452314376831,0.4165535867214203,-0.5375552177429199,-0.4430155158042907,63.0394287109375,0.0648872405290603
EXPC-275,131.99211472576943,45.568704670238354,D_control_base,3,M3D-015,否,草本旱地,中,条带耕耙面，旁为格田,judge_C_05.csv,False,0,-0.0984236831987697,-0.0517339484813533,0.0271280276816609,-0.2364628988850442,-0.1245674740484429,-0.059115724721261,-0.2679584775086506,0.2141330257593233,0.0015378700499807,0.1034063821607074,-0.0009842368319876,-0.0669896193771626,0.0711111111111111,0.0384467512495194,-0.1537870049980776,0.1663360246059207,-0.0384467512495194,-0.16,-0.1034063821607074,-0.0222068435217224,-0.1537870049980776,-0.0246059207996924,-0.0482276047673971,0.075355632449058,-0.0935640138408304,0.1537870049980776,0.0448442906574394,0.0120569011918492,0.2844444444444444,-0.1663360246059207,-0.0629911572472126,-0.1137408688965782,-0.186082276047674,-0.0482276047673971,0.0669896193771626,0.3460207612456747,0.0517339484813533,0.0271280276816609,0.0711111111111111,0.0797231833910034,-0.0325413302575932,0.0797231833910034,-0.075355632449058,-0.0888273740868896,-0.075355632449058,0.3188927335640138,0.1190926566705113,0.0088581314878892,-0.0138408304498269,-0.0297731641676278,0.17279507881584,-0.01039600153787,-0.0797231833910034,-0.0711111111111111,0.0325413302575932,-0.1417301038062283,0.0629911572472126,0.0246059207996924,-0.1137408688965782,-0.17279507881584,-0.2214532871972318,-0.0711111111111111,-0.0888273740868896,0.0271280276816609,,,,,0.0213523134589195,-0.0496342740952968,0.7885938882827759,0.1933701634407043,-0.2934131622314453,-0.2087175250053405,0.6315905451774597,-0.5118560791015625,-0.2654567956924438,0.3919680118560791,-0.4917234778404236,-0.1556130647659301,112.24402618408205,0.1022680774331092
EXPC-276,134.26799649808626,47.56970196561458,D_control_base,3,M3D-016,否,草本旱地,低,绿田带拖拉痕迹,judge_C_05.csv,False,0,-0.035432525951557,-0.0222068435217224,0.0553633217993079,-0.3014225297962323,-0.059115724721261,-0.0629911572472126,-0.2519646289888504,0.2141330257593233,0.0246059207996924,0.0325413302575932,0.0138408304498269,-0.0517339484813533,-0.0415840061514801,0.0842137639369473,-0.186082276047674,0.2679584775086506,0.0222068435217224,-0.16,-0.0517339484813533,0.0157477893118031,-0.0711111111111111,0.0415840061514801,0.0157477893118031,0.0246059207996924,-0.1245674740484429,0.1034063821607074,0.0888273740868896,-0.0177777777777777,0.3278123798539023,-0.2214532871972318,0.01039600153787,-0.1663360246059207,-0.0984236831987697,-0.0088581314878892,0.0088581314878892,0.3278123798539023,0.0222068435217224,0.0157477893118031,0.0015378700499807,0.0553633217993079,-0.0797231833910034,0.1137408688965782,-0.0797231833910034,-0.075355632449058,-0.0711111111111111,0.2441522491349481,0.1137408688965782,0.0246059207996924,0.0415840061514801,-0.0482276047673971,0.1793771626297577,-0.1137408688965782,-0.1301653210303729,-0.0325413302575932,0.0482276047673971,-0.0984236831987697,-0.0002460592079969,-0.0415840061514801,-0.0138408304498269,-0.16,-0.2214532871972318,-0.0711111111111111,-0.1190926566705113,0.0669896193771626,,,,,-0.007880006916821,0.0021862701978534,0.8114997148513794,0.1574294418096542,-0.2240201383829116,-0.1355898231267929,0.8587840795516968,-0.738916277885437,-0.4781830310821533,0.4823430776596069,-0.5611963272094727,-0.3319892585277557,50.72506713867188,0.0533583536744117
EXPC-277,132.19181021342922,46.65988824585833,D_control_base,3,M3D-017,否,水田,低,暗绿格田+浅色埂路网,judge_C_05.csv,False,3,-0.0297731641676278,-0.0384467512495194,0.0074432910419069,-0.2761399461745483,-0.075355632449058,-0.0629911572472126,-0.2679584775086506,0.1929104190695886,0.0138408304498269,0.059115724721261,-0.0246059207996924,-0.0553633217993079,-0.0030142252979623,0.0629911572472126,-0.1417301038062283,0.2214532871972318,-0.0138408304498269,-0.1190926566705113,-0.0797231833910034,0.0120569011918492,-0.1190926566705113,0.0553633217993079,-0.0120569011918492,0.0482276047673971,-0.1476970396001538,0.0553633217993079,0.0669896193771626,-0.0325413302575932,0.3368550557477893,-0.2141330257593233,0.0002460592079969,-0.1301653210303729,-0.1301653210303729,-0.0384467512495194,0.035432525951557,0.3742560553633218,0.0246059207996924,0.0415840061514801,0.059115724721261,0.0711111111111111,-0.059115724721261,0.1034063821607074,-0.0553633217993079,-0.0797231833910034,-0.0482276047673971,0.2844444444444444,0.0888273740868896,0.0517339484813533,0.0222068435217224,-0.0448442906574394,0.2214532871972318,-0.0711111111111111,-0.0984236831987697,-0.0325413302575932,0.0049826989619377,-0.1301653210303729,0.0015378700499807,-0.0177777777777777,-0.075355632449058,-0.1537870049980776,-0.2364628988850442,-0.0888273740868896,-0.0984236831987697,0.0553633217993079,,,,,0.004295942839235,-0.0253411307930946,0.8030200600624084,0.08984375,-0.1552795022726059,-0.1570248007774353,0.6792611479759216,-0.5232292413711548,-0.2703962624073028,0.3315877318382263,-0.4881617426872253,-0.2734138965606689,61.19575119018555,0.0648872405290603
EXPC-278,130.87532916455206,43.71296495630425,D_control_base,3,M3D-018,否,草本旱地,低,灰绿田块镶嵌，收割后,judge_C_05.csv,False,0,-0.035432525951557,-0.0271280276816609,0.1358861976163014,-0.2761399461745483,-0.0984236831987697,-0.1034063821607074,-0.2844444444444444,0.2288965782391388,0.0157477893118031,0.0797231833910034,-0.0177777777777777,-0.01039600153787,0.0157477893118031,0.1245674740484429,-0.1034063821607074,0.1537870049980776,-0.0074432910419069,-0.1245674740484429,-0.1137408688965782,-0.0482276047673971,-0.1190926566705113,-0.0177777777777777,0.0061514801999231,0.0935640138408304,-0.186082276047674,0.0629911572472126,-0.0061514801999231,-0.0711111111111111,0.2761399461745483,-0.17279507881584,-0.035432525951557,-0.0842137639369473,-0.0984236831987697,-0.075355632449058,0.0629911572472126,0.3647212610534409,0.059115724721261,0.0553633217993079,0.0629911572472126,0.0711111111111111,-0.0246059207996924,0.1137408688965782,-0.075355632449058,-0.0629911572472126,-0.0935640138408304,0.2679584775086506,0.1417301038062283,0.0030142252979623,0.0177777777777777,-0.0984236831987697,0.1793771626297577,0.01039600153787,-0.0669896193771626,0.0553633217993079,0.0157477893118031,-0.1301653210303729,-0.0138408304498269,-0.0271280276816609,-0.1034063821607074,-0.1301653210303729,-0.2679584775086506,-0.1245674740484429,-0.1245674740484429,0.0325413302575932,,,,,0.0185993108898401,-0.0424331948161125,0.7990539073944092,0.1961102038621902,-0.3301291763782501,-0.3192918300628662,0.756040096282959,-0.6004296541213989,-0.3095127642154693,0.2248939126729965,-0.3750396966934204,-0.0741728097200393,337.7995910644531,0.1514522582292556
EXPC-279,131.27094721567832,46.021455573434594,D_control_base,3,M3D-019,否,草本旱地,中,耕耙条纹田，田间林带,judge_C_05.csv,False,0,-0.0888273740868896,-0.1034063821607074,0.059115724721261,-0.2599000384467512,-0.1190926566705113,-0.0935640138408304,-0.2679584775086506,0.2288965782391388,0.0629911572472126,0.0935640138408304,0.0157477893118031,-0.0325413302575932,0.059115724721261,0.0888273740868896,-0.1301653210303729,0.186082276047674,-0.0049826989619377,-0.1663360246059207,-0.0935640138408304,-0.0482276047673971,-0.1663360246059207,-0.0297731641676278,-0.0325413302575932,0.0669896193771626,-0.1358861976163014,0.0842137639369473,0.0711111111111111,0.0074432910419069,0.2599000384467512,-0.1929104190695886,-0.0517339484813533,-0.1245674740484429,-0.1793771626297577,-0.0482276047673971,-0.0061514801999231,0.3368550557477893,-0.0297731641676278,0.0009842368319876,0.0935640138408304,0.1245674740484429,-0.0138408304498269,0.1245674740484429,-0.0384467512495194,-0.0553633217993079,-0.0711111111111111,0.2679584775086506,0.1358861976163014,-0.0002460592079969,-0.0061514801999231,-0.1245674740484429,0.17279507881584,-0.0120569011918492,-0.0935640138408304,-0.0482276047673971,0.035432525951557,-0.0935640138408304,0.0138408304498269,0.0222068435217224,-0.0711111111111111,-0.186082276047674,-0.2364628988850442,-0.0448442906574394,-0.059115724721261,0.0325413302575932,,,,,0.0113198310136795,-0.0324837565422058,0.8093457818031311,0.1526315808296203,-0.2557853758335113,-0.3131733238697052,0.8040771484375,-0.7120228409767151,-0.3323299288749695,0.2301089465618133,-0.4127014279365539,-0.1278153210878372,197.2036590576172,0.0911156833171844
EXPC-280,130.34334685329648,42.78509509933719,D_control_base,3,M3D-020,否,草本旱地,低,密条纹耕面，边界蜿蜒,judge_C_05.csv,False,0,-0.0553633217993079,-0.0015378700499807,0.2599000384467512,-0.2441522491349481,-0.1929104190695886,0.0297731641676278,-0.2141330257593233,0.292871972318339,0.075355632449058,0.0553633217993079,0.0629911572472126,0.0199307958477508,0.1417301038062283,0.1245674740484429,-0.0271280276816609,-0.0325413302575932,-0.0984236831987697,-0.035432525951557,-0.059115724721261,0.0138408304498269,-0.0935640138408304,-0.0199307958477508,0.0297731641676278,0.0842137639369473,-0.1190926566705113,0.1301653210303729,0.0222068435217224,-0.1301653210303729,0.17279507881584,-0.1034063821607074,0.0157477893118031,-0.0842137639369473,-0.0553633217993079,-0.0553633217993079,-0.0797231833910034,0.3188927335640138,-0.0415840061514801,-0.0015378700499807,0.1358861976163014,0.0088581314878892,-0.0297731641676278,0.0271280276816609,-0.0517339484813533,-0.075355632449058,-0.0935640138408304,0.1663360246059207,0.186082276047674,0.0842137639369473,0.0935640138408304,-0.1301653210303729,0.1998615916955017,0.1301653210303729,-0.0797231833910034,-0.0629911572472126,0.0297731641676278,-0.1245674740484429,0.0669896193771626,0.0120569011918492,-0.1998615916955017,-0.1537870049980776,-0.2599000384467512,-0.0984236831987697,-0.2214532871972318,0.0517339484813533,-19.68210885705059,-29.803595549316565,-12.434693627604714,-18.12984987977065,0.1480401754379272,-0.2852221131324768,-0.1994313597679138,0.1567944288253784,-0.269945353269577,-0.2786177098751068,0.8352133631706238,-0.7110196352005005,-0.3969465792179107,0.4136194586753845,-0.498085618019104,-0.2927905917167663,40.82347869873047,0.3186671435832977
EXPC-281,130.33849595076225,42.80665466615606,D_control_base,3,M3D-021,否,草本旱地,低,浅黄褐田面，弱田块线,judge_C_05.csv,False,0,-0.0629911572472126,-0.0384467512495194,0.2519646289888504,-0.2519646289888504,-0.2141330257593233,0.0138408304498269,-0.1998615916955017,0.2761399461745483,0.075355632449058,0.0553633217993079,0.059115724721261,0.0049826989619377,0.1663360246059207,0.1190926566705113,-0.035432525951557,-0.035432525951557,-0.1034063821607074,-0.0384467512495194,-0.0629911572472126,-0.0120569011918492,-0.1190926566705113,-0.0177777777777777,-0.0015378700499807,0.0935640138408304,-0.1245674740484429,0.1137408688965782,0.01039600153787,-0.1137408688965782,0.1663360246059207,-0.1358861976163014,0.0297731641676278,-0.0711111111111111,-0.059115724721261,-0.0415840061514801,-0.0888273740868896,0.3100961168781238,-0.075355632449058,-0.0325413302575932,0.1537870049980776,0.0120569011918492,-0.0297731641676278,0.0482276047673971,-0.0415840061514801,-0.075355632449058,-0.1085121107266436,0.1537870049980776,0.17279507881584,0.0711111111111111,0.0797231833910034,-0.1301653210303729,0.1929104190695886,0.1190926566705113,-0.0935640138408304,-0.0711111111111111,0.0061514801999231,-0.1476970396001538,0.0669896193771626,-0.0061514801999231,-0.1793771626297577,-0.1417301038062283,-0.2519646289888504,-0.0935640138408304,-0.2288965782391388,0.0415840061514801,-16.855991618715137,-28.08479931973759,-11.83544847862904,-20.400041596436104,0.1569892466068267,-0.287594735622406,-0.26030233502388,0.1698296815156936,-0.3058120608329773,-0.4138959050178528,0.6821451783180237,-0.5718869566917419,-0.2685982882976532,0.3779069781303406,-0.550105094909668,-0.3344851434230804,30.49432373046875,0.3186671435832977
EXPC-282,132.36240028588352,46.42947037548168,D_control_base,3,M3D-022,否,水田,低,暗绿均一田面，有埂痕,judge_C_05.csv,False,3,-0.0629911572472126,-0.01039600153787,0.035432525951557,-0.2679584775086506,-0.1085121107266436,-0.1034063821607074,-0.2679584775086506,0.2364628988850442,0.0711111111111111,0.0448442906574394,0.0222068435217224,-0.0271280276816609,0.0297731641676278,0.0553633217993079,-0.16,0.1663360246059207,0.0049826989619377,-0.1245674740484429,-0.0797231833910034,-0.0049826989619377,-0.1245674740484429,0.075355632449058,0.0049826989619377,0.0797231833910034,-0.1245674740484429,0.0415840061514801,0.0553633217993079,-0.0049826989619377,0.3188927335640138,-0.2069357939254133,-0.035432525951557,-0.1190926566705113,-0.1358861976163014,-0.0297731641676278,0.035432525951557,0.3647212610534409,-0.0138408304498269,0.0448442906574394,0.0629911572472126,0.01039600153787,-0.0448442906574394,0.1085121107266436,-0.0325413302575932,-0.1034063821607074,-0.0669896193771626,0.292871972318339,0.1417301038062283,0.01039600153787,0.0120569011918492,-0.0138408304498269,0.1998615916955017,-0.035432525951557,-0.1085121107266436,-0.0482276047673971,0.0157477893118031,-0.0984236831987697,0.0482276047673971,0.0030142252979623,-0.0797231833910034,-0.1998615916955017,-0.2288965782391388,-0.0711111111111111,-0.1085121107266436,0.035432525951557,,,,,0.0298841372132301,-0.0533433519303798,0.7661675810813904,0.1638418138027191,-0.1805157661437988,-0.3807289898395538,0.7273954153060913,-0.5776499509811401,-0.3693251609802246,0.349802702665329,-0.4687325060367584,-0.0992245599627494,65.95743560791016,0.0648872405290603
EXPC-283,131.25423855139368,45.285465861155465,D_control_base,3,M3D-023,是,草本沼泽,低,灰绿斑驳湿面，影像模糊,judge_C_05.csv,False,15,-0.0935640138408304,0.0384467512495194,0.0842137639369473,-0.2761399461745483,-0.0711111111111111,-0.1417301038062283,-0.2844444444444444,0.3100961168781238,0.1245674740484429,-0.035432525951557,0.0415840061514801,0.0669896193771626,0.0325413302575932,0.1190926566705113,-0.0842137639369473,0.0984236831987697,0.0015378700499807,-0.0842137639369473,-0.0448442906574394,-0.0039369473279507,-0.0415840061514801,0.0177777777777777,0.0711111111111111,0.0061514801999231,-0.1137408688965782,0.1301653210303729,0.0711111111111111,-0.0177777777777777,0.2761399461745483,-0.1929104190695886,-0.0199307958477508,-0.1245674740484429,-0.0935640138408304,-0.035432525951557,0.0482276047673971,0.3014225297962323,-0.0199307958477508,0.0797231833910034,0.1085121107266436,0.0222068435217224,-0.0138408304498269,0.0797231833910034,-0.0222068435217224,-0.1476970396001538,-0.1034063821607074,0.2519646289888504,0.17279507881584,0.0246059207996924,0.0088581314878892,0.0061514801999231,0.186082276047674,0.0448442906574394,-0.1417301038062283,-0.0030142252979623,0.0935640138408304,0.0415840061514801,0.0297731641676278,0.0384467512495194,-0.1085121107266436,-0.2679584775086506,-0.2141330257593233,-0.0177777777777777,-0.0797231833910034,-0.0138408304498269,,,,,0.0238195024430751,-0.0466295331716537,0.7993261218070984,0.1105807498097419,-0.2508960664272308,-0.3983447253704071,0.8020316362380981,-0.726963996887207,-0.4828473329544067,0.4313893616199493,-0.5426920652389526,-0.2479574382305145,165.96728515625,0.1022680774331092
EXPC-284,132.85422790393895,45.59807958002906,D_control_base,3,M3D-024,是,草本沼泽,低,绿草甸夹湿斑，难排田,judge_C_06.csv,False,15,-0.1034063821607074,-0.0935640138408304,-0.0138408304498269,-0.2288965782391388,-0.1137408688965782,-0.0842137639369473,-0.2364628988850442,0.1929104190695886,0.0120569011918492,0.1417301038062283,-0.0669896193771626,-0.01039600153787,0.0669896193771626,0.0553633217993079,-0.2141330257593233,0.186082276047674,0.0015378700499807,-0.17279507881584,-0.1034063821607074,-0.0415840061514801,-0.16,-0.01039600153787,-0.0888273740868896,0.0797231833910034,-0.0711111111111111,0.16,0.0669896193771626,0.059115724721261,0.2599000384467512,-0.2069357939254133,-0.0482276047673971,-0.1417301038062283,-0.1417301038062283,-0.0842137639369473,0.0669896193771626,0.3368550557477893,0.0222068435217224,-0.0271280276816609,0.1034063821607074,0.0984236831987697,-0.0448442906574394,0.0888273740868896,-0.0629911572472126,-0.1085121107266436,-0.059115724721261,0.2844444444444444,0.1476970396001538,-0.0030142252979623,0.0015378700499807,-0.0553633217993079,0.1301653210303729,-0.01039600153787,-0.0517339484813533,-0.0553633217993079,0.0797231833910034,-0.1245674740484429,0.0629911572472126,0.0222068435217224,-0.0935640138408304,-0.1998615916955017,-0.1998615916955017,-0.0297731641676278,-0.0797231833910034,0.0415840061514801,,,,,0.0295000150799751,-0.0583636201918125,0.8164251446723938,0.1682600378990173,-0.2399796992540359,-0.2372708767652511,0.7789945006370544,-0.7141487002372742,-0.3898131549358368,0.2777219414710998,-0.451017677783966,-0.1087090820074081,74.81282043457031,0.0905515700578689
EXPC-285,132.2090578668843,46.56691261395196,D_control_base,3,M3D-025,否,水田,中,暗绿格田+田埂,judge_C_06.csv,False,3,-0.0711111111111111,0.0222068435217224,0.0482276047673971,-0.3014225297962323,-0.0384467512495194,-0.1034063821607074,-0.2679584775086506,0.2844444444444444,0.1301653210303729,-0.0669896193771626,0.0711111111111111,0.0482276047673971,0.0448442906574394,0.1085121107266436,-0.1190926566705113,0.1137408688965782,0.0157477893118031,-0.059115724721261,-0.0448442906574394,0.0002460592079969,-0.0384467512495194,0.0177777777777777,0.0711111111111111,0.0384467512495194,-0.1034063821607074,0.1034063821607074,0.1417301038062283,-0.0022145328719723,0.2761399461745483,-0.1998615916955017,-0.059115724721261,-0.1358861976163014,-0.1137408688965782,-0.01039600153787,0.0138408304498269,0.292871972318339,-0.0448442906574394,0.1034063821607074,0.1190926566705113,-0.0246059207996924,-0.0049826989619377,0.059115724721261,0.0199307958477508,-0.1417301038062283,-0.1245674740484429,0.2288965782391388,0.1793771626297577,-0.0157477893118031,0.0088581314878892,-0.0325413302575932,0.2069357939254133,0.0297731641676278,-0.1245674740484429,-0.0415840061514801,0.0797231833910034,0.0482276047673971,0.0074432910419069,0.0517339484813533,-0.0384467512495194,-0.2844444444444444,-0.2141330257593233,0.01039600153787,-0.1245674740484429,-0.0049826989619377,,,,,0.0089886970818042,-0.027242524549365,0.8003354072570801,0.1895086765289306,-0.3215678334236145,-0.5431808829307556,0.6353126764297485,-0.5325016379356384,-0.4617274701595306,0.2023255825042724,-0.379586398601532,-0.1222274675965309,63.53808975219727,0.0648872405290603
EXPC-286,134.28605263529707,47.56727651434746,D_control_base,3,M3D-026,是,草本沼泽,低,草甸旁泥水沟，疑田,judge_C_06.csv,False,15,0.0199307958477508,0.0797231833910034,0.0629911572472126,-0.3278123798539023,0.0246059207996924,0.0138408304498269,-0.2519646289888504,0.1663360246059207,-0.0022145328719723,-0.0120569011918492,0.0222068435217224,-0.0482276047673971,-0.0984236831987697,0.0984236831987697,-0.2141330257593233,0.1998615916955017,0.0325413302575932,-0.0553633217993079,-0.0325413302575932,0.0984236831987697,-0.0297731641676278,0.0482276047673971,0.1085121107266436,-0.1085121107266436,-0.1301653210303729,0.2069357939254133,0.1137408688965782,-0.0669896193771626,0.3742560553633218,-0.1793771626297577,0.0039369473279507,-0.0842137639369473,-0.1085121107266436,0.0246059207996924,-0.0797231833910034,0.2599000384467512,0.059115724721261,0.1034063821607074,0.0888273740868896,0.0415840061514801,0.0088581314878892,0.0797231833910034,-0.0797231833910034,-0.059115724721261,-0.0049826989619377,0.2364628988850442,0.1358861976163014,-0.0061514801999231,0.059115724721261,-0.0415840061514801,0.2441522491349481,-0.1085121107266436,-0.035432525951557,-0.0384467512495194,0.0074432910419069,0.01039600153787,-0.0517339484813533,-0.0448442906574394,0.0384467512495194,-0.2214532871972318,-0.2069357939254133,-0.0157477893118031,-0.0517339484813533,0.0088581314878892,,,,,-0.0027075812686234,0.0142729701474308,0.8112305998802185,0.1750480830669403,-0.3016742765903473,-0.2807649970054626,0.4892660081386566,-0.4623569548130035,-0.4801009595394134,0.4841571748256683,-0.5357376933097839,-0.4984059631824493,50.49176025390625,0.0533583536744117
EXPC-287,130.35816905548447,42.807732644497,D_control_base,3,M3D-027,否,裸地,中,耕作裸土带耙痕,judge_C_06.csv,False,22,-0.075355632449058,-0.0482276047673971,0.292871972318339,-0.2519646289888504,-0.2141330257593233,0.0061514801999231,-0.2214532871972318,0.2679584775086506,0.0888273740868896,0.0297731641676278,0.0448442906574394,0.0061514801999231,0.1358861976163014,0.0984236831987697,-0.0517339484813533,-0.0138408304498269,-0.075355632449058,-0.0177777777777777,-0.0553633217993079,-0.0297731641676278,-0.1137408688965782,0.0384467512495194,-0.0120569011918492,0.0711111111111111,-0.1245674740484429,0.0797231833910034,-0.01039600153787,-0.1245674740484429,0.1663360246059207,-0.1190926566705113,0.0669896193771626,-0.0669896193771626,-0.0669896193771626,-0.0448442906574394,-0.0984236831987697,0.3100961168781238,-0.0797231833910034,-0.0157477893118031,0.1190926566705113,-0.000553633217993,-0.0297731641676278,0.0448442906574394,-0.0669896193771626,-0.0517339484813533,-0.0842137639369473,0.16,0.1793771626297577,0.0482276047673971,0.075355632449058,-0.1301653210303729,0.1998615916955017,0.1085121107266436,-0.1417301038062283,-0.0797231833910034,0.0030142252979623,-0.1245674740484429,0.0984236831987697,-0.0009842368319876,-0.186082276047674,-0.1301653210303729,-0.2441522491349481,-0.1085121107266436,-0.2288965782391388,0.0517339484813533,-18.24047505429479,-29.705240461009492,-11.674308537027382,-19.48494917492977,0.1587507575750351,-0.2904904186725616,-0.3016595542430877,0.1793944835662841,-0.3125471472740173,-0.390276551246643,0.7916666865348816,-0.6815642714500427,-0.3570219874382019,0.348901093006134,-0.4878787994384765,-0.2646178901195526,37.852657318115234,0.3186671435832977
EXPC-288,134.31354108299112,48.233736623635735,D_control_base,3,M3D-028,否,草本旱地,中,收割茬地耙痕，非湿,judge_C_06.csv,False,0,-0.0177777777777777,0.0049826989619377,0.0797231833910034,-0.2679584775086506,-0.0629911572472126,-0.0669896193771626,-0.2519646289888504,0.2441522491349481,0.0271280276816609,0.075355632449058,-0.0061514801999231,-0.0271280276816609,-0.0246059207996924,0.0888273740868896,-0.1929104190695886,0.2288965782391388,0.035432525951557,-0.1537870049980776,-0.075355632449058,0.0061514801999231,-0.0482276047673971,0.0222068435217224,0.0297731641676278,0.0138408304498269,-0.1245674740484429,0.0842137639369473,0.0711111111111111,-0.0120569011918492,0.3460207612456747,-0.1793771626297577,0.0030142252979623,-0.1417301038062283,-0.1358861976163014,-0.0325413302575932,0.0088581314878892,0.3647212610534409,0.059115724721261,0.0177777777777777,0.0177777777777777,0.0517339484813533,-0.0482276047673971,0.1190926566705113,-0.1034063821607074,-0.0325413302575932,-0.035432525951557,0.2599000384467512,0.1034063821607074,0.0,0.0448442906574394,-0.0448442906574394,0.17279507881584,-0.0711111111111111,-0.1085121107266436,-0.0482276047673971,0.0415840061514801,-0.0842137639369473,0.0157477893118031,-0.0199307958477508,-0.0482276047673971,-0.1663360246059207,-0.2599000384467512,-0.0669896193771626,-0.1245674740484429,0.059115724721261,,,,,0.0313400812447071,-0.0542285740375518,0.7611487507820129,0.1888341605663299,-0.3515868186950683,-0.3388324975967407,0.8109564781188965,-0.7009301781654358,-0.4292134940624237,0.4778282642364502,-0.5851508378982544,-0.245091825723648,42.6879768371582,0.0481114648282527
EXPC-289,132.17186761412177,46.65530683790933,D_control_base,3,M3D-029,否,水田,中,暗绿格田，埂清晰,judge_C_06.csv,False,3,-0.0222068435217224,-0.0022145328719723,0.0415840061514801,-0.2599000384467512,-0.0669896193771626,-0.0384467512495194,-0.2599000384467512,0.2214532871972318,0.0297731641676278,0.075355632449058,-0.0022145328719723,-0.0415840061514801,0.0049826989619377,0.075355632449058,-0.1537870049980776,0.2214532871972318,0.0030142252979623,-0.1137408688965782,-0.0553633217993079,0.0088581314878892,-0.1137408688965782,0.059115724721261,-0.0022145328719723,0.0482276047673971,-0.1190926566705113,0.0517339484813533,0.0711111111111111,-0.035432525951557,0.3460207612456747,-0.2214532871972318,-0.0120569011918492,-0.1137408688965782,-0.1245674740484429,-0.01039600153787,0.0177777777777777,0.3553094963475586,-0.0015378700499807,0.0297731641676278,0.0157477893118031,0.0711111111111111,-0.075355632449058,0.0984236831987697,-0.0669896193771626,-0.0669896193771626,-0.0553633217993079,0.2679584775086506,0.0842137639369473,0.0517339484813533,0.035432525951557,-0.0384467512495194,0.2214532871972318,-0.0797231833910034,-0.1137408688965782,-0.0517339484813533,0.0088581314878892,-0.16,-0.0015378700499807,-0.0271280276816609,-0.0797231833910034,-0.1793771626297577,-0.2441522491349481,-0.0797231833910034,-0.1085121107266436,0.075355632449058,,,,,0.0088331010192632,-0.0183610022068023,0.8098637461662292,0.1813031136989593,-0.3248609900474548,-0.2359550595283508,0.7575356364250183,-0.6607198715209961,-0.3916947245597839,0.3864282667636871,-0.5334831476211548,-0.2330993711948394,61.79102325439453,0.0648872405290603
EXPC-290,130.7117459513139,48.34800232777574,D_control_base,5,M3D-030,是,木本沼泽,低,灌丛丘散布湿甸,judge_C_06.csv,False,14,-0.0297731641676278,-0.035432525951557,0.1663360246059207,-0.075355632449058,-0.0157477893118031,-0.1537870049980776,-0.1537870049980776,0.3839138792772011,0.1793771626297577,0.0448442906574394,0.3647212610534409,-0.0325413302575932,0.0039369473279507,-0.0669896193771626,-0.16,0.0711111111111111,0.059115724721261,-0.0448442906574394,-0.2214532871972318,-0.0415840061514801,0.186082276047674,0.0297731641676278,0.0246059207996924,-0.0246059207996924,0.1663360246059207,0.0629911572472126,-0.01039600153787,0.0984236831987697,0.17279507881584,0.059115724721261,-0.01039600153787,0.0935640138408304,-0.0553633217993079,0.0448442906574394,0.0415840061514801,0.035432525951557,0.0199307958477508,-0.2069357939254133,0.0669896193771626,-0.1476970396001538,-0.0984236831987697,-0.1085121107266436,0.0629911572472126,0.0517339484813533,-0.0797231833910034,0.1245674740484429,0.2288965782391388,-0.2679584775086506,0.1190926566705113,-0.0415840061514801,0.0246059207996924,-0.0325413302575932,-0.1085121107266436,0.0120569011918492,0.0448442906574394,0.16,0.1417301038062283,-0.0517339484813533,-0.075355632449058,-0.1034063821607074,-0.1793771626297577,0.0629911572472126,-0.0669896193771626,0.0384467512495194,,,,,0.0472708269953727,-0.0577683970332145,0.3205175697803497,0.4082439243793487,-0.4978978931903839,-0.3848417997360229,0.872974157333374,-0.767672598361969,-0.5417855978012085,0.488512247800827,-0.5389407873153687,-0.5089174509048462,203.329833984375,0.0640474185347557
EXPC-291,130.2622289831405,44.365411347160254,D_control_base,5,M3D-031,是,草本沼泽,低,斑驳湿草甸无乔木,judge_C_06.csv,False,15,-0.075355632449058,-0.035432525951557,0.1190926566705113,-0.0074432910419069,-0.0297731641676278,-0.16,-0.1137408688965782,0.4136255286428297,0.2069357939254133,0.035432525951557,0.3647212610534409,-0.0669896193771626,-0.0297731641676278,-0.075355632449058,-0.1245674740484429,0.0553633217993079,0.0482276047673971,-0.059115724721261,-0.2069357939254133,-0.1137408688965782,0.1417301038062283,-0.0935640138408304,0.0888273740868896,-0.0030142252979623,0.1998615916955017,0.1245674740484429,-0.059115724721261,0.0669896193771626,0.1190926566705113,0.0629911572472126,-0.0138408304498269,0.1301653210303729,0.0711111111111111,0.0797231833910034,0.0984236831987697,-0.0049826989619377,0.0246059207996924,-0.186082276047674,0.0842137639369473,-0.1245674740484429,-0.0711111111111111,-0.1190926566705113,0.0669896193771626,0.075355632449058,-0.0669896193771626,0.035432525951557,0.2141330257593233,-0.186082276047674,0.1417301038062283,-0.0482276047673971,0.0448442906574394,0.0177777777777777,-0.1034063821607074,0.1034063821607074,0.0935640138408304,0.1537870049980776,0.16,-0.0448442906574394,-0.0711111111111111,-0.0888273740868896,-0.17279507881584,0.0629911572472126,-0.075355632449058,0.0629911572472126,-13.199297887493609,-16.296490831469225,-10.122893904549477,-16.343028204663284,0.1405190527439117,-0.1373280435800552,0.1465757638216018,0.3425016403198242,-0.4196676015853882,-0.4850998520851135,0.8636653423309326,-0.7559023499488831,-0.5147175788879395,0.5607205033302307,-0.6398046612739563,-0.5087426900863647,577.356201171875,0.130340114235878
EXPC-292,132.32709649521763,45.48462235964477,D_control_base,5,M3D-032,是,草本沼泽,中,枯草丘与暗湿斑交错,judge_C_06.csv,False,15,-0.0888273740868896,-0.0074432910419069,0.1085121107266436,-0.0888273740868896,-0.0517339484813533,-0.186082276047674,-0.1537870049980776,0.4340484429065744,0.1417301038062283,-0.0177777777777777,0.3368550557477893,-0.0271280276816609,-0.01039600153787,-0.0384467512495194,-0.186082276047674,0.0271280276816609,-0.035432525951557,-0.1417301038062283,-0.17279507881584,0.0222068435217224,0.1663360246059207,0.0177777777777777,0.0448442906574394,-0.0199307958477508,0.1793771626297577,0.1245674740484429,0.0009842368319876,0.0935640138408304,0.186082276047674,0.01039600153787,0.0120569011918492,0.0629911572472126,-0.0138408304498269,0.0246059207996924,0.0517339484813533,0.1137408688965782,0.0384467512495194,-0.1793771626297577,0.1190926566705113,-0.1301653210303729,-0.1245674740484429,-0.1137408688965782,0.0517339484813533,0.0120569011918492,-0.0669896193771626,0.1358861976163014,0.2844444444444444,-0.16,0.0888273740868896,-0.035432525951557,0.0482276047673971,0.0138408304498269,-0.1085121107266436,-0.0138408304498269,0.0448442906574394,0.1190926566705113,0.186082276047674,-0.0222068435217224,-0.0669896193771626,-0.1137408688965782,-0.17279507881584,0.0448442906574394,-0.1085121107266436,0.0009842368319876,,,,,0.0608930997550487,-0.0833004340529441,0.2943143844604492,0.4442190527915954,-0.5144333243370056,-0.415722131729126,0.8441558480262756,-0.7436684370040894,-0.5376095771789551,0.5149595141410828,-0.6229261159896851,-0.4879672229290008,123.61229705810548,0.0905515700578689
EXPC-293,131.04052934530165,43.681164595246415,D_control_base,5,M3D-033,是,草本沼泽,低,均一湿草甸无田埂,judge_C_06.csv,False,15,-0.075355632449058,-0.0120569011918492,0.1137408688965782,-0.0888273740868896,0.0177777777777777,-0.2288965782391388,-0.1245674740484429,0.3936947327950788,0.186082276047674,0.0384467512495194,0.2599000384467512,-0.0669896193771626,-0.0711111111111111,-0.059115724721261,-0.2214532871972318,0.1537870049980776,0.0049826989619377,-0.1301653210303729,-0.16,-0.0935640138408304,0.2069357939254133,0.035432525951557,0.0888273740868896,-0.0088581314878892,0.1663360246059207,0.0415840061514801,-0.0711111111111111,0.0669896193771626,0.16,0.0297731641676278,-0.0482276047673971,0.0553633217993079,0.0002460592079969,-0.0088581314878892,0.1537870049980776,0.075355632449058,0.0157477893118031,-0.17279507881584,0.0199307958477508,-0.1998615916955017,-0.0271280276816609,-0.0415840061514801,0.035432525951557,0.0246059207996924,-0.0482276047673971,0.0984236831987697,0.2288965782391388,-0.2519646289888504,0.0984236831987697,-0.075355632449058,0.0629911572472126,0.0553633217993079,-0.1034063821607074,0.075355632449058,0.0517339484813533,0.1929104190695886,0.16,-0.0177777777777777,-0.0482276047673971,-0.0517339484813533,-0.16,0.0669896193771626,-0.0984236831987697,-0.0384467512495194,,,,,0.0553353428840637,-0.0725104734301567,0.4958420097827911,0.3356125354766845,-0.4491499364376068,-0.4735598266124725,0.8565041422843933,-0.7603714466094971,-0.5033472776412964,0.6215890049934387,-0.7151979804039001,-0.4729378521442413,621.6444091796875,0.2621392905712127
EXPC-294,130.07142681679352,44.41499835084365,D_control_base,5,M3D-034,否,草地,低,均一草甸干爽无湿迹,judge_C_06.csv,False,11,-0.0297731641676278,-0.0297731641676278,0.1034063821607074,-0.0482276047673971,-0.0039369473279507,-0.1793771626297577,-0.1085121107266436,0.3839138792772011,0.1793771626297577,0.0888273740868896,0.3460207612456747,-0.0517339484813533,-0.0325413302575932,-0.0842137639369473,-0.1793771626297577,0.0935640138408304,0.000553633217993,-0.0629911572472126,-0.1476970396001538,-0.0711111111111111,0.186082276047674,-0.0157477893118031,0.059115724721261,-0.0297731641676278,0.1793771626297577,0.0415840061514801,-0.0629911572472126,0.0842137639369473,0.1358861976163014,0.0199307958477508,0.0177777777777777,0.1245674740484429,0.0138408304498269,0.0629911572472126,0.1034063821607074,0.0482276047673971,0.0222068435217224,-0.2441522491349481,0.0669896193771626,-0.1476970396001538,-0.0984236831987697,-0.075355632449058,0.0297731641676278,0.0888273740868896,-0.0629911572472126,0.075355632449058,0.2599000384467512,-0.2761399461745483,0.0984236831987697,-0.0711111111111111,0.0482276047673971,-0.0246059207996924,-0.1137408688965782,0.0669896193771626,0.0448442906574394,0.1793771626297577,0.1358861976163014,-0.035432525951557,-0.0888273740868896,-0.0935640138408304,-0.1793771626297577,0.0888273740868896,-0.0517339484813533,-0.0177777777777777,-10.69901561974446,-21.53136568768798,-10.335074782814235,-14.75033083956189,0.1493469625711441,-0.183625727891922,0.2493287920951843,0.3597359657287597,-0.4206896424293518,-0.5132198333740234,0.8875777721405029,-0.7741479873657227,-0.5213675498962402,0.6652884483337402,-0.7069626450538635,-0.634900689125061,615.2350463867188,0.130340114235878
EXPC-295,130.37784216020668,45.11514528328641,D_control_base,5,M3D-035,是,草本沼泽,中,细密草丘纹理湿甸,judge_C_06.csv,False,15,-0.059115724721261,0.0797231833910034,0.1476970396001538,-0.1476970396001538,-0.0138408304498269,-0.2364628988850442,-0.16,0.4982698961937717,0.2288965782391388,0.0629911572472126,0.1929104190695886,-0.1358861976163014,-0.01039600153787,-0.0553633217993079,-0.2069357939254133,0.1358861976163014,0.0325413302575932,0.0049826989619377,-0.17279507881584,-0.17279507881584,0.16,0.0669896193771626,-0.01039600153787,-0.000553633217993,0.1537870049980776,0.1301653210303729,-0.0271280276816609,0.1137408688965782,0.186082276047674,0.0271280276816609,0.0157477893118031,-0.0088581314878892,-0.0325413302575932,0.0984236831987697,0.1537870049980776,0.0384467512495194,0.0271280276816609,-0.0888273740868896,0.0629911572472126,-0.1190926566705113,0.0157477893118031,-0.0088581314878892,0.0448442906574394,-0.01039600153787,-0.1085121107266436,0.0842137639369473,0.1793771626297577,-0.1034063821607074,0.0384467512495194,-0.0935640138408304,0.0797231833910034,0.0415840061514801,-0.0797231833910034,0.0448442906574394,0.0384467512495194,0.1663360246059207,0.1476970396001538,0.0177777777777777,-0.0935640138408304,-0.0297731641676278,-0.1476970396001538,0.0039369473279507,-0.16,0.0482276047673971,-11.052207741700917,-16.71461199146577,-7.50173398908913,-13.662168339530172,0.0395541153848171,-0.0679719224572181,0.480633795261383,0.3143467307090759,-0.4118546843528747,-0.5549768805503845,0.8751080632209778,-0.7706590294837952,-0.5212947130203247,0.6006389856338501,-0.6954314708709717,-0.4708476364612579,585.2000122070312,0.1618894636631012
EXPC-296,130.54223385720056,48.54096045080461,D_control_base,5,M3D-036,是,草本沼泽,中,湿草甸带浅水道,judge_C_06.csv,False,15,-0.0482276047673971,0.0074432910419069,0.1998615916955017,-0.1137408688965782,-0.0177777777777777,-0.1301653210303729,-0.186082276047674,0.3839138792772011,0.1537870049980776,0.0222068435217224,0.3368550557477893,-0.0669896193771626,-0.01039600153787,-0.0482276047673971,-0.2069357939254133,0.1085121107266436,0.0222068435217224,-0.0629911572472126,-0.1929104190695886,-0.0448442906574394,0.1417301038062283,-0.0049826989619377,0.0797231833910034,-0.059115724721261,0.1358861976163014,0.1245674740484429,-0.0297731641676278,0.0517339484813533,0.2599000384467512,0.0448442906574394,-0.035432525951557,0.1034063821607074,-0.0669896193771626,0.0711111111111111,-0.0384467512495194,0.1190926566705113,0.0711111111111111,-0.1537870049980776,0.0157477893118031,-0.1301653210303729,-0.01039600153787,-0.0935640138408304,0.0120569011918492,0.059115724721261,-0.035432525951557,0.0984236831987697,0.1929104190695886,-0.2599000384467512,0.1190926566705113,-0.059115724721261,0.0888273740868896,0.0177777777777777,-0.0797231833910034,-0.01039600153787,-0.0138408304498269,0.1537870049980776,0.17279507881584,-0.0325413302575932,-0.0448442906574394,-0.1085121107266436,-0.1929104190695886,0.0797231833910034,-0.0448442906574394,0.0061514801999231,,,,,0.1546149253845214,-0.1697438955307006,0.3999497890472412,0.3682712912559509,-0.47608083486557,-0.431900143623352,0.85439532995224,-0.7344132661819458,-0.4989339113235473,0.6531013250350952,-0.723482072353363,-0.5852534770965576,184.3355712890625,0.0640474185347557
EXPC-297,130.05525714167936,47.78880106341134,D_control_base,5,M3D-037,否,草本旱地,低,细密斜垄痕，疑旱作,judge_C_06.csv,False,0,-0.0711111111111111,0.0022145328719723,0.17279507881584,-0.0553633217993079,0.0015378700499807,-0.186082276047674,-0.1417301038062283,0.4340484429065744,0.2288965782391388,0.0120569011918492,0.3460207612456747,-0.0984236831987697,-0.035432525951557,-0.0629911572472126,-0.1793771626297577,0.0797231833910034,0.0415840061514801,-0.0177777777777777,-0.16,-0.16,0.1998615916955017,0.0297731641676278,0.0415840061514801,-0.0177777777777777,0.1929104190695886,0.1137408688965782,-0.0553633217993079,0.1034063821607074,0.1793771626297577,0.0448442906574394,0.0157477893118031,0.0888273740868896,-0.0049826989619377,0.0842137639369473,0.0629911572472126,-0.0177777777777777,0.0199307958477508,-0.1358861976163014,0.075355632449058,-0.1245674740484429,-0.0384467512495194,-0.0935640138408304,0.0984236831987697,0.0553633217993079,-0.0842137639369473,0.035432525951557,0.1358861976163014,-0.186082276047674,0.1476970396001538,-0.0517339484813533,0.0061514801999231,0.0088581314878892,-0.0888273740868896,0.0482276047673971,0.0517339484813533,0.186082276047674,0.1793771626297577,-0.0074432910419069,-0.0842137639369473,-0.059115724721261,-0.1663360246059207,0.0669896193771626,-0.0842137639369473,0.0669896193771626,,,,,0.1271085739135742,-0.1151857078075409,0.1602959334850311,0.411274641752243,-0.4760383367538452,-0.4411400258541107,0.8276498913764954,-0.7062406539916992,-0.5470494627952576,0.5331991910934448,-0.6744799017906189,-0.5381417870521545,337.3900451660156,0.1631932705640792
EXPC-298,130.16116851367704,48.71343698535557,D_control_base,5,M3D-038,是,草本沼泽,低,草甸微丘，湿迹弱,judge_C_06.csv,False,15,-0.0629911572472126,0.0246059207996924,0.1537870049980776,-0.0629911572472126,-0.0074432910419069,-0.1476970396001538,-0.1245674740484429,0.4035986159169549,0.2288965782391388,0.0222068435217224,0.3553094963475586,-0.0271280276816609,-0.0120569011918492,-0.059115724721261,-0.1998615916955017,0.1190926566705113,0.0246059207996924,-0.0842137639369473,-0.17279507881584,-0.0797231833910034,0.1998615916955017,0.0022145328719723,0.0711111111111111,-0.0088581314878892,0.17279507881584,0.1190926566705113,-0.0271280276816609,0.1085121107266436,0.1301653210303729,0.0384467512495194,-0.0246059207996924,0.1137408688965782,0.0138408304498269,0.0517339484813533,0.0669896193771626,0.0199307958477508,0.0120569011918492,-0.2069357939254133,0.0553633217993079,-0.1301653210303729,-0.0842137639369473,-0.0797231833910034,0.0415840061514801,-0.0022145328719723,-0.0935640138408304,0.0669896193771626,0.1929104190695886,-0.2599000384467512,0.0984236831987697,-0.059115724721261,0.059115724721261,0.0157477893118031,-0.1034063821607074,0.0199307958477508,0.0482276047673971,0.1663360246059207,0.17279507881584,-0.0297731641676278,-0.0517339484813533,-0.1085121107266436,-0.1793771626297577,0.0711111111111111,-0.0888273740868896,0.0088581314878892,,,,,0.0796429812908172,-0.1033152043819427,0.4178338646888733,0.3357515335083008,-0.4370731711387634,-0.2447644025087356,0.898630678653717,-0.7937825918197632,-0.5352480411529541,0.5148158669471741,-0.5404111742973328,-0.3148614466190338,505.5804443359375,0.0640474185347557
EXPC-299,132.8544973985242,47.90845665925606,D_control_base,5,M3D-039,是,草本沼泽,低,斑驳草甸，邻裸茬地,judge_C_06.csv,False,15,-0.1085121107266436,0.0271280276816609,0.17279507881584,-0.059115724721261,-0.0415840061514801,-0.16,-0.1663360246059207,0.4763706266820453,0.2519646289888504,0.0074432910419069,0.3278123798539023,-0.0797231833910034,0.0030142252979623,-0.0297731641676278,-0.16,0.1085121107266436,0.0629911572472126,-0.035432525951557,-0.1537870049980776,-0.186082276047674,0.1537870049980776,0.01039600153787,0.0074432910419069,-0.0157477893118031,0.1929104190695886,0.1301653210303729,-0.0246059207996924,0.1358861976163014,0.1998615916955017,0.0517339484813533,0.0271280276816609,0.075355632449058,-0.01039600153787,0.0935640138408304,0.0271280276816609,0.0246059207996924,0.0246059207996924,-0.1358861976163014,0.0297731641676278,-0.075355632449058,-0.0222068435217224,-0.1034063821607074,0.0711111111111111,0.0157477893118031,-0.0711111111111111,0.0415840061514801,0.1137408688965782,-0.1034063821607074,0.1358861976163014,-0.0669896193771626,0.0384467512495194,-0.0199307958477508,-0.059115724721261,0.0009842368319876,0.0711111111111111,0.1537870049980776,0.2141330257593233,-0.0199307958477508,-0.0629911572472126,-0.0222068435217224,-0.1929104190695886,0.0669896193771626,-0.0415840061514801,0.0935640138408304,,,,,0.107600599527359,-0.0382788479328155,0.3524557948112488,0.3318729400634765,-0.395028680562973,-0.4166666567325592,0.8881309628486633,-0.7850387096405029,-0.5531724691390991,0.5586419701576233,-0.6300181746482849,-0.5047258734703064,184.2987823486328,0.0145089849829673
EXPC-300,132.89087916753104,47.91438554013125,D_control_base,5,M3D-040,是,草本沼泽,低,细叶草甸夹枯斑,judge_C_06.csv,False,15,-0.0553633217993079,0.0222068435217224,0.1358861976163014,-0.1358861976163014,0.0199307958477508,-0.1929104190695886,-0.1417301038062283,0.4136255286428297,0.1929104190695886,0.0049826989619377,0.292871972318339,-0.0246059207996924,-0.035432525951557,-0.0517339484813533,-0.2364628988850442,0.1301653210303729,0.0222068435217224,-0.1085121107266436,-0.1476970396001538,-0.0553633217993079,0.1998615916955017,0.059115724721261,0.0325413302575932,-0.035432525951557,0.16,0.075355632449058,-0.0246059207996924,0.1301653210303729,0.1793771626297577,0.0049826989619377,-0.0199307958477508,0.0120569011918492,-0.0935640138408304,0.0325413302575932,0.0517339484813533,0.1190926566705113,0.0157477893118031,-0.1929104190695886,0.0271280276816609,-0.1137408688965782,-0.0629911572472126,-0.0629911572472126,0.0222068435217224,0.01039600153787,-0.0669896193771626,0.1301653210303729,0.2288965782391388,-0.2599000384467512,0.0711111111111111,-0.0711111111111111,0.0797231833910034,0.01039600153787,-0.0888273740868896,-0.0384467512495194,0.0061514801999231,0.186082276047674,0.1245674740484429,0.01039600153787,-0.0415840061514801,-0.0888273740868896,-0.1998615916955017,0.0711111111111111,-0.0984236831987697,-0.0022145328719723,,,,,0.0743843615055084,-0.10036401450634,0.4554122388362884,0.357290118932724,-0.4936791062355041,-0.5265949368476868,0.9061774015426636,-0.8131212592124939,-0.6103178262710571,0.6061652898788452,-0.7448036670684814,-0.5456181168556213,203.62759399414065,0.0145089849829673
EXPC-301,130.86616634865405,44.94536369458782,D_control_base,5,M3D-041,是,草本沼泽,低,枯绿斑驳草甸，湿迹弱,judge_C_06.csv,False,15,-0.0448442906574394,-0.0797231833910034,0.16,-0.1358861976163014,-0.0448442906574394,-0.1663360246059207,-0.1417301038062283,0.3647212610534409,0.1663360246059207,0.0553633217993079,0.3278123798539023,-0.1190926566705113,0.0061514801999231,-0.0482276047673971,-0.1929104190695886,0.0482276047673971,-0.0199307958477508,-0.0984236831987697,-0.1245674740484429,-0.0669896193771626,0.1537870049980776,-0.0325413302575932,0.0448442906574394,-0.0482276047673971,0.1417301038062283,0.0935640138408304,-0.0517339484813533,0.1245674740484429,0.2519646289888504,0.0009842368319876,0.035432525951557,0.0842137639369473,-0.0415840061514801,0.0553633217993079,0.0669896193771626,0.0984236831987697,0.0271280276816609,-0.16,0.0415840061514801,-0.1301653210303729,-0.1085121107266436,-0.1417301038062283,0.01039600153787,0.1085121107266436,-0.0482276047673971,0.0984236831987697,0.2069357939254133,-0.2364628988850442,0.0797231833910034,-0.1034063821607074,0.0711111111111111,0.0074432910419069,-0.1190926566705113,0.059115724721261,0.0888273740868896,0.17279507881584,0.17279507881584,-0.0074432910419069,-0.0797231833910034,-0.1034063821607074,-0.2069357939254133,0.0797231833910034,-0.0022145328719723,-0.01039600153787,,,,,0.074733093380928,-0.1102941185235977,0.3519552946090698,0.4123487472534179,-0.4870957136154175,-0.4044006168842315,0.7943301796913147,-0.650306761264801,-0.3986813127994537,0.487099289894104,-0.5510703325271606,-0.4789398908615112,638.72314453125,0.130340114235878
EXPC-302,131.00226111419815,45.99181116905865,D_control_base,5,M3D-042,是,草本沼泽,低,细密草甸状，无明水,judge_C_06.csv,False,15,-0.1034063821607074,0.0138408304498269,0.1358861976163014,-0.0888273740868896,-0.0448442906574394,-0.1793771626297577,-0.1301653210303729,0.4340484429065744,0.2214532871972318,-0.0039369473279507,0.3188927335640138,-0.0888273740868896,-0.0138408304498269,-0.0415840061514801,-0.17279507881584,0.1245674740484429,-0.0049826989619377,-0.0935640138408304,-0.1417301038062283,-0.1085121107266436,0.186082276047674,0.0384467512495194,0.059115724721261,-0.0074432910419069,0.1663360246059207,0.1417301038062283,-0.0177777777777777,0.1245674740484429,0.17279507881584,-0.0120569011918492,0.0246059207996924,0.059115724721261,-0.0297731641676278,0.035432525951557,0.1245674740484429,0.0669896193771626,-0.0222068435217224,-0.16,0.0553633217993079,-0.1663360246059207,-0.0553633217993079,-0.1137408688965782,0.0553633217993079,0.0325413302575932,-0.075355632449058,0.0669896193771626,0.2069357939254133,-0.1793771626297577,0.1034063821607074,-0.0448442906574394,0.0384467512495194,0.0199307958477508,-0.1190926566705113,0.0415840061514801,0.059115724721261,0.186082276047674,0.17279507881584,0.0049826989619377,-0.0797231833910034,-0.0669896193771626,-0.186082276047674,0.0517339484813533,-0.0842137639369473,0.0384467512495194,,,,,0.0801622569561004,-0.1044835075736045,0.3856968283653259,0.3911007046699524,-0.4472676515579223,-0.5033619999885559,0.8648521900177002,-0.7564640641212463,-0.5201393365859985,0.5698113441467285,-0.6684492230415344,-0.5647213459014893,354.4508056640625,0.1022680774331092
EXPC-303,132.79251364391996,46.12790593460276,D_control_base,5,M3D-043,是,草本沼泽,低,枯绿紫斑混杂草甸,judge_C_06.csv,False,15,-0.0517339484813533,-0.01039600153787,0.1537870049980776,-0.17279507881584,-0.0120569011918492,-0.2069357939254133,-0.1358861976163014,0.3936947327950788,0.1663360246059207,0.0088581314878892,0.2519646289888504,-0.0448442906574394,-0.035432525951557,-0.0246059207996924,-0.2679584775086506,0.0669896193771626,-0.0074432910419069,-0.1245674740484429,-0.1663360246059207,-0.0222068435217224,0.1537870049980776,0.1034063821607074,-0.0088581314878892,-0.0384467512495194,0.1190926566705113,0.0669896193771626,-0.0482276047673971,0.1358861976163014,0.2288965782391388,-0.0157477893118031,0.0177777777777777,-0.0199307958477508,-0.1245674740484429,0.0222068435217224,0.059115724721261,0.1301653210303729,0.0325413302575932,-0.1245674740484429,0.0448442906574394,-0.1476970396001538,-0.0517339484813533,-0.0842137639369473,0.0074432910419069,0.0448442906574394,-0.035432525951557,0.1537870049980776,0.2519646289888504,-0.2288965782391388,0.1085121107266436,-0.0669896193771626,0.0246059207996924,0.0325413302575932,-0.1137408688965782,-0.0271280276816609,0.0074432910419069,0.17279507881584,0.1663360246059207,0.0177777777777777,-0.0842137639369473,-0.0842137639369473,-0.1929104190695886,0.0415840061514801,-0.1034063821607074,0.0049826989619377,,,,,0.1108384430408477,-0.1303479224443435,0.3408624231815338,0.5555018782615662,-0.5756760239601135,-0.3571825623512268,0.9070395231246948,-0.8136463761329651,-0.5630107522010803,0.4807090759277344,-0.6167859435081482,-0.5541256666183472,146.4368438720703,0.0648872405290603
EXPC-304,132.94289162248157,47.8734223631754,D_control_base,5,M3D-044,是,草本沼泽,低,条纹草甸，疑打草场,judge_C_06.csv,False,15,-0.0553633217993079,-0.0177777777777777,0.1245674740484429,-0.1301653210303729,0.0246059207996924,-0.1663360246059207,-0.1245674740484429,0.4136255286428297,0.1476970396001538,-0.000553633217993,0.3278123798539023,-0.0553633217993079,-0.0384467512495194,-0.0271280276816609,-0.2069357939254133,0.1476970396001538,0.0297731641676278,-0.1417301038062283,-0.16,-0.0297731641676278,0.17279507881584,-0.0049826989619377,0.059115724721261,-0.0629911572472126,0.17279507881584,0.0888273740868896,0.0022145328719723,0.1245674740484429,0.2214532871972318,-0.0022145328719723,-0.0120569011918492,0.0222068435217224,-0.0669896193771626,0.0157477893118031,0.0482276047673971,0.1301653210303729,0.0138408304498269,-0.1998615916955017,0.035432525951557,-0.0984236831987697,-0.075355632449058,-0.1034063821607074,-0.000553633217993,0.035432525951557,-0.0297731641676278,0.0984236831987697,0.2441522491349481,-0.2214532871972318,0.1034063821607074,-0.0553633217993079,0.075355632449058,-0.0271280276816609,-0.1137408688965782,0.0049826989619377,0.0325413302575932,0.186082276047674,0.16,-0.0088581314878892,-0.0246059207996924,-0.0669896193771626,-0.2141330257593233,0.0415840061514801,-0.0482276047673971,-0.000553633217993,,,,,0.083837978541851,-0.0998224765062332,0.5057103633880615,0.3293768465518951,-0.4705399572849273,-0.4824322164058685,0.8904935121536255,-0.7798534035682678,-0.5778734683990479,0.4744290709495544,-0.6180726885795593,-0.502871572971344,105.07091522216795,0.0145089849829673
EXPC-305,130.79421129439606,43.26641242856843,D_control_base,6,M3D-045,是,草本沼泽,中,枯斑暗绿斑驳苇甸,judge_C_06.csv,False,15,0.0325413302575932,-0.1085121107266436,0.2141330257593233,-0.0935640138408304,-0.0711111111111111,-0.0935640138408304,-0.1998615916955017,0.4656055363321799,0.1663360246059207,0.0797231833910034,0.2441522491349481,-0.0935640138408304,-0.0015378700499807,0.0049826989619377,0.0088581314878892,-0.0138408304498269,0.0629911572472126,0.0553633217993079,0.0415840061514801,-0.2214532871972318,0.1537870049980776,-0.1245674740484429,0.0888273740868896,-0.0415840061514801,0.1537870049980776,0.1358861976163014,-0.1663360246059207,0.0517339484813533,0.17279507881584,0.01039600153787,0.0888273740868896,0.0935640138408304,0.0711111111111111,0.1793771626297577,0.0002460592079969,-0.01039600153787,0.035432525951557,-0.1301653210303729,0.0888273740868896,-0.035432525951557,-0.1417301038062283,-0.0935640138408304,0.000553633217993,0.1358861976163014,-0.0984236831987697,0.0177777777777777,0.0797231833910034,-0.0138408304498269,0.2288965782391388,-0.059115724721261,0.0553633217993079,-0.0984236831987697,-0.1085121107266436,0.1190926566705113,0.1417301038062283,0.1537870049980776,0.1137408688965782,0.0888273740868896,-0.1417301038062283,0.0022145328719723,-0.1301653210303729,0.059115724721261,0.035432525951557,0.1085121107266436,-10.0348577114427,-16.0256515199248,-7.084720315560304,-13.153674565171835,0.5957746505737305,-0.5435967445373535,-0.1464968174695968,0.6518650054931641,-0.5736040472984314,-0.4485776722431183,0.8488203883171082,-0.7454545497894287,-0.5059549808502197,0.7823658585548401,-0.7308135032653809,-0.519788920879364,531.774169921875,0.1514522582292556
EXPC-306,130.89823620429712,43.68439853026924,D_control_base,6,M3D-046,是,木本沼泽,低,灌丛丘散布湿甸,judge_C_06.csv,False,14,0.0325413302575932,-0.0629911572472126,0.2069357939254133,-0.1190926566705113,-0.0842137639369473,-0.1034063821607074,-0.2141330257593233,0.4872587466359092,0.1137408688965782,0.059115724721261,0.3100961168781238,-0.0842137639369473,0.0088581314878892,0.0222068435217224,-0.059115724721261,0.000553633217993,0.0138408304498269,-0.059115724721261,0.0199307958477508,-0.16,0.1085121107266436,-0.17279507881584,0.1190926566705113,-0.0711111111111111,0.1537870049980776,0.186082276047674,-0.0935640138408304,0.0842137639369473,0.1929104190695886,-0.0030142252979623,0.0935640138408304,0.1034063821607074,0.0629911572472126,0.1137408688965782,0.0138408304498269,0.0888273740868896,0.0157477893118031,-0.17279507881584,0.0935640138408304,-0.0297731641676278,-0.1476970396001538,-0.1137408688965782,0.0088581314878892,0.1085121107266436,-0.1137408688965782,0.0222068435217224,0.0669896193771626,-0.0517339484813533,0.1929104190695886,-0.0553633217993079,0.0222068435217224,-0.0711111111111111,-0.0797231833910034,0.1034063821607074,0.0842137639369473,0.1034063821607074,0.1476970396001538,0.0669896193771626,-0.1301653210303729,-0.0049826989619377,-0.1476970396001538,0.0297731641676278,-0.0325413302575932,0.0888273740868896,,,,,0.5080406665802002,-0.5070514678955078,-0.0179679840803146,0.5803067088127136,-0.56202632188797,-0.4651729166507721,0.8381314277648926,-0.7302824854850769,-0.4506638944149017,0.7083051800727844,-0.688355028629303,-0.4202358722686767,482.8778381347656,0.1514522582292556
EXPC-307,131.16449685451013,45.42802849674524,D_control_base,6,M3D-047,是,草本沼泽,低,斑驳湿甸带枯斑,judge_C_06.csv,False,15,0.0629911572472126,-0.0711111111111111,0.1301653210303729,-0.1034063821607074,-0.0888273740868896,-0.0517339484813533,-0.2844444444444444,0.4340484429065744,0.1301653210303729,0.0222068435217224,0.1998615916955017,0.0553633217993079,-0.0120569011918492,0.0157477893118031,0.0246059207996924,-0.0482276047673971,0.1085121107266436,-0.1245674740484429,-0.0177777777777777,-0.0482276047673971,0.0935640138408304,-0.2761399461745483,0.1663360246059207,-0.0384467512495194,0.1190926566705113,0.2441522491349481,-0.059115724721261,0.0177777777777777,0.2141330257593233,0.0797231833910034,0.0669896193771626,0.0842137639369473,0.1476970396001538,0.075355632449058,-0.0711111111111111,0.16,0.0935640138408304,-0.1245674740484429,0.1137408688965782,0.1085121107266436,-0.2069357939254133,-0.0935640138408304,0.0088581314878892,0.0984236831987697,-0.0482276047673971,0.0935640138408304,0.01039600153787,-0.0246059207996924,0.1663360246059207,-0.0022145328719723,0.0553633217993079,-0.1190926566705113,-0.059115724721261,0.059115724721261,0.16,0.0222068435217224,0.0711111111111111,0.0935640138408304,-0.1301653210303729,-0.075355632449058,-0.1245674740484429,0.0842137639369473,-0.0415840061514801,0.1190926566705113,,,,,0.515225350856781,-0.4342813193798065,0.3828088343143463,0.7317739725112915,-0.6311874389648438,-0.294471800327301,0.8131496906280518,-0.6924196481704712,-0.3465601503849029,0.7534246444702148,-0.655434250831604,-0.1975683867931366,255.6293182373047,0.1022680774331092
EXPC-308,130.98339649323165,44.63625340532229,D_control_base,6,M3D-048,是,草本沼泽,低,暗绿密草甸夹枯斑,judge_C_06.csv,False,15,0.0415840061514801,-0.1085121107266436,0.1929104190695886,-0.0888273740868896,-0.075355632449058,-0.0888273740868896,-0.2599000384467512,0.4872587466359092,0.186082276047674,0.0517339484813533,0.2069357939254133,-0.0482276047673971,0.0415840061514801,0.0199307958477508,0.0246059207996924,-0.0157477893118031,0.0984236831987697,0.0120569011918492,0.0517339484813533,-0.2069357939254133,0.1190926566705113,-0.17279507881584,0.1034063821607074,-0.0138408304498269,0.1417301038062283,0.1793771626297577,-0.1137408688965782,0.0669896193771626,0.1793771626297577,0.0246059207996924,0.1085121107266436,0.0711111111111111,0.0711111111111111,0.1476970396001538,-0.035432525951557,0.0157477893118031,0.0222068435217224,-0.0984236831987697,0.1301653210303729,0.0325413302575932,-0.1358861976163014,-0.0984236831987697,0.0246059207996924,0.0842137639369473,-0.1085121107266436,0.0553633217993079,-0.0271280276816609,0.0482276047673971,0.2141330257593233,-0.0553633217993079,0.0448442906574394,-0.1245674740484429,-0.0553633217993079,0.0629911572472126,0.1537870049980776,0.1190926566705113,0.0888273740868896,0.0888273740868896,-0.1476970396001538,-0.0074432910419069,-0.1085121107266436,0.0888273740868896,0.01039600153787,0.1417301038062283,,,,,0.7161964178085327,-0.6456913948059082,-0.0443243235349655,0.6715422868728638,-0.6182111501693726,-0.3777388334274292,0.8689712882041931,-0.7185336947441101,-0.4290171563625335,0.820746898651123,-0.715067446231842,-0.4295774698257446,562.7830200195312,0.130340114235878
EXPC-309,130.84487627642042,46.1508129743478,D_control_base,6,M3D-049,是,草本沼泽,中,水草交错波纹状,judge_C_06.csv,False,15,0.0797231833910034,-0.0888273740868896,0.17279507881584,-0.1476970396001538,-0.1190926566705113,-0.0061514801999231,-0.2288965782391388,0.4444444444444444,0.0984236831987697,-0.01039600153787,0.1663360246059207,-0.035432525951557,0.035432525951557,0.1190926566705113,-0.0297731641676278,-0.059115724721261,0.0088581314878892,-0.0246059207996924,0.17279507881584,-0.1417301038062283,0.1358861976163014,-0.1663360246059207,0.1034063821607074,-0.1137408688965782,0.0629911572472126,0.2844444444444444,-0.0246059207996924,0.0842137639369473,0.2679584775086506,-0.01039600153787,0.1476970396001538,0.0797231833910034,-0.059115724721261,0.0935640138408304,-0.0797231833910034,0.1476970396001538,-0.0482276047673971,-0.0797231833910034,0.1476970396001538,0.0797231833910034,-0.1476970396001538,-0.1085121107266436,-0.0199307958477508,0.1190926566705113,-0.0711111111111111,0.1034063821607074,-0.0061514801999231,-0.0246059207996924,0.1034063821607074,-0.0797231833910034,0.0711111111111111,-0.1245674740484429,-0.0553633217993079,-0.0271280276816609,0.1358861976163014,0.1245674740484429,0.0629911572472126,0.186082276047674,-0.1190926566705113,-0.075355632449058,-0.0984236831987697,0.0669896193771626,0.0842137639369473,0.0669896193771626,,,,,0.6178571581840515,-0.5985884666442871,0.0167597774416208,0.6320735216140747,-0.5944512486457825,-0.3764115571975708,0.6567386388778687,-0.5529575943946838,-0.2772919535636902,0.7204070687294006,-0.6729166507720947,-0.4097744226455688,254.4414825439453,0.0630452111363411
EXPC-310,130.99687122249344,45.68997723359449,D_control_base,6,M3D-050,否,草本旱地,低,细垄绿田，无埂无湿迹,judge_C_06.csv,False,0,0.0629911572472126,-0.0482276047673971,0.16,-0.1358861976163014,-0.1137408688965782,-0.0448442906574394,-0.2288965782391388,0.4763706266820453,0.1537870049980776,0.0271280276816609,0.1929104190695886,-0.0222068435217224,0.0177777777777777,0.0482276047673971,-0.0199307958477508,-0.0120569011918492,0.0199307958477508,-0.1034063821607074,0.1301653210303729,-0.186082276047674,0.1358861976163014,-0.1998615916955017,0.16,-0.075355632449058,0.1417301038062283,0.2288965782391388,-0.0888273740868896,0.059115724721261,0.17279507881584,0.0297731641676278,0.1301653210303729,0.0842137639369473,0.0797231833910034,0.0517339484813533,-0.0325413302575932,0.0935640138408304,-0.0199307958477508,-0.1537870049980776,0.1137408688965782,0.0482276047673971,-0.1476970396001538,-0.1085121107266436,0.0015378700499807,0.0888273740868896,-0.075355632449058,0.0384467512495194,0.0120569011918492,-0.0157477893118031,0.1929104190695886,-0.059115724721261,0.059115724721261,-0.1358861976163014,-0.0797231833910034,-0.0030142252979623,0.0935640138408304,0.1034063821607074,0.1301653210303729,0.1537870049980776,-0.17279507881584,-0.0482276047673971,-0.0888273740868896,0.059115724721261,-0.0222068435217224,0.1358861976163014,,,,,0.716498613357544,-0.666572093963623,0.012931034900248,0.7400972843170166,-0.6328659653663635,-0.356203556060791,0.8291320204734802,-0.7254498600959778,-0.438633382320404,0.7435721755027771,-0.6686351895332336,-0.3390052318572998,414.4687194824219,0.1618894636631012
EXPC-311,131.22701959828487,45.69806207115156,D_control_base,6,M3D-051,是,木本沼泽,低,暗绿丛团夹枯斑,judge_C_06.csv,False,14,0.0935640138408304,-0.0325413302575932,0.1245674740484429,-0.1417301038062283,-0.0935640138408304,-0.0629911572472126,-0.2364628988850442,0.4656055363321799,0.0842137639369473,0.035432525951557,0.1793771626297577,0.035432525951557,-0.0222068435217224,0.0415840061514801,-0.0448442906574394,-0.0448442906574394,-0.0030142252979623,-0.1190926566705113,0.1537870049980776,-0.0888273740868896,0.1301653210303729,-0.17279507881584,0.1998615916955017,-0.059115724721261,0.1190926566705113,0.1998615916955017,-0.0984236831987697,0.0517339484813533,0.1663360246059207,-0.01039600153787,0.1085121107266436,0.059115724721261,0.0984236831987697,0.0448442906574394,-0.0384467512495194,0.1417301038062283,0.0325413302575932,-0.1998615916955017,0.1417301038062283,0.0553633217993079,-0.2069357939254133,-0.075355632449058,-0.0222068435217224,0.1085121107266436,-0.0842137639369473,0.1085121107266436,0.075355632449058,-0.0711111111111111,0.2069357939254133,-0.0448442906574394,0.035432525951557,-0.1417301038062283,-0.0842137639369473,0.0271280276816609,0.0517339484813533,0.0669896193771626,0.0888273740868896,0.17279507881584,-0.1998615916955017,-0.0415840061514801,-0.1137408688965782,0.0177777777777777,-0.0138408304498269,0.0842137639369473,,,,,0.7661747932434082,-0.7070762515068054,-0.1070234104990959,0.7657985687255859,-0.6523517370223999,-0.3455245494842529,0.8422041535377502,-0.7267791628837585,-0.4101995527744293,0.7799080014228821,-0.734354555606842,-0.4133663475513458,266.6720886230469,0.1022680774331092
EXPC-312,131.0205867459942,45.41293679997203,D_control_base,6,M3D-052,是,草本沼泽,低,灰绿斑驳草甸，湿迹弱,judge_C_06.csv,False,15,0.0482276047673971,-0.0935640138408304,0.1929104190695886,-0.1476970396001538,-0.0984236831987697,-0.0553633217993079,-0.2288965782391388,0.4763706266820453,0.1245674740484429,0.0120569011918492,0.1537870049980776,-0.035432525951557,0.0517339484813533,0.0669896193771626,-0.0199307958477508,-0.0669896193771626,0.0448442906574394,-0.0138408304498269,0.1358861976163014,-0.1793771626297577,0.1190926566705113,-0.17279507881584,0.1085121107266436,-0.0797231833910034,0.1034063821607074,0.2364628988850442,-0.0888273740868896,0.0842137639369473,0.2441522491349481,-0.0120569011918492,0.1417301038062283,0.0553633217993079,0.0271280276816609,0.1190926566705113,-0.0629911572472126,0.1245674740484429,-0.0002460592079969,-0.075355632449058,0.1476970396001538,0.0842137639369473,-0.1537870049980776,-0.1085121107266436,-0.0246059207996924,0.1301653210303729,-0.075355632449058,0.0711111111111111,-0.0177777777777777,0.0177777777777777,0.1417301038062283,-0.0797231833910034,0.075355632449058,-0.0842137639369473,-0.0448442906574394,0.0325413302575932,0.1417301038062283,0.1245674740484429,0.0797231833910034,0.17279507881584,-0.1417301038062283,-0.0415840061514801,-0.1137408688965782,0.0629911572472126,0.0517339484813533,0.1085121107266436,,,,,0.5921288132667542,-0.5406808853149414,0.1749077439308166,0.6049680709838867,-0.5434638261795044,-0.3074987530708313,0.7611832618713379,-0.6608266830444336,-0.3970365822315216,0.6985541582107544,-0.5997015237808228,-0.2894039750099182,332.24151611328125,0.1022680774331092
EXPC-313,131.64231075413332,45.61829167392175,D_control_base,6,M3D-053,是,草本沼泽,低,暗绿均一草甸,judge_C_06.csv,False,15,0.0669896193771626,-0.0629911572472126,0.1190926566705113,-0.1358861976163014,-0.1137408688965782,-0.0297731641676278,-0.186082276047674,0.4656055363321799,0.0669896193771626,0.0061514801999231,0.2069357939254133,-0.0009842368319876,0.0120569011918492,0.075355632449058,-0.0246059207996924,-0.075355632449058,-0.0088581314878892,-0.1085121107266436,0.16,-0.0711111111111111,0.1301653210303729,-0.1998615916955017,0.16,-0.0797231833910034,0.1537870049980776,0.2441522491349481,-0.0669896193771626,0.059115724721261,0.1998615916955017,-0.0074432910419069,0.1190926566705113,0.0842137639369473,0.0711111111111111,0.0669896193771626,-0.035432525951557,0.1358861976163014,-0.0002460592079969,-0.1663360246059207,0.1417301038062283,0.0482276047673971,-0.2288965782391388,-0.1085121107266436,-0.0199307958477508,0.0935640138408304,-0.0553633217993079,0.0669896193771626,0.0711111111111111,-0.075355632449058,0.1793771626297577,-0.0482276047673971,0.0415840061514801,-0.1301653210303729,-0.0797231833910034,0.0297731641676278,0.1137408688965782,0.0984236831987697,0.1190926566705113,0.16,-0.1476970396001538,-0.0629911572472126,-0.1245674740484429,0.0448442906574394,0.0199307958477508,0.0842137639369473,,,,,0.6702249050140381,-0.5933806300163269,-0.0998389720916748,0.7227796316146851,-0.6286667585372925,-0.373629629611969,0.8104504346847534,-0.6881720423698425,-0.3886693120002746,0.7230486869812012,-0.687713623046875,-0.3793350160121918,218.89404296875,0.1022680774331092
EXPC-314,130.82250822584584,47.91788896973932,D_control_base,6,M3D-054,是,草本沼泽,低,暗绿草丘邻水线,judge_C_06.csv,False,15,0.1190926566705113,-0.0935640138408304,0.1537870049980776,-0.1929104190695886,-0.0797231833910034,-0.0448442906574394,-0.2519646289888504,0.454963475586313,0.059115724721261,0.0842137639369473,0.1417301038062283,0.035432525951557,0.0629911572472126,0.0842137639369473,-0.0138408304498269,-0.1034063821607074,0.0177777777777777,-0.0888273740868896,0.17279507881584,-0.1190926566705113,0.1358861976163014,-0.1998615916955017,0.1793771626297577,-0.0415840061514801,0.1034063821607074,0.2069357939254133,-0.059115724721261,0.0517339484813533,0.1998615916955017,-0.0039369473279507,0.16,0.0271280276816609,0.059115724721261,0.0120569011918492,-0.0888273740868896,0.1301653210303729,-0.0009842368319876,-0.1476970396001538,0.16,0.0797231833910034,-0.17279507881584,-0.0935640138408304,-0.0222068435217224,0.1085121107266436,-0.0553633217993079,0.0842137639369473,-0.000553633217993,-0.0517339484813533,0.17279507881584,-0.0199307958477508,0.0482276047673971,-0.1190926566705113,-0.059115724721261,-0.0049826989619377,0.0669896193771626,0.0842137639369473,0.0517339484813533,0.16,-0.1929104190695886,-0.075355632449058,-0.1137408688965782,0.0553633217993079,-0.0553633217993079,0.1417301038062283,,,,,0.7986425161361694,-0.7562592029571533,-0.1916971951723098,0.770298421382904,-0.6854971647262573,-0.3388888835906982,0.7472066879272461,-0.6220421195030212,-0.3147222995758056,0.7834515571594238,-0.735050618648529,-0.4766015410423279,126.07271575927734,0.1631932705640792
EXPC-315,131.02409017560225,43.44562632775028,D_control_base,6,M3D-055,是,草本沼泽,低,绿枯相间草甸,judge_C_06.csv,False,15,0.1137408688965782,-0.0797231833910034,0.2214532871972318,-0.1358861976163014,-0.0669896193771626,-0.0984236831987697,-0.1663360246059207,0.4035986159169549,0.1301653210303729,0.075355632449058,0.2288965782391388,-0.0199307958477508,-0.0120569011918492,-0.0061514801999231,-0.0246059207996924,-0.0711111111111111,-0.0517339484813533,-0.0138408304498269,0.1301653210303729,-0.1929104190695886,0.1085121107266436,-0.1137408688965782,0.1476970396001538,-0.0797231833910034,0.075355632449058,0.1358861976163014,-0.186082276047674,0.0984236831987697,0.2441522491349481,-0.0177777777777777,0.16,0.1417301038062283,0.035432525951557,0.1245674740484429,-0.035432525951557,0.1190926566705113,0.0984236831987697,-0.1929104190695886,0.0669896193771626,0.01039600153787,-0.16,-0.0935640138408304,-0.0384467512495194,0.1998615916955017,-0.059115724721261,0.0517339484813533,0.0177777777777777,-0.1358861976163014,0.1663360246059207,-0.1358861976163014,0.0415840061514801,-0.1034063821607074,-0.059115724721261,0.0517339484813533,0.0669896193771626,0.059115724721261,0.0984236831987697,0.1085121107266436,-0.1537870049980776,-0.0797231833910034,-0.16,0.1358861976163014,-0.0039369473279507,0.0517339484813533,,,,,0.538733959197998,-0.5587443709373474,-0.1406113505363464,0.5463601350784302,-0.5287878513336182,-0.2817552089691162,0.7398824095726013,-0.6254645586013794,-0.3658002614974975,0.6897538900375366,-0.6422809362411499,-0.4525330066680908,787.5300903320312,0.2621392905712127
EXPC-316,131.03136652940364,45.28896929076353,D_control_base,6,M3D-056,是,草本沼泽,低,暗绿密草甸，旁有棚格,judge_C_06.csv,False,15,-0.0711111111111111,-0.1417301038062283,0.1537870049980776,-0.0888273740868896,-0.0984236831987697,-0.1417301038062283,-0.2214532871972318,0.4237754709727028,0.1190926566705113,-0.0325413302575932,0.3368550557477893,-0.1245674740484429,0.0222068435217224,-0.059115724721261,-0.0797231833910034,-0.0629911572472126,0.0711111111111111,0.0199307958477508,-0.17279507881584,-0.0415840061514801,0.0797231833910034,-0.0797231833910034,-0.0120569011918492,0.0061514801999231,0.1663360246059207,0.2441522491349481,-0.0157477893118031,0.0935640138408304,0.2519646289888504,0.0074432910419069,0.0448442906574394,0.0669896193771626,0.0271280276816609,0.1358861976163014,0.01039600153787,0.0711111111111111,0.0177777777777777,-0.075355632449058,0.1245674740484429,-0.0517339484813533,-0.1476970396001538,-0.186082276047674,0.0984236831987697,0.1034063821607074,-0.0448442906574394,0.1085121107266436,0.1245674740484429,-0.0199307958477508,0.1245674740484429,-0.0517339484813533,0.0271280276816609,-0.0325413302575932,-0.0553633217993079,0.075355632449058,0.1998615916955017,0.1358861976163014,0.1537870049980776,0.0325413302575932,-0.0797231833910034,-0.0177777777777777,-0.1793771626297577,0.0482276047673971,0.0222068435217224,0.0797231833910034,,,,,0.0488716177642345,0.0009964412311092,0.2649757266044616,0.4332413375377655,-0.4164044559001922,-0.3413825631141662,0.7650358080863953,-0.6388888955116272,-0.4206128120422363,0.5400755405426025,-0.5485231876373291,-0.4521249234676361,225.71875,0.1022680774331092
EXPC-317,131.90318151264162,45.3811364389142,D_control_base,6,M3D-057,是,草本沼泽,低,干湿斑驳草甸夹裸斑,judge_C_06.csv,False,15,0.0482276047673971,-0.075355632449058,0.1137408688965782,-0.1537870049980776,-0.1137408688965782,-0.0448442906574394,-0.2679584775086506,0.4763706266820453,0.1085121107266436,0.0022145328719723,0.17279507881584,-0.0177777777777777,0.0415840061514801,0.0984236831987697,-0.035432525951557,-0.0711111111111111,0.075355632449058,-0.0935640138408304,0.1085121107266436,-0.1137408688965782,0.0553633217993079,-0.2364628988850442,0.1537870049980776,-0.0984236831987697,0.0984236831987697,0.292871972318339,0.0049826989619377,0.0482276047673971,0.2288965782391388,-0.0015378700499807,0.0984236831987697,0.035432525951557,0.0415840061514801,0.0842137639369473,-0.0711111111111111,0.1537870049980776,-0.0415840061514801,-0.0629911572472126,0.1929104190695886,0.1034063821607074,-0.1476970396001538,-0.0711111111111111,0.01039600153787,0.059115724721261,-0.0842137639369473,0.0842137639369473,0.0039369473279507,0.0448442906574394,0.1301653210303729,-0.0271280276816609,0.0935640138408304,-0.0797231833910034,-0.0448442906574394,0.059115724721261,0.1537870049980776,0.0984236831987697,0.0669896193771626,0.16,-0.1034063821607074,-0.0797231833910034,-0.0984236831987697,0.0177777777777777,0.0325413302575932,0.1537870049980776,,,,,0.4575376510620117,-0.4014031887054443,0.3415858149528503,0.5970119833946228,-0.5557257533073425,-0.3569844663143158,0.7289754152297974,-0.6279391646385193,-0.3606654703617096,0.7859459519386292,-0.7054370045661926,-0.3420445919036865,179.1406707763672,0.1022680774331092
EXPC-318,130.6605419801191,46.590358642867486,D_control_base,6,M3D-058,是,草本沼泽,低,稠密暗绿草甸,judge_C_06.csv,False,15,0.1301653210303729,-0.075355632449058,0.1793771626297577,-0.2141330257593233,-0.1245674740484429,-0.0271280276816609,-0.2519646289888504,0.454963475586313,0.059115724721261,0.0384467512495194,0.075355632449058,0.0246059207996924,0.0415840061514801,0.1245674740484429,-0.0415840061514801,-0.0842137639369473,0.0120569011918492,-0.0482276047673971,0.2288965782391388,-0.16,0.0842137639369473,-0.1476970396001538,0.1476970396001538,-0.0669896193771626,0.035432525951557,0.2069357939254133,-0.0711111111111111,0.0517339484813533,0.2288965782391388,-0.0246059207996924,0.16,-0.0074432910419069,0.0061514801999231,0.0629911572472126,-0.1137408688965782,0.1663360246059207,-0.0325413302575932,-0.1085121107266436,0.1417301038062283,0.0797231833910034,-0.1537870049980776,-0.0222068435217224,-0.0384467512495194,0.0984236831987697,-0.0669896193771626,0.1358861976163014,-0.075355632449058,-0.0120569011918492,0.1301653210303729,-0.0415840061514801,0.0384467512495194,-0.1190926566705113,-0.0120569011918492,-0.0448442906574394,0.059115724721261,0.0984236831987697,0.0669896193771626,0.1998615916955017,-0.1929104190695886,-0.0629911572472126,-0.0888273740868896,0.0297731641676278,-0.0074432910419069,0.1085121107266436,,,,,0.7740322351455688,-0.7503654956817627,-0.1083550900220871,0.7276995182037354,-0.6358463764190674,-0.3115966320037842,0.6230279803276062,-0.5097837448120117,-0.1223784312605857,0.7774502635002136,-0.7106382846832275,-0.3078880310058594,186.38597106933597,0.0630452111363411
EXPC-319,130.69342031951786,46.69222759608664,D_control_base,6,M3D-059,是,草本沼泽,低,暗绿草甸，湿迹不显,judge_C_06.csv,False,15,0.1476970396001538,-0.0415840061514801,0.1998615916955017,-0.17279507881584,-0.0888273740868896,-0.0157477893118031,-0.2679584775086506,0.4340484429065744,0.0415840061514801,0.0271280276816609,0.1034063821607074,0.0711111111111111,0.0199307958477508,0.0842137639369473,-0.0177777777777777,-0.0669896193771626,-0.0199307958477508,-0.0022145328719723,0.1537870049980776,-0.1137408688965782,0.1137408688965782,-0.1793771626297577,0.16,-0.0448442906574394,0.1034063821607074,0.17279507881584,-0.0935640138408304,0.075355632449058,0.2069357939254133,0.0177777777777777,0.1476970396001538,0.0797231833910034,0.0517339484813533,0.0935640138408304,-0.075355632449058,0.1929104190695886,0.0297731641676278,-0.2141330257593233,0.1085121107266436,0.1301653210303729,-0.2141330257593233,-0.0384467512495194,-0.0517339484813533,0.0984236831987697,-0.0888273740868896,0.1358861976163014,-0.0553633217993079,-0.075355632449058,0.0935640138408304,-0.0797231833910034,0.0629911572472126,-0.1301653210303729,-0.0271280276816609,-0.0553633217993079,0.0088581314878892,-0.0049826989619377,0.0482276047673971,0.1998615916955017,-0.1998615916955017,-0.0222068435217224,-0.1245674740484429,0.0325413302575932,-0.0842137639369473,0.0711111111111111,,,,,0.742473840713501,-0.6811365485191345,0.0079840319231152,0.7019992470741272,-0.6446145176887512,-0.3525896370410919,0.6059240102767944,-0.5538941025733948,-0.2183406054973602,0.8019039630889893,-0.7200309634208679,-0.4026402533054352,271.7191162109375,0.0630452111363411
EXPC-320,131.11140642121867,46.435668750942106,D_control_base,7,M3D-060,是,草本沼泽,低,暗绿草甸夹浅斑,judge_C_06.csv,False,15,-0.0888273740868896,-0.0271280276816609,0.1476970396001538,-0.0271280276816609,-0.0629911572472126,-0.1476970396001538,-0.17279507881584,0.4763706266820453,0.2288965782391388,0.0138408304498269,0.3368550557477893,-0.0629911572472126,0.0177777777777777,-0.0711111111111111,-0.1137408688965782,0.0629911572472126,0.0888273740868896,0.0009842368319876,-0.16,-0.17279507881584,0.1537870049980776,-0.0629911572472126,0.0246059207996924,0.0022145328719723,0.1929104190695886,0.1663360246059207,-0.0517339484813533,0.0629911572472126,0.1793771626297577,0.0482276047673971,0.0246059207996924,0.0984236831987697,0.0711111111111111,0.1245674740484429,0.0415840061514801,-0.0325413302575932,0.0138408304498269,-0.1417301038062283,0.0984236831987697,-0.0935640138408304,-0.075355632449058,-0.1245674740484429,0.0842137639369473,0.0448442906574394,-0.0935640138408304,0.0517339484813533,0.1137408688965782,-0.035432525951557,0.1476970396001538,-0.0384467512495194,0.0271280276816609,-0.0629911572472126,-0.0984236831987697,0.0711111111111111,0.1190926566705113,0.1301653210303729,0.1929104190695886,-0.0177777777777777,-0.0935640138408304,-0.059115724721261,-0.1537870049980776,0.0842137639369473,-0.0384467512495194,0.1137408688965782,,,,,0.174111858010292,-0.1126666665077209,0.202892005443573,0.4565701484680176,-0.4130356609821319,-0.3620352149009704,0.876779317855835,-0.7435897588729858,-0.5232732892036438,0.4429470002651214,-0.50023353099823,-0.4387621283531189,438.3687133789063,0.0911156833171844
EXPC-321,130.46273295455595,48.36363301371942,D_control_base,7,M3D-061,是,草本沼泽,低,近黑湿地，稀疏草点,judge_C_06.csv,False,15,-0.0448442906574394,-0.0797231833910034,0.1537870049980776,-0.0517339484813533,-0.0711111111111111,-0.1190926566705113,-0.1929104190695886,0.4237754709727028,0.186082276047674,-0.0061514801999231,0.3368550557477893,-0.0669896193771626,0.01039600153787,-0.0553633217993079,-0.075355632449058,0.0384467512495194,0.0222068435217224,-0.0022145328719723,-0.0120569011918492,-0.186082276047674,0.1793771626297577,-0.0984236831987697,0.0415840061514801,-0.0271280276816609,0.17279507881584,0.17279507881584,-0.0711111111111111,0.1137408688965782,0.2069357939254133,0.0022145328719723,0.1085121107266436,0.0797231833910034,0.0199307958477508,0.1476970396001538,-0.0157477893118031,0.0177777777777777,0.0297731641676278,-0.1537870049980776,0.1085121107266436,-0.0448442906574394,-0.1301653210303729,-0.1476970396001538,0.0669896193771626,0.1537870049980776,-0.0888273740868896,0.0517339484813533,0.0935640138408304,-0.0553633217993079,0.1793771626297577,-0.0448442906574394,-0.0009842368319876,-0.1476970396001538,-0.0935640138408304,0.0271280276816609,0.1245674740484429,0.1537870049980776,0.1537870049980776,0.0384467512495194,-0.1301653210303729,-0.059115724721261,-0.1537870049980776,0.0711111111111111,0.059115724721261,0.1245674740484429,,,,,0.5952051877975464,-0.5330083966255188,-0.0222634505480527,0.7207392454147339,-0.6489571332931519,-0.4005376398563385,0.8394649028778076,-0.7128620147705078,-0.4840514957904815,0.7825261354446411,-0.713763952255249,-0.4921020567417145,393.4069213867188,0.0640474185347557
EXPC-322,130.6327840378398,43.15699762696267,D_control_base,7,M3D-062,是,草本沼泽,中,芦花状浅斑草甸,judge_C_06.csv,False,15,0.0797231833910034,-0.0222068435217224,0.1663360246059207,-0.0415840061514801,-0.0517339484813533,-0.1301653210303729,-0.1663360246059207,0.3647212610534409,0.1793771626297577,0.0935640138408304,0.2679584775086506,0.0482276047673971,-0.0629911572472126,-0.0271280276816609,-0.1301653210303729,0.0415840061514801,-0.0325413302575932,-0.0384467512495194,-0.0669896193771626,-0.0711111111111111,0.1663360246059207,-0.0984236831987697,0.1301653210303729,-0.0553633217993079,0.0842137639369473,0.0384467512495194,-0.1537870049980776,0.035432525951557,0.1929104190695886,0.0061514801999231,0.1137408688965782,0.2141330257593233,0.0984236831987697,0.1476970396001538,-0.0039369473279507,0.1537870049980776,0.0842137639369473,-0.2364628988850442,0.0271280276816609,-0.0669896193771626,-0.1929104190695886,-0.0120569011918492,-0.0629911572472126,0.1476970396001538,-0.0448442906574394,0.035432525951557,0.1663360246059207,-0.2214532871972318,0.059115724721261,-0.1245674740484429,0.0842137639369473,-0.1085121107266436,-0.1137408688965782,0.1085121107266436,0.0325413302575932,0.0629911572472126,0.1137408688965782,0.0157477893118031,-0.0842137639369473,-0.1301653210303729,-0.1998615916955017,0.1663360246059207,-0.0842137639369473,0.0177777777777777,-15.360497926496516,-20.9837831518466,-11.034407754445022,-17.415549013766743,0.3502847254276275,-0.3576564490795135,0.1931733787059784,0.6301233172416687,-0.5857374668121338,-0.396885335445404,0.7978574633598328,-0.7064544558525085,-0.4415475130081177,0.668036162853241,-0.6818558573722839,-0.5348273515701294,1128.3153076171875,0.1514522582292556
EXPC-323,130.39104739488323,43.30144672464909,D_control_base,7,M3D-063,是,草本沼泽,低,枯绿相间草甸,judge_C_06.csv,False,15,0.0384467512495194,-0.0669896193771626,0.17279507881584,-0.0797231833910034,-0.0669896193771626,-0.0984236831987697,-0.1137408688965782,0.3839138792772011,0.1663360246059207,0.0984236831987697,0.3100961168781238,-0.0669896193771626,-0.0517339484813533,-0.0177777777777777,-0.059115724721261,0.0448442906574394,0.0039369473279507,-0.0482276047673971,0.0049826989619377,-0.1663360246059207,0.1793771626297577,-0.0935640138408304,0.1085121107266436,-0.0842137639369473,0.1417301038062283,0.1034063821607074,-0.1537870049980776,0.0842137639369473,0.186082276047674,-0.0271280276816609,0.0935640138408304,0.1793771626297577,0.0448442906574394,0.1245674740484429,0.0553633217993079,0.0553633217993079,0.0384467512495194,-0.1929104190695886,0.0448442906574394,-0.1085121107266436,-0.16,-0.1085121107266436,-0.035432525951557,0.2069357939254133,-0.0553633217993079,0.0088581314878892,0.1663360246059207,-0.186082276047674,0.16,-0.0935640138408304,0.0669896193771626,-0.1137408688965782,-0.1137408688965782,0.1301653210303729,0.075355632449058,0.1537870049980776,0.1417301038062283,0.035432525951557,-0.1034063821607074,-0.0669896193771626,-0.1793771626297577,0.0935640138408304,0.0138408304498269,0.0297731641676278,-10.817228271310803,-19.3155947885202,-9.13014869273135,-15.307260456306924,0.5,-0.495207667350769,0.0077207116410136,0.5904830694198608,-0.5356770157814026,-0.3719397485256195,0.8620055317878723,-0.7508650422096252,-0.4815481603145599,0.6973294019699097,-0.6805875897407532,-0.521233081817627,833.671875,0.1514522582292556
EXPC-324,130.7378869260818,46.68468174770003,D_control_base,7,M3D-064,是,草本沼泽,低,稠密暗绿草甸,judge_C_06.csv,False,15,0.0030142252979623,-0.035432525951557,0.17279507881584,-0.0984236831987697,-0.0797231833910034,-0.0984236831987697,-0.1998615916955017,0.4982698961937717,0.1358861976163014,0.0120569011918492,0.3014225297962323,-0.0711111111111111,0.0030142252979623,0.0015378700499807,-0.0711111111111111,-0.0074432910419069,0.075355632449058,-0.0553633217993079,-0.0482276047673971,-0.1358861976163014,0.1190926566705113,-0.1663360246059207,0.075355632449058,-0.0517339484813533,0.1537870049980776,0.1998615916955017,-0.0448442906574394,0.0797231833910034,0.2441522491349481,0.0384467512495194,0.059115724721261,0.0842137639369473,0.0553633217993079,0.1537870049980776,-0.01039600153787,0.0888273740868896,0.059115724721261,-0.1301653210303729,0.0711111111111111,-0.0120569011918492,-0.1476970396001538,-0.1301653210303729,0.0015378700499807,0.1358861976163014,-0.059115724721261,0.035432525951557,0.0888273740868896,-0.0629911572472126,0.1663360246059207,-0.0629911572472126,0.0384467512495194,-0.059115724721261,-0.0797231833910034,0.0629911572472126,0.1137408688965782,0.1190926566705113,0.186082276047674,0.0711111111111111,-0.0842137639369473,-0.0384467512495194,-0.186082276047674,0.0415840061514801,0.0039369473279507,0.1245674740484429,,,,,0.2363591641187667,-0.1801081597805023,0.314113438129425,0.5093429684638977,-0.5708908438682556,-0.4472727179527282,0.8286157250404358,-0.7376565933227539,-0.4206672012805938,0.5697186589241028,-0.6682636737823486,-0.4739324152469635,221.5183868408203,0.0630452111363411
EXPC-325,130.37999811688857,48.09764185809163,D_control_base,7,M3D-065,是,草本沼泽,低,暗湿地夹白穗草,judge_C_06.csv,False,15,-0.0271280276816609,-0.0888273740868896,0.1537870049980776,-0.0553633217993079,-0.0797231833910034,-0.0888273740868896,-0.1417301038062283,0.4035986159169549,0.1793771626297577,-0.0039369473279507,0.3553094963475586,-0.075355632449058,0.0177777777777777,-0.035432525951557,-0.0629911572472126,0.0415840061514801,-0.0022145328719723,0.0120569011918492,0.0297731641676278,-0.1793771626297577,0.1929104190695886,-0.0842137639369473,0.0517339484813533,-0.0482276047673971,0.16,0.1476970396001538,-0.0797231833910034,0.1137408688965782,0.2141330257593233,-0.0297731641676278,0.1190926566705113,0.1034063821607074,0.0002460592079969,0.1476970396001538,-0.0074432910419069,0.0482276047673971,0.0246059207996924,-0.17279507881584,0.0935640138408304,-0.0797231833910034,-0.1358861976163014,-0.1476970396001538,0.0415840061514801,0.16,-0.0984236831987697,0.0669896193771626,0.1034063821607074,-0.1137408688965782,0.1245674740484429,-0.0517339484813533,0.0157477893118031,-0.1417301038062283,-0.1034063821607074,0.0384467512495194,0.1245674740484429,0.186082276047674,0.1476970396001538,0.0553633217993079,-0.1245674740484429,-0.0842137639369473,-0.16,0.0984236831987697,0.0842137639369473,0.075355632449058,,,,,0.4800623655319214,-0.4285100102424621,0.0415360517799854,0.6028481125831604,-0.5940204858779907,-0.3320388495922088,0.7975401878356934,-0.6695957779884338,-0.493488997220993,0.7351547479629517,-0.6785328984260559,-0.545558512210846,595.799072265625,0.0640474185347557
EXPC-326,130.40209667287792,48.0733873454204,D_control_base,7,M3D-066,是,草本沼泽,中,白穗草丛夹暗湿地,judge_C_06.csv,False,15,-0.0199307958477508,-0.0669896193771626,0.17279507881584,-0.0797231833910034,-0.075355632449058,-0.0888273740868896,-0.1085121107266436,0.4136255286428297,0.186082276047674,-0.0177777777777777,0.3553094963475586,-0.0553633217993079,0.0039369473279507,-0.0015378700499807,-0.0797231833910034,0.0669896193771626,-0.01039600153787,-0.0157477893118031,0.01039600153787,-0.1793771626297577,0.1929104190695886,-0.0415840061514801,0.0384467512495194,-0.0629911572472126,0.1537870049980776,0.1137408688965782,-0.0842137639369473,0.1537870049980776,0.2069357939254133,-0.0553633217993079,0.1137408688965782,0.1358861976163014,-0.0482276047673971,0.1137408688965782,0.0074432910419069,0.059115724721261,0.0030142252979623,-0.1793771626297577,0.0553633217993079,-0.0888273740868896,-0.1301653210303729,-0.1537870049980776,0.0448442906574394,0.1245674740484429,-0.0842137639369473,0.0797231833910034,0.1034063821607074,-0.1663360246059207,0.1137408688965782,-0.0842137639369473,0.0138408304498269,-0.1190926566705113,-0.1190926566705113,0.0061514801999231,0.0984236831987697,0.1793771626297577,0.16,0.0669896193771626,-0.1034063821607074,-0.0984236831987697,-0.1793771626297577,0.1034063821607074,0.0669896193771626,0.0517339484813533,,,,,0.2396827936172485,-0.2475569993257522,0.243941843509674,0.5511982440948486,-0.5400144457817078,-0.2449704110622406,0.8674221038818359,-0.743915319442749,-0.5135678648948669,0.6996285915374756,-0.6614477038383484,-0.518709659576416,629.2800903320312,0.0640474185347557
EXPC-327,132.5200546182465,46.075623985067,D_control_base,7,M3D-067,是,草本沼泽,低,近黑湿地，点内无纹理,judge_C_06.csv,False,15,-0.0246059207996924,-0.0297731641676278,0.2288965782391388,-0.1085121107266436,-0.075355632449058,-0.1301653210303729,-0.2069357939254133,0.5206612841214917,0.1663360246059207,0.0009842368319876,0.2441522491349481,-0.0669896193771626,-0.0074432910419069,0.0222068435217224,-0.075355632449058,0.0448442906574394,-0.0157477893118031,0.0009842368319876,0.0199307958477508,-0.186082276047674,0.16,-0.0030142252979623,0.0669896193771626,-0.0842137639369473,0.1663360246059207,0.1663360246059207,-0.0888273740868896,0.1358861976163014,0.2441522491349481,-0.0138408304498269,0.1085121107266436,0.0517339484813533,-0.0325413302575932,0.1190926566705113,-0.0120569011918492,0.0842137639369473,0.0629911572472126,-0.1476970396001538,0.0935640138408304,-0.0415840061514801,-0.1301653210303729,-0.0797231833910034,0.0297731641676278,0.0984236831987697,-0.0669896193771626,0.0711111111111111,0.0984236831987697,-0.0448442906574394,0.1793771626297577,-0.0842137639369473,0.0002460592079969,-0.0797231833910034,-0.0797231833910034,-0.0222068435217224,0.0711111111111111,0.16,0.1537870049980776,0.0984236831987697,-0.1137408688965782,-0.0039369473279507,-0.1358861976163014,0.0271280276816609,0.0074432910419069,0.0517339484813533,,,,,0.5137991905212402,-0.494059681892395,0.0932999402284622,0.5967643857002258,-0.4611398875713348,-0.3623823225498199,0.904342532157898,-0.7966532111167908,-0.5510827898979187,0.6823855638504028,-0.6205744743347168,-0.3617977499961853,174.574951171875,0.0648872405290603
EXPC-328,131.21031093400023,46.37826640428687,D_control_base,7,M3D-068,否,落叶灌丛,低,细碎深绿灌团块，无湿迹,judge_C_07.csv,False,10,-0.0711111111111111,-0.0448442906574394,0.16,-0.0325413302575932,-0.059115724721261,-0.1245674740484429,-0.1358861976163014,0.4237754709727028,0.2288965782391388,0.0138408304498269,0.3647212610534409,-0.0711111111111111,0.0120569011918492,-0.059115724721261,-0.1358861976163014,0.0482276047673971,0.0199307958477508,-0.0088581314878892,-0.0984236831987697,-0.1793771626297577,0.16,-0.0669896193771626,0.0297731641676278,-0.0482276047673971,0.17279507881584,0.1663360246059207,-0.0629911572472126,0.0842137639369473,0.2069357939254133,-0.0009842368319876,0.0711111111111111,0.1301653210303729,0.0157477893118031,0.1417301038062283,0.0325413302575932,0.0246059207996924,0.0222068435217224,-0.17279507881584,0.075355632449058,-0.0984236831987697,-0.0935640138408304,-0.1358861976163014,0.0629911572472126,0.0888273740868896,-0.0935640138408304,0.0448442906574394,0.1190926566705113,-0.1085121107266436,0.1245674740484429,-0.075355632449058,0.0297731641676278,-0.0711111111111111,-0.1245674740484429,0.0629911572472126,0.1190926566705113,0.16,0.1929104190695886,0.0120569011918492,-0.0888273740868896,-0.0935640138408304,-0.1793771626297577,0.0935640138408304,0.01039600153787,0.0888273740868896,,,,,0.3278939425945282,-0.2549397647380829,0.1050750538706779,0.4555275440216064,-0.4822148978710174,-0.3514010012149811,0.8405861854553223,-0.7080211043357849,-0.5087555646896362,0.6641318202018738,-0.6651870608329773,-0.6204169392585754,649.730224609375,0.0911156833171844
EXPC-329,130.15604811655757,45.53286189040198,D_control_base,7,M3D-069,是,木本沼泽,低,亮绿灌丛夹紫褐湿斑，无明水,judge_C_07.csv,False,14,-0.0222068435217224,-0.0629911572472126,0.1190926566705113,-0.0384467512495194,-0.0888273740868896,-0.0842137639369473,-0.2364628988850442,0.4444444444444444,0.17279507881584,-0.0157477893118031,0.3278123798539023,-0.0271280276816609,-0.0074432910419069,-0.0448442906574394,-0.0271280276816609,-0.0517339484813533,0.0888273740868896,-0.035432525951557,-0.1190926566705113,-0.0711111111111111,0.1245674740484429,-0.1998615916955017,0.0888273740868896,-0.01039600153787,0.1663360246059207,0.186082276047674,-0.0482276047673971,0.0482276047673971,0.186082276047674,0.0384467512495194,0.0797231833910034,0.0842137639369473,0.1358861976163014,0.1245674740484429,-0.0138408304498269,0.075355632449058,0.0517339484813533,-0.1301653210303729,0.1537870049980776,0.000553633217993,-0.1793771626297577,-0.1537870049980776,0.0629911572472126,0.1358861976163014,-0.0669896193771626,0.0842137639369473,0.1245674740484429,-0.0415840061514801,0.1301653210303729,0.0120569011918492,0.0415840061514801,-0.1034063821607074,-0.075355632449058,0.0935640138408304,0.1793771626297577,0.1085121107266436,0.1137408688965782,0.0415840061514801,-0.1190926566705113,-0.0842137639369473,-0.16,0.059115724721261,-0.0157477893118031,0.1190926566705113,,,,,0.333698034286499,-0.3344280123710632,0.2338914275169372,0.5045338869094849,-0.5244395732879639,-0.4324561357498169,0.825376570224762,-0.7249698638916016,-0.4722222089767456,0.5647590160369873,-0.5809494853019714,-0.3059475719928741,299.7546081542969,0.1618894636631012
EXPC-330,130.3756862035248,44.28537145534521,D_control_base,7,M3D-070,否,草地,低,大片均质草甸，无水渍无田埂,judge_C_07.csv,False,11,0.1034063821607074,-0.1034063821607074,0.186082276047674,-0.1358861976163014,-0.0797231833910034,-0.0984236831987697,-0.186082276047674,0.4136255286428297,0.0553633217993079,0.1034063821607074,0.2364628988850442,-0.0030142252979623,0.0157477893118031,0.0074432910419069,-0.0246059207996924,-0.0842137639369473,-0.0797231833910034,-0.01039600153787,-0.0039369473279507,-0.0888273740868896,0.1137408688965782,-0.1245674740484429,0.1034063821607074,-0.0797231833910034,0.1476970396001538,0.0888273740868896,-0.1663360246059207,0.0935640138408304,0.2441522491349481,0.0222068435217224,0.1245674740484429,0.1034063821607074,0.0061514801999231,0.0984236831987697,-0.0669896193771626,0.1085121107266436,0.0711111111111111,-0.2519646289888504,0.1190926566705113,-0.0049826989619377,-0.1537870049980776,-0.0553633217993079,-0.0448442906574394,0.1998615916955017,-0.1137408688965782,0.0797231833910034,0.1537870049980776,-0.186082276047674,0.1137408688965782,-0.0888273740868896,0.0482276047673971,-0.1190926566705113,-0.0669896193771626,-0.0138408304498269,-0.0015378700499807,0.0553633217993079,0.0888273740868896,0.0669896193771626,-0.1929104190695886,-0.0553633217993079,-0.2069357939254133,0.0797231833910034,-0.0384467512495194,0.0384467512495194,-12.29571526482088,-17.96067457637404,-10.137225908053107,-14.10162701994824,0.5995796322822571,-0.6321715712547302,-0.3700642883777618,0.6003865599632263,-0.5648476481437683,-0.4473447203636169,0.8406983017921448,-0.7023208737373352,-0.4299516975879669,0.6948398351669312,-0.6358952522277832,-0.3938527405261993,491.54248046875,0.130340114235878
EXPC-331,131.43156598847887,45.14802362268518,D_control_base,7,M3D-071,否,落叶灌丛,低,灌草团块夹褐土，无湿痕,judge_C_07.csv,False,10,-0.0629911572472126,-0.0482276047673971,0.1793771626297577,-0.0669896193771626,-0.0935640138408304,-0.1245674740484429,-0.2069357939254133,0.454963475586313,0.1663360246059207,-0.0271280276816609,0.3188927335640138,-0.0888273740868896,0.0199307958477508,0.0074432910419069,-0.1034063821607074,-0.0120569011918492,-0.0384467512495194,-0.0629911572472126,-0.0325413302575932,-0.0935640138408304,0.1301653210303729,-0.0935640138408304,0.1034063821607074,-0.0711111111111111,0.1793771626297577,0.2364628988850442,-0.0415840061514801,0.1034063821607074,0.2519646289888504,-0.0199307958477508,0.0935640138408304,0.0842137639369473,0.0120569011918492,0.0711111111111111,0.0297731641676278,0.1190926566705113,0.0177777777777777,-0.1476970396001538,0.1190926566705113,-0.0415840061514801,-0.1537870049980776,-0.1476970396001538,0.0482276047673971,0.1034063821607074,-0.0984236831987697,0.059115724721261,0.1417301038062283,-0.0842137639369473,0.1085121107266436,-0.0797231833910034,0.0297731641676278,-0.0482276047673971,-0.0797231833910034,0.0482276047673971,0.1034063821607074,0.1245674740484429,0.1663360246059207,0.0669896193771626,-0.1137408688965782,-0.075355632449058,-0.17279507881584,0.0222068435217224,0.0120569011918492,0.0629911572472126,,,,,0.4653524458408355,-0.4991596639156341,0.0,0.590624988079071,-0.588143527507782,-0.4645030498504638,0.7877551317214966,-0.689984917640686,-0.4532544314861297,0.6501226425170898,-0.6942452788352966,-0.441415935754776,278.1257629394531,0.1022680774331092
EXPC-332,131.21920425531303,45.68000593394076,D_control_base,7,M3D-072,否,落叶灌丛,低,深绿灌块密布草甸，无湿迹,judge_C_07.csv,False,10,-0.0415840061514801,-0.0297731641676278,0.1929104190695886,-0.0669896193771626,-0.0984236831987697,-0.0984236831987697,-0.2364628988850442,0.5094040753556325,0.2069357939254133,-0.0222068435217224,0.2679584775086506,-0.0669896193771626,0.0120569011918492,0.0088581314878892,-0.0415840061514801,0.0271280276816609,0.0120569011918492,-0.0049826989619377,-0.0022145328719723,-0.1929104190695886,0.1476970396001538,-0.1034063821607074,0.0797231833910034,-0.0448442906574394,0.16,0.2364628988850442,-0.0711111111111111,0.0935640138408304,0.2069357939254133,0.0246059207996924,0.0935640138408304,0.075355632449058,0.0271280276816609,0.1301653210303729,0.0030142252979623,0.0797231833910034,0.0177777777777777,-0.1358861976163014,0.1034063821607074,-0.0088581314878892,-0.1358861976163014,-0.0984236831987697,0.0448442906574394,0.0669896193771626,-0.0935640138408304,0.0448442906574394,0.075355632449058,0.0002460592079969,0.186082276047674,-0.0888273740868896,0.0415840061514801,-0.075355632449058,-0.0842137639369473,0.0074432910419069,0.1245674740484429,0.1301653210303729,0.1537870049980776,0.1085121107266436,-0.1034063821607074,-0.0074432910419069,-0.1245674740484429,0.0384467512495194,0.0157477893118031,0.0797231833910034,,,,,0.5423114895820618,-0.4907702207565307,0.0355987064540386,0.6016979217529297,-0.5390890836715698,-0.4021163880825043,0.82619708776474,-0.7260536551475525,-0.4460048377513885,0.6693877577781677,-0.6895008683204651,-0.4510042667388916,331.3290710449219,0.1022680774331092
EXPC-333,130.92491616823546,44.68637939817616,D_control_base,7,M3D-073,否,落叶灌丛,低,灰绿底夹深绿灌块，疑湿生灌丛,judge_C_07.csv,False,10,-0.0271280276816609,-0.035432525951557,0.186082276047674,-0.0669896193771626,-0.0842137639369473,-0.1245674740484429,-0.1663360246059207,0.454963475586313,0.2288965782391388,0.059115724721261,0.3100961168781238,-0.0669896193771626,-0.0049826989619377,-0.0553633217993079,-0.0482276047673971,0.0448442906574394,0.0138408304498269,0.0049826989619377,0.000553633217993,-0.2441522491349481,0.1663360246059207,-0.0669896193771626,0.1034063821607074,-0.0246059207996924,0.1663360246059207,0.1358861976163014,-0.1245674740484429,0.0984236831987697,0.1537870049980776,-0.0157477893118031,0.1085121107266436,0.1358861976163014,0.0935640138408304,0.1301653210303729,0.0482276047673971,0.0157477893118031,0.035432525951557,-0.17279507881584,0.075355632449058,-0.1137408688965782,-0.0984236831987697,-0.1137408688965782,0.0199307958477508,0.1085121107266436,-0.0984236831987697,0.0271280276816609,0.0888273740868896,-0.0888273740868896,0.17279507881584,-0.0797231833910034,0.0448442906574394,-0.0797231833910034,-0.1085121107266436,0.0888273740868896,0.0797231833910034,0.1245674740484429,0.1417301038062283,0.0222068435217224,-0.1417301038062283,-0.0553633217993079,-0.1476970396001538,0.0797231833910034,-0.0120569011918492,0.0797231833910034,,,,,0.4801843464374542,-0.5089257955551147,-0.2869486212730407,0.4934210479259491,-0.4633360207080841,-0.2865559756755829,0.8764487504959106,-0.7779486179351807,-0.5293295979499817,0.6156156063079834,-0.6188565492630005,-0.4909577965736389,879.7308959960938,0.130340114235878
EXPC-334,130.97450317191883,45.68216189062265,D_control_base,7,M3D-074,否,草地,低,大片均质深绿草被，无湿迹,judge_C_07.csv,False,11,0.0039369473279507,-0.0711111111111111,0.16,-0.1245674740484429,-0.1137408688965782,-0.0797231833910034,-0.1998615916955017,0.4444444444444444,0.1190926566705113,-0.0030142252979623,0.2761399461745483,-0.059115724721261,-0.0177777777777777,-0.0030142252979623,-0.0138408304498269,-0.0325413302575932,6.151480199923106e-05,-0.075355632449058,0.0629911572472126,-0.16,0.1476970396001538,-0.1417301038062283,0.1245674740484429,-0.059115724721261,0.1663360246059207,0.2141330257593233,-0.0935640138408304,0.0842137639369473,0.2214532871972318,-0.0157477893118031,0.1476970396001538,0.0842137639369473,0.0711111111111111,0.0984236831987697,-0.0222068435217224,0.0553633217993079,0.0325413302575932,-0.1417301038062283,0.0984236831987697,-0.0246059207996924,-0.1476970396001538,-0.1358861976163014,0.0177777777777777,0.16,-0.0629911572472126,0.0415840061514801,0.075355632449058,-0.0629911572472126,0.2288965782391388,-0.0246059207996924,0.0120569011918492,-0.1358861976163014,-0.0984236831987697,0.0482276047673971,0.0984236831987697,0.1245674740484429,0.1537870049980776,0.075355632449058,-0.1537870049980776,-0.0448442906574394,-0.1537870049980776,0.0482276047673971,0.0297731641676278,0.1245674740484429,,,,,0.5831987261772156,-0.5241057276725769,-0.067783698439598,0.7234899401664734,-0.6159654855728149,-0.433571994304657,0.8283350467681885,-0.7211000323295593,-0.4738292098045349,0.6173945069313049,-0.5963931679725647,-0.3415710628032684,346.8846130371094,0.1618894636631012
EXPC-335,130.13125461471586,47.39399149604081,D_control_base,11,M3D-075,否,草本旱地,中,褐土田面见斜向机耕条痕,judge_C_07.csv,False,0,-0.0074432910419069,0.0246059207996924,0.1085121107266436,-0.2844444444444444,0.0415840061514801,-0.0797231833910034,-0.2844444444444444,0.2679584775086506,0.0271280276816609,-0.000553633217993,0.0199307958477508,-0.059115724721261,-0.17279507881584,0.0384467512495194,-0.2069357939254133,0.2441522491349481,0.0448442906574394,0.0120569011918492,-0.0629911572472126,0.035432525951557,0.0222068435217224,0.0384467512495194,0.1417301038062283,-0.035432525951557,-0.0222068435217224,0.0448442906574394,0.0325413302575932,-0.1537870049980776,0.3460207612456747,-0.0482276047673971,-0.0246059207996924,0.0039369473279507,-0.1358861976163014,0.0448442906574394,-0.0271280276816609,0.3368550557477893,0.1417301038062283,0.059115724721261,0.0553633217993079,0.0177777777777777,0.1190926566705113,0.0984236831987697,-0.1034063821607074,0.059115724721261,0.075355632449058,0.16,0.16,-0.1245674740484429,0.0629911572472126,-0.1301653210303729,0.2141330257593233,-0.0935640138408304,-0.0384467512495194,0.0271280276816609,-0.035432525951557,0.0157477893118031,-0.0517339484813533,-0.0246059207996924,0.0177777777777777,-0.1137408688965782,-0.2288965782391388,0.0246059207996924,-0.0842137639369473,-0.0415840061514801,,,,,0.0142366224899888,-0.0324837565422058,0.8003022074699402,0.2208520174026489,-0.3728332817554474,-0.5086419582366943,0.7421156764030457,-0.6208315491676331,-0.4890574812889099,0.589946448802948,-0.6494446992874146,-0.5344661474227905,215.1161193847656,0.1631932705640792
EXPC-336,131.73339992394304,47.68288969141365,D_control_base,14,M3D-076,是,草本沼泽,低,河岸带均质草被，无田埂,judge_C_07.csv,False,15,-0.0482276047673971,-0.1245674740484429,0.075355632449058,-0.2844444444444444,-0.0669896193771626,-0.0553633217993079,-0.2761399461745483,0.2599000384467512,-0.0271280276816609,0.1245674740484429,0.0888273740868896,-0.1190926566705113,0.0415840061514801,0.059115724721261,-0.2519646289888504,0.1417301038062283,0.0711111111111111,-0.075355632449058,-0.1537870049980776,0.0246059207996924,-0.0325413302575932,0.0935640138408304,-0.0271280276816609,-0.0030142252979623,-0.1245674740484429,-0.0448442906574394,0.01039600153787,0.1034063821607074,0.3553094963475586,-0.1358861976163014,-0.0157477893118031,-0.0177777777777777,-0.0984236831987697,0.0271280276816609,-0.1301653210303729,0.292871972318339,0.0711111111111111,-0.0482276047673971,0.0022145328719723,0.1034063821607074,-0.1358861976163014,-0.0049826989619377,0.0120569011918492,0.0482276047673971,-0.0415840061514801,0.3014225297962323,0.0888273740868896,-0.0157477893118031,-0.0553633217993079,-0.1301653210303729,0.16,-0.0271280276816609,-0.0199307958477508,-0.1085121107266436,-0.0177777777777777,0.0246059207996924,0.035432525951557,0.035432525951557,0.0177777777777777,-0.0448442906574394,-0.2599000384467512,-0.0935640138408304,-0.0482276047673971,0.0935640138408304,,,,,0.0182305630296468,-0.0345954783260822,0.7486122846603394,0.1363536864519119,-0.1821493655443191,0.0874962136149406,0.1189264208078384,-0.0699115023016929,0.025866275653243,0.2331288307905197,-0.3238199651241302,-0.1456310749053955,54.0,0.0770410150289535
EXPC-337,132.80302393274414,47.8028147818436,D_control_base,14,M3D-077,是,草本沼泽,低,古河道洼地深绿草被，疑沼泽,judge_C_07.csv,False,15,-0.0246059207996924,0.01039600153787,0.0482276047673971,-0.2844444444444444,-0.0448442906574394,-0.0384467512495194,-0.2599000384467512,0.2069357939254133,0.0009842368319876,0.0448442906574394,0.035432525951557,-0.0935640138408304,0.0297731641676278,-0.0074432910419069,-0.1476970396001538,0.1245674740484429,0.0157477893118031,-0.0669896193771626,-0.0888273740868896,0.0935640138408304,-0.0517339484813533,0.0448442906574394,0.075355632449058,-0.0199307958477508,-0.1190926566705113,0.0888273740868896,0.0797231833910034,-0.0669896193771626,0.4035986159169549,-0.1417301038062283,0.0022145328719723,-0.0629911572472126,-0.0984236831987697,-0.0222068435217224,-0.0842137639369473,0.3839138792772011,0.1034063821607074,0.035432525951557,0.0984236831987697,0.0448442906574394,-0.0384467512495194,0.0222068435217224,-0.0797231833910034,0.0120569011918492,0.0074432910419069,0.292871972318339,0.1190926566705113,0.0711111111111111,0.0553633217993079,-0.0984236831987697,0.2441522491349481,-0.0669896193771626,-0.0797231833910034,-0.0448442906574394,0.0138408304498269,-0.0711111111111111,-0.01039600153787,0.0246059207996924,-0.0629911572472126,-0.1476970396001538,-0.2519646289888504,-0.0669896193771626,-0.075355632449058,0.0415840061514801,,,,,0.0323759391903877,-0.0797217786312103,0.6367591023445129,0.2339613586664199,-0.3253073692321777,-0.2987220585346222,0.6480489373207092,-0.5391210913658142,-0.3734822869300842,0.4501160085201263,-0.4269406497478485,-0.0746543779969215,48.711456298828125,0.0145089849829673
EXPC-338,133.5427865692166,45.89182867793615,D_control_base,14,M3D-078,是,草本沼泽,中,亮绿湿生草被邻暗色水道,judge_C_07.csv,False,15,0.0,-0.0797231833910034,0.1301653210303729,-0.1998615916955017,-0.0553633217993079,-0.1417301038062283,-0.2141330257593233,0.3188927335640138,0.0517339484813533,0.035432525951557,0.2364628988850442,-0.0935640138408304,0.0246059207996924,-0.035432525951557,-0.2441522491349481,0.0517339484813533,0.000553633217993,-0.16,-0.16,0.0415840061514801,0.0888273740868896,-0.0325413302575932,-0.0384467512495194,-0.035432525951557,0.059115724721261,0.1663360246059207,0.0415840061514801,0.0629911572472126,0.3460207612456747,-0.0157477893118031,-0.0177777777777777,0.0030142252979623,-0.0984236831987697,0.0157477893118031,-0.0553633217993079,0.2288965782391388,0.0797231833910034,-0.0888273740868896,0.0448442906574394,-0.0517339484813533,-0.1476970396001538,-0.1301653210303729,-0.059115724721261,0.0669896193771626,-0.0157477893118031,0.1929104190695886,0.2214532871972318,-0.1358861976163014,0.1034063821607074,-0.0517339484813533,0.1358861976163014,-0.0120569011918492,-0.1085121107266436,-0.0448442906574394,0.0325413302575932,0.075355632449058,0.1998615916955017,-0.0222068435217224,-0.0553633217993079,-0.1085121107266436,-0.2364628988850442,0.0157477893118031,-0.0553633217993079,0.0448442906574394,,,,,0.0420974269509315,-0.0466854944825172,0.5050491690635681,0.5301902294158936,-0.574021577835083,-0.2523643672466278,0.8057010173797607,-0.686956524848938,-0.4466858804225921,0.6138504147529602,-0.6027510166168213,-0.4779464900493622,58.17594528198242,0.0561328567564487
EXPC-339,133.4956250168003,45.88185737828242,D_control_base,14,M3D-079,否,落叶灌丛,低,灌块夹干草沙斑，无湿痕,judge_C_07.csv,False,10,-0.0448442906574394,-0.0842137639369473,0.0448442906574394,-0.2141330257593233,-0.0222068435217224,-0.1301653210303729,-0.2599000384467512,0.2761399461745483,0.0157477893118031,0.0711111111111111,0.1663360246059207,-0.1358861976163014,0.0157477893118031,-0.0384467512495194,-0.2519646289888504,0.0984236831987697,-0.035432525951557,-0.059115724721261,-0.1417301038062283,0.0553633217993079,-0.0138408304498269,0.0022145328719723,-0.0517339484813533,-0.0384467512495194,-0.0271280276816609,0.16,0.0297731641676278,-0.0177777777777777,0.4340484429065744,-0.1190926566705113,0.0120569011918492,-0.0325413302575932,-0.0842137639369473,0.0271280276816609,-0.1085121107266436,0.3014225297962323,0.1085121107266436,0.0088581314878892,0.0797231833910034,-0.0138408304498269,-0.1034063821607074,-0.1190926566705113,-0.0842137639369473,0.0553633217993079,-0.0049826989619377,0.2364628988850442,0.1663360246059207,-0.0669896193771626,0.0553633217993079,-0.059115724721261,0.16,-0.0448442906574394,-0.0711111111111111,0.0015378700499807,0.0120569011918492,0.0553633217993079,0.1417301038062283,-0.0022145328719723,-0.0325413302575932,-0.1358861976163014,-0.2214532871972318,-0.0177777777777777,-0.0517339484813533,0.0553633217993079,,,,,0.0532369539141655,-0.0633922889828682,0.5832507610321045,0.3856603801250458,-0.3903824388980865,-0.1323093473911285,0.7932389974594116,-0.6593113541603088,-0.4861009418964386,0.4417696893215179,-0.4993233978748321,-0.4889502823352813,58.6057243347168,0.0561328567564487
EXPC-340,133.5174540782044,45.88859474291331,D_control_base,14,M3D-080,是,草本沼泽,中,深色明水旁亮绿草被，草水混合,judge_C_07.csv,False,15,-0.0711111111111111,-0.0888273740868896,0.059115724721261,-0.2069357939254133,-0.0271280276816609,-0.1537870049980776,-0.2679584775086506,0.2364628988850442,0.0325413302575932,0.1034063821607074,0.0842137639369473,-0.1190926566705113,0.0271280276816609,-0.035432525951557,-0.2364628988850442,0.186082276047674,-0.0039369473279507,-0.16,-0.1663360246059207,0.0246059207996924,0.01039600153787,0.0120569011918492,-0.0482276047673971,-0.0448442906574394,-0.0935640138408304,0.1137408688965782,0.075355632449058,-0.0039369473279507,0.4237754709727028,-0.1245674740484429,0.0448442906574394,-0.01039600153787,-0.0669896193771626,-0.0022145328719723,-0.0629911572472126,0.3188927335640138,0.075355632449058,-0.0157477893118031,0.0629911572472126,0.0297731641676278,-0.0553633217993079,-0.0517339484813533,-0.0415840061514801,0.0842137639369473,0.0517339484813533,0.2441522491349481,0.1417301038062283,-0.0222068435217224,0.0015378700499807,-0.0984236831987697,0.1301653210303729,-0.0517339484813533,-0.1137408688965782,0.0246059207996924,0.0009842368319876,0.0222068435217224,0.0984236831987697,-0.035432525951557,-0.0384467512495194,-0.1301653210303729,-0.2599000384467512,-0.0629911572472126,-0.0222068435217224,0.1245674740484429,,,,,-0.0194518119096755,0.0305944047868251,0.6985413432121277,0.515842854976654,-0.5736842155456543,-0.2741935551166534,0.8115857243537903,-0.6785036325454712,-0.4547126293182373,0.3860561847686767,-0.447826087474823,-0.5212064385414124,57.57816696166992,0.0561328567564487
EXPC-341,133.50748277855067,45.88401333496431,D_control_base,14,M3D-081,是,草本沼泽,中,亮绿草被间夹褐湿斑,judge_C_07.csv,False,15,-0.0448442906574394,-0.0888273740868896,0.1245674740484429,-0.2288965782391388,-0.0711111111111111,-0.1793771626297577,-0.2069357939254133,0.3100961168781238,0.0669896193771626,0.0246059207996924,0.2519646289888504,-0.0888273740868896,0.0271280276816609,-0.0448442906574394,-0.1998615916955017,0.0553633217993079,-0.0384467512495194,-0.1358861976163014,-0.1998615916955017,0.0049826989619377,0.0517339484813533,-0.035432525951557,-0.059115724721261,-0.0517339484813533,0.0384467512495194,0.1663360246059207,0.0074432910419069,0.0669896193771626,0.3553094963475586,-0.0553633217993079,0.0002460592079969,0.0246059207996924,-0.0984236831987697,0.0384467512495194,-0.035432525951557,0.2214532871972318,0.0711111111111111,-0.0517339484813533,0.0553633217993079,-0.0797231833910034,-0.1085121107266436,-0.1301653210303729,-0.0711111111111111,0.0797231833910034,0.0061514801999231,0.1929104190695886,0.2141330257593233,-0.1417301038062283,0.1034063821607074,-0.059115724721261,0.0984236831987697,0.0138408304498269,-0.0888273740868896,0.0088581314878892,0.0061514801999231,0.1301653210303729,0.2214532871972318,-0.0415840061514801,-0.0325413302575932,-0.0984236831987697,-0.2364628988850442,0.035432525951557,-0.0222068435217224,0.0448442906574394,,,,,0.0659606903791427,-0.0816865488886833,0.3849745988845825,0.5509001612663269,-0.5483660101890564,-0.2309404611587524,0.7765042781829834,-0.6524520516395569,-0.5184637904167175,0.5284916162490845,-0.5580865740776062,-0.5256723761558533,59.043304443359375,0.0561328567564487
EXPC-342,133.18166382500053,46.85015142303485,D_control_base,14,M3D-082,是,草本沼泽,中,牛轭湖内侧湿草，环水面,judge_C_07.csv,False,15,-0.0271280276816609,-0.0711111111111111,0.16,-0.17279507881584,-0.0482276047673971,-0.186082276047674,-0.2519646289888504,0.3188927335640138,0.0074432910419069,0.0448442906574394,0.2599000384467512,-0.1301653210303729,0.0246059207996924,-0.0517339484813533,-0.2288965782391388,0.0553633217993079,0.0271280276816609,-0.0984236831987697,-0.16,0.0325413302575932,0.0711111111111111,-0.075355632449058,0.01039600153787,-0.1034063821607074,0.0415840061514801,0.2441522491349481,0.0030142252979623,0.0888273740868896,0.3278123798539023,-0.0448442906574394,-0.0088581314878892,-0.0297731641676278,-0.035432525951557,0.059115724721261,-0.0711111111111111,0.2288965782391388,0.1301653210303729,-0.075355632449058,0.0517339484813533,-0.0629911572472126,-0.1417301038062283,-0.1245674740484429,-0.0888273740868896,0.1137408688965782,-0.0222068435217224,0.16,0.17279507881584,-0.0984236831987697,0.1085121107266436,-0.0669896193771626,0.1085121107266436,-0.0088581314878892,-0.0711111111111111,0.0199307958477508,0.0297731641676278,0.0842137639369473,0.1929104190695886,0.0199307958477508,-0.0246059207996924,-0.0797231833910034,-0.2141330257593233,-0.0074432910419069,-0.059115724721261,0.0711111111111111,,,,,0.1082302778959274,-0.129127562046051,0.4630656838417053,0.3507073819637298,-0.3794676661491394,-0.1765893101692199,0.7544609308242798,-0.6329824328422546,-0.3919782936573028,0.6612111330032349,-0.7030201554298401,-0.6044692993164062,58.20719909667969,0.0100717162713408
EXPC-343,130.4818670701077,48.835518032467405,D_control_base,14,M3D-083,是,草本沼泽,低,绿草被间大片褐水湿斑,judge_C_07.csv,False,15,-0.0271280276816609,-0.1301653210303729,0.16,-0.2441522491349481,-0.0797231833910034,-0.1190926566705113,-0.292871972318339,0.2761399461745483,0.0325413302575932,0.0629911572472126,0.1793771626297577,-0.1034063821607074,0.0517339484813533,-0.01039600153787,-0.2364628988850442,0.0297731641676278,0.0517339484813533,-0.0448442906574394,-0.1537870049980776,0.0415840061514801,0.0842137639369473,-0.0088581314878892,0.0088581314878892,-0.0553633217993079,-0.0448442906574394,0.16,-0.0039369473279507,0.075355632449058,0.3936947327950788,-0.1085121107266436,0.0246059207996924,-0.0138408304498269,-0.1034063821607074,0.0199307958477508,-0.1245674740484429,0.2599000384467512,0.0888273740868896,-0.0888273740868896,0.0797231833910034,0.0177777777777777,-0.1190926566705113,-0.0711111111111111,-0.0842137639369473,0.0888273740868896,-0.0629911572472126,0.2214532871972318,0.1358861976163014,-0.1301653210303729,-0.0088581314878892,-0.0711111111111111,0.1476970396001538,0.0049826989619377,-0.0553633217993079,-0.0222068435217224,0.035432525951557,0.0711111111111111,0.1137408688965782,0.0415840061514801,-0.0797231833910034,-0.0984236831987697,-0.2519646289888504,0.0015378700499807,-0.0448442906574394,0.0222068435217224,,,,,0.0361733585596084,-0.0383585058152675,0.5354932546615601,0.1892126947641372,-0.224361851811409,-0.100259743630886,0.6961346864700317,-0.5669082403182983,-0.2977930605411529,0.4702886343002319,-0.5402401089668274,-0.4088050425052643,86.91787719726562,0.0640474185347557
EXPC-344,132.4365112968234,45.84520611469034,D_control_base,14,M3D-084,否,稀疏植被,低,灰褐干地面夹零星绿植,judge_C_07.csv,False,13,-0.0629911572472126,-0.0415840061514801,0.0246059207996924,-0.1998615916955017,-0.000553633217993,-0.0842137639369473,-0.1663360246059207,0.1998615916955017,-0.1190926566705113,0.1358861976163014,-0.0271280276816609,-0.0629911572472126,0.0199307958477508,-0.0711111111111111,-0.3100961168781238,0.1085121107266436,0.0009842368319876,-0.1085121107266436,-0.0553633217993079,0.1245674740484429,-0.0935640138408304,0.0888273740868896,-0.0669896193771626,0.0384467512495194,-0.0482276047673971,0.1085121107266436,-0.0061514801999231,-0.0669896193771626,0.3278123798539023,-0.292871972318339,-0.0629911572472126,-0.0049826989619377,-0.0482276047673971,0.0325413302575932,0.0984236831987697,0.2599000384467512,0.2069357939254133,0.0022145328719723,0.0199307958477508,0.0246059207996924,-0.1417301038062283,-0.0157477893118031,-0.0482276047673971,-0.035432525951557,0.0246059207996924,0.3647212610534409,0.0002460592079969,0.0199307958477508,0.0271280276816609,0.0482276047673971,0.1085121107266436,0.0246059207996924,-0.0448442906574394,-0.035432525951557,0.0448442906574394,-0.0325413302575932,0.1137408688965782,0.0297731641676278,-0.1137408688965782,-0.186082276047674,-0.2599000384467512,-0.0984236831987697,-0.0246059207996924,0.1085121107266436,,,,,0.0063464590348303,-0.0183914750814437,0.8396936058998108,-0.1388733983039856,0.1441241651773452,0.613760769367218,0.7335630059242249,-0.6084176898002625,-0.3768545985221863,0.2826681137084961,-0.3261729776859283,-0.0858895704150199,96.32595825195312,0.0905515700578689
EXPC-345,134.6350481231775,47.61201261549662,D_control_base,14,M3D-085,是,湖河滩地,低,大面平滑褐泥面，无田埂,judge_C_07.csv,False,16,0.0157477893118031,0.0384467512495194,0.01039600153787,-0.2844444444444444,0.0199307958477508,-0.0517339484813533,-0.2441522491349481,0.2069357939254133,-0.0177777777777777,0.0177777777777777,0.0022145328719723,-0.1137408688965782,-0.1417301038062283,0.035432525951557,-0.2141330257593233,0.2599000384467512,0.0482276047673971,-0.0553633217993079,-0.0448442906574394,0.0629911572472126,-0.035432525951557,0.035432525951557,0.0797231833910034,-0.0384467512495194,-0.0517339484813533,0.1137408688965782,0.1358861976163014,-0.0888273740868896,0.3936947327950788,-0.1476970396001538,-0.0297731641676278,-0.0415840061514801,-0.1476970396001538,-0.0061514801999231,-0.0482276047673971,0.3553094963475586,0.1358861976163014,0.0711111111111111,0.0629911572472126,0.0061514801999231,0.035432525951557,0.0138408304498269,-0.1476970396001538,0.035432525951557,0.075355632449058,0.2441522491349481,0.0888273740868896,-0.0157477893118031,0.0669896193771626,-0.0711111111111111,0.2141330257593233,-0.1417301038062283,-0.0088581314878892,0.0061514801999231,-0.0222068435217224,-0.0384467512495194,-0.0482276047673971,-0.0297731641676278,0.0629911572472126,-0.1301653210303729,-0.2288965782391388,-0.0138408304498269,-0.0517339484813533,0.0297731641676278,,,,,0.0045171738602221,-0.0107483845204114,0.7955689430236816,0.2496954947710037,-0.3618263900279999,-0.4615298509597778,0.7593015432357788,-0.6417648792266846,-0.5392552018165588,0.4686746895313263,-0.5749353766441345,-0.5080373883247375,42.00326156616211,0.0533583536744117
EXPC-346,133.49805046806742,45.87916243243006,D_control_base,14,M3D-086,是,草本沼泽,低,暗绿草被与泥滩交界，临水,judge_C_07.csv,False,15,-0.0448442906574394,-0.0797231833910034,0.035432525951557,-0.2141330257593233,6.151480199923106e-05,-0.1476970396001538,-0.2599000384467512,0.2441522491349481,0.0157477893118031,0.059115724721261,0.1034063821607074,-0.1476970396001538,-0.0297731641676278,-0.0415840061514801,-0.2441522491349481,0.1663360246059207,-0.0222068435217224,-0.0629911572472126,-0.1358861976163014,0.0935640138408304,0.0009842368319876,0.0199307958477508,-0.0448442906574394,-0.0482276047673971,-0.0553633217993079,0.1476970396001538,0.0448442906574394,-0.035432525951557,0.454963475586313,-0.1417301038062283,0.0157477893118031,-0.0297731641676278,-0.1085121107266436,0.0415840061514801,-0.0888273740868896,0.3368550557477893,0.1301653210303729,0.0022145328719723,0.075355632449058,-0.0271280276816609,-0.0797231833910034,-0.059115724721261,-0.1190926566705113,0.059115724721261,-0.0061514801999231,0.2364628988850442,0.1190926566705113,-0.059115724721261,0.0384467512495194,-0.0482276047673971,0.17279507881584,-0.0669896193771626,-0.059115724721261,0.0061514801999231,0.0030142252979623,0.0415840061514801,0.1085121107266436,0.0009842368319876,-0.0297731641676278,-0.0935640138408304,-0.2288965782391388,-0.035432525951557,-0.059115724721261,0.0629911572472126,,,,,0.0425531901419162,-0.0714936554431915,0.516919732093811,0.4909090995788574,-0.4947916567325592,-0.1729283183813095,0.8038482069969177,-0.6664609313011169,-0.4898036122322082,0.4872646629810333,-0.5344187617301941,-0.4748711287975311,57.990352630615234,0.0561328567564487
EXPC-347,133.68777465607346,45.99585358783718,D_control_base,14,M3D-087,是,草本沼泽,中,草被夹暗色水道与泥斑,judge_C_07.csv,False,15,-0.0049826989619377,-0.0935640138408304,0.1793771626297577,-0.2141330257593233,-0.0199307958477508,-0.1190926566705113,-0.2141330257593233,0.3460207612456747,0.0448442906574394,0.059115724721261,0.2288965782391388,-0.0935640138408304,0.0088581314878892,0.0246059207996924,-0.2599000384467512,0.075355632449058,-0.0074432910419069,-0.1358861976163014,-0.16,0.0030142252979623,0.0669896193771626,0.0074432910419069,-0.0448442906574394,-0.0517339484813533,0.0517339484813533,0.0984236831987697,-0.0074432910419069,0.1137408688965782,0.3647212610534409,-0.059115724721261,-0.0177777777777777,-0.0015378700499807,-0.1476970396001538,0.059115724721261,-0.0669896193771626,0.2214532871972318,0.0842137639369473,-0.1085121107266436,0.0074432910419069,-0.0297731641676278,-0.1245674740484429,-0.1137408688965782,-0.0384467512495194,0.0629911572472126,-0.0297731641676278,0.1929104190695886,0.16,-0.17279507881584,0.0711111111111111,-0.0797231833910034,0.0935640138408304,-0.0120569011918492,-0.075355632449058,-0.0669896193771626,0.0120569011918492,0.1085121107266436,0.17279507881584,0.0177777777777777,-0.0325413302575932,-0.0669896193771626,-0.2519646289888504,0.0030142252979623,-0.0448442906574394,0.035432525951557,,,,,0.0129855778068304,-0.0181050766259431,0.6135803461074829,0.4535082578659057,-0.4438987672328949,-0.2113581597805023,0.7572475075721741,-0.6242638230323792,-0.4616033732891083,0.432876706123352,-0.4932191371917724,-0.5993227958679199,55.205997467041016,0.0561328567564487
EXPC-348,133.66432862715794,45.96001080800082,D_control_base,14,M3D-088,是,草本沼泽,低,河泛区干湿草被交错，邻河道,judge_C_07.csv,False,15,-0.059115724721261,-0.0711111111111111,0.1301653210303729,-0.1998615916955017,-0.0271280276816609,-0.1663360246059207,-0.2519646289888504,0.3100961168781238,0.0448442906574394,0.0482276047673971,0.1998615916955017,-0.1358861976163014,0.0049826989619377,-0.0246059207996924,-0.2364628988850442,0.0888273740868896,-0.0177777777777777,-0.0888273740868896,-0.1793771626297577,-0.0030142252979623,0.0669896193771626,-0.0088581314878892,-0.0384467512495194,-0.0448442906574394,0.0222068435217224,0.1793771626297577,0.0039369473279507,0.035432525951557,0.4136255286428297,-0.0415840061514801,0.0199307958477508,0.0271280276816609,-0.1358861976163014,0.0482276047673971,-0.0797231833910034,0.2441522491349481,0.0842137639369473,-0.0222068435217224,0.0842137639369473,-0.0797231833910034,-0.035432525951557,-0.1301653210303729,-0.075355632449058,0.1245674740484429,-0.0074432910419069,0.1663360246059207,0.186082276047674,-0.1245674740484429,0.0935640138408304,-0.0711111111111111,0.1034063821607074,-0.0246059207996924,-0.0517339484813533,0.0030142252979623,-0.0120569011918492,0.0935640138408304,0.1358861976163014,-0.035432525951557,-0.0415840061514801,-0.0669896193771626,-0.2441522491349481,0.0157477893118031,-0.0553633217993079,0.0629911572472126,,,,,0.0588777288794517,-0.0562499985098838,0.3743809461593628,0.5580210089683533,-0.5584883093833923,-0.3284671604633331,0.7661505341529846,-0.6128717660903931,-0.4195906519889831,0.5605663061141968,-0.5829787254333496,-0.6455696225166321,56.88983154296875,0.0561328567564487
EXPC-349,133.68831364524394,46.01067579002516,D_control_base,14,M3D-089,是,木本沼泽,低,灌丛状团块邻绿藻水面,judge_C_07.csv,False,14,-0.0222068435217224,-0.0984236831987697,0.1417301038062283,-0.2069357939254133,-0.0711111111111111,-0.1034063821607074,-0.2141330257593233,0.3278123798539023,0.0415840061514801,0.0711111111111111,0.2069357939254133,-0.0711111111111111,0.0448442906574394,-0.0049826989619377,-0.2069357939254133,0.0669896193771626,-0.0222068435217224,-0.1358861976163014,-0.16,0.035432525951557,0.0246059207996924,-0.0246059207996924,-0.035432525951557,-0.0199307958477508,0.0271280276816609,0.0711111111111111,-0.0271280276816609,0.0797231833910034,0.3839138792772011,-0.059115724721261,-0.0177777777777777,0.0015378700499807,-0.1034063821607074,0.0325413302575932,-0.0842137639369473,0.2519646289888504,0.0629911572472126,-0.1034063821607074,0.0088581314878892,-0.035432525951557,-0.17279507881584,-0.0842137639369473,-0.0669896193771626,0.0629911572472126,-0.0138408304498269,0.2288965782391388,0.1793771626297577,-0.1663360246059207,0.075355632449058,-0.075355632449058,0.1137408688965782,-0.0199307958477508,-0.1137408688965782,-0.0517339484813533,0.0297731641676278,0.0984236831987697,0.2141330257593233,-0.01039600153787,-0.059115724721261,-0.0935640138408304,-0.2679584775086506,-0.0061514801999231,-0.0120569011918492,0.0222068435217224,,,,,0.083488181233406,-0.0966988801956176,0.5551585555076599,0.3200362622737884,-0.3248407542705536,-0.1402085721492767,0.6871165633201599,-0.5642775893211365,-0.3874450325965881,0.4190954864025116,-0.4918119311332702,-0.4239521026611328,56.288944244384766,0.0100717162713408
EXPC-350,133.17357898744345,46.84961243386438,D_control_base,14,M3D-090,是,草本沼泽,中,密草被夹干水道，旁有泡沼,judge_C_07.csv,False,15,-0.0629911572472126,-0.0711111111111111,0.2141330257593233,-0.2288965782391388,-0.0669896193771626,-0.17279507881584,-0.2519646289888504,0.3188927335640138,0.0669896193771626,0.0039369473279507,0.2599000384467512,-0.1537870049980776,0.0246059207996924,0.0074432910419069,-0.2214532871972318,0.0935640138408304,0.0120569011918492,-0.1190926566705113,-0.17279507881584,-0.0271280276816609,0.0669896193771626,-0.0039369473279507,-0.01039600153787,-0.0888273740868896,0.0325413302575932,0.1929104190695886,-0.0030142252979623,0.1245674740484429,0.3368550557477893,-0.0711111111111111,0.0271280276816609,-0.0199307958477508,-0.0935640138408304,0.0553633217993079,-0.0669896193771626,0.2288965782391388,0.0888273740868896,-0.0030142252979623,0.0222068435217224,-0.0482276047673971,-0.1034063821607074,-0.1137408688965782,-0.0482276047673971,0.075355632449058,-0.0157477893118031,0.1358861976163014,0.1537870049980776,-0.1085121107266436,0.1301653210303729,-0.0888273740868896,0.0842137639369473,0.0039369473279507,-0.0711111111111111,0.0199307958477508,0.0138408304498269,0.1358861976163014,0.1793771626297577,0.0030142252979623,-0.035432525951557,-0.0711111111111111,-0.1998615916955017,0.0246059207996924,-0.0842137639369473,0.0669896193771626,,,,,0.0813109800219535,-0.0878429412841796,0.532778799533844,0.460829496383667,-0.4398183226585388,-0.1894852072000503,0.8270498514175415,-0.6828557848930359,-0.4926185011863708,0.6446108818054199,-0.6817021369934082,-0.5474894046783447,57.62459564208984,0.0100717162713408
EXPC-351,132.32062862517196,47.63357218231548,D_control_base,15,M3D-091,是,湖河滩地,低,临河道浅褐滩夹斑状绿植,judge_C_07.csv,False,16,-0.0271280276816609,0.0222068435217224,0.0669896193771626,-0.3014225297962323,-0.0199307958477508,-0.0842137639369473,-0.2844444444444444,0.2069357939254133,-0.0246059207996924,0.0297731641676278,0.0177777777777777,-0.1085121107266436,-0.0271280276816609,0.0669896193771626,-0.2141330257593233,0.186082276047674,0.0022145328719723,-0.1358861976163014,-0.0797231833910034,0.0711111111111111,-0.0669896193771626,0.0415840061514801,0.035432525951557,-0.0384467512495194,-0.1137408688965782,0.1190926566705113,0.0711111111111111,-0.0629911572472126,0.3742560553633218,-0.17279507881584,0.0246059207996924,-0.075355632449058,-0.1190926566705113,0.0039369473279507,-0.0049826989619377,0.3647212610534409,0.0842137639369473,0.1034063821607074,0.0297731641676278,0.0271280276816609,-0.0448442906574394,0.0629911572472126,-0.1085121107266436,-0.0517339484813533,0.0271280276816609,0.2364628988850442,0.1034063821607074,0.0384467512495194,0.0482276047673971,-0.0222068435217224,0.1929104190695886,-0.0797231833910034,-0.0888273740868896,0.0074432910419069,-0.0039369473279507,-0.0415840061514801,0.0074432910419069,-0.0297731641676278,-0.0222068435217224,-0.1476970396001538,-0.2441522491349481,-0.059115724721261,-0.1034063821607074,0.059115724721261,,,,,0.0037204511463642,-0.0214352291077375,0.8324607610702515,0.1905829608440399,-0.3192546665668487,-0.4373716711997986,0.7397375106811523,-0.6268442273139954,-0.4295409321784973,0.3501535654067993,-0.4984173476696014,-0.2580586969852447,51.0,0.0145089849829673
EXPC-352,133.16549414988637,46.84745647718249,D_control_base,15,M3D-092,是,湖河滩地,低,古河道浅褐滩面夹草，边界模糊,judge_C_07.csv,False,16,-0.035432525951557,-0.0088581314878892,0.1476970396001538,-0.3014225297962323,-0.0157477893118031,-0.0669896193771626,-0.2519646289888504,0.2599000384467512,-0.0002460592079969,0.0448442906574394,0.0984236831987697,-0.1034063821607074,-0.0629911572472126,0.0797231833910034,-0.2288965782391388,0.2069357939254133,0.059115724721261,-0.1417301038062283,-0.1137408688965782,0.0297731641676278,-0.0297731641676278,0.0297731641676278,0.0138408304498269,-0.0797231833910034,-0.0325413302575932,0.0797231833910034,0.0297731641676278,0.0222068435217224,0.4035986159169549,-0.0984236831987697,0.0039369473279507,-0.0199307958477508,-0.16,0.0384467512495194,-0.075355632449058,0.3553094963475586,0.0842137639369473,0.0271280276816609,-0.0271280276816609,-0.0009842368319876,-0.0325413302575932,0.0177777777777777,-0.1190926566705113,0.059115724721261,0.0935640138408304,0.1476970396001538,0.1301653210303729,-0.0984236831987697,0.0888273740868896,-0.1034063821607074,0.1417301038062283,-0.0935640138408304,-0.0797231833910034,-0.0015378700499807,-0.0049826989619377,0.059115724721261,0.0120569011918492,-0.0384467512495194,0.0271280276816609,-0.0935640138408304,-0.2599000384467512,-0.0177777777777777,-0.0482276047673971,0.0384467512495194,,,,,0.0225009433925151,-0.0370741188526153,0.8019507527351379,0.3323551118373871,-0.4338728785514831,-0.4459041655063629,0.8361904621124268,-0.686051607131958,-0.5097302794456482,0.4222620129585266,-0.5529488325119019,-0.5932404398918152,55.4697151184082,0.0100717162713408
EXPC-353,134.653912744144,48.39058247224301,D_control_base,15,M3D-093,是,草本沼泽,低,暗绿草被夹白亮水光斑,judge_C_07.csv,False,15,-0.0711111111111111,-0.0415840061514801,0.1245674740484429,-0.2288965782391388,-0.0049826989619377,-0.1190926566705113,-0.2679584775086506,0.3278123798539023,0.1085121107266436,0.0246059207996924,0.1793771626297577,-0.1085121107266436,-0.0222068435217224,0.0199307958477508,-0.2364628988850442,0.1245674740484429,0.0177777777777777,-0.0984236831987697,-0.1190926566705113,-0.0030142252979623,0.035432525951557,-0.0074432910419069,0.0246059207996924,-0.0553633217993079,0.0271280276816609,0.1245674740484429,0.0120569011918492,0.0074432910419069,0.4237754709727028,-0.035432525951557,0.0448442906574394,0.0246059207996924,-0.1663360246059207,0.059115724721261,-0.1190926566705113,0.2761399461745483,0.075355632449058,0.0271280276816609,0.0888273740868896,-0.0297731641676278,0.0629911572472126,-0.0797231833910034,-0.075355632449058,0.0984236831987697,0.0199307958477508,0.1190926566705113,0.16,-0.1417301038062283,0.0629911572472126,-0.1137408688965782,0.1663360246059207,-0.0517339484813533,-0.0888273740868896,-0.0553633217993079,-0.0030142252979623,0.0797231833910034,0.0797231833910034,-0.0629911572472126,-0.0271280276816609,-0.1537870049980776,-0.2214532871972318,0.0629911572472126,-0.0669896193771626,0.035432525951557,,,,,0.0699029117822647,-0.1136133968830108,0.4587787985801697,0.3189695477485657,-0.375,-0.5528384447097778,0.826690673828125,-0.6874109506607056,-0.5573495030403137,0.5027933120727539,-0.5504322648048401,-0.6450511813163757,37.849342346191406,0.0481114648282527
EXPC-354,134.616183502211,48.30164925911517,D_control_base,15,M3D-094,是,湖河滩地,低,大片浅灰褐泥滩，隐约水痕,judge_C_07.csv,False,16,-0.0009842368319876,0.059115724721261,0.1034063821607074,-0.3100961168781238,0.0222068435217224,0.0157477893118031,-0.2761399461745483,0.1998615916955017,-0.0157477893118031,0.059115724721261,0.1034063821607074,-0.0935640138408304,-0.0553633217993079,0.0553633217993079,-0.2441522491349481,0.17279507881584,0.0629911572472126,-0.0842137639369473,-0.0448442906574394,0.0984236831987697,-0.0177777777777777,0.0120569011918492,0.1245674740484429,-0.0888273740868896,-0.1137408688965782,0.1417301038062283,0.1137408688965782,-0.0669896193771626,0.3742560553633218,-0.1245674740484429,0.035432525951557,-0.0553633217993079,-0.0553633217993079,0.0415840061514801,-0.0711111111111111,0.3014225297962323,0.0842137639369473,0.0629911572472126,0.0797231833910034,0.0553633217993079,-0.0138408304498269,0.0157477893118031,-0.0669896193771626,0.0074432910419069,0.0246059207996924,0.2364628988850442,0.1245674740484429,0.0039369473279507,0.0797231833910034,-0.0669896193771626,0.2288965782391388,-0.1137408688965782,-0.0711111111111111,-0.035432525951557,0.0271280276816609,-0.0088581314878892,-0.0271280276816609,-0.0297731641676278,0.0049826989619377,-0.2069357939254133,-0.2519646289888504,-0.0384467512495194,-0.0297731641676278,0.0199307958477508,,,,,0.0310748852789402,-0.0514285713434219,0.8014551997184753,0.299602061510086,-0.3737980723381042,-0.2733612358570099,0.496666669845581,-0.4491662085056305,-0.4756113290786743,0.2496038079261779,-0.305463582277298,-0.1593186408281326,37.40672302246094,0.0481114648282527
EXPC-355,132.94855100877152,46.76660810161174,D_control_base,15,M3D-095,是,湖河滩地,低,大片平滑灰褐滩面，疑浅水泥滩,judge_C_07.csv,False,16,0.01039600153787,0.0448442906574394,0.0325413302575932,-0.3368550557477893,0.01039600153787,0.0030142252979623,-0.2844444444444444,0.186082276047674,-0.0088581314878892,0.0415840061514801,0.0325413302575932,-0.0984236831987697,-0.0711111111111111,0.0629911572472126,-0.2069357939254133,0.2069357939254133,0.0553633217993079,-0.0669896193771626,-0.059115724721261,0.0669896193771626,-0.035432525951557,0.0271280276816609,0.059115724721261,-0.0384467512495194,-0.0984236831987697,0.1537870049980776,0.1245674740484429,-0.0984236831987697,0.3553094963475586,-0.1663360246059207,0.0088581314878892,-0.1085121107266436,-0.0669896193771626,-0.0297731641676278,-0.0297731641676278,0.3553094963475586,0.0888273740868896,0.0935640138408304,0.0415840061514801,0.0022145328719723,-0.0553633217993079,-0.0039369473279507,-0.1034063821607074,-0.0157477893118031,-0.035432525951557,0.2441522491349481,0.1417301038062283,0.0325413302575932,0.0482276047673971,-0.0553633217993079,0.2519646289888504,-0.0797231833910034,-0.0482276047673971,0.0138408304498269,0.0177777777777777,-0.0482276047673971,-0.0297731641676278,0.0009842368319876,0.0553633217993079,-0.16,-0.2141330257593233,-0.0415840061514801,-0.1034063821607074,0.0325413302575932,,,,,0.0044122636318206,-0.0188202895224094,0.827508807182312,0.1613042503595352,-0.286910742521286,-0.2548137009143829,0.5249406099319458,-0.5,-0.4312292337417602,0.2760277688503265,-0.4071239233016968,-0.0464015156030654,55.36465072631836,0.0648872405290603
EXPC-356,133.48780967382845,45.87215557321393,D_control_base,15,M3D-096,否,草地,低,岗洼草被偏干，浅沟无湿痕,judge_C_07.csv,False,11,-0.0325413302575932,0.0049826989619377,0.0517339484813533,-0.2519646289888504,0.0297731641676278,-0.0711111111111111,-0.2288965782391388,0.1929104190695886,-0.0199307958477508,0.059115724721261,0.0448442906574394,-0.1085121107266436,-0.1034063821607074,0.0049826989619377,-0.2441522491349481,0.2441522491349481,0.0049826989619377,-0.1085121107266436,-0.1085121107266436,0.0797231833910034,-0.0297731641676278,0.0246059207996924,0.0138408304498269,-0.0482276047673971,-0.0222068435217224,0.0888273740868896,0.0935640138408304,-0.0935640138408304,0.4136255286428297,-0.0984236831987697,-0.0030142252979623,-0.0384467512495194,-0.1358861976163014,0.0039369473279507,-0.059115724721261,0.3460207612456747,0.1358861976163014,0.0517339484813533,0.0517339484813533,0.035432525951557,-0.0088581314878892,0.000553633217993,-0.1417301038062283,0.0482276047673971,0.0669896193771626,0.2214532871972318,0.1417301038062283,-0.0325413302575932,0.1245674740484429,-0.0935640138408304,0.2069357939254133,-0.1137408688965782,-0.035432525951557,0.0222068435217224,-0.035432525951557,-0.0246059207996924,-0.0120569011918492,-0.059115724721261,0.0199307958477508,-0.1245674740484429,-0.2441522491349481,-0.0711111111111111,-0.0797231833910034,0.0711111111111111,,,,,0.0033440156839787,-0.0169467590749263,0.6881290078163147,0.2859161496162414,-0.4360862672328949,-0.3675516247749328,0.8147172331809998,-0.6938505172729492,-0.5026129484176636,0.307289183139801,-0.453389823436737,-0.6205882430076599,57.64579772949219,0.0561328567564487
EXPC-357,134.64663639034265,48.37629925922551,D_control_base,15,M3D-097,是,草本沼泽,低,暗色湿洼与白亮水光斑交错,judge_C_07.csv,False,15,-0.0415840061514801,-0.0199307958477508,0.1793771626297577,-0.2679584775086506,-0.0384467512495194,-0.1034063821607074,-0.2761399461745483,0.3188927335640138,0.075355632449058,0.0448442906574394,0.1476970396001538,-0.0984236831987697,-0.0297731641676278,0.0553633217993079,-0.1998615916955017,0.1137408688965782,0.0199307958477508,-0.0711111111111111,-0.1190926566705113,0.0088581314878892,0.0553633217993079,0.0448442906574394,0.0553633217993079,-0.0297731641676278,0.01039600153787,0.1034063821607074,-0.0049826989619377,0.0222068435217224,0.3839138792772011,-0.0384467512495194,0.0222068435217224,0.0325413302575932,-0.17279507881584,0.0325413302575932,-0.1085121107266436,0.292871972318339,0.1034063821607074,0.0325413302575932,0.0629911572472126,-0.0629911572472126,0.0448442906574394,-0.0669896193771626,-0.1085121107266436,0.075355632449058,0.0271280276816609,0.17279507881584,0.17279507881584,-0.1476970396001538,0.0888273740868896,-0.1034063821607074,0.186082276047674,-0.0325413302575932,-0.0517339484813533,-0.0797231833910034,-0.0271280276816609,0.059115724721261,0.1034063821607074,-0.0039369473279507,-0.0482276047673971,-0.1245674740484429,-0.2214532871972318,0.0669896193771626,-0.1137408688965782,-0.0325413302575932,,,,,0.1053197830915451,-0.1985999494791031,0.3497816622257232,0.309127926826477,-0.4422429800033569,-0.5387231707572937,0.8438474535942078,-0.693358302116394,-0.5293322205543518,0.4805860817432403,-0.5486590266227722,-0.601016104221344,37.777374267578125,0.0481114648282527
EXPC-358,131.97837050192243,45.57678950779543,D_control_base,15,M3D-098,否,水体,高,大面积暗色明水，岸线清晰,judge_C_07.csv,False,23,-0.0325413302575932,-0.1537870049980776,-0.0629911572472126,-0.17279507881584,-0.0138408304498269,0.0138408304498269,-0.186082276047674,0.1663360246059207,0.0271280276816609,0.0984236831987697,0.0384467512495194,-0.1190926566705113,-0.0088581314878892,0.0177777777777777,-0.1476970396001538,0.2214532871972318,0.0061514801999231,-0.1929104190695886,-0.0138408304498269,0.0297731641676278,-0.1034063821607074,0.1301653210303729,-0.0415840061514801,0.0061514801999231,-0.2288965782391388,0.0120569011918492,0.1476970396001538,-0.1245674740484429,0.3100961168781238,-0.1998615916955017,-0.0415840061514801,0.0669896193771626,-0.1476970396001538,-0.0629911572472126,-0.0842137639369473,0.292871972318339,0.0120569011918492,-0.0842137639369473,0.0629911572472126,0.1663360246059207,-0.0271280276816609,0.1137408688965782,0.0984236831987697,-0.0711111111111111,-0.0384467512495194,0.292871972318339,-0.0553633217993079,0.0797231833910034,-0.1137408688965782,-0.1929104190695886,0.1929104190695886,-0.0711111111111111,-0.1301653210303729,-0.0482276047673971,-0.0271280276816609,-0.1358861976163014,-0.0199307958477508,0.0271280276816609,-0.0030142252979623,-0.0797231833910034,-0.16,-0.1137408688965782,-0.0177777777777777,0.1301653210303729,,,,,0.0125014884397387,-0.0230991337448358,0.8398096561431885,-0.0292051751166582,0.0208799410611391,0.1221311464905738,-0.0398870445787906,0.1105297580361366,0.4739583432674408,0.2650847434997558,-0.2737201452255249,-0.3504273593425751,112.0,0.1022680774331092
EXPC-359,132.79925100855084,46.76903355287886,D_control_base,15,M3D-099,是,草本沼泽,低,绿草被间大片浅褐干斑，疑退水滩,judge_C_07.csv,False,15,-0.01039600153787,0.0222068435217224,0.075355632449058,-0.3014225297962323,0.0088581314878892,-0.0222068435217224,-0.2679584775086506,0.1998615916955017,-0.0088581314878892,0.0246059207996924,0.0482276047673971,-0.1417301038062283,-0.0797231833910034,0.01039600153787,-0.2069357939254133,0.1663360246059207,0.0325413302575932,-0.0222068435217224,-0.075355632449058,0.0797231833910034,0.0039369473279507,0.0199307958477508,0.0553633217993079,-0.0271280276816609,0.0015378700499807,0.1476970396001538,0.059115724721261,-0.1301653210303729,0.4136255286428297,-0.0797231833910034,-0.0088581314878892,-0.0384467512495194,-0.1417301038062283,-0.0271280276816609,-0.1034063821607074,0.3553094963475586,0.1476970396001538,0.0935640138408304,0.0384467512495194,-0.0297731641676278,0.0030142252979623,-0.0415840061514801,-0.1793771626297577,0.0553633217993079,0.0157477893118031,0.1998615916955017,0.1358861976163014,-0.0629911572472126,0.0797231833910034,-0.075355632449058,0.2599000384467512,-0.1085121107266436,-0.0246059207996924,0.0177777777777777,-0.0384467512495194,-0.0222068435217224,-0.0009842368319876,-0.0157477893118031,0.0088581314878892,-0.0711111111111111,-0.2141330257593233,0.0015378700499807,-0.1245674740484429,-0.0120569011918492,,,,,0.010643689893186,-0.0456213951110839,0.743503749370575,0.2499343007802963,-0.4133729636669159,-0.4986666738986969,0.7395373582839966,-0.6342167854309082,-0.4994843602180481,0.3604900538921356,-0.5108843445777893,-0.3931209146976471,56.05291366577149,0.0648872405290603
EXPC-360,134.53371815912882,48.36632795957178,D_control_base,15,M3D-100,是,草本沼泽,低,白沙滩与暗色湿斑交错,judge_C_07.csv,False,15,-0.0015378700499807,0.0157477893118031,0.0888273740868896,-0.2761399461745483,0.0157477893118031,-0.075355632449058,-0.2844444444444444,0.2519646289888504,0.0246059207996924,0.0448442906574394,0.0711111111111111,-0.059115724721261,-0.1085121107266436,0.0222068435217224,-0.1998615916955017,0.1929104190695886,0.0629911572472126,-0.0935640138408304,-0.0935640138408304,0.059115724721261,0.0246059207996924,0.0120569011918492,0.075355632449058,-0.0711111111111111,-0.0517339484813533,0.0797231833910034,0.0669896193771626,-0.075355632449058,0.3936947327950788,-0.0711111111111111,-0.0074432910419069,0.0074432910419069,-0.1417301038062283,0.035432525951557,-0.0842137639369473,0.3278123798539023,0.1476970396001538,0.0482276047673971,0.0711111111111111,0.0049826989619377,0.0482276047673971,0.0049826989619377,-0.1537870049980776,0.0797231833910034,0.0797231833910034,0.1929104190695886,0.1476970396001538,-0.0842137639369473,0.0553633217993079,-0.0669896193771626,0.2364628988850442,-0.1245674740484429,-0.0888273740868896,-0.0246059207996924,-0.0246059207996924,-0.0088581314878892,-0.0138408304498269,-0.0415840061514801,0.0199307958477508,-0.16,-0.2441522491349481,0.0049826989619377,-0.0297731641676278,0.0120569011918492,,,,,0.0119927916675806,-0.0381844826042652,0.795549213886261,0.25,-0.3787375390529632,-0.4769230782985687,0.8133701682090759,-0.678669810295105,-0.4848580360412597,0.3343396186828613,-0.5014861822128296,-0.6351771354675293,37.8139533996582,0.0481114648282527
EXPC-361,132.80086797606225,46.77199799331645,D_control_base,15,M3D-101,是,草本沼泽,低,大片深绿草被，浅色弯带疑水道,judge_C_07.csv,False,15,-0.0222068435217224,-0.0138408304498269,0.0022145328719723,-0.2599000384467512,-0.0177777777777777,-0.0120569011918492,-0.2761399461745483,0.2141330257593233,-0.000553633217993,0.0669896193771626,-0.0030142252979623,-0.1476970396001538,-0.0325413302575932,0.035432525951557,-0.1998615916955017,0.2214532871972318,0.0138408304498269,-0.0669896193771626,-0.0669896193771626,0.0797231833910034,-0.0629911572472126,0.0157477893118031,0.0039369473279507,-0.0120569011918492,-0.075355632449058,0.1301653210303729,0.0984236831987697,-0.1190926566705113,0.3936947327950788,-0.1537870049980776,0.0177777777777777,-0.075355632449058,-0.1085121107266436,-0.0448442906574394,-0.0711111111111111,0.3936947327950788,0.0984236831987697,0.075355632449058,0.0088581314878892,-0.0015378700499807,-0.0384467512495194,-0.0120569011918492,-0.1417301038062283,-0.0074432910419069,0.0177777777777777,0.2364628988850442,0.0984236831987697,0.0222068435217224,0.0199307958477508,-0.075355632449058,0.2599000384467512,-0.1137408688965782,-0.0842137639369473,0.0199307958477508,0.01039600153787,-0.059115724721261,0.0246059207996924,0.01039600153787,-0.01039600153787,-0.1137408688965782,-0.2141330257593233,-0.0325413302575932,-0.1034063821607074,0.0271280276816609,,,,,0.0185636933892965,-0.0420940481126308,0.7800905108451843,0.2218157649040222,-0.3512320816516876,-0.2718266248703003,0.7209858298301697,-0.6443556547164917,-0.4638554155826568,0.3535093367099762,-0.4571923613548279,-0.3229571878910064,55.7310905456543,0.0648872405290603
EXPC-362,134.67924523515617,47.64435196572492,D_control_base,15,M3D-102,否,草地,低,均匀绿面，无湿痕无田埂,judge_C_07.csv,False,11,-0.0517339484813533,-0.0711111111111111,0.0711111111111111,-0.2288965782391388,0.0157477893118031,-0.1034063821607074,-0.2288965782391388,0.1663360246059207,-0.0629911572472126,0.1085121107266436,0.0030142252979623,-0.1137408688965782,-0.0935640138408304,0.0384467512495194,-0.2761399461745483,0.3278123798539023,0.035432525951557,-0.1793771626297577,-0.1085121107266436,0.0246059207996924,-0.0297731641676278,0.0517339484813533,-0.0517339484813533,-0.0157477893118031,-0.0629911572472126,0.1034063821607074,0.0711111111111111,-0.0325413302575932,0.3742560553633218,-0.1929104190695886,0.0002460592079969,0.0222068435217224,-0.0842137639369473,-0.0030142252979623,-0.0482276047673971,0.3014225297962323,0.1085121107266436,0.01039600153787,-0.0061514801999231,0.075355632449058,-0.0448442906574394,-0.0384467512495194,-0.1190926566705113,0.0157477893118031,0.1085121107266436,0.2214532871972318,0.075355632449058,-0.0222068435217224,0.0517339484813533,-0.0984236831987697,0.186082276047674,-0.1301653210303729,-0.035432525951557,0.0629911572472126,-0.059115724721261,0.0009842368319876,0.0120569011918492,-0.0553633217993079,-0.0199307958477508,-0.0384467512495194,-0.2519646289888504,-0.0669896193771626,-0.0553633217993079,0.1476970396001538,,,,,-0.0116130681708455,0.0126840462908148,0.8325259685516357,0.3547297418117523,-0.4344482123851776,-0.3457479774951935,0.8656966090202332,-0.7402787804603577,-0.4939242303371429,0.3372160792350769,-0.4399498403072357,-0.4374803006649017,40.64815521240234,0.0533583536744117
EXPC-363,130.91063295521798,47.197799437989104,D_control_base,15,M3D-103,是,草本沼泽,低,细条纹草被面，疑芦苇沼泽,judge_C_07.csv,False,15,0.035432525951557,0.0039369473279507,0.0384467512495194,-0.292871972318339,0.0199307958477508,0.0415840061514801,-0.292871972318339,0.17279507881584,-0.0297731641676278,0.1190926566705113,0.0711111111111111,-0.17279507881584,-0.0448442906574394,-0.0271280276816609,-0.2288965782391388,0.186082276047674,0.0517339484813533,0.0177777777777777,-0.0482276047673971,0.0842137639369473,-0.0553633217993079,0.0888273740868896,0.0669896193771626,0.0022145328719723,-0.0842137639369473,0.0842137639369473,0.1190926566705113,-0.0842137639369473,0.3936947327950788,-0.1190926566705113,0.0222068435217224,-0.0415840061514801,0.0088581314878892,-0.0415840061514801,-0.075355632449058,0.3647212610534409,0.1034063821607074,0.0138408304498269,0.0984236831987697,0.0629911572472126,-0.0415840061514801,-0.0711111111111111,-0.0325413302575932,0.0199307958477508,-0.0246059207996924,0.2441522491349481,0.0629911572472126,0.0482276047673971,0.059115724721261,-0.1085121107266436,0.2364628988850442,-0.1358861976163014,0.0088581314878892,-0.0517339484813533,-0.0246059207996924,-0.0984236831987697,-0.0482276047673971,0.0325413302575932,-0.0088581314878892,-0.0797231833910034,-0.2069357939254133,-0.0797231833910034,-0.0984236831987697,0.0384467512495194,,,,,0.0268560703843832,-0.0536274127662181,0.5036266446113586,0.1652514636516571,-0.3146646916866302,-0.4147262573242187,0.0420811027288436,-0.1440571248531341,0.313144326210022,-0.1312793046236038,0.0396149568259716,0.4817942082881927,69.0582504272461,0.1631932705640792
EXPC-364,131.5779015482619,45.20030557222093,D_control_base,15,M3D-104,否,水体,中,大片平滑灰绿明水，邻浅滩,judge_C_07.csv,False,23,-0.0629911572472126,-0.1417301038062283,-0.0448442906574394,-0.1998615916955017,-0.0384467512495194,0.0553633217993079,-0.186082276047674,0.2364628988850442,-0.075355632449058,0.0935640138408304,0.1245674740484429,-0.1663360246059207,0.0415840061514801,-0.0222068435217224,-0.186082276047674,0.0842137639369473,0.0629911572472126,-0.1793771626297577,-0.0049826989619377,-0.0138408304498269,-0.1301653210303729,0.0049826989619377,-0.0039369473279507,0.0415840061514801,-0.2364628988850442,0.0448442906574394,0.0271280276816609,-0.1663360246059207,0.2441522491349481,-0.0669896193771626,-0.0984236831987697,0.0517339484813533,0.0297731641676278,-0.0482276047673971,-0.0415840061514801,0.2069357939254133,0.1034063821607074,-0.1301653210303729,0.0711111111111111,0.1998615916955017,-0.0629911572472126,0.0384467512495194,0.1417301038062283,-0.0984236831987697,-0.0711111111111111,0.2761399461745483,-0.0517339484813533,0.1358861976163014,-0.0711111111111111,-0.1793771626297577,0.17279507881584,-0.0022145328719723,-0.1476970396001538,-0.1034063821607074,0.035432525951557,-0.1537870049980776,0.0553633217993079,0.0669896193771626,-0.0120569011918492,-0.0448442906574394,-0.1998615916955017,-0.2599000384467512,-0.0157477893118031,0.1417301038062283,,,,,-0.3088130056858063,0.4069672226905823,0.8945916295051575,-0.1967403888702392,0.1858407109975814,0.518126904964447,-0.1426392048597335,0.1225605010986328,0.3767352700233459,-0.0873634964227676,-0.0437109731137752,0.7304277420043945,175.0,0.1022680774331092
EXPC-365,131.2844219449401,47.18378571955684,D_control_base,15,M3D-105,是,湖河滩地,低,暗色湿泥面夹绿草带,judge_C_07.csv,False,16,-0.0553633217993079,0.035432525951557,0.1137408688965782,-0.2069357939254133,-0.0246059207996924,-0.0711111111111111,-0.2441522491349481,0.3553094963475586,0.0448442906574394,0.0271280276816609,0.1929104190695886,-0.1358861976163014,0.0222068435217224,-0.0297731641676278,-0.1793771626297577,0.075355632449058,-0.0009842368319876,-0.0984236831987697,-0.1137408688965782,0.0629911572472126,-0.0120569011918492,-0.0482276047673971,0.0797231833910034,-0.0271280276816609,0.075355632449058,0.0711111111111111,0.0669896193771626,-0.0384467512495194,0.3742560553633218,-0.0325413302575932,-0.0002460592079969,-0.0448442906574394,-0.0935640138408304,0.0517339484813533,-0.0984236831987697,0.3553094963475586,0.1137408688965782,0.0157477893118031,0.0629911572472126,-0.0157477893118031,-0.0297731641676278,-0.0669896193771626,-0.1085121107266436,0.059115724721261,0.0297731641676278,0.1998615916955017,0.1663360246059207,-0.0297731641676278,0.1537870049980776,-0.0629911572472126,0.2288965782391388,-0.0553633217993079,-0.0984236831987697,-0.0669896193771626,-0.0074432910419069,-0.0222068435217224,0.0935640138408304,0.0384467512495194,-0.0888273740868896,-0.1417301038062283,-0.2364628988850442,-0.0039369473279507,-0.1034063821607074,0.0120569011918492,,,,,0.1078817769885063,-0.1288743913173675,0.4037003219127655,0.3385775089263916,-0.4850909113883972,-0.5251508951187134,0.8685356974601746,-0.7281008958816528,-0.4830113351345062,0.2803769707679748,-0.401104986667633,-0.3560396134853363,64.42227172851562,0.0770410150289535
EXPC-366,131.26016743226887,47.206153770131415,D_control_base,16,M3D-106,是,湖河滩地,中,大片褐泥滩面，邻草被,judge_C_07.csv,False,16,0.0384467512495194,-0.0448442906574394,0.0246059207996924,-0.2599000384467512,0.01039600153787,0.0984236831987697,-0.2364628988850442,0.1663360246059207,-0.0669896193771626,0.1245674740484429,0.075355632449058,-0.1929104190695886,-0.0138408304498269,-0.0157477893118031,-0.1929104190695886,0.2214532871972318,0.1190926566705113,-0.0842137639369473,-0.0384467512495194,0.0935640138408304,-0.0199307958477508,0.0553633217993079,0.0629911572472126,-0.01039600153787,-0.1793771626297577,0.0888273740868896,0.1663360246059207,-0.1417301038062283,0.3368550557477893,-0.1358861976163014,-0.01039600153787,0.0797231833910034,0.075355632449058,-0.0935640138408304,-0.0711111111111111,0.2844444444444444,0.0984236831987697,-0.0120569011918492,0.0246059207996924,0.1190926566705113,-0.0482276047673971,-0.075355632449058,0.0448442906574394,0.0061514801999231,-0.0222068435217224,0.2761399461745483,-0.0553633217993079,0.0842137639369473,0.0157477893118031,-0.1537870049980776,0.2214532871972318,-0.0842137639369473,-0.000553633217993,-0.0138408304498269,-0.0271280276816609,-0.0935640138408304,-0.0297731641676278,0.0297731641676278,0.0669896193771626,-0.0517339484813533,-0.2364628988850442,-0.1417301038062283,-0.1085121107266436,0.1190926566705113,,,,,0.030405405908823,-0.0394774228334426,0.8298390507698059,0.1301570385694503,-0.2426104843616485,-0.2002472132444381,0.1172413825988769,-0.2245240807533264,-0.3095712959766388,0.1070460677146911,-0.118412047624588,0.1887401938438415,63.5,0.0770410150289535
EXPC-367,130.4748602108916,48.87001333937759,D_control_base,16,M3D-107,否,草地,低,大片深绿均质草被，无湿迹,judge_C_07.csv,False,11,-0.0384467512495194,-0.17279507881584,-0.0061514801999231,-0.2069357939254133,-0.0325413302575932,0.0222068435217224,-0.16,0.1476970396001538,-0.0177777777777777,0.0935640138408304,-0.0448442906574394,-0.1358861976163014,-0.0157477893118031,0.0049826989619377,-0.2288965782391388,0.2761399461745483,0.0797231833910034,-0.16,0.0039369473279507,0.059115724721261,-0.059115724721261,0.0888273740868896,-0.0157477893118031,0.0553633217993079,-0.17279507881584,0.0002460592079969,0.1085121107266436,-0.1190926566705113,0.3460207612456747,-0.2761399461745483,-0.0074432910419069,0.0935640138408304,-0.0199307958477508,-0.0797231833910034,-0.0482276047673971,0.2599000384467512,0.0842137639369473,-0.1085121107266436,0.0157477893118031,0.1476970396001538,-0.0553633217993079,0.0384467512495194,-0.0088581314878892,-0.0297731641676278,0.0157477893118031,0.2761399461745483,-0.0629911572472126,0.0553633217993079,-0.0711111111111111,-0.16,0.1793771626297577,-0.0984236831987697,-0.1137408688965782,-0.0246059207996924,0.0222068435217224,-0.0384467512495194,0.0517339484813533,0.0022145328719723,-0.0199307958477508,-0.0711111111111111,-0.2441522491349481,-0.1190926566705113,-0.0325413302575932,0.16,,,,,0.0103998146951198,-0.023168733343482,0.7868150472640991,-0.1008158475160598,0.086712047457695,0.6921659111976624,-0.0494216606020927,0.0123816458508372,0.3200379908084869,0.3034290969371795,-0.3688923418521881,0.0532813519239425,82.68045043945312,0.0640474185347557
EXPC-368,134.4132540795284,48.37791622673692,D_control_base,16,M3D-108,否,稀疏植被,低,干湿斑驳低覆盖草被，无湿痕,judge_C_07.csv,False,13,-0.0088581314878892,0.0022145328719723,0.0669896193771626,-0.2519646289888504,-0.0517339484813533,0.059115724721261,-0.1998615916955017,0.2599000384467512,0.0297731641676278,0.0984236831987697,0.0888273740868896,-0.17279507881584,0.035432525951557,-0.0553633217993079,-0.2214532871972318,0.1358861976163014,0.1245674740484429,-0.1301653210303729,0.0088581314878892,0.0669896193771626,-0.0325413302575932,0.0120569011918492,0.1358861976163014,-0.0015378700499807,-0.1245674740484429,0.0482276047673971,0.1358861976163014,-0.0842137639369473,0.2844444444444444,-0.1137408688965782,0.0325413302575932,-0.0074432910419069,0.0482276047673971,-0.1085121107266436,-0.0984236831987697,0.3368550557477893,0.1034063821607074,-0.0138408304498269,0.0935640138408304,0.0984236831987697,-0.0448442906574394,0.0120569011918492,0.0222068435217224,-0.0199307958477508,-0.059115724721261,0.292871972318339,-0.0448442906574394,0.0711111111111111,0.0553633217993079,-0.186082276047674,0.2214532871972318,-0.059115724721261,-0.0984236831987697,-0.075355632449058,0.075355632449058,-0.0888273740868896,0.0222068435217224,0.1034063821607074,-0.01039600153787,-0.0842137639369473,-0.2441522491349481,-0.1537870049980776,-0.1476970396001538,0.0669896193771626,,,,,0.0598820969462394,-0.1029138788580894,0.5791417956352234,0.1350083798170089,-0.2529585659503937,-0.3537550866603851,0.1233701109886169,-0.2384813874959945,-0.1416701227426529,-0.0131332082673907,-0.0221034735441207,0.507300615310669,35.5,0.0481114648282527
EXPC-369,131.52292465287383,47.2436135174792,D_control_base,16,M3D-109,否,沙地,中,大片浅黄沙面，无湿痕,judge_C_07.csv,False,22,0.0177777777777777,0.0711111111111111,0.0888273740868896,-0.3278123798539023,0.0384467512495194,0.1245674740484429,-0.2141330257593233,0.2364628988850442,-0.0517339484813533,0.1034063821607074,0.1793771626297577,-0.1537870049980776,-0.0415840061514801,-0.0222068435217224,-0.2288965782391388,0.1301653210303729,0.1137408688965782,-0.0517339484813533,0.0199307958477508,0.0088581314878892,-0.0297731641676278,-0.0517339484813533,0.1537870049980776,-0.0711111111111111,-0.0325413302575932,0.1034063821607074,0.1417301038062283,-0.0935640138408304,0.2288965782391388,-0.0271280276816609,0.0797231833910034,-0.0711111111111111,0.075355632449058,-0.0517339484813533,-0.1476970396001538,0.2761399461745483,0.0553633217993079,0.0842137639369473,0.1417301038062283,0.0888273740868896,0.0553633217993079,-0.0138408304498269,0.0415840061514801,0.0222068435217224,-0.0553633217993079,0.2214532871972318,0.059115724721261,0.0074432910419069,0.16,-0.1793771626297577,0.1998615916955017,-0.0553633217993079,0.0120569011918492,-0.0797231833910034,0.035432525951557,-0.1358861976163014,-0.0297731641676278,0.0384467512495194,0.0935640138408304,-0.1034063821607074,-0.2441522491349481,-0.1034063821607074,-0.186082276047674,-0.0629911572472126,,,,,0.0536761805415153,-0.0921642109751701,0.4106698930263519,0.1217527389526367,-0.2617496848106384,-0.3887633979320526,0.1163110807538032,-0.2568771839141845,-0.4183472394943237,0.1094890534877777,-0.2155771851539611,-0.0689228251576423,59.5,0.0770410150289535
EXPC-370,131.69944360620332,47.70337127989157,D_control_base,16,M3D-110,否,草地,低,大片深绿均质草被，无湿迹,judge_C_07.csv,False,11,-0.0074432910419069,-0.0935640138408304,-0.0157477893118031,-0.2364628988850442,0.0482276047673971,0.0842137639369473,-0.2441522491349481,0.1358861976163014,-0.0797231833910034,0.1137408688965782,0.0199307958477508,-0.1663360246059207,-0.0517339484813533,0.0297731641676278,-0.2761399461745483,0.2844444444444444,0.1476970396001538,-0.1245674740484429,-0.0325413302575932,0.0553633217993079,-0.0448442906574394,0.0448442906574394,0.0384467512495194,-0.0199307958477508,-0.1301653210303729,0.075355632449058,0.1537870049980776,-0.1245674740484429,0.3188927335640138,-0.17279507881584,0.0138408304498269,0.1137408688965782,0.0448442906574394,-0.1085121107266436,-0.1137408688965782,0.2519646289888504,0.1245674740484429,0.0177777777777777,0.0199307958477508,0.1537870049980776,-0.0246059207996924,-0.0842137639369473,0.0157477893118031,-0.0222068435217224,0.0297731641676278,0.1998615916955017,-0.0553633217993079,0.075355632449058,0.0120569011918492,-0.186082276047674,0.1929104190695886,-0.1190926566705113,0.01039600153787,0.0120569011918492,-0.0120569011918492,-0.0415840061514801,-0.0271280276816609,-0.059115724721261,0.0888273740868896,-0.01039600153787,-0.2288965782391388,-0.1085121107266436,-0.075355632449058,0.16,,,,,-0.00842210277915,-0.0018679396016523,0.8450071215629578,-0.0600890219211578,0.0495123788714408,0.7597483992576599,0.0245614033192396,-0.0709046423435211,0.1585365831851959,0.1304347813129425,-0.2205240130424499,0.1414868086576461,54.11994552612305,0.0770410150289535
EXPC-371,131.2453452300809,47.18890611667632,D_control_base,16,M3D-111,是,湖河滩地,低,灰绿平滑面边界模糊，疑浅水滩,judge_C_07.csv,False,16,0.0199307958477508,0.0517339484813533,0.0842137639369473,-0.3188927335640138,0.0177777777777777,0.1476970396001538,-0.1929104190695886,0.2441522491349481,-0.0415840061514801,0.1537870049980776,0.1358861976163014,-0.2069357939254133,-0.0222068435217224,-0.059115724721261,-0.2288965782391388,0.1190926566705113,0.1034063821607074,-0.0199307958477508,0.0448442906574394,0.035432525951557,-0.059115724721261,-0.0138408304498269,0.1190926566705113,-0.0711111111111111,-0.0177777777777777,0.0797231833910034,0.1190926566705113,-0.0935640138408304,0.2141330257593233,-0.0271280276816609,0.0842137639369473,-0.0711111111111111,0.1034063821607074,-0.0448442906574394,-0.1417301038062283,0.2761399461745483,0.0517339484813533,0.075355632449058,0.1190926566705113,0.1034063821607074,0.0222068435217224,-0.0088581314878892,0.0271280276816609,0.0384467512495194,-0.0482276047673971,0.2364628988850442,0.0325413302575932,-0.0049826989619377,0.1537870049980776,-0.1929104190695886,0.2441522491349481,-0.0517339484813533,0.0138408304498269,-0.0984236831987697,0.0325413302575932,-0.1245674740484429,0.0022145328719723,0.0797231833910034,0.0482276047673971,-0.0297731641676278,-0.2599000384467512,-0.1358861976163014,-0.1998615916955017,-0.059115724721261,,,,,0.037921767681837,-0.0778294578194618,0.5511800646781921,0.1308758854866027,-0.2661870419979095,-0.3699609935283661,0.0959370657801628,-0.231119617819786,-0.3891140818595886,0.1192778870463371,-0.2559233009815216,-0.2705027163028717,63.5,0.0770410150289535
EXPC-372,131.23672140335336,47.20345882427906,D_control_base,16,M3D-112,是,湖河滩地,中,河漫滩沙泥面见浅水道,judge_C_08.csv,False,16,0.0157477893118031,-0.0669896193771626,0.035432525951557,-0.2214532871972318,-0.01039600153787,0.0553633217993079,-0.1929104190695886,0.1663360246059207,-0.035432525951557,0.1476970396001538,0.0984236831987697,-0.1663360246059207,0.0009842368319876,-0.0482276047673971,-0.2441522491349481,0.1929104190695886,0.0888273740868896,-0.1034063821607074,-0.059115724721261,0.0888273740868896,-0.0271280276816609,0.0842137639369473,0.0553633217993079,-0.01039600153787,-0.17279507881584,0.0222068435217224,0.1137408688965782,-0.0842137639369473,0.3368550557477893,-0.17279507881584,-0.0157477893118031,0.0629911572472126,0.0384467512495194,-0.075355632449058,-0.0629911572472126,0.3014225297962323,0.0935640138408304,-0.0157477893118031,0.0177777777777777,0.17279507881584,-0.0984236831987697,-0.0448442906574394,0.0711111111111111,0.0297731641676278,-0.0246059207996924,0.292871972318339,-0.0888273740868896,0.1034063821607074,0.0246059207996924,-0.1929104190695886,0.1998615916955017,-0.0177777777777777,0.0039369473279507,-0.0325413302575932,-0.0482276047673971,-0.0384467512495194,-0.0157477893118031,0.0984236831987697,0.0002460592079969,-0.000553633217993,-0.2599000384467512,-0.1537870049980776,-0.1190926566705113,0.1417301038062283,,,,,0.0061850328929722,-0.0258848387748003,0.7846600413322449,-0.0181508790701627,0.0335008390247821,0.1348865777254104,-0.2028050422668457,0.125,0.149779736995697,-0.1967730671167373,0.1110248416662216,0.7699443697929382,63.5,0.0770410150289535
EXPC-373,134.40786418782366,48.3498887898724,D_control_base,21,M3D-113,否,草本旱地,低,村边园地混杂难判,judge_C_08.csv,False,0,-0.0177777777777777,-0.0669896193771626,0.2288965782391388,-0.3014225297962323,0.0297731641676278,-0.0039369473279507,-0.2679584775086506,0.1537870049980776,-0.0842137639369473,-0.0415840061514801,0.2214532871972318,-0.1417301038062283,-0.0448442906574394,-0.0271280276816609,-0.2761399461745483,0.0415840061514801,0.1245674740484429,0.075355632449058,-0.0629911572472126,0.0711111111111111,0.0384467512495194,-0.059115724721261,0.1476970396001538,-0.1358861976163014,-0.0325413302575932,0.3014225297962323,0.0157477893118031,-0.0448442906574394,0.3100961168781238,0.0157477893118031,0.075355632449058,-0.059115724721261,-0.0482276047673971,0.0297731641676278,-0.0517339484813533,0.2288965782391388,0.0222068435217224,0.0384467512495194,0.0629911572472126,0.0669896193771626,-0.0482276047673971,-0.1034063821607074,-0.0888273740868896,0.0935640138408304,0.0138408304498269,0.1793771626297577,0.1137408688965782,-0.0842137639369473,0.1301653210303729,-0.1537870049980776,0.1929104190695886,0.0246059207996924,-0.0415840061514801,-0.0199307958477508,0.1034063821607074,-0.0842137639369473,0.0553633217993079,0.0415840061514801,0.0888273740868896,-0.0711111111111111,-0.1537870049980776,-0.0039369473279507,-0.1476970396001538,-0.0935640138408304,,,,,0.0353901982307434,-0.0738823562860488,0.4954407215118408,0.1755688637495041,-0.2523602843284607,-0.3869010210037231,0.2967033088207245,-0.3697131276130676,-0.4527340233325958,0.3233564794063568,-0.3793871998786926,-0.4209979176521301,42.78352355957031,0.0481114648282527
EXPC-374,130.8844919804501,47.90225828379563,D_control_base,21,M3D-114,否,不透水面,高,沥青路面与车辆,judge_C_08.csv,False,21,0.0088581314878892,-0.1301653210303729,0.3014225297962323,-0.2599000384467512,-0.0553633217993079,0.0553633217993079,-0.3014225297962323,0.0935640138408304,-0.1034063821607074,0.0222068435217224,0.2364628988850442,-0.1417301038062283,0.075355632449058,-0.0271280276816609,-0.2519646289888504,-0.0384467512495194,0.1476970396001538,0.1190926566705113,-0.0842137639369473,0.0517339484813533,-0.0177777777777777,-0.0384467512495194,0.1085121107266436,-0.0482276047673971,-0.0415840061514801,0.3188927335640138,0.059115724721261,-0.0061514801999231,0.1929104190695886,-0.0271280276816609,0.0842137639369473,-0.059115724721261,-0.0199307958477508,-0.0517339484813533,-0.0482276047673971,0.1793771626297577,-0.0984236831987697,-0.0030142252979623,0.0797231833910034,0.0797231833910034,-0.075355632449058,-0.1085121107266436,-0.059115724721261,0.0842137639369473,-0.0088581314878892,0.186082276047674,0.0984236831987697,-0.0629911572472126,0.1245674740484429,-0.16,0.1793771626297577,0.0482276047673971,-0.0199307958477508,-0.0246059207996924,0.1245674740484429,-0.1417301038062283,0.0842137639369473,0.0517339484813533,-0.0297731641676278,-0.0842137639369473,-0.1190926566705113,-0.0415840061514801,-0.2519646289888504,-0.0415840061514801,,,,,0.0369327068328857,-0.1091396063566207,0.3124537467956543,0.0913284122943878,-0.1678183674812317,-0.2324151992797851,0.1436442285776138,-0.1570006608963012,-0.2063968032598495,0.1305637955665588,-0.1481667459011078,-0.162469133734703,77.033447265625,0.1631932705640792
EXPC-375,131.39680118698345,46.78277777672589,D_control_base,21,M3D-115,否,不透水面,中,蓝色彩钢屋顶,judge_C_08.csv,False,21,0.01039600153787,-0.1358861976163014,0.1929104190695886,-0.2844444444444444,-0.0120569011918492,-0.0629911572472126,-0.2761399461745483,0.1358861976163014,-0.0888273740868896,-0.0711111111111111,0.2599000384467512,-0.1034063821607074,0.0222068435217224,-0.0384467512495194,-0.2441522491349481,-0.0935640138408304,0.1476970396001538,0.1301653210303729,-0.059115724721261,0.0711111111111111,-0.0138408304498269,-0.0222068435217224,0.1245674740484429,-0.0711111111111111,-0.0222068435217224,0.3368550557477893,0.0482276047673971,-0.0138408304498269,0.2519646289888504,-0.0415840061514801,0.0482276047673971,-0.0984236831987697,-0.0553633217993079,-0.0271280276816609,0.0384467512495194,0.1929104190695886,-0.1301653210303729,0.0297731641676278,0.1301653210303729,0.0629911572472126,-0.0984236831987697,-0.1301653210303729,-0.0384467512495194,0.0711111111111111,0.0138408304498269,0.16,0.075355632449058,-0.0039369473279507,0.1085121107266436,-0.1085121107266436,0.1998615916955017,0.0553633217993079,-0.0448442906574394,-0.0120569011918492,0.1417301038062283,-0.1301653210303729,0.0935640138408304,0.0553633217993079,-0.0088581314878892,-0.1245674740484429,-0.0935640138408304,0.0415840061514801,-0.2141330257593233,-0.0629911572472126,,,,,0.060904610902071,-0.1004955098032951,0.357718825340271,0.230814129114151,-0.3018518388271332,-0.387655645608902,0.314917117357254,-0.3284671604633331,-0.3674845099449157,0.2213114798069,-0.2552031576633453,-0.2311037182807922,77.39073181152344,0.0911156833171844
EXPC-376,130.97342519357792,45.30190503085485,D_control_base,21,M3D-116,否,不透水面,中,暗色铺面加停车,judge_C_08.csv,False,21,0.075355632449058,-0.2441522491349481,0.1476970396001538,-0.1998615916955017,-0.0415840061514801,-0.0797231833910034,-0.2441522491349481,0.1537870049980776,-0.1929104190695886,0.0984236831987697,0.17279507881584,-0.1034063821607074,0.1034063821607074,-0.1190926566705113,-0.2441522491349481,-0.1358861976163014,0.2069357939254133,0.1034063821607074,-0.01039600153787,0.0984236831987697,-0.0669896193771626,-0.0120569011918492,-0.0177777777777777,-0.0246059207996924,-0.0074432910419069,0.2441522491349481,-0.0384467512495194,0.0271280276816609,0.2214532871972318,-0.0888273740868896,0.0415840061514801,-0.0553633217993079,-0.0553633217993079,-0.0384467512495194,0.1537870049980776,0.1358861976163014,-0.1417301038062283,-0.0669896193771626,0.0271280276816609,-0.0199307958477508,-0.1793771626297577,-0.1476970396001538,-0.0039369473279507,0.059115724721261,0.075355632449058,0.2364628988850442,-0.0553633217993079,-0.0049826989619377,0.075355632449058,-0.0415840061514801,0.0517339484813533,0.0935640138408304,-0.0669896193771626,0.0246059207996924,0.186082276047674,-0.1929104190695886,0.1245674740484429,0.075355632449058,-0.0842137639369473,-0.1301653210303729,-0.1190926566705113,0.0061514801999231,-0.2141330257593233,-0.01039600153787,,,,,0.0252017378807067,-0.0510372929275035,0.6826901435852051,0.0888495594263076,-0.1350553482770919,-0.1276516616344452,0.1003902107477188,-0.1493145674467086,-0.1678144186735153,0.0906298011541366,-0.1460855454206466,-0.0429669842123985,191.0216217041016,0.1618894636631012
EXPC-377,132.01340479800308,46.459653769028094,D_control_base,21,M3D-117,是,湖河滩地,低,平滑泥滩或浅水,judge_C_08.csv,False,16,-0.0138408304498269,-0.0415840061514801,0.1929104190695886,-0.3188927335640138,-0.01039600153787,-0.0074432910419069,-0.3100961168781238,0.186082276047674,-0.0384467512495194,0.0711111111111111,0.1793771626297577,-0.1034063821607074,0.0448442906574394,0.0297731641676278,-0.2519646289888504,0.035432525951557,0.1190926566705113,0.0711111111111111,-0.1034063821607074,-0.0246059207996924,-0.0669896193771626,-0.059115724721261,0.059115724721261,-0.0984236831987697,-0.059115724721261,0.2844444444444444,0.0482276047673971,-0.0030142252979623,0.3014225297962323,-0.0888273740868896,0.0553633217993079,-0.1034063821607074,0.0384467512495194,-0.0177777777777777,0.0039369473279507,0.2599000384467512,-0.075355632449058,0.0325413302575932,0.1034063821607074,0.1929104190695886,-0.0711111111111111,-0.0711111111111111,6.151480199923106e-05,-6.151480199923106e-05,-0.0177777777777777,0.1476970396001538,0.075355632449058,0.1085121107266436,0.1085121107266436,-0.17279507881584,0.1998615916955017,0.0120569011918492,0.0448442906574394,0.0325413302575932,0.1034063821607074,-0.0553633217993079,0.0482276047673971,0.0199307958477508,-0.0009842368319876,-0.0935640138408304,-0.1929104190695886,-0.0553633217993079,-0.17279507881584,0.0297731641676278,,,,,0.0135501353070139,-0.0556451603770256,0.6449517011642456,0.10816191136837,-0.1873444765806198,-0.2563435137271881,0.114381268620491,-0.1815602779388427,-0.2607302963733673,0.1051573976874351,-0.1623811274766922,-0.1938983052968979,131.0956573486328,0.0648872405290603
EXPC-378,131.07637212513802,45.77837145755185,D_control_base,21,M3D-118,否,不透水面,低,浅色硬面夹灌丛,judge_C_08.csv,False,21,0.0222068435217224,-0.1793771626297577,0.1929104190695886,-0.2761399461745483,-0.0415840061514801,-0.0888273740868896,-0.2069357939254133,0.1663360246059207,-0.1301653210303729,-0.0074432910419069,0.2599000384467512,-0.1358861976163014,0.0797231833910034,-0.1301653210303729,-0.2761399461745483,-0.1085121107266436,0.1537870049980776,0.1358861976163014,-0.0517339484813533,0.0553633217993079,-0.0271280276816609,-0.0002460592079969,0.0797231833910034,-0.0553633217993079,0.0246059207996924,0.2761399461745483,0.01039600153787,0.035432525951557,0.2214532871972318,-0.0138408304498269,0.059115724721261,-0.0797231833910034,-0.0271280276816609,-0.0120569011918492,0.0553633217993079,0.1190926566705113,-0.1537870049980776,-0.0711111111111111,0.1476970396001538,-0.0177777777777777,-0.0935640138408304,-0.17279507881584,-0.0061514801999231,0.0888273740868896,0.0271280276816609,0.186082276047674,0.0888273740868896,-0.035432525951557,0.1190926566705113,-0.1476970396001538,0.1245674740484429,0.0888273740868896,-0.0629911572472126,-0.0177777777777777,0.1537870049980776,-0.1929104190695886,0.1301653210303729,0.0415840061514801,-0.0199307958477508,-0.1301653210303729,-0.1417301038062283,0.0325413302575932,-0.1358861976163014,-0.0669896193771626,,,,,0.0623942241072654,-0.1596059054136276,-0.0002929973707068,0.11082474142313,-0.225302055478096,-0.3742824196815491,0.1941002905368805,-0.2769716084003448,-0.3917197585105896,0.1669595837593078,-0.3079448342323303,-0.3909274637699127,190.48020935058597,0.1022680774331092
EXPC-379,131.98376039362714,45.58595232369345,D_control_base,21,M3D-119,否,裸地,中,村内裸土场院,judge_C_08.csv,False,22,-0.0157477893118031,-0.0984236831987697,0.1301653210303729,-0.2761399461745483,0.0271280276816609,-0.0030142252979623,-0.2761399461745483,0.16,-0.16,0.0199307958477508,0.1537870049980776,-0.17279507881584,0.01039600153787,-0.0553633217993079,-0.2844444444444444,-0.0199307958477508,0.0984236831987697,0.0517339484813533,-0.0177777777777777,0.0984236831987697,-0.1085121107266436,-0.0448442906574394,0.0888273740868896,-0.1085121107266436,0.0246059207996924,0.3742560553633218,0.0669896193771626,0.0120569011918492,0.2679584775086506,-0.059115724721261,0.0061514801999231,-0.059115724721261,-0.0842137639369473,-0.0030142252979623,0.1085121107266436,0.2519646289888504,-0.0517339484813533,0.0222068435217224,0.0711111111111111,0.0629911572472126,-0.0297731641676278,-0.1190926566705113,-0.0325413302575932,0.0517339484813533,0.0448442906574394,0.2364628988850442,0.0888273740868896,-0.0297731641676278,0.075355632449058,-0.0888273740868896,0.1998615916955017,0.0482276047673971,-0.0222068435217224,-0.0246059207996924,0.1245674740484429,-0.17279507881584,0.1085121107266436,0.075355632449058,-0.0074432910419069,-0.1358861976163014,-0.0842137639369473,0.0271280276816609,-0.1476970396001538,-0.0711111111111111,,,,,0.0497292801737785,-0.0888197720050811,0.6560929417610168,0.1230480968952179,-0.2425708323717117,-0.3497478365898132,0.2214166224002838,-0.2882353067398071,-0.3227927684783935,0.1785714328289032,-0.3089770376682281,-0.2917892336845398,113.5117645263672,0.1022680774331092
EXPC-380,132.0314609352139,46.474745465801305,D_control_base,21,M3D-120,否,不透水面,中,蓝顶厂房,judge_C_08.csv,False,21,-0.0088581314878892,-0.1137408688965782,0.2141330257593233,-0.2679584775086506,0.01039600153787,-0.0711111111111111,-0.16,0.1537870049980776,-0.075355632449058,-0.0842137639369473,0.292871972318339,-0.1793771626297577,-0.0271280276816609,-0.1998615916955017,-0.2441522491349481,-0.0157477893118031,0.0842137639369473,0.1417301038062283,-0.075355632449058,0.0415840061514801,0.0517339484813533,-0.0271280276816609,0.1085121107266436,-0.0711111111111111,0.0935640138408304,0.2679584775086506,0.0448442906574394,-0.0629911572472126,0.1929104190695886,0.0482276047673971,0.0842137639369473,-0.1085121107266436,0.0415840061514801,0.0669896193771626,-0.0842137639369473,0.1793771626297577,-0.1190926566705113,-0.0138408304498269,0.1034063821607074,-0.0297731641676278,0.0246059207996924,-0.0669896193771626,-0.0297731641676278,0.1245674740484429,0.0517339484813533,0.1537870049980776,0.1476970396001538,-0.0482276047673971,0.186082276047674,-0.1358861976163014,0.1245674740484429,0.01039600153787,-0.0935640138408304,-0.0384467512495194,0.075355632449058,-0.1476970396001538,0.075355632449058,0.035432525951557,0.0246059207996924,-0.0448442906574394,-0.1301653210303729,-0.0669896193771626,-0.3100961168781238,-0.1034063821607074,,,,,0.0603408552706241,-0.1201946437358856,0.1842148303985595,0.384276270866394,-0.3839373290538788,-0.6262071132659912,0.3306159377098083,-0.3180798590183258,-0.7110540866851807,0.2037470787763595,-0.2032774090766906,-0.3910839557647705,83.07130432128906,0.0648872405290603
EXPC-381,131.14967465232218,45.40404347865925,D_control_base,21,M3D-121,否,不透水面,低,浅灰场坪带杂物,judge_C_08.csv,False,21,-0.0049826989619377,0.0199307958477508,0.186082276047674,-0.4340484429065744,-0.0222068435217224,-0.0157477893118031,-0.2519646289888504,0.1998615916955017,-0.075355632449058,0.0002460592079969,0.1301653210303729,-0.1190926566705113,-0.0482276047673971,-0.0448442906574394,-0.2214532871972318,-0.0297731641676278,0.1358861976163014,0.1034063821607074,-0.075355632449058,0.0629911572472126,0.0120569011918492,0.0022145328719723,0.1190926566705113,-0.0935640138408304,-0.0177777777777777,0.2761399461745483,-0.0384467512495194,-0.0711111111111111,0.2599000384467512,0.0120569011918492,0.1034063821607074,-0.0888273740868896,0.0271280276816609,-0.0222068435217224,-0.0138408304498269,0.2364628988850442,-0.0482276047673971,0.0797231833910034,0.1417301038062283,-0.000553633217993,-0.0246059207996924,-0.0448442906574394,-0.0517339484813533,0.0711111111111111,-0.0138408304498269,0.2069357939254133,0.17279507881584,-0.0629911572472126,0.0984236831987697,-0.1476970396001538,0.1663360246059207,0.0629911572472126,-0.0088581314878892,0.01039600153787,0.1190926566705113,-0.0797231833910034,0.01039600153787,0.059115724721261,0.0325413302575932,-0.0842137639369473,-0.16,-0.0797231833910034,-0.186082276047674,-0.1476970396001538,,,,,0.0256359111517667,-0.0503626503050327,0.5519198775291443,0.1516733914613723,-0.2521290183067322,-0.3347107470035553,0.1941791772842407,-0.2427827715873718,-0.2893626391887665,0.2146407663822174,-0.2703213691711426,-0.2831940650939941,204.86471557617188,0.1022680774331092
EXPC-382,132.477204979194,46.431087342993095,D_control_base,21,M3D-122,否,不透水面,低,院内路坪夹灌丛,judge_C_08.csv,False,21,-0.0384467512495194,0.0246059207996924,0.1245674740484429,-0.3647212610534409,0.0629911572472126,0.0325413302575932,-0.2519646289888504,0.1663360246059207,-0.0297731641676278,-0.0482276047673971,0.1929104190695886,-0.16,-0.0553633217993079,-0.0088581314878892,-0.2519646289888504,0.1301653210303729,0.0711111111111111,0.0061514801999231,-0.0517339484813533,0.0669896193771626,-0.0553633217993079,0.0138408304498269,0.1137408688965782,-0.1137408688965782,-0.0138408304498269,0.2441522491349481,0.0888273740868896,-0.035432525951557,0.3014225297962323,-0.1137408688965782,0.0246059207996924,-0.1137408688965782,-0.0297731641676278,0.059115724721261,-0.0039369473279507,0.3188927335640138,-0.0553633217993079,0.0415840061514801,0.0271280276816609,0.0448442906574394,-0.0669896193771626,-0.0669896193771626,-0.0415840061514801,-0.0002460592079969,-0.0157477893118031,0.1998615916955017,0.1929104190695886,-0.0415840061514801,0.0842137639369473,-0.16,0.2364628988850442,-0.059115724721261,-0.0448442906574394,0.0120569011918492,0.0448442906574394,-0.0384467512495194,0.0448442906574394,0.035432525951557,0.0553633217993079,-0.1034063821607074,-0.186082276047674,-0.0297731641676278,-0.1034063821607074,-0.0711111111111111,,,,,0.0322204418480396,-0.0670685768127441,0.6736514568328857,0.1674364954233169,-0.2994858622550964,-0.4766534566879272,0.4455123841762543,-0.444339245557785,-0.4505817890167236,0.2267303168773651,-0.311224490404129,-0.3710691928863525,64.73087310791016,0.0648872405290603
EXPC-383,131.28388295576963,45.303791492951504,D_control_base,21,M3D-123,否,大棚,低,长条棚膜顶疑大棚,judge_C_08.csv,False,1,0.0482276047673971,-0.1417301038062283,0.1476970396001538,-0.2069357939254133,0.0297731641676278,-0.1190926566705113,-0.16,0.1998615916955017,-0.1537870049980776,0.0157477893118031,0.2599000384467512,-0.1245674740484429,0.0120569011918492,-0.1190926566705113,-0.3100961168781238,-0.17279507881584,0.1929104190695886,0.1301653210303729,-0.0415840061514801,0.0984236831987697,-0.0711111111111111,-0.0271280276816609,0.1301653210303729,-0.075355632449058,0.0842137639369473,0.3014225297962323,0.0271280276816609,0.0517339484813533,0.1476970396001538,-0.0888273740868896,0.0049826989619377,-0.0517339484813533,0.0015378700499807,0.01039600153787,0.1190926566705113,0.1137408688965782,-0.1663360246059207,-0.0842137639369473,0.1245674740484429,-0.0415840061514801,-0.0517339484813533,-0.1793771626297577,-0.0074432910419069,0.0797231833910034,0.0553633217993079,0.186082276047674,0.0669896193771626,-0.0297731641676278,0.1537870049980776,-0.0984236831987697,0.0888273740868896,0.0984236831987697,-0.01039600153787,0.0049826989619377,0.186082276047674,-0.17279507881584,0.0984236831987697,0.0384467512495194,0.0325413302575932,-0.1190926566705113,-0.0984236831987697,0.0448442906574394,-0.2069357939254133,-0.0325413302575932,,,,,0.1419859677553177,-0.167740598320961,0.1721311509609222,0.2371561974287033,-0.2633810341358185,-0.346743106842041,0.2612393796443939,-0.2620060741901397,-0.3115311861038208,0.1930735856294632,-0.2325581461191177,-0.2226500511169433,200.0894317626953,0.1022680774331092
EXPC-384,132.49175768679677,46.07023409336228,D_control_base,21,M3D-124,否,不透水面,中,街巷暗色路面,judge_C_08.csv,False,21,0.0039369473279507,-0.0039369473279507,0.1301653210303729,-0.2844444444444444,0.0246059207996924,-0.075355632449058,-0.2679584775086506,0.2364628988850442,-0.0629911572472126,0.059115724721261,0.0797231833910034,-0.0482276047673971,-0.0935640138408304,-0.0325413302575932,-0.2599000384467512,0.0297731641676278,0.0669896193771626,0.0039369473279507,-0.0669896193771626,0.1417301038062283,-0.0074432910419069,-0.000553633217993,0.0935640138408304,-0.0517339484813533,-0.0157477893118031,0.2364628988850442,0.0177777777777777,-0.0842137639369473,0.3368550557477893,-0.1034063821607074,0.0222068435217224,-0.0325413302575932,-0.0049826989619377,0.0669896193771626,0.0797231833910034,0.3368550557477893,0.1085121107266436,-0.0222068435217224,0.0842137639369473,0.0177777777777777,-0.0669896193771626,0.0039369473279507,-0.0984236831987697,0.0222068435217224,0.0325413302575932,0.2679584775086506,0.2214532871972318,-0.075355632449058,0.0517339484813533,-0.0984236831987697,0.16,0.0199307958477508,-0.0482276047673971,0.0629911572472126,0.1085121107266436,-0.075355632449058,0.035432525951557,0.0384467512495194,0.0074432910419069,-0.2069357939254133,-0.1998615916955017,-0.0120569011918492,-0.0797231833910034,-0.0669896193771626,,,,,0.0265062991529703,-0.0326872356235981,0.6569744348526001,0.1932524442672729,-0.3202357590198517,-0.3793722093105316,0.3153201937675476,-0.4063267409801483,-0.4465391933917999,0.4265450835227966,-0.4904728233814239,-0.4908321499824524,171.890625,0.0648872405290603
EXPC-385,130.8710172511883,45.20407849641424,D_control_base,21,M3D-125,是,草本沼泽,低,绿草夹暗湿斑,judge_C_08.csv,False,15,-0.035432525951557,-0.2069357939254133,0.1245674740484429,-0.2844444444444444,-0.0039369473279507,-0.1358861976163014,-0.3100961168781238,0.1537870049980776,-0.0415840061514801,-0.0120569011918492,0.1663360246059207,-0.1537870049980776,-0.0271280276816609,-0.1085121107266436,-0.2069357939254133,-0.0415840061514801,0.1358861976163014,0.0888273740868896,-0.0448442906574394,0.0711111111111111,-0.059115724721261,-0.01039600153787,0.0669896193771626,-0.0517339484813533,-0.0984236831987697,0.2069357939254133,-0.0138408304498269,-0.0157477893118031,0.3368550557477893,-0.1190926566705113,0.0935640138408304,-0.1301653210303729,-0.0120569011918492,0.0199307958477508,0.0553633217993079,0.2679584775086506,-0.0384467512495194,0.1137408688965782,0.1137408688965782,0.0935640138408304,-0.1663360246059207,-0.1245674740484429,-0.0517339484813533,0.0888273740868896,0.0482276047673971,0.1998615916955017,0.075355632449058,0.0482276047673971,0.0482276047673971,-0.0935640138408304,0.1537870049980776,0.0039369473279507,-0.1085121107266436,0.1034063821607074,0.1793771626297577,-0.0482276047673971,0.035432525951557,0.0629911572472126,-0.0384467512495194,-0.1034063821607074,-0.1417301038062283,-0.0138408304498269,-0.0984236831987697,-0.035432525951557,,,,,0.0368920527398586,-0.0548482462763786,0.6118543148040771,0.1969697028398513,-0.2606382966041565,-0.3633587658405304,0.3853035271167755,-0.3403400182723999,-0.2758737802505493,0.3209186792373657,-0.4050841927528381,-0.3108986616134643,258.40264892578125,0.1618894636631012
EXPC-386,130.0396264557357,45.96917362389883,D_control_base,21,M3D-126,否,草本旱地,低,菜园行播夹浅色床,judge_C_08.csv,False,0,-0.0271280276816609,0.0074432910419069,0.2214532871972318,-0.3014225297962323,-0.0222068435217224,0.0246059207996924,-0.2679584775086506,0.2141330257593233,-0.0271280276816609,-0.059115724721261,0.2364628988850442,-0.1663360246059207,0.0074432910419069,-0.0088581314878892,-0.1929104190695886,0.0415840061514801,0.1085121107266436,0.0888273740868896,-0.1085121107266436,0.0517339484813533,-0.0138408304498269,-0.0177777777777777,0.17279507881584,-0.075355632449058,-0.0177777777777777,0.3278123798539023,0.0888273740868896,-0.059115724721261,0.2441522491349481,-0.0415840061514801,0.0629911572472126,-0.059115724721261,-0.0120569011918492,0.01039600153787,0.0325413302575932,0.2214532871972318,-0.0984236831987697,0.0482276047673971,0.0888273740868896,-0.0030142252979623,-0.0138408304498269,-0.1358861976163014,-0.0517339484813533,0.0553633217993079,-0.0482276047673971,0.2141330257593233,0.16,-0.0297731641676278,0.0984236831987697,-0.1245674740484429,0.2214532871972318,0.0199307958477508,-0.0246059207996924,0.0384467512495194,0.1137408688965782,-0.0797231833910034,0.0415840061514801,0.0297731641676278,0.0088581314878892,-0.1137408688965782,-0.1998615916955017,-0.0222068435217224,-0.1537870049980776,-0.0797231833910034,,,,,0.0779747441411018,-0.0969111025333404,0.4502082467079162,0.1408751308917999,-0.2856283783912658,-0.4808826744556427,0.3232273757457733,-0.3708206713199615,-0.4055994153022766,0.2354529798030853,-0.3043027520179748,-0.3770453631877899,211.29391479492188,0.1618894636631012
EXPC-387,130.4966892722957,48.85249619133727,D_control_base,21,M3D-127,否,裸地,低,村内土路裸土,judge_C_08.csv,False,22,0.0138408304498269,-0.1137408688965782,0.2364628988850442,-0.3188927335640138,0.0138408304498269,-0.0448442906574394,-0.3368550557477893,0.1663360246059207,-0.0711111111111111,-0.0297731641676278,0.1537870049980776,-0.0842137639369473,-0.0177777777777777,0.0177777777777777,-0.2214532871972318,0.1358861976163014,0.1998615916955017,0.0177777777777777,-0.059115724721261,0.0797231833910034,0.0482276047673971,-0.0246059207996924,0.1301653210303729,-0.0888273740868896,-0.0984236831987697,0.3014225297962323,0.0629911572472126,-0.0271280276816609,0.3278123798539023,-0.0711111111111111,0.0297731641676278,-0.0669896193771626,-0.0711111111111111,-0.0177777777777777,0.0629911572472126,0.2364628988850442,-0.0199307958477508,0.0415840061514801,0.0074432910419069,0.059115724721261,-0.0415840061514801,-0.0384467512495194,-0.1190926566705113,0.0482276047673971,0.0246059207996924,0.2069357939254133,0.1137408688965782,-0.0842137639369473,0.0669896193771626,-0.075355632449058,0.1929104190695886,-0.0061514801999231,-0.059115724721261,0.0448442906574394,0.0935640138408304,-0.0711111111111111,0.0088581314878892,-0.0015378700499807,0.0448442906574394,-0.075355632449058,-0.1537870049980776,-0.0177777777777777,-0.16,-0.0797231833910034,,,,,0.0207327455282211,-0.0560493655502796,0.7416644096374512,0.2020382136106491,-0.3138401508331299,-0.301488310098648,0.5124421715736389,-0.4856154024600982,-0.4065385460853576,0.4595934450626373,-0.508969783782959,-0.3911661803722381,92.22496032714844,0.0640474185347557
EXPC-388,134.01952249049882,48.29625936741046,D_control_base,23,M3D-128,否,水体,中,均一褐水面,judge_C_08.csv,False,23,-0.0138408304498269,-0.1358861976163014,-0.035432525951557,-0.1793771626297577,-0.0297731641676278,0.059115724721261,-0.1417301038062283,0.1663360246059207,0.01039600153787,0.1137408688965782,-0.0297731641676278,-0.16,0.0074432910419069,0.0039369473279507,-0.1793771626297577,0.2519646289888504,0.0888273740868896,-0.1245674740484429,0.0271280276816609,0.1034063821607074,-0.0297731641676278,0.0984236831987697,0.0138408304498269,0.0517339484813533,-0.1998615916955017,0.0246059207996924,0.1476970396001538,-0.1245674740484429,0.3100961168781238,-0.2599000384467512,-0.0384467512495194,0.1537870049980776,0.01039600153787,-0.1137408688965782,-0.0448442906574394,0.2441522491349481,0.0711111111111111,-0.0984236831987697,0.0297731641676278,0.1190926566705113,-0.0888273740868896,-0.0088581314878892,0.0415840061514801,-0.0629911572472126,-0.0517339484813533,0.2844444444444444,-0.1417301038062283,0.0888273740868896,-0.1190926566705113,-0.1476970396001538,0.2214532871972318,-0.0888273740868896,-0.0984236831987697,-0.0199307958477508,0.0222068435217224,-0.0517339484813533,0.0120569011918492,0.0415840061514801,-0.0157477893118031,-0.0222068435217224,-0.2214532871972318,-0.1476970396001538,-0.0797231833910034,0.186082276047674,,,,,0.0103874886408448,-0.0306565873324871,0.773276686668396,-0.0214711725711822,-0.0144270407035946,0.6852863430976868,-0.2310258597135543,0.1919368952512741,0.7237008810043335,0.0429862178862094,-0.1104848906397819,0.7785117626190186,37.5,0.0481114648282527
EXPC-389,134.5221298919637,48.3469243494348,D_control_base,23,M3D-129,是,湖河滩地,低,灰白平滑滩面,judge_C_08.csv,False,16,-0.0120569011918492,-0.1476970396001538,-0.0325413302575932,-0.1663360246059207,-0.035432525951557,0.0177777777777777,-0.0935640138408304,0.16,-0.0039369473279507,0.1034063821607074,-0.0120569011918492,-0.1190926566705113,-0.0061514801999231,-0.0177777777777777,-0.1358861976163014,0.2844444444444444,0.0935640138408304,-0.1793771626297577,0.0199307958477508,0.0842137639369473,-0.01039600153787,0.1034063821607074,0.0177777777777777,0.0553633217993079,-0.186082276047674,-0.0297731641676278,0.1537870049980776,-0.1190926566705113,0.3014225297962323,-0.2519646289888504,-0.075355632449058,0.1793771626297577,0.0049826989619377,-0.0711111111111111,-0.0384467512495194,0.2288965782391388,0.075355632449058,-0.1301653210303729,-0.0088581314878892,0.1663360246059207,-0.0797231833910034,-0.0022145328719723,0.0629911572472126,-0.0222068435217224,-0.0138408304498269,0.2844444444444444,-0.1301653210303729,0.0842137639369473,-0.0935640138408304,-0.1998615916955017,0.186082276047674,-0.0797231833910034,-0.0984236831987697,-0.0120569011918492,-0.0222068435217224,-0.0448442906574394,0.0120569011918492,0.0271280276816609,0.0199307958477508,-0.0222068435217224,-0.2441522491349481,-0.1358861976163014,-0.0517339484813533,0.2364628988850442,,,,,0.0061176470480859,-0.021500239148736,0.8216589093208313,-0.0850607603788375,0.0892920643091201,0.5441250801086426,-0.321739137172699,0.2535885274410248,0.701298713684082,-0.3997879028320312,0.3531428575515747,0.8243451714515686,35.0,0.0481114648282527
EXPC-390,132.45052501525564,45.82337705328624,D_control_base,23,M3D-130,是,草本沼泽,中,深暗均质湿地植被,judge_C_08.csv,False,15,-0.0482276047673971,-0.16,-0.075355632449058,-0.186082276047674,-0.0271280276816609,0.0199307958477508,-0.0888273740868896,0.1190926566705113,0.0177777777777777,0.0842137639369473,-0.000553633217993,-0.1417301038062283,-0.0325413302575932,-0.059115724721261,-0.1358861976163014,0.2441522491349481,0.075355632449058,-0.1998615916955017,0.0271280276816609,0.0888273740868896,-0.0415840061514801,0.1537870049980776,-0.0061514801999231,0.059115724721261,-0.2288965782391388,-0.035432525951557,0.1358861976163014,-0.1190926566705113,0.2679584775086506,-0.2679584775086506,-0.0711111111111111,0.1417301038062283,0.0325413302575932,-0.0935640138408304,-0.035432525951557,0.2141330257593233,0.0797231833910034,-0.1190926566705113,-0.0177777777777777,0.1663360246059207,-0.0935640138408304,0.0553633217993079,0.0888273740868896,-0.0629911572472126,-0.0157477893118031,0.292871972318339,-0.1034063821607074,0.1245674740484429,-0.0888273740868896,-0.17279507881584,0.1793771626297577,-0.0629911572472126,-0.1358861976163014,-0.0482276047673971,0.0222068435217224,-0.0246059207996924,0.0199307958477508,0.0711111111111111,0.0138408304498269,-0.0120569011918492,-0.186082276047674,-0.2069357939254133,-0.0271280276816609,0.2214532871972318,,,,,0.0107526881620287,-0.0236742421984672,0.845190167427063,-0.1156716421246528,0.161061942577362,0.6406835913658142,-0.2657894790172577,0.4095238149166107,0.8048780560493469,-0.2934749722480774,0.2359698116779327,0.8754979968070984,94.5,0.0905515700578689
EXPC-391,131.2550470351494,47.18324673038637,D_control_base,23,M3D-131,是,湖河滩地,低,灰褐平滑滩或浅水,judge_C_08.csv,False,16,-0.0222068435217224,-0.1085121107266436,-0.059115724721261,-0.1793771626297577,-0.0297731641676278,0.0448442906574394,-0.1358861976163014,0.1929104190695886,-0.0246059207996924,0.0888273740868896,0.0120569011918492,-0.17279507881584,0.0039369473279507,-0.0384467512495194,-0.17279507881584,0.2441522491349481,0.0711111111111111,-0.16,0.035432525951557,0.0797231833910034,-0.0482276047673971,0.1034063821607074,0.0199307958477508,0.0553633217993079,-0.1793771626297577,-0.0325413302575932,0.1358861976163014,-0.1137408688965782,0.3278123798539023,-0.2141330257593233,-0.0448442906574394,0.1085121107266436,0.0177777777777777,-0.059115724721261,-0.0246059207996924,0.2679584775086506,0.075355632449058,-0.0842137639369473,0.000553633217993,0.1417301038062283,-0.1085121107266436,-0.0061514801999231,0.0935640138408304,-0.0482276047673971,-0.0246059207996924,0.3014225297962323,-0.1358861976163014,0.1137408688965782,-0.0888273740868896,-0.1245674740484429,0.2141330257593233,-0.0797231833910034,-0.1137408688965782,-0.059115724721261,-0.0120569011918492,-0.075355632449058,0.0297731641676278,0.0553633217993079,-0.01039600153787,-0.0297731641676278,-0.2364628988850442,-0.1663360246059207,-0.0711111111111111,0.186082276047674,,,,,0.0185289159417152,-0.0454578213393688,0.8163125514984131,-0.1331658363342285,0.2032332569360733,0.5368731617927551,-0.1682785302400589,0.0732758641242981,0.6531120538711548,-0.2969415485858917,0.2414369285106659,0.7637982368469238,63.5,0.0770410150289535
EXPC-392,134.63909054195605,48.40594366360145,D_control_base,23,M3D-132,是,草本沼泽,低,浅水藻被湿斑,judge_C_08.csv,False,15,-0.0325413302575932,-0.1358861976163014,-0.0415840061514801,-0.16,-0.0553633217993079,0.0246059207996924,-0.1245674740484429,0.17279507881584,-0.0039369473279507,0.0935640138408304,0.0246059207996924,-0.1417301038062283,0.0222068435217224,-0.075355632449058,-0.1793771626297577,0.2288965782391388,0.0888273740868896,-0.17279507881584,0.01039600153787,0.0984236831987697,-0.0325413302575932,0.1137408688965782,0.0049826989619377,0.0711111111111111,-0.2069357939254133,-0.0039369473279507,0.0888273740868896,-0.1190926566705113,0.292871972318339,-0.2441522491349481,-0.0482276047673971,0.17279507881584,0.0246059207996924,-0.0711111111111111,-0.0448442906574394,0.2441522491349481,0.0842137639369473,-0.1137408688965782,0.0246059207996924,0.1190926566705113,-0.0888273740868896,-0.0039369473279507,0.0842137639369473,-0.0157477893118031,-0.0138408304498269,0.3100961168781238,-0.1137408688965782,0.1085121107266436,-0.0984236831987697,-0.186082276047674,0.17279507881584,-0.0669896193771626,-0.1137408688965782,-0.0553633217993079,0.0138408304498269,-0.0297731641676278,0.075355632449058,0.0797231833910034,-0.0297731641676278,-0.0015378700499807,-0.2288965782391388,-0.1663360246059207,-0.0384467512495194,0.2141330257593233,,,,,-0.039092056453228,0.0202957112342119,0.8258011341094971,-0.1530448645353317,0.2043658196926117,0.8338108658790588,-0.2477535307407379,0.1838440150022506,0.5044247508049011,-0.4029850661754608,0.3325661718845367,0.8483639359474182,34.0,0.0481114648282527
EXPC-393,130.5982887309296,48.75844258108995,D_control_base,23,M3D-133,是,湖河滩地,低,泥滩斑驳或残茬,judge_C_08.csv,False,16,-0.0384467512495194,-0.16,-0.0222068435217224,-0.16,-0.059115724721261,0.0088581314878892,-0.1034063821607074,0.1998615916955017,0.0246059207996924,0.1034063821607074,-0.0271280276816609,-0.1034063821607074,0.0448442906574394,-0.0482276047673971,-0.1417301038062283,0.3014225297962323,0.1034063821607074,-0.1998615916955017,0.0138408304498269,0.0448442906574394,-0.0177777777777777,0.0984236831987697,0.0138408304498269,0.0629911572472126,-0.17279507881584,-0.035432525951557,0.1245674740484429,-0.0935640138408304,0.292871972318339,-0.2679584775086506,-0.0888273740868896,0.2069357939254133,-0.0297731641676278,-0.0797231833910034,-0.075355632449058,0.1998615916955017,0.0669896193771626,-0.1476970396001538,-0.0061514801999231,0.1301653210303729,-0.035432525951557,0.035432525951557,0.0553633217993079,-0.0138408304498269,0.0039369473279507,0.3014225297962323,-0.0935640138408304,0.0517339484813533,-0.1137408688965782,-0.1998615916955017,0.1537870049980776,-0.0669896193771626,-0.1190926566705113,-0.01039600153787,0.0074432910419069,-0.0384467512495194,0.0482276047673971,0.035432525951557,-0.0271280276816609,-0.0448442906574394,-0.2364628988850442,-0.1358861976163014,-0.0074432910419069,0.2069357939254133,,,,,0.0167649164795875,-0.0380482636392116,0.8091767430305481,-0.1091339141130447,0.1022585406899452,0.9103068709373474,-0.2952783703804016,0.3093922734260559,0.6544502377510071,-0.3449477255344391,0.3049907684326172,0.6229885220527649,78.71054077148438,0.0640474185347557
EXPC-394,134.57063891730613,48.12917272456423,D_control_base,23,M3D-134,是,草本沼泽,中,沼泽草夹明水泥斑,judge_C_08.csv,False,15,-0.0271280276816609,-0.1137408688965782,-0.0138408304498269,-0.2288965782391388,0.0384467512495194,-0.0325413302575932,-0.2069357939254133,0.186082276047674,0.0120569011918492,0.0935640138408304,-0.01039600153787,-0.1358861976163014,-0.075355632449058,0.0517339484813533,-0.2519646289888504,0.2441522491349481,0.0669896193771626,-0.1034063821607074,-0.0482276047673971,0.0842137639369473,-0.0384467512495194,0.1190926566705113,0.01039600153787,-0.0138408304498269,-0.1663360246059207,0.0517339484813533,0.1190926566705113,-0.0711111111111111,0.3839138792772011,-0.2761399461745483,-0.0030142252979623,-0.0088581314878892,-0.1085121107266436,-0.0297731641676278,-0.0711111111111111,0.3100961168781238,0.0984236831987697,0.0246059207996924,0.059115724721261,0.0984236831987697,-0.0553633217993079,0.0138408304498269,-0.0157477893118031,-0.0009842368319876,-0.0138408304498269,0.2761399461745483,-0.0448442906574394,0.0669896193771626,-0.059115724721261,-0.0984236831987697,0.2069357939254133,-0.0797231833910034,-0.075355632449058,0.0074432910419069,-0.0138408304498269,-0.0120569011918492,-0.0669896193771626,0.0030142252979623,0.0030142252979623,-0.0984236831987697,-0.2288965782391388,-0.0711111111111111,-0.0517339484813533,0.1190926566705113,,,,,0.0123587567359209,-0.0306770522147417,0.7951620221138,-0.1596581190824508,0.2139430791139602,0.3864134550094604,0.5963302850723267,-0.3694048225879669,-0.0153609830886125,-0.0339734107255935,-0.0061538461595773,-0.1894604712724685,36.0,0.0481114648282527
EXPC-395,132.33625931111564,45.20596495851089,D_control_base,23,M3D-135,是,湖河滩地,低,湿泥滩夹白斑,judge_C_08.csv,False,16,0.0553633217993079,-0.0984236831987697,-0.0325413302575932,-0.1085121107266436,-0.0797231833910034,0.1085121107266436,-0.0888273740868896,0.1085121107266436,0.0177777777777777,0.1793771626297577,-0.0177777777777777,-0.0984236831987697,-0.0482276047673971,-0.059115724721261,-0.1034063821607074,0.2364628988850442,0.0935640138408304,-0.1301653210303729,0.0199307958477508,0.0842137639369473,0.0039369473279507,0.17279507881584,0.01039600153787,0.0517339484813533,-0.2214532871972318,0.035432525951557,0.1358861976163014,-0.17279507881584,0.2288965782391388,-0.2441522491349481,-0.0842137639369473,0.3014225297962323,0.0842137639369473,-0.1793771626297577,-0.0415840061514801,0.1793771626297577,0.0711111111111111,-0.0888273740868896,-0.0629911572472126,0.0669896193771626,-0.0984236831987697,0.0384467512495194,0.1245674740484429,-0.0517339484813533,-0.0415840061514801,0.2288965782391388,-0.1476970396001538,0.1301653210303729,-0.075355632449058,-0.0984236831987697,0.1793771626297577,-0.01039600153787,-0.0415840061514801,-0.059115724721261,-0.0138408304498269,-0.0888273740868896,0.0297731641676278,0.0325413302575932,0.035432525951557,0.0984236831987697,-0.186082276047674,-0.2288965782391388,-0.1137408688965782,0.2441522491349481,,,,,0.0019921995699405,-0.0200816970318555,0.8527680039405823,-0.0951048955321312,0.1191286593675613,0.8901983499526978,-0.3703703582286834,0.3715953230857849,0.6206896305084229,-0.3240938186645508,0.2986725568771362,0.8950766921043396,68.0,0.0905515700578689
EXPC-396,131.27957104240585,47.20022488925623,D_control_base,23,M3D-136,是,湖河滩地,低,均一褐泥面或浅水,judge_C_08.csv,False,16,-0.0022145328719723,-0.0984236831987697,0.0415840061514801,-0.1929104190695886,-0.0517339484813533,0.0935640138408304,-0.1663360246059207,0.1929104190695886,-0.0177777777777777,0.16,0.0935640138408304,-0.1663360246059207,0.1085121107266436,-0.0415840061514801,-0.1476970396001538,0.1245674740484429,0.0629911572472126,-0.0797231833910034,-0.0271280276816609,0.0984236831987697,-0.0482276047673971,0.0984236831987697,0.0448442906574394,0.0517339484813533,-0.1929104190695886,0.0271280276816609,0.0888273740868896,-0.1358861976163014,0.3368550557477893,-0.1663360246059207,-0.0384467512495194,0.1190926566705113,0.0553633217993079,-0.0888273740868896,-0.1190926566705113,0.2679584775086506,0.0629911572472126,-0.0797231833910034,0.0297731641676278,0.1358861976163014,-0.1034063821607074,-0.0629911572472126,0.0984236831987697,-0.0061514801999231,-0.0711111111111111,0.3188927335640138,-0.0842137639369473,0.1137408688965782,-0.0517339484813533,-0.1929104190695886,0.2214532871972318,-0.0157477893118031,-0.0553633217993079,-0.0797231833910034,-0.0222068435217224,-0.0629911572472126,0.0297731641676278,0.0888273740868896,-0.035432525951557,-0.035432525951557,-0.2214532871972318,-0.17279507881584,-0.1085121107266436,0.16,,,,,0.0462193377315998,-0.1013657674193382,0.6293286681175232,-0.0572916679084301,0.1039603948593139,0.3691481053829193,-0.2801805138587951,0.2675085961818695,0.4972875118255615,-0.3131487965583801,0.2613953351974487,0.4169279038906097,63.0,0.0770410150289535
EXPC-397,130.8297845796472,48.30542218330847,D_control_base,23,M3D-137,否,草本旱地,低,深绿均质田无田埂,judge_C_08.csv,False,0,-0.0448442906574394,-0.16,-0.0271280276816609,-0.16,-0.0384467512495194,-0.0120569011918492,-0.1245674740484429,0.16,0.0297731641676278,0.1301653210303729,-0.0030142252979623,-0.1190926566705113,0.059115724721261,-0.0629911572472126,-0.16,0.2761399461745483,0.1085121107266436,-0.186082276047674,-0.035432525951557,0.0384467512495194,-0.0517339484813533,0.1034063821607074,-0.0199307958477508,0.075355632449058,-0.1793771626297577,-0.0448442906574394,0.075355632449058,-0.0669896193771626,0.3014225297962323,-0.2679584775086506,-0.0797231833910034,0.1663360246059207,-0.0384467512495194,-0.1245674740484429,-0.0553633217993079,0.1998615916955017,0.035432525951557,-0.1358861976163014,-0.0297731641676278,0.1537870049980776,-0.0553633217993079,0.0325413302575932,0.0384467512495194,-0.0030142252979623,-0.0138408304498269,0.3460207612456747,-0.0935640138408304,0.0138408304498269,-0.1034063821607074,-0.1998615916955017,0.1537870049980776,-0.0448442906574394,-0.1034063821607074,0.0297731641676278,0.0049826989619377,-0.035432525951557,0.0325413302575932,0.0120569011918492,-0.0325413302575932,-0.059115724721261,-0.2288965782391388,-0.16,-0.0074432910419069,0.1998615916955017,,,,,0.0053848978132009,-0.0193572398275136,0.8558177947998047,-0.0558722913265228,0.0484321117401123,0.81111741065979,0.003115264698863,0.0262096766382455,0.4501424431800842,0.2318435758352279,-0.252840906381607,0.4332424998283386,69.5,0.0640474185347557
EXPC-398,133.09892898733312,46.22465449070243,D_control_base,23,M3D-138,是,草本沼泽,低,深暗密集湿地植被,judge_C_08.csv,False,15,-0.035432525951557,-0.1417301038062283,-0.0553633217993079,-0.2141330257593233,-0.0157477893118031,-0.0177777777777777,-0.16,0.1476970396001538,-0.0157477893118031,0.0935640138408304,-0.0517339484813533,-0.0842137639369473,-0.0271280276816609,0.0157477893118031,-0.2141330257593233,0.2761399461745483,0.0297731641676278,-0.17279507881584,-0.0553633217993079,0.0553633217993079,-0.0669896193771626,0.1085121107266436,-0.059115724721261,0.0448442906574394,-0.2141330257593233,-0.0415840061514801,0.0797231833910034,-0.1190926566705113,0.3460207612456747,-0.2519646289888504,-0.0448442906574394,0.0199307958477508,-0.0797231833910034,-0.0669896193771626,-0.0246059207996924,0.2844444444444444,0.0888273740868896,-0.059115724721261,0.0138408304498269,0.1137408688965782,-0.1034063821607074,0.0797231833910034,-0.0061514801999231,-0.0482276047673971,0.0177777777777777,0.3100961168781238,-0.0222068435217224,0.0482276047673971,-0.0629911572472126,-0.1417301038062283,0.17279507881584,-0.0553633217993079,-0.1358861976163014,-0.035432525951557,-0.0009842368319876,-0.0384467512495194,0.035432525951557,0.0049826989619377,0.0157477893118031,-0.1034063821607074,-0.2288965782391388,-0.1476970396001538,-0.0222068435217224,0.17279507881584,,,,,0.0044211107306182,-0.0083497464656829,0.8535725474357605,-0.1247654780745506,0.150466650724411,0.6570491790771484,0.0421585142612457,0.0298273153603076,0.1600353717803955,0.0673400685191154,-0.164370983839035,-0.087261788547039,81.5,0.0100717162713408
EXPC-399,132.2780484807047,47.43091225421812,D_control_base,23,M3D-139,是,草本沼泽,低,深蓝绿微斑疑草甸,judge_C_08.csv,False,15,0.0157477893118031,-0.1137408688965782,-0.0120569011918492,-0.17279507881584,-0.0222068435217224,0.0448442906574394,-0.1417301038062283,0.1537870049980776,-0.0325413302575932,0.1137408688965782,0.0061514801999231,-0.1417301038062283,-0.0039369473279507,0.0061514801999231,-0.16,0.2761399461745483,0.0935640138408304,-0.1537870049980776,-0.0157477893118031,0.0669896193771626,-0.0384467512495194,0.0888273740868896,0.0384467512495194,0.0553633217993079,-0.1998615916955017,0.0030142252979623,0.1476970396001538,-0.1034063821607074,0.3278123798539023,-0.2364628988850442,-0.0711111111111111,0.1245674740484429,0.0271280276816609,-0.0984236831987697,-0.0177777777777777,0.2599000384467512,0.0797231833910034,-0.0842137639369473,-0.0088581314878892,0.16,-0.1085121107266436,-0.01039600153787,0.0669896193771626,-0.0415840061514801,-0.0384467512495194,0.2761399461745483,-0.1245674740484429,0.0984236831987697,-0.0629911572472126,-0.16,0.2141330257593233,-0.0797231833910034,-0.0629911572472126,-0.0325413302575932,-0.0271280276816609,-0.0888273740868896,-0.0120569011918492,0.0222068435217224,0.0030142252979623,-0.0120569011918492,-0.2519646289888504,-0.17279507881584,-0.0629911572472126,0.1998615916955017,,,,,-0.0009487665956839,-0.0140234725549817,0.8265135288238525,-0.0831525698304176,0.1432432383298874,0.4436860084533691,-0.1207847967743873,0.1392557024955749,0.5672997236251831,-0.2152214646339416,0.1096956804394722,0.6770053505897522,52.0,0.0145089849829673
EXPC-400,134.52994523493552,48.34665485484956,D_control_base,23,M3D-140,否,水体,中,暗水面密白点,judge_C_08.csv,False,23,-0.0157477893118031,-0.16,-0.0553633217993079,-0.17279507881584,-0.0199307958477508,0.0049826989619377,-0.0888273740868896,0.1663360246059207,-0.0088581314878892,0.1085121107266436,-0.0177777777777777,-0.1245674740484429,-0.01039600153787,-0.0222068435217224,-0.17279507881584,0.2844444444444444,0.0888273740868896,-0.1929104190695886,0.0177777777777777,0.0842137639369473,-0.0271280276816609,0.1085121107266436,0.0015378700499807,0.0415840061514801,-0.186082276047674,-0.0325413302575932,0.1245674740484429,-0.0984236831987697,0.3188927335640138,-0.2679584775086506,-0.0517339484813533,0.1358861976163014,0.0088581314878892,-0.0711111111111111,-0.0384467512495194,0.2288965782391388,0.0448442906574394,-0.1137408688965782,0.0022145328719723,0.16,-0.0935640138408304,0.0177777777777777,0.0669896193771626,-0.0199307958477508,-0.0222068435217224,0.2844444444444444,-0.1245674740484429,0.075355632449058,-0.1085121107266436,-0.17279507881584,0.1929104190695886,-0.075355632449058,-0.1301653210303729,-0.035432525951557,-0.0120569011918492,-0.0384467512495194,0.0177777777777777,0.0325413302575932,0.01039600153787,-0.0384467512495194,-0.2441522491349481,-0.1476970396001538,-0.0517339484813533,0.2069357939254133,,,,,0.0142659917473793,-0.023509606719017,0.8278822302818298,0.0513937287032604,0.0305220875889062,0.6716612577438354,-0.2382103949785232,0.2260442227125167,0.5866454839706421,-0.3203319609165191,0.3091522455215454,0.804651141166687,35.0,0.0481114648282527
EXPC-401,132.17483205455935,46.6491084624489,D_control_base,23,M3D-141,否,草本旱地,低,均一绿田无田埂,judge_C_08.csv,False,0,-0.0138408304498269,-0.0935640138408304,-0.0325413302575932,-0.186082276047674,-0.0384467512495194,0.0325413302575932,-0.1358861976163014,0.16,-0.035432525951557,0.0935640138408304,0.0325413302575932,-0.1358861976163014,0.0022145328719723,-0.035432525951557,-0.2069357939254133,0.2441522491349481,0.0842137639369473,-0.1663360246059207,0.0177777777777777,0.0797231833910034,-0.0669896193771626,0.1137408688965782,0.0246059207996924,0.0222068435217224,-0.2069357939254133,-0.0009842368319876,0.0888273740868896,-0.0888273740868896,0.3100961168781238,-0.2141330257593233,-0.0669896193771626,0.059115724721261,6.151480199923106e-05,-0.059115724721261,-0.035432525951557,0.2519646289888504,0.0669896193771626,-0.075355632449058,-0.0177777777777777,0.16,-0.1190926566705113,0.035432525951557,0.075355632449058,-0.075355632449058,-0.059115724721261,0.3278123798539023,-0.1137408688965782,0.1034063821607074,-0.0888273740868896,-0.1190926566705113,0.2069357939254133,-0.0517339484813533,-0.1245674740484429,-0.0888273740868896,0.0002460592079969,-0.0935640138408304,0.0222068435217224,0.0553633217993079,-0.0074432910419069,-0.0448442906574394,-0.2214532871972318,-0.2141330257593233,-0.0842137639369473,0.1793771626297577,,,,,0.0054005398415029,-0.0099457502365112,0.8311036825180054,-0.3439881205558777,0.432019293308258,0.7437304258346558,-0.1315379440784454,0.135386660695076,0.7229321002960205,-0.2664310932159424,0.302419364452362,0.7747252583503723,62.489593505859375,0.0648872405290603
EXPC-402,132.0233760976568,47.323922903879485,D_control_base,23,M3D-142,否,草本旱地,低,均一绿田微湿斑,judge_C_08.csv,False,0,0.0030142252979623,-0.1085121107266436,-0.0039369473279507,-0.1537870049980776,-0.0325413302575932,0.0384467512495194,-0.1034063821607074,0.1663360246059207,0.0061514801999231,0.1034063821607074,0.0271280276816609,-0.1358861976163014,0.0120569011918492,-0.0415840061514801,-0.1301653210303729,0.2679584775086506,0.1085121107266436,-0.1793771626297577,0.0157477893118031,0.0842137639369473,-0.0246059207996924,0.0888273740868896,0.0553633217993079,0.075355632449058,-0.17279507881584,-0.0120569011918492,0.1793771626297577,-0.1085121107266436,0.3100961168781238,-0.2288965782391388,-0.0797231833910034,0.16,0.0325413302575932,-0.0935640138408304,-0.0415840061514801,0.2441522491349481,0.0797231833910034,-0.1034063821607074,-0.0120569011918492,0.1663360246059207,-0.0984236831987697,-0.0049826989619377,0.0888273740868896,-0.0482276047673971,-0.0482276047673971,0.2844444444444444,-0.16,0.1085121107266436,-0.0629911572472126,-0.16,0.1998615916955017,-0.0553633217993079,-0.0711111111111111,-0.0297731641676278,-0.01039600153787,-0.0669896193771626,-0.0138408304498269,0.0553633217993079,0.01039600153787,-0.0246059207996924,-0.2288965782391388,-0.1663360246059207,-0.075355632449058,0.2214532871972318,,,,,-0.0024213076103478,-0.0167818367481231,0.8547486066818237,-0.1003521159291267,0.1657142788171768,0.570381224155426,-0.2427781224250793,0.1686909645795822,0.7655453681945801,-0.3903930187225342,0.342749536037445,0.8519480228424072,55.0,0.0145089849829673
