point_id,region,lon,lat,strat,zone,label_A,conf_A,label_B,conf_B,final_label,nagoya_notes,image_src,image_date,interp_A,interp_B,arbiter
M3A-w1-0000,w1,126.134395,43.318849,乔木,core,,,,,,,,,,,
M3A-w1-0001,w1,125.937934,43.023214,乔木,core,,,,,,,,,,,
M3A-w1-0002,w1,125.233205,43.906886,乔木,core,,,,,,,,,,,
M3A-w1-0003,w1,126.063518,45.157072,乔木,core,,,,,,,,,,,
M3A-w1-0004,w1,126.212818,43.311034,乔木,core,,,,,,,,,,,
M3A-w1-0005,w1,122.966486,43.513424,乔木,core,,,,,,,,,,,
M3A-w1-0006,w1,125.959493,43.541991,乔木,core,,,,,,,,,,,
M3A-w1-0007,w1,126.384756,43.780493,乔木,core,,,,,,,,,,,
M3A-w1-0008,w1,124.36705,46.632555,乔木,core,,,,,,,,,,,
M3A-w1-0009,w1,123.079135,46.986131,乔木,core,,,,,,,,,,,
M3A-w1-0010,w1,126.118226,43.258213,乔木,core,,,,,,,,,,,
M3A-w1-0011,w1,125.569804,43.146912,乔木,core,,,,,,,,,,,
M3A-w1-0012,w1,122.587038,47.405196,乔木,core,,,,,,,,,,,
M3A-w1-0013,w1,125.958415,43.1585,乔木,core,,,,,,,,,,,
M3A-w1-0014,w1,125.816931,43.088431,乔木,core,,,,,,,,,,,
M3A-w1-0015,w1,126.314148,43.452249,乔木,core,,,,,,,,,,,
M3A-w1-0016,w1,123.89247,43.482432,乔木,core,,,,,,,,,,,
M3A-w1-0017,w1,126.373706,43.74492,乔木,core,,,,,,,,,,,
M3A-w1-0018,w1,126.209584,43.625534,乔木,core,,,,,,,,,,,
M3A-w1-0019,w1,125.786747,43.184641,乔木,core,,,,,,,,,,,
M3A-w1-0020,w1,125.602682,43.89961,乔木,core,,,,,,,,,,,
M3A-w1-0021,w1,124.0415,47.218975,草地,core,,,,,,,,,,,
M3A-w1-0022,w1,122.941693,46.238014,草地,core,,,,,,,,,,,
M3A-w1-0023,w1,124.606361,46.972657,草地,core,,,,,,,,,,,
M3A-w1-0024,w1,122.412945,46.104076,草地,core,,,,,,,,,,,
M3A-w1-0025,w1,122.556585,44.327298,草地,core,,,,,,,,,,,
M3A-w1-0026,w1,122.629618,43.478929,草地,core,,,,,,,,,,,
M3A-w1-0027,w1,122.803442,44.553673,草地,core,,,,,,,,,,,
M3A-w1-0028,w1,124.762129,47.315723,草地,core,,,,,,,,,,,
M3A-w1-0029,w1,122.789968,43.65949,草地,core,,,,,,,,,,,
M3A-w1-0030,w1,123.542396,44.601374,草地,core,,,,,,,,,,,
M3A-w1-0031,w1,122.704538,43.51019,草地,core,,,,,,,,,,,
M3A-w1-0032,w1,125.344776,47.089617,草地,core,,,,,,,,,,,
M3A-w1-0033,w1,123.891392,44.610806,草地,core,,,,,,,,,,,
M3A-w1-0034,w1,122.903425,46.185733,草地,core,,,,,,,,,,,
M3A-w1-0035,w1,122.213519,46.834945,草地,core,,,,,,,,,,,
M3A-w1-0036,w1,123.50844,45.33386,草地,core,,,,,,,,,,,
M3A-w1-0037,w1,122.195732,45.096435,草地,core,,,,,,,,,,,
M3A-w1-0038,w1,124.398311,44.809424,草地,core,,,,,,,,,,,
M3A-w1-0039,w1,122.656837,46.023766,草地,core,,,,,,,,,,,
M3A-w1-0040,w1,123.09234,43.872122,草地,core,,,,,,,,,,,
M3A-w1-0041,w1,122.805598,43.493482,草地,core,,,,,,,,,,,
M3A-w1-0042,w1,125.265275,46.999067,草地,core,,,,,,,,,,,
M3A-w1-0043,w1,122.227532,46.250142,草地,core,,,,,,,,,,,
M3A-w1-0044,w1,122.818803,47.059434,草地,core,,,,,,,,,,,
M3A-w1-0045,w1,122.50592,46.708552,草地,core,,,,,,,,,,,
M3A-w1-0046,w1,122.76733,43.425838,草地,core,,,,,,,,,,,
M3A-w1-0047,w1,122.073112,46.34716,草地,core,,,,,,,,,,,
M3A-w1-0048,w1,122.174172,45.285082,草地,core,,,,,,,,,,,
M3A-w1-0049,w1,125.164484,46.072275,草地,core,,,,,,,,,,,
M3A-w1-0050,w1,122.684595,43.129125,草地,core,,,,,,,,,,,
M3A-w1-0051,w1,123.872527,45.276188,草地,core,,,,,,,,,,,
M3A-w1-0052,w1,122.454986,44.185544,草地,core,,,,,,,,,,,
M3A-w1-0053,w1,125.764379,46.799372,草地,core,,,,,,,,,,,
M3A-w1-0054,w1,122.477623,44.039747,草地,core,,,,,,,,,,,
M3A-w1-0055,w1,123.316021,43.187875,草地,core,,,,,,,,,,,
M3A-w1-0056,w1,122.687829,43.426377,草地,core,,,,,,,,,,,
M3A-w1-0057,w1,122.662766,44.135418,草地,core,,,,,,,,,,,
M3A-w1-0058,w1,122.115153,45.56859,草地,core,,,,,,,,,,,
M3A-w1-0059,w1,124.557582,44.936086,草地,core,,,,,,,,,,,
M3A-w1-0060,w1,123.549673,45.799008,草地,core,,,,,,,,,,,
M3A-w1-0061,w1,123.94556,45.482352,草地,core,,,,,,,,,,,
M3A-w1-0062,w1,125.249375,47.239456,草地,core,,,,,,,,,,,
M3A-w1-0063,w1,125.128911,45.991157,耕地,core,,,,,,,,,,,
M3A-w1-0064,w1,124.539526,44.515944,耕地,core,,,,,,,,,,,
M3A-w1-0065,w1,123.031165,46.940317,耕地,core,,,,,,,,,,,
M3A-w1-0066,w1,124.926521,44.216266,耕地,core,,,,,,,,,,,
M3A-w1-0067,w1,125.189278,43.488631,耕地,core,,,,,,,,,,,
M3A-w1-0068,w1,122.486786,43.537948,耕地,core,,,,,,,,,,,
M3A-w1-0069,w1,123.576622,43.903113,耕地,core,,,,,,,,,,,
M3A-w1-0070,w1,123.519759,47.181785,耕地,core,,,,,,,,,,,
M3A-w1-0071,w1,125.482757,45.327931,耕地,core,,,,,,,,,,,
M3A-w1-0072,w1,124.4735,43.519084,耕地,core,,,,,,,,,,,
M3A-w1-0073,w1,125.660354,45.414709,耕地,core,,,,,,,,,,,
M3A-w1-0074,w1,125.737969,44.287143,耕地,core,,,,,,,,,,,
M3A-w1-0075,w1,124.702301,43.665689,耕地,core,,,,,,,,,,,
M3A-w1-0076,w1,123.345396,44.904555,耕地,core,,,,,,,,,,,
M3A-w1-0077,w1,124.487244,43.460603,耕地,core,,,,,,,,,,,
M3A-w1-0078,w1,126.453207,47.078838,耕地,core,,,,,,,,,,,
M3A-w1-0079,w1,124.970718,44.932583,耕地,core,,,,,,,,,,,
M3A-w1-0080,w1,124.037188,44.135957,耕地,core,,,,,,,,,,,
M3A-w1-0081,w1,126.330857,44.07559,耕地,core,,,,,,,,,,,
M3A-w1-0082,w1,125.226199,43.18518,耕地,core,,,,,,,,,,,
M3A-w1-0083,w1,122.59135,45.699564,耕地,core,,,,,,,,,,,
M3A-w1-0084,w1,123.03386,44.062654,耕地,core,,,,,,,,,,,
M3A-w1-0085,w1,125.533422,45.125541,耕地,core,,,,,,,,,,,
M3A-w1-0086,w1,122.928757,46.045595,耕地,core,,,,,,,,,,,
M3A-w1-0087,w1,122.894531,47.006074,耕地,core,,,,,,,,,,,
M3A-w1-0088,w1,122.586499,44.467705,耕地,core,,,,,,,,,,,
M3A-w1-0089,w1,125.344776,47.421365,耕地,core,,,,,,,,,,,
M3A-w1-0090,w1,125.909906,47.276647,耕地,core,,,,,,,,,,,
M3A-w1-0091,w1,122.01571,44.367183,耕地,core,,,,,,,,,,,
M3A-w1-0092,w1,124.475926,43.180059,耕地,core,,,,,,,,,,,
M3A-w1-0093,w1,125.123521,46.282751,耕地,core,,,,,,,,,,,
M3A-w1-0094,w1,123.824557,44.661471,耕地,core,,,,,,,,,,,
M3A-w1-0095,w1,125.184427,44.364219,耕地,core,,,,,,,,,,,
M3A-w1-0096,w1,125.799683,43.965906,耕地,core,,,,,,,,,,,
M3A-w1-0097,w1,123.14597,46.300807,耕地,core,,,,,,,,,,,
M3A-w1-0098,w1,122.934686,47.153757,耕地,core,,,,,,,,,,,
M3A-w1-0099,w1,125.311089,46.978047,耕地,core,,,,,,,,,,,
M3A-w1-0100,w1,122.746579,47.328659,耕地,core,,,,,,,,,,,
M3A-w1-0101,w1,126.243002,46.057184,耕地,core,,,,,,,,,,,
M3A-w1-0102,w1,122.167166,46.420193,耕地,core,,,,,,,,,,,
M3A-w1-0103,w1,122.68756,46.889113,耕地,core,,,,,,,,,,,
M3A-w1-0104,w1,125.253956,43.861072,建成区,core,,,,,,,,,,,
M3A-w1-0105,w1,125.712636,44.686534,建成区,core,,,,,,,,,,,
M3A-w1-0106,w1,126.281809,45.382369,建成区,core,,,,,,,,,,,
M3A-w1-0107,w1,126.034682,45.999512,建成区,core,,,,,,,,,,,
M3A-w1-0108,w1,124.768866,45.146831,建成区,core,,,,,,,,,,,
M3A-w1-0109,w1,126.386912,46.17657,建成区,core,,,,,,,,,,,
M3A-w1-0110,w1,126.401195,44.373112,建成区,core,,,,,,,,,,,
M3A-w1-0111,w1,124.629538,44.376615,建成区,core,,,,,,,,,,,
M3A-w1-0112,w1,125.082288,43.750579,建成区,core,,,,,,,,,,,
M3A-w1-0113,w1,124.875586,46.622314,建成区,core,,,,,,,,,,,
M3A-w1-0114,w1,122.850065,45.605241,建成区,core,,,,,,,,,,,
M3A-w1-0115,w1,122.775415,45.316882,建成区,core,,,,,,,,,,,
M3A-w1-0116,w1,125.397597,45.779874,建成区,core,,,,,,,,,,,
M3A-w1-0117,w1,123.502511,43.526899,建成区,core,,,,,,,,,,,
M3A-w1-0118,w1,122.236426,43.584301,建成区,core,,,,,,,,,,,
M3A-w1-0119,w1,122.826349,45.62707,建成区,core,,,,,,,,,,,
M3A-w1-0120,w1,124.935144,46.392165,裸地/稀疏,core,,,,,,,,,,,
M3A-w1-0121,w1,124.344951,43.205931,裸地/稀疏,core,,,,,,,,,,,
M3A-w1-0122,w1,123.693044,44.889464,裸地/稀疏,core,,,,,,,,,,,
M3A-w1-0123,w1,125.343698,43.988543,裸地/稀疏,core,,,,,,,,,,,
M3A-w1-0124,w1,122.957324,45.212318,裸地/稀疏,core,,,,,,,,,,,
M3A-w1-0125,w1,122.155308,43.658682,裸地/稀疏,core,,,,,,,,,,,
M3A-w1-0126,w1,122.756011,43.424491,裸地/稀疏,core,,,,,,,,,,,
M3A-w1-0127,w1,124.590191,46.042361,水体,core,,,,,,,,,,,
M3A-w1-0128,w1,125.241021,46.614768,水体,core,,,,,,,,,,,
M3A-w1-0129,w1,125.353669,46.646299,水体,core,,,,,,,,,,,
M3A-w1-0130,w1,124.421488,45.274032,水体,core,,,,,,,,,,,
M3A-w1-0131,w1,122.242893,45.261366,水体,core,,,,,,,,,,,
M3A-w1-0132,w1,124.056323,46.314281,水体,core,,,,,,,,,,,
M3A-w1-0133,w1,124.219636,45.267564,水体,core,,,,,,,,,,,
M3A-w1-0134,w1,124.204006,46.595634,水体,core,,,,,,,,,,,
M3A-w1-0135,w1,123.292305,45.233878,水体,core,,,,,,,,,,,
M3A-w1-0136,w1,124.046351,46.571649,水体,core,,,,,,,,,,,
M3A-w1-0137,w1,125.120287,46.80045,水体,core,,,,,,,,,,,
M3A-w1-0138,w1,123.256732,45.49933,水体,core,,,,,,,,,,,
M3A-w1-0139,w1,123.278561,45.490436,水体,core,,,,,,,,,,,
M3A-w1-0140,w1,125.202214,45.428722,水体,core,,,,,,,,,,,
M3A-w1-0141,w1,123.836684,44.985673,水体,core,,,,,,,,,,,
M3A-w1-0142,w1,123.517603,46.397555,水体,core,,,,,,,,,,,
M3A-w1-0143,w1,124.013203,46.546586,水体,core,,,,,,,,,,,
M3A-w1-0144,w1,124.118845,46.782933,水体,core,,,,,,,,,,,
M3A-w1-0145,w1,123.602494,45.835929,水体,core,,,,,,,,,,,
M3A-w1-0146,w1,122.409172,45.047926,水体,core,,,,,,,,,,,
M3A-w1-0147,w1,123.209032,46.076857,水体,core,,,,,,,,,,,
M3A-w1-0148,w1,124.291322,46.309431,水体,core,,,,,,,,,,,
M3A-w1-0149,w1,123.980595,46.699928,水体,core,,,,,,,,,,,
M3A-w1-0150,w1,122.523437,45.067869,水体,core,,,,,,,,,,,
M3A-w1-0151,w1,125.516983,46.332877,水体,core,,,,,,,,,,,
M3A-w1-0152,w1,123.361566,45.955315,水体,core,,,,,,,,,,,
M3A-w1-0153,w1,124.131781,46.609109,水体,core,,,,,,,,,,,
M3A-w1-0154,w1,125.194129,46.495112,水体,core,,,,,,,,,,,
M3A-w1-0155,w1,125.066388,46.062843,水体,core,,,,,,,,,,,
M3A-w1-0156,w1,124.304527,46.329643,水体,core,,,,,,,,,,,
M3A-w1-0157,w1,125.33184,43.575138,水体,core,,,,,,,,,,,
M3A-w1-0158,w1,125.19359,46.675404,水体,core,,,,,,,,,,,
M3A-w1-0159,w1,123.062966,46.264425,水体,core,,,,,,,,,,,
M3A-w1-0160,w1,124.159539,46.608839,水体,core,,,,,,,,,,,
M3A-w1-0161,w1,123.745865,44.906442,水体,core,,,,,,,,,,,
M3A-w1-0162,w1,123.950681,47.399806,水体,core,,,,,,,,,,,
M3A-w1-0163,w1,124.251167,45.302599,水体,core,,,,,,,,,,,
M3A-w1-0164,w1,123.670945,45.852368,草本湿地,core,,,,,,,,,,,
M3A-w1-0165,w1,124.477004,46.08063,草本湿地,core,,,,,,,,,,,
M3A-w1-0166,w1,124.356809,47.106326,草本湿地,core,,,,,,,,,,,
M3A-w1-0167,w1,123.801111,45.4139,草本湿地,core,,,,,,,,,,,
M3A-w1-0168,w1,123.388515,47.478768,草本湿地,core,,,,,,,,,,,
M3A-w1-0169,w1,123.6952,47.123035,草本湿地,core,,,,,,,,,,,
M3A-w1-0170,w1,124.443047,47.101475,草本湿地,core,,,,,,,,,,,
M3A-w1-0171,w1,124.430112,45.864225,草本湿地,core,,,,,,,,,,,
M3A-w1-0172,w1,124.301563,47.223287,草本湿地,core,,,,,,,,,,,
M3A-w1-0173,w1,125.855468,45.595539,草本湿地,core,,,,,,,,,,,
M3A-w1-0174,w1,125.122174,46.302963,草本湿地,core,,,,,,,,,,,
M3A-w1-0175,w1,124.096477,47.044073,草本湿地,core,,,,,,,,,,,
M3A-w1-0176,w1,123.368572,45.216361,草本湿地,core,,,,,,,,,,,
M3A-w1-0177,w1,125.350436,46.61342,草本湿地,core,,,,,,,,,,,
M3A-w1-0178,w1,124.438196,47.143247,草本湿地,core,,,,,,,,,,,
M3A-w1-0179,w1,124.215594,46.95514,草本湿地,core,,,,,,,,,,,
M3A-w1-0180,w1,123.855549,45.752655,草本湿地,core,,,,,,,,,,,
M3A-w1-0181,w1,124.516889,45.26999,草本湿地,core,,,,,,,,,,,
M3A-w1-0182,w1,123.672293,47.427025,草本湿地,core,,,,,,,,,,,
M3A-w1-0183,w1,123.517603,47.377707,草本湿地,core,,,,,,,,,,,
M3A-w1-0184,w1,124.166007,45.2964,草本湿地,core,,,,,,,,,,,
M3A-w1-0185,w1,124.3242,47.173161,草本湿地,core,,,,,,,,,,,
M3A-w1-0186,w1,123.89247,46.940048,草本湿地,core,,,,,,,,,,,
M3A-w1-0187,w1,124.141752,45.364044,草本湿地,core,,,,,,,,,,,
M3A-w1-0188,w1,124.609325,45.836737,草本湿地,core,,,,,,,,,,,
M3A-w1-0189,w1,124.540604,47.199032,草本湿地,core,,,,,,,,,,,
M3A-w1-0190,w1,124.002154,45.293975,草本湿地,core,,,,,,,,,,,
M3A-w1-0191,w1,123.840727,46.856774,草本湿地,core,,,,,,,,,,,
M3A-w1-0192,w1,122.363897,46.900971,乔木,edge,,,,,,,,,,,
M3A-w1-0193,w1,124.344951,43.288666,乔木,edge,,,,,,,,,,,
M3A-w1-0194,w1,123.379622,44.279597,乔木,edge,,,,,,,,,,,
M3A-w1-0195,w1,126.20123,45.98981,乔木,edge,,,,,,,,,,,
M3A-w1-0196,w1,122.208398,47.479846,乔木,edge,,,,,,,,,,,
M3A-w1-0197,w1,125.215958,44.148353,乔木,edge,,,,,,,,,,,
M3A-w1-0198,w1,123.963077,43.385414,乔木,edge,,,,,,,,,,,
M3A-w1-0199,w1,123.529461,43.222909,乔木,edge,,,,,,,,,,,
M3A-w1-0200,w1,126.402003,44.199557,乔木,edge,,,,,,,,,,,
M3A-w1-0201,w1,123.880882,46.385428,乔木,edge,,,,,,,,,,,
M3A-w1-0202,w1,122.805329,46.728495,乔木,edge,,,,,,,,,,,
M3A-w1-0203,w1,122.217561,46.105962,乔木,edge,,,,,,,,,,,
M3A-w1-0204,w1,124.795546,46.713942,乔木,edge,,,,,,,,,,,
M3A-w1-0205,w1,124.594234,46.790209,乔木,edge,,,,,,,,,,,
M3A-w1-0206,w1,125.266892,43.751657,乔木,edge,,,,,,,,,,,
M3A-w1-0207,w1,122.059907,47.456399,乔木,edge,,,,,,,,,,,
M3A-w1-0208,w1,122.210824,47.304674,乔木,edge,,,,,,,,,,,
M3A-w1-0209,w1,123.137077,43.379755,乔木,edge,,,,,,,,,,,
M3A-w1-0210,w1,124.808482,46.073084,灌丛,edge,,,,,,,,,,,
M3A-w1-0211,w1,124.488861,46.005441,灌丛,edge,,,,,,,,,,,
M3A-w1-0212,w1,124.590191,46.125635,灌丛,edge,,,,,,,,,,,
M3A-w1-0213,w1,124.593695,46.108388,灌丛,edge,,,,,,,,,,,
M3A-w1-0214,w1,124.218019,46.187619,灌丛,edge,,,,,,,,,,,
M3A-w1-0215,w1,124.826538,46.001398,灌丛,edge,,,,,,,,,,,
M3A-w1-0216,w1,124.821687,45.263253,灌丛,edge,,,,,,,,,,,
M3A-w1-0217,w1,124.585879,46.129139,灌丛,edge,,,,,,,,,,,
M3A-w1-0218,w1,124.157383,46.550359,灌丛,edge,,,,,,,,,,,
M3A-w1-0219,w1,124.732215,45.880934,灌丛,edge,,,,,,,,,,,
M3A-w1-0220,w1,123.703015,46.612342,草地,edge,,,,,,,,,,,
M3A-w1-0221,w1,124.170319,44.448031,草地,edge,,,,,,,,,,,
M3A-w1-0222,w1,122.733104,43.221562,草地,edge,,,,,,,,,,,
M3A-w1-0223,w1,125.066658,46.716367,草地,edge,,,,,,,,,,,
M3A-w1-0224,w1,122.770833,46.484333,草地,edge,,,,,,,,,,,
M3A-w1-0225,w1,122.525054,43.204853,草地,edge,,,,,,,,,,,
M3A-w1-0226,w1,124.999015,46.857852,草地,edge,,,,,,,,,,,
M3A-w1-0227,w1,124.841091,46.339075,草地,edge,,,,,,,,,,,
M3A-w1-0228,w1,125.516444,45.497174,草地,edge,,,,,,,,,,,
M3A-w1-0229,w1,123.123063,46.112969,草地,edge,,,,,,,,,,,
M3A-w1-0230,w1,123.676605,45.580717,草地,edge,,,,,,,,,,,
M3A-w1-0231,w1,122.843866,44.204408,草地,edge,,,,,,,,,,,
M3A-w1-0232,w1,122.607789,43.229646,草地,edge,,,,,,,,,,,
M3A-w1-0233,w1,124.733832,45.940492,草地,edge,,,,,,,,,,,
M3A-w1-0234,w1,125.061268,47.512993,草地,edge,,,,,,,,,,,
M3A-w1-0235,w1,122.332635,43.890447,草地,edge,,,,,,,,,,,
M3A-w1-0236,w1,123.127914,46.026192,草地,edge,,,,,,,,,,,
M3A-w1-0237,w1,122.226724,43.269262,草地,edge,,,,,,,,,,,
M3A-w1-0238,w1,123.735893,45.72328,草地,edge,,,,,,,,,,,
M3A-w1-0239,w1,122.899652,44.813197,草地,edge,,,,,,,,,,,
M3A-w1-0240,w1,125.656312,46.228043,草地,edge,,,,,,,,,,,
M3A-w1-0241,w1,122.195732,43.709616,草地,edge,,,,,,,,,,,
M3A-w1-0242,w1,122.143989,44.633983,耕地,edge,,,,,,,,,,,
M3A-w1-0243,w1,123.563147,43.716893,耕地,edge,,,,,,,,,,,
M3A-w1-0244,w1,123.548056,46.457114,耕地,edge,,,,,,,,,,,
M3A-w1-0245,w1,122.231305,45.180787,耕地,edge,,,,,,,,,,,
M3A-w1-0246,w1,126.088312,47.023322,耕地,edge,,,,,,,,,,,
M3A-w1-0247,w1,125.566031,44.109277,耕地,edge,,,,,,,,,,,
M3A-w1-0248,w1,125.175264,46.125635,耕地,edge,,,,,,,,,,,
M3A-w1-0249,w1,123.068625,46.351741,耕地,edge,,,,,,,,,,,
M3A-w1-0250,w1,124.813333,43.858916,建成区,edge,,,,,,,,,,,
M3A-w1-0251,w1,124.042039,47.327042,建成区,edge,,,,,,,,,,,
M3A-w1-0252,w1,123.532425,43.426647,建成区,edge,,,,,,,,,,,
M3A-w1-0253,w1,126.411705,43.743303,建成区,edge,,,,,,,,,,,
M3A-w1-0254,w1,124.930832,43.542799,建成区,edge,,,,,,,,,,,
M3A-w1-0255,w1,125.426433,43.850831,建成区,edge,,,,,,,,,,,
M3A-w1-0256,w1,125.05992,46.875908,建成区,edge,,,,,,,,,,,
M3A-w1-0257,w1,122.422916,45.617907,建成区,edge,,,,,,,,,,,
M3A-w1-0258,w1,125.445298,47.441308,建成区,edge,,,,,,,,,,,
M3A-w1-0259,w1,125.412958,43.868349,建成区,edge,,,,,,,,,,,
M3A-w1-0260,w1,126.458867,46.212143,建成区,edge,,,,,,,,,,,
M3A-w1-0261,w1,122.73553,46.935466,建成区,edge,,,,,,,,,,,
M3A-w1-0262,w1,124.578873,43.687518,建成区,edge,,,,,,,,,,,
M3A-w1-0263,w1,126.054355,44.922072,建成区,edge,,,,,,,,,,,
M3A-w1-0264,w1,126.058128,47.453166,建成区,edge,,,,,,,,,,,
M3A-w1-0265,w1,122.170399,43.655987,建成区,edge,,,,,,,,,,,
M3A-w1-0266,w1,125.151818,43.831158,建成区,edge,,,,,,,,,,,
M3A-w1-0267,w1,125.226468,43.996089,建成区,edge,,,,,,,,,,,
M3A-w1-0268,w1,125.896432,47.26398,建成区,edge,,,,,,,,,,,
M3A-w1-0269,w1,124.868579,46.247986,建成区,edge,,,,,,,,,,,
M3A-w1-0270,w1,126.416826,43.750579,裸地/稀疏,edge,,,,,,,,,,,
M3A-w1-0271,w1,124.955087,46.460348,裸地/稀疏,edge,,,,,,,,,,,
M3A-w1-0272,w1,122.752238,43.599123,裸地/稀疏,edge,,,,,,,,,,,
M3A-w1-0273,w1,125.342081,43.763785,裸地/稀疏,edge,,,,,,,,,,,
M3A-w1-0274,w1,122.098983,46.045056,裸地/稀疏,edge,,,,,,,,,,,
M3A-w1-0275,w1,122.203817,43.708269,裸地/稀疏,edge,,,,,,,,,,,
M3A-w1-0276,w1,122.16501,46.765415,裸地/稀疏,edge,,,,,,,,,,,
M3A-w1-0277,w1,125.628284,44.710789,裸地/稀疏,edge,,,,,,,,,,,
M3A-w1-0278,w1,125.036205,46.723644,裸地/稀疏,edge,,,,,,,,,,,
M3A-w1-0279,w1,125.695928,43.513424,裸地/稀疏,edge,,,,,,,,,,,
M3A-w1-0280,w1,122.839016,44.170183,裸地/稀疏,edge,,,,,,,,,,,
M3A-w1-0281,w1,123.496852,46.985862,裸地/稀疏,edge,,,,,,,,,,,
M3A-w1-0282,w1,125.146698,46.267928,裸地/稀疏,edge,,,,,,,,,,,
M3A-w1-0283,w1,124.951045,45.686629,裸地/稀疏,edge,,,,,,,,,,,
M3A-w1-0284,w1,124.428764,46.319941,裸地/稀疏,edge,,,,,,,,,,,
M3A-w1-0285,w1,123.787906,46.617463,裸地/稀疏,edge,,,,,,,,,,,
M3A-w1-0286,w1,122.362819,44.798644,裸地/稀疏,edge,,,,,,,,,,,
M3A-w1-0287,w1,123.571232,43.782649,裸地/稀疏,edge,,,,,,,,,,,
M3A-w1-0288,w1,124.855913,46.192739,裸地/稀疏,edge,,,,,,,,,,,
M3A-w1-0289,w1,124.972335,46.563294,裸地/稀疏,edge,,,,,,,,,,,
M3A-w1-0290,w1,124.20158,46.193278,裸地/稀疏,edge,,,,,,,,,,,
M3A-w1-0291,w1,123.688462,45.045231,裸地/稀疏,edge,,,,,,,,,,,
M3A-w1-0292,w1,124.880437,44.279058,裸地/稀疏,edge,,,,,,,,,,,
M3A-w1-0293,w1,123.404954,46.164712,裸地/稀疏,edge,,,,,,,,,,,
M3A-w1-0294,w1,125.30031,45.234686,裸地/稀疏,edge,,,,,,,,,,,
M3A-w1-0295,w1,122.9964,44.977319,裸地/稀疏,edge,,,,,,,,,,,
M3A-w1-0296,w1,124.867501,46.228582,裸地/稀疏,edge,,,,,,,,,,,
M3A-w1-0297,w1,122.867582,44.215727,裸地/稀疏,edge,,,,,,,,,,,
M3A-w1-0298,w1,124.717393,47.275569,裸地/稀疏,edge,,,,,,,,,,,
M3A-w1-0299,w1,122.445823,47.432684,裸地/稀疏,edge,,,,,,,,,,,
M3A-w1-0300,w1,123.334077,44.300348,裸地/稀疏,edge,,,,,,,,,,,
M3A-w1-0301,w1,124.830042,46.456036,裸地/稀疏,edge,,,,,,,,,,,
M3A-w1-0302,w1,125.09199,46.673248,裸地/稀疏,edge,,,,,,,,,,,
M3A-w1-0303,w1,125.191703,45.335477,裸地/稀疏,edge,,,,,,,,,,,
M3A-w1-0304,w1,124.85214,46.406179,裸地/稀疏,edge,,,,,,,,,,,
M3A-w1-0305,w1,126.027136,44.807537,裸地/稀疏,edge,,,,,,,,,,,
M3A-w1-0306,w1,122.931722,43.430689,裸地/稀疏,edge,,,,,,,,,,,
M3A-w1-0307,w1,124.992547,46.42693,裸地/稀疏,edge,,,,,,,,,,,
M3A-w1-0308,w1,124.799319,45.194531,裸地/稀疏,edge,,,,,,,,,,,
M3A-w1-0309,w1,124.229338,46.125905,裸地/稀疏,edge,,,,,,,,,,,
M3A-w1-0310,w1,125.540968,43.660838,裸地/稀疏,edge,,,,,,,,,,,
M3A-w1-0311,w1,125.537734,44.648266,裸地/稀疏,edge,,,,,,,,,,,
M3A-w1-0312,w1,123.498469,43.893951,裸地/稀疏,edge,,,,,,,,,,,
M3A-w1-0313,w1,122.026489,46.115394,裸地/稀疏,edge,,,,,,,,,,,
M3A-w1-0314,w1,122.636086,43.435001,裸地/稀疏,edge,,,,,,,,,,,
M3A-w1-0315,w1,125.436674,46.73604,裸地/稀疏,edge,,,,,,,,,,,
M3A-w1-0316,w1,124.068989,45.174319,裸地/稀疏,edge,,,,,,,,,,,
M3A-w1-0317,w1,124.303719,46.934119,裸地/稀疏,edge,,,,,,,,,,,
M3A-w1-0318,w1,124.224757,46.425044,裸地/稀疏,edge,,,,,,,,,,,
M3A-w1-0319,w1,123.210918,46.023227,水体,edge,,,,,,,,,,,
M3A-w1-0320,w1,124.11076,46.694269,水体,edge,,,,,,,,,,,
M3A-w1-0321,w1,125.815853,44.835295,水体,edge,,,,,,,,,,,
M3A-w1-0322,w1,124.678855,45.867729,水体,edge,,,,,,,,,,,
M3A-w1-0323,w1,124.032338,47.512993,水体,edge,,,,,,,,,,,
M3A-w1-0324,w1,123.862017,44.986212,水体,edge,,,,,,,,,,,
M3A-w1-0325,w1,123.28449,45.911118,水体,edge,,,,,,,,,,,
M3A-w1-0326,w1,123.869293,47.341595,水体,edge,,,,,,,,,,,
M3A-w1-0327,w1,124.912776,45.718968,草本湿地,edge,,,,,,,,,,,
M3A-w1-0328,w1,124.216133,46.243404,草本湿地,edge,,,,,,,,,,,
M3A-w1-0329,w1,124.023983,47.026556,草本湿地,edge,,,,,,,,,,,
M3A-w1-0330,w1,122.406746,45.034991,草本湿地,edge,,,,,,,,,,,
M3A-w1-0331,w1,124.175709,46.32587,草本湿地,edge,,,,,,,,,,,
M3A-w1-0332,w1,123.323297,47.455861,草本湿地,edge,,,,,,,,,,,
M3A-w1-0333,w1,125.399753,46.644143,草本湿地,edge,,,,,,,,,,,
M3A-w1-0334,w1,123.578239,46.185733,草本湿地,edge,,,,,,,,,,,
M3A-w1-0335,w1,124.168163,46.154471,草本湿地,edge,,,,,,,,,,,
M3A-w1-0336,w1,125.192781,46.488375,草本湿地,edge,,,,,,,,,,,
M3A-w1-0337,w1,123.422471,47.378785,草本湿地,edge,,,,,,,,,,,
M3A-w1-0338,w1,123.721071,46.822818,草本湿地,edge,,,,,,,,,,,
M3A-w1-0339,w1,123.466938,46.010561,草本湿地,edge,,,,,,,,,,,
M3A-w1-0340,w1,124.885827,46.946516,草本湿地,edge,,,,,,,,,,,
M3A-w1-0341,w1,124.477543,45.708997,草本湿地,edge,,,,,,,,,,,
M3A-w1-0342,w1,124.165468,45.356767,草本湿地,edge,,,,,,,,,,,
M3A-w1-0343,w1,124.339561,45.593383,草本湿地,edge,,,,,,,,,,,
M3A-w1-0344,w1,122.965408,45.862339,草本湿地,edge,,,,,,,,,,,
M3A-w1-0345,w1,124.529016,45.824071,草本湿地,edge,,,,,,,,,,,
M3A-w1-0346,w1,124.096747,45.263522,草本湿地,edge,,,,,,,,,,,
M3A-w1-0347,w1,124.268145,46.779429,草本湿地,edge,,,,,,,,,,,
M3A-w1-0348,w1,123.777396,46.74682,草本湿地,edge,,,,,,,,,,,
M3A-w1-0349,w1,124.125583,45.951542,草本湿地,edge,,,,,,,,,,,
M3A-w1-0350,w1,124.606631,46.793712,草本湿地,edge,,,,,,,,,,,
M3A-w1-0351,w1,124.205084,45.368894,草本湿地,edge,,,,,,,,,,,
M3A-w2-0352,w2,107.526872,33.921842,乔木,core,,,,,,,,,,,
M3A-w2-0353,w2,108.078528,32.569519,乔木,core,,,,,,,,,,,
M3A-w2-0354,w2,107.605834,34.900108,乔木,core,,,,,,,,,,,
M3A-w2-0355,w2,106.449702,32.341257,乔木,core,,,,,,,,,,,
M3A-w2-0356,w2,106.426256,31.942405,乔木,core,,,,,,,,,,,
M3A-w2-0357,w2,109.990053,36.024709,乔木,core,,,,,,,,,,,
M3A-w2-0358,w2,107.06927,32.687827,乔木,core,,,,,,,,,,,
M3A-w2-0359,w2,107.26142,33.955529,乔木,core,,,,,,,,,,,
M3A-w2-0360,w2,107.502079,33.609229,乔木,core,,,,,,,,,,,
M3A-w2-0361,w2,105.759527,32.581107,乔木,core,,,,,,,,,,,
M3A-w2-0362,w2,108.54664,32.799667,乔木,core,,,,,,,,,,,
M3A-w2-0363,w2,108.069904,31.842422,乔木,core,,,,,,,,,,,
M3A-w2-0364,w2,107.63979,34.585338,乔木,core,,,,,,,,,,,
M3A-w2-0365,w2,108.317569,32.43019,乔木,core,,,,,,,,,,,
M3A-w2-0366,w2,108.250465,32.684054,乔木,core,,,,,,,,,,,
M3A-w2-0367,w2,106.7227,32.844134,乔木,core,,,,,,,,,,,
M3A-w2-0368,w2,106.091275,31.960191,乔木,core,,,,,,,,,,,
M3A-w2-0369,w2,109.113387,32.179021,乔木,core,,,,,,,,,,,
M3A-w2-0370,w2,105.926074,34.165735,乔木,core,,,,,,,,,,,
M3A-w2-0371,w2,107.627394,32.026757,乔木,core,,,,,,,,,,,
M3A-w2-0372,w2,106.54133,32.997207,乔木,core,,,,,,,,,,,
M3A-w2-0373,w2,109.059488,33.606803,乔木,core,,,,,,,,,,,
M3A-w2-0374,w2,108.083917,31.973936,乔木,core,,,,,,,,,,,
M3A-w2-0375,w2,106.341365,32.00358,乔木,core,,,,,,,,,,,
M3A-w2-0376,w2,105.791597,32.698068,乔木,core,,,,,,,,,,,
M3A-w2-0377,w2,108.940102,33.959033,乔木,core,,,,,,,,,,,
M3A-w2-0378,w2,106.151372,32.561164,乔木,core,,,,,,,,,,,
M3A-w2-0379,w2,109.549968,32.191687,乔木,core,,,,,,,,,,,
M3A-w2-0380,w2,108.958697,31.680186,乔木,core,,,,,,,,,,,
M3A-w2-0381,w2,106.465064,31.906023,乔木,core,,,,,,,,,,,
M3A-w2-0382,w2,109.050595,35.46389,乔木,core,,,,,,,,,,,
M3A-w2-0383,w2,109.076736,33.00044,乔木,core,,,,,,,,,,,
M3A-w2-0384,w2,106.798698,34.06737,乔木,core,,,,,,,,,,,
M3A-w2-0385,w2,108.280918,31.648925,乔木,core,,,,,,,,,,,
M3A-w2-0386,w2,109.698729,33.476368,乔木,core,,,,,,,,,,,
M3A-w2-0387,w2,107.993098,35.762221,乔木,core,,,,,,,,,,,
M3A-w2-0388,w2,108.366887,33.088565,乔木,core,,,,,,,,,,,
M3A-w2-0389,w2,108.561731,32.405666,乔木,core,,,,,,,,,,,
M3A-w2-0390,w2,105.502698,32.110839,乔木,core,,,,,,,,,,,
M3A-w2-0391,w2,106.304445,32.15827,乔木,core,,,,,,,,,,,
M3A-w2-0392,w2,108.246423,32.131051,乔木,core,,,,,,,,,,,
M3A-w2-0393,w2,109.841561,31.920037,乔木,core,,,,,,,,,,,
M3A-w2-0394,w2,106.879277,34.073298,乔木,core,,,,,,,,,,,
M3A-w2-0395,w2,105.835794,33.942863,乔木,core,,,,,,,,,,,
M3A-w2-0396,w2,109.25056,32.606709,乔木,core,,,,,,,,,,,
M3A-w2-0397,w2,106.195299,34.255207,乔木,core,,,,,,,,,,,
M3A-w2-0398,w2,107.73573,34.760779,乔木,core,,,,,,,,,,,
M3A-w2-0399,w2,109.637823,35.882416,乔木,core,,,,,,,,,,,
M3A-w2-0400,w2,106.787918,34.594231,乔木,core,,,,,,,,,,,
M3A-w2-0401,w2,108.632608,35.399481,乔木,core,,,,,,,,,,,
M3A-w2-0402,w2,105.93901,34.326354,乔木,core,,,,,,,,,,,
M3A-w2-0403,w2,108.026785,31.858322,乔木,core,,,,,,,,,,,
M3A-w2-0404,w2,107.340921,31.941596,乔木,core,,,,,,,,,,,
M3A-w2-0405,w2,109.389349,32.153958,乔木,core,,,,,,,,,,,
M3A-w2-0406,w2,106.269141,34.355998,乔木,core,,,,,,,,,,,
M3A-w2-0407,w2,106.799237,34.318808,乔木,core,,,,,,,,,,,
M3A-w2-0408,w2,106.337323,31.786906,乔木,core,,,,,,,,,,,
M3A-w2-0409,w2,105.706436,31.653776,乔木,core,,,,,,,,,,,
M3A-w2-0410,w2,109.233851,36.083459,乔木,core,,,,,,,,,,,
M3A-w2-0411,w2,108.821524,31.918959,乔木,core,,,,,,,,,,,
M3A-w2-0412,w2,106.897872,33.637795,乔木,core,,,,,,,,,,,
M3A-w2-0413,w2,105.705897,32.783767,乔木,core,,,,,,,,,,,
M3A-w2-0414,w2,106.465064,33.857433,乔木,core,,,,,,,,,,,
M3A-w2-0415,w2,108.945492,32.61668,乔木,core,,,,,,,,,,,
M3A-w2-0416,w2,106.119302,34.048505,乔木,core,,,,,,,,,,,
M3A-w2-0417,w2,108.987802,33.992989,乔木,core,,,,,,,,,,,
M3A-w2-0418,w2,106.539444,34.244158,乔木,core,,,,,,,,,,,
M3A-w2-0419,w2,108.587872,31.965042,乔木,core,,,,,,,,,,,
M3A-w2-0420,w2,106.904609,33.372612,乔木,core,,,,,,,,,,,
M3A-w2-0421,w2,107.616344,34.962092,草地,core,,,,,,,,,,,
M3A-w2-0422,w2,105.523449,35.958683,草地,core,,,,,,,,,,,
M3A-w2-0423,w2,109.088054,35.751441,草地,core,,,,,,,,,,,
M3A-w2-0424,w2,108.386021,35.161787,草地,core,,,,,,,,,,,
M3A-w2-0425,w2,105.823936,35.06935,草地,core,,,,,,,,,,,
M3A-w2-0426,w2,105.529648,35.678139,草地,core,,,,,,,,,,,
M3A-w2-0427,w2,106.477191,35.364986,草地,core,,,,,,,,,,,
M3A-w2-0428,w2,109.793052,35.441522,草地,core,,,,,,,,,,,
M3A-w2-0429,w2,108.259897,35.424814,草地,core,,,,,,,,,,,
M3A-w2-0430,w2,106.382329,35.867054,草地,core,,,,,,,,,,,
M3A-w2-0431,w2,108.031636,36.007731,草地,core,,,,,,,,,,,
M3A-w2-0432,w2,105.646608,34.733021,草地,core,,,,,,,,,,,
M3A-w2-0433,w2,106.812981,35.286294,草地,core,,,,,,,,,,,
M3A-w2-0434,w2,108.054812,35.732038,草地,core,,,,,,,,,,,
M3A-w2-0435,w2,105.612652,35.009792,草地,core,,,,,,,,,,,
M3A-w2-0436,w2,107.434436,35.840644,草地,core,,,,,,,,,,,
M3A-w2-0437,w2,107.717674,35.591361,草地,core,,,,,,,,,,,
M3A-w2-0438,w2,106.287467,35.651998,草地,core,,,,,,,,,,,
M3A-w2-0439,w2,106.705183,35.215955,草地,core,,,,,,,,,,,
M3A-w2-0440,w2,106.295012,35.930655,草地,core,,,,,,,,,,,
M3A-w2-0441,w2,106.032525,35.701046,草地,core,,,,,,,,,,,
M3A-w2-0442,w2,105.756832,35.92796,草地,core,,,,,,,,,,,
M3A-w2-0443,w2,108.19441,35.358249,草地,core,,,,,,,,,,,
M3A-w2-0444,w2,107.904434,35.546356,草地,core,,,,,,,,,,,
M3A-w2-0445,w2,107.619578,32.646864,草地,core,,,,,,,,,,,
M3A-w2-0446,w2,106.096125,35.602411,草地,core,,,,,,,,,,,
M3A-w2-0447,w2,105.813965,34.899299,草地,core,,,,,,,,,,,
M3A-w2-0448,w2,105.930386,35.801028,草地,core,,,,,,,,,,,
M3A-w2-0449,w2,109.59713,35.891309,草地,core,,,,,,,,,,,
M3A-w2-0450,w2,109.345961,35.839296,耕地,core,,,,,,,,,,,
M3A-w2-0451,w2,108.90372,34.841088,耕地,core,,,,,,,,,,,
M3A-w2-0452,w2,105.796717,35.137263,耕地,core,,,,,,,,,,,
M3A-w2-0453,w2,108.619134,34.621181,耕地,core,,,,,,,,,,,
M3A-w2-0454,w2,108.084456,34.432535,耕地,core,,,,,,,,,,,
M3A-w2-0455,w2,108.481961,34.343601,耕地,core,,,,,,,,,,,
M3A-w2-0456,w2,105.953293,35.715598,耕地,core,,,,,,,,,,,
M3A-w2-0457,w2,109.96499,35.010331,耕地,core,,,,,,,,,,,
M3A-w2-0458,w2,106.021475,35.65065,耕地,core,,,,,,,,,,,
M3A-w2-0459,w2,107.899853,35.190084,耕地,core,,,,,,,,,,,
M3A-w2-0460,w2,106.777408,35.661699,耕地,core,,,,,,,,,,,
M3A-w2-0461,w2,106.572861,35.981859,耕地,core,,,,,,,,,,,
M3A-w2-0462,w2,109.997599,32.328051,耕地,core,,,,,,,,,,,
M3A-w2-0463,w2,109.653184,34.342254,耕地,core,,,,,,,,,,,
M3A-w2-0464,w2,108.927436,34.489668,耕地,core,,,,,,,,,,,
M3A-w2-0465,w2,105.945208,35.999915,耕地,core,,,,,,,,,,,
M3A-w2-0466,w2,109.908126,35.254224,耕地,core,,,,,,,,,,,
M3A-w2-0467,w2,107.859698,35.602141,耕地,core,,,,,,,,,,,
M3A-w2-0468,w2,108.667104,34.141481,耕地,core,,,,,,,,,,,
M3A-w2-0469,w2,105.801837,35.092527,耕地,core,,,,,,,,,,,
M3A-w2-0470,w2,105.616156,35.017877,耕地,core,,,,,,,,,,,
M3A-w2-0471,w2,107.920873,34.383217,耕地,core,,,,,,,,,,,
M3A-w2-0472,w2,106.639965,35.170141,耕地,core,,,,,,,,,,,
M3A-w2-0473,w2,107.863201,33.006369,耕地,core,,,,,,,,,,,
M3A-w2-0474,w2,108.221629,34.575906,耕地,core,,,,,,,,,,,
M3A-w2-0475,w2,109.679595,35.531803,耕地,core,,,,,,,,,,,
M3A-w2-0476,w2,109.59686,34.473767,耕地,core,,,,,,,,,,,
M3A-w2-0477,w2,108.051578,35.702663,耕地,core,,,,,,,,,,,
M3A-w2-0478,w2,109.017177,34.705802,耕地,core,,,,,,,,,,,
M3A-w2-0479,w2,108.243189,35.103037,耕地,core,,,,,,,,,,,
M3A-w2-0480,w2,107.177607,34.482661,耕地,core,,,,,,,,,,,
M3A-w2-0481,w2,107.018066,35.487067,耕地,core,,,,,,,,,,,
M3A-w2-0482,w2,107.441173,35.29896,耕地,core,,,,,,,,,,,
M3A-w2-0483,w2,106.586336,35.887805,耕地,core,,,,,,,,,,,
M3A-w2-0484,w2,108.486003,34.456789,耕地,core,,,,,,,,,,,
M3A-w2-0485,w2,108.346136,34.113992,耕地,core,,,,,,,,,,,
M3A-w2-0486,w2,108.323768,34.395883,耕地,core,,,,,,,,,,,
M3A-w2-0487,w2,108.02409,34.990388,耕地,core,,,,,,,,,,,
M3A-w2-0488,w2,107.847032,34.233648,耕地,core,,,,,,,,,,,
M3A-w2-0489,w2,105.630978,35.851154,耕地,core,,,,,,,,,,,
M3A-w2-0490,w2,105.542314,34.140403,耕地,core,,,,,,,,,,,
M3A-w2-0491,w2,107.481058,34.549765,耕地,core,,,,,,,,,,,
M3A-w2-0492,w2,109.55401,34.980417,耕地,core,,,,,,,,,,,
M3A-w2-0493,w2,109.926721,35.257997,耕地,core,,,,,,,,,,,
M3A-w2-0494,w2,107.121822,33.236518,耕地,core,,,,,,,,,,,
M3A-w2-0495,w2,107.078433,31.847543,耕地,core,,,,,,,,,,,
M3A-w2-0496,w2,107.638982,34.207507,耕地,core,,,,,,,,,,,
M3A-w2-0497,w2,105.914486,35.88538,耕地,core,,,,,,,,,,,
M3A-w2-0498,w2,109.444057,34.309106,耕地,core,,,,,,,,,,,
M3A-w2-0499,w2,108.440728,34.813061,耕地,core,,,,,,,,,,,
M3A-w2-0500,w2,109.093983,34.537368,建成区,core,,,,,,,,,,,
M3A-w2-0501,w2,107.031272,33.081558,建成区,core,,,,,,,,,,,
M3A-w2-0502,w2,108.920968,34.304525,建成区,core,,,,,,,,,,,
M3A-w2-0503,w2,109.357279,34.489668,建成区,core,,,,,,,,,,,
M3A-w2-0504,w2,108.842545,34.316383,建成区,core,,,,,,,,,,,
M3A-w2-0505,w2,108.736903,34.598543,建成区,core,,,,,,,,,,,
M3A-w2-0506,w2,109.797634,34.514461,建成区,core,,,,,,,,,,,
M3A-w2-0507,w2,109.393661,34.550034,建成区,core,,,,,,,,,,,
M3A-w2-0508,w2,108.906954,34.177323,建成区,core,,,,,,,,,,,
M3A-w2-0509,w2,107.025612,33.040865,建成区,core,,,,,,,,,,,
M3A-w2-0510,w2,108.911266,34.331744,建成区,core,,,,,,,,,,,
M3A-w2-0511,w2,109.012326,34.26949,建成区,core,,,,,,,,,,,
M3A-w2-0512,w2,105.744165,35.967576,建成区,core,,,,,,,,,,,
M3A-w2-0513,w2,108.715343,34.357346,建成区,core,,,,,,,,,,,
M3A-w2-0514,w2,105.644722,31.793105,建成区,core,,,,,,,,,,,
M3A-w2-0515,w2,108.728279,34.422294,裸地/稀疏,core,,,,,,,,,,,
M3A-w2-0516,w2,107.409103,34.336595,裸地/稀疏,core,,,,,,,,,,,
M3A-w2-0517,w2,108.794575,34.202386,裸地/稀疏,core,,,,,,,,,,,
M3A-w2-0518,w2,106.552919,33.422199,裸地/稀疏,core,,,,,,,,,,,
M3A-w2-0519,w2,108.794305,34.340368,裸地/稀疏,core,,,,,,,,,,,
M3A-w2-0520,w2,107.122361,35.402715,裸地/稀疏,core,,,,,,,,,,,
M3A-w2-0521,w2,105.894813,32.630155,裸地/稀疏,core,,,,,,,,,,,
M3A-w2-0522,w2,109.297452,35.739314,水体,core,,,,,,,,,,,
M3A-w2-0523,w2,106.667723,31.79014,水体,core,,,,,,,,,,,
M3A-w2-0524,w2,105.819624,31.924618,水体,core,,,,,,,,,,,
M3A-w2-0525,w2,107.180841,34.608245,水体,core,,,,,,,,,,,
M3A-w2-0526,w2,105.91799,32.738761,水体,core,,,,,,,,,,,
M3A-w2-0527,w2,108.867338,34.391571,水体,core,,,,,,,,,,,
M3A-w2-0528,w2,108.772207,34.207237,水体,core,,,,,,,,,,,
M3A-w2-0529,w2,105.8269,32.434232,水体,core,,,,,,,,,,,
M3A-w2-0530,w2,106.000724,31.617933,水体,core,,,,,,,,,,,
M3A-w2-0531,w2,106.737792,31.802268,水体,core,,,,,,,,,,,
M3A-w2-0532,w2,108.767625,32.602936,水体,core,,,,,,,,,,,
M3A-w2-0533,w2,109.323323,35.706436,水体,core,,,,,,,,,,,
M3A-w2-0534,w2,108.71696,31.97151,水体,core,,,,,,,,,,,
M3A-w2-0535,w2,109.321437,35.132682,乔木,edge,,,,,,,,,,,
M3A-w2-0536,w2,107.897697,33.705977,乔木,edge,,,,,,,,,,,
M3A-w2-0537,w2,106.375861,32.069876,乔木,edge,,,,,,,,,,,
M3A-w2-0538,w2,108.97325,35.79483,乔木,edge,,,,,,,,,,,
M3A-w2-0539,w2,106.016894,34.49344,乔木,edge,,,,,,,,,,,
M3A-w2-0540,w2,108.01304,32.289783,乔木,edge,,,,,,,,,,,
M3A-w2-0541,w2,107.49076,32.003849,乔木,edge,,,,,,,,,,,
M3A-w2-0542,w2,107.557864,35.329143,乔木,edge,,,,,,,,,,,
M3A-w2-0543,w2,108.5143,36.022283,乔木,edge,,,,,,,,,,,
M3A-w2-0544,w2,107.338495,32.197616,乔木,edge,,,,,,,,,,,
M3A-w2-0545,w2,109.487445,33.7367,乔木,edge,,,,,,,,,,,
M3A-w2-0546,w2,107.75729,34.14202,乔木,edge,,,,,,,,,,,
M3A-w2-0547,w2,106.854483,31.849699,乔木,edge,,,,,,,,,,,
M3A-w2-0548,w2,106.53082,35.184425,乔木,edge,,,,,,,,,,,
M3A-w2-0549,w2,107.771843,33.100153,乔木,edge,,,,,,,,,,,
M3A-w2-0550,w2,109.199086,33.278289,乔木,edge,,,,,,,,,,,
M3A-w2-0551,w2,106.788727,35.75198,草地,edge,,,,,,,,,,,
M3A-w2-0552,w2,107.299419,34.650556,草地,edge,,,,,,,,,,,
M3A-w2-0553,w2,107.944589,34.704724,草地,edge,,,,,,,,,,,
M3A-w2-0554,w2,108.867877,33.516253,草地,edge,,,,,,,,,,,
M3A-w2-0555,w2,107.619848,35.708592,草地,edge,,,,,,,,,,,
M3A-w2-0556,w2,106.210661,35.310548,草地,edge,,,,,,,,,,,
M3A-w2-0557,w2,107.736539,34.525241,草地,edge,,,,,,,,,,,
M3A-w2-0558,w2,108.246153,35.374957,草地,edge,,,,,,,,,,,
M3A-w2-0559,w2,109.504693,33.217114,草地,edge,,,,,,,,,,,
M3A-w2-0560,w2,108.061819,35.424814,草地,edge,,,,,,,,,,,
M3A-w2-0561,w2,109.925913,34.672654,草地,edge,,,,,,,,,,,
M3A-w2-0562,w2,106.169428,34.677236,草地,edge,,,,,,,,,,,
M3A-w2-0563,w2,108.29574,35.259614,草地,edge,,,,,,,,,,,
M3A-w2-0564,w2,107.029924,35.21865,草地,edge,,,,,,,,,,,
M3A-w2-0565,w2,105.502968,34.818181,草地,edge,,,,,,,,,,,
M3A-w2-0566,w2,109.121472,34.898221,草地,edge,,,,,,,,,,,
M3A-w2-0567,w2,108.109519,35.187659,草地,edge,,,,,,,,,,,
M3A-w2-0568,w2,105.916642,35.927152,草地,edge,,,,,,,,,,,
M3A-w2-0569,w2,106.931559,35.712364,草地,edge,,,,,,,,,,,
M3A-w2-0570,w2,108.742293,34.659988,草地,edge,,,,,,,,,,,
M3A-w2-0571,w2,105.551477,34.841358,草地,edge,,,,,,,,,,,
M3A-w2-0572,w2,106.962551,34.920589,草地,edge,,,,,,,,,,,
M3A-w2-0573,w2,107.321517,35.774079,草地,edge,,,,,,,,,,,
M3A-w2-0574,w2,109.397165,32.132398,草地,edge,,,,,,,,,,,
M3A-w2-0575,w2,107.281632,35.226466,草地,edge,,,,,,,,,,,
M3A-w2-0576,w2,109.29853,34.207507,草地,edge,,,,,,,,,,,
M3A-w2-0577,w2,105.783512,35.895351,草地,edge,,,,,,,,,,,
M3A-w2-0578,w2,109.86339,35.277939,草地,edge,,,,,,,,,,,
M3A-w2-0579,w2,108.878927,33.451844,草地,edge,,,,,,,,,,,
M3A-w2-0580,w2,105.638793,35.985093,草地,edge,,,,,,,,,,,
M3A-w2-0581,w2,106.302828,35.694578,草地,edge,,,,,,,,,,,
M3A-w2-0582,w2,107.844337,34.970176,草地,edge,,,,,,,,,,,
M3A-w2-0583,w2,107.459768,35.27767,草地,edge,,,,,,,,,,,
M3A-w2-0584,w2,109.273467,33.377194,草地,edge,,,,,,,,,,,
M3A-w2-0585,w2,108.047805,35.174453,草地,edge,,,,,,,,,,,
M3A-w2-0586,w2,107.503426,35.603219,耕地,edge,,,,,,,,,,,
M3A-w2-0587,w2,107.648145,35.457692,耕地,edge,,,,,,,,,,,
M3A-w2-0588,w2,106.549685,35.28306,耕地,edge,,,,,,,,,,,
M3A-w2-0589,w2,108.217048,35.391127,耕地,edge,,,,,,,,,,,
M3A-w2-0590,w2,108.324037,34.151452,耕地,edge,,,,,,,,,,,
M3A-w2-0591,w2,107.075738,35.211644,耕地,edge,,,,,,,,,,,
M3A-w2-0592,w2,107.731958,34.719007,耕地,edge,,,,,,,,,,,
M3A-w2-0593,w2,108.559036,34.089738,耕地,edge,,,,,,,,,,,
M3A-w2-0594,w2,105.983207,35.792943,耕地,edge,,,,,,,,,,,
M3A-w2-0595,w2,107.153622,34.113453,耕地,edge,,,,,,,,,,,
M3A-w2-0596,w2,109.857192,35.100073,耕地,edge,,,,,,,,,,,
M3A-w2-0597,w2,108.073677,34.94134,耕地,edge,,,,,,,,,,,
M3A-w2-0598,w2,108.939563,32.881054,耕地,edge,,,,,,,,,,,
M3A-w2-0599,w2,109.341379,35.426431,耕地,edge,,,,,,,,,,,
M3A-w2-0600,w2,109.342996,35.189814,耕地,edge,,,,,,,,,,,
M3A-w2-0601,w2,107.671052,35.40002,耕地,edge,,,,,,,,,,,
M3A-w2-0602,w2,108.006842,34.590189,耕地,edge,,,,,,,,,,,
M3A-w2-0603,w2,106.074835,35.706705,耕地,edge,,,,,,,,,,,
M3A-w2-0604,w2,106.50953,32.21702,耕地,edge,,,,,,,,,,,
M3A-w2-0605,w2,106.361308,32.750619,耕地,edge,,,,,,,,,,,
M3A-w2-0606,w2,106.639696,35.632864,耕地,edge,,,,,,,,,,,
M3A-w2-0607,w2,108.974867,31.730043,耕地,edge,,,,,,,,,,,
M3A-w2-0608,w2,108.026515,35.932811,耕地,edge,,,,,,,,,,,
M3A-w2-0609,w2,108.104938,34.390763,耕地,edge,,,,,,,,,,,
M3A-w2-0610,w2,109.328713,34.515539,耕地,edge,,,,,,,,,,,
M3A-w2-0611,w2,108.700521,34.704724,建成区,edge,,,,,,,,,,,
M3A-w2-0612,w2,106.486354,35.916911,建成区,edge,,,,,,,,,,,
M3A-w2-0613,w2,106.267524,35.964342,建成区,edge,,,,,,,,,,,
M3A-w2-0614,w2,108.226211,34.591536,建成区,edge,,,,,,,,,,,
M3A-w2-0615,w2,108.85548,34.098092,建成区,edge,,,,,,,,,,,
M3A-w2-0616,w2,109.500381,34.645705,建成区,edge,,,,,,,,,,,
M3A-w2-0617,w2,105.908827,31.758879,建成区,edge,,,,,,,,,,,
M3A-w2-0618,w2,109.342996,34.93622,建成区,edge,,,,,,,,,,,
M3A-w2-0619,w2,109.292062,33.3206,建成区,edge,,,,,,,,,,,
M3A-w2-0620,w2,109.478013,36.059204,建成区,edge,,,,,,,,,,,
M3A-w2-0621,w2,105.834716,35.915563,建成区,edge,,,,,,,,,,,
M3A-w2-0622,w2,109.17591,34.234456,建成区,edge,,,,,,,,,,,
M3A-w2-0623,w2,108.785142,34.247661,建成区,edge,,,,,,,,,,,
M3A-w2-0624,w2,107.958064,33.294459,建成区,edge,,,,,,,,,,,
M3A-w2-0625,w2,109.112578,32.64336,建成区,edge,,,,,,,,,,,
M3A-w2-0626,w2,108.969207,34.264909,建成区,edge,,,,,,,,,,,
M3A-w2-0627,w2,109.582307,35.217033,建成区,edge,,,,,,,,,,,
M3A-w2-0628,w2,107.080859,32.082542,建成区,edge,,,,,,,,,,,
M3A-w2-0629,w2,109.03173,35.101959,建成区,edge,,,,,,,,,,,
M3A-w2-0630,w2,105.980512,35.765455,建成区,edge,,,,,,,,,,,
M3A-w2-0631,w2,108.757654,34.607976,建成区,edge,,,,,,,,,,,
M3A-w2-0632,w2,108.780022,34.322042,建成区,edge,,,,,,,,,,,
M3A-w2-0633,w2,109.520593,34.9788,建成区,edge,,,,,,,,,,,
M3A-w2-0634,w2,108.250735,32.148299,建成区,edge,,,,,,,,,,,
M3A-w2-0635,w2,108.133774,34.690441,建成区,edge,,,,,,,,,,,
M3A-w2-0636,w2,108.440459,34.9947,建成区,edge,,,,,,,,,,,
M3A-w2-0637,w2,105.906401,31.711717,建成区,edge,,,,,,,,,,,
M3A-w2-0638,w2,107.653535,32.265529,建成区,edge,,,,,,,,,,,
M3A-w2-0639,w2,109.682829,34.438464,建成区,edge,,,,,,,,,,,
M3A-w2-0640,w2,108.037295,34.948078,建成区,edge,,,,,,,,,,,
M3A-w2-0641,w2,109.479899,34.535212,建成区,edge,,,,,,,,,,,
M3A-w2-0642,w2,108.526158,32.861651,建成区,edge,,,,,,,,,,,
M3A-w2-0643,w2,108.406503,34.389146,建成区,edge,,,,,,,,,,,
M3A-w2-0644,w2,105.903437,35.772192,裸地/稀疏,edge,,,,,,,,,,,
M3A-w2-0645,w2,106.201498,36.097742,裸地/稀疏,edge,,,,,,,,,,,
M3A-w2-0646,w2,106.251354,33.232745,裸地/稀疏,edge,,,,,,,,,,,
M3A-w2-0647,w2,107.431471,33.264276,裸地/稀疏,edge,,,,,,,,,,,
M3A-w2-0648,w2,105.935237,35.823127,裸地/稀疏,edge,,,,,,,,,,,
M3A-w2-0649,w2,105.568994,35.904245,裸地/稀疏,edge,,,,,,,,,,,
M3A-w2-0650,w2,105.72584,35.760334,裸地/稀疏,edge,,,,,,,,,,,
M3A-w2-0651,w2,109.841292,34.732482,裸地/稀疏,edge,,,,,,,,,,,
M3A-w2-0652,w2,107.157665,35.325101,裸地/稀疏,edge,,,,,,,,,,,
M3A-w2-0653,w2,109.599555,35.199786,裸地/稀疏,edge,,,,,,,,,,,
M3A-w2-0654,w2,106.203923,35.142922,裸地/稀疏,edge,,,,,,,,,,,
M3A-w2-0655,w2,105.833099,35.764377,裸地/稀疏,edge,,,,,,,,,,,
M3A-w2-0656,w2,108.138625,34.092433,裸地/稀疏,edge,,,,,,,,,,,
M3A-w2-0657,w2,107.56029,34.501525,裸地/稀疏,edge,,,,,,,,,,,
M3A-w2-0658,w2,109.610335,35.226196,裸地/稀疏,edge,,,,,,,,,,,
M3A-w2-0659,w2,109.439475,34.623337,裸地/稀疏,edge,,,,,,,,,,,
M3A-w2-0660,w2,109.009631,34.850251,裸地/稀疏,edge,,,,,,,,,,,
M3A-w2-0661,w2,109.972805,34.798508,裸地/稀疏,edge,,,,,,,,,,,
M3A-w2-0662,w2,105.584894,35.715329,裸地/稀疏,edge,,,,,,,,,,,
M3A-w2-0663,w2,106.170775,35.227005,裸地/稀疏,edge,,,,,,,,,,,
M3A-w2-0664,w2,106.171314,35.219998,裸地/稀疏,edge,,,,,,,,,,,
M3A-w2-0665,w2,106.145173,35.394361,裸地/稀疏,edge,,,,,,,,,,,
M3A-w2-0666,w2,106.321962,35.564412,裸地/稀疏,edge,,,,,,,,,,,
M3A-w2-0667,w2,108.085534,34.748921,裸地/稀疏,edge,,,,,,,,,,,
M3A-w2-0668,w2,107.987708,35.751711,裸地/稀疏,edge,,,,,,,,,,,
M3A-w2-0669,w2,106.967671,36.057857,裸地/稀疏,edge,,,,,,,,,,,
M3A-w2-0670,w2,107.108617,34.354112,裸地/稀疏,edge,,,,,,,,,,,
M3A-w2-0671,w2,108.792149,34.421216,裸地/稀疏,edge,,,,,,,,,,,
M3A-w2-0672,w2,107.509625,34.526049,裸地/稀疏,edge,,,,,,,,,,,
M3A-w2-0673,w2,106.036837,34.568629,裸地/稀疏,edge,,,,,,,,,,,
M3A-w2-0674,w2,109.054098,34.23796,裸地/稀疏,edge,,,,,,,,,,,
M3A-w2-0675,w2,109.832129,33.306586,裸地/稀疏,edge,,,,,,,,,,,
M3A-w2-0676,w2,107.094872,35.528839,裸地/稀疏,edge,,,,,,,,,,,
M3A-w2-0677,w2,108.894827,33.482566,裸地/稀疏,edge,,,,,,,,,,,
M3A-w2-0678,w2,107.26169,35.602411,裸地/稀疏,edge,,,,,,,,,,,
M3A-w2-0679,w2,109.523288,34.501256,裸地/稀疏,edge,,,,,,,,,,,
M3A-w2-0680,w2,105.742279,35.882955,裸地/稀疏,edge,,,,,,,,,,,
M3A-w2-0681,w2,108.448274,34.47754,裸地/稀疏,edge,,,,,,,,,,,
M3A-w2-0682,w2,109.737536,34.617408,裸地/稀疏,edge,,,,,,,,,,,
M3A-w2-0683,w2,108.136469,35.074471,裸地/稀疏,edge,,,,,,,,,,,
M3A-w2-0684,w2,108.327541,32.413751,裸地/稀疏,edge,,,,,,,,,,,
M3A-w2-0685,w2,109.627313,35.621006,裸地/稀疏,edge,,,,,,,,,,,
M3A-w2-0686,w2,108.541789,34.026406,裸地/稀疏,edge,,,,,,,,,,,
M3A-w2-0687,w2,108.283343,34.895257,裸地/稀疏,edge,,,,,,,,,,,
M3A-w2-0688,w2,107.279746,36.079686,裸地/稀疏,edge,,,,,,,,,,,
M3A-w2-0689,w2,105.573036,33.691425,裸地/稀疏,edge,,,,,,,,,,,
M3A-w2-0690,w2,109.01017,34.911966,裸地/稀疏,edge,,,,,,,,,,,
M3A-w2-0691,w2,109.930494,34.716312,裸地/稀疏,edge,,,,,,,,,,,
M3A-w2-0692,w2,107.390777,32.091166,水体,edge,,,,,,,,,,,
M3A-w2-0693,w2,108.75442,32.618028,水体,edge,,,,,,,,,,,
M3A-w2-0694,w2,108.894557,32.344491,水体,edge,,,,,,,,,,,
M3A-w2-0695,w2,109.903814,32.271458,水体,edge,,,,,,,,,,,
M3A-w2-0696,w2,108.95681,35.358249,水体,edge,,,,,,,,,,,
M3A-w2-0697,w2,105.787554,35.963264,水体,edge,,,,,,,,,,,
M3A-w2-0698,w2,105.614,31.91276,水体,edge,,,,,,,,,,,
M3A-w2-0699,w2,107.819543,35.276592,水体,edge,,,,,,,,,,,
M3A-w2-0700,w2,105.610227,31.624132,水体,edge,,,,,,,,,,,
M3A-w2-0701,w2,105.563065,33.567457,水体,edge,,,,,,,,,,,
M3A-w2-0702,w2,105.564413,32.036189,水体,edge,,,,,,,,,,,
M3A-w2-0703,w2,108.503521,32.890217,水体,edge,,,,,,,,,,,
M3A-w2-0704,w2,107.028307,31.721419,水体,edge,,,,,,,,,,,
M3A-w2-0705,w2,107.030463,33.109047,水体,edge,,,,,,,,,,,
M3A-w2-0706,w2,106.176974,31.980403,水体,edge,,,,,,,,,,,
M3A-w2-0707,w2,109.124975,34.451938,草本湿地,edge,,,,,,,,,,,
M3A-w2-0708,w2,109.302841,34.214244,草本湿地,edge,,,,,,,,,,,
M3A-w2-0709,w2,109.350273,34.76024,草本湿地,edge,,,,,,,,,,,
M3A-w2-0710,w2,108.495975,34.831656,草本湿地,edge,,,,,,,,,,,
M3A-w2-0711,w2,109.520054,34.439272,草本湿地,edge,,,,,,,,,,,
M3A-w2-0712,w2,108.857906,34.490476,草本湿地,edge,,,,,,,,,,,
M3A-w2-0713,w2,107.708781,33.938821,苔藓地衣,edge,,,,,,,,,,,
M3A-w2-0714,w2,107.785048,33.9496,苔藓地衣,edge,,,,,,,,,,,
M3A-w2-0715,w2,107.498306,33.954721,苔藓地衣,edge,,,,,,,,,,,
M3A-w2-0716,w2,107.61338,33.926154,苔藓地衣,edge,,,,,,,,,,,
M3A-w2-0717,w2,107.796097,33.988677,苔藓地衣,edge,,,,,,,,,,,
M3A-w3-0718,w3,113.732524,25.073796,乔木,core,,,,,,,,,,,
M3A-w3-0719,w3,108.248848,24.318942,乔木,core,,,,,,,,,,,
M3A-w3-0720,w3,110.109978,25.942916,乔木,core,,,,,,,,,,,
M3A-w3-0721,w3,112.997882,24.942822,乔木,core,,,,,,,,,,,
M3A-w3-0722,w3,109.054637,28.060874,乔木,core,,,,,,,,,,,
M3A-w3-0723,w3,111.074768,28.62843,乔木,core,,,,,,,,,,,
M3A-w3-0724,w3,113.245278,23.854064,乔木,core,,,,,,,,,,,
M3A-w3-0725,w3,111.774107,24.550977,乔木,core,,,,,,,,,,,
M3A-w3-0726,w3,113.473809,28.108844,乔木,core,,,,,,,,,,,
M3A-w3-0727,w3,113.590231,25.417132,乔木,core,,,,,,,,,,,
M3A-w3-0728,w3,112.931317,24.455576,乔木,core,,,,,,,,,,,
M3A-w3-0729,w3,108.124072,25.678812,乔木,core,,,,,,,,,,,
M3A-w3-0730,w3,112.218234,23.554655,乔木,core,,,,,,,,,,,
M3A-w3-0731,w3,108.984568,25.741334,乔木,core,,,,,,,,,,,
M3A-w3-0732,w3,110.644655,26.827936,乔木,core,,,,,,,,,,,
M3A-w3-0733,w3,112.365378,24.30924,乔木,core,,,,,,,,,,,
M3A-w3-0734,w3,108.262053,27.616208,乔木,core,,,,,,,,,,,
M3A-w3-0735,w3,110.598032,27.307906,乔木,core,,,,,,,,,,,
M3A-w3-0736,w3,113.930064,28.789857,乔木,core,,,,,,,,,,,
M3A-w3-0737,w3,108.629105,26.496997,乔木,core,,,,,,,,,,,
M3A-w3-0738,w3,110.629024,24.230009,乔木,core,,,,,,,,,,,
M3A-w3-0739,w3,112.305281,24.784359,乔木,core,,,,,,,,,,,
M3A-w3-0740,w3,112.544861,23.246892,乔木,core,,,,,,,,,,,
M3A-w3-0741,w3,109.621923,23.463297,乔木,core,,,,,,,,,,,
M3A-w3-0742,w3,112.742401,24.802685,乔木,core,,,,,,,,,,,
M3A-w3-0743,w3,108.358532,27.157259,乔木,core,,,,,,,,,,,
M3A-w3-0744,w3,111.509194,25.131199,乔木,core,,,,,,,,,,,
M3A-w3-0745,w3,109.630547,25.385332,乔木,core,,,,,,,,,,,
M3A-w3-0746,w3,113.910121,23.418291,乔木,core,,,,,,,,,,,
M3A-w3-0747,w3,110.64735,23.727401,乔木,core,,,,,,,,,,,
M3A-w3-0748,w3,111.008203,26.370874,乔木,core,,,,,,,,,,,
M3A-w3-0749,w3,110.183011,23.996626,乔木,core,,,,,,,,,,,
M3A-w3-0750,w3,110.867258,27.091502,乔木,core,,,,,,,,,,,
M3A-w3-0751,w3,112.866099,24.420811,乔木,core,,,,,,,,,,,
M3A-w3-0752,w3,113.543339,24.035703,乔木,core,,,,,,,,,,,
M3A-w3-0753,w3,108.238877,23.279771,乔木,core,,,,,,,,,,,
M3A-w3-0754,w3,110.901753,27.894057,乔木,core,,,,,,,,,,,
M3A-w3-0755,w3,109.419533,27.757693,乔木,core,,,,,,,,,,,
M3A-w3-0756,w3,110.216159,27.134082,乔木,core,,,,,,,,,,,
M3A-w3-0757,w3,110.194869,26.195163,乔木,core,,,,,,,,,,,
M3A-w3-0758,w3,110.654626,25.694173,乔木,core,,,,,,,,,,,
M3A-w3-0759,w3,113.899341,24.842839,乔木,core,,,,,,,,,,,
M3A-w3-0760,w3,113.716893,24.497078,乔木,core,,,,,,,,,,,
M3A-w3-0761,w3,111.365014,26.851921,乔木,core,,,,,,,,,,,
M3A-w3-0762,w3,109.590392,24.956027,乔木,core,,,,,,,,,,,
M3A-w3-0763,w3,109.549699,26.828475,乔木,core,,,,,,,,,,,
M3A-w3-0764,w3,109.995443,23.498331,乔木,core,,,,,,,,,,,
M3A-w3-0765,w3,111.097136,28.565907,乔木,core,,,,,,,,,,,
M3A-w3-0766,w3,110.650045,28.176218,乔木,core,,,,,,,,,,,
M3A-w3-0767,w3,113.934106,26.643602,乔木,core,,,,,,,,,,,
M3A-w3-0768,w3,112.175654,27.738828,乔木,core,,,,,,,,,,,
M3A-w3-0769,w3,109.72514,28.496108,乔木,core,,,,,,,,,,,
M3A-w3-0770,w3,108.748491,23.02968,乔木,core,,,,,,,,,,,
M3A-w3-0771,w3,110.107013,25.472648,乔木,core,,,,,,,,,,,
M3A-w3-0772,w3,113.822805,25.534901,乔木,core,,,,,,,,,,,
M3A-w3-0773,w3,109.907048,27.926935,乔木,core,,,,,,,,,,,
M3A-w3-0774,w3,109.084551,27.132196,乔木,core,,,,,,,,,,,
M3A-w3-0775,w3,113.93734,24.190662,乔木,core,,,,,,,,,,,
M3A-w3-0776,w3,111.533179,23.092742,乔木,core,,,,,,,,,,,
M3A-w3-0777,w3,109.968493,23.462488,乔木,core,,,,,,,,,,,
M3A-w3-0778,w3,110.764041,24.360983,乔木,core,,,,,,,,,,,
M3A-w3-0779,w3,110.734127,26.364136,乔木,core,,,,,,,,,,,
M3A-w3-0780,w3,108.010076,23.103521,乔木,core,,,,,,,,,,,
M3A-w3-0781,w3,111.554199,27.836655,草地,core,,,,,,,,,,,
M3A-w3-0782,w3,112.480183,26.067692,草地,core,,,,,,,,,,,
M3A-w3-0783,w3,111.320817,27.121686,草地,core,,,,,,,,,,,
M3A-w3-0784,w3,111.716435,25.459982,草地,core,,,,,,,,,,,
M3A-w3-0785,w3,110.232598,23.665148,草地,core,,,,,,,,,,,
M3A-w3-0786,w3,113.301333,26.4846,草地,core,,,,,,,,,,,
M3A-w3-0787,w3,112.464821,24.737197,草地,core,,,,,,,,,,,
M3A-w3-0788,w3,109.333294,23.478119,草地,core,,,,,,,,,,,
M3A-w3-0789,w3,110.109439,23.644936,草地,core,,,,,,,,,,,
M3A-w3-0790,w3,112.681495,25.430607,草地,core,,,,,,,,,,,
M3A-w3-0791,w3,109.114734,27.74853,草地,core,,,,,,,,,,,
M3A-w3-0792,w3,109.78874,24.464469,耕地,core,,,,,,,,,,,
M3A-w3-0793,w3,109.224958,24.14404,耕地,core,,,,,,,,,,,
M3A-w3-0794,w3,113.13209,28.136333,耕地,core,,,,,,,,,,,
M3A-w3-0795,w3,112.387746,27.664717,耕地,core,,,,,,,,,,,
M3A-w3-0796,w3,112.111514,28.989822,耕地,core,,,,,,,,,,,
M3A-w3-0797,w3,112.897091,26.780505,耕地,core,,,,,,,,,,,
M3A-w3-0798,w3,108.970824,23.079536,耕地,core,,,,,,,,,,,
M3A-w3-0799,w3,109.961756,23.083848,耕地,core,,,,,,,,,,,
M3A-w3-0800,w3,112.501203,28.560787,耕地,core,,,,,,,,,,,
M3A-w3-0801,w3,112.54028,28.584233,耕地,core,,,,,,,,,,,
M3A-w3-0802,w3,111.419452,26.609646,耕地,core,,,,,,,,,,,
M3A-w3-0803,w3,111.583844,26.630936,耕地,core,,,,,,,,,,,
M3A-w3-0804,w3,109.3624,23.387838,耕地,core,,,,,,,,,,,
M3A-w3-0805,w3,112.730813,26.558981,耕地,core,,,,,,,,,,,
M3A-w3-0806,w3,112.732969,28.818693,耕地,core,,,,,,,,,,,
M3A-w3-0807,w3,112.669098,27.825875,耕地,core,,,,,,,,,,,
M3A-w3-0808,w3,112.617625,28.715477,耕地,core,,,,,,,,,,,
M3A-w3-0809,w3,111.352617,27.771976,耕地,core,,,,,,,,,,,
M3A-w3-0810,w3,112.41227,28.940235,耕地,core,,,,,,,,,,,
M3A-w3-0811,w3,112.787676,28.589623,耕地,core,,,,,,,,,,,
M3A-w3-0812,w3,109.46346,28.4255,耕地,core,,,,,,,,,,,
M3A-w3-0813,w3,108.246423,28.35651,耕地,core,,,,,,,,,,,
M3A-w3-0814,w3,112.553485,25.286697,建成区,core,,,,,,,,,,,
M3A-w3-0815,w3,113.294326,23.271147,建成区,core,,,,,,,,,,,
M3A-w3-0816,w3,113.119693,28.133907,建成区,core,,,,,,,,,,,
M3A-w3-0817,w3,111.524285,27.262631,建成区,core,,,,,,,,,,,
M3A-w3-0818,w3,113.254441,23.256594,建成区,core,,,,,,,,,,,
M3A-w3-0819,w3,112.147896,26.572995,建成区,core,,,,,,,,,,,
M3A-w3-0820,w3,112.78013,28.412565,建成区,core,,,,,,,,,,,
M3A-w3-0821,w3,112.498508,23.084926,建成区,core,,,,,,,,,,,
M3A-w3-0822,w3,109.355932,24.308162,建成区,core,,,,,,,,,,,
M3A-w3-0823,w3,113.160387,27.958197,建成区,core,,,,,,,,,,,
M3A-w3-0824,w3,113.163621,27.87115,建成区,core,,,,,,,,,,,
M3A-w3-0825,w3,112.41254,27.052156,建成区,core,,,,,,,,,,,
M3A-w3-0826,w3,108.98376,23.269799,裸地/稀疏,core,,,,,,,,,,,
M3A-w3-0827,w3,113.934914,27.646392,裸地/稀疏,core,,,,,,,,,,,
M3A-w3-0828,w3,113.144487,27.681156,裸地/稀疏,core,,,,,,,,,,,
M3A-w3-0829,w3,112.556719,26.307542,裸地/稀疏,core,,,,,,,,,,,
M3A-w3-0830,w3,113.072801,27.87627,裸地/稀疏,core,,,,,,,,,,,
M3A-w3-0831,w3,109.587697,23.890445,裸地/稀疏,core,,,,,,,,,,,
M3A-w3-0832,w3,112.312288,28.794438,水体,core,,,,,,,,,,,
M3A-w3-0833,w3,112.324415,28.849954,水体,core,,,,,,,,,,,
M3A-w3-0834,w3,112.011801,28.847529,水体,core,,,,,,,,,,,
M3A-w3-0835,w3,112.741053,23.053665,水体,core,,,,,,,,,,,
M3A-w3-0836,w3,108.031636,26.712054,水体,core,,,,,,,,,,,
M3A-w3-0837,w3,113.18518,24.777622,水体,core,,,,,,,,,,,
M3A-w3-0838,w3,113.416676,23.501295,水体,core,,,,,,,,,,,
M3A-w3-0839,w3,113.421258,25.91974,水体,core,,,,,,,,,,,
M3A-w3-0840,w3,112.832682,28.39397,水体,core,,,,,,,,,,,
M3A-w3-0841,w3,112.471828,23.035609,水体,core,,,,,,,,,,,
M3A-w3-0842,w3,113.51046,24.385777,水体,core,,,,,,,,,,,
M3A-w3-0843,w3,112.387746,26.561137,水体,core,,,,,,,,,,,
M3A-w3-0844,w3,109.669624,23.591306,水体,core,,,,,,,,,,,
M3A-w3-0845,w3,112.260814,28.823005,水体,core,,,,,,,,,,,
M3A-w3-0846,w3,112.618972,26.602908,水体,core,,,,,,,,,,,
M3A-w3-0847,w3,113.405088,24.157245,水体,core,,,,,,,,,,,
M3A-w3-0848,w3,112.591753,28.645947,水体,core,,,,,,,,,,,
M3A-w3-0849,w3,111.284166,23.550613,水体,core,,,,,,,,,,,
M3A-w3-0850,w3,112.500934,28.801715,水体,core,,,,,,,,,,,
M3A-w3-0851,w3,113.358735,25.77044,水体,core,,,,,,,,,,,
M3A-w3-0852,w3,112.777435,23.172512,水体,core,,,,,,,,,,,
M3A-w3-0853,w3,112.635951,28.566716,水体,core,,,,,,,,,,,
M3A-w3-0854,w3,112.437603,28.698498,草本湿地,core,,,,,,,,,,,
M3A-w3-0855,w3,112.870411,28.745121,草本湿地,core,,,,,,,,,,,
M3A-w3-0856,w3,112.431943,28.699576,草本湿地,core,,,,,,,,,,,
M3A-w3-0857,w3,112.435447,28.639749,草本湿地,core,,,,,,,,,,,
M3A-w3-0858,w3,112.431404,28.693378,草本湿地,core,,,,,,,,,,,
M3A-w3-0859,w3,112.850738,28.78851,草本湿地,core,,,,,,,,,,,
M3A-w3-0860,w3,112.825136,28.919484,草本湿地,core,,,,,,,,,,,
M3A-w3-0861,w3,109.874978,24.274745,乔木,edge,,,,,,,,,,,
M3A-w3-0862,w3,110.68454,25.872039,乔木,edge,,,,,,,,,,,
M3A-w3-0863,w3,109.77284,27.178818,乔木,edge,,,,,,,,,,,
M3A-w3-0864,w3,108.826106,26.387043,乔木,edge,,,,,,,,,,,
M3A-w3-0865,w3,112.255424,27.430257,乔木,edge,,,,,,,,,,,
M3A-w3-0866,w3,109.009631,26.670013,乔木,edge,,,,,,,,,,,
M3A-w3-0867,w3,109.406866,26.059607,乔木,edge,,,,,,,,,,,
M3A-w3-0868,w3,109.583924,25.353801,乔木,edge,,,,,,,,,,,
M3A-w3-0869,w3,110.069823,23.55762,灌丛,edge,,,,,,,,,,,
M3A-w3-0870,w3,113.669732,23.653829,灌丛,edge,,,,,,,,,,,
M3A-w3-0871,w3,112.445687,28.815729,灌丛,edge,,,,,,,,,,,
M3A-w3-0872,w3,113.329899,24.275553,灌丛,edge,,,,,,,,,,,
M3A-w3-0873,w3,113.679973,24.019264,灌丛,edge,,,,,,,,,,,
M3A-w3-0874,w3,113.643591,25.091044,灌丛,edge,,,,,,,,,,,
M3A-w3-0875,w3,108.958158,23.560854,灌丛,edge,,,,,,,,,,,
M3A-w3-0876,w3,109.244631,23.755698,灌丛,edge,,,,,,,,,,,
M3A-w3-0877,w3,108.452856,28.714668,灌丛,edge,,,,,,,,,,,
M3A-w3-0878,w3,111.23916,24.958722,灌丛,edge,,,,,,,,,,,
M3A-w3-0879,w3,110.727929,24.6294,灌丛,edge,,,,,,,,,,,
M3A-w3-0880,w3,109.84749,23.272494,灌丛,edge,,,,,,,,,,,
M3A-w3-0881,w3,109.748586,23.120769,灌丛,edge,,,,,,,,,,,
M3A-w3-0882,w3,109.936962,23.183561,灌丛,edge,,,,,,,,,,,
M3A-w3-0883,w3,112.763152,28.972305,灌丛,edge,,,,,,,,,,,
M3A-w3-0884,w3,108.999121,23.270069,灌丛,edge,,,,,,,,,,,
M3A-w3-0885,w3,108.913691,23.384604,灌丛,edge,,,,,,,,,,,
M3A-w3-0886,w3,108.296818,26.254182,灌丛,edge,,,,,,,,,,,
M3A-w3-0887,w3,109.610604,23.125081,灌丛,edge,,,,,,,,,,,
M3A-w3-0888,w3,111.483053,28.927299,灌丛,edge,,,,,,,,,,,
M3A-w3-0889,w3,113.051781,23.51504,灌丛,edge,,,,,,,,,,,
M3A-w3-0890,w3,113.358196,23.759202,灌丛,edge,,,,,,,,,,,
M3A-w3-0891,w3,112.48153,28.879329,灌丛,edge,,,,,,,,,,,
M3A-w3-0892,w3,111.959519,25.611707,灌丛,edge,,,,,,,,,,,
M3A-w3-0893,w3,113.672966,24.02142,灌丛,edge,,,,,,,,,,,
M3A-w3-0894,w3,109.015021,23.465183,灌丛,edge,,,,,,,,,,,
M3A-w3-0895,w3,108.676806,23.483778,灌丛,edge,,,,,,,,,,,
M3A-w3-0896,w3,112.445148,28.821118,灌丛,edge,,,,,,,,,,,
M3A-w3-0897,w3,112.265665,28.656188,灌丛,edge,,,,,,,,,,,
M3A-w3-0898,w3,110.013499,25.079456,灌丛,edge,,,,,,,,,,,
M3A-w3-0899,w3,110.30078,24.495191,灌丛,edge,,,,,,,,,,,
M3A-w3-0900,w3,108.264748,23.230992,灌丛,edge,,,,,,,,,,,
M3A-w3-0901,w3,113.588344,25.080264,灌丛,edge,,,,,,,,,,,
M3A-w3-0902,w3,112.793066,28.661578,灌丛,edge,,,,,,,,,,,
M3A-w3-0903,w3,110.327999,24.966807,灌丛,edge,,,,,,,,,,,
M3A-w3-0904,w3,113.250937,23.284622,灌丛,edge,,,,,,,,,,,
M3A-w3-0905,w3,109.999485,23.275728,灌丛,edge,,,,,,,,,,,
M3A-w3-0906,w3,111.769525,27.66849,草地,edge,,,,,,,,,,,
M3A-w3-0907,w3,113.546303,26.525294,草地,edge,,,,,,,,,,,
M3A-w3-0908,w3,111.47389,24.825053,草地,edge,,,,,,,,,,,
M3A-w3-0909,w3,113.654101,23.940032,草地,edge,,,,,,,,,,,
M3A-w3-0910,w3,108.021395,25.461868,草地,edge,,,,,,,,,,,
M3A-w3-0911,w3,109.701154,24.02654,草地,edge,,,,,,,,,,,
M3A-w3-0912,w3,111.853338,27.424597,草地,edge,,,,,,,,,,,
M3A-w3-0913,w3,110.414507,25.016124,草地,edge,,,,,,,,,,,
M3A-w3-0914,w3,113.936801,23.517195,草地,edge,,,,,,,,,,,
M3A-w3-0915,w3,110.29,26.028346,草地,edge,,,,,,,,,,,
M3A-w3-0916,w3,111.863849,23.40266,草地,edge,,,,,,,,,,,
M3A-w3-0917,w3,109.275084,28.687988,草地,edge,,,,,,,,,,,
M3A-w3-0918,w3,108.551221,25.587183,草地,edge,,,,,,,,,,,
M3A-w3-0919,w3,108.476032,27.725353,草地,edge,,,,,,,,,,,
M3A-w3-0920,w3,113.237462,26.330719,草地,edge,,,,,,,,,,,
M3A-w3-0921,w3,109.562365,28.92164,草地,edge,,,,,,,,,,,
M3A-w3-0922,w3,113.392152,25.481272,草地,edge,,,,,,,,,,,
M3A-w3-0923,w3,112.55645,25.435188,草地,edge,,,,,,,,,,,
M3A-w3-0924,w3,112.909757,26.439056,草地,edge,,,,,,,,,,,
M3A-w3-0925,w3,111.913166,27.79111,草地,edge,,,,,,,,,,,
M3A-w3-0926,w3,111.68706,24.355593,草地,edge,,,,,,,,,,,
M3A-w3-0927,w3,108.656324,26.830901,草地,edge,,,,,,,,,,,
M3A-w3-0928,w3,108.35961,27.090963,草地,edge,,,,,,,,,,,
M3A-w3-0929,w3,110.148246,24.111162,草地,edge,,,,,,,,,,,
M3A-w3-0930,w3,110.893668,23.609902,草地,edge,,,,,,,,,,,
M3A-w3-0931,w3,108.385482,24.232704,草地,edge,,,,,,,,,,,
M3A-w3-0932,w3,108.238338,26.616653,草地,edge,,,,,,,,,,,
M3A-w3-0933,w3,111.677628,26.891537,草地,edge,,,,,,,,,,,
M3A-w3-0934,w3,112.576123,25.23684,草地,edge,,,,,,,,,,,
M3A-w3-0935,w3,113.975339,28.981737,草地,edge,,,,,,,,,,,
M3A-w3-0936,w3,108.090116,27.824527,草地,edge,,,,,,,,,,,
M3A-w3-0937,w3,108.498939,25.386949,草地,edge,,,,,,,,,,,
M3A-w3-0938,w3,108.448813,27.061049,草地,edge,,,,,,,,,,,
M3A-w3-0939,w3,110.844081,24.190393,草地,edge,,,,,,,,,,,
M3A-w3-0940,w3,111.478741,28.941852,草地,edge,,,,,,,,,,,
M3A-w3-0941,w3,108.069634,23.863766,草地,edge,,,,,,,,,,,
M3A-w3-0942,w3,109.560209,23.045041,草地,edge,,,,,,,,,,,
M3A-w3-0943,w3,112.54567,25.299094,草地,edge,,,,,,,,,,,
M3A-w3-0944,w3,109.046013,28.751858,草地,edge,,,,,,,,,,,
M3A-w3-0945,w3,112.280487,26.742776,草地,edge,,,,,,,,,,,
M3A-w3-0946,w3,111.253443,26.839794,草地,edge,,,,,,,,,,,
M3A-w3-0947,w3,111.554738,26.602639,草地,edge,,,,,,,,,,,
M3A-w3-0948,w3,108.312988,28.100759,草地,edge,,,,,,,,,,,
M3A-w3-0949,w3,111.391964,24.628591,草地,edge,,,,,,,,,,,
M3A-w3-0950,w3,110.782636,24.579274,耕地,edge,,,,,,,,,,,
M3A-w3-0951,w3,113.734949,24.253994,耕地,edge,,,,,,,,,,,
M3A-w3-0952,w3,109.341649,26.848418,耕地,edge,,,,,,,,,,,
M3A-w3-0953,w3,108.880543,23.138286,耕地,edge,,,,,,,,,,,
M3A-w3-0954,w3,111.14349,27.630761,耕地,edge,,,,,,,,,,,
M3A-w3-0955,w3,110.992573,23.081962,耕地,edge,,,,,,,,,,,
M3A-w3-0956,w3,112.174306,27.611088,耕地,edge,,,,,,,,,,,
M3A-w3-0957,w3,111.286052,26.424234,耕地,edge,,,,,,,,,,,
M3A-w3-0958,w3,110.424747,26.926302,耕地,edge,,,,,,,,,,,
M3A-w3-0959,w3,112.683112,28.626543,耕地,edge,,,,,,,,,,,
M3A-w3-0960,w3,112.716799,25.842395,耕地,edge,,,,,,,,,,,
M3A-w3-0961,w3,111.567404,28.867741,耕地,edge,,,,,,,,,,,
M3A-w3-0962,w3,112.437603,26.520174,耕地,edge,,,,,,,,,,,
M3A-w3-0963,w3,112.438141,26.950826,耕地,edge,,,,,,,,,,,
M3A-w3-0964,w3,109.248673,23.534713,耕地,edge,,,,,,,,,,,
M3A-w3-0965,w3,109.755053,24.058341,耕地,edge,,,,,,,,,,,
M3A-w3-0966,w3,110.138275,25.2266,耕地,edge,,,,,,,,,,,
M3A-w3-0967,w3,108.955463,24.370146,耕地,edge,,,,,,,,,,,
M3A-w3-0968,w3,108.293315,27.739098,耕地,edge,,,,,,,,,,,
M3A-w3-0969,w3,110.510447,23.399157,耕地,edge,,,,,,,,,,,
M3A-w3-0970,w3,112.120946,26.598597,耕地,edge,,,,,,,,,,,
M3A-w3-0971,w3,108.192793,23.060672,耕地,edge,,,,,,,,,,,
M3A-w3-0972,w3,112.807888,27.508949,耕地,edge,,,,,,,,,,,
M3A-w3-0973,w3,110.059043,23.479736,建成区,edge,,,,,,,,,,,
M3A-w3-0974,w3,108.035139,26.590781,建成区,edge,,,,,,,,,,,
M3A-w3-0975,w3,112.897899,27.040298,建成区,edge,,,,,,,,,,,
M3A-w3-0976,w3,112.362953,25.892521,建成区,edge,,,,,,,,,,,
M3A-w3-0977,w3,112.707367,27.194719,建成区,edge,,,,,,,,,,,
M3A-w3-0978,w3,112.127414,25.91435,建成区,edge,,,,,,,,,,,
M3A-w3-0979,w3,109.788471,24.215995,建成区,edge,,,,,,,,,,,
M3A-w3-0980,w3,113.117537,27.841775,建成区,edge,,,,,,,,,,,
M3A-w3-0981,w3,108.496783,26.31401,建成区,edge,,,,,,,,,,,
M3A-w3-0982,w3,113.33987,23.47219,建成区,edge,,,,,,,,,,,
M3A-w3-0983,w3,112.899516,28.213408,建成区,edge,,,,,,,,,,,
M3A-w3-0984,w3,113.485667,23.383796,建成区,edge,,,,,,,,,,,
M3A-w3-0985,w3,113.215903,23.406164,建成区,edge,,,,,,,,,,,
M3A-w3-0986,w3,111.507038,27.112792,建成区,edge,,,,,,,,,,,
M3A-w3-0987,w3,112.157328,27.464213,建成区,edge,,,,,,,,,,,
M3A-w3-0988,w3,112.637837,28.232273,建成区,edge,,,,,,,,,,,
M3A-w3-0989,w3,111.138908,23.558428,建成区,edge,,,,,,,,,,,
M3A-w3-0990,w3,113.219676,23.202965,建成区,edge,,,,,,,,,,,
M3A-w3-0991,w3,108.748491,28.31905,建成区,edge,,,,,,,,,,,
M3A-w3-0992,w3,112.14008,26.95918,建成区,edge,,,,,,,,,,,
M3A-w3-0993,w3,113.374366,28.263265,建成区,edge,,,,,,,,,,,
M3A-w3-0994,w3,108.406233,27.989997,建成区,edge,,,,,,,,,,,
M3A-w3-0995,w3,113.754353,23.049892,建成区,edge,,,,,,,,,,,
M3A-w3-0996,w3,108.979717,28.482633,建成区,edge,,,,,,,,,,,
M3A-w3-0997,w3,113.103254,28.77773,建成区,edge,,,,,,,,,,,
M3A-w3-0998,w3,109.365903,24.305467,建成区,edge,,,,,,,,,,,
M3A-w3-0999,w3,112.532465,27.712687,建成区,edge,,,,,,,,,,,
M3A-w3-1000,w3,112.856667,27.132465,建成区,edge,,,,,,,,,,,
M3A-w3-1001,w3,112.334386,28.513086,裸地/稀疏,edge,,,,,,,,,,,
M3A-w3-1002,w3,108.504599,26.04748,裸地/稀疏,edge,,,,,,,,,,,
M3A-w3-1003,w3,113.160387,24.05349,裸地/稀疏,edge,,,,,,,,,,,
M3A-w3-1004,w3,109.253793,28.003741,裸地/稀疏,edge,,,,,,,,,,,
M3A-w3-1005,w3,109.012596,24.806188,裸地/稀疏,edge,,,,,,,,,,,
M3A-w3-1006,w3,112.302586,26.860276,裸地/稀疏,edge,,,,,,,,,,,
M3A-w3-1007,w3,113.017555,27.806471,裸地/稀疏,edge,,,,,,,,,,,
M3A-w3-1008,w3,112.804924,23.054204,裸地/稀疏,edge,,,,,,,,,,,
M3A-w3-1009,w3,112.146818,23.085465,裸地/稀疏,edge,,,,,,,,,,,
M3A-w3-1010,w3,110.620401,27.499786,裸地/稀疏,edge,,,,,,,,,,,
M3A-w3-1011,w3,112.736472,26.36225,裸地/稀疏,edge,,,,,,,,,,,
M3A-w3-1012,w3,113.113764,28.237663,裸地/稀疏,edge,,,,,,,,,,,
M3A-w3-1013,w3,112.595796,26.571378,裸地/稀疏,edge,,,,,,,,,,,
M3A-w3-1014,w3,109.635398,28.212869,裸地/稀疏,edge,,,,,,,,,,,
M3A-w3-1015,w3,113.101368,26.684565,裸地/稀疏,edge,,,,,,,,,,,
M3A-w3-1016,w3,111.784887,27.163188,裸地/稀疏,edge,,,,,,,,,,,
M3A-w3-1017,w3,113.885866,23.183831,裸地/稀疏,edge,,,,,,,,,,,
M3A-w3-1018,w3,111.074229,25.374013,裸地/稀疏,edge,,,,,,,,,,,
M3A-w3-1019,w3,110.150132,25.250585,裸地/稀疏,edge,,,,,,,,,,,
M3A-w3-1020,w3,111.476046,24.591401,裸地/稀疏,edge,,,,,,,,,,,
M3A-w3-1021,w3,113.232073,28.590701,裸地/稀疏,edge,,,,,,,,,,,
M3A-w3-1022,w3,111.876245,27.232987,裸地/稀疏,edge,,,,,,,,,,,
M3A-w3-1023,w3,108.559036,28.484789,裸地/稀疏,edge,,,,,,,,,,,
M3A-w3-1024,w3,109.534337,26.105691,裸地/稀疏,edge,,,,,,,,,,,
M3A-w3-1025,w3,113.395925,27.500056,裸地/稀疏,edge,,,,,,,,,,,
M3A-w3-1026,w3,111.095519,28.372949,裸地/稀疏,edge,,,,,,,,,,,
M3A-w3-1027,w3,111.906968,25.574517,裸地/稀疏,edge,,,,,,,,,,,
M3A-w3-1028,w3,112.165682,25.848324,裸地/稀疏,edge,,,,,,,,,,,
M3A-w3-1029,w3,111.324859,28.919753,裸地/稀疏,edge,,,,,,,,,,,
M3A-w3-1030,w3,111.341568,26.090869,裸地/稀疏,edge,,,,,,,,,,,
M3A-w3-1031,w3,113.033455,26.523947,裸地/稀疏,edge,,,,,,,,,,,
M3A-w3-1032,w3,109.886836,27.214122,裸地/稀疏,edge,,,,,,,,,,,
M3A-w3-1033,w3,109.212291,23.578101,裸地/稀疏,edge,,,,,,,,,,,
M3A-w3-1034,w3,109.725409,28.30827,裸地/稀疏,edge,,,,,,,,,,,
M3A-w3-1035,w3,111.376602,24.697582,裸地/稀疏,edge,,,,,,,,,,,
M3A-w3-1036,w3,112.31633,28.52683,裸地/稀疏,edge,,,,,,,,,,,
M3A-w3-1037,w3,112.770698,23.288664,裸地/稀疏,edge,,,,,,,,,,,
M3A-w3-1038,w3,109.683368,23.505068,裸地/稀疏,edge,,,,,,,,,,,
M3A-w3-1039,w3,112.509558,26.950557,裸地/稀疏,edge,,,,,,,,,,,
M3A-w3-1040,w3,112.62544,28.557822,水体,edge,,,,,,,,,,,
M3A-w3-1041,w3,109.214447,24.227853,水体,edge,,,,,,,,,,,
M3A-w3-1042,w3,111.740959,26.684296,水体,edge,,,,,,,,,,,
M3A-w3-1043,w3,112.586364,28.354623,水体,edge,,,,,,,,,,,
M3A-w3-1044,w3,113.087354,27.404924,水体,edge,,,,,,,,,,,
M3A-w3-1045,w3,113.554388,24.811578,水体,edge,,,,,,,,,,,
M3A-w3-1046,w3,108.272833,24.904554,水体,edge,,,,,,,,,,,
M3A-w3-1047,w3,112.120407,23.083579,水体,edge,,,,,,,,,,,
M3A-w3-1048,w3,109.896808,27.802698,水体,edge,,,,,,,,,,,
M3A-w3-1049,w3,112.697665,28.755092,水体,edge,,,,,,,,,,,
M3A-w3-1050,w3,113.209435,23.034531,水体,edge,,,,,,,,,,,
M3A-w3-1051,w3,109.771223,24.546395,水体,edge,,,,,,,,,,,
M3A-w3-1052,w3,112.153016,28.817076,水体,edge,,,,,,,,,,,
M3A-w3-1053,w3,113.674583,28.584772,水体,edge,,,,,,,,,,,
M3A-w3-1054,w3,112.783634,28.792821,草本湿地,edge,,,,,,,,,,,
M3A-w3-1055,w3,112.841575,28.787701,草本湿地,edge,,,,,,,,,,,
M3A-w3-1056,w3,112.847504,28.975269,草本湿地,edge,,,,,,,,,,,
M3A-w3-1057,w3,112.866099,28.99117,草本湿地,edge,,,,,,,,,,,
M3A-w3-1058,w3,112.78579,28.968801,草本湿地,edge,,,,,,,,,,,
M3A-w3-1059,w3,112.267551,28.956944,草本湿地,edge,,,,,,,,,,,
M3A-w3-1060,w3,112.927544,28.931342,草本湿地,edge,,,,,,,,,,,
M3A-w3-1061,w3,112.709523,23.49348,草本湿地,edge,,,,,,,,,,,
M3A-w3-1062,w3,112.746443,28.841061,草本湿地,edge,,,,,,,,,,,
M3A-w3-1063,w3,112.461318,28.690414,草本湿地,edge,,,,,,,,,,,
M3A-w3-1064,w3,112.788215,28.783928,草本湿地,edge,,,,,,,,,,,
M3A-w3-1065,w3,112.790371,28.74027,草本湿地,edge,,,,,,,,,,,
M3A-w3-1066,w3,112.742131,28.999524,草本湿地,edge,,,,,,,,,,,
M3A-w3-1067,w3,112.780669,28.78824,草本湿地,edge,,,,,,,,,,,
M3A-w3-1068,w3,112.816512,28.912208,草本湿地,edge,,,,,,,,,,,
M3A-w3-1069,w3,112.827292,28.866932,草本湿地,edge,,,,,,,,,,,
M3A-w3-1070,w3,112.781747,28.980929,草本湿地,edge,,,,,,,,,,,
M3A-w3-1071,w3,112.863404,28.877712,草本湿地,edge,,,,,,,,,,,
M3A-w3-1072,w3,112.756145,28.951823,草本湿地,edge,,,,,,,,,,,
M3A-w3-1073,w3,112.771237,28.852919,草本湿地,edge,,,,,,,,,,,
M3A-w4-1074,w4,102.804788,36.697906,乔木,core,,,,,,,,,,,
M3A-w4-1075,w4,102.4787,36.772556,乔木,core,,,,,,,,,,,
M3A-w4-1076,w4,102.355271,37.007016,乔木,core,,,,,,,,,,,
M3A-w4-1077,w4,102.459565,36.862837,乔木,core,,,,,,,,,,,
M3A-w4-1078,w4,101.3002,38.430487,乔木,core,,,,,,,,,,,
M3A-w4-1079,w4,105.983207,38.974327,乔木,core,,,,,,,,,,,
M3A-w4-1080,w4,102.422106,37.624159,乔木,core,,,,,,,,,,,
M3A-w4-1081,w4,101.671563,36.268601,乔木,core,,,,,,,,,,,
M3A-w4-1082,w4,102.722053,36.600349,乔木,core,,,,,,,,,,,
M3A-w4-1083,w4,101.581822,37.196741,乔木,core,,,,,,,,,,,
M3A-w4-1084,w4,102.433155,36.848823,乔木,core,,,,,,,,,,,
M3A-w4-1085,w4,102.685132,36.819987,乔木,core,,,,,,,,,,,
M3A-w4-1086,w4,101.908988,37.195932,乔木,core,,,,,,,,,,,
M3A-w4-1087,w4,102.325357,37.13826,乔木,core,,,,,,,,,,,
M3A-w4-1088,w4,102.727982,36.772556,乔木,core,,,,,,,,,,,
M3A-w4-1089,w4,102.500798,37.633591,乔木,core,,,,,,,,,,,
M3A-w4-1090,w4,102.185759,36.993003,乔木,core,,,,,,,,,,,
M3A-w4-1091,w4,102.45714,36.235723,乔木,core,,,,,,,,,,,
M3A-w4-1092,w4,102.837397,37.024264,乔木,core,,,,,,,,,,,
M3A-w4-1093,w4,102.801285,37.319091,乔木,core,,,,,,,,,,,
M3A-w4-1094,w4,101.97717,37.260072,乔木,core,,,,,,,,,,,
M3A-w4-1095,w4,102.362817,37.640059,乔木,core,,,,,,,,,,,
M3A-w4-1096,w4,102.315925,36.988152,乔木,core,,,,,,,,,,,
M3A-w4-1097,w4,102.529634,36.218206,乔木,core,,,,,,,,,,,
M3A-w4-1098,w4,102.737684,36.802201,乔木,core,,,,,,,,,,,
M3A-w4-1099,w4,101.787446,37.228272,乔木,core,,,,,,,,,,,
M3A-w4-1100,w4,102.401085,37.194585,乔木,core,,,,,,,,,,,
M3A-w4-1101,w4,101.423898,37.214258,乔木,core,,,,,,,,,,,
M3A-w4-1102,w4,102.679204,36.697906,乔木,core,,,,,,,,,,,
M3A-w4-1103,w4,102.034842,37.178684,乔木,core,,,,,,,,,,,
M3A-w4-1104,w4,102.432077,36.890325,乔木,core,,,,,,,,,,,
M3A-w4-1105,w4,101.548135,37.198627,乔木,core,,,,,,,,,,,
M3A-w4-1106,w4,102.005737,37.752438,乔木,core,,,,,,,,,,,
M3A-w4-1107,w4,102.236963,37.090021,乔木,core,,,,,,,,,,,
M3A-w4-1108,w4,102.215942,36.33867,乔木,core,,,,,,,,,,,
M3A-w4-1109,w4,102.236424,37.049597,乔木,core,,,,,,,,,,,
M3A-w4-1110,w4,102.368207,36.64266,乔木,core,,,,,,,,,,,
M3A-w4-1111,w4,103.724843,37.132062,乔木,core,,,,,,,,,,,
M3A-w4-1112,w4,102.56898,36.71731,乔木,core,,,,,,,,,,,
M3A-w4-1113,w4,103.080212,37.748127,灌丛,core,,,,,,,,,,,
M3A-w4-1114,w4,101.132844,41.993475,灌丛,core,,,,,,,,,,,
M3A-w4-1115,w4,101.12395,41.985659,灌丛,core,,,,,,,,,,,
M3A-w4-1116,w4,104.434422,38.203842,灌丛,core,,,,,,,,,,,
M3A-w4-1117,w4,101.220968,41.972185,灌丛,core,,,,,,,,,,,
M3A-w4-1118,w4,104.230953,37.57026,灌丛,core,,,,,,,,,,,
M3A-w4-1119,w4,104.715774,37.430931,灌丛,core,,,,,,,,,,,
M3A-w4-1120,w4,106.856909,40.403187,灌丛,core,,,,,,,,,,,
M3A-w4-1121,w4,101.141467,41.994822,灌丛,core,,,,,,,,,,,
M3A-w4-1122,w4,101.224472,41.997248,灌丛,core,,,,,,,,,,,
M3A-w4-1123,w4,104.768595,39.609256,灌丛,core,,,,,,,,,,,
M3A-w4-1124,w4,104.197806,38.818829,灌丛,core,,,,,,,,,,,
M3A-w4-1125,w4,101.336582,37.613649,草地,core,,,,,,,,,,,
M3A-w4-1126,w4,101.133922,37.63952,草地,core,,,,,,,,,,,
M3A-w4-1127,w4,104.47781,36.988152,草地,core,,,,,,,,,,,
M3A-w4-1128,w4,104.0035,36.824299,草地,core,,,,,,,,,,,
M3A-w4-1129,w4,101.606885,37.94378,草地,core,,,,,,,,,,,
M3A-w4-1130,w4,102.461182,37.695036,草地,core,,,,,,,,,,,
M3A-w4-1131,w4,106.96309,37.382692,草地,core,,,,,,,,,,,
M3A-w4-1132,w4,105.727187,36.132776,草地,core,,,,,,,,,,,
M3A-w4-1133,w4,101.233365,37.735191,草地,core,,,,,,,,,,,
M3A-w4-1134,w4,103.069162,36.363463,草地,core,,,,,,,,,,,
M3A-w4-1135,w4,103.520566,37.382422,草地,core,,,,,,,,,,,
M3A-w4-1136,w4,103.296885,37.395897,草地,core,,,,,,,,,,,
M3A-w4-1137,w4,106.401463,36.353762,草地,core,,,,,,,,,,,
M3A-w4-1138,w4,104.65918,37.025073,草地,core,,,,,,,,,,,
M3A-w4-1139,w4,106.528664,38.121646,草地,core,,,,,,,,,,,
M3A-w4-1140,w4,102.616681,37.409372,草地,core,,,,,,,,,,,
M3A-w4-1141,w4,105.933351,36.691708,草地,core,,,,,,,,,,,
M3A-w4-1142,w4,106.404427,36.791421,草地,core,,,,,,,,,,,
M3A-w4-1143,w4,106.780911,38.463904,草地,core,,,,,,,,,,,
M3A-w4-1144,w4,101.455698,37.953481,草地,core,,,,,,,,,,,
M3A-w4-1145,w4,101.053073,37.07978,草地,core,,,,,,,,,,,
M3A-w4-1146,w4,101.250074,38.514839,草地,core,,,,,,,,,,,
M3A-w4-1147,w4,106.189371,36.715423,草地,core,,,,,,,,,,,
M3A-w4-1148,w4,101.42255,38.195488,草地,core,,,,,,,,,,,
M3A-w4-1149,w4,101.202643,38.820446,草地,core,,,,,,,,,,,
M3A-w4-1150,w4,106.415207,36.228716,草地,core,,,,,,,,,,,
M3A-w4-1151,w4,106.615441,36.708147,草地,core,,,,,,,,,,,
M3A-w4-1152,w4,101.120447,36.51977,草地,core,,,,,,,,,,,
M3A-w4-1153,w4,104.487243,36.598463,草地,core,,,,,,,,,,,
M3A-w4-1154,w4,101.881769,37.06361,草地,core,,,,,,,,,,,
M3A-w4-1155,w4,102.533946,37.486986,草地,core,,,,,,,,,,,
M3A-w4-1156,w4,103.102849,37.496958,草地,core,,,,,,,,,,,
M3A-w4-1157,w4,105.188198,39.099911,草地,core,,,,,,,,,,,
M3A-w4-1158,w4,106.371279,37.689107,草地,core,,,,,,,,,,,
M3A-w4-1159,w4,106.336515,37.520134,草地,core,,,,,,,,,,,
M3A-w4-1160,w4,104.972872,36.367236,草地,core,,,,,,,,,,,
M3A-w4-1161,w4,103.627016,37.39967,草地,core,,,,,,,,,,,
M3A-w4-1162,w4,106.849093,36.929941,草地,core,,,,,,,,,,,
M3A-w4-1163,w4,105.77354,38.750646,草地,core,,,,,,,,,,,
M3A-w4-1164,w4,105.750633,37.499653,草地,core,,,,,,,,,,,
M3A-w4-1165,w4,102.049934,36.470992,草地,core,,,,,,,,,,,
M3A-w4-1166,w4,103.537274,36.872539,草地,core,,,,,,,,,,,
M3A-w4-1167,w4,101.06035,37.133948,草地,core,,,,,,,,,,,
M3A-w4-1168,w4,106.825917,38.342901,草地,core,,,,,,,,,,,
M3A-w4-1169,w4,101.26274,38.347213,草地,core,,,,,,,,,,,
M3A-w4-1170,w4,101.499356,38.125149,草地,core,,,,,,,,,,,
M3A-w4-1171,w4,102.796164,36.458056,草地,core,,,,,,,,,,,
M3A-w4-1172,w4,105.847921,38.980525,草地,core,,,,,,,,,,,
M3A-w4-1173,w4,102.705075,36.492282,草地,core,,,,,,,,,,,
M3A-w4-1174,w4,101.909527,36.664219,草地,core,,,,,,,,,,,
M3A-w4-1175,w4,102.266068,36.16242,草地,core,,,,,,,,,,,
M3A-w4-1176,w4,106.816754,38.069095,草地,core,,,,,,,,,,,
M3A-w4-1177,w4,103.247298,36.954465,草地,core,,,,,,,,,,,
M3A-w4-1178,w4,105.221077,36.087501,草地,core,,,,,,,,,,,
M3A-w4-1179,w4,105.832021,36.317649,草地,core,,,,,,,,,,,
M3A-w4-1180,w4,101.126645,38.131617,草地,core,,,,,,,,,,,
M3A-w4-1181,w4,101.350865,36.515728,草地,core,,,,,,,,,,,
M3A-w4-1182,w4,106.143556,37.124247,草地,core,,,,,,,,,,,
M3A-w4-1183,w4,103.080481,36.932366,草地,core,,,,,,,,,,,
M3A-w4-1184,w4,106.350798,37.47459,草地,core,,,,,,,,,,,
M3A-w4-1185,w4,106.054354,37.168444,草地,core,,,,,,,,,,,
M3A-w4-1186,w4,103.202562,36.555344,草地,core,,,,,,,,,,,
M3A-w4-1187,w4,101.642188,37.079241,草地,core,,,,,,,,,,,
M3A-w4-1188,w4,104.128276,37.077085,草地,core,,,,,,,,,,,
M3A-w4-1189,w4,101.589906,37.190812,草地,core,,,,,,,,,,,
M3A-w4-1190,w4,103.542125,36.833731,草地,core,,,,,,,,,,,
M3A-w4-1191,w4,106.684971,36.92509,草地,core,,,,,,,,,,,
M3A-w4-1192,w4,101.798765,37.941893,草地,core,,,,,,,,,,,
M3A-w4-1193,w4,106.758274,38.249925,耕地,core,,,,,,,,,,,
M3A-w4-1194,w4,103.515715,37.533339,耕地,core,,,,,,,,,,,
M3A-w4-1195,w4,102.798859,37.657846,耕地,core,,,,,,,,,,,
M3A-w4-1196,w4,103.01715,37.816848,耕地,core,,,,,,,,,,,
M3A-w4-1197,w4,102.521819,38.489237,耕地,core,,,,,,,,,,,
M3A-w4-1198,w4,103.985174,37.564062,耕地,core,,,,,,,,,,,
M3A-w4-1199,w4,106.138975,38.63153,耕地,core,,,,,,,,,,,
M3A-w4-1200,w4,102.335328,37.989594,耕地,core,,,,,,,,,,,
M3A-w4-1201,w4,106.227639,38.827991,耕地,core,,,,,,,,,,,
M3A-w4-1202,w4,104.401543,36.172122,耕地,core,,,,,,,,,,,
M3A-w4-1203,w4,106.708148,40.353061,耕地,core,,,,,,,,,,,
M3A-w4-1204,w4,106.611399,40.475681,耕地,core,,,,,,,,,,,
M3A-w4-1205,w4,101.075441,38.327809,耕地,core,,,,,,,,,,,
M3A-w4-1206,w4,106.119571,38.70618,耕地,core,,,,,,,,,,,
M3A-w4-1207,w4,106.038184,38.11976,耕地,core,,,,,,,,,,,
M3A-w4-1208,w4,101.946987,36.998393,耕地,core,,,,,,,,,,,
M3A-w4-1209,w4,101.53493,37.403712,耕地,core,,,,,,,,,,,
M3A-w4-1210,w4,103.431093,36.761776,耕地,core,,,,,,,,,,,
M3A-w4-1211,w4,105.87514,37.660541,耕地,core,,,,,,,,,,,
M3A-w4-1212,w4,104.196458,36.468297,耕地,core,,,,,,,,,,,
M3A-w4-1213,w4,105.679487,37.265462,耕地,core,,,,,,,,,,,
M3A-w4-1214,w4,103.723495,37.551126,耕地,core,,,,,,,,,,,
M3A-w4-1215,w4,106.753153,40.415853,耕地,core,,,,,,,,,,,
M3A-w4-1216,w4,101.469712,38.198452,耕地,core,,,,,,,,,,,
M3A-w4-1217,w4,101.120447,38.255854,耕地,core,,,,,,,,,,,
M3A-w4-1218,w4,106.802471,38.883777,耕地,core,,,,,,,,,,,
M3A-w4-1219,w4,103.567997,37.551934,耕地,core,,,,,,,,,,,
M3A-w4-1220,w4,105.284408,36.055431,耕地,core,,,,,,,,,,,
M3A-w4-1221,w4,105.975661,37.418804,耕地,core,,,,,,,,,,,
M3A-w4-1222,w4,106.582563,37.076277,耕地,core,,,,,,,,,,,
M3A-w4-1223,w4,106.114721,37.033696,耕地,core,,,,,,,,,,,
M3A-w4-1224,w4,102.819341,37.633861,耕地,core,,,,,,,,,,,
M3A-w4-1225,w4,106.378556,40.313446,耕地,core,,,,,,,,,,,
M3A-w4-1226,w4,105.25126,36.76501,耕地,core,,,,,,,,,,,
M3A-w4-1227,w4,105.844148,37.553551,耕地,core,,,,,,,,,,,
M3A-w4-1228,w4,106.041957,38.187672,耕地,core,,,,,,,,,,,
M3A-w4-1229,w4,106.361039,38.374701,耕地,core,,,,,,,,,,,
M3A-w4-1230,w4,103.511672,37.174642,耕地,core,,,,,,,,,,,
M3A-w4-1231,w4,105.993987,37.430931,耕地,core,,,,,,,,,,,
M3A-w4-1232,w4,106.064595,38.111944,耕地,core,,,,,,,,,,,
M3A-w4-1233,w4,106.090197,37.797175,耕地,core,,,,,,,,,,,
M3A-w4-1234,w4,106.547529,38.753072,耕地,core,,,,,,,,,,,
M3A-w4-1235,w4,106.112026,36.140861,耕地,core,,,,,,,,,,,
M3A-w4-1236,w4,103.873604,37.553012,耕地,core,,,,,,,,,,,
M3A-w4-1237,w4,106.541061,37.067114,耕地,core,,,,,,,,,,,
M3A-w4-1238,w4,106.683893,38.765199,耕地,core,,,,,,,,,,,
M3A-w4-1239,w4,106.866071,40.624442,耕地,core,,,,,,,,,,,
M3A-w4-1240,w4,106.024979,38.096853,耕地,core,,,,,,,,,,,
M3A-w4-1241,w4,102.799129,37.244172,耕地,core,,,,,,,,,,,
M3A-w4-1242,w4,101.998191,36.928594,耕地,core,,,,,,,,,,,
M3A-w4-1243,w4,105.897777,37.067114,耕地,core,,,,,,,,,,,
M3A-w4-1244,w4,102.758435,37.638442,耕地,core,,,,,,,,,,,
M3A-w4-1245,w4,106.511686,37.035313,耕地,core,,,,,,,,,,,
M3A-w4-1246,w4,106.289084,38.493818,建成区,core,,,,,,,,,,,
M3A-w4-1247,w4,106.77606,38.158567,建成区,core,,,,,,,,,,,
M3A-w4-1248,w4,106.748033,39.216872,建成区,core,,,,,,,,,,,
M3A-w4-1249,w4,106.271836,38.465791,建成区,core,,,,,,,,,,,
M3A-w4-1250,w4,106.373166,39.008014,建成区,core,,,,,,,,,,,
M3A-w4-1251,w4,102.156654,38.513222,建成区,core,,,,,,,,,,,
M3A-w4-1252,w4,102.429652,38.521307,建成区,core,,,,,,,,,,,
M3A-w4-1253,w4,106.379364,38.532356,建成区,core,,,,,,,,,,,
M3A-w4-1254,w4,101.671563,36.534862,建成区,core,,,,,,,,,,,
M3A-w4-1255,w4,105.922571,36.981684,建成区,core,,,,,,,,,,,
M3A-w4-1256,w4,106.540791,39.106918,建成区,core,,,,,,,,,,,
M3A-w4-1257,w4,101.76373,36.777946,建成区,core,,,,,,,,,,,
M3A-w4-1258,w4,106.999202,39.352158,建成区,core,,,,,,,,,,,
M3A-w4-1259,w4,106.618675,38.249386,建成区,core,,,,,,,,,,,
M3A-w4-1260,w4,105.792944,37.616344,建成区,core,,,,,,,,,,,
M3A-w4-1261,w4,106.505218,38.38602,建成区,core,,,,,,,,,,,
M3A-w4-1262,w4,106.11526,38.429139,建成区,core,,,,,,,,,,,
M3A-w4-1263,w4,106.301211,38.972171,建成区,core,,,,,,,,,,,
M3A-w4-1264,w4,105.010332,37.55948,建成区,core,,,,,,,,,,,
M3A-w4-1265,w4,106.820257,39.252445,建成区,core,,,,,,,,,,,
M3A-w4-1266,w4,106.178052,37.983665,建成区,core,,,,,,,,,,,
M3A-w4-1267,w4,106.618136,38.512144,建成区,core,,,,,,,,,,,
M3A-w4-1268,w4,105.895352,39.092096,建成区,core,,,,,,,,,,,
M3A-w4-1269,w4,102.89453,36.37586,建成区,core,,,,,,,,,,,
M3A-w4-1270,w4,101.059002,41.46823,裸地/稀疏,core,,,,,,,,,,,
M3A-w4-1271,w4,105.874331,39.182377,裸地/稀疏,core,,,,,,,,,,,
M3A-w4-1272,w4,102.678126,39.659113,裸地/稀疏,core,,,,,,,,,,,
M3A-w4-1273,w4,106.354301,41.163162,裸地/稀疏,core,,,,,,,,,,,
M3A-w4-1274,w4,103.959033,38.224323,裸地/稀疏,core,,,,,,,,,,,
M3A-w4-1275,w4,106.405236,41.08447,裸地/稀疏,core,,,,,,,,,,,
M3A-w4-1276,w4,105.815312,40.253887,裸地/稀疏,core,,,,,,,,,,,
M3A-w4-1277,w4,104.120191,39.909743,裸地/稀疏,core,,,,,,,,,,,
M3A-w4-1278,w4,101.241989,41.004969,裸地/稀疏,core,,,,,,,,,,,
M3A-w4-1279,w4,105.455267,40.790181,裸地/稀疏,core,,,,,,,,,,,
M3A-w4-1280,w4,103.641838,41.807793,裸地/稀疏,core,,,,,,,,,,,
M3A-w4-1281,w4,103.424356,39.673396,裸地/稀疏,core,,,,,,,,,,,
M3A-w4-1282,w4,104.691789,39.086706,裸地/稀疏,core,,,,,,,,,,,
M3A-w4-1283,w4,104.019939,36.70626,裸地/稀疏,core,,,,,,,,,,,
M3A-w4-1284,w4,105.211644,41.442358,裸地/稀疏,core,,,,,,,,,,,
M3A-w4-1285,w4,102.880786,40.723347,裸地/稀疏,core,,,,,,,,,,,
M3A-w4-1286,w4,106.67473,38.447196,裸地/稀疏,core,,,,,,,,,,,
M3A-w4-1287,w4,106.314147,39.521401,裸地/稀疏,core,,,,,,,,,,,
M3A-w4-1288,w4,104.043116,38.56739,裸地/稀疏,core,,,,,,,,,,,
M3A-w4-1289,w4,104.13151,38.438033,裸地/稀疏,core,,,,,,,,,,,
M3A-w4-1290,w4,104.158729,39.598207,裸地/稀疏,core,,,,,,,,,,,
M3A-w4-1291,w4,103.647228,39.286941,裸地/稀疏,core,,,,,,,,,,,
M3A-w4-1292,w4,105.504854,38.515378,裸地/稀疏,core,,,,,,,,,,,
M3A-w4-1293,w4,105.844417,37.838677,裸地/稀疏,core,,,,,,,,,,,
M3A-w4-1294,w4,103.161329,38.428331,裸地/稀疏,core,,,,,,,,,,,
M3A-w4-1295,w4,106.366698,40.658938,裸地/稀疏,core,,,,,,,,,,,
M3A-w4-1296,w4,104.039612,38.726661,裸地/稀疏,core,,,,,,,,,,,
M3A-w4-1297,w4,103.936396,39.935345,裸地/稀疏,core,,,,,,,,,,,
M3A-w4-1298,w4,106.836966,41.877323,裸地/稀疏,core,,,,,,,,,,,
M3A-w4-1299,w4,105.217034,39.340031,裸地/稀疏,core,,,,,,,,,,,
M3A-w4-1300,w4,105.703472,40.443342,裸地/稀疏,core,,,,,,,,,,,
M3A-w4-1301,w4,105.138342,38.066669,裸地/稀疏,core,,,,,,,,,,,
M3A-w4-1302,w4,102.983732,38.176892,裸地/稀疏,core,,,,,,,,,,,
M3A-w4-1303,w4,104.42984,41.908584,裸地/稀疏,core,,,,,,,,,,,
M3A-w4-1304,w4,103.082367,41.669542,裸地/稀疏,core,,,,,,,,,,,
M3A-w4-1305,w4,101.688541,39.713012,裸地/稀疏,core,,,,,,,,,,,
M3A-w4-1306,w4,101.741901,41.583035,裸地/稀疏,core,,,,,,,,,,,
M3A-w4-1307,w4,104.001075,41.33483,裸地/稀疏,core,,,,,,,,,,,
M3A-w4-1308,w4,104.70742,41.16424,裸地/稀疏,core,,,,,,,,,,,
M3A-w4-1309,w4,102.879169,38.648238,裸地/稀疏,core,,,,,,,,,,,
M3A-w4-1310,w4,103.378542,39.084011,裸地/稀疏,core,,,,,,,,,,,
M3A-w4-1311,w4,104.880974,41.543688,裸地/稀疏,core,,,,,,,,,,,
M3A-w4-1312,w4,103.840456,42.031743,裸地/稀疏,core,,,,,,,,,,,
M3A-w4-1313,w4,102.350151,41.306803,裸地/稀疏,core,,,,,,,,,,,
M3A-w4-1314,w4,103.260773,40.519339,裸地/稀疏,core,,,,,,,,,,,
M3A-w4-1315,w4,106.750728,41.309228,裸地/稀疏,core,,,,,,,,,,,
M3A-w4-1316,w4,105.537463,40.495624,裸地/稀疏,core,,,,,,,,,,,
M3A-w4-1317,w4,101.238216,41.865465,裸地/稀疏,core,,,,,,,,,,,
M3A-w4-1318,w4,105.078514,40.79072,裸地/稀疏,core,,,,,,,,,,,
M3A-w4-1319,w4,105.230509,37.853768,裸地/稀疏,core,,,,,,,,,,,
M3A-w4-1320,w4,106.610321,40.230711,裸地/稀疏,core,,,,,,,,,,,
M3A-w4-1321,w4,103.452653,40.288922,裸地/稀疏,core,,,,,,,,,,,
M3A-w4-1322,w4,101.946178,39.908126,裸地/稀疏,core,,,,,,,,,,,
M3A-w4-1323,w4,102.358505,41.768177,裸地/稀疏,core,,,,,,,,,,,
M3A-w4-1324,w4,106.2589,40.094885,裸地/稀疏,core,,,,,,,,,,,
M3A-w4-1325,w4,102.816376,41.31327,裸地/稀疏,core,,,,,,,,,,,
M3A-w4-1326,w4,106.089388,40.13531,裸地/稀疏,core,,,,,,,,,,,
M3A-w4-1327,w4,103.808116,37.961566,裸地/稀疏,core,,,,,,,,,,,
M3A-w4-1328,w4,101.955341,39.898154,裸地/稀疏,core,,,,,,,,,,,
M3A-w4-1329,w4,101.077597,39.700615,裸地/稀疏,core,,,,,,,,,,,
M3A-w4-1330,w4,103.668249,41.764404,裸地/稀疏,core,,,,,,,,,,,
M3A-w4-1331,w4,105.672749,39.679594,裸地/稀疏,core,,,,,,,,,,,
M3A-w4-1332,w4,103.936396,39.370484,裸地/稀疏,core,,,,,,,,,,,
M3A-w4-1333,w4,105.903167,41.767638,裸地/稀疏,core,,,,,,,,,,,
M3A-w4-1334,w4,105.790519,41.336986,裸地/稀疏,core,,,,,,,,,,,
M3A-w4-1335,w4,101.394253,41.227032,裸地/稀疏,core,,,,,,,,,,,
M3A-w4-1336,w4,104.8675,36.73294,裸地/稀疏,core,,,,,,,,,,,
M3A-w4-1337,w4,105.643914,38.809396,裸地/稀疏,core,,,,,,,,,,,
M3A-w4-1338,w4,105.349625,41.167474,裸地/稀疏,core,,,,,,,,,,,
M3A-w4-1339,w4,105.433977,40.543324,裸地/稀疏,core,,,,,,,,,,,
M3A-w4-1340,w4,102.6916,40.031554,裸地/稀疏,core,,,,,,,,,,,
M3A-w4-1341,w4,102.296521,39.579073,裸地/稀疏,core,,,,,,,,,,,
M3A-w4-1342,w4,105.93362,39.292061,裸地/稀疏,core,,,,,,,,,,,
M3A-w4-1343,w4,105.49623,40.485653,裸地/稀疏,core,,,,,,,,,,,
M3A-w4-1344,w4,106.700332,37.36787,裸地/稀疏,core,,,,,,,,,,,
M3A-w4-1345,w4,103.754217,39.667736,裸地/稀疏,core,,,,,,,,,,,
M3A-w4-1346,w4,104.962631,36.750727,裸地/稀疏,core,,,,,,,,,,,
M3A-w4-1347,w4,106.461021,41.381992,裸地/稀疏,core,,,,,,,,,,,
M3A-w4-1348,w4,105.380617,39.808952,裸地/稀疏,core,,,,,,,,,,,
M3A-w4-1349,w4,102.016516,41.546383,裸地/稀疏,core,,,,,,,,,,,
M3A-w4-1350,w4,105.318095,40.305091,裸地/稀疏,core,,,,,,,,,,,
M3A-w4-1351,w4,102.522627,40.682923,裸地/稀疏,core,,,,,,,,,,,
M3A-w4-1352,w4,103.556408,41.464187,裸地/稀疏,core,,,,,,,,,,,
M3A-w4-1353,w4,105.525605,37.341459,裸地/稀疏,core,,,,,,,,,,,
M3A-w4-1354,w4,104.379445,40.644924,裸地/稀疏,core,,,,,,,,,,,
M3A-w4-1355,w4,101.141737,41.397353,裸地/稀疏,core,,,,,,,,,,,
M3A-w4-1356,w4,101.988758,41.915321,裸地/稀疏,core,,,,,,,,,,,
M3A-w4-1357,w4,105.393284,38.638267,裸地/稀疏,core,,,,,,,,,,,
M3A-w4-1358,w4,103.591982,41.824232,裸地/稀疏,core,,,,,,,,,,,
M3A-w4-1359,w4,106.237341,41.333752,裸地/稀疏,core,,,,,,,,,,,
M3A-w4-1360,w4,106.05651,40.335275,裸地/稀疏,core,,,,,,,,,,,
M3A-w4-1361,w4,103.097729,39.233581,裸地/稀疏,core,,,,,,,,,,,
M3A-w4-1362,w4,104.684782,41.880557,裸地/稀疏,core,,,,,,,,,,,
M3A-w4-1363,w4,106.131429,41.112227,裸地/稀疏,core,,,,,,,,,,,
M3A-w4-1364,w4,103.143543,38.887819,裸地/稀疏,core,,,,,,,,,,,
M3A-w4-1365,w4,104.327432,41.942271,裸地/稀疏,core,,,,,,,,,,,
M3A-w4-1366,w4,106.43515,42.002099,裸地/稀疏,core,,,,,,,,,,,
M3A-w4-1367,w4,106.16323,39.675821,裸地/稀疏,core,,,,,,,,,,,
M3A-w4-1368,w4,104.082731,40.472178,裸地/稀疏,core,,,,,,,,,,,
M3A-w4-1369,w4,105.411609,41.978922,裸地/稀疏,core,,,,,,,,,,,
M3A-w4-1370,w4,105.089294,37.574842,裸地/稀疏,core,,,,,,,,,,,
M3A-w4-1371,w4,102.213786,38.902911,裸地/稀疏,core,,,,,,,,,,,
M3A-w4-1372,w4,105.510514,41.853338,裸地/稀疏,core,,,,,,,,,,,
M3A-w4-1373,w4,101.594488,40.570543,裸地/稀疏,core,,,,,,,,,,,
M3A-w4-1374,w4,105.578426,37.867243,裸地/稀疏,core,,,,,,,,,,,
M3A-w4-1375,w4,105.225119,41.959518,裸地/稀疏,core,,,,,,,,,,,
M3A-w4-1376,w4,103.125756,41.771142,裸地/稀疏,core,,,,,,,,,,,
M3A-w4-1377,w4,104.493172,36.807051,裸地/稀疏,core,,,,,,,,,,,
M3A-w4-1378,w4,104.082192,41.615104,裸地/稀疏,core,,,,,,,,,,,
M3A-w4-1379,w4,104.44062,39.229808,裸地/稀疏,core,,,,,,,,,,,
M3A-w4-1380,w4,105.377383,40.787486,裸地/稀疏,core,,,,,,,,,,,
M3A-w4-1381,w4,106.924013,41.284704,裸地/稀疏,core,,,,,,,,,,,
M3A-w4-1382,w4,101.775588,37.534956,冰雪,core,,,,,,,,,,,
M3A-w4-1383,w4,101.773971,37.516631,冰雪,core,,,,,,,,,,,
M3A-w4-1384,w4,101.533043,37.712014,冰雪,core,,,,,,,,,,,
M3A-w4-1385,w4,101.484804,37.715518,冰雪,core,,,,,,,,,,,
M3A-w4-1386,w4,101.748908,37.545467,冰雪,core,,,,,,,,,,,
M3A-w4-1387,w4,101.775319,37.526063,冰雪,core,,,,,,,,,,,
M3A-w4-1388,w4,101.75322,37.542502,冰雪,core,,,,,,,,,,,
M3A-w4-1389,w4,101.640032,37.585621,冰雪,core,,,,,,,,,,,
M3A-w4-1390,w4,101.818977,37.502617,冰雪,core,,,,,,,,,,,
M3A-w4-1391,w4,101.805772,37.521212,冰雪,core,,,,,,,,,,,
M3A-w4-1392,w4,101.452195,37.739772,冰雪,core,,,,,,,,,,,
M3A-w4-1393,w4,101.475371,37.716326,冰雪,core,,,,,,,,,,,
M3A-w4-1394,w4,101.434139,37.745701,冰雪,core,,,,,,,,,,,
M3A-w4-1395,w4,101.739206,36.158917,水体,core,,,,,,,,,,,
M3A-w4-1396,w4,106.444582,38.681925,水体,core,,,,,,,,,,,
M3A-w4-1397,w4,106.767167,37.752977,水体,core,,,,,,,,,,,
M3A-w4-1398,w4,106.270488,38.83958,水体,core,,,,,,,,,,,
M3A-w4-1399,w4,106.759082,37.725759,水体,core,,,,,,,,,,,
M3A-w4-1400,w4,106.752884,39.608717,水体,core,,,,,,,,,,,
M3A-w4-1401,w4,101.841614,37.918986,水体,core,,,,,,,,,,,
M3A-w4-1402,w4,102.86758,38.381439,水体,core,,,,,,,,,,,
M3A-w4-1403,w4,105.90182,37.653264,水体,core,,,,,,,,,,,
M3A-w4-1404,w4,106.578521,38.204381,水体,core,,,,,,,,,,,
M3A-w4-1405,w4,106.160535,38.069903,水体,core,,,,,,,,,,,
M3A-w4-1406,w4,106.750997,39.657226,水体,core,,,,,,,,,,,
M3A-w4-1407,w4,101.177041,38.337781,草本湿地,core,,,,,,,,,,,
M3A-w4-1408,w4,102.154498,37.5328,苔藓地衣,core,,,,,,,,,,,
M3A-w4-1409,w4,101.773971,37.232314,苔藓地衣,core,,,,,,,,,,,
M3A-w4-1410,w4,101.199948,36.369392,苔藓地衣,core,,,,,,,,,,,
M3A-w4-1411,w4,101.116674,37.401826,苔藓地衣,core,,,,,,,,,,,
M3A-w4-1412,w4,101.764269,37.627123,苔藓地衣,core,,,,,,,,,,,
M3A-w4-1413,w4,101.023698,37.236087,苔藓地衣,core,,,,,,,,,,,
M3A-w4-1414,w4,102.132399,37.454108,苔藓地衣,core,,,,,,,,,,,
M3A-w4-1415,w4,101.59853,37.677519,苔藓地衣,core,,,,,,,,,,,
M3A-w4-1416,w4,102.128087,37.461654,苔藓地衣,core,,,,,,,,,,,
M3A-w4-1417,w4,102.060714,37.648144,苔藓地衣,core,,,,,,,,,,,
M3A-w4-1418,w4,102.093322,37.48483,苔藓地衣,core,,,,,,,,,,,
M3A-w4-1419,w4,101.585325,37.26115,苔藓地衣,core,,,,,,,,,,,
M3A-w4-1420,w4,101.890123,37.156047,苔藓地衣,core,,,,,,,,,,,
M3A-w4-1421,w4,102.260948,37.573225,苔藓地衣,core,,,,,,,,,,,
M3A-w4-1422,w4,101.388055,37.798792,苔藓地衣,core,,,,,,,,,,,
M3A-w4-1423,w4,102.411056,37.418804,苔藓地衣,core,,,,,,,,,,,
M3A-w4-1424,w4,101.648656,37.614996,苔藓地衣,core,,,,,,,,,,,
M3A-w4-1425,w4,102.015169,37.52768,苔藓地衣,core,,,,,,,,,,,
M3A-w4-1426,w4,101.874762,36.300941,乔木,edge,,,,,,,,,,,
M3A-w4-1427,w4,101.892818,36.591456,乔木,edge,,,,,,,,,,,
M3A-w4-1428,w4,102.85707,36.766088,乔木,edge,,,,,,,,,,,
M3A-w4-1429,w4,102.063139,36.952579,乔木,edge,,,,,,,,,,,
M3A-w4-1430,w4,101.373502,36.839121,乔木,edge,,,,,,,,,,,
M3A-w4-1431,w4,102.665729,36.130351,乔木,edge,,,,,,,,,,,
M3A-w4-1432,w4,102.155845,37.78882,乔木,edge,,,,,,,,,,,
M3A-w4-1433,w4,106.075644,38.992653,乔木,edge,,,,,,,,,,,
M3A-w4-1434,w4,102.420219,36.892481,乔木,edge,,,,,,,,,,,
M3A-w4-1435,w4,102.276309,37.064688,乔木,edge,,,,,,,,,,,
M3A-w4-1436,w4,102.26526,37.329871,乔木,edge,,,,,,,,,,,
M3A-w4-1437,w4,101.662939,36.441617,乔木,edge,,,,,,,,,,,
M3A-w4-1438,w4,101.557028,37.099453,乔木,edge,,,,,,,,,,,
M3A-w4-1439,w4,106.342713,38.975405,乔木,edge,,,,,,,,,,,
M3A-w4-1440,w4,106.208774,38.17285,乔木,edge,,,,,,,,,,,
M3A-w4-1441,w4,101.989297,37.126672,乔木,edge,,,,,,,,,,,
M3A-w4-1442,w4,106.528395,38.913691,乔木,edge,,,,,,,,,,,
M3A-w4-1443,w4,106.77094,39.877942,灌丛,edge,,,,,,,,,,,
M3A-w4-1444,w4,104.402082,38.390602,灌丛,edge,,,,,,,,,,,
M3A-w4-1445,w4,106.110948,41.38819,灌丛,edge,,,,,,,,,,,
M3A-w4-1446,w4,103.487418,38.177162,灌丛,edge,,,,,,,,,,,
M3A-w4-1447,w4,103.000711,39.641057,灌丛,edge,,,,,,,,,,,
M3A-w4-1448,w4,102.756549,38.217586,灌丛,edge,,,,,,,,,,,
M3A-w4-1449,w4,102.341796,38.536398,灌丛,edge,,,,,,,,,,,
M3A-w4-1450,w4,104.002691,37.036661,灌丛,edge,,,,,,,,,,,
M3A-w4-1451,w4,101.994957,38.607275,灌丛,edge,,,,,,,,,,,
M3A-w4-1452,w4,104.817374,39.414681,灌丛,edge,,,,,,,,,,,
M3A-w4-1453,w4,104.257903,40.718765,灌丛,edge,,,,,,,,,,,
M3A-w4-1454,w4,103.753948,37.199166,灌丛,edge,,,,,,,,,,,
M3A-w4-1455,w4,103.850427,38.337511,灌丛,edge,,,,,,,,,,,
M3A-w4-1456,w4,106.469106,40.415314,灌丛,edge,,,,,,,,,,,
M3A-w4-1457,w4,104.585608,40.224782,灌丛,edge,,,,,,,,,,,
M3A-w4-1458,w4,105.385468,40.008108,灌丛,edge,,,,,,,,,,,
M3A-w4-1459,w4,101.228784,41.982156,灌丛,edge,,,,,,,,,,,
M3A-w4-1460,w4,101.216926,40.600727,灌丛,edge,,,,,,,,,,,
M3A-w4-1461,w4,104.254938,38.412431,灌丛,edge,,,,,,,,,,,
M3A-w4-1462,w4,102.758165,38.173389,灌丛,edge,,,,,,,,,,,
M3A-w4-1463,w4,102.870275,37.846492,灌丛,edge,,,,,,,,,,,
M3A-w4-1464,w4,101.1827,38.784603,灌丛,edge,,,,,,,,,,,
M3A-w4-1465,w4,104.429571,37.552473,灌丛,edge,,,,,,,,,,,
M3A-w4-1466,w4,104.962362,40.388635,灌丛,edge,,,,,,,,,,,
M3A-w4-1467,w4,104.146871,40.071978,灌丛,edge,,,,,,,,,,,
M3A-w4-1468,w4,103.677142,38.228096,灌丛,edge,,,,,,,,,,,
M3A-w4-1469,w4,104.163041,38.770859,灌丛,edge,,,,,,,,,,,
M3A-w4-1470,w4,103.472865,38.995347,灌丛,edge,,,,,,,,,,,
M3A-w4-1471,w4,105.127292,37.643024,灌丛,edge,,,,,,,,,,,
M3A-w4-1472,w4,102.841978,38.276875,灌丛,edge,,,,,,,,,,,
M3A-w4-1473,w4,101.559184,39.198816,灌丛,edge,,,,,,,,,,,
M3A-w4-1474,w4,106.688205,41.59085,灌丛,edge,,,,,,,,,,,
M3A-w4-1475,w4,106.851249,41.496257,灌丛,edge,,,,,,,,,,,
M3A-w4-1476,w4,106.814598,40.726581,灌丛,edge,,,,,,,,,,,
M3A-w4-1477,w4,101.0493,38.911804,灌丛,edge,,,,,,,,,,,
M3A-w4-1478,w4,104.453556,37.495071,灌丛,edge,,,,,,,,,,,
M3A-w4-1479,w4,105.104655,38.020586,灌丛,edge,,,,,,,,,,,
M3A-w4-1480,w4,103.368571,38.64716,灌丛,edge,,,,,,,,,,,
M3A-w4-1481,w4,102.292479,38.146979,灌丛,edge,,,,,,,,,,,
M3A-w4-1482,w4,103.912411,37.122091,灌丛,edge,,,,,,,,,,,
M3A-w4-1483,w4,104.450052,37.39967,灌丛,edge,,,,,,,,,,,
M3A-w4-1484,w4,103.138153,37.633322,灌丛,edge,,,,,,,,,,,
M3A-w4-1485,w4,106.753153,39.966606,灌丛,edge,,,,,,,,,,,
M3A-w4-1486,w4,105.131335,39.21822,灌丛,edge,,,,,,,,,,,
M3A-w4-1487,w4,106.645086,40.842194,灌丛,edge,,,,,,,,,,,
M3A-w4-1488,w4,101.740015,36.829959,草地,edge,,,,,,,,,,,
M3A-w4-1489,w4,101.438451,37.323673,草地,edge,,,,,,,,,,,
M3A-w4-1490,w4,104.288625,36.068367,草地,edge,,,,,,,,,,,
M3A-w4-1491,w4,103.207143,36.320075,草地,edge,,,,,,,,,,,
M3A-w4-1492,w4,106.569897,36.459134,草地,edge,,,,,,,,,,,
M3A-w4-1493,w4,106.211469,37.171947,草地,edge,,,,,,,,,,,
M3A-w4-1494,w4,103.549671,36.307947,草地,edge,,,,,,,,,,,
M3A-w4-1495,w4,105.393014,36.188561,草地,edge,,,,,,,,,,,
M3A-w4-1496,w4,101.436025,37.904164,草地,edge,,,,,,,,,,,
M3A-w4-1497,w4,106.739948,39.214716,草地,edge,,,,,,,,,,,
M3A-w4-1498,w4,101.507441,37.371373,草地,edge,,,,,,,,,,,
M3A-w4-1499,w4,101.984447,37.081936,草地,edge,,,,,,,,,,,
M3A-w4-1500,w4,102.498103,36.086692,草地,edge,,,,,,,,,,,
M3A-w4-1501,w4,103.216306,37.50639,草地,edge,,,,,,,,,,,
M3A-w4-1502,w4,106.131699,36.87173,草地,edge,,,,,,,,,,,
M3A-w4-1503,w4,104.390764,36.352145,草地,edge,,,,,,,,,,,
M3A-w4-1504,w4,104.213436,36.785222,草地,edge,,,,,,,,,,,
M3A-w4-1505,w4,101.845118,37.350622,草地,edge,,,,,,,,,,,
M3A-w4-1506,w4,106.427065,37.732496,草地,edge,,,,,,,,,,,
M3A-w4-1507,w4,106.905148,38.435607,草地,edge,,,,,,,,,,,
M3A-w4-1508,w4,102.102755,38.196027,草地,edge,,,,,,,,,,,
M3A-w4-1509,w4,105.830404,38.076371,草地,edge,,,,,,,,,,,
M3A-w4-1510,w4,106.531898,38.831495,草地,edge,,,,,,,,,,,
M3A-w4-1511,w4,105.176879,39.162434,草地,edge,,,,,,,,,,,
M3A-w4-1512,w4,105.754137,38.98349,草地,edge,,,,,,,,,,,
M3A-w4-1513,w4,106.668262,38.719924,草地,edge,,,,,,,,,,,
M3A-w4-1514,w4,105.85897,37.91171,草地,edge,,,,,,,,,,,
M3A-w4-1515,w4,101.432791,36.537287,草地,edge,,,,,,,,,,,
M3A-w4-1516,w4,106.123883,37.134757,草地,edge,,,,,,,,,,,
M3A-w4-1517,w4,106.699793,36.97333,耕地,edge,,,,,,,,,,,
M3A-w4-1518,w4,103.828867,36.958507,耕地,edge,,,,,,,,,,,
M3A-w4-1519,w4,104.056051,37.45842,耕地,edge,,,,,,,,,,,
M3A-w4-1520,w4,105.860048,36.961202,耕地,edge,,,,,,,,,,,
M3A-w4-1521,w4,102.967024,36.884396,耕地,edge,,,,,,,,,,,
M3A-w4-1522,w4,102.173901,38.214352,耕地,edge,,,,,,,,,,,
M3A-w4-1523,w4,106.335167,36.158647,耕地,edge,,,,,,,,,,,
M3A-w4-1524,w4,106.082381,36.17886,耕地,edge,,,,,,,,,,,
M3A-w4-1525,w4,102.91582,37.750552,耕地,edge,,,,,,,,,,,
M3A-w4-1526,w4,105.258267,36.061899,耕地,edge,,,,,,,,,,,
M3A-w4-1527,w4,101.5829,36.586335,耕地,edge,,,,,,,,,,,
M3A-w4-1528,w4,103.620548,37.50612,耕地,edge,,,,,,,,,,,
M3A-w4-1529,w4,102.743882,36.242191,耕地,edge,,,,,,,,,,,
M3A-w4-1530,w4,106.696829,36.513302,耕地,edge,,,,,,,,,,,
M3A-w4-1531,w4,103.514637,36.942877,耕地,edge,,,,,,,,,,,
M3A-w4-1532,w4,106.112565,38.190906,耕地,edge,,,,,,,,,,,
M3A-w4-1533,w4,102.55335,36.964167,耕地,edge,,,,,,,,,,,
M3A-w4-1534,w4,106.309565,36.870383,耕地,edge,,,,,,,,,,,
M3A-w4-1535,w4,102.80398,38.026784,耕地,edge,,,,,,,,,,,
M3A-w4-1536,w4,106.069176,37.525524,耕地,edge,,,,,,,,,,,
M3A-w4-1537,w4,106.340018,39.22873,建成区,edge,,,,,,,,,,,
M3A-w4-1538,w4,102.699416,36.245425,建成区,edge,,,,,,,,,,,
M3A-w4-1539,w4,106.950693,39.526521,建成区,edge,,,,,,,,,,,
M3A-w4-1540,w4,106.89895,39.181299,建成区,edge,,,,,,,,,,,
M3A-w4-1541,w4,104.992545,37.674555,建成区,edge,,,,,,,,,,,
M3A-w4-1542,w4,102.143179,38.163148,建成区,edge,,,,,,,,,,,
M3A-w4-1543,w4,106.237071,38.484116,建成区,edge,,,,,,,,,,,
M3A-w4-1544,w4,106.892751,38.719116,建成区,edge,,,,,,,,,,,
M3A-w4-1545,w4,102.067181,38.212735,建成区,edge,,,,,,,,,,,
M3A-w4-1546,w4,101.693392,37.413414,建成区,edge,,,,,,,,,,,
M3A-w4-1547,w4,106.095047,36.358612,建成区,edge,,,,,,,,,,,
M3A-w4-1548,w4,106.602775,38.173389,建成区,edge,,,,,,,,,,,
M3A-w4-1549,w4,106.303367,38.960852,建成区,edge,,,,,,,,,,,
M3A-w4-1550,w4,101.665904,36.664219,建成区,edge,,,,,,,,,,,
M3A-w4-1551,w4,106.15245,36.281807,建成区,edge,,,,,,,,,,,
M3A-w4-1552,w4,106.630264,38.278222,建成区,edge,,,,,,,,,,,
M3A-w4-1553,w4,104.223408,36.538096,建成区,edge,,,,,,,,,,,
M3A-w4-1554,w4,106.066212,38.727739,建成区,edge,,,,,,,,,,,
M3A-w4-1555,w4,105.986172,38.226479,建成区,edge,,,,,,,,,,,
M3A-w4-1556,w4,103.861207,37.246328,建成区,edge,,,,,,,,,,,
M3A-w4-1557,w4,106.725934,39.164321,建成区,edge,,,,,,,,,,,
M3A-w4-1558,w4,106.969827,37.027768,建成区,edge,,,,,,,,,,,
M3A-w4-1559,w4,105.822319,37.138799,建成区,edge,,,,,,,,,,,
M3A-w4-1560,w4,105.655771,38.118682,建成区,edge,,,,,,,,,,,
M3A-w4-1561,w4,103.149202,37.644102,建成区,edge,,,,,,,,,,,
M3A-w4-1562,w4,106.119571,38.739867,建成区,edge,,,,,,,,,,,
M3A-w4-1563,w4,101.488307,36.749649,建成区,edge,,,,,,,,,,,
M3A-w4-1564,w4,106.236802,39.193696,建成区,edge,,,,,,,,,,,
M3A-w4-1565,w4,101.206955,37.526602,建成区,edge,,,,,,,,,,,
M3A-w4-1566,w4,106.674191,39.54323,建成区,edge,,,,,,,,,,,
M3A-w4-1567,w4,104.681009,36.740756,建成区,edge,,,,,,,,,,,
M3A-w4-1568,w4,106.202845,38.500555,建成区,edge,,,,,,,,,,,
M3A-w4-1569,w4,105.142654,37.047171,建成区,edge,,,,,,,,,,,
M3A-w4-1570,w4,106.182633,37.99175,建成区,edge,,,,,,,,,,,
M3A-w4-1571,w4,103.698432,36.612746,建成区,edge,,,,,,,,,,,
M3A-w4-1572,w4,106.003958,38.285499,建成区,edge,,,,,,,,,,,
M3A-w4-1573,w4,102.990739,38.685698,建成区,edge,,,,,,,,,,,
M3A-w4-1574,w4,106.792499,38.345866,裸地/稀疏,edge,,,,,,,,,,,
M3A-w4-1575,w4,106.651823,38.210579,裸地/稀疏,edge,,,,,,,,,,,
M3A-w4-1576,w4,104.478349,37.406407,裸地/稀疏,edge,,,,,,,,,,,
M3A-w4-1577,w4,104.202656,37.503964,裸地/稀疏,edge,,,,,,,,,,,
M3A-w4-1578,w4,101.560801,37.71444,冰雪,edge,,,,,,,,,,,
M3A-w4-1579,w4,101.347092,37.747049,冰雪,edge,,,,,,,,,,,
M3A-w4-1580,w4,101.442762,37.740042,冰雪,edge,,,,,,,,,,,
M3A-w4-1581,w4,101.421472,37.749744,冰雪,edge,,,,,,,,,,,
M3A-w4-1582,w4,101.532235,37.604216,冰雪,edge,,,,,,,,,,,
M3A-w4-1583,w4,101.571311,37.712823,冰雪,edge,,,,,,,,,,,
M3A-w4-1584,w4,101.598261,37.633591,冰雪,edge,,,,,,,,,,,
M3A-w4-1585,w4,101.334965,37.747857,冰雪,edge,,,,,,,,,,,
M3A-w4-1586,w4,101.761305,37.535765,冰雪,edge,,,,,,,,,,,
M3A-w4-1587,w4,103.764458,36.529742,水体,edge,,,,,,,,,,,
M3A-w4-1588,w4,106.202576,38.341823,水体,edge,,,,,,,,,,,
M3A-w4-1589,w4,106.604123,38.520498,水体,edge,,,,,,,,,,,
M3A-w4-1590,w4,101.603381,41.957362,水体,edge,,,,,,,,,,,
M3A-w4-1591,w4,106.758004,39.621114,水体,edge,,,,,,,,,,,
M3A-w4-1592,w4,106.240305,38.425636,水体,edge,,,,,,,,,,,
M3A-w4-1593,w4,106.646164,38.832842,水体,edge,,,,,,,,,,,
M3A-w4-1594,w4,102.383568,36.921856,水体,edge,,,,,,,,,,,
M3A-w4-1595,w4,106.085615,39.081316,水体,edge,,,,,,,,,,,
M3A-w4-1596,w4,102.885367,36.331394,水体,edge,,,,,,,,,,,
M3A-w4-1597,w4,106.345677,38.347752,水体,edge,,,,,,,,,,,
M3A-w4-1598,w4,106.365081,36.915658,水体,edge,,,,,,,,,,,
M3A-w4-1599,w4,106.418441,38.451777,水体,edge,,,,,,,,,,,
M3A-w4-1600,w4,106.306062,40.264128,水体,edge,,,,,,,,,,,
M3A-w4-1601,w4,106.706261,39.611412,草本湿地,edge,,,,,,,,,,,
M3A-w4-1602,w4,106.773904,39.755592,草本湿地,edge,,,,,,,,,,,
M3A-w4-1603,w4,106.839391,40.488617,草本湿地,edge,,,,,,,,,,,
M3A-w4-1604,w4,106.855831,40.479993,草本湿地,edge,,,,,,,,,,,
M3A-w4-1605,w4,101.112093,37.023186,草本湿地,edge,,,,,,,,,,,
M3A-w4-1606,w4,106.734828,39.999484,草本湿地,edge,,,,,,,,,,,
M3A-w4-1607,w4,106.762586,40.539012,草本湿地,edge,,,,,,,,,,,
M3A-w4-1608,w4,106.902453,40.352792,草本湿地,edge,,,,,,,,,,,
M3A-w4-1609,w4,101.322837,37.611493,草本湿地,edge,,,,,,,,,,,
M3A-w4-1610,w4,106.659639,40.646541,草本湿地,edge,,,,,,,,,,,
M3A-w4-1611,w4,106.809208,40.605039,草本湿地,edge,,,,,,,,,,,
M3A-w4-1612,w4,101.190785,37.285135,草本湿地,edge,,,,,,,,,,,
M3A-w4-1613,w4,101.029897,37.113197,草本湿地,edge,,,,,,,,,,,
M3A-w4-1614,w4,101.327149,40.616627,草本湿地,edge,,,,,,,,,,,
M3A-w4-1615,w4,102.816107,38.35422,草本湿地,edge,,,,,,,,,,,
M3A-w4-1616,w4,106.848824,40.260086,草本湿地,edge,,,,,,,,,,,
M3A-w4-1617,w4,101.010224,36.933983,草本湿地,edge,,,,,,,,,,,
M3A-w4-1618,w4,101.023159,37.167635,苔藓地衣,edge,,,,,,,,,,,
M3A-w4-1619,w4,101.004564,37.238243,苔藓地衣,edge,,,,,,,,,,,
M3A-w4-1620,w4,101.255194,36.967401,苔藓地衣,edge,,,,,,,,,,,
M3A-w4-1621,w4,102.104372,37.45842,苔藓地衣,edge,,,,,,,,,,,
M3A-w4-1622,w4,101.802538,37.648953,苔藓地衣,edge,,,,,,,,,,,
M3A-w4-1623,w4,101.016152,37.258185,苔藓地衣,edge,,,,,,,,,,,
M3A-w4-1624,w4,101.840806,37.619039,苔藓地衣,edge,,,,,,,,,,,
M3A-w4-1625,w4,101.711449,37.630896,苔藓地衣,edge,,,,,,,,,,,
M3A-w4-1626,w4,101.514717,37.308042,苔藓地衣,edge,,,,,,,,,,,
M3A-w4-1627,w4,102.100868,37.049327,苔藓地衣,edge,,,,,,,,,,,
M3A-w4-1628,w4,102.609404,37.289716,苔藓地衣,edge,,,,,,,,,,,
M3A-w4-1629,w4,101.153864,37.458689,苔藓地衣,edge,,,,,,,,,,,
M3A-w4-1630,w4,101.989567,37.675633,苔藓地衣,edge,,,,,,,,,,,
M3A-w4-1631,w4,102.567094,37.311545,苔藓地衣,edge,,,,,,,,,,,
M3A-w4-1632,w4,101.405303,37.336878,苔藓地衣,edge,,,,,,,,,,,
M3A-w4-1633,w4,101.085143,37.497766,苔藓地衣,edge,,,,,,,,,,,
M3A-w4-1634,w4,101.594757,37.252257,苔藓地衣,edge,,,,,,,,,,,
M3A-w4-1635,w4,101.130149,37.786395,苔藓地衣,edge,,,,,,,,,,,
M3A-w4-1636,w4,101.19887,36.293934,苔藓地衣,edge,,,,,,,,,,,
M3A-w4-1637,w4,101.946178,37.574572,苔藓地衣,edge,,,,,,,,,,,
M3A-w4-1638,w4,102.653871,37.062802,苔藓地衣,edge,,,,,,,,,,,
M3A-w4-1639,w4,102.566016,37.18623,苔藓地衣,edge,,,,,,,,,,,
M3A-w4-1640,w4,101.452464,37.781005,苔藓地衣,edge,,,,,,,,,,,
M3A-w4-1641,w4,102.069876,37.533609,苔藓地衣,edge,,,,,,,,,,,
M3A-w4-1642,w4,101.690967,37.493724,苔藓地衣,edge,,,,,,,,,,,
M3A-w4-1643,w4,101.582361,37.294567,苔藓地衣,edge,,,,,,,,,,,
M3A-w4-1644,w4,102.266607,37.437669,苔藓地衣,edge,,,,,,,,,,,
M3A-w4-1645,w4,102.020559,37.481596,苔藓地衣,edge,,,,,,,,,,,
M3A-w4-1646,w4,102.226453,37.619847,苔藓地衣,edge,,,,,,,,,,,
M3A-w4-1647,w4,102.218098,36.225482,苔藓地衣,edge,,,,,,,,,,,
M3A-w4-1648,w4,102.1801,37.654342,苔藓地衣,edge,,,,,,,,,,,
M3A-w4-1649,w4,101.226897,37.016988,苔藓地衣,edge,,,,,,,,,,,
M3A-w4-1650,w4,101.738667,37.226924,苔藓地衣,edge,,,,,,,,,,,
M3A-w4-1651,w4,102.229687,36.239496,苔藓地衣,edge,,,,,,,,,,,
M3A-w4-1652,w4,101.728966,37.627393,苔藓地衣,edge,,,,,,,,,,,
M3A-w4-1653,w4,101.361375,37.712284,苔藓地衣,edge,,,,,,,,,,,
M3A-w4-1654,w4,101.258159,37.909554,苔藓地衣,edge,,,,,,,,,,,
M3A-w4-1655,w4,101.091072,36.566393,苔藓地衣,edge,,,,,,,,,,,
M3A-w4-1656,w4,102.318889,36.795733,苔藓地衣,edge,,,,,,,,,,,
M3A-w4-1657,w4,101.906293,37.6185,苔藓地衣,edge,,,,,,,,,,,
M3A-w4-1658,w4,101.391828,37.828705,苔藓地衣,edge,,,,,,,,,,,
M3A-w4-1659,w4,101.884734,37.630088,苔藓地衣,edge,,,,,,,,,,,
M3A-w4-1660,w4,102.326974,36.245425,苔藓地衣,edge,,,,,,,,,,,
M3A-w4-1661,w4,102.085238,37.6185,苔藓地衣,edge,,,,,,,,,,,
M3A-w4-1662,w4,102.006276,37.668895,苔藓地衣,edge,,,,,,,,,,,
M3A-w4-1663,w4,102.153959,37.365714,苔藓地衣,edge,,,,,,,,,,,
M3A-w4-1664,w4,101.074902,37.198088,苔藓地衣,edge,,,,,,,,,,,
M3A-w4-1665,w4,102.208397,37.424464,苔藓地衣,edge,,,,,,,,,,,
M3A-w4-1666,w4,101.182161,37.863201,苔藓地衣,edge,,,,,,,,,,,
M3A-w4-1667,w4,101.285378,36.468836,苔藓地衣,edge,,,,,,,,,,,
M3A-w4-1668,w4,101.757263,37.622003,苔藓地衣,edge,,,,,,,,,,,
M3A-w4-1669,w4,101.647848,37.513127,苔藓地衣,edge,,,,,,,,,,,
M3A-w4-1670,w4,101.965582,37.574572,苔藓地衣,edge,,,,,,,,,,,
M3A-w4-1671,w4,102.003042,37.092985,苔藓地衣,edge,,,,,,,,,,,
M3A-w4-1672,w4,101.879344,37.515822,苔藓地衣,edge,,,,,,,,,,,
M3A-w4-1673,w4,102.096826,37.525255,苔藓地衣,edge,,,,,,,,,,,
M3A-w4-1674,w4,101.654585,37.710128,苔藓地衣,edge,,,,,,,,,,,
M3A-w4-1675,w4,101.293193,37.000279,苔藓地衣,edge,,,,,,,,,,,
M3A-w4-1676,w4,102.619915,37.290525,苔藓地衣,edge,,,,,,,,,,,
M3A-w4-1677,w4,101.049031,37.547892,苔藓地衣,edge,,,,,,,,,,,
M3A-w4-1678,w4,102.160427,37.523638,苔藓地衣,edge,,,,,,,,,,,
M3A-w4-1679,w4,102.038884,37.545197,苔藓地衣,edge,,,,,,,,,,,
M3A-w4-1680,w4,102.411865,36.826994,苔藓地衣,edge,,,,,,,,,,,
M3A-w4-1681,w4,101.244145,36.961202,苔藓地衣,edge,,,,,,,,,,,
M3A-w4-1682,w4,101.002947,36.617597,苔藓地衣,edge,,,,,,,,,,,
M3A-w4-1683,w4,101.438451,37.909015,苔藓地衣,edge,,,,,,,,,,,
M3A-w4-1684,w4,101.552986,37.529566,苔藓地衣,edge,,,,,,,,,,,
M3A-w4-1685,w4,102.117307,37.484291,苔藓地衣,edge,,,,,,,,,,,
M3A-w4-1686,w4,101.41743,37.671051,苔藓地衣,edge,,,,,,,,,,,
M3A-w4-1687,w4,101.585056,37.711745,苔藓地衣,edge,,,,,,,,,,,
M3A-w4-1688,w4,102.318889,36.86634,苔藓地衣,edge,,,,,,,,,,,
M3A-w4-1689,w4,102.50511,37.320708,苔藓地衣,edge,,,,,,,,,,,
M3A-w4-1690,w4,102.586497,37.178146,苔藓地衣,edge,,,,,,,,,,,
M3A-w5-1691,w5,134.630751,47.313837,乔木,core,,,,,,,,,,,
M3A-w5-1692,w5,134.49816,48.240629,乔木,core,,,,,,,,,,,
M3A-w5-1693,w5,134.843113,48.180262,乔木,core,,,,,,,,,,,
M3A-w5-1694,w5,133.678896,48.739463,乔木,core,,,,,,,,,,,
M3A-w5-1695,w5,134.249686,48.856693,乔木,core,,,,,,,,,,,
M3A-w5-1696,w5,134.3432,47.023322,乔木,core,,,,,,,,,,,
M3A-w5-1697,w5,134.719415,47.597615,乔木,core,,,,,,,,,,,
M3A-w5-1698,w5,134.821284,48.291294,乔木,core,,,,,,,,,,,
M3A-w5-1699,w5,134.816702,47.859563,乔木,core,,,,,,,,,,,
M3A-w5-1700,w5,133.644131,48.258685,乔木,core,,,,,,,,,,,
M3A-w5-1701,w5,134.797838,47.379594,乔木,core,,,,,,,,,,,
M3A-w5-1702,w5,134.890813,47.536709,乔木,core,,,,,,,,,,,
M3A-w5-1703,w5,134.740705,47.00311,乔木,core,,,,,,,,,,,
M3A-w5-1704,w5,134.898359,47.39199,乔木,core,,,,,,,,,,,
M3A-w5-1705,w5,134.726961,47.640195,乔木,core,,,,,,,,,,,
M3A-w5-1706,w5,134.636141,47.156183,乔木,core,,,,,,,,,,,
M3A-w5-1707,w5,133.758667,48.644871,乔木,core,,,,,,,,,,,
M3A-w5-1708,w5,134.65285,48.958023,乔木,core,,,,,,,,,,,
M3A-w5-1709,w5,134.705401,47.487122,乔木,core,,,,,,,,,,,
M3A-w5-1710,w5,134.982711,47.266945,乔木,core,,,,,,,,,,,
M3A-w5-1711,w5,134.564994,47.078838,乔木,core,,,,,,,,,,,
M3A-w5-1712,w5,134.063196,47.383905,乔木,core,,,,,,,,,,,
M3A-w5-1713,w5,134.022232,48.60768,乔木,core,,,,,,,,,,,
M3A-w5-1714,w5,134.098499,48.759945,乔木,core,,,,,,,,,,,
M3A-w5-1715,w5,134.384164,47.330815,乔木,core,,,,,,,,,,,
M3A-w5-1716,w5,134.921536,47.580906,乔木,core,,,,,,,,,,,
M3A-w5-1717,w5,134.682494,47.378246,乔木,core,,,,,,,,,,,
M3A-w5-1718,w5,134.852006,47.20038,乔木,core,,,,,,,,,,,
M3A-w5-1719,w5,134.370958,47.342942,乔木,core,,,,,,,,,,,
M3A-w5-1720,w5,134.874644,47.099589,乔木,core,,,,,,,,,,,
M3A-w5-1721,w5,133.617182,48.989285,乔木,core,,,,,,,,,,,
M3A-w5-1722,w5,134.846886,48.228232,乔木,core,,,,,,,,,,,
M3A-w5-1723,w5,134.410574,47.108212,乔木,core,,,,,,,,,,,
M3A-w5-1724,w5,134.121676,48.354625,乔木,core,,,,,,,,,,,
M3A-w5-1725,w5,134.078557,48.347618,乔木,core,,,,,,,,,,,
M3A-w5-1726,w5,133.699647,48.721946,乔木,core,,,,,,,,,,,
M3A-w5-1727,w5,134.321641,48.625467,乔木,core,,,,,,,,,,,
M3A-w5-1728,w5,134.49789,47.254818,乔木,core,,,,,,,,,,,
M3A-w5-1729,w5,134.845808,47.984339,乔木,core,,,,,,,,,,,
M3A-w5-1730,w5,134.918032,47.025208,乔木,core,,,,,,,,,,,
M3A-w5-1731,w5,134.802689,47.44562,乔木,core,,,,,,,,,,,
M3A-w5-1732,w5,134.994299,47.201458,乔木,core,,,,,,,,,,,
M3A-w5-1733,w5,134.179887,47.051619,乔木,core,,,,,,,,,,,
M3A-w5-1734,w5,134.881651,48.193467,乔木,core,,,,,,,,,,,
M3A-w5-1735,w5,134.596525,47.361268,乔木,core,,,,,,,,,,,
M3A-w5-1736,w5,133.421529,48.637055,乔木,core,,,,,,,,,,,
M3A-w5-1737,w5,134.319485,47.022513,乔木,core,,,,,,,,,,,
M3A-w5-1738,w5,134.751215,47.155105,乔木,core,,,,,,,,,,,
M3A-w5-1739,w5,134.975165,47.583062,乔木,core,,,,,,,,,,,
M3A-w5-1740,w5,133.42072,48.891189,乔木,core,,,,,,,,,,,
M3A-w5-1741,w5,133.469768,48.880678,乔木,core,,,,,,,,,,,
M3A-w5-1742,w5,134.445069,47.401423,乔木,core,,,,,,,,,,,
M3A-w5-1743,w5,134.251033,48.623311,乔木,core,,,,,,,,,,,
M3A-w5-1744,w5,134.726152,47.599232,乔木,core,,,,,,,,,,,
M3A-w5-1745,w5,133.021868,48.435743,乔木,core,,,,,,,,,,,
M3A-w5-1746,w5,133.044775,48.915174,乔木,core,,,,,,,,,,,
M3A-w5-1747,w5,134.665516,47.99997,乔木,core,,,,,,,,,,,
M3A-w5-1748,w5,134.662821,47.064824,乔木,core,,,,,,,,,,,
M3A-w5-1749,w5,133.119695,48.153043,乔木,core,,,,,,,,,,,
M3A-w5-1750,w5,134.874913,48.270273,乔木,core,,,,,,,,,,,
M3A-w5-1751,w5,134.370419,47.04542,乔木,core,,,,,,,,,,,
M3A-w5-1752,w5,134.557449,47.395494,乔木,core,,,,,,,,,,,
M3A-w5-1753,w5,134.332421,47.250775,乔木,core,,,,,,,,,,,
M3A-w5-1754,w5,134.450729,47.177473,乔木,core,,,,,,,,,,,
M3A-w5-1755,w5,134.836914,48.301804,乔木,core,,,,,,,,,,,
M3A-w5-1756,w5,134.514599,47.09339,乔木,core,,,,,,,,,,,
M3A-w5-1757,w5,134.728578,47.580367,乔木,core,,,,,,,,,,,
M3A-w5-1758,w5,134.34886,47.290121,乔木,core,,,,,,,,,,,
M3A-w5-1759,w5,134.83934,47.409777,乔木,core,,,,,,,,,,,
M3A-w5-1760,w5,134.63668,47.911306,乔木,core,,,,,,,,,,,
M3A-w5-1761,w5,134.97786,47.044612,乔木,core,,,,,,,,,,,
M3A-w5-1762,w5,134.728578,47.2214,乔木,core,,,,,,,,,,,
M3A-w5-1763,w5,134.88704,48.483443,乔木,core,,,,,,,,,,,
M3A-w5-1764,w5,134.161831,48.392354,乔木,core,,,,,,,,,,,
M3A-w5-1765,w5,134.640992,48.94401,乔木,core,,,,,,,,,,,
M3A-w5-1766,w5,134.772505,48.966647,乔木,core,,,,,,,,,,,
M3A-w5-1767,w5,133.50076,48.957754,乔木,core,,,,,,,,,,,
M3A-w5-1768,w5,134.874374,48.328484,乔木,core,,,,,,,,,,,
M3A-w5-1769,w5,134.891622,47.207656,乔木,core,,,,,,,,,,,
M3A-w5-1770,w5,134.208184,48.411758,乔木,core,,,,,,,,,,,
M3A-w5-1771,w5,134.842304,47.174778,乔木,core,,,,,,,,,,,
M3A-w5-1772,w5,134.206836,47.067249,乔木,core,,,,,,,,,,,
M3A-w5-1773,w5,134.792987,47.365849,乔木,core,,,,,,,,,,,
M3A-w5-1774,w5,134.322988,47.412741,乔木,core,,,,,,,,,,,
M3A-w5-1775,w5,134.34859,48.926223,乔木,core,,,,,,,,,,,
M3A-w5-1776,w5,134.883268,47.119531,乔木,core,,,,,,,,,,,
M3A-w5-1777,w5,133.890449,48.839176,乔木,core,,,,,,,,,,,
M3A-w5-1778,w5,133.429075,48.62897,乔木,core,,,,,,,,,,,
M3A-w5-1779,w5,134.163717,47.021705,乔木,core,,,,,,,,,,,
M3A-w5-1780,w5,133.405629,48.899543,乔木,core,,,,,,,,,,,
M3A-w5-1781,w5,134.981094,47.429181,乔木,core,,,,,,,,,,,
M3A-w5-1782,w5,134.393057,49.003029,乔木,core,,,,,,,,,,,
M3A-w5-1783,w5,133.781035,47.061859,乔木,core,,,,,,,,,,,
M3A-w5-1784,w5,134.710521,48.169213,乔木,core,,,,,,,,,,,
M3A-w5-1785,w5,134.799185,47.17909,乔木,core,,,,,,,,,,,
M3A-w5-1786,w5,133.754894,48.749435,乔木,core,,,,,,,,,,,
M3A-w5-1787,w5,134.89782,48.134178,乔木,core,,,,,,,,,,,
M3A-w5-1788,w5,133.427188,48.192928,乔木,core,,,,,,,,,,,
M3A-w5-1789,w5,134.788136,47.240265,乔木,core,,,,,,,,,,,
M3A-w5-1790,w5,134.618893,47.127347,乔木,core,,,,,,,,,,,
M3A-w5-1791,w5,134.509748,47.163728,乔木,core,,,,,,,,,,,
M3A-w5-1792,w5,134.462586,47.193642,乔木,core,,,,,,,,,,,
M3A-w5-1793,w5,134.689231,47.185827,乔木,core,,,,,,,,,,,
M3A-w5-1794,w5,133.901229,47.055392,乔木,core,,,,,,,,,,,
M3A-w5-1795,w5,133.717973,48.704698,乔木,core,,,,,,,,,,,
M3A-w5-1796,w5,134.867637,47.287157,乔木,core,,,,,,,,,,,
M3A-w5-1797,w5,134.981364,47.41328,乔木,core,,,,,,,,,,,
M3A-w5-1798,w5,134.577661,48.437629,乔木,core,,,,,,,,,,,
M3A-w5-1799,w5,134.731542,48.208289,乔木,core,,,,,,,,,,,
M3A-w5-1800,w5,134.92989,47.004996,乔木,core,,,,,,,,,,,
M3A-w5-1801,w5,133.102178,48.423885,乔木,core,,,,,,,,,,,
M3A-w5-1802,w5,133.410749,48.888763,乔木,core,,,,,,,,,,,
M3A-w5-1803,w5,134.368263,47.17882,乔木,core,,,,,,,,,,,
M3A-w5-1804,w5,133.437429,48.887146,乔木,core,,,,,,,,,,,
M3A-w5-1805,w5,134.782746,48.063032,乔木,core,,,,,,,,,,,
M3A-w5-1806,w5,134.965463,47.931249,乔木,core,,,,,,,,,,,
M3A-w5-1807,w5,134.75418,48.199396,乔木,core,,,,,,,,,,,
M3A-w5-1808,w5,134.823709,47.553957,乔木,core,,,,,,,,,,,
M3A-w5-1809,w5,134.175305,48.426849,灌丛,core,,,,,,,,,,,
M3A-w5-1810,w5,134.424318,48.655381,草地,core,,,,,,,,,,,
M3A-w5-1811,w5,134.830177,48.76803,草地,core,,,,,,,,,,,
M3A-w5-1812,w5,134.796221,48.792823,草地,core,,,,,,,,,,,
M3A-w5-1813,w5,134.368533,48.777462,草地,core,,,,,,,,,,,
M3A-w5-1814,w5,133.310767,48.962874,草地,core,,,,,,,,,,,
M3A-w5-1815,w5,134.922075,48.969612,草地,core,,,,,,,,,,,
M3A-w5-1816,w5,134.592213,48.876366,草地,core,,,,,,,,,,,
M3A-w5-1817,w5,134.964116,48.922181,草地,core,,,,,,,,,,,
M3A-w5-1818,w5,134.204411,48.887685,草地,core,,,,,,,,,,,
M3A-w5-1819,w5,133.009202,48.689068,草地,core,,,,,,,,,,,
M3A-w5-1820,w5,133.941653,48.803872,草地,core,,,,,,,,,,,
M3A-w5-1821,w5,134.244835,47.155105,草地,core,,,,,,,,,,,
M3A-w5-1822,w5,134.193361,47.277455,草地,core,,,,,,,,,,,
M3A-w5-1823,w5,134.462047,48.920564,草地,core,,,,,,,,,,,
M3A-w5-1824,w5,133.266031,48.967456,草地,core,,,,,,,,,,,
M3A-w5-1825,w5,133.043967,48.978235,草地,core,,,,,,,,,,,
M3A-w5-1826,w5,133.21806,48.436551,草地,core,,,,,,,,,,,
M3A-w5-1827,w5,134.478487,48.742967,草地,core,,,,,,,,,,,
M3A-w5-1828,w5,134.403567,47.147828,草地,core,,,,,,,,,,,
M3A-w5-1829,w5,133.641167,48.864509,草地,core,,,,,,,,,,,
M3A-w5-1830,w5,134.236211,48.910053,草地,core,,,,,,,,,,,
M3A-w5-1831,w5,134.633446,48.626006,草地,core,,,,,,,,,,,
M3A-w5-1832,w5,134.696238,48.677749,草地,core,,,,,,,,,,,
M3A-w5-1833,w5,133.367899,48.569143,草地,core,,,,,,,,,,,
M3A-w5-1834,w5,133.865117,48.603638,草地,core,,,,,,,,,,,
M3A-w5-1835,w5,133.98073,48.932152,草地,core,,,,,,,,,,,
M3A-w5-1836,w5,133.224259,48.996292,草地,core,,,,,,,,,,,
M3A-w5-1837,w5,134.252111,48.825971,草地,core,,,,,,,,,,,
M3A-w5-1838,w5,134.826135,48.84241,草地,core,,,,,,,,,,,
M3A-w5-1839,w5,133.400239,48.643793,草地,core,,,,,,,,,,,
M3A-w5-1840,w5,133.809062,48.715209,草地,core,,,,,,,,,,,
M3A-w5-1841,w5,133.487825,48.621694,草地,core,,,,,,,,,,,
M3A-w5-1842,w5,133.62338,48.927031,草地,core,,,,,,,,,,,
M3A-w5-1843,w5,133.209167,48.654842,草地,core,,,,,,,,,,,
M3A-w5-1844,w5,133.936803,48.661849,草地,core,,,,,,,,,,,
M3A-w5-1845,w5,134.167759,48.946974,草地,core,,,,,,,,,,,
M3A-w5-1846,w5,134.435637,48.8796,草地,core,,,,,,,,,,,
M3A-w5-1847,w5,134.533194,48.79444,草地,core,,,,,,,,,,,
M3A-w5-1848,w5,134.529152,48.736499,草地,core,,,,,,,,,,,
M3A-w5-1849,w5,134.302507,48.744314,草地,core,,,,,,,,,,,
M3A-w5-1850,w5,134.780051,48.816269,草地,core,,,,,,,,,,,
M3A-w5-1851,w5,134.339697,47.301979,草地,core,,,,,,,,,,,
M3A-w5-1852,w5,134.758492,48.873402,草地,core,,,,,,,,,,,
M3A-w5-1853,w5,134.688153,48.734882,草地,core,,,,,,,,,,,
M3A-w5-1854,w5,134.2796,48.929726,草地,core,,,,,,,,,,,
M3A-w5-1855,w5,134.962768,48.859388,草地,core,,,,,,,,,,,
M3A-w5-1856,w5,133.582417,48.889302,草地,core,,,,,,,,,,,
M3A-w5-1857,w5,134.138654,47.030329,草地,core,,,,,,,,,,,
M3A-w5-1858,w5,133.306724,48.440863,草地,core,,,,,,,,,,,
M3A-w5-1859,w5,134.737471,48.736768,草地,core,,,,,,,,,,,
M3A-w5-1860,w5,134.18366,48.887685,草地,core,,,,,,,,,,,
M3A-w5-1861,w5,134.447495,48.726258,草地,core,,,,,,,,,,,
M3A-w5-1862,w5,134.148086,48.833517,草地,core,,,,,,,,,,,
M3A-w5-1863,w5,134.67953,48.824893,草地,core,,,,,,,,,,,
M3A-w5-1864,w5,133.003004,48.61307,草地,core,,,,,,,,,,,
M3A-w5-1865,w5,133.337177,48.924337,草地,core,,,,,,,,,,,
M3A-w5-1866,w5,133.997708,48.847261,草地,core,,,,,,,,,,,
M3A-w5-1867,w5,134.665246,48.81061,草地,core,,,,,,,,,,,
M3A-w5-1868,w5,134.35964,48.739463,草地,core,,,,,,,,,,,
M3A-w5-1869,w5,134.173149,47.252392,草地,core,,,,,,,,,,,
M3A-w5-1870,w5,133.858649,48.946435,草地,core,,,,,,,,,,,
M3A-w5-1871,w5,134.54586,48.57076,草地,core,,,,,,,,,,,
M3A-w5-1872,w5,134.687884,48.704429,草地,core,,,,,,,,,,,
M3A-w5-1873,w5,134.639375,48.668856,草地,core,,,,,,,,,,,
M3A-w5-1874,w5,133.002734,47.815366,耕地,core,,,,,,,,,,,
M3A-w5-1875,w5,134.274479,47.547758,耕地,core,,,,,,,,,,,
M3A-w5-1876,w5,133.695066,47.93583,耕地,core,,,,,,,,,,,
M3A-w5-1877,w5,133.27681,47.362076,耕地,core,,,,,,,,,,,
M3A-w5-1878,w5,134.099038,48.209906,耕地,core,,,,,,,,,,,
M3A-w5-1879,w5,134.618624,47.417592,耕地,core,,,,,,,,,,,
M3A-w5-1880,w5,133.834934,48.109924,耕地,core,,,,,,,,,,,
M3A-w5-1881,w5,133.94893,47.44023,耕地,core,,,,,,,,,,,
M3A-w5-1882,w5,133.354694,47.302518,耕地,core,,,,,,,,,,,
M3A-w5-1883,w5,133.871854,47.97356,耕地,core,,,,,,,,,,,
M3A-w5-1884,w5,134.837992,48.358398,耕地,core,,,,,,,,,,,
M3A-w5-1885,w5,133.862422,48.074081,耕地,core,,,,,,,,,,,
M3A-w5-1886,w5,133.361701,47.823721,耕地,core,,,,,,,,,,,
M3A-w5-1887,w5,133.93303,47.196876,耕地,core,,,,,,,,,,,
M3A-w5-1888,w5,133.411288,47.740986,耕地,core,,,,,,,,,,,
M3A-w5-1889,w5,133.752738,47.430259,耕地,core,,,,,,,,,,,
M3A-w5-1890,w5,133.353886,47.472569,耕地,core,,,,,,,,,,,
M3A-w5-1891,w5,134.638027,47.492242,耕地,core,,,,,,,,,,,
M3A-w5-1892,w5,134.276366,47.745298,耕地,core,,,,,,,,,,,
M3A-w5-1893,w5,133.727675,47.580636,耕地,core,,,,,,,,,,,
M3A-w5-1894,w5,133.696413,48.076507,耕地,core,,,,,,,,,,,
M3A-w5-1895,w5,134.329726,47.63184,耕地,core,,,,,,,,,,,
M3A-w5-1896,w5,133.239081,47.760659,耕地,core,,,,,,,,,,,
M3A-w5-1897,w5,133.676471,47.631571,耕地,core,,,,,,,,,,,
M3A-w5-1898,w5,134.206567,47.48254,耕地,core,,,,,,,,,,,
M3A-w5-1899,w5,133.574871,47.873577,耕地,core,,,,,,,,,,,
M3A-w5-1900,w5,133.96995,48.24009,耕地,core,,,,,,,,,,,
M3A-w5-1901,w5,133.416678,47.293355,耕地,core,,,,,,,,,,,
M3A-w5-1902,w5,133.379488,47.096085,耕地,core,,,,,,,,,,,
M3A-w5-1903,w5,134.781129,48.544619,建成区,core,,,,,,,,,,,
M3A-w5-1904,w5,134.757414,47.532127,建成区,core,,,,,,,,,,,
M3A-w5-1905,w5,134.735854,47.532936,建成区,core,,,,,,,,,,,
M3A-w5-1906,w5,133.796126,48.040394,建成区,core,,,,,,,,,,,
M3A-w5-1907,w5,134.768732,47.539943,建成区,core,,,,,,,,,,,
M3A-w5-1908,w5,133.106759,47.544794,建成区,core,,,,,,,,,,,
M3A-w5-1909,w5,133.579453,48.095641,建成区,core,,,,,,,,,,,
M3A-w5-1910,w5,133.115383,48.399631,建成区,core,,,,,,,,,,,
M3A-w5-1911,w5,134.790831,48.563483,建成区,core,,,,,,,,,,,
M3A-w5-1912,w5,134.503819,47.275569,建成区,core,,,,,,,,,,,
M3A-w5-1913,w5,133.298639,48.105073,裸地/稀疏,core,,,,,,,,,,,
M3A-w5-1914,w5,133.435004,48.87987,裸地/稀疏,core,,,,,,,,,,,
M3A-w5-1915,w5,134.653658,48.622233,裸地/稀疏,core,,,,,,,,,,,
M3A-w5-1916,w5,134.949563,47.456669,裸地/稀疏,core,,,,,,,,,,,
M3A-w5-1917,w5,133.613948,48.85858,裸地/稀疏,core,,,,,,,,,,,
M3A-w5-1918,w5,133.436082,48.976349,裸地/稀疏,core,,,,,,,,,,,
M3A-w5-1919,w5,133.563014,48.18107,水体,core,,,,,,,,,,,
M3A-w5-1920,w5,133.731448,48.829744,水体,core,,,,,,,,,,,
M3A-w5-1921,w5,134.977052,48.561866,水体,core,,,,,,,,,,,
M3A-w5-1922,w5,134.476061,48.676132,水体,core,,,,,,,,,,,
M3A-w5-1923,w5,134.933663,48.517939,水体,core,,,,,,,,,,,
M3A-w5-1924,w5,134.173149,47.073987,水体,core,,,,,,,,,,,
M3A-w5-1925,w5,134.261274,48.429275,水体,core,,,,,,,,,,,
M3A-w5-1926,w5,134.143235,48.342767,水体,core,,,,,,,,,,,
M3A-w5-1927,w5,133.698569,48.221495,水体,core,,,,,,,,,,,
M3A-w5-1928,w5,133.603707,48.201822,水体,core,,,,,,,,,,,
M3A-w5-1929,w5,134.667941,48.116931,水体,core,,,,,,,,,,,
M3A-w5-1930,w5,134.718606,48.570221,水体,core,,,,,,,,,,,
M3A-w5-1931,w5,134.390631,48.743506,水体,core,,,,,,,,,,,
M3A-w5-1932,w5,134.70082,48.588277,水体,core,,,,,,,,,,,
M3A-w5-1933,w5,133.761631,48.230388,水体,core,,,,,,,,,,,
M3A-w5-1934,w5,134.659857,48.107229,水体,core,,,,,,,,,,,
M3A-w5-1935,w5,134.936358,48.523598,水体,core,,,,,,,,,,,
M3A-w5-1936,w5,134.103889,48.298301,水体,core,,,,,,,,,,,
M3A-w5-1937,w5,133.053938,48.136065,水体,core,,,,,,,,,,,
M3A-w5-1938,w5,134.318407,48.38373,水体,core,,,,,,,,,,,
M3A-w5-1939,w5,134.118981,48.341689,水体,core,,,,,,,,,,,
M3A-w5-1940,w5,133.328553,48.140916,水体,core,,,,,,,,,,,
M3A-w5-1941,w5,134.017651,48.280783,水体,core,,,,,,,,,,,
M3A-w5-1942,w5,134.386858,48.397744,水体,core,,,,,,,,,,,
M3A-w5-1943,w5,134.574427,48.427388,水体,core,,,,,,,,,,,
M3A-w5-1944,w5,134.945521,48.536264,水体,core,,,,,,,,,,,
M3A-w5-1945,w5,134.655814,48.419034,水体,core,,,,,,,,,,,
M3A-w5-1946,w5,134.585207,48.426311,水体,core,,,,,,,,,,,
M3A-w5-1947,w5,134.504089,48.662657,水体,core,,,,,,,,,,,
M3A-w5-1948,w5,133.150417,48.364596,水体,core,,,,,,,,,,,
M3A-w5-1949,w5,133.02618,48.533839,水体,core,,,,,,,,,,,
M3A-w5-1950,w5,134.838531,48.390468,水体,core,,,,,,,,,,,
M3A-w5-1951,w5,134.811043,48.390198,水体,core,,,,,,,,,,,
M3A-w5-1952,w5,134.883537,48.562405,水体,core,,,,,,,,,,,
M3A-w5-1953,w5,134.36988,48.735151,水体,core,,,,,,,,,,,
M3A-w5-1954,w5,133.790736,48.748087,水体,core,,,,,,,,,,,
M3A-w5-1955,w5,134.95684,48.456763,水体,core,,,,,,,,,,,
M3A-w5-1956,w5,134.804845,48.38373,水体,core,,,,,,,,,,,
M3A-w5-1957,w5,134.228126,48.675862,水体,core,,,,,,,,,,,
M3A-w5-1958,w5,134.638836,48.41607,水体,core,,,,,,,,,,,
M3A-w5-1959,w5,134.988909,48.448948,水体,core,,,,,,,,,,,
M3A-w5-1960,w5,134.325144,47.424599,水体,core,,,,,,,,,,,
M3A-w5-1961,w5,133.097596,48.12798,水体,core,,,,,,,,,,,
M3A-w5-1962,w5,134.881381,48.411488,水体,core,,,,,,,,,,,
M3A-w5-1963,w5,134.789214,48.439246,水体,core,,,,,,,,,,,
M3A-w5-1964,w5,133.595892,48.225537,水体,core,,,,,,,,,,,
M3A-w5-1965,w5,134.265316,48.379957,水体,core,,,,,,,,,,,
M3A-w5-1966,w5,134.733159,48.400978,水体,core,,,,,,,,,,,
M3A-w5-1967,w5,134.649346,48.421729,水体,core,,,,,,,,,,,
M3A-w5-1968,w5,134.890813,48.608219,水体,core,,,,,,,,,,,
M3A-w5-1969,w5,134.926926,48.679096,草本湿地,core,,,,,,,,,,,
M3A-w5-1970,w5,133.77834,48.43709,草本湿地,core,,,,,,,,,,,
M3A-w5-1971,w5,134.063465,48.516591,草本湿地,core,,,,,,,,,,,
M3A-w5-1972,w5,133.705846,48.816269,草本湿地,core,,,,,,,,,,,
M3A-w5-1973,w5,134.310592,48.405559,草本湿地,core,,,,,,,,,,,
M3A-w5-1974,w5,133.697222,47.243229,草本湿地,core,,,,,,,,,,,
M3A-w5-1975,w5,133.48513,48.396397,草本湿地,core,,,,,,,,,,,
M3A-w5-1976,w5,133.071455,48.414722,草本湿地,core,,,,,,,,,,,
M3A-w5-1977,w5,134.479295,48.587738,草本湿地,core,,,,,,,,,,,
M3A-w5-1978,w5,133.454677,47.870343,草本湿地,core,,,,,,,,,,,
M3A-w5-1979,w5,134.017651,48.50123,草本湿地,core,,,,,,,,,,,
M3A-w5-1980,w5,134.160483,48.929726,草本湿地,core,,,,,,,,,,,
M3A-w5-1981,w5,133.454407,48.363788,草本湿地,core,,,,,,,,,,,
M3A-w5-1982,w5,133.968872,48.496918,草本湿地,core,,,,,,,,,,,
M3A-w5-1983,w5,134.440757,48.467004,草本湿地,core,,,,,,,,,,,
M3A-w5-1984,w5,133.03157,48.827049,草本湿地,core,,,,,,,,,,,
M3A-w5-1985,w5,133.907158,48.616843,草本湿地,core,,,,,,,,,,,
M3A-w5-1986,w5,133.135056,48.849417,草本湿地,core,,,,,,,,,,,
M3A-w5-1987,w5,134.187163,48.504194,草本湿地,core,,,,,,,,,,,
M3A-w5-1988,w5,133.805559,48.520095,草本湿地,core,,,,,,,,,,,
M3A-w5-1989,w5,134.772236,47.563119,草本湿地,core,,,,,,,,,,,
M3A-w5-1990,w5,133.543071,48.667239,草本湿地,core,,,,,,,,,,,
M3A-w5-1991,w5,133.11188,48.839176,草本湿地,core,,,,,,,,,,,
M3A-w5-1992,w5,133.324511,48.526832,草本湿地,core,,,,,,,,,,,
M3A-w5-1993,w5,133.358737,48.47455,草本湿地,core,,,,,,,,,,,
M3A-w5-1994,w5,133.819033,48.576419,草本湿地,core,,,,,,,,,,,
M3A-w5-1995,w5,133.842479,48.310967,草本湿地,core,,,,,,,,,,,
M3A-w5-1996,w5,133.813374,48.547044,草本湿地,core,,,,,,,,,,,
M3A-w5-1997,w5,134.662012,48.582078,草本湿地,core,,,,,,,,,,,
M3A-w5-1998,w5,133.557354,48.672359,草本湿地,core,,,,,,,,,,,
M3A-w5-1999,w5,133.880748,48.369447,草本湿地,core,,,,,,,,,,,
M3A-w5-2000,w5,134.844999,48.604985,草本湿地,core,,,,,,,,,,,
M3A-w5-2001,w5,133.831161,48.49611,草本湿地,core,,,,,,,,,,,
M3A-w5-2002,w5,133.380027,48.65053,草本湿地,core,,,,,,,,,,,
M3A-w5-2003,w5,134.238636,48.487216,草本湿地,core,,,,,,,,,,,
M3A-w5-2004,w5,134.440218,48.482635,草本湿地,core,,,,,,,,,,,
M3A-w5-2005,w5,133.353886,48.697153,草本湿地,core,,,,,,,,,,,
M3A-w5-2006,w5,133.793701,48.452721,草本湿地,core,,,,,,,,,,,
M3A-w5-2007,w5,133.165509,48.194006,草本湿地,core,,,,,,,,,,,
M3A-w5-2008,w5,133.817686,48.485599,草本湿地,core,,,,,,,,,,,
M3A-w5-2009,w5,134.726152,47.56258,草本湿地,core,,,,,,,,,,,
M3A-w5-2010,w5,133.205933,48.516861,草本湿地,core,,,,,,,,,,,
M3A-w5-2011,w5,134.080982,48.513088,草本湿地,core,,,,,,,,,,,
M3A-w5-2012,w5,133.578375,48.502308,草本湿地,core,,,,,,,,,,,
M3A-w5-2013,w5,133.332057,48.15466,草本湿地,core,,,,,,,,,,,
M3A-w5-2014,w5,134.509479,48.540576,草本湿地,core,,,,,,,,,,,
M3A-w5-2015,w5,134.272593,48.567526,草本湿地,core,,,,,,,,,,,
M3A-w5-2016,w5,133.051513,48.203169,草本湿地,core,,,,,,,,,,,
M3A-w5-2017,w5,133.435273,48.295875,草本湿地,core,,,,,,,,,,,
M3A-w5-2018,w5,134.421893,48.793093,草本湿地,core,,,,,,,,,,,
M3A-w5-2019,w5,133.651408,48.19751,草本湿地,core,,,,,,,,,,,
M3A-w5-2020,w5,133.439585,48.551356,草本湿地,core,,,,,,,,,,,
M3A-w5-2021,w5,133.287051,48.557285,草本湿地,core,,,,,,,,,,,
M3A-w5-2022,w5,133.439585,48.205864,草本湿地,core,,,,,,,,,,,
M3A-w5-2023,w5,133.74061,48.697961,草本湿地,core,,,,,,,,,,,
M3A-w5-2024,w5,133.823076,48.444367,草本湿地,core,,,,,,,,,,,
M3A-w5-2025,w5,133.927909,48.406098,草本湿地,core,,,,,,,,,,,
M3A-w5-2026,w5,133.449017,48.79471,草本湿地,core,,,,,,,,,,,
M3A-w5-2027,w5,133.214018,48.812227,草本湿地,core,,,,,,,,,,,
M3A-w5-2028,w5,133.930874,48.702542,草本湿地,core,,,,,,,,,,,
M3A-w5-2029,w5,133.193806,48.451374,草本湿地,core,,,,,,,,,,,
M3A-w5-2030,w5,133.201621,48.538959,草本湿地,core,,,,,,,,,,,
M3A-w5-2031,w5,134.704054,47.842316,草本湿地,core,,,,,,,,,,,
M3A-w5-2032,w5,133.893953,48.960988,草本湿地,core,,,,,,,,,,,
M3A-w5-2033,w5,133.235847,48.868551,草本湿地,core,,,,,,,,,,,
M3A-w5-2034,w5,134.534003,48.764796,草本湿地,core,,,,,,,,,,,
M3A-w5-2035,w5,134.804036,48.534378,草本湿地,core,,,,,,,,,,,
M3A-w5-2036,w5,133.13317,48.262188,草本湿地,core,,,,,,,,,,,
M3A-w5-2037,w5,133.75705,48.287251,草本湿地,core,,,,,,,,,,,
M3A-w5-2038,w5,133.25579,48.907358,草本湿地,core,,,,,,,,,,,
M3A-w5-2039,w5,133.472194,48.220147,草本湿地,core,,,,,,,,,,,
M3A-w5-2040,w5,134.516216,48.780157,草本湿地,core,,,,,,,,,,,
M3A-w5-2041,w5,133.573793,48.41068,草本湿地,core,,,,,,,,,,,
M3A-w5-2042,w5,133.766482,48.53869,草本湿地,core,,,,,,,,,,,
M3A-w5-2043,w5,134.780321,48.615496,草本湿地,core,,,,,,,,,,,
M3A-w5-2044,w5,134.842574,47.807012,草本湿地,core,,,,,,,,,,,
M3A-w5-2045,w5,134.336733,48.594206,草本湿地,core,,,,,,,,,,,
M3A-w5-2046,w5,134.442105,48.629779,草本湿地,core,,,,,,,,,,,
M3A-w5-2047,w5,134.746364,48.519825,草本湿地,core,,,,,,,,,,,
M3A-w5-2048,w5,133.776992,48.665891,草本湿地,core,,,,,,,,,,,
M3A-w5-2049,w5,134.28984,48.424694,草本湿地,core,,,,,,,,,,,
M3A-w5-2050,w5,133.219947,48.25572,草本湿地,core,,,,,,,,,,,
M3A-w5-2051,w5,133.10083,48.152774,草本湿地,core,,,,,,,,,,,
M3A-w5-2052,w5,133.172785,48.187808,草本湿地,core,,,,,,,,,,,
M3A-w5-2053,w5,134.132995,48.942932,草本湿地,core,,,,,,,,,,,
M3A-w5-2054,w5,133.633891,48.411219,草本湿地,core,,,,,,,,,,,
M3A-w5-2055,w5,133.81553,48.410949,草本湿地,core,,,,,,,,,,,
M3A-w5-2056,w5,133.128858,48.70389,草本湿地,core,,,,,,,,,,,
M3A-w5-2057,w5,133.338525,48.592319,草本湿地,core,,,,,,,,,,,
M3A-w5-2058,w5,133.711505,48.41041,草本湿地,core,,,,,,,,,,,
M3A-w5-2059,w5,133.248783,48.616304,草本湿地,core,,,,,,,,,,,
M3A-w5-2060,w5,133.481626,48.508237,草本湿地,core,,,,,,,,,,,
M3A-w5-2061,w5,133.440663,48.434126,草本湿地,core,,,,,,,,,,,
M3A-w5-2062,w5,133.046662,48.385347,草本湿地,core,,,,,,,,,,,
M3A-w5-2063,w5,133.747887,48.296414,草本湿地,core,,,,,,,,,,,
M3A-w5-2064,w5,133.039925,48.423885,草本湿地,core,,,,,,,,,,,
M3A-w5-2065,w5,133.739802,48.381574,草本湿地,core,,,,,,,,,,,
M3A-w5-2066,w5,134.643148,48.506081,草本湿地,core,,,,,,,,,,,
M3A-w5-2067,w5,134.996186,48.032848,草本湿地,core,,,,,,,,,,,
M3A-w5-2068,w5,133.633621,48.794979,草本湿地,core,,,,,,,,,,,
M3A-w5-2069,w5,133.39431,48.456224,草本湿地,core,,,,,,,,,,,
M3A-w5-2070,w5,133.268995,48.16005,草本湿地,core,,,,,,,,,,,
M3A-w5-2071,w5,134.234594,48.577497,草本湿地,core,,,,,,,,,,,
M3A-w5-2072,w5,133.402934,48.529527,草本湿地,core,,,,,,,,,,,
M3A-w5-2073,w5,133.921711,48.413914,草本湿地,core,,,,,,,,,,,
M3A-w5-2074,w5,133.657337,48.29345,草本湿地,core,,,,,,,,,,,
M3A-w5-2075,w5,133.329901,48.212871,草本湿地,core,,,,,,,,,,,
M3A-w5-2076,w5,133.692371,48.285365,草本湿地,core,,,,,,,,,,,
M3A-w5-2077,w5,133.118347,48.739733,草本湿地,core,,,,,,,,,,,
M3A-w5-2078,w5,134.35964,48.64514,草本湿地,core,,,,,,,,,,,
M3A-w5-2079,w5,133.805828,48.891728,草本湿地,core,,,,,,,,,,,
M3A-w5-2080,w5,134.821823,48.066805,乔木,edge,,,,,,,,,,,
M3A-w5-2081,w5,133.029684,48.901699,乔木,edge,,,,,,,,,,,
M3A-w5-2082,w5,133.71932,48.664274,乔木,edge,,,,,,,,,,,
M3A-w5-2083,w5,134.138654,48.627623,乔木,edge,,,,,,,,,,,
M3A-w5-2084,w5,134.544243,48.651608,乔木,edge,,,,,,,,,,,
M3A-w5-2085,w5,133.349304,48.784469,乔木,edge,,,,,,,,,,,
M3A-w5-2086,w5,133.21321,48.976349,乔木,edge,,,,,,,,,,,
M3A-w5-2087,w5,133.19192,48.201822,乔木,edge,,,,,,,,,,,
M3A-w5-2088,w5,133.256059,48.73057,乔木,edge,,,,,,,,,,,
M3A-w5-2089,w5,134.227318,47.100128,乔木,edge,,,,,,,,,,,
M3A-w5-2090,w5,134.624553,47.972212,乔木,edge,,,,,,,,,,,
M3A-w5-2091,w5,133.164701,47.312759,乔木,edge,,,,,,,,,,,
M3A-w5-2092,w5,134.267203,48.959371,乔木,edge,,,,,,,,,,,
M3A-w5-2093,w5,133.011089,48.839446,乔木,edge,,,,,,,,,,,
M3A-w5-2094,w5,134.600568,48.665352,乔木,edge,,,,,,,,,,,
M3A-w5-2095,w5,133.727944,48.863431,乔木,edge,,,,,,,,,,,
M3A-w5-2096,w5,134.320832,47.18421,乔木,edge,,,,,,,,,,,
M3A-w5-2097,w5,133.185721,47.73344,乔木,edge,,,,,,,,,,,
M3A-w5-2098,w5,134.611617,48.583695,乔木,edge,,,,,,,,,,,
M3A-w5-2099,w5,133.025911,48.500691,乔木,edge,,,,,,,,,,,
M3A-w5-2100,w5,133.249322,48.660771,灌丛,edge,,,,,,,,,,,
M3A-w5-2101,w5,134.928812,48.115044,灌丛,edge,,,,,,,,,,,
M3A-w5-2102,w5,133.785347,48.031501,灌丛,edge,,,,,,,,,,,
M3A-w5-2103,w5,134.339158,48.569682,灌丛,edge,,,,,,,,,,,
M3A-w5-2104,w5,134.573618,48.222034,灌丛,edge,,,,,,,,,,,
M3A-w5-2105,w5,133.224259,48.277011,灌丛,edge,,,,,,,,,,,
M3A-w5-2106,w5,134.143505,48.824354,灌丛,edge,,,,,,,,,,,
M3A-w5-2107,w5,133.689945,48.584504,灌丛,edge,,,,,,,,,,,
M3A-w5-2108,w5,133.93276,48.431431,灌丛,edge,,,,,,,,,,,
M3A-w5-2109,w5,133.690484,48.577227,灌丛,edge,,,,,,,,,,,
M3A-w5-2110,w5,133.144758,48.295875,灌丛,edge,,,,,,,,,,,
M3A-w5-2111,w5,133.83682,47.869265,灌丛,edge,,,,,,,,,,,
M3A-w5-2112,w5,133.632813,47.886243,灌丛,edge,,,,,,,,,,,
M3A-w5-2113,w5,134.457736,48.769647,灌丛,edge,,,,,,,,,,,
M3A-w5-2114,w5,133.126702,48.277549,灌丛,edge,,,,,,,,,,,
M3A-w5-2115,w5,134.309514,48.94913,灌丛,edge,,,,,,,,,,,
M3A-w5-2116,w5,133.477584,47.879775,灌丛,edge,,,,,,,,,,,
M3A-w5-2117,w5,134.997803,48.799561,灌丛,edge,,,,,,,,,,,
M3A-w5-2118,w5,133.329362,47.547489,灌丛,edge,,,,,,,,,,,
M3A-w5-2119,w5,134.092301,48.030962,灌丛,edge,,,,,,,,,,,
M3A-w5-2120,w5,133.120234,47.459903,灌丛,edge,,,,,,,,,,,
M3A-w5-2121,w5,134.905097,48.742428,灌丛,edge,,,,,,,,,,,
M3A-w5-2122,w5,133.267378,48.319052,灌丛,edge,,,,,,,,,,,
M3A-w5-2123,w5,134.9245,48.918138,灌丛,edge,,,,,,,,,,,
M3A-w5-2124,w5,134.813468,48.828666,灌丛,edge,,,,,,,,,,,
M3A-w5-2125,w5,134.297386,47.172891,灌丛,edge,,,,,,,,,,,
M3A-w5-2126,w5,134.94067,48.113966,灌丛,edge,,,,,,,,,,,
M3A-w5-2127,w5,134.236211,47.28042,灌丛,edge,,,,,,,,,,,
M3A-w5-2128,w5,133.489172,47.907264,灌丛,edge,,,,,,,,,,,
M3A-w5-2129,w5,133.031031,48.136604,灌丛,edge,,,,,,,,,,,
M3A-w5-2130,w5,134.989448,48.385347,灌丛,edge,,,,,,,,,,,
M3A-w5-2131,w5,134.195787,48.46404,灌丛,edge,,,,,,,,,,,
M3A-w5-2132,w5,133.787233,48.336838,灌丛,edge,,,,,,,,,,,
M3A-w5-2133,w5,133.321007,47.80809,灌丛,edge,,,,,,,,,,,
M3A-w5-2134,w5,133.695874,48.328214,灌丛,edge,,,,,,,,,,,
M3A-w5-2135,w5,133.939767,48.403942,灌丛,edge,,,,,,,,,,,
M3A-w5-2136,w5,133.10649,47.675229,灌丛,edge,,,,,,,,,,,
M3A-w5-2137,w5,134.999959,48.794171,灌丛,edge,,,,,,,,,,,
M3A-w5-2138,w5,133.170629,47.695172,灌丛,edge,,,,,,,,,,,
M3A-w5-2139,w5,134.308166,48.822468,灌丛,edge,,,,,,,,,,,
M3A-w5-2140,w5,134.489536,48.494762,灌丛,edge,,,,,,,,,,,
M3A-w5-2141,w5,133.806098,47.721313,灌丛,edge,,,,,,,,,,,
M3A-w5-2142,w5,133.147183,48.282939,灌丛,edge,,,,,,,,,,,
M3A-w5-2143,w5,134.265316,48.552434,灌丛,edge,,,,,,,,,,,
M3A-w5-2144,w5,134.539931,48.827857,灌丛,edge,,,,,,,,,,,
M3A-w5-2145,w5,134.277713,47.17909,灌丛,edge,,,,,,,,,,,
M3A-w5-2146,w5,133.856224,48.583965,灌丛,edge,,,,,,,,,,,
M3A-w5-2147,w5,134.953606,48.770186,灌丛,edge,,,,,,,,,,,
M3A-w5-2148,w5,133.451443,47.55719,灌丛,edge,,,,,,,,,,,
M3A-w5-2149,w5,134.713755,48.052791,灌丛,edge,,,,,,,,,,,
M3A-w5-2150,w5,133.132092,48.280514,灌丛,edge,,,,,,,,,,,
M3A-w5-2151,w5,134.16237,48.492337,灌丛,edge,,,,,,,,,,,
M3A-w5-2152,w5,133.314809,47.614593,灌丛,edge,,,,,,,,,,,
M3A-w5-2153,w5,133.942462,48.420382,灌丛,edge,,,,,,,,,,,
M3A-w5-2154,w5,133.946235,48.427927,灌丛,edge,,,,,,,,,,,
M3A-w5-2155,w5,134.875183,48.903046,灌丛,edge,,,,,,,,,,,
M3A-w5-2156,w5,133.989354,48.590163,灌丛,edge,,,,,,,,,,,
M3A-w5-2157,w5,133.928718,48.643254,灌丛,edge,,,,,,,,,,,
M3A-w5-2158,w5,133.703959,47.933405,灌丛,edge,,,,,,,,,,,
M3A-w5-2159,w5,134.873835,47.654748,灌丛,edge,,,,,,,,,,,
M3A-w5-2160,w5,134.138923,48.496918,灌丛,edge,,,,,,,,,,,
M3A-w5-2161,w5,134.991335,48.840793,灌丛,edge,,,,,,,,,,,
M3A-w5-2162,w5,133.663805,47.873038,灌丛,edge,,,,,,,,,,,
M3A-w5-2163,w5,134.412191,48.779887,灌丛,edge,,,,,,,,,,,
M3A-w5-2164,w5,133.259024,47.718348,灌丛,edge,,,,,,,,,,,
M3A-w5-2165,w5,133.957284,48.649452,灌丛,edge,,,,,,,,,,,
M3A-w5-2166,w5,134.180695,48.472125,灌丛,edge,,,,,,,,,,,
M3A-w5-2167,w5,133.821728,48.593936,灌丛,edge,,,,,,,,,,,
M3A-w5-2168,w5,134.428091,48.756172,灌丛,edge,,,,,,,,,,,
M3A-w5-2169,w5,133.269264,48.303421,灌丛,edge,,,,,,,,,,,
M3A-w5-2170,w5,133.056903,47.54156,灌丛,edge,,,,,,,,,,,
M3A-w5-2171,w5,134.420006,48.803064,灌丛,edge,,,,,,,,,,,
M3A-w5-2172,w5,133.181679,47.678463,灌丛,edge,,,,,,,,,,,
M3A-w5-2173,w5,133.936803,48.451912,灌丛,edge,,,,,,,,,,,
M3A-w5-2174,w5,133.443088,47.569318,灌丛,edge,,,,,,,,,,,
M3A-w5-2175,w5,133.113766,48.275933,灌丛,edge,,,,,,,,,,,
M3A-w5-2176,w5,133.938689,48.412836,灌丛,edge,,,,,,,,,,,
M3A-w5-2177,w5,133.437968,48.729761,草地,edge,,,,,,,,,,,
M3A-w5-2178,w5,133.157424,48.794171,草地,edge,,,,,,,,,,,
M3A-w5-2179,w5,134.83907,48.802525,草地,edge,,,,,,,,,,,
M3A-w5-2180,w5,133.892605,48.683408,草地,edge,,,,,,,,,,,
M3A-w5-2181,w5,133.67701,48.778809,草地,edge,,,,,,,,,,,
M3A-w5-2182,w5,133.078193,48.856424,草地,edge,,,,,,,,,,,
M3A-w5-2183,w5,133.652755,48.600943,草地,edge,,,,,,,,,,,
M3A-w5-2184,w5,134.41246,48.465926,草地,edge,,,,,,,,,,,
M3A-w5-2185,w5,134.326492,48.768299,草地,edge,,,,,,,,,,,
M3A-w5-2186,w5,134.845269,47.569857,草地,edge,,,,,,,,,,,
M3A-w5-2187,w5,134.4448,48.423077,草地,edge,,,,,,,,,,,
M3A-w5-2188,w5,134.773853,48.791476,草地,edge,,,,,,,,,,,
M3A-w5-2189,w5,133.577836,48.941854,草地,edge,,,,,,,,,,,
M3A-w5-2190,w5,134.340236,48.821929,草地,edge,,,,,,,,,,,
M3A-w5-2191,w5,134.571193,48.897657,草地,edge,,,,,,,,,,,
M3A-w5-2192,w5,133.150687,48.988746,草地,edge,,,,,,,,,,,
M3A-w5-2193,w5,134.000942,48.772881,草地,edge,,,,,,,,,,,
M3A-w5-2194,w5,134.324875,47.123035,草地,edge,,,,,,,,,,,
M3A-w5-2195,w5,133.185721,48.745662,草地,edge,,,,,,,,,,,
M3A-w5-2196,w5,133.913087,48.818425,草地,edge,,,,,,,,,,,
M3A-w5-2197,w5,134.243218,48.838637,草地,edge,,,,,,,,,,,
M3A-w5-2198,w5,134.61,48.880139,草地,edge,,,,,,,,,,,
M3A-w5-2199,w5,133.36224,48.77854,草地,edge,,,,,,,,,,,
M3A-w5-2200,w5,133.615565,48.74647,草地,edge,,,,,,,,,,,
M3A-w5-2201,w5,134.698394,48.656998,草地,edge,,,,,,,,,,,
M3A-w5-2202,w5,133.926831,48.302882,草地,edge,,,,,,,,,,,
M3A-w5-2203,w5,134.41273,48.67209,草地,edge,,,,,,,,,,,
M3A-w5-2204,w5,133.992588,48.752399,草地,edge,,,,,,,,,,,
M3A-w5-2205,w5,133.584573,48.694188,草地,edge,,,,,,,,,,,
M3A-w5-2206,w5,134.579817,48.97042,草地,edge,,,,,,,,,,,
M3A-w5-2207,w5,133.04747,48.761023,草地,edge,,,,,,,,,,,
M3A-w5-2208,w5,134.256154,48.921103,草地,edge,,,,,,,,,,,
M3A-w5-2209,w5,133.547922,48.980122,草地,edge,,,,,,,,,,,
M3A-w5-2210,w5,133.051782,48.510123,草地,edge,,,,,,,,,,,
M3A-w5-2211,w5,133.30915,48.56537,草地,edge,,,,,,,,,,,
M3A-w5-2212,w5,134.46609,48.771264,草地,edge,,,,,,,,,,,
M3A-w5-2213,w5,133.400239,48.792823,草地,edge,,,,,,,,,,,
M3A-w5-2214,w5,134.589788,48.704698,草地,edge,,,,,,,,,,,
M3A-w5-2215,w5,134.90348,47.798927,草地,edge,,,,,,,,,,,
M3A-w5-2216,w5,133.605055,48.640559,草地,edge,,,,,,,,,,,
M3A-w5-2217,w5,133.201621,48.773959,草地,edge,,,,,,,,,,,
M3A-w5-2218,w5,134.712138,48.961257,草地,edge,,,,,,,,,,,
M3A-w5-2219,w5,133.934916,48.866395,草地,edge,,,,,,,,,,,
M3A-w5-2220,w5,134.20495,48.569951,草地,edge,,,,,,,,,,,
M3A-w5-2221,w5,133.342836,48.677479,草地,edge,,,,,,,,,,,
M3A-w5-2222,w5,134.637219,48.647566,草地,edge,,,,,,,,,,,
M3A-w5-2223,w5,134.719415,48.788511,草地,edge,,,,,,,,,,,
M3A-w5-2224,w5,133.82092,48.736499,草地,edge,,,,,,,,,,,
M3A-w5-2225,w5,134.354519,47.164267,草地,edge,,,,,,,,,,,
M3A-w5-2226,w5,134.246182,47.888399,草地,edge,,,,,,,,,,,
M3A-w5-2227,w5,134.345626,48.648105,草地,edge,,,,,,,,,,,
M3A-w5-2228,w5,133.900151,48.817886,草地,edge,,,,,,,,,,,
M3A-w5-2229,w5,133.00516,48.773689,草地,edge,,,,,,,,,,,
M3A-w5-2230,w5,134.199829,47.295511,草地,edge,,,,,,,,,,,
M3A-w5-2231,w5,133.168204,48.967456,草地,edge,,,,,,,,,,,
M3A-w5-2232,w5,133.027528,48.804142,草地,edge,,,,,,,,,,,
M3A-w5-2233,w5,134.897012,48.850495,草地,edge,,,,,,,,,,,
M3A-w5-2234,w5,134.40222,48.677479,草地,edge,,,,,,,,,,,
M3A-w5-2235,w5,133.488094,48.718443,草地,edge,,,,,,,,,,,
M3A-w5-2236,w5,134.22624,48.870707,草地,edge,,,,,,,,,,,
M3A-w5-2237,w5,133.375984,48.88526,草地,edge,,,,,,,,,,,
M3A-w5-2238,w5,133.404551,48.811688,草地,edge,,,,,,,,,,,
M3A-w5-2239,w5,133.528249,48.186999,草地,edge,,,,,,,,,,,
M3A-w5-2240,w5,134.113321,48.991441,草地,edge,,,,,,,,,,,
M3A-w5-2241,w5,133.566247,48.881217,草地,edge,,,,,,,,,,,
M3A-w5-2242,w5,133.801786,48.925414,草地,edge,,,,,,,,,,,
M3A-w5-2243,w5,134.24726,47.219514,草地,edge,,,,,,,,,,,
M3A-w5-2244,w5,133.168473,48.982817,草地,edge,,,,,,,,,,,
M3A-w5-2245,w5,134.018998,48.897926,草地,edge,,,,,,,,,,,
M3A-w5-2246,w5,133.835203,48.86936,草地,edge,,,,,,,,,,,
M3A-w5-2247,w5,133.775106,48.625737,草地,edge,,,,,,,,,,,
M3A-w5-2248,w5,134.265586,47.284462,草地,edge,,,,,,,,,,,
M3A-w5-2249,w5,133.289477,48.590163,草地,edge,,,,,,,,,,,
M3A-w5-2250,w5,133.348765,48.969342,草地,edge,,,,,,,,,,,
M3A-w5-2251,w5,134.925578,48.855346,草地,edge,,,,,,,,,,,
M3A-w5-2252,w5,133.144758,48.847261,草地,edge,,,,,,,,,,,
M3A-w5-2253,w5,133.152034,48.382922,草地,edge,,,,,,,,,,,
M3A-w5-2254,w5,134.557988,48.613879,草地,edge,,,,,,,,,,,
M3A-w5-2255,w5,134.707827,48.670203,草地,edge,,,,,,,,,,,
M3A-w5-2256,w5,134.967619,48.317704,草地,edge,,,,,,,,,,,
M3A-w5-2257,w5,133.470846,48.820042,草地,edge,,,,,,,,,,,
M3A-w5-2258,w5,134.488188,48.557824,草地,edge,,,,,,,,,,,
M3A-w5-2259,w5,134.770349,48.585043,草地,edge,,,,,,,,,,,
M3A-w5-2260,w5,134.394674,48.291294,草地,edge,,,,,,,,,,,
M3A-w5-2261,w5,133.741419,48.705776,草地,edge,,,,,,,,,,,
M3A-w5-2262,w5,134.626439,48.520095,草地,edge,,,,,,,,,,,
M3A-w5-2263,w5,133.568673,48.729222,草地,edge,,,,,,,,,,,
M3A-w5-2264,w5,133.36736,48.755094,草地,edge,,,,,,,,,,,
M3A-w5-2265,w5,133.30888,48.914635,草地,edge,,,,,,,,,,,
M3A-w5-2266,w5,133.031301,48.34681,草地,edge,,,,,,,,,,,
M3A-w5-2267,w5,134.55691,48.528449,草地,edge,,,,,,,,,,,
M3A-w5-2268,w5,134.262352,48.61307,草地,edge,,,,,,,,,,,
M3A-w5-2269,w5,134.381199,48.656728,草地,edge,,,,,,,,,,,
M3A-w5-2270,w5,133.167934,48.395319,草地,edge,,,,,,,,,,,
M3A-w5-2271,w5,133.56517,48.935655,草地,edge,,,,,,,,,,,
M3A-w5-2272,w5,134.08772,48.945896,草地,edge,,,,,,,,,,,
M3A-w5-2273,w5,134.647999,48.660232,草地,edge,,,,,,,,,,,
M3A-w5-2274,w5,133.516391,48.390468,草地,edge,,,,,,,,,,,
M3A-w5-2275,w5,133.035613,48.66643,草地,edge,,,,,,,,,,,
M3A-w5-2276,w5,134.15159,48.962066,草地,edge,,,,,,,,,,,
M3A-w5-2277,w5,133.277619,48.77342,草地,edge,,,,,,,,,,,
M3A-w5-2278,w5,134.299812,48.927301,草地,edge,,,,,,,,,,,
M3A-w5-2279,w5,134.822362,48.800908,草地,edge,,,,,,,,,,,
M3A-w5-2280,w5,133.900151,48.092946,耕地,edge,,,,,,,,,,,
M3A-w5-2281,w5,134.779243,48.525754,耕地,edge,,,,,,,,,,,
M3A-w5-2282,w5,134.91938,48.828935,耕地,edge,,,,,,,,,,,
M3A-w5-2283,w5,134.035168,48.295067,耕地,edge,,,,,,,,,,,
M3A-w5-2284,w5,133.733873,48.112619,耕地,edge,,,,,,,,,,,
M3A-w5-2285,w5,134.117903,48.294258,耕地,edge,,,,,,,,,,,
M3A-w5-2286,w5,133.073072,48.5492,耕地,edge,,,,,,,,,,,
M3A-w5-2287,w5,134.076131,48.02692,耕地,edge,,,,,,,,,,,
M3A-w5-2288,w5,133.177906,48.104264,耕地,edge,,,,,,,,,,,
M3A-w5-2289,w5,134.355328,47.131389,建成区,edge,,,,,,,,,,,
M3A-w5-2290,w5,134.346973,47.148906,建成区,edge,,,,,,,,,,,
M3A-w5-2291,w5,134.125179,47.926668,建成区,edge,,,,,,,,,,,
M3A-w5-2292,w5,134.971931,48.558902,建成区,edge,,,,,,,,,,,
M3A-w5-2293,w5,134.993491,47.888938,建成区,edge,,,,,,,,,,,
M3A-w5-2294,w5,133.600473,47.58926,建成区,edge,,,,,,,,,,,
M3A-w5-2295,w5,133.90608,48.235508,建成区,edge,,,,,,,,,,,
M3A-w5-2296,w5,134.228935,48.761292,建成区,edge,,,,,,,,,,,
M3A-w5-2297,w5,134.777356,47.532936,建成区,edge,,,,,,,,,,,
M3A-w5-2298,w5,134.698933,48.008055,建成区,edge,,,,,,,,,,,
M3A-w5-2299,w5,134.742861,47.507064,建成区,edge,,,,,,,,,,,
M3A-w5-2300,w5,134.696508,47.492781,建成区,edge,,,,,,,,,,,
M3A-w5-2301,w5,134.154554,48.611184,建成区,edge,,,,,,,,,,,
M3A-w5-2302,w5,133.859727,48.60795,建成区,edge,,,,,,,,,,,
M3A-w5-2303,w5,133.572176,48.088095,建成区,edge,,,,,,,,,,,
M3A-w5-2304,w5,134.788675,48.552973,建成区,edge,,,,,,,,,,,
M3A-w5-2305,w5,134.136498,47.831266,建成区,edge,,,,,,,,,,,
M3A-w5-2306,w5,134.894047,48.471855,建成区,edge,,,,,,,,,,,
M3A-w5-2307,w5,134.7434,47.54129,建成区,edge,,,,,,,,,,,
M3A-w5-2308,w5,134.971931,48.339803,建成区,edge,,,,,,,,,,,
M3A-w5-2309,w5,134.495195,48.560788,建成区,edge,,,,,,,,,,,
M3A-w5-2310,w5,134.332151,47.14163,建成区,edge,,,,,,,,,,,
M3A-w5-2311,w5,133.804211,47.623756,建成区,edge,,,,,,,,,,,
M3A-w5-2312,w5,134.992952,47.857407,建成区,edge,,,,,,,,,,,
M3A-w5-2313,w5,134.315712,47.154835,建成区,edge,,,,,,,,,,,
M3A-w5-2314,w5,133.163084,48.414722,建成区,edge,,,,,,,,,,,
M3A-w5-2315,w5,133.808523,48.598787,建成区,edge,,,,,,,,,,,
M3A-w5-2316,w5,134.753371,47.540212,建成区,edge,,,,,,,,,,,
M3A-w5-2317,w5,134.801611,48.556476,建成区,edge,,,,,,,,,,,
M3A-w5-2318,w5,134.884884,48.315279,建成区,edge,,,,,,,,,,,
M3A-w5-2319,w5,134.898629,48.517669,建成区,edge,,,,,,,,,,,
M3A-w5-2320,w5,134.653119,47.847975,建成区,edge,,,,,,,,,,,
M3A-w5-2321,w5,133.247974,48.26111,裸地/稀疏,edge,,,,,,,,,,,
M3A-w5-2322,w5,134.463395,48.681252,裸地/稀疏,edge,,,,,,,,,,,
M3A-w5-2323,w5,134.80754,48.596362,裸地/稀疏,edge,,,,,,,,,,,
M3A-w5-2324,w5,134.264777,48.79983,裸地/稀疏,edge,,,,,,,,,,,
M3A-w5-2325,w5,134.431864,48.202361,裸地/稀疏,edge,,,,,,,,,,,
M3A-w5-2326,w5,134.277174,47.728589,裸地/稀疏,edge,,,,,,,,,,,
M3A-w5-2327,w5,134.418389,48.740811,裸地/稀疏,edge,,,,,,,,,,,
M3A-w5-2328,w5,134.495734,48.649991,裸地/稀疏,edge,,,,,,,,,,,
M3A-w5-2329,w5,133.369247,48.919755,裸地/稀疏,edge,,,,,,,,,,,
M3A-w5-2330,w5,134.984867,48.563214,裸地/稀疏,edge,,,,,,,,,,,
M3A-w5-2331,w5,134.868445,47.128155,裸地/稀疏,edge,,,,,,,,,,,
M3A-w5-2332,w5,133.185452,47.015237,裸地/稀疏,edge,,,,,,,,,,,
M3A-w5-2333,w5,134.016842,48.253295,裸地/稀疏,edge,,,,,,,,,,,
M3A-w5-2334,w5,133.444436,48.62897,裸地/稀疏,edge,,,,,,,,,,,
M3A-w5-2335,w5,134.034629,48.643523,裸地/稀疏,edge,,,,,,,,,,,
M3A-w5-2336,w5,134.734237,47.522695,裸地/稀疏,edge,,,,,,,,,,,
M3A-w5-2337,w5,134.025736,48.308811,裸地/稀疏,edge,,,,,,,,,,,
M3A-w5-2338,w5,133.665421,48.566178,裸地/稀疏,edge,,,,,,,,,,,
M3A-w5-2339,w5,134.034629,48.335221,裸地/稀疏,edge,,,,,,,,,,,
M3A-w5-2340,w5,134.851737,48.420921,裸地/稀疏,edge,,,,,,,,,,,
M3A-w5-2341,w5,134.958457,47.90403,裸地/稀疏,edge,,,,,,,,,,,
M3A-w5-2342,w5,134.033282,48.289407,裸地/稀疏,edge,,,,,,,,,,,
M3A-w5-2343,w5,133.477853,47.825338,裸地/稀疏,edge,,,,,,,,,,,
M3A-w5-2344,w5,134.722918,48.296953,裸地/稀疏,edge,,,,,,,,,,,
M3A-w5-2345,w5,133.661649,48.860197,裸地/稀疏,edge,,,,,,,,,,,
M3A-w5-2346,w5,133.567864,48.17595,裸地/稀疏,edge,,,,,,,,,,,
M3A-w5-2347,w5,133.382452,48.895501,裸地/稀疏,edge,,,,,,,,,,,
M3A-w5-2348,w5,133.380566,48.928648,裸地/稀疏,edge,,,,,,,,,,,
M3A-w5-2349,w5,133.259563,47.959815,裸地/稀疏,edge,,,,,,,,,,,
M3A-w5-2350,w5,133.092476,48.727875,裸地/稀疏,edge,,,,,,,,,,,
M3A-w5-2351,w5,134.69516,48.331987,裸地/稀疏,edge,,,,,,,,,,,
M3A-w5-2352,w5,134.922075,48.541385,裸地/稀疏,edge,,,,,,,,,,,
M3A-w5-2353,w5,133.167126,48.787164,裸地/稀疏,edge,,,,,,,,,,,
M3A-w5-2354,w5,134.968967,48.949938,裸地/稀疏,edge,,,,,,,,,,,
M3A-w5-2355,w5,133.693718,48.859119,裸地/稀疏,edge,,,,,,,,,,,
M3A-w5-2356,w5,133.365474,48.909784,裸地/稀疏,edge,,,,,,,,,,,
M3A-w5-2357,w5,133.568403,48.85292,裸地/稀疏,edge,,,,,,,,,,,
M3A-w5-2358,w5,133.42099,48.142802,水体,edge,,,,,,,,,,,
M3A-w5-2359,w5,133.865386,48.656459,水体,edge,,,,,,,,,,,
M3A-w5-2360,w5,134.401142,48.393432,水体,edge,,,,,,,,,,,
M3A-w5-2361,w5,133.231805,48.70362,水体,edge,,,,,,,,,,,
M3A-w5-2362,w5,133.099213,48.441672,水体,edge,,,,,,,,,,,
M3A-w5-2363,w5,134.273132,48.679905,水体,edge,,,,,,,,,,,
M3A-w5-2364,w5,134.360718,48.698231,水体,edge,,,,,,,,,,,
M3A-w5-2365,w5,134.617276,48.238742,水体,edge,,,,,,,,,,,
M3A-w5-2366,w5,133.827118,48.689876,水体,edge,,,,,,,,,,,
M3A-w5-2367,w5,134.675757,48.620616,水体,edge,,,,,,,,,,,
M3A-w5-2368,w5,134.83422,48.662118,水体,edge,,,,,,,,,,,
M3A-w5-2369,w5,134.190127,47.081802,水体,edge,,,,,,,,,,,
M3A-w5-2370,w5,134.77547,48.579114,水体,edge,,,,,,,,,,,
M3A-w5-2371,w5,134.325683,48.384,水体,edge,,,,,,,,,,,
M3A-w5-2372,w5,133.454946,48.886338,水体,edge,,,,,,,,,,,
M3A-w5-2373,w5,134.283103,48.716017,水体,edge,,,,,,,,,,,
M3A-w5-2374,w5,134.303315,48.816808,水体,edge,,,,,,,,,,,
M3A-w5-2375,w5,134.712947,48.477245,草本湿地,edge,,,,,,,,,,,
M3A-w5-2376,w5,133.758936,48.903046,草本湿地,edge,,,,,,,,,,,
M3A-w5-2377,w5,133.908506,48.690146,草本湿地,edge,,,,,,,,,,,
M3A-w5-2378,w5,134.706479,48.618191,草本湿地,edge,,,,,,,,,,,
M3A-w5-2379,w5,134.396021,48.228501,草本湿地,edge,,,,,,,,,,,
M3A-w5-2380,w5,134.484146,48.578036,草本湿地,edge,,,,,,,,,,,
M3A-w5-2381,w5,133.897995,48.38373,草本湿地,edge,,,,,,,,,,,
M3A-w5-2382,w5,133.093823,48.595014,草本湿地,edge,,,,,,,,,,,
M3A-w5-2383,w5,133.320468,48.877983,草本湿地,edge,,,,,,,,,,,
M3A-w5-2384,w5,134.702167,48.544619,草本湿地,edge,,,,,,,,,,,
M3A-w5-2385,w5,134.867637,47.633996,草本湿地,edge,,,,,,,,,,,
M3A-w5-2386,w5,134.973279,47.71215,草本湿地,edge,,,,,,,,,,,
M3A-w5-2387,w5,134.521067,48.747279,草本湿地,edge,,,,,,,,,,,
M3A-w5-2388,w5,133.905811,48.523598,草本湿地,edge,,,,,,,,,,,
M3A-w5-2389,w5,134.687345,48.692571,草本湿地,edge,,,,,,,,,,,
M3A-w5-2390,w5,134.780321,48.652686,草本湿地,edge,,,,,,,,,,,
M3A-w5-2391,w5,133.278966,48.753746,草本湿地,edge,,,,,,,,,,,
M3A-w5-2392,w5,134.816433,47.572821,草本湿地,edge,,,,,,,,,,,
M3A-w5-2393,w5,133.409941,48.755902,草本湿地,edge,,,,,,,,,,,
M3A-w5-2394,w5,134.136498,47.065093,草本湿地,edge,,,,,,,,,,,
M3A-w5-2395,w5,134.066968,48.848878,草本湿地,edge,,,,,,,,,,,
M3A-w5-2396,w5,133.573793,48.1013,草本湿地,edge,,,,,,,,,,,
M3A-w5-2397,w5,134.96708,48.638942,草本湿地,edge,,,,,,,,,,,
M3A-w5-2398,w5,133.730639,48.75186,草本湿地,edge,,,,,,,,,,,
M3A-w5-2399,w5,133.696952,48.661579,草本湿地,edge,,,,,,,,,,,
M3A-w5-2400,w5,134.280947,47.670378,草本湿地,edge,,,,,,,,,,,
M3A-w5-2401,w5,134.954414,47.948766,草本湿地,edge,,,,,,,,,,,
M3A-w5-2402,w5,134.351555,48.658884,草本湿地,edge,,,,,,,,,,,
M3A-w5-2403,w5,133.805289,48.621155,草本湿地,edge,,,,,,,,,,,
M3A-w5-2404,w5,134.713755,47.713497,草本湿地,edge,,,,,,,,,,,
M3A-w5-2405,w5,134.448303,48.75186,草本湿地,edge,,,,,,,,,,,
M3A-w5-2406,w5,133.784808,48.587199,草本湿地,edge,,,,,,,,,,,
M3A-w5-2407,w5,133.049626,48.334682,草本湿地,edge,,,,,,,,,,,
M3A-w5-2408,w5,134.006871,47.948227,草本湿地,edge,,,,,,,,,,,
M3A-w5-2409,w5,133.907697,48.672898,草本湿地,edge,,,,,,,,,,,
M3A-w5-2410,w5,133.351191,48.483443,草本湿地,edge,,,,,,,,,,,
M3A-w5-2411,w5,133.088164,48.602021,草本湿地,edge,,,,,,,,,,,
M3A-w6-2412,w6,116.434746,35.381156,乔木,core,,,,,,,,,,,
M3A-w6-2413,w6,117.166963,36.275339,乔木,core,,,,,,,,,,,
M3A-w6-2414,w6,117.720235,35.207062,乔木,core,,,,,,,,,,,
M3A-w6-2415,w6,117.619175,36.584718,乔木,core,,,,,,,,,,,
M3A-w6-2416,w6,117.175048,34.922476,乔木,core,,,,,,,,,,,
M3A-w6-2417,w6,117.749071,35.288988,乔木,core,,,,,,,,,,,
M3A-w6-2418,w6,115.610362,35.755484,乔木,core,,,,,,,,,,,
M3A-w6-2419,w6,115.564818,36.40254,乔木,core,,,,,,,,,,,
M3A-w6-2420,w6,116.718524,36.080494,乔木,core,,,,,,,,,,,
M3A-w6-2421,w6,117.975986,34.871272,乔木,core,,,,,,,,,,,
M3A-w6-2422,w6,117.993503,35.894273,乔木,core,,,,,,,,,,,
M3A-w6-2423,w6,114.544511,34.142559,乔木,core,,,,,,,,,,,
M3A-w6-2424,w6,116.857853,35.091449,乔木,core,,,,,,,,,,,
M3A-w6-2425,w6,115.457289,34.514192,乔木,core,,,,,,,,,,,
M3A-w6-2426,w6,117.1419,34.776949,乔木,core,,,,,,,,,,,
M3A-w6-2427,w6,117.249698,35.252607,乔木,core,,,,,,,,,,,
M3A-w6-2428,w6,117.07803,36.209043,乔木,core,,,,,,,,,,,
M3A-w6-2429,w6,117.572552,36.554266,草地,core,,,,,,,,,,,
M3A-w6-2430,w6,115.14252,35.869749,草地,core,,,,,,,,,,,
M3A-w6-2431,w6,117.534015,35.147773,草地,core,,,,,,,,,,,
M3A-w6-2432,w6,117.439153,35.270663,草地,core,,,,,,,,,,,
M3A-w6-2433,w6,117.99485,36.141939,草地,core,,,,,,,,,,,
M3A-w6-2434,w6,114.055109,36.651553,草地,core,,,,,,,,,,,
M3A-w6-2435,w6,115.711153,35.098456,草地,core,,,,,,,,,,,
M3A-w6-2436,w6,117.78707,35.330491,草地,core,,,,,,,,,,,
M3A-w6-2437,w6,116.874022,36.133046,草地,core,,,,,,,,,,,
M3A-w6-2438,w6,116.825244,36.323039,草地,core,,,,,,,,,,,
M3A-w6-2439,w6,114.072626,35.688379,草地,core,,,,,,,,,,,
M3A-w6-2440,w6,114.207912,36.798428,草地,core,,,,,,,,,,,
M3A-w6-2441,w6,117.401423,35.225118,草地,core,,,,,,,,,,,
M3A-w6-2442,w6,117.742334,36.65344,草地,core,,,,,,,,,,,
M3A-w6-2443,w6,117.644507,36.392299,草地,core,,,,,,,,,,,
M3A-w6-2444,w6,117.969248,36.141669,草地,core,,,,,,,,,,,
M3A-w6-2445,w6,117.864684,36.378286,草地,core,,,,,,,,,,,
M3A-w6-2446,w6,114.065889,36.83427,草地,core,,,,,,,,,,,
M3A-w6-2447,w6,117.035989,34.185139,耕地,core,,,,,,,,,,,
M3A-w6-2448,w6,114.764419,34.053625,耕地,core,,,,,,,,,,,
M3A-w6-2449,w6,116.824974,36.255396,耕地,core,,,,,,,,,,,
M3A-w6-2450,w6,114.53454,36.449971,耕地,core,,,,,,,,,,,
M3A-w6-2451,w6,116.057723,35.251259,耕地,core,,,,,,,,,,,
M3A-w6-2452,w6,116.239632,35.512669,耕地,core,,,,,,,,,,,
M3A-w6-2453,w6,117.929363,34.123963,耕地,core,,,,,,,,,,,
M3A-w6-2454,w6,116.034547,35.353128,耕地,core,,,,,,,,,,,
M3A-w6-2455,w6,115.779066,35.345043,耕地,core,,,,,,,,,,,
M3A-w6-2456,w6,116.407527,35.64014,耕地,core,,,,,,,,,,,
M3A-w6-2457,w6,115.480735,35.546356,耕地,core,,,,,,,,,,,
M3A-w6-2458,w6,114.915875,35.185233,耕地,core,,,,,,,,,,,
M3A-w6-2459,w6,115.671807,36.98384,耕地,core,,,,,,,,,,,
M3A-w6-2460,w6,114.149432,35.393283,耕地,core,,,,,,,,,,,
M3A-w6-2461,w6,116.042632,34.576445,耕地,core,,,,,,,,,,,
M3A-w6-2462,w6,114.823977,36.101245,耕地,core,,,,,,,,,,,
M3A-w6-2463,w6,116.621775,34.567012,耕地,core,,,,,,,,,,,
M3A-w6-2464,w6,116.498347,35.264734,耕地,core,,,,,,,,,,,
M3A-w6-2465,w6,114.290647,35.445295,耕地,core,,,,,,,,,,,
M3A-w6-2466,w6,117.882202,36.022014,耕地,core,,,,,,,,,,,
M3A-w6-2467,w6,114.713754,35.470358,耕地,core,,,,,,,,,,,
M3A-w6-2468,w6,117.167502,35.13861,耕地,core,,,,,,,,,,,
M3A-w6-2469,w6,116.173067,36.400115,耕地,core,,,,,,,,,,,
M3A-w6-2470,w6,114.556369,36.564506,耕地,core,,,,,,,,,,,
M3A-w6-2471,w6,117.352375,35.300307,耕地,core,,,,,,,,,,,
M3A-w6-2472,w6,117.461251,35.4108,耕地,core,,,,,,,,,,,
M3A-w6-2473,w6,114.586013,36.426795,耕地,core,,,,,,,,,,,
M3A-w6-2474,w6,115.668034,37.000549,耕地,core,,,,,,,,,,,
M3A-w6-2475,w6,114.888117,35.749824,耕地,core,,,,,,,,,,,
M3A-w6-2476,w6,115.956932,36.788726,耕地,core,,,,,,,,,,,
M3A-w6-2477,w6,116.012179,36.931019,耕地,core,,,,,,,,,,,
M3A-w6-2478,w6,114.298463,34.607706,耕地,core,,,,,,,,,,,
M3A-w6-2479,w6,116.341771,34.799317,耕地,core,,,,,,,,,,,
M3A-w6-2480,w6,116.167947,35.882146,耕地,core,,,,,,,,,,,
M3A-w6-2481,w6,114.58224,35.243444,耕地,core,,,,,,,,,,,
M3A-w6-2482,w6,115.5155,35.932542,耕地,core,,,,,,,,,,,
M3A-w6-2483,w6,114.956029,34.515,耕地,core,,,,,,,,,,,
M3A-w6-2484,w6,117.937179,35.416729,耕地,core,,,,,,,,,,,
M3A-w6-2485,w6,114.917761,34.153608,耕地,core,,,,,,,,,,,
M3A-w6-2486,w6,116.9767,34.026945,耕地,core,,,,,,,,,,,
M3A-w6-2487,w6,116.268468,35.916372,耕地,core,,,,,,,,,,,
M3A-w6-2488,w6,115.529783,35.685954,耕地,core,,,,,,,,,,,
M3A-w6-2489,w6,116.052333,35.473592,耕地,core,,,,,,,,,,,
M3A-w6-2490,w6,115.090777,35.513208,耕地,core,,,,,,,,,,,
M3A-w6-2491,w6,114.529689,35.214338,耕地,core,,,,,,,,,,,
M3A-w6-2492,w6,115.140094,34.2005,耕地,core,,,,,,,,,,,
M3A-w6-2493,w6,115.701451,35.312973,耕地,core,,,,,,,,,,,
M3A-w6-2494,w6,116.962147,35.079322,耕地,core,,,,,,,,,,,
M3A-w6-2495,w6,115.411745,35.376844,耕地,core,,,,,,,,,,,
M3A-w6-2496,w6,117.105518,34.486703,耕地,core,,,,,,,,,,,
M3A-w6-2497,w6,114.584666,35.815581,耕地,core,,,,,,,,,,,
M3A-w6-2498,w6,115.23307,35.778121,耕地,core,,,,,,,,,,,
M3A-w6-2499,w6,114.082867,35.332108,耕地,core,,,,,,,,,,,
M3A-w6-2500,w6,117.171544,34.023442,建成区,core,,,,,,,,,,,
M3A-w6-2501,w6,114.346702,34.78719,建成区,core,,,,,,,,,,,
M3A-w6-2502,w6,115.763435,34.194032,建成区,core,,,,,,,,,,,
M3A-w6-2503,w6,115.678275,36.614093,建成区,core,,,,,,,,,,,
M3A-w6-2504,w6,117.419749,37.000279,建成区,core,,,,,,,,,,,
M3A-w6-2505,w6,116.497808,36.292586,建成区,core,,,,,,,,,,,
M3A-w6-2506,w6,115.001035,35.868402,建成区,core,,,,,,,,,,,
M3A-w6-2507,w6,114.590595,34.484817,建成区,core,,,,,,,,,,,
M3A-w6-2508,w6,115.999243,35.594595,建成区,core,,,,,,,,,,,
M3A-w6-2509,w6,114.520796,36.646433,建成区,core,,,,,,,,,,,
M3A-w6-2510,w6,116.101112,35.643374,建成区,core,,,,,,,,,,,
M3A-w6-2511,w6,114.118979,36.734288,建成区,core,,,,,,,,,,,
M3A-w6-2512,w6,117.129503,34.822224,建成区,core,,,,,,,,,,,
M3A-w6-2513,w6,117.44562,35.354745,建成区,core,,,,,,,,,,,
M3A-w6-2514,w6,115.26487,36.161342,建成区,core,,,,,,,,,,,
M3A-w6-2515,w6,116.993139,34.365161,建成区,core,,,,,,,,,,,
M3A-w6-2516,w6,115.354612,35.81612,建成区,core,,,,,,,,,,,
M3A-w6-2517,w6,115.773676,34.831926,建成区,core,,,,,,,,,,,
M3A-w6-2518,w6,116.968076,36.547259,建成区,core,,,,,,,,,,,
M3A-w6-2519,w6,115.185908,35.041323,建成区,core,,,,,,,,,,,
M3A-w6-2520,w6,114.810772,34.795274,建成区,core,,,,,,,,,,,
M3A-w6-2521,w6,116.443101,36.10421,建成区,core,,,,,,,,,,,
M3A-w6-2522,w6,117.108752,36.867149,建成区,core,,,,,,,,,,,
M3A-w6-2523,w6,117.694903,36.901105,建成区,core,,,,,,,,,,,
M3A-w6-2524,w6,115.490976,35.191701,建成区,core,,,,,,,,,,,
M3A-w6-2525,w6,115.609823,36.312529,建成区,core,,,,,,,,,,,
M3A-w6-2526,w6,114.629132,34.804976,建成区,core,,,,,,,,,,,
M3A-w6-2527,w6,115.559697,35.251798,建成区,core,,,,,,,,,,,
M3A-w6-2528,w6,115.559697,35.363638,建成区,core,,,,,,,,,,,
M3A-w6-2529,w6,114.234053,34.74973,建成区,core,,,,,,,,,,,
M3A-w6-2530,w6,116.380847,36.403349,建成区,core,,,,,,,,,,,
M3A-w6-2531,w6,115.512536,35.8587,裸地/稀疏,core,,,,,,,,,,,
M3A-w6-2532,w6,115.98469,36.321961,裸地/稀疏,core,,,,,,,,,,,
M3A-w6-2533,w6,117.433224,36.618675,裸地/稀疏,core,,,,,,,,,,,
M3A-w6-2534,w6,116.662739,35.781894,裸地/稀疏,core,,,,,,,,,,,
M3A-w6-2535,w6,114.118171,36.803009,裸地/稀疏,core,,,,,,,,,,,
M3A-w6-2536,w6,114.270705,36.97872,裸地/稀疏,core,,,,,,,,,,,
M3A-w6-2537,w6,115.51577,35.851154,裸地/稀疏,core,,,,,,,,,,,
M3A-w6-2538,w6,116.714751,36.184519,裸地/稀疏,core,,,,,,,,,,,
M3A-w6-2539,w6,115.928366,36.02929,水体,core,,,,,,,,,,,
M3A-w6-2540,w6,115.695253,35.803454,水体,core,,,,,,,,,,,
M3A-w6-2541,w6,116.84842,35.050216,水体,core,,,,,,,,,,,
M3A-w6-2542,w6,117.895137,34.074107,水体,core,,,,,,,,,,,
M3A-w6-2543,w6,117.401423,35.013565,水体,core,,,,,,,,,,,
M3A-w6-2544,w6,116.849229,35.045365,水体,core,,,,,,,,,,,
M3A-w6-2545,w6,116.879412,34.97907,水体,core,,,,,,,,,,,
M3A-w6-2546,w6,116.180882,35.931194,水体,core,,,,,,,,,,,
M3A-w6-2547,w6,117.073718,34.809827,水体,core,,,,,,,,,,,
M3A-w6-2548,w6,116.8274,34.797969,水体,core,,,,,,,,,,,
M3A-w6-2549,w6,116.982898,36.763932,水体,core,,,,,,,,,,,
M3A-w6-2550,w6,116.972927,34.836777,水体,core,,,,,,,,,,,
M3A-w6-2551,w6,116.622314,35.384929,水体,core,,,,,,,,,,,
M3A-w6-2552,w6,116.218073,36.008539,水体,core,,,,,,,,,,,
M3A-w6-2553,w6,116.221037,35.994525,水体,core,,,,,,,,,,,
M3A-w6-2554,w6,116.786976,35.08552,水体,core,,,,,,,,,,,
M3A-w6-2555,w6,117.852288,35.918258,水体,core,,,,,,,,,,,
M3A-w6-2556,w6,116.838449,35.477365,水体,core,,,,,,,,,,,
M3A-w6-2557,w6,116.686724,35.102768,水体,core,,,,,,,,,,,
M3A-w6-2558,w6,117.244308,34.621181,水体,core,,,,,,,,,,,
M3A-w6-2559,w6,116.2302,35.929847,水体,core,,,,,,,,,,,
M3A-w6-2560,w6,115.6648,36.810016,水体,core,,,,,,,,,,,
M3A-w6-2561,w6,116.136416,35.965689,水体,core,,,,,,,,,,,
M3A-w6-2562,w6,117.056201,36.726742,水体,core,,,,,,,,,,,
M3A-w6-2563,w6,117.243769,34.560006,水体,core,,,,,,,,,,,
M3A-w6-2564,w6,117.256435,34.58453,水体,core,,,,,,,,,,,
M3A-w6-2565,w6,117.17909,34.59504,草本湿地,core,,,,,,,,,,,
M3A-w6-2566,w6,116.202711,36.059743,草本湿地,core,,,,,,,,,,,
M3A-w6-2567,w6,117.180977,34.662683,草本湿地,core,,,,,,,,,,,
M3A-w6-2568,w6,117.191487,34.710384,草本湿地,core,,,,,,,,,,,
M3A-w6-2569,w6,116.669745,35.180113,草本湿地,core,,,,,,,,,,,
M3A-w6-2570,w6,117.013621,34.772367,草本湿地,core,,,,,,,,,,,
M3A-w6-2571,w6,116.920106,34.905228,草本湿地,core,,,,,,,,,,,
M3A-w6-2572,w6,117.257513,34.555963,草本湿地,core,,,,,,,,,,,
M3A-w6-2573,w6,116.639562,35.239671,草本湿地,core,,,,,,,,,,,
M3A-w6-2574,w6,116.8433,35.09064,草本湿地,core,,,,,,,,,,,
M3A-w6-2575,w6,116.825513,35.104654,草本湿地,core,,,,,,,,,,,
M3A-w6-2576,w6,117.219784,34.709036,草本湿地,core,,,,,,,,,,,
M3A-w6-2577,w6,116.663817,35.162865,草本湿地,core,,,,,,,,,,,
M3A-w6-2578,w6,116.838449,35.092796,草本湿地,core,,,,,,,,,,,
M3A-w6-2579,w6,116.661661,35.211374,草本湿地,core,,,,,,,,,,,
M3A-w6-2580,w6,114.75822,35.372262,乔木,edge,,,,,,,,,,,
M3A-w6-2581,w6,115.559697,35.97081,乔木,edge,,,,,,,,,,,
M3A-w6-2582,w6,117.335397,36.57313,乔木,edge,,,,,,,,,,,
M3A-w6-2583,w6,114.372304,36.051119,乔木,edge,,,,,,,,,,,
M3A-w6-2584,w6,115.165157,35.331569,乔木,edge,,,,,,,,,,,
M3A-w6-2585,w6,117.076413,36.372896,乔木,edge,,,,,,,,,,,
M3A-w6-2586,w6,114.284449,36.927785,乔木,edge,,,,,,,,,,,
M3A-w6-2587,w6,116.915525,34.656754,乔木,edge,,,,,,,,,,,
M3A-w6-2588,w6,116.942743,34.05659,乔木,edge,,,,,,,,,,,
M3A-w6-2589,w6,115.482083,36.279112,乔木,edge,,,,,,,,,,,
M3A-w6-2590,w6,114.345085,35.393822,乔木,edge,,,,,,,,,,,
M3A-w6-2591,w6,117.93664,36.070253,乔木,edge,,,,,,,,,,,
M3A-w6-2592,w6,115.768286,34.577523,乔木,edge,,,,,,,,,,,
M3A-w6-2593,w6,117.937179,35.281982,乔木,edge,,,,,,,,,,,
M3A-w6-2594,w6,117.073987,34.689633,乔木,edge,,,,,,,,,,,
M3A-w6-2595,w6,117.817523,35.779199,乔木,edge,,,,,,,,,,,
M3A-w6-2596,w6,115.834582,34.593692,乔木,edge,,,,,,,,,,,
M3A-w6-2597,w6,116.776735,36.144903,乔木,edge,,,,,,,,,,,
M3A-w6-2598,w6,117.022783,36.804626,乔木,edge,,,,,,,,,,,
M3A-w6-2599,w6,115.374824,35.742009,乔木,edge,,,,,,,,,,,
M3A-w6-2600,w6,115.986038,36.02417,乔木,edge,,,,,,,,,,,
M3A-w6-2601,w6,115.559158,35.148851,乔木,edge,,,,,,,,,,,
M3A-w6-2602,w6,114.063733,36.340826,乔木,edge,,,,,,,,,,,
M3A-w6-2603,w6,117.553418,34.246044,乔木,edge,,,,,,,,,,,
M3A-w6-2604,w6,117.731824,34.175167,乔木,edge,,,,,,,,,,,
M3A-w6-2605,w6,117.068058,36.584988,乔木,edge,,,,,,,,,,,
M3A-w6-2606,w6,115.711692,36.271296,乔木,edge,,,,,,,,,,,
M3A-w6-2607,w6,115.583143,35.415651,乔木,edge,,,,,,,,,,,
M3A-w6-2608,w6,115.893871,36.567471,乔木,edge,,,,,,,,,,,
M3A-w6-2609,w6,117.436997,34.050122,乔木,edge,,,,,,,,,,,
M3A-w6-2610,w6,114.880571,35.056415,乔木,edge,,,,,,,,,,,
M3A-w6-2611,w6,114.159134,35.206254,乔木,edge,,,,,,,,,,,
M3A-w6-2612,w6,117.445081,35.189814,乔木,edge,,,,,,,,,,,
M3A-w6-2613,w6,114.933661,34.16816,乔木,edge,,,,,,,,,,,
M3A-w6-2614,w6,114.73181,34.548148,乔木,edge,,,,,,,,,,,
M3A-w6-2615,w6,114.872217,34.774254,乔木,edge,,,,,,,,,,,
M3A-w6-2616,w6,117.363425,35.791865,乔木,edge,,,,,,,,,,,
M3A-w6-2617,w6,115.412014,36.993542,灌丛,edge,,,,,,,,,,,
M3A-w6-2618,w6,117.934753,34.790962,灌丛,edge,,,,,,,,,,,
M3A-w6-2619,w6,115.549995,35.857892,灌丛,edge,,,,,,,,,,,
M3A-w6-2620,w6,116.942474,37.00513,灌丛,edge,,,,,,,,,,,
M3A-w6-2621,w6,115.829731,36.64239,灌丛,edge,,,,,,,,,,,
M3A-w6-2622,w6,116.266582,36.942068,灌丛,edge,,,,,,,,,,,
M3A-w6-2623,w6,116.952984,36.964436,灌丛,edge,,,,,,,,,,,
M3A-w6-2624,w6,116.035625,35.767611,灌丛,edge,,,,,,,,,,,
M3A-w6-2625,w6,115.118535,35.830942,灌丛,edge,,,,,,,,,,,
M3A-w6-2626,w6,117.358574,35.894812,灌丛,edge,,,,,,,,,,,
M3A-w6-2627,w6,115.402312,36.967401,灌丛,edge,,,,,,,,,,,
M3A-w6-2628,w6,114.77951,36.724047,灌丛,edge,,,,,,,,,,,
M3A-w6-2629,w6,116.575153,36.75989,灌丛,edge,,,,,,,,,,,
M3A-w6-2630,w6,115.100748,35.05911,灌丛,edge,,,,,,,,,,,
M3A-w6-2631,w6,116.171989,35.779199,灌丛,edge,,,,,,,,,,,
M3A-w6-2632,w6,115.572903,35.841452,灌丛,edge,,,,,,,,,,,
M3A-w6-2633,w6,115.85695,35.255302,灌丛,edge,,,,,,,,,,,
M3A-w6-2634,w6,115.609554,36.143556,灌丛,edge,,,,,,,,,,,
M3A-w6-2635,w6,116.165791,34.926788,灌丛,edge,,,,,,,,,,,
M3A-w6-2636,w6,116.414265,36.788995,灌丛,edge,,,,,,,,,,,
M3A-w6-2637,w6,116.223193,36.633227,灌丛,edge,,,,,,,,,,,
M3A-w6-2638,w6,116.909596,37.004322,灌丛,edge,,,,,,,,,,,
M3A-w6-2639,w6,115.534904,35.461734,灌丛,edge,,,,,,,,,,,
M3A-w6-2640,w6,115.508493,36.165115,灌丛,edge,,,,,,,,,,,
M3A-w6-2641,w6,117.972752,34.785303,灌丛,edge,,,,,,,,,,,
M3A-w6-2642,w6,115.573711,36.929672,灌丛,edge,,,,,,,,,,,
M3A-w6-2643,w6,117.103362,36.907573,灌丛,edge,,,,,,,,,,,
M3A-w6-2644,w6,114.872756,36.549684,灌丛,edge,,,,,,,,,,,
M3A-w6-2645,w6,115.548379,36.613824,灌丛,edge,,,,,,,,,,,
M3A-w6-2646,w6,115.555116,36.163768,灌丛,edge,,,,,,,,,,,
M3A-w6-2647,w6,115.181596,36.84532,灌丛,edge,,,,,,,,,,,
M3A-w6-2648,w6,115.985499,34.76563,灌丛,edge,,,,,,,,,,,
M3A-w6-2649,w6,115.189681,34.947,灌丛,edge,,,,,,,,,,,
M3A-w6-2650,w6,115.479118,36.134932,灌丛,edge,,,,,,,,,,,
M3A-w6-2651,w6,116.289219,36.267793,灌丛,edge,,,,,,,,,,,
M3A-w6-2652,w6,115.641893,36.720274,灌丛,edge,,,,,,,,,,,
M3A-w6-2653,w6,115.181596,36.593342,灌丛,edge,,,,,,,,,,,
M3A-w6-2654,w6,114.775199,36.657751,灌丛,edge,,,,,,,,,,,
M3A-w6-2655,w6,116.477596,36.936678,灌丛,edge,,,,,,,,,,,
M3A-w6-2656,w6,116.069581,37.012137,灌丛,edge,,,,,,,,,,,
M3A-w6-2657,w6,115.52116,36.826455,灌丛,edge,,,,,,,,,,,
M3A-w6-2658,w6,116.570032,36.803279,灌丛,edge,,,,,,,,,,,
M3A-w6-2659,w6,115.786073,35.675713,灌丛,edge,,,,,,,,,,,
M3A-w6-2660,w6,117.33944,37.000818,灌丛,edge,,,,,,,,,,,
M3A-w6-2661,w6,116.102459,34.824649,灌丛,edge,,,,,,,,,,,
M3A-w6-2662,w6,114.874103,36.734827,灌丛,edge,,,,,,,,,,,
M3A-w6-2663,w6,115.692289,36.272374,灌丛,edge,,,,,,,,,,,
M3A-w6-2664,w6,117.29093,36.990038,灌丛,edge,,,,,,,,,,,
M3A-w6-2665,w6,115.405816,36.389604,灌丛,edge,,,,,,,,,,,
M3A-w6-2666,w6,116.824974,36.957968,灌丛,edge,,,,,,,,,,,
M3A-w6-2667,w6,115.774215,36.579598,灌丛,edge,,,,,,,,,,,
M3A-w6-2668,w6,115.389377,36.995698,灌丛,edge,,,,,,,,,,,
M3A-w6-2669,w6,114.97705,36.874964,灌丛,edge,,,,,,,,,,,
M3A-w6-2670,w6,116.273858,36.826725,灌丛,edge,,,,,,,,,,,
M3A-w6-2671,w6,116.723914,36.94638,灌丛,edge,,,,,,,,,,,
M3A-w6-2672,w6,115.406894,36.480155,灌丛,edge,,,,,,,,,,,
M3A-w6-2673,w6,114.380389,34.161962,灌丛,edge,,,,,,,,,,,
M3A-w6-2674,w6,116.72041,36.94126,灌丛,edge,,,,,,,,,,,
M3A-w6-2675,w6,117.22194,36.911346,灌丛,edge,,,,,,,,,,,
M3A-w6-2676,w6,116.725531,36.964436,灌丛,edge,,,,,,,,,,,
M3A-w6-2677,w6,117.956582,34.794466,灌丛,edge,,,,,,,,,,,
M3A-w6-2678,w6,114.442103,35.980512,灌丛,edge,,,,,,,,,,,
M3A-w6-2679,w6,115.513614,35.798872,灌丛,edge,,,,,,,,,,,
M3A-w6-2680,w6,115.498522,35.642835,灌丛,edge,,,,,,,,,,,
M3A-w6-2681,w6,115.058976,35.675444,灌丛,edge,,,,,,,,,,,
M3A-w6-2682,w6,115.865843,36.527047,灌丛,edge,,,,,,,,,,,
M3A-w6-2683,w6,115.72328,36.241113,灌丛,edge,,,,,,,,,,,
M3A-w6-2684,w6,115.425489,35.789709,灌丛,edge,,,,,,,,,,,
M3A-w6-2685,w6,115.562931,36.309025,灌丛,edge,,,,,,,,,,,
M3A-w6-2686,w6,115.736486,36.480694,灌丛,edge,,,,,,,,,,,
M3A-w6-2687,w6,115.441389,36.997584,灌丛,edge,,,,,,,,,,,
M3A-w6-2688,w6,115.517117,36.455631,草地,edge,,,,,,,,,,,
M3A-w6-2689,w6,116.455497,36.921587,草地,edge,,,,,,,,,,,
M3A-w6-2690,w6,114.074243,36.432454,草地,edge,,,,,,,,,,,
M3A-w6-2691,w6,116.047213,36.242999,草地,edge,,,,,,,,,,,
M3A-w6-2692,w6,117.890556,35.708053,草地,edge,,,,,,,,,,,
M3A-w6-2693,w6,117.861181,35.444487,草地,edge,,,,,,,,,,,
M3A-w6-2694,w6,117.380133,35.747668,草地,edge,,,,,,,,,,,
M3A-w6-2695,w6,116.459809,34.01886,草地,edge,,,,,,,,,,,
M3A-w6-2696,w6,114.639912,36.728629,草地,edge,,,,,,,,,,,
M3A-w6-2697,w6,114.535348,34.86157,草地,edge,,,,,,,,,,,
M3A-w6-2698,w6,114.314632,35.605375,草地,edge,,,,,,,,,,,
M3A-w6-2699,w6,114.334036,36.040609,草地,edge,,,,,,,,,,,
M3A-w6-2700,w6,117.422983,35.469011,草地,edge,,,,,,,,,,,
M3A-w6-2701,w6,116.538771,36.901105,草地,edge,,,,,,,,,,,
M3A-w6-2702,w6,117.436188,36.268871,草地,edge,,,,,,,,,,,
M3A-w6-2703,w6,117.394147,36.549415,草地,edge,,,,,,,,,,,
M3A-w6-2704,w6,117.728051,36.601158,草地,edge,,,,,,,,,,,
M3A-w6-2705,w6,115.406355,35.834984,草地,edge,,,,,,,,,,,
M3A-w6-2706,w6,116.885611,36.391221,草地,edge,,,,,,,,,,,
M3A-w6-2707,w6,117.639926,35.880529,草地,edge,,,,,,,,,,,
M3A-w6-2708,w6,114.092569,36.459942,草地,edge,,,,,,,,,,,
M3A-w6-2709,w6,117.871961,35.947633,草地,edge,,,,,,,,,,,
M3A-w6-2710,w6,117.126539,35.265812,草地,edge,,,,,,,,,,,
M3A-w6-2711,w6,115.818951,36.575286,草地,edge,,,,,,,,,,,
M3A-w6-2712,w6,115.229027,34.301021,草地,edge,,,,,,,,,,,
M3A-w6-2713,w6,116.435016,35.148312,草地,edge,,,,,,,,,,,
M3A-w6-2714,w6,116.485142,35.967576,草地,edge,,,,,,,,,,,
M3A-w6-2715,w6,116.026731,36.218475,草地,edge,,,,,,,,,,,
M3A-w6-2716,w6,115.943458,34.858336,草地,edge,,,,,,,,,,,
M3A-w6-2717,w6,116.702085,36.373435,草地,edge,,,,,,,,,,,
M3A-w6-2718,w6,117.629146,36.581484,草地,edge,,,,,,,,,,,
M3A-w6-2719,w6,117.304944,35.262309,草地,edge,,,,,,,,,,,
M3A-w6-2720,w6,117.012543,34.226641,草地,edge,,,,,,,,,,,
M3A-w6-2721,w6,116.049908,34.02991,草地,edge,,,,,,,,,,,
M3A-w6-2722,w6,117.252123,35.004941,草地,edge,,,,,,,,,,,
M3A-w6-2723,w6,114.299002,34.854833,草地,edge,,,,,,,,,,,
M3A-w6-2724,w6,116.354706,36.086692,草地,edge,,,,,,,,,,,
M3A-w6-2725,w6,115.336286,34.759162,耕地,edge,,,,,,,,,,,
M3A-w6-2726,w6,116.778082,36.97333,耕地,edge,,,,,,,,,,,
M3A-w6-2727,w6,117.435649,36.042226,耕地,edge,,,,,,,,,,,
M3A-w6-2728,w6,114.988638,34.074646,耕地,edge,,,,,,,,,,,
M3A-w6-2729,w6,115.077032,35.678139,耕地,edge,,,,,,,,,,,
M3A-w6-2730,w6,116.828478,36.304714,耕地,edge,,,,,,,,,,,
M3A-w6-2731,w6,115.821377,35.504045,耕地,edge,,,,,,,,,,,
M3A-w6-2732,w6,115.066792,36.453205,建成区,edge,,,,,,,,,,,
M3A-w6-2733,w6,117.191756,36.648858,建成区,edge,,,,,,,,,,,
M3A-w6-2734,w6,115.557811,35.433977,建成区,edge,,,,,,,,,,,
M3A-w6-2735,w6,114.242138,36.578251,建成区,edge,,,,,,,,,,,
M3A-w6-2736,w6,117.463138,35.335881,建成区,edge,,,,,,,,,,,
M3A-w6-2737,w6,115.983882,35.475209,建成区,edge,,,,,,,,,,,
M3A-w6-2738,w6,114.710789,35.371723,建成区,edge,,,,,,,,,,,
M3A-w6-2739,w6,114.58251,35.690266,建成区,edge,,,,,,,,,,,
M3A-w6-2740,w6,115.964478,35.161787,建成区,edge,,,,,,,,,,,
M3A-w6-2741,w6,117.119262,36.006922,建成区,edge,,,,,,,,,,,
M3A-w6-2742,w6,114.776007,34.087312,建成区,edge,,,,,,,,,,,
M3A-w6-2743,w6,115.125272,36.687665,建成区,edge,,,,,,,,,,,
M3A-w6-2744,w6,115.306372,35.619389,建成区,edge,,,,,,,,,,,
M3A-w6-2745,w6,117.218167,34.197535,建成区,edge,,,,,,,,,,,
M3A-w6-2746,w6,114.488726,36.378286,建成区,edge,,,,,,,,,,,
M3A-w6-2747,w6,115.497714,36.512494,建成区,edge,,,,,,,,,,,
M3A-w6-2748,w6,115.637851,36.302288,建成区,edge,,,,,,,,,,,
M3A-w6-2749,w6,115.157611,34.052008,建成区,edge,,,,,,,,,,,
M3A-w6-2750,w6,117.121688,34.477001,建成区,edge,,,,,,,,,,,
M3A-w6-2751,w6,115.336556,35.961647,建成区,edge,,,,,,,,,,,
M3A-w6-2752,w6,117.038684,36.421135,建成区,edge,,,,,,,,,,,
M3A-w6-2753,w6,115.80898,36.961741,建成区,edge,,,,,,,,,,,
M3A-w6-2754,w6,115.560506,35.256919,建成区,edge,,,,,,,,,,,
M3A-w6-2755,w6,115.383987,34.177054,建成区,edge,,,,,,,,,,,
M3A-w6-2756,w6,115.753733,34.203734,建成区,edge,,,,,,,,,,,
M3A-w6-2757,w6,114.224891,36.939643,建成区,edge,,,,,,,,,,,
M3A-w6-2758,w6,115.556463,34.851599,裸地/稀疏,edge,,,,,,,,,,,
M3A-w6-2759,w6,115.447857,34.191607,裸地/稀疏,edge,,,,,,,,,,,
M3A-w6-2760,w6,117.734519,34.873158,裸地/稀疏,edge,,,,,,,,,,,
M3A-w6-2761,w6,115.298018,34.575097,裸地/稀疏,edge,,,,,,,,,,,
M3A-w6-2762,w6,116.858661,35.108427,裸地/稀疏,edge,,,,,,,,,,,
M3A-w6-2763,w6,117.178821,34.103212,裸地/稀疏,edge,,,,,,,,,,,
M3A-w6-2764,w6,114.903478,34.721433,裸地/稀疏,edge,,,,,,,,,,,
M3A-w6-2765,w6,115.867999,35.360944,裸地/稀疏,edge,,,,,,,,,,,
M3A-w6-2766,w6,117.70164,35.816389,裸地/稀疏,edge,,,,,,,,,,,
M3A-w6-2767,w6,115.639468,35.254224,裸地/稀疏,edge,,,,,,,,,,,
M3A-w6-2768,w6,117.587375,36.157839,裸地/稀疏,edge,,,,,,,,,,,
M3A-w6-2769,w6,114.369609,34.968829,裸地/稀疏,edge,,,,,,,,,,,
M3A-w6-2770,w6,116.2461,35.458231,裸地/稀疏,edge,,,,,,,,,,,
M3A-w6-2771,w6,116.790749,35.5442,裸地/稀疏,edge,,,,,,,,,,,
M3A-w6-2772,w6,116.511013,35.703202,裸地/稀疏,edge,,,,,,,,,,,
M3A-w6-2773,w6,117.554496,34.891214,裸地/稀疏,edge,,,,,,,,,,,
M3A-w6-2774,w6,114.080172,36.576364,裸地/稀疏,edge,,,,,,,,,,,
M3A-w6-2775,w6,117.087462,35.306236,裸地/稀疏,edge,,,,,,,,,,,
M3A-w6-2776,w6,117.549376,34.83489,裸地/稀疏,edge,,,,,,,,,,,
M3A-w6-2777,w6,114.384162,35.565759,裸地/稀疏,edge,,,,,,,,,,,
M3A-w6-2778,w6,115.898721,34.95778,裸地/稀疏,edge,,,,,,,,,,,
M3A-w6-2779,w6,114.409494,36.939373,裸地/稀疏,edge,,,,,,,,,,,
M3A-w6-2780,w6,117.832615,36.629994,裸地/稀疏,edge,,,,,,,,,,,
M3A-w6-2781,w6,116.093027,35.866515,裸地/稀疏,edge,,,,,,,,,,,
M3A-w6-2782,w6,114.652579,35.383042,裸地/稀疏,edge,,,,,,,,,,,
M3A-w6-2783,w6,116.970771,36.195299,裸地/稀疏,edge,,,,,,,,,,,
M3A-w6-2784,w6,114.016841,35.233742,裸地/稀疏,edge,,,,,,,,,,,
M3A-w6-2785,w6,114.842572,34.634925,裸地/稀疏,edge,,,,,,,,,,,
M3A-w6-2786,w6,116.44849,34.72278,裸地/稀疏,edge,,,,,,,,,,,
M3A-w6-2787,w6,115.962861,36.519231,裸地/稀疏,edge,,,,,,,,,,,
M3A-w6-2788,w6,114.158325,35.612651,裸地/稀疏,edge,,,,,,,,,,,
M3A-w6-2789,w6,114.200367,36.573939,裸地/稀疏,edge,,,,,,,,,,,
M3A-w6-2790,w6,117.608934,34.164118,裸地/稀疏,edge,,,,,,,,,,,
M3A-w6-2791,w6,117.537518,36.366428,裸地/稀疏,edge,,,,,,,,,,,
M3A-w6-2792,w6,117.114951,36.867418,裸地/稀疏,edge,,,,,,,,,,,
M3A-w6-2793,w6,115.460523,35.278748,裸地/稀疏,edge,,,,,,,,,,,
M3A-w6-2794,w6,115.488012,36.236531,裸地/稀疏,edge,,,,,,,,,,,
M3A-w6-2795,w6,117.194182,34.193223,裸地/稀疏,edge,,,,,,,,,,,
M3A-w6-2796,w6,114.57739,34.213705,裸地/稀疏,edge,,,,,,,,,,,
M3A-w6-2797,w6,116.924418,34.948617,水体,edge,,,,,,,,,,,
M3A-w6-2798,w6,117.884088,34.451399,水体,edge,,,,,,,,,,,
M3A-w6-2799,w6,117.197685,34.639507,水体,edge,,,,,,,,,,,
M3A-w6-2800,w6,115.88902,35.963803,水体,edge,,,,,,,,,,,
M3A-w6-2801,w6,117.114951,34.33902,水体,edge,,,,,,,,,,,
M3A-w6-2802,w6,117.189601,34.510149,水体,edge,,,,,,,,,,,
M3A-w6-2803,w6,117.118454,34.751347,水体,edge,,,,,,,,,,,
M3A-w6-2804,w6,117.163729,34.565934,水体,edge,,,,,,,,,,,
M3A-w6-2805,w6,114.20926,34.838933,水体,edge,,,,,,,,,,,
M3A-w6-2806,w6,116.045596,35.588666,水体,edge,,,,,,,,,,,
M3A-w6-2807,w6,115.288855,36.363194,水体,edge,,,,,,,,,,,
M3A-w6-2808,w6,116.266043,35.923918,草本湿地,edge,,,,,,,,,,,
M3A-w6-2809,w6,116.844378,35.082286,草本湿地,edge,,,,,,,,,,,
M3A-w6-2810,w6,116.785898,35.006289,草本湿地,edge,,,,,,,,,,,
M3A-w6-2811,w6,116.721488,35.057762,草本湿地,edge,,,,,,,,,,,
M3A-w6-2812,w6,117.203884,34.72278,草本湿地,edge,,,,,,,,,,,
M3A-w6-2813,w6,116.614769,35.199786,草本湿地,edge,,,,,,,,,,,
M3A-w6-2814,w6,116.670823,35.167177,草本湿地,edge,,,,,,,,,,,
M3A-w6-2815,w6,116.639023,35.191162,草本湿地,edge,,,,,,,,,,,
M3A-w6-2816,w6,117.239457,34.537638,草本湿地,edge,,,,,,,,,,,
M3A-w6-2817,w6,116.66732,35.205445,草本湿地,edge,,,,,,,,,,,
M3A-w6-2818,w6,117.245655,34.529283,草本湿地,edge,,,,,,,,,,,
M3A-w6-2819,w6,116.619889,35.268507,草本湿地,edge,,,,,,,,,,,
M3A-w6-2820,w6,116.82201,35.466585,草本湿地,edge,,,,,,,,,,,
M3A-w6-2821,w6,116.625279,35.162596,草本湿地,edge,,,,,,,,,,,
M3A-w6-2822,w6,117.191217,34.700951,草本湿地,edge,,,,,,,,,,,
M3A-w6-2823,w6,117.173161,34.633578,草本湿地,edge,,,,,,,,,,,
M3A-w6-2824,w6,116.641988,35.220806,草本湿地,edge,,,,,,,,,,,
M3A-w6-2825,w6,116.898816,35.493535,草本湿地,edge,,,,,,,,,,,
M3A-w6-2826,w6,116.812578,35.035933,草本湿地,edge,,,,,,,,,,,
M3A-w6-2827,w6,116.866207,35.072045,草本湿地,edge,,,,,,,,,,,
M3A-w6-2828,w6,116.719332,35.073662,草本湿地,edge,,,,,,,,,,,
M3A-w6-2829,w6,117.167232,34.683165,草本湿地,edge,,,,,,,,,,,
M3A-w7-2830,w7,101.627636,25.024748,乔木,core,,,,,,,,,,,
M3A-w7-2831,w7,104.323121,24.369876,乔木,core,,,,,,,,,,,
M3A-w7-2832,w7,102.271997,24.75741,乔木,core,,,,,,,,,,,
M3A-w7-2833,w7,102.512656,23.758663,乔木,core,,,,,,,,,,,
M3A-w7-2834,w7,104.2703,26.262537,乔木,core,,,,,,,,,,,
M3A-w7-2835,w7,103.994337,25.510647,乔木,core,,,,,,,,,,,
M3A-w7-2836,w7,104.226372,24.345083,乔木,core,,,,,,,,,,,
M3A-w7-2837,w7,103.41681,26.702891,乔木,core,,,,,,,,,,,
M3A-w7-2838,w7,104.87289,26.515862,乔木,core,,,,,,,,,,,
M3A-w7-2839,w7,105.457154,24.615116,乔木,core,,,,,,,,,,,
M3A-w7-2840,w7,102.479778,24.512978,乔木,core,,,,,,,,,,,
M3A-w7-2841,w7,102.113265,25.344099,乔木,core,,,,,,,,,,,
M3A-w7-2842,w7,105.492188,24.488184,乔木,core,,,,,,,,,,,
M3A-w7-2843,w7,102.708309,25.150063,乔木,core,,,,,,,,,,,
M3A-w7-2844,w7,102.683515,26.001127,乔木,core,,,,,,,,,,,
M3A-w7-2845,w7,105.169064,26.510741,乔木,core,,,,,,,,,,,
M3A-w7-2846,w7,104.756737,26.144229,乔木,core,,,,,,,,,,,
M3A-w7-2847,w7,105.442601,24.484681,乔木,core,,,,,,,,,,,
M3A-w7-2848,w7,102.172015,26.848688,乔木,core,,,,,,,,,,,
M3A-w7-2849,w7,105.058302,25.073257,乔木,core,,,,,,,,,,,
M3A-w7-2850,w7,102.550924,24.752289,乔木,core,,,,,,,,,,,
M3A-w7-2851,w7,104.596119,24.405719,乔木,core,,,,,,,,,,,
M3A-w7-2852,w7,104.887981,25.651054,乔木,core,,,,,,,,,,,
M3A-w7-2853,w7,103.815123,25.02394,乔木,core,,,,,,,,,,,
M3A-w7-2854,w7,104.642202,24.478752,乔木,core,,,,,,,,,,,
M3A-w7-2855,w7,102.004659,25.170545,乔木,core,,,,,,,,,,,
M3A-w7-2856,w7,105.082556,26.398901,乔木,core,,,,,,,,,,,
M3A-w7-2857,w7,102.915011,24.315708,乔木,core,,,,,,,,,,,
M3A-w7-2858,w7,105.475749,24.302503,乔木,core,,,,,,,,,,,
M3A-w7-2859,w7,104.234457,26.623121,乔木,core,,,,,,,,,,,
M3A-w7-2860,w7,104.994701,23.694253,乔木,core,,,,,,,,,,,
M3A-w7-2861,w7,103.067815,24.042171,乔木,core,,,,,,,,,,,
M3A-w7-2862,w7,102.378987,25.214203,乔木,core,,,,,,,,,,,
M3A-w7-2863,w7,102.417794,24.657697,乔木,core,,,,,,,,,,,
M3A-w7-2864,w7,103.323835,26.65034,灌丛,core,,,,,,,,,,,
M3A-w7-2865,w7,104.449514,26.730649,草地,core,,,,,,,,,,,
M3A-w7-2866,w7,105.167986,24.963573,草地,core,,,,,,,,,,,
M3A-w7-2867,w7,104.793119,25.662642,草地,core,,,,,,,,,,,
M3A-w7-2868,w7,104.752156,26.812036,草地,core,,,,,,,,,,,
M3A-w7-2869,w7,101.618742,26.533648,草地,core,,,,,,,,,,,
M3A-w7-2870,w7,101.917612,26.458729,草地,core,,,,,,,,,,,
M3A-w7-2871,w7,104.593154,25.549993,草地,core,,,,,,,,,,,
M3A-w7-2872,w7,104.755929,24.410301,草地,core,,,,,,,,,,,
M3A-w7-2873,w7,102.449864,26.291642,草地,core,,,,,,,,,,,
M3A-w7-2874,w7,102.313499,26.274934,草地,core,,,,,,,,,,,
M3A-w7-2875,w7,103.012838,26.141534,草地,core,,,,,,,,,,,
M3A-w7-2876,w7,103.383123,24.116282,草地,core,,,,,,,,,,,
M3A-w7-2877,w7,101.853472,26.059877,草地,core,,,,,,,,,,,
M3A-w7-2878,w7,101.74271,25.366467,草地,core,,,,,,,,,,,
M3A-w7-2879,w7,102.212978,24.437789,草地,core,,,,,,,,,,,
M3A-w7-2880,w7,103.077247,26.581349,草地,core,,,,,,,,,,,
M3A-w7-2881,w7,103.818088,23.607207,草地,core,,,,,,,,,,,
M3A-w7-2882,w7,103.144621,25.997893,草地,core,,,,,,,,,,,
M3A-w7-2883,w7,103.465319,25.860451,草地,core,,,,,,,,,,,
M3A-w7-2884,w7,105.454728,25.916506,草地,core,,,,,,,,,,,
M3A-w7-2885,w7,104.72844,24.026001,草地,core,,,,,,,,,,,
M3A-w7-2886,w7,101.67318,26.105691,草地,core,,,,,,,,,,,
M3A-w7-2887,w7,102.723401,25.45028,草地,core,,,,,,,,,,,
M3A-w7-2888,w7,103.491999,26.265771,草地,core,,,,,,,,,,,
M3A-w7-2889,w7,104.135822,25.604701,草地,core,,,,,,,,,,,
M3A-w7-2890,w7,103.713254,24.28795,草地,core,,,,,,,,,,,
M3A-w7-2891,w7,105.351512,25.782836,草地,core,,,,,,,,,,,
M3A-w7-2892,w7,103.312246,23.96294,草地,core,,,,,,,,,,,
M3A-w7-2893,w7,102.624496,26.421539,耕地,core,,,,,,,,,,,
M3A-w7-2894,w7,103.410342,26.701544,耕地,core,,,,,,,,,,,
M3A-w7-2895,w7,102.670041,24.436442,耕地,core,,,,,,,,,,,
M3A-w7-2896,w7,103.572039,25.065711,耕地,core,,,,,,,,,,,
M3A-w7-2897,w7,103.593599,24.948751,耕地,core,,,,,,,,,,,
M3A-w7-2898,w7,102.024601,26.226964,耕地,core,,,,,,,,,,,
M3A-w7-2899,w7,101.721959,24.671171,耕地,core,,,,,,,,,,,
M3A-w7-2900,w7,103.446455,26.193816,耕地,core,,,,,,,,,,,
M3A-w7-2901,w7,104.037187,25.246273,耕地,core,,,,,,,,,,,
M3A-w7-2902,w7,103.383932,26.659502,耕地,core,,,,,,,,,,,
M3A-w7-2903,w7,102.694026,24.228931,耕地,core,,,,,,,,,,,
M3A-w7-2904,w7,104.117227,24.866016,耕地,core,,,,,,,,,,,
M3A-w7-2905,w7,104.645436,26.988286,耕地,core,,,,,,,,,,,
M3A-w7-2906,w7,103.789252,26.836021,耕地,core,,,,,,,,,,,
M3A-w7-2907,w7,104.616331,26.488912,耕地,core,,,,,,,,,,,
M3A-w7-2908,w7,103.90756,25.120149,耕地,core,,,,,,,,,,,
M3A-w7-2909,w7,103.124678,23.663262,耕地,core,,,,,,,,,,,
M3A-w7-2910,w7,105.150738,26.837638,耕地,core,,,,,,,,,,,
M3A-w7-2911,w7,103.689808,26.338804,耕地,core,,,,,,,,,,,
M3A-w7-2912,w7,103.067545,25.745916,耕地,core,,,,,,,,,,,
M3A-w7-2913,w7,104.956972,25.033372,耕地,core,,,,,,,,,,,
M3A-w7-2914,w7,103.570692,25.457557,耕地,core,,,,,,,,,,,
M3A-w7-2915,w7,103.460468,25.576404,耕地,core,,,,,,,,,,,
M3A-w7-2916,w7,103.825634,23.819299,耕地,core,,,,,,,,,,,
M3A-w7-2917,w7,104.087852,25.925938,耕地,core,,,,,,,,,,,
M3A-w7-2918,w7,105.42697,24.138919,耕地,core,,,,,,,,,,,
M3A-w7-2919,w7,103.177769,26.349314,耕地,core,,,,,,,,,,,
M3A-w7-2920,w7,103.982479,23.700991,耕地,core,,,,,,,,,,,
M3A-w7-2921,w7,102.68621,25.049542,建成区,core,,,,,,,,,,,
M3A-w7-2922,w7,102.667885,25.042265,建成区,core,,,,,,,,,,,
M3A-w7-2923,w7,103.037092,25.254358,建成区,core,,,,,,,,,,,
M3A-w7-2924,w7,102.577065,25.075952,建成区,core,,,,,,,,,,,
M3A-w7-2925,w7,102.811795,25.685818,建成区,core,,,,,,,,,,,
M3A-w7-2926,w7,103.921304,23.735486,建成区,core,,,,,,,,,,,
M3A-w7-2927,w7,102.869467,24.907249,建成区,core,,,,,,,,,,,
M3A-w7-2928,w7,102.879169,25.071101,建成区,core,,,,,,,,,,,
M3A-w7-2929,w7,104.405316,26.524216,建成区,core,,,,,,,,,,,
M3A-w7-2930,w7,104.589381,25.94103,建成区,core,,,,,,,,,,,
M3A-w7-2931,w7,102.70777,24.959531,建成区,core,,,,,,,,,,,
M3A-w7-2932,w7,102.902076,24.95468,建成区,core,,,,,,,,,,,
M3A-w7-2933,w7,103.793564,25.522505,建成区,core,,,,,,,,,,,
M3A-w7-2934,w7,103.851505,24.033817,建成区,core,,,,,,,,,,,
M3A-w7-2935,w7,104.863996,25.306101,裸地/稀疏,core,,,,,,,,,,,
M3A-w7-2936,w7,101.99846,26.68753,裸地/稀疏,core,,,,,,,,,,,
M3A-w7-2937,w7,102.176327,24.077744,裸地/稀疏,core,,,,,,,,,,,
M3A-w7-2938,w7,102.119733,26.327216,裸地/稀疏,core,,,,,,,,,,,
M3A-w7-2939,w7,102.59566,24.63479,裸地/稀疏,core,,,,,,,,,,,
M3A-w7-2940,w7,103.696546,24.939049,裸地/稀疏,core,,,,,,,,,,,
M3A-w7-2941,w7,103.093147,26.226964,裸地/稀疏,core,,,,,,,,,,,
M3A-w7-2942,w7,101.836764,26.423156,裸地/稀疏,core,,,,,,,,,,,
M3A-w7-2943,w7,103.893546,23.761627,裸地/稀疏,core,,,,,,,,,,,
M3A-w7-2944,w7,102.83039,25.126348,裸地/稀疏,core,,,,,,,,,,,
M3A-w7-2945,w7,104.873159,23.563549,裸地/稀疏,core,,,,,,,,,,,
M3A-w7-2946,w7,102.901267,26.976967,裸地/稀疏,core,,,,,,,,,,,
M3A-w7-2947,w7,104.046619,25.00804,裸地/稀疏,core,,,,,,,,,,,
M3A-w7-2948,w7,102.791313,24.379578,水体,core,,,,,,,,,,,
M3A-w7-2949,w7,102.934415,24.625088,水体,core,,,,,,,,,,,
M3A-w7-2950,w7,102.322662,26.239091,水体,core,,,,,,,,,,,
M3A-w7-2951,w7,102.92121,24.557714,水体,core,,,,,,,,,,,
M3A-w7-2952,w7,104.091355,25.200189,水体,core,,,,,,,,,,,
M3A-w7-2953,w7,102.810986,24.187968,水体,core,,,,,,,,,,,
M3A-w7-2954,w7,102.649559,24.701355,水体,core,,,,,,,,,,,
M3A-w7-2955,w7,102.805597,24.180152,水体,core,,,,,,,,,,,
M3A-w7-2956,w7,102.860034,24.615655,水体,core,,,,,,,,,,,
M3A-w7-2957,w7,102.754662,24.827209,水体,core,,,,,,,,,,,
M3A-w7-2958,w7,102.726365,24.914525,水体,core,,,,,,,,,,,
M3A-w7-2959,w7,103.012568,24.935276,水体,core,,,,,,,,,,,
M3A-w7-2960,w7,103.002867,24.936623,水体,core,,,,,,,,,,,
M3A-w7-2961,w7,103.595216,25.501215,水体,core,,,,,,,,,,,
M3A-w7-2962,w7,102.761938,24.156437,水体,core,,,,,,,,,,,
M3A-w7-2963,w7,102.63312,24.701624,水体,core,,,,,,,,,,,
M3A-w7-2964,w7,102.614794,24.71968,水体,core,,,,,,,,,,,
M3A-w7-2965,w7,102.86785,24.499234,水体,core,,,,,,,,,,,
M3A-w7-2966,w7,101.739745,25.041996,水体,core,,,,,,,,,,,
M3A-w7-2967,w7,104.031797,24.440214,水体,core,,,,,,,,,,,
M3A-w7-2968,w7,102.64363,24.980551,水体,core,,,,,,,,,,,
M3A-w7-2969,w7,102.759513,24.895391,水体,core,,,,,,,,,,,
M3A-w7-2970,w7,102.649559,24.72534,水体,core,,,,,,,,,,,
M3A-w7-2971,w7,103.424087,24.983516,水体,core,,,,,,,,,,,
M3A-w7-2972,w7,102.85195,24.404102,水体,core,,,,,,,,,,,
M3A-w7-2973,w7,102.856801,24.416499,水体,core,,,,,,,,,,,
M3A-w7-2974,w7,102.772718,24.870867,水体,core,,,,,,,,,,,
M3A-w7-2975,w7,102.898303,24.472284,水体,core,,,,,,,,,,,
M3A-w7-2976,w7,102.941691,24.57577,水体,core,,,,,,,,,,,
M3A-w7-2977,w7,102.639588,24.693,水体,core,,,,,,,,,,,
M3A-w7-2978,w7,102.65953,24.875987,水体,core,,,,,,,,,,,
M3A-w7-2979,w7,102.790505,24.313282,水体,core,,,,,,,,,,,
M3A-w7-2980,w7,102.869736,24.505432,水体,core,,,,,,,,,,,
M3A-w7-2981,w7,102.86219,24.528339,水体,core,,,,,,,,,,,
M3A-w7-2982,w7,102.663034,24.748516,水体,core,,,,,,,,,,,
M3A-w7-2983,w7,102.927678,24.583586,水体,core,,,,,,,,,,,
M3A-w7-2984,w7,102.693756,24.898894,水体,core,,,,,,,,,,,
M3A-w7-2985,w7,102.657914,24.780047,水体,core,,,,,,,,,,,
M3A-w7-2986,w7,102.864616,25.010465,乔木,edge,,,,,,,,,,,
M3A-w7-2987,w7,103.628633,26.428815,乔木,edge,,,,,,,,,,,
M3A-w7-2988,w7,104.557042,26.488912,乔木,edge,,,,,,,,,,,
M3A-w7-2989,w7,104.369204,26.641985,乔木,edge,,,,,,,,,,,
M3A-w7-2990,w7,101.861018,26.688338,乔木,edge,,,,,,,,,,,
M3A-w7-2991,w7,104.827075,26.069309,乔木,edge,,,,,,,,,,,
M3A-w7-2992,w7,104.632231,24.997799,乔木,edge,,,,,,,,,,,
M3A-w7-2993,w7,103.456426,24.891618,乔木,edge,,,,,,,,,,,
M3A-w7-2994,w7,103.951218,26.350662,乔木,edge,,,,,,,,,,,
M3A-w7-2995,w7,102.293826,24.691383,乔木,edge,,,,,,,,,,,
M3A-w7-2996,w7,103.168875,24.948212,乔木,edge,,,,,,,,,,,
M3A-w7-2997,w7,104.463797,26.818774,乔木,edge,,,,,,,,,,,
M3A-w7-2998,w7,105.082287,24.83179,乔木,edge,,,,,,,,,,,
M3A-w7-2999,w7,104.743802,25.723548,乔木,edge,,,,,,,,,,,
M3A-w7-3000,w7,103.738587,26.315897,乔木,edge,,,,,,,,,,,
M3A-w7-3001,w7,103.573387,23.906885,乔木,edge,,,,,,,,,,,
M3A-w7-3002,w7,105.126753,25.32254,乔木,edge,,,,,,,,,,,
M3A-w7-3003,w7,104.959936,26.301883,乔木,edge,,,,,,,,,,,
M3A-w7-3004,w7,102.685941,25.787418,乔木,edge,,,,,,,,,,,
M3A-w7-3005,w7,102.762747,25.3759,乔木,edge,,,,,,,,,,,
M3A-w7-3006,w7,104.817374,24.992678,灌丛,edge,,,,,,,,,,,
M3A-w7-3007,w7,103.36345,25.689052,灌丛,edge,,,,,,,,,,,
M3A-w7-3008,w7,104.833543,25.706569,灌丛,edge,,,,,,,,,,,
M3A-w7-3009,w7,104.513923,26.326946,灌丛,edge,,,,,,,,,,,
M3A-w7-3010,w7,105.17661,25.55161,灌丛,edge,,,,,,,,,,,
M3A-w7-3011,w7,104.816835,24.98648,灌丛,edge,,,,,,,,,,,
M3A-w7-3012,w7,104.748652,26.08494,灌丛,edge,,,,,,,,,,,
M3A-w7-3013,w7,103.188548,26.898275,灌丛,edge,,,,,,,,,,,
M3A-w7-3014,w7,105.100073,26.451722,灌丛,edge,,,,,,,,,,,
M3A-w7-3015,w7,105.294379,26.644411,灌丛,edge,,,,,,,,,,,
M3A-w7-3016,w7,104.524433,25.630572,灌丛,edge,,,,,,,,,,,
M3A-w7-3017,w7,105.393284,26.598866,灌丛,edge,,,,,,,,,,,
M3A-w7-3018,w7,104.777488,25.672883,灌丛,edge,,,,,,,,,,,
M3A-w7-3019,w7,104.945923,25.738909,灌丛,edge,,,,,,,,,,,
M3A-w7-3020,w7,103.234632,26.776194,灌丛,edge,,,,,,,,,,,
M3A-w7-3021,w7,105.494344,26.501848,灌丛,edge,,,,,,,,,,,
M3A-w7-3022,w7,104.998743,25.389105,灌丛,edge,,,,,,,,,,,
M3A-w7-3023,w7,105.468473,26.473821,灌丛,edge,,,,,,,,,,,
M3A-w7-3024,w7,104.859415,26.315627,灌丛,edge,,,,,,,,,,,
M3A-w7-3025,w7,105.476557,26.486217,灌丛,edge,,,,,,,,,,,
M3A-w7-3026,w7,105.269855,24.592748,灌丛,edge,,,,,,,,,,,
M3A-w7-3027,w7,105.366604,26.090599,灌丛,edge,,,,,,,,,,,
M3A-w7-3028,w7,104.21128,25.216628,灌丛,edge,,,,,,,,,,,
M3A-w7-3029,w7,104.723859,25.914889,灌丛,edge,,,,,,,,,,,
M3A-w7-3030,w7,105.33669,25.137936,灌丛,edge,,,,,,,,,,,
M3A-w7-3031,w7,104.556772,26.047211,灌丛,edge,,,,,,,,,,,
M3A-w7-3032,w7,105.25099,24.628861,灌丛,edge,,,,,,,,,,,
M3A-w7-3033,w7,105.028118,26.434744,灌丛,edge,,,,,,,,,,,
M3A-w7-3034,w7,102.841439,26.134527,灌丛,edge,,,,,,,,,,,
M3A-w7-3035,w7,104.977992,25.734327,灌丛,edge,,,,,,,,,,,
M3A-w7-3036,w7,105.073663,26.933309,灌丛,edge,,,,,,,,,,,
M3A-w7-3037,w7,105.070699,26.333683,灌丛,edge,,,,,,,,,,,
M3A-w7-3038,w7,104.797701,24.980551,灌丛,edge,,,,,,,,,,,
M3A-w7-3039,w7,105.210566,25.713037,灌丛,edge,,,,,,,,,,,
M3A-w7-3040,w7,104.748383,26.477324,灌丛,edge,,,,,,,,,,,
M3A-w7-3041,w7,104.610941,26.269544,灌丛,edge,,,,,,,,,,,
M3A-w7-3042,w7,105.007098,25.846168,灌丛,edge,,,,,,,,,,,
M3A-w7-3043,w7,105.250451,26.326407,灌丛,edge,,,,,,,,,,,
M3A-w7-3044,w7,104.469995,25.384254,灌丛,edge,,,,,,,,,,,
M3A-w7-3045,w7,105.162327,26.419113,灌丛,edge,,,,,,,,,,,
M3A-w7-3046,w7,104.676158,26.707742,灌丛,edge,,,,,,,,,,,
M3A-w7-3047,w7,105.173645,25.309065,灌丛,edge,,,,,,,,,,,
M3A-w7-3048,w7,103.263468,26.126442,灌丛,edge,,,,,,,,,,,
M3A-w7-3049,w7,104.512575,25.451628,灌丛,edge,,,,,,,,,,,
M3A-w7-3050,w7,103.234093,26.564371,灌丛,edge,,,,,,,,,,,
M3A-w7-3051,w7,104.897414,26.658155,灌丛,edge,,,,,,,,,,,
M3A-w7-3052,w7,105.13403,25.300172,灌丛,edge,,,,,,,,,,,
M3A-w7-3053,w7,104.823302,24.988366,灌丛,edge,,,,,,,,,,,
M3A-w7-3054,w7,105.000899,25.456748,灌丛,edge,,,,,,,,,,,
M3A-w7-3055,w7,105.042941,25.411473,灌丛,edge,,,,,,,,,,,
M3A-w7-3056,w7,104.212628,25.613324,灌丛,edge,,,,,,,,,,,
M3A-w7-3057,w7,104.097823,25.565085,灌丛,edge,,,,,,,,,,,
M3A-w7-3058,w7,105.138072,26.844106,灌丛,edge,,,,,,,,,,,
M3A-w7-3059,w7,104.815757,25.644586,灌丛,edge,,,,,,,,,,,
M3A-w7-3060,w7,104.80309,24.982168,灌丛,edge,,,,,,,,,,,
M3A-w7-3061,w7,105.00063,25.896024,灌丛,edge,,,,,,,,,,,
M3A-w7-3062,w7,105.205715,25.356496,灌丛,edge,,,,,,,,,,,
M3A-w7-3063,w7,105.41646,25.270797,灌丛,edge,,,,,,,,,,,
M3A-w7-3064,w7,105.221615,25.716541,灌丛,edge,,,,,,,,,,,
M3A-w7-3065,w7,103.969005,25.531398,草地,edge,,,,,,,,,,,
M3A-w7-3066,w7,104.392381,23.962131,草地,edge,,,,,,,,,,,
M3A-w7-3067,w7,103.53943,25.378864,草地,edge,,,,,,,,,,,
M3A-w7-3068,w7,103.972778,26.332066,草地,edge,,,,,,,,,,,
M3A-w7-3069,w7,103.114707,26.042899,草地,edge,,,,,,,,,,,
M3A-w7-3070,w7,102.571675,24.75175,草地,edge,,,,,,,,,,,
M3A-w7-3071,w7,104.386182,24.683838,草地,edge,,,,,,,,,,,
M3A-w7-3072,w7,101.791488,26.448219,草地,edge,,,,,,,,,,,
M3A-w7-3073,w7,103.40118,25.179977,草地,edge,,,,,,,,,,,
M3A-w7-3074,w7,103.583088,24.822897,草地,edge,,,,,,,,,,,
M3A-w7-3075,w7,101.910336,25.84482,草地,edge,,,,,,,,,,,
M3A-w7-3076,w7,105.447452,23.564896,草地,edge,,,,,,,,,,,
M3A-w7-3077,w7,102.054246,26.460346,草地,edge,,,,,,,,,,,
M3A-w7-3078,w7,103.834796,26.12752,草地,edge,,,,,,,,,,,
M3A-w7-3079,w7,102.909621,24.807266,草地,edge,,,,,,,,,,,
M3A-w7-3080,w7,101.624402,26.066884,草地,edge,,,,,,,,,,,
M3A-w7-3081,w7,105.463891,26.477055,草地,edge,,,,,,,,,,,
M3A-w7-3082,w7,102.811525,24.804841,草地,edge,,,,,,,,,,,
M3A-w7-3083,w7,103.892468,23.633348,草地,edge,,,,,,,,,,,
M3A-w7-3084,w7,104.643011,26.290564,草地,edge,,,,,,,,,,,
M3A-w7-3085,w7,104.911158,26.09006,草地,edge,,,,,,,,,,,
M3A-w7-3086,w7,102.767059,26.124556,草地,edge,,,,,,,,,,,
M3A-w7-3087,w7,101.689619,23.556542,草地,edge,,,,,,,,,,,
M3A-w7-3088,w7,103.056496,25.78095,草地,edge,,,,,,,,,,,
M3A-w7-3089,w7,103.914836,25.948845,草地,edge,,,,,,,,,,,
M3A-w7-3090,w7,104.625763,25.150602,草地,edge,,,,,,,,,,,
M3A-w7-3091,w7,101.782056,25.465911,草地,edge,,,,,,,,,,,
M3A-w7-3092,w7,103.180464,26.936004,草地,edge,,,,,,,,,,,
M3A-w7-3093,w7,105.232126,23.593193,草地,edge,,,,,,,,,,,
M3A-w7-3094,w7,104.295093,26.477324,草地,edge,,,,,,,,,,,
M3A-w7-3095,w7,103.088027,23.833582,草地,edge,,,,,,,,,,,
M3A-w7-3096,w7,105.355285,23.601008,草地,edge,,,,,,,,,,,
M3A-w7-3097,w7,102.518315,26.634439,草地,edge,,,,,,,,,,,
M3A-w7-3098,w7,105.344505,25.178091,草地,edge,,,,,,,,,,,
M3A-w7-3099,w7,104.523894,25.177013,草地,edge,,,,,,,,,,,
M3A-w7-3100,w7,104.165736,25.155184,草地,edge,,,,,,,,,,,
M3A-w7-3101,w7,102.819341,24.683029,耕地,edge,,,,,,,,,,,
M3A-w7-3102,w7,104.295902,26.752747,耕地,edge,,,,,,,,,,,
M3A-w7-3103,w7,105.266621,26.374916,耕地,edge,,,,,,,,,,,
M3A-w7-3104,w7,103.610038,26.975889,耕地,edge,,,,,,,,,,,
M3A-w7-3105,w7,102.381143,26.508585,耕地,edge,,,,,,,,,,,
M3A-w7-3106,w7,101.926236,24.445604,耕地,edge,,,,,,,,,,,
M3A-w7-3107,w7,102.328322,25.246542,耕地,edge,,,,,,,,,,,
M3A-w7-3108,w7,105.243445,24.233243,耕地,edge,,,,,,,,,,,
M3A-w7-3109,w7,102.63824,26.762449,耕地,edge,,,,,,,,,,,
M3A-w7-3110,w7,103.576351,25.059244,耕地,edge,,,,,,,,,,,
M3A-w7-3111,w7,103.408995,24.353976,耕地,edge,,,,,,,,,,,
M3A-w7-3112,w7,102.332095,26.177916,耕地,edge,,,,,,,,,,,
M3A-w7-3113,w7,103.146238,23.65356,耕地,edge,,,,,,,,,,,
M3A-w7-3114,w7,104.974489,25.703336,耕地,edge,,,,,,,,,,,
M3A-w7-3115,w7,104.821416,24.806188,耕地,edge,,,,,,,,,,,
M3A-w7-3116,w7,103.015802,23.822263,耕地,edge,,,,,,,,,,,
M3A-w7-3117,w7,103.642916,24.995104,耕地,edge,,,,,,,,,,,
M3A-w7-3118,w7,104.791772,25.879316,耕地,edge,,,,,,,,,,,
M3A-w7-3119,w7,104.239308,26.477863,耕地,edge,,,,,,,,,,,
M3A-w7-3120,w7,101.770198,25.513881,耕地,edge,,,,,,,,,,,
M3A-w7-3121,w7,104.719008,25.223905,耕地,edge,,,,,,,,,,,
M3A-w7-3122,w7,104.593424,26.62878,耕地,edge,,,,,,,,,,,
M3A-w7-3123,w7,103.750445,27.008767,耕地,edge,,,,,,,,,,,
M3A-w7-3124,w7,103.789252,25.694173,耕地,edge,,,,,,,,,,,
M3A-w7-3125,w7,103.984366,25.953427,耕地,edge,,,,,,,,,,,
M3A-w7-3126,w7,104.02479,26.458998,耕地,edge,,,,,,,,,,,
M3A-w7-3127,w7,103.669866,25.478577,耕地,edge,,,,,,,,,,,
M3A-w7-3128,w7,105.352859,25.651323,耕地,edge,,,,,,,,,,,
M3A-w7-3129,w7,103.660703,24.480639,耕地,edge,,,,,,,,,,,
M3A-w7-3130,w7,101.794183,25.909768,耕地,edge,,,,,,,,,,,
M3A-w7-3131,w7,103.570153,25.723009,耕地,edge,,,,,,,,,,,
M3A-w7-3132,w7,103.29419,24.365564,耕地,edge,,,,,,,,,,,
M3A-w7-3133,w7,104.017244,26.956216,耕地,edge,,,,,,,,,,,
M3A-w7-3134,w7,105.371993,25.534093,耕地,edge,,,,,,,,,,,
M3A-w7-3135,w7,102.457949,25.783914,耕地,edge,,,,,,,,,,,
M3A-w7-3136,w7,102.839553,26.718791,耕地,edge,,,,,,,,,,,
M3A-w7-3137,w7,101.640841,26.648184,耕地,edge,,,,,,,,,,,
M3A-w7-3138,w7,104.250088,26.495111,耕地,edge,,,,,,,,,,,
M3A-w7-3139,w7,103.665284,25.98873,耕地,edge,,,,,,,,,,,
M3A-w7-3140,w7,103.982749,25.717349,耕地,edge,,,,,,,,,,,
M3A-w7-3141,w7,105.429665,25.957738,耕地,edge,,,,,,,,,,,
M3A-w7-3142,w7,103.247298,25.810594,耕地,edge,,,,,,,,,,,
M3A-w7-3143,w7,101.977709,26.198128,建成区,edge,,,,,,,,,,,
M3A-w7-3144,w7,103.633484,25.404736,建成区,edge,,,,,,,,,,,
M3A-w7-3145,w7,102.746577,25.032833,建成区,edge,,,,,,,,,,,
M3A-w7-3146,w7,103.824017,24.880299,建成区,edge,,,,,,,,,,,
M3A-w7-3147,w7,104.300752,25.992773,建成区,edge,,,,,,,,,,,
M3A-w7-3148,w7,104.745688,26.430432,建成区,edge,,,,,,,,,,,
M3A-w7-3149,w7,102.89453,24.850655,建成区,edge,,,,,,,,,,,
M3A-w7-3150,w7,103.199059,25.557539,建成区,edge,,,,,,,,,,,
M3A-w7-3151,w7,105.04321,25.202076,建成区,edge,,,,,,,,,,,
M3A-w7-3152,w7,103.442682,24.399251,建成区,edge,,,,,,,,,,,
M3A-w7-3153,w7,102.09979,25.267024,建成区,edge,,,,,,,,,,,
M3A-w7-3154,w7,103.088566,24.791366,建成区,edge,,,,,,,,,,,
M3A-w7-3155,w7,104.253591,26.917948,建成区,edge,,,,,,,,,,,
M3A-w7-3156,w7,103.638604,25.329547,建成区,edge,,,,,,,,,,,
M3A-w7-3157,w7,101.866947,24.512439,建成区,edge,,,,,,,,,,,
M3A-w7-3158,w7,102.476544,24.213569,建成区,edge,,,,,,,,,,,
M3A-w7-3159,w7,104.671847,24.027618,建成区,edge,,,,,,,,,,,
M3A-w7-3160,w7,104.728171,26.630936,建成区,edge,,,,,,,,,,,
M3A-w7-3161,w7,102.795625,24.851463,建成区,edge,,,,,,,,,,,
M3A-w7-3162,w7,102.846021,24.852272,建成区,edge,,,,,,,,,,,
M3A-w7-3163,w7,103.290417,23.723898,建成区,edge,,,,,,,,,,,
M3A-w7-3164,w7,103.638335,25.032025,建成区,edge,,,,,,,,,,,
M3A-w7-3165,w7,102.480047,24.948751,建成区,edge,,,,,,,,,,,
M3A-w7-3166,w7,102.918515,25.054662,建成区,edge,,,,,,,,,,,
M3A-w7-3167,w7,105.277401,24.781125,建成区,edge,,,,,,,,,,,
M3A-w7-3168,w7,102.183064,25.254627,建成区,edge,,,,,,,,,,,
M3A-w7-3169,w7,104.0194,26.139378,建成区,edge,,,,,,,,,,,
M3A-w7-3170,w7,105.102499,25.188331,建成区,edge,,,,,,,,,,,
M3A-w7-3171,w7,102.832815,24.526453,建成区,edge,,,,,,,,,,,
M3A-w7-3172,w7,102.573562,24.353437,建成区,edge,,,,,,,,,,,
M3A-w7-3173,w7,105.241558,26.617461,建成区,edge,,,,,,,,,,,
M3A-w7-3174,w7,103.627825,24.63479,裸地/稀疏,edge,,,,,,,,,,,
M3A-w7-3175,w7,104.644358,26.80988,裸地/稀疏,edge,,,,,,,,,,,
M3A-w7-3176,w7,102.950046,26.886956,裸地/稀疏,edge,,,,,,,,,,,
M3A-w7-3177,w7,103.638335,25.372666,裸地/稀疏,edge,,,,,,,,,,,
M3A-w7-3178,w7,101.624941,24.696773,裸地/稀疏,edge,,,,,,,,,,,
M3A-w7-3179,w7,103.787904,25.435727,裸地/稀疏,edge,,,,,,,,,,,
M3A-w7-3180,w7,104.57429,26.553321,裸地/稀疏,edge,,,,,,,,,,,
M3A-w7-3181,w7,103.215498,24.177996,裸地/稀疏,edge,,,,,,,,,,,
M3A-w7-3182,w7,103.140309,26.697501,裸地/稀疏,edge,,,,,,,,,,,
M3A-w7-3183,w7,102.604015,25.222288,裸地/稀疏,edge,,,,,,,,,,,
M3A-w7-3184,w7,102.219715,26.207829,裸地/稀疏,edge,,,,,,,,,,,
M3A-w7-3185,w7,101.873954,24.508936,裸地/稀疏,edge,,,,,,,,,,,
M3A-w7-3186,w7,103.114168,26.285983,裸地/稀疏,edge,,,,,,,,,,,
M3A-w7-3187,w7,101.723845,25.687166,裸地/稀疏,edge,,,,,,,,,,,
M3A-w7-3188,w7,103.300928,25.710342,裸地/稀疏,edge,,,,,,,,,,,
M3A-w7-3189,w7,104.478888,25.691208,裸地/稀疏,edge,,,,,,,,,,,
M3A-w7-3190,w7,104.534404,25.978759,裸地/稀疏,edge,,,,,,,,,,,
M3A-w7-3191,w7,104.11561,26.345002,裸地/稀疏,edge,,,,,,,,,,,
M3A-w7-3192,w7,102.897494,23.627419,裸地/稀疏,edge,,,,,,,,,,,
M3A-w7-3193,w7,103.292034,24.754984,裸地/稀疏,edge,,,,,,,,,,,
M3A-w7-3194,w7,105.289528,25.881471,裸地/稀疏,edge,,,,,,,,,,,
M3A-w7-3195,w7,104.500448,25.219593,裸地/稀疏,edge,,,,,,,,,,,
M3A-w7-3196,w7,101.722498,24.353707,裸地/稀疏,edge,,,,,,,,,,,
M3A-w7-3197,w7,103.298233,25.421444,裸地/稀疏,edge,,,,,,,,,,,
M3A-w7-3198,w7,101.606615,25.022592,裸地/稀疏,edge,,,,,,,,,,,
M3A-w7-3199,w7,102.343683,24.511361,裸地/稀疏,edge,,,,,,,,,,,
M3A-w7-3200,w7,102.284664,26.878062,裸地/稀疏,edge,,,,,,,,,,,
M3A-w7-3201,w7,103.234901,23.682665,裸地/稀疏,edge,,,,,,,,,,,
M3A-w7-3202,w7,105.386816,25.089427,裸地/稀疏,edge,,,,,,,,,,,
M3A-w7-3203,w7,102.889409,26.933848,水体,edge,,,,,,,,,,,
M3A-w7-3204,w7,102.610482,24.68276,水体,edge,,,,,,,,,,,
M3A-w7-3205,w7,103.686305,24.712134,水体,edge,,,,,,,,,,,
M3A-w7-3206,w7,104.605012,25.408778,水体,edge,,,,,,,,,,,
M3A-w7-3207,w7,103.406839,24.8264,水体,edge,,,,,,,,,,,
M3A-w7-3208,w7,102.715585,24.282021,水体,edge,,,,,,,,,,,
M3A-w7-3209,w7,103.121444,25.657791,水体,edge,,,,,,,,,,,
