<?xml version="1.0" encoding="UTF-8"?>
<kml xmlns="http://www.opengis.net/kml/2.2"><Document>
<name>M3A 独立验证点</name>
<Placemark><name>M3A-w1-0000</name><description>区域=w1 类别=乔木 带=core 距母库=1.60km</description><Point><coordinates>126.134395,43.318849,0</coordinates></Point></Placemark>
<Placemark><name>M3A-w1-0001</name><description>区域=w1 类别=乔木 带=core 距母库=1.20km</description><Point><coordinates>125.937934,43.023214,0</coordinates></Point></Placemark>
<Placemark><name>M3A-w1-0002</name><description>区域=w1 类别=乔木 带=core 距母库=1.02km</description><Point><coordinates>125.233205,43.906886,0</coordinates></Point></Placemark>
<Placemark><name>M3A-w1-0003</name><description>区域=w1 类别=乔木 带=core 距母库=1.02km</description><Point><coordinates>126.063518,45.157072,0</coordinates></Point></Placemark>
<Placemark><name>M3A-w1-0004</name><description>区域=w1 类别=乔木 带=core 距母库=1.66km</description><Point><coordinates>126.212818,43.311034,0</coordinates></Point></Placemark>
<Placemark><name>M3A-w1-0005</name><description>区域=w1 类别=乔木 带=core 距母库=1.34km</description><Point><coordinates>122.966486,43.513424,0</coordinates></Point></Placemark>
<Placemark><name>M3A-w1-0006</name><description>区域=w1 类别=乔木 带=core 距母库=1.11km</description><Point><coordinates>125.959493,43.541991,0</coordinates></Point></Placemark>
<Placemark><name>M3A-w1-0007</name><description>区域=w1 类别=乔木 带=core 距母库=1.23km</description><Point><coordinates>126.384756,43.780493,0</coordinates></Point></Placemark>
<Placemark><name>M3A-w1-0008</name><description>区域=w1 类别=乔木 带=core 距母库=1.11km</description><Point><coordinates>124.367050,46.632555,0</coordinates></Point></Placemark>
<Placemark><name>M3A-w1-0009</name><description>区域=w1 类别=乔木 带=core 距母库=1.06km</description><Point><coordinates>123.079135,46.986131,0</coordinates></Point></Placemark>
<Placemark><name>M3A-w1-0010</name><description>区域=w1 类别=乔木 带=core 距母库=1.02km</description><Point><coordinates>126.118226,43.258213,0</coordinates></Point></Placemark>
<Placemark><name>M3A-w1-0011</name><description>区域=w1 类别=乔木 带=core 距母库=1.36km</description><Point><coordinates>125.569804,43.146912,0</coordinates></Point></Placemark>
<Placemark><name>M3A-w1-0012</name><description>区域=w1 类别=乔木 带=core 距母库=1.28km</description><Point><coordinates>122.587038,47.405196,0</coordinates></Point></Placemark>
<Placemark><name>M3A-w1-0013</name><description>区域=w1 类别=乔木 带=core 距母库=1.32km</description><Point><coordinates>125.958415,43.158500,0</coordinates></Point></Placemark>
<Placemark><name>M3A-w1-0014</name><description>区域=w1 类别=乔木 带=core 距母库=1.09km</description><Point><coordinates>125.816931,43.088431,0</coordinates></Point></Placemark>
<Placemark><name>M3A-w1-0015</name><description>区域=w1 类别=乔木 带=core 距母库=1.54km</description><Point><coordinates>126.314148,43.452249,0</coordinates></Point></Placemark>
<Placemark><name>M3A-w1-0016</name><description>区域=w1 类别=乔木 带=core 距母库=1.07km</description><Point><coordinates>123.892470,43.482432,0</coordinates></Point></Placemark>
<Placemark><name>M3A-w1-0017</name><description>区域=w1 类别=乔木 带=core 距母库=1.11km</description><Point><coordinates>126.373706,43.744920,0</coordinates></Point></Placemark>
<Placemark><name>M3A-w1-0018</name><description>区域=w1 类别=乔木 带=core 距母库=1.53km</description><Point><coordinates>126.209584,43.625534,0</coordinates></Point></Placemark>
<Placemark><name>M3A-w1-0019</name><description>区域=w1 类别=乔木 带=core 距母库=1.08km</description><Point><coordinates>125.786747,43.184641,0</coordinates></Point></Placemark>
<Placemark><name>M3A-w1-0020</name><description>区域=w1 类别=乔木 带=core 距母库=1.36km</description><Point><coordinates>125.602682,43.899610,0</coordinates></Point></Placemark>
<Placemark><name>M3A-w1-0021</name><description>区域=w1 类别=草地 带=core 距母库=1.76km</description><Point><coordinates>124.041500,47.218975,0</coordinates></Point></Placemark>
<Placemark><name>M3A-w1-0022</name><description>区域=w1 类别=草地 带=core 距母库=1.07km</description><Point><coordinates>122.941693,46.238014,0</coordinates></Point></Placemark>
<Placemark><name>M3A-w1-0023</name><description>区域=w1 类别=草地 带=core 距母库=1.06km</description><Point><coordinates>124.606361,46.972657,0</coordinates></Point></Placemark>
<Placemark><name>M3A-w1-0024</name><description>区域=w1 类别=草地 带=core 距母库=2.26km</description><Point><coordinates>122.412945,46.104076,0</coordinates></Point></Placemark>
<Placemark><name>M3A-w1-0025</name><description>区域=w1 类别=草地 带=core 距母库=1.69km</description><Point><coordinates>122.556585,44.327298,0</coordinates></Point></Placemark>
<Placemark><name>M3A-w1-0026</name><description>区域=w1 类别=草地 带=core 距母库=1.36km</description><Point><coordinates>122.629618,43.478929,0</coordinates></Point></Placemark>
<Placemark><name>M3A-w1-0027</name><description>区域=w1 类别=草地 带=core 距母库=1.05km</description><Point><coordinates>122.803442,44.553673,0</coordinates></Point></Placemark>
<Placemark><name>M3A-w1-0028</name><description>区域=w1 类别=草地 带=core 距母库=1.56km</description><Point><coordinates>124.762129,47.315723,0</coordinates></Point></Placemark>
<Placemark><name>M3A-w1-0029</name><description>区域=w1 类别=草地 带=core 距母库=1.03km</description><Point><coordinates>122.789968,43.659490,0</coordinates></Point></Placemark>
<Placemark><name>M3A-w1-0030</name><description>区域=w1 类别=草地 带=core 距母库=1.26km</description><Point><coordinates>123.542396,44.601374,0</coordinates></Point></Placemark>
<Placemark><name>M3A-w1-0031</name><description>区域=w1 类别=草地 带=core 距母库=2.04km</description><Point><coordinates>122.704538,43.510190,0</coordinates></Point></Placemark>
<Placemark><name>M3A-w1-0032</name><description>区域=w1 类别=草地 带=core 距母库=2.02km</description><Point><coordinates>125.344776,47.089617,0</coordinates></Point></Placemark>
<Placemark><name>M3A-w1-0033</name><description>区域=w1 类别=草地 带=core 距母库=1.42km</description><Point><coordinates>123.891392,44.610806,0</coordinates></Point></Placemark>
<Placemark><name>M3A-w1-0034</name><description>区域=w1 类别=草地 带=core 距母库=1.08km</description><Point><coordinates>122.903425,46.185733,0</coordinates></Point></Placemark>
<Placemark><name>M3A-w1-0035</name><description>区域=w1 类别=草地 带=core 距母库=1.55km</description><Point><coordinates>122.213519,46.834945,0</coordinates></Point></Placemark>
<Placemark><name>M3A-w1-0036</name><description>区域=w1 类别=草地 带=core 距母库=1.73km</description><Point><coordinates>123.508440,45.333860,0</coordinates></Point></Placemark>
<Placemark><name>M3A-w1-0037</name><description>区域=w1 类别=草地 带=core 距母库=1.88km</description><Point><coordinates>122.195732,45.096435,0</coordinates></Point></Placemark>
<Placemark><name>M3A-w1-0038</name><description>区域=w1 类别=草地 带=core 距母库=1.54km</description><Point><coordinates>124.398311,44.809424,0</coordinates></Point></Placemark>
<Placemark><name>M3A-w1-0039</name><description>区域=w1 类别=草地 带=core 距母库=1.22km</description><Point><coordinates>122.656837,46.023766,0</coordinates></Point></Placemark>
<Placemark><name>M3A-w1-0040</name><description>区域=w1 类别=草地 带=core 距母库=2.04km</description><Point><coordinates>123.092340,43.872122,0</coordinates></Point></Placemark>
<Placemark><name>M3A-w1-0041</name><description>区域=w1 类别=草地 带=core 距母库=1.18km</description><Point><coordinates>122.805598,43.493482,0</coordinates></Point></Placemark>
<Placemark><name>M3A-w1-0042</name><description>区域=w1 类别=草地 带=core 距母库=1.88km</description><Point><coordinates>125.265275,46.999067,0</coordinates></Point></Placemark>
<Placemark><name>M3A-w1-0043</name><description>区域=w1 类别=草地 带=core 距母库=1.13km</description><Point><coordinates>122.227532,46.250142,0</coordinates></Point></Placemark>
<Placemark><name>M3A-w1-0044</name><description>区域=w1 类别=草地 带=core 距母库=1.40km</description><Point><coordinates>122.818803,47.059434,0</coordinates></Point></Placemark>
<Placemark><name>M3A-w1-0045</name><description>区域=w1 类别=草地 带=core 距母库=1.33km</description><Point><coordinates>122.505920,46.708552,0</coordinates></Point></Placemark>
<Placemark><name>M3A-w1-0046</name><description>区域=w1 类别=草地 带=core 距母库=1.49km</description><Point><coordinates>122.767330,43.425838,0</coordinates></Point></Placemark>
<Placemark><name>M3A-w1-0047</name><description>区域=w1 类别=草地 带=core 距母库=1.44km</description><Point><coordinates>122.073112,46.347160,0</coordinates></Point></Placemark>
<Placemark><name>M3A-w1-0048</name><description>区域=w1 类别=草地 带=core 距母库=1.39km</description><Point><coordinates>122.174172,45.285082,0</coordinates></Point></Placemark>
<Placemark><name>M3A-w1-0049</name><description>区域=w1 类别=草地 带=core 距母库=1.83km</description><Point><coordinates>125.164484,46.072275,0</coordinates></Point></Placemark>
<Placemark><name>M3A-w1-0050</name><description>区域=w1 类别=草地 带=core 距母库=1.79km</description><Point><coordinates>122.684595,43.129125,0</coordinates></Point></Placemark>
<Placemark><name>M3A-w1-0051</name><description>区域=w1 类别=草地 带=core 距母库=1.28km</description><Point><coordinates>123.872527,45.276188,0</coordinates></Point></Placemark>
<Placemark><name>M3A-w1-0052</name><description>区域=w1 类别=草地 带=core 距母库=1.68km</description><Point><coordinates>122.454986,44.185544,0</coordinates></Point></Placemark>
<Placemark><name>M3A-w1-0053</name><description>区域=w1 类别=草地 带=core 距母库=1.21km</description><Point><coordinates>125.764379,46.799372,0</coordinates></Point></Placemark>
<Placemark><name>M3A-w1-0054</name><description>区域=w1 类别=草地 带=core 距母库=1.71km</description><Point><coordinates>122.477623,44.039747,0</coordinates></Point></Placemark>
<Placemark><name>M3A-w1-0055</name><description>区域=w1 类别=草地 带=core 距母库=1.04km</description><Point><coordinates>123.316021,43.187875,0</coordinates></Point></Placemark>
<Placemark><name>M3A-w1-0056</name><description>区域=w1 类别=草地 带=core 距母库=2.09km</description><Point><coordinates>122.687829,43.426377,0</coordinates></Point></Placemark>
<Placemark><name>M3A-w1-0057</name><description>区域=w1 类别=草地 带=core 距母库=1.52km</description><Point><coordinates>122.662766,44.135418,0</coordinates></Point></Placemark>
<Placemark><name>M3A-w1-0058</name><description>区域=w1 类别=草地 带=core 距母库=1.01km</description><Point><coordinates>122.115153,45.568590,0</coordinates></Point></Placemark>
<Placemark><name>M3A-w1-0059</name><description>区域=w1 类别=草地 带=core 距母库=1.68km</description><Point><coordinates>124.557582,44.936086,0</coordinates></Point></Placemark>
<Placemark><name>M3A-w1-0060</name><description>区域=w1 类别=草地 带=core 距母库=1.39km</description><Point><coordinates>123.549673,45.799008,0</coordinates></Point></Placemark>
<Placemark><name>M3A-w1-0061</name><description>区域=w1 类别=草地 带=core 距母库=1.56km</description><Point><coordinates>123.945560,45.482352,0</coordinates></Point></Placemark>
<Placemark><name>M3A-w1-0062</name><description>区域=w1 类别=草地 带=core 距母库=1.26km</description><Point><coordinates>125.249375,47.239456,0</coordinates></Point></Placemark>
<Placemark><name>M3A-w1-0063</name><description>区域=w1 类别=耕地 带=core 距母库=1.28km</description><Point><coordinates>125.128911,45.991157,0</coordinates></Point></Placemark>
<Placemark><name>M3A-w1-0064</name><description>区域=w1 类别=耕地 带=core 距母库=1.09km</description><Point><coordinates>124.539526,44.515944,0</coordinates></Point></Placemark>
<Placemark><name>M3A-w1-0065</name><description>区域=w1 类别=耕地 带=core 距母库=1.00km</description><Point><coordinates>123.031165,46.940317,0</coordinates></Point></Placemark>
<Placemark><name>M3A-w1-0066</name><description>区域=w1 类别=耕地 带=core 距母库=1.13km</description><Point><coordinates>124.926521,44.216266,0</coordinates></Point></Placemark>
<Placemark><name>M3A-w1-0067</name><description>区域=w1 类别=耕地 带=core 距母库=1.07km</description><Point><coordinates>125.189278,43.488631,0</coordinates></Point></Placemark>
<Placemark><name>M3A-w1-0068</name><description>区域=w1 类别=耕地 带=core 距母库=1.05km</description><Point><coordinates>122.486786,43.537948,0</coordinates></Point></Placemark>
<Placemark><name>M3A-w1-0069</name><description>区域=w1 类别=耕地 带=core 距母库=1.21km</description><Point><coordinates>123.576622,43.903113,0</coordinates></Point></Placemark>
<Placemark><name>M3A-w1-0070</name><description>区域=w1 类别=耕地 带=core 距母库=1.05km</description><Point><coordinates>123.519759,47.181785,0</coordinates></Point></Placemark>
<Placemark><name>M3A-w1-0071</name><description>区域=w1 类别=耕地 带=core 距母库=2.00km</description><Point><coordinates>125.482757,45.327931,0</coordinates></Point></Placemark>
<Placemark><name>M3A-w1-0072</name><description>区域=w1 类别=耕地 带=core 距母库=1.50km</description><Point><coordinates>124.473500,43.519084,0</coordinates></Point></Placemark>
<Placemark><name>M3A-w1-0073</name><description>区域=w1 类别=耕地 带=core 距母库=1.11km</description><Point><coordinates>125.660354,45.414709,0</coordinates></Point></Placemark>
<Placemark><name>M3A-w1-0074</name><description>区域=w1 类别=耕地 带=core 距母库=1.12km</description><Point><coordinates>125.737969,44.287143,0</coordinates></Point></Placemark>
<Placemark><name>M3A-w1-0075</name><description>区域=w1 类别=耕地 带=core 距母库=1.33km</description><Point><coordinates>124.702301,43.665689,0</coordinates></Point></Placemark>
<Placemark><name>M3A-w1-0076</name><description>区域=w1 类别=耕地 带=core 距母库=1.50km</description><Point><coordinates>123.345396,44.904555,0</coordinates></Point></Placemark>
<Placemark><name>M3A-w1-0077</name><description>区域=w1 类别=耕地 带=core 距母库=1.34km</description><Point><coordinates>124.487244,43.460603,0</coordinates></Point></Placemark>
<Placemark><name>M3A-w1-0078</name><description>区域=w1 类别=耕地 带=core 距母库=1.12km</description><Point><coordinates>126.453207,47.078838,0</coordinates></Point></Placemark>
<Placemark><name>M3A-w1-0079</name><description>区域=w1 类别=耕地 带=core 距母库=1.19km</description><Point><coordinates>124.970718,44.932583,0</coordinates></Point></Placemark>
<Placemark><name>M3A-w1-0080</name><description>区域=w1 类别=耕地 带=core 距母库=1.01km</description><Point><coordinates>124.037188,44.135957,0</coordinates></Point></Placemark>
<Placemark><name>M3A-w1-0081</name><description>区域=w1 类别=耕地 带=core 距母库=2.06km</description><Point><coordinates>126.330857,44.075590,0</coordinates></Point></Placemark>
<Placemark><name>M3A-w1-0082</name><description>区域=w1 类别=耕地 带=core 距母库=1.18km</description><Point><coordinates>125.226199,43.185180,0</coordinates></Point></Placemark>
<Placemark><name>M3A-w1-0083</name><description>区域=w1 类别=耕地 带=core 距母库=1.22km</description><Point><coordinates>122.591350,45.699564,0</coordinates></Point></Placemark>
<Placemark><name>M3A-w1-0084</name><description>区域=w1 类别=耕地 带=core 距母库=1.28km</description><Point><coordinates>123.033860,44.062654,0</coordinates></Point></Placemark>
<Placemark><name>M3A-w1-0085</name><description>区域=w1 类别=耕地 带=core 距母库=1.61km</description><Point><coordinates>125.533422,45.125541,0</coordinates></Point></Placemark>
<Placemark><name>M3A-w1-0086</name><description>区域=w1 类别=耕地 带=core 距母库=1.30km</description><Point><coordinates>122.928757,46.045595,0</coordinates></Point></Placemark>
<Placemark><name>M3A-w1-0087</name><description>区域=w1 类别=耕地 带=core 距母库=1.15km</description><Point><coordinates>122.894531,47.006074,0</coordinates></Point></Placemark>
<Placemark><name>M3A-w1-0088</name><description>区域=w1 类别=耕地 带=core 距母库=1.00km</description><Point><coordinates>122.586499,44.467705,0</coordinates></Point></Placemark>
<Placemark><name>M3A-w1-0089</name><description>区域=w1 类别=耕地 带=core 距母库=1.50km</description><Point><coordinates>125.344776,47.421365,0</coordinates></Point></Placemark>
<Placemark><name>M3A-w1-0090</name><description>区域=w1 类别=耕地 带=core 距母库=1.04km</description><Point><coordinates>125.909906,47.276647,0</coordinates></Point></Placemark>
<Placemark><name>M3A-w1-0091</name><description>区域=w1 类别=耕地 带=core 距母库=1.32km</description><Point><coordinates>122.015710,44.367183,0</coordinates></Point></Placemark>
<Placemark><name>M3A-w1-0092</name><description>区域=w1 类别=耕地 带=core 距母库=1.20km</description><Point><coordinates>124.475926,43.180059,0</coordinates></Point></Placemark>
<Placemark><name>M3A-w1-0093</name><description>区域=w1 类别=耕地 带=core 距母库=1.36km</description><Point><coordinates>125.123521,46.282751,0</coordinates></Point></Placemark>
<Placemark><name>M3A-w1-0094</name><description>区域=w1 类别=耕地 带=core 距母库=1.06km</description><Point><coordinates>123.824557,44.661471,0</coordinates></Point></Placemark>
<Placemark><name>M3A-w1-0095</name><description>区域=w1 类别=耕地 带=core 距母库=1.20km</description><Point><coordinates>125.184427,44.364219,0</coordinates></Point></Placemark>
<Placemark><name>M3A-w1-0096</name><description>区域=w1 类别=耕地 带=core 距母库=1.03km</description><Point><coordinates>125.799683,43.965906,0</coordinates></Point></Placemark>
<Placemark><name>M3A-w1-0097</name><description>区域=w1 类别=耕地 带=core 距母库=1.54km</description><Point><coordinates>123.145970,46.300807,0</coordinates></Point></Placemark>
<Placemark><name>M3A-w1-0098</name><description>区域=w1 类别=耕地 带=core 距母库=1.19km</description><Point><coordinates>122.934686,47.153757,0</coordinates></Point></Placemark>
<Placemark><name>M3A-w1-0099</name><description>区域=w1 类别=耕地 带=core 距母库=1.87km</description><Point><coordinates>125.311089,46.978047,0</coordinates></Point></Placemark>
<Placemark><name>M3A-w1-0100</name><description>区域=w1 类别=耕地 带=core 距母库=1.01km</description><Point><coordinates>122.746579,47.328659,0</coordinates></Point></Placemark>
<Placemark><name>M3A-w1-0101</name><description>区域=w1 类别=耕地 带=core 距母库=1.29km</description><Point><coordinates>126.243002,46.057184,0</coordinates></Point></Placemark>
<Placemark><name>M3A-w1-0102</name><description>区域=w1 类别=耕地 带=core 距母库=1.89km</description><Point><coordinates>122.167166,46.420193,0</coordinates></Point></Placemark>
<Placemark><name>M3A-w1-0103</name><description>区域=w1 类别=耕地 带=core 距母库=1.11km</description><Point><coordinates>122.687560,46.889113,0</coordinates></Point></Placemark>
<Placemark><name>M3A-w1-0104</name><description>区域=w1 类别=建成区 带=core 距母库=1.09km</description><Point><coordinates>125.253956,43.861072,0</coordinates></Point></Placemark>
<Placemark><name>M3A-w1-0105</name><description>区域=w1 类别=建成区 带=core 距母库=1.29km</description><Point><coordinates>125.712636,44.686534,0</coordinates></Point></Placemark>
<Placemark><name>M3A-w1-0106</name><description>区域=w1 类别=建成区 带=core 距母库=1.18km</description><Point><coordinates>126.281809,45.382369,0</coordinates></Point></Placemark>
<Placemark><name>M3A-w1-0107</name><description>区域=w1 类别=建成区 带=core 距母库=1.25km</description><Point><coordinates>126.034682,45.999512,0</coordinates></Point></Placemark>
<Placemark><name>M3A-w1-0108</name><description>区域=w1 类别=建成区 带=core 距母库=1.26km</description><Point><coordinates>124.768866,45.146831,0</coordinates></Point></Placemark>
<Placemark><name>M3A-w1-0109</name><description>区域=w1 类别=建成区 带=core 距母库=1.29km</description><Point><coordinates>126.386912,46.176570,0</coordinates></Point></Placemark>
<Placemark><name>M3A-w1-0110</name><description>区域=w1 类别=建成区 带=core 距母库=1.23km</description><Point><coordinates>126.401195,44.373112,0</coordinates></Point></Placemark>
<Placemark><name>M3A-w1-0111</name><description>区域=w1 类别=建成区 带=core 距母库=1.17km</description><Point><coordinates>124.629538,44.376615,0</coordinates></Point></Placemark>
<Placemark><name>M3A-w1-0112</name><description>区域=w1 类别=建成区 带=core 距母库=1.09km</description><Point><coordinates>125.082288,43.750579,0</coordinates></Point></Placemark>
<Placemark><name>M3A-w1-0113</name><description>区域=w1 类别=建成区 带=core 距母库=1.27km</description><Point><coordinates>124.875586,46.622314,0</coordinates></Point></Placemark>
<Placemark><name>M3A-w1-0114</name><description>区域=w1 类别=建成区 带=core 距母库=1.38km</description><Point><coordinates>122.850065,45.605241,0</coordinates></Point></Placemark>
<Placemark><name>M3A-w1-0115</name><description>区域=w1 类别=建成区 带=core 距母库=1.40km</description><Point><coordinates>122.775415,45.316882,0</coordinates></Point></Placemark>
<Placemark><name>M3A-w1-0116</name><description>区域=w1 类别=建成区 带=core 距母库=1.22km</description><Point><coordinates>125.397597,45.779874,0</coordinates></Point></Placemark>
<Placemark><name>M3A-w1-0117</name><description>区域=w1 类别=建成区 带=core 距母库=1.10km</description><Point><coordinates>123.502511,43.526899,0</coordinates></Point></Placemark>
<Placemark><name>M3A-w1-0118</name><description>区域=w1 类别=建成区 带=core 距母库=1.47km</description><Point><coordinates>122.236426,43.584301,0</coordinates></Point></Placemark>
<Placemark><name>M3A-w1-0119</name><description>区域=w1 类别=建成区 带=core 距母库=1.38km</description><Point><coordinates>122.826349,45.627070,0</coordinates></Point></Placemark>
<Placemark><name>M3A-w1-0120</name><description>区域=w1 类别=裸地/稀疏 带=core 距母库=1.24km</description><Point><coordinates>124.935144,46.392165,0</coordinates></Point></Placemark>
<Placemark><name>M3A-w1-0121</name><description>区域=w1 类别=裸地/稀疏 带=core 距母库=1.36km</description><Point><coordinates>124.344951,43.205931,0</coordinates></Point></Placemark>
<Placemark><name>M3A-w1-0122</name><description>区域=w1 类别=裸地/稀疏 带=core 距母库=1.40km</description><Point><coordinates>123.693044,44.889464,0</coordinates></Point></Placemark>
<Placemark><name>M3A-w1-0123</name><description>区域=w1 类别=裸地/稀疏 带=core 距母库=1.29km</description><Point><coordinates>125.343698,43.988543,0</coordinates></Point></Placemark>
<Placemark><name>M3A-w1-0124</name><description>区域=w1 类别=裸地/稀疏 带=core 距母库=1.45km</description><Point><coordinates>122.957324,45.212318,0</coordinates></Point></Placemark>
<Placemark><name>M3A-w1-0125</name><description>区域=w1 类别=裸地/稀疏 带=core 距母库=1.49km</description><Point><coordinates>122.155308,43.658682,0</coordinates></Point></Placemark>
<Placemark><name>M3A-w1-0126</name><description>区域=w1 类别=裸地/稀疏 带=core 距母库=1.00km</description><Point><coordinates>122.756011,43.424491,0</coordinates></Point></Placemark>
<Placemark><name>M3A-w1-0127</name><description>区域=w1 类别=水体 带=core 距母库=1.32km</description><Point><coordinates>124.590191,46.042361,0</coordinates></Point></Placemark>
<Placemark><name>M3A-w1-0128</name><description>区域=w1 类别=水体 带=core 距母库=1.01km</description><Point><coordinates>125.241021,46.614768,0</coordinates></Point></Placemark>
<Placemark><name>M3A-w1-0129</name><description>区域=w1 类别=水体 带=core 距母库=1.44km</description><Point><coordinates>125.353669,46.646299,0</coordinates></Point></Placemark>
<Placemark><name>M3A-w1-0130</name><description>区域=w1 类别=水体 带=core 距母库=1.48km</description><Point><coordinates>124.421488,45.274032,0</coordinates></Point></Placemark>
<Placemark><name>M3A-w1-0131</name><description>区域=w1 类别=水体 带=core 距母库=1.12km</description><Point><coordinates>122.242893,45.261366,0</coordinates></Point></Placemark>
<Placemark><name>M3A-w1-0132</name><description>区域=w1 类别=水体 带=core 距母库=1.05km</description><Point><coordinates>124.056323,46.314281,0</coordinates></Point></Placemark>
<Placemark><name>M3A-w1-0133</name><description>区域=w1 类别=水体 带=core 距母库=1.56km</description><Point><coordinates>124.219636,45.267564,0</coordinates></Point></Placemark>
<Placemark><name>M3A-w1-0134</name><description>区域=w1 类别=水体 带=core 距母库=1.33km</description><Point><coordinates>124.204006,46.595634,0</coordinates></Point></Placemark>
<Placemark><name>M3A-w1-0135</name><description>区域=w1 类别=水体 带=core 距母库=1.84km</description><Point><coordinates>123.292305,45.233878,0</coordinates></Point></Placemark>
<Placemark><name>M3A-w1-0136</name><description>区域=w1 类别=水体 带=core 距母库=1.46km</description><Point><coordinates>124.046351,46.571649,0</coordinates></Point></Placemark>
<Placemark><name>M3A-w1-0137</name><description>区域=w1 类别=水体 带=core 距母库=1.02km</description><Point><coordinates>125.120287,46.800450,0</coordinates></Point></Placemark>
<Placemark><name>M3A-w1-0138</name><description>区域=w1 类别=水体 带=core 距母库=1.87km</description><Point><coordinates>123.256732,45.499330,0</coordinates></Point></Placemark>
<Placemark><name>M3A-w1-0139</name><description>区域=w1 类别=水体 带=core 距母库=1.44km</description><Point><coordinates>123.278561,45.490436,0</coordinates></Point></Placemark>
<Placemark><name>M3A-w1-0140</name><description>区域=w1 类别=水体 带=core 距母库=1.26km</description><Point><coordinates>125.202214,45.428722,0</coordinates></Point></Placemark>
<Placemark><name>M3A-w1-0141</name><description>区域=w1 类别=水体 带=core 距母库=1.27km</description><Point><coordinates>123.836684,44.985673,0</coordinates></Point></Placemark>
<Placemark><name>M3A-w1-0142</name><description>区域=w1 类别=水体 带=core 距母库=1.44km</description><Point><coordinates>123.517603,46.397555,0</coordinates></Point></Placemark>
<Placemark><name>M3A-w1-0143</name><description>区域=w1 类别=水体 带=core 距母库=1.32km</description><Point><coordinates>124.013203,46.546586,0</coordinates></Point></Placemark>
<Placemark><name>M3A-w1-0144</name><description>区域=w1 类别=水体 带=core 距母库=1.50km</description><Point><coordinates>124.118845,46.782933,0</coordinates></Point></Placemark>
<Placemark><name>M3A-w1-0145</name><description>区域=w1 类别=水体 带=core 距母库=1.12km</description><Point><coordinates>123.602494,45.835929,0</coordinates></Point></Placemark>
<Placemark><name>M3A-w1-0146</name><description>区域=w1 类别=水体 带=core 距母库=1.33km</description><Point><coordinates>122.409172,45.047926,0</coordinates></Point></Placemark>
<Placemark><name>M3A-w1-0147</name><description>区域=w1 类别=水体 带=core 距母库=1.72km</description><Point><coordinates>123.209032,46.076857,0</coordinates></Point></Placemark>
<Placemark><name>M3A-w1-0148</name><description>区域=w1 类别=水体 带=core 距母库=1.59km</description><Point><coordinates>124.291322,46.309431,0</coordinates></Point></Placemark>
<Placemark><name>M3A-w1-0149</name><description>区域=w1 类别=水体 带=core 距母库=1.20km</description><Point><coordinates>123.980595,46.699928,0</coordinates></Point></Placemark>
<Placemark><name>M3A-w1-0150</name><description>区域=w1 类别=水体 带=core 距母库=1.02km</description><Point><coordinates>122.523437,45.067869,0</coordinates></Point></Placemark>
<Placemark><name>M3A-w1-0151</name><description>区域=w1 类别=水体 带=core 距母库=1.46km</description><Point><coordinates>125.516983,46.332877,0</coordinates></Point></Placemark>
<Placemark><name>M3A-w1-0152</name><description>区域=w1 类别=水体 带=core 距母库=1.66km</description><Point><coordinates>123.361566,45.955315,0</coordinates></Point></Placemark>
<Placemark><name>M3A-w1-0153</name><description>区域=w1 类别=水体 带=core 距母库=1.16km</description><Point><coordinates>124.131781,46.609109,0</coordinates></Point></Placemark>
<Placemark><name>M3A-w1-0154</name><description>区域=w1 类别=水体 带=core 距母库=1.26km</description><Point><coordinates>125.194129,46.495112,0</coordinates></Point></Placemark>
<Placemark><name>M3A-w1-0155</name><description>区域=w1 类别=水体 带=core 距母库=1.12km</description><Point><coordinates>125.066388,46.062843,0</coordinates></Point></Placemark>
<Placemark><name>M3A-w1-0156</name><description>区域=w1 类别=水体 带=core 距母库=1.46km</description><Point><coordinates>124.304527,46.329643,0</coordinates></Point></Placemark>
<Placemark><name>M3A-w1-0157</name><description>区域=w1 类别=水体 带=core 距母库=1.05km</description><Point><coordinates>125.331840,43.575138,0</coordinates></Point></Placemark>
<Placemark><name>M3A-w1-0158</name><description>区域=w1 类别=水体 带=core 距母库=1.38km</description><Point><coordinates>125.193590,46.675404,0</coordinates></Point></Placemark>
<Placemark><name>M3A-w1-0159</name><description>区域=w1 类别=水体 带=core 距母库=1.44km</description><Point><coordinates>123.062966,46.264425,0</coordinates></Point></Placemark>
<Placemark><name>M3A-w1-0160</name><description>区域=w1 类别=水体 带=core 距母库=1.03km</description><Point><coordinates>124.159539,46.608839,0</coordinates></Point></Placemark>
<Placemark><name>M3A-w1-0161</name><description>区域=w1 类别=水体 带=core 距母库=1.71km</description><Point><coordinates>123.745865,44.906442,0</coordinates></Point></Placemark>
<Placemark><name>M3A-w1-0162</name><description>区域=w1 类别=水体 带=core 距母库=1.21km</description><Point><coordinates>123.950681,47.399806,0</coordinates></Point></Placemark>
<Placemark><name>M3A-w1-0163</name><description>区域=w1 类别=水体 带=core 距母库=1.28km</description><Point><coordinates>124.251167,45.302599,0</coordinates></Point></Placemark>
<Placemark><name>M3A-w1-0164</name><description>区域=w1 类别=草本湿地 带=core 距母库=1.06km</description><Point><coordinates>123.670945,45.852368,0</coordinates></Point></Placemark>
<Placemark><name>M3A-w1-0165</name><description>区域=w1 类别=草本湿地 带=core 距母库=1.21km</description><Point><coordinates>124.477004,46.080630,0</coordinates></Point></Placemark>
<Placemark><name>M3A-w1-0166</name><description>区域=w1 类别=草本湿地 带=core 距母库=1.29km</description><Point><coordinates>124.356809,47.106326,0</coordinates></Point></Placemark>
<Placemark><name>M3A-w1-0167</name><description>区域=w1 类别=草本湿地 带=core 距母库=1.25km</description><Point><coordinates>123.801111,45.413900,0</coordinates></Point></Placemark>
<Placemark><name>M3A-w1-0168</name><description>区域=w1 类别=草本湿地 带=core 距母库=1.01km</description><Point><coordinates>123.388515,47.478768,0</coordinates></Point></Placemark>
<Placemark><name>M3A-w1-0169</name><description>区域=w1 类别=草本湿地 带=core 距母库=1.50km</description><Point><coordinates>123.695200,47.123035,0</coordinates></Point></Placemark>
<Placemark><name>M3A-w1-0170</name><description>区域=w1 类别=草本湿地 带=core 距母库=1.67km</description><Point><coordinates>124.443047,47.101475,0</coordinates></Point></Placemark>
<Placemark><name>M3A-w1-0171</name><description>区域=w1 类别=草本湿地 带=core 距母库=1.43km</description><Point><coordinates>124.430112,45.864225,0</coordinates></Point></Placemark>
<Placemark><name>M3A-w1-0172</name><description>区域=w1 类别=草本湿地 带=core 距母库=1.83km</description><Point><coordinates>124.301563,47.223287,0</coordinates></Point></Placemark>
<Placemark><name>M3A-w1-0173</name><description>区域=w1 类别=草本湿地 带=core 距母库=1.09km</description><Point><coordinates>125.855468,45.595539,0</coordinates></Point></Placemark>
<Placemark><name>M3A-w1-0174</name><description>区域=w1 类别=草本湿地 带=core 距母库=1.19km</description><Point><coordinates>125.122174,46.302963,0</coordinates></Point></Placemark>
<Placemark><name>M3A-w1-0175</name><description>区域=w1 类别=草本湿地 带=core 距母库=1.16km</description><Point><coordinates>124.096477,47.044073,0</coordinates></Point></Placemark>
<Placemark><name>M3A-w1-0176</name><description>区域=w1 类别=草本湿地 带=core 距母库=1.90km</description><Point><coordinates>123.368572,45.216361,0</coordinates></Point></Placemark>
<Placemark><name>M3A-w1-0177</name><description>区域=w1 类别=草本湿地 带=core 距母库=1.11km</description><Point><coordinates>125.350436,46.613420,0</coordinates></Point></Placemark>
<Placemark><name>M3A-w1-0178</name><description>区域=w1 类别=草本湿地 带=core 距母库=1.34km</description><Point><coordinates>124.438196,47.143247,0</coordinates></Point></Placemark>
<Placemark><name>M3A-w1-0179</name><description>区域=w1 类别=草本湿地 带=core 距母库=1.23km</description><Point><coordinates>124.215594,46.955140,0</coordinates></Point></Placemark>
<Placemark><name>M3A-w1-0180</name><description>区域=w1 类别=草本湿地 带=core 距母库=1.09km</description><Point><coordinates>123.855549,45.752655,0</coordinates></Point></Placemark>
<Placemark><name>M3A-w1-0181</name><description>区域=w1 类别=草本湿地 带=core 距母库=1.12km</description><Point><coordinates>124.516889,45.269990,0</coordinates></Point></Placemark>
<Placemark><name>M3A-w1-0182</name><description>区域=w1 类别=草本湿地 带=core 距母库=1.13km</description><Point><coordinates>123.672293,47.427025,0</coordinates></Point></Placemark>
<Placemark><name>M3A-w1-0183</name><description>区域=w1 类别=草本湿地 带=core 距母库=2.29km</description><Point><coordinates>123.517603,47.377707,0</coordinates></Point></Placemark>
<Placemark><name>M3A-w1-0184</name><description>区域=w1 类别=草本湿地 带=core 距母库=1.18km</description><Point><coordinates>124.166007,45.296400,0</coordinates></Point></Placemark>
<Placemark><name>M3A-w1-0185</name><description>区域=w1 类别=草本湿地 带=core 距母库=1.43km</description><Point><coordinates>124.324200,47.173161,0</coordinates></Point></Placemark>
<Placemark><name>M3A-w1-0186</name><description>区域=w1 类别=草本湿地 带=core 距母库=1.11km</description><Point><coordinates>123.892470,46.940048,0</coordinates></Point></Placemark>
<Placemark><name>M3A-w1-0187</name><description>区域=w1 类别=草本湿地 带=core 距母库=1.04km</description><Point><coordinates>124.141752,45.364044,0</coordinates></Point></Placemark>
<Placemark><name>M3A-w1-0188</name><description>区域=w1 类别=草本湿地 带=core 距母库=1.23km</description><Point><coordinates>124.609325,45.836737,0</coordinates></Point></Placemark>
<Placemark><name>M3A-w1-0189</name><description>区域=w1 类别=草本湿地 带=core 距母库=1.44km</description><Point><coordinates>124.540604,47.199032,0</coordinates></Point></Placemark>
<Placemark><name>M3A-w1-0190</name><description>区域=w1 类别=草本湿地 带=core 距母库=1.14km</description><Point><coordinates>124.002154,45.293975,0</coordinates></Point></Placemark>
<Placemark><name>M3A-w1-0191</name><description>区域=w1 类别=草本湿地 带=core 距母库=1.27km</description><Point><coordinates>123.840727,46.856774,0</coordinates></Point></Placemark>
<Placemark><name>M3A-w1-0192</name><description>区域=w1 类别=乔木 带=edge 距母库=1.10km</description><Point><coordinates>122.363897,46.900971,0</coordinates></Point></Placemark>
<Placemark><name>M3A-w1-0193</name><description>区域=w1 类别=乔木 带=edge 距母库=1.06km</description><Point><coordinates>124.344951,43.288666,0</coordinates></Point></Placemark>
<Placemark><name>M3A-w1-0194</name><description>区域=w1 类别=乔木 带=edge 距母库=1.07km</description><Point><coordinates>123.379622,44.279597,0</coordinates></Point></Placemark>
<Placemark><name>M3A-w1-0195</name><description>区域=w1 类别=乔木 带=edge 距母库=1.23km</description><Point><coordinates>126.201230,45.989810,0</coordinates></Point></Placemark>
<Placemark><name>M3A-w1-0196</name><description>区域=w1 类别=乔木 带=edge 距母库=1.24km</description><Point><coordinates>122.208398,47.479846,0</coordinates></Point></Placemark>
<Placemark><name>M3A-w1-0197</name><description>区域=w1 类别=乔木 带=edge 距母库=1.52km</description><Point><coordinates>125.215958,44.148353,0</coordinates></Point></Placemark>
<Placemark><name>M3A-w1-0198</name><description>区域=w1 类别=乔木 带=edge 距母库=1.26km</description><Point><coordinates>123.963077,43.385414,0</coordinates></Point></Placemark>
<Placemark><name>M3A-w1-0199</name><description>区域=w1 类别=乔木 带=edge 距母库=1.37km</description><Point><coordinates>123.529461,43.222909,0</coordinates></Point></Placemark>
<Placemark><name>M3A-w1-0200</name><description>区域=w1 类别=乔木 带=edge 距母库=1.23km</description><Point><coordinates>126.402003,44.199557,0</coordinates></Point></Placemark>
<Placemark><name>M3A-w1-0201</name><description>区域=w1 类别=乔木 带=edge 距母库=1.30km</description><Point><coordinates>123.880882,46.385428,0</coordinates></Point></Placemark>
<Placemark><name>M3A-w1-0202</name><description>区域=w1 类别=乔木 带=edge 距母库=1.11km</description><Point><coordinates>122.805329,46.728495,0</coordinates></Point></Placemark>
<Placemark><name>M3A-w1-0203</name><description>区域=w1 类别=乔木 带=edge 距母库=1.91km</description><Point><coordinates>122.217561,46.105962,0</coordinates></Point></Placemark>
<Placemark><name>M3A-w1-0204</name><description>区域=w1 类别=乔木 带=edge 距母库=1.36km</description><Point><coordinates>124.795546,46.713942,0</coordinates></Point></Placemark>
<Placemark><name>M3A-w1-0205</name><description>区域=w1 类别=乔木 带=edge 距母库=1.26km</description><Point><coordinates>124.594234,46.790209,0</coordinates></Point></Placemark>
<Placemark><name>M3A-w1-0206</name><description>区域=w1 类别=乔木 带=edge 距母库=1.39km</description><Point><coordinates>125.266892,43.751657,0</coordinates></Point></Placemark>
<Placemark><name>M3A-w1-0207</name><description>区域=w1 类别=乔木 带=edge 距母库=1.92km</description><Point><coordinates>122.059907,47.456399,0</coordinates></Point></Placemark>
<Placemark><name>M3A-w1-0208</name><description>区域=w1 类别=乔木 带=edge 距母库=1.46km</description><Point><coordinates>122.210824,47.304674,0</coordinates></Point></Placemark>
<Placemark><name>M3A-w1-0209</name><description>区域=w1 类别=乔木 带=edge 距母库=1.24km</description><Point><coordinates>123.137077,43.379755,0</coordinates></Point></Placemark>
<Placemark><name>M3A-w1-0210</name><description>区域=w1 类别=灌丛 带=edge 距母库=1.27km</description><Point><coordinates>124.808482,46.073084,0</coordinates></Point></Placemark>
<Placemark><name>M3A-w1-0211</name><description>区域=w1 类别=灌丛 带=edge 距母库=1.19km</description><Point><coordinates>124.488861,46.005441,0</coordinates></Point></Placemark>
<Placemark><name>M3A-w1-0212</name><description>区域=w1 类别=灌丛 带=edge 距母库=1.36km</description><Point><coordinates>124.590191,46.125635,0</coordinates></Point></Placemark>
<Placemark><name>M3A-w1-0213</name><description>区域=w1 类别=灌丛 带=edge 距母库=1.19km</description><Point><coordinates>124.593695,46.108388,0</coordinates></Point></Placemark>
<Placemark><name>M3A-w1-0214</name><description>区域=w1 类别=灌丛 带=edge 距母库=1.37km</description><Point><coordinates>124.218019,46.187619,0</coordinates></Point></Placemark>
<Placemark><name>M3A-w1-0215</name><description>区域=w1 类别=灌丛 带=edge 距母库=1.23km</description><Point><coordinates>124.826538,46.001398,0</coordinates></Point></Placemark>
<Placemark><name>M3A-w1-0216</name><description>区域=w1 类别=灌丛 带=edge 距母库=1.12km</description><Point><coordinates>124.821687,45.263253,0</coordinates></Point></Placemark>
<Placemark><name>M3A-w1-0217</name><description>区域=w1 类别=灌丛 带=edge 距母库=1.00km</description><Point><coordinates>124.585879,46.129139,0</coordinates></Point></Placemark>
<Placemark><name>M3A-w1-0218</name><description>区域=w1 类别=灌丛 带=edge 距母库=1.27km</description><Point><coordinates>124.157383,46.550359,0</coordinates></Point></Placemark>
<Placemark><name>M3A-w1-0219</name><description>区域=w1 类别=灌丛 带=edge 距母库=1.20km</description><Point><coordinates>124.732215,45.880934,0</coordinates></Point></Placemark>
<Placemark><name>M3A-w1-0220</name><description>区域=w1 类别=草地 带=edge 距母库=1.09km</description><Point><coordinates>123.703015,46.612342,0</coordinates></Point></Placemark>
<Placemark><name>M3A-w1-0221</name><description>区域=w1 类别=草地 带=edge 距母库=1.43km</description><Point><coordinates>124.170319,44.448031,0</coordinates></Point></Placemark>
<Placemark><name>M3A-w1-0222</name><description>区域=w1 类别=草地 带=edge 距母库=1.29km</description><Point><coordinates>122.733104,43.221562,0</coordinates></Point></Placemark>
<Placemark><name>M3A-w1-0223</name><description>区域=w1 类别=草地 带=edge 距母库=1.02km</description><Point><coordinates>125.066658,46.716367,0</coordinates></Point></Placemark>
<Placemark><name>M3A-w1-0224</name><description>区域=w1 类别=草地 带=edge 距母库=1.02km</description><Point><coordinates>122.770833,46.484333,0</coordinates></Point></Placemark>
<Placemark><name>M3A-w1-0225</name><description>区域=w1 类别=草地 带=edge 距母库=1.37km</description><Point><coordinates>122.525054,43.204853,0</coordinates></Point></Placemark>
<Placemark><name>M3A-w1-0226</name><description>区域=w1 类别=草地 带=edge 距母库=1.27km</description><Point><coordinates>124.999015,46.857852,0</coordinates></Point></Placemark>
<Placemark><name>M3A-w1-0227</name><description>区域=w1 类别=草地 带=edge 距母库=1.01km</description><Point><coordinates>124.841091,46.339075,0</coordinates></Point></Placemark>
<Placemark><name>M3A-w1-0228</name><description>区域=w1 类别=草地 带=edge 距母库=1.51km</description><Point><coordinates>125.516444,45.497174,0</coordinates></Point></Placemark>
<Placemark><name>M3A-w1-0229</name><description>区域=w1 类别=草地 带=edge 距母库=1.04km</description><Point><coordinates>123.123063,46.112969,0</coordinates></Point></Placemark>
<Placemark><name>M3A-w1-0230</name><description>区域=w1 类别=草地 带=edge 距母库=1.03km</description><Point><coordinates>123.676605,45.580717,0</coordinates></Point></Placemark>
<Placemark><name>M3A-w1-0231</name><description>区域=w1 类别=草地 带=edge 距母库=1.07km</description><Point><coordinates>122.843866,44.204408,0</coordinates></Point></Placemark>
<Placemark><name>M3A-w1-0232</name><description>区域=w1 类别=草地 带=edge 距母库=1.79km</description><Point><coordinates>122.607789,43.229646,0</coordinates></Point></Placemark>
<Placemark><name>M3A-w1-0233</name><description>区域=w1 类别=草地 带=edge 距母库=1.38km</description><Point><coordinates>124.733832,45.940492,0</coordinates></Point></Placemark>
<Placemark><name>M3A-w1-0234</name><description>区域=w1 类别=草地 带=edge 距母库=2.30km</description><Point><coordinates>125.061268,47.512993,0</coordinates></Point></Placemark>
<Placemark><name>M3A-w1-0235</name><description>区域=w1 类别=草地 带=edge 距母库=1.29km</description><Point><coordinates>122.332635,43.890447,0</coordinates></Point></Placemark>
<Placemark><name>M3A-w1-0236</name><description>区域=w1 类别=草地 带=edge 距母库=1.75km</description><Point><coordinates>123.127914,46.026192,0</coordinates></Point></Placemark>
<Placemark><name>M3A-w1-0237</name><description>区域=w1 类别=草地 带=edge 距母库=1.14km</description><Point><coordinates>122.226724,43.269262,0</coordinates></Point></Placemark>
<Placemark><name>M3A-w1-0238</name><description>区域=w1 类别=草地 带=edge 距母库=1.51km</description><Point><coordinates>123.735893,45.723280,0</coordinates></Point></Placemark>
<Placemark><name>M3A-w1-0239</name><description>区域=w1 类别=草地 带=edge 距母库=1.42km</description><Point><coordinates>122.899652,44.813197,0</coordinates></Point></Placemark>
<Placemark><name>M3A-w1-0240</name><description>区域=w1 类别=草地 带=edge 距母库=1.75km</description><Point><coordinates>125.656312,46.228043,0</coordinates></Point></Placemark>
<Placemark><name>M3A-w1-0241</name><description>区域=w1 类别=草地 带=edge 距母库=1.01km</description><Point><coordinates>122.195732,43.709616,0</coordinates></Point></Placemark>
<Placemark><name>M3A-w1-0242</name><description>区域=w1 类别=耕地 带=edge 距母库=1.07km</description><Point><coordinates>122.143989,44.633983,0</coordinates></Point></Placemark>
<Placemark><name>M3A-w1-0243</name><description>区域=w1 类别=耕地 带=edge 距母库=1.25km</description><Point><coordinates>123.563147,43.716893,0</coordinates></Point></Placemark>
<Placemark><name>M3A-w1-0244</name><description>区域=w1 类别=耕地 带=edge 距母库=1.13km</description><Point><coordinates>123.548056,46.457114,0</coordinates></Point></Placemark>
<Placemark><name>M3A-w1-0245</name><description>区域=w1 类别=耕地 带=edge 距母库=1.04km</description><Point><coordinates>122.231305,45.180787,0</coordinates></Point></Placemark>
<Placemark><name>M3A-w1-0246</name><description>区域=w1 类别=耕地 带=edge 距母库=1.19km</description><Point><coordinates>126.088312,47.023322,0</coordinates></Point></Placemark>
<Placemark><name>M3A-w1-0247</name><description>区域=w1 类别=耕地 带=edge 距母库=1.06km</description><Point><coordinates>125.566031,44.109277,0</coordinates></Point></Placemark>
<Placemark><name>M3A-w1-0248</name><description>区域=w1 类别=耕地 带=edge 距母库=1.50km</description><Point><coordinates>125.175264,46.125635,0</coordinates></Point></Placemark>
<Placemark><name>M3A-w1-0249</name><description>区域=w1 类别=耕地 带=edge 距母库=1.23km</description><Point><coordinates>123.068625,46.351741,0</coordinates></Point></Placemark>
<Placemark><name>M3A-w1-0250</name><description>区域=w1 类别=建成区 带=edge 距母库=1.18km</description><Point><coordinates>124.813333,43.858916,0</coordinates></Point></Placemark>
<Placemark><name>M3A-w1-0251</name><description>区域=w1 类别=建成区 带=edge 距母库=1.34km</description><Point><coordinates>124.042039,47.327042,0</coordinates></Point></Placemark>
<Placemark><name>M3A-w1-0252</name><description>区域=w1 类别=建成区 带=edge 距母库=1.05km</description><Point><coordinates>123.532425,43.426647,0</coordinates></Point></Placemark>
<Placemark><name>M3A-w1-0253</name><description>区域=w1 类别=建成区 带=edge 距母库=1.01km</description><Point><coordinates>126.411705,43.743303,0</coordinates></Point></Placemark>
<Placemark><name>M3A-w1-0254</name><description>区域=w1 类别=建成区 带=edge 距母库=1.10km</description><Point><coordinates>124.930832,43.542799,0</coordinates></Point></Placemark>
<Placemark><name>M3A-w1-0255</name><description>区域=w1 类别=建成区 带=edge 距母库=1.54km</description><Point><coordinates>125.426433,43.850831,0</coordinates></Point></Placemark>
<Placemark><name>M3A-w1-0256</name><description>区域=w1 类别=建成区 带=edge 距母库=1.07km</description><Point><coordinates>125.059920,46.875908,0</coordinates></Point></Placemark>
<Placemark><name>M3A-w1-0257</name><description>区域=w1 类别=建成区 带=edge 距母库=1.15km</description><Point><coordinates>122.422916,45.617907,0</coordinates></Point></Placemark>
<Placemark><name>M3A-w1-0258</name><description>区域=w1 类别=建成区 带=edge 距母库=1.00km</description><Point><coordinates>125.445298,47.441308,0</coordinates></Point></Placemark>
<Placemark><name>M3A-w1-0259</name><description>区域=w1 类别=建成区 带=edge 距母库=1.06km</description><Point><coordinates>125.412958,43.868349,0</coordinates></Point></Placemark>
<Placemark><name>M3A-w1-0260</name><description>区域=w1 类别=建成区 带=edge 距母库=1.09km</description><Point><coordinates>126.458867,46.212143,0</coordinates></Point></Placemark>
<Placemark><name>M3A-w1-0261</name><description>区域=w1 类别=建成区 带=edge 距母库=1.11km</description><Point><coordinates>122.735530,46.935466,0</coordinates></Point></Placemark>
<Placemark><name>M3A-w1-0262</name><description>区域=w1 类别=建成区 带=edge 距母库=1.11km</description><Point><coordinates>124.578873,43.687518,0</coordinates></Point></Placemark>
<Placemark><name>M3A-w1-0263</name><description>区域=w1 类别=建成区 带=edge 距母库=1.01km</description><Point><coordinates>126.054355,44.922072,0</coordinates></Point></Placemark>
<Placemark><name>M3A-w1-0264</name><description>区域=w1 类别=建成区 带=edge 距母库=1.54km</description><Point><coordinates>126.058128,47.453166,0</coordinates></Point></Placemark>
<Placemark><name>M3A-w1-0265</name><description>区域=w1 类别=建成区 带=edge 距母库=1.67km</description><Point><coordinates>122.170399,43.655987,0</coordinates></Point></Placemark>
<Placemark><name>M3A-w1-0266</name><description>区域=w1 类别=建成区 带=edge 距母库=1.64km</description><Point><coordinates>125.151818,43.831158,0</coordinates></Point></Placemark>
<Placemark><name>M3A-w1-0267</name><description>区域=w1 类别=建成区 带=edge 距母库=1.22km</description><Point><coordinates>125.226468,43.996089,0</coordinates></Point></Placemark>
<Placemark><name>M3A-w1-0268</name><description>区域=w1 类别=建成区 带=edge 距母库=1.06km</description><Point><coordinates>125.896432,47.263980,0</coordinates></Point></Placemark>
<Placemark><name>M3A-w1-0269</name><description>区域=w1 类别=建成区 带=edge 距母库=2.20km</description><Point><coordinates>124.868579,46.247986,0</coordinates></Point></Placemark>
<Placemark><name>M3A-w1-0270</name><description>区域=w1 类别=裸地/稀疏 带=edge 距母库=1.31km</description><Point><coordinates>126.416826,43.750579,0</coordinates></Point></Placemark>
<Placemark><name>M3A-w1-0271</name><description>区域=w1 类别=裸地/稀疏 带=edge 距母库=2.42km</description><Point><coordinates>124.955087,46.460348,0</coordinates></Point></Placemark>
<Placemark><name>M3A-w1-0272</name><description>区域=w1 类别=裸地/稀疏 带=edge 距母库=1.21km</description><Point><coordinates>122.752238,43.599123,0</coordinates></Point></Placemark>
<Placemark><name>M3A-w1-0273</name><description>区域=w1 类别=裸地/稀疏 带=edge 距母库=1.16km</description><Point><coordinates>125.342081,43.763785,0</coordinates></Point></Placemark>
<Placemark><name>M3A-w1-0274</name><description>区域=w1 类别=裸地/稀疏 带=edge 距母库=1.56km</description><Point><coordinates>122.098983,46.045056,0</coordinates></Point></Placemark>
<Placemark><name>M3A-w1-0275</name><description>区域=w1 类别=裸地/稀疏 带=edge 距母库=1.03km</description><Point><coordinates>122.203817,43.708269,0</coordinates></Point></Placemark>
<Placemark><name>M3A-w1-0276</name><description>区域=w1 类别=裸地/稀疏 带=edge 距母库=1.09km</description><Point><coordinates>122.165010,46.765415,0</coordinates></Point></Placemark>
<Placemark><name>M3A-w1-0277</name><description>区域=w1 类别=裸地/稀疏 带=edge 距母库=1.50km</description><Point><coordinates>125.628284,44.710789,0</coordinates></Point></Placemark>
<Placemark><name>M3A-w1-0278</name><description>区域=w1 类别=裸地/稀疏 带=edge 距母库=1.41km</description><Point><coordinates>125.036205,46.723644,0</coordinates></Point></Placemark>
<Placemark><name>M3A-w1-0279</name><description>区域=w1 类别=裸地/稀疏 带=edge 距母库=1.24km</description><Point><coordinates>125.695928,43.513424,0</coordinates></Point></Placemark>
<Placemark><name>M3A-w1-0280</name><description>区域=w1 类别=裸地/稀疏 带=edge 距母库=1.17km</description><Point><coordinates>122.839016,44.170183,0</coordinates></Point></Placemark>
<Placemark><name>M3A-w1-0281</name><description>区域=w1 类别=裸地/稀疏 带=edge 距母库=1.03km</description><Point><coordinates>123.496852,46.985862,0</coordinates></Point></Placemark>
<Placemark><name>M3A-w1-0282</name><description>区域=w1 类别=裸地/稀疏 带=edge 距母库=1.00km</description><Point><coordinates>125.146698,46.267928,0</coordinates></Point></Placemark>
<Placemark><name>M3A-w1-0283</name><description>区域=w1 类别=裸地/稀疏 带=edge 距母库=1.11km</description><Point><coordinates>124.951045,45.686629,0</coordinates></Point></Placemark>
<Placemark><name>M3A-w1-0284</name><description>区域=w1 类别=裸地/稀疏 带=edge 距母库=1.05km</description><Point><coordinates>124.428764,46.319941,0</coordinates></Point></Placemark>
<Placemark><name>M3A-w1-0285</name><description>区域=w1 类别=裸地/稀疏 带=edge 距母库=1.07km</description><Point><coordinates>123.787906,46.617463,0</coordinates></Point></Placemark>
<Placemark><name>M3A-w1-0286</name><description>区域=w1 类别=裸地/稀疏 带=edge 距母库=1.22km</description><Point><coordinates>122.362819,44.798644,0</coordinates></Point></Placemark>
<Placemark><name>M3A-w1-0287</name><description>区域=w1 类别=裸地/稀疏 带=edge 距母库=1.33km</description><Point><coordinates>123.571232,43.782649,0</coordinates></Point></Placemark>
<Placemark><name>M3A-w1-0288</name><description>区域=w1 类别=裸地/稀疏 带=edge 距母库=1.08km</description><Point><coordinates>124.855913,46.192739,0</coordinates></Point></Placemark>
<Placemark><name>M3A-w1-0289</name><description>区域=w1 类别=裸地/稀疏 带=edge 距母库=1.22km</description><Point><coordinates>124.972335,46.563294,0</coordinates></Point></Placemark>
<Placemark><name>M3A-w1-0290</name><description>区域=w1 类别=裸地/稀疏 带=edge 距母库=1.57km</description><Point><coordinates>124.201580,46.193278,0</coordinates></Point></Placemark>
<Placemark><name>M3A-w1-0291</name><description>区域=w1 类别=裸地/稀疏 带=edge 距母库=1.63km</description><Point><coordinates>123.688462,45.045231,0</coordinates></Point></Placemark>
<Placemark><name>M3A-w1-0292</name><description>区域=w1 类别=裸地/稀疏 带=edge 距母库=1.45km</description><Point><coordinates>124.880437,44.279058,0</coordinates></Point></Placemark>
<Placemark><name>M3A-w1-0293</name><description>区域=w1 类别=裸地/稀疏 带=edge 距母库=1.12km</description><Point><coordinates>123.404954,46.164712,0</coordinates></Point></Placemark>
<Placemark><name>M3A-w1-0294</name><description>区域=w1 类别=裸地/稀疏 带=edge 距母库=1.45km</description><Point><coordinates>125.300310,45.234686,0</coordinates></Point></Placemark>
<Placemark><name>M3A-w1-0295</name><description>区域=w1 类别=裸地/稀疏 带=edge 距母库=1.49km</description><Point><coordinates>122.996400,44.977319,0</coordinates></Point></Placemark>
<Placemark><name>M3A-w1-0296</name><description>区域=w1 类别=裸地/稀疏 带=edge 距母库=1.36km</description><Point><coordinates>124.867501,46.228582,0</coordinates></Point></Placemark>
<Placemark><name>M3A-w1-0297</name><description>区域=w1 类别=裸地/稀疏 带=edge 距母库=1.90km</description><Point><coordinates>122.867582,44.215727,0</coordinates></Point></Placemark>
<Placemark><name>M3A-w1-0298</name><description>区域=w1 类别=裸地/稀疏 带=edge 距母库=1.01km</description><Point><coordinates>124.717393,47.275569,0</coordinates></Point></Placemark>
<Placemark><name>M3A-w1-0299</name><description>区域=w1 类别=裸地/稀疏 带=edge 距母库=1.13km</description><Point><coordinates>122.445823,47.432684,0</coordinates></Point></Placemark>
<Placemark><name>M3A-w1-0300</name><description>区域=w1 类别=裸地/稀疏 带=edge 距母库=1.22km</description><Point><coordinates>123.334077,44.300348,0</coordinates></Point></Placemark>
<Placemark><name>M3A-w1-0301</name><description>区域=w1 类别=裸地/稀疏 带=edge 距母库=1.33km</description><Point><coordinates>124.830042,46.456036,0</coordinates></Point></Placemark>
<Placemark><name>M3A-w1-0302</name><description>区域=w1 类别=裸地/稀疏 带=edge 距母库=1.15km</description><Point><coordinates>125.091990,46.673248,0</coordinates></Point></Placemark>
<Placemark><name>M3A-w1-0303</name><description>区域=w1 类别=裸地/稀疏 带=edge 距母库=1.35km</description><Point><coordinates>125.191703,45.335477,0</coordinates></Point></Placemark>
<Placemark><name>M3A-w1-0304</name><description>区域=w1 类别=裸地/稀疏 带=edge 距母库=1.45km</description><Point><coordinates>124.852140,46.406179,0</coordinates></Point></Placemark>
<Placemark><name>M3A-w1-0305</name><description>区域=w1 类别=裸地/稀疏 带=edge 距母库=1.02km</description><Point><coordinates>126.027136,44.807537,0</coordinates></Point></Placemark>
<Placemark><name>M3A-w1-0306</name><description>区域=w1 类别=裸地/稀疏 带=edge 距母库=1.12km</description><Point><coordinates>122.931722,43.430689,0</coordinates></Point></Placemark>
<Placemark><name>M3A-w1-0307</name><description>区域=w1 类别=裸地/稀疏 带=edge 距母库=1.06km</description><Point><coordinates>124.992547,46.426930,0</coordinates></Point></Placemark>
<Placemark><name>M3A-w1-0308</name><description>区域=w1 类别=裸地/稀疏 带=edge 距母库=1.43km</description><Point><coordinates>124.799319,45.194531,0</coordinates></Point></Placemark>
<Placemark><name>M3A-w1-0309</name><description>区域=w1 类别=裸地/稀疏 带=edge 距母库=1.98km</description><Point><coordinates>124.229338,46.125905,0</coordinates></Point></Placemark>
<Placemark><name>M3A-w1-0310</name><description>区域=w1 类别=裸地/稀疏 带=edge 距母库=1.11km</description><Point><coordinates>125.540968,43.660838,0</coordinates></Point></Placemark>
<Placemark><name>M3A-w1-0311</name><description>区域=w1 类别=裸地/稀疏 带=edge 距母库=1.09km</description><Point><coordinates>125.537734,44.648266,0</coordinates></Point></Placemark>
<Placemark><name>M3A-w1-0312</name><description>区域=w1 类别=裸地/稀疏 带=edge 距母库=1.49km</description><Point><coordinates>123.498469,43.893951,0</coordinates></Point></Placemark>
<Placemark><name>M3A-w1-0313</name><description>区域=w1 类别=裸地/稀疏 带=edge 距母库=1.18km</description><Point><coordinates>122.026489,46.115394,0</coordinates></Point></Placemark>
<Placemark><name>M3A-w1-0314</name><description>区域=w1 类别=裸地/稀疏 带=edge 距母库=1.23km</description><Point><coordinates>122.636086,43.435001,0</coordinates></Point></Placemark>
<Placemark><name>M3A-w1-0315</name><description>区域=w1 类别=裸地/稀疏 带=edge 距母库=1.77km</description><Point><coordinates>125.436674,46.736040,0</coordinates></Point></Placemark>
<Placemark><name>M3A-w1-0316</name><description>区域=w1 类别=裸地/稀疏 带=edge 距母库=1.51km</description><Point><coordinates>124.068989,45.174319,0</coordinates></Point></Placemark>
<Placemark><name>M3A-w1-0317</name><description>区域=w1 类别=裸地/稀疏 带=edge 距母库=1.31km</description><Point><coordinates>124.303719,46.934119,0</coordinates></Point></Placemark>
<Placemark><name>M3A-w1-0318</name><description>区域=w1 类别=裸地/稀疏 带=edge 距母库=1.73km</description><Point><coordinates>124.224757,46.425044,0</coordinates></Point></Placemark>
<Placemark><name>M3A-w1-0319</name><description>区域=w1 类别=水体 带=edge 距母库=1.25km</description><Point><coordinates>123.210918,46.023227,0</coordinates></Point></Placemark>
<Placemark><name>M3A-w1-0320</name><description>区域=w1 类别=水体 带=edge 距母库=1.02km</description><Point><coordinates>124.110760,46.694269,0</coordinates></Point></Placemark>
<Placemark><name>M3A-w1-0321</name><description>区域=w1 类别=水体 带=edge 距母库=1.08km</description><Point><coordinates>125.815853,44.835295,0</coordinates></Point></Placemark>
<Placemark><name>M3A-w1-0322</name><description>区域=w1 类别=水体 带=edge 距母库=1.48km</description><Point><coordinates>124.678855,45.867729,0</coordinates></Point></Placemark>
<Placemark><name>M3A-w1-0323</name><description>区域=w1 类别=水体 带=edge 距母库=1.29km</description><Point><coordinates>124.032338,47.512993,0</coordinates></Point></Placemark>
<Placemark><name>M3A-w1-0324</name><description>区域=w1 类别=水体 带=edge 距母库=1.09km</description><Point><coordinates>123.862017,44.986212,0</coordinates></Point></Placemark>
<Placemark><name>M3A-w1-0325</name><description>区域=w1 类别=水体 带=edge 距母库=1.13km</description><Point><coordinates>123.284490,45.911118,0</coordinates></Point></Placemark>
<Placemark><name>M3A-w1-0326</name><description>区域=w1 类别=水体 带=edge 距母库=1.04km</description><Point><coordinates>123.869293,47.341595,0</coordinates></Point></Placemark>
<Placemark><name>M3A-w1-0327</name><description>区域=w1 类别=草本湿地 带=edge 距母库=1.33km</description><Point><coordinates>124.912776,45.718968,0</coordinates></Point></Placemark>
<Placemark><name>M3A-w1-0328</name><description>区域=w1 类别=草本湿地 带=edge 距母库=1.47km</description><Point><coordinates>124.216133,46.243404,0</coordinates></Point></Placemark>
<Placemark><name>M3A-w1-0329</name><description>区域=w1 类别=草本湿地 带=edge 距母库=1.72km</description><Point><coordinates>124.023983,47.026556,0</coordinates></Point></Placemark>
<Placemark><name>M3A-w1-0330</name><description>区域=w1 类别=草本湿地 带=edge 距母库=1.32km</description><Point><coordinates>122.406746,45.034991,0</coordinates></Point></Placemark>
<Placemark><name>M3A-w1-0331</name><description>区域=w1 类别=草本湿地 带=edge 距母库=1.51km</description><Point><coordinates>124.175709,46.325870,0</coordinates></Point></Placemark>
<Placemark><name>M3A-w1-0332</name><description>区域=w1 类别=草本湿地 带=edge 距母库=1.92km</description><Point><coordinates>123.323297,47.455861,0</coordinates></Point></Placemark>
<Placemark><name>M3A-w1-0333</name><description>区域=w1 类别=草本湿地 带=edge 距母库=1.25km</description><Point><coordinates>125.399753,46.644143,0</coordinates></Point></Placemark>
<Placemark><name>M3A-w1-0334</name><description>区域=w1 类别=草本湿地 带=edge 距母库=1.06km</description><Point><coordinates>123.578239,46.185733,0</coordinates></Point></Placemark>
<Placemark><name>M3A-w1-0335</name><description>区域=w1 类别=草本湿地 带=edge 距母库=1.17km</description><Point><coordinates>124.168163,46.154471,0</coordinates></Point></Placemark>
<Placemark><name>M3A-w1-0336</name><description>区域=w1 类别=草本湿地 带=edge 距母库=1.01km</description><Point><coordinates>125.192781,46.488375,0</coordinates></Point></Placemark>
<Placemark><name>M3A-w1-0337</name><description>区域=w1 类别=草本湿地 带=edge 距母库=1.12km</description><Point><coordinates>123.422471,47.378785,0</coordinates></Point></Placemark>
<Placemark><name>M3A-w1-0338</name><description>区域=w1 类别=草本湿地 带=edge 距母库=1.10km</description><Point><coordinates>123.721071,46.822818,0</coordinates></Point></Placemark>
<Placemark><name>M3A-w1-0339</name><description>区域=w1 类别=草本湿地 带=edge 距母库=1.19km</description><Point><coordinates>123.466938,46.010561,0</coordinates></Point></Placemark>
<Placemark><name>M3A-w1-0340</name><description>区域=w1 类别=草本湿地 带=edge 距母库=1.00km</description><Point><coordinates>124.885827,46.946516,0</coordinates></Point></Placemark>
<Placemark><name>M3A-w1-0341</name><description>区域=w1 类别=草本湿地 带=edge 距母库=2.02km</description><Point><coordinates>124.477543,45.708997,0</coordinates></Point></Placemark>
<Placemark><name>M3A-w1-0342</name><description>区域=w1 类别=草本湿地 带=edge 距母库=1.25km</description><Point><coordinates>124.165468,45.356767,0</coordinates></Point></Placemark>
<Placemark><name>M3A-w1-0343</name><description>区域=w1 类别=草本湿地 带=edge 距母库=1.01km</description><Point><coordinates>124.339561,45.593383,0</coordinates></Point></Placemark>
<Placemark><name>M3A-w1-0344</name><description>区域=w1 类别=草本湿地 带=edge 距母库=1.13km</description><Point><coordinates>122.965408,45.862339,0</coordinates></Point></Placemark>
<Placemark><name>M3A-w1-0345</name><description>区域=w1 类别=草本湿地 带=edge 距母库=1.16km</description><Point><coordinates>124.529016,45.824071,0</coordinates></Point></Placemark>
<Placemark><name>M3A-w1-0346</name><description>区域=w1 类别=草本湿地 带=edge 距母库=1.24km</description><Point><coordinates>124.096747,45.263522,0</coordinates></Point></Placemark>
<Placemark><name>M3A-w1-0347</name><description>区域=w1 类别=草本湿地 带=edge 距母库=1.23km</description><Point><coordinates>124.268145,46.779429,0</coordinates></Point></Placemark>
<Placemark><name>M3A-w1-0348</name><description>区域=w1 类别=草本湿地 带=edge 距母库=1.23km</description><Point><coordinates>123.777396,46.746820,0</coordinates></Point></Placemark>
<Placemark><name>M3A-w1-0349</name><description>区域=w1 类别=草本湿地 带=edge 距母库=1.30km</description><Point><coordinates>124.125583,45.951542,0</coordinates></Point></Placemark>
<Placemark><name>M3A-w1-0350</name><description>区域=w1 类别=草本湿地 带=edge 距母库=1.18km</description><Point><coordinates>124.606631,46.793712,0</coordinates></Point></Placemark>
<Placemark><name>M3A-w1-0351</name><description>区域=w1 类别=草本湿地 带=edge 距母库=1.09km</description><Point><coordinates>124.205084,45.368894,0</coordinates></Point></Placemark>
<Placemark><name>M3A-w2-0352</name><description>区域=w2 类别=乔木 带=core 距母库=1.18km</description><Point><coordinates>107.526872,33.921842,0</coordinates></Point></Placemark>
<Placemark><name>M3A-w2-0353</name><description>区域=w2 类别=乔木 带=core 距母库=1.40km</description><Point><coordinates>108.078528,32.569519,0</coordinates></Point></Placemark>
<Placemark><name>M3A-w2-0354</name><description>区域=w2 类别=乔木 带=core 距母库=1.58km</description><Point><coordinates>107.605834,34.900108,0</coordinates></Point></Placemark>
<Placemark><name>M3A-w2-0355</name><description>区域=w2 类别=乔木 带=core 距母库=1.93km</description><Point><coordinates>106.449702,32.341257,0</coordinates></Point></Placemark>
<Placemark><name>M3A-w2-0356</name><description>区域=w2 类别=乔木 带=core 距母库=1.14km</description><Point><coordinates>106.426256,31.942405,0</coordinates></Point></Placemark>
<Placemark><name>M3A-w2-0357</name><description>区域=w2 类别=乔木 带=core 距母库=1.30km</description><Point><coordinates>109.990053,36.024709,0</coordinates></Point></Placemark>
<Placemark><name>M3A-w2-0358</name><description>区域=w2 类别=乔木 带=core 距母库=2.14km</description><Point><coordinates>107.069270,32.687827,0</coordinates></Point></Placemark>
<Placemark><name>M3A-w2-0359</name><description>区域=w2 类别=乔木 带=core 距母库=1.39km</description><Point><coordinates>107.261420,33.955529,0</coordinates></Point></Placemark>
<Placemark><name>M3A-w2-0360</name><description>区域=w2 类别=乔木 带=core 距母库=1.07km</description><Point><coordinates>107.502079,33.609229,0</coordinates></Point></Placemark>
<Placemark><name>M3A-w2-0361</name><description>区域=w2 类别=乔木 带=core 距母库=1.53km</description><Point><coordinates>105.759527,32.581107,0</coordinates></Point></Placemark>
<Placemark><name>M3A-w2-0362</name><description>区域=w2 类别=乔木 带=core 距母库=1.22km</description><Point><coordinates>108.546640,32.799667,0</coordinates></Point></Placemark>
<Placemark><name>M3A-w2-0363</name><description>区域=w2 类别=乔木 带=core 距母库=1.73km</description><Point><coordinates>108.069904,31.842422,0</coordinates></Point></Placemark>
<Placemark><name>M3A-w2-0364</name><description>区域=w2 类别=乔木 带=core 距母库=1.07km</description><Point><coordinates>107.639790,34.585338,0</coordinates></Point></Placemark>
<Placemark><name>M3A-w2-0365</name><description>区域=w2 类别=乔木 带=core 距母库=1.15km</description><Point><coordinates>108.317569,32.430190,0</coordinates></Point></Placemark>
<Placemark><name>M3A-w2-0366</name><description>区域=w2 类别=乔木 带=core 距母库=1.24km</description><Point><coordinates>108.250465,32.684054,0</coordinates></Point></Placemark>
<Placemark><name>M3A-w2-0367</name><description>区域=w2 类别=乔木 带=core 距母库=1.02km</description><Point><coordinates>106.722700,32.844134,0</coordinates></Point></Placemark>
<Placemark><name>M3A-w2-0368</name><description>区域=w2 类别=乔木 带=core 距母库=1.08km</description><Point><coordinates>106.091275,31.960191,0</coordinates></Point></Placemark>
<Placemark><name>M3A-w2-0369</name><description>区域=w2 类别=乔木 带=core 距母库=1.31km</description><Point><coordinates>109.113387,32.179021,0</coordinates></Point></Placemark>
<Placemark><name>M3A-w2-0370</name><description>区域=w2 类别=乔木 带=core 距母库=1.07km</description><Point><coordinates>105.926074,34.165735,0</coordinates></Point></Placemark>
<Placemark><name>M3A-w2-0371</name><description>区域=w2 类别=乔木 带=core 距母库=2.49km</description><Point><coordinates>107.627394,32.026757,0</coordinates></Point></Placemark>
<Placemark><name>M3A-w2-0372</name><description>区域=w2 类别=乔木 带=core 距母库=2.32km</description><Point><coordinates>106.541330,32.997207,0</coordinates></Point></Placemark>
<Placemark><name>M3A-w2-0373</name><description>区域=w2 类别=乔木 带=core 距母库=1.36km</description><Point><coordinates>109.059488,33.606803,0</coordinates></Point></Placemark>
<Placemark><name>M3A-w2-0374</name><description>区域=w2 类别=乔木 带=core 距母库=1.41km</description><Point><coordinates>108.083917,31.973936,0</coordinates></Point></Placemark>
<Placemark><name>M3A-w2-0375</name><description>区域=w2 类别=乔木 带=core 距母库=1.80km</description><Point><coordinates>106.341365,32.003580,0</coordinates></Point></Placemark>
<Placemark><name>M3A-w2-0376</name><description>区域=w2 类别=乔木 带=core 距母库=2.33km</description><Point><coordinates>105.791597,32.698068,0</coordinates></Point></Placemark>
<Placemark><name>M3A-w2-0377</name><description>区域=w2 类别=乔木 带=core 距母库=1.36km</description><Point><coordinates>108.940102,33.959033,0</coordinates></Point></Placemark>
<Placemark><name>M3A-w2-0378</name><description>区域=w2 类别=乔木 带=core 距母库=1.29km</description><Point><coordinates>106.151372,32.561164,0</coordinates></Point></Placemark>
<Placemark><name>M3A-w2-0379</name><description>区域=w2 类别=乔木 带=core 距母库=1.46km</description><Point><coordinates>109.549968,32.191687,0</coordinates></Point></Placemark>
<Placemark><name>M3A-w2-0380</name><description>区域=w2 类别=乔木 带=core 距母库=1.70km</description><Point><coordinates>108.958697,31.680186,0</coordinates></Point></Placemark>
<Placemark><name>M3A-w2-0381</name><description>区域=w2 类别=乔木 带=core 距母库=2.21km</description><Point><coordinates>106.465064,31.906023,0</coordinates></Point></Placemark>
<Placemark><name>M3A-w2-0382</name><description>区域=w2 类别=乔木 带=core 距母库=1.23km</description><Point><coordinates>109.050595,35.463890,0</coordinates></Point></Placemark>
<Placemark><name>M3A-w2-0383</name><description>区域=w2 类别=乔木 带=core 距母库=1.50km</description><Point><coordinates>109.076736,33.000440,0</coordinates></Point></Placemark>
<Placemark><name>M3A-w2-0384</name><description>区域=w2 类别=乔木 带=core 距母库=1.05km</description><Point><coordinates>106.798698,34.067370,0</coordinates></Point></Placemark>
<Placemark><name>M3A-w2-0385</name><description>区域=w2 类别=乔木 带=core 距母库=2.06km</description><Point><coordinates>108.280918,31.648925,0</coordinates></Point></Placemark>
<Placemark><name>M3A-w2-0386</name><description>区域=w2 类别=乔木 带=core 距母库=1.93km</description><Point><coordinates>109.698729,33.476368,0</coordinates></Point></Placemark>
<Placemark><name>M3A-w2-0387</name><description>区域=w2 类别=乔木 带=core 距母库=1.71km</description><Point><coordinates>107.993098,35.762221,0</coordinates></Point></Placemark>
<Placemark><name>M3A-w2-0388</name><description>区域=w2 类别=乔木 带=core 距母库=1.14km</description><Point><coordinates>108.366887,33.088565,0</coordinates></Point></Placemark>
<Placemark><name>M3A-w2-0389</name><description>区域=w2 类别=乔木 带=core 距母库=1.06km</description><Point><coordinates>108.561731,32.405666,0</coordinates></Point></Placemark>
<Placemark><name>M3A-w2-0390</name><description>区域=w2 类别=乔木 带=core 距母库=1.13km</description><Point><coordinates>105.502698,32.110839,0</coordinates></Point></Placemark>
<Placemark><name>M3A-w2-0391</name><description>区域=w2 类别=乔木 带=core 距母库=1.37km</description><Point><coordinates>106.304445,32.158270,0</coordinates></Point></Placemark>
<Placemark><name>M3A-w2-0392</name><description>区域=w2 类别=乔木 带=core 距母库=1.17km</description><Point><coordinates>108.246423,32.131051,0</coordinates></Point></Placemark>
<Placemark><name>M3A-w2-0393</name><description>区域=w2 类别=乔木 带=core 距母库=1.29km</description><Point><coordinates>109.841561,31.920037,0</coordinates></Point></Placemark>
<Placemark><name>M3A-w2-0394</name><description>区域=w2 类别=乔木 带=core 距母库=1.64km</description><Point><coordinates>106.879277,34.073298,0</coordinates></Point></Placemark>
<Placemark><name>M3A-w2-0395</name><description>区域=w2 类别=乔木 带=core 距母库=1.40km</description><Point><coordinates>105.835794,33.942863,0</coordinates></Point></Placemark>
<Placemark><name>M3A-w2-0396</name><description>区域=w2 类别=乔木 带=core 距母库=1.34km</description><Point><coordinates>109.250560,32.606709,0</coordinates></Point></Placemark>
<Placemark><name>M3A-w2-0397</name><description>区域=w2 类别=乔木 带=core 距母库=1.22km</description><Point><coordinates>106.195299,34.255207,0</coordinates></Point></Placemark>
<Placemark><name>M3A-w2-0398</name><description>区域=w2 类别=乔木 带=core 距母库=1.75km</description><Point><coordinates>107.735730,34.760779,0</coordinates></Point></Placemark>
<Placemark><name>M3A-w2-0399</name><description>区域=w2 类别=乔木 带=core 距母库=1.07km</description><Point><coordinates>109.637823,35.882416,0</coordinates></Point></Placemark>
<Placemark><name>M3A-w2-0400</name><description>区域=w2 类别=乔木 带=core 距母库=1.76km</description><Point><coordinates>106.787918,34.594231,0</coordinates></Point></Placemark>
<Placemark><name>M3A-w2-0401</name><description>区域=w2 类别=乔木 带=core 距母库=1.35km</description><Point><coordinates>108.632608,35.399481,0</coordinates></Point></Placemark>
<Placemark><name>M3A-w2-0402</name><description>区域=w2 类别=乔木 带=core 距母库=1.07km</description><Point><coordinates>105.939010,34.326354,0</coordinates></Point></Placemark>
<Placemark><name>M3A-w2-0403</name><description>区域=w2 类别=乔木 带=core 距母库=1.17km</description><Point><coordinates>108.026785,31.858322,0</coordinates></Point></Placemark>
<Placemark><name>M3A-w2-0404</name><description>区域=w2 类别=乔木 带=core 距母库=1.38km</description><Point><coordinates>107.340921,31.941596,0</coordinates></Point></Placemark>
<Placemark><name>M3A-w2-0405</name><description>区域=w2 类别=乔木 带=core 距母库=1.29km</description><Point><coordinates>109.389349,32.153958,0</coordinates></Point></Placemark>
<Placemark><name>M3A-w2-0406</name><description>区域=w2 类别=乔木 带=core 距母库=1.28km</description><Point><coordinates>106.269141,34.355998,0</coordinates></Point></Placemark>
<Placemark><name>M3A-w2-0407</name><description>区域=w2 类别=乔木 带=core 距母库=1.23km</description><Point><coordinates>106.799237,34.318808,0</coordinates></Point></Placemark>
<Placemark><name>M3A-w2-0408</name><description>区域=w2 类别=乔木 带=core 距母库=1.76km</description><Point><coordinates>106.337323,31.786906,0</coordinates></Point></Placemark>
<Placemark><name>M3A-w2-0409</name><description>区域=w2 类别=乔木 带=core 距母库=1.30km</description><Point><coordinates>105.706436,31.653776,0</coordinates></Point></Placemark>
<Placemark><name>M3A-w2-0410</name><description>区域=w2 类别=乔木 带=core 距母库=1.16km</description><Point><coordinates>109.233851,36.083459,0</coordinates></Point></Placemark>
<Placemark><name>M3A-w2-0411</name><description>区域=w2 类别=乔木 带=core 距母库=1.21km</description><Point><coordinates>108.821524,31.918959,0</coordinates></Point></Placemark>
<Placemark><name>M3A-w2-0412</name><description>区域=w2 类别=乔木 带=core 距母库=1.19km</description><Point><coordinates>106.897872,33.637795,0</coordinates></Point></Placemark>
<Placemark><name>M3A-w2-0413</name><description>区域=w2 类别=乔木 带=core 距母库=1.04km</description><Point><coordinates>105.705897,32.783767,0</coordinates></Point></Placemark>
<Placemark><name>M3A-w2-0414</name><description>区域=w2 类别=乔木 带=core 距母库=1.22km</description><Point><coordinates>106.465064,33.857433,0</coordinates></Point></Placemark>
<Placemark><name>M3A-w2-0415</name><description>区域=w2 类别=乔木 带=core 距母库=2.15km</description><Point><coordinates>108.945492,32.616680,0</coordinates></Point></Placemark>
<Placemark><name>M3A-w2-0416</name><description>区域=w2 类别=乔木 带=core 距母库=1.62km</description><Point><coordinates>106.119302,34.048505,0</coordinates></Point></Placemark>
<Placemark><name>M3A-w2-0417</name><description>区域=w2 类别=乔木 带=core 距母库=1.16km</description><Point><coordinates>108.987802,33.992989,0</coordinates></Point></Placemark>
<Placemark><name>M3A-w2-0418</name><description>区域=w2 类别=乔木 带=core 距母库=1.25km</description><Point><coordinates>106.539444,34.244158,0</coordinates></Point></Placemark>
<Placemark><name>M3A-w2-0419</name><description>区域=w2 类别=乔木 带=core 距母库=1.28km</description><Point><coordinates>108.587872,31.965042,0</coordinates></Point></Placemark>
<Placemark><name>M3A-w2-0420</name><description>区域=w2 类别=乔木 带=core 距母库=1.45km</description><Point><coordinates>106.904609,33.372612,0</coordinates></Point></Placemark>
<Placemark><name>M3A-w2-0421</name><description>区域=w2 类别=草地 带=core 距母库=1.19km</description><Point><coordinates>107.616344,34.962092,0</coordinates></Point></Placemark>
<Placemark><name>M3A-w2-0422</name><description>区域=w2 类别=草地 带=core 距母库=2.03km</description><Point><coordinates>105.523449,35.958683,0</coordinates></Point></Placemark>
<Placemark><name>M3A-w2-0423</name><description>区域=w2 类别=草地 带=core 距母库=1.45km</description><Point><coordinates>109.088054,35.751441,0</coordinates></Point></Placemark>
<Placemark><name>M3A-w2-0424</name><description>区域=w2 类别=草地 带=core 距母库=1.03km</description><Point><coordinates>108.386021,35.161787,0</coordinates></Point></Placemark>
<Placemark><name>M3A-w2-0425</name><description>区域=w2 类别=草地 带=core 距母库=1.16km</description><Point><coordinates>105.823936,35.069350,0</coordinates></Point></Placemark>
<Placemark><name>M3A-w2-0426</name><description>区域=w2 类别=草地 带=core 距母库=1.04km</description><Point><coordinates>105.529648,35.678139,0</coordinates></Point></Placemark>
<Placemark><name>M3A-w2-0427</name><description>区域=w2 类别=草地 带=core 距母库=1.26km</description><Point><coordinates>106.477191,35.364986,0</coordinates></Point></Placemark>
<Placemark><name>M3A-w2-0428</name><description>区域=w2 类别=草地 带=core 距母库=1.03km</description><Point><coordinates>109.793052,35.441522,0</coordinates></Point></Placemark>
<Placemark><name>M3A-w2-0429</name><description>区域=w2 类别=草地 带=core 距母库=1.49km</description><Point><coordinates>108.259897,35.424814,0</coordinates></Point></Placemark>
<Placemark><name>M3A-w2-0430</name><description>区域=w2 类别=草地 带=core 距母库=2.38km</description><Point><coordinates>106.382329,35.867054,0</coordinates></Point></Placemark>
<Placemark><name>M3A-w2-0431</name><description>区域=w2 类别=草地 带=core 距母库=1.16km</description><Point><coordinates>108.031636,36.007731,0</coordinates></Point></Placemark>
<Placemark><name>M3A-w2-0432</name><description>区域=w2 类别=草地 带=core 距母库=1.10km</description><Point><coordinates>105.646608,34.733021,0</coordinates></Point></Placemark>
<Placemark><name>M3A-w2-0433</name><description>区域=w2 类别=草地 带=core 距母库=1.29km</description><Point><coordinates>106.812981,35.286294,0</coordinates></Point></Placemark>
<Placemark><name>M3A-w2-0434</name><description>区域=w2 类别=草地 带=core 距母库=1.21km</description><Point><coordinates>108.054812,35.732038,0</coordinates></Point></Placemark>
<Placemark><name>M3A-w2-0435</name><description>区域=w2 类别=草地 带=core 距母库=1.38km</description><Point><coordinates>105.612652,35.009792,0</coordinates></Point></Placemark>
<Placemark><name>M3A-w2-0436</name><description>区域=w2 类别=草地 带=core 距母库=1.33km</description><Point><coordinates>107.434436,35.840644,0</coordinates></Point></Placemark>
<Placemark><name>M3A-w2-0437</name><description>区域=w2 类别=草地 带=core 距母库=1.15km</description><Point><coordinates>107.717674,35.591361,0</coordinates></Point></Placemark>
<Placemark><name>M3A-w2-0438</name><description>区域=w2 类别=草地 带=core 距母库=1.12km</description><Point><coordinates>106.287467,35.651998,0</coordinates></Point></Placemark>
<Placemark><name>M3A-w2-0439</name><description>区域=w2 类别=草地 带=core 距母库=1.59km</description><Point><coordinates>106.705183,35.215955,0</coordinates></Point></Placemark>
<Placemark><name>M3A-w2-0440</name><description>区域=w2 类别=草地 带=core 距母库=1.40km</description><Point><coordinates>106.295012,35.930655,0</coordinates></Point></Placemark>
<Placemark><name>M3A-w2-0441</name><description>区域=w2 类别=草地 带=core 距母库=1.02km</description><Point><coordinates>106.032525,35.701046,0</coordinates></Point></Placemark>
<Placemark><name>M3A-w2-0442</name><description>区域=w2 类别=草地 带=core 距母库=1.28km</description><Point><coordinates>105.756832,35.927960,0</coordinates></Point></Placemark>
<Placemark><name>M3A-w2-0443</name><description>区域=w2 类别=草地 带=core 距母库=1.06km</description><Point><coordinates>108.194410,35.358249,0</coordinates></Point></Placemark>
<Placemark><name>M3A-w2-0444</name><description>区域=w2 类别=草地 带=core 距母库=1.30km</description><Point><coordinates>107.904434,35.546356,0</coordinates></Point></Placemark>
<Placemark><name>M3A-w2-0445</name><description>区域=w2 类别=草地 带=core 距母库=1.09km</description><Point><coordinates>107.619578,32.646864,0</coordinates></Point></Placemark>
<Placemark><name>M3A-w2-0446</name><description>区域=w2 类别=草地 带=core 距母库=1.29km</description><Point><coordinates>106.096125,35.602411,0</coordinates></Point></Placemark>
<Placemark><name>M3A-w2-0447</name><description>区域=w2 类别=草地 带=core 距母库=1.30km</description><Point><coordinates>105.813965,34.899299,0</coordinates></Point></Placemark>
<Placemark><name>M3A-w2-0448</name><description>区域=w2 类别=草地 带=core 距母库=1.59km</description><Point><coordinates>105.930386,35.801028,0</coordinates></Point></Placemark>
<Placemark><name>M3A-w2-0449</name><description>区域=w2 类别=草地 带=core 距母库=1.49km</description><Point><coordinates>109.597130,35.891309,0</coordinates></Point></Placemark>
<Placemark><name>M3A-w2-0450</name><description>区域=w2 类别=耕地 带=core 距母库=1.85km</description><Point><coordinates>109.345961,35.839296,0</coordinates></Point></Placemark>
<Placemark><name>M3A-w2-0451</name><description>区域=w2 类别=耕地 带=core 距母库=1.54km</description><Point><coordinates>108.903720,34.841088,0</coordinates></Point></Placemark>
<Placemark><name>M3A-w2-0452</name><description>区域=w2 类别=耕地 带=core 距母库=1.27km</description><Point><coordinates>105.796717,35.137263,0</coordinates></Point></Placemark>
<Placemark><name>M3A-w2-0453</name><description>区域=w2 类别=耕地 带=core 距母库=1.38km</description><Point><coordinates>108.619134,34.621181,0</coordinates></Point></Placemark>
<Placemark><name>M3A-w2-0454</name><description>区域=w2 类别=耕地 带=core 距母库=1.57km</description><Point><coordinates>108.084456,34.432535,0</coordinates></Point></Placemark>
<Placemark><name>M3A-w2-0455</name><description>区域=w2 类别=耕地 带=core 距母库=1.33km</description><Point><coordinates>108.481961,34.343601,0</coordinates></Point></Placemark>
<Placemark><name>M3A-w2-0456</name><description>区域=w2 类别=耕地 带=core 距母库=1.00km</description><Point><coordinates>105.953293,35.715598,0</coordinates></Point></Placemark>
<Placemark><name>M3A-w2-0457</name><description>区域=w2 类别=耕地 带=core 距母库=1.22km</description><Point><coordinates>109.964990,35.010331,0</coordinates></Point></Placemark>
<Placemark><name>M3A-w2-0458</name><description>区域=w2 类别=耕地 带=core 距母库=1.19km</description><Point><coordinates>106.021475,35.650650,0</coordinates></Point></Placemark>
<Placemark><name>M3A-w2-0459</name><description>区域=w2 类别=耕地 带=core 距母库=1.00km</description><Point><coordinates>107.899853,35.190084,0</coordinates></Point></Placemark>
<Placemark><name>M3A-w2-0460</name><description>区域=w2 类别=耕地 带=core 距母库=2.23km</description><Point><coordinates>106.777408,35.661699,0</coordinates></Point></Placemark>
<Placemark><name>M3A-w2-0461</name><description>区域=w2 类别=耕地 带=core 距母库=1.08km</description><Point><coordinates>106.572861,35.981859,0</coordinates></Point></Placemark>
<Placemark><name>M3A-w2-0462</name><description>区域=w2 类别=耕地 带=core 距母库=1.34km</description><Point><coordinates>109.997599,32.328051,0</coordinates></Point></Placemark>
<Placemark><name>M3A-w2-0463</name><description>区域=w2 类别=耕地 带=core 距母库=1.21km</description><Point><coordinates>109.653184,34.342254,0</coordinates></Point></Placemark>
<Placemark><name>M3A-w2-0464</name><description>区域=w2 类别=耕地 带=core 距母库=1.06km</description><Point><coordinates>108.927436,34.489668,0</coordinates></Point></Placemark>
<Placemark><name>M3A-w2-0465</name><description>区域=w2 类别=耕地 带=core 距母库=1.74km</description><Point><coordinates>105.945208,35.999915,0</coordinates></Point></Placemark>
<Placemark><name>M3A-w2-0466</name><description>区域=w2 类别=耕地 带=core 距母库=1.15km</description><Point><coordinates>109.908126,35.254224,0</coordinates></Point></Placemark>
<Placemark><name>M3A-w2-0467</name><description>区域=w2 类别=耕地 带=core 距母库=1.41km</description><Point><coordinates>107.859698,35.602141,0</coordinates></Point></Placemark>
<Placemark><name>M3A-w2-0468</name><description>区域=w2 类别=耕地 带=core 距母库=1.15km</description><Point><coordinates>108.667104,34.141481,0</coordinates></Point></Placemark>
<Placemark><name>M3A-w2-0469</name><description>区域=w2 类别=耕地 带=core 距母库=1.21km</description><Point><coordinates>105.801837,35.092527,0</coordinates></Point></Placemark>
<Placemark><name>M3A-w2-0470</name><description>区域=w2 类别=耕地 带=core 距母库=1.09km</description><Point><coordinates>105.616156,35.017877,0</coordinates></Point></Placemark>
<Placemark><name>M3A-w2-0471</name><description>区域=w2 类别=耕地 带=core 距母库=1.27km</description><Point><coordinates>107.920873,34.383217,0</coordinates></Point></Placemark>
<Placemark><name>M3A-w2-0472</name><description>区域=w2 类别=耕地 带=core 距母库=1.02km</description><Point><coordinates>106.639965,35.170141,0</coordinates></Point></Placemark>
<Placemark><name>M3A-w2-0473</name><description>区域=w2 类别=耕地 带=core 距母库=1.34km</description><Point><coordinates>107.863201,33.006369,0</coordinates></Point></Placemark>
<Placemark><name>M3A-w2-0474</name><description>区域=w2 类别=耕地 带=core 距母库=1.35km</description><Point><coordinates>108.221629,34.575906,0</coordinates></Point></Placemark>
<Placemark><name>M3A-w2-0475</name><description>区域=w2 类别=耕地 带=core 距母库=1.41km</description><Point><coordinates>109.679595,35.531803,0</coordinates></Point></Placemark>
<Placemark><name>M3A-w2-0476</name><description>区域=w2 类别=耕地 带=core 距母库=1.44km</description><Point><coordinates>109.596860,34.473767,0</coordinates></Point></Placemark>
<Placemark><name>M3A-w2-0477</name><description>区域=w2 类别=耕地 带=core 距母库=1.98km</description><Point><coordinates>108.051578,35.702663,0</coordinates></Point></Placemark>
<Placemark><name>M3A-w2-0478</name><description>区域=w2 类别=耕地 带=core 距母库=1.01km</description><Point><coordinates>109.017177,34.705802,0</coordinates></Point></Placemark>
<Placemark><name>M3A-w2-0479</name><description>区域=w2 类别=耕地 带=core 距母库=1.01km</description><Point><coordinates>108.243189,35.103037,0</coordinates></Point></Placemark>
<Placemark><name>M3A-w2-0480</name><description>区域=w2 类别=耕地 带=core 距母库=1.06km</description><Point><coordinates>107.177607,34.482661,0</coordinates></Point></Placemark>
<Placemark><name>M3A-w2-0481</name><description>区域=w2 类别=耕地 带=core 距母库=1.43km</description><Point><coordinates>107.018066,35.487067,0</coordinates></Point></Placemark>
<Placemark><name>M3A-w2-0482</name><description>区域=w2 类别=耕地 带=core 距母库=1.27km</description><Point><coordinates>107.441173,35.298960,0</coordinates></Point></Placemark>
<Placemark><name>M3A-w2-0483</name><description>区域=w2 类别=耕地 带=core 距母库=1.04km</description><Point><coordinates>106.586336,35.887805,0</coordinates></Point></Placemark>
<Placemark><name>M3A-w2-0484</name><description>区域=w2 类别=耕地 带=core 距母库=1.51km</description><Point><coordinates>108.486003,34.456789,0</coordinates></Point></Placemark>
<Placemark><name>M3A-w2-0485</name><description>区域=w2 类别=耕地 带=core 距母库=1.70km</description><Point><coordinates>108.346136,34.113992,0</coordinates></Point></Placemark>
<Placemark><name>M3A-w2-0486</name><description>区域=w2 类别=耕地 带=core 距母库=1.08km</description><Point><coordinates>108.323768,34.395883,0</coordinates></Point></Placemark>
<Placemark><name>M3A-w2-0487</name><description>区域=w2 类别=耕地 带=core 距母库=1.03km</description><Point><coordinates>108.024090,34.990388,0</coordinates></Point></Placemark>
<Placemark><name>M3A-w2-0488</name><description>区域=w2 类别=耕地 带=core 距母库=1.17km</description><Point><coordinates>107.847032,34.233648,0</coordinates></Point></Placemark>
<Placemark><name>M3A-w2-0489</name><description>区域=w2 类别=耕地 带=core 距母库=1.55km</description><Point><coordinates>105.630978,35.851154,0</coordinates></Point></Placemark>
<Placemark><name>M3A-w2-0490</name><description>区域=w2 类别=耕地 带=core 距母库=1.22km</description><Point><coordinates>105.542314,34.140403,0</coordinates></Point></Placemark>
<Placemark><name>M3A-w2-0491</name><description>区域=w2 类别=耕地 带=core 距母库=1.02km</description><Point><coordinates>107.481058,34.549765,0</coordinates></Point></Placemark>
<Placemark><name>M3A-w2-0492</name><description>区域=w2 类别=耕地 带=core 距母库=2.03km</description><Point><coordinates>109.554010,34.980417,0</coordinates></Point></Placemark>
<Placemark><name>M3A-w2-0493</name><description>区域=w2 类别=耕地 带=core 距母库=1.21km</description><Point><coordinates>109.926721,35.257997,0</coordinates></Point></Placemark>
<Placemark><name>M3A-w2-0494</name><description>区域=w2 类别=耕地 带=core 距母库=1.09km</description><Point><coordinates>107.121822,33.236518,0</coordinates></Point></Placemark>
<Placemark><name>M3A-w2-0495</name><description>区域=w2 类别=耕地 带=core 距母库=1.01km</description><Point><coordinates>107.078433,31.847543,0</coordinates></Point></Placemark>
<Placemark><name>M3A-w2-0496</name><description>区域=w2 类别=耕地 带=core 距母库=1.45km</description><Point><coordinates>107.638982,34.207507,0</coordinates></Point></Placemark>
<Placemark><name>M3A-w2-0497</name><description>区域=w2 类别=耕地 带=core 距母库=1.77km</description><Point><coordinates>105.914486,35.885380,0</coordinates></Point></Placemark>
<Placemark><name>M3A-w2-0498</name><description>区域=w2 类别=耕地 带=core 距母库=1.46km</description><Point><coordinates>109.444057,34.309106,0</coordinates></Point></Placemark>
<Placemark><name>M3A-w2-0499</name><description>区域=w2 类别=耕地 带=core 距母库=1.29km</description><Point><coordinates>108.440728,34.813061,0</coordinates></Point></Placemark>
<Placemark><name>M3A-w2-0500</name><description>区域=w2 类别=建成区 带=core 距母库=1.35km</description><Point><coordinates>109.093983,34.537368,0</coordinates></Point></Placemark>
<Placemark><name>M3A-w2-0501</name><description>区域=w2 类别=建成区 带=core 距母库=1.12km</description><Point><coordinates>107.031272,33.081558,0</coordinates></Point></Placemark>
<Placemark><name>M3A-w2-0502</name><description>区域=w2 类别=建成区 带=core 距母库=1.18km</description><Point><coordinates>108.920968,34.304525,0</coordinates></Point></Placemark>
<Placemark><name>M3A-w2-0503</name><description>区域=w2 类别=建成区 带=core 距母库=1.00km</description><Point><coordinates>109.357279,34.489668,0</coordinates></Point></Placemark>
<Placemark><name>M3A-w2-0504</name><description>区域=w2 类别=建成区 带=core 距母库=1.37km</description><Point><coordinates>108.842545,34.316383,0</coordinates></Point></Placemark>
<Placemark><name>M3A-w2-0505</name><description>区域=w2 类别=建成区 带=core 距母库=1.21km</description><Point><coordinates>108.736903,34.598543,0</coordinates></Point></Placemark>
<Placemark><name>M3A-w2-0506</name><description>区域=w2 类别=建成区 带=core 距母库=1.08km</description><Point><coordinates>109.797634,34.514461,0</coordinates></Point></Placemark>
<Placemark><name>M3A-w2-0507</name><description>区域=w2 类别=建成区 带=core 距母库=1.09km</description><Point><coordinates>109.393661,34.550034,0</coordinates></Point></Placemark>
<Placemark><name>M3A-w2-0508</name><description>区域=w2 类别=建成区 带=core 距母库=1.46km</description><Point><coordinates>108.906954,34.177323,0</coordinates></Point></Placemark>
<Placemark><name>M3A-w2-0509</name><description>区域=w2 类别=建成区 带=core 距母库=1.06km</description><Point><coordinates>107.025612,33.040865,0</coordinates></Point></Placemark>
<Placemark><name>M3A-w2-0510</name><description>区域=w2 类别=建成区 带=core 距母库=1.96km</description><Point><coordinates>108.911266,34.331744,0</coordinates></Point></Placemark>
<Placemark><name>M3A-w2-0511</name><description>区域=w2 类别=建成区 带=core 距母库=1.64km</description><Point><coordinates>109.012326,34.269490,0</coordinates></Point></Placemark>
<Placemark><name>M3A-w2-0512</name><description>区域=w2 类别=建成区 带=core 距母库=1.02km</description><Point><coordinates>105.744165,35.967576,0</coordinates></Point></Placemark>
<Placemark><name>M3A-w2-0513</name><description>区域=w2 类别=建成区 带=core 距母库=1.56km</description><Point><coordinates>108.715343,34.357346,0</coordinates></Point></Placemark>
<Placemark><name>M3A-w2-0514</name><description>区域=w2 类别=建成区 带=core 距母库=1.81km</description><Point><coordinates>105.644722,31.793105,0</coordinates></Point></Placemark>
<Placemark><name>M3A-w2-0515</name><description>区域=w2 类别=裸地/稀疏 带=core 距母库=1.57km</description><Point><coordinates>108.728279,34.422294,0</coordinates></Point></Placemark>
<Placemark><name>M3A-w2-0516</name><description>区域=w2 类别=裸地/稀疏 带=core 距母库=1.29km</description><Point><coordinates>107.409103,34.336595,0</coordinates></Point></Placemark>
<Placemark><name>M3A-w2-0517</name><description>区域=w2 类别=裸地/稀疏 带=core 距母库=1.49km</description><Point><coordinates>108.794575,34.202386,0</coordinates></Point></Placemark>
<Placemark><name>M3A-w2-0518</name><description>区域=w2 类别=裸地/稀疏 带=core 距母库=1.47km</description><Point><coordinates>106.552919,33.422199,0</coordinates></Point></Placemark>
<Placemark><name>M3A-w2-0519</name><description>区域=w2 类别=裸地/稀疏 带=core 距母库=1.05km</description><Point><coordinates>108.794305,34.340368,0</coordinates></Point></Placemark>
<Placemark><name>M3A-w2-0520</name><description>区域=w2 类别=裸地/稀疏 带=core 距母库=1.42km</description><Point><coordinates>107.122361,35.402715,0</coordinates></Point></Placemark>
<Placemark><name>M3A-w2-0521</name><description>区域=w2 类别=裸地/稀疏 带=core 距母库=1.23km</description><Point><coordinates>105.894813,32.630155,0</coordinates></Point></Placemark>
<Placemark><name>M3A-w2-0522</name><description>区域=w2 类别=水体 带=core 距母库=1.35km</description><Point><coordinates>109.297452,35.739314,0</coordinates></Point></Placemark>
<Placemark><name>M3A-w2-0523</name><description>区域=w2 类别=水体 带=core 距母库=1.13km</description><Point><coordinates>106.667723,31.790140,0</coordinates></Point></Placemark>
<Placemark><name>M3A-w2-0524</name><description>区域=w2 类别=水体 带=core 距母库=1.51km</description><Point><coordinates>105.819624,31.924618,0</coordinates></Point></Placemark>
<Placemark><name>M3A-w2-0525</name><description>区域=w2 类别=水体 带=core 距母库=1.15km</description><Point><coordinates>107.180841,34.608245,0</coordinates></Point></Placemark>
<Placemark><name>M3A-w2-0526</name><description>区域=w2 类别=水体 带=core 距母库=1.12km</description><Point><coordinates>105.917990,32.738761,0</coordinates></Point></Placemark>
<Placemark><name>M3A-w2-0527</name><description>区域=w2 类别=水体 带=core 距母库=1.39km</description><Point><coordinates>108.867338,34.391571,0</coordinates></Point></Placemark>
<Placemark><name>M3A-w2-0528</name><description>区域=w2 类别=水体 带=core 距母库=1.74km</description><Point><coordinates>108.772207,34.207237,0</coordinates></Point></Placemark>
<Placemark><name>M3A-w2-0529</name><description>区域=w2 类别=水体 带=core 距母库=1.31km</description><Point><coordinates>105.826900,32.434232,0</coordinates></Point></Placemark>
<Placemark><name>M3A-w2-0530</name><description>区域=w2 类别=水体 带=core 距母库=1.40km</description><Point><coordinates>106.000724,31.617933,0</coordinates></Point></Placemark>
<Placemark><name>M3A-w2-0531</name><description>区域=w2 类别=水体 带=core 距母库=1.12km</description><Point><coordinates>106.737792,31.802268,0</coordinates></Point></Placemark>
<Placemark><name>M3A-w2-0532</name><description>区域=w2 类别=水体 带=core 距母库=1.44km</description><Point><coordinates>108.767625,32.602936,0</coordinates></Point></Placemark>
<Placemark><name>M3A-w2-0533</name><description>区域=w2 类别=水体 带=core 距母库=1.02km</description><Point><coordinates>109.323323,35.706436,0</coordinates></Point></Placemark>
<Placemark><name>M3A-w2-0534</name><description>区域=w2 类别=水体 带=core 距母库=1.04km</description><Point><coordinates>108.716960,31.971510,0</coordinates></Point></Placemark>
<Placemark><name>M3A-w2-0535</name><description>区域=w2 类别=乔木 带=edge 距母库=1.34km</description><Point><coordinates>109.321437,35.132682,0</coordinates></Point></Placemark>
<Placemark><name>M3A-w2-0536</name><description>区域=w2 类别=乔木 带=edge 距母库=1.02km</description><Point><coordinates>107.897697,33.705977,0</coordinates></Point></Placemark>
<Placemark><name>M3A-w2-0537</name><description>区域=w2 类别=乔木 带=edge 距母库=1.05km</description><Point><coordinates>106.375861,32.069876,0</coordinates></Point></Placemark>
<Placemark><name>M3A-w2-0538</name><description>区域=w2 类别=乔木 带=edge 距母库=1.53km</description><Point><coordinates>108.973250,35.794830,0</coordinates></Point></Placemark>
<Placemark><name>M3A-w2-0539</name><description>区域=w2 类别=乔木 带=edge 距母库=1.19km</description><Point><coordinates>106.016894,34.493440,0</coordinates></Point></Placemark>
<Placemark><name>M3A-w2-0540</name><description>区域=w2 类别=乔木 带=edge 距母库=1.08km</description><Point><coordinates>108.013040,32.289783,0</coordinates></Point></Placemark>
<Placemark><name>M3A-w2-0541</name><description>区域=w2 类别=乔木 带=edge 距母库=1.23km</description><Point><coordinates>107.490760,32.003849,0</coordinates></Point></Placemark>
<Placemark><name>M3A-w2-0542</name><description>区域=w2 类别=乔木 带=edge 距母库=1.00km</description><Point><coordinates>107.557864,35.329143,0</coordinates></Point></Placemark>
<Placemark><name>M3A-w2-0543</name><description>区域=w2 类别=乔木 带=edge 距母库=1.90km</description><Point><coordinates>108.514300,36.022283,0</coordinates></Point></Placemark>
<Placemark><name>M3A-w2-0544</name><description>区域=w2 类别=乔木 带=edge 距母库=1.60km</description><Point><coordinates>107.338495,32.197616,0</coordinates></Point></Placemark>
<Placemark><name>M3A-w2-0545</name><description>区域=w2 类别=乔木 带=edge 距母库=1.63km</description><Point><coordinates>109.487445,33.736700,0</coordinates></Point></Placemark>
<Placemark><name>M3A-w2-0546</name><description>区域=w2 类别=乔木 带=edge 距母库=2.01km</description><Point><coordinates>107.757290,34.142020,0</coordinates></Point></Placemark>
<Placemark><name>M3A-w2-0547</name><description>区域=w2 类别=乔木 带=edge 距母库=1.09km</description><Point><coordinates>106.854483,31.849699,0</coordinates></Point></Placemark>
<Placemark><name>M3A-w2-0548</name><description>区域=w2 类别=乔木 带=edge 距母库=1.27km</description><Point><coordinates>106.530820,35.184425,0</coordinates></Point></Placemark>
<Placemark><name>M3A-w2-0549</name><description>区域=w2 类别=乔木 带=edge 距母库=1.44km</description><Point><coordinates>107.771843,33.100153,0</coordinates></Point></Placemark>
<Placemark><name>M3A-w2-0550</name><description>区域=w2 类别=乔木 带=edge 距母库=1.47km</description><Point><coordinates>109.199086,33.278289,0</coordinates></Point></Placemark>
<Placemark><name>M3A-w2-0551</name><description>区域=w2 类别=草地 带=edge 距母库=1.40km</description><Point><coordinates>106.788727,35.751980,0</coordinates></Point></Placemark>
<Placemark><name>M3A-w2-0552</name><description>区域=w2 类别=草地 带=edge 距母库=1.31km</description><Point><coordinates>107.299419,34.650556,0</coordinates></Point></Placemark>
<Placemark><name>M3A-w2-0553</name><description>区域=w2 类别=草地 带=edge 距母库=1.34km</description><Point><coordinates>107.944589,34.704724,0</coordinates></Point></Placemark>
<Placemark><name>M3A-w2-0554</name><description>区域=w2 类别=草地 带=edge 距母库=1.47km</description><Point><coordinates>108.867877,33.516253,0</coordinates></Point></Placemark>
<Placemark><name>M3A-w2-0555</name><description>区域=w2 类别=草地 带=edge 距母库=1.10km</description><Point><coordinates>107.619848,35.708592,0</coordinates></Point></Placemark>
<Placemark><name>M3A-w2-0556</name><description>区域=w2 类别=草地 带=edge 距母库=1.90km</description><Point><coordinates>106.210661,35.310548,0</coordinates></Point></Placemark>
<Placemark><name>M3A-w2-0557</name><description>区域=w2 类别=草地 带=edge 距母库=1.28km</description><Point><coordinates>107.736539,34.525241,0</coordinates></Point></Placemark>
<Placemark><name>M3A-w2-0558</name><description>区域=w2 类别=草地 带=edge 距母库=1.82km</description><Point><coordinates>108.246153,35.374957,0</coordinates></Point></Placemark>
<Placemark><name>M3A-w2-0559</name><description>区域=w2 类别=草地 带=edge 距母库=1.40km</description><Point><coordinates>109.504693,33.217114,0</coordinates></Point></Placemark>
<Placemark><name>M3A-w2-0560</name><description>区域=w2 类别=草地 带=edge 距母库=1.41km</description><Point><coordinates>108.061819,35.424814,0</coordinates></Point></Placemark>
<Placemark><name>M3A-w2-0561</name><description>区域=w2 类别=草地 带=edge 距母库=1.61km</description><Point><coordinates>109.925913,34.672654,0</coordinates></Point></Placemark>
<Placemark><name>M3A-w2-0562</name><description>区域=w2 类别=草地 带=edge 距母库=1.50km</description><Point><coordinates>106.169428,34.677236,0</coordinates></Point></Placemark>
<Placemark><name>M3A-w2-0563</name><description>区域=w2 类别=草地 带=edge 距母库=1.29km</description><Point><coordinates>108.295740,35.259614,0</coordinates></Point></Placemark>
<Placemark><name>M3A-w2-0564</name><description>区域=w2 类别=草地 带=edge 距母库=1.25km</description><Point><coordinates>107.029924,35.218650,0</coordinates></Point></Placemark>
<Placemark><name>M3A-w2-0565</name><description>区域=w2 类别=草地 带=edge 距母库=1.02km</description><Point><coordinates>105.502968,34.818181,0</coordinates></Point></Placemark>
<Placemark><name>M3A-w2-0566</name><description>区域=w2 类别=草地 带=edge 距母库=1.05km</description><Point><coordinates>109.121472,34.898221,0</coordinates></Point></Placemark>
<Placemark><name>M3A-w2-0567</name><description>区域=w2 类别=草地 带=edge 距母库=1.04km</description><Point><coordinates>108.109519,35.187659,0</coordinates></Point></Placemark>
<Placemark><name>M3A-w2-0568</name><description>区域=w2 类别=草地 带=edge 距母库=1.21km</description><Point><coordinates>105.916642,35.927152,0</coordinates></Point></Placemark>
<Placemark><name>M3A-w2-0569</name><description>区域=w2 类别=草地 带=edge 距母库=1.26km</description><Point><coordinates>106.931559,35.712364,0</coordinates></Point></Placemark>
<Placemark><name>M3A-w2-0570</name><description>区域=w2 类别=草地 带=edge 距母库=1.00km</description><Point><coordinates>108.742293,34.659988,0</coordinates></Point></Placemark>
<Placemark><name>M3A-w2-0571</name><description>区域=w2 类别=草地 带=edge 距母库=1.00km</description><Point><coordinates>105.551477,34.841358,0</coordinates></Point></Placemark>
<Placemark><name>M3A-w2-0572</name><description>区域=w2 类别=草地 带=edge 距母库=1.74km</description><Point><coordinates>106.962551,34.920589,0</coordinates></Point></Placemark>
<Placemark><name>M3A-w2-0573</name><description>区域=w2 类别=草地 带=edge 距母库=2.20km</description><Point><coordinates>107.321517,35.774079,0</coordinates></Point></Placemark>
<Placemark><name>M3A-w2-0574</name><description>区域=w2 类别=草地 带=edge 距母库=1.59km</description><Point><coordinates>109.397165,32.132398,0</coordinates></Point></Placemark>
<Placemark><name>M3A-w2-0575</name><description>区域=w2 类别=草地 带=edge 距母库=2.28km</description><Point><coordinates>107.281632,35.226466,0</coordinates></Point></Placemark>
<Placemark><name>M3A-w2-0576</name><description>区域=w2 类别=草地 带=edge 距母库=1.12km</description><Point><coordinates>109.298530,34.207507,0</coordinates></Point></Placemark>
<Placemark><name>M3A-w2-0577</name><description>区域=w2 类别=草地 带=edge 距母库=1.18km</description><Point><coordinates>105.783512,35.895351,0</coordinates></Point></Placemark>
<Placemark><name>M3A-w2-0578</name><description>区域=w2 类别=草地 带=edge 距母库=1.73km</description><Point><coordinates>109.863390,35.277939,0</coordinates></Point></Placemark>
<Placemark><name>M3A-w2-0579</name><description>区域=w2 类别=草地 带=edge 距母库=1.38km</description><Point><coordinates>108.878927,33.451844,0</coordinates></Point></Placemark>
<Placemark><name>M3A-w2-0580</name><description>区域=w2 类别=草地 带=edge 距母库=1.97km</description><Point><coordinates>105.638793,35.985093,0</coordinates></Point></Placemark>
<Placemark><name>M3A-w2-0581</name><description>区域=w2 类别=草地 带=edge 距母库=1.12km</description><Point><coordinates>106.302828,35.694578,0</coordinates></Point></Placemark>
<Placemark><name>M3A-w2-0582</name><description>区域=w2 类别=草地 带=edge 距母库=1.35km</description><Point><coordinates>107.844337,34.970176,0</coordinates></Point></Placemark>
<Placemark><name>M3A-w2-0583</name><description>区域=w2 类别=草地 带=edge 距母库=1.24km</description><Point><coordinates>107.459768,35.277670,0</coordinates></Point></Placemark>
<Placemark><name>M3A-w2-0584</name><description>区域=w2 类别=草地 带=edge 距母库=1.00km</description><Point><coordinates>109.273467,33.377194,0</coordinates></Point></Placemark>
<Placemark><name>M3A-w2-0585</name><description>区域=w2 类别=草地 带=edge 距母库=1.08km</description><Point><coordinates>108.047805,35.174453,0</coordinates></Point></Placemark>
<Placemark><name>M3A-w2-0586</name><description>区域=w2 类别=耕地 带=edge 距母库=2.22km</description><Point><coordinates>107.503426,35.603219,0</coordinates></Point></Placemark>
<Placemark><name>M3A-w2-0587</name><description>区域=w2 类别=耕地 带=edge 距母库=1.12km</description><Point><coordinates>107.648145,35.457692,0</coordinates></Point></Placemark>
<Placemark><name>M3A-w2-0588</name><description>区域=w2 类别=耕地 带=edge 距母库=1.19km</description><Point><coordinates>106.549685,35.283060,0</coordinates></Point></Placemark>
<Placemark><name>M3A-w2-0589</name><description>区域=w2 类别=耕地 带=edge 距母库=1.17km</description><Point><coordinates>108.217048,35.391127,0</coordinates></Point></Placemark>
<Placemark><name>M3A-w2-0590</name><description>区域=w2 类别=耕地 带=edge 距母库=1.15km</description><Point><coordinates>108.324037,34.151452,0</coordinates></Point></Placemark>
<Placemark><name>M3A-w2-0591</name><description>区域=w2 类别=耕地 带=edge 距母库=1.56km</description><Point><coordinates>107.075738,35.211644,0</coordinates></Point></Placemark>
<Placemark><name>M3A-w2-0592</name><description>区域=w2 类别=耕地 带=edge 距母库=2.29km</description><Point><coordinates>107.731958,34.719007,0</coordinates></Point></Placemark>
<Placemark><name>M3A-w2-0593</name><description>区域=w2 类别=耕地 带=edge 距母库=1.16km</description><Point><coordinates>108.559036,34.089738,0</coordinates></Point></Placemark>
<Placemark><name>M3A-w2-0594</name><description>区域=w2 类别=耕地 带=edge 距母库=1.81km</description><Point><coordinates>105.983207,35.792943,0</coordinates></Point></Placemark>
<Placemark><name>M3A-w2-0595</name><description>区域=w2 类别=耕地 带=edge 距母库=1.59km</description><Point><coordinates>107.153622,34.113453,0</coordinates></Point></Placemark>
<Placemark><name>M3A-w2-0596</name><description>区域=w2 类别=耕地 带=edge 距母库=1.03km</description><Point><coordinates>109.857192,35.100073,0</coordinates></Point></Placemark>
<Placemark><name>M3A-w2-0597</name><description>区域=w2 类别=耕地 带=edge 距母库=1.03km</description><Point><coordinates>108.073677,34.941340,0</coordinates></Point></Placemark>
<Placemark><name>M3A-w2-0598</name><description>区域=w2 类别=耕地 带=edge 距母库=1.64km</description><Point><coordinates>108.939563,32.881054,0</coordinates></Point></Placemark>
<Placemark><name>M3A-w2-0599</name><description>区域=w2 类别=耕地 带=edge 距母库=1.25km</description><Point><coordinates>109.341379,35.426431,0</coordinates></Point></Placemark>
<Placemark><name>M3A-w2-0600</name><description>区域=w2 类别=耕地 带=edge 距母库=1.25km</description><Point><coordinates>109.342996,35.189814,0</coordinates></Point></Placemark>
<Placemark><name>M3A-w2-0601</name><description>区域=w2 类别=耕地 带=edge 距母库=1.10km</description><Point><coordinates>107.671052,35.400020,0</coordinates></Point></Placemark>
<Placemark><name>M3A-w2-0602</name><description>区域=w2 类别=耕地 带=edge 距母库=1.07km</description><Point><coordinates>108.006842,34.590189,0</coordinates></Point></Placemark>
<Placemark><name>M3A-w2-0603</name><description>区域=w2 类别=耕地 带=edge 距母库=1.97km</description><Point><coordinates>106.074835,35.706705,0</coordinates></Point></Placemark>
<Placemark><name>M3A-w2-0604</name><description>区域=w2 类别=耕地 带=edge 距母库=1.27km</description><Point><coordinates>106.509530,32.217020,0</coordinates></Point></Placemark>
<Placemark><name>M3A-w2-0605</name><description>区域=w2 类别=耕地 带=edge 距母库=1.20km</description><Point><coordinates>106.361308,32.750619,0</coordinates></Point></Placemark>
<Placemark><name>M3A-w2-0606</name><description>区域=w2 类别=耕地 带=edge 距母库=1.04km</description><Point><coordinates>106.639696,35.632864,0</coordinates></Point></Placemark>
<Placemark><name>M3A-w2-0607</name><description>区域=w2 类别=耕地 带=edge 距母库=1.78km</description><Point><coordinates>108.974867,31.730043,0</coordinates></Point></Placemark>
<Placemark><name>M3A-w2-0608</name><description>区域=w2 类别=耕地 带=edge 距母库=1.55km</description><Point><coordinates>108.026515,35.932811,0</coordinates></Point></Placemark>
<Placemark><name>M3A-w2-0609</name><description>区域=w2 类别=耕地 带=edge 距母库=1.42km</description><Point><coordinates>108.104938,34.390763,0</coordinates></Point></Placemark>
<Placemark><name>M3A-w2-0610</name><description>区域=w2 类别=耕地 带=edge 距母库=1.14km</description><Point><coordinates>109.328713,34.515539,0</coordinates></Point></Placemark>
<Placemark><name>M3A-w2-0611</name><description>区域=w2 类别=建成区 带=edge 距母库=1.70km</description><Point><coordinates>108.700521,34.704724,0</coordinates></Point></Placemark>
<Placemark><name>M3A-w2-0612</name><description>区域=w2 类别=建成区 带=edge 距母库=1.32km</description><Point><coordinates>106.486354,35.916911,0</coordinates></Point></Placemark>
<Placemark><name>M3A-w2-0613</name><description>区域=w2 类别=建成区 带=edge 距母库=1.17km</description><Point><coordinates>106.267524,35.964342,0</coordinates></Point></Placemark>
<Placemark><name>M3A-w2-0614</name><description>区域=w2 类别=建成区 带=edge 距母库=1.41km</description><Point><coordinates>108.226211,34.591536,0</coordinates></Point></Placemark>
<Placemark><name>M3A-w2-0615</name><description>区域=w2 类别=建成区 带=edge 距母库=1.43km</description><Point><coordinates>108.855480,34.098092,0</coordinates></Point></Placemark>
<Placemark><name>M3A-w2-0616</name><description>区域=w2 类别=建成区 带=edge 距母库=1.75km</description><Point><coordinates>109.500381,34.645705,0</coordinates></Point></Placemark>
<Placemark><name>M3A-w2-0617</name><description>区域=w2 类别=建成区 带=edge 距母库=1.45km</description><Point><coordinates>105.908827,31.758879,0</coordinates></Point></Placemark>
<Placemark><name>M3A-w2-0618</name><description>区域=w2 类别=建成区 带=edge 距母库=1.41km</description><Point><coordinates>109.342996,34.936220,0</coordinates></Point></Placemark>
<Placemark><name>M3A-w2-0619</name><description>区域=w2 类别=建成区 带=edge 距母库=1.01km</description><Point><coordinates>109.292062,33.320600,0</coordinates></Point></Placemark>
<Placemark><name>M3A-w2-0620</name><description>区域=w2 类别=建成区 带=edge 距母库=1.35km</description><Point><coordinates>109.478013,36.059204,0</coordinates></Point></Placemark>
<Placemark><name>M3A-w2-0621</name><description>区域=w2 类别=建成区 带=edge 距母库=1.49km</description><Point><coordinates>105.834716,35.915563,0</coordinates></Point></Placemark>
<Placemark><name>M3A-w2-0622</name><description>区域=w2 类别=建成区 带=edge 距母库=1.59km</description><Point><coordinates>109.175910,34.234456,0</coordinates></Point></Placemark>
<Placemark><name>M3A-w2-0623</name><description>区域=w2 类别=建成区 带=edge 距母库=1.31km</description><Point><coordinates>108.785142,34.247661,0</coordinates></Point></Placemark>
<Placemark><name>M3A-w2-0624</name><description>区域=w2 类别=建成区 带=edge 距母库=1.12km</description><Point><coordinates>107.958064,33.294459,0</coordinates></Point></Placemark>
<Placemark><name>M3A-w2-0625</name><description>区域=w2 类别=建成区 带=edge 距母库=1.20km</description><Point><coordinates>109.112578,32.643360,0</coordinates></Point></Placemark>
<Placemark><name>M3A-w2-0626</name><description>区域=w2 类别=建成区 带=edge 距母库=1.31km</description><Point><coordinates>108.969207,34.264909,0</coordinates></Point></Placemark>
<Placemark><name>M3A-w2-0627</name><description>区域=w2 类别=建成区 带=edge 距母库=1.29km</description><Point><coordinates>109.582307,35.217033,0</coordinates></Point></Placemark>
<Placemark><name>M3A-w2-0628</name><description>区域=w2 类别=建成区 带=edge 距母库=2.52km</description><Point><coordinates>107.080859,32.082542,0</coordinates></Point></Placemark>
<Placemark><name>M3A-w2-0629</name><description>区域=w2 类别=建成区 带=edge 距母库=1.67km</description><Point><coordinates>109.031730,35.101959,0</coordinates></Point></Placemark>
<Placemark><name>M3A-w2-0630</name><description>区域=w2 类别=建成区 带=edge 距母库=1.54km</description><Point><coordinates>105.980512,35.765455,0</coordinates></Point></Placemark>
<Placemark><name>M3A-w2-0631</name><description>区域=w2 类别=建成区 带=edge 距母库=1.16km</description><Point><coordinates>108.757654,34.607976,0</coordinates></Point></Placemark>
<Placemark><name>M3A-w2-0632</name><description>区域=w2 类别=建成区 带=edge 距母库=1.20km</description><Point><coordinates>108.780022,34.322042,0</coordinates></Point></Placemark>
<Placemark><name>M3A-w2-0633</name><description>区域=w2 类别=建成区 带=edge 距母库=1.13km</description><Point><coordinates>109.520593,34.978800,0</coordinates></Point></Placemark>
<Placemark><name>M3A-w2-0634</name><description>区域=w2 类别=建成区 带=edge 距母库=1.17km</description><Point><coordinates>108.250735,32.148299,0</coordinates></Point></Placemark>
<Placemark><name>M3A-w2-0635</name><description>区域=w2 类别=建成区 带=edge 距母库=1.03km</description><Point><coordinates>108.133774,34.690441,0</coordinates></Point></Placemark>
<Placemark><name>M3A-w2-0636</name><description>区域=w2 类别=建成区 带=edge 距母库=1.29km</description><Point><coordinates>108.440459,34.994700,0</coordinates></Point></Placemark>
<Placemark><name>M3A-w2-0637</name><description>区域=w2 类别=建成区 带=edge 距母库=1.22km</description><Point><coordinates>105.906401,31.711717,0</coordinates></Point></Placemark>
<Placemark><name>M3A-w2-0638</name><description>区域=w2 类别=建成区 带=edge 距母库=1.46km</description><Point><coordinates>107.653535,32.265529,0</coordinates></Point></Placemark>
<Placemark><name>M3A-w2-0639</name><description>区域=w2 类别=建成区 带=edge 距母库=1.01km</description><Point><coordinates>109.682829,34.438464,0</coordinates></Point></Placemark>
<Placemark><name>M3A-w2-0640</name><description>区域=w2 类别=建成区 带=edge 距母库=1.29km</description><Point><coordinates>108.037295,34.948078,0</coordinates></Point></Placemark>
<Placemark><name>M3A-w2-0641</name><description>区域=w2 类别=建成区 带=edge 距母库=1.67km</description><Point><coordinates>109.479899,34.535212,0</coordinates></Point></Placemark>
<Placemark><name>M3A-w2-0642</name><description>区域=w2 类别=建成区 带=edge 距母库=1.01km</description><Point><coordinates>108.526158,32.861651,0</coordinates></Point></Placemark>
<Placemark><name>M3A-w2-0643</name><description>区域=w2 类别=建成区 带=edge 距母库=1.31km</description><Point><coordinates>108.406503,34.389146,0</coordinates></Point></Placemark>
<Placemark><name>M3A-w2-0644</name><description>区域=w2 类别=裸地/稀疏 带=edge 距母库=1.10km</description><Point><coordinates>105.903437,35.772192,0</coordinates></Point></Placemark>
<Placemark><name>M3A-w2-0645</name><description>区域=w2 类别=裸地/稀疏 带=edge 距母库=1.08km</description><Point><coordinates>106.201498,36.097742,0</coordinates></Point></Placemark>
<Placemark><name>M3A-w2-0646</name><description>区域=w2 类别=裸地/稀疏 带=edge 距母库=1.32km</description><Point><coordinates>106.251354,33.232745,0</coordinates></Point></Placemark>
<Placemark><name>M3A-w2-0647</name><description>区域=w2 类别=裸地/稀疏 带=edge 距母库=1.32km</description><Point><coordinates>107.431471,33.264276,0</coordinates></Point></Placemark>
<Placemark><name>M3A-w2-0648</name><description>区域=w2 类别=裸地/稀疏 带=edge 距母库=1.10km</description><Point><coordinates>105.935237,35.823127,0</coordinates></Point></Placemark>
<Placemark><name>M3A-w2-0649</name><description>区域=w2 类别=裸地/稀疏 带=edge 距母库=1.32km</description><Point><coordinates>105.568994,35.904245,0</coordinates></Point></Placemark>
<Placemark><name>M3A-w2-0650</name><description>区域=w2 类别=裸地/稀疏 带=edge 距母库=1.23km</description><Point><coordinates>105.725840,35.760334,0</coordinates></Point></Placemark>
<Placemark><name>M3A-w2-0651</name><description>区域=w2 类别=裸地/稀疏 带=edge 距母库=1.28km</description><Point><coordinates>109.841292,34.732482,0</coordinates></Point></Placemark>
<Placemark><name>M3A-w2-0652</name><description>区域=w2 类别=裸地/稀疏 带=edge 距母库=1.08km</description><Point><coordinates>107.157665,35.325101,0</coordinates></Point></Placemark>
<Placemark><name>M3A-w2-0653</name><description>区域=w2 类别=裸地/稀疏 带=edge 距母库=1.05km</description><Point><coordinates>109.599555,35.199786,0</coordinates></Point></Placemark>
<Placemark><name>M3A-w2-0654</name><description>区域=w2 类别=裸地/稀疏 带=edge 距母库=1.68km</description><Point><coordinates>106.203923,35.142922,0</coordinates></Point></Placemark>
<Placemark><name>M3A-w2-0655</name><description>区域=w2 类别=裸地/稀疏 带=edge 距母库=1.00km</description><Point><coordinates>105.833099,35.764377,0</coordinates></Point></Placemark>
<Placemark><name>M3A-w2-0656</name><description>区域=w2 类别=裸地/稀疏 带=edge 距母库=1.56km</description><Point><coordinates>108.138625,34.092433,0</coordinates></Point></Placemark>
<Placemark><name>M3A-w2-0657</name><description>区域=w2 类别=裸地/稀疏 带=edge 距母库=1.18km</description><Point><coordinates>107.560290,34.501525,0</coordinates></Point></Placemark>
<Placemark><name>M3A-w2-0658</name><description>区域=w2 类别=裸地/稀疏 带=edge 距母库=1.27km</description><Point><coordinates>109.610335,35.226196,0</coordinates></Point></Placemark>
<Placemark><name>M3A-w2-0659</name><description>区域=w2 类别=裸地/稀疏 带=edge 距母库=1.07km</description><Point><coordinates>109.439475,34.623337,0</coordinates></Point></Placemark>
<Placemark><name>M3A-w2-0660</name><description>区域=w2 类别=裸地/稀疏 带=edge 距母库=1.04km</description><Point><coordinates>109.009631,34.850251,0</coordinates></Point></Placemark>
<Placemark><name>M3A-w2-0661</name><description>区域=w2 类别=裸地/稀疏 带=edge 距母库=1.58km</description><Point><coordinates>109.972805,34.798508,0</coordinates></Point></Placemark>
<Placemark><name>M3A-w2-0662</name><description>区域=w2 类别=裸地/稀疏 带=edge 距母库=1.43km</description><Point><coordinates>105.584894,35.715329,0</coordinates></Point></Placemark>
<Placemark><name>M3A-w2-0663</name><description>区域=w2 类别=裸地/稀疏 带=edge 距母库=1.41km</description><Point><coordinates>106.170775,35.227005,0</coordinates></Point></Placemark>
<Placemark><name>M3A-w2-0664</name><description>区域=w2 类别=裸地/稀疏 带=edge 距母库=1.40km</description><Point><coordinates>106.171314,35.219998,0</coordinates></Point></Placemark>
<Placemark><name>M3A-w2-0665</name><description>区域=w2 类别=裸地/稀疏 带=edge 距母库=1.88km</description><Point><coordinates>106.145173,35.394361,0</coordinates></Point></Placemark>
<Placemark><name>M3A-w2-0666</name><description>区域=w2 类别=裸地/稀疏 带=edge 距母库=1.28km</description><Point><coordinates>106.321962,35.564412,0</coordinates></Point></Placemark>
<Placemark><name>M3A-w2-0667</name><description>区域=w2 类别=裸地/稀疏 带=edge 距母库=1.80km</description><Point><coordinates>108.085534,34.748921,0</coordinates></Point></Placemark>
<Placemark><name>M3A-w2-0668</name><description>区域=w2 类别=裸地/稀疏 带=edge 距母库=1.62km</description><Point><coordinates>107.987708,35.751711,0</coordinates></Point></Placemark>
<Placemark><name>M3A-w2-0669</name><description>区域=w2 类别=裸地/稀疏 带=edge 距母库=1.02km</description><Point><coordinates>106.967671,36.057857,0</coordinates></Point></Placemark>
<Placemark><name>M3A-w2-0670</name><description>区域=w2 类别=裸地/稀疏 带=edge 距母库=1.29km</description><Point><coordinates>107.108617,34.354112,0</coordinates></Point></Placemark>
<Placemark><name>M3A-w2-0671</name><description>区域=w2 类别=裸地/稀疏 带=edge 距母库=1.08km</description><Point><coordinates>108.792149,34.421216,0</coordinates></Point></Placemark>
<Placemark><name>M3A-w2-0672</name><description>区域=w2 类别=裸地/稀疏 带=edge 距母库=1.30km</description><Point><coordinates>107.509625,34.526049,0</coordinates></Point></Placemark>
<Placemark><name>M3A-w2-0673</name><description>区域=w2 类别=裸地/稀疏 带=edge 距母库=1.28km</description><Point><coordinates>106.036837,34.568629,0</coordinates></Point></Placemark>
<Placemark><name>M3A-w2-0674</name><description>区域=w2 类别=裸地/稀疏 带=edge 距母库=1.07km</description><Point><coordinates>109.054098,34.237960,0</coordinates></Point></Placemark>
<Placemark><name>M3A-w2-0675</name><description>区域=w2 类别=裸地/稀疏 带=edge 距母库=1.35km</description><Point><coordinates>109.832129,33.306586,0</coordinates></Point></Placemark>
<Placemark><name>M3A-w2-0676</name><description>区域=w2 类别=裸地/稀疏 带=edge 距母库=1.29km</description><Point><coordinates>107.094872,35.528839,0</coordinates></Point></Placemark>
<Placemark><name>M3A-w2-0677</name><description>区域=w2 类别=裸地/稀疏 带=edge 距母库=1.61km</description><Point><coordinates>108.894827,33.482566,0</coordinates></Point></Placemark>
<Placemark><name>M3A-w2-0678</name><description>区域=w2 类别=裸地/稀疏 带=edge 距母库=1.01km</description><Point><coordinates>107.261690,35.602411,0</coordinates></Point></Placemark>
<Placemark><name>M3A-w2-0679</name><description>区域=w2 类别=裸地/稀疏 带=edge 距母库=1.20km</description><Point><coordinates>109.523288,34.501256,0</coordinates></Point></Placemark>
<Placemark><name>M3A-w2-0680</name><description>区域=w2 类别=裸地/稀疏 带=edge 距母库=2.31km</description><Point><coordinates>105.742279,35.882955,0</coordinates></Point></Placemark>
<Placemark><name>M3A-w2-0681</name><description>区域=w2 类别=裸地/稀疏 带=edge 距母库=1.22km</description><Point><coordinates>108.448274,34.477540,0</coordinates></Point></Placemark>
<Placemark><name>M3A-w2-0682</name><description>区域=w2 类别=裸地/稀疏 带=edge 距母库=1.15km</description><Point><coordinates>109.737536,34.617408,0</coordinates></Point></Placemark>
<Placemark><name>M3A-w2-0683</name><description>区域=w2 类别=裸地/稀疏 带=edge 距母库=1.25km</description><Point><coordinates>108.136469,35.074471,0</coordinates></Point></Placemark>
<Placemark><name>M3A-w2-0684</name><description>区域=w2 类别=裸地/稀疏 带=edge 距母库=1.97km</description><Point><coordinates>108.327541,32.413751,0</coordinates></Point></Placemark>
<Placemark><name>M3A-w2-0685</name><description>区域=w2 类别=裸地/稀疏 带=edge 距母库=1.39km</description><Point><coordinates>109.627313,35.621006,0</coordinates></Point></Placemark>
<Placemark><name>M3A-w2-0686</name><description>区域=w2 类别=裸地/稀疏 带=edge 距母库=1.36km</description><Point><coordinates>108.541789,34.026406,0</coordinates></Point></Placemark>
<Placemark><name>M3A-w2-0687</name><description>区域=w2 类别=裸地/稀疏 带=edge 距母库=1.26km</description><Point><coordinates>108.283343,34.895257,0</coordinates></Point></Placemark>
<Placemark><name>M3A-w2-0688</name><description>区域=w2 类别=裸地/稀疏 带=edge 距母库=1.51km</description><Point><coordinates>107.279746,36.079686,0</coordinates></Point></Placemark>
<Placemark><name>M3A-w2-0689</name><description>区域=w2 类别=裸地/稀疏 带=edge 距母库=1.27km</description><Point><coordinates>105.573036,33.691425,0</coordinates></Point></Placemark>
<Placemark><name>M3A-w2-0690</name><description>区域=w2 类别=裸地/稀疏 带=edge 距母库=1.45km</description><Point><coordinates>109.010170,34.911966,0</coordinates></Point></Placemark>
<Placemark><name>M3A-w2-0691</name><description>区域=w2 类别=裸地/稀疏 带=edge 距母库=1.17km</description><Point><coordinates>109.930494,34.716312,0</coordinates></Point></Placemark>
<Placemark><name>M3A-w2-0692</name><description>区域=w2 类别=水体 带=edge 距母库=1.21km</description><Point><coordinates>107.390777,32.091166,0</coordinates></Point></Placemark>
<Placemark><name>M3A-w2-0693</name><description>区域=w2 类别=水体 带=edge 距母库=1.04km</description><Point><coordinates>108.754420,32.618028,0</coordinates></Point></Placemark>
<Placemark><name>M3A-w2-0694</name><description>区域=w2 类别=水体 带=edge 距母库=1.57km</description><Point><coordinates>108.894557,32.344491,0</coordinates></Point></Placemark>
<Placemark><name>M3A-w2-0695</name><description>区域=w2 类别=水体 带=edge 距母库=1.19km</description><Point><coordinates>109.903814,32.271458,0</coordinates></Point></Placemark>
<Placemark><name>M3A-w2-0696</name><description>区域=w2 类别=水体 带=edge 距母库=1.10km</description><Point><coordinates>108.956810,35.358249,0</coordinates></Point></Placemark>
<Placemark><name>M3A-w2-0697</name><description>区域=w2 类别=水体 带=edge 距母库=1.28km</description><Point><coordinates>105.787554,35.963264,0</coordinates></Point></Placemark>
<Placemark><name>M3A-w2-0698</name><description>区域=w2 类别=水体 带=edge 距母库=1.05km</description><Point><coordinates>105.614000,31.912760,0</coordinates></Point></Placemark>
<Placemark><name>M3A-w2-0699</name><description>区域=w2 类别=水体 带=edge 距母库=1.28km</description><Point><coordinates>107.819543,35.276592,0</coordinates></Point></Placemark>
<Placemark><name>M3A-w2-0700</name><description>区域=w2 类别=水体 带=edge 距母库=1.51km</description><Point><coordinates>105.610227,31.624132,0</coordinates></Point></Placemark>
<Placemark><name>M3A-w2-0701</name><description>区域=w2 类别=水体 带=edge 距母库=1.52km</description><Point><coordinates>105.563065,33.567457,0</coordinates></Point></Placemark>
<Placemark><name>M3A-w2-0702</name><description>区域=w2 类别=水体 带=edge 距母库=1.13km</description><Point><coordinates>105.564413,32.036189,0</coordinates></Point></Placemark>
<Placemark><name>M3A-w2-0703</name><description>区域=w2 类别=水体 带=edge 距母库=1.21km</description><Point><coordinates>108.503521,32.890217,0</coordinates></Point></Placemark>
<Placemark><name>M3A-w2-0704</name><description>区域=w2 类别=水体 带=edge 距母库=1.35km</description><Point><coordinates>107.028307,31.721419,0</coordinates></Point></Placemark>
<Placemark><name>M3A-w2-0705</name><description>区域=w2 类别=水体 带=edge 距母库=1.52km</description><Point><coordinates>107.030463,33.109047,0</coordinates></Point></Placemark>
<Placemark><name>M3A-w2-0706</name><description>区域=w2 类别=水体 带=edge 距母库=1.08km</description><Point><coordinates>106.176974,31.980403,0</coordinates></Point></Placemark>
<Placemark><name>M3A-w2-0707</name><description>区域=w2 类别=草本湿地 带=edge 距母库=1.08km</description><Point><coordinates>109.124975,34.451938,0</coordinates></Point></Placemark>
<Placemark><name>M3A-w2-0708</name><description>区域=w2 类别=草本湿地 带=edge 距母库=1.04km</description><Point><coordinates>109.302841,34.214244,0</coordinates></Point></Placemark>
<Placemark><name>M3A-w2-0709</name><description>区域=w2 类别=草本湿地 带=edge 距母库=1.13km</description><Point><coordinates>109.350273,34.760240,0</coordinates></Point></Placemark>
<Placemark><name>M3A-w2-0710</name><description>区域=w2 类别=草本湿地 带=edge 距母库=1.09km</description><Point><coordinates>108.495975,34.831656,0</coordinates></Point></Placemark>
<Placemark><name>M3A-w2-0711</name><description>区域=w2 类别=草本湿地 带=edge 距母库=1.09km</description><Point><coordinates>109.520054,34.439272,0</coordinates></Point></Placemark>
<Placemark><name>M3A-w2-0712</name><description>区域=w2 类别=草本湿地 带=edge 距母库=1.19km</description><Point><coordinates>108.857906,34.490476,0</coordinates></Point></Placemark>
<Placemark><name>M3A-w2-0713</name><description>区域=w2 类别=苔藓地衣 带=edge 距母库=1.19km</description><Point><coordinates>107.708781,33.938821,0</coordinates></Point></Placemark>
<Placemark><name>M3A-w2-0714</name><description>区域=w2 类别=苔藓地衣 带=edge 距母库=1.22km</description><Point><coordinates>107.785048,33.949600,0</coordinates></Point></Placemark>
<Placemark><name>M3A-w2-0715</name><description>区域=w2 类别=苔藓地衣 带=edge 距母库=1.24km</description><Point><coordinates>107.498306,33.954721,0</coordinates></Point></Placemark>
<Placemark><name>M3A-w2-0716</name><description>区域=w2 类别=苔藓地衣 带=edge 距母库=1.01km</description><Point><coordinates>107.613380,33.926154,0</coordinates></Point></Placemark>
<Placemark><name>M3A-w2-0717</name><description>区域=w2 类别=苔藓地衣 带=edge 距母库=1.15km</description><Point><coordinates>107.796097,33.988677,0</coordinates></Point></Placemark>
<Placemark><name>M3A-w3-0718</name><description>区域=w3 类别=乔木 带=core 距母库=1.13km</description><Point><coordinates>113.732524,25.073796,0</coordinates></Point></Placemark>
<Placemark><name>M3A-w3-0719</name><description>区域=w3 类别=乔木 带=core 距母库=1.56km</description><Point><coordinates>108.248848,24.318942,0</coordinates></Point></Placemark>
<Placemark><name>M3A-w3-0720</name><description>区域=w3 类别=乔木 带=core 距母库=1.55km</description><Point><coordinates>110.109978,25.942916,0</coordinates></Point></Placemark>
<Placemark><name>M3A-w3-0721</name><description>区域=w3 类别=乔木 带=core 距母库=1.42km</description><Point><coordinates>112.997882,24.942822,0</coordinates></Point></Placemark>
<Placemark><name>M3A-w3-0722</name><description>区域=w3 类别=乔木 带=core 距母库=1.16km</description><Point><coordinates>109.054637,28.060874,0</coordinates></Point></Placemark>
<Placemark><name>M3A-w3-0723</name><description>区域=w3 类别=乔木 带=core 距母库=1.79km</description><Point><coordinates>111.074768,28.628430,0</coordinates></Point></Placemark>
<Placemark><name>M3A-w3-0724</name><description>区域=w3 类别=乔木 带=core 距母库=1.04km</description><Point><coordinates>113.245278,23.854064,0</coordinates></Point></Placemark>
<Placemark><name>M3A-w3-0725</name><description>区域=w3 类别=乔木 带=core 距母库=1.19km</description><Point><coordinates>111.774107,24.550977,0</coordinates></Point></Placemark>
<Placemark><name>M3A-w3-0726</name><description>区域=w3 类别=乔木 带=core 距母库=1.07km</description><Point><coordinates>113.473809,28.108844,0</coordinates></Point></Placemark>
<Placemark><name>M3A-w3-0727</name><description>区域=w3 类别=乔木 带=core 距母库=1.28km</description><Point><coordinates>113.590231,25.417132,0</coordinates></Point></Placemark>
<Placemark><name>M3A-w3-0728</name><description>区域=w3 类别=乔木 带=core 距母库=1.53km</description><Point><coordinates>112.931317,24.455576,0</coordinates></Point></Placemark>
<Placemark><name>M3A-w3-0729</name><description>区域=w3 类别=乔木 带=core 距母库=1.65km</description><Point><coordinates>108.124072,25.678812,0</coordinates></Point></Placemark>
<Placemark><name>M3A-w3-0730</name><description>区域=w3 类别=乔木 带=core 距母库=1.85km</description><Point><coordinates>112.218234,23.554655,0</coordinates></Point></Placemark>
<Placemark><name>M3A-w3-0731</name><description>区域=w3 类别=乔木 带=core 距母库=1.13km</description><Point><coordinates>108.984568,25.741334,0</coordinates></Point></Placemark>
<Placemark><name>M3A-w3-0732</name><description>区域=w3 类别=乔木 带=core 距母库=1.07km</description><Point><coordinates>110.644655,26.827936,0</coordinates></Point></Placemark>
<Placemark><name>M3A-w3-0733</name><description>区域=w3 类别=乔木 带=core 距母库=1.19km</description><Point><coordinates>112.365378,24.309240,0</coordinates></Point></Placemark>
<Placemark><name>M3A-w3-0734</name><description>区域=w3 类别=乔木 带=core 距母库=1.33km</description><Point><coordinates>108.262053,27.616208,0</coordinates></Point></Placemark>
<Placemark><name>M3A-w3-0735</name><description>区域=w3 类别=乔木 带=core 距母库=1.35km</description><Point><coordinates>110.598032,27.307906,0</coordinates></Point></Placemark>
<Placemark><name>M3A-w3-0736</name><description>区域=w3 类别=乔木 带=core 距母库=1.17km</description><Point><coordinates>113.930064,28.789857,0</coordinates></Point></Placemark>
<Placemark><name>M3A-w3-0737</name><description>区域=w3 类别=乔木 带=core 距母库=1.08km</description><Point><coordinates>108.629105,26.496997,0</coordinates></Point></Placemark>
<Placemark><name>M3A-w3-0738</name><description>区域=w3 类别=乔木 带=core 距母库=1.13km</description><Point><coordinates>110.629024,24.230009,0</coordinates></Point></Placemark>
<Placemark><name>M3A-w3-0739</name><description>区域=w3 类别=乔木 带=core 距母库=1.22km</description><Point><coordinates>112.305281,24.784359,0</coordinates></Point></Placemark>
<Placemark><name>M3A-w3-0740</name><description>区域=w3 类别=乔木 带=core 距母库=1.30km</description><Point><coordinates>112.544861,23.246892,0</coordinates></Point></Placemark>
<Placemark><name>M3A-w3-0741</name><description>区域=w3 类别=乔木 带=core 距母库=1.17km</description><Point><coordinates>109.621923,23.463297,0</coordinates></Point></Placemark>
<Placemark><name>M3A-w3-0742</name><description>区域=w3 类别=乔木 带=core 距母库=1.65km</description><Point><coordinates>112.742401,24.802685,0</coordinates></Point></Placemark>
<Placemark><name>M3A-w3-0743</name><description>区域=w3 类别=乔木 带=core 距母库=1.62km</description><Point><coordinates>108.358532,27.157259,0</coordinates></Point></Placemark>
<Placemark><name>M3A-w3-0744</name><description>区域=w3 类别=乔木 带=core 距母库=1.11km</description><Point><coordinates>111.509194,25.131199,0</coordinates></Point></Placemark>
<Placemark><name>M3A-w3-0745</name><description>区域=w3 类别=乔木 带=core 距母库=1.29km</description><Point><coordinates>109.630547,25.385332,0</coordinates></Point></Placemark>
<Placemark><name>M3A-w3-0746</name><description>区域=w3 类别=乔木 带=core 距母库=1.31km</description><Point><coordinates>113.910121,23.418291,0</coordinates></Point></Placemark>
<Placemark><name>M3A-w3-0747</name><description>区域=w3 类别=乔木 带=core 距母库=1.22km</description><Point><coordinates>110.647350,23.727401,0</coordinates></Point></Placemark>
<Placemark><name>M3A-w3-0748</name><description>区域=w3 类别=乔木 带=core 距母库=1.01km</description><Point><coordinates>111.008203,26.370874,0</coordinates></Point></Placemark>
<Placemark><name>M3A-w3-0749</name><description>区域=w3 类别=乔木 带=core 距母库=1.11km</description><Point><coordinates>110.183011,23.996626,0</coordinates></Point></Placemark>
<Placemark><name>M3A-w3-0750</name><description>区域=w3 类别=乔木 带=core 距母库=1.30km</description><Point><coordinates>110.867258,27.091502,0</coordinates></Point></Placemark>
<Placemark><name>M3A-w3-0751</name><description>区域=w3 类别=乔木 带=core 距母库=1.28km</description><Point><coordinates>112.866099,24.420811,0</coordinates></Point></Placemark>
<Placemark><name>M3A-w3-0752</name><description>区域=w3 类别=乔木 带=core 距母库=1.27km</description><Point><coordinates>113.543339,24.035703,0</coordinates></Point></Placemark>
<Placemark><name>M3A-w3-0753</name><description>区域=w3 类别=乔木 带=core 距母库=1.41km</description><Point><coordinates>108.238877,23.279771,0</coordinates></Point></Placemark>
<Placemark><name>M3A-w3-0754</name><description>区域=w3 类别=乔木 带=core 距母库=1.43km</description><Point><coordinates>110.901753,27.894057,0</coordinates></Point></Placemark>
<Placemark><name>M3A-w3-0755</name><description>区域=w3 类别=乔木 带=core 距母库=1.19km</description><Point><coordinates>109.419533,27.757693,0</coordinates></Point></Placemark>
<Placemark><name>M3A-w3-0756</name><description>区域=w3 类别=乔木 带=core 距母库=1.44km</description><Point><coordinates>110.216159,27.134082,0</coordinates></Point></Placemark>
<Placemark><name>M3A-w3-0757</name><description>区域=w3 类别=乔木 带=core 距母库=1.48km</description><Point><coordinates>110.194869,26.195163,0</coordinates></Point></Placemark>
<Placemark><name>M3A-w3-0758</name><description>区域=w3 类别=乔木 带=core 距母库=1.54km</description><Point><coordinates>110.654626,25.694173,0</coordinates></Point></Placemark>
<Placemark><name>M3A-w3-0759</name><description>区域=w3 类别=乔木 带=core 距母库=1.50km</description><Point><coordinates>113.899341,24.842839,0</coordinates></Point></Placemark>
<Placemark><name>M3A-w3-0760</name><description>区域=w3 类别=乔木 带=core 距母库=1.09km</description><Point><coordinates>113.716893,24.497078,0</coordinates></Point></Placemark>
<Placemark><name>M3A-w3-0761</name><description>区域=w3 类别=乔木 带=core 距母库=1.21km</description><Point><coordinates>111.365014,26.851921,0</coordinates></Point></Placemark>
<Placemark><name>M3A-w3-0762</name><description>区域=w3 类别=乔木 带=core 距母库=1.46km</description><Point><coordinates>109.590392,24.956027,0</coordinates></Point></Placemark>
<Placemark><name>M3A-w3-0763</name><description>区域=w3 类别=乔木 带=core 距母库=1.07km</description><Point><coordinates>109.549699,26.828475,0</coordinates></Point></Placemark>
<Placemark><name>M3A-w3-0764</name><description>区域=w3 类别=乔木 带=core 距母库=1.46km</description><Point><coordinates>109.995443,23.498331,0</coordinates></Point></Placemark>
<Placemark><name>M3A-w3-0765</name><description>区域=w3 类别=乔木 带=core 距母库=1.12km</description><Point><coordinates>111.097136,28.565907,0</coordinates></Point></Placemark>
<Placemark><name>M3A-w3-0766</name><description>区域=w3 类别=乔木 带=core 距母库=1.23km</description><Point><coordinates>110.650045,28.176218,0</coordinates></Point></Placemark>
<Placemark><name>M3A-w3-0767</name><description>区域=w3 类别=乔木 带=core 距母库=1.04km</description><Point><coordinates>113.934106,26.643602,0</coordinates></Point></Placemark>
<Placemark><name>M3A-w3-0768</name><description>区域=w3 类别=乔木 带=core 距母库=1.21km</description><Point><coordinates>112.175654,27.738828,0</coordinates></Point></Placemark>
<Placemark><name>M3A-w3-0769</name><description>区域=w3 类别=乔木 带=core 距母库=1.02km</description><Point><coordinates>109.725140,28.496108,0</coordinates></Point></Placemark>
<Placemark><name>M3A-w3-0770</name><description>区域=w3 类别=乔木 带=core 距母库=1.03km</description><Point><coordinates>108.748491,23.029680,0</coordinates></Point></Placemark>
<Placemark><name>M3A-w3-0771</name><description>区域=w3 类别=乔木 带=core 距母库=1.78km</description><Point><coordinates>110.107013,25.472648,0</coordinates></Point></Placemark>
<Placemark><name>M3A-w3-0772</name><description>区域=w3 类别=乔木 带=core 距母库=1.37km</description><Point><coordinates>113.822805,25.534901,0</coordinates></Point></Placemark>
<Placemark><name>M3A-w3-0773</name><description>区域=w3 类别=乔木 带=core 距母库=1.37km</description><Point><coordinates>109.907048,27.926935,0</coordinates></Point></Placemark>
<Placemark><name>M3A-w3-0774</name><description>区域=w3 类别=乔木 带=core 距母库=1.17km</description><Point><coordinates>109.084551,27.132196,0</coordinates></Point></Placemark>
<Placemark><name>M3A-w3-0775</name><description>区域=w3 类别=乔木 带=core 距母库=1.25km</description><Point><coordinates>113.937340,24.190662,0</coordinates></Point></Placemark>
<Placemark><name>M3A-w3-0776</name><description>区域=w3 类别=乔木 带=core 距母库=1.15km</description><Point><coordinates>111.533179,23.092742,0</coordinates></Point></Placemark>
<Placemark><name>M3A-w3-0777</name><description>区域=w3 类别=乔木 带=core 距母库=1.01km</description><Point><coordinates>109.968493,23.462488,0</coordinates></Point></Placemark>
<Placemark><name>M3A-w3-0778</name><description>区域=w3 类别=乔木 带=core 距母库=1.44km</description><Point><coordinates>110.764041,24.360983,0</coordinates></Point></Placemark>
<Placemark><name>M3A-w3-0779</name><description>区域=w3 类别=乔木 带=core 距母库=1.51km</description><Point><coordinates>110.734127,26.364136,0</coordinates></Point></Placemark>
<Placemark><name>M3A-w3-0780</name><description>区域=w3 类别=乔木 带=core 距母库=1.23km</description><Point><coordinates>108.010076,23.103521,0</coordinates></Point></Placemark>
<Placemark><name>M3A-w3-0781</name><description>区域=w3 类别=草地 带=core 距母库=1.00km</description><Point><coordinates>111.554199,27.836655,0</coordinates></Point></Placemark>
<Placemark><name>M3A-w3-0782</name><description>区域=w3 类别=草地 带=core 距母库=1.26km</description><Point><coordinates>112.480183,26.067692,0</coordinates></Point></Placemark>
<Placemark><name>M3A-w3-0783</name><description>区域=w3 类别=草地 带=core 距母库=1.15km</description><Point><coordinates>111.320817,27.121686,0</coordinates></Point></Placemark>
<Placemark><name>M3A-w3-0784</name><description>区域=w3 类别=草地 带=core 距母库=1.17km</description><Point><coordinates>111.716435,25.459982,0</coordinates></Point></Placemark>
<Placemark><name>M3A-w3-0785</name><description>区域=w3 类别=草地 带=core 距母库=1.09km</description><Point><coordinates>110.232598,23.665148,0</coordinates></Point></Placemark>
<Placemark><name>M3A-w3-0786</name><description>区域=w3 类别=草地 带=core 距母库=1.04km</description><Point><coordinates>113.301333,26.484600,0</coordinates></Point></Placemark>
<Placemark><name>M3A-w3-0787</name><description>区域=w3 类别=草地 带=core 距母库=1.16km</description><Point><coordinates>112.464821,24.737197,0</coordinates></Point></Placemark>
<Placemark><name>M3A-w3-0788</name><description>区域=w3 类别=草地 带=core 距母库=1.07km</description><Point><coordinates>109.333294,23.478119,0</coordinates></Point></Placemark>
<Placemark><name>M3A-w3-0789</name><description>区域=w3 类别=草地 带=core 距母库=1.27km</description><Point><coordinates>110.109439,23.644936,0</coordinates></Point></Placemark>
<Placemark><name>M3A-w3-0790</name><description>区域=w3 类别=草地 带=core 距母库=1.18km</description><Point><coordinates>112.681495,25.430607,0</coordinates></Point></Placemark>
<Placemark><name>M3A-w3-0791</name><description>区域=w3 类别=草地 带=core 距母库=1.12km</description><Point><coordinates>109.114734,27.748530,0</coordinates></Point></Placemark>
<Placemark><name>M3A-w3-0792</name><description>区域=w3 类别=耕地 带=core 距母库=1.76km</description><Point><coordinates>109.788740,24.464469,0</coordinates></Point></Placemark>
<Placemark><name>M3A-w3-0793</name><description>区域=w3 类别=耕地 带=core 距母库=1.29km</description><Point><coordinates>109.224958,24.144040,0</coordinates></Point></Placemark>
<Placemark><name>M3A-w3-0794</name><description>区域=w3 类别=耕地 带=core 距母库=1.21km</description><Point><coordinates>113.132090,28.136333,0</coordinates></Point></Placemark>
<Placemark><name>M3A-w3-0795</name><description>区域=w3 类别=耕地 带=core 距母库=1.19km</description><Point><coordinates>112.387746,27.664717,0</coordinates></Point></Placemark>
<Placemark><name>M3A-w3-0796</name><description>区域=w3 类别=耕地 带=core 距母库=1.08km</description><Point><coordinates>112.111514,28.989822,0</coordinates></Point></Placemark>
<Placemark><name>M3A-w3-0797</name><description>区域=w3 类别=耕地 带=core 距母库=1.41km</description><Point><coordinates>112.897091,26.780505,0</coordinates></Point></Placemark>
<Placemark><name>M3A-w3-0798</name><description>区域=w3 类别=耕地 带=core 距母库=1.25km</description><Point><coordinates>108.970824,23.079536,0</coordinates></Point></Placemark>
<Placemark><name>M3A-w3-0799</name><description>区域=w3 类别=耕地 带=core 距母库=1.35km</description><Point><coordinates>109.961756,23.083848,0</coordinates></Point></Placemark>
<Placemark><name>M3A-w3-0800</name><description>区域=w3 类别=耕地 带=core 距母库=1.22km</description><Point><coordinates>112.501203,28.560787,0</coordinates></Point></Placemark>
<Placemark><name>M3A-w3-0801</name><description>区域=w3 类别=耕地 带=core 距母库=2.09km</description><Point><coordinates>112.540280,28.584233,0</coordinates></Point></Placemark>
<Placemark><name>M3A-w3-0802</name><description>区域=w3 类别=耕地 带=core 距母库=1.18km</description><Point><coordinates>111.419452,26.609646,0</coordinates></Point></Placemark>
<Placemark><name>M3A-w3-0803</name><description>区域=w3 类别=耕地 带=core 距母库=1.28km</description><Point><coordinates>111.583844,26.630936,0</coordinates></Point></Placemark>
<Placemark><name>M3A-w3-0804</name><description>区域=w3 类别=耕地 带=core 距母库=1.09km</description><Point><coordinates>109.362400,23.387838,0</coordinates></Point></Placemark>
<Placemark><name>M3A-w3-0805</name><description>区域=w3 类别=耕地 带=core 距母库=1.07km</description><Point><coordinates>112.730813,26.558981,0</coordinates></Point></Placemark>
<Placemark><name>M3A-w3-0806</name><description>区域=w3 类别=耕地 带=core 距母库=1.16km</description><Point><coordinates>112.732969,28.818693,0</coordinates></Point></Placemark>
<Placemark><name>M3A-w3-0807</name><description>区域=w3 类别=耕地 带=core 距母库=1.01km</description><Point><coordinates>112.669098,27.825875,0</coordinates></Point></Placemark>
<Placemark><name>M3A-w3-0808</name><description>区域=w3 类别=耕地 带=core 距母库=1.80km</description><Point><coordinates>112.617625,28.715477,0</coordinates></Point></Placemark>
<Placemark><name>M3A-w3-0809</name><description>区域=w3 类别=耕地 带=core 距母库=1.48km</description><Point><coordinates>111.352617,27.771976,0</coordinates></Point></Placemark>
<Placemark><name>M3A-w3-0810</name><description>区域=w3 类别=耕地 带=core 距母库=1.21km</description><Point><coordinates>112.412270,28.940235,0</coordinates></Point></Placemark>
<Placemark><name>M3A-w3-0811</name><description>区域=w3 类别=耕地 带=core 距母库=1.32km</description><Point><coordinates>112.787676,28.589623,0</coordinates></Point></Placemark>
<Placemark><name>M3A-w3-0812</name><description>区域=w3 类别=耕地 带=core 距母库=1.14km</description><Point><coordinates>109.463460,28.425500,0</coordinates></Point></Placemark>
<Placemark><name>M3A-w3-0813</name><description>区域=w3 类别=耕地 带=core 距母库=2.07km</description><Point><coordinates>108.246423,28.356510,0</coordinates></Point></Placemark>
<Placemark><name>M3A-w3-0814</name><description>区域=w3 类别=建成区 带=core 距母库=1.25km</description><Point><coordinates>112.553485,25.286697,0</coordinates></Point></Placemark>
<Placemark><name>M3A-w3-0815</name><description>区域=w3 类别=建成区 带=core 距母库=1.55km</description><Point><coordinates>113.294326,23.271147,0</coordinates></Point></Placemark>
<Placemark><name>M3A-w3-0816</name><description>区域=w3 类别=建成区 带=core 距母库=1.41km</description><Point><coordinates>113.119693,28.133907,0</coordinates></Point></Placemark>
<Placemark><name>M3A-w3-0817</name><description>区域=w3 类别=建成区 带=core 距母库=1.08km</description><Point><coordinates>111.524285,27.262631,0</coordinates></Point></Placemark>
<Placemark><name>M3A-w3-0818</name><description>区域=w3 类别=建成区 带=core 距母库=1.98km</description><Point><coordinates>113.254441,23.256594,0</coordinates></Point></Placemark>
<Placemark><name>M3A-w3-0819</name><description>区域=w3 类别=建成区 带=core 距母库=1.22km</description><Point><coordinates>112.147896,26.572995,0</coordinates></Point></Placemark>
<Placemark><name>M3A-w3-0820</name><description>区域=w3 类别=建成区 带=core 距母库=1.14km</description><Point><coordinates>112.780130,28.412565,0</coordinates></Point></Placemark>
<Placemark><name>M3A-w3-0821</name><description>区域=w3 类别=建成区 带=core 距母库=1.48km</description><Point><coordinates>112.498508,23.084926,0</coordinates></Point></Placemark>
<Placemark><name>M3A-w3-0822</name><description>区域=w3 类别=建成区 带=core 距母库=1.25km</description><Point><coordinates>109.355932,24.308162,0</coordinates></Point></Placemark>
<Placemark><name>M3A-w3-0823</name><description>区域=w3 类别=建成区 带=core 距母库=1.24km</description><Point><coordinates>113.160387,27.958197,0</coordinates></Point></Placemark>
<Placemark><name>M3A-w3-0824</name><description>区域=w3 类别=建成区 带=core 距母库=1.47km</description><Point><coordinates>113.163621,27.871150,0</coordinates></Point></Placemark>
<Placemark><name>M3A-w3-0825</name><description>区域=w3 类别=建成区 带=core 距母库=1.14km</description><Point><coordinates>112.412540,27.052156,0</coordinates></Point></Placemark>
<Placemark><name>M3A-w3-0826</name><description>区域=w3 类别=裸地/稀疏 带=core 距母库=1.52km</description><Point><coordinates>108.983760,23.269799,0</coordinates></Point></Placemark>
<Placemark><name>M3A-w3-0827</name><description>区域=w3 类别=裸地/稀疏 带=core 距母库=1.15km</description><Point><coordinates>113.934914,27.646392,0</coordinates></Point></Placemark>
<Placemark><name>M3A-w3-0828</name><description>区域=w3 类别=裸地/稀疏 带=core 距母库=1.06km</description><Point><coordinates>113.144487,27.681156,0</coordinates></Point></Placemark>
<Placemark><name>M3A-w3-0829</name><description>区域=w3 类别=裸地/稀疏 带=core 距母库=1.33km</description><Point><coordinates>112.556719,26.307542,0</coordinates></Point></Placemark>
<Placemark><name>M3A-w3-0830</name><description>区域=w3 类别=裸地/稀疏 带=core 距母库=1.86km</description><Point><coordinates>113.072801,27.876270,0</coordinates></Point></Placemark>
<Placemark><name>M3A-w3-0831</name><description>区域=w3 类别=裸地/稀疏 带=core 距母库=1.16km</description><Point><coordinates>109.587697,23.890445,0</coordinates></Point></Placemark>
<Placemark><name>M3A-w3-0832</name><description>区域=w3 类别=水体 带=core 距母库=1.65km</description><Point><coordinates>112.312288,28.794438,0</coordinates></Point></Placemark>
<Placemark><name>M3A-w3-0833</name><description>区域=w3 类别=水体 带=core 距母库=1.67km</description><Point><coordinates>112.324415,28.849954,0</coordinates></Point></Placemark>
<Placemark><name>M3A-w3-0834</name><description>区域=w3 类别=水体 带=core 距母库=1.28km</description><Point><coordinates>112.011801,28.847529,0</coordinates></Point></Placemark>
<Placemark><name>M3A-w3-0835</name><description>区域=w3 类别=水体 带=core 距母库=1.14km</description><Point><coordinates>112.741053,23.053665,0</coordinates></Point></Placemark>
<Placemark><name>M3A-w3-0836</name><description>区域=w3 类别=水体 带=core 距母库=1.01km</description><Point><coordinates>108.031636,26.712054,0</coordinates></Point></Placemark>
<Placemark><name>M3A-w3-0837</name><description>区域=w3 类别=水体 带=core 距母库=1.65km</description><Point><coordinates>113.185180,24.777622,0</coordinates></Point></Placemark>
<Placemark><name>M3A-w3-0838</name><description>区域=w3 类别=水体 带=core 距母库=1.16km</description><Point><coordinates>113.416676,23.501295,0</coordinates></Point></Placemark>
<Placemark><name>M3A-w3-0839</name><description>区域=w3 类别=水体 带=core 距母库=1.16km</description><Point><coordinates>113.421258,25.919740,0</coordinates></Point></Placemark>
<Placemark><name>M3A-w3-0840</name><description>区域=w3 类别=水体 带=core 距母库=1.26km</description><Point><coordinates>112.832682,28.393970,0</coordinates></Point></Placemark>
<Placemark><name>M3A-w3-0841</name><description>区域=w3 类别=水体 带=core 距母库=1.19km</description><Point><coordinates>112.471828,23.035609,0</coordinates></Point></Placemark>
<Placemark><name>M3A-w3-0842</name><description>区域=w3 类别=水体 带=core 距母库=1.05km</description><Point><coordinates>113.510460,24.385777,0</coordinates></Point></Placemark>
<Placemark><name>M3A-w3-0843</name><description>区域=w3 类别=水体 带=core 距母库=1.06km</description><Point><coordinates>112.387746,26.561137,0</coordinates></Point></Placemark>
<Placemark><name>M3A-w3-0844</name><description>区域=w3 类别=水体 带=core 距母库=1.06km</description><Point><coordinates>109.669624,23.591306,0</coordinates></Point></Placemark>
<Placemark><name>M3A-w3-0845</name><description>区域=w3 类别=水体 带=core 距母库=1.36km</description><Point><coordinates>112.260814,28.823005,0</coordinates></Point></Placemark>
<Placemark><name>M3A-w3-0846</name><description>区域=w3 类别=水体 带=core 距母库=1.05km</description><Point><coordinates>112.618972,26.602908,0</coordinates></Point></Placemark>
<Placemark><name>M3A-w3-0847</name><description>区域=w3 类别=水体 带=core 距母库=1.10km</description><Point><coordinates>113.405088,24.157245,0</coordinates></Point></Placemark>
<Placemark><name>M3A-w3-0848</name><description>区域=w3 类别=水体 带=core 距母库=1.40km</description><Point><coordinates>112.591753,28.645947,0</coordinates></Point></Placemark>
<Placemark><name>M3A-w3-0849</name><description>区域=w3 类别=水体 带=core 距母库=1.08km</description><Point><coordinates>111.284166,23.550613,0</coordinates></Point></Placemark>
<Placemark><name>M3A-w3-0850</name><description>区域=w3 类别=水体 带=core 距母库=1.21km</description><Point><coordinates>112.500934,28.801715,0</coordinates></Point></Placemark>
<Placemark><name>M3A-w3-0851</name><description>区域=w3 类别=水体 带=core 距母库=1.12km</description><Point><coordinates>113.358735,25.770440,0</coordinates></Point></Placemark>
<Placemark><name>M3A-w3-0852</name><description>区域=w3 类别=水体 带=core 距母库=1.00km</description><Point><coordinates>112.777435,23.172512,0</coordinates></Point></Placemark>
<Placemark><name>M3A-w3-0853</name><description>区域=w3 类别=水体 带=core 距母库=1.23km</description><Point><coordinates>112.635951,28.566716,0</coordinates></Point></Placemark>
<Placemark><name>M3A-w3-0854</name><description>区域=w3 类别=草本湿地 带=core 距母库=1.42km</description><Point><coordinates>112.437603,28.698498,0</coordinates></Point></Placemark>
<Placemark><name>M3A-w3-0855</name><description>区域=w3 类别=草本湿地 带=core 距母库=1.09km</description><Point><coordinates>112.870411,28.745121,0</coordinates></Point></Placemark>
<Placemark><name>M3A-w3-0856</name><description>区域=w3 类别=草本湿地 带=core 距母库=1.30km</description><Point><coordinates>112.431943,28.699576,0</coordinates></Point></Placemark>
<Placemark><name>M3A-w3-0857</name><description>区域=w3 类别=草本湿地 带=core 距母库=1.13km</description><Point><coordinates>112.435447,28.639749,0</coordinates></Point></Placemark>
<Placemark><name>M3A-w3-0858</name><description>区域=w3 类别=草本湿地 带=core 距母库=1.14km</description><Point><coordinates>112.431404,28.693378,0</coordinates></Point></Placemark>
<Placemark><name>M3A-w3-0859</name><description>区域=w3 类别=草本湿地 带=core 距母库=1.10km</description><Point><coordinates>112.850738,28.788510,0</coordinates></Point></Placemark>
<Placemark><name>M3A-w3-0860</name><description>区域=w3 类别=草本湿地 带=core 距母库=1.09km</description><Point><coordinates>112.825136,28.919484,0</coordinates></Point></Placemark>
<Placemark><name>M3A-w3-0861</name><description>区域=w3 类别=乔木 带=edge 距母库=1.12km</description><Point><coordinates>109.874978,24.274745,0</coordinates></Point></Placemark>
<Placemark><name>M3A-w3-0862</name><description>区域=w3 类别=乔木 带=edge 距母库=1.29km</description><Point><coordinates>110.684540,25.872039,0</coordinates></Point></Placemark>
<Placemark><name>M3A-w3-0863</name><description>区域=w3 类别=乔木 带=edge 距母库=1.14km</description><Point><coordinates>109.772840,27.178818,0</coordinates></Point></Placemark>
<Placemark><name>M3A-w3-0864</name><description>区域=w3 类别=乔木 带=edge 距母库=1.43km</description><Point><coordinates>108.826106,26.387043,0</coordinates></Point></Placemark>
<Placemark><name>M3A-w3-0865</name><description>区域=w3 类别=乔木 带=edge 距母库=1.01km</description><Point><coordinates>112.255424,27.430257,0</coordinates></Point></Placemark>
<Placemark><name>M3A-w3-0866</name><description>区域=w3 类别=乔木 带=edge 距母库=1.36km</description><Point><coordinates>109.009631,26.670013,0</coordinates></Point></Placemark>
<Placemark><name>M3A-w3-0867</name><description>区域=w3 类别=乔木 带=edge 距母库=1.25km</description><Point><coordinates>109.406866,26.059607,0</coordinates></Point></Placemark>
<Placemark><name>M3A-w3-0868</name><description>区域=w3 类别=乔木 带=edge 距母库=1.06km</description><Point><coordinates>109.583924,25.353801,0</coordinates></Point></Placemark>
<Placemark><name>M3A-w3-0869</name><description>区域=w3 类别=灌丛 带=edge 距母库=1.54km</description><Point><coordinates>110.069823,23.557620,0</coordinates></Point></Placemark>
<Placemark><name>M3A-w3-0870</name><description>区域=w3 类别=灌丛 带=edge 距母库=1.10km</description><Point><coordinates>113.669732,23.653829,0</coordinates></Point></Placemark>
<Placemark><name>M3A-w3-0871</name><description>区域=w3 类别=灌丛 带=edge 距母库=1.23km</description><Point><coordinates>112.445687,28.815729,0</coordinates></Point></Placemark>
<Placemark><name>M3A-w3-0872</name><description>区域=w3 类别=灌丛 带=edge 距母库=1.19km</description><Point><coordinates>113.329899,24.275553,0</coordinates></Point></Placemark>
<Placemark><name>M3A-w3-0873</name><description>区域=w3 类别=灌丛 带=edge 距母库=1.25km</description><Point><coordinates>113.679973,24.019264,0</coordinates></Point></Placemark>
<Placemark><name>M3A-w3-0874</name><description>区域=w3 类别=灌丛 带=edge 距母库=1.40km</description><Point><coordinates>113.643591,25.091044,0</coordinates></Point></Placemark>
<Placemark><name>M3A-w3-0875</name><description>区域=w3 类别=灌丛 带=edge 距母库=1.71km</description><Point><coordinates>108.958158,23.560854,0</coordinates></Point></Placemark>
<Placemark><name>M3A-w3-0876</name><description>区域=w3 类别=灌丛 带=edge 距母库=1.42km</description><Point><coordinates>109.244631,23.755698,0</coordinates></Point></Placemark>
<Placemark><name>M3A-w3-0877</name><description>区域=w3 类别=灌丛 带=edge 距母库=1.19km</description><Point><coordinates>108.452856,28.714668,0</coordinates></Point></Placemark>
<Placemark><name>M3A-w3-0878</name><description>区域=w3 类别=灌丛 带=edge 距母库=1.16km</description><Point><coordinates>111.239160,24.958722,0</coordinates></Point></Placemark>
<Placemark><name>M3A-w3-0879</name><description>区域=w3 类别=灌丛 带=edge 距母库=1.26km</description><Point><coordinates>110.727929,24.629400,0</coordinates></Point></Placemark>
<Placemark><name>M3A-w3-0880</name><description>区域=w3 类别=灌丛 带=edge 距母库=1.24km</description><Point><coordinates>109.847490,23.272494,0</coordinates></Point></Placemark>
<Placemark><name>M3A-w3-0881</name><description>区域=w3 类别=灌丛 带=edge 距母库=1.68km</description><Point><coordinates>109.748586,23.120769,0</coordinates></Point></Placemark>
<Placemark><name>M3A-w3-0882</name><description>区域=w3 类别=灌丛 带=edge 距母库=1.04km</description><Point><coordinates>109.936962,23.183561,0</coordinates></Point></Placemark>
<Placemark><name>M3A-w3-0883</name><description>区域=w3 类别=灌丛 带=edge 距母库=1.03km</description><Point><coordinates>112.763152,28.972305,0</coordinates></Point></Placemark>
<Placemark><name>M3A-w3-0884</name><description>区域=w3 类别=灌丛 带=edge 距母库=1.11km</description><Point><coordinates>108.999121,23.270069,0</coordinates></Point></Placemark>
<Placemark><name>M3A-w3-0885</name><description>区域=w3 类别=灌丛 带=edge 距母库=1.57km</description><Point><coordinates>108.913691,23.384604,0</coordinates></Point></Placemark>
<Placemark><name>M3A-w3-0886</name><description>区域=w3 类别=灌丛 带=edge 距母库=1.83km</description><Point><coordinates>108.296818,26.254182,0</coordinates></Point></Placemark>
<Placemark><name>M3A-w3-0887</name><description>区域=w3 类别=灌丛 带=edge 距母库=1.54km</description><Point><coordinates>109.610604,23.125081,0</coordinates></Point></Placemark>
<Placemark><name>M3A-w3-0888</name><description>区域=w3 类别=灌丛 带=edge 距母库=1.18km</description><Point><coordinates>111.483053,28.927299,0</coordinates></Point></Placemark>
<Placemark><name>M3A-w3-0889</name><description>区域=w3 类别=灌丛 带=edge 距母库=1.60km</description><Point><coordinates>113.051781,23.515040,0</coordinates></Point></Placemark>
<Placemark><name>M3A-w3-0890</name><description>区域=w3 类别=灌丛 带=edge 距母库=1.07km</description><Point><coordinates>113.358196,23.759202,0</coordinates></Point></Placemark>
<Placemark><name>M3A-w3-0891</name><description>区域=w3 类别=灌丛 带=edge 距母库=1.25km</description><Point><coordinates>112.481530,28.879329,0</coordinates></Point></Placemark>
<Placemark><name>M3A-w3-0892</name><description>区域=w3 类别=灌丛 带=edge 距母库=1.29km</description><Point><coordinates>111.959519,25.611707,0</coordinates></Point></Placemark>
<Placemark><name>M3A-w3-0893</name><description>区域=w3 类别=灌丛 带=edge 距母库=1.02km</description><Point><coordinates>113.672966,24.021420,0</coordinates></Point></Placemark>
<Placemark><name>M3A-w3-0894</name><description>区域=w3 类别=灌丛 带=edge 距母库=1.48km</description><Point><coordinates>109.015021,23.465183,0</coordinates></Point></Placemark>
<Placemark><name>M3A-w3-0895</name><description>区域=w3 类别=灌丛 带=edge 距母库=1.34km</description><Point><coordinates>108.676806,23.483778,0</coordinates></Point></Placemark>
<Placemark><name>M3A-w3-0896</name><description>区域=w3 类别=灌丛 带=edge 距母库=1.82km</description><Point><coordinates>112.445148,28.821118,0</coordinates></Point></Placemark>
<Placemark><name>M3A-w3-0897</name><description>区域=w3 类别=灌丛 带=edge 距母库=1.21km</description><Point><coordinates>112.265665,28.656188,0</coordinates></Point></Placemark>
<Placemark><name>M3A-w3-0898</name><description>区域=w3 类别=灌丛 带=edge 距母库=1.67km</description><Point><coordinates>110.013499,25.079456,0</coordinates></Point></Placemark>
<Placemark><name>M3A-w3-0899</name><description>区域=w3 类别=灌丛 带=edge 距母库=2.04km</description><Point><coordinates>110.300780,24.495191,0</coordinates></Point></Placemark>
<Placemark><name>M3A-w3-0900</name><description>区域=w3 类别=灌丛 带=edge 距母库=1.37km</description><Point><coordinates>108.264748,23.230992,0</coordinates></Point></Placemark>
<Placemark><name>M3A-w3-0901</name><description>区域=w3 类别=灌丛 带=edge 距母库=1.00km</description><Point><coordinates>113.588344,25.080264,0</coordinates></Point></Placemark>
<Placemark><name>M3A-w3-0902</name><description>区域=w3 类别=灌丛 带=edge 距母库=1.10km</description><Point><coordinates>112.793066,28.661578,0</coordinates></Point></Placemark>
<Placemark><name>M3A-w3-0903</name><description>区域=w3 类别=灌丛 带=edge 距母库=1.41km</description><Point><coordinates>110.327999,24.966807,0</coordinates></Point></Placemark>
<Placemark><name>M3A-w3-0904</name><description>区域=w3 类别=灌丛 带=edge 距母库=1.17km</description><Point><coordinates>113.250937,23.284622,0</coordinates></Point></Placemark>
<Placemark><name>M3A-w3-0905</name><description>区域=w3 类别=灌丛 带=edge 距母库=1.25km</description><Point><coordinates>109.999485,23.275728,0</coordinates></Point></Placemark>
<Placemark><name>M3A-w3-0906</name><description>区域=w3 类别=草地 带=edge 距母库=1.47km</description><Point><coordinates>111.769525,27.668490,0</coordinates></Point></Placemark>
<Placemark><name>M3A-w3-0907</name><description>区域=w3 类别=草地 带=edge 距母库=1.08km</description><Point><coordinates>113.546303,26.525294,0</coordinates></Point></Placemark>
<Placemark><name>M3A-w3-0908</name><description>区域=w3 类别=草地 带=edge 距母库=1.72km</description><Point><coordinates>111.473890,24.825053,0</coordinates></Point></Placemark>
<Placemark><name>M3A-w3-0909</name><description>区域=w3 类别=草地 带=edge 距母库=1.60km</description><Point><coordinates>113.654101,23.940032,0</coordinates></Point></Placemark>
<Placemark><name>M3A-w3-0910</name><description>区域=w3 类别=草地 带=edge 距母库=1.42km</description><Point><coordinates>108.021395,25.461868,0</coordinates></Point></Placemark>
<Placemark><name>M3A-w3-0911</name><description>区域=w3 类别=草地 带=edge 距母库=1.84km</description><Point><coordinates>109.701154,24.026540,0</coordinates></Point></Placemark>
<Placemark><name>M3A-w3-0912</name><description>区域=w3 类别=草地 带=edge 距母库=1.86km</description><Point><coordinates>111.853338,27.424597,0</coordinates></Point></Placemark>
<Placemark><name>M3A-w3-0913</name><description>区域=w3 类别=草地 带=edge 距母库=1.17km</description><Point><coordinates>110.414507,25.016124,0</coordinates></Point></Placemark>
<Placemark><name>M3A-w3-0914</name><description>区域=w3 类别=草地 带=edge 距母库=1.08km</description><Point><coordinates>113.936801,23.517195,0</coordinates></Point></Placemark>
<Placemark><name>M3A-w3-0915</name><description>区域=w3 类别=草地 带=edge 距母库=1.67km</description><Point><coordinates>110.290000,26.028346,0</coordinates></Point></Placemark>
<Placemark><name>M3A-w3-0916</name><description>区域=w3 类别=草地 带=edge 距母库=1.12km</description><Point><coordinates>111.863849,23.402660,0</coordinates></Point></Placemark>
<Placemark><name>M3A-w3-0917</name><description>区域=w3 类别=草地 带=edge 距母库=1.71km</description><Point><coordinates>109.275084,28.687988,0</coordinates></Point></Placemark>
<Placemark><name>M3A-w3-0918</name><description>区域=w3 类别=草地 带=edge 距母库=1.83km</description><Point><coordinates>108.551221,25.587183,0</coordinates></Point></Placemark>
<Placemark><name>M3A-w3-0919</name><description>区域=w3 类别=草地 带=edge 距母库=2.01km</description><Point><coordinates>108.476032,27.725353,0</coordinates></Point></Placemark>
<Placemark><name>M3A-w3-0920</name><description>区域=w3 类别=草地 带=edge 距母库=1.29km</description><Point><coordinates>113.237462,26.330719,0</coordinates></Point></Placemark>
<Placemark><name>M3A-w3-0921</name><description>区域=w3 类别=草地 带=edge 距母库=1.31km</description><Point><coordinates>109.562365,28.921640,0</coordinates></Point></Placemark>
<Placemark><name>M3A-w3-0922</name><description>区域=w3 类别=草地 带=edge 距母库=1.58km</description><Point><coordinates>113.392152,25.481272,0</coordinates></Point></Placemark>
<Placemark><name>M3A-w3-0923</name><description>区域=w3 类别=草地 带=edge 距母库=1.16km</description><Point><coordinates>112.556450,25.435188,0</coordinates></Point></Placemark>
<Placemark><name>M3A-w3-0924</name><description>区域=w3 类别=草地 带=edge 距母库=1.10km</description><Point><coordinates>112.909757,26.439056,0</coordinates></Point></Placemark>
<Placemark><name>M3A-w3-0925</name><description>区域=w3 类别=草地 带=edge 距母库=1.05km</description><Point><coordinates>111.913166,27.791110,0</coordinates></Point></Placemark>
<Placemark><name>M3A-w3-0926</name><description>区域=w3 类别=草地 带=edge 距母库=1.05km</description><Point><coordinates>111.687060,24.355593,0</coordinates></Point></Placemark>
<Placemark><name>M3A-w3-0927</name><description>区域=w3 类别=草地 带=edge 距母库=1.57km</description><Point><coordinates>108.656324,26.830901,0</coordinates></Point></Placemark>
<Placemark><name>M3A-w3-0928</name><description>区域=w3 类别=草地 带=edge 距母库=1.01km</description><Point><coordinates>108.359610,27.090963,0</coordinates></Point></Placemark>
<Placemark><name>M3A-w3-0929</name><description>区域=w3 类别=草地 带=edge 距母库=2.07km</description><Point><coordinates>110.148246,24.111162,0</coordinates></Point></Placemark>
<Placemark><name>M3A-w3-0930</name><description>区域=w3 类别=草地 带=edge 距母库=1.73km</description><Point><coordinates>110.893668,23.609902,0</coordinates></Point></Placemark>
<Placemark><name>M3A-w3-0931</name><description>区域=w3 类别=草地 带=edge 距母库=1.42km</description><Point><coordinates>108.385482,24.232704,0</coordinates></Point></Placemark>
<Placemark><name>M3A-w3-0932</name><description>区域=w3 类别=草地 带=edge 距母库=2.31km</description><Point><coordinates>108.238338,26.616653,0</coordinates></Point></Placemark>
<Placemark><name>M3A-w3-0933</name><description>区域=w3 类别=草地 带=edge 距母库=1.09km</description><Point><coordinates>111.677628,26.891537,0</coordinates></Point></Placemark>
<Placemark><name>M3A-w3-0934</name><description>区域=w3 类别=草地 带=edge 距母库=1.93km</description><Point><coordinates>112.576123,25.236840,0</coordinates></Point></Placemark>
<Placemark><name>M3A-w3-0935</name><description>区域=w3 类别=草地 带=edge 距母库=1.16km</description><Point><coordinates>113.975339,28.981737,0</coordinates></Point></Placemark>
<Placemark><name>M3A-w3-0936</name><description>区域=w3 类别=草地 带=edge 距母库=1.70km</description><Point><coordinates>108.090116,27.824527,0</coordinates></Point></Placemark>
<Placemark><name>M3A-w3-0937</name><description>区域=w3 类别=草地 带=edge 距母库=2.35km</description><Point><coordinates>108.498939,25.386949,0</coordinates></Point></Placemark>
<Placemark><name>M3A-w3-0938</name><description>区域=w3 类别=草地 带=edge 距母库=1.26km</description><Point><coordinates>108.448813,27.061049,0</coordinates></Point></Placemark>
<Placemark><name>M3A-w3-0939</name><description>区域=w3 类别=草地 带=edge 距母库=1.34km</description><Point><coordinates>110.844081,24.190393,0</coordinates></Point></Placemark>
<Placemark><name>M3A-w3-0940</name><description>区域=w3 类别=草地 带=edge 距母库=1.00km</description><Point><coordinates>111.478741,28.941852,0</coordinates></Point></Placemark>
<Placemark><name>M3A-w3-0941</name><description>区域=w3 类别=草地 带=edge 距母库=1.26km</description><Point><coordinates>108.069634,23.863766,0</coordinates></Point></Placemark>
<Placemark><name>M3A-w3-0942</name><description>区域=w3 类别=草地 带=edge 距母库=1.01km</description><Point><coordinates>109.560209,23.045041,0</coordinates></Point></Placemark>
<Placemark><name>M3A-w3-0943</name><description>区域=w3 类别=草地 带=edge 距母库=1.43km</description><Point><coordinates>112.545670,25.299094,0</coordinates></Point></Placemark>
<Placemark><name>M3A-w3-0944</name><description>区域=w3 类别=草地 带=edge 距母库=1.06km</description><Point><coordinates>109.046013,28.751858,0</coordinates></Point></Placemark>
<Placemark><name>M3A-w3-0945</name><description>区域=w3 类别=草地 带=edge 距母库=1.26km</description><Point><coordinates>112.280487,26.742776,0</coordinates></Point></Placemark>
<Placemark><name>M3A-w3-0946</name><description>区域=w3 类别=草地 带=edge 距母库=1.19km</description><Point><coordinates>111.253443,26.839794,0</coordinates></Point></Placemark>
<Placemark><name>M3A-w3-0947</name><description>区域=w3 类别=草地 带=edge 距母库=1.06km</description><Point><coordinates>111.554738,26.602639,0</coordinates></Point></Placemark>
<Placemark><name>M3A-w3-0948</name><description>区域=w3 类别=草地 带=edge 距母库=1.60km</description><Point><coordinates>108.312988,28.100759,0</coordinates></Point></Placemark>
<Placemark><name>M3A-w3-0949</name><description>区域=w3 类别=草地 带=edge 距母库=1.20km</description><Point><coordinates>111.391964,24.628591,0</coordinates></Point></Placemark>
<Placemark><name>M3A-w3-0950</name><description>区域=w3 类别=耕地 带=edge 距母库=1.61km</description><Point><coordinates>110.782636,24.579274,0</coordinates></Point></Placemark>
<Placemark><name>M3A-w3-0951</name><description>区域=w3 类别=耕地 带=edge 距母库=1.28km</description><Point><coordinates>113.734949,24.253994,0</coordinates></Point></Placemark>
<Placemark><name>M3A-w3-0952</name><description>区域=w3 类别=耕地 带=edge 距母库=1.49km</description><Point><coordinates>109.341649,26.848418,0</coordinates></Point></Placemark>
<Placemark><name>M3A-w3-0953</name><description>区域=w3 类别=耕地 带=edge 距母库=1.39km</description><Point><coordinates>108.880543,23.138286,0</coordinates></Point></Placemark>
<Placemark><name>M3A-w3-0954</name><description>区域=w3 类别=耕地 带=edge 距母库=1.32km</description><Point><coordinates>111.143490,27.630761,0</coordinates></Point></Placemark>
<Placemark><name>M3A-w3-0955</name><description>区域=w3 类别=耕地 带=edge 距母库=1.44km</description><Point><coordinates>110.992573,23.081962,0</coordinates></Point></Placemark>
<Placemark><name>M3A-w3-0956</name><description>区域=w3 类别=耕地 带=edge 距母库=1.21km</description><Point><coordinates>112.174306,27.611088,0</coordinates></Point></Placemark>
<Placemark><name>M3A-w3-0957</name><description>区域=w3 类别=耕地 带=edge 距母库=1.28km</description><Point><coordinates>111.286052,26.424234,0</coordinates></Point></Placemark>
<Placemark><name>M3A-w3-0958</name><description>区域=w3 类别=耕地 带=edge 距母库=1.05km</description><Point><coordinates>110.424747,26.926302,0</coordinates></Point></Placemark>
<Placemark><name>M3A-w3-0959</name><description>区域=w3 类别=耕地 带=edge 距母库=1.69km</description><Point><coordinates>112.683112,28.626543,0</coordinates></Point></Placemark>
<Placemark><name>M3A-w3-0960</name><description>区域=w3 类别=耕地 带=edge 距母库=1.11km</description><Point><coordinates>112.716799,25.842395,0</coordinates></Point></Placemark>
<Placemark><name>M3A-w3-0961</name><description>区域=w3 类别=耕地 带=edge 距母库=1.27km</description><Point><coordinates>111.567404,28.867741,0</coordinates></Point></Placemark>
<Placemark><name>M3A-w3-0962</name><description>区域=w3 类别=耕地 带=edge 距母库=1.01km</description><Point><coordinates>112.437603,26.520174,0</coordinates></Point></Placemark>
<Placemark><name>M3A-w3-0963</name><description>区域=w3 类别=耕地 带=edge 距母库=1.01km</description><Point><coordinates>112.438141,26.950826,0</coordinates></Point></Placemark>
<Placemark><name>M3A-w3-0964</name><description>区域=w3 类别=耕地 带=edge 距母库=1.35km</description><Point><coordinates>109.248673,23.534713,0</coordinates></Point></Placemark>
<Placemark><name>M3A-w3-0965</name><description>区域=w3 类别=耕地 带=edge 距母库=1.39km</description><Point><coordinates>109.755053,24.058341,0</coordinates></Point></Placemark>
<Placemark><name>M3A-w3-0966</name><description>区域=w3 类别=耕地 带=edge 距母库=1.03km</description><Point><coordinates>110.138275,25.226600,0</coordinates></Point></Placemark>
<Placemark><name>M3A-w3-0967</name><description>区域=w3 类别=耕地 带=edge 距母库=1.23km</description><Point><coordinates>108.955463,24.370146,0</coordinates></Point></Placemark>
<Placemark><name>M3A-w3-0968</name><description>区域=w3 类别=耕地 带=edge 距母库=1.34km</description><Point><coordinates>108.293315,27.739098,0</coordinates></Point></Placemark>
<Placemark><name>M3A-w3-0969</name><description>区域=w3 类别=耕地 带=edge 距母库=1.20km</description><Point><coordinates>110.510447,23.399157,0</coordinates></Point></Placemark>
<Placemark><name>M3A-w3-0970</name><description>区域=w3 类别=耕地 带=edge 距母库=1.35km</description><Point><coordinates>112.120946,26.598597,0</coordinates></Point></Placemark>
<Placemark><name>M3A-w3-0971</name><description>区域=w3 类别=耕地 带=edge 距母库=1.53km</description><Point><coordinates>108.192793,23.060672,0</coordinates></Point></Placemark>
<Placemark><name>M3A-w3-0972</name><description>区域=w3 类别=耕地 带=edge 距母库=1.09km</description><Point><coordinates>112.807888,27.508949,0</coordinates></Point></Placemark>
<Placemark><name>M3A-w3-0973</name><description>区域=w3 类别=建成区 带=edge 距母库=1.16km</description><Point><coordinates>110.059043,23.479736,0</coordinates></Point></Placemark>
<Placemark><name>M3A-w3-0974</name><description>区域=w3 类别=建成区 带=edge 距母库=1.15km</description><Point><coordinates>108.035139,26.590781,0</coordinates></Point></Placemark>
<Placemark><name>M3A-w3-0975</name><description>区域=w3 类别=建成区 带=edge 距母库=1.10km</description><Point><coordinates>112.897899,27.040298,0</coordinates></Point></Placemark>
<Placemark><name>M3A-w3-0976</name><description>区域=w3 类别=建成区 带=edge 距母库=1.37km</description><Point><coordinates>112.362953,25.892521,0</coordinates></Point></Placemark>
<Placemark><name>M3A-w3-0977</name><description>区域=w3 类别=建成区 带=edge 距母库=1.06km</description><Point><coordinates>112.707367,27.194719,0</coordinates></Point></Placemark>
<Placemark><name>M3A-w3-0978</name><description>区域=w3 类别=建成区 带=edge 距母库=1.79km</description><Point><coordinates>112.127414,25.914350,0</coordinates></Point></Placemark>
<Placemark><name>M3A-w3-0979</name><description>区域=w3 类别=建成区 带=edge 距母库=1.38km</description><Point><coordinates>109.788471,24.215995,0</coordinates></Point></Placemark>
<Placemark><name>M3A-w3-0980</name><description>区域=w3 类别=建成区 带=edge 距母库=1.01km</description><Point><coordinates>113.117537,27.841775,0</coordinates></Point></Placemark>
<Placemark><name>M3A-w3-0981</name><description>区域=w3 类别=建成区 带=edge 距母库=1.09km</description><Point><coordinates>108.496783,26.314010,0</coordinates></Point></Placemark>
<Placemark><name>M3A-w3-0982</name><description>区域=w3 类别=建成区 带=edge 距母库=1.94km</description><Point><coordinates>113.339870,23.472190,0</coordinates></Point></Placemark>
<Placemark><name>M3A-w3-0983</name><description>区域=w3 类别=建成区 带=edge 距母库=1.23km</description><Point><coordinates>112.899516,28.213408,0</coordinates></Point></Placemark>
<Placemark><name>M3A-w3-0984</name><description>区域=w3 类别=建成区 带=edge 距母库=1.29km</description><Point><coordinates>113.485667,23.383796,0</coordinates></Point></Placemark>
<Placemark><name>M3A-w3-0985</name><description>区域=w3 类别=建成区 带=edge 距母库=1.41km</description><Point><coordinates>113.215903,23.406164,0</coordinates></Point></Placemark>
<Placemark><name>M3A-w3-0986</name><description>区域=w3 类别=建成区 带=edge 距母库=1.15km</description><Point><coordinates>111.507038,27.112792,0</coordinates></Point></Placemark>
<Placemark><name>M3A-w3-0987</name><description>区域=w3 类别=建成区 带=edge 距母库=1.15km</description><Point><coordinates>112.157328,27.464213,0</coordinates></Point></Placemark>
<Placemark><name>M3A-w3-0988</name><description>区域=w3 类别=建成区 带=edge 距母库=1.28km</description><Point><coordinates>112.637837,28.232273,0</coordinates></Point></Placemark>
<Placemark><name>M3A-w3-0989</name><description>区域=w3 类别=建成区 带=edge 距母库=1.36km</description><Point><coordinates>111.138908,23.558428,0</coordinates></Point></Placemark>
<Placemark><name>M3A-w3-0990</name><description>区域=w3 类别=建成区 带=edge 距母库=1.73km</description><Point><coordinates>113.219676,23.202965,0</coordinates></Point></Placemark>
<Placemark><name>M3A-w3-0991</name><description>区域=w3 类别=建成区 带=edge 距母库=1.37km</description><Point><coordinates>108.748491,28.319050,0</coordinates></Point></Placemark>
<Placemark><name>M3A-w3-0992</name><description>区域=w3 类别=建成区 带=edge 距母库=1.16km</description><Point><coordinates>112.140080,26.959180,0</coordinates></Point></Placemark>
<Placemark><name>M3A-w3-0993</name><description>区域=w3 类别=建成区 带=edge 距母库=1.24km</description><Point><coordinates>113.374366,28.263265,0</coordinates></Point></Placemark>
<Placemark><name>M3A-w3-0994</name><description>区域=w3 类别=建成区 带=edge 距母库=1.12km</description><Point><coordinates>108.406233,27.989997,0</coordinates></Point></Placemark>
<Placemark><name>M3A-w3-0995</name><description>区域=w3 类别=建成区 带=edge 距母库=1.19km</description><Point><coordinates>113.754353,23.049892,0</coordinates></Point></Placemark>
<Placemark><name>M3A-w3-0996</name><description>区域=w3 类别=建成区 带=edge 距母库=1.27km</description><Point><coordinates>108.979717,28.482633,0</coordinates></Point></Placemark>
<Placemark><name>M3A-w3-0997</name><description>区域=w3 类别=建成区 带=edge 距母库=1.15km</description><Point><coordinates>113.103254,28.777730,0</coordinates></Point></Placemark>
<Placemark><name>M3A-w3-0998</name><description>区域=w3 类别=建成区 带=edge 距母库=1.40km</description><Point><coordinates>109.365903,24.305467,0</coordinates></Point></Placemark>
<Placemark><name>M3A-w3-0999</name><description>区域=w3 类别=建成区 带=edge 距母库=1.06km</description><Point><coordinates>112.532465,27.712687,0</coordinates></Point></Placemark>
<Placemark><name>M3A-w3-1000</name><description>区域=w3 类别=建成区 带=edge 距母库=1.08km</description><Point><coordinates>112.856667,27.132465,0</coordinates></Point></Placemark>
<Placemark><name>M3A-w3-1001</name><description>区域=w3 类别=裸地/稀疏 带=edge 距母库=1.15km</description><Point><coordinates>112.334386,28.513086,0</coordinates></Point></Placemark>
<Placemark><name>M3A-w3-1002</name><description>区域=w3 类别=裸地/稀疏 带=edge 距母库=2.15km</description><Point><coordinates>108.504599,26.047480,0</coordinates></Point></Placemark>
<Placemark><name>M3A-w3-1003</name><description>区域=w3 类别=裸地/稀疏 带=edge 距母库=1.10km</description><Point><coordinates>113.160387,24.053490,0</coordinates></Point></Placemark>
<Placemark><name>M3A-w3-1004</name><description>区域=w3 类别=裸地/稀疏 带=edge 距母库=1.37km</description><Point><coordinates>109.253793,28.003741,0</coordinates></Point></Placemark>
<Placemark><name>M3A-w3-1005</name><description>区域=w3 类别=裸地/稀疏 带=edge 距母库=1.12km</description><Point><coordinates>109.012596,24.806188,0</coordinates></Point></Placemark>
<Placemark><name>M3A-w3-1006</name><description>区域=w3 类别=裸地/稀疏 带=edge 距母库=1.02km</description><Point><coordinates>112.302586,26.860276,0</coordinates></Point></Placemark>
<Placemark><name>M3A-w3-1007</name><description>区域=w3 类别=裸地/稀疏 带=edge 距母库=1.15km</description><Point><coordinates>113.017555,27.806471,0</coordinates></Point></Placemark>
<Placemark><name>M3A-w3-1008</name><description>区域=w3 类别=裸地/稀疏 带=edge 距母库=1.03km</description><Point><coordinates>112.804924,23.054204,0</coordinates></Point></Placemark>
<Placemark><name>M3A-w3-1009</name><description>区域=w3 类别=裸地/稀疏 带=edge 距母库=1.03km</description><Point><coordinates>112.146818,23.085465,0</coordinates></Point></Placemark>
<Placemark><name>M3A-w3-1010</name><description>区域=w3 类别=裸地/稀疏 带=edge 距母库=1.80km</description><Point><coordinates>110.620401,27.499786,0</coordinates></Point></Placemark>
<Placemark><name>M3A-w3-1011</name><description>区域=w3 类别=裸地/稀疏 带=edge 距母库=1.00km</description><Point><coordinates>112.736472,26.362250,0</coordinates></Point></Placemark>
<Placemark><name>M3A-w3-1012</name><description>区域=w3 类别=裸地/稀疏 带=edge 距母库=1.68km</description><Point><coordinates>113.113764,28.237663,0</coordinates></Point></Placemark>
<Placemark><name>M3A-w3-1013</name><description>区域=w3 类别=裸地/稀疏 带=edge 距母库=1.79km</description><Point><coordinates>112.595796,26.571378,0</coordinates></Point></Placemark>
<Placemark><name>M3A-w3-1014</name><description>区域=w3 类别=裸地/稀疏 带=edge 距母库=1.16km</description><Point><coordinates>109.635398,28.212869,0</coordinates></Point></Placemark>
<Placemark><name>M3A-w3-1015</name><description>区域=w3 类别=裸地/稀疏 带=edge 距母库=1.62km</description><Point><coordinates>113.101368,26.684565,0</coordinates></Point></Placemark>
<Placemark><name>M3A-w3-1016</name><description>区域=w3 类别=裸地/稀疏 带=edge 距母库=1.07km</description><Point><coordinates>111.784887,27.163188,0</coordinates></Point></Placemark>
<Placemark><name>M3A-w3-1017</name><description>区域=w3 类别=裸地/稀疏 带=edge 距母库=1.41km</description><Point><coordinates>113.885866,23.183831,0</coordinates></Point></Placemark>
<Placemark><name>M3A-w3-1018</name><description>区域=w3 类别=裸地/稀疏 带=edge 距母库=1.01km</description><Point><coordinates>111.074229,25.374013,0</coordinates></Point></Placemark>
<Placemark><name>M3A-w3-1019</name><description>区域=w3 类别=裸地/稀疏 带=edge 距母库=1.28km</description><Point><coordinates>110.150132,25.250585,0</coordinates></Point></Placemark>
<Placemark><name>M3A-w3-1020</name><description>区域=w3 类别=裸地/稀疏 带=edge 距母库=1.09km</description><Point><coordinates>111.476046,24.591401,0</coordinates></Point></Placemark>
<Placemark><name>M3A-w3-1021</name><description>区域=w3 类别=裸地/稀疏 带=edge 距母库=1.14km</description><Point><coordinates>113.232073,28.590701,0</coordinates></Point></Placemark>
<Placemark><name>M3A-w3-1022</name><description>区域=w3 类别=裸地/稀疏 带=edge 距母库=1.15km</description><Point><coordinates>111.876245,27.232987,0</coordinates></Point></Placemark>
<Placemark><name>M3A-w3-1023</name><description>区域=w3 类别=裸地/稀疏 带=edge 距母库=1.48km</description><Point><coordinates>108.559036,28.484789,0</coordinates></Point></Placemark>
<Placemark><name>M3A-w3-1024</name><description>区域=w3 类别=裸地/稀疏 带=edge 距母库=1.86km</description><Point><coordinates>109.534337,26.105691,0</coordinates></Point></Placemark>
<Placemark><name>M3A-w3-1025</name><description>区域=w3 类别=裸地/稀疏 带=edge 距母库=1.39km</description><Point><coordinates>113.395925,27.500056,0</coordinates></Point></Placemark>
<Placemark><name>M3A-w3-1026</name><description>区域=w3 类别=裸地/稀疏 带=edge 距母库=1.30km</description><Point><coordinates>111.095519,28.372949,0</coordinates></Point></Placemark>
<Placemark><name>M3A-w3-1027</name><description>区域=w3 类别=裸地/稀疏 带=edge 距母库=1.27km</description><Point><coordinates>111.906968,25.574517,0</coordinates></Point></Placemark>
<Placemark><name>M3A-w3-1028</name><description>区域=w3 类别=裸地/稀疏 带=edge 距母库=1.56km</description><Point><coordinates>112.165682,25.848324,0</coordinates></Point></Placemark>
<Placemark><name>M3A-w3-1029</name><description>区域=w3 类别=裸地/稀疏 带=edge 距母库=1.07km</description><Point><coordinates>111.324859,28.919753,0</coordinates></Point></Placemark>
<Placemark><name>M3A-w3-1030</name><description>区域=w3 类别=裸地/稀疏 带=edge 距母库=1.09km</description><Point><coordinates>111.341568,26.090869,0</coordinates></Point></Placemark>
<Placemark><name>M3A-w3-1031</name><description>区域=w3 类别=裸地/稀疏 带=edge 距母库=1.29km</description><Point><coordinates>113.033455,26.523947,0</coordinates></Point></Placemark>
<Placemark><name>M3A-w3-1032</name><description>区域=w3 类别=裸地/稀疏 带=edge 距母库=1.05km</description><Point><coordinates>109.886836,27.214122,0</coordinates></Point></Placemark>
<Placemark><name>M3A-w3-1033</name><description>区域=w3 类别=裸地/稀疏 带=edge 距母库=1.26km</description><Point><coordinates>109.212291,23.578101,0</coordinates></Point></Placemark>
<Placemark><name>M3A-w3-1034</name><description>区域=w3 类别=裸地/稀疏 带=edge 距母库=1.02km</description><Point><coordinates>109.725409,28.308270,0</coordinates></Point></Placemark>
<Placemark><name>M3A-w3-1035</name><description>区域=w3 类别=裸地/稀疏 带=edge 距母库=1.14km</description><Point><coordinates>111.376602,24.697582,0</coordinates></Point></Placemark>
<Placemark><name>M3A-w3-1036</name><description>区域=w3 类别=裸地/稀疏 带=edge 距母库=1.28km</description><Point><coordinates>112.316330,28.526830,0</coordinates></Point></Placemark>
<Placemark><name>M3A-w3-1037</name><description>区域=w3 类别=裸地/稀疏 带=edge 距母库=1.02km</description><Point><coordinates>112.770698,23.288664,0</coordinates></Point></Placemark>
<Placemark><name>M3A-w3-1038</name><description>区域=w3 类别=裸地/稀疏 带=edge 距母库=1.28km</description><Point><coordinates>109.683368,23.505068,0</coordinates></Point></Placemark>
<Placemark><name>M3A-w3-1039</name><description>区域=w3 类别=裸地/稀疏 带=edge 距母库=2.11km</description><Point><coordinates>112.509558,26.950557,0</coordinates></Point></Placemark>
<Placemark><name>M3A-w3-1040</name><description>区域=w3 类别=水体 带=edge 距母库=1.31km</description><Point><coordinates>112.625440,28.557822,0</coordinates></Point></Placemark>
<Placemark><name>M3A-w3-1041</name><description>区域=w3 类别=水体 带=edge 距母库=1.19km</description><Point><coordinates>109.214447,24.227853,0</coordinates></Point></Placemark>
<Placemark><name>M3A-w3-1042</name><description>区域=w3 类别=水体 带=edge 距母库=1.37km</description><Point><coordinates>111.740959,26.684296,0</coordinates></Point></Placemark>
<Placemark><name>M3A-w3-1043</name><description>区域=w3 类别=水体 带=edge 距母库=1.34km</description><Point><coordinates>112.586364,28.354623,0</coordinates></Point></Placemark>
<Placemark><name>M3A-w3-1044</name><description>区域=w3 类别=水体 带=edge 距母库=1.21km</description><Point><coordinates>113.087354,27.404924,0</coordinates></Point></Placemark>
<Placemark><name>M3A-w3-1045</name><description>区域=w3 类别=水体 带=edge 距母库=1.23km</description><Point><coordinates>113.554388,24.811578,0</coordinates></Point></Placemark>
<Placemark><name>M3A-w3-1046</name><description>区域=w3 类别=水体 带=edge 距母库=1.04km</description><Point><coordinates>108.272833,24.904554,0</coordinates></Point></Placemark>
<Placemark><name>M3A-w3-1047</name><description>区域=w3 类别=水体 带=edge 距母库=1.50km</description><Point><coordinates>112.120407,23.083579,0</coordinates></Point></Placemark>
<Placemark><name>M3A-w3-1048</name><description>区域=w3 类别=水体 带=edge 距母库=2.22km</description><Point><coordinates>109.896808,27.802698,0</coordinates></Point></Placemark>
<Placemark><name>M3A-w3-1049</name><description>区域=w3 类别=水体 带=edge 距母库=1.39km</description><Point><coordinates>112.697665,28.755092,0</coordinates></Point></Placemark>
<Placemark><name>M3A-w3-1050</name><description>区域=w3 类别=水体 带=edge 距母库=1.35km</description><Point><coordinates>113.209435,23.034531,0</coordinates></Point></Placemark>
<Placemark><name>M3A-w3-1051</name><description>区域=w3 类别=水体 带=edge 距母库=1.36km</description><Point><coordinates>109.771223,24.546395,0</coordinates></Point></Placemark>
<Placemark><name>M3A-w3-1052</name><description>区域=w3 类别=水体 带=edge 距母库=1.19km</description><Point><coordinates>112.153016,28.817076,0</coordinates></Point></Placemark>
<Placemark><name>M3A-w3-1053</name><description>区域=w3 类别=水体 带=edge 距母库=1.29km</description><Point><coordinates>113.674583,28.584772,0</coordinates></Point></Placemark>
<Placemark><name>M3A-w3-1054</name><description>区域=w3 类别=草本湿地 带=edge 距母库=1.08km</description><Point><coordinates>112.783634,28.792821,0</coordinates></Point></Placemark>
<Placemark><name>M3A-w3-1055</name><description>区域=w3 类别=草本湿地 带=edge 距母库=1.47km</description><Point><coordinates>112.841575,28.787701,0</coordinates></Point></Placemark>
<Placemark><name>M3A-w3-1056</name><description>区域=w3 类别=草本湿地 带=edge 距母库=1.14km</description><Point><coordinates>112.847504,28.975269,0</coordinates></Point></Placemark>
<Placemark><name>M3A-w3-1057</name><description>区域=w3 类别=草本湿地 带=edge 距母库=1.03km</description><Point><coordinates>112.866099,28.991170,0</coordinates></Point></Placemark>
<Placemark><name>M3A-w3-1058</name><description>区域=w3 类别=草本湿地 带=edge 距母库=1.17km</description><Point><coordinates>112.785790,28.968801,0</coordinates></Point></Placemark>
<Placemark><name>M3A-w3-1059</name><description>区域=w3 类别=草本湿地 带=edge 距母库=1.33km</description><Point><coordinates>112.267551,28.956944,0</coordinates></Point></Placemark>
<Placemark><name>M3A-w3-1060</name><description>区域=w3 类别=草本湿地 带=edge 距母库=1.24km</description><Point><coordinates>112.927544,28.931342,0</coordinates></Point></Placemark>
<Placemark><name>M3A-w3-1061</name><description>区域=w3 类别=草本湿地 带=edge 距母库=1.02km</description><Point><coordinates>112.709523,23.493480,0</coordinates></Point></Placemark>
<Placemark><name>M3A-w3-1062</name><description>区域=w3 类别=草本湿地 带=edge 距母库=1.07km</description><Point><coordinates>112.746443,28.841061,0</coordinates></Point></Placemark>
<Placemark><name>M3A-w3-1063</name><description>区域=w3 类别=草本湿地 带=edge 距母库=1.12km</description><Point><coordinates>112.461318,28.690414,0</coordinates></Point></Placemark>
<Placemark><name>M3A-w3-1064</name><description>区域=w3 类别=草本湿地 带=edge 距母库=1.20km</description><Point><coordinates>112.788215,28.783928,0</coordinates></Point></Placemark>
<Placemark><name>M3A-w3-1065</name><description>区域=w3 类别=草本湿地 带=edge 距母库=1.02km</description><Point><coordinates>112.790371,28.740270,0</coordinates></Point></Placemark>
<Placemark><name>M3A-w3-1066</name><description>区域=w3 类别=草本湿地 带=edge 距母库=1.01km</description><Point><coordinates>112.742131,28.999524,0</coordinates></Point></Placemark>
<Placemark><name>M3A-w3-1067</name><description>区域=w3 类别=草本湿地 带=edge 距母库=1.38km</description><Point><coordinates>112.780669,28.788240,0</coordinates></Point></Placemark>
<Placemark><name>M3A-w3-1068</name><description>区域=w3 类别=草本湿地 带=edge 距母库=1.20km</description><Point><coordinates>112.816512,28.912208,0</coordinates></Point></Placemark>
<Placemark><name>M3A-w3-1069</name><description>区域=w3 类别=草本湿地 带=edge 距母库=1.25km</description><Point><coordinates>112.827292,28.866932,0</coordinates></Point></Placemark>
<Placemark><name>M3A-w3-1070</name><description>区域=w3 类别=草本湿地 带=edge 距母库=1.06km</description><Point><coordinates>112.781747,28.980929,0</coordinates></Point></Placemark>
<Placemark><name>M3A-w3-1071</name><description>区域=w3 类别=草本湿地 带=edge 距母库=1.19km</description><Point><coordinates>112.863404,28.877712,0</coordinates></Point></Placemark>
<Placemark><name>M3A-w3-1072</name><description>区域=w3 类别=草本湿地 带=edge 距母库=1.09km</description><Point><coordinates>112.756145,28.951823,0</coordinates></Point></Placemark>
<Placemark><name>M3A-w3-1073</name><description>区域=w3 类别=草本湿地 带=edge 距母库=1.51km</description><Point><coordinates>112.771237,28.852919,0</coordinates></Point></Placemark>
<Placemark><name>M3A-w4-1074</name><description>区域=w4 类别=乔木 带=core 距母库=1.98km</description><Point><coordinates>102.804788,36.697906,0</coordinates></Point></Placemark>
<Placemark><name>M3A-w4-1075</name><description>区域=w4 类别=乔木 带=core 距母库=1.00km</description><Point><coordinates>102.478700,36.772556,0</coordinates></Point></Placemark>
<Placemark><name>M3A-w4-1076</name><description>区域=w4 类别=乔木 带=core 距母库=1.02km</description><Point><coordinates>102.355271,37.007016,0</coordinates></Point></Placemark>
<Placemark><name>M3A-w4-1077</name><description>区域=w4 类别=乔木 带=core 距母库=1.10km</description><Point><coordinates>102.459565,36.862837,0</coordinates></Point></Placemark>
<Placemark><name>M3A-w4-1078</name><description>区域=w4 类别=乔木 带=core 距母库=1.13km</description><Point><coordinates>101.300200,38.430487,0</coordinates></Point></Placemark>
<Placemark><name>M3A-w4-1079</name><description>区域=w4 类别=乔木 带=core 距母库=1.11km</description><Point><coordinates>105.983207,38.974327,0</coordinates></Point></Placemark>
<Placemark><name>M3A-w4-1080</name><description>区域=w4 类别=乔木 带=core 距母库=1.26km</description><Point><coordinates>102.422106,37.624159,0</coordinates></Point></Placemark>
<Placemark><name>M3A-w4-1081</name><description>区域=w4 类别=乔木 带=core 距母库=1.36km</description><Point><coordinates>101.671563,36.268601,0</coordinates></Point></Placemark>
<Placemark><name>M3A-w4-1082</name><description>区域=w4 类别=乔木 带=core 距母库=1.10km</description><Point><coordinates>102.722053,36.600349,0</coordinates></Point></Placemark>
<Placemark><name>M3A-w4-1083</name><description>区域=w4 类别=乔木 带=core 距母库=1.21km</description><Point><coordinates>101.581822,37.196741,0</coordinates></Point></Placemark>
<Placemark><name>M3A-w4-1084</name><description>区域=w4 类别=乔木 带=core 距母库=1.60km</description><Point><coordinates>102.433155,36.848823,0</coordinates></Point></Placemark>
<Placemark><name>M3A-w4-1085</name><description>区域=w4 类别=乔木 带=core 距母库=1.33km</description><Point><coordinates>102.685132,36.819987,0</coordinates></Point></Placemark>
<Placemark><name>M3A-w4-1086</name><description>区域=w4 类别=乔木 带=core 距母库=1.10km</description><Point><coordinates>101.908988,37.195932,0</coordinates></Point></Placemark>
<Placemark><name>M3A-w4-1087</name><description>区域=w4 类别=乔木 带=core 距母库=1.17km</description><Point><coordinates>102.325357,37.138260,0</coordinates></Point></Placemark>
<Placemark><name>M3A-w4-1088</name><description>区域=w4 类别=乔木 带=core 距母库=1.04km</description><Point><coordinates>102.727982,36.772556,0</coordinates></Point></Placemark>
<Placemark><name>M3A-w4-1089</name><description>区域=w4 类别=乔木 带=core 距母库=1.39km</description><Point><coordinates>102.500798,37.633591,0</coordinates></Point></Placemark>
<Placemark><name>M3A-w4-1090</name><description>区域=w4 类别=乔木 带=core 距母库=1.42km</description><Point><coordinates>102.185759,36.993003,0</coordinates></Point></Placemark>
<Placemark><name>M3A-w4-1091</name><description>区域=w4 类别=乔木 带=core 距母库=1.11km</description><Point><coordinates>102.457140,36.235723,0</coordinates></Point></Placemark>
<Placemark><name>M3A-w4-1092</name><description>区域=w4 类别=乔木 带=core 距母库=2.11km</description><Point><coordinates>102.837397,37.024264,0</coordinates></Point></Placemark>
<Placemark><name>M3A-w4-1093</name><description>区域=w4 类别=乔木 带=core 距母库=1.08km</description><Point><coordinates>102.801285,37.319091,0</coordinates></Point></Placemark>
<Placemark><name>M3A-w4-1094</name><description>区域=w4 类别=乔木 带=core 距母库=1.43km</description><Point><coordinates>101.977170,37.260072,0</coordinates></Point></Placemark>
<Placemark><name>M3A-w4-1095</name><description>区域=w4 类别=乔木 带=core 距母库=1.17km</description><Point><coordinates>102.362817,37.640059,0</coordinates></Point></Placemark>
<Placemark><name>M3A-w4-1096</name><description>区域=w4 类别=乔木 带=core 距母库=1.52km</description><Point><coordinates>102.315925,36.988152,0</coordinates></Point></Placemark>
<Placemark><name>M3A-w4-1097</name><description>区域=w4 类别=乔木 带=core 距母库=1.06km</description><Point><coordinates>102.529634,36.218206,0</coordinates></Point></Placemark>
<Placemark><name>M3A-w4-1098</name><description>区域=w4 类别=乔木 带=core 距母库=1.18km</description><Point><coordinates>102.737684,36.802201,0</coordinates></Point></Placemark>
<Placemark><name>M3A-w4-1099</name><description>区域=w4 类别=乔木 带=core 距母库=1.19km</description><Point><coordinates>101.787446,37.228272,0</coordinates></Point></Placemark>
<Placemark><name>M3A-w4-1100</name><description>区域=w4 类别=乔木 带=core 距母库=1.17km</description><Point><coordinates>102.401085,37.194585,0</coordinates></Point></Placemark>
<Placemark><name>M3A-w4-1101</name><description>区域=w4 类别=乔木 带=core 距母库=1.04km</description><Point><coordinates>101.423898,37.214258,0</coordinates></Point></Placemark>
<Placemark><name>M3A-w4-1102</name><description>区域=w4 类别=乔木 带=core 距母库=1.58km</description><Point><coordinates>102.679204,36.697906,0</coordinates></Point></Placemark>
<Placemark><name>M3A-w4-1103</name><description>区域=w4 类别=乔木 带=core 距母库=1.10km</description><Point><coordinates>102.034842,37.178684,0</coordinates></Point></Placemark>
<Placemark><name>M3A-w4-1104</name><description>区域=w4 类别=乔木 带=core 距母库=1.26km</description><Point><coordinates>102.432077,36.890325,0</coordinates></Point></Placemark>
<Placemark><name>M3A-w4-1105</name><description>区域=w4 类别=乔木 带=core 距母库=1.67km</description><Point><coordinates>101.548135,37.198627,0</coordinates></Point></Placemark>
<Placemark><name>M3A-w4-1106</name><description>区域=w4 类别=乔木 带=core 距母库=1.23km</description><Point><coordinates>102.005737,37.752438,0</coordinates></Point></Placemark>
<Placemark><name>M3A-w4-1107</name><description>区域=w4 类别=乔木 带=core 距母库=1.35km</description><Point><coordinates>102.236963,37.090021,0</coordinates></Point></Placemark>
<Placemark><name>M3A-w4-1108</name><description>区域=w4 类别=乔木 带=core 距母库=1.42km</description><Point><coordinates>102.215942,36.338670,0</coordinates></Point></Placemark>
<Placemark><name>M3A-w4-1109</name><description>区域=w4 类别=乔木 带=core 距母库=1.16km</description><Point><coordinates>102.236424,37.049597,0</coordinates></Point></Placemark>
<Placemark><name>M3A-w4-1110</name><description>区域=w4 类别=乔木 带=core 距母库=1.37km</description><Point><coordinates>102.368207,36.642660,0</coordinates></Point></Placemark>
<Placemark><name>M3A-w4-1111</name><description>区域=w4 类别=乔木 带=core 距母库=1.24km</description><Point><coordinates>103.724843,37.132062,0</coordinates></Point></Placemark>
<Placemark><name>M3A-w4-1112</name><description>区域=w4 类别=乔木 带=core 距母库=1.01km</description><Point><coordinates>102.568980,36.717310,0</coordinates></Point></Placemark>
<Placemark><name>M3A-w4-1113</name><description>区域=w4 类别=灌丛 带=core 距母库=1.14km</description><Point><coordinates>103.080212,37.748127,0</coordinates></Point></Placemark>
<Placemark><name>M3A-w4-1114</name><description>区域=w4 类别=灌丛 带=core 距母库=1.46km</description><Point><coordinates>101.132844,41.993475,0</coordinates></Point></Placemark>
<Placemark><name>M3A-w4-1115</name><description>区域=w4 类别=灌丛 带=core 距母库=1.10km</description><Point><coordinates>101.123950,41.985659,0</coordinates></Point></Placemark>
<Placemark><name>M3A-w4-1116</name><description>区域=w4 类别=灌丛 带=core 距母库=1.24km</description><Point><coordinates>104.434422,38.203842,0</coordinates></Point></Placemark>
<Placemark><name>M3A-w4-1117</name><description>区域=w4 类别=灌丛 带=core 距母库=1.14km</description><Point><coordinates>101.220968,41.972185,0</coordinates></Point></Placemark>
<Placemark><name>M3A-w4-1118</name><description>区域=w4 类别=灌丛 带=core 距母库=1.47km</description><Point><coordinates>104.230953,37.570260,0</coordinates></Point></Placemark>
<Placemark><name>M3A-w4-1119</name><description>区域=w4 类别=灌丛 带=core 距母库=2.24km</description><Point><coordinates>104.715774,37.430931,0</coordinates></Point></Placemark>
<Placemark><name>M3A-w4-1120</name><description>区域=w4 类别=灌丛 带=core 距母库=1.30km</description><Point><coordinates>106.856909,40.403187,0</coordinates></Point></Placemark>
<Placemark><name>M3A-w4-1121</name><description>区域=w4 类别=灌丛 带=core 距母库=1.40km</description><Point><coordinates>101.141467,41.994822,0</coordinates></Point></Placemark>
<Placemark><name>M3A-w4-1122</name><description>区域=w4 类别=灌丛 带=core 距母库=1.33km</description><Point><coordinates>101.224472,41.997248,0</coordinates></Point></Placemark>
<Placemark><name>M3A-w4-1123</name><description>区域=w4 类别=灌丛 带=core 距母库=1.12km</description><Point><coordinates>104.768595,39.609256,0</coordinates></Point></Placemark>
<Placemark><name>M3A-w4-1124</name><description>区域=w4 类别=灌丛 带=core 距母库=1.27km</description><Point><coordinates>104.197806,38.818829,0</coordinates></Point></Placemark>
<Placemark><name>M3A-w4-1125</name><description>区域=w4 类别=草地 带=core 距母库=1.00km</description><Point><coordinates>101.336582,37.613649,0</coordinates></Point></Placemark>
<Placemark><name>M3A-w4-1126</name><description>区域=w4 类别=草地 带=core 距母库=1.07km</description><Point><coordinates>101.133922,37.639520,0</coordinates></Point></Placemark>
<Placemark><name>M3A-w4-1127</name><description>区域=w4 类别=草地 带=core 距母库=1.37km</description><Point><coordinates>104.477810,36.988152,0</coordinates></Point></Placemark>
<Placemark><name>M3A-w4-1128</name><description>区域=w4 类别=草地 带=core 距母库=1.15km</description><Point><coordinates>104.003500,36.824299,0</coordinates></Point></Placemark>
<Placemark><name>M3A-w4-1129</name><description>区域=w4 类别=草地 带=core 距母库=1.01km</description><Point><coordinates>101.606885,37.943780,0</coordinates></Point></Placemark>
<Placemark><name>M3A-w4-1130</name><description>区域=w4 类别=草地 带=core 距母库=1.96km</description><Point><coordinates>102.461182,37.695036,0</coordinates></Point></Placemark>
<Placemark><name>M3A-w4-1131</name><description>区域=w4 类别=草地 带=core 距母库=2.96km</description><Point><coordinates>106.963090,37.382692,0</coordinates></Point></Placemark>
<Placemark><name>M3A-w4-1132</name><description>区域=w4 类别=草地 带=core 距母库=1.15km</description><Point><coordinates>105.727187,36.132776,0</coordinates></Point></Placemark>
<Placemark><name>M3A-w4-1133</name><description>区域=w4 类别=草地 带=core 距母库=1.46km</description><Point><coordinates>101.233365,37.735191,0</coordinates></Point></Placemark>
<Placemark><name>M3A-w4-1134</name><description>区域=w4 类别=草地 带=core 距母库=1.49km</description><Point><coordinates>103.069162,36.363463,0</coordinates></Point></Placemark>
<Placemark><name>M3A-w4-1135</name><description>区域=w4 类别=草地 带=core 距母库=1.69km</description><Point><coordinates>103.520566,37.382422,0</coordinates></Point></Placemark>
<Placemark><name>M3A-w4-1136</name><description>区域=w4 类别=草地 带=core 距母库=1.34km</description><Point><coordinates>103.296885,37.395897,0</coordinates></Point></Placemark>
<Placemark><name>M3A-w4-1137</name><description>区域=w4 类别=草地 带=core 距母库=1.11km</description><Point><coordinates>106.401463,36.353762,0</coordinates></Point></Placemark>
<Placemark><name>M3A-w4-1138</name><description>区域=w4 类别=草地 带=core 距母库=1.64km</description><Point><coordinates>104.659180,37.025073,0</coordinates></Point></Placemark>
<Placemark><name>M3A-w4-1139</name><description>区域=w4 类别=草地 带=core 距母库=1.30km</description><Point><coordinates>106.528664,38.121646,0</coordinates></Point></Placemark>
<Placemark><name>M3A-w4-1140</name><description>区域=w4 类别=草地 带=core 距母库=1.19km</description><Point><coordinates>102.616681,37.409372,0</coordinates></Point></Placemark>
<Placemark><name>M3A-w4-1141</name><description>区域=w4 类别=草地 带=core 距母库=1.30km</description><Point><coordinates>105.933351,36.691708,0</coordinates></Point></Placemark>
<Placemark><name>M3A-w4-1142</name><description>区域=w4 类别=草地 带=core 距母库=3.10km</description><Point><coordinates>106.404427,36.791421,0</coordinates></Point></Placemark>
<Placemark><name>M3A-w4-1143</name><description>区域=w4 类别=草地 带=core 距母库=1.07km</description><Point><coordinates>106.780911,38.463904,0</coordinates></Point></Placemark>
<Placemark><name>M3A-w4-1144</name><description>区域=w4 类别=草地 带=core 距母库=1.05km</description><Point><coordinates>101.455698,37.953481,0</coordinates></Point></Placemark>
<Placemark><name>M3A-w4-1145</name><description>区域=w4 类别=草地 带=core 距母库=1.33km</description><Point><coordinates>101.053073,37.079780,0</coordinates></Point></Placemark>
<Placemark><name>M3A-w4-1146</name><description>区域=w4 类别=草地 带=core 距母库=3.35km</description><Point><coordinates>101.250074,38.514839,0</coordinates></Point></Placemark>
<Placemark><name>M3A-w4-1147</name><description>区域=w4 类别=草地 带=core 距母库=1.08km</description><Point><coordinates>106.189371,36.715423,0</coordinates></Point></Placemark>
<Placemark><name>M3A-w4-1148</name><description>区域=w4 类别=草地 带=core 距母库=1.39km</description><Point><coordinates>101.422550,38.195488,0</coordinates></Point></Placemark>
<Placemark><name>M3A-w4-1149</name><description>区域=w4 类别=草地 带=core 距母库=1.25km</description><Point><coordinates>101.202643,38.820446,0</coordinates></Point></Placemark>
<Placemark><name>M3A-w4-1150</name><description>区域=w4 类别=草地 带=core 距母库=1.45km</description><Point><coordinates>106.415207,36.228716,0</coordinates></Point></Placemark>
<Placemark><name>M3A-w4-1151</name><description>区域=w4 类别=草地 带=core 距母库=1.49km</description><Point><coordinates>106.615441,36.708147,0</coordinates></Point></Placemark>
<Placemark><name>M3A-w4-1152</name><description>区域=w4 类别=草地 带=core 距母库=1.81km</description><Point><coordinates>101.120447,36.519770,0</coordinates></Point></Placemark>
<Placemark><name>M3A-w4-1153</name><description>区域=w4 类别=草地 带=core 距母库=1.85km</description><Point><coordinates>104.487243,36.598463,0</coordinates></Point></Placemark>
<Placemark><name>M3A-w4-1154</name><description>区域=w4 类别=草地 带=core 距母库=1.01km</description><Point><coordinates>101.881769,37.063610,0</coordinates></Point></Placemark>
<Placemark><name>M3A-w4-1155</name><description>区域=w4 类别=草地 带=core 距母库=1.09km</description><Point><coordinates>102.533946,37.486986,0</coordinates></Point></Placemark>
<Placemark><name>M3A-w4-1156</name><description>区域=w4 类别=草地 带=core 距母库=1.15km</description><Point><coordinates>103.102849,37.496958,0</coordinates></Point></Placemark>
<Placemark><name>M3A-w4-1157</name><description>区域=w4 类别=草地 带=core 距母库=1.17km</description><Point><coordinates>105.188198,39.099911,0</coordinates></Point></Placemark>
<Placemark><name>M3A-w4-1158</name><description>区域=w4 类别=草地 带=core 距母库=2.47km</description><Point><coordinates>106.371279,37.689107,0</coordinates></Point></Placemark>
<Placemark><name>M3A-w4-1159</name><description>区域=w4 类别=草地 带=core 距母库=1.20km</description><Point><coordinates>106.336515,37.520134,0</coordinates></Point></Placemark>
<Placemark><name>M3A-w4-1160</name><description>区域=w4 类别=草地 带=core 距母库=1.50km</description><Point><coordinates>104.972872,36.367236,0</coordinates></Point></Placemark>
<Placemark><name>M3A-w4-1161</name><description>区域=w4 类别=草地 带=core 距母库=1.29km</description><Point><coordinates>103.627016,37.399670,0</coordinates></Point></Placemark>
<Placemark><name>M3A-w4-1162</name><description>区域=w4 类别=草地 带=core 距母库=2.59km</description><Point><coordinates>106.849093,36.929941,0</coordinates></Point></Placemark>
<Placemark><name>M3A-w4-1163</name><description>区域=w4 类别=草地 带=core 距母库=1.13km</description><Point><coordinates>105.773540,38.750646,0</coordinates></Point></Placemark>
<Placemark><name>M3A-w4-1164</name><description>区域=w4 类别=草地 带=core 距母库=1.02km</description><Point><coordinates>105.750633,37.499653,0</coordinates></Point></Placemark>
<Placemark><name>M3A-w4-1165</name><description>区域=w4 类别=草地 带=core 距母库=1.14km</description><Point><coordinates>102.049934,36.470992,0</coordinates></Point></Placemark>
<Placemark><name>M3A-w4-1166</name><description>区域=w4 类别=草地 带=core 距母库=1.25km</description><Point><coordinates>103.537274,36.872539,0</coordinates></Point></Placemark>
<Placemark><name>M3A-w4-1167</name><description>区域=w4 类别=草地 带=core 距母库=1.19km</description><Point><coordinates>101.060350,37.133948,0</coordinates></Point></Placemark>
<Placemark><name>M3A-w4-1168</name><description>区域=w4 类别=草地 带=core 距母库=1.09km</description><Point><coordinates>106.825917,38.342901,0</coordinates></Point></Placemark>
<Placemark><name>M3A-w4-1169</name><description>区域=w4 类别=草地 带=core 距母库=1.45km</description><Point><coordinates>101.262740,38.347213,0</coordinates></Point></Placemark>
<Placemark><name>M3A-w4-1170</name><description>区域=w4 类别=草地 带=core 距母库=1.69km</description><Point><coordinates>101.499356,38.125149,0</coordinates></Point></Placemark>
<Placemark><name>M3A-w4-1171</name><description>区域=w4 类别=草地 带=core 距母库=1.84km</description><Point><coordinates>102.796164,36.458056,0</coordinates></Point></Placemark>
<Placemark><name>M3A-w4-1172</name><description>区域=w4 类别=草地 带=core 距母库=1.50km</description><Point><coordinates>105.847921,38.980525,0</coordinates></Point></Placemark>
<Placemark><name>M3A-w4-1173</name><description>区域=w4 类别=草地 带=core 距母库=1.32km</description><Point><coordinates>102.705075,36.492282,0</coordinates></Point></Placemark>
<Placemark><name>M3A-w4-1174</name><description>区域=w4 类别=草地 带=core 距母库=1.50km</description><Point><coordinates>101.909527,36.664219,0</coordinates></Point></Placemark>
<Placemark><name>M3A-w4-1175</name><description>区域=w4 类别=草地 带=core 距母库=2.08km</description><Point><coordinates>102.266068,36.162420,0</coordinates></Point></Placemark>
<Placemark><name>M3A-w4-1176</name><description>区域=w4 类别=草地 带=core 距母库=1.79km</description><Point><coordinates>106.816754,38.069095,0</coordinates></Point></Placemark>
<Placemark><name>M3A-w4-1177</name><description>区域=w4 类别=草地 带=core 距母库=1.21km</description><Point><coordinates>103.247298,36.954465,0</coordinates></Point></Placemark>
<Placemark><name>M3A-w4-1178</name><description>区域=w4 类别=草地 带=core 距母库=1.75km</description><Point><coordinates>105.221077,36.087501,0</coordinates></Point></Placemark>
<Placemark><name>M3A-w4-1179</name><description>区域=w4 类别=草地 带=core 距母库=1.21km</description><Point><coordinates>105.832021,36.317649,0</coordinates></Point></Placemark>
<Placemark><name>M3A-w4-1180</name><description>区域=w4 类别=草地 带=core 距母库=1.11km</description><Point><coordinates>101.126645,38.131617,0</coordinates></Point></Placemark>
<Placemark><name>M3A-w4-1181</name><description>区域=w4 类别=草地 带=core 距母库=1.40km</description><Point><coordinates>101.350865,36.515728,0</coordinates></Point></Placemark>
<Placemark><name>M3A-w4-1182</name><description>区域=w4 类别=草地 带=core 距母库=1.45km</description><Point><coordinates>106.143556,37.124247,0</coordinates></Point></Placemark>
<Placemark><name>M3A-w4-1183</name><description>区域=w4 类别=草地 带=core 距母库=1.84km</description><Point><coordinates>103.080481,36.932366,0</coordinates></Point></Placemark>
<Placemark><name>M3A-w4-1184</name><description>区域=w4 类别=草地 带=core 距母库=2.04km</description><Point><coordinates>106.350798,37.474590,0</coordinates></Point></Placemark>
<Placemark><name>M3A-w4-1185</name><description>区域=w4 类别=草地 带=core 距母库=1.11km</description><Point><coordinates>106.054354,37.168444,0</coordinates></Point></Placemark>
<Placemark><name>M3A-w4-1186</name><description>区域=w4 类别=草地 带=core 距母库=1.85km</description><Point><coordinates>103.202562,36.555344,0</coordinates></Point></Placemark>
<Placemark><name>M3A-w4-1187</name><description>区域=w4 类别=草地 带=core 距母库=1.22km</description><Point><coordinates>101.642188,37.079241,0</coordinates></Point></Placemark>
<Placemark><name>M3A-w4-1188</name><description>区域=w4 类别=草地 带=core 距母库=1.37km</description><Point><coordinates>104.128276,37.077085,0</coordinates></Point></Placemark>
<Placemark><name>M3A-w4-1189</name><description>区域=w4 类别=草地 带=core 距母库=1.26km</description><Point><coordinates>101.589906,37.190812,0</coordinates></Point></Placemark>
<Placemark><name>M3A-w4-1190</name><description>区域=w4 类别=草地 带=core 距母库=1.26km</description><Point><coordinates>103.542125,36.833731,0</coordinates></Point></Placemark>
<Placemark><name>M3A-w4-1191</name><description>区域=w4 类别=草地 带=core 距母库=1.68km</description><Point><coordinates>106.684971,36.925090,0</coordinates></Point></Placemark>
<Placemark><name>M3A-w4-1192</name><description>区域=w4 类别=草地 带=core 距母库=1.50km</description><Point><coordinates>101.798765,37.941893,0</coordinates></Point></Placemark>
<Placemark><name>M3A-w4-1193</name><description>区域=w4 类别=耕地 带=core 距母库=1.53km</description><Point><coordinates>106.758274,38.249925,0</coordinates></Point></Placemark>
<Placemark><name>M3A-w4-1194</name><description>区域=w4 类别=耕地 带=core 距母库=1.00km</description><Point><coordinates>103.515715,37.533339,0</coordinates></Point></Placemark>
<Placemark><name>M3A-w4-1195</name><description>区域=w4 类别=耕地 带=core 距母库=1.22km</description><Point><coordinates>102.798859,37.657846,0</coordinates></Point></Placemark>
<Placemark><name>M3A-w4-1196</name><description>区域=w4 类别=耕地 带=core 距母库=1.22km</description><Point><coordinates>103.017150,37.816848,0</coordinates></Point></Placemark>
<Placemark><name>M3A-w4-1197</name><description>区域=w4 类别=耕地 带=core 距母库=1.43km</description><Point><coordinates>102.521819,38.489237,0</coordinates></Point></Placemark>
<Placemark><name>M3A-w4-1198</name><description>区域=w4 类别=耕地 带=core 距母库=1.01km</description><Point><coordinates>103.985174,37.564062,0</coordinates></Point></Placemark>
<Placemark><name>M3A-w4-1199</name><description>区域=w4 类别=耕地 带=core 距母库=1.62km</description><Point><coordinates>106.138975,38.631530,0</coordinates></Point></Placemark>
<Placemark><name>M3A-w4-1200</name><description>区域=w4 类别=耕地 带=core 距母库=1.41km</description><Point><coordinates>102.335328,37.989594,0</coordinates></Point></Placemark>
<Placemark><name>M3A-w4-1201</name><description>区域=w4 类别=耕地 带=core 距母库=1.42km</description><Point><coordinates>106.227639,38.827991,0</coordinates></Point></Placemark>
<Placemark><name>M3A-w4-1202</name><description>区域=w4 类别=耕地 带=core 距母库=1.49km</description><Point><coordinates>104.401543,36.172122,0</coordinates></Point></Placemark>
<Placemark><name>M3A-w4-1203</name><description>区域=w4 类别=耕地 带=core 距母库=2.90km</description><Point><coordinates>106.708148,40.353061,0</coordinates></Point></Placemark>
<Placemark><name>M3A-w4-1204</name><description>区域=w4 类别=耕地 带=core 距母库=1.24km</description><Point><coordinates>106.611399,40.475681,0</coordinates></Point></Placemark>
<Placemark><name>M3A-w4-1205</name><description>区域=w4 类别=耕地 带=core 距母库=1.17km</description><Point><coordinates>101.075441,38.327809,0</coordinates></Point></Placemark>
<Placemark><name>M3A-w4-1206</name><description>区域=w4 类别=耕地 带=core 距母库=1.46km</description><Point><coordinates>106.119571,38.706180,0</coordinates></Point></Placemark>
<Placemark><name>M3A-w4-1207</name><description>区域=w4 类别=耕地 带=core 距母库=1.25km</description><Point><coordinates>106.038184,38.119760,0</coordinates></Point></Placemark>
<Placemark><name>M3A-w4-1208</name><description>区域=w4 类别=耕地 带=core 距母库=1.01km</description><Point><coordinates>101.946987,36.998393,0</coordinates></Point></Placemark>
<Placemark><name>M3A-w4-1209</name><description>区域=w4 类别=耕地 带=core 距母库=1.51km</description><Point><coordinates>101.534930,37.403712,0</coordinates></Point></Placemark>
<Placemark><name>M3A-w4-1210</name><description>区域=w4 类别=耕地 带=core 距母库=1.25km</description><Point><coordinates>103.431093,36.761776,0</coordinates></Point></Placemark>
<Placemark><name>M3A-w4-1211</name><description>区域=w4 类别=耕地 带=core 距母库=1.32km</description><Point><coordinates>105.875140,37.660541,0</coordinates></Point></Placemark>
<Placemark><name>M3A-w4-1212</name><description>区域=w4 类别=耕地 带=core 距母库=1.09km</description><Point><coordinates>104.196458,36.468297,0</coordinates></Point></Placemark>
<Placemark><name>M3A-w4-1213</name><description>区域=w4 类别=耕地 带=core 距母库=1.61km</description><Point><coordinates>105.679487,37.265462,0</coordinates></Point></Placemark>
<Placemark><name>M3A-w4-1214</name><description>区域=w4 类别=耕地 带=core 距母库=1.02km</description><Point><coordinates>103.723495,37.551126,0</coordinates></Point></Placemark>
<Placemark><name>M3A-w4-1215</name><description>区域=w4 类别=耕地 带=core 距母库=1.31km</description><Point><coordinates>106.753153,40.415853,0</coordinates></Point></Placemark>
<Placemark><name>M3A-w4-1216</name><description>区域=w4 类别=耕地 带=core 距母库=1.30km</description><Point><coordinates>101.469712,38.198452,0</coordinates></Point></Placemark>
<Placemark><name>M3A-w4-1217</name><description>区域=w4 类别=耕地 带=core 距母库=1.05km</description><Point><coordinates>101.120447,38.255854,0</coordinates></Point></Placemark>
<Placemark><name>M3A-w4-1218</name><description>区域=w4 类别=耕地 带=core 距母库=1.47km</description><Point><coordinates>106.802471,38.883777,0</coordinates></Point></Placemark>
<Placemark><name>M3A-w4-1219</name><description>区域=w4 类别=耕地 带=core 距母库=1.16km</description><Point><coordinates>103.567997,37.551934,0</coordinates></Point></Placemark>
<Placemark><name>M3A-w4-1220</name><description>区域=w4 类别=耕地 带=core 距母库=1.21km</description><Point><coordinates>105.284408,36.055431,0</coordinates></Point></Placemark>
<Placemark><name>M3A-w4-1221</name><description>区域=w4 类别=耕地 带=core 距母库=2.27km</description><Point><coordinates>105.975661,37.418804,0</coordinates></Point></Placemark>
<Placemark><name>M3A-w4-1222</name><description>区域=w4 类别=耕地 带=core 距母库=1.32km</description><Point><coordinates>106.582563,37.076277,0</coordinates></Point></Placemark>
<Placemark><name>M3A-w4-1223</name><description>区域=w4 类别=耕地 带=core 距母库=2.39km</description><Point><coordinates>106.114721,37.033696,0</coordinates></Point></Placemark>
<Placemark><name>M3A-w4-1224</name><description>区域=w4 类别=耕地 带=core 距母库=1.28km</description><Point><coordinates>102.819341,37.633861,0</coordinates></Point></Placemark>
<Placemark><name>M3A-w4-1225</name><description>区域=w4 类别=耕地 带=core 距母库=1.14km</description><Point><coordinates>106.378556,40.313446,0</coordinates></Point></Placemark>
<Placemark><name>M3A-w4-1226</name><description>区域=w4 类别=耕地 带=core 距母库=1.25km</description><Point><coordinates>105.251260,36.765010,0</coordinates></Point></Placemark>
<Placemark><name>M3A-w4-1227</name><description>区域=w4 类别=耕地 带=core 距母库=1.40km</description><Point><coordinates>105.844148,37.553551,0</coordinates></Point></Placemark>
<Placemark><name>M3A-w4-1228</name><description>区域=w4 类别=耕地 带=core 距母库=1.13km</description><Point><coordinates>106.041957,38.187672,0</coordinates></Point></Placemark>
<Placemark><name>M3A-w4-1229</name><description>区域=w4 类别=耕地 带=core 距母库=1.01km</description><Point><coordinates>106.361039,38.374701,0</coordinates></Point></Placemark>
<Placemark><name>M3A-w4-1230</name><description>区域=w4 类别=耕地 带=core 距母库=1.47km</description><Point><coordinates>103.511672,37.174642,0</coordinates></Point></Placemark>
<Placemark><name>M3A-w4-1231</name><description>区域=w4 类别=耕地 带=core 距母库=2.35km</description><Point><coordinates>105.993987,37.430931,0</coordinates></Point></Placemark>
<Placemark><name>M3A-w4-1232</name><description>区域=w4 类别=耕地 带=core 距母库=1.24km</description><Point><coordinates>106.064595,38.111944,0</coordinates></Point></Placemark>
<Placemark><name>M3A-w4-1233</name><description>区域=w4 类别=耕地 带=core 距母库=2.03km</description><Point><coordinates>106.090197,37.797175,0</coordinates></Point></Placemark>
<Placemark><name>M3A-w4-1234</name><description>区域=w4 类别=耕地 带=core 距母库=1.52km</description><Point><coordinates>106.547529,38.753072,0</coordinates></Point></Placemark>
<Placemark><name>M3A-w4-1235</name><description>区域=w4 类别=耕地 带=core 距母库=1.13km</description><Point><coordinates>106.112026,36.140861,0</coordinates></Point></Placemark>
<Placemark><name>M3A-w4-1236</name><description>区域=w4 类别=耕地 带=core 距母库=1.64km</description><Point><coordinates>103.873604,37.553012,0</coordinates></Point></Placemark>
<Placemark><name>M3A-w4-1237</name><description>区域=w4 类别=耕地 带=core 距母库=1.19km</description><Point><coordinates>106.541061,37.067114,0</coordinates></Point></Placemark>
<Placemark><name>M3A-w4-1238</name><description>区域=w4 类别=耕地 带=core 距母库=1.33km</description><Point><coordinates>106.683893,38.765199,0</coordinates></Point></Placemark>
<Placemark><name>M3A-w4-1239</name><description>区域=w4 类别=耕地 带=core 距母库=1.37km</description><Point><coordinates>106.866071,40.624442,0</coordinates></Point></Placemark>
<Placemark><name>M3A-w4-1240</name><description>区域=w4 类别=耕地 带=core 距母库=1.10km</description><Point><coordinates>106.024979,38.096853,0</coordinates></Point></Placemark>
<Placemark><name>M3A-w4-1241</name><description>区域=w4 类别=耕地 带=core 距母库=1.43km</description><Point><coordinates>102.799129,37.244172,0</coordinates></Point></Placemark>
<Placemark><name>M3A-w4-1242</name><description>区域=w4 类别=耕地 带=core 距母库=1.21km</description><Point><coordinates>101.998191,36.928594,0</coordinates></Point></Placemark>
<Placemark><name>M3A-w4-1243</name><description>区域=w4 类别=耕地 带=core 距母库=1.94km</description><Point><coordinates>105.897777,37.067114,0</coordinates></Point></Placemark>
<Placemark><name>M3A-w4-1244</name><description>区域=w4 类别=耕地 带=core 距母库=1.11km</description><Point><coordinates>102.758435,37.638442,0</coordinates></Point></Placemark>
<Placemark><name>M3A-w4-1245</name><description>区域=w4 类别=耕地 带=core 距母库=1.51km</description><Point><coordinates>106.511686,37.035313,0</coordinates></Point></Placemark>
<Placemark><name>M3A-w4-1246</name><description>区域=w4 类别=建成区 带=core 距母库=1.10km</description><Point><coordinates>106.289084,38.493818,0</coordinates></Point></Placemark>
<Placemark><name>M3A-w4-1247</name><description>区域=w4 类别=建成区 带=core 距母库=2.27km</description><Point><coordinates>106.776060,38.158567,0</coordinates></Point></Placemark>
<Placemark><name>M3A-w4-1248</name><description>区域=w4 类别=建成区 带=core 距母库=1.35km</description><Point><coordinates>106.748033,39.216872,0</coordinates></Point></Placemark>
<Placemark><name>M3A-w4-1249</name><description>区域=w4 类别=建成区 带=core 距母库=1.31km</description><Point><coordinates>106.271836,38.465791,0</coordinates></Point></Placemark>
<Placemark><name>M3A-w4-1250</name><description>区域=w4 类别=建成区 带=core 距母库=1.09km</description><Point><coordinates>106.373166,39.008014,0</coordinates></Point></Placemark>
<Placemark><name>M3A-w4-1251</name><description>区域=w4 类别=建成区 带=core 距母库=1.03km</description><Point><coordinates>102.156654,38.513222,0</coordinates></Point></Placemark>
<Placemark><name>M3A-w4-1252</name><description>区域=w4 类别=建成区 带=core 距母库=1.04km</description><Point><coordinates>102.429652,38.521307,0</coordinates></Point></Placemark>
<Placemark><name>M3A-w4-1253</name><description>区域=w4 类别=建成区 带=core 距母库=1.07km</description><Point><coordinates>106.379364,38.532356,0</coordinates></Point></Placemark>
<Placemark><name>M3A-w4-1254</name><description>区域=w4 类别=建成区 带=core 距母库=1.04km</description><Point><coordinates>101.671563,36.534862,0</coordinates></Point></Placemark>
<Placemark><name>M3A-w4-1255</name><description>区域=w4 类别=建成区 带=core 距母库=1.00km</description><Point><coordinates>105.922571,36.981684,0</coordinates></Point></Placemark>
<Placemark><name>M3A-w4-1256</name><description>区域=w4 类别=建成区 带=core 距母库=1.61km</description><Point><coordinates>106.540791,39.106918,0</coordinates></Point></Placemark>
<Placemark><name>M3A-w4-1257</name><description>区域=w4 类别=建成区 带=core 距母库=1.09km</description><Point><coordinates>101.763730,36.777946,0</coordinates></Point></Placemark>
<Placemark><name>M3A-w4-1258</name><description>区域=w4 类别=建成区 带=core 距母库=1.19km</description><Point><coordinates>106.999202,39.352158,0</coordinates></Point></Placemark>
<Placemark><name>M3A-w4-1259</name><description>区域=w4 类别=建成区 带=core 距母库=1.31km</description><Point><coordinates>106.618675,38.249386,0</coordinates></Point></Placemark>
<Placemark><name>M3A-w4-1260</name><description>区域=w4 类别=建成区 带=core 距母库=1.63km</description><Point><coordinates>105.792944,37.616344,0</coordinates></Point></Placemark>
<Placemark><name>M3A-w4-1261</name><description>区域=w4 类别=建成区 带=core 距母库=1.98km</description><Point><coordinates>106.505218,38.386020,0</coordinates></Point></Placemark>
<Placemark><name>M3A-w4-1262</name><description>区域=w4 类别=建成区 带=core 距母库=1.27km</description><Point><coordinates>106.115260,38.429139,0</coordinates></Point></Placemark>
<Placemark><name>M3A-w4-1263</name><description>区域=w4 类别=建成区 带=core 距母库=1.64km</description><Point><coordinates>106.301211,38.972171,0</coordinates></Point></Placemark>
<Placemark><name>M3A-w4-1264</name><description>区域=w4 类别=建成区 带=core 距母库=2.23km</description><Point><coordinates>105.010332,37.559480,0</coordinates></Point></Placemark>
<Placemark><name>M3A-w4-1265</name><description>区域=w4 类别=建成区 带=core 距母库=2.09km</description><Point><coordinates>106.820257,39.252445,0</coordinates></Point></Placemark>
<Placemark><name>M3A-w4-1266</name><description>区域=w4 类别=建成区 带=core 距母库=1.04km</description><Point><coordinates>106.178052,37.983665,0</coordinates></Point></Placemark>
<Placemark><name>M3A-w4-1267</name><description>区域=w4 类别=建成区 带=core 距母库=1.28km</description><Point><coordinates>106.618136,38.512144,0</coordinates></Point></Placemark>
<Placemark><name>M3A-w4-1268</name><description>区域=w4 类别=建成区 带=core 距母库=2.33km</description><Point><coordinates>105.895352,39.092096,0</coordinates></Point></Placemark>
<Placemark><name>M3A-w4-1269</name><description>区域=w4 类别=建成区 带=core 距母库=2.10km</description><Point><coordinates>102.894530,36.375860,0</coordinates></Point></Placemark>
<Placemark><name>M3A-w4-1270</name><description>区域=w4 类别=裸地/稀疏 带=core 距母库=1.20km</description><Point><coordinates>101.059002,41.468230,0</coordinates></Point></Placemark>
<Placemark><name>M3A-w4-1271</name><description>区域=w4 类别=裸地/稀疏 带=core 距母库=1.34km</description><Point><coordinates>105.874331,39.182377,0</coordinates></Point></Placemark>
<Placemark><name>M3A-w4-1272</name><description>区域=w4 类别=裸地/稀疏 带=core 距母库=1.36km</description><Point><coordinates>102.678126,39.659113,0</coordinates></Point></Placemark>
<Placemark><name>M3A-w4-1273</name><description>区域=w4 类别=裸地/稀疏 带=core 距母库=1.42km</description><Point><coordinates>106.354301,41.163162,0</coordinates></Point></Placemark>
<Placemark><name>M3A-w4-1274</name><description>区域=w4 类别=裸地/稀疏 带=core 距母库=1.54km</description><Point><coordinates>103.959033,38.224323,0</coordinates></Point></Placemark>
<Placemark><name>M3A-w4-1275</name><description>区域=w4 类别=裸地/稀疏 带=core 距母库=1.10km</description><Point><coordinates>106.405236,41.084470,0</coordinates></Point></Placemark>
<Placemark><name>M3A-w4-1276</name><description>区域=w4 类别=裸地/稀疏 带=core 距母库=1.12km</description><Point><coordinates>105.815312,40.253887,0</coordinates></Point></Placemark>
<Placemark><name>M3A-w4-1277</name><description>区域=w4 类别=裸地/稀疏 带=core 距母库=2.07km</description><Point><coordinates>104.120191,39.909743,0</coordinates></Point></Placemark>
<Placemark><name>M3A-w4-1278</name><description>区域=w4 类别=裸地/稀疏 带=core 距母库=1.21km</description><Point><coordinates>101.241989,41.004969,0</coordinates></Point></Placemark>
<Placemark><name>M3A-w4-1279</name><description>区域=w4 类别=裸地/稀疏 带=core 距母库=1.16km</description><Point><coordinates>105.455267,40.790181,0</coordinates></Point></Placemark>
<Placemark><name>M3A-w4-1280</name><description>区域=w4 类别=裸地/稀疏 带=core 距母库=1.41km</description><Point><coordinates>103.641838,41.807793,0</coordinates></Point></Placemark>
<Placemark><name>M3A-w4-1281</name><description>区域=w4 类别=裸地/稀疏 带=core 距母库=2.98km</description><Point><coordinates>103.424356,39.673396,0</coordinates></Point></Placemark>
<Placemark><name>M3A-w4-1282</name><description>区域=w4 类别=裸地/稀疏 带=core 距母库=2.50km</description><Point><coordinates>104.691789,39.086706,0</coordinates></Point></Placemark>
<Placemark><name>M3A-w4-1283</name><description>区域=w4 类别=裸地/稀疏 带=core 距母库=1.70km</description><Point><coordinates>104.019939,36.706260,0</coordinates></Point></Placemark>
<Placemark><name>M3A-w4-1284</name><description>区域=w4 类别=裸地/稀疏 带=core 距母库=1.35km</description><Point><coordinates>105.211644,41.442358,0</coordinates></Point></Placemark>
<Placemark><name>M3A-w4-1285</name><description>区域=w4 类别=裸地/稀疏 带=core 距母库=1.01km</description><Point><coordinates>102.880786,40.723347,0</coordinates></Point></Placemark>
<Placemark><name>M3A-w4-1286</name><description>区域=w4 类别=裸地/稀疏 带=core 距母库=2.02km</description><Point><coordinates>106.674730,38.447196,0</coordinates></Point></Placemark>
<Placemark><name>M3A-w4-1287</name><description>区域=w4 类别=裸地/稀疏 带=core 距母库=1.84km</description><Point><coordinates>106.314147,39.521401,0</coordinates></Point></Placemark>
<Placemark><name>M3A-w4-1288</name><description>区域=w4 类别=裸地/稀疏 带=core 距母库=1.06km</description><Point><coordinates>104.043116,38.567390,0</coordinates></Point></Placemark>
<Placemark><name>M3A-w4-1289</name><description>区域=w4 类别=裸地/稀疏 带=core 距母库=1.12km</description><Point><coordinates>104.131510,38.438033,0</coordinates></Point></Placemark>
<Placemark><name>M3A-w4-1290</name><description>区域=w4 类别=裸地/稀疏 带=core 距母库=1.47km</description><Point><coordinates>104.158729,39.598207,0</coordinates></Point></Placemark>
<Placemark><name>M3A-w4-1291</name><description>区域=w4 类别=裸地/稀疏 带=core 距母库=1.10km</description><Point><coordinates>103.647228,39.286941,0</coordinates></Point></Placemark>
<Placemark><name>M3A-w4-1292</name><description>区域=w4 类别=裸地/稀疏 带=core 距母库=1.26km</description><Point><coordinates>105.504854,38.515378,0</coordinates></Point></Placemark>
<Placemark><name>M3A-w4-1293</name><description>区域=w4 类别=裸地/稀疏 带=core 距母库=2.56km</description><Point><coordinates>105.844417,37.838677,0</coordinates></Point></Placemark>
<Placemark><name>M3A-w4-1294</name><description>区域=w4 类别=裸地/稀疏 带=core 距母库=2.63km</description><Point><coordinates>103.161329,38.428331,0</coordinates></Point></Placemark>
<Placemark><name>M3A-w4-1295</name><description>区域=w4 类别=裸地/稀疏 带=core 距母库=1.00km</description><Point><coordinates>106.366698,40.658938,0</coordinates></Point></Placemark>
<Placemark><name>M3A-w4-1296</name><description>区域=w4 类别=裸地/稀疏 带=core 距母库=1.51km</description><Point><coordinates>104.039612,38.726661,0</coordinates></Point></Placemark>
<Placemark><name>M3A-w4-1297</name><description>区域=w4 类别=裸地/稀疏 带=core 距母库=1.64km</description><Point><coordinates>103.936396,39.935345,0</coordinates></Point></Placemark>
<Placemark><name>M3A-w4-1298</name><description>区域=w4 类别=裸地/稀疏 带=core 距母库=2.11km</description><Point><coordinates>106.836966,41.877323,0</coordinates></Point></Placemark>
<Placemark><name>M3A-w4-1299</name><description>区域=w4 类别=裸地/稀疏 带=core 距母库=1.28km</description><Point><coordinates>105.217034,39.340031,0</coordinates></Point></Placemark>
<Placemark><name>M3A-w4-1300</name><description>区域=w4 类别=裸地/稀疏 带=core 距母库=1.14km</description><Point><coordinates>105.703472,40.443342,0</coordinates></Point></Placemark>
<Placemark><name>M3A-w4-1301</name><description>区域=w4 类别=裸地/稀疏 带=core 距母库=1.92km</description><Point><coordinates>105.138342,38.066669,0</coordinates></Point></Placemark>
<Placemark><name>M3A-w4-1302</name><description>区域=w4 类别=裸地/稀疏 带=core 距母库=1.41km</description><Point><coordinates>102.983732,38.176892,0</coordinates></Point></Placemark>
<Placemark><name>M3A-w4-1303</name><description>区域=w4 类别=裸地/稀疏 带=core 距母库=6.48km</description><Point><coordinates>104.429840,41.908584,0</coordinates></Point></Placemark>
<Placemark><name>M3A-w4-1304</name><description>区域=w4 类别=裸地/稀疏 带=core 距母库=2.41km</description><Point><coordinates>103.082367,41.669542,0</coordinates></Point></Placemark>
<Placemark><name>M3A-w4-1305</name><description>区域=w4 类别=裸地/稀疏 带=core 距母库=1.39km</description><Point><coordinates>101.688541,39.713012,0</coordinates></Point></Placemark>
<Placemark><name>M3A-w4-1306</name><description>区域=w4 类别=裸地/稀疏 带=core 距母库=2.11km</description><Point><coordinates>101.741901,41.583035,0</coordinates></Point></Placemark>
<Placemark><name>M3A-w4-1307</name><description>区域=w4 类别=裸地/稀疏 带=core 距母库=1.51km</description><Point><coordinates>104.001075,41.334830,0</coordinates></Point></Placemark>
<Placemark><name>M3A-w4-1308</name><description>区域=w4 类别=裸地/稀疏 带=core 距母库=1.40km</description><Point><coordinates>104.707420,41.164240,0</coordinates></Point></Placemark>
<Placemark><name>M3A-w4-1309</name><description>区域=w4 类别=裸地/稀疏 带=core 距母库=1.23km</description><Point><coordinates>102.879169,38.648238,0</coordinates></Point></Placemark>
<Placemark><name>M3A-w4-1310</name><description>区域=w4 类别=裸地/稀疏 带=core 距母库=1.61km</description><Point><coordinates>103.378542,39.084011,0</coordinates></Point></Placemark>
<Placemark><name>M3A-w4-1311</name><description>区域=w4 类别=裸地/稀疏 带=core 距母库=2.10km</description><Point><coordinates>104.880974,41.543688,0</coordinates></Point></Placemark>
<Placemark><name>M3A-w4-1312</name><description>区域=w4 类别=裸地/稀疏 带=core 距母库=24.49km</description><Point><coordinates>103.840456,42.031743,0</coordinates></Point></Placemark>
<Placemark><name>M3A-w4-1313</name><description>区域=w4 类别=裸地/稀疏 带=core 距母库=1.36km</description><Point><coordinates>102.350151,41.306803,0</coordinates></Point></Placemark>
<Placemark><name>M3A-w4-1314</name><description>区域=w4 类别=裸地/稀疏 带=core 距母库=1.52km</description><Point><coordinates>103.260773,40.519339,0</coordinates></Point></Placemark>
<Placemark><name>M3A-w4-1315</name><description>区域=w4 类别=裸地/稀疏 带=core 距母库=1.52km</description><Point><coordinates>106.750728,41.309228,0</coordinates></Point></Placemark>
<Placemark><name>M3A-w4-1316</name><description>区域=w4 类别=裸地/稀疏 带=core 距母库=2.23km</description><Point><coordinates>105.537463,40.495624,0</coordinates></Point></Placemark>
<Placemark><name>M3A-w4-1317</name><description>区域=w4 类别=裸地/稀疏 带=core 距母库=2.13km</description><Point><coordinates>101.238216,41.865465,0</coordinates></Point></Placemark>
<Placemark><name>M3A-w4-1318</name><description>区域=w4 类别=裸地/稀疏 带=core 距母库=2.01km</description><Point><coordinates>105.078514,40.790720,0</coordinates></Point></Placemark>
<Placemark><name>M3A-w4-1319</name><description>区域=w4 类别=裸地/稀疏 带=core 距母库=1.61km</description><Point><coordinates>105.230509,37.853768,0</coordinates></Point></Placemark>
<Placemark><name>M3A-w4-1320</name><description>区域=w4 类别=裸地/稀疏 带=core 距母库=1.42km</description><Point><coordinates>106.610321,40.230711,0</coordinates></Point></Placemark>
<Placemark><name>M3A-w4-1321</name><description>区域=w4 类别=裸地/稀疏 带=core 距母库=1.46km</description><Point><coordinates>103.452653,40.288922,0</coordinates></Point></Placemark>
<Placemark><name>M3A-w4-1322</name><description>区域=w4 类别=裸地/稀疏 带=core 距母库=1.41km</description><Point><coordinates>101.946178,39.908126,0</coordinates></Point></Placemark>
<Placemark><name>M3A-w4-1323</name><description>区域=w4 类别=裸地/稀疏 带=core 距母库=1.21km</description><Point><coordinates>102.358505,41.768177,0</coordinates></Point></Placemark>
<Placemark><name>M3A-w4-1324</name><description>区域=w4 类别=裸地/稀疏 带=core 距母库=1.06km</description><Point><coordinates>106.258900,40.094885,0</coordinates></Point></Placemark>
<Placemark><name>M3A-w4-1325</name><description>区域=w4 类别=裸地/稀疏 带=core 距母库=1.54km</description><Point><coordinates>102.816376,41.313270,0</coordinates></Point></Placemark>
<Placemark><name>M3A-w4-1326</name><description>区域=w4 类别=裸地/稀疏 带=core 距母库=1.51km</description><Point><coordinates>106.089388,40.135310,0</coordinates></Point></Placemark>
<Placemark><name>M3A-w4-1327</name><description>区域=w4 类别=裸地/稀疏 带=core 距母库=1.27km</description><Point><coordinates>103.808116,37.961566,0</coordinates></Point></Placemark>
<Placemark><name>M3A-w4-1328</name><description>区域=w4 类别=裸地/稀疏 带=core 距母库=2.33km</description><Point><coordinates>101.955341,39.898154,0</coordinates></Point></Placemark>
<Placemark><name>M3A-w4-1329</name><description>区域=w4 类别=裸地/稀疏 带=core 距母库=1.02km</description><Point><coordinates>101.077597,39.700615,0</coordinates></Point></Placemark>
<Placemark><name>M3A-w4-1330</name><description>区域=w4 类别=裸地/稀疏 带=core 距母库=1.17km</description><Point><coordinates>103.668249,41.764404,0</coordinates></Point></Placemark>
<Placemark><name>M3A-w4-1331</name><description>区域=w4 类别=裸地/稀疏 带=core 距母库=2.17km</description><Point><coordinates>105.672749,39.679594,0</coordinates></Point></Placemark>
<Placemark><name>M3A-w4-1332</name><description>区域=w4 类别=裸地/稀疏 带=core 距母库=1.09km</description><Point><coordinates>103.936396,39.370484,0</coordinates></Point></Placemark>
<Placemark><name>M3A-w4-1333</name><description>区域=w4 类别=裸地/稀疏 带=core 距母库=1.43km</description><Point><coordinates>105.903167,41.767638,0</coordinates></Point></Placemark>
<Placemark><name>M3A-w4-1334</name><description>区域=w4 类别=裸地/稀疏 带=core 距母库=3.84km</description><Point><coordinates>105.790519,41.336986,0</coordinates></Point></Placemark>
<Placemark><name>M3A-w4-1335</name><description>区域=w4 类别=裸地/稀疏 带=core 距母库=1.24km</description><Point><coordinates>101.394253,41.227032,0</coordinates></Point></Placemark>
<Placemark><name>M3A-w4-1336</name><description>区域=w4 类别=裸地/稀疏 带=core 距母库=1.49km</description><Point><coordinates>104.867500,36.732940,0</coordinates></Point></Placemark>
<Placemark><name>M3A-w4-1337</name><description>区域=w4 类别=裸地/稀疏 带=core 距母库=2.25km</description><Point><coordinates>105.643914,38.809396,0</coordinates></Point></Placemark>
<Placemark><name>M3A-w4-1338</name><description>区域=w4 类别=裸地/稀疏 带=core 距母库=2.76km</description><Point><coordinates>105.349625,41.167474,0</coordinates></Point></Placemark>
<Placemark><name>M3A-w4-1339</name><description>区域=w4 类别=裸地/稀疏 带=core 距母库=2.72km</description><Point><coordinates>105.433977,40.543324,0</coordinates></Point></Placemark>
<Placemark><name>M3A-w4-1340</name><description>区域=w4 类别=裸地/稀疏 带=core 距母库=1.49km</description><Point><coordinates>102.691600,40.031554,0</coordinates></Point></Placemark>
<Placemark><name>M3A-w4-1341</name><description>区域=w4 类别=裸地/稀疏 带=core 距母库=1.47km</description><Point><coordinates>102.296521,39.579073,0</coordinates></Point></Placemark>
<Placemark><name>M3A-w4-1342</name><description>区域=w4 类别=裸地/稀疏 带=core 距母库=3.05km</description><Point><coordinates>105.933620,39.292061,0</coordinates></Point></Placemark>
<Placemark><name>M3A-w4-1343</name><description>区域=w4 类别=裸地/稀疏 带=core 距母库=2.10km</description><Point><coordinates>105.496230,40.485653,0</coordinates></Point></Placemark>
<Placemark><name>M3A-w4-1344</name><description>区域=w4 类别=裸地/稀疏 带=core 距母库=1.76km</description><Point><coordinates>106.700332,37.367870,0</coordinates></Point></Placemark>
<Placemark><name>M3A-w4-1345</name><description>区域=w4 类别=裸地/稀疏 带=core 距母库=2.92km</description><Point><coordinates>103.754217,39.667736,0</coordinates></Point></Placemark>
<Placemark><name>M3A-w4-1346</name><description>区域=w4 类别=裸地/稀疏 带=core 距母库=2.20km</description><Point><coordinates>104.962631,36.750727,0</coordinates></Point></Placemark>
<Placemark><name>M3A-w4-1347</name><description>区域=w4 类别=裸地/稀疏 带=core 距母库=2.13km</description><Point><coordinates>106.461021,41.381992,0</coordinates></Point></Placemark>
<Placemark><name>M3A-w4-1348</name><description>区域=w4 类别=裸地/稀疏 带=core 距母库=1.84km</description><Point><coordinates>105.380617,39.808952,0</coordinates></Point></Placemark>
<Placemark><name>M3A-w4-1349</name><description>区域=w4 类别=裸地/稀疏 带=core 距母库=1.20km</description><Point><coordinates>102.016516,41.546383,0</coordinates></Point></Placemark>
<Placemark><name>M3A-w4-1350</name><description>区域=w4 类别=裸地/稀疏 带=core 距母库=2.91km</description><Point><coordinates>105.318095,40.305091,0</coordinates></Point></Placemark>
<Placemark><name>M3A-w4-1351</name><description>区域=w4 类别=裸地/稀疏 带=core 距母库=1.10km</description><Point><coordinates>102.522627,40.682923,0</coordinates></Point></Placemark>
<Placemark><name>M3A-w4-1352</name><description>区域=w4 类别=裸地/稀疏 带=core 距母库=2.13km</description><Point><coordinates>103.556408,41.464187,0</coordinates></Point></Placemark>
<Placemark><name>M3A-w4-1353</name><description>区域=w4 类别=裸地/稀疏 带=core 距母库=1.45km</description><Point><coordinates>105.525605,37.341459,0</coordinates></Point></Placemark>
<Placemark><name>M3A-w4-1354</name><description>区域=w4 类别=裸地/稀疏 带=core 距母库=1.44km</description><Point><coordinates>104.379445,40.644924,0</coordinates></Point></Placemark>
<Placemark><name>M3A-w4-1355</name><description>区域=w4 类别=裸地/稀疏 带=core 距母库=1.06km</description><Point><coordinates>101.141737,41.397353,0</coordinates></Point></Placemark>
<Placemark><name>M3A-w4-1356</name><description>区域=w4 类别=裸地/稀疏 带=core 距母库=2.07km</description><Point><coordinates>101.988758,41.915321,0</coordinates></Point></Placemark>
<Placemark><name>M3A-w4-1357</name><description>区域=w4 类别=裸地/稀疏 带=core 距母库=1.60km</description><Point><coordinates>105.393284,38.638267,0</coordinates></Point></Placemark>
<Placemark><name>M3A-w4-1358</name><description>区域=w4 类别=裸地/稀疏 带=core 距母库=1.03km</description><Point><coordinates>103.591982,41.824232,0</coordinates></Point></Placemark>
<Placemark><name>M3A-w4-1359</name><description>区域=w4 类别=裸地/稀疏 带=core 距母库=1.03km</description><Point><coordinates>106.237341,41.333752,0</coordinates></Point></Placemark>
<Placemark><name>M3A-w4-1360</name><description>区域=w4 类别=裸地/稀疏 带=core 距母库=1.54km</description><Point><coordinates>106.056510,40.335275,0</coordinates></Point></Placemark>
<Placemark><name>M3A-w4-1361</name><description>区域=w4 类别=裸地/稀疏 带=core 距母库=1.02km</description><Point><coordinates>103.097729,39.233581,0</coordinates></Point></Placemark>
<Placemark><name>M3A-w4-1362</name><description>区域=w4 类别=裸地/稀疏 带=core 距母库=13.99km</description><Point><coordinates>104.684782,41.880557,0</coordinates></Point></Placemark>
<Placemark><name>M3A-w4-1363</name><description>区域=w4 类别=裸地/稀疏 带=core 距母库=2.93km</description><Point><coordinates>106.131429,41.112227,0</coordinates></Point></Placemark>
<Placemark><name>M3A-w4-1364</name><description>区域=w4 类别=裸地/稀疏 带=core 距母库=1.62km</description><Point><coordinates>103.143543,38.887819,0</coordinates></Point></Placemark>
<Placemark><name>M3A-w4-1365</name><description>区域=w4 类别=裸地/稀疏 带=core 距母库=11.82km</description><Point><coordinates>104.327432,41.942271,0</coordinates></Point></Placemark>
<Placemark><name>M3A-w4-1366</name><description>区域=w4 类别=裸地/稀疏 带=core 距母库=1.08km</description><Point><coordinates>106.435150,42.002099,0</coordinates></Point></Placemark>
<Placemark><name>M3A-w4-1367</name><description>区域=w4 类别=裸地/稀疏 带=core 距母库=1.44km</description><Point><coordinates>106.163230,39.675821,0</coordinates></Point></Placemark>
<Placemark><name>M3A-w4-1368</name><description>区域=w4 类别=裸地/稀疏 带=core 距母库=1.74km</description><Point><coordinates>104.082731,40.472178,0</coordinates></Point></Placemark>
<Placemark><name>M3A-w4-1369</name><description>区域=w4 类别=裸地/稀疏 带=core 距母库=17.39km</description><Point><coordinates>105.411609,41.978922,0</coordinates></Point></Placemark>
<Placemark><name>M3A-w4-1370</name><description>区域=w4 类别=裸地/稀疏 带=core 距母库=1.09km</description><Point><coordinates>105.089294,37.574842,0</coordinates></Point></Placemark>
<Placemark><name>M3A-w4-1371</name><description>区域=w4 类别=裸地/稀疏 带=core 距母库=1.12km</description><Point><coordinates>102.213786,38.902911,0</coordinates></Point></Placemark>
<Placemark><name>M3A-w4-1372</name><description>区域=w4 类别=裸地/稀疏 带=core 距母库=3.23km</description><Point><coordinates>105.510514,41.853338,0</coordinates></Point></Placemark>
<Placemark><name>M3A-w4-1373</name><description>区域=w4 类别=裸地/稀疏 带=core 距母库=2.40km</description><Point><coordinates>101.594488,40.570543,0</coordinates></Point></Placemark>
<Placemark><name>M3A-w4-1374</name><description>区域=w4 类别=裸地/稀疏 带=core 距母库=1.65km</description><Point><coordinates>105.578426,37.867243,0</coordinates></Point></Placemark>
<Placemark><name>M3A-w4-1375</name><description>区域=w4 类别=裸地/稀疏 带=core 距母库=22.76km</description><Point><coordinates>105.225119,41.959518,0</coordinates></Point></Placemark>
<Placemark><name>M3A-w4-1376</name><description>区域=w4 类别=裸地/稀疏 带=core 距母库=1.23km</description><Point><coordinates>103.125756,41.771142,0</coordinates></Point></Placemark>
<Placemark><name>M3A-w4-1377</name><description>区域=w4 类别=裸地/稀疏 带=core 距母库=1.95km</description><Point><coordinates>104.493172,36.807051,0</coordinates></Point></Placemark>
<Placemark><name>M3A-w4-1378</name><description>区域=w4 类别=裸地/稀疏 带=core 距母库=2.45km</description><Point><coordinates>104.082192,41.615104,0</coordinates></Point></Placemark>
<Placemark><name>M3A-w4-1379</name><description>区域=w4 类别=裸地/稀疏 带=core 距母库=2.60km</description><Point><coordinates>104.440620,39.229808,0</coordinates></Point></Placemark>
<Placemark><name>M3A-w4-1380</name><description>区域=w4 类别=裸地/稀疏 带=core 距母库=1.79km</description><Point><coordinates>105.377383,40.787486,0</coordinates></Point></Placemark>
<Placemark><name>M3A-w4-1381</name><description>区域=w4 类别=裸地/稀疏 带=core 距母库=2.26km</description><Point><coordinates>106.924013,41.284704,0</coordinates></Point></Placemark>
<Placemark><name>M3A-w4-1382</name><description>区域=w4 类别=冰雪 带=core 距母库=1.29km</description><Point><coordinates>101.775588,37.534956,0</coordinates></Point></Placemark>
<Placemark><name>M3A-w4-1383</name><description>区域=w4 类别=冰雪 带=core 距母库=1.26km</description><Point><coordinates>101.773971,37.516631,0</coordinates></Point></Placemark>
<Placemark><name>M3A-w4-1384</name><description>区域=w4 类别=冰雪 带=core 距母库=1.23km</description><Point><coordinates>101.533043,37.712014,0</coordinates></Point></Placemark>
<Placemark><name>M3A-w4-1385</name><description>区域=w4 类别=冰雪 带=core 距母库=1.21km</description><Point><coordinates>101.484804,37.715518,0</coordinates></Point></Placemark>
<Placemark><name>M3A-w4-1386</name><description>区域=w4 类别=冰雪 带=core 距母库=1.08km</description><Point><coordinates>101.748908,37.545467,0</coordinates></Point></Placemark>
<Placemark><name>M3A-w4-1387</name><description>区域=w4 类别=冰雪 带=core 距母库=1.07km</description><Point><coordinates>101.775319,37.526063,0</coordinates></Point></Placemark>
<Placemark><name>M3A-w4-1388</name><description>区域=w4 类别=冰雪 带=core 距母库=1.02km</description><Point><coordinates>101.753220,37.542502,0</coordinates></Point></Placemark>
<Placemark><name>M3A-w4-1389</name><description>区域=w4 类别=冰雪 带=core 距母库=1.21km</description><Point><coordinates>101.640032,37.585621,0</coordinates></Point></Placemark>
<Placemark><name>M3A-w4-1390</name><description>区域=w4 类别=冰雪 带=core 距母库=1.08km</description><Point><coordinates>101.818977,37.502617,0</coordinates></Point></Placemark>
<Placemark><name>M3A-w4-1391</name><description>区域=w4 类别=冰雪 带=core 距母库=1.04km</description><Point><coordinates>101.805772,37.521212,0</coordinates></Point></Placemark>
<Placemark><name>M3A-w4-1392</name><description>区域=w4 类别=冰雪 带=core 距母库=1.18km</description><Point><coordinates>101.452195,37.739772,0</coordinates></Point></Placemark>
<Placemark><name>M3A-w4-1393</name><description>区域=w4 类别=冰雪 带=core 距母库=1.10km</description><Point><coordinates>101.475371,37.716326,0</coordinates></Point></Placemark>
<Placemark><name>M3A-w4-1394</name><description>区域=w4 类别=冰雪 带=core 距母库=1.19km</description><Point><coordinates>101.434139,37.745701,0</coordinates></Point></Placemark>
<Placemark><name>M3A-w4-1395</name><description>区域=w4 类别=水体 带=core 距母库=1.09km</description><Point><coordinates>101.739206,36.158917,0</coordinates></Point></Placemark>
<Placemark><name>M3A-w4-1396</name><description>区域=w4 类别=水体 带=core 距母库=1.34km</description><Point><coordinates>106.444582,38.681925,0</coordinates></Point></Placemark>
<Placemark><name>M3A-w4-1397</name><description>区域=w4 类别=水体 带=core 距母库=1.70km</description><Point><coordinates>106.767167,37.752977,0</coordinates></Point></Placemark>
<Placemark><name>M3A-w4-1398</name><description>区域=w4 类别=水体 带=core 距母库=1.14km</description><Point><coordinates>106.270488,38.839580,0</coordinates></Point></Placemark>
<Placemark><name>M3A-w4-1399</name><description>区域=w4 类别=水体 带=core 距母库=1.01km</description><Point><coordinates>106.759082,37.725759,0</coordinates></Point></Placemark>
<Placemark><name>M3A-w4-1400</name><description>区域=w4 类别=水体 带=core 距母库=1.25km</description><Point><coordinates>106.752884,39.608717,0</coordinates></Point></Placemark>
<Placemark><name>M3A-w4-1401</name><description>区域=w4 类别=水体 带=core 距母库=1.01km</description><Point><coordinates>101.841614,37.918986,0</coordinates></Point></Placemark>
<Placemark><name>M3A-w4-1402</name><description>区域=w4 类别=水体 带=core 距母库=1.05km</description><Point><coordinates>102.867580,38.381439,0</coordinates></Point></Placemark>
<Placemark><name>M3A-w4-1403</name><description>区域=w4 类别=水体 带=core 距母库=1.00km</description><Point><coordinates>105.901820,37.653264,0</coordinates></Point></Placemark>
<Placemark><name>M3A-w4-1404</name><description>区域=w4 类别=水体 带=core 距母库=1.29km</description><Point><coordinates>106.578521,38.204381,0</coordinates></Point></Placemark>
<Placemark><name>M3A-w4-1405</name><description>区域=w4 类别=水体 带=core 距母库=1.69km</description><Point><coordinates>106.160535,38.069903,0</coordinates></Point></Placemark>
<Placemark><name>M3A-w4-1406</name><description>区域=w4 类别=水体 带=core 距母库=1.32km</description><Point><coordinates>106.750997,39.657226,0</coordinates></Point></Placemark>
<Placemark><name>M3A-w4-1407</name><description>区域=w4 类别=草本湿地 带=core 距母库=1.51km</description><Point><coordinates>101.177041,38.337781,0</coordinates></Point></Placemark>
<Placemark><name>M3A-w4-1408</name><description>区域=w4 类别=苔藓地衣 带=core 距母库=1.46km</description><Point><coordinates>102.154498,37.532800,0</coordinates></Point></Placemark>
<Placemark><name>M3A-w4-1409</name><description>区域=w4 类别=苔藓地衣 带=core 距母库=1.18km</description><Point><coordinates>101.773971,37.232314,0</coordinates></Point></Placemark>
<Placemark><name>M3A-w4-1410</name><description>区域=w4 类别=苔藓地衣 带=core 距母库=2.46km</description><Point><coordinates>101.199948,36.369392,0</coordinates></Point></Placemark>
<Placemark><name>M3A-w4-1411</name><description>区域=w4 类别=苔藓地衣 带=core 距母库=1.02km</description><Point><coordinates>101.116674,37.401826,0</coordinates></Point></Placemark>
<Placemark><name>M3A-w4-1412</name><description>区域=w4 类别=苔藓地衣 带=core 距母库=1.09km</description><Point><coordinates>101.764269,37.627123,0</coordinates></Point></Placemark>
<Placemark><name>M3A-w4-1413</name><description>区域=w4 类别=苔藓地衣 带=core 距母库=1.71km</description><Point><coordinates>101.023698,37.236087,0</coordinates></Point></Placemark>
<Placemark><name>M3A-w4-1414</name><description>区域=w4 类别=苔藓地衣 带=core 距母库=1.20km</description><Point><coordinates>102.132399,37.454108,0</coordinates></Point></Placemark>
<Placemark><name>M3A-w4-1415</name><description>区域=w4 类别=苔藓地衣 带=core 距母库=1.03km</description><Point><coordinates>101.598530,37.677519,0</coordinates></Point></Placemark>
<Placemark><name>M3A-w4-1416</name><description>区域=w4 类别=苔藓地衣 带=core 距母库=1.21km</description><Point><coordinates>102.128087,37.461654,0</coordinates></Point></Placemark>
<Placemark><name>M3A-w4-1417</name><description>区域=w4 类别=苔藓地衣 带=core 距母库=2.43km</description><Point><coordinates>102.060714,37.648144,0</coordinates></Point></Placemark>
<Placemark><name>M3A-w4-1418</name><description>区域=w4 类别=苔藓地衣 带=core 距母库=1.59km</description><Point><coordinates>102.093322,37.484830,0</coordinates></Point></Placemark>
<Placemark><name>M3A-w4-1419</name><description>区域=w4 类别=苔藓地衣 带=core 距母库=1.57km</description><Point><coordinates>101.585325,37.261150,0</coordinates></Point></Placemark>
<Placemark><name>M3A-w4-1420</name><description>区域=w4 类别=苔藓地衣 带=core 距母库=1.84km</description><Point><coordinates>101.890123,37.156047,0</coordinates></Point></Placemark>
<Placemark><name>M3A-w4-1421</name><description>区域=w4 类别=苔藓地衣 带=core 距母库=1.61km</description><Point><coordinates>102.260948,37.573225,0</coordinates></Point></Placemark>
<Placemark><name>M3A-w4-1422</name><description>区域=w4 类别=苔藓地衣 带=core 距母库=1.05km</description><Point><coordinates>101.388055,37.798792,0</coordinates></Point></Placemark>
<Placemark><name>M3A-w4-1423</name><description>区域=w4 类别=苔藓地衣 带=core 距母库=1.07km</description><Point><coordinates>102.411056,37.418804,0</coordinates></Point></Placemark>
<Placemark><name>M3A-w4-1424</name><description>区域=w4 类别=苔藓地衣 带=core 距母库=1.09km</description><Point><coordinates>101.648656,37.614996,0</coordinates></Point></Placemark>
<Placemark><name>M3A-w4-1425</name><description>区域=w4 类别=苔藓地衣 带=core 距母库=1.23km</description><Point><coordinates>102.015169,37.527680,0</coordinates></Point></Placemark>
<Placemark><name>M3A-w4-1426</name><description>区域=w4 类别=乔木 带=edge 距母库=1.17km</description><Point><coordinates>101.874762,36.300941,0</coordinates></Point></Placemark>
<Placemark><name>M3A-w4-1427</name><description>区域=w4 类别=乔木 带=edge 距母库=1.55km</description><Point><coordinates>101.892818,36.591456,0</coordinates></Point></Placemark>
<Placemark><name>M3A-w4-1428</name><description>区域=w4 类别=乔木 带=edge 距母库=2.40km</description><Point><coordinates>102.857070,36.766088,0</coordinates></Point></Placemark>
<Placemark><name>M3A-w4-1429</name><description>区域=w4 类别=乔木 带=edge 距母库=1.17km</description><Point><coordinates>102.063139,36.952579,0</coordinates></Point></Placemark>
<Placemark><name>M3A-w4-1430</name><description>区域=w4 类别=乔木 带=edge 距母库=1.19km</description><Point><coordinates>101.373502,36.839121,0</coordinates></Point></Placemark>
<Placemark><name>M3A-w4-1431</name><description>区域=w4 类别=乔木 带=edge 距母库=1.11km</description><Point><coordinates>102.665729,36.130351,0</coordinates></Point></Placemark>
<Placemark><name>M3A-w4-1432</name><description>区域=w4 类别=乔木 带=edge 距母库=1.42km</description><Point><coordinates>102.155845,37.788820,0</coordinates></Point></Placemark>
<Placemark><name>M3A-w4-1433</name><description>区域=w4 类别=乔木 带=edge 距母库=1.46km</description><Point><coordinates>106.075644,38.992653,0</coordinates></Point></Placemark>
<Placemark><name>M3A-w4-1434</name><description>区域=w4 类别=乔木 带=edge 距母库=1.60km</description><Point><coordinates>102.420219,36.892481,0</coordinates></Point></Placemark>
<Placemark><name>M3A-w4-1435</name><description>区域=w4 类别=乔木 带=edge 距母库=1.27km</description><Point><coordinates>102.276309,37.064688,0</coordinates></Point></Placemark>
<Placemark><name>M3A-w4-1436</name><description>区域=w4 类别=乔木 带=edge 距母库=1.16km</description><Point><coordinates>102.265260,37.329871,0</coordinates></Point></Placemark>
<Placemark><name>M3A-w4-1437</name><description>区域=w4 类别=乔木 带=edge 距母库=2.00km</description><Point><coordinates>101.662939,36.441617,0</coordinates></Point></Placemark>
<Placemark><name>M3A-w4-1438</name><description>区域=w4 类别=乔木 带=edge 距母库=1.50km</description><Point><coordinates>101.557028,37.099453,0</coordinates></Point></Placemark>
<Placemark><name>M3A-w4-1439</name><description>区域=w4 类别=乔木 带=edge 距母库=1.06km</description><Point><coordinates>106.342713,38.975405,0</coordinates></Point></Placemark>
<Placemark><name>M3A-w4-1440</name><description>区域=w4 类别=乔木 带=edge 距母库=1.76km</description><Point><coordinates>106.208774,38.172850,0</coordinates></Point></Placemark>
<Placemark><name>M3A-w4-1441</name><description>区域=w4 类别=乔木 带=edge 距母库=1.64km</description><Point><coordinates>101.989297,37.126672,0</coordinates></Point></Placemark>
<Placemark><name>M3A-w4-1442</name><description>区域=w4 类别=乔木 带=edge 距母库=1.02km</description><Point><coordinates>106.528395,38.913691,0</coordinates></Point></Placemark>
<Placemark><name>M3A-w4-1443</name><description>区域=w4 类别=灌丛 带=edge 距母库=1.27km</description><Point><coordinates>106.770940,39.877942,0</coordinates></Point></Placemark>
<Placemark><name>M3A-w4-1444</name><description>区域=w4 类别=灌丛 带=edge 距母库=1.20km</description><Point><coordinates>104.402082,38.390602,0</coordinates></Point></Placemark>
<Placemark><name>M3A-w4-1445</name><description>区域=w4 类别=灌丛 带=edge 距母库=1.05km</description><Point><coordinates>106.110948,41.388190,0</coordinates></Point></Placemark>
<Placemark><name>M3A-w4-1446</name><description>区域=w4 类别=灌丛 带=edge 距母库=1.44km</description><Point><coordinates>103.487418,38.177162,0</coordinates></Point></Placemark>
<Placemark><name>M3A-w4-1447</name><description>区域=w4 类别=灌丛 带=edge 距母库=1.14km</description><Point><coordinates>103.000711,39.641057,0</coordinates></Point></Placemark>
<Placemark><name>M3A-w4-1448</name><description>区域=w4 类别=灌丛 带=edge 距母库=1.22km</description><Point><coordinates>102.756549,38.217586,0</coordinates></Point></Placemark>
<Placemark><name>M3A-w4-1449</name><description>区域=w4 类别=灌丛 带=edge 距母库=1.20km</description><Point><coordinates>102.341796,38.536398,0</coordinates></Point></Placemark>
<Placemark><name>M3A-w4-1450</name><description>区域=w4 类别=灌丛 带=edge 距母库=1.10km</description><Point><coordinates>104.002691,37.036661,0</coordinates></Point></Placemark>
<Placemark><name>M3A-w4-1451</name><description>区域=w4 类别=灌丛 带=edge 距母库=1.99km</description><Point><coordinates>101.994957,38.607275,0</coordinates></Point></Placemark>
<Placemark><name>M3A-w4-1452</name><description>区域=w4 类别=灌丛 带=edge 距母库=1.53km</description><Point><coordinates>104.817374,39.414681,0</coordinates></Point></Placemark>
<Placemark><name>M3A-w4-1453</name><description>区域=w4 类别=灌丛 带=edge 距母库=1.39km</description><Point><coordinates>104.257903,40.718765,0</coordinates></Point></Placemark>
<Placemark><name>M3A-w4-1454</name><description>区域=w4 类别=灌丛 带=edge 距母库=2.06km</description><Point><coordinates>103.753948,37.199166,0</coordinates></Point></Placemark>
<Placemark><name>M3A-w4-1455</name><description>区域=w4 类别=灌丛 带=edge 距母库=1.68km</description><Point><coordinates>103.850427,38.337511,0</coordinates></Point></Placemark>
<Placemark><name>M3A-w4-1456</name><description>区域=w4 类别=灌丛 带=edge 距母库=1.64km</description><Point><coordinates>106.469106,40.415314,0</coordinates></Point></Placemark>
<Placemark><name>M3A-w4-1457</name><description>区域=w4 类别=灌丛 带=edge 距母库=1.69km</description><Point><coordinates>104.585608,40.224782,0</coordinates></Point></Placemark>
<Placemark><name>M3A-w4-1458</name><description>区域=w4 类别=灌丛 带=edge 距母库=1.32km</description><Point><coordinates>105.385468,40.008108,0</coordinates></Point></Placemark>
<Placemark><name>M3A-w4-1459</name><description>区域=w4 类别=灌丛 带=edge 距母库=1.09km</description><Point><coordinates>101.228784,41.982156,0</coordinates></Point></Placemark>
<Placemark><name>M3A-w4-1460</name><description>区域=w4 类别=灌丛 带=edge 距母库=1.10km</description><Point><coordinates>101.216926,40.600727,0</coordinates></Point></Placemark>
<Placemark><name>M3A-w4-1461</name><description>区域=w4 类别=灌丛 带=edge 距母库=1.09km</description><Point><coordinates>104.254938,38.412431,0</coordinates></Point></Placemark>
<Placemark><name>M3A-w4-1462</name><description>区域=w4 类别=灌丛 带=edge 距母库=1.25km</description><Point><coordinates>102.758165,38.173389,0</coordinates></Point></Placemark>
<Placemark><name>M3A-w4-1463</name><description>区域=w4 类别=灌丛 带=edge 距母库=1.25km</description><Point><coordinates>102.870275,37.846492,0</coordinates></Point></Placemark>
<Placemark><name>M3A-w4-1464</name><description>区域=w4 类别=灌丛 带=edge 距母库=1.43km</description><Point><coordinates>101.182700,38.784603,0</coordinates></Point></Placemark>
<Placemark><name>M3A-w4-1465</name><description>区域=w4 类别=灌丛 带=edge 距母库=1.64km</description><Point><coordinates>104.429571,37.552473,0</coordinates></Point></Placemark>
<Placemark><name>M3A-w4-1466</name><description>区域=w4 类别=灌丛 带=edge 距母库=1.09km</description><Point><coordinates>104.962362,40.388635,0</coordinates></Point></Placemark>
<Placemark><name>M3A-w4-1467</name><description>区域=w4 类别=灌丛 带=edge 距母库=2.05km</description><Point><coordinates>104.146871,40.071978,0</coordinates></Point></Placemark>
<Placemark><name>M3A-w4-1468</name><description>区域=w4 类别=灌丛 带=edge 距母库=1.76km</description><Point><coordinates>103.677142,38.228096,0</coordinates></Point></Placemark>
<Placemark><name>M3A-w4-1469</name><description>区域=w4 类别=灌丛 带=edge 距母库=1.23km</description><Point><coordinates>104.163041,38.770859,0</coordinates></Point></Placemark>
<Placemark><name>M3A-w4-1470</name><description>区域=w4 类别=灌丛 带=edge 距母库=1.14km</description><Point><coordinates>103.472865,38.995347,0</coordinates></Point></Placemark>
<Placemark><name>M3A-w4-1471</name><description>区域=w4 类别=灌丛 带=edge 距母库=1.02km</description><Point><coordinates>105.127292,37.643024,0</coordinates></Point></Placemark>
<Placemark><name>M3A-w4-1472</name><description>区域=w4 类别=灌丛 带=edge 距母库=1.49km</description><Point><coordinates>102.841978,38.276875,0</coordinates></Point></Placemark>
<Placemark><name>M3A-w4-1473</name><description>区域=w4 类别=灌丛 带=edge 距母库=2.04km</description><Point><coordinates>101.559184,39.198816,0</coordinates></Point></Placemark>
<Placemark><name>M3A-w4-1474</name><description>区域=w4 类别=灌丛 带=edge 距母库=1.69km</description><Point><coordinates>106.688205,41.590850,0</coordinates></Point></Placemark>
<Placemark><name>M3A-w4-1475</name><description>区域=w4 类别=灌丛 带=edge 距母库=1.69km</description><Point><coordinates>106.851249,41.496257,0</coordinates></Point></Placemark>
<Placemark><name>M3A-w4-1476</name><description>区域=w4 类别=灌丛 带=edge 距母库=1.79km</description><Point><coordinates>106.814598,40.726581,0</coordinates></Point></Placemark>
<Placemark><name>M3A-w4-1477</name><description>区域=w4 类别=灌丛 带=edge 距母库=1.36km</description><Point><coordinates>101.049300,38.911804,0</coordinates></Point></Placemark>
<Placemark><name>M3A-w4-1478</name><description>区域=w4 类别=灌丛 带=edge 距母库=1.33km</description><Point><coordinates>104.453556,37.495071,0</coordinates></Point></Placemark>
<Placemark><name>M3A-w4-1479</name><description>区域=w4 类别=灌丛 带=edge 距母库=1.91km</description><Point><coordinates>105.104655,38.020586,0</coordinates></Point></Placemark>
<Placemark><name>M3A-w4-1480</name><description>区域=w4 类别=灌丛 带=edge 距母库=1.33km</description><Point><coordinates>103.368571,38.647160,0</coordinates></Point></Placemark>
<Placemark><name>M3A-w4-1481</name><description>区域=w4 类别=灌丛 带=edge 距母库=2.01km</description><Point><coordinates>102.292479,38.146979,0</coordinates></Point></Placemark>
<Placemark><name>M3A-w4-1482</name><description>区域=w4 类别=灌丛 带=edge 距母库=1.91km</description><Point><coordinates>103.912411,37.122091,0</coordinates></Point></Placemark>
<Placemark><name>M3A-w4-1483</name><description>区域=w4 类别=灌丛 带=edge 距母库=1.60km</description><Point><coordinates>104.450052,37.399670,0</coordinates></Point></Placemark>
<Placemark><name>M3A-w4-1484</name><description>区域=w4 类别=灌丛 带=edge 距母库=1.52km</description><Point><coordinates>103.138153,37.633322,0</coordinates></Point></Placemark>
<Placemark><name>M3A-w4-1485</name><description>区域=w4 类别=灌丛 带=edge 距母库=1.02km</description><Point><coordinates>106.753153,39.966606,0</coordinates></Point></Placemark>
<Placemark><name>M3A-w4-1486</name><description>区域=w4 类别=灌丛 带=edge 距母库=1.00km</description><Point><coordinates>105.131335,39.218220,0</coordinates></Point></Placemark>
<Placemark><name>M3A-w4-1487</name><description>区域=w4 类别=灌丛 带=edge 距母库=1.19km</description><Point><coordinates>106.645086,40.842194,0</coordinates></Point></Placemark>
<Placemark><name>M3A-w4-1488</name><description>区域=w4 类别=草地 带=edge 距母库=1.08km</description><Point><coordinates>101.740015,36.829959,0</coordinates></Point></Placemark>
<Placemark><name>M3A-w4-1489</name><description>区域=w4 类别=草地 带=edge 距母库=1.60km</description><Point><coordinates>101.438451,37.323673,0</coordinates></Point></Placemark>
<Placemark><name>M3A-w4-1490</name><description>区域=w4 类别=草地 带=edge 距母库=1.26km</description><Point><coordinates>104.288625,36.068367,0</coordinates></Point></Placemark>
<Placemark><name>M3A-w4-1491</name><description>区域=w4 类别=草地 带=edge 距母库=1.43km</description><Point><coordinates>103.207143,36.320075,0</coordinates></Point></Placemark>
<Placemark><name>M3A-w4-1492</name><description>区域=w4 类别=草地 带=edge 距母库=1.65km</description><Point><coordinates>106.569897,36.459134,0</coordinates></Point></Placemark>
<Placemark><name>M3A-w4-1493</name><description>区域=w4 类别=草地 带=edge 距母库=2.66km</description><Point><coordinates>106.211469,37.171947,0</coordinates></Point></Placemark>
<Placemark><name>M3A-w4-1494</name><description>区域=w4 类别=草地 带=edge 距母库=1.94km</description><Point><coordinates>103.549671,36.307947,0</coordinates></Point></Placemark>
<Placemark><name>M3A-w4-1495</name><description>区域=w4 类别=草地 带=edge 距母库=2.26km</description><Point><coordinates>105.393014,36.188561,0</coordinates></Point></Placemark>
<Placemark><name>M3A-w4-1496</name><description>区域=w4 类别=草地 带=edge 距母库=2.19km</description><Point><coordinates>101.436025,37.904164,0</coordinates></Point></Placemark>
<Placemark><name>M3A-w4-1497</name><description>区域=w4 类别=草地 带=edge 距母库=1.21km</description><Point><coordinates>106.739948,39.214716,0</coordinates></Point></Placemark>
<Placemark><name>M3A-w4-1498</name><description>区域=w4 类别=草地 带=edge 距母库=1.32km</description><Point><coordinates>101.507441,37.371373,0</coordinates></Point></Placemark>
<Placemark><name>M3A-w4-1499</name><description>区域=w4 类别=草地 带=edge 距母库=1.47km</description><Point><coordinates>101.984447,37.081936,0</coordinates></Point></Placemark>
<Placemark><name>M3A-w4-1500</name><description>区域=w4 类别=草地 带=edge 距母库=1.48km</description><Point><coordinates>102.498103,36.086692,0</coordinates></Point></Placemark>
<Placemark><name>M3A-w4-1501</name><description>区域=w4 类别=草地 带=edge 距母库=1.17km</description><Point><coordinates>103.216306,37.506390,0</coordinates></Point></Placemark>
<Placemark><name>M3A-w4-1502</name><description>区域=w4 类别=草地 带=edge 距母库=1.34km</description><Point><coordinates>106.131699,36.871730,0</coordinates></Point></Placemark>
<Placemark><name>M3A-w4-1503</name><description>区域=w4 类别=草地 带=edge 距母库=1.14km</description><Point><coordinates>104.390764,36.352145,0</coordinates></Point></Placemark>
<Placemark><name>M3A-w4-1504</name><description>区域=w4 类别=草地 带=edge 距母库=1.27km</description><Point><coordinates>104.213436,36.785222,0</coordinates></Point></Placemark>
<Placemark><name>M3A-w4-1505</name><description>区域=w4 类别=草地 带=edge 距母库=1.03km</description><Point><coordinates>101.845118,37.350622,0</coordinates></Point></Placemark>
<Placemark><name>M3A-w4-1506</name><description>区域=w4 类别=草地 带=edge 距母库=1.42km</description><Point><coordinates>106.427065,37.732496,0</coordinates></Point></Placemark>
<Placemark><name>M3A-w4-1507</name><description>区域=w4 类别=草地 带=edge 距母库=1.20km</description><Point><coordinates>106.905148,38.435607,0</coordinates></Point></Placemark>
<Placemark><name>M3A-w4-1508</name><description>区域=w4 类别=草地 带=edge 距母库=1.33km</description><Point><coordinates>102.102755,38.196027,0</coordinates></Point></Placemark>
<Placemark><name>M3A-w4-1509</name><description>区域=w4 类别=草地 带=edge 距母库=1.55km</description><Point><coordinates>105.830404,38.076371,0</coordinates></Point></Placemark>
<Placemark><name>M3A-w4-1510</name><description>区域=w4 类别=草地 带=edge 距母库=1.17km</description><Point><coordinates>106.531898,38.831495,0</coordinates></Point></Placemark>
<Placemark><name>M3A-w4-1511</name><description>区域=w4 类别=草地 带=edge 距母库=2.58km</description><Point><coordinates>105.176879,39.162434,0</coordinates></Point></Placemark>
<Placemark><name>M3A-w4-1512</name><description>区域=w4 类别=草地 带=edge 距母库=1.58km</description><Point><coordinates>105.754137,38.983490,0</coordinates></Point></Placemark>
<Placemark><name>M3A-w4-1513</name><description>区域=w4 类别=草地 带=edge 距母库=2.27km</description><Point><coordinates>106.668262,38.719924,0</coordinates></Point></Placemark>
<Placemark><name>M3A-w4-1514</name><description>区域=w4 类别=草地 带=edge 距母库=1.65km</description><Point><coordinates>105.858970,37.911710,0</coordinates></Point></Placemark>
<Placemark><name>M3A-w4-1515</name><description>区域=w4 类别=草地 带=edge 距母库=1.37km</description><Point><coordinates>101.432791,36.537287,0</coordinates></Point></Placemark>
<Placemark><name>M3A-w4-1516</name><description>区域=w4 类别=草地 带=edge 距母库=2.07km</description><Point><coordinates>106.123883,37.134757,0</coordinates></Point></Placemark>
<Placemark><name>M3A-w4-1517</name><description>区域=w4 类别=耕地 带=edge 距母库=1.98km</description><Point><coordinates>106.699793,36.973330,0</coordinates></Point></Placemark>
<Placemark><name>M3A-w4-1518</name><description>区域=w4 类别=耕地 带=edge 距母库=1.22km</description><Point><coordinates>103.828867,36.958507,0</coordinates></Point></Placemark>
<Placemark><name>M3A-w4-1519</name><description>区域=w4 类别=耕地 带=edge 距母库=1.13km</description><Point><coordinates>104.056051,37.458420,0</coordinates></Point></Placemark>
<Placemark><name>M3A-w4-1520</name><description>区域=w4 类别=耕地 带=edge 距母库=1.05km</description><Point><coordinates>105.860048,36.961202,0</coordinates></Point></Placemark>
<Placemark><name>M3A-w4-1521</name><description>区域=w4 类别=耕地 带=edge 距母库=1.63km</description><Point><coordinates>102.967024,36.884396,0</coordinates></Point></Placemark>
<Placemark><name>M3A-w4-1522</name><description>区域=w4 类别=耕地 带=edge 距母库=1.43km</description><Point><coordinates>102.173901,38.214352,0</coordinates></Point></Placemark>
<Placemark><name>M3A-w4-1523</name><description>区域=w4 类别=耕地 带=edge 距母库=1.20km</description><Point><coordinates>106.335167,36.158647,0</coordinates></Point></Placemark>
<Placemark><name>M3A-w4-1524</name><description>区域=w4 类别=耕地 带=edge 距母库=1.68km</description><Point><coordinates>106.082381,36.178860,0</coordinates></Point></Placemark>
<Placemark><name>M3A-w4-1525</name><description>区域=w4 类别=耕地 带=edge 距母库=1.50km</description><Point><coordinates>102.915820,37.750552,0</coordinates></Point></Placemark>
<Placemark><name>M3A-w4-1526</name><description>区域=w4 类别=耕地 带=edge 距母库=1.17km</description><Point><coordinates>105.258267,36.061899,0</coordinates></Point></Placemark>
<Placemark><name>M3A-w4-1527</name><description>区域=w4 类别=耕地 带=edge 距母库=2.31km</description><Point><coordinates>101.582900,36.586335,0</coordinates></Point></Placemark>
<Placemark><name>M3A-w4-1528</name><description>区域=w4 类别=耕地 带=edge 距母库=1.02km</description><Point><coordinates>103.620548,37.506120,0</coordinates></Point></Placemark>
<Placemark><name>M3A-w4-1529</name><description>区域=w4 类别=耕地 带=edge 距母库=1.04km</description><Point><coordinates>102.743882,36.242191,0</coordinates></Point></Placemark>
<Placemark><name>M3A-w4-1530</name><description>区域=w4 类别=耕地 带=edge 距母库=1.16km</description><Point><coordinates>106.696829,36.513302,0</coordinates></Point></Placemark>
<Placemark><name>M3A-w4-1531</name><description>区域=w4 类别=耕地 带=edge 距母库=1.06km</description><Point><coordinates>103.514637,36.942877,0</coordinates></Point></Placemark>
<Placemark><name>M3A-w4-1532</name><description>区域=w4 类别=耕地 带=edge 距母库=1.68km</description><Point><coordinates>106.112565,38.190906,0</coordinates></Point></Placemark>
<Placemark><name>M3A-w4-1533</name><description>区域=w4 类别=耕地 带=edge 距母库=1.03km</description><Point><coordinates>102.553350,36.964167,0</coordinates></Point></Placemark>
<Placemark><name>M3A-w4-1534</name><description>区域=w4 类别=耕地 带=edge 距母库=1.01km</description><Point><coordinates>106.309565,36.870383,0</coordinates></Point></Placemark>
<Placemark><name>M3A-w4-1535</name><description>区域=w4 类别=耕地 带=edge 距母库=1.86km</description><Point><coordinates>102.803980,38.026784,0</coordinates></Point></Placemark>
<Placemark><name>M3A-w4-1536</name><description>区域=w4 类别=耕地 带=edge 距母库=1.74km</description><Point><coordinates>106.069176,37.525524,0</coordinates></Point></Placemark>
<Placemark><name>M3A-w4-1537</name><description>区域=w4 类别=建成区 带=edge 距母库=1.04km</description><Point><coordinates>106.340018,39.228730,0</coordinates></Point></Placemark>
<Placemark><name>M3A-w4-1538</name><description>区域=w4 类别=建成区 带=edge 距母库=1.38km</description><Point><coordinates>102.699416,36.245425,0</coordinates></Point></Placemark>
<Placemark><name>M3A-w4-1539</name><description>区域=w4 类别=建成区 带=edge 距母库=2.30km</description><Point><coordinates>106.950693,39.526521,0</coordinates></Point></Placemark>
<Placemark><name>M3A-w4-1540</name><description>区域=w4 类别=建成区 带=edge 距母库=1.71km</description><Point><coordinates>106.898950,39.181299,0</coordinates></Point></Placemark>
<Placemark><name>M3A-w4-1541</name><description>区域=w4 类别=建成区 带=edge 距母库=1.43km</description><Point><coordinates>104.992545,37.674555,0</coordinates></Point></Placemark>
<Placemark><name>M3A-w4-1542</name><description>区域=w4 类别=建成区 带=edge 距母库=1.18km</description><Point><coordinates>102.143179,38.163148,0</coordinates></Point></Placemark>
<Placemark><name>M3A-w4-1543</name><description>区域=w4 类别=建成区 带=edge 距母库=1.52km</description><Point><coordinates>106.237071,38.484116,0</coordinates></Point></Placemark>
<Placemark><name>M3A-w4-1544</name><description>区域=w4 类别=建成区 带=edge 距母库=1.86km</description><Point><coordinates>106.892751,38.719116,0</coordinates></Point></Placemark>
<Placemark><name>M3A-w4-1545</name><description>区域=w4 类别=建成区 带=edge 距母库=1.73km</description><Point><coordinates>102.067181,38.212735,0</coordinates></Point></Placemark>
<Placemark><name>M3A-w4-1546</name><description>区域=w4 类别=建成区 带=edge 距母库=1.72km</description><Point><coordinates>101.693392,37.413414,0</coordinates></Point></Placemark>
<Placemark><name>M3A-w4-1547</name><description>区域=w4 类别=建成区 带=edge 距母库=1.04km</description><Point><coordinates>106.095047,36.358612,0</coordinates></Point></Placemark>
<Placemark><name>M3A-w4-1548</name><description>区域=w4 类别=建成区 带=edge 距母库=1.07km</description><Point><coordinates>106.602775,38.173389,0</coordinates></Point></Placemark>
<Placemark><name>M3A-w4-1549</name><description>区域=w4 类别=建成区 带=edge 距母库=1.84km</description><Point><coordinates>106.303367,38.960852,0</coordinates></Point></Placemark>
<Placemark><name>M3A-w4-1550</name><description>区域=w4 类别=建成区 带=edge 距母库=1.34km</description><Point><coordinates>101.665904,36.664219,0</coordinates></Point></Placemark>
<Placemark><name>M3A-w4-1551</name><description>区域=w4 类别=建成区 带=edge 距母库=1.03km</description><Point><coordinates>106.152450,36.281807,0</coordinates></Point></Placemark>
<Placemark><name>M3A-w4-1552</name><description>区域=w4 类别=建成区 带=edge 距母库=1.94km</description><Point><coordinates>106.630264,38.278222,0</coordinates></Point></Placemark>
<Placemark><name>M3A-w4-1553</name><description>区域=w4 类别=建成区 带=edge 距母库=1.18km</description><Point><coordinates>104.223408,36.538096,0</coordinates></Point></Placemark>
<Placemark><name>M3A-w4-1554</name><description>区域=w4 类别=建成区 带=edge 距母库=1.54km</description><Point><coordinates>106.066212,38.727739,0</coordinates></Point></Placemark>
<Placemark><name>M3A-w4-1555</name><description>区域=w4 类别=建成区 带=edge 距母库=1.10km</description><Point><coordinates>105.986172,38.226479,0</coordinates></Point></Placemark>
<Placemark><name>M3A-w4-1556</name><description>区域=w4 类别=建成区 带=edge 距母库=1.23km</description><Point><coordinates>103.861207,37.246328,0</coordinates></Point></Placemark>
<Placemark><name>M3A-w4-1557</name><description>区域=w4 类别=建成区 带=edge 距母库=1.14km</description><Point><coordinates>106.725934,39.164321,0</coordinates></Point></Placemark>
<Placemark><name>M3A-w4-1558</name><description>区域=w4 类别=建成区 带=edge 距母库=1.08km</description><Point><coordinates>106.969827,37.027768,0</coordinates></Point></Placemark>
<Placemark><name>M3A-w4-1559</name><description>区域=w4 类别=建成区 带=edge 距母库=1.47km</description><Point><coordinates>105.822319,37.138799,0</coordinates></Point></Placemark>
<Placemark><name>M3A-w4-1560</name><description>区域=w4 类别=建成区 带=edge 距母库=1.87km</description><Point><coordinates>105.655771,38.118682,0</coordinates></Point></Placemark>
<Placemark><name>M3A-w4-1561</name><description>区域=w4 类别=建成区 带=edge 距母库=1.41km</description><Point><coordinates>103.149202,37.644102,0</coordinates></Point></Placemark>
<Placemark><name>M3A-w4-1562</name><description>区域=w4 类别=建成区 带=edge 距母库=1.10km</description><Point><coordinates>106.119571,38.739867,0</coordinates></Point></Placemark>
<Placemark><name>M3A-w4-1563</name><description>区域=w4 类别=建成区 带=edge 距母库=1.37km</description><Point><coordinates>101.488307,36.749649,0</coordinates></Point></Placemark>
<Placemark><name>M3A-w4-1564</name><description>区域=w4 类别=建成区 带=edge 距母库=2.19km</description><Point><coordinates>106.236802,39.193696,0</coordinates></Point></Placemark>
<Placemark><name>M3A-w4-1565</name><description>区域=w4 类别=建成区 带=edge 距母库=1.64km</description><Point><coordinates>101.206955,37.526602,0</coordinates></Point></Placemark>
<Placemark><name>M3A-w4-1566</name><description>区域=w4 类别=建成区 带=edge 距母库=1.16km</description><Point><coordinates>106.674191,39.543230,0</coordinates></Point></Placemark>
<Placemark><name>M3A-w4-1567</name><description>区域=w4 类别=建成区 带=edge 距母库=1.23km</description><Point><coordinates>104.681009,36.740756,0</coordinates></Point></Placemark>
<Placemark><name>M3A-w4-1568</name><description>区域=w4 类别=建成区 带=edge 距母库=1.05km</description><Point><coordinates>106.202845,38.500555,0</coordinates></Point></Placemark>
<Placemark><name>M3A-w4-1569</name><description>区域=w4 类别=建成区 带=edge 距母库=1.70km</description><Point><coordinates>105.142654,37.047171,0</coordinates></Point></Placemark>
<Placemark><name>M3A-w4-1570</name><description>区域=w4 类别=建成区 带=edge 距母库=1.03km</description><Point><coordinates>106.182633,37.991750,0</coordinates></Point></Placemark>
<Placemark><name>M3A-w4-1571</name><description>区域=w4 类别=建成区 带=edge 距母库=1.10km</description><Point><coordinates>103.698432,36.612746,0</coordinates></Point></Placemark>
<Placemark><name>M3A-w4-1572</name><description>区域=w4 类别=建成区 带=edge 距母库=1.07km</description><Point><coordinates>106.003958,38.285499,0</coordinates></Point></Placemark>
<Placemark><name>M3A-w4-1573</name><description>区域=w4 类别=建成区 带=edge 距母库=1.45km</description><Point><coordinates>102.990739,38.685698,0</coordinates></Point></Placemark>
<Placemark><name>M3A-w4-1574</name><description>区域=w4 类别=裸地/稀疏 带=edge 距母库=2.96km</description><Point><coordinates>106.792499,38.345866,0</coordinates></Point></Placemark>
<Placemark><name>M3A-w4-1575</name><description>区域=w4 类别=裸地/稀疏 带=edge 距母库=1.81km</description><Point><coordinates>106.651823,38.210579,0</coordinates></Point></Placemark>
<Placemark><name>M3A-w4-1576</name><description>区域=w4 类别=裸地/稀疏 带=edge 距母库=1.07km</description><Point><coordinates>104.478349,37.406407,0</coordinates></Point></Placemark>
<Placemark><name>M3A-w4-1577</name><description>区域=w4 类别=裸地/稀疏 带=edge 距母库=1.03km</description><Point><coordinates>104.202656,37.503964,0</coordinates></Point></Placemark>
<Placemark><name>M3A-w4-1578</name><description>区域=w4 类别=冰雪 带=edge 距母库=1.04km</description><Point><coordinates>101.560801,37.714440,0</coordinates></Point></Placemark>
<Placemark><name>M3A-w4-1579</name><description>区域=w4 类别=冰雪 带=edge 距母库=1.07km</description><Point><coordinates>101.347092,37.747049,0</coordinates></Point></Placemark>
<Placemark><name>M3A-w4-1580</name><description>区域=w4 类别=冰雪 带=edge 距母库=1.34km</description><Point><coordinates>101.442762,37.740042,0</coordinates></Point></Placemark>
<Placemark><name>M3A-w4-1581</name><description>区域=w4 类别=冰雪 带=edge 距母库=1.14km</description><Point><coordinates>101.421472,37.749744,0</coordinates></Point></Placemark>
<Placemark><name>M3A-w4-1582</name><description>区域=w4 类别=冰雪 带=edge 距母库=1.10km</description><Point><coordinates>101.532235,37.604216,0</coordinates></Point></Placemark>
<Placemark><name>M3A-w4-1583</name><description>区域=w4 类别=冰雪 带=edge 距母库=1.89km</description><Point><coordinates>101.571311,37.712823,0</coordinates></Point></Placemark>
<Placemark><name>M3A-w4-1584</name><description>区域=w4 类别=冰雪 带=edge 距母库=1.02km</description><Point><coordinates>101.598261,37.633591,0</coordinates></Point></Placemark>
<Placemark><name>M3A-w4-1585</name><description>区域=w4 类别=冰雪 带=edge 距母库=1.34km</description><Point><coordinates>101.334965,37.747857,0</coordinates></Point></Placemark>
<Placemark><name>M3A-w4-1586</name><description>区域=w4 类别=冰雪 带=edge 距母库=1.10km</description><Point><coordinates>101.761305,37.535765,0</coordinates></Point></Placemark>
<Placemark><name>M3A-w4-1587</name><description>区域=w4 类别=水体 带=edge 距母库=1.18km</description><Point><coordinates>103.764458,36.529742,0</coordinates></Point></Placemark>
<Placemark><name>M3A-w4-1588</name><description>区域=w4 类别=水体 带=edge 距母库=1.16km</description><Point><coordinates>106.202576,38.341823,0</coordinates></Point></Placemark>
<Placemark><name>M3A-w4-1589</name><description>区域=w4 类别=水体 带=edge 距母库=1.25km</description><Point><coordinates>106.604123,38.520498,0</coordinates></Point></Placemark>
<Placemark><name>M3A-w4-1590</name><description>区域=w4 类别=水体 带=edge 距母库=1.05km</description><Point><coordinates>101.603381,41.957362,0</coordinates></Point></Placemark>
<Placemark><name>M3A-w4-1591</name><description>区域=w4 类别=水体 带=edge 距母库=1.00km</description><Point><coordinates>106.758004,39.621114,0</coordinates></Point></Placemark>
<Placemark><name>M3A-w4-1592</name><description>区域=w4 类别=水体 带=edge 距母库=1.15km</description><Point><coordinates>106.240305,38.425636,0</coordinates></Point></Placemark>
<Placemark><name>M3A-w4-1593</name><description>区域=w4 类别=水体 带=edge 距母库=1.50km</description><Point><coordinates>106.646164,38.832842,0</coordinates></Point></Placemark>
<Placemark><name>M3A-w4-1594</name><description>区域=w4 类别=水体 带=edge 距母库=1.04km</description><Point><coordinates>102.383568,36.921856,0</coordinates></Point></Placemark>
<Placemark><name>M3A-w4-1595</name><description>区域=w4 类别=水体 带=edge 距母库=1.33km</description><Point><coordinates>106.085615,39.081316,0</coordinates></Point></Placemark>
<Placemark><name>M3A-w4-1596</name><description>区域=w4 类别=水体 带=edge 距母库=1.38km</description><Point><coordinates>102.885367,36.331394,0</coordinates></Point></Placemark>
<Placemark><name>M3A-w4-1597</name><description>区域=w4 类别=水体 带=edge 距母库=1.24km</description><Point><coordinates>106.345677,38.347752,0</coordinates></Point></Placemark>
<Placemark><name>M3A-w4-1598</name><description>区域=w4 类别=水体 带=edge 距母库=2.54km</description><Point><coordinates>106.365081,36.915658,0</coordinates></Point></Placemark>
<Placemark><name>M3A-w4-1599</name><description>区域=w4 类别=水体 带=edge 距母库=1.05km</description><Point><coordinates>106.418441,38.451777,0</coordinates></Point></Placemark>
<Placemark><name>M3A-w4-1600</name><description>区域=w4 类别=水体 带=edge 距母库=1.65km</description><Point><coordinates>106.306062,40.264128,0</coordinates></Point></Placemark>
<Placemark><name>M3A-w4-1601</name><description>区域=w4 类别=草本湿地 带=edge 距母库=1.07km</description><Point><coordinates>106.706261,39.611412,0</coordinates></Point></Placemark>
<Placemark><name>M3A-w4-1602</name><description>区域=w4 类别=草本湿地 带=edge 距母库=1.40km</description><Point><coordinates>106.773904,39.755592,0</coordinates></Point></Placemark>
<Placemark><name>M3A-w4-1603</name><description>区域=w4 类别=草本湿地 带=edge 距母库=1.10km</description><Point><coordinates>106.839391,40.488617,0</coordinates></Point></Placemark>
<Placemark><name>M3A-w4-1604</name><description>区域=w4 类别=草本湿地 带=edge 距母库=1.08km</description><Point><coordinates>106.855831,40.479993,0</coordinates></Point></Placemark>
<Placemark><name>M3A-w4-1605</name><description>区域=w4 类别=草本湿地 带=edge 距母库=1.77km</description><Point><coordinates>101.112093,37.023186,0</coordinates></Point></Placemark>
<Placemark><name>M3A-w4-1606</name><description>区域=w4 类别=草本湿地 带=edge 距母库=1.08km</description><Point><coordinates>106.734828,39.999484,0</coordinates></Point></Placemark>
<Placemark><name>M3A-w4-1607</name><description>区域=w4 类别=草本湿地 带=edge 距母库=1.48km</description><Point><coordinates>106.762586,40.539012,0</coordinates></Point></Placemark>
<Placemark><name>M3A-w4-1608</name><description>区域=w4 类别=草本湿地 带=edge 距母库=2.04km</description><Point><coordinates>106.902453,40.352792,0</coordinates></Point></Placemark>
<Placemark><name>M3A-w4-1609</name><description>区域=w4 类别=草本湿地 带=edge 距母库=1.19km</description><Point><coordinates>101.322837,37.611493,0</coordinates></Point></Placemark>
<Placemark><name>M3A-w4-1610</name><description>区域=w4 类别=草本湿地 带=edge 距母库=1.01km</description><Point><coordinates>106.659639,40.646541,0</coordinates></Point></Placemark>
<Placemark><name>M3A-w4-1611</name><description>区域=w4 类别=草本湿地 带=edge 距母库=1.17km</description><Point><coordinates>106.809208,40.605039,0</coordinates></Point></Placemark>
<Placemark><name>M3A-w4-1612</name><description>区域=w4 类别=草本湿地 带=edge 距母库=1.03km</description><Point><coordinates>101.190785,37.285135,0</coordinates></Point></Placemark>
<Placemark><name>M3A-w4-1613</name><description>区域=w4 类别=草本湿地 带=edge 距母库=1.65km</description><Point><coordinates>101.029897,37.113197,0</coordinates></Point></Placemark>
<Placemark><name>M3A-w4-1614</name><description>区域=w4 类别=草本湿地 带=edge 距母库=1.17km</description><Point><coordinates>101.327149,40.616627,0</coordinates></Point></Placemark>
<Placemark><name>M3A-w4-1615</name><description>区域=w4 类别=草本湿地 带=edge 距母库=1.03km</description><Point><coordinates>102.816107,38.354220,0</coordinates></Point></Placemark>
<Placemark><name>M3A-w4-1616</name><description>区域=w4 类别=草本湿地 带=edge 距母库=1.21km</description><Point><coordinates>106.848824,40.260086,0</coordinates></Point></Placemark>
<Placemark><name>M3A-w4-1617</name><description>区域=w4 类别=草本湿地 带=edge 距母库=1.37km</description><Point><coordinates>101.010224,36.933983,0</coordinates></Point></Placemark>
<Placemark><name>M3A-w4-1618</name><description>区域=w4 类别=苔藓地衣 带=edge 距母库=1.36km</description><Point><coordinates>101.023159,37.167635,0</coordinates></Point></Placemark>
<Placemark><name>M3A-w4-1619</name><description>区域=w4 类别=苔藓地衣 带=edge 距母库=2.11km</description><Point><coordinates>101.004564,37.238243,0</coordinates></Point></Placemark>
<Placemark><name>M3A-w4-1620</name><description>区域=w4 类别=苔藓地衣 带=edge 距母库=1.14km</description><Point><coordinates>101.255194,36.967401,0</coordinates></Point></Placemark>
<Placemark><name>M3A-w4-1621</name><description>区域=w4 类别=苔藓地衣 带=edge 距母库=1.16km</description><Point><coordinates>102.104372,37.458420,0</coordinates></Point></Placemark>
<Placemark><name>M3A-w4-1622</name><description>区域=w4 类别=苔藓地衣 带=edge 距母库=1.63km</description><Point><coordinates>101.802538,37.648953,0</coordinates></Point></Placemark>
<Placemark><name>M3A-w4-1623</name><description>区域=w4 类别=苔藓地衣 带=edge 距母库=1.36km</description><Point><coordinates>101.016152,37.258185,0</coordinates></Point></Placemark>
<Placemark><name>M3A-w4-1624</name><description>区域=w4 类别=苔藓地衣 带=edge 距母库=1.25km</description><Point><coordinates>101.840806,37.619039,0</coordinates></Point></Placemark>
<Placemark><name>M3A-w4-1625</name><description>区域=w4 类别=苔藓地衣 带=edge 距母库=1.16km</description><Point><coordinates>101.711449,37.630896,0</coordinates></Point></Placemark>
<Placemark><name>M3A-w4-1626</name><description>区域=w4 类别=苔藓地衣 带=edge 距母库=1.11km</description><Point><coordinates>101.514717,37.308042,0</coordinates></Point></Placemark>
<Placemark><name>M3A-w4-1627</name><description>区域=w4 类别=苔藓地衣 带=edge 距母库=1.16km</description><Point><coordinates>102.100868,37.049327,0</coordinates></Point></Placemark>
<Placemark><name>M3A-w4-1628</name><description>区域=w4 类别=苔藓地衣 带=edge 距母库=1.30km</description><Point><coordinates>102.609404,37.289716,0</coordinates></Point></Placemark>
<Placemark><name>M3A-w4-1629</name><description>区域=w4 类别=苔藓地衣 带=edge 距母库=1.47km</description><Point><coordinates>101.153864,37.458689,0</coordinates></Point></Placemark>
<Placemark><name>M3A-w4-1630</name><description>区域=w4 类别=苔藓地衣 带=edge 距母库=1.31km</description><Point><coordinates>101.989567,37.675633,0</coordinates></Point></Placemark>
<Placemark><name>M3A-w4-1631</name><description>区域=w4 类别=苔藓地衣 带=edge 距母库=2.05km</description><Point><coordinates>102.567094,37.311545,0</coordinates></Point></Placemark>
<Placemark><name>M3A-w4-1632</name><description>区域=w4 类别=苔藓地衣 带=edge 距母库=2.17km</description><Point><coordinates>101.405303,37.336878,0</coordinates></Point></Placemark>
<Placemark><name>M3A-w4-1633</name><description>区域=w4 类别=苔藓地衣 带=edge 距母库=1.06km</description><Point><coordinates>101.085143,37.497766,0</coordinates></Point></Placemark>
<Placemark><name>M3A-w4-1634</name><description>区域=w4 类别=苔藓地衣 带=edge 距母库=1.00km</description><Point><coordinates>101.594757,37.252257,0</coordinates></Point></Placemark>
<Placemark><name>M3A-w4-1635</name><description>区域=w4 类别=苔藓地衣 带=edge 距母库=1.42km</description><Point><coordinates>101.130149,37.786395,0</coordinates></Point></Placemark>
<Placemark><name>M3A-w4-1636</name><description>区域=w4 类别=苔藓地衣 带=edge 距母库=1.02km</description><Point><coordinates>101.198870,36.293934,0</coordinates></Point></Placemark>
<Placemark><name>M3A-w4-1637</name><description>区域=w4 类别=苔藓地衣 带=edge 距母库=1.07km</description><Point><coordinates>101.946178,37.574572,0</coordinates></Point></Placemark>
<Placemark><name>M3A-w4-1638</name><description>区域=w4 类别=苔藓地衣 带=edge 距母库=1.25km</description><Point><coordinates>102.653871,37.062802,0</coordinates></Point></Placemark>
<Placemark><name>M3A-w4-1639</name><description>区域=w4 类别=苔藓地衣 带=edge 距母库=1.15km</description><Point><coordinates>102.566016,37.186230,0</coordinates></Point></Placemark>
<Placemark><name>M3A-w4-1640</name><description>区域=w4 类别=苔藓地衣 带=edge 距母库=1.07km</description><Point><coordinates>101.452464,37.781005,0</coordinates></Point></Placemark>
<Placemark><name>M3A-w4-1641</name><description>区域=w4 类别=苔藓地衣 带=edge 距母库=1.37km</description><Point><coordinates>102.069876,37.533609,0</coordinates></Point></Placemark>
<Placemark><name>M3A-w4-1642</name><description>区域=w4 类别=苔藓地衣 带=edge 距母库=1.05km</description><Point><coordinates>101.690967,37.493724,0</coordinates></Point></Placemark>
<Placemark><name>M3A-w4-1643</name><description>区域=w4 类别=苔藓地衣 带=edge 距母库=1.54km</description><Point><coordinates>101.582361,37.294567,0</coordinates></Point></Placemark>
<Placemark><name>M3A-w4-1644</name><description>区域=w4 类别=苔藓地衣 带=edge 距母库=1.58km</description><Point><coordinates>102.266607,37.437669,0</coordinates></Point></Placemark>
<Placemark><name>M3A-w4-1645</name><description>区域=w4 类别=苔藓地衣 带=edge 距母库=1.02km</description><Point><coordinates>102.020559,37.481596,0</coordinates></Point></Placemark>
<Placemark><name>M3A-w4-1646</name><description>区域=w4 类别=苔藓地衣 带=edge 距母库=1.06km</description><Point><coordinates>102.226453,37.619847,0</coordinates></Point></Placemark>
<Placemark><name>M3A-w4-1647</name><description>区域=w4 类别=苔藓地衣 带=edge 距母库=1.58km</description><Point><coordinates>102.218098,36.225482,0</coordinates></Point></Placemark>
<Placemark><name>M3A-w4-1648</name><description>区域=w4 类别=苔藓地衣 带=edge 距母库=1.40km</description><Point><coordinates>102.180100,37.654342,0</coordinates></Point></Placemark>
<Placemark><name>M3A-w4-1649</name><description>区域=w4 类别=苔藓地衣 带=edge 距母库=1.06km</description><Point><coordinates>101.226897,37.016988,0</coordinates></Point></Placemark>
<Placemark><name>M3A-w4-1650</name><description>区域=w4 类别=苔藓地衣 带=edge 距母库=2.29km</description><Point><coordinates>101.738667,37.226924,0</coordinates></Point></Placemark>
<Placemark><name>M3A-w4-1651</name><description>区域=w4 类别=苔藓地衣 带=edge 距母库=2.24km</description><Point><coordinates>102.229687,36.239496,0</coordinates></Point></Placemark>
<Placemark><name>M3A-w4-1652</name><description>区域=w4 类别=苔藓地衣 带=edge 距母库=1.10km</description><Point><coordinates>101.728966,37.627393,0</coordinates></Point></Placemark>
<Placemark><name>M3A-w4-1653</name><description>区域=w4 类别=苔藓地衣 带=edge 距母库=1.86km</description><Point><coordinates>101.361375,37.712284,0</coordinates></Point></Placemark>
<Placemark><name>M3A-w4-1654</name><description>区域=w4 类别=苔藓地衣 带=edge 距母库=1.15km</description><Point><coordinates>101.258159,37.909554,0</coordinates></Point></Placemark>
<Placemark><name>M3A-w4-1655</name><description>区域=w4 类别=苔藓地衣 带=edge 距母库=1.35km</description><Point><coordinates>101.091072,36.566393,0</coordinates></Point></Placemark>
<Placemark><name>M3A-w4-1656</name><description>区域=w4 类别=苔藓地衣 带=edge 距母库=1.09km</description><Point><coordinates>102.318889,36.795733,0</coordinates></Point></Placemark>
<Placemark><name>M3A-w4-1657</name><description>区域=w4 类别=苔藓地衣 带=edge 距母库=1.37km</description><Point><coordinates>101.906293,37.618500,0</coordinates></Point></Placemark>
<Placemark><name>M3A-w4-1658</name><description>区域=w4 类别=苔藓地衣 带=edge 距母库=2.06km</description><Point><coordinates>101.391828,37.828705,0</coordinates></Point></Placemark>
<Placemark><name>M3A-w4-1659</name><description>区域=w4 类别=苔藓地衣 带=edge 距母库=1.56km</description><Point><coordinates>101.884734,37.630088,0</coordinates></Point></Placemark>
<Placemark><name>M3A-w4-1660</name><description>区域=w4 类别=苔藓地衣 带=edge 距母库=1.67km</description><Point><coordinates>102.326974,36.245425,0</coordinates></Point></Placemark>
<Placemark><name>M3A-w4-1661</name><description>区域=w4 类别=苔藓地衣 带=edge 距母库=1.35km</description><Point><coordinates>102.085238,37.618500,0</coordinates></Point></Placemark>
<Placemark><name>M3A-w4-1662</name><description>区域=w4 类别=苔藓地衣 带=edge 距母库=1.34km</description><Point><coordinates>102.006276,37.668895,0</coordinates></Point></Placemark>
<Placemark><name>M3A-w4-1663</name><description>区域=w4 类别=苔藓地衣 带=edge 距母库=1.90km</description><Point><coordinates>102.153959,37.365714,0</coordinates></Point></Placemark>
<Placemark><name>M3A-w4-1664</name><description>区域=w4 类别=苔藓地衣 带=edge 距母库=2.55km</description><Point><coordinates>101.074902,37.198088,0</coordinates></Point></Placemark>
<Placemark><name>M3A-w4-1665</name><description>区域=w4 类别=苔藓地衣 带=edge 距母库=1.17km</description><Point><coordinates>102.208397,37.424464,0</coordinates></Point></Placemark>
<Placemark><name>M3A-w4-1666</name><description>区域=w4 类别=苔藓地衣 带=edge 距母库=1.25km</description><Point><coordinates>101.182161,37.863201,0</coordinates></Point></Placemark>
<Placemark><name>M3A-w4-1667</name><description>区域=w4 类别=苔藓地衣 带=edge 距母库=1.64km</description><Point><coordinates>101.285378,36.468836,0</coordinates></Point></Placemark>
<Placemark><name>M3A-w4-1668</name><description>区域=w4 类别=苔藓地衣 带=edge 距母库=1.13km</description><Point><coordinates>101.757263,37.622003,0</coordinates></Point></Placemark>
<Placemark><name>M3A-w4-1669</name><description>区域=w4 类别=苔藓地衣 带=edge 距母库=1.07km</description><Point><coordinates>101.647848,37.513127,0</coordinates></Point></Placemark>
<Placemark><name>M3A-w4-1670</name><description>区域=w4 类别=苔藓地衣 带=edge 距母库=1.60km</description><Point><coordinates>101.965582,37.574572,0</coordinates></Point></Placemark>
<Placemark><name>M3A-w4-1671</name><description>区域=w4 类别=苔藓地衣 带=edge 距母库=1.40km</description><Point><coordinates>102.003042,37.092985,0</coordinates></Point></Placemark>
<Placemark><name>M3A-w4-1672</name><description>区域=w4 类别=苔藓地衣 带=edge 距母库=1.74km</description><Point><coordinates>101.879344,37.515822,0</coordinates></Point></Placemark>
<Placemark><name>M3A-w4-1673</name><description>区域=w4 类别=苔藓地衣 带=edge 距母库=1.39km</description><Point><coordinates>102.096826,37.525255,0</coordinates></Point></Placemark>
<Placemark><name>M3A-w4-1674</name><description>区域=w4 类别=苔藓地衣 带=edge 距母库=1.72km</description><Point><coordinates>101.654585,37.710128,0</coordinates></Point></Placemark>
<Placemark><name>M3A-w4-1675</name><description>区域=w4 类别=苔藓地衣 带=edge 距母库=1.32km</description><Point><coordinates>101.293193,37.000279,0</coordinates></Point></Placemark>
<Placemark><name>M3A-w4-1676</name><description>区域=w4 类别=苔藓地衣 带=edge 距母库=1.60km</description><Point><coordinates>102.619915,37.290525,0</coordinates></Point></Placemark>
<Placemark><name>M3A-w4-1677</name><description>区域=w4 类别=苔藓地衣 带=edge 距母库=1.05km</description><Point><coordinates>101.049031,37.547892,0</coordinates></Point></Placemark>
<Placemark><name>M3A-w4-1678</name><description>区域=w4 类别=苔藓地衣 带=edge 距母库=1.69km</description><Point><coordinates>102.160427,37.523638,0</coordinates></Point></Placemark>
<Placemark><name>M3A-w4-1679</name><description>区域=w4 类别=苔藓地衣 带=edge 距母库=1.46km</description><Point><coordinates>102.038884,37.545197,0</coordinates></Point></Placemark>
<Placemark><name>M3A-w4-1680</name><description>区域=w4 类别=苔藓地衣 带=edge 距母库=1.45km</description><Point><coordinates>102.411865,36.826994,0</coordinates></Point></Placemark>
<Placemark><name>M3A-w4-1681</name><description>区域=w4 类别=苔藓地衣 带=edge 距母库=1.21km</description><Point><coordinates>101.244145,36.961202,0</coordinates></Point></Placemark>
<Placemark><name>M3A-w4-1682</name><description>区域=w4 类别=苔藓地衣 带=edge 距母库=1.10km</description><Point><coordinates>101.002947,36.617597,0</coordinates></Point></Placemark>
<Placemark><name>M3A-w4-1683</name><description>区域=w4 类别=苔藓地衣 带=edge 距母库=2.60km</description><Point><coordinates>101.438451,37.909015,0</coordinates></Point></Placemark>
<Placemark><name>M3A-w4-1684</name><description>区域=w4 类别=苔藓地衣 带=edge 距母库=1.38km</description><Point><coordinates>101.552986,37.529566,0</coordinates></Point></Placemark>
<Placemark><name>M3A-w4-1685</name><description>区域=w4 类别=苔藓地衣 带=edge 距母库=1.25km</description><Point><coordinates>102.117307,37.484291,0</coordinates></Point></Placemark>
<Placemark><name>M3A-w4-1686</name><description>区域=w4 类别=苔藓地衣 带=edge 距母库=1.53km</description><Point><coordinates>101.417430,37.671051,0</coordinates></Point></Placemark>
<Placemark><name>M3A-w4-1687</name><description>区域=w4 类别=苔藓地衣 带=edge 距母库=1.13km</description><Point><coordinates>101.585056,37.711745,0</coordinates></Point></Placemark>
<Placemark><name>M3A-w4-1688</name><description>区域=w4 类别=苔藓地衣 带=edge 距母库=1.57km</description><Point><coordinates>102.318889,36.866340,0</coordinates></Point></Placemark>
<Placemark><name>M3A-w4-1689</name><description>区域=w4 类别=苔藓地衣 带=edge 距母库=1.15km</description><Point><coordinates>102.505110,37.320708,0</coordinates></Point></Placemark>
<Placemark><name>M3A-w4-1690</name><description>区域=w4 类别=苔藓地衣 带=edge 距母库=1.38km</description><Point><coordinates>102.586497,37.178146,0</coordinates></Point></Placemark>
<Placemark><name>M3A-w5-1691</name><description>区域=w5 类别=乔木 带=core 距母库=18.30km</description><Point><coordinates>134.630751,47.313837,0</coordinates></Point></Placemark>
<Placemark><name>M3A-w5-1692</name><description>区域=w5 类别=乔木 带=core 距母库=1.05km</description><Point><coordinates>134.498160,48.240629,0</coordinates></Point></Placemark>
<Placemark><name>M3A-w5-1693</name><description>区域=w5 类别=乔木 带=core 距母库=12.69km</description><Point><coordinates>134.843113,48.180262,0</coordinates></Point></Placemark>
<Placemark><name>M3A-w5-1694</name><description>区域=w5 类别=乔木 带=core 距母库=52.77km</description><Point><coordinates>133.678896,48.739463,0</coordinates></Point></Placemark>
<Placemark><name>M3A-w5-1695</name><description>区域=w5 类别=乔木 带=core 距母库=52.11km</description><Point><coordinates>134.249686,48.856693,0</coordinates></Point></Placemark>
<Placemark><name>M3A-w5-1696</name><description>区域=w5 类别=乔木 带=core 距母库=13.39km</description><Point><coordinates>134.343200,47.023322,0</coordinates></Point></Placemark>
<Placemark><name>M3A-w5-1697</name><description>区域=w5 类别=乔木 带=core 距母库=3.22km</description><Point><coordinates>134.719415,47.597615,0</coordinates></Point></Placemark>
<Placemark><name>M3A-w5-1698</name><description>区域=w5 类别=乔木 带=core 距母库=2.02km</description><Point><coordinates>134.821284,48.291294,0</coordinates></Point></Placemark>
<Placemark><name>M3A-w5-1699</name><description>区域=w5 类别=乔木 带=core 距母库=10.23km</description><Point><coordinates>134.816702,47.859563,0</coordinates></Point></Placemark>
<Placemark><name>M3A-w5-1700</name><description>区域=w5 类别=乔木 带=core 距母库=7.39km</description><Point><coordinates>133.644131,48.258685,0</coordinates></Point></Placemark>
<Placemark><name>M3A-w5-1701</name><description>区域=w5 类别=乔木 带=core 距母库=20.59km</description><Point><coordinates>134.797838,47.379594,0</coordinates></Point></Placemark>
<Placemark><name>M3A-w5-1702</name><description>区域=w5 类别=乔木 带=core 距母库=17.29km</description><Point><coordinates>134.890813,47.536709,0</coordinates></Point></Placemark>
<Placemark><name>M3A-w5-1703</name><description>区域=w5 类别=乔木 带=core 距母库=40.95km</description><Point><coordinates>134.740705,47.003110,0</coordinates></Point></Placemark>
<Placemark><name>M3A-w5-1704</name><description>区域=w5 类别=乔木 带=core 距母库=26.73km</description><Point><coordinates>134.898359,47.391990,0</coordinates></Point></Placemark>
<Placemark><name>M3A-w5-1705</name><description>区域=w5 类别=乔木 带=core 距母库=2.19km</description><Point><coordinates>134.726961,47.640195,0</coordinates></Point></Placemark>
<Placemark><name>M3A-w5-1706</name><description>区域=w5 类别=乔木 带=core 距母库=30.76km</description><Point><coordinates>134.636141,47.156183,0</coordinates></Point></Placemark>
<Placemark><name>M3A-w5-1707</name><description>区域=w5 类别=乔木 带=core 距母库=40.74km</description><Point><coordinates>133.758667,48.644871,0</coordinates></Point></Placemark>
<Placemark><name>M3A-w5-1708</name><description>区域=w5 类别=乔木 带=core 距母库=60.34km</description><Point><coordinates>134.652850,48.958023,0</coordinates></Point></Placemark>
<Placemark><name>M3A-w5-1709</name><description>区域=w5 类别=乔木 带=core 距母库=9.37km</description><Point><coordinates>134.705401,47.487122,0</coordinates></Point></Placemark>
<Placemark><name>M3A-w5-1710</name><description>区域=w5 类别=乔木 带=core 距母库=39.19km</description><Point><coordinates>134.982711,47.266945,0</coordinates></Point></Placemark>
<Placemark><name>M3A-w5-1711</name><description>区域=w5 类别=乔木 带=core 距母库=25.99km</description><Point><coordinates>134.564994,47.078838,0</coordinates></Point></Placemark>
<Placemark><name>M3A-w5-1712</name><description>区域=w5 类别=乔木 带=core 距母库=1.15km</description><Point><coordinates>134.063196,47.383905,0</coordinates></Point></Placemark>
<Placemark><name>M3A-w5-1713</name><description>区域=w5 类别=乔木 带=core 距母库=28.68km</description><Point><coordinates>134.022232,48.607680,0</coordinates></Point></Placemark>
<Placemark><name>M3A-w5-1714</name><description>区域=w5 类别=乔木 带=core 距母库=42.96km</description><Point><coordinates>134.098499,48.759945,0</coordinates></Point></Placemark>
<Placemark><name>M3A-w5-1715</name><description>区域=w5 类别=乔木 带=core 距母库=10.82km</description><Point><coordinates>134.384164,47.330815,0</coordinates></Point></Placemark>
<Placemark><name>M3A-w5-1716</name><description>区域=w5 类别=乔木 带=core 距母库=17.68km</description><Point><coordinates>134.921536,47.580906,0</coordinates></Point></Placemark>
<Placemark><name>M3A-w5-1717</name><description>区域=w5 类别=乔木 带=core 距母库=14.15km</description><Point><coordinates>134.682494,47.378246,0</coordinates></Point></Placemark>
<Placemark><name>M3A-w5-1718</name><description>区域=w5 类别=乔木 带=core 距母库=37.67km</description><Point><coordinates>134.852006,47.200380,0</coordinates></Point></Placemark>
<Placemark><name>M3A-w5-1719</name><description>区域=w5 类别=乔木 带=core 距母库=9.31km</description><Point><coordinates>134.370958,47.342942,0</coordinates></Point></Placemark>
<Placemark><name>M3A-w5-1720</name><description>区域=w5 类别=乔木 带=core 距母库=48.11km</description><Point><coordinates>134.874644,47.099589,0</coordinates></Point></Placemark>
<Placemark><name>M3A-w5-1721</name><description>区域=w5 类别=乔木 带=core 距母库=79.57km</description><Point><coordinates>133.617182,48.989285,0</coordinates></Point></Placemark>
<Placemark><name>M3A-w5-1722</name><description>区域=w5 类别=乔木 带=core 距母库=9.04km</description><Point><coordinates>134.846886,48.228232,0</coordinates></Point></Placemark>
<Placemark><name>M3A-w5-1723</name><description>区域=w5 类别=乔木 带=core 距母库=13.96km</description><Point><coordinates>134.410574,47.108212,0</coordinates></Point></Placemark>
<Placemark><name>M3A-w5-1724</name><description>区域=w5 类别=乔木 带=core 距母库=2.51km</description><Point><coordinates>134.121676,48.354625,0</coordinates></Point></Placemark>
<Placemark><name>M3A-w5-1725</name><description>区域=w5 类别=乔木 带=core 距母库=1.69km</description><Point><coordinates>134.078557,48.347618,0</coordinates></Point></Placemark>
<Placemark><name>M3A-w5-1726</name><description>区域=w5 类别=乔木 带=core 距母库=50.32km</description><Point><coordinates>133.699647,48.721946,0</coordinates></Point></Placemark>
<Placemark><name>M3A-w5-1727</name><description>区域=w5 类别=乔木 带=core 距母库=26.21km</description><Point><coordinates>134.321641,48.625467,0</coordinates></Point></Placemark>
<Placemark><name>M3A-w5-1728</name><description>区域=w5 类别=乔木 带=core 距母库=21.36km</description><Point><coordinates>134.497890,47.254818,0</coordinates></Point></Placemark>
<Placemark><name>M3A-w5-1729</name><description>区域=w5 类别=乔木 带=core 距母库=17.12km</description><Point><coordinates>134.845808,47.984339,0</coordinates></Point></Placemark>
<Placemark><name>M3A-w5-1730</name><description>区域=w5 类别=乔木 带=core 距母库=53.37km</description><Point><coordinates>134.918032,47.025208,0</coordinates></Point></Placemark>
<Placemark><name>M3A-w5-1731</name><description>区域=w5 类别=乔木 带=core 距母库=17.60km</description><Point><coordinates>134.802689,47.445620,0</coordinates></Point></Placemark>
<Placemark><name>M3A-w5-1732</name><description>区域=w5 类别=乔木 带=core 距母库=44.59km</description><Point><coordinates>134.994299,47.201458,0</coordinates></Point></Placemark>
<Placemark><name>M3A-w5-1733</name><description>区域=w5 类别=乔木 带=core 距母库=4.93km</description><Point><coordinates>134.179887,47.051619,0</coordinates></Point></Placemark>
<Placemark><name>M3A-w5-1734</name><description>区域=w5 类别=乔木 带=core 距母库=13.68km</description><Point><coordinates>134.881651,48.193467,0</coordinates></Point></Placemark>
<Placemark><name>M3A-w5-1735</name><description>区域=w5 类别=乔木 带=core 距母库=12.49km</description><Point><coordinates>134.596525,47.361268,0</coordinates></Point></Placemark>
<Placemark><name>M3A-w5-1736</name><description>区域=w5 类别=乔木 带=core 距母库=49.07km</description><Point><coordinates>133.421529,48.637055,0</coordinates></Point></Placemark>
<Placemark><name>M3A-w5-1737</name><description>区域=w5 类别=乔木 带=core 距母库=12.19km</description><Point><coordinates>134.319485,47.022513,0</coordinates></Point></Placemark>
<Placemark><name>M3A-w5-1738</name><description>区域=w5 类别=乔木 带=core 距母库=38.10km</description><Point><coordinates>134.751215,47.155105,0</coordinates></Point></Placemark>
<Placemark><name>M3A-w5-1739</name><description>区域=w5 类别=乔木 带=core 距母库=20.73km</description><Point><coordinates>134.975165,47.583062,0</coordinates></Point></Placemark>
<Placemark><name>M3A-w5-1740</name><description>区域=w5 类别=乔木 带=core 距母库=74.88km</description><Point><coordinates>133.420720,48.891189,0</coordinates></Point></Placemark>
<Placemark><name>M3A-w5-1741</name><description>区域=w5 类别=乔木 带=core 距母库=72.57km</description><Point><coordinates>133.469768,48.880678,0</coordinates></Point></Placemark>
<Placemark><name>M3A-w5-1742</name><description>区域=w5 类别=乔木 带=core 距母库=4.99km</description><Point><coordinates>134.445069,47.401423,0</coordinates></Point></Placemark>
<Placemark><name>M3A-w5-1743</name><description>区域=w5 类别=乔木 带=core 距母库=27.06km</description><Point><coordinates>134.251033,48.623311,0</coordinates></Point></Placemark>
<Placemark><name>M3A-w5-1744</name><description>区域=w5 类别=乔木 带=core 距母库=3.63km</description><Point><coordinates>134.726152,47.599232,0</coordinates></Point></Placemark>
<Placemark><name>M3A-w5-1745</name><description>区域=w5 类别=乔木 带=core 距母库=35.10km</description><Point><coordinates>133.021868,48.435743,0</coordinates></Point></Placemark>
<Placemark><name>M3A-w5-1746</name><description>区域=w5 类别=乔木 带=core 距母库=87.72km</description><Point><coordinates>133.044775,48.915174,0</coordinates></Point></Placemark>
<Placemark><name>M3A-w5-1747</name><description>区域=w5 类别=乔木 带=core 距母库=7.54km</description><Point><coordinates>134.665516,47.999970,0</coordinates></Point></Placemark>
<Placemark><name>M3A-w5-1748</name><description>区域=w5 类别=乔木 带=core 距母库=33.55km</description><Point><coordinates>134.662821,47.064824,0</coordinates></Point></Placemark>
<Placemark><name>M3A-w5-1749</name><description>区域=w5 类别=乔木 带=core 距母库=2.92km</description><Point><coordinates>133.119695,48.153043,0</coordinates></Point></Placemark>
<Placemark><name>M3A-w5-1750</name><description>区域=w5 类别=乔木 带=core 距母库=6.34km</description><Point><coordinates>134.874913,48.270273,0</coordinates></Point></Placemark>
<Placemark><name>M3A-w5-1751</name><description>区域=w5 类别=乔木 带=core 距母库=13.44km</description><Point><coordinates>134.370419,47.045420,0</coordinates></Point></Placemark>
<Placemark><name>M3A-w5-1752</name><description>区域=w5 类别=乔木 带=core 距母库=7.69km</description><Point><coordinates>134.557449,47.395494,0</coordinates></Point></Placemark>
<Placemark><name>M3A-w5-1753</name><description>区域=w5 类别=乔木 带=core 距母库=10.81km</description><Point><coordinates>134.332421,47.250775,0</coordinates></Point></Placemark>
<Placemark><name>M3A-w5-1754</name><description>区域=w5 类别=乔木 带=core 距母库=16.87km</description><Point><coordinates>134.450729,47.177473,0</coordinates></Point></Placemark>
<Placemark><name>M3A-w5-1755</name><description>区域=w5 类别=乔木 带=core 距母库=2.07km</description><Point><coordinates>134.836914,48.301804,0</coordinates></Point></Placemark>
<Placemark><name>M3A-w5-1756</name><description>区域=w5 类别=乔木 带=core 距母库=21.97km</description><Point><coordinates>134.514599,47.093390,0</coordinates></Point></Placemark>
<Placemark><name>M3A-w5-1757</name><description>区域=w5 类别=乔木 带=core 距母库=4.21km</description><Point><coordinates>134.728578,47.580367,0</coordinates></Point></Placemark>
<Placemark><name>M3A-w5-1758</name><description>区域=w5 类别=乔木 带=core 距母库=11.36km</description><Point><coordinates>134.348860,47.290121,0</coordinates></Point></Placemark>
<Placemark><name>M3A-w5-1759</name><description>区域=w5 类别=乔木 带=core 距母库=21.87km</description><Point><coordinates>134.839340,47.409777,0</coordinates></Point></Placemark>
<Placemark><name>M3A-w5-1760</name><description>区域=w5 类别=乔木 带=core 距母库=1.40km</description><Point><coordinates>134.636680,47.911306,0</coordinates></Point></Placemark>
<Placemark><name>M3A-w5-1761</name><description>区域=w5 类别=乔木 带=core 距母库=57.36km</description><Point><coordinates>134.977860,47.044612,0</coordinates></Point></Placemark>
<Placemark><name>M3A-w5-1762</name><description>区域=w5 类别=乔木 带=core 距母库=30.95km</description><Point><coordinates>134.728578,47.221400,0</coordinates></Point></Placemark>
<Placemark><name>M3A-w5-1763</name><description>区域=w5 类别=乔木 带=core 距母库=4.87km</description><Point><coordinates>134.887040,48.483443,0</coordinates></Point></Placemark>
<Placemark><name>M3A-w5-1764</name><description>区域=w5 类别=乔木 带=core 距母库=3.48km</description><Point><coordinates>134.161831,48.392354,0</coordinates></Point></Placemark>
<Placemark><name>M3A-w5-1765</name><description>区域=w5 类别=乔木 带=core 距母库=59.15km</description><Point><coordinates>134.640992,48.944010,0</coordinates></Point></Placemark>
<Placemark><name>M3A-w5-1766</name><description>区域=w5 类别=乔木 带=core 距母库=59.10km</description><Point><coordinates>134.772505,48.966647,0</coordinates></Point></Placemark>
<Placemark><name>M3A-w5-1767</name><description>区域=w5 类别=乔木 带=core 距母库=79.83km</description><Point><coordinates>133.500760,48.957754,0</coordinates></Point></Placemark>
<Placemark><name>M3A-w5-1768</name><description>区域=w5 类别=乔木 带=core 距母库=1.16km</description><Point><coordinates>134.874374,48.328484,0</coordinates></Point></Placemark>
<Placemark><name>M3A-w5-1769</name><description>区域=w5 类别=乔木 带=core 距母库=38.82km</description><Point><coordinates>134.891622,47.207656,0</coordinates></Point></Placemark>
<Placemark><name>M3A-w5-1770</name><description>区域=w5 类别=乔木 带=core 距母库=3.53km</description><Point><coordinates>134.208184,48.411758,0</coordinates></Point></Placemark>
<Placemark><name>M3A-w5-1771</name><description>区域=w5 类别=乔木 带=core 距母库=39.65km</description><Point><coordinates>134.842304,47.174778,0</coordinates></Point></Placemark>
<Placemark><name>M3A-w5-1772</name><description>区域=w5 类别=乔木 带=core 距母库=4.08km</description><Point><coordinates>134.206836,47.067249,0</coordinates></Point></Placemark>
<Placemark><name>M3A-w5-1773</name><description>区域=w5 类别=乔木 带=core 距母库=21.15km</description><Point><coordinates>134.792987,47.365849,0</coordinates></Point></Placemark>
<Placemark><name>M3A-w5-1774</name><description>区域=w5 类别=乔木 带=core 距母库=2.34km</description><Point><coordinates>134.322988,47.412741,0</coordinates></Point></Placemark>
<Placemark><name>M3A-w5-1775</name><description>区域=w5 类别=乔木 带=core 距母库=57.57km</description><Point><coordinates>134.348590,48.926223,0</coordinates></Point></Placemark>
<Placemark><name>M3A-w5-1776</name><description>区域=w5 类别=乔木 带=core 距母库=46.51km</description><Point><coordinates>134.883268,47.119531,0</coordinates></Point></Placemark>
<Placemark><name>M3A-w5-1777</name><description>区域=w5 类别=乔木 带=core 距母库=56.05km</description><Point><coordinates>133.890449,48.839176,0</coordinates></Point></Placemark>
<Placemark><name>M3A-w5-1778</name><description>区域=w5 类别=乔木 带=core 距母库=48.02km</description><Point><coordinates>133.429075,48.628970,0</coordinates></Point></Placemark>
<Placemark><name>M3A-w5-1779</name><description>区域=w5 类别=乔木 带=core 距母库=4.49km</description><Point><coordinates>134.163717,47.021705,0</coordinates></Point></Placemark>
<Placemark><name>M3A-w5-1780</name><description>区域=w5 类别=乔木 带=core 距母库=76.13km</description><Point><coordinates>133.405629,48.899543,0</coordinates></Point></Placemark>
<Placemark><name>M3A-w5-1781</name><description>区域=w5 类别=乔木 带=core 距母库=28.89km</description><Point><coordinates>134.981094,47.429181,0</coordinates></Point></Placemark>
<Placemark><name>M3A-w5-1782</name><description>区域=w5 类别=乔木 带=core 距母库=65.49km</description><Point><coordinates>134.393057,49.003029,0</coordinates></Point></Placemark>
<Placemark><name>M3A-w5-1783</name><description>区域=w5 类别=乔木 带=core 距母库=1.13km</description><Point><coordinates>133.781035,47.061859,0</coordinates></Point></Placemark>
<Placemark><name>M3A-w5-1784</name><description>区域=w5 类别=乔木 带=core 距母库=3.50km</description><Point><coordinates>134.710521,48.169213,0</coordinates></Point></Placemark>
<Placemark><name>M3A-w5-1785</name><description>区域=w5 类别=乔木 带=core 距母库=37.62km</description><Point><coordinates>134.799185,47.179090,0</coordinates></Point></Placemark>
<Placemark><name>M3A-w5-1786</name><description>区域=w5 类别=乔木 带=core 距母库=51.12km</description><Point><coordinates>133.754894,48.749435,0</coordinates></Point></Placemark>
<Placemark><name>M3A-w5-1787</name><description>区域=w5 类别=乔木 带=core 距母库=17.75km</description><Point><coordinates>134.897820,48.134178,0</coordinates></Point></Placemark>
<Placemark><name>M3A-w5-1788</name><description>区域=w5 类别=乔木 带=core 距母库=8.03km</description><Point><coordinates>133.427188,48.192928,0</coordinates></Point></Placemark>
<Placemark><name>M3A-w5-1789</name><description>区域=w5 类别=乔木 带=core 距母库=31.30km</description><Point><coordinates>134.788136,47.240265,0</coordinates></Point></Placemark>
<Placemark><name>M3A-w5-1790</name><description>区域=w5 类别=乔木 带=core 距母库=29.46km</description><Point><coordinates>134.618893,47.127347,0</coordinates></Point></Placemark>
<Placemark><name>M3A-w5-1791</name><description>区域=w5 类别=乔木 带=core 距母库=21.30km</description><Point><coordinates>134.509748,47.163728,0</coordinates></Point></Placemark>
<Placemark><name>M3A-w5-1792</name><description>区域=w5 类别=乔木 带=core 距母库=17.89km</description><Point><coordinates>134.462586,47.193642,0</coordinates></Point></Placemark>
<Placemark><name>M3A-w5-1793</name><description>区域=w5 类别=乔木 带=core 距母库=32.83km</description><Point><coordinates>134.689231,47.185827,0</coordinates></Point></Placemark>
<Placemark><name>M3A-w5-1794</name><description>区域=w5 类别=乔木 带=core 距母库=1.16km</description><Point><coordinates>133.901229,47.055392,0</coordinates></Point></Placemark>
<Placemark><name>M3A-w5-1795</name><description>区域=w5 类别=乔木 带=core 距母库=47.98km</description><Point><coordinates>133.717973,48.704698,0</coordinates></Point></Placemark>
<Placemark><name>M3A-w5-1796</name><description>区域=w5 类别=乔木 带=core 距母库=31.09km</description><Point><coordinates>134.867637,47.287157,0</coordinates></Point></Placemark>
<Placemark><name>M3A-w5-1797</name><description>区域=w5 类别=乔木 带=core 距母库=29.98km</description><Point><coordinates>134.981364,47.413280,0</coordinates></Point></Placemark>
<Placemark><name>M3A-w5-1798</name><description>区域=w5 类别=乔木 带=core 距母库=3.82km</description><Point><coordinates>134.577661,48.437629,0</coordinates></Point></Placemark>
<Placemark><name>M3A-w5-1799</name><description>区域=w5 类别=乔木 带=core 距母库=4.34km</description><Point><coordinates>134.731542,48.208289,0</coordinates></Point></Placemark>
<Placemark><name>M3A-w5-1800</name><description>区域=w5 类别=乔木 带=core 距母库=54.73km</description><Point><coordinates>134.929890,47.004996,0</coordinates></Point></Placemark>
<Placemark><name>M3A-w5-1801</name><description>区域=w5 类别=乔木 带=core 距母库=32.93km</description><Point><coordinates>133.102178,48.423885,0</coordinates></Point></Placemark>
<Placemark><name>M3A-w5-1802</name><description>区域=w5 类别=乔木 带=core 距母库=74.87km</description><Point><coordinates>133.410749,48.888763,0</coordinates></Point></Placemark>
<Placemark><name>M3A-w5-1803</name><description>区域=w5 类别=乔木 带=core 距母库=10.64km</description><Point><coordinates>134.368263,47.178820,0</coordinates></Point></Placemark>
<Placemark><name>M3A-w5-1804</name><description>区域=w5 类别=乔木 带=core 距母库=74.06km</description><Point><coordinates>133.437429,48.887146,0</coordinates></Point></Placemark>
<Placemark><name>M3A-w5-1805</name><description>区域=w5 类别=乔木 带=core 距母库=12.29km</description><Point><coordinates>134.782746,48.063032,0</coordinates></Point></Placemark>
<Placemark><name>M3A-w5-1806</name><description>区域=w5 类别=乔木 带=core 距母库=22.55km</description><Point><coordinates>134.965463,47.931249,0</coordinates></Point></Placemark>
<Placemark><name>M3A-w5-1807</name><description>区域=w5 类别=乔木 带=core 距母库=5.94km</description><Point><coordinates>134.754180,48.199396,0</coordinates></Point></Placemark>
<Placemark><name>M3A-w5-1808</name><description>区域=w5 类别=乔木 带=core 距母库=11.90km</description><Point><coordinates>134.823709,47.553957,0</coordinates></Point></Placemark>
<Placemark><name>M3A-w5-1809</name><description>区域=w5 类别=灌丛 带=core 距母库=5.65km</description><Point><coordinates>134.175305,48.426849,0</coordinates></Point></Placemark>
<Placemark><name>M3A-w5-1810</name><description>区域=w5 类别=草地 带=core 距母库=26.95km</description><Point><coordinates>134.424318,48.655381,0</coordinates></Point></Placemark>
<Placemark><name>M3A-w5-1811</name><description>区域=w5 类别=草地 带=core 距母库=36.62km</description><Point><coordinates>134.830177,48.768030,0</coordinates></Point></Placemark>
<Placemark><name>M3A-w5-1812</name><description>区域=w5 类别=草地 带=core 距母库=39.80km</description><Point><coordinates>134.796221,48.792823,0</coordinates></Point></Placemark>
<Placemark><name>M3A-w5-1813</name><description>区域=w5 类别=草地 带=core 距母库=41.09km</description><Point><coordinates>134.368533,48.777462,0</coordinates></Point></Placemark>
<Placemark><name>M3A-w5-1814</name><description>区域=w5 类别=草地 带=core 距母库=85.20km</description><Point><coordinates>133.310767,48.962874,0</coordinates></Point></Placemark>
<Placemark><name>M3A-w5-1815</name><description>区域=w5 类别=草地 带=core 距母库=58.35km</description><Point><coordinates>134.922075,48.969612,0</coordinates></Point></Placemark>
<Placemark><name>M3A-w5-1816</name><description>区域=w5 类别=草地 带=core 距母库=51.38km</description><Point><coordinates>134.592213,48.876366,0</coordinates></Point></Placemark>
<Placemark><name>M3A-w5-1817</name><description>区域=w5 类别=草地 带=core 距母库=52.64km</description><Point><coordinates>134.964116,48.922181,0</coordinates></Point></Placemark>
<Placemark><name>M3A-w5-1818</name><description>区域=w5 类别=草地 带=core 距母库=56.44km</description><Point><coordinates>134.204411,48.887685,0</coordinates></Point></Placemark>
<Placemark><name>M3A-w5-1819</name><description>区域=w5 类别=草地 带=core 距母库=63.02km</description><Point><coordinates>133.009202,48.689068,0</coordinates></Point></Placemark>
<Placemark><name>M3A-w5-1820</name><description>区域=w5 类别=草地 带=core 距母库=50.95km</description><Point><coordinates>133.941653,48.803872,0</coordinates></Point></Placemark>
<Placemark><name>M3A-w5-1821</name><description>区域=w5 类别=草地 带=core 距母库=1.58km</description><Point><coordinates>134.244835,47.155105,0</coordinates></Point></Placemark>
<Placemark><name>M3A-w5-1822</name><description>区域=w5 类别=草地 带=core 距母库=2.99km</description><Point><coordinates>134.193361,47.277455,0</coordinates></Point></Placemark>
<Placemark><name>M3A-w5-1823</name><description>区域=w5 类别=草地 带=core 距母库=55.92km</description><Point><coordinates>134.462047,48.920564,0</coordinates></Point></Placemark>
<Placemark><name>M3A-w5-1824</name><description>区域=w5 类别=草地 带=core 距母库=86.98km</description><Point><coordinates>133.266031,48.967456,0</coordinates></Point></Placemark>
<Placemark><name>M3A-w5-1825</name><description>区域=w5 类别=草地 带=core 距母库=94.71km</description><Point><coordinates>133.043967,48.978235,0</coordinates></Point></Placemark>
<Placemark><name>M3A-w5-1826</name><description>区域=w5 类别=草地 带=core 距母库=34.28km</description><Point><coordinates>133.218060,48.436551,0</coordinates></Point></Placemark>
<Placemark><name>M3A-w5-1827</name><description>区域=w5 类别=草地 带=core 距母库=36.14km</description><Point><coordinates>134.478487,48.742967,0</coordinates></Point></Placemark>
<Placemark><name>M3A-w5-1828</name><description>区域=w5 类别=草地 带=core 距母库=13.15km</description><Point><coordinates>134.403567,47.147828,0</coordinates></Point></Placemark>
<Placemark><name>M3A-w5-1829</name><description>区域=w5 类别=草地 带=core 距母库=66.27km</description><Point><coordinates>133.641167,48.864509,0</coordinates></Point></Placemark>
<Placemark><name>M3A-w5-1830</name><description>区域=w5 类别=草地 带=core 距母库=58.02km</description><Point><coordinates>134.236211,48.910053,0</coordinates></Point></Placemark>
<Placemark><name>M3A-w5-1831</name><description>区域=w5 类别=草地 带=core 距母库=24.33km</description><Point><coordinates>134.633446,48.626006,0</coordinates></Point></Placemark>
<Placemark><name>M3A-w5-1832</name><description>区域=w5 类别=草地 带=core 距母库=30.34km</description><Point><coordinates>134.696238,48.677749,0</coordinates></Point></Placemark>
<Placemark><name>M3A-w5-1833</name><description>区域=w5 类别=草地 带=core 距母库=45.11km</description><Point><coordinates>133.367899,48.569143,0</coordinates></Point></Placemark>
<Placemark><name>M3A-w5-1834</name><description>区域=w5 类别=草地 带=core 距母库=33.00km</description><Point><coordinates>133.865117,48.603638,0</coordinates></Point></Placemark>
<Placemark><name>M3A-w5-1835</name><description>区域=w5 类别=草地 带=core 距母库=63.56km</description><Point><coordinates>133.980730,48.932152,0</coordinates></Point></Placemark>
<Placemark><name>M3A-w5-1836</name><description>区域=w5 类别=草地 带=core 距母库=91.18km</description><Point><coordinates>133.224259,48.996292,0</coordinates></Point></Placemark>
<Placemark><name>M3A-w5-1837</name><description>区域=w5 类别=草地 带=core 距母库=48.86km</description><Point><coordinates>134.252111,48.825971,0</coordinates></Point></Placemark>
<Placemark><name>M3A-w5-1838</name><description>区域=w5 类别=草地 带=core 距母库=44.81km</description><Point><coordinates>134.826135,48.842410,0</coordinates></Point></Placemark>
<Placemark><name>M3A-w5-1839</name><description>区域=w5 类别=草地 带=core 距母库=50.52km</description><Point><coordinates>133.400239,48.643793,0</coordinates></Point></Placemark>
<Placemark><name>M3A-w5-1840</name><description>区域=w5 类别=草地 带=core 距母库=46.02km</description><Point><coordinates>133.809062,48.715209,0</coordinates></Point></Placemark>
<Placemark><name>M3A-w5-1841</name><description>区域=w5 类别=草地 带=core 距母库=45.27km</description><Point><coordinates>133.487825,48.621694,0</coordinates></Point></Placemark>
<Placemark><name>M3A-w5-1842</name><description>区域=w5 类别=草地 带=core 距母库=73.08km</description><Point><coordinates>133.623380,48.927031,0</coordinates></Point></Placemark>
<Placemark><name>M3A-w5-1843</name><description>区域=w5 类别=草地 带=core 距母库=58.50km</description><Point><coordinates>133.209167,48.654842,0</coordinates></Point></Placemark>
<Placemark><name>M3A-w5-1844</name><description>区域=w5 类别=草地 带=core 距母库=37.05km</description><Point><coordinates>133.936803,48.661849,0</coordinates></Point></Placemark>
<Placemark><name>M3A-w5-1845</name><description>区域=w5 类别=草地 带=core 距母库=63.10km</description><Point><coordinates>134.167759,48.946974,0</coordinates></Point></Placemark>
<Placemark><name>M3A-w5-1846</name><description>区域=w5 类别=草地 带=core 距母库=51.51km</description><Point><coordinates>134.435637,48.879600,0</coordinates></Point></Placemark>
<Placemark><name>M3A-w5-1847</name><description>区域=w5 类别=草地 带=core 距母库=41.90km</description><Point><coordinates>134.533194,48.794440,0</coordinates></Point></Placemark>
<Placemark><name>M3A-w5-1848</name><description>区域=w5 类别=草地 带=core 距母库=35.45km</description><Point><coordinates>134.529152,48.736499,0</coordinates></Point></Placemark>
<Placemark><name>M3A-w5-1849</name><description>区域=w5 类别=草地 带=core 距母库=39.06km</description><Point><coordinates>134.302507,48.744314,0</coordinates></Point></Placemark>
<Placemark><name>M3A-w5-1850</name><description>区域=w5 类别=草地 带=core 距母库=42.61km</description><Point><coordinates>134.780051,48.816269,0</coordinates></Point></Placemark>
<Placemark><name>M3A-w5-1851</name><description>区域=w5 类别=草地 带=core 距母库=9.93km</description><Point><coordinates>134.339697,47.301979,0</coordinates></Point></Placemark>
<Placemark><name>M3A-w5-1852</name><description>区域=w5 类别=草地 带=core 距母库=49.15km</description><Point><coordinates>134.758492,48.873402,0</coordinates></Point></Placemark>
<Placemark><name>M3A-w5-1853</name><description>区域=w5 类别=草地 带=core 距母库=36.41km</description><Point><coordinates>134.688153,48.734882,0</coordinates></Point></Placemark>
<Placemark><name>M3A-w5-1854</name><description>区域=w5 类别=草地 带=core 距母库=59.13km</description><Point><coordinates>134.279600,48.929726,0</coordinates></Point></Placemark>
<Placemark><name>M3A-w5-1855</name><description>区域=w5 类别=草地 带=core 距母库=45.76km</description><Point><coordinates>134.962768,48.859388,0</coordinates></Point></Placemark>
<Placemark><name>M3A-w5-1856</name><description>区域=w5 类别=草地 带=core 距母库=70.73km</description><Point><coordinates>133.582417,48.889302,0</coordinates></Point></Placemark>
<Placemark><name>M3A-w5-1857</name><description>区域=w5 类别=草地 带=core 距母库=2.37km</description><Point><coordinates>134.138654,47.030329,0</coordinates></Point></Placemark>
<Placemark><name>M3A-w5-1858</name><description>区域=w5 类别=草地 带=core 距母库=34.89km</description><Point><coordinates>133.306724,48.440863,0</coordinates></Point></Placemark>
<Placemark><name>M3A-w5-1859</name><description>区域=w5 类别=草地 带=core 距母库=35.10km</description><Point><coordinates>134.737471,48.736768,0</coordinates></Point></Placemark>
<Placemark><name>M3A-w5-1860</name><description>区域=w5 类别=草地 带=core 距母库=56.47km</description><Point><coordinates>134.183660,48.887685,0</coordinates></Point></Placemark>
<Placemark><name>M3A-w5-1861</name><description>区域=w5 类别=草地 带=core 距母库=34.46km</description><Point><coordinates>134.447495,48.726258,0</coordinates></Point></Placemark>
<Placemark><name>M3A-w5-1862</name><description>区域=w5 类别=草地 带=core 距母库=50.59km</description><Point><coordinates>134.148086,48.833517,0</coordinates></Point></Placemark>
<Placemark><name>M3A-w5-1863</name><description>区域=w5 类别=草地 带=core 距母库=45.78km</description><Point><coordinates>134.679530,48.824893,0</coordinates></Point></Placemark>
<Placemark><name>M3A-w5-1864</name><description>区域=w5 类别=草地 带=core 距母库=54.75km</description><Point><coordinates>133.003004,48.613070,0</coordinates></Point></Placemark>
<Placemark><name>M3A-w5-1865</name><description>区域=w5 类别=草地 带=core 距母库=80.51km</description><Point><coordinates>133.337177,48.924337,0</coordinates></Point></Placemark>
<Placemark><name>M3A-w5-1866</name><description>区域=w5 类别=草地 带=core 距母库=54.14km</description><Point><coordinates>133.997708,48.847261,0</coordinates></Point></Placemark>
<Placemark><name>M3A-w5-1867</name><description>区域=w5 类别=草地 带=core 距母库=44.73km</description><Point><coordinates>134.665246,48.810610,0</coordinates></Point></Placemark>
<Placemark><name>M3A-w5-1868</name><description>区域=w5 类别=草地 带=core 距母库=37.18km</description><Point><coordinates>134.359640,48.739463,0</coordinates></Point></Placemark>
<Placemark><name>M3A-w5-1869</name><description>区域=w5 类别=草地 带=core 距母库=1.48km</description><Point><coordinates>134.173149,47.252392,0</coordinates></Point></Placemark>
<Placemark><name>M3A-w5-1870</name><description>区域=w5 类别=草地 带=core 距母库=67.92km</description><Point><coordinates>133.858649,48.946435,0</coordinates></Point></Placemark>
<Placemark><name>M3A-w5-1871</name><description>区域=w5 类别=草地 带=core 距母库=17.28km</description><Point><coordinates>134.545860,48.570760,0</coordinates></Point></Placemark>
<Placemark><name>M3A-w5-1872</name><description>区域=w5 类别=草地 带=core 距母库=33.24km</description><Point><coordinates>134.687884,48.704429,0</coordinates></Point></Placemark>
<Placemark><name>M3A-w5-1873</name><description>区域=w5 类别=草地 带=core 距母库=29.11km</description><Point><coordinates>134.639375,48.668856,0</coordinates></Point></Placemark>
<Placemark><name>M3A-w5-1874</name><description>区域=w5 类别=耕地 带=core 距母库=1.22km</description><Point><coordinates>133.002734,47.815366,0</coordinates></Point></Placemark>
<Placemark><name>M3A-w5-1875</name><description>区域=w5 类别=耕地 带=core 距母库=1.48km</description><Point><coordinates>134.274479,47.547758,0</coordinates></Point></Placemark>
<Placemark><name>M3A-w5-1876</name><description>区域=w5 类别=耕地 带=core 距母库=1.12km</description><Point><coordinates>133.695066,47.935830,0</coordinates></Point></Placemark>
<Placemark><name>M3A-w5-1877</name><description>区域=w5 类别=耕地 带=core 距母库=1.11km</description><Point><coordinates>133.276810,47.362076,0</coordinates></Point></Placemark>
<Placemark><name>M3A-w5-1878</name><description>区域=w5 类别=耕地 带=core 距母库=1.04km</description><Point><coordinates>134.099038,48.209906,0</coordinates></Point></Placemark>
<Placemark><name>M3A-w5-1879</name><description>区域=w5 类别=耕地 带=core 距母库=7.82km</description><Point><coordinates>134.618624,47.417592,0</coordinates></Point></Placemark>
<Placemark><name>M3A-w5-1880</name><description>区域=w5 类别=耕地 带=core 距母库=1.26km</description><Point><coordinates>133.834934,48.109924,0</coordinates></Point></Placemark>
<Placemark><name>M3A-w5-1881</name><description>区域=w5 类别=耕地 带=core 距母库=1.14km</description><Point><coordinates>133.948930,47.440230,0</coordinates></Point></Placemark>
<Placemark><name>M3A-w5-1882</name><description>区域=w5 类别=耕地 带=core 距母库=1.15km</description><Point><coordinates>133.354694,47.302518,0</coordinates></Point></Placemark>
<Placemark><name>M3A-w5-1883</name><description>区域=w5 类别=耕地 带=core 距母库=1.09km</description><Point><coordinates>133.871854,47.973560,0</coordinates></Point></Placemark>
<Placemark><name>M3A-w5-1884</name><description>区域=w5 类别=耕地 带=core 距母库=1.16km</description><Point><coordinates>134.837992,48.358398,0</coordinates></Point></Placemark>
<Placemark><name>M3A-w5-1885</name><description>区域=w5 类别=耕地 带=core 距母库=1.43km</description><Point><coordinates>133.862422,48.074081,0</coordinates></Point></Placemark>
<Placemark><name>M3A-w5-1886</name><description>区域=w5 类别=耕地 带=core 距母库=1.38km</description><Point><coordinates>133.361701,47.823721,0</coordinates></Point></Placemark>
<Placemark><name>M3A-w5-1887</name><description>区域=w5 类别=耕地 带=core 距母库=1.04km</description><Point><coordinates>133.933030,47.196876,0</coordinates></Point></Placemark>
<Placemark><name>M3A-w5-1888</name><description>区域=w5 类别=耕地 带=core 距母库=1.12km</description><Point><coordinates>133.411288,47.740986,0</coordinates></Point></Placemark>
<Placemark><name>M3A-w5-1889</name><description>区域=w5 类别=耕地 带=core 距母库=1.13km</description><Point><coordinates>133.752738,47.430259,0</coordinates></Point></Placemark>
<Placemark><name>M3A-w5-1890</name><description>区域=w5 类别=耕地 带=core 距母库=1.20km</description><Point><coordinates>133.353886,47.472569,0</coordinates></Point></Placemark>
<Placemark><name>M3A-w5-1891</name><description>区域=w5 类别=耕地 带=core 距母库=5.16km</description><Point><coordinates>134.638027,47.492242,0</coordinates></Point></Placemark>
<Placemark><name>M3A-w5-1892</name><description>区域=w5 类别=耕地 带=core 距母库=1.17km</description><Point><coordinates>134.276366,47.745298,0</coordinates></Point></Placemark>
<Placemark><name>M3A-w5-1893</name><description>区域=w5 类别=耕地 带=core 距母库=1.01km</description><Point><coordinates>133.727675,47.580636,0</coordinates></Point></Placemark>
<Placemark><name>M3A-w5-1894</name><description>区域=w5 类别=耕地 带=core 距母库=1.64km</description><Point><coordinates>133.696413,48.076507,0</coordinates></Point></Placemark>
<Placemark><name>M3A-w5-1895</name><description>区域=w5 类别=耕地 带=core 距母库=1.17km</description><Point><coordinates>134.329726,47.631840,0</coordinates></Point></Placemark>
<Placemark><name>M3A-w5-1896</name><description>区域=w5 类别=耕地 带=core 距母库=1.26km</description><Point><coordinates>133.239081,47.760659,0</coordinates></Point></Placemark>
<Placemark><name>M3A-w5-1897</name><description>区域=w5 类别=耕地 带=core 距母库=1.01km</description><Point><coordinates>133.676471,47.631571,0</coordinates></Point></Placemark>
<Placemark><name>M3A-w5-1898</name><description>区域=w5 类别=耕地 带=core 距母库=1.07km</description><Point><coordinates>134.206567,47.482540,0</coordinates></Point></Placemark>
<Placemark><name>M3A-w5-1899</name><description>区域=w5 类别=耕地 带=core 距母库=1.20km</description><Point><coordinates>133.574871,47.873577,0</coordinates></Point></Placemark>
<Placemark><name>M3A-w5-1900</name><description>区域=w5 类别=耕地 带=core 距母库=1.92km</description><Point><coordinates>133.969950,48.240090,0</coordinates></Point></Placemark>
<Placemark><name>M3A-w5-1901</name><description>区域=w5 类别=耕地 带=core 距母库=1.15km</description><Point><coordinates>133.416678,47.293355,0</coordinates></Point></Placemark>
<Placemark><name>M3A-w5-1902</name><description>区域=w5 类别=耕地 带=core 距母库=1.09km</description><Point><coordinates>133.379488,47.096085,0</coordinates></Point></Placemark>
<Placemark><name>M3A-w5-1903</name><description>区域=w5 类别=建成区 带=core 距母库=14.87km</description><Point><coordinates>134.781129,48.544619,0</coordinates></Point></Placemark>
<Placemark><name>M3A-w5-1904</name><description>区域=w5 类别=建成区 带=core 距母库=8.58km</description><Point><coordinates>134.757414,47.532127,0</coordinates></Point></Placemark>
<Placemark><name>M3A-w5-1905</name><description>区域=w5 类别=建成区 带=core 距母库=7.33km</description><Point><coordinates>134.735854,47.532936,0</coordinates></Point></Placemark>
<Placemark><name>M3A-w5-1906</name><description>区域=w5 类别=建成区 带=core 距母库=1.10km</description><Point><coordinates>133.796126,48.040394,0</coordinates></Point></Placemark>
<Placemark><name>M3A-w5-1907</name><description>区域=w5 类别=建成区 带=core 距母库=8.77km</description><Point><coordinates>134.768732,47.539943,0</coordinates></Point></Placemark>
<Placemark><name>M3A-w5-1908</name><description>区域=w5 类别=建成区 带=core 距母库=1.05km</description><Point><coordinates>133.106759,47.544794,0</coordinates></Point></Placemark>
<Placemark><name>M3A-w5-1909</name><description>区域=w5 类别=建成区 带=core 距母库=1.20km</description><Point><coordinates>133.579453,48.095641,0</coordinates></Point></Placemark>
<Placemark><name>M3A-w5-1910</name><description>区域=w5 类别=建成区 带=core 距母库=30.16km</description><Point><coordinates>133.115383,48.399631,0</coordinates></Point></Placemark>
<Placemark><name>M3A-w5-1911</name><description>区域=w5 类别=建成区 带=core 距母库=16.13km</description><Point><coordinates>134.790831,48.563483,0</coordinates></Point></Placemark>
<Placemark><name>M3A-w5-1912</name><description>区域=w5 类别=建成区 带=core 距母库=19.11km</description><Point><coordinates>134.503819,47.275569,0</coordinates></Point></Placemark>
<Placemark><name>M3A-w5-1913</name><description>区域=w5 类别=裸地/稀疏 带=core 距母库=1.38km</description><Point><coordinates>133.298639,48.105073,0</coordinates></Point></Placemark>
<Placemark><name>M3A-w5-1914</name><description>区域=w5 类别=裸地/稀疏 带=core 距母库=73.35km</description><Point><coordinates>133.435004,48.879870,0</coordinates></Point></Placemark>
<Placemark><name>M3A-w5-1915</name><description>区域=w5 类别=裸地/稀疏 带=core 距母库=24.02km</description><Point><coordinates>134.653658,48.622233,0</coordinates></Point></Placemark>
<Placemark><name>M3A-w5-1916</name><description>区域=w5 类别=裸地/稀疏 带=core 距母库=25.20km</description><Point><coordinates>134.949563,47.456669,0</coordinates></Point></Placemark>
<Placemark><name>M3A-w5-1917</name><description>区域=w5 类别=裸地/稀疏 带=core 距母库=66.62km</description><Point><coordinates>133.613948,48.858580,0</coordinates></Point></Placemark>
<Placemark><name>M3A-w5-1918</name><description>区域=w5 类别=裸地/稀疏 带=core 距母库=83.37km</description><Point><coordinates>133.436082,48.976349,0</coordinates></Point></Placemark>
<Placemark><name>M3A-w5-1919</name><description>区域=w5 类别=水体 带=core 距母库=1.35km</description><Point><coordinates>133.563014,48.181070,0</coordinates></Point></Placemark>
<Placemark><name>M3A-w5-1920</name><description>区域=w5 类别=水体 带=core 距母库=59.97km</description><Point><coordinates>133.731448,48.829744,0</coordinates></Point></Placemark>
<Placemark><name>M3A-w5-1921</name><description>区域=w5 类别=水体 带=core 距母库=13.24km</description><Point><coordinates>134.977052,48.561866,0</coordinates></Point></Placemark>
<Placemark><name>M3A-w5-1922</name><description>区域=w5 类别=水体 带=core 距母库=28.73km</description><Point><coordinates>134.476061,48.676132,0</coordinates></Point></Placemark>
<Placemark><name>M3A-w5-1923</name><description>区域=w5 类别=水体 带=core 距母库=8.16km</description><Point><coordinates>134.933663,48.517939,0</coordinates></Point></Placemark>
<Placemark><name>M3A-w5-1924</name><description>区域=w5 类别=水体 带=core 距母库=2.92km</description><Point><coordinates>134.173149,47.073987,0</coordinates></Point></Placemark>
<Placemark><name>M3A-w5-1925</name><description>区域=w5 类别=水体 带=core 距母库=5.70km</description><Point><coordinates>134.261274,48.429275,0</coordinates></Point></Placemark>
<Placemark><name>M3A-w5-1926</name><description>区域=w5 类别=水体 带=core 距母库=1.14km</description><Point><coordinates>134.143235,48.342767,0</coordinates></Point></Placemark>
<Placemark><name>M3A-w5-1927</name><description>区域=w5 类别=水体 带=core 距母库=1.97km</description><Point><coordinates>133.698569,48.221495,0</coordinates></Point></Placemark>
<Placemark><name>M3A-w5-1928</name><description>区域=w5 类别=水体 带=core 距母库=1.29km</description><Point><coordinates>133.603707,48.201822,0</coordinates></Point></Placemark>
<Placemark><name>M3A-w5-1929</name><description>区域=w5 类别=水体 带=core 距母库=1.92km</description><Point><coordinates>134.667941,48.116931,0</coordinates></Point></Placemark>
<Placemark><name>M3A-w5-1930</name><description>区域=w5 类别=水体 带=core 距母库=18.63km</description><Point><coordinates>134.718606,48.570221,0</coordinates></Point></Placemark>
<Placemark><name>M3A-w5-1931</name><description>区域=w5 类别=水体 带=core 距母库=37.05km</description><Point><coordinates>134.390631,48.743506,0</coordinates></Point></Placemark>
<Placemark><name>M3A-w5-1932</name><description>区域=w5 类别=水体 带=core 距母库=20.52km</description><Point><coordinates>134.700820,48.588277,0</coordinates></Point></Placemark>
<Placemark><name>M3A-w5-1933</name><description>区域=w5 类别=水体 带=core 距母库=1.18km</description><Point><coordinates>133.761631,48.230388,0</coordinates></Point></Placemark>
<Placemark><name>M3A-w5-1934</name><description>区域=w5 类别=水体 带=core 距母库=1.96km</description><Point><coordinates>134.659857,48.107229,0</coordinates></Point></Placemark>
<Placemark><name>M3A-w5-1935</name><description>区域=w5 类别=水体 带=core 距母库=8.80km</description><Point><coordinates>134.936358,48.523598,0</coordinates></Point></Placemark>
<Placemark><name>M3A-w5-1936</name><description>区域=w5 类别=水体 带=core 距母库=1.65km</description><Point><coordinates>134.103889,48.298301,0</coordinates></Point></Placemark>
<Placemark><name>M3A-w5-1937</name><description>区域=w5 类别=水体 带=core 距母库=2.60km</description><Point><coordinates>133.053938,48.136065,0</coordinates></Point></Placemark>
<Placemark><name>M3A-w5-1938</name><description>区域=w5 类别=水体 带=core 距母库=1.29km</description><Point><coordinates>134.318407,48.383730,0</coordinates></Point></Placemark>
<Placemark><name>M3A-w5-1939</name><description>区域=w5 类别=水体 带=core 距母库=1.49km</description><Point><coordinates>134.118981,48.341689,0</coordinates></Point></Placemark>
<Placemark><name>M3A-w5-1940</name><description>区域=w5 类别=水体 带=core 距母库=3.71km</description><Point><coordinates>133.328553,48.140916,0</coordinates></Point></Placemark>
<Placemark><name>M3A-w5-1941</name><description>区域=w5 类别=水体 带=core 距母库=1.14km</description><Point><coordinates>134.017651,48.280783,0</coordinates></Point></Placemark>
<Placemark><name>M3A-w5-1942</name><description>区域=w5 类别=水体 带=core 距母库=1.73km</description><Point><coordinates>134.386858,48.397744,0</coordinates></Point></Placemark>
<Placemark><name>M3A-w5-1943</name><description>区域=w5 类别=水体 带=core 距母库=2.69km</description><Point><coordinates>134.574427,48.427388,0</coordinates></Point></Placemark>
<Placemark><name>M3A-w5-1944</name><description>区域=w5 类别=水体 带=core 距母库=10.23km</description><Point><coordinates>134.945521,48.536264,0</coordinates></Point></Placemark>
<Placemark><name>M3A-w5-1945</name><description>区域=w5 类别=水体 带=core 距母库=1.43km</description><Point><coordinates>134.655814,48.419034,0</coordinates></Point></Placemark>
<Placemark><name>M3A-w5-1946</name><description>区域=w5 类别=水体 带=core 距母库=2.63km</description><Point><coordinates>134.585207,48.426311,0</coordinates></Point></Placemark>
<Placemark><name>M3A-w5-1947</name><description>区域=w5 类别=水体 带=core 距母库=27.17km</description><Point><coordinates>134.504089,48.662657,0</coordinates></Point></Placemark>
<Placemark><name>M3A-w5-1948</name><description>区域=w5 类别=水体 带=core 距母库=26.12km</description><Point><coordinates>133.150417,48.364596,0</coordinates></Point></Placemark>
<Placemark><name>M3A-w5-1949</name><description>区域=w5 类别=水体 带=core 距母库=45.78km</description><Point><coordinates>133.026180,48.533839,0</coordinates></Point></Placemark>
<Placemark><name>M3A-w5-1950</name><description>区域=w5 类别=水体 带=core 距母库=1.14km</description><Point><coordinates>134.838531,48.390468,0</coordinates></Point></Placemark>
<Placemark><name>M3A-w5-1951</name><description>区域=w5 类别=水体 带=core 距母库=2.01km</description><Point><coordinates>134.811043,48.390198,0</coordinates></Point></Placemark>
<Placemark><name>M3A-w5-1952</name><description>区域=w5 类别=水体 带=core 距母库=13.42km</description><Point><coordinates>134.883537,48.562405,0</coordinates></Point></Placemark>
<Placemark><name>M3A-w5-1953</name><description>区域=w5 类别=水体 带=core 距母库=36.52km</description><Point><coordinates>134.369880,48.735151,0</coordinates></Point></Placemark>
<Placemark><name>M3A-w5-1954</name><description>区域=w5 类别=水体 带=core 距母库=49.92km</description><Point><coordinates>133.790736,48.748087,0</coordinates></Point></Placemark>
<Placemark><name>M3A-w5-1955</name><description>区域=w5 类别=水体 带=core 距母库=1.52km</description><Point><coordinates>134.956840,48.456763,0</coordinates></Point></Placemark>
<Placemark><name>M3A-w5-1956</name><description>区域=w5 类别=水体 带=core 距母库=1.80km</description><Point><coordinates>134.804845,48.383730,0</coordinates></Point></Placemark>
<Placemark><name>M3A-w5-1957</name><description>区域=w5 类别=水体 带=core 距母库=32.90km</description><Point><coordinates>134.228126,48.675862,0</coordinates></Point></Placemark>
<Placemark><name>M3A-w5-1958</name><description>区域=w5 类别=水体 带=core 距母库=1.13km</description><Point><coordinates>134.638836,48.416070,0</coordinates></Point></Placemark>
<Placemark><name>M3A-w5-1959</name><description>区域=w5 类别=水体 带=core 距母库=1.16km</description><Point><coordinates>134.988909,48.448948,0</coordinates></Point></Placemark>
<Placemark><name>M3A-w5-1960</name><description>区域=w5 类别=水体 带=core 距母库=1.57km</description><Point><coordinates>134.325144,47.424599,0</coordinates></Point></Placemark>
<Placemark><name>M3A-w5-1961</name><description>区域=w5 类别=水体 带=core 距母库=1.07km</description><Point><coordinates>133.097596,48.127980,0</coordinates></Point></Placemark>
<Placemark><name>M3A-w5-1962</name><description>区域=w5 类别=水体 带=core 距母库=1.13km</description><Point><coordinates>134.881381,48.411488,0</coordinates></Point></Placemark>
<Placemark><name>M3A-w5-1963</name><description>区域=w5 类别=水体 带=core 距母库=6.46km</description><Point><coordinates>134.789214,48.439246,0</coordinates></Point></Placemark>
<Placemark><name>M3A-w5-1964</name><description>区域=w5 类别=水体 带=core 距母库=3.83km</description><Point><coordinates>133.595892,48.225537,0</coordinates></Point></Placemark>
<Placemark><name>M3A-w5-1965</name><description>区域=w5 类别=水体 带=core 距母库=1.09km</description><Point><coordinates>134.265316,48.379957,0</coordinates></Point></Placemark>
<Placemark><name>M3A-w5-1966</name><description>区域=w5 类别=水体 带=core 距母库=1.77km</description><Point><coordinates>134.733159,48.400978,0</coordinates></Point></Placemark>
<Placemark><name>M3A-w5-1967</name><description>区域=w5 类别=水体 带=core 距母库=1.79km</description><Point><coordinates>134.649346,48.421729,0</coordinates></Point></Placemark>
<Placemark><name>M3A-w5-1968</name><description>区域=w5 类别=水体 带=core 距母库=18.35km</description><Point><coordinates>134.890813,48.608219,0</coordinates></Point></Placemark>
<Placemark><name>M3A-w5-1969</name><description>区域=w5 类别=草本湿地 带=core 距母库=26.06km</description><Point><coordinates>134.926926,48.679096,0</coordinates></Point></Placemark>
<Placemark><name>M3A-w5-1970</name><description>区域=w5 类别=草本湿地 带=core 距母库=18.52km</description><Point><coordinates>133.778340,48.437090,0</coordinates></Point></Placemark>
<Placemark><name>M3A-w5-1971</name><description>区域=w5 类别=草本湿地 带=core 距母库=18.43km</description><Point><coordinates>134.063465,48.516591,0</coordinates></Point></Placemark>
<Placemark><name>M3A-w5-1972</name><description>区域=w5 类别=草本湿地 带=core 距母库=59.37km</description><Point><coordinates>133.705846,48.816269,0</coordinates></Point></Placemark>
<Placemark><name>M3A-w5-1973</name><description>区域=w5 类别=草本湿地 带=core 距母库=3.43km</description><Point><coordinates>134.310592,48.405559,0</coordinates></Point></Placemark>
<Placemark><name>M3A-w5-1974</name><description>区域=w5 类别=草本湿地 带=core 距母库=1.09km</description><Point><coordinates>133.697222,47.243229,0</coordinates></Point></Placemark>
<Placemark><name>M3A-w5-1975</name><description>区域=w5 类别=草本湿地 带=core 距母库=24.16km</description><Point><coordinates>133.485130,48.396397,0</coordinates></Point></Placemark>
<Placemark><name>M3A-w5-1976</name><description>区域=w5 类别=草本湿地 带=core 距母库=32.17km</description><Point><coordinates>133.071455,48.414722,0</coordinates></Point></Placemark>
<Placemark><name>M3A-w5-1977</name><description>区域=w5 类别=草本湿地 带=core 距母库=18.90km</description><Point><coordinates>134.479295,48.587738,0</coordinates></Point></Placemark>
<Placemark><name>M3A-w5-1978</name><description>区域=w5 类别=草本湿地 带=core 距母库=1.10km</description><Point><coordinates>133.454677,47.870343,0</coordinates></Point></Placemark>
<Placemark><name>M3A-w5-1979</name><description>区域=w5 类别=草本湿地 带=core 距母库=18.86km</description><Point><coordinates>134.017651,48.501230,0</coordinates></Point></Placemark>
<Placemark><name>M3A-w5-1980</name><description>区域=w5 类别=草本湿地 带=core 距母库=61.21km</description><Point><coordinates>134.160483,48.929726,0</coordinates></Point></Placemark>
<Placemark><name>M3A-w5-1981</name><description>区域=w5 类别=草本湿地 带=core 距母库=21.74km</description><Point><coordinates>133.454407,48.363788,0</coordinates></Point></Placemark>
<Placemark><name>M3A-w5-1982</name><description>区域=w5 类别=草本湿地 带=core 距母库=19.16km</description><Point><coordinates>133.968872,48.496918,0</coordinates></Point></Placemark>
<Placemark><name>M3A-w5-1983</name><description>区域=w5 类别=草本湿地 带=core 距母库=6.64km</description><Point><coordinates>134.440757,48.467004,0</coordinates></Point></Placemark>
<Placemark><name>M3A-w5-1984</name><description>区域=w5 类别=草本湿地 带=core 距母库=78.04km</description><Point><coordinates>133.031570,48.827049,0</coordinates></Point></Placemark>
<Placemark><name>M3A-w5-1985</name><description>区域=w5 类别=草本湿地 带=core 距母库=33.25km</description><Point><coordinates>133.907158,48.616843,0</coordinates></Point></Placemark>
<Placemark><name>M3A-w5-1986</name><description>区域=w5 类别=草本湿地 带=core 距母库=80.04km</description><Point><coordinates>133.135056,48.849417,0</coordinates></Point></Placemark>
<Placemark><name>M3A-w5-1987</name><description>区域=w5 类别=草本湿地 带=core 距母库=13.87km</description><Point><coordinates>134.187163,48.504194,0</coordinates></Point></Placemark>
<Placemark><name>M3A-w5-1988</name><description>区域=w5 类别=草本湿地 带=core 距母库=26.68km</description><Point><coordinates>133.805559,48.520095,0</coordinates></Point></Placemark>
<Placemark><name>M3A-w5-1989</name><description>区域=w5 类别=草本湿地 带=core 距母库=7.93km</description><Point><coordinates>134.772236,47.563119,0</coordinates></Point></Placemark>
<Placemark><name>M3A-w5-1990</name><description>区域=w5 类别=草本湿地 带=core 距母库=48.42km</description><Point><coordinates>133.543071,48.667239,0</coordinates></Point></Placemark>
<Placemark><name>M3A-w5-1991</name><description>区域=w5 类别=草本湿地 带=core 距母库=78.95km</description><Point><coordinates>133.111880,48.839176,0</coordinates></Point></Placemark>
<Placemark><name>M3A-w5-1992</name><description>区域=w5 类别=草本湿地 带=core 距母库=42.25km</description><Point><coordinates>133.324511,48.526832,0</coordinates></Point></Placemark>
<Placemark><name>M3A-w5-1993</name><description>区域=w5 类别=草本湿地 带=core 距母库=35.94km</description><Point><coordinates>133.358737,48.474550,0</coordinates></Point></Placemark>
<Placemark><name>M3A-w5-1994</name><description>区域=w5 类别=草本湿地 带=core 距母库=31.93km</description><Point><coordinates>133.819033,48.576419,0</coordinates></Point></Placemark>
<Placemark><name>M3A-w5-1995</name><description>区域=w5 类别=草本湿地 带=core 距母库=3.86km</description><Point><coordinates>133.842479,48.310967,0</coordinates></Point></Placemark>
<Placemark><name>M3A-w5-1996</name><description>区域=w5 类别=草本湿地 带=core 距母库=29.25km</description><Point><coordinates>133.813374,48.547044,0</coordinates></Point></Placemark>
<Placemark><name>M3A-w5-1997</name><description>区域=w5 类别=草本湿地 带=core 距母库=19.56km</description><Point><coordinates>134.662012,48.582078,0</coordinates></Point></Placemark>
<Placemark><name>M3A-w5-1998</name><description>区域=w5 类别=草本湿地 带=core 距母库=48.63km</description><Point><coordinates>133.557354,48.672359,0</coordinates></Point></Placemark>
<Placemark><name>M3A-w5-1999</name><description>区域=w5 类别=草本湿地 带=core 距母库=9.25km</description><Point><coordinates>133.880748,48.369447,0</coordinates></Point></Placemark>
<Placemark><name>M3A-w5-2000</name><description>区域=w5 类别=草本湿地 带=core 距母库=18.67km</description><Point><coordinates>134.844999,48.604985,0</coordinates></Point></Placemark>
<Placemark><name>M3A-w5-2001</name><description>区域=w5 类别=草本湿地 带=core 距母库=23.49km</description><Point><coordinates>133.831161,48.496110,0</coordinates></Point></Placemark>
<Placemark><name>M3A-w5-2002</name><description>区域=w5 类别=草本湿地 带=core 距母库=51.93km</description><Point><coordinates>133.380027,48.650530,0</coordinates></Point></Placemark>
<Placemark><name>M3A-w5-2003</name><description>区域=w5 类别=草本湿地 带=core 距母库=11.91km</description><Point><coordinates>134.238636,48.487216,0</coordinates></Point></Placemark>
<Placemark><name>M3A-w5-2004</name><description>区域=w5 类别=草本湿地 带=core 距母库=8.33km</description><Point><coordinates>134.440218,48.482635,0</coordinates></Point></Placemark>
<Placemark><name>M3A-w5-2005</name><description>区域=w5 类别=草本湿地 带=core 距母库=57.35km</description><Point><coordinates>133.353886,48.697153,0</coordinates></Point></Placemark>
<Placemark><name>M3A-w5-2006</name><description>区域=w5 类别=草本湿地 带=core 距母库=19.92km</description><Point><coordinates>133.793701,48.452721,0</coordinates></Point></Placemark>
<Placemark><name>M3A-w5-2007</name><description>区域=w5 类别=草本湿地 带=core 距母库=7.18km</description><Point><coordinates>133.165509,48.194006,0</coordinates></Point></Placemark>
<Placemark><name>M3A-w5-2008</name><description>区域=w5 类别=草本湿地 带=core 距母库=22.82km</description><Point><coordinates>133.817686,48.485599,0</coordinates></Point></Placemark>
<Placemark><name>M3A-w5-2009</name><description>区域=w5 类别=草本湿地 带=core 距母库=4.75km</description><Point><coordinates>134.726152,47.562580,0</coordinates></Point></Placemark>
<Placemark><name>M3A-w5-2010</name><description>区域=w5 类别=草本湿地 带=core 距母库=43.16km</description><Point><coordinates>133.205933,48.516861,0</coordinates></Point></Placemark>
<Placemark><name>M3A-w5-2011</name><description>区域=w5 类别=草本湿地 带=core 距母库=17.40km</description><Point><coordinates>134.080982,48.513088,0</coordinates></Point></Placemark>
<Placemark><name>M3A-w5-2012</name><description>区域=w5 类别=草本湿地 带=core 距母库=30.42km</description><Point><coordinates>133.578375,48.502308,0</coordinates></Point></Placemark>
<Placemark><name>M3A-w5-2013</name><description>区域=w5 类别=草本湿地 带=core 距母库=5.15km</description><Point><coordinates>133.332057,48.154660,0</coordinates></Point></Placemark>
<Placemark><name>M3A-w5-2014</name><description>区域=w5 类别=草本湿地 带=core 距母库=13.61km</description><Point><coordinates>134.509479,48.540576,0</coordinates></Point></Placemark>
<Placemark><name>M3A-w5-2015</name><description>区域=w5 类别=草本湿地 带=core 距母库=20.91km</description><Point><coordinates>134.272593,48.567526,0</coordinates></Point></Placemark>
<Placemark><name>M3A-w5-2016</name><description>区域=w5 类别=草本湿地 带=core 距母库=9.84km</description><Point><coordinates>133.051513,48.203169,0</coordinates></Point></Placemark>
<Placemark><name>M3A-w5-2017</name><description>区域=w5 类别=草本湿地 带=core 距母库=16.46km</description><Point><coordinates>133.435273,48.295875,0</coordinates></Point></Placemark>
<Placemark><name>M3A-w5-2018</name><description>区域=w5 类别=草本湿地 带=core 距母库=42.07km</description><Point><coordinates>134.421893,48.793093,0</coordinates></Point></Placemark>
<Placemark><name>M3A-w5-2019</name><description>区域=w5 类别=草本湿地 带=core 距母库=1.58km</description><Point><coordinates>133.651408,48.197510,0</coordinates></Point></Placemark>
<Placemark><name>M3A-w5-2020</name><description>区域=w5 类别=草本湿地 带=core 距母库=40.33km</description><Point><coordinates>133.439585,48.551356,0</coordinates></Point></Placemark>
<Placemark><name>M3A-w5-2021</name><description>区域=w5 类别=草本湿地 带=core 距母库=46.54km</description><Point><coordinates>133.287051,48.557285,0</coordinates></Point></Placemark>
<Placemark><name>M3A-w5-2022</name><description>区域=w5 类别=草本湿地 带=core 距母库=9.63km</description><Point><coordinates>133.439585,48.205864,0</coordinates></Point></Placemark>
<Placemark><name>M3A-w5-2023</name><description>区域=w5 类别=草本湿地 带=core 距母库=46.50km</description><Point><coordinates>133.740610,48.697961,0</coordinates></Point></Placemark>
<Placemark><name>M3A-w5-2024</name><description>区域=w5 类别=草本湿地 带=core 距母库=18.46km</description><Point><coordinates>133.823076,48.444367,0</coordinates></Point></Placemark>
<Placemark><name>M3A-w5-2025</name><description>区域=w5 类别=草本湿地 带=core 距母库=11.65km</description><Point><coordinates>133.927909,48.406098,0</coordinates></Point></Placemark>
<Placemark><name>M3A-w5-2026</name><description>区域=w5 类别=草本湿地 带=core 距母库=64.09km</description><Point><coordinates>133.449017,48.794710,0</coordinates></Point></Placemark>
<Placemark><name>M3A-w5-2027</name><description>区域=w5 类别=草本湿地 带=core 距母库=73.64km</description><Point><coordinates>133.214018,48.812227,0</coordinates></Point></Placemark>
<Placemark><name>M3A-w5-2028</name><description>区域=w5 类别=草本湿地 带=core 距母库=41.15km</description><Point><coordinates>133.930874,48.702542,0</coordinates></Point></Placemark>
<Placemark><name>M3A-w5-2029</name><description>区域=w5 类别=草本湿地 带=core 距母库=35.86km</description><Point><coordinates>133.193806,48.451374,0</coordinates></Point></Placemark>
<Placemark><name>M3A-w5-2030</name><description>区域=w5 类别=草本湿地 带=core 距母库=45.61km</description><Point><coordinates>133.201621,48.538959,0</coordinates></Point></Placemark>
<Placemark><name>M3A-w5-2031</name><description>区域=w5 类别=草本湿地 带=core 距母库=2.44km</description><Point><coordinates>134.704054,47.842316,0</coordinates></Point></Placemark>
<Placemark><name>M3A-w5-2032</name><description>区域=w5 类别=草本湿地 带=core 距母库=68.52km</description><Point><coordinates>133.893953,48.960988,0</coordinates></Point></Placemark>
<Placemark><name>M3A-w5-2033</name><description>区域=w5 类别=草本湿地 带=core 距母库=78.18km</description><Point><coordinates>133.235847,48.868551,0</coordinates></Point></Placemark>
<Placemark><name>M3A-w5-2034</name><description>区域=w5 类别=草本湿地 带=core 距母库=38.61km</description><Point><coordinates>134.534003,48.764796,0</coordinates></Point></Placemark>
<Placemark><name>M3A-w5-2035</name><description>区域=w5 类别=草本湿地 带=core 距母库=12.95km</description><Point><coordinates>134.804036,48.534378,0</coordinates></Point></Placemark>
<Placemark><name>M3A-w5-2036</name><description>区域=w5 类别=草本湿地 带=core 距母库=14.82km</description><Point><coordinates>133.133170,48.262188,0</coordinates></Point></Placemark>
<Placemark><name>M3A-w5-2037</name><description>区域=w5 类别=草本湿地 带=core 距母库=3.59km</description><Point><coordinates>133.757050,48.287251,0</coordinates></Point></Placemark>
<Placemark><name>M3A-w5-2038</name><description>区域=w5 类别=草本湿地 带=core 距母库=81.29km</description><Point><coordinates>133.255790,48.907358,0</coordinates></Point></Placemark>
<Placemark><name>M3A-w5-2039</name><description>区域=w5 类别=草本湿地 带=core 距母库=9.26km</description><Point><coordinates>133.472194,48.220147,0</coordinates></Point></Placemark>
<Placemark><name>M3A-w5-2040</name><description>区域=w5 类别=草本湿地 带=core 距母库=40.25km</description><Point><coordinates>134.516216,48.780157,0</coordinates></Point></Placemark>
<Placemark><name>M3A-w5-2041</name><description>区域=w5 类别=草本湿地 带=core 距母库=21.87km</description><Point><coordinates>133.573793,48.410680,0</coordinates></Point></Placemark>
<Placemark><name>M3A-w5-2042</name><description>区域=w5 类别=草本湿地 带=core 距母库=29.67km</description><Point><coordinates>133.766482,48.538690,0</coordinates></Point></Placemark>
<Placemark><name>M3A-w5-2043</name><description>区域=w5 类别=草本湿地 带=core 距母库=21.51km</description><Point><coordinates>134.780321,48.615496,0</coordinates></Point></Placemark>
<Placemark><name>M3A-w5-2044</name><description>区域=w5 类别=草本湿地 带=core 距母库=7.95km</description><Point><coordinates>134.842574,47.807012,0</coordinates></Point></Placemark>
<Placemark><name>M3A-w5-2045</name><description>区域=w5 类别=草本湿地 带=core 距母库=22.56km</description><Point><coordinates>134.336733,48.594206,0</coordinates></Point></Placemark>
<Placemark><name>M3A-w5-2046</name><description>区域=w5 类别=草本湿地 带=core 距母库=23.90km</description><Point><coordinates>134.442105,48.629779,0</coordinates></Point></Placemark>
<Placemark><name>M3A-w5-2047</name><description>区域=w5 类别=草本湿地 带=core 距母库=13.46km</description><Point><coordinates>134.746364,48.519825,0</coordinates></Point></Placemark>
<Placemark><name>M3A-w5-2048</name><description>区域=w5 类别=草本湿地 带=core 距母库=42.09km</description><Point><coordinates>133.776992,48.665891,0</coordinates></Point></Placemark>
<Placemark><name>M3A-w5-2049</name><description>区域=w5 类别=草本湿地 带=core 距母库=5.07km</description><Point><coordinates>134.289840,48.424694,0</coordinates></Point></Placemark>
<Placemark><name>M3A-w5-2050</name><description>区域=w5 类别=草本湿地 带=core 距母库=14.30km</description><Point><coordinates>133.219947,48.255720,0</coordinates></Point></Placemark>
<Placemark><name>M3A-w5-2051</name><description>区域=w5 类别=草本湿地 带=core 距母库=3.19km</description><Point><coordinates>133.100830,48.152774,0</coordinates></Point></Placemark>
<Placemark><name>M3A-w5-2052</name><description>区域=w5 类别=草本湿地 带=core 距母库=6.57km</description><Point><coordinates>133.172785,48.187808,0</coordinates></Point></Placemark>
<Placemark><name>M3A-w5-2053</name><description>区域=w5 类别=草本湿地 带=core 距母库=62.81km</description><Point><coordinates>134.132995,48.942932,0</coordinates></Point></Placemark>
<Placemark><name>M3A-w5-2054</name><description>区域=w5 类别=草本湿地 带=core 距母库=19.53km</description><Point><coordinates>133.633891,48.411219,0</coordinates></Point></Placemark>
<Placemark><name>M3A-w5-2055</name><description>区域=w5 类别=草本湿地 带=core 距母库=15.01km</description><Point><coordinates>133.815530,48.410949,0</coordinates></Point></Placemark>
<Placemark><name>M3A-w5-2056</name><description>区域=w5 类别=草本湿地 带=core 距母库=63.87km</description><Point><coordinates>133.128858,48.703890,0</coordinates></Point></Placemark>
<Placemark><name>M3A-w5-2057</name><description>区域=w5 类别=草本湿地 带=core 距母库=48.38km</description><Point><coordinates>133.338525,48.592319,0</coordinates></Point></Placemark>
<Placemark><name>M3A-w5-2058</name><description>区域=w5 类别=草本湿地 带=core 距母库=17.49km</description><Point><coordinates>133.711505,48.410410,0</coordinates></Point></Placemark>
<Placemark><name>M3A-w5-2059</name><description>区域=w5 类别=草本湿地 带=core 距母库=53.65km</description><Point><coordinates>133.248783,48.616304,0</coordinates></Point></Placemark>
<Placemark><name>M3A-w5-2060</name><description>区域=w5 类别=草本湿地 带=core 距母库=34.63km</description><Point><coordinates>133.481626,48.508237,0</coordinates></Point></Placemark>
<Placemark><name>M3A-w5-2061</name><description>区域=w5 类别=草本湿地 带=core 距母库=29.25km</description><Point><coordinates>133.440663,48.434126,0</coordinates></Point></Placemark>
<Placemark><name>M3A-w5-2062</name><description>区域=w5 类别=草本湿地 带=core 距母库=29.25km</description><Point><coordinates>133.046662,48.385347,0</coordinates></Point></Placemark>
<Placemark><name>M3A-w5-2063</name><description>区域=w5 类别=草本湿地 带=core 距母库=4.63km</description><Point><coordinates>133.747887,48.296414,0</coordinates></Point></Placemark>
<Placemark><name>M3A-w5-2064</name><description>区域=w5 类别=草本湿地 带=core 距母库=33.55km</description><Point><coordinates>133.039925,48.423885,0</coordinates></Point></Placemark>
<Placemark><name>M3A-w5-2065</name><description>区域=w5 类别=草本湿地 带=core 距母库=13.73km</description><Point><coordinates>133.739802,48.381574,0</coordinates></Point></Placemark>
<Placemark><name>M3A-w5-2066</name><description>区域=w5 类别=草本湿地 带=core 距母库=11.14km</description><Point><coordinates>134.643148,48.506081,0</coordinates></Point></Placemark>
<Placemark><name>M3A-w5-2067</name><description>区域=w5 类别=草本湿地 带=core 距母库=28.00km</description><Point><coordinates>134.996186,48.032848,0</coordinates></Point></Placemark>
<Placemark><name>M3A-w5-2068</name><description>区域=w5 类别=草本湿地 带=core 距母库=59.71km</description><Point><coordinates>133.633621,48.794979,0</coordinates></Point></Placemark>
<Placemark><name>M3A-w5-2069</name><description>区域=w5 类别=草本湿地 带=core 距母库=32.91km</description><Point><coordinates>133.394310,48.456224,0</coordinates></Point></Placemark>
<Placemark><name>M3A-w5-2070</name><description>区域=w5 类别=草本湿地 带=core 距母库=4.36km</description><Point><coordinates>133.268995,48.160050,0</coordinates></Point></Placemark>
<Placemark><name>M3A-w5-2071</name><description>区域=w5 类别=草本湿地 带=core 距母库=21.95km</description><Point><coordinates>134.234594,48.577497,0</coordinates></Point></Placemark>
<Placemark><name>M3A-w5-2072</name><description>区域=w5 类别=草本湿地 带=core 距母库=40.07km</description><Point><coordinates>133.402934,48.529527,0</coordinates></Point></Placemark>
<Placemark><name>M3A-w5-2073</name><description>区域=w5 类别=草本湿地 带=core 距母库=12.62km</description><Point><coordinates>133.921711,48.413914,0</coordinates></Point></Placemark>
<Placemark><name>M3A-w5-2074</name><description>区域=w5 类别=草本湿地 带=core 距母库=8.37km</description><Point><coordinates>133.657337,48.293450,0</coordinates></Point></Placemark>
<Placemark><name>M3A-w5-2075</name><description>区域=w5 类别=草本湿地 带=core 距母库=11.22km</description><Point><coordinates>133.329901,48.212871,0</coordinates></Point></Placemark>
<Placemark><name>M3A-w5-2076</name><description>区域=w5 类别=草本湿地 带=core 距母库=5.71km</description><Point><coordinates>133.692371,48.285365,0</coordinates></Point></Placemark>
<Placemark><name>M3A-w5-2077</name><description>区域=w5 类别=草本湿地 带=core 距母库=67.88km</description><Point><coordinates>133.118347,48.739733,0</coordinates></Point></Placemark>
<Placemark><name>M3A-w5-2078</name><description>区域=w5 类别=草本湿地 带=core 距母库=27.27km</description><Point><coordinates>134.359640,48.645140,0</coordinates></Point></Placemark>
<Placemark><name>M3A-w5-2079</name><description>区域=w5 类别=草本湿地 带=core 距母库=64.02km</description><Point><coordinates>133.805828,48.891728,0</coordinates></Point></Placemark>
<Placemark><name>M3A-w5-2080</name><description>区域=w5 类别=乔木 带=edge 距母库=14.63km</description><Point><coordinates>134.821823,48.066805,0</coordinates></Point></Placemark>
<Placemark><name>M3A-w5-2081</name><description>区域=w5 类别=乔木 带=edge 距母库=86.32km</description><Point><coordinates>133.029684,48.901699,0</coordinates></Point></Placemark>
<Placemark><name>M3A-w5-2082</name><description>区域=w5 类别=乔木 带=edge 距母库=43.92km</description><Point><coordinates>133.719320,48.664274,0</coordinates></Point></Placemark>
<Placemark><name>M3A-w5-2083</name><description>区域=w5 类别=乔木 带=edge 距母库=27.96km</description><Point><coordinates>134.138654,48.627623,0</coordinates></Point></Placemark>
<Placemark><name>M3A-w5-2084</name><description>区域=w5 类别=乔木 带=edge 距母库=26.14km</description><Point><coordinates>134.544243,48.651608,0</coordinates></Point></Placemark>
<Placemark><name>M3A-w5-2085</name><description>区域=w5 类别=乔木 带=edge 距母库=66.01km</description><Point><coordinates>133.349304,48.784469,0</coordinates></Point></Placemark>
<Placemark><name>M3A-w5-2086</name><description>区域=w5 类别=乔木 带=edge 距母库=89.54km</description><Point><coordinates>133.213210,48.976349,0</coordinates></Point></Placemark>
<Placemark><name>M3A-w5-2087</name><description>区域=w5 类别=乔木 带=edge 距母库=8.11km</description><Point><coordinates>133.191920,48.201822,0</coordinates></Point></Placemark>
<Placemark><name>M3A-w5-2088</name><description>区域=w5 类别=乔木 带=edge 距母库=64.39km</description><Point><coordinates>133.256059,48.730570,0</coordinates></Point></Placemark>
<Placemark><name>M3A-w5-2089</name><description>区域=w5 类别=乔木 带=edge 距母库=1.21km</description><Point><coordinates>134.227318,47.100128,0</coordinates></Point></Placemark>
<Placemark><name>M3A-w5-2090</name><description>区域=w5 类别=乔木 带=edge 距母库=3.26km</description><Point><coordinates>134.624553,47.972212,0</coordinates></Point></Placemark>
<Placemark><name>M3A-w5-2091</name><description>区域=w5 类别=乔木 带=edge 距母库=1.04km</description><Point><coordinates>133.164701,47.312759,0</coordinates></Point></Placemark>
<Placemark><name>M3A-w5-2092</name><description>区域=w5 类别=乔木 带=edge 距母库=62.55km</description><Point><coordinates>134.267203,48.959371,0</coordinates></Point></Placemark>
<Placemark><name>M3A-w5-2093</name><description>区域=w5 类别=乔木 带=edge 距母库=79.58km</description><Point><coordinates>133.011089,48.839446,0</coordinates></Point></Placemark>
<Placemark><name>M3A-w5-2094</name><description>区域=w5 类别=乔木 带=edge 距母库=28.45km</description><Point><coordinates>134.600568,48.665352,0</coordinates></Point></Placemark>
<Placemark><name>M3A-w5-2095</name><description>区域=w5 类别=乔木 带=edge 距母库=63.53km</description><Point><coordinates>133.727944,48.863431,0</coordinates></Point></Placemark>
<Placemark><name>M3A-w5-2096</name><description>区域=w5 类别=乔木 带=edge 距母库=7.14km</description><Point><coordinates>134.320832,47.184210,0</coordinates></Point></Placemark>
<Placemark><name>M3A-w5-2097</name><description>区域=w5 类别=乔木 带=edge 距母库=1.45km</description><Point><coordinates>133.185721,47.733440,0</coordinates></Point></Placemark>
<Placemark><name>M3A-w5-2098</name><description>区域=w5 类别=乔木 带=edge 距母库=19.59km</description><Point><coordinates>134.611617,48.583695,0</coordinates></Point></Placemark>
<Placemark><name>M3A-w5-2099</name><description>区域=w5 类别=乔木 带=edge 距母库=42.15km</description><Point><coordinates>133.025911,48.500691,0</coordinates></Point></Placemark>
<Placemark><name>M3A-w5-2100</name><description>区域=w5 类别=灌丛 带=edge 距母库=58.03km</description><Point><coordinates>133.249322,48.660771,0</coordinates></Point></Placemark>
<Placemark><name>M3A-w5-2101</name><description>区域=w5 类别=灌丛 带=edge 距母库=20.35km</description><Point><coordinates>134.928812,48.115044,0</coordinates></Point></Placemark>
<Placemark><name>M3A-w5-2102</name><description>区域=w5 类别=灌丛 带=edge 距母库=1.48km</description><Point><coordinates>133.785347,48.031501,0</coordinates></Point></Placemark>
<Placemark><name>M3A-w5-2103</name><description>区域=w5 类别=灌丛 带=edge 距母库=19.92km</description><Point><coordinates>134.339158,48.569682,0</coordinates></Point></Placemark>
<Placemark><name>M3A-w5-2104</name><description>区域=w5 类别=灌丛 带=edge 距母库=1.07km</description><Point><coordinates>134.573618,48.222034,0</coordinates></Point></Placemark>
<Placemark><name>M3A-w5-2105</name><description>区域=w5 类别=灌丛 带=edge 距母库=16.68km</description><Point><coordinates>133.224259,48.277011,0</coordinates></Point></Placemark>
<Placemark><name>M3A-w5-2106</name><description>区域=w5 类别=灌丛 带=edge 距母库=49.61km</description><Point><coordinates>134.143505,48.824354,0</coordinates></Point></Placemark>
<Placemark><name>M3A-w5-2107</name><description>区域=w5 类别=灌丛 带=edge 距母库=36.08km</description><Point><coordinates>133.689945,48.584504,0</coordinates></Point></Placemark>
<Placemark><name>M3A-w5-2108</name><description>区域=w5 类别=灌丛 带=edge 距母库=13.81km</description><Point><coordinates>133.932760,48.431431,0</coordinates></Point></Placemark>
<Placemark><name>M3A-w5-2109</name><description>区域=w5 类别=灌丛 带=edge 距母库=35.29km</description><Point><coordinates>133.690484,48.577227,0</coordinates></Point></Placemark>
<Placemark><name>M3A-w5-2110</name><description>区域=w5 类别=灌丛 带=edge 距母库=18.49km</description><Point><coordinates>133.144758,48.295875,0</coordinates></Point></Placemark>
<Placemark><name>M3A-w5-2111</name><description>区域=w5 类别=灌丛 带=edge 距母库=1.14km</description><Point><coordinates>133.836820,47.869265,0</coordinates></Point></Placemark>
<Placemark><name>M3A-w5-2112</name><description>区域=w5 类别=灌丛 带=edge 距母库=1.08km</description><Point><coordinates>133.632813,47.886243,0</coordinates></Point></Placemark>
<Placemark><name>M3A-w5-2113</name><description>区域=w5 类别=灌丛 带=edge 距母库=39.19km</description><Point><coordinates>134.457736,48.769647,0</coordinates></Point></Placemark>
<Placemark><name>M3A-w5-2114</name><description>区域=w5 类别=灌丛 带=edge 距母库=16.57km</description><Point><coordinates>133.126702,48.277549,0</coordinates></Point></Placemark>
<Placemark><name>M3A-w5-2115</name><description>区域=w5 类别=灌丛 带=edge 距母库=60.66km</description><Point><coordinates>134.309514,48.949130,0</coordinates></Point></Placemark>
<Placemark><name>M3A-w5-2116</name><description>区域=w5 类别=灌丛 带=edge 距母库=1.11km</description><Point><coordinates>133.477584,47.879775,0</coordinates></Point></Placemark>
<Placemark><name>M3A-w5-2117</name><description>区域=w5 类别=灌丛 带=edge 距母库=38.80km</description><Point><coordinates>134.997803,48.799561,0</coordinates></Point></Placemark>
<Placemark><name>M3A-w5-2118</name><description>区域=w5 类别=灌丛 带=edge 距母库=1.50km</description><Point><coordinates>133.329362,47.547489,0</coordinates></Point></Placemark>
<Placemark><name>M3A-w5-2119</name><description>区域=w5 类别=灌丛 带=edge 距母库=1.57km</description><Point><coordinates>134.092301,48.030962,0</coordinates></Point></Placemark>
<Placemark><name>M3A-w5-2120</name><description>区域=w5 类别=灌丛 带=edge 距母库=1.27km</description><Point><coordinates>133.120234,47.459903,0</coordinates></Point></Placemark>
<Placemark><name>M3A-w5-2121</name><description>区域=w5 类别=灌丛 带=edge 距母库=33.13km</description><Point><coordinates>134.905097,48.742428,0</coordinates></Point></Placemark>
<Placemark><name>M3A-w5-2122</name><description>区域=w5 类别=灌丛 带=edge 距母库=21.52km</description><Point><coordinates>133.267378,48.319052,0</coordinates></Point></Placemark>
<Placemark><name>M3A-w5-2123</name><description>区域=w5 类别=灌丛 带=edge 距母库=52.64km</description><Point><coordinates>134.924500,48.918138,0</coordinates></Point></Placemark>
<Placemark><name>M3A-w5-2124</name><description>区域=w5 类别=灌丛 带=edge 距母库=43.47km</description><Point><coordinates>134.813468,48.828666,0</coordinates></Point></Placemark>
<Placemark><name>M3A-w5-2125</name><description>区域=w5 类别=灌丛 带=edge 距母库=5.28km</description><Point><coordinates>134.297386,47.172891,0</coordinates></Point></Placemark>
<Placemark><name>M3A-w5-2126</name><description>区域=w5 类别=灌丛 带=edge 距母库=21.24km</description><Point><coordinates>134.940670,48.113966,0</coordinates></Point></Placemark>
<Placemark><name>M3A-w5-2127</name><description>区域=w5 类别=灌丛 带=edge 距母库=5.72km</description><Point><coordinates>134.236211,47.280420,0</coordinates></Point></Placemark>
<Placemark><name>M3A-w5-2128</name><description>区域=w5 类别=灌丛 带=edge 距母库=1.39km</description><Point><coordinates>133.489172,47.907264,0</coordinates></Point></Placemark>
<Placemark><name>M3A-w5-2129</name><description>区域=w5 类别=灌丛 带=edge 距母库=3.53km</description><Point><coordinates>133.031031,48.136604,0</coordinates></Point></Placemark>
<Placemark><name>M3A-w5-2130</name><description>区域=w5 类别=灌丛 带=edge 距母库=1.08km</description><Point><coordinates>134.989448,48.385347,0</coordinates></Point></Placemark>
<Placemark><name>M3A-w5-2131</name><description>区域=w5 类别=灌丛 带=edge 距母库=9.36km</description><Point><coordinates>134.195787,48.464040,0</coordinates></Point></Placemark>
<Placemark><name>M3A-w5-2132</name><description>区域=w5 类别=灌丛 带=edge 距母库=7.82km</description><Point><coordinates>133.787233,48.336838,0</coordinates></Point></Placemark>
<Placemark><name>M3A-w5-2133</name><description>区域=w5 类别=灌丛 带=edge 距母库=1.25km</description><Point><coordinates>133.321007,47.808090,0</coordinates></Point></Placemark>
<Placemark><name>M3A-w5-2134</name><description>区域=w5 类别=灌丛 带=edge 距母库=9.23km</description><Point><coordinates>133.695874,48.328214,0</coordinates></Point></Placemark>
<Placemark><name>M3A-w5-2135</name><description>区域=w5 类别=灌丛 带=edge 距母库=10.94km</description><Point><coordinates>133.939767,48.403942,0</coordinates></Point></Placemark>
<Placemark><name>M3A-w5-2136</name><description>区域=w5 类别=灌丛 带=edge 距母库=1.46km</description><Point><coordinates>133.106490,47.675229,0</coordinates></Point></Placemark>
<Placemark><name>M3A-w5-2137</name><description>区域=w5 类别=灌丛 带=edge 距母库=38.18km</description><Point><coordinates>134.999959,48.794171,0</coordinates></Point></Placemark>
<Placemark><name>M3A-w5-2138</name><description>区域=w5 类别=灌丛 带=edge 距母库=1.04km</description><Point><coordinates>133.170629,47.695172,0</coordinates></Point></Placemark>
<Placemark><name>M3A-w5-2139</name><description>区域=w5 类别=灌丛 带=edge 距母库=47.11km</description><Point><coordinates>134.308166,48.822468,0</coordinates></Point></Placemark>
<Placemark><name>M3A-w5-2140</name><description>区域=w5 类别=灌丛 带=edge 距母库=8.54km</description><Point><coordinates>134.489536,48.494762,0</coordinates></Point></Placemark>
<Placemark><name>M3A-w5-2141</name><description>区域=w5 类别=灌丛 带=edge 距母库=1.15km</description><Point><coordinates>133.806098,47.721313,0</coordinates></Point></Placemark>
<Placemark><name>M3A-w5-2142</name><description>区域=w5 类别=灌丛 带=edge 距母库=17.05km</description><Point><coordinates>133.147183,48.282939,0</coordinates></Point></Placemark>
<Placemark><name>M3A-w5-2143</name><description>区域=w5 类别=灌丛 带=edge 距母库=19.26km</description><Point><coordinates>134.265316,48.552434,0</coordinates></Point></Placemark>
<Placemark><name>M3A-w5-2144</name><description>区域=w5 类别=灌丛 带=edge 距母库=45.63km</description><Point><coordinates>134.539931,48.827857,0</coordinates></Point></Placemark>
<Placemark><name>M3A-w5-2145</name><description>区域=w5 类别=灌丛 带=edge 距母库=3.83km</description><Point><coordinates>134.277713,47.179090,0</coordinates></Point></Placemark>
<Placemark><name>M3A-w5-2146</name><description>区域=w5 类别=灌丛 带=edge 距母库=31.32km</description><Point><coordinates>133.856224,48.583965,0</coordinates></Point></Placemark>
<Placemark><name>M3A-w5-2147</name><description>区域=w5 类别=灌丛 带=edge 距母库=36.17km</description><Point><coordinates>134.953606,48.770186,0</coordinates></Point></Placemark>
<Placemark><name>M3A-w5-2148</name><description>区域=w5 类别=灌丛 带=edge 距母库=1.28km</description><Point><coordinates>133.451443,47.557190,0</coordinates></Point></Placemark>
<Placemark><name>M3A-w5-2149</name><description>区域=w5 类别=灌丛 带=edge 距母库=8.55km</description><Point><coordinates>134.713755,48.052791,0</coordinates></Point></Placemark>
<Placemark><name>M3A-w5-2150</name><description>区域=w5 类别=灌丛 带=edge 距母库=16.86km</description><Point><coordinates>133.132092,48.280514,0</coordinates></Point></Placemark>
<Placemark><name>M3A-w5-2151</name><description>区域=w5 类别=灌丛 带=edge 距母库=12.88km</description><Point><coordinates>134.162370,48.492337,0</coordinates></Point></Placemark>
<Placemark><name>M3A-w5-2152</name><description>区域=w5 类别=灌丛 带=edge 距母库=1.46km</description><Point><coordinates>133.314809,47.614593,0</coordinates></Point></Placemark>
<Placemark><name>M3A-w5-2153</name><description>区域=w5 类别=灌丛 带=edge 距母库=12.39km</description><Point><coordinates>133.942462,48.420382,0</coordinates></Point></Placemark>
<Placemark><name>M3A-w5-2154</name><description>区域=w5 类别=灌丛 带=edge 距母库=12.99km</description><Point><coordinates>133.946235,48.427927,0</coordinates></Point></Placemark>
<Placemark><name>M3A-w5-2155</name><description>区域=w5 类别=灌丛 带=edge 距母库=51.09km</description><Point><coordinates>134.875183,48.903046,0</coordinates></Point></Placemark>
<Placemark><name>M3A-w5-2156</name><description>区域=w5 类别=灌丛 带=edge 距母库=28.26km</description><Point><coordinates>133.989354,48.590163,0</coordinates></Point></Placemark>
<Placemark><name>M3A-w5-2157</name><description>区域=w5 类别=灌丛 带=edge 距母库=35.62km</description><Point><coordinates>133.928718,48.643254,0</coordinates></Point></Placemark>
<Placemark><name>M3A-w5-2158</name><description>区域=w5 类别=灌丛 带=edge 距母库=1.33km</description><Point><coordinates>133.703959,47.933405,0</coordinates></Point></Placemark>
<Placemark><name>M3A-w5-2159</name><description>区域=w5 类别=灌丛 带=edge 距母库=9.93km</description><Point><coordinates>134.873835,47.654748,0</coordinates></Point></Placemark>
<Placemark><name>M3A-w5-2160</name><description>区域=w5 类别=灌丛 带=edge 距母库=13.88km</description><Point><coordinates>134.138923,48.496918,0</coordinates></Point></Placemark>
<Placemark><name>M3A-w5-2161</name><description>区域=w5 类别=灌丛 带=edge 距母库=43.41km</description><Point><coordinates>134.991335,48.840793,0</coordinates></Point></Placemark>
<Placemark><name>M3A-w5-2162</name><description>区域=w5 类别=灌丛 带=edge 距母库=1.08km</description><Point><coordinates>133.663805,47.873038,0</coordinates></Point></Placemark>
<Placemark><name>M3A-w5-2163</name><description>区域=w5 类别=灌丛 带=edge 距母库=40.73km</description><Point><coordinates>134.412191,48.779887,0</coordinates></Point></Placemark>
<Placemark><name>M3A-w5-2164</name><description>区域=w5 类别=灌丛 带=edge 距母库=1.68km</description><Point><coordinates>133.259024,47.718348,0</coordinates></Point></Placemark>
<Placemark><name>M3A-w5-2165</name><description>区域=w5 类别=灌丛 带=edge 距母库=35.08km</description><Point><coordinates>133.957284,48.649452,0</coordinates></Point></Placemark>
<Placemark><name>M3A-w5-2166</name><description>区域=w5 类别=灌丛 带=edge 距母库=10.39km</description><Point><coordinates>134.180695,48.472125,0</coordinates></Point></Placemark>
<Placemark><name>M3A-w5-2167</name><description>区域=w5 类别=灌丛 带=edge 距母库=33.50km</description><Point><coordinates>133.821728,48.593936,0</coordinates></Point></Placemark>
<Placemark><name>M3A-w5-2168</name><description>区域=w5 类别=灌丛 带=edge 距母库=37.94km</description><Point><coordinates>134.428091,48.756172,0</coordinates></Point></Placemark>
<Placemark><name>M3A-w5-2169</name><description>区域=w5 类别=灌丛 带=edge 距母库=19.81km</description><Point><coordinates>133.269264,48.303421,0</coordinates></Point></Placemark>
<Placemark><name>M3A-w5-2170</name><description>区域=w5 类别=灌丛 带=edge 距母库=1.06km</description><Point><coordinates>133.056903,47.541560,0</coordinates></Point></Placemark>
<Placemark><name>M3A-w5-2171</name><description>区域=w5 类别=灌丛 带=edge 距母库=43.19km</description><Point><coordinates>134.420006,48.803064,0</coordinates></Point></Placemark>
<Placemark><name>M3A-w5-2172</name><description>区域=w5 类别=灌丛 带=edge 距母库=1.32km</description><Point><coordinates>133.181679,47.678463,0</coordinates></Point></Placemark>
<Placemark><name>M3A-w5-2173</name><description>区域=w5 类别=灌丛 带=edge 距母库=15.60km</description><Point><coordinates>133.936803,48.451912,0</coordinates></Point></Placemark>
<Placemark><name>M3A-w5-2174</name><description>区域=w5 类别=灌丛 带=edge 距母库=1.04km</description><Point><coordinates>133.443088,47.569318,0</coordinates></Point></Placemark>
<Placemark><name>M3A-w5-2175</name><description>区域=w5 类别=灌丛 带=edge 距母库=16.46km</description><Point><coordinates>133.113766,48.275933,0</coordinates></Point></Placemark>
<Placemark><name>M3A-w5-2176</name><description>区域=w5 类别=灌丛 带=edge 距母库=11.81km</description><Point><coordinates>133.938689,48.412836,0</coordinates></Point></Placemark>
<Placemark><name>M3A-w5-2177</name><description>区域=w5 类别=草地 带=edge 距母库=57.72km</description><Point><coordinates>133.437968,48.729761,0</coordinates></Point></Placemark>
<Placemark><name>M3A-w5-2178</name><description>区域=w5 类别=草地 带=edge 距母库=73.88km</description><Point><coordinates>133.157424,48.794171,0</coordinates></Point></Placemark>
<Placemark><name>M3A-w5-2179</name><description>区域=w5 类别=草地 带=edge 距母库=40.28km</description><Point><coordinates>134.839070,48.802525,0</coordinates></Point></Placemark>
<Placemark><name>M3A-w5-2180</name><description>区域=w5 类别=草地 带=edge 距母库=40.63km</description><Point><coordinates>133.892605,48.683408,0</coordinates></Point></Placemark>
<Placemark><name>M3A-w5-2181</name><description>区域=w5 类别=草地 带=edge 距母库=56.62km</description><Point><coordinates>133.677010,48.778809,0</coordinates></Point></Placemark>
<Placemark><name>M3A-w5-2182</name><description>区域=w5 类别=草地 带=edge 距母库=81.01km</description><Point><coordinates>133.078193,48.856424,0</coordinates></Point></Placemark>
<Placemark><name>M3A-w5-2183</name><description>区域=w5 类别=草地 带=edge 距母库=38.71km</description><Point><coordinates>133.652755,48.600943,0</coordinates></Point></Placemark>
<Placemark><name>M3A-w5-2184</name><description>区域=w5 类别=草地 带=edge 距母库=7.35km</description><Point><coordinates>134.412460,48.465926,0</coordinates></Point></Placemark>
<Placemark><name>M3A-w5-2185</name><description>区域=w5 类别=草地 带=edge 距母库=40.96km</description><Point><coordinates>134.326492,48.768299,0</coordinates></Point></Placemark>
<Placemark><name>M3A-w5-2186</name><description>区域=w5 类别=草地 带=edge 距母库=12.99km</description><Point><coordinates>134.845269,47.569857,0</coordinates></Point></Placemark>
<Placemark><name>M3A-w5-2187</name><description>区域=w5 类别=草地 带=edge 距母库=2.16km</description><Point><coordinates>134.444800,48.423077,0</coordinates></Point></Placemark>
<Placemark><name>M3A-w5-2188</name><description>区域=w5 类别=草地 带=edge 距母库=40.05km</description><Point><coordinates>134.773853,48.791476,0</coordinates></Point></Placemark>
<Placemark><name>M3A-w5-2189</name><description>区域=w5 类别=草地 带=edge 距母库=76.04km</description><Point><coordinates>133.577836,48.941854,0</coordinates></Point></Placemark>
<Placemark><name>M3A-w5-2190</name><description>区域=w5 类别=草地 带=edge 距母库=46.40km</description><Point><coordinates>134.340236,48.821929,0</coordinates></Point></Placemark>
<Placemark><name>M3A-w5-2191</name><description>区域=w5 类别=草地 带=edge 距母库=53.56km</description><Point><coordinates>134.571193,48.897657,0</coordinates></Point></Placemark>
<Placemark><name>M3A-w5-2192</name><description>区域=w5 类别=草地 带=edge 距母库=92.88km</description><Point><coordinates>133.150687,48.988746,0</coordinates></Point></Placemark>
<Placemark><name>M3A-w5-2193</name><description>区域=w5 类别=草地 带=edge 距母库=46.19km</description><Point><coordinates>134.000942,48.772881,0</coordinates></Point></Placemark>
<Placemark><name>M3A-w5-2194</name><description>区域=w5 类别=草地 带=edge 距母库=7.41km</description><Point><coordinates>134.324875,47.123035,0</coordinates></Point></Placemark>
<Placemark><name>M3A-w5-2195</name><description>区域=w5 类别=草地 带=edge 距母库=68.52km</description><Point><coordinates>133.185721,48.745662,0</coordinates></Point></Placemark>
<Placemark><name>M3A-w5-2196</name><description>区域=w5 类别=草地 带=edge 距母库=53.27km</description><Point><coordinates>133.913087,48.818425,0</coordinates></Point></Placemark>
<Placemark><name>M3A-w5-2197</name><description>区域=w5 类别=草地 带=edge 距母库=50.41km</description><Point><coordinates>134.243218,48.838637,0</coordinates></Point></Placemark>
<Placemark><name>M3A-w5-2198</name><description>区域=w5 类别=草地 带=edge 距母库=51.98km</description><Point><coordinates>134.610000,48.880139,0</coordinates></Point></Placemark>
<Placemark><name>M3A-w5-2199</name><description>区域=w5 类别=草地 带=edge 距母库=64.99km</description><Point><coordinates>133.362240,48.778540,0</coordinates></Point></Placemark>
<Placemark><name>M3A-w5-2200</name><description>区域=w5 类别=草地 带=edge 距母库=54.89km</description><Point><coordinates>133.615565,48.746470,0</coordinates></Point></Placemark>
<Placemark><name>M3A-w5-2201</name><description>区域=w5 类别=草地 带=edge 距母库=28.06km</description><Point><coordinates>134.698394,48.656998,0</coordinates></Point></Placemark>
<Placemark><name>M3A-w5-2202</name><description>区域=w5 类别=草地 带=edge 距母库=1.26km</description><Point><coordinates>133.926831,48.302882,0</coordinates></Point></Placemark>
<Placemark><name>M3A-w5-2203</name><description>区域=w5 类别=草地 带=edge 距母库=28.95km</description><Point><coordinates>134.412730,48.672090,0</coordinates></Point></Placemark>
<Placemark><name>M3A-w5-2204</name><description>区域=w5 类别=草地 带=edge 距母库=44.26km</description><Point><coordinates>133.992588,48.752399,0</coordinates></Point></Placemark>
<Placemark><name>M3A-w5-2205</name><description>区域=w5 类别=草地 带=edge 距母库=50.19km</description><Point><coordinates>133.584573,48.694188,0</coordinates></Point></Placemark>
<Placemark><name>M3A-w5-2206</name><description>区域=w5 类别=草地 带=edge 距母库=61.67km</description><Point><coordinates>134.579817,48.970420,0</coordinates></Point></Placemark>
<Placemark><name>M3A-w5-2207</name><description>区域=w5 类别=草地 带=edge 距母库=70.62km</description><Point><coordinates>133.047470,48.761023,0</coordinates></Point></Placemark>
<Placemark><name>M3A-w5-2208</name><description>区域=w5 类别=草地 带=edge 距母库=58.71km</description><Point><coordinates>134.256154,48.921103,0</coordinates></Point></Placemark>
<Placemark><name>M3A-w5-2209</name><description>区域=w5 类别=草地 带=edge 距母库=80.82km</description><Point><coordinates>133.547922,48.980122,0</coordinates></Point></Placemark>
<Placemark><name>M3A-w5-2210</name><description>区域=w5 类别=草地 带=edge 距母库=42.88km</description><Point><coordinates>133.051782,48.510123,0</coordinates></Point></Placemark>
<Placemark><name>M3A-w5-2211</name><description>区域=w5 类别=草地 带=edge 距母库=46.57km</description><Point><coordinates>133.309150,48.565370,0</coordinates></Point></Placemark>
<Placemark><name>M3A-w5-2212</name><description>区域=w5 类别=草地 带=edge 距母库=39.33km</description><Point><coordinates>134.466090,48.771264,0</coordinates></Point></Placemark>
<Placemark><name>M3A-w5-2213</name><description>区域=w5 类别=草地 带=edge 距母库=65.25km</description><Point><coordinates>133.400239,48.792823,0</coordinates></Point></Placemark>
<Placemark><name>M3A-w5-2214</name><description>区域=w5 类别=草地 带=edge 距母库=32.52km</description><Point><coordinates>134.589788,48.704698,0</coordinates></Point></Placemark>
<Placemark><name>M3A-w5-2215</name><description>区域=w5 类别=草地 带=edge 距母库=11.27km</description><Point><coordinates>134.903480,47.798927,0</coordinates></Point></Placemark>
<Placemark><name>M3A-w5-2216</name><description>区域=w5 类别=草地 带=edge 距母库=44.10km</description><Point><coordinates>133.605055,48.640559,0</coordinates></Point></Placemark>
<Placemark><name>M3A-w5-2217</name><description>区域=w5 类别=草地 带=edge 距母库=70.63km</description><Point><coordinates>133.201621,48.773959,0</coordinates></Point></Placemark>
<Placemark><name>M3A-w5-2218</name><description>区域=w5 类别=草地 带=edge 距母库=59.45km</description><Point><coordinates>134.712138,48.961257,0</coordinates></Point></Placemark>
<Placemark><name>M3A-w5-2219</name><description>区域=w5 类别=草地 带=edge 距母库=57.61km</description><Point><coordinates>133.934916,48.866395,0</coordinates></Point></Placemark>
<Placemark><name>M3A-w5-2220</name><description>区域=w5 类别=草地 带=edge 距母库=21.11km</description><Point><coordinates>134.204950,48.569951,0</coordinates></Point></Placemark>
<Placemark><name>M3A-w5-2221</name><description>区域=w5 类别=草地 带=edge 距母库=55.93km</description><Point><coordinates>133.342836,48.677479,0</coordinates></Point></Placemark>
<Placemark><name>M3A-w5-2222</name><description>区域=w5 类别=草地 带=edge 距母库=26.74km</description><Point><coordinates>134.637219,48.647566,0</coordinates></Point></Placemark>
<Placemark><name>M3A-w5-2223</name><description>区域=w5 类别=草地 带=edge 距母库=40.95km</description><Point><coordinates>134.719415,48.788511,0</coordinates></Point></Placemark>
<Placemark><name>M3A-w5-2224</name><description>区域=w5 类别=草地 带=edge 距母库=47.91km</description><Point><coordinates>133.820920,48.736499,0</coordinates></Point></Placemark>
<Placemark><name>M3A-w5-2225</name><description>区域=w5 类别=草地 带=edge 距母库=9.65km</description><Point><coordinates>134.354519,47.164267,0</coordinates></Point></Placemark>
<Placemark><name>M3A-w5-2226</name><description>区域=w5 类别=草地 带=edge 距母库=1.14km</description><Point><coordinates>134.246182,47.888399,0</coordinates></Point></Placemark>
<Placemark><name>M3A-w5-2227</name><description>区域=w5 类别=草地 带=edge 距母库=27.95km</description><Point><coordinates>134.345626,48.648105,0</coordinates></Point></Placemark>
<Placemark><name>M3A-w5-2228</name><description>区域=w5 类别=草地 带=edge 距母库=53.60km</description><Point><coordinates>133.900151,48.817886,0</coordinates></Point></Placemark>
<Placemark><name>M3A-w5-2229</name><description>区域=w5 类别=草地 带=edge 距母库=72.38km</description><Point><coordinates>133.005160,48.773689,0</coordinates></Point></Placemark>
<Placemark><name>M3A-w5-2230</name><description>区域=w5 类别=草地 带=edge 距母库=2.52km</description><Point><coordinates>134.199829,47.295511,0</coordinates></Point></Placemark>
<Placemark><name>M3A-w5-2231</name><description>区域=w5 类别=草地 带=edge 距母库=90.19km</description><Point><coordinates>133.168204,48.967456,0</coordinates></Point></Placemark>
<Placemark><name>M3A-w5-2232</name><description>区域=w5 类别=草地 带=edge 距母库=75.54km</description><Point><coordinates>133.027528,48.804142,0</coordinates></Point></Placemark>
<Placemark><name>M3A-w5-2233</name><description>区域=w5 类别=草地 带=edge 距母库=45.16km</description><Point><coordinates>134.897012,48.850495,0</coordinates></Point></Placemark>
<Placemark><name>M3A-w5-2234</name><description>区域=w5 类别=草地 带=edge 距母库=29.71km</description><Point><coordinates>134.402220,48.677479,0</coordinates></Point></Placemark>
<Placemark><name>M3A-w5-2235</name><description>区域=w5 类别=草地 带=edge 距母库=55.15km</description><Point><coordinates>133.488094,48.718443,0</coordinates></Point></Placemark>
<Placemark><name>M3A-w5-2236</name><description>区域=w5 类别=草地 带=edge 距母库=54.19km</description><Point><coordinates>134.226240,48.870707,0</coordinates></Point></Placemark>
<Placemark><name>M3A-w5-2237</name><description>区域=w5 类别=草地 带=edge 距母库=75.41km</description><Point><coordinates>133.375984,48.885260,0</coordinates></Point></Placemark>
<Placemark><name>M3A-w5-2238</name><description>区域=w5 类别=草地 带=edge 距母库=67.05km</description><Point><coordinates>133.404551,48.811688,0</coordinates></Point></Placemark>
<Placemark><name>M3A-w5-2239</name><description>区域=w5 类别=草地 带=edge 距母库=4.01km</description><Point><coordinates>133.528249,48.186999,0</coordinates></Point></Placemark>
<Placemark><name>M3A-w5-2240</name><description>区域=w5 类别=草地 带=edge 距母库=68.31km</description><Point><coordinates>134.113321,48.991441,0</coordinates></Point></Placemark>
<Placemark><name>M3A-w5-2241</name><description>区域=w5 类别=草地 带=edge 距母库=70.28km</description><Point><coordinates>133.566247,48.881217,0</coordinates></Point></Placemark>
<Placemark><name>M3A-w5-2242</name><description>区域=w5 类别=草地 带=edge 距母库=67.49km</description><Point><coordinates>133.801786,48.925414,0</coordinates></Point></Placemark>
<Placemark><name>M3A-w5-2243</name><description>区域=w5 类别=草地 带=edge 距母库=3.60km</description><Point><coordinates>134.247260,47.219514,0</coordinates></Point></Placemark>
<Placemark><name>M3A-w5-2244</name><description>区域=w5 类别=草地 带=edge 距母库=91.68km</description><Point><coordinates>133.168473,48.982817,0</coordinates></Point></Placemark>
<Placemark><name>M3A-w5-2245</name><description>区域=w5 类别=草地 带=edge 距母库=59.19km</description><Point><coordinates>134.018998,48.897926,0</coordinates></Point></Placemark>
<Placemark><name>M3A-w5-2246</name><description>区域=w5 类别=草地 带=edge 距母库=60.82km</description><Point><coordinates>133.835203,48.869360,0</coordinates></Point></Placemark>
<Placemark><name>M3A-w5-2247</name><description>区域=w5 类别=草地 带=edge 距母库=38.30km</description><Point><coordinates>133.775106,48.625737,0</coordinates></Point></Placemark>
<Placemark><name>M3A-w5-2248</name><description>区域=w5 类别=草地 带=edge 距母库=7.57km</description><Point><coordinates>134.265586,47.284462,0</coordinates></Point></Placemark>
<Placemark><name>M3A-w5-2249</name><description>区域=w5 类别=草地 带=edge 距母库=49.69km</description><Point><coordinates>133.289477,48.590163,0</coordinates></Point></Placemark>
<Placemark><name>M3A-w5-2250</name><description>区域=w5 类别=草地 带=edge 距母库=84.85km</description><Point><coordinates>133.348765,48.969342,0</coordinates></Point></Placemark>
<Placemark><name>M3A-w5-2251</name><description>区域=w5 类别=草地 带=edge 距母库=45.66km</description><Point><coordinates>134.925578,48.855346,0</coordinates></Point></Placemark>
<Placemark><name>M3A-w5-2252</name><description>区域=w5 类别=草地 带=edge 距母库=79.70km</description><Point><coordinates>133.144758,48.847261,0</coordinates></Point></Placemark>
<Placemark><name>M3A-w5-2253</name><description>区域=w5 类别=草地 带=edge 距母库=28.15km</description><Point><coordinates>133.152034,48.382922,0</coordinates></Point></Placemark>
<Placemark><name>M3A-w5-2254</name><description>区域=w5 类别=草地 带=edge 距母库=22.16km</description><Point><coordinates>134.557988,48.613879,0</coordinates></Point></Placemark>
<Placemark><name>M3A-w5-2255</name><description>区域=w5 类别=草地 带=edge 距母库=29.42km</description><Point><coordinates>134.707827,48.670203,0</coordinates></Point></Placemark>
<Placemark><name>M3A-w5-2256</name><description>区域=w5 类别=草地 带=edge 距母库=4.35km</description><Point><coordinates>134.967619,48.317704,0</coordinates></Point></Placemark>
<Placemark><name>M3A-w5-2257</name><description>区域=w5 类别=草地 带=edge 距母库=66.21km</description><Point><coordinates>133.470846,48.820042,0</coordinates></Point></Placemark>
<Placemark><name>M3A-w5-2258</name><description>区域=w5 类别=草地 带=edge 距母库=15.54km</description><Point><coordinates>134.488188,48.557824,0</coordinates></Point></Placemark>
<Placemark><name>M3A-w5-2259</name><description>区域=w5 类别=草地 带=edge 距母库=18.96km</description><Point><coordinates>134.770349,48.585043,0</coordinates></Point></Placemark>
<Placemark><name>M3A-w5-2260</name><description>区域=w5 类别=草地 带=edge 距母库=1.21km</description><Point><coordinates>134.394674,48.291294,0</coordinates></Point></Placemark>
<Placemark><name>M3A-w5-2261</name><description>区域=w5 类别=草地 带=edge 距母库=47.23km</description><Point><coordinates>133.741419,48.705776,0</coordinates></Point></Placemark>
<Placemark><name>M3A-w5-2262</name><description>区域=w5 类别=草地 带=edge 距母库=12.54km</description><Point><coordinates>134.626439,48.520095,0</coordinates></Point></Placemark>
<Placemark><name>M3A-w5-2263</name><description>区域=w5 类别=草地 带=edge 距母库=54.24km</description><Point><coordinates>133.568673,48.729222,0</coordinates></Point></Placemark>
<Placemark><name>M3A-w5-2264</name><description>区域=w5 类别=草地 带=edge 距母库=62.50km</description><Point><coordinates>133.367360,48.755094,0</coordinates></Point></Placemark>
<Placemark><name>M3A-w5-2265</name><description>区域=w5 类别=草地 带=edge 距母库=80.34km</description><Point><coordinates>133.308880,48.914635,0</coordinates></Point></Placemark>
<Placemark><name>M3A-w5-2266</name><description>区域=w5 类别=草地 带=edge 距母库=25.32km</description><Point><coordinates>133.031301,48.346810,0</coordinates></Point></Placemark>
<Placemark><name>M3A-w5-2267</name><description>区域=w5 类别=草地 带=edge 距母库=12.94km</description><Point><coordinates>134.556910,48.528449,0</coordinates></Point></Placemark>
<Placemark><name>M3A-w5-2268</name><description>区域=w5 类别=草地 带=edge 距母库=25.97km</description><Point><coordinates>134.262352,48.613070,0</coordinates></Point></Placemark>
<Placemark><name>M3A-w5-2269</name><description>区域=w5 类别=草地 带=edge 距母库=27.92km</description><Point><coordinates>134.381199,48.656728,0</coordinates></Point></Placemark>
<Placemark><name>M3A-w5-2270</name><description>区域=w5 类别=草地 带=edge 距母库=29.54km</description><Point><coordinates>133.167934,48.395319,0</coordinates></Point></Placemark>
<Placemark><name>M3A-w5-2271</name><description>区域=w5 类别=草地 带=edge 距母库=75.86km</description><Point><coordinates>133.565170,48.935655,0</coordinates></Point></Placemark>
<Placemark><name>M3A-w5-2272</name><description>区域=w5 类别=草地 带=edge 距母库=63.51km</description><Point><coordinates>134.087720,48.945896,0</coordinates></Point></Placemark>
<Placemark><name>M3A-w5-2273</name><description>区域=w5 类别=草地 带=edge 距母库=28.20km</description><Point><coordinates>134.647999,48.660232,0</coordinates></Point></Placemark>
<Placemark><name>M3A-w5-2274</name><description>区域=w5 类别=草地 带=edge 距母库=22.86km</description><Point><coordinates>133.516391,48.390468,0</coordinates></Point></Placemark>
<Placemark><name>M3A-w5-2275</name><description>区域=w5 类别=草地 带=edge 距母库=60.26km</description><Point><coordinates>133.035613,48.666430,0</coordinates></Point></Placemark>
<Placemark><name>M3A-w5-2276</name><description>区域=w5 类别=草地 带=edge 距母库=64.83km</description><Point><coordinates>134.151590,48.962066,0</coordinates></Point></Placemark>
<Placemark><name>M3A-w5-2277</name><description>区域=w5 类别=草地 带=edge 距母库=67.51km</description><Point><coordinates>133.277619,48.773420,0</coordinates></Point></Placemark>
<Placemark><name>M3A-w5-2278</name><description>区域=w5 类别=草地 带=edge 距母库=58.48km</description><Point><coordinates>134.299812,48.927301,0</coordinates></Point></Placemark>
<Placemark><name>M3A-w5-2279</name><description>区域=w5 类别=草地 带=edge 距母库=40.32km</description><Point><coordinates>134.822362,48.800908,0</coordinates></Point></Placemark>
<Placemark><name>M3A-w5-2280</name><description>区域=w5 类别=耕地 带=edge 距母库=1.61km</description><Point><coordinates>133.900151,48.092946,0</coordinates></Point></Placemark>
<Placemark><name>M3A-w5-2281</name><description>区域=w5 类别=耕地 带=edge 距母库=13.27km</description><Point><coordinates>134.779243,48.525754,0</coordinates></Point></Placemark>
<Placemark><name>M3A-w5-2282</name><description>区域=w5 类别=耕地 带=edge 距母库=42.72km</description><Point><coordinates>134.919380,48.828935,0</coordinates></Point></Placemark>
<Placemark><name>M3A-w5-2283</name><description>区域=w5 类别=耕地 带=edge 距母库=1.17km</description><Point><coordinates>134.035168,48.295067,0</coordinates></Point></Placemark>
<Placemark><name>M3A-w5-2284</name><description>区域=w5 类别=耕地 带=edge 距母库=2.04km</description><Point><coordinates>133.733873,48.112619,0</coordinates></Point></Placemark>
<Placemark><name>M3A-w5-2285</name><description>区域=w5 类别=耕地 带=edge 距母库=1.03km</description><Point><coordinates>134.117903,48.294258,0</coordinates></Point></Placemark>
<Placemark><name>M3A-w5-2286</name><description>区域=w5 类别=耕地 带=edge 距母库=47.00km</description><Point><coordinates>133.073072,48.549200,0</coordinates></Point></Placemark>
<Placemark><name>M3A-w5-2287</name><description>区域=w5 类别=耕地 带=edge 距母库=1.29km</description><Point><coordinates>134.076131,48.026920,0</coordinates></Point></Placemark>
<Placemark><name>M3A-w5-2288</name><description>区域=w5 类别=耕地 带=edge 距母库=1.35km</description><Point><coordinates>133.177906,48.104264,0</coordinates></Point></Placemark>
<Placemark><name>M3A-w5-2289</name><description>区域=w5 类别=建成区 带=edge 距母库=9.54km</description><Point><coordinates>134.355328,47.131389,0</coordinates></Point></Placemark>
<Placemark><name>M3A-w5-2290</name><description>区域=w5 类别=建成区 带=edge 距母库=8.89km</description><Point><coordinates>134.346973,47.148906,0</coordinates></Point></Placemark>
<Placemark><name>M3A-w5-2291</name><description>区域=w5 类别=建成区 带=edge 距母库=1.12km</description><Point><coordinates>134.125179,47.926668,0</coordinates></Point></Placemark>
<Placemark><name>M3A-w5-2292</name><description>区域=w5 类别=建成区 带=edge 距母库=12.86km</description><Point><coordinates>134.971931,48.558902,0</coordinates></Point></Placemark>
<Placemark><name>M3A-w5-2293</name><description>区域=w5 类别=建成区 带=edge 距母库=22.32km</description><Point><coordinates>134.993491,47.888938,0</coordinates></Point></Placemark>
<Placemark><name>M3A-w5-2294</name><description>区域=w5 类别=建成区 带=edge 距母库=1.08km</description><Point><coordinates>133.600473,47.589260,0</coordinates></Point></Placemark>
<Placemark><name>M3A-w5-2295</name><description>区域=w5 类别=建成区 带=edge 距母库=1.85km</description><Point><coordinates>133.906080,48.235508,0</coordinates></Point></Placemark>
<Placemark><name>M3A-w5-2296</name><description>区域=w5 类别=建成区 带=edge 距母库=42.40km</description><Point><coordinates>134.228935,48.761292,0</coordinates></Point></Placemark>
<Placemark><name>M3A-w5-2297</name><description>区域=w5 类别=建成区 带=edge 距母库=9.73km</description><Point><coordinates>134.777356,47.532936,0</coordinates></Point></Placemark>
<Placemark><name>M3A-w5-2298</name><description>区域=w5 类别=建成区 带=edge 距母库=10.07km</description><Point><coordinates>134.698933,48.008055,0</coordinates></Point></Placemark>
<Placemark><name>M3A-w5-2299</name><description>区域=w5 类别=建成区 带=edge 距母库=9.53km</description><Point><coordinates>134.742861,47.507064,0</coordinates></Point></Placemark>
<Placemark><name>M3A-w5-2300</name><description>区域=w5 类别=建成区 带=edge 距母库=8.46km</description><Point><coordinates>134.696508,47.492781,0</coordinates></Point></Placemark>
<Placemark><name>M3A-w5-2301</name><description>区域=w5 类别=建成区 带=edge 距母库=25.97km</description><Point><coordinates>134.154554,48.611184,0</coordinates></Point></Placemark>
<Placemark><name>M3A-w5-2302</name><description>区域=w5 类别=建成区 带=edge 距母库=33.60km</description><Point><coordinates>133.859727,48.607950,0</coordinates></Point></Placemark>
<Placemark><name>M3A-w5-2303</name><description>区域=w5 类别=建成区 带=edge 距母库=1.18km</description><Point><coordinates>133.572176,48.088095,0</coordinates></Point></Placemark>
<Placemark><name>M3A-w5-2304</name><description>区域=w5 类别=建成区 带=edge 距母库=15.28km</description><Point><coordinates>134.788675,48.552973,0</coordinates></Point></Placemark>
<Placemark><name>M3A-w5-2305</name><description>区域=w5 类别=建成区 带=edge 距母库=1.05km</description><Point><coordinates>134.136498,47.831266,0</coordinates></Point></Placemark>
<Placemark><name>M3A-w5-2306</name><description>区域=w5 类别=建成区 带=edge 距母库=3.48km</description><Point><coordinates>134.894047,48.471855,0</coordinates></Point></Placemark>
<Placemark><name>M3A-w5-2307</name><description>区域=w5 类别=建成区 带=edge 距母库=7.12km</description><Point><coordinates>134.743400,47.541290,0</coordinates></Point></Placemark>
<Placemark><name>M3A-w5-2308</name><description>区域=w5 类别=建成区 带=edge 距母库=2.00km</description><Point><coordinates>134.971931,48.339803,0</coordinates></Point></Placemark>
<Placemark><name>M3A-w5-2309</name><description>区域=w5 类别=建成区 带=edge 距母库=15.85km</description><Point><coordinates>134.495195,48.560788,0</coordinates></Point></Placemark>
<Placemark><name>M3A-w5-2310</name><description>区域=w5 类别=建成区 带=edge 距母库=7.73km</description><Point><coordinates>134.332151,47.141630,0</coordinates></Point></Placemark>
<Placemark><name>M3A-w5-2311</name><description>区域=w5 类别=建成区 带=edge 距母库=1.33km</description><Point><coordinates>133.804211,47.623756,0</coordinates></Point></Placemark>
<Placemark><name>M3A-w5-2312</name><description>区域=w5 类别=建成区 带=edge 距母库=20.28km</description><Point><coordinates>134.992952,47.857407,0</coordinates></Point></Placemark>
<Placemark><name>M3A-w5-2313</name><description>区域=w5 类别=建成区 带=edge 距母库=6.66km</description><Point><coordinates>134.315712,47.154835,0</coordinates></Point></Placemark>
<Placemark><name>M3A-w5-2314</name><description>区域=w5 类别=建成区 带=edge 距母库=31.69km</description><Point><coordinates>133.163084,48.414722,0</coordinates></Point></Placemark>
<Placemark><name>M3A-w5-2315</name><description>区域=w5 类别=建成区 带=edge 距母库=34.46km</description><Point><coordinates>133.808523,48.598787,0</coordinates></Point></Placemark>
<Placemark><name>M3A-w5-2316</name><description>区域=w5 类别=建成区 带=edge 距母库=7.79km</description><Point><coordinates>134.753371,47.540212,0</coordinates></Point></Placemark>
<Placemark><name>M3A-w5-2317</name><description>区域=w5 类别=建成区 带=edge 距母库=15.04km</description><Point><coordinates>134.801611,48.556476,0</coordinates></Point></Placemark>
<Placemark><name>M3A-w5-2318</name><description>区域=w5 类别=建成区 带=edge 距母库=2.52km</description><Point><coordinates>134.884884,48.315279,0</coordinates></Point></Placemark>
<Placemark><name>M3A-w5-2319</name><description>区域=w5 类别=建成区 带=edge 距母库=8.33km</description><Point><coordinates>134.898629,48.517669,0</coordinates></Point></Placemark>
<Placemark><name>M3A-w5-2320</name><description>区域=w5 类别=建成区 带=edge 距母库=1.03km</description><Point><coordinates>134.653119,47.847975,0</coordinates></Point></Placemark>
<Placemark><name>M3A-w5-2321</name><description>区域=w5 类别=裸地/稀疏 带=edge 距母库=14.99km</description><Point><coordinates>133.247974,48.261110,0</coordinates></Point></Placemark>
<Placemark><name>M3A-w5-2322</name><description>区域=w5 类别=裸地/稀疏 带=edge 距母库=29.36km</description><Point><coordinates>134.463395,48.681252,0</coordinates></Point></Placemark>
<Placemark><name>M3A-w5-2323</name><description>区域=w5 类别=裸地/稀疏 带=edge 距母库=18.72km</description><Point><coordinates>134.807540,48.596362,0</coordinates></Point></Placemark>
<Placemark><name>M3A-w5-2324</name><description>区域=w5 类别=裸地/稀疏 带=edge 距母库=45.82km</description><Point><coordinates>134.264777,48.799830,0</coordinates></Point></Placemark>
<Placemark><name>M3A-w5-2325</name><description>区域=w5 类别=裸地/稀疏 带=edge 距母库=1.17km</description><Point><coordinates>134.431864,48.202361,0</coordinates></Point></Placemark>
<Placemark><name>M3A-w5-2326</name><description>区域=w5 类别=裸地/稀疏 带=edge 距母库=1.10km</description><Point><coordinates>134.277174,47.728589,0</coordinates></Point></Placemark>
<Placemark><name>M3A-w5-2327</name><description>区域=w5 类别=裸地/稀疏 带=edge 距母库=36.36km</description><Point><coordinates>134.418389,48.740811,0</coordinates></Point></Placemark>
<Placemark><name>M3A-w5-2328</name><description>区域=w5 类别=裸地/稀疏 带=edge 距母库=25.77km</description><Point><coordinates>134.495734,48.649991,0</coordinates></Point></Placemark>
<Placemark><name>M3A-w5-2329</name><description>区域=w5 类别=裸地/稀疏 带=edge 距母库=79.16km</description><Point><coordinates>133.369247,48.919755,0</coordinates></Point></Placemark>
<Placemark><name>M3A-w5-2330</name><description>区域=w5 类别=裸地/稀疏 带=edge 距母库=13.49km</description><Point><coordinates>134.984867,48.563214,0</coordinates></Point></Placemark>
<Placemark><name>M3A-w5-2331</name><description>区域=w5 类别=裸地/稀疏 带=edge 距母库=45.11km</description><Point><coordinates>134.868445,47.128155,0</coordinates></Point></Placemark>
<Placemark><name>M3A-w5-2332</name><description>区域=w5 类别=裸地/稀疏 带=edge 距母库=1.03km</description><Point><coordinates>133.185452,47.015237,0</coordinates></Point></Placemark>
<Placemark><name>M3A-w5-2333</name><description>区域=w5 类别=裸地/稀疏 带=edge 距母库=1.24km</description><Point><coordinates>134.016842,48.253295,0</coordinates></Point></Placemark>
<Placemark><name>M3A-w5-2334</name><description>区域=w5 类别=裸地/稀疏 带=edge 距母库=47.46km</description><Point><coordinates>133.444436,48.628970,0</coordinates></Point></Placemark>
<Placemark><name>M3A-w5-2335</name><description>区域=w5 类别=裸地/稀疏 带=edge 距母库=31.88km</description><Point><coordinates>134.034629,48.643523,0</coordinates></Point></Placemark>
<Placemark><name>M3A-w5-2336</name><description>区域=w5 类别=裸地/稀疏 带=edge 距母库=7.91km</description><Point><coordinates>134.734237,47.522695,0</coordinates></Point></Placemark>
<Placemark><name>M3A-w5-2337</name><description>区域=w5 类别=裸地/稀疏 带=edge 距母库=1.04km</description><Point><coordinates>134.025736,48.308811,0</coordinates></Point></Placemark>
<Placemark><name>M3A-w5-2338</name><description>区域=w5 类别=裸地/稀疏 带=edge 距母库=34.77km</description><Point><coordinates>133.665421,48.566178,0</coordinates></Point></Placemark>
<Placemark><name>M3A-w5-2339</name><description>区域=w5 类别=裸地/稀疏 带=edge 距母库=1.07km</description><Point><coordinates>134.034629,48.335221,0</coordinates></Point></Placemark>
<Placemark><name>M3A-w5-2340</name><description>区域=w5 类别=裸地/稀疏 带=edge 距母库=1.62km</description><Point><coordinates>134.851737,48.420921,0</coordinates></Point></Placemark>
<Placemark><name>M3A-w5-2341</name><description>区域=w5 类别=裸地/稀疏 带=edge 距母库=21.30km</description><Point><coordinates>134.958457,47.904030,0</coordinates></Point></Placemark>
<Placemark><name>M3A-w5-2342</name><description>区域=w5 类别=裸地/稀疏 带=edge 距母库=1.13km</description><Point><coordinates>134.033282,48.289407,0</coordinates></Point></Placemark>
<Placemark><name>M3A-w5-2343</name><description>区域=w5 类别=裸地/稀疏 带=edge 距母库=1.15km</description><Point><coordinates>133.477853,47.825338,0</coordinates></Point></Placemark>
<Placemark><name>M3A-w5-2344</name><description>区域=w5 类别=裸地/稀疏 带=edge 距母库=1.20km</description><Point><coordinates>134.722918,48.296953,0</coordinates></Point></Placemark>
<Placemark><name>M3A-w5-2345</name><description>区域=w5 类别=裸地/稀疏 带=edge 距母库=65.17km</description><Point><coordinates>133.661649,48.860197,0</coordinates></Point></Placemark>
<Placemark><name>M3A-w5-2346</name><description>区域=w5 类别=裸地/稀疏 带=edge 距母库=1.05km</description><Point><coordinates>133.567864,48.175950,0</coordinates></Point></Placemark>
<Placemark><name>M3A-w5-2347</name><description>区域=w5 类别=裸地/稀疏 带=edge 距母库=76.30km</description><Point><coordinates>133.382452,48.895501,0</coordinates></Point></Placemark>
<Placemark><name>M3A-w5-2348</name><description>区域=w5 类别=裸地/稀疏 带=edge 距母库=79.80km</description><Point><coordinates>133.380566,48.928648,0</coordinates></Point></Placemark>
<Placemark><name>M3A-w5-2349</name><description>区域=w5 类别=裸地/稀疏 带=edge 距母库=1.30km</description><Point><coordinates>133.259563,47.959815,0</coordinates></Point></Placemark>
<Placemark><name>M3A-w5-2350</name><description>区域=w5 类别=裸地/稀疏 带=edge 距母库=66.67km</description><Point><coordinates>133.092476,48.727875,0</coordinates></Point></Placemark>
<Placemark><name>M3A-w5-2351</name><description>区域=w5 类别=裸地/稀疏 带=edge 距母库=1.38km</description><Point><coordinates>134.695160,48.331987,0</coordinates></Point></Placemark>
<Placemark><name>M3A-w5-2352</name><description>区域=w5 类别=裸地/稀疏 带=edge 距母库=10.75km</description><Point><coordinates>134.922075,48.541385,0</coordinates></Point></Placemark>
<Placemark><name>M3A-w5-2353</name><description>区域=w5 类别=裸地/稀疏 带=edge 距母库=73.11km</description><Point><coordinates>133.167126,48.787164,0</coordinates></Point></Placemark>
<Placemark><name>M3A-w5-2354</name><description>区域=w5 类别=裸地/稀疏 带=edge 距母库=55.65km</description><Point><coordinates>134.968967,48.949938,0</coordinates></Point></Placemark>
<Placemark><name>M3A-w5-2355</name><description>区域=w5 类别=裸地/稀疏 带=edge 距母库=64.07km</description><Point><coordinates>133.693718,48.859119,0</coordinates></Point></Placemark>
<Placemark><name>M3A-w5-2356</name><description>区域=w5 类别=裸地/稀疏 带=edge 距母库=78.23km</description><Point><coordinates>133.365474,48.909784,0</coordinates></Point></Placemark>
<Placemark><name>M3A-w5-2357</name><description>区域=w5 类别=裸地/稀疏 带=edge 距母库=67.22km</description><Point><coordinates>133.568403,48.852920,0</coordinates></Point></Placemark>
<Placemark><name>M3A-w5-2358</name><description>区域=w5 类别=水体 带=edge 距母库=2.53km</description><Point><coordinates>133.420990,48.142802,0</coordinates></Point></Placemark>
<Placemark><name>M3A-w5-2359</name><description>区域=w5 类别=水体 带=edge 距母库=38.43km</description><Point><coordinates>133.865386,48.656459,0</coordinates></Point></Placemark>
<Placemark><name>M3A-w5-2360</name><description>区域=w5 类别=水体 带=edge 距母库=1.01km</description><Point><coordinates>134.401142,48.393432,0</coordinates></Point></Placemark>
<Placemark><name>M3A-w5-2361</name><description>区域=w5 类别=水体 带=edge 距母库=62.88km</description><Point><coordinates>133.231805,48.703620,0</coordinates></Point></Placemark>
<Placemark><name>M3A-w5-2362</name><description>区域=w5 类别=水体 带=edge 距母库=34.92km</description><Point><coordinates>133.099213,48.441672,0</coordinates></Point></Placemark>
<Placemark><name>M3A-w5-2363</name><description>区域=w5 类别=水体 带=edge 距母库=33.09km</description><Point><coordinates>134.273132,48.679905,0</coordinates></Point></Placemark>
<Placemark><name>M3A-w5-2364</name><description>区域=w5 类别=水体 带=edge 距母库=32.78km</description><Point><coordinates>134.360718,48.698231,0</coordinates></Point></Placemark>
<Placemark><name>M3A-w5-2365</name><description>区域=w5 类别=水体 带=edge 距母库=1.23km</description><Point><coordinates>134.617276,48.238742,0</coordinates></Point></Placemark>
<Placemark><name>M3A-w5-2366</name><description>区域=w5 类别=水体 带=edge 距母库=42.92km</description><Point><coordinates>133.827118,48.689876,0</coordinates></Point></Placemark>
<Placemark><name>M3A-w5-2367</name><description>区域=w5 类别=水体 带=edge 距母库=23.89km</description><Point><coordinates>134.675757,48.620616,0</coordinates></Point></Placemark>
<Placemark><name>M3A-w5-2368</name><description>区域=w5 类别=水体 带=edge 距母库=25.01km</description><Point><coordinates>134.834220,48.662118,0</coordinates></Point></Placemark>
<Placemark><name>M3A-w5-2369</name><description>区域=w5 类别=水体 带=edge 距母库=2.14km</description><Point><coordinates>134.190127,47.081802,0</coordinates></Point></Placemark>
<Placemark><name>M3A-w5-2370</name><description>区域=w5 类别=水体 带=edge 距母库=18.20km</description><Point><coordinates>134.775470,48.579114,0</coordinates></Point></Placemark>
<Placemark><name>M3A-w5-2371</name><description>区域=w5 类别=水体 带=edge 距母库=1.13km</description><Point><coordinates>134.325683,48.384000,0</coordinates></Point></Placemark>
<Placemark><name>M3A-w5-2372</name><description>区域=w5 类别=水体 带=edge 距母库=73.56km</description><Point><coordinates>133.454946,48.886338,0</coordinates></Point></Placemark>
<Placemark><name>M3A-w5-2373</name><description>区域=w5 类别=水体 带=edge 距母库=36.62km</description><Point><coordinates>134.283103,48.716017,0</coordinates></Point></Placemark>
<Placemark><name>M3A-w5-2374</name><description>区域=w5 类别=水体 带=edge 距母库=46.62km</description><Point><coordinates>134.303315,48.816808,0</coordinates></Point></Placemark>
<Placemark><name>M3A-w5-2375</name><description>区域=w5 类别=草本湿地 带=edge 距母库=8.31km</description><Point><coordinates>134.712947,48.477245,0</coordinates></Point></Placemark>
<Placemark><name>M3A-w5-2376</name><description>区域=w5 类别=草本湿地 带=edge 距母库=66.76km</description><Point><coordinates>133.758936,48.903046,0</coordinates></Point></Placemark>
<Placemark><name>M3A-w5-2377</name><description>区域=w5 类别=草本湿地 带=edge 距母库=40.82km</description><Point><coordinates>133.908506,48.690146,0</coordinates></Point></Placemark>
<Placemark><name>M3A-w5-2378</name><description>区域=w5 类别=草本湿地 带=edge 距母库=23.86km</description><Point><coordinates>134.706479,48.618191,0</coordinates></Point></Placemark>
<Placemark><name>M3A-w5-2379</name><description>区域=w5 类别=草本湿地 带=edge 距母库=1.18km</description><Point><coordinates>134.396021,48.228501,0</coordinates></Point></Placemark>
<Placemark><name>M3A-w5-2380</name><description>区域=w5 类别=草本湿地 带=edge 距母库=17.80km</description><Point><coordinates>134.484146,48.578036,0</coordinates></Point></Placemark>
<Placemark><name>M3A-w5-2381</name><description>区域=w5 类别=草本湿地 带=edge 距母库=10.06km</description><Point><coordinates>133.897995,48.383730,0</coordinates></Point></Placemark>
<Placemark><name>M3A-w5-2382</name><description>区域=w5 类别=草本湿地 带=edge 距母库=51.94km</description><Point><coordinates>133.093823,48.595014,0</coordinates></Point></Placemark>
<Placemark><name>M3A-w5-2383</name><description>区域=w5 类别=草本湿地 带=edge 距母库=76.28km</description><Point><coordinates>133.320468,48.877983,0</coordinates></Point></Placemark>
<Placemark><name>M3A-w5-2384</name><description>区域=w5 类别=草本湿地 带=edge 距母库=15.72km</description><Point><coordinates>134.702167,48.544619,0</coordinates></Point></Placemark>
<Placemark><name>M3A-w5-2385</name><description>区域=w5 类别=草本湿地 带=edge 距母库=10.92km</description><Point><coordinates>134.867637,47.633996,0</coordinates></Point></Placemark>
<Placemark><name>M3A-w5-2386</name><description>区域=w5 类别=草本湿地 带=edge 距母库=14.86km</description><Point><coordinates>134.973279,47.712150,0</coordinates></Point></Placemark>
<Placemark><name>M3A-w5-2387</name><description>区域=w5 类别=草本湿地 带=edge 距母库=36.61km</description><Point><coordinates>134.521067,48.747279,0</coordinates></Point></Placemark>
<Placemark><name>M3A-w5-2388</name><description>区域=w5 类别=草本湿地 带=edge 距母库=23.68km</description><Point><coordinates>133.905811,48.523598,0</coordinates></Point></Placemark>
<Placemark><name>M3A-w5-2389</name><description>区域=w5 类别=草本湿地 带=edge 距母库=31.93km</description><Point><coordinates>134.687345,48.692571,0</coordinates></Point></Placemark>
<Placemark><name>M3A-w5-2390</name><description>区域=w5 类别=草本湿地 带=edge 距母库=25.26km</description><Point><coordinates>134.780321,48.652686,0</coordinates></Point></Placemark>
<Placemark><name>M3A-w5-2391</name><description>区域=w5 类别=草本湿地 带=edge 距母库=65.60km</description><Point><coordinates>133.278966,48.753746,0</coordinates></Point></Placemark>
<Placemark><name>M3A-w5-2392</name><description>区域=w5 类别=草本湿地 带=edge 距母库=10.81km</description><Point><coordinates>134.816433,47.572821,0</coordinates></Point></Placemark>
<Placemark><name>M3A-w5-2393</name><description>区域=w5 类别=草本湿地 带=edge 距母库=61.21km</description><Point><coordinates>133.409941,48.755902,0</coordinates></Point></Placemark>
<Placemark><name>M3A-w5-2394</name><description>区域=w5 类别=草本湿地 带=edge 距母库=1.43km</description><Point><coordinates>134.136498,47.065093,0</coordinates></Point></Placemark>
<Placemark><name>M3A-w5-2395</name><description>区域=w5 类别=草本湿地 带=edge 距母库=53.11km</description><Point><coordinates>134.066968,48.848878,0</coordinates></Point></Placemark>
<Placemark><name>M3A-w5-2396</name><description>区域=w5 类别=草本湿地 带=edge 距母库=1.01km</description><Point><coordinates>133.573793,48.101300,0</coordinates></Point></Placemark>
<Placemark><name>M3A-w5-2397</name><description>区域=w5 类别=草本湿地 带=edge 距母库=21.69km</description><Point><coordinates>134.967080,48.638942,0</coordinates></Point></Placemark>
<Placemark><name>M3A-w5-2398</name><description>区域=w5 类别=草本湿地 带=edge 距母库=52.14km</description><Point><coordinates>133.730639,48.751860,0</coordinates></Point></Placemark>
<Placemark><name>M3A-w5-2399</name><description>区域=w5 类别=草本湿地 带=edge 距母库=44.19km</description><Point><coordinates>133.696952,48.661579,0</coordinates></Point></Placemark>
<Placemark><name>M3A-w5-2400</name><description>区域=w5 类别=草本湿地 带=edge 距母库=1.05km</description><Point><coordinates>134.280947,47.670378,0</coordinates></Point></Placemark>
<Placemark><name>M3A-w5-2401</name><description>区域=w5 类别=草本湿地 带=edge 距母库=22.36km</description><Point><coordinates>134.954414,47.948766,0</coordinates></Point></Placemark>
<Placemark><name>M3A-w5-2402</name><description>区域=w5 类别=草本湿地 带=edge 距母库=28.91km</description><Point><coordinates>134.351555,48.658884,0</coordinates></Point></Placemark>
<Placemark><name>M3A-w5-2403</name><description>区域=w5 类别=草本湿地 带=edge 距母库=36.73km</description><Point><coordinates>133.805289,48.621155,0</coordinates></Point></Placemark>
<Placemark><name>M3A-w5-2404</name><description>区域=w5 类别=草本湿地 带=edge 距母库=1.98km</description><Point><coordinates>134.713755,47.713497,0</coordinates></Point></Placemark>
<Placemark><name>M3A-w5-2405</name><description>区域=w5 类别=草本湿地 带=edge 距母库=37.29km</description><Point><coordinates>134.448303,48.751860,0</coordinates></Point></Placemark>
<Placemark><name>M3A-w5-2406</name><description>区域=w5 类别=草本湿地 带=edge 距母库=34.17km</description><Point><coordinates>133.784808,48.587199,0</coordinates></Point></Placemark>
<Placemark><name>M3A-w5-2407</name><description>区域=w5 类别=草本湿地 带=edge 距母库=23.68km</description><Point><coordinates>133.049626,48.334682,0</coordinates></Point></Placemark>
<Placemark><name>M3A-w5-2408</name><description>区域=w5 类别=草本湿地 带=edge 距母库=1.02km</description><Point><coordinates>134.006871,47.948227,0</coordinates></Point></Placemark>
<Placemark><name>M3A-w5-2409</name><description>区域=w5 类别=草本湿地 带=edge 距母库=39.20km</description><Point><coordinates>133.907697,48.672898,0</coordinates></Point></Placemark>
<Placemark><name>M3A-w5-2410</name><description>区域=w5 类别=草本湿地 带=edge 距母库=37.07km</description><Point><coordinates>133.351191,48.483443,0</coordinates></Point></Placemark>
<Placemark><name>M3A-w5-2411</name><description>区域=w5 类别=草本湿地 带=edge 距母库=52.75km</description><Point><coordinates>133.088164,48.602021,0</coordinates></Point></Placemark>
<Placemark><name>M3A-w6-2412</name><description>区域=w6 类别=乔木 带=core 距母库=1.58km</description><Point><coordinates>116.434746,35.381156,0</coordinates></Point></Placemark>
<Placemark><name>M3A-w6-2413</name><description>区域=w6 类别=乔木 带=core 距母库=1.07km</description><Point><coordinates>117.166963,36.275339,0</coordinates></Point></Placemark>
<Placemark><name>M3A-w6-2414</name><description>区域=w6 类别=乔木 带=core 距母库=1.07km</description><Point><coordinates>117.720235,35.207062,0</coordinates></Point></Placemark>
<Placemark><name>M3A-w6-2415</name><description>区域=w6 类别=乔木 带=core 距母库=1.77km</description><Point><coordinates>117.619175,36.584718,0</coordinates></Point></Placemark>
<Placemark><name>M3A-w6-2416</name><description>区域=w6 类别=乔木 带=core 距母库=1.48km</description><Point><coordinates>117.175048,34.922476,0</coordinates></Point></Placemark>
<Placemark><name>M3A-w6-2417</name><description>区域=w6 类别=乔木 带=core 距母库=1.59km</description><Point><coordinates>117.749071,35.288988,0</coordinates></Point></Placemark>
<Placemark><name>M3A-w6-2418</name><description>区域=w6 类别=乔木 带=core 距母库=1.27km</description><Point><coordinates>115.610362,35.755484,0</coordinates></Point></Placemark>
<Placemark><name>M3A-w6-2419</name><description>区域=w6 类别=乔木 带=core 距母库=1.80km</description><Point><coordinates>115.564818,36.402540,0</coordinates></Point></Placemark>
<Placemark><name>M3A-w6-2420</name><description>区域=w6 类别=乔木 带=core 距母库=1.04km</description><Point><coordinates>116.718524,36.080494,0</coordinates></Point></Placemark>
<Placemark><name>M3A-w6-2421</name><description>区域=w6 类别=乔木 带=core 距母库=1.22km</description><Point><coordinates>117.975986,34.871272,0</coordinates></Point></Placemark>
<Placemark><name>M3A-w6-2422</name><description>区域=w6 类别=乔木 带=core 距母库=1.30km</description><Point><coordinates>117.993503,35.894273,0</coordinates></Point></Placemark>
<Placemark><name>M3A-w6-2423</name><description>区域=w6 类别=乔木 带=core 距母库=2.04km</description><Point><coordinates>114.544511,34.142559,0</coordinates></Point></Placemark>
<Placemark><name>M3A-w6-2424</name><description>区域=w6 类别=乔木 带=core 距母库=1.27km</description><Point><coordinates>116.857853,35.091449,0</coordinates></Point></Placemark>
<Placemark><name>M3A-w6-2425</name><description>区域=w6 类别=乔木 带=core 距母库=1.17km</description><Point><coordinates>115.457289,34.514192,0</coordinates></Point></Placemark>
<Placemark><name>M3A-w6-2426</name><description>区域=w6 类别=乔木 带=core 距母库=1.18km</description><Point><coordinates>117.141900,34.776949,0</coordinates></Point></Placemark>
<Placemark><name>M3A-w6-2427</name><description>区域=w6 类别=乔木 带=core 距母库=1.17km</description><Point><coordinates>117.249698,35.252607,0</coordinates></Point></Placemark>
<Placemark><name>M3A-w6-2428</name><description>区域=w6 类别=乔木 带=core 距母库=1.31km</description><Point><coordinates>117.078030,36.209043,0</coordinates></Point></Placemark>
<Placemark><name>M3A-w6-2429</name><description>区域=w6 类别=草地 带=core 距母库=1.64km</description><Point><coordinates>117.572552,36.554266,0</coordinates></Point></Placemark>
<Placemark><name>M3A-w6-2430</name><description>区域=w6 类别=草地 带=core 距母库=1.00km</description><Point><coordinates>115.142520,35.869749,0</coordinates></Point></Placemark>
<Placemark><name>M3A-w6-2431</name><description>区域=w6 类别=草地 带=core 距母库=1.54km</description><Point><coordinates>117.534015,35.147773,0</coordinates></Point></Placemark>
<Placemark><name>M3A-w6-2432</name><description>区域=w6 类别=草地 带=core 距母库=1.20km</description><Point><coordinates>117.439153,35.270663,0</coordinates></Point></Placemark>
<Placemark><name>M3A-w6-2433</name><description>区域=w6 类别=草地 带=core 距母库=1.60km</description><Point><coordinates>117.994850,36.141939,0</coordinates></Point></Placemark>
<Placemark><name>M3A-w6-2434</name><description>区域=w6 类别=草地 带=core 距母库=1.57km</description><Point><coordinates>114.055109,36.651553,0</coordinates></Point></Placemark>
<Placemark><name>M3A-w6-2435</name><description>区域=w6 类别=草地 带=core 距母库=1.61km</description><Point><coordinates>115.711153,35.098456,0</coordinates></Point></Placemark>
<Placemark><name>M3A-w6-2436</name><description>区域=w6 类别=草地 带=core 距母库=1.79km</description><Point><coordinates>117.787070,35.330491,0</coordinates></Point></Placemark>
<Placemark><name>M3A-w6-2437</name><description>区域=w6 类别=草地 带=core 距母库=1.74km</description><Point><coordinates>116.874022,36.133046,0</coordinates></Point></Placemark>
<Placemark><name>M3A-w6-2438</name><description>区域=w6 类别=草地 带=core 距母库=2.14km</description><Point><coordinates>116.825244,36.323039,0</coordinates></Point></Placemark>
<Placemark><name>M3A-w6-2439</name><description>区域=w6 类别=草地 带=core 距母库=1.11km</description><Point><coordinates>114.072626,35.688379,0</coordinates></Point></Placemark>
<Placemark><name>M3A-w6-2440</name><description>区域=w6 类别=草地 带=core 距母库=1.33km</description><Point><coordinates>114.207912,36.798428,0</coordinates></Point></Placemark>
<Placemark><name>M3A-w6-2441</name><description>区域=w6 类别=草地 带=core 距母库=1.01km</description><Point><coordinates>117.401423,35.225118,0</coordinates></Point></Placemark>
<Placemark><name>M3A-w6-2442</name><description>区域=w6 类别=草地 带=core 距母库=1.04km</description><Point><coordinates>117.742334,36.653440,0</coordinates></Point></Placemark>
<Placemark><name>M3A-w6-2443</name><description>区域=w6 类别=草地 带=core 距母库=1.06km</description><Point><coordinates>117.644507,36.392299,0</coordinates></Point></Placemark>
<Placemark><name>M3A-w6-2444</name><description>区域=w6 类别=草地 带=core 距母库=1.29km</description><Point><coordinates>117.969248,36.141669,0</coordinates></Point></Placemark>
<Placemark><name>M3A-w6-2445</name><description>区域=w6 类别=草地 带=core 距母库=1.41km</description><Point><coordinates>117.864684,36.378286,0</coordinates></Point></Placemark>
<Placemark><name>M3A-w6-2446</name><description>区域=w6 类别=草地 带=core 距母库=1.48km</description><Point><coordinates>114.065889,36.834270,0</coordinates></Point></Placemark>
<Placemark><name>M3A-w6-2447</name><description>区域=w6 类别=耕地 带=core 距母库=1.47km</description><Point><coordinates>117.035989,34.185139,0</coordinates></Point></Placemark>
<Placemark><name>M3A-w6-2448</name><description>区域=w6 类别=耕地 带=core 距母库=1.19km</description><Point><coordinates>114.764419,34.053625,0</coordinates></Point></Placemark>
<Placemark><name>M3A-w6-2449</name><description>区域=w6 类别=耕地 带=core 距母库=1.41km</description><Point><coordinates>116.824974,36.255396,0</coordinates></Point></Placemark>
<Placemark><name>M3A-w6-2450</name><description>区域=w6 类别=耕地 带=core 距母库=1.33km</description><Point><coordinates>114.534540,36.449971,0</coordinates></Point></Placemark>
<Placemark><name>M3A-w6-2451</name><description>区域=w6 类别=耕地 带=core 距母库=1.96km</description><Point><coordinates>116.057723,35.251259,0</coordinates></Point></Placemark>
<Placemark><name>M3A-w6-2452</name><description>区域=w6 类别=耕地 带=core 距母库=1.16km</description><Point><coordinates>116.239632,35.512669,0</coordinates></Point></Placemark>
<Placemark><name>M3A-w6-2453</name><description>区域=w6 类别=耕地 带=core 距母库=1.70km</description><Point><coordinates>117.929363,34.123963,0</coordinates></Point></Placemark>
<Placemark><name>M3A-w6-2454</name><description>区域=w6 类别=耕地 带=core 距母库=1.39km</description><Point><coordinates>116.034547,35.353128,0</coordinates></Point></Placemark>
<Placemark><name>M3A-w6-2455</name><description>区域=w6 类别=耕地 带=core 距母库=1.22km</description><Point><coordinates>115.779066,35.345043,0</coordinates></Point></Placemark>
<Placemark><name>M3A-w6-2456</name><description>区域=w6 类别=耕地 带=core 距母库=1.18km</description><Point><coordinates>116.407527,35.640140,0</coordinates></Point></Placemark>
<Placemark><name>M3A-w6-2457</name><description>区域=w6 类别=耕地 带=core 距母库=1.05km</description><Point><coordinates>115.480735,35.546356,0</coordinates></Point></Placemark>
<Placemark><name>M3A-w6-2458</name><description>区域=w6 类别=耕地 带=core 距母库=1.25km</description><Point><coordinates>114.915875,35.185233,0</coordinates></Point></Placemark>
<Placemark><name>M3A-w6-2459</name><description>区域=w6 类别=耕地 带=core 距母库=2.41km</description><Point><coordinates>115.671807,36.983840,0</coordinates></Point></Placemark>
<Placemark><name>M3A-w6-2460</name><description>区域=w6 类别=耕地 带=core 距母库=1.06km</description><Point><coordinates>114.149432,35.393283,0</coordinates></Point></Placemark>
<Placemark><name>M3A-w6-2461</name><description>区域=w6 类别=耕地 带=core 距母库=1.26km</description><Point><coordinates>116.042632,34.576445,0</coordinates></Point></Placemark>
<Placemark><name>M3A-w6-2462</name><description>区域=w6 类别=耕地 带=core 距母库=1.02km</description><Point><coordinates>114.823977,36.101245,0</coordinates></Point></Placemark>
<Placemark><name>M3A-w6-2463</name><description>区域=w6 类别=耕地 带=core 距母库=1.93km</description><Point><coordinates>116.621775,34.567012,0</coordinates></Point></Placemark>
<Placemark><name>M3A-w6-2464</name><description>区域=w6 类别=耕地 带=core 距母库=1.21km</description><Point><coordinates>116.498347,35.264734,0</coordinates></Point></Placemark>
<Placemark><name>M3A-w6-2465</name><description>区域=w6 类别=耕地 带=core 距母库=1.64km</description><Point><coordinates>114.290647,35.445295,0</coordinates></Point></Placemark>
<Placemark><name>M3A-w6-2466</name><description>区域=w6 类别=耕地 带=core 距母库=1.07km</description><Point><coordinates>117.882202,36.022014,0</coordinates></Point></Placemark>
<Placemark><name>M3A-w6-2467</name><description>区域=w6 类别=耕地 带=core 距母库=1.10km</description><Point><coordinates>114.713754,35.470358,0</coordinates></Point></Placemark>
<Placemark><name>M3A-w6-2468</name><description>区域=w6 类别=耕地 带=core 距母库=1.08km</description><Point><coordinates>117.167502,35.138610,0</coordinates></Point></Placemark>
<Placemark><name>M3A-w6-2469</name><description>区域=w6 类别=耕地 带=core 距母库=1.23km</description><Point><coordinates>116.173067,36.400115,0</coordinates></Point></Placemark>
<Placemark><name>M3A-w6-2470</name><description>区域=w6 类别=耕地 带=core 距母库=1.41km</description><Point><coordinates>114.556369,36.564506,0</coordinates></Point></Placemark>
<Placemark><name>M3A-w6-2471</name><description>区域=w6 类别=耕地 带=core 距母库=1.28km</description><Point><coordinates>117.352375,35.300307,0</coordinates></Point></Placemark>
<Placemark><name>M3A-w6-2472</name><description>区域=w6 类别=耕地 带=core 距母库=1.36km</description><Point><coordinates>117.461251,35.410800,0</coordinates></Point></Placemark>
<Placemark><name>M3A-w6-2473</name><description>区域=w6 类别=耕地 带=core 距母库=1.25km</description><Point><coordinates>114.586013,36.426795,0</coordinates></Point></Placemark>
<Placemark><name>M3A-w6-2474</name><description>区域=w6 类别=耕地 带=core 距母库=1.53km</description><Point><coordinates>115.668034,37.000549,0</coordinates></Point></Placemark>
<Placemark><name>M3A-w6-2475</name><description>区域=w6 类别=耕地 带=core 距母库=1.46km</description><Point><coordinates>114.888117,35.749824,0</coordinates></Point></Placemark>
<Placemark><name>M3A-w6-2476</name><description>区域=w6 类别=耕地 带=core 距母库=1.56km</description><Point><coordinates>115.956932,36.788726,0</coordinates></Point></Placemark>
<Placemark><name>M3A-w6-2477</name><description>区域=w6 类别=耕地 带=core 距母库=1.75km</description><Point><coordinates>116.012179,36.931019,0</coordinates></Point></Placemark>
<Placemark><name>M3A-w6-2478</name><description>区域=w6 类别=耕地 带=core 距母库=1.58km</description><Point><coordinates>114.298463,34.607706,0</coordinates></Point></Placemark>
<Placemark><name>M3A-w6-2479</name><description>区域=w6 类别=耕地 带=core 距母库=1.97km</description><Point><coordinates>116.341771,34.799317,0</coordinates></Point></Placemark>
<Placemark><name>M3A-w6-2480</name><description>区域=w6 类别=耕地 带=core 距母库=1.43km</description><Point><coordinates>116.167947,35.882146,0</coordinates></Point></Placemark>
<Placemark><name>M3A-w6-2481</name><description>区域=w6 类别=耕地 带=core 距母库=1.00km</description><Point><coordinates>114.582240,35.243444,0</coordinates></Point></Placemark>
<Placemark><name>M3A-w6-2482</name><description>区域=w6 类别=耕地 带=core 距母库=1.44km</description><Point><coordinates>115.515500,35.932542,0</coordinates></Point></Placemark>
<Placemark><name>M3A-w6-2483</name><description>区域=w6 类别=耕地 带=core 距母库=1.87km</description><Point><coordinates>114.956029,34.515000,0</coordinates></Point></Placemark>
<Placemark><name>M3A-w6-2484</name><description>区域=w6 类别=耕地 带=core 距母库=1.52km</description><Point><coordinates>117.937179,35.416729,0</coordinates></Point></Placemark>
<Placemark><name>M3A-w6-2485</name><description>区域=w6 类别=耕地 带=core 距母库=1.60km</description><Point><coordinates>114.917761,34.153608,0</coordinates></Point></Placemark>
<Placemark><name>M3A-w6-2486</name><description>区域=w6 类别=耕地 带=core 距母库=1.19km</description><Point><coordinates>116.976700,34.026945,0</coordinates></Point></Placemark>
<Placemark><name>M3A-w6-2487</name><description>区域=w6 类别=耕地 带=core 距母库=1.12km</description><Point><coordinates>116.268468,35.916372,0</coordinates></Point></Placemark>
<Placemark><name>M3A-w6-2488</name><description>区域=w6 类别=耕地 带=core 距母库=1.47km</description><Point><coordinates>115.529783,35.685954,0</coordinates></Point></Placemark>
<Placemark><name>M3A-w6-2489</name><description>区域=w6 类别=耕地 带=core 距母库=1.74km</description><Point><coordinates>116.052333,35.473592,0</coordinates></Point></Placemark>
<Placemark><name>M3A-w6-2490</name><description>区域=w6 类别=耕地 带=core 距母库=1.94km</description><Point><coordinates>115.090777,35.513208,0</coordinates></Point></Placemark>
<Placemark><name>M3A-w6-2491</name><description>区域=w6 类别=耕地 带=core 距母库=1.18km</description><Point><coordinates>114.529689,35.214338,0</coordinates></Point></Placemark>
<Placemark><name>M3A-w6-2492</name><description>区域=w6 类别=耕地 带=core 距母库=1.55km</description><Point><coordinates>115.140094,34.200500,0</coordinates></Point></Placemark>
<Placemark><name>M3A-w6-2493</name><description>区域=w6 类别=耕地 带=core 距母库=1.57km</description><Point><coordinates>115.701451,35.312973,0</coordinates></Point></Placemark>
<Placemark><name>M3A-w6-2494</name><description>区域=w6 类别=耕地 带=core 距母库=1.41km</description><Point><coordinates>116.962147,35.079322,0</coordinates></Point></Placemark>
<Placemark><name>M3A-w6-2495</name><description>区域=w6 类别=耕地 带=core 距母库=1.16km</description><Point><coordinates>115.411745,35.376844,0</coordinates></Point></Placemark>
<Placemark><name>M3A-w6-2496</name><description>区域=w6 类别=耕地 带=core 距母库=1.37km</description><Point><coordinates>117.105518,34.486703,0</coordinates></Point></Placemark>
<Placemark><name>M3A-w6-2497</name><description>区域=w6 类别=耕地 带=core 距母库=1.20km</description><Point><coordinates>114.584666,35.815581,0</coordinates></Point></Placemark>
<Placemark><name>M3A-w6-2498</name><description>区域=w6 类别=耕地 带=core 距母库=1.80km</description><Point><coordinates>115.233070,35.778121,0</coordinates></Point></Placemark>
<Placemark><name>M3A-w6-2499</name><description>区域=w6 类别=耕地 带=core 距母库=1.07km</description><Point><coordinates>114.082867,35.332108,0</coordinates></Point></Placemark>
<Placemark><name>M3A-w6-2500</name><description>区域=w6 类别=建成区 带=core 距母库=1.63km</description><Point><coordinates>117.171544,34.023442,0</coordinates></Point></Placemark>
<Placemark><name>M3A-w6-2501</name><description>区域=w6 类别=建成区 带=core 距母库=1.05km</description><Point><coordinates>114.346702,34.787190,0</coordinates></Point></Placemark>
<Placemark><name>M3A-w6-2502</name><description>区域=w6 类别=建成区 带=core 距母库=1.21km</description><Point><coordinates>115.763435,34.194032,0</coordinates></Point></Placemark>
<Placemark><name>M3A-w6-2503</name><description>区域=w6 类别=建成区 带=core 距母库=1.19km</description><Point><coordinates>115.678275,36.614093,0</coordinates></Point></Placemark>
<Placemark><name>M3A-w6-2504</name><description>区域=w6 类别=建成区 带=core 距母库=1.13km</description><Point><coordinates>117.419749,37.000279,0</coordinates></Point></Placemark>
<Placemark><name>M3A-w6-2505</name><description>区域=w6 类别=建成区 带=core 距母库=1.61km</description><Point><coordinates>116.497808,36.292586,0</coordinates></Point></Placemark>
<Placemark><name>M3A-w6-2506</name><description>区域=w6 类别=建成区 带=core 距母库=1.75km</description><Point><coordinates>115.001035,35.868402,0</coordinates></Point></Placemark>
<Placemark><name>M3A-w6-2507</name><description>区域=w6 类别=建成区 带=core 距母库=1.24km</description><Point><coordinates>114.590595,34.484817,0</coordinates></Point></Placemark>
<Placemark><name>M3A-w6-2508</name><description>区域=w6 类别=建成区 带=core 距母库=1.23km</description><Point><coordinates>115.999243,35.594595,0</coordinates></Point></Placemark>
<Placemark><name>M3A-w6-2509</name><description>区域=w6 类别=建成区 带=core 距母库=1.14km</description><Point><coordinates>114.520796,36.646433,0</coordinates></Point></Placemark>
<Placemark><name>M3A-w6-2510</name><description>区域=w6 类别=建成区 带=core 距母库=1.74km</description><Point><coordinates>116.101112,35.643374,0</coordinates></Point></Placemark>
<Placemark><name>M3A-w6-2511</name><description>区域=w6 类别=建成区 带=core 距母库=1.19km</description><Point><coordinates>114.118979,36.734288,0</coordinates></Point></Placemark>
<Placemark><name>M3A-w6-2512</name><description>区域=w6 类别=建成区 带=core 距母库=1.32km</description><Point><coordinates>117.129503,34.822224,0</coordinates></Point></Placemark>
<Placemark><name>M3A-w6-2513</name><description>区域=w6 类别=建成区 带=core 距母库=1.58km</description><Point><coordinates>117.445620,35.354745,0</coordinates></Point></Placemark>
<Placemark><name>M3A-w6-2514</name><description>区域=w6 类别=建成区 带=core 距母库=1.25km</description><Point><coordinates>115.264870,36.161342,0</coordinates></Point></Placemark>
<Placemark><name>M3A-w6-2515</name><description>区域=w6 类别=建成区 带=core 距母库=1.89km</description><Point><coordinates>116.993139,34.365161,0</coordinates></Point></Placemark>
<Placemark><name>M3A-w6-2516</name><description>区域=w6 类别=建成区 带=core 距母库=1.12km</description><Point><coordinates>115.354612,35.816120,0</coordinates></Point></Placemark>
<Placemark><name>M3A-w6-2517</name><description>区域=w6 类别=建成区 带=core 距母库=1.05km</description><Point><coordinates>115.773676,34.831926,0</coordinates></Point></Placemark>
<Placemark><name>M3A-w6-2518</name><description>区域=w6 类别=建成区 带=core 距母库=1.26km</description><Point><coordinates>116.968076,36.547259,0</coordinates></Point></Placemark>
<Placemark><name>M3A-w6-2519</name><description>区域=w6 类别=建成区 带=core 距母库=1.47km</description><Point><coordinates>115.185908,35.041323,0</coordinates></Point></Placemark>
<Placemark><name>M3A-w6-2520</name><description>区域=w6 类别=建成区 带=core 距母库=1.39km</description><Point><coordinates>114.810772,34.795274,0</coordinates></Point></Placemark>
<Placemark><name>M3A-w6-2521</name><description>区域=w6 类别=建成区 带=core 距母库=1.06km</description><Point><coordinates>116.443101,36.104210,0</coordinates></Point></Placemark>
<Placemark><name>M3A-w6-2522</name><description>区域=w6 类别=建成区 带=core 距母库=1.28km</description><Point><coordinates>117.108752,36.867149,0</coordinates></Point></Placemark>
<Placemark><name>M3A-w6-2523</name><description>区域=w6 类别=建成区 带=core 距母库=1.08km</description><Point><coordinates>117.694903,36.901105,0</coordinates></Point></Placemark>
<Placemark><name>M3A-w6-2524</name><description>区域=w6 类别=建成区 带=core 距母库=1.40km</description><Point><coordinates>115.490976,35.191701,0</coordinates></Point></Placemark>
<Placemark><name>M3A-w6-2525</name><description>区域=w6 类别=建成区 带=core 距母库=1.07km</description><Point><coordinates>115.609823,36.312529,0</coordinates></Point></Placemark>
<Placemark><name>M3A-w6-2526</name><description>区域=w6 类别=建成区 带=core 距母库=1.03km</description><Point><coordinates>114.629132,34.804976,0</coordinates></Point></Placemark>
<Placemark><name>M3A-w6-2527</name><description>区域=w6 类别=建成区 带=core 距母库=1.55km</description><Point><coordinates>115.559697,35.251798,0</coordinates></Point></Placemark>
<Placemark><name>M3A-w6-2528</name><description>区域=w6 类别=建成区 带=core 距母库=1.11km</description><Point><coordinates>115.559697,35.363638,0</coordinates></Point></Placemark>
<Placemark><name>M3A-w6-2529</name><description>区域=w6 类别=建成区 带=core 距母库=1.67km</description><Point><coordinates>114.234053,34.749730,0</coordinates></Point></Placemark>
<Placemark><name>M3A-w6-2530</name><description>区域=w6 类别=建成区 带=core 距母库=1.09km</description><Point><coordinates>116.380847,36.403349,0</coordinates></Point></Placemark>
<Placemark><name>M3A-w6-2531</name><description>区域=w6 类别=裸地/稀疏 带=core 距母库=1.16km</description><Point><coordinates>115.512536,35.858700,0</coordinates></Point></Placemark>
<Placemark><name>M3A-w6-2532</name><description>区域=w6 类别=裸地/稀疏 带=core 距母库=1.33km</description><Point><coordinates>115.984690,36.321961,0</coordinates></Point></Placemark>
<Placemark><name>M3A-w6-2533</name><description>区域=w6 类别=裸地/稀疏 带=core 距母库=1.49km</description><Point><coordinates>117.433224,36.618675,0</coordinates></Point></Placemark>
<Placemark><name>M3A-w6-2534</name><description>区域=w6 类别=裸地/稀疏 带=core 距母库=1.77km</description><Point><coordinates>116.662739,35.781894,0</coordinates></Point></Placemark>
<Placemark><name>M3A-w6-2535</name><description>区域=w6 类别=裸地/稀疏 带=core 距母库=1.03km</description><Point><coordinates>114.118171,36.803009,0</coordinates></Point></Placemark>
<Placemark><name>M3A-w6-2536</name><description>区域=w6 类别=裸地/稀疏 带=core 距母库=1.53km</description><Point><coordinates>114.270705,36.978720,0</coordinates></Point></Placemark>
<Placemark><name>M3A-w6-2537</name><description>区域=w6 类别=裸地/稀疏 带=core 距母库=1.41km</description><Point><coordinates>115.515770,35.851154,0</coordinates></Point></Placemark>
<Placemark><name>M3A-w6-2538</name><description>区域=w6 类别=裸地/稀疏 带=core 距母库=1.03km</description><Point><coordinates>116.714751,36.184519,0</coordinates></Point></Placemark>
<Placemark><name>M3A-w6-2539</name><description>区域=w6 类别=水体 带=core 距母库=1.07km</description><Point><coordinates>115.928366,36.029290,0</coordinates></Point></Placemark>
<Placemark><name>M3A-w6-2540</name><description>区域=w6 类别=水体 带=core 距母库=1.09km</description><Point><coordinates>115.695253,35.803454,0</coordinates></Point></Placemark>
<Placemark><name>M3A-w6-2541</name><description>区域=w6 类别=水体 带=core 距母库=1.15km</description><Point><coordinates>116.848420,35.050216,0</coordinates></Point></Placemark>
<Placemark><name>M3A-w6-2542</name><description>区域=w6 类别=水体 带=core 距母库=1.23km</description><Point><coordinates>117.895137,34.074107,0</coordinates></Point></Placemark>
<Placemark><name>M3A-w6-2543</name><description>区域=w6 类别=水体 带=core 距母库=1.75km</description><Point><coordinates>117.401423,35.013565,0</coordinates></Point></Placemark>
<Placemark><name>M3A-w6-2544</name><description>区域=w6 类别=水体 带=core 距母库=1.10km</description><Point><coordinates>116.849229,35.045365,0</coordinates></Point></Placemark>
<Placemark><name>M3A-w6-2545</name><description>区域=w6 类别=水体 带=core 距母库=1.12km</description><Point><coordinates>116.879412,34.979070,0</coordinates></Point></Placemark>
<Placemark><name>M3A-w6-2546</name><description>区域=w6 类别=水体 带=core 距母库=1.15km</description><Point><coordinates>116.180882,35.931194,0</coordinates></Point></Placemark>
<Placemark><name>M3A-w6-2547</name><description>区域=w6 类别=水体 带=core 距母库=1.04km</description><Point><coordinates>117.073718,34.809827,0</coordinates></Point></Placemark>
<Placemark><name>M3A-w6-2548</name><description>区域=w6 类别=水体 带=core 距母库=1.19km</description><Point><coordinates>116.827400,34.797969,0</coordinates></Point></Placemark>
<Placemark><name>M3A-w6-2549</name><description>区域=w6 类别=水体 带=core 距母库=1.17km</description><Point><coordinates>116.982898,36.763932,0</coordinates></Point></Placemark>
<Placemark><name>M3A-w6-2550</name><description>区域=w6 类别=水体 带=core 距母库=1.08km</description><Point><coordinates>116.972927,34.836777,0</coordinates></Point></Placemark>
<Placemark><name>M3A-w6-2551</name><description>区域=w6 类别=水体 带=core 距母库=1.10km</description><Point><coordinates>116.622314,35.384929,0</coordinates></Point></Placemark>
<Placemark><name>M3A-w6-2552</name><description>区域=w6 类别=水体 带=core 距母库=1.45km</description><Point><coordinates>116.218073,36.008539,0</coordinates></Point></Placemark>
<Placemark><name>M3A-w6-2553</name><description>区域=w6 类别=水体 带=core 距母库=1.12km</description><Point><coordinates>116.221037,35.994525,0</coordinates></Point></Placemark>
<Placemark><name>M3A-w6-2554</name><description>区域=w6 类别=水体 带=core 距母库=1.05km</description><Point><coordinates>116.786976,35.085520,0</coordinates></Point></Placemark>
<Placemark><name>M3A-w6-2555</name><description>区域=w6 类别=水体 带=core 距母库=1.04km</description><Point><coordinates>117.852288,35.918258,0</coordinates></Point></Placemark>
<Placemark><name>M3A-w6-2556</name><description>区域=w6 类别=水体 带=core 距母库=1.00km</description><Point><coordinates>116.838449,35.477365,0</coordinates></Point></Placemark>
<Placemark><name>M3A-w6-2557</name><description>区域=w6 类别=水体 带=core 距母库=1.16km</description><Point><coordinates>116.686724,35.102768,0</coordinates></Point></Placemark>
<Placemark><name>M3A-w6-2558</name><description>区域=w6 类别=水体 带=core 距母库=1.52km</description><Point><coordinates>117.244308,34.621181,0</coordinates></Point></Placemark>
<Placemark><name>M3A-w6-2559</name><description>区域=w6 类别=水体 带=core 距母库=1.32km</description><Point><coordinates>116.230200,35.929847,0</coordinates></Point></Placemark>
<Placemark><name>M3A-w6-2560</name><description>区域=w6 类别=水体 带=core 距母库=1.42km</description><Point><coordinates>115.664800,36.810016,0</coordinates></Point></Placemark>
<Placemark><name>M3A-w6-2561</name><description>区域=w6 类别=水体 带=core 距母库=1.24km</description><Point><coordinates>116.136416,35.965689,0</coordinates></Point></Placemark>
<Placemark><name>M3A-w6-2562</name><description>区域=w6 类别=水体 带=core 距母库=1.43km</description><Point><coordinates>117.056201,36.726742,0</coordinates></Point></Placemark>
<Placemark><name>M3A-w6-2563</name><description>区域=w6 类别=水体 带=core 距母库=1.36km</description><Point><coordinates>117.243769,34.560006,0</coordinates></Point></Placemark>
<Placemark><name>M3A-w6-2564</name><description>区域=w6 类别=水体 带=core 距母库=1.40km</description><Point><coordinates>117.256435,34.584530,0</coordinates></Point></Placemark>
<Placemark><name>M3A-w6-2565</name><description>区域=w6 类别=草本湿地 带=core 距母库=1.13km</description><Point><coordinates>117.179090,34.595040,0</coordinates></Point></Placemark>
<Placemark><name>M3A-w6-2566</name><description>区域=w6 类别=草本湿地 带=core 距母库=1.02km</description><Point><coordinates>116.202711,36.059743,0</coordinates></Point></Placemark>
<Placemark><name>M3A-w6-2567</name><description>区域=w6 类别=草本湿地 带=core 距母库=1.00km</description><Point><coordinates>117.180977,34.662683,0</coordinates></Point></Placemark>
<Placemark><name>M3A-w6-2568</name><description>区域=w6 类别=草本湿地 带=core 距母库=1.35km</description><Point><coordinates>117.191487,34.710384,0</coordinates></Point></Placemark>
<Placemark><name>M3A-w6-2569</name><description>区域=w6 类别=草本湿地 带=core 距母库=1.15km</description><Point><coordinates>116.669745,35.180113,0</coordinates></Point></Placemark>
<Placemark><name>M3A-w6-2570</name><description>区域=w6 类别=草本湿地 带=core 距母库=1.58km</description><Point><coordinates>117.013621,34.772367,0</coordinates></Point></Placemark>
<Placemark><name>M3A-w6-2571</name><description>区域=w6 类别=草本湿地 带=core 距母库=1.27km</description><Point><coordinates>116.920106,34.905228,0</coordinates></Point></Placemark>
<Placemark><name>M3A-w6-2572</name><description>区域=w6 类别=草本湿地 带=core 距母库=1.60km</description><Point><coordinates>117.257513,34.555963,0</coordinates></Point></Placemark>
<Placemark><name>M3A-w6-2573</name><description>区域=w6 类别=草本湿地 带=core 距母库=1.30km</description><Point><coordinates>116.639562,35.239671,0</coordinates></Point></Placemark>
<Placemark><name>M3A-w6-2574</name><description>区域=w6 类别=草本湿地 带=core 距母库=1.16km</description><Point><coordinates>116.843300,35.090640,0</coordinates></Point></Placemark>
<Placemark><name>M3A-w6-2575</name><description>区域=w6 类别=草本湿地 带=core 距母库=1.00km</description><Point><coordinates>116.825513,35.104654,0</coordinates></Point></Placemark>
<Placemark><name>M3A-w6-2576</name><description>区域=w6 类别=草本湿地 带=core 距母库=1.08km</description><Point><coordinates>117.219784,34.709036,0</coordinates></Point></Placemark>
<Placemark><name>M3A-w6-2577</name><description>区域=w6 类别=草本湿地 带=core 距母库=1.07km</description><Point><coordinates>116.663817,35.162865,0</coordinates></Point></Placemark>
<Placemark><name>M3A-w6-2578</name><description>区域=w6 类别=草本湿地 带=core 距母库=1.04km</description><Point><coordinates>116.838449,35.092796,0</coordinates></Point></Placemark>
<Placemark><name>M3A-w6-2579</name><description>区域=w6 类别=草本湿地 带=core 距母库=1.40km</description><Point><coordinates>116.661661,35.211374,0</coordinates></Point></Placemark>
<Placemark><name>M3A-w6-2580</name><description>区域=w6 类别=乔木 带=edge 距母库=1.98km</description><Point><coordinates>114.758220,35.372262,0</coordinates></Point></Placemark>
<Placemark><name>M3A-w6-2581</name><description>区域=w6 类别=乔木 带=edge 距母库=1.77km</description><Point><coordinates>115.559697,35.970810,0</coordinates></Point></Placemark>
<Placemark><name>M3A-w6-2582</name><description>区域=w6 类别=乔木 带=edge 距母库=1.29km</description><Point><coordinates>117.335397,36.573130,0</coordinates></Point></Placemark>
<Placemark><name>M3A-w6-2583</name><description>区域=w6 类别=乔木 带=edge 距母库=1.24km</description><Point><coordinates>114.372304,36.051119,0</coordinates></Point></Placemark>
<Placemark><name>M3A-w6-2584</name><description>区域=w6 类别=乔木 带=edge 距母库=1.33km</description><Point><coordinates>115.165157,35.331569,0</coordinates></Point></Placemark>
<Placemark><name>M3A-w6-2585</name><description>区域=w6 类别=乔木 带=edge 距母库=1.21km</description><Point><coordinates>117.076413,36.372896,0</coordinates></Point></Placemark>
<Placemark><name>M3A-w6-2586</name><description>区域=w6 类别=乔木 带=edge 距母库=1.71km</description><Point><coordinates>114.284449,36.927785,0</coordinates></Point></Placemark>
<Placemark><name>M3A-w6-2587</name><description>区域=w6 类别=乔木 带=edge 距母库=1.12km</description><Point><coordinates>116.915525,34.656754,0</coordinates></Point></Placemark>
<Placemark><name>M3A-w6-2588</name><description>区域=w6 类别=乔木 带=edge 距母库=1.08km</description><Point><coordinates>116.942743,34.056590,0</coordinates></Point></Placemark>
<Placemark><name>M3A-w6-2589</name><description>区域=w6 类别=乔木 带=edge 距母库=1.46km</description><Point><coordinates>115.482083,36.279112,0</coordinates></Point></Placemark>
<Placemark><name>M3A-w6-2590</name><description>区域=w6 类别=乔木 带=edge 距母库=1.39km</description><Point><coordinates>114.345085,35.393822,0</coordinates></Point></Placemark>
<Placemark><name>M3A-w6-2591</name><description>区域=w6 类别=乔木 带=edge 距母库=1.71km</description><Point><coordinates>117.936640,36.070253,0</coordinates></Point></Placemark>
<Placemark><name>M3A-w6-2592</name><description>区域=w6 类别=乔木 带=edge 距母库=1.28km</description><Point><coordinates>115.768286,34.577523,0</coordinates></Point></Placemark>
<Placemark><name>M3A-w6-2593</name><description>区域=w6 类别=乔木 带=edge 距母库=1.34km</description><Point><coordinates>117.937179,35.281982,0</coordinates></Point></Placemark>
<Placemark><name>M3A-w6-2594</name><description>区域=w6 类别=乔木 带=edge 距母库=1.15km</description><Point><coordinates>117.073987,34.689633,0</coordinates></Point></Placemark>
<Placemark><name>M3A-w6-2595</name><description>区域=w6 类别=乔木 带=edge 距母库=1.06km</description><Point><coordinates>117.817523,35.779199,0</coordinates></Point></Placemark>
<Placemark><name>M3A-w6-2596</name><description>区域=w6 类别=乔木 带=edge 距母库=1.95km</description><Point><coordinates>115.834582,34.593692,0</coordinates></Point></Placemark>
<Placemark><name>M3A-w6-2597</name><description>区域=w6 类别=乔木 带=edge 距母库=1.14km</description><Point><coordinates>116.776735,36.144903,0</coordinates></Point></Placemark>
<Placemark><name>M3A-w6-2598</name><description>区域=w6 类别=乔木 带=edge 距母库=1.71km</description><Point><coordinates>117.022783,36.804626,0</coordinates></Point></Placemark>
<Placemark><name>M3A-w6-2599</name><description>区域=w6 类别=乔木 带=edge 距母库=1.04km</description><Point><coordinates>115.374824,35.742009,0</coordinates></Point></Placemark>
<Placemark><name>M3A-w6-2600</name><description>区域=w6 类别=乔木 带=edge 距母库=1.04km</description><Point><coordinates>115.986038,36.024170,0</coordinates></Point></Placemark>
<Placemark><name>M3A-w6-2601</name><description>区域=w6 类别=乔木 带=edge 距母库=1.28km</description><Point><coordinates>115.559158,35.148851,0</coordinates></Point></Placemark>
<Placemark><name>M3A-w6-2602</name><description>区域=w6 类别=乔木 带=edge 距母库=1.02km</description><Point><coordinates>114.063733,36.340826,0</coordinates></Point></Placemark>
<Placemark><name>M3A-w6-2603</name><description>区域=w6 类别=乔木 带=edge 距母库=1.36km</description><Point><coordinates>117.553418,34.246044,0</coordinates></Point></Placemark>
<Placemark><name>M3A-w6-2604</name><description>区域=w6 类别=乔木 带=edge 距母库=1.58km</description><Point><coordinates>117.731824,34.175167,0</coordinates></Point></Placemark>
<Placemark><name>M3A-w6-2605</name><description>区域=w6 类别=乔木 带=edge 距母库=1.17km</description><Point><coordinates>117.068058,36.584988,0</coordinates></Point></Placemark>
<Placemark><name>M3A-w6-2606</name><description>区域=w6 类别=乔木 带=edge 距母库=1.82km</description><Point><coordinates>115.711692,36.271296,0</coordinates></Point></Placemark>
<Placemark><name>M3A-w6-2607</name><description>区域=w6 类别=乔木 带=edge 距母库=1.95km</description><Point><coordinates>115.583143,35.415651,0</coordinates></Point></Placemark>
<Placemark><name>M3A-w6-2608</name><description>区域=w6 类别=乔木 带=edge 距母库=1.67km</description><Point><coordinates>115.893871,36.567471,0</coordinates></Point></Placemark>
<Placemark><name>M3A-w6-2609</name><description>区域=w6 类别=乔木 带=edge 距母库=1.09km</description><Point><coordinates>117.436997,34.050122,0</coordinates></Point></Placemark>
<Placemark><name>M3A-w6-2610</name><description>区域=w6 类别=乔木 带=edge 距母库=1.70km</description><Point><coordinates>114.880571,35.056415,0</coordinates></Point></Placemark>
<Placemark><name>M3A-w6-2611</name><description>区域=w6 类别=乔木 带=edge 距母库=1.95km</description><Point><coordinates>114.159134,35.206254,0</coordinates></Point></Placemark>
<Placemark><name>M3A-w6-2612</name><description>区域=w6 类别=乔木 带=edge 距母库=1.54km</description><Point><coordinates>117.445081,35.189814,0</coordinates></Point></Placemark>
<Placemark><name>M3A-w6-2613</name><description>区域=w6 类别=乔木 带=edge 距母库=2.82km</description><Point><coordinates>114.933661,34.168160,0</coordinates></Point></Placemark>
<Placemark><name>M3A-w6-2614</name><description>区域=w6 类别=乔木 带=edge 距母库=1.60km</description><Point><coordinates>114.731810,34.548148,0</coordinates></Point></Placemark>
<Placemark><name>M3A-w6-2615</name><description>区域=w6 类别=乔木 带=edge 距母库=1.82km</description><Point><coordinates>114.872217,34.774254,0</coordinates></Point></Placemark>
<Placemark><name>M3A-w6-2616</name><description>区域=w6 类别=乔木 带=edge 距母库=1.26km</description><Point><coordinates>117.363425,35.791865,0</coordinates></Point></Placemark>
<Placemark><name>M3A-w6-2617</name><description>区域=w6 类别=灌丛 带=edge 距母库=1.06km</description><Point><coordinates>115.412014,36.993542,0</coordinates></Point></Placemark>
<Placemark><name>M3A-w6-2618</name><description>区域=w6 类别=灌丛 带=edge 距母库=1.48km</description><Point><coordinates>117.934753,34.790962,0</coordinates></Point></Placemark>
<Placemark><name>M3A-w6-2619</name><description>区域=w6 类别=灌丛 带=edge 距母库=1.46km</description><Point><coordinates>115.549995,35.857892,0</coordinates></Point></Placemark>
<Placemark><name>M3A-w6-2620</name><description>区域=w6 类别=灌丛 带=edge 距母库=1.15km</description><Point><coordinates>116.942474,37.005130,0</coordinates></Point></Placemark>
<Placemark><name>M3A-w6-2621</name><description>区域=w6 类别=灌丛 带=edge 距母库=2.10km</description><Point><coordinates>115.829731,36.642390,0</coordinates></Point></Placemark>
<Placemark><name>M3A-w6-2622</name><description>区域=w6 类别=灌丛 带=edge 距母库=1.63km</description><Point><coordinates>116.266582,36.942068,0</coordinates></Point></Placemark>
<Placemark><name>M3A-w6-2623</name><description>区域=w6 类别=灌丛 带=edge 距母库=1.44km</description><Point><coordinates>116.952984,36.964436,0</coordinates></Point></Placemark>
<Placemark><name>M3A-w6-2624</name><description>区域=w6 类别=灌丛 带=edge 距母库=1.43km</description><Point><coordinates>116.035625,35.767611,0</coordinates></Point></Placemark>
<Placemark><name>M3A-w6-2625</name><description>区域=w6 类别=灌丛 带=edge 距母库=1.20km</description><Point><coordinates>115.118535,35.830942,0</coordinates></Point></Placemark>
<Placemark><name>M3A-w6-2626</name><description>区域=w6 类别=灌丛 带=edge 距母库=1.59km</description><Point><coordinates>117.358574,35.894812,0</coordinates></Point></Placemark>
<Placemark><name>M3A-w6-2627</name><description>区域=w6 类别=灌丛 带=edge 距母库=1.38km</description><Point><coordinates>115.402312,36.967401,0</coordinates></Point></Placemark>
<Placemark><name>M3A-w6-2628</name><description>区域=w6 类别=灌丛 带=edge 距母库=1.42km</description><Point><coordinates>114.779510,36.724047,0</coordinates></Point></Placemark>
<Placemark><name>M3A-w6-2629</name><description>区域=w6 类别=灌丛 带=edge 距母库=1.44km</description><Point><coordinates>116.575153,36.759890,0</coordinates></Point></Placemark>
<Placemark><name>M3A-w6-2630</name><description>区域=w6 类别=灌丛 带=edge 距母库=1.17km</description><Point><coordinates>115.100748,35.059110,0</coordinates></Point></Placemark>
<Placemark><name>M3A-w6-2631</name><description>区域=w6 类别=灌丛 带=edge 距母库=1.60km</description><Point><coordinates>116.171989,35.779199,0</coordinates></Point></Placemark>
<Placemark><name>M3A-w6-2632</name><description>区域=w6 类别=灌丛 带=edge 距母库=1.11km</description><Point><coordinates>115.572903,35.841452,0</coordinates></Point></Placemark>
<Placemark><name>M3A-w6-2633</name><description>区域=w6 类别=灌丛 带=edge 距母库=1.57km</description><Point><coordinates>115.856950,35.255302,0</coordinates></Point></Placemark>
<Placemark><name>M3A-w6-2634</name><description>区域=w6 类别=灌丛 带=edge 距母库=1.19km</description><Point><coordinates>115.609554,36.143556,0</coordinates></Point></Placemark>
<Placemark><name>M3A-w6-2635</name><description>区域=w6 类别=灌丛 带=edge 距母库=1.88km</description><Point><coordinates>116.165791,34.926788,0</coordinates></Point></Placemark>
<Placemark><name>M3A-w6-2636</name><description>区域=w6 类别=灌丛 带=edge 距母库=1.42km</description><Point><coordinates>116.414265,36.788995,0</coordinates></Point></Placemark>
<Placemark><name>M3A-w6-2637</name><description>区域=w6 类别=灌丛 带=edge 距母库=1.37km</description><Point><coordinates>116.223193,36.633227,0</coordinates></Point></Placemark>
<Placemark><name>M3A-w6-2638</name><description>区域=w6 类别=灌丛 带=edge 距母库=1.13km</description><Point><coordinates>116.909596,37.004322,0</coordinates></Point></Placemark>
<Placemark><name>M3A-w6-2639</name><description>区域=w6 类别=灌丛 带=edge 距母库=1.35km</description><Point><coordinates>115.534904,35.461734,0</coordinates></Point></Placemark>
<Placemark><name>M3A-w6-2640</name><description>区域=w6 类别=灌丛 带=edge 距母库=1.04km</description><Point><coordinates>115.508493,36.165115,0</coordinates></Point></Placemark>
<Placemark><name>M3A-w6-2641</name><description>区域=w6 类别=灌丛 带=edge 距母库=1.63km</description><Point><coordinates>117.972752,34.785303,0</coordinates></Point></Placemark>
<Placemark><name>M3A-w6-2642</name><description>区域=w6 类别=灌丛 带=edge 距母库=2.04km</description><Point><coordinates>115.573711,36.929672,0</coordinates></Point></Placemark>
<Placemark><name>M3A-w6-2643</name><description>区域=w6 类别=灌丛 带=edge 距母库=1.49km</description><Point><coordinates>117.103362,36.907573,0</coordinates></Point></Placemark>
<Placemark><name>M3A-w6-2644</name><description>区域=w6 类别=灌丛 带=edge 距母库=1.06km</description><Point><coordinates>114.872756,36.549684,0</coordinates></Point></Placemark>
<Placemark><name>M3A-w6-2645</name><description>区域=w6 类别=灌丛 带=edge 距母库=1.50km</description><Point><coordinates>115.548379,36.613824,0</coordinates></Point></Placemark>
<Placemark><name>M3A-w6-2646</name><description>区域=w6 类别=灌丛 带=edge 距母库=1.10km</description><Point><coordinates>115.555116,36.163768,0</coordinates></Point></Placemark>
<Placemark><name>M3A-w6-2647</name><description>区域=w6 类别=灌丛 带=edge 距母库=1.15km</description><Point><coordinates>115.181596,36.845320,0</coordinates></Point></Placemark>
<Placemark><name>M3A-w6-2648</name><description>区域=w6 类别=灌丛 带=edge 距母库=1.55km</description><Point><coordinates>115.985499,34.765630,0</coordinates></Point></Placemark>
<Placemark><name>M3A-w6-2649</name><description>区域=w6 类别=灌丛 带=edge 距母库=1.16km</description><Point><coordinates>115.189681,34.947000,0</coordinates></Point></Placemark>
<Placemark><name>M3A-w6-2650</name><description>区域=w6 类别=灌丛 带=edge 距母库=1.53km</description><Point><coordinates>115.479118,36.134932,0</coordinates></Point></Placemark>
<Placemark><name>M3A-w6-2651</name><description>区域=w6 类别=灌丛 带=edge 距母库=1.08km</description><Point><coordinates>116.289219,36.267793,0</coordinates></Point></Placemark>
<Placemark><name>M3A-w6-2652</name><description>区域=w6 类别=灌丛 带=edge 距母库=1.14km</description><Point><coordinates>115.641893,36.720274,0</coordinates></Point></Placemark>
<Placemark><name>M3A-w6-2653</name><description>区域=w6 类别=灌丛 带=edge 距母库=1.46km</description><Point><coordinates>115.181596,36.593342,0</coordinates></Point></Placemark>
<Placemark><name>M3A-w6-2654</name><description>区域=w6 类别=灌丛 带=edge 距母库=1.66km</description><Point><coordinates>114.775199,36.657751,0</coordinates></Point></Placemark>
<Placemark><name>M3A-w6-2655</name><description>区域=w6 类别=灌丛 带=edge 距母库=1.14km</description><Point><coordinates>116.477596,36.936678,0</coordinates></Point></Placemark>
<Placemark><name>M3A-w6-2656</name><description>区域=w6 类别=灌丛 带=edge 距母库=1.05km</description><Point><coordinates>116.069581,37.012137,0</coordinates></Point></Placemark>
<Placemark><name>M3A-w6-2657</name><description>区域=w6 类别=灌丛 带=edge 距母库=1.90km</description><Point><coordinates>115.521160,36.826455,0</coordinates></Point></Placemark>
<Placemark><name>M3A-w6-2658</name><description>区域=w6 类别=灌丛 带=edge 距母库=1.19km</description><Point><coordinates>116.570032,36.803279,0</coordinates></Point></Placemark>
<Placemark><name>M3A-w6-2659</name><description>区域=w6 类别=灌丛 带=edge 距母库=1.21km</description><Point><coordinates>115.786073,35.675713,0</coordinates></Point></Placemark>
<Placemark><name>M3A-w6-2660</name><description>区域=w6 类别=灌丛 带=edge 距母库=1.07km</description><Point><coordinates>117.339440,37.000818,0</coordinates></Point></Placemark>
<Placemark><name>M3A-w6-2661</name><description>区域=w6 类别=灌丛 带=edge 距母库=2.27km</description><Point><coordinates>116.102459,34.824649,0</coordinates></Point></Placemark>
<Placemark><name>M3A-w6-2662</name><description>区域=w6 类别=灌丛 带=edge 距母库=1.20km</description><Point><coordinates>114.874103,36.734827,0</coordinates></Point></Placemark>
<Placemark><name>M3A-w6-2663</name><description>区域=w6 类别=灌丛 带=edge 距母库=1.90km</description><Point><coordinates>115.692289,36.272374,0</coordinates></Point></Placemark>
<Placemark><name>M3A-w6-2664</name><description>区域=w6 类别=灌丛 带=edge 距母库=1.21km</description><Point><coordinates>117.290930,36.990038,0</coordinates></Point></Placemark>
<Placemark><name>M3A-w6-2665</name><description>区域=w6 类别=灌丛 带=edge 距母库=1.48km</description><Point><coordinates>115.405816,36.389604,0</coordinates></Point></Placemark>
<Placemark><name>M3A-w6-2666</name><description>区域=w6 类别=灌丛 带=edge 距母库=1.92km</description><Point><coordinates>116.824974,36.957968,0</coordinates></Point></Placemark>
<Placemark><name>M3A-w6-2667</name><description>区域=w6 类别=灌丛 带=edge 距母库=1.39km</description><Point><coordinates>115.774215,36.579598,0</coordinates></Point></Placemark>
<Placemark><name>M3A-w6-2668</name><description>区域=w6 类别=灌丛 带=edge 距母库=1.07km</description><Point><coordinates>115.389377,36.995698,0</coordinates></Point></Placemark>
<Placemark><name>M3A-w6-2669</name><description>区域=w6 类别=灌丛 带=edge 距母库=1.84km</description><Point><coordinates>114.977050,36.874964,0</coordinates></Point></Placemark>
<Placemark><name>M3A-w6-2670</name><description>区域=w6 类别=灌丛 带=edge 距母库=1.16km</description><Point><coordinates>116.273858,36.826725,0</coordinates></Point></Placemark>
<Placemark><name>M3A-w6-2671</name><description>区域=w6 类别=灌丛 带=edge 距母库=1.25km</description><Point><coordinates>116.723914,36.946380,0</coordinates></Point></Placemark>
<Placemark><name>M3A-w6-2672</name><description>区域=w6 类别=灌丛 带=edge 距母库=1.71km</description><Point><coordinates>115.406894,36.480155,0</coordinates></Point></Placemark>
<Placemark><name>M3A-w6-2673</name><description>区域=w6 类别=灌丛 带=edge 距母库=1.06km</description><Point><coordinates>114.380389,34.161962,0</coordinates></Point></Placemark>
<Placemark><name>M3A-w6-2674</name><description>区域=w6 类别=灌丛 带=edge 距母库=1.50km</description><Point><coordinates>116.720410,36.941260,0</coordinates></Point></Placemark>
<Placemark><name>M3A-w6-2675</name><description>区域=w6 类别=灌丛 带=edge 距母库=1.05km</description><Point><coordinates>117.221940,36.911346,0</coordinates></Point></Placemark>
<Placemark><name>M3A-w6-2676</name><description>区域=w6 类别=灌丛 带=edge 距母库=1.21km</description><Point><coordinates>116.725531,36.964436,0</coordinates></Point></Placemark>
<Placemark><name>M3A-w6-2677</name><description>区域=w6 类别=灌丛 带=edge 距母库=1.65km</description><Point><coordinates>117.956582,34.794466,0</coordinates></Point></Placemark>
<Placemark><name>M3A-w6-2678</name><description>区域=w6 类别=灌丛 带=edge 距母库=1.32km</description><Point><coordinates>114.442103,35.980512,0</coordinates></Point></Placemark>
<Placemark><name>M3A-w6-2679</name><description>区域=w6 类别=灌丛 带=edge 距母库=1.12km</description><Point><coordinates>115.513614,35.798872,0</coordinates></Point></Placemark>
<Placemark><name>M3A-w6-2680</name><description>区域=w6 类别=灌丛 带=edge 距母库=1.02km</description><Point><coordinates>115.498522,35.642835,0</coordinates></Point></Placemark>
<Placemark><name>M3A-w6-2681</name><description>区域=w6 类别=灌丛 带=edge 距母库=1.02km</description><Point><coordinates>115.058976,35.675444,0</coordinates></Point></Placemark>
<Placemark><name>M3A-w6-2682</name><description>区域=w6 类别=灌丛 带=edge 距母库=1.22km</description><Point><coordinates>115.865843,36.527047,0</coordinates></Point></Placemark>
<Placemark><name>M3A-w6-2683</name><description>区域=w6 类别=灌丛 带=edge 距母库=1.08km</description><Point><coordinates>115.723280,36.241113,0</coordinates></Point></Placemark>
<Placemark><name>M3A-w6-2684</name><description>区域=w6 类别=灌丛 带=edge 距母库=1.35km</description><Point><coordinates>115.425489,35.789709,0</coordinates></Point></Placemark>
<Placemark><name>M3A-w6-2685</name><description>区域=w6 类别=灌丛 带=edge 距母库=1.01km</description><Point><coordinates>115.562931,36.309025,0</coordinates></Point></Placemark>
<Placemark><name>M3A-w6-2686</name><description>区域=w6 类别=灌丛 带=edge 距母库=1.59km</description><Point><coordinates>115.736486,36.480694,0</coordinates></Point></Placemark>
<Placemark><name>M3A-w6-2687</name><description>区域=w6 类别=灌丛 带=edge 距母库=2.10km</description><Point><coordinates>115.441389,36.997584,0</coordinates></Point></Placemark>
<Placemark><name>M3A-w6-2688</name><description>区域=w6 类别=草地 带=edge 距母库=1.44km</description><Point><coordinates>115.517117,36.455631,0</coordinates></Point></Placemark>
<Placemark><name>M3A-w6-2689</name><description>区域=w6 类别=草地 带=edge 距母库=1.72km</description><Point><coordinates>116.455497,36.921587,0</coordinates></Point></Placemark>
<Placemark><name>M3A-w6-2690</name><description>区域=w6 类别=草地 带=edge 距母库=1.02km</description><Point><coordinates>114.074243,36.432454,0</coordinates></Point></Placemark>
<Placemark><name>M3A-w6-2691</name><description>区域=w6 类别=草地 带=edge 距母库=1.27km</description><Point><coordinates>116.047213,36.242999,0</coordinates></Point></Placemark>
<Placemark><name>M3A-w6-2692</name><description>区域=w6 类别=草地 带=edge 距母库=1.01km</description><Point><coordinates>117.890556,35.708053,0</coordinates></Point></Placemark>
<Placemark><name>M3A-w6-2693</name><description>区域=w6 类别=草地 带=edge 距母库=1.42km</description><Point><coordinates>117.861181,35.444487,0</coordinates></Point></Placemark>
<Placemark><name>M3A-w6-2694</name><description>区域=w6 类别=草地 带=edge 距母库=1.76km</description><Point><coordinates>117.380133,35.747668,0</coordinates></Point></Placemark>
<Placemark><name>M3A-w6-2695</name><description>区域=w6 类别=草地 带=edge 距母库=2.47km</description><Point><coordinates>116.459809,34.018860,0</coordinates></Point></Placemark>
<Placemark><name>M3A-w6-2696</name><description>区域=w6 类别=草地 带=edge 距母库=1.28km</description><Point><coordinates>114.639912,36.728629,0</coordinates></Point></Placemark>
<Placemark><name>M3A-w6-2697</name><description>区域=w6 类别=草地 带=edge 距母库=1.17km</description><Point><coordinates>114.535348,34.861570,0</coordinates></Point></Placemark>
<Placemark><name>M3A-w6-2698</name><description>区域=w6 类别=草地 带=edge 距母库=1.16km</description><Point><coordinates>114.314632,35.605375,0</coordinates></Point></Placemark>
<Placemark><name>M3A-w6-2699</name><description>区域=w6 类别=草地 带=edge 距母库=1.23km</description><Point><coordinates>114.334036,36.040609,0</coordinates></Point></Placemark>
<Placemark><name>M3A-w6-2700</name><description>区域=w6 类别=草地 带=edge 距母库=1.74km</description><Point><coordinates>117.422983,35.469011,0</coordinates></Point></Placemark>
<Placemark><name>M3A-w6-2701</name><description>区域=w6 类别=草地 带=edge 距母库=1.33km</description><Point><coordinates>116.538771,36.901105,0</coordinates></Point></Placemark>
<Placemark><name>M3A-w6-2702</name><description>区域=w6 类别=草地 带=edge 距母库=1.31km</description><Point><coordinates>117.436188,36.268871,0</coordinates></Point></Placemark>
<Placemark><name>M3A-w6-2703</name><description>区域=w6 类别=草地 带=edge 距母库=1.10km</description><Point><coordinates>117.394147,36.549415,0</coordinates></Point></Placemark>
<Placemark><name>M3A-w6-2704</name><description>区域=w6 类别=草地 带=edge 距母库=1.83km</description><Point><coordinates>117.728051,36.601158,0</coordinates></Point></Placemark>
<Placemark><name>M3A-w6-2705</name><description>区域=w6 类别=草地 带=edge 距母库=1.02km</description><Point><coordinates>115.406355,35.834984,0</coordinates></Point></Placemark>
<Placemark><name>M3A-w6-2706</name><description>区域=w6 类别=草地 带=edge 距母库=1.42km</description><Point><coordinates>116.885611,36.391221,0</coordinates></Point></Placemark>
<Placemark><name>M3A-w6-2707</name><description>区域=w6 类别=草地 带=edge 距母库=1.19km</description><Point><coordinates>117.639926,35.880529,0</coordinates></Point></Placemark>
<Placemark><name>M3A-w6-2708</name><description>区域=w6 类别=草地 带=edge 距母库=1.46km</description><Point><coordinates>114.092569,36.459942,0</coordinates></Point></Placemark>
<Placemark><name>M3A-w6-2709</name><description>区域=w6 类别=草地 带=edge 距母库=1.02km</description><Point><coordinates>117.871961,35.947633,0</coordinates></Point></Placemark>
<Placemark><name>M3A-w6-2710</name><description>区域=w6 类别=草地 带=edge 距母库=1.48km</description><Point><coordinates>117.126539,35.265812,0</coordinates></Point></Placemark>
<Placemark><name>M3A-w6-2711</name><description>区域=w6 类别=草地 带=edge 距母库=1.19km</description><Point><coordinates>115.818951,36.575286,0</coordinates></Point></Placemark>
<Placemark><name>M3A-w6-2712</name><description>区域=w6 类别=草地 带=edge 距母库=1.03km</description><Point><coordinates>115.229027,34.301021,0</coordinates></Point></Placemark>
<Placemark><name>M3A-w6-2713</name><description>区域=w6 类别=草地 带=edge 距母库=1.04km</description><Point><coordinates>116.435016,35.148312,0</coordinates></Point></Placemark>
<Placemark><name>M3A-w6-2714</name><description>区域=w6 类别=草地 带=edge 距母库=1.02km</description><Point><coordinates>116.485142,35.967576,0</coordinates></Point></Placemark>
<Placemark><name>M3A-w6-2715</name><description>区域=w6 类别=草地 带=edge 距母库=1.35km</description><Point><coordinates>116.026731,36.218475,0</coordinates></Point></Placemark>
<Placemark><name>M3A-w6-2716</name><description>区域=w6 类别=草地 带=edge 距母库=1.48km</description><Point><coordinates>115.943458,34.858336,0</coordinates></Point></Placemark>
<Placemark><name>M3A-w6-2717</name><description>区域=w6 类别=草地 带=edge 距母库=1.36km</description><Point><coordinates>116.702085,36.373435,0</coordinates></Point></Placemark>
<Placemark><name>M3A-w6-2718</name><description>区域=w6 类别=草地 带=edge 距母库=1.28km</description><Point><coordinates>117.629146,36.581484,0</coordinates></Point></Placemark>
<Placemark><name>M3A-w6-2719</name><description>区域=w6 类别=草地 带=edge 距母库=1.14km</description><Point><coordinates>117.304944,35.262309,0</coordinates></Point></Placemark>
<Placemark><name>M3A-w6-2720</name><description>区域=w6 类别=草地 带=edge 距母库=1.20km</description><Point><coordinates>117.012543,34.226641,0</coordinates></Point></Placemark>
<Placemark><name>M3A-w6-2721</name><description>区域=w6 类别=草地 带=edge 距母库=1.12km</description><Point><coordinates>116.049908,34.029910,0</coordinates></Point></Placemark>
<Placemark><name>M3A-w6-2722</name><description>区域=w6 类别=草地 带=edge 距母库=1.19km</description><Point><coordinates>117.252123,35.004941,0</coordinates></Point></Placemark>
<Placemark><name>M3A-w6-2723</name><description>区域=w6 类别=草地 带=edge 距母库=1.27km</description><Point><coordinates>114.299002,34.854833,0</coordinates></Point></Placemark>
<Placemark><name>M3A-w6-2724</name><description>区域=w6 类别=草地 带=edge 距母库=1.03km</description><Point><coordinates>116.354706,36.086692,0</coordinates></Point></Placemark>
<Placemark><name>M3A-w6-2725</name><description>区域=w6 类别=耕地 带=edge 距母库=1.32km</description><Point><coordinates>115.336286,34.759162,0</coordinates></Point></Placemark>
<Placemark><name>M3A-w6-2726</name><description>区域=w6 类别=耕地 带=edge 距母库=1.36km</description><Point><coordinates>116.778082,36.973330,0</coordinates></Point></Placemark>
<Placemark><name>M3A-w6-2727</name><description>区域=w6 类别=耕地 带=edge 距母库=1.40km</description><Point><coordinates>117.435649,36.042226,0</coordinates></Point></Placemark>
<Placemark><name>M3A-w6-2728</name><description>区域=w6 类别=耕地 带=edge 距母库=1.05km</description><Point><coordinates>114.988638,34.074646,0</coordinates></Point></Placemark>
<Placemark><name>M3A-w6-2729</name><description>区域=w6 类别=耕地 带=edge 距母库=1.16km</description><Point><coordinates>115.077032,35.678139,0</coordinates></Point></Placemark>
<Placemark><name>M3A-w6-2730</name><description>区域=w6 类别=耕地 带=edge 距母库=1.36km</description><Point><coordinates>116.828478,36.304714,0</coordinates></Point></Placemark>
<Placemark><name>M3A-w6-2731</name><description>区域=w6 类别=耕地 带=edge 距母库=1.27km</description><Point><coordinates>115.821377,35.504045,0</coordinates></Point></Placemark>
<Placemark><name>M3A-w6-2732</name><description>区域=w6 类别=建成区 带=edge 距母库=1.49km</description><Point><coordinates>115.066792,36.453205,0</coordinates></Point></Placemark>
<Placemark><name>M3A-w6-2733</name><description>区域=w6 类别=建成区 带=edge 距母库=1.62km</description><Point><coordinates>117.191756,36.648858,0</coordinates></Point></Placemark>
<Placemark><name>M3A-w6-2734</name><description>区域=w6 类别=建成区 带=edge 距母库=1.20km</description><Point><coordinates>115.557811,35.433977,0</coordinates></Point></Placemark>
<Placemark><name>M3A-w6-2735</name><description>区域=w6 类别=建成区 带=edge 距母库=2.22km</description><Point><coordinates>114.242138,36.578251,0</coordinates></Point></Placemark>
<Placemark><name>M3A-w6-2736</name><description>区域=w6 类别=建成区 带=edge 距母库=1.42km</description><Point><coordinates>117.463138,35.335881,0</coordinates></Point></Placemark>
<Placemark><name>M3A-w6-2737</name><description>区域=w6 类别=建成区 带=edge 距母库=1.37km</description><Point><coordinates>115.983882,35.475209,0</coordinates></Point></Placemark>
<Placemark><name>M3A-w6-2738</name><description>区域=w6 类别=建成区 带=edge 距母库=1.34km</description><Point><coordinates>114.710789,35.371723,0</coordinates></Point></Placemark>
<Placemark><name>M3A-w6-2739</name><description>区域=w6 类别=建成区 带=edge 距母库=1.67km</description><Point><coordinates>114.582510,35.690266,0</coordinates></Point></Placemark>
<Placemark><name>M3A-w6-2740</name><description>区域=w6 类别=建成区 带=edge 距母库=1.35km</description><Point><coordinates>115.964478,35.161787,0</coordinates></Point></Placemark>
<Placemark><name>M3A-w6-2741</name><description>区域=w6 类别=建成区 带=edge 距母库=1.07km</description><Point><coordinates>117.119262,36.006922,0</coordinates></Point></Placemark>
<Placemark><name>M3A-w6-2742</name><description>区域=w6 类别=建成区 带=edge 距母库=1.02km</description><Point><coordinates>114.776007,34.087312,0</coordinates></Point></Placemark>
<Placemark><name>M3A-w6-2743</name><description>区域=w6 类别=建成区 带=edge 距母库=1.60km</description><Point><coordinates>115.125272,36.687665,0</coordinates></Point></Placemark>
<Placemark><name>M3A-w6-2744</name><description>区域=w6 类别=建成区 带=edge 距母库=1.50km</description><Point><coordinates>115.306372,35.619389,0</coordinates></Point></Placemark>
<Placemark><name>M3A-w6-2745</name><description>区域=w6 类别=建成区 带=edge 距母库=1.19km</description><Point><coordinates>117.218167,34.197535,0</coordinates></Point></Placemark>
<Placemark><name>M3A-w6-2746</name><description>区域=w6 类别=建成区 带=edge 距母库=1.68km</description><Point><coordinates>114.488726,36.378286,0</coordinates></Point></Placemark>
<Placemark><name>M3A-w6-2747</name><description>区域=w6 类别=建成区 带=edge 距母库=1.01km</description><Point><coordinates>115.497714,36.512494,0</coordinates></Point></Placemark>
<Placemark><name>M3A-w6-2748</name><description>区域=w6 类别=建成区 带=edge 距母库=1.39km</description><Point><coordinates>115.637851,36.302288,0</coordinates></Point></Placemark>
<Placemark><name>M3A-w6-2749</name><description>区域=w6 类别=建成区 带=edge 距母库=1.12km</description><Point><coordinates>115.157611,34.052008,0</coordinates></Point></Placemark>
<Placemark><name>M3A-w6-2750</name><description>区域=w6 类别=建成区 带=edge 距母库=1.88km</description><Point><coordinates>117.121688,34.477001,0</coordinates></Point></Placemark>
<Placemark><name>M3A-w6-2751</name><description>区域=w6 类别=建成区 带=edge 距母库=1.18km</description><Point><coordinates>115.336556,35.961647,0</coordinates></Point></Placemark>
<Placemark><name>M3A-w6-2752</name><description>区域=w6 类别=建成区 带=edge 距母库=1.27km</description><Point><coordinates>117.038684,36.421135,0</coordinates></Point></Placemark>
<Placemark><name>M3A-w6-2753</name><description>区域=w6 类别=建成区 带=edge 距母库=1.41km</description><Point><coordinates>115.808980,36.961741,0</coordinates></Point></Placemark>
<Placemark><name>M3A-w6-2754</name><description>区域=w6 类别=建成区 带=edge 距母库=1.69km</description><Point><coordinates>115.560506,35.256919,0</coordinates></Point></Placemark>
<Placemark><name>M3A-w6-2755</name><description>区域=w6 类别=建成区 带=edge 距母库=1.21km</description><Point><coordinates>115.383987,34.177054,0</coordinates></Point></Placemark>
<Placemark><name>M3A-w6-2756</name><description>区域=w6 类别=建成区 带=edge 距母库=1.46km</description><Point><coordinates>115.753733,34.203734,0</coordinates></Point></Placemark>
<Placemark><name>M3A-w6-2757</name><description>区域=w6 类别=建成区 带=edge 距母库=1.18km</description><Point><coordinates>114.224891,36.939643,0</coordinates></Point></Placemark>
<Placemark><name>M3A-w6-2758</name><description>区域=w6 类别=裸地/稀疏 带=edge 距母库=1.08km</description><Point><coordinates>115.556463,34.851599,0</coordinates></Point></Placemark>
<Placemark><name>M3A-w6-2759</name><description>区域=w6 类别=裸地/稀疏 带=edge 距母库=1.26km</description><Point><coordinates>115.447857,34.191607,0</coordinates></Point></Placemark>
<Placemark><name>M3A-w6-2760</name><description>区域=w6 类别=裸地/稀疏 带=edge 距母库=1.50km</description><Point><coordinates>117.734519,34.873158,0</coordinates></Point></Placemark>
<Placemark><name>M3A-w6-2761</name><description>区域=w6 类别=裸地/稀疏 带=edge 距母库=1.05km</description><Point><coordinates>115.298018,34.575097,0</coordinates></Point></Placemark>
<Placemark><name>M3A-w6-2762</name><description>区域=w6 类别=裸地/稀疏 带=edge 距母库=1.11km</description><Point><coordinates>116.858661,35.108427,0</coordinates></Point></Placemark>
<Placemark><name>M3A-w6-2763</name><description>区域=w6 类别=裸地/稀疏 带=edge 距母库=1.15km</description><Point><coordinates>117.178821,34.103212,0</coordinates></Point></Placemark>
<Placemark><name>M3A-w6-2764</name><description>区域=w6 类别=裸地/稀疏 带=edge 距母库=1.37km</description><Point><coordinates>114.903478,34.721433,0</coordinates></Point></Placemark>
<Placemark><name>M3A-w6-2765</name><description>区域=w6 类别=裸地/稀疏 带=edge 距母库=1.21km</description><Point><coordinates>115.867999,35.360944,0</coordinates></Point></Placemark>
<Placemark><name>M3A-w6-2766</name><description>区域=w6 类别=裸地/稀疏 带=edge 距母库=1.24km</description><Point><coordinates>117.701640,35.816389,0</coordinates></Point></Placemark>
<Placemark><name>M3A-w6-2767</name><description>区域=w6 类别=裸地/稀疏 带=edge 距母库=1.29km</description><Point><coordinates>115.639468,35.254224,0</coordinates></Point></Placemark>
<Placemark><name>M3A-w6-2768</name><description>区域=w6 类别=裸地/稀疏 带=edge 距母库=1.47km</description><Point><coordinates>117.587375,36.157839,0</coordinates></Point></Placemark>
<Placemark><name>M3A-w6-2769</name><description>区域=w6 类别=裸地/稀疏 带=edge 距母库=1.50km</description><Point><coordinates>114.369609,34.968829,0</coordinates></Point></Placemark>
<Placemark><name>M3A-w6-2770</name><description>区域=w6 类别=裸地/稀疏 带=edge 距母库=1.62km</description><Point><coordinates>116.246100,35.458231,0</coordinates></Point></Placemark>
<Placemark><name>M3A-w6-2771</name><description>区域=w6 类别=裸地/稀疏 带=edge 距母库=1.03km</description><Point><coordinates>116.790749,35.544200,0</coordinates></Point></Placemark>
<Placemark><name>M3A-w6-2772</name><description>区域=w6 类别=裸地/稀疏 带=edge 距母库=1.28km</description><Point><coordinates>116.511013,35.703202,0</coordinates></Point></Placemark>
<Placemark><name>M3A-w6-2773</name><description>区域=w6 类别=裸地/稀疏 带=edge 距母库=1.28km</description><Point><coordinates>117.554496,34.891214,0</coordinates></Point></Placemark>
<Placemark><name>M3A-w6-2774</name><description>区域=w6 类别=裸地/稀疏 带=edge 距母库=1.20km</description><Point><coordinates>114.080172,36.576364,0</coordinates></Point></Placemark>
<Placemark><name>M3A-w6-2775</name><description>区域=w6 类别=裸地/稀疏 带=edge 距母库=1.64km</description><Point><coordinates>117.087462,35.306236,0</coordinates></Point></Placemark>
<Placemark><name>M3A-w6-2776</name><description>区域=w6 类别=裸地/稀疏 带=edge 距母库=1.56km</description><Point><coordinates>117.549376,34.834890,0</coordinates></Point></Placemark>
<Placemark><name>M3A-w6-2777</name><description>区域=w6 类别=裸地/稀疏 带=edge 距母库=1.55km</description><Point><coordinates>114.384162,35.565759,0</coordinates></Point></Placemark>
<Placemark><name>M3A-w6-2778</name><description>区域=w6 类别=裸地/稀疏 带=edge 距母库=1.05km</description><Point><coordinates>115.898721,34.957780,0</coordinates></Point></Placemark>
<Placemark><name>M3A-w6-2779</name><description>区域=w6 类别=裸地/稀疏 带=edge 距母库=1.30km</description><Point><coordinates>114.409494,36.939373,0</coordinates></Point></Placemark>
<Placemark><name>M3A-w6-2780</name><description>区域=w6 类别=裸地/稀疏 带=edge 距母库=1.30km</description><Point><coordinates>117.832615,36.629994,0</coordinates></Point></Placemark>
<Placemark><name>M3A-w6-2781</name><description>区域=w6 类别=裸地/稀疏 带=edge 距母库=1.60km</description><Point><coordinates>116.093027,35.866515,0</coordinates></Point></Placemark>
<Placemark><name>M3A-w6-2782</name><description>区域=w6 类别=裸地/稀疏 带=edge 距母库=1.21km</description><Point><coordinates>114.652579,35.383042,0</coordinates></Point></Placemark>
<Placemark><name>M3A-w6-2783</name><description>区域=w6 类别=裸地/稀疏 带=edge 距母库=1.17km</description><Point><coordinates>116.970771,36.195299,0</coordinates></Point></Placemark>
<Placemark><name>M3A-w6-2784</name><description>区域=w6 类别=裸地/稀疏 带=edge 距母库=1.45km</description><Point><coordinates>114.016841,35.233742,0</coordinates></Point></Placemark>
<Placemark><name>M3A-w6-2785</name><description>区域=w6 类别=裸地/稀疏 带=edge 距母库=1.11km</description><Point><coordinates>114.842572,34.634925,0</coordinates></Point></Placemark>
<Placemark><name>M3A-w6-2786</name><description>区域=w6 类别=裸地/稀疏 带=edge 距母库=1.26km</description><Point><coordinates>116.448490,34.722780,0</coordinates></Point></Placemark>
<Placemark><name>M3A-w6-2787</name><description>区域=w6 类别=裸地/稀疏 带=edge 距母库=1.09km</description><Point><coordinates>115.962861,36.519231,0</coordinates></Point></Placemark>
<Placemark><name>M3A-w6-2788</name><description>区域=w6 类别=裸地/稀疏 带=edge 距母库=1.40km</description><Point><coordinates>114.158325,35.612651,0</coordinates></Point></Placemark>
<Placemark><name>M3A-w6-2789</name><description>区域=w6 类别=裸地/稀疏 带=edge 距母库=1.14km</description><Point><coordinates>114.200367,36.573939,0</coordinates></Point></Placemark>
<Placemark><name>M3A-w6-2790</name><description>区域=w6 类别=裸地/稀疏 带=edge 距母库=2.00km</description><Point><coordinates>117.608934,34.164118,0</coordinates></Point></Placemark>
<Placemark><name>M3A-w6-2791</name><description>区域=w6 类别=裸地/稀疏 带=edge 距母库=1.76km</description><Point><coordinates>117.537518,36.366428,0</coordinates></Point></Placemark>
<Placemark><name>M3A-w6-2792</name><description>区域=w6 类别=裸地/稀疏 带=edge 距母库=1.15km</description><Point><coordinates>117.114951,36.867418,0</coordinates></Point></Placemark>
<Placemark><name>M3A-w6-2793</name><description>区域=w6 类别=裸地/稀疏 带=edge 距母库=1.53km</description><Point><coordinates>115.460523,35.278748,0</coordinates></Point></Placemark>
<Placemark><name>M3A-w6-2794</name><description>区域=w6 类别=裸地/稀疏 带=edge 距母库=1.51km</description><Point><coordinates>115.488012,36.236531,0</coordinates></Point></Placemark>
<Placemark><name>M3A-w6-2795</name><description>区域=w6 类别=裸地/稀疏 带=edge 距母库=1.43km</description><Point><coordinates>117.194182,34.193223,0</coordinates></Point></Placemark>
<Placemark><name>M3A-w6-2796</name><description>区域=w6 类别=裸地/稀疏 带=edge 距母库=1.72km</description><Point><coordinates>114.577390,34.213705,0</coordinates></Point></Placemark>
<Placemark><name>M3A-w6-2797</name><description>区域=w6 类别=水体 带=edge 距母库=1.05km</description><Point><coordinates>116.924418,34.948617,0</coordinates></Point></Placemark>
<Placemark><name>M3A-w6-2798</name><description>区域=w6 类别=水体 带=edge 距母库=1.19km</description><Point><coordinates>117.884088,34.451399,0</coordinates></Point></Placemark>
<Placemark><name>M3A-w6-2799</name><description>区域=w6 类别=水体 带=edge 距母库=1.12km</description><Point><coordinates>117.197685,34.639507,0</coordinates></Point></Placemark>
<Placemark><name>M3A-w6-2800</name><description>区域=w6 类别=水体 带=edge 距母库=1.29km</description><Point><coordinates>115.889020,35.963803,0</coordinates></Point></Placemark>
<Placemark><name>M3A-w6-2801</name><description>区域=w6 类别=水体 带=edge 距母库=1.32km</description><Point><coordinates>117.114951,34.339020,0</coordinates></Point></Placemark>
<Placemark><name>M3A-w6-2802</name><description>区域=w6 类别=水体 带=edge 距母库=1.55km</description><Point><coordinates>117.189601,34.510149,0</coordinates></Point></Placemark>
<Placemark><name>M3A-w6-2803</name><description>区域=w6 类别=水体 带=edge 距母库=1.10km</description><Point><coordinates>117.118454,34.751347,0</coordinates></Point></Placemark>
<Placemark><name>M3A-w6-2804</name><description>区域=w6 类别=水体 带=edge 距母库=1.07km</description><Point><coordinates>117.163729,34.565934,0</coordinates></Point></Placemark>
<Placemark><name>M3A-w6-2805</name><description>区域=w6 类别=水体 带=edge 距母库=1.17km</description><Point><coordinates>114.209260,34.838933,0</coordinates></Point></Placemark>
<Placemark><name>M3A-w6-2806</name><description>区域=w6 类别=水体 带=edge 距母库=1.48km</description><Point><coordinates>116.045596,35.588666,0</coordinates></Point></Placemark>
<Placemark><name>M3A-w6-2807</name><description>区域=w6 类别=水体 带=edge 距母库=1.06km</description><Point><coordinates>115.288855,36.363194,0</coordinates></Point></Placemark>
<Placemark><name>M3A-w6-2808</name><description>区域=w6 类别=草本湿地 带=edge 距母库=1.44km</description><Point><coordinates>116.266043,35.923918,0</coordinates></Point></Placemark>
<Placemark><name>M3A-w6-2809</name><description>区域=w6 类别=草本湿地 带=edge 距母库=1.26km</description><Point><coordinates>116.844378,35.082286,0</coordinates></Point></Placemark>
<Placemark><name>M3A-w6-2810</name><description>区域=w6 类别=草本湿地 带=edge 距母库=1.18km</description><Point><coordinates>116.785898,35.006289,0</coordinates></Point></Placemark>
<Placemark><name>M3A-w6-2811</name><description>区域=w6 类别=草本湿地 带=edge 距母库=1.01km</description><Point><coordinates>116.721488,35.057762,0</coordinates></Point></Placemark>
<Placemark><name>M3A-w6-2812</name><description>区域=w6 类别=草本湿地 带=edge 距母库=1.97km</description><Point><coordinates>117.203884,34.722780,0</coordinates></Point></Placemark>
<Placemark><name>M3A-w6-2813</name><description>区域=w6 类别=草本湿地 带=edge 距母库=1.18km</description><Point><coordinates>116.614769,35.199786,0</coordinates></Point></Placemark>
<Placemark><name>M3A-w6-2814</name><description>区域=w6 类别=草本湿地 带=edge 距母库=1.50km</description><Point><coordinates>116.670823,35.167177,0</coordinates></Point></Placemark>
<Placemark><name>M3A-w6-2815</name><description>区域=w6 类别=草本湿地 带=edge 距母库=1.39km</description><Point><coordinates>116.639023,35.191162,0</coordinates></Point></Placemark>
<Placemark><name>M3A-w6-2816</name><description>区域=w6 类别=草本湿地 带=edge 距母库=1.21km</description><Point><coordinates>117.239457,34.537638,0</coordinates></Point></Placemark>
<Placemark><name>M3A-w6-2817</name><description>区域=w6 类别=草本湿地 带=edge 距母库=1.49km</description><Point><coordinates>116.667320,35.205445,0</coordinates></Point></Placemark>
<Placemark><name>M3A-w6-2818</name><description>区域=w6 类别=草本湿地 带=edge 距母库=1.80km</description><Point><coordinates>117.245655,34.529283,0</coordinates></Point></Placemark>
<Placemark><name>M3A-w6-2819</name><description>区域=w6 类别=草本湿地 带=edge 距母库=1.11km</description><Point><coordinates>116.619889,35.268507,0</coordinates></Point></Placemark>
<Placemark><name>M3A-w6-2820</name><description>区域=w6 类别=草本湿地 带=edge 距母库=1.08km</description><Point><coordinates>116.822010,35.466585,0</coordinates></Point></Placemark>
<Placemark><name>M3A-w6-2821</name><description>区域=w6 类别=草本湿地 带=edge 距母库=1.33km</description><Point><coordinates>116.625279,35.162596,0</coordinates></Point></Placemark>
<Placemark><name>M3A-w6-2822</name><description>区域=w6 类别=草本湿地 带=edge 距母库=1.03km</description><Point><coordinates>117.191217,34.700951,0</coordinates></Point></Placemark>
<Placemark><name>M3A-w6-2823</name><description>区域=w6 类别=草本湿地 带=edge 距母库=1.35km</description><Point><coordinates>117.173161,34.633578,0</coordinates></Point></Placemark>
<Placemark><name>M3A-w6-2824</name><description>区域=w6 类别=草本湿地 带=edge 距母库=1.53km</description><Point><coordinates>116.641988,35.220806,0</coordinates></Point></Placemark>
<Placemark><name>M3A-w6-2825</name><description>区域=w6 类别=草本湿地 带=edge 距母库=1.06km</description><Point><coordinates>116.898816,35.493535,0</coordinates></Point></Placemark>
<Placemark><name>M3A-w6-2826</name><description>区域=w6 类别=草本湿地 带=edge 距母库=1.25km</description><Point><coordinates>116.812578,35.035933,0</coordinates></Point></Placemark>
<Placemark><name>M3A-w6-2827</name><description>区域=w6 类别=草本湿地 带=edge 距母库=1.15km</description><Point><coordinates>116.866207,35.072045,0</coordinates></Point></Placemark>
<Placemark><name>M3A-w6-2828</name><description>区域=w6 类别=草本湿地 带=edge 距母库=1.08km</description><Point><coordinates>116.719332,35.073662,0</coordinates></Point></Placemark>
<Placemark><name>M3A-w6-2829</name><description>区域=w6 类别=草本湿地 带=edge 距母库=1.02km</description><Point><coordinates>117.167232,34.683165,0</coordinates></Point></Placemark>
<Placemark><name>M3A-w7-2830</name><description>区域=w7 类别=乔木 带=core 距母库=1.14km</description><Point><coordinates>101.627636,25.024748,0</coordinates></Point></Placemark>
<Placemark><name>M3A-w7-2831</name><description>区域=w7 类别=乔木 带=core 距母库=1.69km</description><Point><coordinates>104.323121,24.369876,0</coordinates></Point></Placemark>
<Placemark><name>M3A-w7-2832</name><description>区域=w7 类别=乔木 带=core 距母库=1.12km</description><Point><coordinates>102.271997,24.757410,0</coordinates></Point></Placemark>
<Placemark><name>M3A-w7-2833</name><description>区域=w7 类别=乔木 带=core 距母库=1.30km</description><Point><coordinates>102.512656,23.758663,0</coordinates></Point></Placemark>
<Placemark><name>M3A-w7-2834</name><description>区域=w7 类别=乔木 带=core 距母库=1.10km</description><Point><coordinates>104.270300,26.262537,0</coordinates></Point></Placemark>
<Placemark><name>M3A-w7-2835</name><description>区域=w7 类别=乔木 带=core 距母库=1.25km</description><Point><coordinates>103.994337,25.510647,0</coordinates></Point></Placemark>
<Placemark><name>M3A-w7-2836</name><description>区域=w7 类别=乔木 带=core 距母库=1.14km</description><Point><coordinates>104.226372,24.345083,0</coordinates></Point></Placemark>
<Placemark><name>M3A-w7-2837</name><description>区域=w7 类别=乔木 带=core 距母库=1.10km</description><Point><coordinates>103.416810,26.702891,0</coordinates></Point></Placemark>
<Placemark><name>M3A-w7-2838</name><description>区域=w7 类别=乔木 带=core 距母库=1.19km</description><Point><coordinates>104.872890,26.515862,0</coordinates></Point></Placemark>
<Placemark><name>M3A-w7-2839</name><description>区域=w7 类别=乔木 带=core 距母库=1.36km</description><Point><coordinates>105.457154,24.615116,0</coordinates></Point></Placemark>
<Placemark><name>M3A-w7-2840</name><description>区域=w7 类别=乔木 带=core 距母库=1.97km</description><Point><coordinates>102.479778,24.512978,0</coordinates></Point></Placemark>
<Placemark><name>M3A-w7-2841</name><description>区域=w7 类别=乔木 带=core 距母库=1.41km</description><Point><coordinates>102.113265,25.344099,0</coordinates></Point></Placemark>
<Placemark><name>M3A-w7-2842</name><description>区域=w7 类别=乔木 带=core 距母库=1.13km</description><Point><coordinates>105.492188,24.488184,0</coordinates></Point></Placemark>
<Placemark><name>M3A-w7-2843</name><description>区域=w7 类别=乔木 带=core 距母库=1.56km</description><Point><coordinates>102.708309,25.150063,0</coordinates></Point></Placemark>
<Placemark><name>M3A-w7-2844</name><description>区域=w7 类别=乔木 带=core 距母库=1.35km</description><Point><coordinates>102.683515,26.001127,0</coordinates></Point></Placemark>
<Placemark><name>M3A-w7-2845</name><description>区域=w7 类别=乔木 带=core 距母库=1.81km</description><Point><coordinates>105.169064,26.510741,0</coordinates></Point></Placemark>
<Placemark><name>M3A-w7-2846</name><description>区域=w7 类别=乔木 带=core 距母库=1.26km</description><Point><coordinates>104.756737,26.144229,0</coordinates></Point></Placemark>
<Placemark><name>M3A-w7-2847</name><description>区域=w7 类别=乔木 带=core 距母库=2.37km</description><Point><coordinates>105.442601,24.484681,0</coordinates></Point></Placemark>
<Placemark><name>M3A-w7-2848</name><description>区域=w7 类别=乔木 带=core 距母库=1.12km</description><Point><coordinates>102.172015,26.848688,0</coordinates></Point></Placemark>
<Placemark><name>M3A-w7-2849</name><description>区域=w7 类别=乔木 带=core 距母库=1.20km</description><Point><coordinates>105.058302,25.073257,0</coordinates></Point></Placemark>
<Placemark><name>M3A-w7-2850</name><description>区域=w7 类别=乔木 带=core 距母库=1.03km</description><Point><coordinates>102.550924,24.752289,0</coordinates></Point></Placemark>
<Placemark><name>M3A-w7-2851</name><description>区域=w7 类别=乔木 带=core 距母库=1.06km</description><Point><coordinates>104.596119,24.405719,0</coordinates></Point></Placemark>
<Placemark><name>M3A-w7-2852</name><description>区域=w7 类别=乔木 带=core 距母库=1.70km</description><Point><coordinates>104.887981,25.651054,0</coordinates></Point></Placemark>
<Placemark><name>M3A-w7-2853</name><description>区域=w7 类别=乔木 带=core 距母库=1.34km</description><Point><coordinates>103.815123,25.023940,0</coordinates></Point></Placemark>
<Placemark><name>M3A-w7-2854</name><description>区域=w7 类别=乔木 带=core 距母库=1.06km</description><Point><coordinates>104.642202,24.478752,0</coordinates></Point></Placemark>
<Placemark><name>M3A-w7-2855</name><description>区域=w7 类别=乔木 带=core 距母库=1.80km</description><Point><coordinates>102.004659,25.170545,0</coordinates></Point></Placemark>
<Placemark><name>M3A-w7-2856</name><description>区域=w7 类别=乔木 带=core 距母库=1.58km</description><Point><coordinates>105.082556,26.398901,0</coordinates></Point></Placemark>
<Placemark><name>M3A-w7-2857</name><description>区域=w7 类别=乔木 带=core 距母库=1.04km</description><Point><coordinates>102.915011,24.315708,0</coordinates></Point></Placemark>
<Placemark><name>M3A-w7-2858</name><description>区域=w7 类别=乔木 带=core 距母库=2.27km</description><Point><coordinates>105.475749,24.302503,0</coordinates></Point></Placemark>
<Placemark><name>M3A-w7-2859</name><description>区域=w7 类别=乔木 带=core 距母库=1.20km</description><Point><coordinates>104.234457,26.623121,0</coordinates></Point></Placemark>
<Placemark><name>M3A-w7-2860</name><description>区域=w7 类别=乔木 带=core 距母库=1.65km</description><Point><coordinates>104.994701,23.694253,0</coordinates></Point></Placemark>
<Placemark><name>M3A-w7-2861</name><description>区域=w7 类别=乔木 带=core 距母库=1.22km</description><Point><coordinates>103.067815,24.042171,0</coordinates></Point></Placemark>
<Placemark><name>M3A-w7-2862</name><description>区域=w7 类别=乔木 带=core 距母库=1.24km</description><Point><coordinates>102.378987,25.214203,0</coordinates></Point></Placemark>
<Placemark><name>M3A-w7-2863</name><description>区域=w7 类别=乔木 带=core 距母库=1.10km</description><Point><coordinates>102.417794,24.657697,0</coordinates></Point></Placemark>
<Placemark><name>M3A-w7-2864</name><description>区域=w7 类别=灌丛 带=core 距母库=2.14km</description><Point><coordinates>103.323835,26.650340,0</coordinates></Point></Placemark>
<Placemark><name>M3A-w7-2865</name><description>区域=w7 类别=草地 带=core 距母库=1.61km</description><Point><coordinates>104.449514,26.730649,0</coordinates></Point></Placemark>
<Placemark><name>M3A-w7-2866</name><description>区域=w7 类别=草地 带=core 距母库=1.09km</description><Point><coordinates>105.167986,24.963573,0</coordinates></Point></Placemark>
<Placemark><name>M3A-w7-2867</name><description>区域=w7 类别=草地 带=core 距母库=1.62km</description><Point><coordinates>104.793119,25.662642,0</coordinates></Point></Placemark>
<Placemark><name>M3A-w7-2868</name><description>区域=w7 类别=草地 带=core 距母库=1.08km</description><Point><coordinates>104.752156,26.812036,0</coordinates></Point></Placemark>
<Placemark><name>M3A-w7-2869</name><description>区域=w7 类别=草地 带=core 距母库=1.50km</description><Point><coordinates>101.618742,26.533648,0</coordinates></Point></Placemark>
<Placemark><name>M3A-w7-2870</name><description>区域=w7 类别=草地 带=core 距母库=1.59km</description><Point><coordinates>101.917612,26.458729,0</coordinates></Point></Placemark>
<Placemark><name>M3A-w7-2871</name><description>区域=w7 类别=草地 带=core 距母库=1.67km</description><Point><coordinates>104.593154,25.549993,0</coordinates></Point></Placemark>
<Placemark><name>M3A-w7-2872</name><description>区域=w7 类别=草地 带=core 距母库=1.20km</description><Point><coordinates>104.755929,24.410301,0</coordinates></Point></Placemark>
<Placemark><name>M3A-w7-2873</name><description>区域=w7 类别=草地 带=core 距母库=1.41km</description><Point><coordinates>102.449864,26.291642,0</coordinates></Point></Placemark>
<Placemark><name>M3A-w7-2874</name><description>区域=w7 类别=草地 带=core 距母库=1.28km</description><Point><coordinates>102.313499,26.274934,0</coordinates></Point></Placemark>
<Placemark><name>M3A-w7-2875</name><description>区域=w7 类别=草地 带=core 距母库=1.21km</description><Point><coordinates>103.012838,26.141534,0</coordinates></Point></Placemark>
<Placemark><name>M3A-w7-2876</name><description>区域=w7 类别=草地 带=core 距母库=1.66km</description><Point><coordinates>103.383123,24.116282,0</coordinates></Point></Placemark>
<Placemark><name>M3A-w7-2877</name><description>区域=w7 类别=草地 带=core 距母库=1.08km</description><Point><coordinates>101.853472,26.059877,0</coordinates></Point></Placemark>
<Placemark><name>M3A-w7-2878</name><description>区域=w7 类别=草地 带=core 距母库=1.20km</description><Point><coordinates>101.742710,25.366467,0</coordinates></Point></Placemark>
<Placemark><name>M3A-w7-2879</name><description>区域=w7 类别=草地 带=core 距母库=1.17km</description><Point><coordinates>102.212978,24.437789,0</coordinates></Point></Placemark>
<Placemark><name>M3A-w7-2880</name><description>区域=w7 类别=草地 带=core 距母库=1.70km</description><Point><coordinates>103.077247,26.581349,0</coordinates></Point></Placemark>
<Placemark><name>M3A-w7-2881</name><description>区域=w7 类别=草地 带=core 距母库=1.62km</description><Point><coordinates>103.818088,23.607207,0</coordinates></Point></Placemark>
<Placemark><name>M3A-w7-2882</name><description>区域=w7 类别=草地 带=core 距母库=1.26km</description><Point><coordinates>103.144621,25.997893,0</coordinates></Point></Placemark>
<Placemark><name>M3A-w7-2883</name><description>区域=w7 类别=草地 带=core 距母库=1.55km</description><Point><coordinates>103.465319,25.860451,0</coordinates></Point></Placemark>
<Placemark><name>M3A-w7-2884</name><description>区域=w7 类别=草地 带=core 距母库=1.46km</description><Point><coordinates>105.454728,25.916506,0</coordinates></Point></Placemark>
<Placemark><name>M3A-w7-2885</name><description>区域=w7 类别=草地 带=core 距母库=1.10km</description><Point><coordinates>104.728440,24.026001,0</coordinates></Point></Placemark>
<Placemark><name>M3A-w7-2886</name><description>区域=w7 类别=草地 带=core 距母库=1.01km</description><Point><coordinates>101.673180,26.105691,0</coordinates></Point></Placemark>
<Placemark><name>M3A-w7-2887</name><description>区域=w7 类别=草地 带=core 距母库=1.64km</description><Point><coordinates>102.723401,25.450280,0</coordinates></Point></Placemark>
<Placemark><name>M3A-w7-2888</name><description>区域=w7 类别=草地 带=core 距母库=1.16km</description><Point><coordinates>103.491999,26.265771,0</coordinates></Point></Placemark>
<Placemark><name>M3A-w7-2889</name><description>区域=w7 类别=草地 带=core 距母库=2.16km</description><Point><coordinates>104.135822,25.604701,0</coordinates></Point></Placemark>
<Placemark><name>M3A-w7-2890</name><description>区域=w7 类别=草地 带=core 距母库=1.12km</description><Point><coordinates>103.713254,24.287950,0</coordinates></Point></Placemark>
<Placemark><name>M3A-w7-2891</name><description>区域=w7 类别=草地 带=core 距母库=1.76km</description><Point><coordinates>105.351512,25.782836,0</coordinates></Point></Placemark>
<Placemark><name>M3A-w7-2892</name><description>区域=w7 类别=草地 带=core 距母库=1.22km</description><Point><coordinates>103.312246,23.962940,0</coordinates></Point></Placemark>
<Placemark><name>M3A-w7-2893</name><description>区域=w7 类别=耕地 带=core 距母库=1.75km</description><Point><coordinates>102.624496,26.421539,0</coordinates></Point></Placemark>
<Placemark><name>M3A-w7-2894</name><description>区域=w7 类别=耕地 带=core 距母库=1.52km</description><Point><coordinates>103.410342,26.701544,0</coordinates></Point></Placemark>
<Placemark><name>M3A-w7-2895</name><description>区域=w7 类别=耕地 带=core 距母库=1.12km</description><Point><coordinates>102.670041,24.436442,0</coordinates></Point></Placemark>
<Placemark><name>M3A-w7-2896</name><description>区域=w7 类别=耕地 带=core 距母库=1.90km</description><Point><coordinates>103.572039,25.065711,0</coordinates></Point></Placemark>
<Placemark><name>M3A-w7-2897</name><description>区域=w7 类别=耕地 带=core 距母库=1.49km</description><Point><coordinates>103.593599,24.948751,0</coordinates></Point></Placemark>
<Placemark><name>M3A-w7-2898</name><description>区域=w7 类别=耕地 带=core 距母库=1.11km</description><Point><coordinates>102.024601,26.226964,0</coordinates></Point></Placemark>
<Placemark><name>M3A-w7-2899</name><description>区域=w7 类别=耕地 带=core 距母库=1.15km</description><Point><coordinates>101.721959,24.671171,0</coordinates></Point></Placemark>
<Placemark><name>M3A-w7-2900</name><description>区域=w7 类别=耕地 带=core 距母库=1.77km</description><Point><coordinates>103.446455,26.193816,0</coordinates></Point></Placemark>
<Placemark><name>M3A-w7-2901</name><description>区域=w7 类别=耕地 带=core 距母库=1.39km</description><Point><coordinates>104.037187,25.246273,0</coordinates></Point></Placemark>
<Placemark><name>M3A-w7-2902</name><description>区域=w7 类别=耕地 带=core 距母库=1.29km</description><Point><coordinates>103.383932,26.659502,0</coordinates></Point></Placemark>
<Placemark><name>M3A-w7-2903</name><description>区域=w7 类别=耕地 带=core 距母库=1.63km</description><Point><coordinates>102.694026,24.228931,0</coordinates></Point></Placemark>
<Placemark><name>M3A-w7-2904</name><description>区域=w7 类别=耕地 带=core 距母库=1.32km</description><Point><coordinates>104.117227,24.866016,0</coordinates></Point></Placemark>
<Placemark><name>M3A-w7-2905</name><description>区域=w7 类别=耕地 带=core 距母库=2.58km</description><Point><coordinates>104.645436,26.988286,0</coordinates></Point></Placemark>
<Placemark><name>M3A-w7-2906</name><description>区域=w7 类别=耕地 带=core 距母库=2.81km</description><Point><coordinates>103.789252,26.836021,0</coordinates></Point></Placemark>
<Placemark><name>M3A-w7-2907</name><description>区域=w7 类别=耕地 带=core 距母库=1.29km</description><Point><coordinates>104.616331,26.488912,0</coordinates></Point></Placemark>
<Placemark><name>M3A-w7-2908</name><description>区域=w7 类别=耕地 带=core 距母库=1.68km</description><Point><coordinates>103.907560,25.120149,0</coordinates></Point></Placemark>
<Placemark><name>M3A-w7-2909</name><description>区域=w7 类别=耕地 带=core 距母库=1.42km</description><Point><coordinates>103.124678,23.663262,0</coordinates></Point></Placemark>
<Placemark><name>M3A-w7-2910</name><description>区域=w7 类别=耕地 带=core 距母库=1.88km</description><Point><coordinates>105.150738,26.837638,0</coordinates></Point></Placemark>
<Placemark><name>M3A-w7-2911</name><description>区域=w7 类别=耕地 带=core 距母库=1.22km</description><Point><coordinates>103.689808,26.338804,0</coordinates></Point></Placemark>
<Placemark><name>M3A-w7-2912</name><description>区域=w7 类别=耕地 带=core 距母库=1.16km</description><Point><coordinates>103.067545,25.745916,0</coordinates></Point></Placemark>
<Placemark><name>M3A-w7-2913</name><description>区域=w7 类别=耕地 带=core 距母库=1.48km</description><Point><coordinates>104.956972,25.033372,0</coordinates></Point></Placemark>
<Placemark><name>M3A-w7-2914</name><description>区域=w7 类别=耕地 带=core 距母库=1.84km</description><Point><coordinates>103.570692,25.457557,0</coordinates></Point></Placemark>
<Placemark><name>M3A-w7-2915</name><description>区域=w7 类别=耕地 带=core 距母库=2.51km</description><Point><coordinates>103.460468,25.576404,0</coordinates></Point></Placemark>
<Placemark><name>M3A-w7-2916</name><description>区域=w7 类别=耕地 带=core 距母库=1.72km</description><Point><coordinates>103.825634,23.819299,0</coordinates></Point></Placemark>
<Placemark><name>M3A-w7-2917</name><description>区域=w7 类别=耕地 带=core 距母库=1.16km</description><Point><coordinates>104.087852,25.925938,0</coordinates></Point></Placemark>
<Placemark><name>M3A-w7-2918</name><description>区域=w7 类别=耕地 带=core 距母库=1.78km</description><Point><coordinates>105.426970,24.138919,0</coordinates></Point></Placemark>
<Placemark><name>M3A-w7-2919</name><description>区域=w7 类别=耕地 带=core 距母库=1.06km</description><Point><coordinates>103.177769,26.349314,0</coordinates></Point></Placemark>
<Placemark><name>M3A-w7-2920</name><description>区域=w7 类别=耕地 带=core 距母库=1.06km</description><Point><coordinates>103.982479,23.700991,0</coordinates></Point></Placemark>
<Placemark><name>M3A-w7-2921</name><description>区域=w7 类别=建成区 带=core 距母库=1.04km</description><Point><coordinates>102.686210,25.049542,0</coordinates></Point></Placemark>
<Placemark><name>M3A-w7-2922</name><description>区域=w7 类别=建成区 带=core 距母库=1.31km</description><Point><coordinates>102.667885,25.042265,0</coordinates></Point></Placemark>
<Placemark><name>M3A-w7-2923</name><description>区域=w7 类别=建成区 带=core 距母库=1.75km</description><Point><coordinates>103.037092,25.254358,0</coordinates></Point></Placemark>
<Placemark><name>M3A-w7-2924</name><description>区域=w7 类别=建成区 带=core 距母库=1.54km</description><Point><coordinates>102.577065,25.075952,0</coordinates></Point></Placemark>
<Placemark><name>M3A-w7-2925</name><description>区域=w7 类别=建成区 带=core 距母库=1.04km</description><Point><coordinates>102.811795,25.685818,0</coordinates></Point></Placemark>
<Placemark><name>M3A-w7-2926</name><description>区域=w7 类别=建成区 带=core 距母库=1.20km</description><Point><coordinates>103.921304,23.735486,0</coordinates></Point></Placemark>
<Placemark><name>M3A-w7-2927</name><description>区域=w7 类别=建成区 带=core 距母库=1.18km</description><Point><coordinates>102.869467,24.907249,0</coordinates></Point></Placemark>
<Placemark><name>M3A-w7-2928</name><description>区域=w7 类别=建成区 带=core 距母库=1.46km</description><Point><coordinates>102.879169,25.071101,0</coordinates></Point></Placemark>
<Placemark><name>M3A-w7-2929</name><description>区域=w7 类别=建成区 带=core 距母库=2.96km</description><Point><coordinates>104.405316,26.524216,0</coordinates></Point></Placemark>
<Placemark><name>M3A-w7-2930</name><description>区域=w7 类别=建成区 带=core 距母库=1.71km</description><Point><coordinates>104.589381,25.941030,0</coordinates></Point></Placemark>
<Placemark><name>M3A-w7-2931</name><description>区域=w7 类别=建成区 带=core 距母库=1.64km</description><Point><coordinates>102.707770,24.959531,0</coordinates></Point></Placemark>
<Placemark><name>M3A-w7-2932</name><description>区域=w7 类别=建成区 带=core 距母库=1.23km</description><Point><coordinates>102.902076,24.954680,0</coordinates></Point></Placemark>
<Placemark><name>M3A-w7-2933</name><description>区域=w7 类别=建成区 带=core 距母库=1.33km</description><Point><coordinates>103.793564,25.522505,0</coordinates></Point></Placemark>
<Placemark><name>M3A-w7-2934</name><description>区域=w7 类别=建成区 带=core 距母库=1.21km</description><Point><coordinates>103.851505,24.033817,0</coordinates></Point></Placemark>
<Placemark><name>M3A-w7-2935</name><description>区域=w7 类别=裸地/稀疏 带=core 距母库=1.11km</description><Point><coordinates>104.863996,25.306101,0</coordinates></Point></Placemark>
<Placemark><name>M3A-w7-2936</name><description>区域=w7 类别=裸地/稀疏 带=core 距母库=1.33km</description><Point><coordinates>101.998460,26.687530,0</coordinates></Point></Placemark>
<Placemark><name>M3A-w7-2937</name><description>区域=w7 类别=裸地/稀疏 带=core 距母库=1.33km</description><Point><coordinates>102.176327,24.077744,0</coordinates></Point></Placemark>
<Placemark><name>M3A-w7-2938</name><description>区域=w7 类别=裸地/稀疏 带=core 距母库=1.76km</description><Point><coordinates>102.119733,26.327216,0</coordinates></Point></Placemark>
<Placemark><name>M3A-w7-2939</name><description>区域=w7 类别=裸地/稀疏 带=core 距母库=1.37km</description><Point><coordinates>102.595660,24.634790,0</coordinates></Point></Placemark>
<Placemark><name>M3A-w7-2940</name><description>区域=w7 类别=裸地/稀疏 带=core 距母库=1.08km</description><Point><coordinates>103.696546,24.939049,0</coordinates></Point></Placemark>
<Placemark><name>M3A-w7-2941</name><description>区域=w7 类别=裸地/稀疏 带=core 距母库=1.35km</description><Point><coordinates>103.093147,26.226964,0</coordinates></Point></Placemark>
<Placemark><name>M3A-w7-2942</name><description>区域=w7 类别=裸地/稀疏 带=core 距母库=1.30km</description><Point><coordinates>101.836764,26.423156,0</coordinates></Point></Placemark>
<Placemark><name>M3A-w7-2943</name><description>区域=w7 类别=裸地/稀疏 带=core 距母库=1.74km</description><Point><coordinates>103.893546,23.761627,0</coordinates></Point></Placemark>
<Placemark><name>M3A-w7-2944</name><description>区域=w7 类别=裸地/稀疏 带=core 距母库=1.39km</description><Point><coordinates>102.830390,25.126348,0</coordinates></Point></Placemark>
<Placemark><name>M3A-w7-2945</name><description>区域=w7 类别=裸地/稀疏 带=core 距母库=1.35km</description><Point><coordinates>104.873159,23.563549,0</coordinates></Point></Placemark>
<Placemark><name>M3A-w7-2946</name><description>区域=w7 类别=裸地/稀疏 带=core 距母库=1.32km</description><Point><coordinates>102.901267,26.976967,0</coordinates></Point></Placemark>
<Placemark><name>M3A-w7-2947</name><description>区域=w7 类别=裸地/稀疏 带=core 距母库=1.58km</description><Point><coordinates>104.046619,25.008040,0</coordinates></Point></Placemark>
<Placemark><name>M3A-w7-2948</name><description>区域=w7 类别=水体 带=core 距母库=1.09km</description><Point><coordinates>102.791313,24.379578,0</coordinates></Point></Placemark>
<Placemark><name>M3A-w7-2949</name><description>区域=w7 类别=水体 带=core 距母库=1.25km</description><Point><coordinates>102.934415,24.625088,0</coordinates></Point></Placemark>
<Placemark><name>M3A-w7-2950</name><description>区域=w7 类别=水体 带=core 距母库=1.10km</description><Point><coordinates>102.322662,26.239091,0</coordinates></Point></Placemark>
<Placemark><name>M3A-w7-2951</name><description>区域=w7 类别=水体 带=core 距母库=1.80km</description><Point><coordinates>102.921210,24.557714,0</coordinates></Point></Placemark>
<Placemark><name>M3A-w7-2952</name><description>区域=w7 类别=水体 带=core 距母库=1.74km</description><Point><coordinates>104.091355,25.200189,0</coordinates></Point></Placemark>
<Placemark><name>M3A-w7-2953</name><description>区域=w7 类别=水体 带=core 距母库=1.15km</description><Point><coordinates>102.810986,24.187968,0</coordinates></Point></Placemark>
<Placemark><name>M3A-w7-2954</name><description>区域=w7 类别=水体 带=core 距母库=2.14km</description><Point><coordinates>102.649559,24.701355,0</coordinates></Point></Placemark>
<Placemark><name>M3A-w7-2955</name><description>区域=w7 类别=水体 带=core 距母库=1.14km</description><Point><coordinates>102.805597,24.180152,0</coordinates></Point></Placemark>
<Placemark><name>M3A-w7-2956</name><description>区域=w7 类别=水体 带=core 距母库=1.25km</description><Point><coordinates>102.860034,24.615655,0</coordinates></Point></Placemark>
<Placemark><name>M3A-w7-2957</name><description>区域=w7 类别=水体 带=core 距母库=1.25km</description><Point><coordinates>102.754662,24.827209,0</coordinates></Point></Placemark>
<Placemark><name>M3A-w7-2958</name><description>区域=w7 类别=水体 带=core 距母库=1.44km</description><Point><coordinates>102.726365,24.914525,0</coordinates></Point></Placemark>
<Placemark><name>M3A-w7-2959</name><description>区域=w7 类别=水体 带=core 距母库=1.18km</description><Point><coordinates>103.012568,24.935276,0</coordinates></Point></Placemark>
<Placemark><name>M3A-w7-2960</name><description>区域=w7 类别=水体 带=core 距母库=1.13km</description><Point><coordinates>103.002867,24.936623,0</coordinates></Point></Placemark>
<Placemark><name>M3A-w7-2961</name><description>区域=w7 类别=水体 带=core 距母库=1.51km</description><Point><coordinates>103.595216,25.501215,0</coordinates></Point></Placemark>
<Placemark><name>M3A-w7-2962</name><description>区域=w7 类别=水体 带=core 距母库=1.46km</description><Point><coordinates>102.761938,24.156437,0</coordinates></Point></Placemark>
<Placemark><name>M3A-w7-2963</name><description>区域=w7 类别=水体 带=core 距母库=1.97km</description><Point><coordinates>102.633120,24.701624,0</coordinates></Point></Placemark>
<Placemark><name>M3A-w7-2964</name><description>区域=w7 类别=水体 带=core 距母库=1.01km</description><Point><coordinates>102.614794,24.719680,0</coordinates></Point></Placemark>
<Placemark><name>M3A-w7-2965</name><description>区域=w7 类别=水体 带=core 距母库=1.43km</description><Point><coordinates>102.867850,24.499234,0</coordinates></Point></Placemark>
<Placemark><name>M3A-w7-2966</name><description>区域=w7 类别=水体 带=core 距母库=1.49km</description><Point><coordinates>101.739745,25.041996,0</coordinates></Point></Placemark>
<Placemark><name>M3A-w7-2967</name><description>区域=w7 类别=水体 带=core 距母库=1.13km</description><Point><coordinates>104.031797,24.440214,0</coordinates></Point></Placemark>
<Placemark><name>M3A-w7-2968</name><description>区域=w7 类别=水体 带=core 距母库=1.40km</description><Point><coordinates>102.643630,24.980551,0</coordinates></Point></Placemark>
<Placemark><name>M3A-w7-2969</name><description>区域=w7 类别=水体 带=core 距母库=1.02km</description><Point><coordinates>102.759513,24.895391,0</coordinates></Point></Placemark>
<Placemark><name>M3A-w7-2970</name><description>区域=w7 类别=水体 带=core 距母库=1.12km</description><Point><coordinates>102.649559,24.725340,0</coordinates></Point></Placemark>
<Placemark><name>M3A-w7-2971</name><description>区域=w7 类别=水体 带=core 距母库=1.07km</description><Point><coordinates>103.424087,24.983516,0</coordinates></Point></Placemark>
<Placemark><name>M3A-w7-2972</name><description>区域=w7 类别=水体 带=core 距母库=1.03km</description><Point><coordinates>102.851950,24.404102,0</coordinates></Point></Placemark>
<Placemark><name>M3A-w7-2973</name><description>区域=w7 类别=水体 带=core 距母库=1.02km</description><Point><coordinates>102.856801,24.416499,0</coordinates></Point></Placemark>
<Placemark><name>M3A-w7-2974</name><description>区域=w7 类别=水体 带=core 距母库=1.20km</description><Point><coordinates>102.772718,24.870867,0</coordinates></Point></Placemark>
<Placemark><name>M3A-w7-2975</name><description>区域=w7 类别=水体 带=core 距母库=1.13km</description><Point><coordinates>102.898303,24.472284,0</coordinates></Point></Placemark>
<Placemark><name>M3A-w7-2976</name><description>区域=w7 类别=水体 带=core 距母库=1.22km</description><Point><coordinates>102.941691,24.575770,0</coordinates></Point></Placemark>
<Placemark><name>M3A-w7-2977</name><description>区域=w7 类别=水体 带=core 距母库=1.28km</description><Point><coordinates>102.639588,24.693000,0</coordinates></Point></Placemark>
<Placemark><name>M3A-w7-2978</name><description>区域=w7 类别=水体 带=core 距母库=1.25km</description><Point><coordinates>102.659530,24.875987,0</coordinates></Point></Placemark>
<Placemark><name>M3A-w7-2979</name><description>区域=w7 类别=水体 带=core 距母库=1.33km</description><Point><coordinates>102.790505,24.313282,0</coordinates></Point></Placemark>
<Placemark><name>M3A-w7-2980</name><description>区域=w7 类别=水体 带=core 距母库=1.60km</description><Point><coordinates>102.869736,24.505432,0</coordinates></Point></Placemark>
<Placemark><name>M3A-w7-2981</name><description>区域=w7 类别=水体 带=core 距母库=1.18km</description><Point><coordinates>102.862190,24.528339,0</coordinates></Point></Placemark>
<Placemark><name>M3A-w7-2982</name><description>区域=w7 类别=水体 带=core 距母库=1.64km</description><Point><coordinates>102.663034,24.748516,0</coordinates></Point></Placemark>
<Placemark><name>M3A-w7-2983</name><description>区域=w7 类别=水体 带=core 距母库=1.10km</description><Point><coordinates>102.927678,24.583586,0</coordinates></Point></Placemark>
<Placemark><name>M3A-w7-2984</name><description>区域=w7 类别=水体 带=core 距母库=1.81km</description><Point><coordinates>102.693756,24.898894,0</coordinates></Point></Placemark>
<Placemark><name>M3A-w7-2985</name><description>区域=w7 类别=水体 带=core 距母库=1.47km</description><Point><coordinates>102.657914,24.780047,0</coordinates></Point></Placemark>
<Placemark><name>M3A-w7-2986</name><description>区域=w7 类别=乔木 带=edge 距母库=1.00km</description><Point><coordinates>102.864616,25.010465,0</coordinates></Point></Placemark>
<Placemark><name>M3A-w7-2987</name><description>区域=w7 类别=乔木 带=edge 距母库=1.73km</description><Point><coordinates>103.628633,26.428815,0</coordinates></Point></Placemark>
<Placemark><name>M3A-w7-2988</name><description>区域=w7 类别=乔木 带=edge 距母库=2.83km</description><Point><coordinates>104.557042,26.488912,0</coordinates></Point></Placemark>
<Placemark><name>M3A-w7-2989</name><description>区域=w7 类别=乔木 带=edge 距母库=1.69km</description><Point><coordinates>104.369204,26.641985,0</coordinates></Point></Placemark>
<Placemark><name>M3A-w7-2990</name><description>区域=w7 类别=乔木 带=edge 距母库=1.16km</description><Point><coordinates>101.861018,26.688338,0</coordinates></Point></Placemark>
<Placemark><name>M3A-w7-2991</name><description>区域=w7 类别=乔木 带=edge 距母库=1.04km</description><Point><coordinates>104.827075,26.069309,0</coordinates></Point></Placemark>
<Placemark><name>M3A-w7-2992</name><description>区域=w7 类别=乔木 带=edge 距母库=1.09km</description><Point><coordinates>104.632231,24.997799,0</coordinates></Point></Placemark>
<Placemark><name>M3A-w7-2993</name><description>区域=w7 类别=乔木 带=edge 距母库=1.17km</description><Point><coordinates>103.456426,24.891618,0</coordinates></Point></Placemark>
<Placemark><name>M3A-w7-2994</name><description>区域=w7 类别=乔木 带=edge 距母库=1.57km</description><Point><coordinates>103.951218,26.350662,0</coordinates></Point></Placemark>
<Placemark><name>M3A-w7-2995</name><description>区域=w7 类别=乔木 带=edge 距母库=1.53km</description><Point><coordinates>102.293826,24.691383,0</coordinates></Point></Placemark>
<Placemark><name>M3A-w7-2996</name><description>区域=w7 类别=乔木 带=edge 距母库=1.00km</description><Point><coordinates>103.168875,24.948212,0</coordinates></Point></Placemark>
<Placemark><name>M3A-w7-2997</name><description>区域=w7 类别=乔木 带=edge 距母库=1.98km</description><Point><coordinates>104.463797,26.818774,0</coordinates></Point></Placemark>
<Placemark><name>M3A-w7-2998</name><description>区域=w7 类别=乔木 带=edge 距母库=1.29km</description><Point><coordinates>105.082287,24.831790,0</coordinates></Point></Placemark>
<Placemark><name>M3A-w7-2999</name><description>区域=w7 类别=乔木 带=edge 距母库=2.12km</description><Point><coordinates>104.743802,25.723548,0</coordinates></Point></Placemark>
<Placemark><name>M3A-w7-3000</name><description>区域=w7 类别=乔木 带=edge 距母库=1.40km</description><Point><coordinates>103.738587,26.315897,0</coordinates></Point></Placemark>
<Placemark><name>M3A-w7-3001</name><description>区域=w7 类别=乔木 带=edge 距母库=1.29km</description><Point><coordinates>103.573387,23.906885,0</coordinates></Point></Placemark>
<Placemark><name>M3A-w7-3002</name><description>区域=w7 类别=乔木 带=edge 距母库=1.52km</description><Point><coordinates>105.126753,25.322540,0</coordinates></Point></Placemark>
<Placemark><name>M3A-w7-3003</name><description>区域=w7 类别=乔木 带=edge 距母库=1.40km</description><Point><coordinates>104.959936,26.301883,0</coordinates></Point></Placemark>
<Placemark><name>M3A-w7-3004</name><description>区域=w7 类别=乔木 带=edge 距母库=1.18km</description><Point><coordinates>102.685941,25.787418,0</coordinates></Point></Placemark>
<Placemark><name>M3A-w7-3005</name><description>区域=w7 类别=乔木 带=edge 距母库=1.32km</description><Point><coordinates>102.762747,25.375900,0</coordinates></Point></Placemark>
<Placemark><name>M3A-w7-3006</name><description>区域=w7 类别=灌丛 带=edge 距母库=1.25km</description><Point><coordinates>104.817374,24.992678,0</coordinates></Point></Placemark>
<Placemark><name>M3A-w7-3007</name><description>区域=w7 类别=灌丛 带=edge 距母库=1.09km</description><Point><coordinates>103.363450,25.689052,0</coordinates></Point></Placemark>
<Placemark><name>M3A-w7-3008</name><description>区域=w7 类别=灌丛 带=edge 距母库=1.76km</description><Point><coordinates>104.833543,25.706569,0</coordinates></Point></Placemark>
<Placemark><name>M3A-w7-3009</name><description>区域=w7 类别=灌丛 带=edge 距母库=2.31km</description><Point><coordinates>104.513923,26.326946,0</coordinates></Point></Placemark>
<Placemark><name>M3A-w7-3010</name><description>区域=w7 类别=灌丛 带=edge 距母库=2.41km</description><Point><coordinates>105.176610,25.551610,0</coordinates></Point></Placemark>
<Placemark><name>M3A-w7-3011</name><description>区域=w7 类别=灌丛 带=edge 距母库=1.76km</description><Point><coordinates>104.816835,24.986480,0</coordinates></Point></Placemark>
<Placemark><name>M3A-w7-3012</name><description>区域=w7 类别=灌丛 带=edge 距母库=1.20km</description><Point><coordinates>104.748652,26.084940,0</coordinates></Point></Placemark>
<Placemark><name>M3A-w7-3013</name><description>区域=w7 类别=灌丛 带=edge 距母库=1.41km</description><Point><coordinates>103.188548,26.898275,0</coordinates></Point></Placemark>
<Placemark><name>M3A-w7-3014</name><description>区域=w7 类别=灌丛 带=edge 距母库=1.85km</description><Point><coordinates>105.100073,26.451722,0</coordinates></Point></Placemark>
<Placemark><name>M3A-w7-3015</name><description>区域=w7 类别=灌丛 带=edge 距母库=1.11km</description><Point><coordinates>105.294379,26.644411,0</coordinates></Point></Placemark>
<Placemark><name>M3A-w7-3016</name><description>区域=w7 类别=灌丛 带=edge 距母库=1.07km</description><Point><coordinates>104.524433,25.630572,0</coordinates></Point></Placemark>
<Placemark><name>M3A-w7-3017</name><description>区域=w7 类别=灌丛 带=edge 距母库=1.00km</description><Point><coordinates>105.393284,26.598866,0</coordinates></Point></Placemark>
<Placemark><name>M3A-w7-3018</name><description>区域=w7 类别=灌丛 带=edge 距母库=1.01km</description><Point><coordinates>104.777488,25.672883,0</coordinates></Point></Placemark>
<Placemark><name>M3A-w7-3019</name><description>区域=w7 类别=灌丛 带=edge 距母库=1.93km</description><Point><coordinates>104.945923,25.738909,0</coordinates></Point></Placemark>
<Placemark><name>M3A-w7-3020</name><description>区域=w7 类别=灌丛 带=edge 距母库=1.29km</description><Point><coordinates>103.234632,26.776194,0</coordinates></Point></Placemark>
<Placemark><name>M3A-w7-3021</name><description>区域=w7 类别=灌丛 带=edge 距母库=1.29km</description><Point><coordinates>105.494344,26.501848,0</coordinates></Point></Placemark>
<Placemark><name>M3A-w7-3022</name><description>区域=w7 类别=灌丛 带=edge 距母库=1.30km</description><Point><coordinates>104.998743,25.389105,0</coordinates></Point></Placemark>
<Placemark><name>M3A-w7-3023</name><description>区域=w7 类别=灌丛 带=edge 距母库=1.83km</description><Point><coordinates>105.468473,26.473821,0</coordinates></Point></Placemark>
<Placemark><name>M3A-w7-3024</name><description>区域=w7 类别=灌丛 带=edge 距母库=1.42km</description><Point><coordinates>104.859415,26.315627,0</coordinates></Point></Placemark>
<Placemark><name>M3A-w7-3025</name><description>区域=w7 类别=灌丛 带=edge 距母库=1.55km</description><Point><coordinates>105.476557,26.486217,0</coordinates></Point></Placemark>
<Placemark><name>M3A-w7-3026</name><description>区域=w7 类别=灌丛 带=edge 距母库=1.22km</description><Point><coordinates>105.269855,24.592748,0</coordinates></Point></Placemark>
<Placemark><name>M3A-w7-3027</name><description>区域=w7 类别=灌丛 带=edge 距母库=1.13km</description><Point><coordinates>105.366604,26.090599,0</coordinates></Point></Placemark>
<Placemark><name>M3A-w7-3028</name><description>区域=w7 类别=灌丛 带=edge 距母库=1.01km</description><Point><coordinates>104.211280,25.216628,0</coordinates></Point></Placemark>
<Placemark><name>M3A-w7-3029</name><description>区域=w7 类别=灌丛 带=edge 距母库=1.56km</description><Point><coordinates>104.723859,25.914889,0</coordinates></Point></Placemark>
<Placemark><name>M3A-w7-3030</name><description>区域=w7 类别=灌丛 带=edge 距母库=1.18km</description><Point><coordinates>105.336690,25.137936,0</coordinates></Point></Placemark>
<Placemark><name>M3A-w7-3031</name><description>区域=w7 类别=灌丛 带=edge 距母库=1.53km</description><Point><coordinates>104.556772,26.047211,0</coordinates></Point></Placemark>
<Placemark><name>M3A-w7-3032</name><description>区域=w7 类别=灌丛 带=edge 距母库=1.25km</description><Point><coordinates>105.250990,24.628861,0</coordinates></Point></Placemark>
<Placemark><name>M3A-w7-3033</name><description>区域=w7 类别=灌丛 带=edge 距母库=1.58km</description><Point><coordinates>105.028118,26.434744,0</coordinates></Point></Placemark>
<Placemark><name>M3A-w7-3034</name><description>区域=w7 类别=灌丛 带=edge 距母库=1.24km</description><Point><coordinates>102.841439,26.134527,0</coordinates></Point></Placemark>
<Placemark><name>M3A-w7-3035</name><description>区域=w7 类别=灌丛 带=edge 距母库=1.24km</description><Point><coordinates>104.977992,25.734327,0</coordinates></Point></Placemark>
<Placemark><name>M3A-w7-3036</name><description>区域=w7 类别=灌丛 带=edge 距母库=1.24km</description><Point><coordinates>105.073663,26.933309,0</coordinates></Point></Placemark>
<Placemark><name>M3A-w7-3037</name><description>区域=w7 类别=灌丛 带=edge 距母库=1.53km</description><Point><coordinates>105.070699,26.333683,0</coordinates></Point></Placemark>
<Placemark><name>M3A-w7-3038</name><description>区域=w7 类别=灌丛 带=edge 距母库=1.77km</description><Point><coordinates>104.797701,24.980551,0</coordinates></Point></Placemark>
<Placemark><name>M3A-w7-3039</name><description>区域=w7 类别=灌丛 带=edge 距母库=1.66km</description><Point><coordinates>105.210566,25.713037,0</coordinates></Point></Placemark>
<Placemark><name>M3A-w7-3040</name><description>区域=w7 类别=灌丛 带=edge 距母库=1.37km</description><Point><coordinates>104.748383,26.477324,0</coordinates></Point></Placemark>
<Placemark><name>M3A-w7-3041</name><description>区域=w7 类别=灌丛 带=edge 距母库=1.41km</description><Point><coordinates>104.610941,26.269544,0</coordinates></Point></Placemark>
<Placemark><name>M3A-w7-3042</name><description>区域=w7 类别=灌丛 带=edge 距母库=1.19km</description><Point><coordinates>105.007098,25.846168,0</coordinates></Point></Placemark>
<Placemark><name>M3A-w7-3043</name><description>区域=w7 类别=灌丛 带=edge 距母库=1.45km</description><Point><coordinates>105.250451,26.326407,0</coordinates></Point></Placemark>
<Placemark><name>M3A-w7-3044</name><description>区域=w7 类别=灌丛 带=edge 距母库=1.12km</description><Point><coordinates>104.469995,25.384254,0</coordinates></Point></Placemark>
<Placemark><name>M3A-w7-3045</name><description>区域=w7 类别=灌丛 带=edge 距母库=1.45km</description><Point><coordinates>105.162327,26.419113,0</coordinates></Point></Placemark>
<Placemark><name>M3A-w7-3046</name><description>区域=w7 类别=灌丛 带=edge 距母库=1.08km</description><Point><coordinates>104.676158,26.707742,0</coordinates></Point></Placemark>
<Placemark><name>M3A-w7-3047</name><description>区域=w7 类别=灌丛 带=edge 距母库=1.08km</description><Point><coordinates>105.173645,25.309065,0</coordinates></Point></Placemark>
<Placemark><name>M3A-w7-3048</name><description>区域=w7 类别=灌丛 带=edge 距母库=1.30km</description><Point><coordinates>103.263468,26.126442,0</coordinates></Point></Placemark>
<Placemark><name>M3A-w7-3049</name><description>区域=w7 类别=灌丛 带=edge 距母库=1.49km</description><Point><coordinates>104.512575,25.451628,0</coordinates></Point></Placemark>
<Placemark><name>M3A-w7-3050</name><description>区域=w7 类别=灌丛 带=edge 距母库=1.19km</description><Point><coordinates>103.234093,26.564371,0</coordinates></Point></Placemark>
<Placemark><name>M3A-w7-3051</name><description>区域=w7 类别=灌丛 带=edge 距母库=1.14km</description><Point><coordinates>104.897414,26.658155,0</coordinates></Point></Placemark>
<Placemark><name>M3A-w7-3052</name><description>区域=w7 类别=灌丛 带=edge 距母库=1.12km</description><Point><coordinates>105.134030,25.300172,0</coordinates></Point></Placemark>
<Placemark><name>M3A-w7-3053</name><description>区域=w7 类别=灌丛 带=edge 距母库=1.54km</description><Point><coordinates>104.823302,24.988366,0</coordinates></Point></Placemark>
<Placemark><name>M3A-w7-3054</name><description>区域=w7 类别=灌丛 带=edge 距母库=1.75km</description><Point><coordinates>105.000899,25.456748,0</coordinates></Point></Placemark>
<Placemark><name>M3A-w7-3055</name><description>区域=w7 类别=灌丛 带=edge 距母库=1.41km</description><Point><coordinates>105.042941,25.411473,0</coordinates></Point></Placemark>
<Placemark><name>M3A-w7-3056</name><description>区域=w7 类别=灌丛 带=edge 距母库=1.10km</description><Point><coordinates>104.212628,25.613324,0</coordinates></Point></Placemark>
<Placemark><name>M3A-w7-3057</name><description>区域=w7 类别=灌丛 带=edge 距母库=1.46km</description><Point><coordinates>104.097823,25.565085,0</coordinates></Point></Placemark>
<Placemark><name>M3A-w7-3058</name><description>区域=w7 类别=灌丛 带=edge 距母库=1.47km</description><Point><coordinates>105.138072,26.844106,0</coordinates></Point></Placemark>
<Placemark><name>M3A-w7-3059</name><description>区域=w7 类别=灌丛 带=edge 距母库=1.64km</description><Point><coordinates>104.815757,25.644586,0</coordinates></Point></Placemark>
<Placemark><name>M3A-w7-3060</name><description>区域=w7 类别=灌丛 带=edge 距母库=1.52km</description><Point><coordinates>104.803090,24.982168,0</coordinates></Point></Placemark>
<Placemark><name>M3A-w7-3061</name><description>区域=w7 类别=灌丛 带=edge 距母库=1.08km</description><Point><coordinates>105.000630,25.896024,0</coordinates></Point></Placemark>
<Placemark><name>M3A-w7-3062</name><description>区域=w7 类别=灌丛 带=edge 距母库=1.41km</description><Point><coordinates>105.205715,25.356496,0</coordinates></Point></Placemark>
<Placemark><name>M3A-w7-3063</name><description>区域=w7 类别=灌丛 带=edge 距母库=1.33km</description><Point><coordinates>105.416460,25.270797,0</coordinates></Point></Placemark>
<Placemark><name>M3A-w7-3064</name><description>区域=w7 类别=灌丛 带=edge 距母库=1.44km</description><Point><coordinates>105.221615,25.716541,0</coordinates></Point></Placemark>
<Placemark><name>M3A-w7-3065</name><description>区域=w7 类别=草地 带=edge 距母库=2.20km</description><Point><coordinates>103.969005,25.531398,0</coordinates></Point></Placemark>
<Placemark><name>M3A-w7-3066</name><description>区域=w7 类别=草地 带=edge 距母库=1.18km</description><Point><coordinates>104.392381,23.962131,0</coordinates></Point></Placemark>
<Placemark><name>M3A-w7-3067</name><description>区域=w7 类别=草地 带=edge 距母库=1.26km</description><Point><coordinates>103.539430,25.378864,0</coordinates></Point></Placemark>
<Placemark><name>M3A-w7-3068</name><description>区域=w7 类别=草地 带=edge 距母库=1.07km</description><Point><coordinates>103.972778,26.332066,0</coordinates></Point></Placemark>
<Placemark><name>M3A-w7-3069</name><description>区域=w7 类别=草地 带=edge 距母库=1.05km</description><Point><coordinates>103.114707,26.042899,0</coordinates></Point></Placemark>
<Placemark><name>M3A-w7-3070</name><description>区域=w7 类别=草地 带=edge 距母库=1.33km</description><Point><coordinates>102.571675,24.751750,0</coordinates></Point></Placemark>
<Placemark><name>M3A-w7-3071</name><description>区域=w7 类别=草地 带=edge 距母库=1.76km</description><Point><coordinates>104.386182,24.683838,0</coordinates></Point></Placemark>
<Placemark><name>M3A-w7-3072</name><description>区域=w7 类别=草地 带=edge 距母库=1.19km</description><Point><coordinates>101.791488,26.448219,0</coordinates></Point></Placemark>
<Placemark><name>M3A-w7-3073</name><description>区域=w7 类别=草地 带=edge 距母库=1.12km</description><Point><coordinates>103.401180,25.179977,0</coordinates></Point></Placemark>
<Placemark><name>M3A-w7-3074</name><description>区域=w7 类别=草地 带=edge 距母库=1.23km</description><Point><coordinates>103.583088,24.822897,0</coordinates></Point></Placemark>
<Placemark><name>M3A-w7-3075</name><description>区域=w7 类别=草地 带=edge 距母库=1.38km</description><Point><coordinates>101.910336,25.844820,0</coordinates></Point></Placemark>
<Placemark><name>M3A-w7-3076</name><description>区域=w7 类别=草地 带=edge 距母库=1.28km</description><Point><coordinates>105.447452,23.564896,0</coordinates></Point></Placemark>
<Placemark><name>M3A-w7-3077</name><description>区域=w7 类别=草地 带=edge 距母库=1.60km</description><Point><coordinates>102.054246,26.460346,0</coordinates></Point></Placemark>
<Placemark><name>M3A-w7-3078</name><description>区域=w7 类别=草地 带=edge 距母库=1.58km</description><Point><coordinates>103.834796,26.127520,0</coordinates></Point></Placemark>
<Placemark><name>M3A-w7-3079</name><description>区域=w7 类别=草地 带=edge 距母库=1.33km</description><Point><coordinates>102.909621,24.807266,0</coordinates></Point></Placemark>
<Placemark><name>M3A-w7-3080</name><description>区域=w7 类别=草地 带=edge 距母库=1.43km</description><Point><coordinates>101.624402,26.066884,0</coordinates></Point></Placemark>
<Placemark><name>M3A-w7-3081</name><description>区域=w7 类别=草地 带=edge 距母库=1.69km</description><Point><coordinates>105.463891,26.477055,0</coordinates></Point></Placemark>
<Placemark><name>M3A-w7-3082</name><description>区域=w7 类别=草地 带=edge 距母库=1.06km</description><Point><coordinates>102.811525,24.804841,0</coordinates></Point></Placemark>
<Placemark><name>M3A-w7-3083</name><description>区域=w7 类别=草地 带=edge 距母库=1.04km</description><Point><coordinates>103.892468,23.633348,0</coordinates></Point></Placemark>
<Placemark><name>M3A-w7-3084</name><description>区域=w7 类别=草地 带=edge 距母库=1.89km</description><Point><coordinates>104.643011,26.290564,0</coordinates></Point></Placemark>
<Placemark><name>M3A-w7-3085</name><description>区域=w7 类别=草地 带=edge 距母库=1.09km</description><Point><coordinates>104.911158,26.090060,0</coordinates></Point></Placemark>
<Placemark><name>M3A-w7-3086</name><description>区域=w7 类别=草地 带=edge 距母库=1.40km</description><Point><coordinates>102.767059,26.124556,0</coordinates></Point></Placemark>
<Placemark><name>M3A-w7-3087</name><description>区域=w7 类别=草地 带=edge 距母库=1.64km</description><Point><coordinates>101.689619,23.556542,0</coordinates></Point></Placemark>
<Placemark><name>M3A-w7-3088</name><description>区域=w7 类别=草地 带=edge 距母库=1.43km</description><Point><coordinates>103.056496,25.780950,0</coordinates></Point></Placemark>
<Placemark><name>M3A-w7-3089</name><description>区域=w7 类别=草地 带=edge 距母库=1.29km</description><Point><coordinates>103.914836,25.948845,0</coordinates></Point></Placemark>
<Placemark><name>M3A-w7-3090</name><description>区域=w7 类别=草地 带=edge 距母库=1.28km</description><Point><coordinates>104.625763,25.150602,0</coordinates></Point></Placemark>
<Placemark><name>M3A-w7-3091</name><description>区域=w7 类别=草地 带=edge 距母库=1.41km</description><Point><coordinates>101.782056,25.465911,0</coordinates></Point></Placemark>
<Placemark><name>M3A-w7-3092</name><description>区域=w7 类别=草地 带=edge 距母库=1.51km</description><Point><coordinates>103.180464,26.936004,0</coordinates></Point></Placemark>
<Placemark><name>M3A-w7-3093</name><description>区域=w7 类别=草地 带=edge 距母库=1.40km</description><Point><coordinates>105.232126,23.593193,0</coordinates></Point></Placemark>
<Placemark><name>M3A-w7-3094</name><description>区域=w7 类别=草地 带=edge 距母库=2.00km</description><Point><coordinates>104.295093,26.477324,0</coordinates></Point></Placemark>
<Placemark><name>M3A-w7-3095</name><description>区域=w7 类别=草地 带=edge 距母库=1.64km</description><Point><coordinates>103.088027,23.833582,0</coordinates></Point></Placemark>
<Placemark><name>M3A-w7-3096</name><description>区域=w7 类别=草地 带=edge 距母库=1.58km</description><Point><coordinates>105.355285,23.601008,0</coordinates></Point></Placemark>
<Placemark><name>M3A-w7-3097</name><description>区域=w7 类别=草地 带=edge 距母库=1.53km</description><Point><coordinates>102.518315,26.634439,0</coordinates></Point></Placemark>
<Placemark><name>M3A-w7-3098</name><description>区域=w7 类别=草地 带=edge 距母库=1.18km</description><Point><coordinates>105.344505,25.178091,0</coordinates></Point></Placemark>
<Placemark><name>M3A-w7-3099</name><description>区域=w7 类别=草地 带=edge 距母库=1.07km</description><Point><coordinates>104.523894,25.177013,0</coordinates></Point></Placemark>
<Placemark><name>M3A-w7-3100</name><description>区域=w7 类别=草地 带=edge 距母库=1.96km</description><Point><coordinates>104.165736,25.155184,0</coordinates></Point></Placemark>
<Placemark><name>M3A-w7-3101</name><description>区域=w7 类别=耕地 带=edge 距母库=1.83km</description><Point><coordinates>102.819341,24.683029,0</coordinates></Point></Placemark>
<Placemark><name>M3A-w7-3102</name><description>区域=w7 类别=耕地 带=edge 距母库=1.16km</description><Point><coordinates>104.295902,26.752747,0</coordinates></Point></Placemark>
<Placemark><name>M3A-w7-3103</name><description>区域=w7 类别=耕地 带=edge 距母库=1.13km</description><Point><coordinates>105.266621,26.374916,0</coordinates></Point></Placemark>
<Placemark><name>M3A-w7-3104</name><description>区域=w7 类别=耕地 带=edge 距母库=1.19km</description><Point><coordinates>103.610038,26.975889,0</coordinates></Point></Placemark>
<Placemark><name>M3A-w7-3105</name><description>区域=w7 类别=耕地 带=edge 距母库=2.09km</description><Point><coordinates>102.381143,26.508585,0</coordinates></Point></Placemark>
<Placemark><name>M3A-w7-3106</name><description>区域=w7 类别=耕地 带=edge 距母库=1.73km</description><Point><coordinates>101.926236,24.445604,0</coordinates></Point></Placemark>
<Placemark><name>M3A-w7-3107</name><description>区域=w7 类别=耕地 带=edge 距母库=1.01km</description><Point><coordinates>102.328322,25.246542,0</coordinates></Point></Placemark>
<Placemark><name>M3A-w7-3108</name><description>区域=w7 类别=耕地 带=edge 距母库=1.51km</description><Point><coordinates>105.243445,24.233243,0</coordinates></Point></Placemark>
<Placemark><name>M3A-w7-3109</name><description>区域=w7 类别=耕地 带=edge 距母库=1.42km</description><Point><coordinates>102.638240,26.762449,0</coordinates></Point></Placemark>
<Placemark><name>M3A-w7-3110</name><description>区域=w7 类别=耕地 带=edge 距母库=1.89km</description><Point><coordinates>103.576351,25.059244,0</coordinates></Point></Placemark>
<Placemark><name>M3A-w7-3111</name><description>区域=w7 类别=耕地 带=edge 距母库=1.05km</description><Point><coordinates>103.408995,24.353976,0</coordinates></Point></Placemark>
<Placemark><name>M3A-w7-3112</name><description>区域=w7 类别=耕地 带=edge 距母库=1.98km</description><Point><coordinates>102.332095,26.177916,0</coordinates></Point></Placemark>
<Placemark><name>M3A-w7-3113</name><description>区域=w7 类别=耕地 带=edge 距母库=1.31km</description><Point><coordinates>103.146238,23.653560,0</coordinates></Point></Placemark>
<Placemark><name>M3A-w7-3114</name><description>区域=w7 类别=耕地 带=edge 距母库=1.88km</description><Point><coordinates>104.974489,25.703336,0</coordinates></Point></Placemark>
<Placemark><name>M3A-w7-3115</name><description>区域=w7 类别=耕地 带=edge 距母库=1.41km</description><Point><coordinates>104.821416,24.806188,0</coordinates></Point></Placemark>
<Placemark><name>M3A-w7-3116</name><description>区域=w7 类别=耕地 带=edge 距母库=1.22km</description><Point><coordinates>103.015802,23.822263,0</coordinates></Point></Placemark>
<Placemark><name>M3A-w7-3117</name><description>区域=w7 类别=耕地 带=edge 距母库=1.65km</description><Point><coordinates>103.642916,24.995104,0</coordinates></Point></Placemark>
<Placemark><name>M3A-w7-3118</name><description>区域=w7 类别=耕地 带=edge 距母库=1.84km</description><Point><coordinates>104.791772,25.879316,0</coordinates></Point></Placemark>
<Placemark><name>M3A-w7-3119</name><description>区域=w7 类别=耕地 带=edge 距母库=1.21km</description><Point><coordinates>104.239308,26.477863,0</coordinates></Point></Placemark>
<Placemark><name>M3A-w7-3120</name><description>区域=w7 类别=耕地 带=edge 距母库=1.13km</description><Point><coordinates>101.770198,25.513881,0</coordinates></Point></Placemark>
<Placemark><name>M3A-w7-3121</name><description>区域=w7 类别=耕地 带=edge 距母库=1.28km</description><Point><coordinates>104.719008,25.223905,0</coordinates></Point></Placemark>
<Placemark><name>M3A-w7-3122</name><description>区域=w7 类别=耕地 带=edge 距母库=1.90km</description><Point><coordinates>104.593424,26.628780,0</coordinates></Point></Placemark>
<Placemark><name>M3A-w7-3123</name><description>区域=w7 类别=耕地 带=edge 距母库=1.01km</description><Point><coordinates>103.750445,27.008767,0</coordinates></Point></Placemark>
<Placemark><name>M3A-w7-3124</name><description>区域=w7 类别=耕地 带=edge 距母库=1.10km</description><Point><coordinates>103.789252,25.694173,0</coordinates></Point></Placemark>
<Placemark><name>M3A-w7-3125</name><description>区域=w7 类别=耕地 带=edge 距母库=1.35km</description><Point><coordinates>103.984366,25.953427,0</coordinates></Point></Placemark>
<Placemark><name>M3A-w7-3126</name><description>区域=w7 类别=耕地 带=edge 距母库=1.44km</description><Point><coordinates>104.024790,26.458998,0</coordinates></Point></Placemark>
<Placemark><name>M3A-w7-3127</name><description>区域=w7 类别=耕地 带=edge 距母库=1.87km</description><Point><coordinates>103.669866,25.478577,0</coordinates></Point></Placemark>
<Placemark><name>M3A-w7-3128</name><description>区域=w7 类别=耕地 带=edge 距母库=1.06km</description><Point><coordinates>105.352859,25.651323,0</coordinates></Point></Placemark>
<Placemark><name>M3A-w7-3129</name><description>区域=w7 类别=耕地 带=edge 距母库=1.32km</description><Point><coordinates>103.660703,24.480639,0</coordinates></Point></Placemark>
<Placemark><name>M3A-w7-3130</name><description>区域=w7 类别=耕地 带=edge 距母库=1.42km</description><Point><coordinates>101.794183,25.909768,0</coordinates></Point></Placemark>
<Placemark><name>M3A-w7-3131</name><description>区域=w7 类别=耕地 带=edge 距母库=1.64km</description><Point><coordinates>103.570153,25.723009,0</coordinates></Point></Placemark>
<Placemark><name>M3A-w7-3132</name><description>区域=w7 类别=耕地 带=edge 距母库=1.02km</description><Point><coordinates>103.294190,24.365564,0</coordinates></Point></Placemark>
<Placemark><name>M3A-w7-3133</name><description>区域=w7 类别=耕地 带=edge 距母库=2.82km</description><Point><coordinates>104.017244,26.956216,0</coordinates></Point></Placemark>
<Placemark><name>M3A-w7-3134</name><description>区域=w7 类别=耕地 带=edge 距母库=1.14km</description><Point><coordinates>105.371993,25.534093,0</coordinates></Point></Placemark>
<Placemark><name>M3A-w7-3135</name><description>区域=w7 类别=耕地 带=edge 距母库=1.28km</description><Point><coordinates>102.457949,25.783914,0</coordinates></Point></Placemark>
<Placemark><name>M3A-w7-3136</name><description>区域=w7 类别=耕地 带=edge 距母库=1.52km</description><Point><coordinates>102.839553,26.718791,0</coordinates></Point></Placemark>
<Placemark><name>M3A-w7-3137</name><description>区域=w7 类别=耕地 带=edge 距母库=1.20km</description><Point><coordinates>101.640841,26.648184,0</coordinates></Point></Placemark>
<Placemark><name>M3A-w7-3138</name><description>区域=w7 类别=耕地 带=edge 距母库=1.81km</description><Point><coordinates>104.250088,26.495111,0</coordinates></Point></Placemark>
<Placemark><name>M3A-w7-3139</name><description>区域=w7 类别=耕地 带=edge 距母库=1.15km</description><Point><coordinates>103.665284,25.988730,0</coordinates></Point></Placemark>
<Placemark><name>M3A-w7-3140</name><description>区域=w7 类别=耕地 带=edge 距母库=1.77km</description><Point><coordinates>103.982749,25.717349,0</coordinates></Point></Placemark>
<Placemark><name>M3A-w7-3141</name><description>区域=w7 类别=耕地 带=edge 距母库=2.00km</description><Point><coordinates>105.429665,25.957738,0</coordinates></Point></Placemark>
<Placemark><name>M3A-w7-3142</name><description>区域=w7 类别=耕地 带=edge 距母库=1.62km</description><Point><coordinates>103.247298,25.810594,0</coordinates></Point></Placemark>
<Placemark><name>M3A-w7-3143</name><description>区域=w7 类别=建成区 带=edge 距母库=1.02km</description><Point><coordinates>101.977709,26.198128,0</coordinates></Point></Placemark>
<Placemark><name>M3A-w7-3144</name><description>区域=w7 类别=建成区 带=edge 距母库=1.76km</description><Point><coordinates>103.633484,25.404736,0</coordinates></Point></Placemark>
<Placemark><name>M3A-w7-3145</name><description>区域=w7 类别=建成区 带=edge 距母库=1.18km</description><Point><coordinates>102.746577,25.032833,0</coordinates></Point></Placemark>
<Placemark><name>M3A-w7-3146</name><description>区域=w7 类别=建成区 带=edge 距母库=1.89km</description><Point><coordinates>103.824017,24.880299,0</coordinates></Point></Placemark>
<Placemark><name>M3A-w7-3147</name><description>区域=w7 类别=建成区 带=edge 距母库=1.84km</description><Point><coordinates>104.300752,25.992773,0</coordinates></Point></Placemark>
<Placemark><name>M3A-w7-3148</name><description>区域=w7 类别=建成区 带=edge 距母库=1.50km</description><Point><coordinates>104.745688,26.430432,0</coordinates></Point></Placemark>
<Placemark><name>M3A-w7-3149</name><description>区域=w7 类别=建成区 带=edge 距母库=1.62km</description><Point><coordinates>102.894530,24.850655,0</coordinates></Point></Placemark>
<Placemark><name>M3A-w7-3150</name><description>区域=w7 类别=建成区 带=edge 距母库=1.01km</description><Point><coordinates>103.199059,25.557539,0</coordinates></Point></Placemark>
<Placemark><name>M3A-w7-3151</name><description>区域=w7 类别=建成区 带=edge 距母库=1.14km</description><Point><coordinates>105.043210,25.202076,0</coordinates></Point></Placemark>
<Placemark><name>M3A-w7-3152</name><description>区域=w7 类别=建成区 带=edge 距母库=1.23km</description><Point><coordinates>103.442682,24.399251,0</coordinates></Point></Placemark>
<Placemark><name>M3A-w7-3153</name><description>区域=w7 类别=建成区 带=edge 距母库=1.51km</description><Point><coordinates>102.099790,25.267024,0</coordinates></Point></Placemark>
<Placemark><name>M3A-w7-3154</name><description>区域=w7 类别=建成区 带=edge 距母库=1.30km</description><Point><coordinates>103.088566,24.791366,0</coordinates></Point></Placemark>
<Placemark><name>M3A-w7-3155</name><description>区域=w7 类别=建成区 带=edge 距母库=1.99km</description><Point><coordinates>104.253591,26.917948,0</coordinates></Point></Placemark>
<Placemark><name>M3A-w7-3156</name><description>区域=w7 类别=建成区 带=edge 距母库=1.52km</description><Point><coordinates>103.638604,25.329547,0</coordinates></Point></Placemark>
<Placemark><name>M3A-w7-3157</name><description>区域=w7 类别=建成区 带=edge 距母库=1.00km</description><Point><coordinates>101.866947,24.512439,0</coordinates></Point></Placemark>
<Placemark><name>M3A-w7-3158</name><description>区域=w7 类别=建成区 带=edge 距母库=1.11km</description><Point><coordinates>102.476544,24.213569,0</coordinates></Point></Placemark>
<Placemark><name>M3A-w7-3159</name><description>区域=w7 类别=建成区 带=edge 距母库=1.68km</description><Point><coordinates>104.671847,24.027618,0</coordinates></Point></Placemark>
<Placemark><name>M3A-w7-3160</name><description>区域=w7 类别=建成区 带=edge 距母库=1.26km</description><Point><coordinates>104.728171,26.630936,0</coordinates></Point></Placemark>
<Placemark><name>M3A-w7-3161</name><description>区域=w7 类别=建成区 带=edge 距母库=1.14km</description><Point><coordinates>102.795625,24.851463,0</coordinates></Point></Placemark>
<Placemark><name>M3A-w7-3162</name><description>区域=w7 类别=建成区 带=edge 距母库=1.76km</description><Point><coordinates>102.846021,24.852272,0</coordinates></Point></Placemark>
<Placemark><name>M3A-w7-3163</name><description>区域=w7 类别=建成区 带=edge 距母库=1.31km</description><Point><coordinates>103.290417,23.723898,0</coordinates></Point></Placemark>
<Placemark><name>M3A-w7-3164</name><description>区域=w7 类别=建成区 带=edge 距母库=1.09km</description><Point><coordinates>103.638335,25.032025,0</coordinates></Point></Placemark>
<Placemark><name>M3A-w7-3165</name><description>区域=w7 类别=建成区 带=edge 距母库=1.46km</description><Point><coordinates>102.480047,24.948751,0</coordinates></Point></Placemark>
<Placemark><name>M3A-w7-3166</name><description>区域=w7 类别=建成区 带=edge 距母库=1.79km</description><Point><coordinates>102.918515,25.054662,0</coordinates></Point></Placemark>
<Placemark><name>M3A-w7-3167</name><description>区域=w7 类别=建成区 带=edge 距母库=1.50km</description><Point><coordinates>105.277401,24.781125,0</coordinates></Point></Placemark>
<Placemark><name>M3A-w7-3168</name><description>区域=w7 类别=建成区 带=edge 距母库=1.13km</description><Point><coordinates>102.183064,25.254627,0</coordinates></Point></Placemark>
<Placemark><name>M3A-w7-3169</name><description>区域=w7 类别=建成区 带=edge 距母库=2.12km</description><Point><coordinates>104.019400,26.139378,0</coordinates></Point></Placemark>
<Placemark><name>M3A-w7-3170</name><description>区域=w7 类别=建成区 带=edge 距母库=1.03km</description><Point><coordinates>105.102499,25.188331,0</coordinates></Point></Placemark>
<Placemark><name>M3A-w7-3171</name><description>区域=w7 类别=建成区 带=edge 距母库=1.05km</description><Point><coordinates>102.832815,24.526453,0</coordinates></Point></Placemark>
<Placemark><name>M3A-w7-3172</name><description>区域=w7 类别=建成区 带=edge 距母库=2.08km</description><Point><coordinates>102.573562,24.353437,0</coordinates></Point></Placemark>
<Placemark><name>M3A-w7-3173</name><description>区域=w7 类别=建成区 带=edge 距母库=1.76km</description><Point><coordinates>105.241558,26.617461,0</coordinates></Point></Placemark>
<Placemark><name>M3A-w7-3174</name><description>区域=w7 类别=裸地/稀疏 带=edge 距母库=1.55km</description><Point><coordinates>103.627825,24.634790,0</coordinates></Point></Placemark>
<Placemark><name>M3A-w7-3175</name><description>区域=w7 类别=裸地/稀疏 带=edge 距母库=1.29km</description><Point><coordinates>104.644358,26.809880,0</coordinates></Point></Placemark>
<Placemark><name>M3A-w7-3176</name><description>区域=w7 类别=裸地/稀疏 带=edge 距母库=1.22km</description><Point><coordinates>102.950046,26.886956,0</coordinates></Point></Placemark>
<Placemark><name>M3A-w7-3177</name><description>区域=w7 类别=裸地/稀疏 带=edge 距母库=1.27km</description><Point><coordinates>103.638335,25.372666,0</coordinates></Point></Placemark>
<Placemark><name>M3A-w7-3178</name><description>区域=w7 类别=裸地/稀疏 带=edge 距母库=1.41km</description><Point><coordinates>101.624941,24.696773,0</coordinates></Point></Placemark>
<Placemark><name>M3A-w7-3179</name><description>区域=w7 类别=裸地/稀疏 带=edge 距母库=1.17km</description><Point><coordinates>103.787904,25.435727,0</coordinates></Point></Placemark>
<Placemark><name>M3A-w7-3180</name><description>区域=w7 类别=裸地/稀疏 带=edge 距母库=1.48km</description><Point><coordinates>104.574290,26.553321,0</coordinates></Point></Placemark>
<Placemark><name>M3A-w7-3181</name><description>区域=w7 类别=裸地/稀疏 带=edge 距母库=1.09km</description><Point><coordinates>103.215498,24.177996,0</coordinates></Point></Placemark>
<Placemark><name>M3A-w7-3182</name><description>区域=w7 类别=裸地/稀疏 带=edge 距母库=1.59km</description><Point><coordinates>103.140309,26.697501,0</coordinates></Point></Placemark>
<Placemark><name>M3A-w7-3183</name><description>区域=w7 类别=裸地/稀疏 带=edge 距母库=1.57km</description><Point><coordinates>102.604015,25.222288,0</coordinates></Point></Placemark>
<Placemark><name>M3A-w7-3184</name><description>区域=w7 类别=裸地/稀疏 带=edge 距母库=2.15km</description><Point><coordinates>102.219715,26.207829,0</coordinates></Point></Placemark>
<Placemark><name>M3A-w7-3185</name><description>区域=w7 类别=裸地/稀疏 带=edge 距母库=1.10km</description><Point><coordinates>101.873954,24.508936,0</coordinates></Point></Placemark>
<Placemark><name>M3A-w7-3186</name><description>区域=w7 类别=裸地/稀疏 带=edge 距母库=1.49km</description><Point><coordinates>103.114168,26.285983,0</coordinates></Point></Placemark>
<Placemark><name>M3A-w7-3187</name><description>区域=w7 类别=裸地/稀疏 带=edge 距母库=1.75km</description><Point><coordinates>101.723845,25.687166,0</coordinates></Point></Placemark>
<Placemark><name>M3A-w7-3188</name><description>区域=w7 类别=裸地/稀疏 带=edge 距母库=1.28km</description><Point><coordinates>103.300928,25.710342,0</coordinates></Point></Placemark>
<Placemark><name>M3A-w7-3189</name><description>区域=w7 类别=裸地/稀疏 带=edge 距母库=1.33km</description><Point><coordinates>104.478888,25.691208,0</coordinates></Point></Placemark>
<Placemark><name>M3A-w7-3190</name><description>区域=w7 类别=裸地/稀疏 带=edge 距母库=1.60km</description><Point><coordinates>104.534404,25.978759,0</coordinates></Point></Placemark>
<Placemark><name>M3A-w7-3191</name><description>区域=w7 类别=裸地/稀疏 带=edge 距母库=1.16km</description><Point><coordinates>104.115610,26.345002,0</coordinates></Point></Placemark>
<Placemark><name>M3A-w7-3192</name><description>区域=w7 类别=裸地/稀疏 带=edge 距母库=1.00km</description><Point><coordinates>102.897494,23.627419,0</coordinates></Point></Placemark>
<Placemark><name>M3A-w7-3193</name><description>区域=w7 类别=裸地/稀疏 带=edge 距母库=1.60km</description><Point><coordinates>103.292034,24.754984,0</coordinates></Point></Placemark>
<Placemark><name>M3A-w7-3194</name><description>区域=w7 类别=裸地/稀疏 带=edge 距母库=1.42km</description><Point><coordinates>105.289528,25.881471,0</coordinates></Point></Placemark>
<Placemark><name>M3A-w7-3195</name><description>区域=w7 类别=裸地/稀疏 带=edge 距母库=2.27km</description><Point><coordinates>104.500448,25.219593,0</coordinates></Point></Placemark>
<Placemark><name>M3A-w7-3196</name><description>区域=w7 类别=裸地/稀疏 带=edge 距母库=1.68km</description><Point><coordinates>101.722498,24.353707,0</coordinates></Point></Placemark>
<Placemark><name>M3A-w7-3197</name><description>区域=w7 类别=裸地/稀疏 带=edge 距母库=1.03km</description><Point><coordinates>103.298233,25.421444,0</coordinates></Point></Placemark>
<Placemark><name>M3A-w7-3198</name><description>区域=w7 类别=裸地/稀疏 带=edge 距母库=1.26km</description><Point><coordinates>101.606615,25.022592,0</coordinates></Point></Placemark>
<Placemark><name>M3A-w7-3199</name><description>区域=w7 类别=裸地/稀疏 带=edge 距母库=1.55km</description><Point><coordinates>102.343683,24.511361,0</coordinates></Point></Placemark>
<Placemark><name>M3A-w7-3200</name><description>区域=w7 类别=裸地/稀疏 带=edge 距母库=1.00km</description><Point><coordinates>102.284664,26.878062,0</coordinates></Point></Placemark>
<Placemark><name>M3A-w7-3201</name><description>区域=w7 类别=裸地/稀疏 带=edge 距母库=1.30km</description><Point><coordinates>103.234901,23.682665,0</coordinates></Point></Placemark>
<Placemark><name>M3A-w7-3202</name><description>区域=w7 类别=裸地/稀疏 带=edge 距母库=1.28km</description><Point><coordinates>105.386816,25.089427,0</coordinates></Point></Placemark>
<Placemark><name>M3A-w7-3203</name><description>区域=w7 类别=水体 带=edge 距母库=1.21km</description><Point><coordinates>102.889409,26.933848,0</coordinates></Point></Placemark>
<Placemark><name>M3A-w7-3204</name><description>区域=w7 类别=水体 带=edge 距母库=1.11km</description><Point><coordinates>102.610482,24.682760,0</coordinates></Point></Placemark>
<Placemark><name>M3A-w7-3205</name><description>区域=w7 类别=水体 带=edge 距母库=1.01km</description><Point><coordinates>103.686305,24.712134,0</coordinates></Point></Placemark>
<Placemark><name>M3A-w7-3206</name><description>区域=w7 类别=水体 带=edge 距母库=1.25km</description><Point><coordinates>104.605012,25.408778,0</coordinates></Point></Placemark>
<Placemark><name>M3A-w7-3207</name><description>区域=w7 类别=水体 带=edge 距母库=1.38km</description><Point><coordinates>103.406839,24.826400,0</coordinates></Point></Placemark>
<Placemark><name>M3A-w7-3208</name><description>区域=w7 类别=水体 带=edge 距母库=1.14km</description><Point><coordinates>102.715585,24.282021,0</coordinates></Point></Placemark>
<Placemark><name>M3A-w7-3209</name><description>区域=w7 类别=水体 带=edge 距母库=1.62km</description><Point><coordinates>103.121444,25.657791,0</coordinates></Point></Placemark>
</Document></kml>