<?xml version="1.0" encoding="UTF-8"?>
<kml xmlns="http://www.opengis.net/kml/2.2"><Document>
<name>M3B 灌丛仲裁点</name>
<Placemark><name>M3B-A000</name><description>臂=A_fcs10_shrub 窗=w3 教师类=落叶灌丛</description><Style><IconStyle><color>ff0000ff</color></IconStyle></Style><Point><coordinates>111.507697,23.094069,0</coordinates></Point></Placemark>
<Placemark><name>M3B-A001</name><description>臂=A_fcs10_shrub 窗=w3 教师类=落叶灌丛</description><Style><IconStyle><color>ff0000ff</color></IconStyle></Style><Point><coordinates>112.606426,24.843897,0</coordinates></Point></Placemark>
<Placemark><name>M3B-A002</name><description>臂=A_fcs10_shrub 窗=w3 教师类=落叶灌丛</description><Style><IconStyle><color>ff0000ff</color></IconStyle></Style><Point><coordinates>109.740890,28.486117,0</coordinates></Point></Placemark>
<Placemark><name>M3B-A003</name><description>臂=A_fcs10_shrub 窗=w3 教师类=常绿灌丛</description><Style><IconStyle><color>ff0000ff</color></IconStyle></Style><Point><coordinates>112.824357,26.042070,0</coordinates></Point></Placemark>
<Placemark><name>M3B-A004</name><description>臂=A_fcs10_shrub 窗=w3 教师类=常绿灌丛</description><Style><IconStyle><color>ff0000ff</color></IconStyle></Style><Point><coordinates>109.297482,28.720397,0</coordinates></Point></Placemark>
<Placemark><name>M3B-A005</name><description>臂=A_fcs10_shrub 窗=w3 教师类=常绿灌丛</description><Style><IconStyle><color>ff0000ff</color></IconStyle></Style><Point><coordinates>111.752667,26.035602,0</coordinates></Point></Placemark>
<Placemark><name>M3B-A006</name><description>臂=A_fcs10_shrub 窗=w3 教师类=落叶灌丛</description><Style><IconStyle><color>ff0000ff</color></IconStyle></Style><Point><coordinates>113.103104,27.139632,0</coordinates></Point></Placemark>
<Placemark><name>M3B-A007</name><description>臂=A_fcs10_shrub 窗=w3 教师类=落叶灌丛</description><Style><IconStyle><color>ff0000ff</color></IconStyle></Style><Point><coordinates>111.095639,25.365190,0</coordinates></Point></Placemark>
<Placemark><name>M3B-A008</name><description>臂=A_fcs10_shrub 窗=w3 教师类=落叶灌丛</description><Style><IconStyle><color>ff0000ff</color></IconStyle></Style><Point><coordinates>113.841071,25.315962,0</coordinates></Point></Placemark>
<Placemark><name>M3B-A009</name><description>臂=A_fcs10_shrub 窗=w3 教师类=常绿灌丛</description><Style><IconStyle><color>ff0000ff</color></IconStyle></Style><Point><coordinates>110.538594,26.525274,0</coordinates></Point></Placemark>
<Placemark><name>M3B-A010</name><description>臂=A_fcs10_shrub 窗=w3 教师类=落叶灌丛</description><Style><IconStyle><color>ff0000ff</color></IconStyle></Style><Point><coordinates>111.494581,26.783989,0</coordinates></Point></Placemark>
<Placemark><name>M3B-A011</name><description>臂=A_fcs10_shrub 窗=w3 教师类=落叶灌丛</description><Style><IconStyle><color>ff0000ff</color></IconStyle></Style><Point><coordinates>108.867099,24.103147,0</coordinates></Point></Placemark>
<Placemark><name>M3B-A012</name><description>臂=A_fcs10_shrub 窗=w3 教师类=常绿灌丛</description><Style><IconStyle><color>ff0000ff</color></IconStyle></Style><Point><coordinates>112.912123,27.551599,0</coordinates></Point></Placemark>
<Placemark><name>M3B-A013</name><description>臂=A_fcs10_shrub 窗=w3 教师类=落叶灌丛</description><Style><IconStyle><color>ff0000ff</color></IconStyle></Style><Point><coordinates>110.225890,26.728742,0</coordinates></Point></Placemark>
<Placemark><name>M3B-A014</name><description>臂=A_fcs10_shrub 窗=w3 教师类=落叶灌丛</description><Style><IconStyle><color>ff0000ff</color></IconStyle></Style><Point><coordinates>108.971124,26.106300,0</coordinates></Point></Placemark>
<Placemark><name>M3B-A015</name><description>臂=A_fcs10_shrub 窗=w3 教师类=常绿灌丛</description><Style><IconStyle><color>ff0000ff</color></IconStyle></Style><Point><coordinates>111.290125,27.007490,0</coordinates></Point></Placemark>
<Placemark><name>M3B-A016</name><description>臂=A_fcs10_shrub 窗=w3 教师类=常绿灌丛</description><Style><IconStyle><color>ff0000ff</color></IconStyle></Style><Point><coordinates>108.485584,27.039380,0</coordinates></Point></Placemark>
<Placemark><name>M3B-A017</name><description>臂=A_fcs10_shrub 窗=w3 教师类=常绿灌丛</description><Style><IconStyle><color>ff0000ff</color></IconStyle></Style><Point><coordinates>109.287870,28.931322,0</coordinates></Point></Placemark>
<Placemark><name>M3B-A018</name><description>臂=A_fcs10_shrub 窗=w3 教师类=落叶灌丛</description><Style><IconStyle><color>ff0000ff</color></IconStyle></Style><Point><coordinates>113.999982,28.003272,0</coordinates></Point></Placemark>
<Placemark><name>M3B-A019</name><description>臂=A_fcs10_shrub 窗=w3 教师类=落叶灌丛</description><Style><IconStyle><color>ff0000ff</color></IconStyle></Style><Point><coordinates>109.948311,24.530295,0</coordinates></Point></Placemark>
<Placemark><name>M3B-A020</name><description>臂=A_fcs10_shrub 窗=w3 教师类=常绿灌丛</description><Style><IconStyle><color>ff0000ff</color></IconStyle></Style><Point><coordinates>111.703529,28.048457,0</coordinates></Point></Placemark>
<Placemark><name>M3B-A021</name><description>臂=A_fcs10_shrub 窗=w3 教师类=落叶灌丛</description><Style><IconStyle><color>ff0000ff</color></IconStyle></Style><Point><coordinates>109.713402,27.697575,0</coordinates></Point></Placemark>
<Placemark><name>M3B-A022</name><description>臂=A_fcs10_shrub 窗=w3 教师类=落叶灌丛</description><Style><IconStyle><color>ff0000ff</color></IconStyle></Style><Point><coordinates>110.949124,27.951978,0</coordinates></Point></Placemark>
<Placemark><name>M3B-A023</name><description>臂=A_fcs10_shrub 窗=w3 教师类=落叶灌丛</description><Style><IconStyle><color>ff0000ff</color></IconStyle></Style><Point><coordinates>109.756431,27.247699,0</coordinates></Point></Placemark>
<Placemark><name>M3B-A024</name><description>臂=A_fcs10_shrub 窗=w3 教师类=落叶灌丛</description><Style><IconStyle><color>ff0000ff</color></IconStyle></Style><Point><coordinates>110.295151,26.892775,0</coordinates></Point></Placemark>
<Placemark><name>M3B-A025</name><description>臂=A_fcs10_shrub 窗=w3 教师类=落叶灌丛</description><Style><IconStyle><color>ff0000ff</color></IconStyle></Style><Point><coordinates>109.430612,25.195678,0</coordinates></Point></Placemark>
<Placemark><name>M3B-A026</name><description>臂=A_fcs10_shrub 窗=w3 教师类=落叶灌丛</description><Style><IconStyle><color>ff0000ff</color></IconStyle></Style><Point><coordinates>112.263539,28.788130,0</coordinates></Point></Placemark>
<Placemark><name>M3B-A027</name><description>臂=A_fcs10_shrub 窗=w3 教师类=落叶灌丛</description><Style><IconStyle><color>ff0000ff</color></IconStyle></Style><Point><coordinates>108.073976,26.410290,0</coordinates></Point></Placemark>
<Placemark><name>M3B-A028</name><description>臂=A_fcs10_shrub 窗=w3 教师类=落叶灌丛</description><Style><IconStyle><color>ff0000ff</color></IconStyle></Style><Point><coordinates>108.833592,23.232499,0</coordinates></Point></Placemark>
<Placemark><name>M3B-A029</name><description>臂=A_fcs10_shrub 窗=w3 教师类=常绿灌丛</description><Style><IconStyle><color>ff0000ff</color></IconStyle></Style><Point><coordinates>111.799290,27.029139,0</coordinates></Point></Placemark>
<Placemark><name>M3B-A030</name><description>臂=A_fcs10_shrub 窗=w3 教师类=常绿灌丛</description><Style><IconStyle><color>ff0000ff</color></IconStyle></Style><Point><coordinates>111.053598,26.921251,0</coordinates></Point></Placemark>
<Placemark><name>M3B-A031</name><description>臂=A_fcs10_shrub 窗=w3 教师类=常绿灌丛</description><Style><IconStyle><color>ff0000ff</color></IconStyle></Style><Point><coordinates>113.522079,26.998776,0</coordinates></Point></Placemark>
<Placemark><name>M3B-A032</name><description>臂=A_fcs10_shrub 窗=w3 教师类=落叶灌丛</description><Style><IconStyle><color>ff0000ff</color></IconStyle></Style><Point><coordinates>109.688788,26.812645,0</coordinates></Point></Placemark>
<Placemark><name>M3B-A033</name><description>臂=A_fcs10_shrub 窗=w3 教师类=落叶灌丛</description><Style><IconStyle><color>ff0000ff</color></IconStyle></Style><Point><coordinates>113.969709,27.771237,0</coordinates></Point></Placemark>
<Placemark><name>M3B-A034</name><description>臂=A_fcs10_shrub 窗=w3 教师类=常绿灌丛</description><Style><IconStyle><color>ff0000ff</color></IconStyle></Style><Point><coordinates>113.669762,26.116091,0</coordinates></Point></Placemark>
<Placemark><name>M3B-A035</name><description>臂=A_fcs10_shrub 窗=w3 教师类=落叶灌丛</description><Style><IconStyle><color>ff0000ff</color></IconStyle></Style><Point><coordinates>113.507975,23.427973,0</coordinates></Point></Placemark>
<Placemark><name>M3B-A036</name><description>臂=A_fcs10_shrub 窗=w3 教师类=常绿灌丛</description><Style><IconStyle><color>ff0000ff</color></IconStyle></Style><Point><coordinates>110.879864,25.347313,0</coordinates></Point></Placemark>
<Placemark><name>M3B-A037</name><description>臂=A_fcs10_shrub 窗=w3 教师类=常绿灌丛</description><Style><IconStyle><color>ff0000ff</color></IconStyle></Style><Point><coordinates>113.121520,27.663170,0</coordinates></Point></Placemark>
<Placemark><name>M3B-A038</name><description>臂=A_fcs10_shrub 窗=w3 教师类=常绿灌丛</description><Style><IconStyle><color>ff0000ff</color></IconStyle></Style><Point><coordinates>112.209910,26.837618,0</coordinates></Point></Placemark>
<Placemark><name>M3B-A039</name><description>臂=A_fcs10_shrub 窗=w3 教师类=常绿灌丛</description><Style><IconStyle><color>ff0000ff</color></IconStyle></Style><Point><coordinates>112.415893,26.160648,0</coordinates></Point></Placemark>
<Placemark><name>M3B-A040</name><description>臂=A_fcs10_shrub 窗=w3 教师类=常绿灌丛</description><Style><IconStyle><color>ff0000ff</color></IconStyle></Style><Point><coordinates>110.024488,24.732686,0</coordinates></Point></Placemark>
<Placemark><name>M3B-A041</name><description>臂=A_fcs10_shrub 窗=w3 教师类=落叶灌丛</description><Style><IconStyle><color>ff0000ff</color></IconStyle></Style><Point><coordinates>108.272324,25.391061,0</coordinates></Point></Placemark>
<Placemark><name>M3B-A042</name><description>臂=A_fcs10_shrub 窗=w3 教师类=常绿灌丛</description><Style><IconStyle><color>ff0000ff</color></IconStyle></Style><Point><coordinates>108.332691,28.298189,0</coordinates></Point></Placemark>
<Placemark><name>M3B-A043</name><description>臂=A_fcs10_shrub 窗=w3 教师类=落叶灌丛</description><Style><IconStyle><color>ff0000ff</color></IconStyle></Style><Point><coordinates>110.932326,24.838328,0</coordinates></Point></Placemark>
<Placemark><name>M3B-A044</name><description>臂=A_fcs10_shrub 窗=w3 教师类=落叶灌丛</description><Style><IconStyle><color>ff0000ff</color></IconStyle></Style><Point><coordinates>111.423435,23.113562,0</coordinates></Point></Placemark>
<Placemark><name>M3B-A045</name><description>臂=A_fcs10_shrub 窗=w3 教师类=落叶灌丛</description><Style><IconStyle><color>ff0000ff</color></IconStyle></Style><Point><coordinates>113.419581,25.434450,0</coordinates></Point></Placemark>
<Placemark><name>M3B-A046</name><description>臂=A_fcs10_shrub 窗=w3 教师类=落叶灌丛</description><Style><IconStyle><color>ff0000ff</color></IconStyle></Style><Point><coordinates>110.713676,25.894118,0</coordinates></Point></Placemark>
<Placemark><name>M3B-A047</name><description>臂=A_fcs10_shrub 窗=w3 教师类=常绿灌丛</description><Style><IconStyle><color>ff0000ff</color></IconStyle></Style><Point><coordinates>113.951653,25.561292,0</coordinates></Point></Placemark>
<Placemark><name>M3B-A048</name><description>臂=A_fcs10_shrub 窗=w3 教师类=落叶灌丛</description><Style><IconStyle><color>ff0000ff</color></IconStyle></Style><Point><coordinates>111.164720,28.216981,0</coordinates></Point></Placemark>
<Placemark><name>M3B-A049</name><description>臂=A_fcs10_shrub 窗=w3 教师类=常绿灌丛</description><Style><IconStyle><color>ff0000ff</color></IconStyle></Style><Point><coordinates>111.934486,25.003348,0</coordinates></Point></Placemark>
<Placemark><name>M3B-A050</name><description>臂=A_fcs10_shrub 窗=w3 教师类=落叶灌丛</description><Style><IconStyle><color>ff0000ff</color></IconStyle></Style><Point><coordinates>112.258868,28.903743,0</coordinates></Point></Placemark>
<Placemark><name>M3B-A051</name><description>臂=A_fcs10_shrub 窗=w3 教师类=落叶灌丛</description><Style><IconStyle><color>ff0000ff</color></IconStyle></Style><Point><coordinates>109.835483,23.927256,0</coordinates></Point></Placemark>
<Placemark><name>M3B-A052</name><description>臂=A_fcs10_shrub 窗=w3 教师类=落叶灌丛</description><Style><IconStyle><color>ff0000ff</color></IconStyle></Style><Point><coordinates>111.858758,28.066603,0</coordinates></Point></Placemark>
<Placemark><name>M3B-A053</name><description>臂=A_fcs10_shrub 窗=w3 教师类=落叶灌丛</description><Style><IconStyle><color>ff0000ff</color></IconStyle></Style><Point><coordinates>110.090065,27.230811,0</coordinates></Point></Placemark>
<Placemark><name>M3B-A054</name><description>臂=A_fcs10_shrub 窗=w3 教师类=常绿灌丛</description><Style><IconStyle><color>ff0000ff</color></IconStyle></Style><Point><coordinates>110.933134,28.344362,0</coordinates></Point></Placemark>
<Placemark><name>M3B-A055</name><description>臂=A_fcs10_shrub 窗=w3 教师类=落叶灌丛</description><Style><IconStyle><color>ff0000ff</color></IconStyle></Style><Point><coordinates>108.698844,25.455650,0</coordinates></Point></Placemark>
<Placemark><name>M3B-A056</name><description>臂=A_fcs10_shrub 窗=w3 教师类=落叶灌丛</description><Style><IconStyle><color>ff0000ff</color></IconStyle></Style><Point><coordinates>112.109119,28.241326,0</coordinates></Point></Placemark>
<Placemark><name>M3B-A057</name><description>臂=A_fcs10_shrub 窗=w3 教师类=落叶灌丛</description><Style><IconStyle><color>ff0000ff</color></IconStyle></Style><Point><coordinates>110.154295,25.481791,0</coordinates></Point></Placemark>
<Placemark><name>M3B-A058</name><description>臂=A_fcs10_shrub 窗=w3 教师类=常绿灌丛</description><Style><IconStyle><color>ff0000ff</color></IconStyle></Style><Point><coordinates>111.240807,28.904821,0</coordinates></Point></Placemark>
<Placemark><name>M3B-A059</name><description>臂=A_fcs10_shrub 窗=w3 教师类=落叶灌丛</description><Style><IconStyle><color>ff0000ff</color></IconStyle></Style><Point><coordinates>111.374566,24.899593,0</coordinates></Point></Placemark>
<Placemark><name>M3B-A060</name><description>臂=A_fcs10_shrub 窗=w3 教师类=常绿灌丛</description><Style><IconStyle><color>ff0000ff</color></IconStyle></Style><Point><coordinates>112.326780,24.809402,0</coordinates></Point></Placemark>
<Placemark><name>M3B-A061</name><description>臂=A_fcs10_shrub 窗=w3 教师类=落叶灌丛</description><Style><IconStyle><color>ff0000ff</color></IconStyle></Style><Point><coordinates>112.699132,24.859618,0</coordinates></Point></Placemark>
<Placemark><name>M3B-A062</name><description>臂=A_fcs10_shrub 窗=w3 教师类=常绿灌丛</description><Style><IconStyle><color>ff0000ff</color></IconStyle></Style><Point><coordinates>112.202364,28.873470,0</coordinates></Point></Placemark>
<Placemark><name>M3B-A063</name><description>臂=A_fcs10_shrub 窗=w3 教师类=常绿灌丛</description><Style><IconStyle><color>ff0000ff</color></IconStyle></Style><Point><coordinates>109.373389,25.462477,0</coordinates></Point></Placemark>
<Placemark><name>M3B-A064</name><description>臂=A_fcs10_shrub 窗=w3 教师类=落叶灌丛</description><Style><IconStyle><color>ff0000ff</color></IconStyle></Style><Point><coordinates>112.718536,24.727116,0</coordinates></Point></Placemark>
<Placemark><name>M3B-A065</name><description>臂=A_fcs10_shrub 窗=w3 教师类=落叶灌丛</description><Style><IconStyle><color>ff0000ff</color></IconStyle></Style><Point><coordinates>108.448574,27.894127,0</coordinates></Point></Placemark>
<Placemark><name>M3B-A066</name><description>臂=A_fcs10_shrub 窗=w3 教师类=常绿灌丛</description><Style><IconStyle><color>ff0000ff</color></IconStyle></Style><Point><coordinates>111.460535,25.988531,0</coordinates></Point></Placemark>
<Placemark><name>M3B-A067</name><description>臂=A_fcs10_shrub 窗=w3 教师类=落叶灌丛</description><Style><IconStyle><color>ff0000ff</color></IconStyle></Style><Point><coordinates>111.031230,26.326387,0</coordinates></Point></Placemark>
<Placemark><name>M3B-A068</name><description>臂=A_fcs10_shrub 窗=w3 教师类=落叶灌丛</description><Style><IconStyle><color>ff0000ff</color></IconStyle></Style><Point><coordinates>111.011916,26.056353,0</coordinates></Point></Placemark>
<Placemark><name>M3B-A069</name><description>臂=A_fcs10_shrub 窗=w3 教师类=落叶灌丛</description><Style><IconStyle><color>ff0000ff</color></IconStyle></Style><Point><coordinates>113.268754,25.780481,0</coordinates></Point></Placemark>
<Placemark><name>M3B-A070</name><description>臂=A_fcs10_shrub 窗=w3 教师类=常绿灌丛</description><Style><IconStyle><color>ff0000ff</color></IconStyle></Style><Point><coordinates>112.683861,25.653998,0</coordinates></Point></Placemark>
<Placemark><name>M3B-A071</name><description>臂=A_fcs10_shrub 窗=w3 教师类=落叶灌丛</description><Style><IconStyle><color>ff0000ff</color></IconStyle></Style><Point><coordinates>109.583685,27.900505,0</coordinates></Point></Placemark>
<Placemark><name>M3B-A072</name><description>臂=A_fcs10_shrub 窗=w3 教师类=常绿灌丛</description><Style><IconStyle><color>ff0000ff</color></IconStyle></Style><Point><coordinates>113.641195,27.084924,0</coordinates></Point></Placemark>
<Placemark><name>M3B-A073</name><description>臂=A_fcs10_shrub 窗=w3 教师类=落叶灌丛</description><Style><IconStyle><color>ff0000ff</color></IconStyle></Style><Point><coordinates>111.172984,24.224239,0</coordinates></Point></Placemark>
<Placemark><name>M3B-A074</name><description>臂=A_fcs10_shrub 窗=w3 教师类=落叶灌丛</description><Style><IconStyle><color>ff0000ff</color></IconStyle></Style><Point><coordinates>113.438985,28.452520,0</coordinates></Point></Placemark>
<Placemark><name>M3B-A075</name><description>臂=A_fcs10_shrub 窗=w3 教师类=落叶灌丛</description><Style><IconStyle><color>ff0000ff</color></IconStyle></Style><Point><coordinates>108.465732,27.000034,0</coordinates></Point></Placemark>
<Placemark><name>M3B-A076</name><description>臂=A_fcs10_shrub 窗=w3 教师类=落叶灌丛</description><Style><IconStyle><color>ff0000ff</color></IconStyle></Style><Point><coordinates>112.005633,25.495895,0</coordinates></Point></Placemark>
<Placemark><name>M3B-A077</name><description>臂=A_fcs10_shrub 窗=w3 教师类=常绿灌丛</description><Style><IconStyle><color>ff0000ff</color></IconStyle></Style><Point><coordinates>108.187523,24.479720,0</coordinates></Point></Placemark>
<Placemark><name>M3B-A078</name><description>臂=A_fcs10_shrub 窗=w3 教师类=常绿灌丛</description><Style><IconStyle><color>ff0000ff</color></IconStyle></Style><Point><coordinates>108.199561,23.120210,0</coordinates></Point></Placemark>
<Placemark><name>M3B-A079</name><description>臂=A_fcs10_shrub 窗=w3 教师类=落叶灌丛</description><Style><IconStyle><color>ff0000ff</color></IconStyle></Style><Point><coordinates>111.143789,27.386579,0</coordinates></Point></Placemark>
<Placemark><name>M3B-A080</name><description>臂=A_fcs10_shrub 窗=w3 教师类=落叶灌丛</description><Style><IconStyle><color>ff0000ff</color></IconStyle></Style><Point><coordinates>112.980305,27.367445,0</coordinates></Point></Placemark>
<Placemark><name>M3B-A081</name><description>臂=A_fcs10_shrub 窗=w3 教师类=常绿灌丛</description><Style><IconStyle><color>ff0000ff</color></IconStyle></Style><Point><coordinates>112.458473,24.684985,0</coordinates></Point></Placemark>
<Placemark><name>M3B-A082</name><description>臂=A_fcs10_shrub 窗=w3 教师类=常绿灌丛</description><Style><IconStyle><color>ff0000ff</color></IconStyle></Style><Point><coordinates>111.546144,25.553207,0</coordinates></Point></Placemark>
<Placemark><name>M3B-A083</name><description>臂=A_fcs10_shrub 窗=w3 教师类=常绿灌丛</description><Style><IconStyle><color>ff0000ff</color></IconStyle></Style><Point><coordinates>112.207215,23.502802,0</coordinates></Point></Placemark>
<Placemark><name>M3B-A084</name><description>臂=A_fcs10_shrub 窗=w3 教师类=落叶灌丛</description><Style><IconStyle><color>ff0000ff</color></IconStyle></Style><Point><coordinates>108.199830,26.716436,0</coordinates></Point></Placemark>
<Placemark><name>M3B-A085</name><description>臂=A_fcs10_shrub 窗=w3 教师类=落叶灌丛</description><Style><IconStyle><color>ff0000ff</color></IconStyle></Style><Point><coordinates>111.367559,26.933019,0</coordinates></Point></Placemark>
<Placemark><name>M3B-A086</name><description>臂=A_fcs10_shrub 窗=w3 教师类=落叶灌丛</description><Style><IconStyle><color>ff0000ff</color></IconStyle></Style><Point><coordinates>111.441491,27.064173,0</coordinates></Point></Placemark>
<Placemark><name>M3B-A087</name><description>臂=A_fcs10_shrub 窗=w3 教师类=落叶灌丛</description><Style><IconStyle><color>ff0000ff</color></IconStyle></Style><Point><coordinates>108.254538,26.647625,0</coordinates></Point></Placemark>
<Placemark><name>M3B-A088</name><description>臂=A_fcs10_shrub 窗=w3 教师类=落叶灌丛</description><Style><IconStyle><color>ff0000ff</color></IconStyle></Style><Point><coordinates>110.482359,23.866800,0</coordinates></Point></Placemark>
<Placemark><name>M3B-A089</name><description>臂=A_fcs10_shrub 窗=w3 教师类=落叶灌丛</description><Style><IconStyle><color>ff0000ff</color></IconStyle></Style><Point><coordinates>110.564196,25.763862,0</coordinates></Point></Placemark>
<Placemark><name>M3B-A090</name><description>臂=A_fcs10_shrub 窗=w3 教师类=常绿灌丛</description><Style><IconStyle><color>ff0000ff</color></IconStyle></Style><Point><coordinates>110.808358,28.376792,0</coordinates></Point></Placemark>
<Placemark><name>M3B-A091</name><description>臂=A_fcs10_shrub 窗=w3 教师类=落叶灌丛</description><Style><IconStyle><color>ff0000ff</color></IconStyle></Style><Point><coordinates>111.997728,24.648514,0</coordinates></Point></Placemark>
<Placemark><name>M3B-A092</name><description>臂=A_fcs10_shrub 窗=w3 教师类=落叶灌丛</description><Style><IconStyle><color>ff0000ff</color></IconStyle></Style><Point><coordinates>109.765594,23.466151,0</coordinates></Point></Placemark>
<Placemark><name>M3B-A093</name><description>臂=A_fcs10_shrub 窗=w3 教师类=落叶灌丛</description><Style><IconStyle><color>ff0000ff</color></IconStyle></Style><Point><coordinates>112.783933,27.160832,0</coordinates></Point></Placemark>
<Placemark><name>M3B-A094</name><description>臂=A_fcs10_shrub 窗=w3 教师类=常绿灌丛</description><Style><IconStyle><color>ff0000ff</color></IconStyle></Style><Point><coordinates>112.549024,27.789114,0</coordinates></Point></Placemark>
<Placemark><name>M3B-A095</name><description>臂=A_fcs10_shrub 窗=w3 教师类=常绿灌丛</description><Style><IconStyle><color>ff0000ff</color></IconStyle></Style><Point><coordinates>109.231186,27.667572,0</coordinates></Point></Placemark>
<Placemark><name>M3B-A096</name><description>臂=A_fcs10_shrub 窗=w3 教师类=常绿灌丛</description><Style><IconStyle><color>ff0000ff</color></IconStyle></Style><Point><coordinates>111.354534,27.725783,0</coordinates></Point></Placemark>
<Placemark><name>M3B-A097</name><description>臂=A_fcs10_shrub 窗=w3 教师类=常绿灌丛</description><Style><IconStyle><color>ff0000ff</color></IconStyle></Style><Point><coordinates>111.330459,26.043148,0</coordinates></Point></Placemark>
<Placemark><name>M3B-A098</name><description>臂=A_fcs10_shrub 窗=w3 教师类=落叶灌丛</description><Style><IconStyle><color>ff0000ff</color></IconStyle></Style><Point><coordinates>108.057537,24.337248,0</coordinates></Point></Placemark>
<Placemark><name>M3B-A099</name><description>臂=A_fcs10_shrub 窗=w3 教师类=常绿灌丛</description><Style><IconStyle><color>ff0000ff</color></IconStyle></Style><Point><coordinates>113.187456,25.820366,0</coordinates></Point></Placemark>
<Placemark><name>M3B-A100</name><description>臂=A_fcs10_shrub 窗=w3 教师类=落叶灌丛</description><Style><IconStyle><color>ff0000ff</color></IconStyle></Style><Point><coordinates>112.623943,23.753073,0</coordinates></Point></Placemark>
<Placemark><name>M3B-A101</name><description>臂=A_fcs10_shrub 窗=w3 教师类=常绿灌丛</description><Style><IconStyle><color>ff0000ff</color></IconStyle></Style><Point><coordinates>113.212879,28.669373,0</coordinates></Point></Placemark>
<Placemark><name>M3B-A102</name><description>臂=A_fcs10_shrub 窗=w3 教师类=常绿灌丛</description><Style><IconStyle><color>ff0000ff</color></IconStyle></Style><Point><coordinates>111.527100,27.039829,0</coordinates></Point></Placemark>
<Placemark><name>M3B-A103</name><description>臂=A_fcs10_shrub 窗=w3 教师类=落叶灌丛</description><Style><IconStyle><color>ff0000ff</color></IconStyle></Style><Point><coordinates>113.122957,24.556257,0</coordinates></Point></Placemark>
<Placemark><name>M3B-A104</name><description>臂=A_fcs10_shrub 窗=w3 教师类=常绿灌丛</description><Style><IconStyle><color>ff0000ff</color></IconStyle></Style><Point><coordinates>113.634188,23.907943,0</coordinates></Point></Placemark>
<Placemark><name>M3B-A105</name><description>臂=A_fcs10_shrub 窗=w3 教师类=落叶灌丛</description><Style><IconStyle><color>ff0000ff</color></IconStyle></Style><Point><coordinates>109.119256,28.533638,0</coordinates></Point></Placemark>
<Placemark><name>M3B-A106</name><description>臂=A_fcs10_shrub 窗=w3 教师类=常绿灌丛</description><Style><IconStyle><color>ff0000ff</color></IconStyle></Style><Point><coordinates>112.464672,26.943799,0</coordinates></Point></Placemark>
<Placemark><name>M3B-A107</name><description>臂=A_fcs10_shrub 窗=w3 教师类=落叶灌丛</description><Style><IconStyle><color>ff0000ff</color></IconStyle></Style><Point><coordinates>113.070675,26.958442,0</coordinates></Point></Placemark>
<Placemark><name>M3B-A108</name><description>臂=A_fcs10_shrub 窗=w3 教师类=落叶灌丛</description><Style><IconStyle><color>ff0000ff</color></IconStyle></Style><Point><coordinates>112.222306,26.228650,0</coordinates></Point></Placemark>
<Placemark><name>M3B-A109</name><description>臂=A_fcs10_shrub 窗=w3 教师类=落叶灌丛</description><Style><IconStyle><color>ff0000ff</color></IconStyle></Style><Point><coordinates>110.294881,25.920259,0</coordinates></Point></Placemark>
<Placemark><name>M3B-A110</name><description>臂=A_fcs10_shrub 窗=w3 教师类=落叶灌丛</description><Style><IconStyle><color>ff0000ff</color></IconStyle></Style><Point><coordinates>110.829648,24.504873,0</coordinates></Point></Placemark>
<Placemark><name>M3B-A111</name><description>臂=A_fcs10_shrub 窗=w3 教师类=落叶灌丛</description><Style><IconStyle><color>ff0000ff</color></IconStyle></Style><Point><coordinates>111.402594,25.198013,0</coordinates></Point></Placemark>
<Placemark><name>M3B-A112</name><description>臂=A_fcs10_shrub 窗=w3 教师类=落叶灌丛</description><Style><IconStyle><color>ff0000ff</color></IconStyle></Style><Point><coordinates>108.851199,23.466600,0</coordinates></Point></Placemark>
<Placemark><name>M3B-A113</name><description>臂=A_fcs10_shrub 窗=w3 教师类=落叶灌丛</description><Style><IconStyle><color>ff0000ff</color></IconStyle></Style><Point><coordinates>113.829482,28.387751,0</coordinates></Point></Placemark>
<Placemark><name>M3B-A114</name><description>臂=A_fcs10_shrub 窗=w3 教师类=常绿灌丛</description><Style><IconStyle><color>ff0000ff</color></IconStyle></Style><Point><coordinates>110.547218,26.466524,0</coordinates></Point></Placemark>
<Placemark><name>M3B-A115</name><description>臂=A_fcs10_shrub 窗=w3 教师类=常绿灌丛</description><Style><IconStyle><color>ff0000ff</color></IconStyle></Style><Point><coordinates>111.118816,27.840767,0</coordinates></Point></Placemark>
<Placemark><name>M3B-A116</name><description>臂=A_fcs10_shrub 窗=w3 教师类=落叶灌丛</description><Style><IconStyle><color>ff0000ff</color></IconStyle></Style><Point><coordinates>112.880951,23.998403,0</coordinates></Point></Placemark>
<Placemark><name>M3B-A117</name><description>臂=A_fcs10_shrub 窗=w3 教师类=落叶灌丛</description><Style><IconStyle><color>ff0000ff</color></IconStyle></Style><Point><coordinates>113.935843,28.860624,0</coordinates></Point></Placemark>
<Placemark><name>M3B-A118</name><description>臂=A_fcs10_shrub 窗=w3 教师类=常绿灌丛</description><Style><IconStyle><color>ff0000ff</color></IconStyle></Style><Point><coordinates>108.348322,23.815147,0</coordinates></Point></Placemark>
<Placemark><name>M3B-A119</name><description>臂=A_fcs10_shrub 窗=w3 教师类=落叶灌丛</description><Style><IconStyle><color>ff0000ff</color></IconStyle></Style><Point><coordinates>113.648562,25.385851,0</coordinates></Point></Placemark>
<Placemark><name>M3B-A120</name><description>臂=A_fcs10_shrub 窗=w3 教师类=常绿灌丛</description><Style><IconStyle><color>ff0000ff</color></IconStyle></Style><Point><coordinates>112.331003,23.956003,0</coordinates></Point></Placemark>
<Placemark><name>M3B-A121</name><description>臂=A_fcs10_shrub 窗=w3 教师类=落叶灌丛</description><Style><IconStyle><color>ff0000ff</color></IconStyle></Style><Point><coordinates>111.272697,27.127325,0</coordinates></Point></Placemark>
<Placemark><name>M3B-A122</name><description>臂=A_fcs10_shrub 窗=w3 教师类=落叶灌丛</description><Style><IconStyle><color>ff0000ff</color></IconStyle></Style><Point><coordinates>109.796675,25.015206,0</coordinates></Point></Placemark>
<Placemark><name>M3B-A123</name><description>臂=A_fcs10_shrub 窗=w3 教师类=落叶灌丛</description><Style><IconStyle><color>ff0000ff</color></IconStyle></Style><Point><coordinates>108.184469,27.394304,0</coordinates></Point></Placemark>
<Placemark><name>M3B-A124</name><description>臂=A_fcs10_shrub 窗=w3 教师类=常绿灌丛</description><Style><IconStyle><color>ff0000ff</color></IconStyle></Style><Point><coordinates>110.794524,26.583485,0</coordinates></Point></Placemark>
<Placemark><name>M3B-A125</name><description>臂=A_fcs10_shrub 窗=w3 教师类=落叶灌丛</description><Style><IconStyle><color>ff0000ff</color></IconStyle></Style><Point><coordinates>109.779338,24.590842,0</coordinates></Point></Placemark>
<Placemark><name>M3B-A126</name><description>臂=A_fcs10_shrub 窗=w3 教师类=常绿灌丛</description><Style><IconStyle><color>ff0000ff</color></IconStyle></Style><Point><coordinates>110.900974,24.572426,0</coordinates></Point></Placemark>
<Placemark><name>M3B-A127</name><description>臂=A_fcs10_shrub 窗=w3 教师类=常绿灌丛</description><Style><IconStyle><color>ff0000ff</color></IconStyle></Style><Point><coordinates>108.969327,23.172582,0</coordinates></Point></Placemark>
<Placemark><name>M3B-A128</name><description>臂=A_fcs10_shrub 窗=w3 教师类=常绿灌丛</description><Style><IconStyle><color>ff0000ff</color></IconStyle></Style><Point><coordinates>110.689601,23.715074,0</coordinates></Point></Placemark>
<Placemark><name>M3B-A129</name><description>臂=A_fcs10_shrub 窗=w3 教师类=常绿灌丛</description><Style><IconStyle><color>ff0000ff</color></IconStyle></Style><Point><coordinates>113.674164,27.614391,0</coordinates></Point></Placemark>
<Placemark><name>M3B-A130</name><description>臂=A_fcs10_shrub 窗=w3 教师类=常绿灌丛</description><Style><IconStyle><color>ff0000ff</color></IconStyle></Style><Point><coordinates>108.089158,24.252806,0</coordinates></Point></Placemark>
<Placemark><name>M3B-A131</name><description>臂=A_fcs10_shrub 窗=w3 教师类=常绿灌丛</description><Style><IconStyle><color>ff0000ff</color></IconStyle></Style><Point><coordinates>113.005637,28.679973,0</coordinates></Point></Placemark>
<Placemark><name>M3B-A132</name><description>臂=A_fcs10_shrub 窗=w3 教师类=常绿灌丛</description><Style><IconStyle><color>ff0000ff</color></IconStyle></Style><Point><coordinates>111.414631,24.564431,0</coordinates></Point></Placemark>
<Placemark><name>M3B-A133</name><description>臂=A_fcs10_shrub 窗=w3 教师类=常绿灌丛</description><Style><IconStyle><color>ff0000ff</color></IconStyle></Style><Point><coordinates>110.522784,25.895106,0</coordinates></Point></Placemark>
<Placemark><name>M3B-A134</name><description>臂=A_fcs10_shrub 窗=w3 教师类=常绿灌丛</description><Style><IconStyle><color>ff0000ff</color></IconStyle></Style><Point><coordinates>108.278343,24.438308,0</coordinates></Point></Placemark>
<Placemark><name>M3B-A135</name><description>臂=A_fcs10_shrub 窗=w3 教师类=常绿灌丛</description><Style><IconStyle><color>ff0000ff</color></IconStyle></Style><Point><coordinates>111.110551,25.624803,0</coordinates></Point></Placemark>
<Placemark><name>M3B-A136</name><description>臂=A_fcs10_shrub 窗=w3 教师类=常绿灌丛</description><Style><IconStyle><color>ff0000ff</color></IconStyle></Style><Point><coordinates>110.524311,26.087435,0</coordinates></Point></Placemark>
<Placemark><name>M3B-A137</name><description>臂=A_fcs10_shrub 窗=w3 教师类=落叶灌丛</description><Style><IconStyle><color>ff0000ff</color></IconStyle></Style><Point><coordinates>113.280162,27.125528,0</coordinates></Point></Placemark>
<Placemark><name>M3B-A138</name><description>臂=A_fcs10_shrub 窗=w3 教师类=落叶灌丛</description><Style><IconStyle><color>ff0000ff</color></IconStyle></Style><Point><coordinates>110.673880,27.823070,0</coordinates></Point></Placemark>
<Placemark><name>M3B-A139</name><description>臂=A_fcs10_shrub 窗=w3 教师类=落叶灌丛</description><Style><IconStyle><color>ff0000ff</color></IconStyle></Style><Point><coordinates>108.147369,27.661643,0</coordinates></Point></Placemark>
<Placemark><name>M3B-A140</name><description>臂=A_fcs10_shrub 窗=w3 教师类=落叶灌丛</description><Style><IconStyle><color>ff0000ff</color></IconStyle></Style><Point><coordinates>109.866564,23.626950,0</coordinates></Point></Placemark>
<Placemark><name>M3B-A141</name><description>臂=A_fcs10_shrub 窗=w3 教师类=常绿灌丛</description><Style><IconStyle><color>ff0000ff</color></IconStyle></Style><Point><coordinates>113.263454,27.266564,0</coordinates></Point></Placemark>
<Placemark><name>M3B-A142</name><description>臂=A_fcs10_shrub 窗=w3 教师类=落叶灌丛</description><Style><IconStyle><color>ff0000ff</color></IconStyle></Style><Point><coordinates>111.272607,25.915318,0</coordinates></Point></Placemark>
<Placemark><name>M3B-A143</name><description>臂=A_fcs10_shrub 窗=w3 教师类=落叶灌丛</description><Style><IconStyle><color>ff0000ff</color></IconStyle></Style><Point><coordinates>111.856153,23.418181,0</coordinates></Point></Placemark>
<Placemark><name>M3B-A144</name><description>臂=A_fcs10_shrub 窗=w3 教师类=落叶灌丛</description><Style><IconStyle><color>ff0000ff</color></IconStyle></Style><Point><coordinates>111.770364,25.889896,0</coordinates></Point></Placemark>
<Placemark><name>M3B-A145</name><description>臂=A_fcs10_shrub 窗=w3 教师类=常绿灌丛</description><Style><IconStyle><color>ff0000ff</color></IconStyle></Style><Point><coordinates>109.624738,25.696399,0</coordinates></Point></Placemark>
<Placemark><name>M3B-A146</name><description>臂=A_fcs10_shrub 窗=w3 教师类=落叶灌丛</description><Style><IconStyle><color>ff0000ff</color></IconStyle></Style><Point><coordinates>113.051002,26.858639,0</coordinates></Point></Placemark>
<Placemark><name>M3B-A147</name><description>臂=A_fcs10_shrub 窗=w3 教师类=常绿灌丛</description><Style><IconStyle><color>ff0000ff</color></IconStyle></Style><Point><coordinates>112.777735,27.547377,0</coordinates></Point></Placemark>
<Placemark><name>M3B-A148</name><description>臂=A_fcs10_shrub 窗=w3 教师类=常绿灌丛</description><Style><IconStyle><color>ff0000ff</color></IconStyle></Style><Point><coordinates>113.846281,25.420526,0</coordinates></Point></Placemark>
<Placemark><name>M3B-A149</name><description>臂=A_fcs10_shrub 窗=w3 教师类=落叶灌丛</description><Style><IconStyle><color>ff0000ff</color></IconStyle></Style><Point><coordinates>108.673781,24.006757,0</coordinates></Point></Placemark>
<Placemark><name>M3B-A150</name><description>臂=A_fcs10_shrub 窗=w3 教师类=落叶灌丛</description><Style><IconStyle><color>ff0000ff</color></IconStyle></Style><Point><coordinates>111.740720,27.160383,0</coordinates></Point></Placemark>
<Placemark><name>M3B-A151</name><description>臂=A_fcs10_shrub 窗=w3 教师类=常绿灌丛</description><Style><IconStyle><color>ff0000ff</color></IconStyle></Style><Point><coordinates>113.589003,23.450341,0</coordinates></Point></Placemark>
<Placemark><name>M3B-A152</name><description>臂=A_fcs10_shrub 窗=w3 教师类=常绿灌丛</description><Style><IconStyle><color>ff0000ff</color></IconStyle></Style><Point><coordinates>110.539223,28.114663,0</coordinates></Point></Placemark>
<Placemark><name>M3B-A153</name><description>臂=A_fcs10_shrub 窗=w3 教师类=常绿灌丛</description><Style><IconStyle><color>ff0000ff</color></IconStyle></Style><Point><coordinates>110.478856,27.141339,0</coordinates></Point></Placemark>
<Placemark><name>M3B-A154</name><description>臂=A_fcs10_shrub 窗=w3 教师类=常绿灌丛</description><Style><IconStyle><color>ff0000ff</color></IconStyle></Style><Point><coordinates>110.301618,24.115004,0</coordinates></Point></Placemark>
<Placemark><name>M3B-A155</name><description>臂=A_fcs10_shrub 窗=w3 教师类=常绿灌丛</description><Style><IconStyle><color>ff0000ff</color></IconStyle></Style><Point><coordinates>111.363337,24.162705,0</coordinates></Point></Placemark>
<Placemark><name>M3B-A156</name><description>臂=A_fcs10_shrub 窗=w3 教师类=常绿灌丛</description><Style><IconStyle><color>ff0000ff</color></IconStyle></Style><Point><coordinates>109.408963,24.976938,0</coordinates></Point></Placemark>
<Placemark><name>M3B-A157</name><description>臂=A_fcs10_shrub 窗=w3 教师类=常绿灌丛</description><Style><IconStyle><color>ff0000ff</color></IconStyle></Style><Point><coordinates>109.593746,24.010171,0</coordinates></Point></Placemark>
<Placemark><name>M3B-A158</name><description>臂=A_fcs10_shrub 窗=w3 教师类=落叶灌丛</description><Style><IconStyle><color>ff0000ff</color></IconStyle></Style><Point><coordinates>108.343381,26.936253,0</coordinates></Point></Placemark>
<Placemark><name>M3B-A159</name><description>臂=A_fcs10_shrub 窗=w3 教师类=常绿灌丛</description><Style><IconStyle><color>ff0000ff</color></IconStyle></Style><Point><coordinates>110.960892,28.704317,0</coordinates></Point></Placemark>
<Placemark><name>M3B-A160</name><description>臂=A_fcs10_shrub 窗=w3 教师类=落叶灌丛</description><Style><IconStyle><color>ff0000ff</color></IconStyle></Style><Point><coordinates>113.950306,26.445144,0</coordinates></Point></Placemark>
<Placemark><name>M3B-A161</name><description>臂=A_fcs10_shrub 窗=w3 教师类=落叶灌丛</description><Style><IconStyle><color>ff0000ff</color></IconStyle></Style><Point><coordinates>108.042356,24.756401,0</coordinates></Point></Placemark>
<Placemark><name>M3B-A162</name><description>臂=A_fcs10_shrub 窗=w3 教师类=常绿灌丛</description><Style><IconStyle><color>ff0000ff</color></IconStyle></Style><Point><coordinates>111.915442,27.316241,0</coordinates></Point></Placemark>
<Placemark><name>M3B-A163</name><description>臂=A_fcs10_shrub 窗=w3 教师类=落叶灌丛</description><Style><IconStyle><color>ff0000ff</color></IconStyle></Style><Point><coordinates>108.993312,24.943610,0</coordinates></Point></Placemark>
<Placemark><name>M3B-A164</name><description>臂=A_fcs10_shrub 窗=w3 教师类=常绿灌丛</description><Style><IconStyle><color>ff0000ff</color></IconStyle></Style><Point><coordinates>109.932860,24.952324,0</coordinates></Point></Placemark>
<Placemark><name>M3B-A165</name><description>臂=A_fcs10_shrub 窗=w3 教师类=落叶灌丛</description><Style><IconStyle><color>ff0000ff</color></IconStyle></Style><Point><coordinates>111.866124,28.172964,0</coordinates></Point></Placemark>
<Placemark><name>M3B-A166</name><description>臂=A_fcs10_shrub 窗=w3 教师类=落叶灌丛</description><Style><IconStyle><color>ff0000ff</color></IconStyle></Style><Point><coordinates>110.821024,28.867092,0</coordinates></Point></Placemark>
<Placemark><name>M3B-A167</name><description>臂=A_fcs10_shrub 窗=w3 教师类=常绿灌丛</description><Style><IconStyle><color>ff0000ff</color></IconStyle></Style><Point><coordinates>112.813577,23.161532,0</coordinates></Point></Placemark>
<Placemark><name>M3B-A168</name><description>臂=A_fcs10_shrub 窗=w3 教师类=常绿灌丛</description><Style><IconStyle><color>ff0000ff</color></IconStyle></Style><Point><coordinates>113.715127,27.130559,0</coordinates></Point></Placemark>
<Placemark><name>M3B-A169</name><description>臂=A_fcs10_shrub 窗=w3 教师类=落叶灌丛</description><Style><IconStyle><color>ff0000ff</color></IconStyle></Style><Point><coordinates>109.587188,26.722724,0</coordinates></Point></Placemark>
<Placemark><name>M3B-A170</name><description>臂=A_fcs10_shrub 窗=w3 教师类=常绿灌丛</description><Style><IconStyle><color>ff0000ff</color></IconStyle></Style><Point><coordinates>110.675497,26.552762,0</coordinates></Point></Placemark>
<Placemark><name>M3B-A171</name><description>臂=A_fcs10_shrub 窗=w3 教师类=落叶灌丛</description><Style><IconStyle><color>ff0000ff</color></IconStyle></Style><Point><coordinates>113.251416,24.493285,0</coordinates></Point></Placemark>
<Placemark><name>M3B-A172</name><description>臂=A_fcs10_shrub 窗=w3 教师类=落叶灌丛</description><Style><IconStyle><color>ff0000ff</color></IconStyle></Style><Point><coordinates>110.568957,26.478472,0</coordinates></Point></Placemark>
<Placemark><name>M3B-A173</name><description>臂=A_fcs10_shrub 窗=w3 教师类=常绿灌丛</description><Style><IconStyle><color>ff0000ff</color></IconStyle></Style><Point><coordinates>108.396831,25.905526,0</coordinates></Point></Placemark>
<Placemark><name>M3B-A174</name><description>臂=A_fcs10_shrub 窗=w3 教师类=常绿灌丛</description><Style><IconStyle><color>ff0000ff</color></IconStyle></Style><Point><coordinates>113.747556,25.976583,0</coordinates></Point></Placemark>
<Placemark><name>M3B-A175</name><description>臂=A_fcs10_shrub 窗=w3 教师类=常绿灌丛</description><Style><IconStyle><color>ff0000ff</color></IconStyle></Style><Point><coordinates>111.991170,28.161735,0</coordinates></Point></Placemark>
<Placemark><name>M3B-A176</name><description>臂=A_fcs10_shrub 窗=w3 教师类=常绿灌丛</description><Style><IconStyle><color>ff0000ff</color></IconStyle></Style><Point><coordinates>108.411743,24.185432,0</coordinates></Point></Placemark>
<Placemark><name>M3B-A177</name><description>臂=A_fcs10_shrub 窗=w3 教师类=落叶灌丛</description><Style><IconStyle><color>ff0000ff</color></IconStyle></Style><Point><coordinates>111.700655,28.134247,0</coordinates></Point></Placemark>
<Placemark><name>M3B-A178</name><description>臂=A_fcs10_shrub 窗=w3 教师类=落叶灌丛</description><Style><IconStyle><color>ff0000ff</color></IconStyle></Style><Point><coordinates>109.088354,26.239520,0</coordinates></Point></Placemark>
<Placemark><name>M3B-A179</name><description>臂=A_fcs10_shrub 窗=w3 教师类=落叶灌丛</description><Style><IconStyle><color>ff0000ff</color></IconStyle></Style><Point><coordinates>109.890729,25.472359,0</coordinates></Point></Placemark>
<Placemark><name>M3B-A180</name><description>臂=A_fcs10_shrub 窗=w3 教师类=落叶灌丛</description><Style><IconStyle><color>ff0000ff</color></IconStyle></Style><Point><coordinates>112.464133,27.235841,0</coordinates></Point></Placemark>
<Placemark><name>M3B-A181</name><description>臂=A_fcs10_shrub 窗=w3 教师类=常绿灌丛</description><Style><IconStyle><color>ff0000ff</color></IconStyle></Style><Point><coordinates>113.027826,23.073857,0</coordinates></Point></Placemark>
<Placemark><name>M3B-A182</name><description>臂=A_fcs10_shrub 窗=w3 教师类=常绿灌丛</description><Style><IconStyle><color>ff0000ff</color></IconStyle></Style><Point><coordinates>108.954235,23.856739,0</coordinates></Point></Placemark>
<Placemark><name>M3B-A183</name><description>臂=A_fcs10_shrub 窗=w3 教师类=常绿灌丛</description><Style><IconStyle><color>ff0000ff</color></IconStyle></Style><Point><coordinates>110.502751,23.805445,0</coordinates></Point></Placemark>
<Placemark><name>M3B-A184</name><description>臂=A_fcs10_shrub 窗=w3 教师类=落叶灌丛</description><Style><IconStyle><color>ff0000ff</color></IconStyle></Style><Point><coordinates>109.153482,28.755881,0</coordinates></Point></Placemark>
<Placemark><name>M3B-A185</name><description>臂=A_fcs10_shrub 窗=w3 教师类=常绿灌丛</description><Style><IconStyle><color>ff0000ff</color></IconStyle></Style><Point><coordinates>112.027462,27.578549,0</coordinates></Point></Placemark>
<Placemark><name>M3B-A186</name><description>臂=A_fcs10_shrub 窗=w3 教师类=落叶灌丛</description><Style><IconStyle><color>ff0000ff</color></IconStyle></Style><Point><coordinates>111.195712,28.274474,0</coordinates></Point></Placemark>
<Placemark><name>M3B-A187</name><description>臂=A_fcs10_shrub 窗=w3 教师类=落叶灌丛</description><Style><IconStyle><color>ff0000ff</color></IconStyle></Style><Point><coordinates>109.079371,28.901677,0</coordinates></Point></Placemark>
<Placemark><name>M3B-A188</name><description>臂=A_fcs10_shrub 窗=w3 教师类=落叶灌丛</description><Style><IconStyle><color>ff0000ff</color></IconStyle></Style><Point><coordinates>109.142882,26.936613,0</coordinates></Point></Placemark>
<Placemark><name>M3B-A189</name><description>臂=A_fcs10_shrub 窗=w3 教师类=落叶灌丛</description><Style><IconStyle><color>ff0000ff</color></IconStyle></Style><Point><coordinates>111.063749,24.183007,0</coordinates></Point></Placemark>
<Placemark><name>M3B-A190</name><description>臂=A_fcs10_shrub 窗=w3 教师类=落叶灌丛</description><Style><IconStyle><color>ff0000ff</color></IconStyle></Style><Point><coordinates>113.996030,26.498504,0</coordinates></Point></Placemark>
<Placemark><name>M3B-A191</name><description>臂=A_fcs10_shrub 窗=w3 教师类=落叶灌丛</description><Style><IconStyle><color>ff0000ff</color></IconStyle></Style><Point><coordinates>111.147023,25.602614,0</coordinates></Point></Placemark>
<Placemark><name>M3B-A192</name><description>臂=A_fcs10_shrub 窗=w3 教师类=落叶灌丛</description><Style><IconStyle><color>ff0000ff</color></IconStyle></Style><Point><coordinates>110.186814,24.731788,0</coordinates></Point></Placemark>
<Placemark><name>M3B-A193</name><description>臂=A_fcs10_shrub 窗=w3 教师类=常绿灌丛</description><Style><IconStyle><color>ff0000ff</color></IconStyle></Style><Point><coordinates>109.845364,23.528943,0</coordinates></Point></Placemark>
<Placemark><name>M3B-A194</name><description>臂=A_fcs10_shrub 窗=w3 教师类=落叶灌丛</description><Style><IconStyle><color>ff0000ff</color></IconStyle></Style><Point><coordinates>111.939427,26.177087,0</coordinates></Point></Placemark>
<Placemark><name>M3B-A195</name><description>臂=A_fcs10_shrub 窗=w3 教师类=落叶灌丛</description><Style><IconStyle><color>ff0000ff</color></IconStyle></Style><Point><coordinates>112.306838,24.335631,0</coordinates></Point></Placemark>
<Placemark><name>M3B-A196</name><description>臂=A_fcs10_shrub 窗=w3 教师类=常绿灌丛</description><Style><IconStyle><color>ff0000ff</color></IconStyle></Style><Point><coordinates>109.565180,23.434980,0</coordinates></Point></Placemark>
<Placemark><name>M3B-A197</name><description>臂=A_fcs10_shrub 窗=w3 教师类=落叶灌丛</description><Style><IconStyle><color>ff0000ff</color></IconStyle></Style><Point><coordinates>112.293812,28.767738,0</coordinates></Point></Placemark>
<Placemark><name>M3B-A198</name><description>臂=A_fcs10_shrub 窗=w3 教师类=落叶灌丛</description><Style><IconStyle><color>ff0000ff</color></IconStyle></Style><Point><coordinates>108.471750,28.169820,0</coordinates></Point></Placemark>
<Placemark><name>M3B-A199</name><description>臂=A_fcs10_shrub 窗=w3 教师类=常绿灌丛</description><Style><IconStyle><color>ff0000ff</color></IconStyle></Style><Point><coordinates>111.659602,26.261349,0</coordinates></Point></Placemark>
<Placemark><name>M3B-A200</name><description>臂=A_fcs10_shrub 窗=w3 教师类=落叶灌丛</description><Style><IconStyle><color>ff0000ff</color></IconStyle></Style><Point><coordinates>108.214203,23.620212,0</coordinates></Point></Placemark>
<Placemark><name>M3B-A201</name><description>臂=A_fcs10_shrub 窗=w3 教师类=常绿灌丛</description><Style><IconStyle><color>ff0000ff</color></IconStyle></Style><Point><coordinates>110.073087,25.774372,0</coordinates></Point></Placemark>
<Placemark><name>M3B-A202</name><description>臂=A_fcs10_shrub 窗=w3 教师类=落叶灌丛</description><Style><IconStyle><color>ff0000ff</color></IconStyle></Style><Point><coordinates>110.204600,28.922788,0</coordinates></Point></Placemark>
<Placemark><name>M3B-A203</name><description>臂=A_fcs10_shrub 窗=w3 教师类=常绿灌丛</description><Style><IconStyle><color>ff0000ff</color></IconStyle></Style><Point><coordinates>110.036526,27.395203,0</coordinates></Point></Placemark>
<Placemark><name>M3B-A204</name><description>臂=A_fcs10_shrub 窗=w3 教师类=常绿灌丛</description><Style><IconStyle><color>ff0000ff</color></IconStyle></Style><Point><coordinates>111.552433,26.774287,0</coordinates></Point></Placemark>
<Placemark><name>M3B-A205</name><description>臂=A_fcs10_shrub 窗=w3 教师类=落叶灌丛</description><Style><IconStyle><color>ff0000ff</color></IconStyle></Style><Point><coordinates>112.656642,26.048987,0</coordinates></Point></Placemark>
<Placemark><name>M3B-A206</name><description>臂=A_fcs10_shrub 窗=w3 教师类=落叶灌丛</description><Style><IconStyle><color>ff0000ff</color></IconStyle></Style><Point><coordinates>109.109644,27.365019,0</coordinates></Point></Placemark>
<Placemark><name>M3B-A207</name><description>臂=A_fcs10_shrub 窗=w3 教师类=落叶灌丛</description><Style><IconStyle><color>ff0000ff</color></IconStyle></Style><Point><coordinates>112.290039,26.106479,0</coordinates></Point></Placemark>
<Placemark><name>M3B-A208</name><description>臂=A_fcs10_shrub 窗=w3 教师类=落叶灌丛</description><Style><IconStyle><color>ff0000ff</color></IconStyle></Style><Point><coordinates>112.812410,25.640793,0</coordinates></Point></Placemark>
<Placemark><name>M3B-A209</name><description>臂=A_fcs10_shrub 窗=w3 教师类=落叶灌丛</description><Style><IconStyle><color>ff0000ff</color></IconStyle></Style><Point><coordinates>109.510203,28.850204,0</coordinates></Point></Placemark>
<Placemark><name>M3B-A210</name><description>臂=A_fcs10_shrub 窗=w3 教师类=落叶灌丛</description><Style><IconStyle><color>ff0000ff</color></IconStyle></Style><Point><coordinates>113.057560,27.325853,0</coordinates></Point></Placemark>
<Placemark><name>M3B-A211</name><description>臂=A_fcs10_shrub 窗=w3 教师类=常绿灌丛</description><Style><IconStyle><color>ff0000ff</color></IconStyle></Style><Point><coordinates>111.679634,26.862861,0</coordinates></Point></Placemark>
<Placemark><name>M3B-A212</name><description>臂=A_fcs10_shrub 窗=w3 教师类=落叶灌丛</description><Style><IconStyle><color>ff0000ff</color></IconStyle></Style><Point><coordinates>109.790118,24.133869,0</coordinates></Point></Placemark>
<Placemark><name>M3B-A213</name><description>臂=A_fcs10_shrub 窗=w3 教师类=常绿灌丛</description><Style><IconStyle><color>ff0000ff</color></IconStyle></Style><Point><coordinates>110.527545,27.313815,0</coordinates></Point></Placemark>
<Placemark><name>M3B-A214</name><description>臂=A_fcs10_shrub 窗=w3 教师类=落叶灌丛</description><Style><IconStyle><color>ff0000ff</color></IconStyle></Style><Point><coordinates>113.494051,24.921422,0</coordinates></Point></Placemark>
<Placemark><name>M3B-A215</name><description>臂=A_fcs10_shrub 窗=w3 教师类=常绿灌丛</description><Style><IconStyle><color>ff0000ff</color></IconStyle></Style><Point><coordinates>110.041197,26.571717,0</coordinates></Point></Placemark>
<Placemark><name>M3B-A216</name><description>臂=A_fcs10_shrub 窗=w3 教师类=落叶灌丛</description><Style><IconStyle><color>ff0000ff</color></IconStyle></Style><Point><coordinates>109.400968,28.720936,0</coordinates></Point></Placemark>
<Placemark><name>M3B-A217</name><description>臂=A_fcs10_shrub 窗=w3 教师类=落叶灌丛</description><Style><IconStyle><color>ff0000ff</color></IconStyle></Style><Point><coordinates>109.458729,25.328269,0</coordinates></Point></Placemark>
<Placemark><name>M3B-A218</name><description>臂=A_fcs10_shrub 窗=w3 教师类=常绿灌丛</description><Style><IconStyle><color>ff0000ff</color></IconStyle></Style><Point><coordinates>113.726984,28.407604,0</coordinates></Point></Placemark>
<Placemark><name>M3B-A219</name><description>臂=A_fcs10_shrub 窗=w3 教师类=常绿灌丛</description><Style><IconStyle><color>ff0000ff</color></IconStyle></Style><Point><coordinates>111.371422,23.059484,0</coordinates></Point></Placemark>
<Placemark><name>M3B-A220</name><description>臂=A_fcs10_shrub 窗=w3 教师类=常绿灌丛</description><Style><IconStyle><color>ff0000ff</color></IconStyle></Style><Point><coordinates>108.619523,23.412522,0</coordinates></Point></Placemark>
<Placemark><name>M3B-A221</name><description>臂=A_fcs10_shrub 窗=w3 教师类=落叶灌丛</description><Style><IconStyle><color>ff0000ff</color></IconStyle></Style><Point><coordinates>110.958646,24.717684,0</coordinates></Point></Placemark>
<Placemark><name>M3B-A222</name><description>臂=A_fcs10_shrub 窗=w3 教师类=常绿灌丛</description><Style><IconStyle><color>ff0000ff</color></IconStyle></Style><Point><coordinates>113.922817,26.347497,0</coordinates></Point></Placemark>
<Placemark><name>M3B-A223</name><description>臂=A_fcs10_shrub 窗=w3 教师类=常绿灌丛</description><Style><IconStyle><color>ff0000ff</color></IconStyle></Style><Point><coordinates>112.337381,24.599645,0</coordinates></Point></Placemark>
<Placemark><name>M3B-A224</name><description>臂=A_fcs10_shrub 窗=w3 教师类=常绿灌丛</description><Style><IconStyle><color>ff0000ff</color></IconStyle></Style><Point><coordinates>113.672726,23.901205,0</coordinates></Point></Placemark>
<Placemark><name>M3B-A225</name><description>臂=A_fcs10_shrub 窗=w3 教师类=落叶灌丛</description><Style><IconStyle><color>ff0000ff</color></IconStyle></Style><Point><coordinates>112.847444,24.886927,0</coordinates></Point></Placemark>
<Placemark><name>M3B-A226</name><description>臂=A_fcs10_shrub 窗=w3 教师类=常绿灌丛</description><Style><IconStyle><color>ff0000ff</color></IconStyle></Style><Point><coordinates>111.688797,28.859726,0</coordinates></Point></Placemark>
<Placemark><name>M3B-A227</name><description>臂=A_fcs10_shrub 窗=w3 教师类=常绿灌丛</description><Style><IconStyle><color>ff0000ff</color></IconStyle></Style><Point><coordinates>108.307718,23.744719,0</coordinates></Point></Placemark>
<Placemark><name>M3B-A228</name><description>臂=A_fcs10_shrub 窗=w3 教师类=常绿灌丛</description><Style><IconStyle><color>ff0000ff</color></IconStyle></Style><Point><coordinates>112.527823,27.048363,0</coordinates></Point></Placemark>
<Placemark><name>M3B-A229</name><description>臂=A_fcs10_shrub 窗=w3 教师类=落叶灌丛</description><Style><IconStyle><color>ff0000ff</color></IconStyle></Style><Point><coordinates>110.228855,27.644575,0</coordinates></Point></Placemark>
<Placemark><name>M3B-A230</name><description>臂=A_fcs10_shrub 窗=w3 教师类=落叶灌丛</description><Style><IconStyle><color>ff0000ff</color></IconStyle></Style><Point><coordinates>110.979308,26.695505,0</coordinates></Point></Placemark>
<Placemark><name>M3B-A231</name><description>臂=A_fcs10_shrub 窗=w3 教师类=常绿灌丛</description><Style><IconStyle><color>ff0000ff</color></IconStyle></Style><Point><coordinates>108.878957,26.815250,0</coordinates></Point></Placemark>
<Placemark><name>M3B-A232</name><description>臂=A_fcs10_shrub 窗=w3 教师类=常绿灌丛</description><Style><IconStyle><color>ff0000ff</color></IconStyle></Style><Point><coordinates>110.595907,25.581504,0</coordinates></Point></Placemark>
<Placemark><name>M3B-A233</name><description>臂=A_fcs10_shrub 窗=w3 教师类=落叶灌丛</description><Style><IconStyle><color>ff0000ff</color></IconStyle></Style><Point><coordinates>113.862540,26.385856,0</coordinates></Point></Placemark>
<Placemark><name>M3B-A234</name><description>臂=A_fcs10_shrub 窗=w3 教师类=常绿灌丛</description><Style><IconStyle><color>ff0000ff</color></IconStyle></Style><Point><coordinates>111.772879,25.332491,0</coordinates></Point></Placemark>
<Placemark><name>M3B-A235</name><description>臂=A_fcs10_shrub 窗=w3 教师类=落叶灌丛</description><Style><IconStyle><color>ff0000ff</color></IconStyle></Style><Point><coordinates>111.211342,23.902014,0</coordinates></Point></Placemark>
<Placemark><name>M3B-A236</name><description>臂=A_fcs10_shrub 窗=w3 教师类=常绿灌丛</description><Style><IconStyle><color>ff0000ff</color></IconStyle></Style><Point><coordinates>112.490004,25.011433,0</coordinates></Point></Placemark>
<Placemark><name>M3B-A237</name><description>臂=A_fcs10_shrub 窗=w3 教师类=落叶灌丛</description><Style><IconStyle><color>ff0000ff</color></IconStyle></Style><Point><coordinates>108.506156,25.783715,0</coordinates></Point></Placemark>
<Placemark><name>M3B-A238</name><description>臂=A_fcs10_shrub 窗=w3 教师类=落叶灌丛</description><Style><IconStyle><color>ff0000ff</color></IconStyle></Style><Point><coordinates>113.094481,26.089501,0</coordinates></Point></Placemark>
<Placemark><name>M3B-A239</name><description>臂=A_fcs10_shrub 窗=w3 教师类=常绿灌丛</description><Style><IconStyle><color>ff0000ff</color></IconStyle></Style><Point><coordinates>113.180899,27.324325,0</coordinates></Point></Placemark>
<Placemark><name>M3B-A240</name><description>臂=A_fcs10_shrub 窗=w3 教师类=落叶灌丛</description><Style><IconStyle><color>ff0000ff</color></IconStyle></Style><Point><coordinates>113.653862,28.055285,0</coordinates></Point></Placemark>
<Placemark><name>M3B-A241</name><description>臂=A_fcs10_shrub 窗=w3 教师类=落叶灌丛</description><Style><IconStyle><color>ff0000ff</color></IconStyle></Style><Point><coordinates>112.543634,25.100546,0</coordinates></Point></Placemark>
<Placemark><name>M3B-A242</name><description>臂=A_fcs10_shrub 窗=w3 教师类=落叶灌丛</description><Style><IconStyle><color>ff0000ff</color></IconStyle></Style><Point><coordinates>109.196691,26.426100,0</coordinates></Point></Placemark>
<Placemark><name>M3B-A243</name><description>臂=A_fcs10_shrub 窗=w3 教师类=常绿灌丛</description><Style><IconStyle><color>ff0000ff</color></IconStyle></Style><Point><coordinates>112.597892,27.923771,0</coordinates></Point></Placemark>
<Placemark><name>M3B-A244</name><description>臂=A_fcs10_shrub 窗=w3 教师类=落叶灌丛</description><Style><IconStyle><color>ff0000ff</color></IconStyle></Style><Point><coordinates>110.581713,23.737353,0</coordinates></Point></Placemark>
<Placemark><name>M3B-A245</name><description>臂=A_fcs10_shrub 窗=w3 教师类=落叶灌丛</description><Style><IconStyle><color>ff0000ff</color></IconStyle></Style><Point><coordinates>113.460544,26.100371,0</coordinates></Point></Placemark>
<Placemark><name>M3B-A246</name><description>臂=A_fcs10_shrub 窗=w3 教师类=常绿灌丛</description><Style><IconStyle><color>ff0000ff</color></IconStyle></Style><Point><coordinates>110.705501,28.141253,0</coordinates></Point></Placemark>
<Placemark><name>M3B-A247</name><description>臂=A_fcs10_shrub 窗=w3 教师类=常绿灌丛</description><Style><IconStyle><color>ff0000ff</color></IconStyle></Style><Point><coordinates>113.438625,28.781034,0</coordinates></Point></Placemark>
<Placemark><name>M3B-A248</name><description>臂=A_fcs10_shrub 窗=w3 教师类=落叶灌丛</description><Style><IconStyle><color>ff0000ff</color></IconStyle></Style><Point><coordinates>108.658959,24.107369,0</coordinates></Point></Placemark>
<Placemark><name>M3B-A249</name><description>臂=A_fcs10_shrub 窗=w3 教师类=常绿灌丛</description><Style><IconStyle><color>ff0000ff</color></IconStyle></Style><Point><coordinates>108.898270,28.591579,0</coordinates></Point></Placemark>
<Placemark><name>M3B-A250</name><description>臂=A_fcs10_shrub 窗=w3 教师类=落叶灌丛</description><Style><IconStyle><color>ff0000ff</color></IconStyle></Style><Point><coordinates>109.413185,25.432474,0</coordinates></Point></Placemark>
<Placemark><name>M3B-A251</name><description>臂=A_fcs10_shrub 窗=w3 教师类=落叶灌丛</description><Style><IconStyle><color>ff0000ff</color></IconStyle></Style><Point><coordinates>110.119440,25.184718,0</coordinates></Point></Placemark>
<Placemark><name>M3B-A252</name><description>臂=A_fcs10_shrub 窗=w3 教师类=常绿灌丛</description><Style><IconStyle><color>ff0000ff</color></IconStyle></Style><Point><coordinates>113.242703,26.064438,0</coordinates></Point></Placemark>
<Placemark><name>M3B-A253</name><description>臂=A_fcs10_shrub 窗=w3 教师类=落叶灌丛</description><Style><IconStyle><color>ff0000ff</color></IconStyle></Style><Point><coordinates>109.194625,24.872194,0</coordinates></Point></Placemark>
<Placemark><name>M3B-A254</name><description>臂=A_fcs10_shrub 窗=w3 教师类=落叶灌丛</description><Style><IconStyle><color>ff0000ff</color></IconStyle></Style><Point><coordinates>111.616572,28.450543,0</coordinates></Point></Placemark>
<Placemark><name>M3B-A255</name><description>臂=A_fcs10_shrub 窗=w3 教师类=落叶灌丛</description><Style><IconStyle><color>ff0000ff</color></IconStyle></Style><Point><coordinates>113.177216,25.549434,0</coordinates></Point></Placemark>
<Placemark><name>M3B-A256</name><description>臂=A_fcs10_shrub 窗=w3 教师类=落叶灌丛</description><Style><IconStyle><color>ff0000ff</color></IconStyle></Style><Point><coordinates>112.999978,24.568833,0</coordinates></Point></Placemark>
<Placemark><name>M3B-A257</name><description>臂=A_fcs10_shrub 窗=w3 教师类=常绿灌丛</description><Style><IconStyle><color>ff0000ff</color></IconStyle></Style><Point><coordinates>108.328738,25.912533,0</coordinates></Point></Placemark>
<Placemark><name>M3B-A258</name><description>臂=A_fcs10_shrub 窗=w3 教师类=落叶灌丛</description><Style><IconStyle><color>ff0000ff</color></IconStyle></Style><Point><coordinates>112.227966,27.720123,0</coordinates></Point></Placemark>
<Placemark><name>M3B-A259</name><description>臂=A_fcs10_shrub 窗=w3 教师类=常绿灌丛</description><Style><IconStyle><color>ff0000ff</color></IconStyle></Style><Point><coordinates>113.490548,28.272767,0</coordinates></Point></Placemark>
<Placemark><name>M3B-A260</name><description>臂=A_fcs10_shrub 窗=w3 教师类=落叶灌丛</description><Style><IconStyle><color>ff0000ff</color></IconStyle></Style><Point><coordinates>109.034275,25.288923,0</coordinates></Point></Placemark>
<Placemark><name>M3B-A261</name><description>臂=A_fcs10_shrub 窗=w3 教师类=常绿灌丛</description><Style><IconStyle><color>ff0000ff</color></IconStyle></Style><Point><coordinates>112.495933,24.307603,0</coordinates></Point></Placemark>
<Placemark><name>M3B-A262</name><description>臂=A_fcs10_shrub 窗=w3 教师类=常绿灌丛</description><Style><IconStyle><color>ff0000ff</color></IconStyle></Style><Point><coordinates>110.945980,23.623895,0</coordinates></Point></Placemark>
<Placemark><name>M3B-A263</name><description>臂=A_fcs10_shrub 窗=w3 教师类=落叶灌丛</description><Style><IconStyle><color>ff0000ff</color></IconStyle></Style><Point><coordinates>113.870086,25.631271,0</coordinates></Point></Placemark>
<Placemark><name>M3B-A264</name><description>臂=A_fcs10_shrub 窗=w3 教师类=落叶灌丛</description><Style><IconStyle><color>ff0000ff</color></IconStyle></Style><Point><coordinates>113.503394,23.904709,0</coordinates></Point></Placemark>
<Placemark><name>M3B-A265</name><description>臂=A_fcs10_shrub 窗=w3 教师类=落叶灌丛</description><Style><IconStyle><color>ff0000ff</color></IconStyle></Style><Point><coordinates>113.091516,27.609720,0</coordinates></Point></Placemark>
<Placemark><name>M3B-A266</name><description>臂=A_fcs10_shrub 窗=w3 教师类=常绿灌丛</description><Style><IconStyle><color>ff0000ff</color></IconStyle></Style><Point><coordinates>113.522348,25.229814,0</coordinates></Point></Placemark>
<Placemark><name>M3B-A267</name><description>臂=A_fcs10_shrub 窗=w3 教师类=常绿灌丛</description><Style><IconStyle><color>ff0000ff</color></IconStyle></Style><Point><coordinates>112.116844,25.194600,0</coordinates></Point></Placemark>
<Placemark><name>M3B-A268</name><description>臂=A_fcs10_shrub 窗=w3 教师类=常绿灌丛</description><Style><IconStyle><color>ff0000ff</color></IconStyle></Style><Point><coordinates>112.469523,23.973520,0</coordinates></Point></Placemark>
<Placemark><name>M3B-A269</name><description>臂=A_fcs10_shrub 窗=w3 教师类=落叶灌丛</description><Style><IconStyle><color>ff0000ff</color></IconStyle></Style><Point><coordinates>111.606421,28.746448,0</coordinates></Point></Placemark>
<Placemark><name>M3B-A270</name><description>臂=A_fcs10_shrub 窗=w3 教师类=落叶灌丛</description><Style><IconStyle><color>ff0000ff</color></IconStyle></Style><Point><coordinates>110.414447,24.926273,0</coordinates></Point></Placemark>
<Placemark><name>M3B-A271</name><description>臂=A_fcs10_shrub 窗=w3 教师类=常绿灌丛</description><Style><IconStyle><color>ff0000ff</color></IconStyle></Style><Point><coordinates>110.268201,25.768264,0</coordinates></Point></Placemark>
<Placemark><name>M3B-A272</name><description>臂=A_fcs10_shrub 窗=w3 教师类=常绿灌丛</description><Style><IconStyle><color>ff0000ff</color></IconStyle></Style><Point><coordinates>112.169216,27.369511,0</coordinates></Point></Placemark>
<Placemark><name>M3B-A273</name><description>臂=A_fcs10_shrub 窗=w3 教师类=落叶灌丛</description><Style><IconStyle><color>ff0000ff</color></IconStyle></Style><Point><coordinates>109.332426,23.729627,0</coordinates></Point></Placemark>
<Placemark><name>M3B-A274</name><description>臂=A_fcs10_shrub 窗=w3 教师类=常绿灌丛</description><Style><IconStyle><color>ff0000ff</color></IconStyle></Style><Point><coordinates>111.681700,25.271585,0</coordinates></Point></Placemark>
<Placemark><name>M3B-A275</name><description>臂=A_fcs10_shrub 窗=w3 教师类=落叶灌丛</description><Style><IconStyle><color>ff0000ff</color></IconStyle></Style><Point><coordinates>112.837742,26.388191,0</coordinates></Point></Placemark>
<Placemark><name>M3B-A276</name><description>臂=A_fcs10_shrub 窗=w3 教师类=常绿灌丛</description><Style><IconStyle><color>ff0000ff</color></IconStyle></Style><Point><coordinates>112.084056,25.865102,0</coordinates></Point></Placemark>
<Placemark><name>M3B-A277</name><description>臂=A_fcs10_shrub 窗=w3 教师类=常绿灌丛</description><Style><IconStyle><color>ff0000ff</color></IconStyle></Style><Point><coordinates>109.325150,25.153726,0</coordinates></Point></Placemark>
<Placemark><name>M3B-A278</name><description>臂=A_fcs10_shrub 窗=w3 教师类=落叶灌丛</description><Style><IconStyle><color>ff0000ff</color></IconStyle></Style><Point><coordinates>110.955143,27.965453,0</coordinates></Point></Placemark>
<Placemark><name>M3B-A279</name><description>臂=A_fcs10_shrub 窗=w3 教师类=常绿灌丛</description><Style><IconStyle><color>ff0000ff</color></IconStyle></Style><Point><coordinates>113.719439,23.308497,0</coordinates></Point></Placemark>
<Placemark><name>M3B-A280</name><description>臂=A_fcs10_shrub 窗=w3 教师类=落叶灌丛</description><Style><IconStyle><color>ff0000ff</color></IconStyle></Style><Point><coordinates>111.156545,26.278058,0</coordinates></Point></Placemark>
<Placemark><name>M3B-A281</name><description>臂=A_fcs10_shrub 窗=w3 教师类=落叶灌丛</description><Style><IconStyle><color>ff0000ff</color></IconStyle></Style><Point><coordinates>112.001950,26.156785,0</coordinates></Point></Placemark>
<Placemark><name>M3B-A282</name><description>臂=A_fcs10_shrub 窗=w3 教师类=常绿灌丛</description><Style><IconStyle><color>ff0000ff</color></IconStyle></Style><Point><coordinates>108.906804,24.380097,0</coordinates></Point></Placemark>
<Placemark><name>M3B-A283</name><description>臂=A_fcs10_shrub 窗=w3 教师类=常绿灌丛</description><Style><IconStyle><color>ff0000ff</color></IconStyle></Style><Point><coordinates>113.999982,25.765659,0</coordinates></Point></Placemark>
<Placemark><name>M3B-A284</name><description>臂=A_fcs10_shrub 窗=w3 教师类=落叶灌丛</description><Style><IconStyle><color>ff0000ff</color></IconStyle></Style><Point><coordinates>111.702811,26.084561,0</coordinates></Point></Placemark>
<Placemark><name>M3B-A285</name><description>臂=A_fcs10_shrub 窗=w3 教师类=常绿灌丛</description><Style><IconStyle><color>ff0000ff</color></IconStyle></Style><Point><coordinates>111.857231,23.036397,0</coordinates></Point></Placemark>
<Placemark><name>M3B-A286</name><description>臂=A_fcs10_shrub 窗=w3 教师类=落叶灌丛</description><Style><IconStyle><color>ff0000ff</color></IconStyle></Style><Point><coordinates>109.266759,24.195314,0</coordinates></Point></Placemark>
<Placemark><name>M3B-A287</name><description>臂=A_fcs10_shrub 窗=w3 教师类=常绿灌丛</description><Style><IconStyle><color>ff0000ff</color></IconStyle></Style><Point><coordinates>113.968092,27.112952,0</coordinates></Point></Placemark>
<Placemark><name>M3B-A288</name><description>臂=A_fcs10_shrub 窗=w3 教师类=落叶灌丛</description><Style><IconStyle><color>ff0000ff</color></IconStyle></Style><Point><coordinates>110.342492,26.507757,0</coordinates></Point></Placemark>
<Placemark><name>M3B-A289</name><description>臂=A_fcs10_shrub 窗=w3 教师类=常绿灌丛</description><Style><IconStyle><color>ff0000ff</color></IconStyle></Style><Point><coordinates>108.591226,25.212656,0</coordinates></Point></Placemark>
<Placemark><name>M3B-A290</name><description>臂=A_fcs10_shrub 窗=w3 教师类=常绿灌丛</description><Style><IconStyle><color>ff0000ff</color></IconStyle></Style><Point><coordinates>110.817431,24.159112,0</coordinates></Point></Placemark>
<Placemark><name>M3B-A291</name><description>臂=A_fcs10_shrub 窗=w3 教师类=常绿灌丛</description><Style><IconStyle><color>ff0000ff</color></IconStyle></Style><Point><coordinates>113.176227,27.367445,0</coordinates></Point></Placemark>
<Placemark><name>M3B-A292</name><description>臂=A_fcs10_shrub 窗=w3 教师类=常绿灌丛</description><Style><IconStyle><color>ff0000ff</color></IconStyle></Style><Point><coordinates>112.585675,23.011963,0</coordinates></Point></Placemark>
<Placemark><name>M3B-A293</name><description>臂=A_fcs10_shrub 窗=w3 教师类=落叶灌丛</description><Style><IconStyle><color>ff0000ff</color></IconStyle></Style><Point><coordinates>111.134447,24.997958,0</coordinates></Point></Placemark>
<Placemark><name>M3B-A294</name><description>臂=A_fcs10_shrub 窗=w3 教师类=落叶灌丛</description><Style><IconStyle><color>ff0000ff</color></IconStyle></Style><Point><coordinates>112.705241,23.485016,0</coordinates></Point></Placemark>
<Placemark><name>M3B-A295</name><description>臂=A_fcs10_shrub 窗=w3 教师类=常绿灌丛</description><Style><IconStyle><color>ff0000ff</color></IconStyle></Style><Point><coordinates>111.958920,23.800774,0</coordinates></Point></Placemark>
<Placemark><name>M3B-A296</name><description>臂=A_fcs10_shrub 窗=w3 教师类=常绿灌丛</description><Style><IconStyle><color>ff0000ff</color></IconStyle></Style><Point><coordinates>108.557719,23.225582,0</coordinates></Point></Placemark>
<Placemark><name>M3B-A297</name><description>臂=A_fcs10_shrub 窗=w3 教师类=落叶灌丛</description><Style><IconStyle><color>ff0000ff</color></IconStyle></Style><Point><coordinates>108.361617,24.816319,0</coordinates></Point></Placemark>
<Placemark><name>M3B-A298</name><description>臂=A_fcs10_shrub 窗=w3 教师类=落叶灌丛</description><Style><IconStyle><color>ff0000ff</color></IconStyle></Style><Point><coordinates>108.225432,23.628117,0</coordinates></Point></Placemark>
<Placemark><name>M3B-A299</name><description>臂=A_fcs10_shrub 窗=w3 教师类=落叶灌丛</description><Style><IconStyle><color>ff0000ff</color></IconStyle></Style><Point><coordinates>111.193646,27.987282,0</coordinates></Point></Placemark>
<Placemark><name>M3B-A300</name><description>臂=A_fcs10_shrub 窗=w3 教师类=常绿灌丛</description><Style><IconStyle><color>ff0000ff</color></IconStyle></Style><Point><coordinates>110.832613,28.898174,0</coordinates></Point></Placemark>
<Placemark><name>M3B-A301</name><description>臂=A_fcs10_shrub 窗=w4 教师类=落叶灌丛</description><Style><IconStyle><color>ff0000ff</color></IconStyle></Style><Point><coordinates>105.820103,38.696817,0</coordinates></Point></Placemark>
<Placemark><name>M3B-A302</name><description>臂=A_fcs10_shrub 窗=w4 教师类=落叶灌丛</description><Style><IconStyle><color>ff0000ff</color></IconStyle></Style><Point><coordinates>106.885775,37.955977,0</coordinates></Point></Placemark>
<Placemark><name>M3B-A303</name><description>臂=A_fcs10_shrub 窗=w4 教师类=落叶灌丛</description><Style><IconStyle><color>ff0000ff</color></IconStyle></Style><Point><coordinates>101.193869,40.640502,0</coordinates></Point></Placemark>
<Placemark><name>M3B-A304</name><description>臂=A_fcs10_shrub 窗=w4 教师类=落叶灌丛</description><Style><IconStyle><color>ff0000ff</color></IconStyle></Style><Point><coordinates>104.789286,40.767524,0</coordinates></Point></Placemark>
<Placemark><name>M3B-A305</name><description>臂=A_fcs10_shrub 窗=w4 教师类=落叶灌丛</description><Style><IconStyle><color>ff0000ff</color></IconStyle></Style><Point><coordinates>101.738069,37.435672,0</coordinates></Point></Placemark>
<Placemark><name>M3B-A306</name><description>臂=A_fcs10_shrub 窗=w4 教师类=落叶灌丛</description><Style><IconStyle><color>ff0000ff</color></IconStyle></Style><Point><coordinates>101.328167,36.299034,0</coordinates></Point></Placemark>
<Placemark><name>M3B-A307</name><description>臂=A_fcs10_shrub 窗=w4 教师类=落叶灌丛</description><Style><IconStyle><color>ff0000ff</color></IconStyle></Style><Point><coordinates>103.825753,38.647679,0</coordinates></Point></Placemark>
<Placemark><name>M3B-A308</name><description>臂=A_fcs10_shrub 窗=w4 教师类=落叶灌丛</description><Style><IconStyle><color>ff0000ff</color></IconStyle></Style><Point><coordinates>103.234123,38.562250,0</coordinates></Point></Placemark>
<Placemark><name>M3B-A309</name><description>臂=A_fcs10_shrub 窗=w4 教师类=落叶灌丛</description><Style><IconStyle><color>ff0000ff</color></IconStyle></Style><Point><coordinates>106.001024,39.085339,0</coordinates></Point></Placemark>
<Placemark><name>M3B-A310</name><description>臂=A_fcs10_shrub 窗=w4 教师类=落叶灌丛</description><Style><IconStyle><color>ff0000ff</color></IconStyle></Style><Point><coordinates>104.176276,37.044366,0</coordinates></Point></Placemark>
<Placemark><name>M3B-A311</name><description>臂=A_fcs10_shrub 窗=w4 教师类=落叶灌丛</description><Style><IconStyle><color>ff0000ff</color></IconStyle></Style><Point><coordinates>104.227749,36.304244,0</coordinates></Point></Placemark>
<Placemark><name>M3B-A312</name><description>臂=A_fcs10_shrub 窗=w4 教师类=落叶灌丛</description><Style><IconStyle><color>ff0000ff</color></IconStyle></Style><Point><coordinates>106.323070,38.303445,0</coordinates></Point></Placemark>
<Placemark><name>M3B-A313</name><description>臂=A_fcs10_shrub 窗=w4 教师类=落叶灌丛</description><Style><IconStyle><color>ff0000ff</color></IconStyle></Style><Point><coordinates>106.437425,40.925358,0</coordinates></Point></Placemark>
<Placemark><name>M3B-A314</name><description>臂=A_fcs10_shrub 窗=w4 教师类=落叶灌丛</description><Style><IconStyle><color>ff0000ff</color></IconStyle></Style><Point><coordinates>104.962751,36.598263,0</coordinates></Point></Placemark>
<Placemark><name>M3B-A315</name><description>臂=A_fcs10_shrub 窗=w4 教师类=落叶灌丛</description><Style><IconStyle><color>ff0000ff</color></IconStyle></Style><Point><coordinates>106.816335,38.637798,0</coordinates></Point></Placemark>
<Placemark><name>M3B-A316</name><description>臂=A_fcs10_shrub 窗=w4 教师类=落叶灌丛</description><Style><IconStyle><color>ff0000ff</color></IconStyle></Style><Point><coordinates>101.910276,40.433979,0</coordinates></Point></Placemark>
<Placemark><name>M3B-A317</name><description>臂=A_fcs10_shrub 窗=w4 教师类=落叶灌丛</description><Style><IconStyle><color>ff0000ff</color></IconStyle></Style><Point><coordinates>101.005043,39.161426,0</coordinates></Point></Placemark>
<Placemark><name>M3B-A318</name><description>臂=A_fcs10_shrub 窗=w4 教师类=落叶灌丛</description><Style><IconStyle><color>ff0000ff</color></IconStyle></Style><Point><coordinates>106.390533,37.811078,0</coordinates></Point></Placemark>
<Placemark><name>M3B-A319</name><description>臂=A_fcs10_shrub 窗=w4 教师类=落叶灌丛</description><Style><IconStyle><color>ff0000ff</color></IconStyle></Style><Point><coordinates>104.420348,37.742627,0</coordinates></Point></Placemark>
<Placemark><name>M3B-A320</name><description>臂=A_fcs10_shrub 窗=w4 教师类=落叶灌丛</description><Style><IconStyle><color>ff0000ff</color></IconStyle></Style><Point><coordinates>104.790814,40.449790,0</coordinates></Point></Placemark>
<Placemark><name>M3B-A321</name><description>臂=A_fcs10_shrub 窗=w4 教师类=落叶灌丛</description><Style><IconStyle><color>ff0000ff</color></IconStyle></Style><Point><coordinates>106.445959,36.531339,0</coordinates></Point></Placemark>
<Placemark><name>M3B-A322</name><description>臂=A_fcs10_shrub 窗=w4 教师类=落叶灌丛</description><Style><IconStyle><color>ff0000ff</color></IconStyle></Style><Point><coordinates>102.728461,40.969735,0</coordinates></Point></Placemark>
<Placemark><name>M3B-A323</name><description>臂=A_fcs10_shrub 窗=w4 教师类=落叶灌丛</description><Style><IconStyle><color>ff0000ff</color></IconStyle></Style><Point><coordinates>105.439217,37.647585,0</coordinates></Point></Placemark>
<Placemark><name>M3B-A324</name><description>臂=A_fcs10_shrub 窗=w4 教师类=落叶灌丛</description><Style><IconStyle><color>ff0000ff</color></IconStyle></Style><Point><coordinates>103.539550,40.105735,0</coordinates></Point></Placemark>
<Placemark><name>M3B-A325</name><description>臂=A_fcs10_shrub 窗=w4 教师类=落叶灌丛</description><Style><IconStyle><color>ff0000ff</color></IconStyle></Style><Point><coordinates>103.535418,36.783585,0</coordinates></Point></Placemark>
<Placemark><name>M3B-A326</name><description>臂=A_fcs10_shrub 窗=w4 教师类=落叶灌丛</description><Style><IconStyle><color>ff0000ff</color></IconStyle></Style><Point><coordinates>104.565516,36.070143,0</coordinates></Point></Placemark>
<Placemark><name>M3B-A327</name><description>臂=A_fcs10_shrub 窗=w4 教师类=落叶灌丛</description><Style><IconStyle><color>ff0000ff</color></IconStyle></Style><Point><coordinates>105.164153,37.653963,0</coordinates></Point></Placemark>
<Placemark><name>M3B-A328</name><description>臂=A_fcs10_shrub 窗=w4 教师类=落叶灌丛</description><Style><IconStyle><color>ff0000ff</color></IconStyle></Style><Point><coordinates>104.556713,37.904054,0</coordinates></Point></Placemark>
<Placemark><name>M3B-A329</name><description>臂=A_fcs10_shrub 窗=w4 教师类=落叶灌丛</description><Style><IconStyle><color>ff0000ff</color></IconStyle></Style><Point><coordinates>102.275800,39.724400,0</coordinates></Point></Placemark>
<Placemark><name>M3B-A330</name><description>臂=A_fcs10_shrub 窗=w4 教师类=落叶灌丛</description><Style><IconStyle><color>ff0000ff</color></IconStyle></Style><Point><coordinates>106.403020,36.605360,0</coordinates></Point></Placemark>
<Placemark><name>M3B-A331</name><description>臂=A_fcs10_shrub 窗=w4 教师类=落叶灌丛</description><Style><IconStyle><color>ff0000ff</color></IconStyle></Style><Point><coordinates>106.732073,40.918082,0</coordinates></Point></Placemark>
<Placemark><name>M3B-A332</name><description>臂=A_fcs10_shrub 窗=w4 教师类=落叶灌丛</description><Style><IconStyle><color>ff0000ff</color></IconStyle></Style><Point><coordinates>101.494985,37.743256,0</coordinates></Point></Placemark>
<Placemark><name>M3B-A333</name><description>臂=A_fcs10_shrub 窗=w4 教师类=落叶灌丛</description><Style><IconStyle><color>ff0000ff</color></IconStyle></Style><Point><coordinates>106.145563,38.877289,0</coordinates></Point></Placemark>
<Placemark><name>M3B-A334</name><description>臂=A_fcs10_shrub 窗=w4 教师类=落叶灌丛</description><Style><IconStyle><color>ff0000ff</color></IconStyle></Style><Point><coordinates>106.865113,41.224497,0</coordinates></Point></Placemark>
<Placemark><name>M3B-A335</name><description>臂=A_fcs10_shrub 窗=w4 教师类=落叶灌丛</description><Style><IconStyle><color>ff0000ff</color></IconStyle></Style><Point><coordinates>105.595974,38.746764,0</coordinates></Point></Placemark>
<Placemark><name>M3B-A336</name><description>臂=A_fcs10_shrub 窗=w4 教师类=落叶灌丛</description><Style><IconStyle><color>ff0000ff</color></IconStyle></Style><Point><coordinates>106.262973,36.214682,0</coordinates></Point></Placemark>
<Placemark><name>M3B-A337</name><description>臂=A_fcs10_shrub 窗=w4 教师类=落叶灌丛</description><Style><IconStyle><color>ff0000ff</color></IconStyle></Style><Point><coordinates>105.539020,38.678761,0</coordinates></Point></Placemark>
<Placemark><name>M3B-A338</name><description>臂=A_fcs10_shrub 窗=w4 教师类=落叶灌丛</description><Style><IconStyle><color>ff0000ff</color></IconStyle></Style><Point><coordinates>103.296556,36.211718,0</coordinates></Point></Placemark>
<Placemark><name>M3B-A339</name><description>臂=A_fcs10_shrub 窗=w4 教师类=落叶灌丛</description><Style><IconStyle><color>ff0000ff</color></IconStyle></Style><Point><coordinates>101.395092,37.954180,0</coordinates></Point></Placemark>
<Placemark><name>M3B-A340</name><description>臂=A_fcs10_shrub 窗=w4 教师类=落叶灌丛</description><Style><IconStyle><color>ff0000ff</color></IconStyle></Style><Point><coordinates>106.747614,38.579048,0</coordinates></Point></Placemark>
<Placemark><name>M3B-A341</name><description>臂=A_fcs10_shrub 窗=w4 教师类=落叶灌丛</description><Style><IconStyle><color>ff0000ff</color></IconStyle></Style><Point><coordinates>106.482341,36.000075,0</coordinates></Point></Placemark>
<Placemark><name>M3B-A342</name><description>臂=A_fcs10_shrub 窗=w4 教师类=落叶灌丛</description><Style><IconStyle><color>ff0000ff</color></IconStyle></Style><Point><coordinates>106.999950,37.450764,0</coordinates></Point></Placemark>
<Placemark><name>M3B-A343</name><description>臂=A_fcs10_shrub 窗=w4 教师类=落叶灌丛</description><Style><IconStyle><color>ff0000ff</color></IconStyle></Style><Point><coordinates>105.525546,37.800299,0</coordinates></Point></Placemark>
<Placemark><name>M3B-A344</name><description>臂=A_fcs10_shrub 窗=w4 教师类=落叶灌丛</description><Style><IconStyle><color>ff0000ff</color></IconStyle></Style><Point><coordinates>103.461487,37.734722,0</coordinates></Point></Placemark>
<Placemark><name>M3B-A345</name><description>臂=A_fcs10_shrub 窗=w4 教师类=落叶灌丛</description><Style><IconStyle><color>ff0000ff</color></IconStyle></Style><Point><coordinates>101.270136,40.883407,0</coordinates></Point></Placemark>
<Placemark><name>M3B-A346</name><description>臂=A_fcs10_shrub 窗=w4 教师类=落叶灌丛</description><Style><IconStyle><color>ff0000ff</color></IconStyle></Style><Point><coordinates>101.258817,38.051018,0</coordinates></Point></Placemark>
<Placemark><name>M3B-A347</name><description>臂=A_fcs10_shrub 窗=w4 教师类=常绿灌丛</description><Style><IconStyle><color>ff0000ff</color></IconStyle></Style><Point><coordinates>102.295653,37.291852,0</coordinates></Point></Placemark>
<Placemark><name>M3B-A348</name><description>臂=A_fcs10_shrub 窗=w4 教师类=落叶灌丛</description><Style><IconStyle><color>ff0000ff</color></IconStyle></Style><Point><coordinates>105.507939,36.252861,0</coordinates></Point></Placemark>
<Placemark><name>M3B-A349</name><description>臂=A_fcs10_shrub 窗=w4 教师类=落叶灌丛</description><Style><IconStyle><color>ff0000ff</color></IconStyle></Style><Point><coordinates>102.776431,36.976005,0</coordinates></Point></Placemark>
<Placemark><name>M3B-A350</name><description>臂=A_fcs10_shrub 窗=w4 教师类=落叶灌丛</description><Style><IconStyle><color>ff0000ff</color></IconStyle></Style><Point><coordinates>106.778156,39.070696,0</coordinates></Point></Placemark>
<Placemark><name>M3B-A351</name><description>臂=A_fcs10_shrub 窗=w4 教师类=落叶灌丛</description><Style><IconStyle><color>ff0000ff</color></IconStyle></Style><Point><coordinates>106.039562,37.457591,0</coordinates></Point></Placemark>
<Placemark><name>M3B-A352</name><description>臂=A_fcs10_shrub 窗=w4 教师类=落叶灌丛</description><Style><IconStyle><color>ff0000ff</color></IconStyle></Style><Point><coordinates>101.414406,37.312334,0</coordinates></Point></Placemark>
<Placemark><name>M3B-A353</name><description>臂=A_fcs10_shrub 窗=w4 教师类=落叶灌丛</description><Style><IconStyle><color>ff0000ff</color></IconStyle></Style><Point><coordinates>105.728206,37.824284,0</coordinates></Point></Placemark>
<Placemark><name>M3B-A354</name><description>臂=A_fcs10_shrub 窗=w4 教师类=落叶灌丛</description><Style><IconStyle><color>ff0000ff</color></IconStyle></Style><Point><coordinates>105.560490,37.008883,0</coordinates></Point></Placemark>
<Placemark><name>M3B-A355</name><description>臂=A_fcs10_shrub 窗=w4 教师类=落叶灌丛</description><Style><IconStyle><color>ff0000ff</color></IconStyle></Style><Point><coordinates>102.928696,37.149469,0</coordinates></Point></Placemark>
<Placemark><name>M3B-A356</name><description>臂=A_fcs10_shrub 窗=w4 教师类=落叶灌丛</description><Style><IconStyle><color>ff0000ff</color></IconStyle></Style><Point><coordinates>103.004873,36.325624,0</coordinates></Point></Placemark>
<Placemark><name>M3B-A357</name><description>臂=A_fcs10_shrub 窗=w4 教师类=落叶灌丛</description><Style><IconStyle><color>ff0000ff</color></IconStyle></Style><Point><coordinates>104.894569,38.558836,0</coordinates></Point></Placemark>
<Placemark><name>M3B-A358</name><description>臂=A_fcs10_shrub 窗=w4 教师类=落叶灌丛</description><Style><IconStyle><color>ff0000ff</color></IconStyle></Style><Point><coordinates>106.406973,39.253234,0</coordinates></Point></Placemark>
<Placemark><name>M3B-A359</name><description>臂=A_fcs10_shrub 窗=w4 教师类=落叶灌丛</description><Style><IconStyle><color>ff0000ff</color></IconStyle></Style><Point><coordinates>106.150414,37.616054,0</coordinates></Point></Placemark>
<Placemark><name>M3B-A360</name><description>臂=A_fcs10_shrub 窗=w4 教师类=落叶灌丛</description><Style><IconStyle><color>ff0000ff</color></IconStyle></Style><Point><coordinates>101.636379,36.848983,0</coordinates></Point></Placemark>
<Placemark><name>M3B-A361</name><description>臂=A_fcs10_shrub 窗=w4 教师类=落叶灌丛</description><Style><IconStyle><color>ff0000ff</color></IconStyle></Style><Point><coordinates>106.999950,37.586589,0</coordinates></Point></Placemark>
<Placemark><name>M3B-A362</name><description>臂=A_fcs10_shrub 窗=w4 教师类=落叶灌丛</description><Style><IconStyle><color>ff0000ff</color></IconStyle></Style><Point><coordinates>102.334011,40.874603,0</coordinates></Point></Placemark>
<Placemark><name>M3B-A363</name><description>臂=A_fcs10_shrub 窗=w4 教师类=落叶灌丛</description><Style><IconStyle><color>ff0000ff</color></IconStyle></Style><Point><coordinates>106.553128,39.119295,0</coordinates></Point></Placemark>
<Placemark><name>M3B-A364</name><description>臂=A_fcs10_shrub 窗=w4 教师类=落叶灌丛</description><Style><IconStyle><color>ff0000ff</color></IconStyle></Style><Point><coordinates>106.287047,38.457506,0</coordinates></Point></Placemark>
<Placemark><name>M3B-A365</name><description>臂=A_fcs10_shrub 窗=w4 教师类=落叶灌丛</description><Style><IconStyle><color>ff0000ff</color></IconStyle></Style><Point><coordinates>106.395115,39.459936,0</coordinates></Point></Placemark>
<Placemark><name>M3B-A366</name><description>臂=A_fcs10_shrub 窗=w4 教师类=落叶灌丛</description><Style><IconStyle><color>ff0000ff</color></IconStyle></Style><Point><coordinates>106.291270,37.650639,0</coordinates></Point></Placemark>
<Placemark><name>M3B-A367</name><description>臂=A_fcs10_shrub 窗=w4 教师类=落叶灌丛</description><Style><IconStyle><color>ff0000ff</color></IconStyle></Style><Point><coordinates>101.860958,38.647679,0</coordinates></Point></Placemark>
<Placemark><name>M3B-A368</name><description>臂=A_fcs10_shrub 窗=w4 教师类=落叶灌丛</description><Style><IconStyle><color>ff0000ff</color></IconStyle></Style><Point><coordinates>106.877330,38.400822,0</coordinates></Point></Placemark>
<Placemark><name>M3B-A369</name><description>臂=A_fcs10_shrub 窗=w4 教师类=落叶灌丛</description><Style><IconStyle><color>ff0000ff</color></IconStyle></Style><Point><coordinates>101.362393,36.308466,0</coordinates></Point></Placemark>
<Placemark><name>M3B-A370</name><description>臂=A_fcs10_shrub 窗=w4 教师类=落叶灌丛</description><Style><IconStyle><color>ff0000ff</color></IconStyle></Style><Point><coordinates>106.948746,37.022897,0</coordinates></Point></Placemark>
<Placemark><name>M3B-A371</name><description>臂=A_fcs10_shrub 窗=w4 教师类=落叶灌丛</description><Style><IconStyle><color>ff0000ff</color></IconStyle></Style><Point><coordinates>106.700362,40.973058,0</coordinates></Point></Placemark>
<Placemark><name>M3B-A372</name><description>臂=A_fcs10_shrub 窗=w4 教师类=落叶灌丛</description><Style><IconStyle><color>ff0000ff</color></IconStyle></Style><Point><coordinates>101.205188,41.950425,0</coordinates></Point></Placemark>
<Placemark><name>M3B-A373</name><description>臂=A_fcs10_shrub 窗=w4 教师类=落叶灌丛</description><Style><IconStyle><color>ff0000ff</color></IconStyle></Style><Point><coordinates>105.716617,39.308570,0</coordinates></Point></Placemark>
<Placemark><name>M3B-A374</name><description>臂=A_fcs10_shrub 窗=w4 教师类=落叶灌丛</description><Style><IconStyle><color>ff0000ff</color></IconStyle></Style><Point><coordinates>101.327000,37.149290,0</coordinates></Point></Placemark>
<Placemark><name>M3B-A375</name><description>臂=A_fcs10_shrub 窗=w4 教师类=落叶灌丛</description><Style><IconStyle><color>ff0000ff</color></IconStyle></Style><Point><coordinates>102.266548,38.562429,0</coordinates></Point></Placemark>
<Placemark><name>M3B-A376</name><description>臂=A_fcs10_shrub 窗=w4 教师类=落叶灌丛</description><Style><IconStyle><color>ff0000ff</color></IconStyle></Style><Point><coordinates>105.763599,39.565758,0</coordinates></Point></Placemark>
<Placemark><name>M3B-A377</name><description>臂=A_fcs10_shrub 窗=w4 教师类=落叶灌丛</description><Style><IconStyle><color>ff0000ff</color></IconStyle></Style><Point><coordinates>102.155156,37.285205,0</coordinates></Point></Placemark>
<Placemark><name>M3B-A378</name><description>臂=A_fcs10_shrub 窗=w4 教师类=落叶灌丛</description><Style><IconStyle><color>ff0000ff</color></IconStyle></Style><Point><coordinates>102.649499,37.567725,0</coordinates></Point></Placemark>
<Placemark><name>M3B-A379</name><description>臂=A_fcs10_shrub 窗=w4 教师类=落叶灌丛</description><Style><IconStyle><color>ff0000ff</color></IconStyle></Style><Point><coordinates>101.451686,38.764460,0</coordinates></Point></Placemark>
<Placemark><name>M3B-A380</name><description>臂=A_fcs10_shrub 窗=w4 教师类=落叶灌丛</description><Style><IconStyle><color>ff0000ff</color></IconStyle></Style><Point><coordinates>101.490852,36.039241,0</coordinates></Point></Placemark>
<Placemark><name>M3B-A381</name><description>臂=A_fcs10_shrub 窗=w4 教师类=落叶灌丛</description><Style><IconStyle><color>ff0000ff</color></IconStyle></Style><Point><coordinates>105.947754,37.844945,0</coordinates></Point></Placemark>
<Placemark><name>M3B-A382</name><description>臂=A_fcs10_shrub 窗=w4 教师类=落叶灌丛</description><Style><IconStyle><color>ff0000ff</color></IconStyle></Style><Point><coordinates>103.235740,38.549494,0</coordinates></Point></Placemark>
<Placemark><name>M3B-A383</name><description>臂=A_fcs10_shrub 窗=w4 教师类=落叶灌丛</description><Style><IconStyle><color>ff0000ff</color></IconStyle></Style><Point><coordinates>101.003516,38.393546,0</coordinates></Point></Placemark>
<Placemark><name>M3B-A384</name><description>臂=A_fcs10_shrub 窗=w4 教师类=落叶灌丛</description><Style><IconStyle><color>ff0000ff</color></IconStyle></Style><Point><coordinates>105.215178,36.743251,0</coordinates></Point></Placemark>
<Placemark><name>M3B-A385</name><description>臂=A_fcs10_shrub 窗=w4 教师类=落叶灌丛</description><Style><IconStyle><color>ff0000ff</color></IconStyle></Style><Point><coordinates>104.966165,36.344848,0</coordinates></Point></Placemark>
<Placemark><name>M3B-A386</name><description>臂=A_fcs10_shrub 窗=w4 教师类=落叶灌丛</description><Style><IconStyle><color>ff0000ff</color></IconStyle></Style><Point><coordinates>103.545838,39.927330,0</coordinates></Point></Placemark>
<Placemark><name>M3B-A387</name><description>臂=A_fcs10_shrub 窗=w4 教师类=落叶灌丛</description><Style><IconStyle><color>ff0000ff</color></IconStyle></Style><Point><coordinates>104.675111,36.672554,0</coordinates></Point></Placemark>
<Placemark><name>M3B-A388</name><description>臂=A_fcs10_shrub 窗=w4 教师类=落叶灌丛</description><Style><IconStyle><color>ff0000ff</color></IconStyle></Style><Point><coordinates>104.664510,39.043747,0</coordinates></Point></Placemark>
<Placemark><name>M3B-A389</name><description>臂=A_fcs10_shrub 窗=w4 教师类=落叶灌丛</description><Style><IconStyle><color>ff0000ff</color></IconStyle></Style><Point><coordinates>106.624994,37.850514,0</coordinates></Point></Placemark>
<Placemark><name>M3B-A390</name><description>臂=A_fcs10_shrub 窗=w4 教师类=落叶灌丛</description><Style><IconStyle><color>ff0000ff</color></IconStyle></Style><Point><coordinates>106.202965,37.552543,0</coordinates></Point></Placemark>
<Placemark><name>M3B-A391</name><description>臂=A_fcs10_shrub 窗=w4 教师类=落叶灌丛</description><Style><IconStyle><color>ff0000ff</color></IconStyle></Style><Point><coordinates>101.792417,37.429384,0</coordinates></Point></Placemark>
<Placemark><name>M3B-A392</name><description>臂=A_fcs10_shrub 窗=w4 教师类=落叶灌丛</description><Style><IconStyle><color>ff0000ff</color></IconStyle></Style><Point><coordinates>106.321902,39.366422,0</coordinates></Point></Placemark>
<Placemark><name>M3B-A393</name><description>臂=A_fcs10_shrub 窗=w4 教师类=落叶灌丛</description><Style><IconStyle><color>ff0000ff</color></IconStyle></Style><Point><coordinates>106.334658,41.306244,0</coordinates></Point></Placemark>
<Placemark><name>M3B-A394</name><description>臂=A_fcs10_shrub 窗=w4 教师类=落叶灌丛</description><Style><IconStyle><color>ff0000ff</color></IconStyle></Style><Point><coordinates>102.348294,37.355722,0</coordinates></Point></Placemark>
<Placemark><name>M3B-A395</name><description>臂=A_fcs10_shrub 窗=w4 教师类=落叶灌丛</description><Style><IconStyle><color>ff0000ff</color></IconStyle></Style><Point><coordinates>105.296026,36.708666,0</coordinates></Point></Placemark>
<Placemark><name>M3B-A396</name><description>臂=A_fcs10_shrub 窗=w4 教师类=落叶灌丛</description><Style><IconStyle><color>ff0000ff</color></IconStyle></Style><Point><coordinates>106.089149,36.015256,0</coordinates></Point></Placemark>
<Placemark><name>M3B-A397</name><description>臂=A_fcs10_shrub 窗=w4 教师类=落叶灌丛</description><Style><IconStyle><color>ff0000ff</color></IconStyle></Style><Point><coordinates>105.999856,40.886640,0</coordinates></Point></Placemark>
<Placemark><name>M3B-A398</name><description>臂=A_fcs10_shrub 窗=w4 教师类=落叶灌丛</description><Style><IconStyle><color>ff0000ff</color></IconStyle></Style><Point><coordinates>104.152111,37.565569,0</coordinates></Point></Placemark>
<Placemark><name>M3B-A399</name><description>臂=A_fcs10_shrub 窗=w4 教师类=落叶灌丛</description><Style><IconStyle><color>ff0000ff</color></IconStyle></Style><Point><coordinates>102.207977,39.837229,0</coordinates></Point></Placemark>
<Placemark><name>M3B-A400</name><description>臂=A_fcs10_shrub 窗=w4 教师类=落叶灌丛</description><Style><IconStyle><color>ff0000ff</color></IconStyle></Style><Point><coordinates>106.677455,38.399026,0</coordinates></Point></Placemark>
<Placemark><name>M3B-A401</name><description>臂=A_fcs10_shrub 窗=w4 教师类=落叶灌丛</description><Style><IconStyle><color>ff0000ff</color></IconStyle></Style><Point><coordinates>106.896195,41.021388,0</coordinates></Point></Placemark>
<Placemark><name>M3B-A402</name><description>臂=A_fcs10_shrub 窗=w4 教师类=落叶灌丛</description><Style><IconStyle><color>ff0000ff</color></IconStyle></Style><Point><coordinates>102.519423,40.667631,0</coordinates></Point></Placemark>
<Placemark><name>M3B-A403</name><description>臂=A_fcs10_shrub 窗=w4 教师类=落叶灌丛</description><Style><IconStyle><color>ff0000ff</color></IconStyle></Style><Point><coordinates>105.721468,38.494337,0</coordinates></Point></Placemark>
<Placemark><name>M3B-A404</name><description>臂=A_fcs10_shrub 窗=w4 教师类=落叶灌丛</description><Style><IconStyle><color>ff0000ff</color></IconStyle></Style><Point><coordinates>101.477288,40.732579,0</coordinates></Point></Placemark>
<Placemark><name>M3B-A405</name><description>臂=A_fcs10_shrub 窗=w4 教师类=落叶灌丛</description><Style><IconStyle><color>ff0000ff</color></IconStyle></Style><Point><coordinates>102.530383,38.407021,0</coordinates></Point></Placemark>
<Placemark><name>M3B-A406</name><description>臂=A_fcs10_shrub 窗=w4 教师类=落叶灌丛</description><Style><IconStyle><color>ff0000ff</color></IconStyle></Style><Point><coordinates>105.759826,40.966680,0</coordinates></Point></Placemark>
<Placemark><name>M3B-A407</name><description>臂=A_fcs10_shrub 窗=w4 教师类=落叶灌丛</description><Style><IconStyle><color>ff0000ff</color></IconStyle></Style><Point><coordinates>101.013128,38.701489,0</coordinates></Point></Placemark>
<Placemark><name>M3B-A408</name><description>臂=A_fcs10_shrub 窗=w4 教师类=落叶灌丛</description><Style><IconStyle><color>ff0000ff</color></IconStyle></Style><Point><coordinates>106.858106,38.076171,0</coordinates></Point></Placemark>
<Placemark><name>M3B-A409</name><description>臂=A_fcs10_shrub 窗=w4 教师类=落叶灌丛</description><Style><IconStyle><color>ff0000ff</color></IconStyle></Style><Point><coordinates>106.806274,39.125224,0</coordinates></Point></Placemark>
<Placemark><name>M3B-A410</name><description>臂=A_fcs10_shrub 窗=w4 教师类=落叶灌丛</description><Style><IconStyle><color>ff0000ff</color></IconStyle></Style><Point><coordinates>106.186167,38.587133,0</coordinates></Point></Placemark>
<Placemark><name>M3B-A411</name><description>臂=A_fcs10_shrub 窗=w2 教师类=落叶灌丛</description><Style><IconStyle><color>ff0000ff</color></IconStyle></Style><Point><coordinates>106.319656,32.734339,0</coordinates></Point></Placemark>
<Placemark><name>M3B-A412</name><description>臂=A_fcs10_shrub 窗=w2 教师类=落叶灌丛</description><Style><IconStyle><color>ff0000ff</color></IconStyle></Style><Point><coordinates>108.862607,32.640555,0</coordinates></Point></Placemark>
<Placemark><name>M3B-A413</name><description>臂=A_fcs10_shrub 窗=w2 教师类=落叶灌丛</description><Style><IconStyle><color>ff0000ff</color></IconStyle></Style><Point><coordinates>105.735931,34.759681,0</coordinates></Point></Placemark>
<Placemark><name>M3B-A414</name><description>臂=A_fcs10_shrub 窗=w2 教师类=落叶灌丛</description><Style><IconStyle><color>ff0000ff</color></IconStyle></Style><Point><coordinates>106.439941,33.885710,0</coordinates></Point></Placemark>
<Placemark><name>M3B-A415</name><description>臂=A_fcs10_shrub 窗=w2 教师类=落叶灌丛</description><Style><IconStyle><color>ff0000ff</color></IconStyle></Style><Point><coordinates>109.643513,33.182419,0</coordinates></Point></Placemark>
<Placemark><name>M3B-A416</name><description>臂=A_fcs10_shrub 窗=w2 教师类=落叶灌丛</description><Style><IconStyle><color>ff0000ff</color></IconStyle></Style><Point><coordinates>105.530756,34.092323,0</coordinates></Point></Placemark>
<Placemark><name>M3B-A417</name><description>臂=A_fcs10_shrub 窗=w2 教师类=落叶灌丛</description><Style><IconStyle><color>ff0000ff</color></IconStyle></Style><Point><coordinates>108.074156,35.375207,0</coordinates></Point></Placemark>
<Placemark><name>M3B-A418</name><description>臂=A_fcs10_shrub 窗=w2 教师类=落叶灌丛</description><Style><IconStyle><color>ff0000ff</color></IconStyle></Style><Point><coordinates>107.906800,33.406189,0</coordinates></Point></Placemark>
<Placemark><name>M3B-A419</name><description>臂=A_fcs10_shrub 窗=w2 教师类=落叶灌丛</description><Style><IconStyle><color>ff0000ff</color></IconStyle></Style><Point><coordinates>107.154281,33.818606,0</coordinates></Point></Placemark>
<Placemark><name>M3B-A420</name><description>臂=A_fcs10_shrub 窗=w2 教师类=落叶灌丛</description><Style><IconStyle><color>ff0000ff</color></IconStyle></Style><Point><coordinates>109.448668,35.572207,0</coordinates></Point></Placemark>
<Placemark><name>M3B-A421</name><description>臂=A_fcs10_shrub 窗=w2 教师类=落叶灌丛</description><Style><IconStyle><color>ff0000ff</color></IconStyle></Style><Point><coordinates>108.070383,33.780517,0</coordinates></Point></Placemark>
<Placemark><name>M3B-A422</name><description>臂=A_fcs10_shrub 窗=w2 教师类=落叶灌丛</description><Style><IconStyle><color>ff0000ff</color></IconStyle></Style><Point><coordinates>107.736030,34.200480,0</coordinates></Point></Placemark>
<Placemark><name>M3B-A423</name><description>臂=A_fcs10_shrub 窗=w2 教师类=落叶灌丛</description><Style><IconStyle><color>ff0000ff</color></IconStyle></Style><Point><coordinates>108.712768,33.134090,0</coordinates></Point></Placemark>
<Placemark><name>M3B-A424</name><description>臂=A_fcs10_shrub 窗=w2 教师类=落叶灌丛</description><Style><IconStyle><color>ff0000ff</color></IconStyle></Style><Point><coordinates>107.402486,33.808096,0</coordinates></Point></Placemark>
<Placemark><name>M3B-A425</name><description>臂=A_fcs10_shrub 窗=w2 教师类=落叶灌丛</description><Style><IconStyle><color>ff0000ff</color></IconStyle></Style><Point><coordinates>108.707199,34.425059,0</coordinates></Point></Placemark>
<Placemark><name>M3B-A426</name><description>臂=A_fcs10_shrub 窗=w2 教师类=落叶灌丛</description><Style><IconStyle><color>ff0000ff</color></IconStyle></Style><Point><coordinates>106.485845,35.632125,0</coordinates></Point></Placemark>
<Placemark><name>M3B-A427</name><description>臂=A_fcs10_shrub 窗=w2 教师类=落叶灌丛</description><Style><IconStyle><color>ff0000ff</color></IconStyle></Style><Point><coordinates>109.238732,31.951278,0</coordinates></Point></Placemark>
<Placemark><name>M3B-A428</name><description>臂=A_fcs10_shrub 窗=w2 教师类=落叶灌丛</description><Style><IconStyle><color>ff0000ff</color></IconStyle></Style><Point><coordinates>109.916241,32.369444,0</coordinates></Point></Placemark>
<Placemark><name>M3B-A429</name><description>臂=A_fcs10_shrub 窗=w2 教师类=落叶灌丛</description><Style><IconStyle><color>ff0000ff</color></IconStyle></Style><Point><coordinates>106.268901,31.980383,0</coordinates></Point></Placemark>
<Placemark><name>M3B-A430</name><description>臂=A_fcs10_shrub 窗=w2 教师类=落叶灌丛</description><Style><IconStyle><color>ff0000ff</color></IconStyle></Style><Point><coordinates>109.787423,35.239651,0</coordinates></Point></Placemark>
<Placemark><name>M3B-A431</name><description>臂=A_fcs10_shrub 窗=w2 教师类=落叶灌丛</description><Style><IconStyle><color>ff0000ff</color></IconStyle></Style><Point><coordinates>107.710338,35.269565,0</coordinates></Point></Placemark>
<Placemark><name>M3B-A432</name><description>臂=A_fcs10_shrub 窗=w2 教师类=落叶灌丛</description><Style><IconStyle><color>ff0000ff</color></IconStyle></Style><Point><coordinates>105.715719,35.859848,0</coordinates></Point></Placemark>
<Placemark><name>M3B-A433</name><description>臂=A_fcs10_shrub 窗=w2 教师类=落叶灌丛</description><Style><IconStyle><color>ff0000ff</color></IconStyle></Style><Point><coordinates>106.340677,35.024954,0</coordinates></Point></Placemark>
<Placemark><name>M3B-A434</name><description>臂=A_fcs10_shrub 窗=w2 教师类=落叶灌丛</description><Style><IconStyle><color>ff0000ff</color></IconStyle></Style><Point><coordinates>107.516392,35.134997,0</coordinates></Point></Placemark>
<Placemark><name>M3B-A435</name><description>臂=A_fcs10_shrub 窗=w2 教师类=落叶灌丛</description><Style><IconStyle><color>ff0000ff</color></IconStyle></Style><Point><coordinates>107.982438,31.766495,0</coordinates></Point></Placemark>
<Placemark><name>M3B-A436</name><description>臂=A_fcs10_shrub 窗=w2 教师类=落叶灌丛</description><Style><IconStyle><color>ff0000ff</color></IconStyle></Style><Point><coordinates>106.895027,33.238474,0</coordinates></Point></Placemark>
<Placemark><name>M3B-A437</name><description>臂=A_fcs10_shrub 窗=w2 教师类=落叶灌丛</description><Style><IconStyle><color>ff0000ff</color></IconStyle></Style><Point><coordinates>106.112864,35.383920,0</coordinates></Point></Placemark>
<Placemark><name>M3B-A438</name><description>臂=A_fcs10_shrub 窗=w2 教师类=落叶灌丛</description><Style><IconStyle><color>ff0000ff</color></IconStyle></Style><Point><coordinates>105.511532,35.168325,0</coordinates></Point></Placemark>
<Placemark><name>M3B-A439</name><description>臂=A_fcs10_shrub 窗=w2 教师类=落叶灌丛</description><Style><IconStyle><color>ff0000ff</color></IconStyle></Style><Point><coordinates>106.225154,34.550104,0</coordinates></Point></Placemark>
<Placemark><name>M3B-A440</name><description>臂=A_fcs10_shrub 窗=w2 教师类=落叶灌丛</description><Style><IconStyle><color>ff0000ff</color></IconStyle></Style><Point><coordinates>106.611249,32.145853,0</coordinates></Point></Placemark>
<Placemark><name>M3B-A441</name><description>臂=A_fcs10_shrub 窗=w2 教师类=落叶灌丛</description><Style><IconStyle><color>ff0000ff</color></IconStyle></Style><Point><coordinates>106.197935,34.309266,0</coordinates></Point></Placemark>
<Placemark><name>M3B-A442</name><description>臂=A_fcs10_shrub 窗=w2 教师类=落叶灌丛</description><Style><IconStyle><color>ff0000ff</color></IconStyle></Style><Point><coordinates>109.001577,35.280345,0</coordinates></Point></Placemark>
<Placemark><name>M3B-A443</name><description>臂=A_fcs10_shrub 窗=w2 教师类=落叶灌丛</description><Style><IconStyle><color>ff0000ff</color></IconStyle></Style><Point><coordinates>107.037770,35.534837,0</coordinates></Point></Placemark>
<Placemark><name>M3B-A444</name><description>臂=A_fcs10_shrub 窗=w2 教师类=落叶灌丛</description><Style><IconStyle><color>ff0000ff</color></IconStyle></Style><Point><coordinates>107.325769,33.494853,0</coordinates></Point></Placemark>
<Placemark><name>M3B-A445</name><description>臂=A_fcs10_shrub 窗=w2 教师类=落叶灌丛</description><Style><IconStyle><color>ff0000ff</color></IconStyle></Style><Point><coordinates>108.696688,34.000066,0</coordinates></Point></Placemark>
<Placemark><name>M3B-A446</name><description>臂=A_fcs10_shrub 窗=w2 教师类=落叶灌丛</description><Style><IconStyle><color>ff0000ff</color></IconStyle></Style><Point><coordinates>107.708362,35.018216,0</coordinates></Point></Placemark>
<Placemark><name>M3B-A447</name><description>臂=A_fcs10_shrub 窗=w2 教师类=落叶灌丛</description><Style><IconStyle><color>ff0000ff</color></IconStyle></Style><Point><coordinates>109.581888,35.837031,0</coordinates></Point></Placemark>
<Placemark><name>M3B-A448</name><description>臂=A_fcs10_shrub 窗=w2 教师类=落叶灌丛</description><Style><IconStyle><color>ff0000ff</color></IconStyle></Style><Point><coordinates>106.822533,33.257698,0</coordinates></Point></Placemark>
<Placemark><name>M3B-A449</name><description>臂=A_fcs10_shrub 窗=w2 教师类=落叶灌丛</description><Style><IconStyle><color>ff0000ff</color></IconStyle></Style><Point><coordinates>105.566958,35.309540,0</coordinates></Point></Placemark>
<Placemark><name>M3B-A450</name><description>臂=A_fcs10_shrub 窗=w2 教师类=落叶灌丛</description><Style><IconStyle><color>ff0000ff</color></IconStyle></Style><Point><coordinates>108.809517,35.101221,0</coordinates></Point></Placemark>
<Placemark><name>M3B-A451</name><description>臂=A_fcs10_shrub 窗=w2 教师类=落叶灌丛</description><Style><IconStyle><color>ff0000ff</color></IconStyle></Style><Point><coordinates>107.199107,32.034193,0</coordinates></Point></Placemark>
<Placemark><name>M3B-A452</name><description>臂=A_fcs10_shrub 窗=w2 教师类=落叶灌丛</description><Style><IconStyle><color>ff0000ff</color></IconStyle></Style><Point><coordinates>107.893325,34.025308,0</coordinates></Point></Placemark>
<Placemark><name>M3B-A453</name><description>臂=A_fcs10_shrub 窗=w2 教师类=落叶灌丛</description><Style><IconStyle><color>ff0000ff</color></IconStyle></Style><Point><coordinates>108.561582,32.833154,0</coordinates></Point></Placemark>
<Placemark><name>M3B-A454</name><description>臂=A_fcs10_shrub 窗=w2 教师类=落叶灌丛</description><Style><IconStyle><color>ff0000ff</color></IconStyle></Style><Point><coordinates>107.274116,34.322291,0</coordinates></Point></Placemark>
<Placemark><name>M3B-A455</name><description>臂=A_fcs10_shrub 窗=w2 教师类=落叶灌丛</description><Style><IconStyle><color>ff0000ff</color></IconStyle></Style><Point><coordinates>108.496274,33.383552,0</coordinates></Point></Placemark>
<Placemark><name>M3B-A456</name><description>臂=A_fcs10_shrub 窗=w2 教师类=落叶灌丛</description><Style><IconStyle><color>ff0000ff</color></IconStyle></Style><Point><coordinates>106.608195,34.389216,0</coordinates></Point></Placemark>
<Placemark><name>M3B-A457</name><description>臂=A_fcs10_shrub 窗=w2 教师类=落叶灌丛</description><Style><IconStyle><color>ff0000ff</color></IconStyle></Style><Point><coordinates>108.714745,32.737843,0</coordinates></Point></Placemark>
<Placemark><name>M3B-A458</name><description>臂=A_fcs10_shrub 窗=w2 教师类=落叶灌丛</description><Style><IconStyle><color>ff0000ff</color></IconStyle></Style><Point><coordinates>108.397729,33.000061,0</coordinates></Point></Placemark>
<Placemark><name>M3B-A459</name><description>臂=A_fcs10_shrub 窗=w2 教师类=落叶灌丛</description><Style><IconStyle><color>ff0000ff</color></IconStyle></Style><Point><coordinates>107.601283,33.510933,0</coordinates></Point></Placemark>
<Placemark><name>M3B-A460</name><description>臂=A_fcs10_shrub 窗=w2 教师类=落叶灌丛</description><Style><IconStyle><color>ff0000ff</color></IconStyle></Style><Point><coordinates>106.822174,35.134997,0</coordinates></Point></Placemark>
<Placemark><name>M3B-A461</name><description>臂=A_fcs10_shrub 窗=w2 教师类=落叶灌丛</description><Style><IconStyle><color>ff0000ff</color></IconStyle></Style><Point><coordinates>107.276093,34.225004,0</coordinates></Point></Placemark>
<Placemark><name>M3B-A462</name><description>臂=A_fcs10_shrub 窗=w2 教师类=落叶灌丛</description><Style><IconStyle><color>ff0000ff</color></IconStyle></Style><Point><coordinates>106.645026,35.624399,0</coordinates></Point></Placemark>
<Placemark><name>M3B-A463</name><description>臂=A_fcs10_shrub 窗=w2 教师类=落叶灌丛</description><Style><IconStyle><color>ff0000ff</color></IconStyle></Style><Point><coordinates>105.674756,33.536805,0</coordinates></Point></Placemark>
<Placemark><name>M3B-A464</name><description>臂=A_fcs10_shrub 窗=w2 教师类=落叶灌丛</description><Style><IconStyle><color>ff0000ff</color></IconStyle></Style><Point><coordinates>105.795938,33.473653,0</coordinates></Point></Placemark>
<Placemark><name>M3B-A465</name><description>臂=A_fcs10_shrub 窗=w2 教师类=落叶灌丛</description><Style><IconStyle><color>ff0000ff</color></IconStyle></Style><Point><coordinates>108.300082,32.588633,0</coordinates></Point></Placemark>
<Placemark><name>M3B-A466</name><description>臂=A_fcs10_shrub 窗=w2 教师类=落叶灌丛</description><Style><IconStyle><color>ff0000ff</color></IconStyle></Style><Point><coordinates>107.240699,34.924252,0</coordinates></Point></Placemark>
<Placemark><name>M3B-A467</name><description>臂=A_fcs10_shrub 窗=w2 教师类=落叶灌丛</description><Style><IconStyle><color>ff0000ff</color></IconStyle></Style><Point><coordinates>107.306905,35.105802,0</coordinates></Point></Placemark>
<Placemark><name>M3B-A468</name><description>臂=A_fcs10_shrub 窗=w2 教师类=落叶灌丛</description><Style><IconStyle><color>ff0000ff</color></IconStyle></Style><Point><coordinates>108.406263,34.220243,0</coordinates></Point></Placemark>
<Placemark><name>M3B-A469</name><description>臂=A_fcs10_shrub 窗=w2 教师类=落叶灌丛</description><Style><IconStyle><color>ff0000ff</color></IconStyle></Style><Point><coordinates>107.528519,35.601942,0</coordinates></Point></Placemark>
<Placemark><name>M3B-A470</name><description>臂=A_fcs10_shrub 窗=w2 教师类=落叶灌丛</description><Style><IconStyle><color>ff0000ff</color></IconStyle></Style><Point><coordinates>108.607755,33.080730,0</coordinates></Point></Placemark>
<Placemark><name>M3B-A471</name><description>臂=A_fcs10_shrub 窗=w2 教师类=落叶灌丛</description><Style><IconStyle><color>ff0000ff</color></IconStyle></Style><Point><coordinates>106.752554,31.793714,0</coordinates></Point></Placemark>
<Placemark><name>M3B-A472</name><description>臂=A_fcs10_shrub 窗=w2 教师类=落叶灌丛</description><Style><IconStyle><color>ff0000ff</color></IconStyle></Style><Point><coordinates>108.346076,33.639123,0</coordinates></Point></Placemark>
<Placemark><name>M3B-A473</name><description>臂=A_fcs10_shrub 窗=w2 教师类=落叶灌丛</description><Style><IconStyle><color>ff0000ff</color></IconStyle></Style><Point><coordinates>108.603533,35.128260,0</coordinates></Point></Placemark>
<Placemark><name>M3B-A474</name><description>臂=A_fcs10_shrub 窗=w2 教师类=落叶灌丛</description><Style><IconStyle><color>ff0000ff</color></IconStyle></Style><Point><coordinates>109.541823,31.851835,0</coordinates></Point></Placemark>
<Placemark><name>M3B-A475</name><description>臂=A_fcs10_shrub 窗=w2 教师类=落叶灌丛</description><Style><IconStyle><color>ff0000ff</color></IconStyle></Style><Point><coordinates>108.849312,32.979939,0</coordinates></Point></Placemark>
<Placemark><name>M3B-A476</name><description>臂=A_fcs10_shrub 窗=w2 教师类=落叶灌丛</description><Style><IconStyle><color>ff0000ff</color></IconStyle></Style><Point><coordinates>107.548372,35.047232,0</coordinates></Point></Placemark>
<Placemark><name>M3B-A477</name><description>臂=A_fcs10_shrub 窗=w2 教师类=落叶灌丛</description><Style><IconStyle><color>ff0000ff</color></IconStyle></Style><Point><coordinates>108.989988,34.694913,0</coordinates></Point></Placemark>
<Placemark><name>M3B-A478</name><description>臂=A_fcs10_shrub 窗=w2 教师类=常绿灌丛</description><Style><IconStyle><color>ff0000ff</color></IconStyle></Style><Point><coordinates>105.754975,32.822554,0</coordinates></Point></Placemark>
<Placemark><name>M3B-A479</name><description>臂=A_fcs10_shrub 窗=w2 教师类=落叶灌丛</description><Style><IconStyle><color>ff0000ff</color></IconStyle></Style><Point><coordinates>107.126793,34.726443,0</coordinates></Point></Placemark>
<Placemark><name>M3B-A480</name><description>臂=A_fcs10_shrub 窗=w2 教师类=落叶灌丛</description><Style><IconStyle><color>ff0000ff</color></IconStyle></Style><Point><coordinates>108.028521,32.574260,0</coordinates></Point></Placemark>
<Placemark><name>M3B-A481</name><description>臂=A_fcs10_shrub 窗=w2 教师类=落叶灌丛</description><Style><IconStyle><color>ff0000ff</color></IconStyle></Style><Point><coordinates>108.807810,31.868723,0</coordinates></Point></Placemark>
<Placemark><name>M3B-A482</name><description>臂=A_fcs10_shrub 窗=w2 教师类=落叶灌丛</description><Style><IconStyle><color>ff0000ff</color></IconStyle></Style><Point><coordinates>108.076851,33.000061,0</coordinates></Point></Placemark>
<Placemark><name>M3B-A483</name><description>臂=A_fcs10_shrub 窗=w2 教师类=落叶灌丛</description><Style><IconStyle><color>ff0000ff</color></IconStyle></Style><Point><coordinates>106.616011,33.739644,0</coordinates></Point></Placemark>
<Placemark><name>M3B-A484</name><description>臂=A_fcs10_shrub 窗=w2 教师类=落叶灌丛</description><Style><IconStyle><color>ff0000ff</color></IconStyle></Style><Point><coordinates>108.098410,34.485066,0</coordinates></Point></Placemark>
<Placemark><name>M3B-A485</name><description>臂=A_fcs10_shrub 窗=w2 教师类=落叶灌丛</description><Style><IconStyle><color>ff0000ff</color></IconStyle></Style><Point><coordinates>108.636052,32.397920,0</coordinates></Point></Placemark>
<Placemark><name>M3B-A486</name><description>臂=A_fcs10_shrub 窗=w2 教师类=落叶灌丛</description><Style><IconStyle><color>ff0000ff</color></IconStyle></Style><Point><coordinates>107.787953,35.480489,0</coordinates></Point></Placemark>
<Placemark><name>M3B-A487</name><description>臂=A_fcs10_shrub 窗=w2 教师类=落叶灌丛</description><Style><IconStyle><color>ff0000ff</color></IconStyle></Style><Point><coordinates>106.429520,32.736585,0</coordinates></Point></Placemark>
<Placemark><name>M3B-A488</name><description>臂=A_fcs10_shrub 窗=w2 教师类=落叶灌丛</description><Style><IconStyle><color>ff0000ff</color></IconStyle></Style><Point><coordinates>105.806718,34.061690,0</coordinates></Point></Placemark>
<Placemark><name>M3B-A489</name><description>臂=A_fcs10_shrub 窗=w2 教师类=落叶灌丛</description><Style><IconStyle><color>ff0000ff</color></IconStyle></Style><Point><coordinates>107.061485,33.968625,0</coordinates></Point></Placemark>
<Placemark><name>M3B-A490</name><description>臂=A_fcs10_shrub 窗=w2 教师类=落叶灌丛</description><Style><IconStyle><color>ff0000ff</color></IconStyle></Style><Point><coordinates>108.641172,33.298571,0</coordinates></Point></Placemark>
<Placemark><name>M3B-A491</name><description>臂=A_fcs10_shrub 窗=w2 教师类=落叶灌丛</description><Style><IconStyle><color>ff0000ff</color></IconStyle></Style><Point><coordinates>107.444437,34.594301,0</coordinates></Point></Placemark>
<Placemark><name>M3B-A492</name><description>臂=A_fcs10_shrub 窗=w2 教师类=落叶灌丛</description><Style><IconStyle><color>ff0000ff</color></IconStyle></Style><Point><coordinates>107.102718,34.568250,0</coordinates></Point></Placemark>
<Placemark><name>M3B-A493</name><description>臂=A_fcs10_shrub 窗=w2 教师类=落叶灌丛</description><Style><IconStyle><color>ff0000ff</color></IconStyle></Style><Point><coordinates>107.128859,35.768489,0</coordinates></Point></Placemark>
<Placemark><name>M3B-A494</name><description>臂=A_fcs10_shrub 窗=w2 教师类=落叶灌丛</description><Style><IconStyle><color>ff0000ff</color></IconStyle></Style><Point><coordinates>108.791281,32.883729,0</coordinates></Point></Placemark>
<Placemark><name>M3B-A495</name><description>臂=A_fcs10_shrub 窗=w2 教师类=落叶灌丛</description><Style><IconStyle><color>ff0000ff</color></IconStyle></Style><Point><coordinates>108.075234,34.997555,0</coordinates></Point></Placemark>
<Placemark><name>M3B-A496</name><description>臂=A_fcs10_shrub 窗=w2 教师类=落叶灌丛</description><Style><IconStyle><color>ff0000ff</color></IconStyle></Style><Point><coordinates>108.669919,32.897833,0</coordinates></Point></Placemark>
<Placemark><name>M3B-A497</name><description>臂=A_fcs10_shrub 窗=w2 教师类=落叶灌丛</description><Style><IconStyle><color>ff0000ff</color></IconStyle></Style><Point><coordinates>108.521607,31.800990,0</coordinates></Point></Placemark>
<Placemark><name>M3B-A498</name><description>臂=A_fcs10_shrub 窗=w2 教师类=落叶灌丛</description><Style><IconStyle><color>ff0000ff</color></IconStyle></Style><Point><coordinates>109.277449,32.983442,0</coordinates></Point></Placemark>
<Placemark><name>M3B-A499</name><description>臂=A_fcs10_shrub 窗=w2 教师类=落叶灌丛</description><Style><IconStyle><color>ff0000ff</color></IconStyle></Style><Point><coordinates>108.999960,33.618282,0</coordinates></Point></Placemark>
<Placemark><name>M3B-A500</name><description>臂=A_fcs10_shrub 窗=w2 教师类=落叶灌丛</description><Style><IconStyle><color>ff0000ff</color></IconStyle></Style><Point><coordinates>107.054748,35.364337,0</coordinates></Point></Placemark>
<Placemark><name>M3B-A501</name><description>臂=A_fcs10_shrub 窗=w2 教师类=落叶灌丛</description><Style><IconStyle><color>ff0000ff</color></IconStyle></Style><Point><coordinates>108.034810,32.399088,0</coordinates></Point></Placemark>
<Placemark><name>M3B-A502</name><description>臂=A_fcs10_shrub 窗=w2 教师类=落叶灌丛</description><Style><IconStyle><color>ff0000ff</color></IconStyle></Style><Point><coordinates>107.116552,35.089453,0</coordinates></Point></Placemark>
<Placemark><name>M3B-A503</name><description>臂=A_fcs10_shrub 窗=w2 教师类=落叶灌丛</description><Style><IconStyle><color>ff0000ff</color></IconStyle></Style><Point><coordinates>108.281487,31.899625,0</coordinates></Point></Placemark>
<Placemark><name>M3B-A504</name><description>臂=A_fcs10_shrub 窗=w2 教师类=落叶灌丛</description><Style><IconStyle><color>ff0000ff</color></IconStyle></Style><Point><coordinates>107.058341,32.348962,0</coordinates></Point></Placemark>
<Placemark><name>M3B-A505</name><description>臂=A_fcs10_shrub 窗=w2 教师类=落叶灌丛</description><Style><IconStyle><color>ff0000ff</color></IconStyle></Style><Point><coordinates>109.570569,33.937902,0</coordinates></Point></Placemark>
<Placemark><name>M3B-A506</name><description>臂=A_fcs10_shrub 窗=w2 教师类=落叶灌丛</description><Style><IconStyle><color>ff0000ff</color></IconStyle></Style><Point><coordinates>107.697492,35.098526,0</coordinates></Point></Placemark>
<Placemark><name>M3B-A507</name><description>臂=A_fcs10_shrub 窗=w2 教师类=落叶灌丛</description><Style><IconStyle><color>ff0000ff</color></IconStyle></Style><Point><coordinates>107.159581,32.640466,0</coordinates></Point></Placemark>
<Placemark><name>M3B-A508</name><description>臂=A_fcs10_shrub 窗=w2 教师类=落叶灌丛</description><Style><IconStyle><color>ff0000ff</color></IconStyle></Style><Point><coordinates>109.879051,32.334409,0</coordinates></Point></Placemark>
<Placemark><name>M3B-A509</name><description>臂=A_fcs10_shrub 窗=w2 教师类=落叶灌丛</description><Style><IconStyle><color>ff0000ff</color></IconStyle></Style><Point><coordinates>107.668477,33.884093,0</coordinates></Point></Placemark>
<Placemark><name>M3B-A510</name><description>臂=A_fcs10_shrub 窗=w2 教师类=落叶灌丛</description><Style><IconStyle><color>ff0000ff</color></IconStyle></Style><Point><coordinates>108.793796,33.291025,0</coordinates></Point></Placemark>
<Placemark><name>M3B-A511</name><description>臂=A_fcs10_shrub 窗=w1 教师类=落叶灌丛</description><Style><IconStyle><color>ff0000ff</color></IconStyle></Style><Point><coordinates>122.898245,45.146182,0</coordinates></Point></Placemark>
<Placemark><name>M3B-A512</name><description>臂=A_fcs10_shrub 窗=w1 教师类=落叶灌丛</description><Style><IconStyle><color>ff0000ff</color></IconStyle></Style><Point><coordinates>123.276076,43.495528,0</coordinates></Point></Placemark>
<Placemark><name>M3B-A513</name><description>臂=A_fcs10_shrub 窗=w1 教师类=落叶灌丛</description><Style><IconStyle><color>ff0000ff</color></IconStyle></Style><Point><coordinates>125.205298,45.931220,0</coordinates></Point></Placemark>
<Placemark><name>M3B-A514</name><description>臂=A_fcs10_shrub 窗=w1 教师类=落叶灌丛</description><Style><IconStyle><color>ff0000ff</color></IconStyle></Style><Point><coordinates>123.445229,45.499040,0</coordinates></Point></Placemark>
<Placemark><name>M3B-A515</name><description>臂=A_fcs10_shrub 窗=w1 教师类=落叶灌丛</description><Style><IconStyle><color>ff0000ff</color></IconStyle></Style><Point><coordinates>122.839315,46.517191,0</coordinates></Point></Placemark>
<Placemark><name>M3B-A516</name><description>臂=A_fcs10_shrub 窗=w1 教师类=落叶灌丛</description><Style><IconStyle><color>ff0000ff</color></IconStyle></Style><Point><coordinates>124.335729,46.954221,0</coordinates></Point></Placemark>
<Placemark><name>M3B-A517</name><description>臂=A_fcs10_shrub 窗=w1 教师类=落叶灌丛</description><Style><IconStyle><color>ff0000ff</color></IconStyle></Style><Point><coordinates>122.529217,46.309411,0</coordinates></Point></Placemark>
<Placemark><name>M3B-A518</name><description>臂=A_fcs10_shrub 窗=w1 教师类=落叶灌丛</description><Style><IconStyle><color>ff0000ff</color></IconStyle></Style><Point><coordinates>126.259650,44.161539,0</coordinates></Point></Placemark>
<Placemark><name>M3B-A519</name><description>臂=A_fcs10_shrub 窗=w1 教师类=落叶灌丛</description><Style><IconStyle><color>ff0000ff</color></IconStyle></Style><Point><coordinates>126.405088,44.158934,0</coordinates></Point></Placemark>
<Placemark><name>M3B-A520</name><description>臂=A_fcs10_shrub 窗=w1 教师类=落叶灌丛</description><Style><IconStyle><color>ff0000ff</color></IconStyle></Style><Point><coordinates>124.618608,45.090756,0</coordinates></Point></Placemark>
<Placemark><name>M3B-A521</name><description>臂=A_fcs10_shrub 窗=w1 教师类=落叶灌丛</description><Style><IconStyle><color>ff0000ff</color></IconStyle></Style><Point><coordinates>123.514399,44.052034,0</coordinates></Point></Placemark>
<Placemark><name>M3B-A522</name><description>臂=A_fcs10_shrub 窗=w1 教师类=落叶灌丛</description><Style><IconStyle><color>ff0000ff</color></IconStyle></Style><Point><coordinates>125.596065,45.652922,0</coordinates></Point></Placemark>
<Placemark><name>M3B-A523</name><description>臂=A_fcs10_shrub 窗=w1 教师类=落叶灌丛</description><Style><IconStyle><color>ff0000ff</color></IconStyle></Style><Point><coordinates>123.595068,46.348577,0</coordinates></Point></Placemark>
<Placemark><name>M3B-A524</name><description>臂=A_fcs10_shrub 窗=w1 教师类=落叶灌丛</description><Style><IconStyle><color>ff0000ff</color></IconStyle></Style><Point><coordinates>124.924754,43.979540,0</coordinates></Point></Placemark>
<Placemark><name>M3B-A525</name><description>臂=A_fcs10_shrub 窗=w1 教师类=落叶灌丛</description><Style><IconStyle><color>ff0000ff</color></IconStyle></Style><Point><coordinates>123.700889,46.000031,0</coordinates></Point></Placemark>
<Placemark><name>M3B-A526</name><description>臂=A_fcs10_shrub 窗=w1 教师类=落叶灌丛</description><Style><IconStyle><color>ff0000ff</color></IconStyle></Style><Point><coordinates>126.200990,46.032550,0</coordinates></Point></Placemark>
<Placemark><name>M3B-A527</name><description>臂=A_fcs10_shrub 窗=w1 教师类=落叶灌丛</description><Style><IconStyle><color>ff0000ff</color></IconStyle></Style><Point><coordinates>123.227567,44.195226,0</coordinates></Point></Placemark>
<Placemark><name>M3B-A528</name><description>臂=A_fcs10_shrub 窗=w1 教师类=落叶灌丛</description><Style><IconStyle><color>ff0000ff</color></IconStyle></Style><Point><coordinates>124.133787,46.000031,0</coordinates></Point></Placemark>
<Placemark><name>M3B-A529</name><description>臂=A_fcs10_shrub 窗=w1 教师类=落叶灌丛</description><Style><IconStyle><color>ff0000ff</color></IconStyle></Style><Point><coordinates>122.626055,44.561648,0</coordinates></Point></Placemark>
<Placemark><name>M3B-A530</name><description>臂=A_fcs10_shrub 窗=w1 教师类=落叶灌丛</description><Style><IconStyle><color>ff0000ff</color></IconStyle></Style><Point><coordinates>126.331426,43.326644,0</coordinates></Point></Placemark>
<Placemark><name>M3B-A531</name><description>臂=A_fcs10_shrub 窗=w1 教师类=落叶灌丛</description><Style><IconStyle><color>ff0000ff</color></IconStyle></Style><Point><coordinates>126.379126,43.699445,0</coordinates></Point></Placemark>
<Placemark><name>M3B-A532</name><description>臂=A_fcs10_shrub 窗=w1 教师类=落叶灌丛</description><Style><IconStyle><color>ff0000ff</color></IconStyle></Style><Point><coordinates>125.369330,47.491504,0</coordinates></Point></Placemark>
<Placemark><name>M3B-A533</name><description>臂=A_fcs10_shrub 窗=w1 教师类=落叶灌丛</description><Style><IconStyle><color>ff0000ff</color></IconStyle></Style><Point><coordinates>122.965888,46.614029,0</coordinates></Point></Placemark>
<Placemark><name>M3B-A534</name><description>臂=A_fcs10_shrub 窗=w1 教师类=落叶灌丛</description><Style><IconStyle><color>ff0000ff</color></IconStyle></Style><Point><coordinates>122.842010,46.877595,0</coordinates></Point></Placemark>
<Placemark><name>M3B-A535</name><description>臂=A_fcs10_shrub 窗=w1 教师类=落叶灌丛</description><Style><IconStyle><color>ff0000ff</color></IconStyle></Style><Point><coordinates>126.401135,44.645012,0</coordinates></Point></Placemark>
<Placemark><name>M3B-A536</name><description>臂=A_fcs10_shrub 窗=w1 教师类=落叶灌丛</description><Style><IconStyle><color>ff0000ff</color></IconStyle></Style><Point><coordinates>126.182306,43.679233,0</coordinates></Point></Placemark>
<Placemark><name>M3B-A537</name><description>臂=A_fcs10_shrub 窗=w1 教师类=落叶灌丛</description><Style><IconStyle><color>ff0000ff</color></IconStyle></Style><Point><coordinates>123.592912,46.980093,0</coordinates></Point></Placemark>
<Placemark><name>M3B-A538</name><description>臂=A_fcs10_shrub 窗=w1 教师类=落叶灌丛</description><Style><IconStyle><color>ff0000ff</color></IconStyle></Style><Point><coordinates>125.458623,45.856121,0</coordinates></Point></Placemark>
<Placemark><name>M3B-A539</name><description>臂=A_fcs10_shrub 窗=w1 教师类=落叶灌丛</description><Style><IconStyle><color>ff0000ff</color></IconStyle></Style><Point><coordinates>123.483856,46.750483,0</coordinates></Point></Placemark>
<Placemark><name>M3B-A540</name><description>臂=A_fcs10_shrub 窗=w1 教师类=落叶灌丛</description><Style><IconStyle><color>ff0000ff</color></IconStyle></Style><Point><coordinates>125.930418,43.129734,0</coordinates></Point></Placemark>
<Placemark><name>M3B-A541</name><description>臂=A_fcs10_shrub 窗=w1 教师类=落叶灌丛</description><Style><IconStyle><color>ff0000ff</color></IconStyle></Style><Point><coordinates>123.037573,46.073603,0</coordinates></Point></Placemark>
<Placemark><name>M3B-A542</name><description>臂=A_fcs10_shrub 窗=w1 教师类=落叶灌丛</description><Style><IconStyle><color>ff0000ff</color></IconStyle></Style><Point><coordinates>123.648428,46.539469,0</coordinates></Point></Placemark>
<Placemark><name>M3B-A543</name><description>臂=A_fcs10_shrub 窗=w1 教师类=落叶灌丛</description><Style><IconStyle><color>ff0000ff</color></IconStyle></Style><Point><coordinates>125.240691,46.315429,0</coordinates></Point></Placemark>
<Placemark><name>M3B-A544</name><description>臂=A_fcs10_shrub 窗=w1 教师类=落叶灌丛</description><Style><IconStyle><color>ff0000ff</color></IconStyle></Style><Point><coordinates>122.056164,46.522132,0</coordinates></Point></Placemark>
<Placemark><name>M3B-A545</name><description>臂=A_fcs10_shrub 窗=w1 教师类=落叶灌丛</description><Style><IconStyle><color>ff0000ff</color></IconStyle></Style><Point><coordinates>124.431309,43.636473,0</coordinates></Point></Placemark>
<Placemark><name>M3B-A546</name><description>臂=A_fcs10_shrub 窗=w1 教师类=落叶灌丛</description><Style><IconStyle><color>ff0000ff</color></IconStyle></Style><Point><coordinates>124.517907,46.279227,0</coordinates></Point></Placemark>
<Placemark><name>M3B-A547</name><description>臂=A_fcs10_shrub 窗=w1 教师类=落叶灌丛</description><Style><IconStyle><color>ff0000ff</color></IconStyle></Style><Point><coordinates>123.476490,43.468039,0</coordinates></Point></Placemark>
<Placemark><name>M3B-A548</name><description>臂=A_fcs10_shrub 窗=w1 教师类=落叶灌丛</description><Style><IconStyle><color>ff0000ff</color></IconStyle></Style><Point><coordinates>122.781823,45.784794,0</coordinates></Point></Placemark>
<Placemark><name>M3B-A549</name><description>臂=A_fcs10_shrub 窗=w1 教师类=落叶灌丛</description><Style><IconStyle><color>ff0000ff</color></IconStyle></Style><Point><coordinates>125.465270,44.262150,0</coordinates></Point></Placemark>
<Placemark><name>M3B-A550</name><description>臂=A_fcs10_shrub 窗=w1 教师类=落叶灌丛</description><Style><IconStyle><color>ff0000ff</color></IconStyle></Style><Point><coordinates>124.200981,45.824949,0</coordinates></Point></Placemark>
<Placemark><name>M3B-A551</name><description>臂=A_fcs10_shrub 窗=w1 教师类=落叶灌丛</description><Style><IconStyle><color>ff0000ff</color></IconStyle></Style><Point><coordinates>122.372281,45.288835,0</coordinates></Point></Placemark>
<Placemark><name>M3B-A552</name><description>臂=A_fcs10_shrub 窗=w1 教师类=落叶灌丛</description><Style><IconStyle><color>ff0000ff</color></IconStyle></Style><Point><coordinates>125.070012,46.198828,0</coordinates></Point></Placemark>
<Placemark><name>M3B-A553</name><description>臂=A_fcs10_shrub 窗=w1 教师类=落叶灌丛</description><Style><IconStyle><color>ff0000ff</color></IconStyle></Style><Point><coordinates>125.220300,45.210771,0</coordinates></Point></Placemark>
<Placemark><name>M3B-A554</name><description>臂=A_fcs10_shrub 窗=w1 教师类=落叶灌丛</description><Style><IconStyle><color>ff0000ff</color></IconStyle></Style><Point><coordinates>124.803212,46.038928,0</coordinates></Point></Placemark>
<Placemark><name>M3B-A555</name><description>臂=A_fcs10_shrub 窗=w1 教师类=落叶灌丛</description><Style><IconStyle><color>ff0000ff</color></IconStyle></Style><Point><coordinates>124.034524,46.262429,0</coordinates></Point></Placemark>
<Placemark><name>M3B-A556</name><description>臂=A_fcs10_shrub 窗=w1 教师类=落叶灌丛</description><Style><IconStyle><color>ff0000ff</color></IconStyle></Style><Point><coordinates>126.246176,47.306630,0</coordinates></Point></Placemark>
<Placemark><name>M3B-A557</name><description>臂=A_fcs10_shrub 窗=w1 教师类=落叶灌丛</description><Style><IconStyle><color>ff0000ff</color></IconStyle></Style><Point><coordinates>126.088881,43.145724,0</coordinates></Point></Placemark>
<Placemark><name>M3B-A558</name><description>臂=A_fcs10_shrub 窗=w1 教师类=落叶灌丛</description><Style><IconStyle><color>ff0000ff</color></IconStyle></Style><Point><coordinates>126.145475,46.828188,0</coordinates></Point></Placemark>
<Placemark><name>M3B-A559</name><description>臂=A_fcs10_shrub 窗=w1 教师类=落叶灌丛</description><Style><IconStyle><color>ff0000ff</color></IconStyle></Style><Point><coordinates>123.330514,44.088326,0</coordinates></Point></Placemark>
<Placemark><name>M3B-A560</name><description>臂=A_fcs10_shrub 窗=w1 教师类=落叶灌丛</description><Style><IconStyle><color>ff0000ff</color></IconStyle></Style><Point><coordinates>122.981339,45.030569,0</coordinates></Point></Placemark>
<Placemark><name>M3B-A561</name><description>臂=A_fcs10_shrub 窗=w1 教师类=落叶灌丛</description><Style><IconStyle><color>ff0000ff</color></IconStyle></Style><Point><coordinates>122.664323,43.398869,0</coordinates></Point></Placemark>
<Placemark><name>M3B-A562</name><description>臂=A_fcs10_shrub 窗=w1 教师类=落叶灌丛</description><Style><IconStyle><color>ff0000ff</color></IconStyle></Style><Point><coordinates>122.378659,46.633882,0</coordinates></Point></Placemark>
<Placemark><name>M3B-A563</name><description>臂=A_fcs10_shrub 窗=w1 教师类=落叶灌丛</description><Style><IconStyle><color>ff0000ff</color></IconStyle></Style><Point><coordinates>124.541173,43.000646,0</coordinates></Point></Placemark>
<Placemark><name>M3B-A564</name><description>臂=A_fcs10_shrub 窗=w1 教师类=落叶灌丛</description><Style><IconStyle><color>ff0000ff</color></IconStyle></Style><Point><coordinates>124.627591,46.608280,0</coordinates></Point></Placemark>
<Placemark><name>M3B-A565</name><description>臂=A_fcs10_shrub 窗=w1 教师类=落叶灌丛</description><Style><IconStyle><color>ff0000ff</color></IconStyle></Style><Point><coordinates>124.062371,43.739061,0</coordinates></Point></Placemark>
<Placemark><name>M3B-A566</name><description>臂=A_fcs10_shrub 窗=w1 教师类=落叶灌丛</description><Style><IconStyle><color>ff0000ff</color></IconStyle></Style><Point><coordinates>123.836894,43.973970,0</coordinates></Point></Placemark>
<Placemark><name>M3B-A567</name><description>臂=A_fcs10_shrub 窗=w1 教师类=落叶灌丛</description><Style><IconStyle><color>ff0000ff</color></IconStyle></Style><Point><coordinates>122.435522,46.495002,0</coordinates></Point></Placemark>
<Placemark><name>M3B-A568</name><description>臂=A_fcs10_shrub 窗=w1 教师类=落叶灌丛</description><Style><IconStyle><color>ff0000ff</color></IconStyle></Style><Point><coordinates>123.044311,43.966425,0</coordinates></Point></Placemark>
<Placemark><name>M3B-A569</name><description>臂=A_fcs10_shrub 窗=w1 教师类=落叶灌丛</description><Style><IconStyle><color>ff0000ff</color></IconStyle></Style><Point><coordinates>123.895734,45.418102,0</coordinates></Point></Placemark>
<Placemark><name>M3B-A570</name><description>臂=A_fcs10_shrub 窗=w1 教师类=落叶灌丛</description><Style><IconStyle><color>ff0000ff</color></IconStyle></Style><Point><coordinates>125.159574,43.164588,0</coordinates></Point></Placemark>
<Placemark><name>M3B-A571</name><description>臂=A_fcs10_shrub 窗=w1 教师类=落叶灌丛</description><Style><IconStyle><color>ff0000ff</color></IconStyle></Style><Point><coordinates>122.746429,45.512964,0</coordinates></Point></Placemark>
<Placemark><name>M3B-A572</name><description>臂=A_fcs10_shrub 窗=w1 教师类=落叶灌丛</description><Style><IconStyle><color>ff0000ff</color></IconStyle></Style><Point><coordinates>124.788839,47.148257,0</coordinates></Point></Placemark>
<Placemark><name>M3B-A573</name><description>臂=A_fcs10_shrub 窗=w1 教师类=落叶灌丛</description><Style><IconStyle><color>ff0000ff</color></IconStyle></Style><Point><coordinates>124.626244,47.446947,0</coordinates></Point></Placemark>
<Placemark><name>M3B-A574</name><description>臂=A_fcs10_shrub 窗=w1 教师类=落叶灌丛</description><Style><IconStyle><color>ff0000ff</color></IconStyle></Style><Point><coordinates>124.086266,44.812458,0</coordinates></Point></Placemark>
<Placemark><name>M3B-A575</name><description>臂=A_fcs10_shrub 窗=w1 教师类=落叶灌丛</description><Style><IconStyle><color>ff0000ff</color></IconStyle></Style><Point><coordinates>125.958715,45.200081,0</coordinates></Point></Placemark>
<Placemark><name>M3B-A576</name><description>臂=A_fcs10_shrub 窗=w1 教师类=落叶灌丛</description><Style><IconStyle><color>ff0000ff</color></IconStyle></Style><Point><coordinates>125.127773,45.521947,0</coordinates></Point></Placemark>
<Placemark><name>M3B-A577</name><description>臂=A_fcs10_shrub 窗=w1 教师类=落叶灌丛</description><Style><IconStyle><color>ff0000ff</color></IconStyle></Style><Point><coordinates>122.265022,43.979810,0</coordinates></Point></Placemark>
<Placemark><name>M3B-A578</name><description>臂=A_fcs10_shrub 窗=w1 教师类=落叶灌丛</description><Style><IconStyle><color>ff0000ff</color></IconStyle></Style><Point><coordinates>125.445238,46.917750,0</coordinates></Point></Placemark>
<Placemark><name>M3B-A579</name><description>臂=A_fcs10_shrub 窗=w1 教师类=落叶灌丛</description><Style><IconStyle><color>ff0000ff</color></IconStyle></Style><Point><coordinates>122.969122,43.418183,0</coordinates></Point></Placemark>
<Placemark><name>M3B-A580</name><description>臂=A_fcs10_shrub 窗=w1 教师类=落叶灌丛</description><Style><IconStyle><color>ff0000ff</color></IconStyle></Style><Point><coordinates>125.935179,45.548088,0</coordinates></Point></Placemark>
<Placemark><name>M3B-A581</name><description>臂=A_fcs10_shrub 窗=w1 教师类=落叶灌丛</description><Style><IconStyle><color>ff0000ff</color></IconStyle></Style><Point><coordinates>122.345691,44.142494,0</coordinates></Point></Placemark>
<Placemark><name>M3B-A582</name><description>臂=A_fcs10_shrub 窗=w1 教师类=落叶灌丛</description><Style><IconStyle><color>ff0000ff</color></IconStyle></Style><Point><coordinates>123.073506,46.138461,0</coordinates></Point></Placemark>
<Placemark><name>M3B-A583</name><description>臂=A_fcs10_shrub 窗=w1 教师类=落叶灌丛</description><Style><IconStyle><color>ff0000ff</color></IconStyle></Style><Point><coordinates>126.133437,47.169817,0</coordinates></Point></Placemark>
<Placemark><name>M3B-A584</name><description>臂=A_fcs10_shrub 窗=w1 教师类=落叶灌丛</description><Style><IconStyle><color>ff0000ff</color></IconStyle></Style><Point><coordinates>122.355482,46.918109,0</coordinates></Point></Placemark>
<Placemark><name>M3B-A585</name><description>臂=A_fcs10_shrub 窗=w1 教师类=落叶灌丛</description><Style><IconStyle><color>ff0000ff</color></IconStyle></Style><Point><coordinates>122.199535,44.818207,0</coordinates></Point></Placemark>
<Placemark><name>M3B-A586</name><description>臂=A_fcs10_shrub 窗=w1 教师类=落叶灌丛</description><Style><IconStyle><color>ff0000ff</color></IconStyle></Style><Point><coordinates>124.723621,45.309406,0</coordinates></Point></Placemark>
<Placemark><name>M3B-A587</name><description>臂=A_fcs10_shrub 窗=w1 教师类=落叶灌丛</description><Style><IconStyle><color>ff0000ff</color></IconStyle></Style><Point><coordinates>124.818393,45.786591,0</coordinates></Point></Placemark>
<Placemark><name>M3B-A588</name><description>臂=A_fcs10_shrub 窗=w1 教师类=落叶灌丛</description><Style><IconStyle><color>ff0000ff</color></IconStyle></Style><Point><coordinates>126.125263,43.062450,0</coordinates></Point></Placemark>
<Placemark><name>M3B-A589</name><description>臂=A_fcs10_shrub 窗=w1 教师类=落叶灌丛</description><Style><IconStyle><color>ff0000ff</color></IconStyle></Style><Point><coordinates>123.106294,43.424112,0</coordinates></Point></Placemark>
<Placemark><name>M3B-A590</name><description>臂=A_fcs10_shrub 窗=w1 教师类=落叶灌丛</description><Style><IconStyle><color>ff0000ff</color></IconStyle></Style><Point><coordinates>123.524909,44.263138,0</coordinates></Point></Placemark>
<Placemark><name>M3B-A591</name><description>臂=A_fcs10_shrub 窗=w1 教师类=落叶灌丛</description><Style><IconStyle><color>ff0000ff</color></IconStyle></Style><Point><coordinates>123.247150,44.915046,0</coordinates></Point></Placemark>
<Placemark><name>M3B-A592</name><description>臂=A_fcs10_shrub 窗=w1 教师类=落叶灌丛</description><Style><IconStyle><color>ff0000ff</color></IconStyle></Style><Point><coordinates>123.482958,47.356307,0</coordinates></Point></Placemark>
<Placemark><name>M3B-A593</name><description>臂=A_fcs10_shrub 窗=w1 教师类=落叶灌丛</description><Style><IconStyle><color>ff0000ff</color></IconStyle></Style><Point><coordinates>125.275366,47.344000,0</coordinates></Point></Placemark>
<Placemark><name>M3B-A594</name><description>臂=A_fcs10_shrub 窗=w1 教师类=落叶灌丛</description><Style><IconStyle><color>ff0000ff</color></IconStyle></Style><Point><coordinates>122.383330,46.120764,0</coordinates></Point></Placemark>
<Placemark><name>M3B-A595</name><description>臂=A_fcs10_shrub 窗=w1 教师类=落叶灌丛</description><Style><IconStyle><color>ff0000ff</color></IconStyle></Style><Point><coordinates>123.333748,45.617259,0</coordinates></Point></Placemark>
<Placemark><name>M3B-A596</name><description>臂=A_fcs10_shrub 窗=w1 教师类=落叶灌丛</description><Style><IconStyle><color>ff0000ff</color></IconStyle></Style><Point><coordinates>124.909483,46.950808,0</coordinates></Point></Placemark>
<Placemark><name>M3B-A597</name><description>臂=A_fcs10_shrub 窗=w1 教师类=落叶灌丛</description><Style><IconStyle><color>ff0000ff</color></IconStyle></Style><Point><coordinates>122.579163,45.569199,0</coordinates></Point></Placemark>
<Placemark><name>M3B-A598</name><description>臂=A_fcs10_shrub 窗=w1 教师类=落叶灌丛</description><Style><IconStyle><color>ff0000ff</color></IconStyle></Style><Point><coordinates>124.901488,47.378675,0</coordinates></Point></Placemark>
<Placemark><name>M3B-A599</name><description>臂=A_fcs10_shrub 窗=w1 教师类=落叶灌丛</description><Style><IconStyle><color>ff0000ff</color></IconStyle></Style><Point><coordinates>123.962029,44.990684,0</coordinates></Point></Placemark>
<Placemark><name>M3B-B000</name><description>臂=B_control_base 窗=w3 教师类=草本旱地</description><Style><IconStyle><color>ff00ff00</color></IconStyle></Style><Point><coordinates>113.053113,27.314489,0</coordinates></Point></Placemark>
<Placemark><name>M3B-B001</name><description>臂=B_control_base 窗=w4 教师类=草本旱地</description><Style><IconStyle><color>ff00ff00</color></IconStyle></Style><Point><coordinates>106.747748,40.903484,0</coordinates></Point></Placemark>
<Placemark><name>M3B-B002</name><description>臂=B_control_base 窗=w2 教师类=草本旱地</description><Style><IconStyle><color>ff00ff00</color></IconStyle></Style><Point><coordinates>107.704993,35.291259,0</coordinates></Point></Placemark>
<Placemark><name>M3B-B003</name><description>臂=B_control_base 窗=w3 教师类=草本旱地</description><Style><IconStyle><color>ff00ff00</color></IconStyle></Style><Point><coordinates>111.213813,28.005743,0</coordinates></Point></Placemark>
<Placemark><name>M3B-B004</name><description>臂=B_control_base 窗=w3 教师类=草本旱地</description><Style><IconStyle><color>ff00ff00</color></IconStyle></Style><Point><coordinates>112.468579,26.952019,0</coordinates></Point></Placemark>
<Placemark><name>M3B-B005</name><description>臂=B_control_base 窗=w3 教师类=草本旱地</description><Style><IconStyle><color>ff00ff00</color></IconStyle></Style><Point><coordinates>111.360687,24.892541,0</coordinates></Point></Placemark>
<Placemark><name>M3B-B006</name><description>臂=B_control_base 窗=w2 教师类=草本旱地</description><Style><IconStyle><color>ff00ff00</color></IconStyle></Style><Point><coordinates>108.972426,34.708073,0</coordinates></Point></Placemark>
<Placemark><name>M3B-B007</name><description>臂=B_control_base 窗=w3 教师类=草本旱地</description><Style><IconStyle><color>ff00ff00</color></IconStyle></Style><Point><coordinates>113.691276,23.893525,0</coordinates></Point></Placemark>
<Placemark><name>M3B-B008</name><description>臂=B_control_base 窗=w3 教师类=草本旱地</description><Style><IconStyle><color>ff00ff00</color></IconStyle></Style><Point><coordinates>112.604135,23.741260,0</coordinates></Point></Placemark>
<Placemark><name>M3B-B009</name><description>臂=B_control_base 窗=w3 教师类=草本旱地</description><Style><IconStyle><color>ff00ff00</color></IconStyle></Style><Point><coordinates>109.802739,24.589629,0</coordinates></Point></Placemark>
<Placemark><name>M3B-B010</name><description>臂=B_control_base 窗=w4 教师类=草本旱地</description><Style><IconStyle><color>ff00ff00</color></IconStyle></Style><Point><coordinates>106.230588,37.543425,0</coordinates></Point></Placemark>
<Placemark><name>M3B-B011</name><description>臂=B_control_base 窗=w1 教师类=草本旱地</description><Style><IconStyle><color>ff00ff00</color></IconStyle></Style><Point><coordinates>124.785560,47.173275,0</coordinates></Point></Placemark>
<Placemark><name>M3B-B012</name><description>臂=B_control_base 窗=w2 教师类=草本旱地</description><Style><IconStyle><color>ff00ff00</color></IconStyle></Style><Point><coordinates>108.091987,33.007293,0</coordinates></Point></Placemark>
<Placemark><name>M3B-B013</name><description>臂=B_control_base 窗=w3 教师类=草本旱地</description><Style><IconStyle><color>ff00ff00</color></IconStyle></Style><Point><coordinates>111.957887,23.810520,0</coordinates></Point></Placemark>
<Placemark><name>M3B-B014</name><description>臂=B_control_base 窗=w2 教师类=草本旱地</description><Style><IconStyle><color>ff00ff00</color></IconStyle></Style><Point><coordinates>108.103037,35.000744,0</coordinates></Point></Placemark>
<Placemark><name>M3B-B015</name><description>臂=B_control_base 窗=w1 教师类=草本旱地</description><Style><IconStyle><color>ff00ff00</color></IconStyle></Style><Point><coordinates>126.257000,47.300207,0</coordinates></Point></Placemark>
<Placemark><name>M3B-B016</name><description>臂=B_control_base 窗=w1 教师类=草本旱地</description><Style><IconStyle><color>ff00ff00</color></IconStyle></Style><Point><coordinates>123.339452,44.073549,0</coordinates></Point></Placemark>
<Placemark><name>M3B-B017</name><description>臂=B_control_base 窗=w3 教师类=草本旱地</description><Style><IconStyle><color>ff00ff00</color></IconStyle></Style><Point><coordinates>111.186324,24.212876,0</coordinates></Point></Placemark>
<Placemark><name>M3B-B018</name><description>臂=B_control_base 窗=w3 教师类=草本旱地</description><Style><IconStyle><color>ff00ff00</color></IconStyle></Style><Point><coordinates>109.604122,26.730225,0</coordinates></Point></Placemark>
<Placemark><name>M3B-B019</name><description>臂=B_control_base 窗=w4 教师类=草本旱地</description><Style><IconStyle><color>ff00ff00</color></IconStyle></Style><Point><coordinates>105.720166,39.328019,0</coordinates></Point></Placemark>
<Placemark><name>M3B-B020</name><description>臂=B_control_base 窗=w3 教师类=草本旱地</description><Style><IconStyle><color>ff00ff00</color></IconStyle></Style><Point><coordinates>113.858094,25.404311,0</coordinates></Point></Placemark>
<Placemark><name>M3B-B021</name><description>臂=B_control_base 窗=w3 教师类=灌溉耕地</description><Style><IconStyle><color>ff00ff00</color></IconStyle></Style><Point><coordinates>112.611951,23.009582,0</coordinates></Point></Placemark>
<Placemark><name>M3B-B022</name><description>臂=B_control_base 窗=w3 教师类=灌溉耕地</description><Style><IconStyle><color>ff00ff00</color></IconStyle></Style><Point><coordinates>113.209690,28.678671,0</coordinates></Point></Placemark>
<Placemark><name>M3B-B023</name><description>臂=B_control_base 窗=w1 教师类=灌溉耕地</description><Style><IconStyle><color>ff00ff00</color></IconStyle></Style><Point><coordinates>125.918246,45.557925,0</coordinates></Point></Placemark>
<Placemark><name>M3B-B024</name><description>臂=B_control_base 窗=w3 教师类=灌溉耕地</description><Style><IconStyle><color>ff00ff00</color></IconStyle></Style><Point><coordinates>109.735096,27.694746,0</coordinates></Point></Placemark>
<Placemark><name>M3B-B025</name><description>臂=B_control_base 窗=w3 教师类=灌溉耕地</description><Style><IconStyle><color>ff00ff00</color></IconStyle></Style><Point><coordinates>112.023644,25.485160,0</coordinates></Point></Placemark>
<Placemark><name>M3B-B026</name><description>臂=B_control_base 窗=w2 教师类=灌溉耕地</description><Style><IconStyle><color>ff00ff00</color></IconStyle></Style><Point><coordinates>106.765266,31.782709,0</coordinates></Point></Placemark>
<Placemark><name>M3B-B027</name><description>臂=B_control_base 窗=w3 教师类=灌溉耕地</description><Style><IconStyle><color>ff00ff00</color></IconStyle></Style><Point><coordinates>112.165937,27.392912,0</coordinates></Point></Placemark>
<Placemark><name>M3B-B028</name><description>臂=B_control_base 窗=w2 教师类=灌溉耕地</description><Style><IconStyle><color>ff00ff00</color></IconStyle></Style><Point><coordinates>108.372262,33.000286,0</coordinates></Point></Placemark>
<Placemark><name>M3B-B029</name><description>臂=B_control_base 窗=w3 教师类=灌溉耕地</description><Style><IconStyle><color>ff00ff00</color></IconStyle></Style><Point><coordinates>110.072503,27.237413,0</coordinates></Point></Placemark>
<Placemark><name>M3B-B030</name><description>臂=B_control_base 窗=w3 教师类=灌溉耕地</description><Style><IconStyle><color>ff00ff00</color></IconStyle></Style><Point><coordinates>112.600362,27.934057,0</coordinates></Point></Placemark>
<Placemark><name>M3B-B031</name><description>臂=B_control_base 窗=w1 教师类=灌溉耕地</description><Style><IconStyle><color>ff00ff00</color></IconStyle></Style><Point><coordinates>123.024682,46.089368,0</coordinates></Point></Placemark>
<Placemark><name>M3B-B032</name><description>臂=B_control_base 窗=w3 教师类=灌溉耕地</description><Style><IconStyle><color>ff00ff00</color></IconStyle></Style><Point><coordinates>112.459956,26.923183,0</coordinates></Point></Placemark>
<Placemark><name>M3B-B033</name><description>臂=B_control_base 窗=w1 教师类=灌溉耕地</description><Style><IconStyle><color>ff00ff00</color></IconStyle></Style><Point><coordinates>126.150011,43.048391,0</coordinates></Point></Placemark>
<Placemark><name>M3B-B034</name><description>臂=B_control_base 窗=w3 教师类=灌溉耕地</description><Style><IconStyle><color>ff00ff00</color></IconStyle></Style><Point><coordinates>112.589313,23.010930,0</coordinates></Point></Placemark>
<Placemark><name>M3B-B035</name><description>臂=B_control_base 窗=w1 教师类=灌溉耕地</description><Style><IconStyle><color>ff00ff00</color></IconStyle></Style><Point><coordinates>125.059636,46.189081,0</coordinates></Point></Placemark>
<Placemark><name>M3B-B036</name><description>臂=B_control_base 窗= 教师类=灌溉耕地</description><Style><IconStyle><color>ff00ff00</color></IconStyle></Style><Point><coordinates>112.579881,22.992335,0</coordinates></Point></Placemark>
<Placemark><name>M3B-B037</name><description>臂=B_control_base 窗=w2 教师类=灌溉耕地</description><Style><IconStyle><color>ff00ff00</color></IconStyle></Style><Point><coordinates>107.156033,34.715619,0</coordinates></Point></Placemark>
<Placemark><name>M3B-B038</name><description>臂=B_control_base 窗=w1 教师类=灌溉耕地</description><Style><IconStyle><color>ff00ff00</color></IconStyle></Style><Point><coordinates>125.115691,45.536096,0</coordinates></Point></Placemark>
<Placemark><name>M3B-B039</name><description>臂=B_control_base 窗=w3 教师类=灌溉耕地</description><Style><IconStyle><color>ff00ff00</color></IconStyle></Style><Point><coordinates>111.527235,25.542832,0</coordinates></Point></Placemark>
<Placemark><name>M3B-B040</name><description>臂=B_control_base 窗=w1 教师类=灌溉耕地</description><Style><IconStyle><color>ff00ff00</color></IconStyle></Style><Point><coordinates>123.642903,46.564218,0</coordinates></Point></Placemark>
<Placemark><name>M3B-B041</name><description>臂=B_control_base 窗=w3 教师类=灌溉耕地</description><Style><IconStyle><color>ff00ff00</color></IconStyle></Style><Point><coordinates>112.803831,23.153223,0</coordinates></Point></Placemark>
<Placemark><name>M3B-B042</name><description>臂=B_control_base 窗=w3 教师类=常绿阔叶林</description><Style><IconStyle><color>ff00ff00</color></IconStyle></Style><Point><coordinates>109.161881,28.739846,0</coordinates></Point></Placemark>
<Placemark><name>M3B-B043</name><description>臂=B_control_base 窗=w3 教师类=常绿阔叶林</description><Style><IconStyle><color>ff00ff00</color></IconStyle></Style><Point><coordinates>113.191903,27.376203,0</coordinates></Point></Placemark>
<Placemark><name>M3B-B044</name><description>臂=B_control_base 窗=w3 教师类=常绿阔叶林</description><Style><IconStyle><color>ff00ff00</color></IconStyle></Style><Point><coordinates>110.882604,25.336129,0</coordinates></Point></Placemark>
<Placemark><name>M3B-B045</name><description>臂=B_control_base 窗=w3 教师类=常绿阔叶林</description><Style><IconStyle><color>ff00ff00</color></IconStyle></Style><Point><coordinates>111.874074,23.044617,0</coordinates></Point></Placemark>
<Placemark><name>M3B-B046</name><description>臂=B_control_base 窗=w3 教师类=常绿阔叶林</description><Style><IconStyle><color>ff00ff00</color></IconStyle></Style><Point><coordinates>113.187861,25.836850,0</coordinates></Point></Placemark>
<Placemark><name>M3B-B047</name><description>臂=B_control_base 窗=w3 教师类=常绿阔叶林</description><Style><IconStyle><color>ff00ff00</color></IconStyle></Style><Point><coordinates>111.372276,23.079382,0</coordinates></Point></Placemark>
<Placemark><name>M3B-B048</name><description>臂=B_control_base 窗=w2 教师类=常绿阔叶林</description><Style><IconStyle><color>ff00ff00</color></IconStyle></Style><Point><coordinates>108.366872,33.619315,0</coordinates></Point></Placemark>
<Placemark><name>M3B-B049</name><description>臂=B_control_base 窗=w2 教师类=常绿阔叶林</description><Style><IconStyle><color>ff00ff00</color></IconStyle></Style><Point><coordinates>108.314590,32.606015,0</coordinates></Point></Placemark>
<Placemark><name>M3B-B050</name><description>臂=B_control_base 窗=w3 教师类=常绿阔叶林</description><Style><IconStyle><color>ff00ff00</color></IconStyle></Style><Point><coordinates>109.305252,28.934151,0</coordinates></Point></Placemark>
<Placemark><name>M3B-B051</name><description>臂=B_control_base 窗=w3 教师类=常绿阔叶林</description><Style><IconStyle><color>ff00ff00</color></IconStyle></Style><Point><coordinates>108.968653,26.124940,0</coordinates></Point></Placemark>
<Placemark><name>M3B-B052</name><description>臂=B_control_base 窗=w3 教师类=常绿阔叶林</description><Style><IconStyle><color>ff00ff00</color></IconStyle></Style><Point><coordinates>110.662157,26.558018,0</coordinates></Point></Placemark>
<Placemark><name>M3B-B053</name><description>臂=B_control_base 窗=w3 教师类=常绿阔叶林</description><Style><IconStyle><color>ff00ff00</color></IconStyle></Style><Point><coordinates>112.478551,24.702008,0</coordinates></Point></Placemark>
<Placemark><name>M3B-B054</name><description>臂=B_control_base 窗=w3 教师类=常绿阔叶林</description><Style><IconStyle><color>ff00ff00</color></IconStyle></Style><Point><coordinates>109.604391,25.691323,0</coordinates></Point></Placemark>
<Placemark><name>M3B-B055</name><description>臂=B_control_base 窗=w3 教师类=常绿阔叶林</description><Style><IconStyle><color>ff00ff00</color></IconStyle></Style><Point><coordinates>113.056347,26.876830,0</coordinates></Point></Placemark>
<Placemark><name>M3B-B056</name><description>臂=B_control_base 窗=w2 教师类=常绿阔叶林</description><Style><IconStyle><color>ff00ff00</color></IconStyle></Style><Point><coordinates>109.864453,32.336790,0</coordinates></Point></Placemark>
<Placemark><name>M3B-B057</name><description>臂=B_control_base 窗=w3 教师类=常绿阔叶林</description><Style><IconStyle><color>ff00ff00</color></IconStyle></Style><Point><coordinates>113.078176,26.969266,0</coordinates></Point></Placemark>
<Placemark><name>M3B-B058</name><description>臂=B_control_base 窗=w3 教师类=常绿阔叶林</description><Style><IconStyle><color>ff00ff00</color></IconStyle></Style><Point><coordinates>112.475586,27.260051,0</coordinates></Point></Placemark>
<Placemark><name>M3B-B059</name><description>臂=B_control_base 窗=w2 教师类=常绿阔叶林</description><Style><IconStyle><color>ff00ff00</color></IconStyle></Style><Point><coordinates>106.398483,32.742379,0</coordinates></Point></Placemark>
<Placemark><name>M3B-B060</name><description>臂=B_control_base 窗=w3 教师类=常绿阔叶林</description><Style><IconStyle><color>ff00ff00</color></IconStyle></Style><Point><coordinates>112.656148,26.039241,0</coordinates></Point></Placemark>
<Placemark><name>M3B-B061</name><description>臂=B_control_base 窗=w3 教师类=常绿阔叶林</description><Style><IconStyle><color>ff00ff00</color></IconStyle></Style><Point><coordinates>108.677869,24.030697,0</coordinates></Point></Placemark>
<Placemark><name>M3B-B062</name><description>臂=B_control_base 窗=w3 教师类=常绿阔叶林</description><Style><IconStyle><color>ff00ff00</color></IconStyle></Style><Point><coordinates>113.988529,27.981758,0</coordinates></Point></Placemark>
<Placemark><name>M3B-B063</name><description>臂=B_control_base 窗=w3 教师类=落叶阔叶林</description><Style><IconStyle><color>ff00ff00</color></IconStyle></Style><Point><coordinates>110.316126,24.133375,0</coordinates></Point></Placemark>
<Placemark><name>M3B-B064</name><description>臂=B_control_base 窗=w2 教师类=落叶阔叶林</description><Style><IconStyle><color>ff00ff00</color></IconStyle></Style><Point><coordinates>107.927865,33.405336,0</coordinates></Point></Placemark>
<Placemark><name>M3B-B065</name><description>臂=B_control_base 窗=w2 教师类=落叶阔叶林</description><Style><IconStyle><color>ff00ff00</color></IconStyle></Style><Point><coordinates>108.055606,33.797720,0</coordinates></Point></Placemark>
<Placemark><name>M3B-B066</name><description>臂=B_control_base 窗=w3 教师类=落叶阔叶林</description><Style><IconStyle><color>ff00ff00</color></IconStyle></Style><Point><coordinates>112.506578,24.995219,0</coordinates></Point></Placemark>
<Placemark><name>M3B-B067</name><description>臂=B_control_base 窗=w2 教师类=落叶阔叶林</description><Style><IconStyle><color>ff00ff00</color></IconStyle></Style><Point><coordinates>106.607611,33.729269,0</coordinates></Point></Placemark>
<Placemark><name>M3B-B068</name><description>臂=B_control_base 窗=w2 教师类=落叶阔叶林</description><Style><IconStyle><color>ff00ff00</color></IconStyle></Style><Point><coordinates>105.815297,33.491844,0</coordinates></Point></Placemark>
<Placemark><name>M3B-B069</name><description>臂=B_control_base 窗=w2 教师类=落叶阔叶林</description><Style><IconStyle><color>ff00ff00</color></IconStyle></Style><Point><coordinates>108.321597,32.603320,0</coordinates></Point></Placemark>
<Placemark><name>M3B-B070</name><description>臂=B_control_base 窗=w2 教师类=落叶阔叶林</description><Style><IconStyle><color>ff00ff00</color></IconStyle></Style><Point><coordinates>105.651983,33.554636,0</coordinates></Point></Placemark>
<Placemark><name>M3B-B071</name><description>臂=B_control_base 窗=w3 教师类=落叶阔叶林</description><Style><IconStyle><color>ff00ff00</color></IconStyle></Style><Point><coordinates>109.399036,28.716939,0</coordinates></Point></Placemark>
<Placemark><name>M3B-B072</name><description>臂=B_control_base 窗=w3 教师类=落叶阔叶林</description><Style><IconStyle><color>ff00ff00</color></IconStyle></Style><Point><coordinates>112.857191,24.899817,0</coordinates></Point></Placemark>
<Placemark><name>M3B-B073</name><description>臂=B_control_base 窗=w1 教师类=落叶阔叶林</description><Style><IconStyle><color>ff00ff00</color></IconStyle></Style><Point><coordinates>122.348790,46.936390,0</coordinates></Point></Placemark>
<Placemark><name>M3B-B074</name><description>臂=B_control_base 窗=w2 教师类=落叶阔叶林</description><Style><IconStyle><color>ff00ff00</color></IconStyle></Style><Point><coordinates>106.332188,32.713543,0</coordinates></Point></Placemark>
<Placemark><name>M3B-B075</name><description>臂=B_control_base 窗=w3 教师类=落叶阔叶林</description><Style><IconStyle><color>ff00ff00</color></IconStyle></Style><Point><coordinates>113.270056,25.795078,0</coordinates></Point></Placemark>
<Placemark><name>M3B-B076</name><description>臂=B_control_base 窗=w2 教师类=落叶阔叶林</description><Style><IconStyle><color>ff00ff00</color></IconStyle></Style><Point><coordinates>106.602760,33.754871,0</coordinates></Point></Placemark>
<Placemark><name>M3B-B077</name><description>臂=B_control_base 窗=w2 教师类=落叶阔叶林</description><Style><IconStyle><color>ff00ff00</color></IconStyle></Style><Point><coordinates>109.268601,32.973336,0</coordinates></Point></Placemark>
<Placemark><name>M3B-B078</name><description>臂=B_control_base 窗=w3 教师类=落叶阔叶林</description><Style><IconStyle><color>ff00ff00</color></IconStyle></Style><Point><coordinates>108.448529,28.177141,0</coordinates></Point></Placemark>
<Placemark><name>M3B-B079</name><description>臂=B_control_base 窗=w2 教师类=落叶阔叶林</description><Style><IconStyle><color>ff00ff00</color></IconStyle></Style><Point><coordinates>108.679216,33.987175,0</coordinates></Point></Placemark>
<Placemark><name>M3B-B080</name><description>臂=B_control_base 窗=w2 教师类=落叶阔叶林</description><Style><IconStyle><color>ff00ff00</color></IconStyle></Style><Point><coordinates>108.839565,31.868678,0</coordinates></Point></Placemark>
<Placemark><name>M3B-B081</name><description>臂=B_control_base 窗=w3 教师类=落叶阔叶林</description><Style><IconStyle><color>ff00ff00</color></IconStyle></Style><Point><coordinates>108.345582,23.821031,0</coordinates></Point></Placemark>
<Placemark><name>M3B-B082</name><description>臂=B_control_base 窗=w2 教师类=落叶阔叶林</description><Style><IconStyle><color>ff00ff00</color></IconStyle></Style><Point><coordinates>108.871905,32.976570,0</coordinates></Point></Placemark>
<Placemark><name>M3B-B083</name><description>臂=B_control_base 窗=w2 教师类=落叶阔叶林</description><Style><IconStyle><color>ff00ff00</color></IconStyle></Style><Point><coordinates>108.838757,32.986002,0</coordinates></Point></Placemark>
<Placemark><name>M3B-B084</name><description>臂=B_control_base 窗=w2 教师类=常绿针叶林</description><Style><IconStyle><color>ff00ff00</color></IconStyle></Style><Point><coordinates>107.044192,32.332209,0</coordinates></Point></Placemark>
<Placemark><name>M3B-B085</name><description>臂=B_control_base 窗=w2 教师类=常绿针叶林</description><Style><IconStyle><color>ff00ff00</color></IconStyle></Style><Point><coordinates>107.215052,32.039268,0</coordinates></Point></Placemark>
<Placemark><name>M3B-B086</name><description>臂=B_control_base 窗=w3 教师类=常绿针叶林</description><Style><IconStyle><color>ff00ff00</color></IconStyle></Style><Point><coordinates>111.524809,27.037179,0</coordinates></Point></Placemark>
<Placemark><name>M3B-B087</name><description>臂=B_control_base 窗=w3 教师类=常绿针叶林</description><Style><IconStyle><color>ff00ff00</color></IconStyle></Style><Point><coordinates>110.510432,26.079665,0</coordinates></Point></Placemark>
<Placemark><name>M3B-B088</name><description>臂=B_control_base 窗=w3 教师类=常绿针叶林</description><Style><IconStyle><color>ff00ff00</color></IconStyle></Style><Point><coordinates>113.753260,28.413757,0</coordinates></Point></Placemark>
<Placemark><name>M3B-B089</name><description>臂=B_control_base 窗=w3 教师类=常绿针叶林</description><Style><IconStyle><color>ff00ff00</color></IconStyle></Style><Point><coordinates>109.216588,27.685044,0</coordinates></Point></Placemark>
<Placemark><name>M3B-B090</name><description>臂=B_control_base 窗=w3 教师类=常绿针叶林</description><Style><IconStyle><color>ff00ff00</color></IconStyle></Style><Point><coordinates>108.094143,24.248988,0</coordinates></Point></Placemark>
<Placemark><name>M3B-B091</name><description>臂=B_control_base 窗=w3 教师类=常绿针叶林</description><Style><IconStyle><color>ff00ff00</color></IconStyle></Style><Point><coordinates>112.113386,28.219182,0</coordinates></Point></Placemark>
<Placemark><name>M3B-B092</name><description>臂=B_control_base 窗=w3 教师类=常绿针叶林</description><Style><IconStyle><color>ff00ff00</color></IconStyle></Style><Point><coordinates>110.943240,27.929745,0</coordinates></Point></Placemark>
<Placemark><name>M3B-B093</name><description>臂=B_control_base 窗=w3 教师类=常绿针叶林</description><Style><IconStyle><color>ff00ff00</color></IconStyle></Style><Point><coordinates>112.794668,27.156026,0</coordinates></Point></Placemark>
<Placemark><name>M3B-B094</name><description>臂=B_control_base 窗=w3 教师类=常绿针叶林</description><Style><IconStyle><color>ff00ff00</color></IconStyle></Style><Point><coordinates>110.241746,25.775405,0</coordinates></Point></Placemark>
<Placemark><name>M3B-B095</name><description>臂=B_control_base 窗=w3 教师类=常绿针叶林</description><Style><IconStyle><color>ff00ff00</color></IconStyle></Style><Point><coordinates>113.126955,27.641386,0</coordinates></Point></Placemark>
<Placemark><name>M3B-B096</name><description>臂=B_control_base 窗=w3 教师类=常绿针叶林</description><Style><IconStyle><color>ff00ff00</color></IconStyle></Style><Point><coordinates>108.348007,23.795698,0</coordinates></Point></Placemark>
<Placemark><name>M3B-B097</name><description>臂=B_control_base 窗=w1 教师类=常绿针叶林</description><Style><IconStyle><color>ff00ff00</color></IconStyle></Style><Point><coordinates>123.528907,44.277287,0</coordinates></Point></Placemark>
<Placemark><name>M3B-B098</name><description>臂=B_control_base 窗=w3 教师类=常绿针叶林</description><Style><IconStyle><color>ff00ff00</color></IconStyle></Style><Point><coordinates>110.516361,26.521636,0</coordinates></Point></Placemark>
<Placemark><name>M3B-B099</name><description>臂=B_control_base 窗=w3 教师类=常绿针叶林</description><Style><IconStyle><color>ff00ff00</color></IconStyle></Style><Point><coordinates>108.355553,23.838009,0</coordinates></Point></Placemark>
<Placemark><name>M3B-B100</name><description>臂=B_control_base 窗=w2 教师类=常绿针叶林</description><Style><IconStyle><color>ff00ff00</color></IconStyle></Style><Point><coordinates>105.770022,33.479178,0</coordinates></Point></Placemark>
<Placemark><name>M3B-B101</name><description>臂=B_control_base 窗=w1 教师类=常绿针叶林</description><Style><IconStyle><color>ff00ff00</color></IconStyle></Style><Point><coordinates>126.057844,43.138403,0</coordinates></Point></Placemark>
<Placemark><name>M3B-B102</name><description>臂=B_control_base 窗=w3 教师类=常绿针叶林</description><Style><IconStyle><color>ff00ff00</color></IconStyle></Style><Point><coordinates>110.716326,25.893713,0</coordinates></Point></Placemark>
<Placemark><name>M3B-B103</name><description>臂=B_control_base 窗=w3 教师类=常绿针叶林</description><Style><IconStyle><color>ff00ff00</color></IconStyle></Style><Point><coordinates>113.855668,25.444466,0</coordinates></Point></Placemark>
<Placemark><name>M3B-B104</name><description>臂=B_control_base 窗=w3 教师类=常绿针叶林</description><Style><IconStyle><color>ff00ff00</color></IconStyle></Style><Point><coordinates>110.296723,25.927131,0</coordinates></Point></Placemark>
<Placemark><name>M3B-B105</name><description>臂=B_control_base 窗=w1 教师类=落叶针叶林</description><Style><IconStyle><color>ff00ff00</color></IconStyle></Style><Point><coordinates>122.348790,46.933964,0</coordinates></Point></Placemark>
<Placemark><name>M3B-B106</name><description>臂=B_control_base 窗=w1 教师类=落叶针叶林</description><Style><IconStyle><color>ff00ff00</color></IconStyle></Style><Point><coordinates>126.329495,43.350495,0</coordinates></Point></Placemark>
<Placemark><name>M3B-B107</name><description>臂=B_control_base 窗=w1 教师类=落叶针叶林</description><Style><IconStyle><color>ff00ff00</color></IconStyle></Style><Point><coordinates>122.352832,46.931269,0</coordinates></Point></Placemark>
<Placemark><name>M3B-B108</name><description>臂=B_control_base 窗=w1 教师类=落叶针叶林</description><Style><IconStyle><color>ff00ff00</color></IconStyle></Style><Point><coordinates>126.116324,43.059980,0</coordinates></Point></Placemark>
<Placemark><name>M3B-B109</name><description>臂=B_control_base 窗=w1 教师类=落叶针叶林</description><Style><IconStyle><color>ff00ff00</color></IconStyle></Style><Point><coordinates>124.543554,46.277475,0</coordinates></Point></Placemark>
<Placemark><name>M3B-B110</name><description>臂=B_control_base 窗=w1 教师类=落叶针叶林</description><Style><IconStyle><color>ff00ff00</color></IconStyle></Style><Point><coordinates>126.263738,44.171375,0</coordinates></Point></Placemark>
<Placemark><name>M3B-B111</name><description>臂=B_control_base 窗=w1 教师类=落叶针叶林</description><Style><IconStyle><color>ff00ff00</color></IconStyle></Style><Point><coordinates>122.337741,46.921298,0</coordinates></Point></Placemark>
<Placemark><name>M3B-B112</name><description>臂=B_control_base 窗=w1 教师类=落叶针叶林</description><Style><IconStyle><color>ff00ff00</color></IconStyle></Style><Point><coordinates>126.370727,43.711617,0</coordinates></Point></Placemark>
<Placemark><name>M3B-B113</name><description>臂=B_control_base 窗=w4 教师类=草地</description><Style><IconStyle><color>ff00ff00</color></IconStyle></Style><Point><coordinates>106.416540,39.250943,0</coordinates></Point></Placemark>
<Placemark><name>M3B-B114</name><description>臂=B_control_base 窗=w4 教师类=草地</description><Style><IconStyle><color>ff00ff00</color></IconStyle></Style><Point><coordinates>104.651350,36.654093,0</coordinates></Point></Placemark>
<Placemark><name>M3B-B115</name><description>臂=B_control_base 窗=w1 教师类=草地</description><Style><IconStyle><color>ff00ff00</color></IconStyle></Style><Point><coordinates>123.066454,46.141650,0</coordinates></Point></Placemark>
<Placemark><name>M3B-B116</name><description>臂=B_control_base 窗=w1 教师类=草地</description><Style><IconStyle><color>ff00ff00</color></IconStyle></Style><Point><coordinates>122.069594,46.534034,0</coordinates></Point></Placemark>
<Placemark><name>M3B-B117</name><description>臂=B_control_base 窗=w4 教师类=草地</description><Style><IconStyle><color>ff00ff00</color></IconStyle></Style><Point><coordinates>106.406568,36.631456,0</coordinates></Point></Placemark>
<Placemark><name>M3B-B118</name><description>臂=B_control_base 窗=w4 教师类=草地</description><Style><IconStyle><color>ff00ff00</color></IconStyle></Style><Point><coordinates>106.423546,36.530395,0</coordinates></Point></Placemark>
<Placemark><name>M3B-B119</name><description>臂=B_control_base 窗=w4 教师类=草地</description><Style><IconStyle><color>ff00ff00</color></IconStyle></Style><Point><coordinates>101.482633,36.019703,0</coordinates></Point></Placemark>
<Placemark><name>M3B-B120</name><description>臂=B_control_base 窗=w4 教师类=草地</description><Style><IconStyle><color>ff00ff00</color></IconStyle></Style><Point><coordinates>101.887414,38.657247,0</coordinates></Point></Placemark>
<Placemark><name>M3B-B121</name><description>臂=B_control_base 窗=w4 教师类=草地</description><Style><IconStyle><color>ff00ff00</color></IconStyle></Style><Point><coordinates>106.157825,38.860715,0</coordinates></Point></Placemark>
<Placemark><name>M3B-B122</name><description>臂=B_control_base 窗=w4 教师类=草地</description><Style><IconStyle><color>ff00ff00</color></IconStyle></Style><Point><coordinates>105.733640,38.507947,0</coordinates></Point></Placemark>
<Placemark><name>M3B-B123</name><description>臂=B_control_base 窗=w4 教师类=草地</description><Style><IconStyle><color>ff00ff00</color></IconStyle></Style><Point><coordinates>101.402323,37.293604,0</coordinates></Point></Placemark>
<Placemark><name>M3B-B124</name><description>臂=B_control_base 窗=w4 教师类=草地</description><Style><IconStyle><color>ff00ff00</color></IconStyle></Style><Point><coordinates>106.393902,36.619598,0</coordinates></Point></Placemark>
<Placemark><name>M3B-B125</name><description>臂=B_control_base 窗=w4 教师类=草地</description><Style><IconStyle><color>ff00ff00</color></IconStyle></Style><Point><coordinates>101.402862,37.974078,0</coordinates></Point></Placemark>
<Placemark><name>M3B-B126</name><description>臂=B_control_base 窗=w4 教师类=草地</description><Style><IconStyle><color>ff00ff00</color></IconStyle></Style><Point><coordinates>102.637687,37.592204,0</coordinates></Point></Placemark>
<Placemark><name>M3B-B127</name><description>臂=B_control_base 窗=w4 教师类=草地</description><Style><IconStyle><color>ff00ff00</color></IconStyle></Style><Point><coordinates>103.287438,36.212122,0</coordinates></Point></Placemark>
<Placemark><name>M3B-B128</name><description>臂=B_control_base 窗=w2 教师类=草地</description><Style><IconStyle><color>ff00ff00</color></IconStyle></Style><Point><coordinates>109.418979,35.573151,0</coordinates></Point></Placemark>
<Placemark><name>M3B-B129</name><description>臂=B_control_base 窗=w2 教师类=草地</description><Style><IconStyle><color>ff00ff00</color></IconStyle></Style><Point><coordinates>106.652617,35.629205,0</coordinates></Point></Placemark>
<Placemark><name>M3B-B130</name><description>臂=B_control_base 窗=w4 教师类=草地</description><Style><IconStyle><color>ff00ff00</color></IconStyle></Style><Point><coordinates>102.780519,36.982338,0</coordinates></Point></Placemark>
<Placemark><name>M3B-B131</name><description>臂=B_control_base 窗=w1 教师类=草地</description><Style><IconStyle><color>ff00ff00</color></IconStyle></Style><Point><coordinates>122.426674,46.492532,0</coordinates></Point></Placemark>
<Placemark><name>M3B-B132</name><description>臂=B_control_base 窗=w1 教师类=草地</description><Style><IconStyle><color>ff00ff00</color></IconStyle></Style><Point><coordinates>122.206766,44.839722,0</coordinates></Point></Placemark>
<Placemark><name>M3B-B133</name><description>臂=B_control_base 窗=w4 教师类=草地</description><Style><IconStyle><color>ff00ff00</color></IconStyle></Style><Point><coordinates>102.168227,37.274739,0</coordinates></Point></Placemark>
<Placemark><name>M3B-B134</name><description>臂=B_control_base 窗=w4 教师类=稀疏植被</description><Style><IconStyle><color>ff00ff00</color></IconStyle></Style><Point><coordinates>101.298029,36.292971,0</coordinates></Point></Placemark>
<Placemark><name>M3B-B135</name><description>臂=B_control_base 窗=w4 教师类=稀疏植被</description><Style><IconStyle><color>ff00ff00</color></IconStyle></Style><Point><coordinates>106.855007,38.082684,0</coordinates></Point></Placemark>
<Placemark><name>M3B-B136</name><description>臂=B_control_base 窗=w4 教师类=稀疏植被</description><Style><IconStyle><color>ff00ff00</color></IconStyle></Style><Point><coordinates>101.475895,36.021051,0</coordinates></Point></Placemark>
<Placemark><name>M3B-B137</name><description>臂=B_control_base 窗=w4 教师类=稀疏植被</description><Style><IconStyle><color>ff00ff00</color></IconStyle></Style><Point><coordinates>106.453191,40.906987,0</coordinates></Point></Placemark>
<Placemark><name>M3B-B138</name><description>臂=B_control_base 窗=w4 教师类=稀疏植被</description><Style><IconStyle><color>ff00ff00</color></IconStyle></Style><Point><coordinates>106.875758,41.223643,0</coordinates></Point></Placemark>
<Placemark><name>M3B-B139</name><description>臂=B_control_base 窗=w4 教师类=稀疏植被</description><Style><IconStyle><color>ff00ff00</color></IconStyle></Style><Point><coordinates>103.552890,39.922793,0</coordinates></Point></Placemark>
<Placemark><name>M3B-B140</name><description>臂=B_control_base 窗=w4 教师类=稀疏植被</description><Style><IconStyle><color>ff00ff00</color></IconStyle></Style><Point><coordinates>103.532139,39.940849,0</coordinates></Point></Placemark>
<Placemark><name>M3B-B141</name><description>臂=B_control_base 窗=w4 教师类=稀疏植被</description><Style><IconStyle><color>ff00ff00</color></IconStyle></Style><Point><coordinates>101.020989,39.171981,0</coordinates></Point></Placemark>
<Placemark><name>M3B-B142</name><description>臂=B_control_base 窗=w4 教师类=稀疏植被</description><Style><IconStyle><color>ff00ff00</color></IconStyle></Style><Point><coordinates>101.206131,40.616472,0</coordinates></Point></Placemark>
<Placemark><name>M3B-B143</name><description>臂=B_control_base 窗=w4 教师类=稀疏植被</description><Style><IconStyle><color>ff00ff00</color></IconStyle></Style><Point><coordinates>103.446440,37.731533,0</coordinates></Point></Placemark>
<Placemark><name>M3B-B144</name><description>臂=B_control_base 窗=w4 教师类=稀疏植被</description><Style><IconStyle><color>ff00ff00</color></IconStyle></Style><Point><coordinates>103.562592,39.927914,0</coordinates></Point></Placemark>
<Placemark><name>M3B-B145</name><description>臂=B_control_base 窗=w4 教师类=稀疏植被</description><Style><IconStyle><color>ff00ff00</color></IconStyle></Style><Point><coordinates>103.258602,38.553222,0</coordinates></Point></Placemark>
<Placemark><name>M3B-B146</name><description>臂=B_control_base 窗=w4 教师类=稀疏植被</description><Style><IconStyle><color>ff00ff00</color></IconStyle></Style><Point><coordinates>102.505904,38.412276,0</coordinates></Point></Placemark>
<Placemark><name>M3B-B147</name><description>臂=B_control_base 窗=w4 教师类=稀疏植被</description><Style><IconStyle><color>ff00ff00</color></IconStyle></Style><Point><coordinates>106.437830,40.900519,0</coordinates></Point></Placemark>
<Placemark><name>M3B-B148</name><description>臂=B_control_base 窗=w4 教师类=稀疏植被</description><Style><IconStyle><color>ff00ff00</color></IconStyle></Style><Point><coordinates>102.552796,38.388560,0</coordinates></Point></Placemark>
<Placemark><name>M3B-B149</name><description>臂=B_control_base 窗=w4 教师类=稀疏植被</description><Style><IconStyle><color>ff00ff00</color></IconStyle></Style><Point><coordinates>102.522612,40.673066,0</coordinates></Point></Placemark>
<Placemark><name>M3B-B150</name><description>臂=B_control_base 窗=w4 教师类=稀疏植被</description><Style><IconStyle><color>ff00ff00</color></IconStyle></Style><Point><coordinates>103.229766,38.527350,0</coordinates></Point></Placemark>
<Placemark><name>M3B-B151</name><description>臂=B_control_base 窗=w4 教师类=稀疏植被</description><Style><IconStyle><color>ff00ff00</color></IconStyle></Style><Point><coordinates>106.397136,37.807261,0</coordinates></Point></Placemark>
<Placemark><name>M3B-B152</name><description>臂=B_control_base 窗=w4 教师类=稀疏植被</description><Style><IconStyle><color>ff00ff00</color></IconStyle></Style><Point><coordinates>103.216830,38.555378,0</coordinates></Point></Placemark>
<Placemark><name>M3B-B153</name><description>臂=B_control_base 窗=w4 教师类=稀疏植被</description><Style><IconStyle><color>ff00ff00</color></IconStyle></Style><Point><coordinates>101.175948,40.656357,0</coordinates></Point></Placemark>
<Placemark><name>M3B-B154</name><description>臂=B_control_base 窗=w4 教师类=稀疏植被</description><Style><IconStyle><color>ff00ff00</color></IconStyle></Style><Point><coordinates>103.240546,38.570200,0</coordinates></Point></Placemark>
<Placemark><name>M3B-B155</name><description>臂=B_control_base 窗=w3 教师类=草本沼泽</description><Style><IconStyle><color>ff00ff00</color></IconStyle></Style><Point><coordinates>111.204111,28.012480,0</coordinates></Point></Placemark>
<Placemark><name>M3B-B156</name><description>臂=B_control_base 窗=w1 教师类=草本沼泽</description><Style><IconStyle><color>ff00ff00</color></IconStyle></Style><Point><coordinates>124.329845,46.972232,0</coordinates></Point></Placemark>
<Placemark><name>M3B-B157</name><description>臂=B_control_base 窗=w3 教师类=草本沼泽</description><Style><IconStyle><color>ff00ff00</color></IconStyle></Style><Point><coordinates>110.160897,25.504024,0</coordinates></Point></Placemark>
<Placemark><name>M3B-B158</name><description>臂=B_control_base 窗=w1 教师类=草本沼泽</description><Style><IconStyle><color>ff00ff00</color></IconStyle></Style><Point><coordinates>126.105006,43.135977,0</coordinates></Point></Placemark>
<Placemark><name>M3B-B159</name><description>臂=B_control_base 窗=w3 教师类=草本沼泽</description><Style><IconStyle><color>ff00ff00</color></IconStyle></Style><Point><coordinates>112.009630,25.514804,0</coordinates></Point></Placemark>
<Placemark><name>M3B-B160</name><description>臂=B_control_base 窗=w1 教师类=草本沼泽</description><Style><IconStyle><color>ff00ff00</color></IconStyle></Style><Point><coordinates>124.837572,45.778910,0</coordinates></Point></Placemark>
<Placemark><name>M3B-B161</name><description>臂=B_control_base 窗=w3 教师类=草本沼泽</description><Style><IconStyle><color>ff00ff00</color></IconStyle></Style><Point><coordinates>112.239509,27.695554,0</coordinates></Point></Placemark>
<Placemark><name>M3B-B162</name><description>臂=B_control_base 窗=w3 教师类=草本沼泽</description><Style><IconStyle><color>ff00ff00</color></IconStyle></Style><Point><coordinates>110.393741,24.932426,0</coordinates></Point></Placemark>
<Placemark><name>M3B-B163</name><description>臂=B_control_base 窗=w1 教师类=草本沼泽</description><Style><IconStyle><color>ff00ff00</color></IconStyle></Style><Point><coordinates>125.926870,45.565201,0</coordinates></Point></Placemark>
<Placemark><name>M3B-B164</name><description>臂=B_control_base 窗=w3 教师类=草本沼泽</description><Style><IconStyle><color>ff00ff00</color></IconStyle></Style><Point><coordinates>110.168174,25.467104,0</coordinates></Point></Placemark>
<Placemark><name>M3B-B165</name><description>臂=B_control_base 窗=w1 教师类=草本沼泽</description><Style><IconStyle><color>ff00ff00</color></IconStyle></Style><Point><coordinates>124.043102,46.272086,0</coordinates></Point></Placemark>
<Placemark><name>M3B-B166</name><description>臂=B_control_base 窗=w3 教师类=草本沼泽</description><Style><IconStyle><color>ff00ff00</color></IconStyle></Style><Point><coordinates>111.354219,27.719000,0</coordinates></Point></Placemark>
<Placemark><name>M3B-B167</name><description>臂=B_control_base 窗=w1 教师类=草本沼泽</description><Style><IconStyle><color>ff00ff00</color></IconStyle></Style><Point><coordinates>122.366846,45.308373,0</coordinates></Point></Placemark>
<Placemark><name>M3B-B168</name><description>臂=B_control_base 窗=w1 教师类=草本沼泽</description><Style><IconStyle><color>ff00ff00</color></IconStyle></Style><Point><coordinates>122.635532,43.414904,0</coordinates></Point></Placemark>
<Placemark><name>M3B-B169</name><description>臂=B_control_base 窗=w3 教师类=草本沼泽</description><Style><IconStyle><color>ff00ff00</color></IconStyle></Style><Point><coordinates>112.222261,28.853034,0</coordinates></Point></Placemark>
<Placemark><name>M3B-B170</name><description>臂=B_control_base 窗=w3 教师类=草本沼泽</description><Style><IconStyle><color>ff00ff00</color></IconStyle></Style><Point><coordinates>110.181918,25.486238,0</coordinates></Point></Placemark>
<Placemark><name>M3B-B171</name><description>臂=B_control_base 窗=w1 教师类=草本沼泽</description><Style><IconStyle><color>ff00ff00</color></IconStyle></Style><Point><coordinates>124.921924,44.001324,0</coordinates></Point></Placemark>
<Placemark><name>M3B-B172</name><description>臂=B_control_base 窗=w1 教师类=草本沼泽</description><Style><IconStyle><color>ff00ff00</color></IconStyle></Style><Point><coordinates>124.824098,45.762741,0</coordinates></Point></Placemark>
<Placemark><name>M3B-B173</name><description>臂=B_control_base 窗=w1 教师类=草本沼泽</description><Style><IconStyle><color>ff00ff00</color></IconStyle></Style><Point><coordinates>125.136172,45.545259,0</coordinates></Point></Placemark>
<Placemark><name>M3B-B174</name><description>臂=B_control_base 窗=w1 教师类=草本沼泽</description><Style><IconStyle><color>ff00ff00</color></IconStyle></Style><Point><coordinates>124.012650,46.256185,0</coordinates></Point></Placemark>
<Placemark><name>M3B-B175</name><description>臂=B_control_base 窗=w3 教师类=草本沼泽</description><Style><IconStyle><color>ff00ff00</color></IconStyle></Style><Point><coordinates>112.533528,27.796345,0</coordinates></Point></Placemark>
<Placemark><name>M3B-B176</name><description>臂=B_control_base 窗=w4 教师类=湖河滩地</description><Style><IconStyle><color>ff00ff00</color></IconStyle></Style><Point><coordinates>106.199327,38.579902,0</coordinates></Point></Placemark>
<Placemark><name>M3B-B177</name><description>臂=B_control_base 窗=w4 教师类=湖河滩地</description><Style><IconStyle><color>ff00ff00</color></IconStyle></Style><Point><coordinates>103.824271,38.664253,0</coordinates></Point></Placemark>
<Placemark><name>M3B-B178</name><description>臂=B_control_base 窗=w1 教师类=湖河滩地</description><Style><IconStyle><color>ff00ff00</color></IconStyle></Style><Point><coordinates>125.951124,45.191143,0</coordinates></Point></Placemark>
<Placemark><name>M3B-B179</name><description>臂=B_control_base 窗=w1 教师类=湖河滩地</description><Style><IconStyle><color>ff00ff00</color></IconStyle></Style><Point><coordinates>125.947351,45.194377,0</coordinates></Point></Placemark>
<Placemark><name>M3B-B180</name><description>臂=B_control_base 窗=w4 教师类=湖河滩地</description><Style><IconStyle><color>ff00ff00</color></IconStyle></Style><Point><coordinates>106.027928,40.879768,0</coordinates></Point></Placemark>
<Placemark><name>M3B-B181</name><description>臂=B_control_base 窗=w4 教师类=湖河滩地</description><Style><IconStyle><color>ff00ff00</color></IconStyle></Style><Point><coordinates>105.179559,37.651223,0</coordinates></Point></Placemark>
<Placemark><name>M3B-B182</name><description>臂=B_control_base 窗=w1 教师类=湖河滩地</description><Style><IconStyle><color>ff00ff00</color></IconStyle></Style><Point><coordinates>122.337202,44.157362,0</coordinates></Point></Placemark>
<Placemark><name>M3B-B183</name><description>臂=B_control_base 窗=w1 教师类=湖河滩地</description><Style><IconStyle><color>ff00ff00</color></IconStyle></Style><Point><coordinates>124.814935,45.772173,0</coordinates></Point></Placemark>
<Placemark><name>M3B-B184</name><description>臂=B_control_base 窗=w1 教师类=湖河滩地</description><Style><IconStyle><color>ff00ff00</color></IconStyle></Style><Point><coordinates>124.718725,45.324004,0</coordinates></Point></Placemark>
<Placemark><name>M3B-B185</name><description>臂=B_control_base 窗=w1 教师类=湖河滩地</description><Style><IconStyle><color>ff00ff00</color></IconStyle></Style><Point><coordinates>126.413038,44.133646,0</coordinates></Point></Placemark>
<Placemark><name>M3B-B186</name><description>臂=B_control_base 窗=w4 教师类=湖河滩地</description><Style><IconStyle><color>ff00ff00</color></IconStyle></Style><Point><coordinates>105.941690,37.839600,0</coordinates></Point></Placemark>
<Placemark><name>M3B-B187</name><description>臂=B_control_base 窗=w3 教师类=湖河滩地</description><Style><IconStyle><color>ff00ff00</color></IconStyle></Style><Point><coordinates>111.352063,24.904938,0</coordinates></Point></Placemark>
<Placemark><name>M3B-B188</name><description>臂=B_control_base 窗=w1 教师类=湖河滩地</description><Style><IconStyle><color>ff00ff00</color></IconStyle></Style><Point><coordinates>124.727349,45.296785,0</coordinates></Point></Placemark>
<Placemark><name>M3B-B189</name><description>臂=B_control_base 窗=w3 教师类=湖河滩地</description><Style><IconStyle><color>ff00ff00</color></IconStyle></Style><Point><coordinates>112.219297,28.867047,0</coordinates></Point></Placemark>
<Placemark><name>M3B-B190</name><description>臂=B_control_base 窗=w4 教师类=湖河滩地</description><Style><IconStyle><color>ff00ff00</color></IconStyle></Style><Point><coordinates>106.335691,38.308251,0</coordinates></Point></Placemark>
<Placemark><name>M3B-B191</name><description>臂=B_control_base 窗=w2 教师类=湖河滩地</description><Style><IconStyle><color>ff00ff00</color></IconStyle></Style><Point><coordinates>108.402984,34.206004,0</coordinates></Point></Placemark>
<Placemark><name>M3B-B192</name><description>臂=B_control_base 窗=w1 教师类=湖河滩地</description><Style><IconStyle><color>ff00ff00</color></IconStyle></Style><Point><coordinates>125.924983,45.571130,0</coordinates></Point></Placemark>
<Placemark><name>M3B-B193</name><description>臂=B_control_base 窗=w3 教师类=湖河滩地</description><Style><IconStyle><color>ff00ff00</color></IconStyle></Style><Point><coordinates>112.235197,28.903699,0</coordinates></Point></Placemark>
<Placemark><name>M3B-B194</name><description>臂=B_control_base 窗=w2 教师类=湖河滩地</description><Style><IconStyle><color>ff00ff00</color></IconStyle></Style><Point><coordinates>108.399481,34.207352,0</coordinates></Point></Placemark>
<Placemark><name>M3B-B195</name><description>臂=B_control_base 窗=w4 教师类=湖河滩地</description><Style><IconStyle><color>ff00ff00</color></IconStyle></Style><Point><coordinates>106.334344,38.296124,0</coordinates></Point></Placemark>
<Placemark><name>M3B-B196</name><description>臂=B_control_base 窗=w4 教师类=湖河滩地</description><Style><IconStyle><color>ff00ff00</color></IconStyle></Style><Point><coordinates>106.295537,37.665237,0</coordinates></Point></Placemark>
<Placemark><name>M3B-B197</name><description>臂=B_control_base 窗=w3 教师类=不透水面</description><Style><IconStyle><color>ff00ff00</color></IconStyle></Style><Point><coordinates>108.956796,23.161847,0</coordinates></Point></Placemark>
<Placemark><name>M3B-B198</name><description>臂=B_control_base 窗=w3 教师类=不透水面</description><Style><IconStyle><color>ff00ff00</color></IconStyle></Style><Point><coordinates>111.995617,24.670208,0</coordinates></Point></Placemark>
<Placemark><name>M3B-B199</name><description>臂=B_control_base 窗=w3 教师类=不透水面</description><Style><IconStyle><color>ff00ff00</color></IconStyle></Style><Point><coordinates>113.077907,26.069154,0</coordinates></Point></Placemark>
<Placemark><name>M3B-B200</name><description>臂=B_control_base 窗=w4 教师类=不透水面</description><Style><IconStyle><color>ff00ff00</color></IconStyle></Style><Point><coordinates>106.257268,38.468870,0</coordinates></Point></Placemark>
<Placemark><name>M3B-B201</name><description>臂=B_control_base 窗=w3 教师类=不透水面</description><Style><IconStyle><color>ff00ff00</color></IconStyle></Style><Point><coordinates>110.985012,26.067537,0</coordinates></Point></Placemark>
<Placemark><name>M3B-B202</name><description>臂=B_control_base 窗=w3 教师类=不透水面</description><Style><IconStyle><color>ff00ff00</color></IconStyle></Style><Point><coordinates>111.269059,26.988131,0</coordinates></Point></Placemark>
<Placemark><name>M3B-B203</name><description>臂=B_control_base 窗=w2 教师类=不透水面</description><Style><IconStyle><color>ff00ff00</color></IconStyle></Style><Point><coordinates>108.725569,34.407047,0</coordinates></Point></Placemark>
<Placemark><name>M3B-B204</name><description>臂=B_control_base 窗=w2 教师类=不透水面</description><Style><IconStyle><color>ff00ff00</color></IconStyle></Style><Point><coordinates>106.226546,34.531284,0</coordinates></Point></Placemark>
<Placemark><name>M3B-B205</name><description>臂=B_control_base 窗=w3 教师类=不透水面</description><Style><IconStyle><color>ff00ff00</color></IconStyle></Style><Point><coordinates>111.080143,26.924530,0</coordinates></Point></Placemark>
<Placemark><name>M3B-B206</name><description>臂=B_control_base 窗=w1 教师类=不透水面</description><Style><IconStyle><color>ff00ff00</color></IconStyle></Style><Point><coordinates>123.514354,46.763644,0</coordinates></Point></Placemark>
<Placemark><name>M3B-B207</name><description>臂=B_control_base 窗=w3 教师类=不透水面</description><Style><IconStyle><color>ff00ff00</color></IconStyle></Style><Point><coordinates>111.405154,24.582622,0</coordinates></Point></Placemark>
<Placemark><name>M3B-B208</name><description>臂=B_control_base 窗=w1 教师类=不透水面</description><Style><IconStyle><color>ff00ff00</color></IconStyle></Style><Point><coordinates>124.824367,46.027654,0</coordinates></Point></Placemark>
<Placemark><name>M3B-B209</name><description>臂=B_control_base 窗=w1 教师类=不透水面</description><Style><IconStyle><color>ff00ff00</color></IconStyle></Style><Point><coordinates>126.152437,43.062405,0</coordinates></Point></Placemark>
<Placemark><name>M3B-B210</name><description>臂=B_control_base 窗=w3 教师类=不透水面</description><Style><IconStyle><color>ff00ff00</color></IconStyle></Style><Point><coordinates>108.621005,23.386875,0</coordinates></Point></Placemark>
<Placemark><name>M3B-B211</name><description>臂=B_control_base 窗=w1 教师类=不透水面</description><Style><IconStyle><color>ff00ff00</color></IconStyle></Style><Point><coordinates>124.192941,45.840625,0</coordinates></Point></Placemark>
<Placemark><name>M3B-B212</name><description>臂=B_control_base 窗=w3 教师类=不透水面</description><Style><IconStyle><color>ff00ff00</color></IconStyle></Style><Point><coordinates>109.184518,26.442674,0</coordinates></Point></Placemark>
<Placemark><name>M3B-B213</name><description>臂=B_control_base 窗=w1 教师类=不透水面</description><Style><IconStyle><color>ff00ff00</color></IconStyle></Style><Point><coordinates>124.830296,46.031966,0</coordinates></Point></Placemark>
<Placemark><name>M3B-B214</name><description>臂=B_control_base 窗=w2 教师类=不透水面</description><Style><IconStyle><color>ff00ff00</color></IconStyle></Style><Point><coordinates>107.562700,35.067309,0</coordinates></Point></Placemark>
<Placemark><name>M3B-B215</name><description>臂=B_control_base 窗=w1 教师类=不透水面</description><Style><IconStyle><color>ff00ff00</color></IconStyle></Style><Point><coordinates>124.433870,43.649903,0</coordinates></Point></Placemark>
<Placemark><name>M3B-B216</name><description>臂=B_control_base 窗=w4 教师类=不透水面</description><Style><IconStyle><color>ff00ff00</color></IconStyle></Style><Point><coordinates>106.300387,38.292081,0</coordinates></Point></Placemark>
<Placemark><name>M3B-B217</name><description>臂=B_control_base 窗=w3 教师类=不透水面</description><Style><IconStyle><color>ff00ff00</color></IconStyle></Style><Point><coordinates>110.798791,24.178111,0</coordinates></Point></Placemark>
<Placemark><name>M3B-B218</name><description>臂=B_control_base 窗=w4 教师类=裸地</description><Style><IconStyle><color>ff00ff00</color></IconStyle></Style><Point><coordinates>105.972682,40.883002,0</coordinates></Point></Placemark>
<Placemark><name>M3B-B219</name><description>臂=B_control_base 窗=w4 教师类=裸地</description><Style><IconStyle><color>ff00ff00</color></IconStyle></Style><Point><coordinates>106.708941,40.911030,0</coordinates></Point></Placemark>
<Placemark><name>M3B-B220</name><description>臂=B_control_base 窗=w1 教师类=裸地</description><Style><IconStyle><color>ff00ff00</color></IconStyle></Style><Point><coordinates>124.070052,44.824091,0</coordinates></Point></Placemark>
<Placemark><name>M3B-B221</name><description>臂=B_control_base 窗=w4 教师类=裸地</description><Style><IconStyle><color>ff00ff00</color></IconStyle></Style><Point><coordinates>106.834795,38.082954,0</coordinates></Point></Placemark>
<Placemark><name>M3B-B222</name><description>臂=B_control_base 窗=w4 教师类=裸地</description><Style><IconStyle><color>ff00ff00</color></IconStyle></Style><Point><coordinates>101.183763,40.632911,0</coordinates></Point></Placemark>
<Placemark><name>M3B-B223</name><description>臂=B_control_base 窗=w4 教师类=裸地</description><Style><IconStyle><color>ff00ff00</color></IconStyle></Style><Point><coordinates>101.217181,40.651506,0</coordinates></Point></Placemark>
<Placemark><name>M3B-B224</name><description>臂=B_control_base 窗=w4 教师类=裸地</description><Style><IconStyle><color>ff00ff00</color></IconStyle></Style><Point><coordinates>101.236315,40.876804,0</coordinates></Point></Placemark>
<Placemark><name>M3B-B225</name><description>臂=B_control_base 窗= 教师类=裸地</description><Style><IconStyle><color>ff00ff00</color></IconStyle></Style><Point><coordinates>107.008080,37.563368,0</coordinates></Point></Placemark>
<Placemark><name>M3B-B226</name><description>臂=B_control_base 窗=w4 教师类=裸地</description><Style><IconStyle><color>ff00ff00</color></IconStyle></Style><Point><coordinates>103.210632,38.548640,0</coordinates></Point></Placemark>
<Placemark><name>M3B-B227</name><description>臂=B_control_base 窗=w4 教师类=裸地</description><Style><IconStyle><color>ff00ff00</color></IconStyle></Style><Point><coordinates>103.523515,40.084490,0</coordinates></Point></Placemark>
<Placemark><name>M3B-B228</name><description>臂=B_control_base 窗=w4 教师类=裸地</description><Style><IconStyle><color>ff00ff00</color></IconStyle></Style><Point><coordinates>103.516239,39.927914,0</coordinates></Point></Placemark>
<Placemark><name>M3B-B229</name><description>臂=B_control_base 窗=w4 教师类=裸地</description><Style><IconStyle><color>ff00ff00</color></IconStyle></Style><Point><coordinates>101.904661,40.432138,0</coordinates></Point></Placemark>
<Placemark><name>M3B-B230</name><description>臂=B_control_base 窗=w4 教师类=裸地</description><Style><IconStyle><color>ff00ff00</color></IconStyle></Style><Point><coordinates>106.309550,39.373563,0</coordinates></Point></Placemark>
<Placemark><name>M3B-B231</name><description>臂=B_control_base 窗=w4 教师类=裸地</description><Style><IconStyle><color>ff00ff00</color></IconStyle></Style><Point><coordinates>106.371534,39.468695,0</coordinates></Point></Placemark>
<Placemark><name>M3B-B232</name><description>臂=B_control_base 窗=w4 教师类=裸地</description><Style><IconStyle><color>ff00ff00</color></IconStyle></Style><Point><coordinates>106.420582,40.906448,0</coordinates></Point></Placemark>
<Placemark><name>M3B-B233</name><description>臂=B_control_base 窗=w4 教师类=裸地</description><Style><IconStyle><color>ff00ff00</color></IconStyle></Style><Point><coordinates>106.430284,40.915072,0</coordinates></Point></Placemark>
<Placemark><name>M3B-B234</name><description>臂=B_control_base 窗=w4 教师类=裸地</description><Style><IconStyle><color>ff00ff00</color></IconStyle></Style><Point><coordinates>102.182510,39.841406,0</coordinates></Point></Placemark>
<Placemark><name>M3B-B235</name><description>臂=B_control_base 窗=w4 教师类=裸地</description><Style><IconStyle><color>ff00ff00</color></IconStyle></Style><Point><coordinates>105.158269,37.678712,0</coordinates></Point></Placemark>
<Placemark><name>M3B-B236</name><description>臂=B_control_base 窗=w4 教师类=裸地</description><Style><IconStyle><color>ff00ff00</color></IconStyle></Style><Point><coordinates>105.554157,36.984494,0</coordinates></Point></Placemark>
<Placemark><name>M3B-B237</name><description>臂=B_control_base 窗=w4 教师类=裸地</description><Style><IconStyle><color>ff00ff00</color></IconStyle></Style><Point><coordinates>106.721607,38.571547,0</coordinates></Point></Placemark>
<Placemark><name>M3B-B238</name><description>臂=B_control_base 窗=w4 教师类=裸地</description><Style><IconStyle><color>ff00ff00</color></IconStyle></Style><Point><coordinates>106.015801,40.889740,0</coordinates></Point></Placemark>
<Placemark><name>M3B-B239</name><description>臂=B_control_base 窗=w1 教师类=水体</description><Style><IconStyle><color>ff00ff00</color></IconStyle></Style><Point><coordinates>126.424896,44.144426,0</coordinates></Point></Placemark>
<Placemark><name>M3B-B240</name><description>臂=B_control_base 窗=w3 教师类=水体</description><Style><IconStyle><color>ff00ff00</color></IconStyle></Style><Point><coordinates>112.447289,24.705512,0</coordinates></Point></Placemark>
<Placemark><name>M3B-B241</name><description>臂=B_control_base 窗=w4 教师类=水体</description><Style><IconStyle><color>ff00ff00</color></IconStyle></Style><Point><coordinates>105.942499,37.836097,0</coordinates></Point></Placemark>
<Placemark><name>M3B-B242</name><description>臂=B_control_base 窗=w3 教师类=水体</description><Style><IconStyle><color>ff00ff00</color></IconStyle></Style><Point><coordinates>112.805717,23.172627,0</coordinates></Point></Placemark>
<Placemark><name>M3B-B243</name><description>臂=B_control_base 窗=w3 教师类=水体</description><Style><IconStyle><color>ff00ff00</color></IconStyle></Style><Point><coordinates>112.861503,26.371797,0</coordinates></Point></Placemark>
<Placemark><name>M3B-B244</name><description>臂=B_control_base 窗=w3 教师类=水体</description><Style><IconStyle><color>ff00ff00</color></IconStyle></Style><Point><coordinates>113.201605,28.691876,0</coordinates></Point></Placemark>
<Placemark><name>M3B-B245</name><description>臂=B_control_base 窗=w3 教师类=水体</description><Style><IconStyle><color>ff00ff00</color></IconStyle></Style><Point><coordinates>112.274543,28.774880,0</coordinates></Point></Placemark>
<Placemark><name>M3B-B246</name><description>臂=B_control_base 窗=w3 教师类=水体</description><Style><IconStyle><color>ff00ff00</color></IconStyle></Style><Point><coordinates>109.755308,23.460447,0</coordinates></Point></Placemark>
<Placemark><name>M3B-B247</name><description>臂=B_control_base 窗=w3 教师类=水体</description><Style><IconStyle><color>ff00ff00</color></IconStyle></Style><Point><coordinates>108.832828,23.219249,0</coordinates></Point></Placemark>
<Placemark><name>M3B-B248</name><description>臂=B_control_base 窗=w3 教师类=水体</description><Style><IconStyle><color>ff00ff00</color></IconStyle></Style><Point><coordinates>112.821617,26.390392,0</coordinates></Point></Placemark>
<Placemark><name>M3B-B249</name><description>臂=B_control_base 窗=w3 教师类=水体</description><Style><IconStyle><color>ff00ff00</color></IconStyle></Style><Point><coordinates>113.475411,24.927306,0</coordinates></Point></Placemark>
<Placemark><name>M3B-B250</name><description>臂=B_control_base 窗=w2 教师类=水体</description><Style><IconStyle><color>ff00ff00</color></IconStyle></Style><Point><coordinates>107.599890,33.514212,0</coordinates></Point></Placemark>
<Placemark><name>M3B-B251</name><description>臂=B_control_base 窗=w4 教师类=水体</description><Style><IconStyle><color>ff00ff00</color></IconStyle></Style><Point><coordinates>105.969448,37.847954,0</coordinates></Point></Placemark>
<Placemark><name>M3B-B252</name><description>臂=B_control_base 窗=w3 教师类=水体</description><Style><IconStyle><color>ff00ff00</color></IconStyle></Style><Point><coordinates>113.414236,28.779192,0</coordinates></Point></Placemark>
<Placemark><name>M3B-B253</name><description>臂=B_control_base 窗=w2 教师类=水体</description><Style><IconStyle><color>ff00ff00</color></IconStyle></Style><Point><coordinates>106.772003,31.785674,0</coordinates></Point></Placemark>
<Placemark><name>M3B-B254</name><description>臂=B_control_base 窗=w3 教师类=水体</description><Style><IconStyle><color>ff00ff00</color></IconStyle></Style><Point><coordinates>112.447020,24.661584,0</coordinates></Point></Placemark>
<Placemark><name>M3B-B255</name><description>臂=B_control_base 窗= 教师类=水体</description><Style><IconStyle><color>ff00ff00</color></IconStyle></Style><Point><coordinates>112.595781,22.993143,0</coordinates></Point></Placemark>
<Placemark><name>M3B-B256</name><description>臂=B_control_base 窗=w3 教师类=水体</description><Style><IconStyle><color>ff00ff00</color></IconStyle></Style><Point><coordinates>112.283167,28.783234,0</coordinates></Point></Placemark>
<Placemark><name>M3B-B257</name><description>臂=B_control_base 窗=w3 教师类=水体</description><Style><IconStyle><color>ff00ff00</color></IconStyle></Style><Point><coordinates>111.170694,28.004395,0</coordinates></Point></Placemark>
<Placemark><name>M3B-B258</name><description>臂=B_control_base 窗=w3 教师类=水体</description><Style><IconStyle><color>ff00ff00</color></IconStyle></Style><Point><coordinates>113.222625,26.070502,0</coordinates></Point></Placemark>
<Placemark><name>M3B-B259</name><description>臂=B_control_base 窗=w4 教师类=水体</description><Style><IconStyle><color>ff00ff00</color></IconStyle></Style><Point><coordinates>106.186391,38.613319,0</coordinates></Point></Placemark>
<Placemark><name>M3B-B260</name><description>臂=B_control_base 窗=w4 教师类=永久冰雪</description><Style><IconStyle><color>ff00ff00</color></IconStyle></Style><Point><coordinates>101.481824,37.726143,0</coordinates></Point></Placemark>
<Placemark><name>M3B-B261</name><description>臂=B_control_base 窗=w4 教师类=永久冰雪</description><Style><IconStyle><color>ff00ff00</color></IconStyle></Style><Point><coordinates>101.500689,37.735845,0</coordinates></Point></Placemark>
<Placemark><name>M3B-B262</name><description>臂=B_control_base 窗=w4 教师类=永久冰雪</description><Style><IconStyle><color>ff00ff00</color></IconStyle></Style><Point><coordinates>101.472122,37.730185,0</coordinates></Point></Placemark>
</Document></kml>