point_id,arm,w,lon,lat,教师类(v31),Q1_是否灌丛(是/否/无法判读),Q2_若否主要地物(24类名),Q3_证据(影像/日期),判读员,复核员,备注,chip,ch_mean,tc2000,lossyear,nd_djf,nd_mam,nd_jja,nd_son,ndvi_amp,ndvi_mean,ndvi_winter,ndvi_summer,指标提示
M3B-A000,A_fcs10_shrub,w3,111.50769655469938,23.094068987201485,落叶灌丛,否,乔木林,,AI预判读(2026-10-08),,,F:\lc_work\v31_exp\data\m3\m5_geemat\m3chip2\chips\M3B-A000.png,9.5,0,,0.5534051488040899,0.6537519804119257,0.6159274193548387,0.7089763779527559,0.1556,0.633,0.5534,0.6159,高度≥5m·偏森林/郁闭木本
M3B-A001,A_fcs10_shrub,w3,112.60642597870597,24.8438973291379,落叶灌丛,否,乔木林,,AI预判读(2026-10-08),,,F:\lc_work\v31_exp\data\m3\m5_geemat\m3chip2\chips\M3B-A001.png,13.47,0,,0.3602965958881025,0.45697405599794505,0.6746215037208109,0.5395356955838715,0.3143,0.5079,0.3603,0.6746,高度≥5m·偏森林/郁闭木本
M3B-A002,A_fcs10_shrub,w3,109.74089005389311,28.486116648600497,落叶灌丛,否,乔木林,,AI预判读(2026-10-08),,,F:\lc_work\v31_exp\data\m3\m5_geemat\m3chip2\chips\M3B-A002.png,26.21,91,23,0.6578108395324124,0.6798307475317349,0.6344755970924195,0.2151093439363817,0.4647,0.5468,0.6578,0.6345,高度≥5m·偏森林/郁闭木本
M3B-A003,A_fcs10_shrub,w3,112.82435726663337,26.042070255096515,常绿灌丛,否,农田（村庄周边耕地/园地）,,AI预判读(2026-10-08),,,F:\lc_work\v31_exp\data\m3\m5_geemat\m3chip2\chips\M3B-A003.png,10.51,0,,0.5789874381423677,0.5800970873786407,0.6706457644182368,0.7337183188963747,0.1547,0.6409,0.579,0.6706,高度≥5m·偏森林/郁闭木本
M3B-A004,A_fcs10_shrub,w3,109.29748162965171,28.72039727469887,常绿灌丛,否,乔木林,,AI预判读(2026-10-08),,,F:\lc_work\v31_exp\data\m3\m5_geemat\m3chip2\chips\M3B-A004.png,19.3,0,,0.3516443801951572,0.4120634920634921,0.5261904761904762,0.6201550387596899,0.2685,0.4775,0.3516,0.5262,高度≥5m·偏森林/郁闭木本
M3B-A005,A_fcs10_shrub,w3,111.75266713267878,26.035602385050854,常绿灌丛,否,乔木林,,AI预判读(2026-10-08),,,F:\lc_work\v31_exp\data\m3\m5_geemat\m3chip2\chips\M3B-A005.png,11.63,78,,0.49938992504793445,,0.6618898343036274,0.6735179208425344,0.1741,0.6116,0.4994,0.6619,高度≥5m·偏森林/郁闭木本；物候平稳+树覆盖高·常绿木本倾向
M3B-A006,A_fcs10_shrub,w3,113.10310449929565,27.139631869233746,落叶灌丛,否,草地,,人工复核,,,F:\lc_work\v31_exp\data\m3\m5_geemat\m3chip2\chips\M3B-A006.png,15.99,0,,0.43082021541010773,0.48591828639428797,0.834850455136541,0.7104072398190046,0.404,0.6155,0.4308,0.8349,高度≥5m·偏森林/郁闭木本；物候振幅大+树覆盖低·草本倾向
M3B-A007,A_fcs10_shrub,w3,111.09563933387376,25.365189688512455,落叶灌丛,否,其他,,AI预判读(2026-10-08),,,F:\lc_work\v31_exp\data\m3\m5_geemat\m3chip2\chips\M3B-A007.png,11.53,78,8,0.37209302325581395,0.6972199284338013,0.6304292608585217,0.7118020728853226,0.3397,0.6029,0.3721,0.6304,高度≥5m·偏森林/郁闭木本
M3B-A008,A_fcs10_shrub,w3,113.84107050519984,25.315962010942705,落叶灌丛,否,乔木林,,AI预判读(2026-10-08),,,F:\lc_work\v31_exp\data\m3\m5_geemat\m3chip2\chips\M3B-A008.png,22.29,0,,0.49237546594374787,0.5378976689634951,,0.780499755022048,0.2881,0.6036,0.4924,,高度≥5m·偏森林/郁闭木本
M3B-A009,A_fcs10_shrub,w3,110.53859402619125,26.525274046424407,常绿灌丛,否,乔木林（常绿）,,AI预判读(2026-10-08),,,F:\lc_work\v31_exp\data\m3\m5_geemat\m3chip2\chips\M3B-A009.png,16.12,73,,0.8276880319610909,0.7455902306648575,0.75,0.7572202166064982,0.0821,0.7701,0.8277,0.75,高度≥5m·偏森林/郁闭木本；物候平稳+树覆盖高·常绿木本倾向
M3B-A010,A_fcs10_shrub,w3,111.49458115155124,26.78398884825083,落叶灌丛,否,其他（林内亮色裸斑：裸土/村庄）,,AI预判读(2026-10-08),,,F:\lc_work\v31_exp\data\m3\m5_geemat\m3chip2\chips\M3B-A010.png,9.44,24,,0.4577646624861675,0.2897391304347826,0.6788196561394951,0.5949069539666993,0.3891,0.5053,0.4578,0.6788,高度≥5m·偏森林/郁闭木本；物候振幅大+树覆盖低·草本倾向
M3B-A011,A_fcs10_shrub,w3,108.86709877703005,24.103146545852944,落叶灌丛,否,乔木林,,AI预判读(2026-10-08),,,F:\lc_work\v31_exp\data\m3\m5_geemat\m3chip2\chips\M3B-A011.png,11.76,2,,0.5871639202081527,0.6981476650143491,,0.7193030220528178,0.1321,0.6682,0.5872,,高度≥5m·偏森林/郁闭木本
M3B-A012,A_fcs10_shrub,w3,112.91212266989184,27.55159925853096,常绿灌丛,否,乔木林（湖岸高大木本/果园）,,AI预判读(2026-10-08),,,F:\lc_work\v31_exp\data\m3\m5_geemat\m3chip2\chips\M3B-A012.png,15.58,38,,0.5572851805728518,0.5279503105590062,0.561035758323058,0.6831934104229368,0.1552,0.5824,0.5573,0.561,高度≥5m·偏森林/郁闭木本；物候平稳+树覆盖高·常绿木本倾向
M3B-A013,A_fcs10_shrub,w3,110.22589047578924,26.728742458277477,落叶灌丛,否,乔木林,,AI预判读(2026-10-08),,,F:\lc_work\v31_exp\data\m3\m5_geemat\m3chip2\chips\M3B-A013.png,8.73,54,,0.42517006802721086,0.755879726108961,0.8239964711071901,0.6543307086614173,0.3988,0.6648,0.4252,0.824,高度≥5m·偏森林/郁闭木本
M3B-A014,A_fcs10_shrub,w3,108.9711236869311,26.10629979791106,落叶灌丛,否,乔木林,,AI预判读(2026-10-08),,,F:\lc_work\v31_exp\data\m3\m5_geemat\m3chip2\chips\M3B-A014.png,12.35,0,,0.29395557086275187,0.3664292980671414,0.45600320705552216,0.4495150262362856,0.162,0.3915,0.294,0.456,高度≥5m·偏森林/郁闭木本
M3B-A015,A_fcs10_shrub,w3,111.29012459288563,27.007489690939764,常绿灌丛,否,建成区（城镇/道路网）,,AI预判读(2026-10-08),,,F:\lc_work\v31_exp\data\m3\m5_geemat\m3chip2\chips\M3B-A015.png,9.32,33,,0.4819617622610141,,0.7794976635514018,0.6663934426229509,0.2975,0.6426,0.482,0.7795,高度≥5m·偏森林/郁闭木本
M3B-A016,A_fcs10_shrub,w3,108.48558427586448,27.039379883526006,常绿灌丛,否,耕地,,人工复核,,,F:\lc_work\v31_exp\data\m3\m5_geemat\m3chip2\chips\M3B-A016.png,6.76,0,,0.3715254237288136,0.5008898556456397,0.41682242990654206,0.47379594002918934,0.1294,0.4408,0.3715,0.4168,高度≥5m·偏森林/郁闭木本
M3B-A017,A_fcs10_shrub,w3,109.28786965611164,28.93132170341013,常绿灌丛,是,,,人工复核,,,F:\lc_work\v31_exp\data\m3\m5_geemat\m3chip2\chips\M3B-A017.png,8.97,89,,0.5969924812030075,0.5101289134438306,0.2822516460458722,0.7197295636140135,0.4375,0.5273,0.597,0.2823,高度≥5m·偏森林/郁闭木本
M3B-A018,A_fcs10_shrub,w3,113.99998247896059,28.003272183386255,落叶灌丛,否,乔木林（山地郁闭林）,,AI预判读(2026-10-08),,,F:\lc_work\v31_exp\data\m3\m5_geemat\m3chip2\chips\M3B-A018.png,9.86,44,,0.36726546906187624,0.44672131147540983,0.7305303392259914,0.7048399894207882,0.3633,0.5623,0.3673,0.7305,高度≥5m·偏森林/郁闭木本
M3B-A019,A_fcs10_shrub,w3,109.9483110529963,24.530295463451775,落叶灌丛,否,其他（林内亮色裸斑：裸土/村庄）,,AI预判读(2026-10-08),,,F:\lc_work\v31_exp\data\m3\m5_geemat\m3chip2\chips\M3B-A019.png,16.39,13,,0.4170584284754869,0.49018595041322316,0.5434352320211128,0.6965174129353234,0.2795,0.5368,0.4171,0.5434,高度≥5m·偏森林/郁闭木本
M3B-A020,A_fcs10_shrub,w3,111.70352928663743,28.048457442177465,常绿灌丛,否,乔木林,,AI预判读(2026-10-08),,,F:\lc_work\v31_exp\data\m3\m5_geemat\m3chip2\chips\M3B-A020.png,14.96,32,,0.46496039000609385,0.61316319677636,0.6786521471132114,0.6227844675957245,0.2137,0.5949,0.465,0.6787,高度≥5m·偏森林/郁闭木本
M3B-A021,A_fcs10_shrub,w3,109.71340160619906,27.69757549220038,落叶灌丛,否,耕地,,人工复核,,,F:\lc_work\v31_exp\data\m3\m5_geemat\m3chip2\chips\M3B-A021.png,23.28,4,,0.3763157894736842,0.6233993799703464,0.4385395537525355,0.6324850299401198,0.2562,0.5177,0.3763,0.4385,高度≥5m·偏森林/郁闭木本
M3B-A022,A_fcs10_shrub,w3,110.94912411103387,27.95197838066303,落叶灌丛,是,,,人工复核,,,F:\lc_work\v31_exp\data\m3\m5_geemat\m3chip2\chips\M3B-A022.png,4.76,79,18,0.45168698109874583,0.502063789868668,0.6821049805342999,0.6124620060790273,0.2304,0.5621,0.4517,0.6821,高度1.5–5m·灌丛典型带
M3B-A023,A_fcs10_shrub,w3,109.75643090830837,27.247699197913324,落叶灌丛,否,乔灌园地,,人工复核,,,F:\lc_work\v31_exp\data\m3\m5_geemat\m3chip2\chips\M3B-A023.png,17.97,47,19,0.49843260188087773,0.6066497604959143,0.45359564299210847,0.6177268616219476,0.1641,0.5441,0.4984,0.4536,高度≥5m·偏森林/郁闭木本；物候平稳+树覆盖高·常绿木本倾向
M3B-A024,A_fcs10_shrub,w3,110.29515058419486,26.892774829157702,落叶灌丛,否,乔木林,,AI预判读(2026-10-08),,,F:\lc_work\v31_exp\data\m3\m5_geemat\m3chip2\chips\M3B-A024.png,10.57,44,,0.36688548504741064,0.4888343875048406,0.6025423728813559,0.709736680955297,0.3429,0.542,0.3669,0.6025,高度≥5m·偏森林/郁闭木本
M3B-A025,A_fcs10_shrub,w3,109.43061195475822,25.1956775943991,落叶灌丛,否,乔木林,,AI预判读(2026-10-08),,,F:\lc_work\v31_exp\data\m3\m5_geemat\m3chip2\chips\M3B-A025.png,11.06,48,22,0.30779137153895686,0.3129953641393749,0.6415376934598103,0.7275977895763355,0.4198,0.4975,0.3078,0.6415,高度≥5m·偏森林/郁闭木本
M3B-A026,A_fcs10_shrub,w3,112.26353903475754,28.78813024712148,落叶灌丛,否,农田（水田/河网平原）,,AI预判读(2026-10-08),,,F:\lc_work\v31_exp\data\m3\m5_geemat\m3chip2\chips\M3B-A026.png,9.71,0,,0.49789227166276345,0.49692639973417513,0.622892498066512,0.5855539971949509,0.126,0.5508,0.4979,0.6229,高度≥5m·偏森林/郁闭木本
M3B-A027,A_fcs10_shrub,w3,108.07397621268092,26.410289690057105,落叶灌丛,否,水体,,AI预判读(2026-10-08),,,F:\lc_work\v31_exp\data\m3\m5_geemat\m3chip2\chips\M3B-A027.png,16.49,45,,0.43202846975088965,0.19466403162055335,0.32580174927113703,0.5545851528384279,0.3599,0.3768,0.432,0.3258,高度≥5m·偏森林/郁闭木本
M3B-A028,A_fcs10_shrub,w3,108.8335916169324,23.232499372484302,落叶灌丛,否,建成区,,AI预判读(2026-10-08),,,F:\lc_work\v31_exp\data\m3\m5_geemat\m3chip2\chips\M3B-A028.png,2.92,0,,0.4715492957746479,0.6631156399567701,,0.5474642392717816,0.1916,0.5607,0.4715,,高度1.5–5m·灌丛典型带
M3B-A029,A_fcs10_shrub,w3,111.79928969592459,27.029139089287046,常绿灌丛,否,乔木林,,AI预判读(2026-10-08),,,F:\lc_work\v31_exp\data\m3\m5_geemat\m3chip2\chips\M3B-A029.png,15.56,56,,0.74481658692185,0.7462014631401238,0.6759385924912601,0.598014888337469,0.1482,0.6912,0.7448,0.6759,高度≥5m·偏森林/郁闭木本；物候平稳+树覆盖高·常绿木本倾向
M3B-A030,A_fcs10_shrub,w3,111.05359817857696,26.92125142366429,常绿灌丛,否,乔木林,,AI预判读(2026-10-08),,,F:\lc_work\v31_exp\data\m3\m5_geemat\m3chip2\chips\M3B-A030.png,13.94,3,,0.42759211653813195,,0.725090345895715,0.601498127340824,0.2975,0.5847,0.4276,0.7251,高度≥5m·偏森林/郁闭木本
M3B-A031,A_fcs10_shrub,w3,113.522078747809,26.998776032683804,常绿灌丛,否,乔木林,,AI预判读(2026-10-08),,,F:\lc_work\v31_exp\data\m3\m5_geemat\m3chip2\chips\M3B-A031.png,14.49,67,,0.47794117647058826,0.6570931244560487,0.813434247871334,0.7417250937550954,0.3355,0.6725,0.4779,0.8134,高度≥5m·偏森林/郁闭木本
M3B-A032,A_fcs10_shrub,w3,109.68878776741417,26.81264510581424,落叶灌丛,是,,,AI预判读(2026-10-08),,,F:\lc_work\v31_exp\data\m3\m5_geemat\m3chip2\chips\M3B-A032.png,3.99,0,20,0.3140591442260036,0.5232383808095952,0.46306209850107066,0.6811209998106419,0.3671,0.4954,0.3141,0.4631,高度1.5–5m·灌丛典型带；物候振幅大+树覆盖低·草本倾向
M3B-A033,A_fcs10_shrub,w3,113.96970925388575,27.771237345498182,落叶灌丛,否,乔木林,,AI预判读(2026-10-08),,,F:\lc_work\v31_exp\data\m3\m5_geemat\m3chip2\chips\M3B-A033.png,10.95,12,,0.40884718498659517,0.473075533068305,0.7938517179023508,0.7011743450767841,0.385,0.5942,0.4088,0.7939,高度≥5m·偏森林/郁闭木本；物候振幅大+树覆盖低·草本倾向
M3B-A034,A_fcs10_shrub,w3,113.66976178051824,26.116091434507965,常绿灌丛,否,乔木林,,AI预判读(2026-10-08),,,F:\lc_work\v31_exp\data\m3\m5_geemat\m3chip2\chips\M3B-A034.png,15.57,64,,0.7719141323792487,0.7590290112492599,0.7777777777777778,0.6838842975206612,0.0939,0.7482,0.7719,0.7778,高度≥5m·偏森林/郁闭木本；物候平稳+树覆盖高·常绿木本倾向
M3B-A035,A_fcs10_shrub,w3,113.50797519784832,23.42797277830871,落叶灌丛,否,城镇不透水面,,人工复核,,,F:\lc_work\v31_exp\data\m3\m5_geemat\m3chip2\chips\M3B-A035.png,8.14,0,,0.5184956843403206,0.2948425376540392,0.3147662734818698,0.43130990415335463,0.2237,0.3899,0.5185,0.3148,高度≥5m·偏森林/郁闭木本
M3B-A036,A_fcs10_shrub,w3,110.87986400262825,25.347313214358476,常绿灌丛,否,常绿阔叶林,,人工复核,,,F:\lc_work\v31_exp\data\m3\m5_geemat\m3chip2\chips\M3B-A036.png,15.35,87,,0.5613033254954652,,0.7557302624294098,0.7497911445279867,0.1944,0.6889,0.5613,0.7557,高度≥5m·偏森林/郁闭木本；物候平稳+树覆盖高·常绿木本倾向
M3B-A037,A_fcs10_shrub,w3,113.1215199626201,27.663170016818604,常绿灌丛,否,建成区,,AI预判读(2026-10-08),,,F:\lc_work\v31_exp\data\m3\m5_geemat\m3chip2\chips\M3B-A037.png,5.2,0,,0.5809372517871326,0.6470938897168406,0.701281715929898,0.646600566572238,0.1203,0.644,0.5809,0.7013,高度≥5m·偏森林/郁闭木本
M3B-A038,A_fcs10_shrub,w3,112.20990961229562,26.837618270712763,常绿灌丛,否,乔木林,,AI预判读(2026-10-08),,,F:\lc_work\v31_exp\data\m3\m5_geemat\m3chip2\chips\M3B-A038.png,12.8,6,,0.32879303821415057,0.4477252184392889,0.7354773286976677,0.6625487646293888,0.4067,0.5436,0.3288,0.7355,高度≥5m·偏森林/郁闭木本；物候振幅大+树覆盖低·草本倾向
M3B-A039,A_fcs10_shrub,w3,112.41589330694421,26.160647872600293,常绿灌丛,否,乔木林,,AI预判读(2026-10-08),,,F:\lc_work\v31_exp\data\m3\m5_geemat\m3chip2\chips\M3B-A039.png,8.51,0,,0.6409722222222223,0.7178381121542755,0.6879334257975035,0.7359180687637161,0.0949,0.6957,0.641,0.6879,高度≥5m·偏森林/郁闭木本
M3B-A040,A_fcs10_shrub,w3,110.02448818908964,24.732685896963904,常绿灌丛,否,乔木林,,AI预判读(2026-10-08),,,F:\lc_work\v31_exp\data\m3\m5_geemat\m3chip2\chips\M3B-A040.png,11.94,81,,0.6268103738632537,0.6395924308588065,0.7284306657053593,0.7480091012514221,0.1212,0.6857,0.6268,0.7284,高度≥5m·偏森林/郁闭木本；物候平稳+树覆盖高·常绿木本倾向
M3B-A041,A_fcs10_shrub,w3,108.27232422741452,25.391061168695096,落叶灌丛,否,乔木林,,AI预判读(2026-10-08),,,F:\lc_work\v31_exp\data\m3\m5_geemat\m3chip2\chips\M3B-A041.png,6.62,78,23,0.7090305628543769,0.696751863684771,0.6170795127959491,0.31480311644556747,0.3942,0.5844,0.709,0.6171,高度≥5m·偏森林/郁闭木本
M3B-A042,A_fcs10_shrub,w3,108.33269101450735,28.298189091162694,常绿灌丛,否,乔木林,,AI预判读(2026-10-08),,,F:\lc_work\v31_exp\data\m3\m5_geemat\m3chip2\chips\M3B-A042.png,14.58,0,,0.4111587982832618,0.4353975535168196,0.7612719506407214,0.7066869300911854,0.3501,0.5786,0.4112,0.7613,高度≥5m·偏森林/郁闭木本；物候振幅大+树覆盖低·草本倾向
M3B-A043,A_fcs10_shrub,w3,110.93232561522083,24.83832777437636,落叶灌丛,否,乔木林（喀斯特丘陵，含云雾）,,AI预判读(2026-10-08),,,F:\lc_work\v31_exp\data\m3\m5_geemat\m3chip2\chips\M3B-A043.png,11.84,0,,0.5086388537715971,0.2907593778591034,0.37961468087396405,0.6864820002074904,0.3957,0.4664,0.5086,0.3796,高度≥5m·偏森林/郁闭木本；物候振幅大+树覆盖低·草本倾向
M3B-A044,A_fcs10_shrub,w3,111.42343458104897,23.113562428866878,落叶灌丛,否,农田,,AI预判读(2026-10-08),,,F:\lc_work\v31_exp\data\m3\m5_geemat\m3chip2\chips\M3B-A044.png,5.57,75,6,0.441340782122905,0.5025627191799299,0.6425648021828103,0.6924403564242598,0.2511,0.5697,0.4413,0.6426,高度≥5m·偏森林/郁闭木本
M3B-A045,A_fcs10_shrub,w3,113.41958097389096,25.43444979691807,落叶灌丛,否,草地,,人工复核,,,F:\lc_work\v31_exp\data\m3\m5_geemat\m3chip2\chips\M3B-A045.png,11.97,0,16,0.5660242683797287,0.4857369255150555,0.7762153475291281,0.7729825598581141,0.2905,0.6502,0.566,0.7762,高度≥5m·偏森林/郁闭木本
M3B-A046,A_fcs10_shrub,w3,110.71367567506614,25.89411772780203,落叶灌丛,否,乔木林,,AI预判读(2026-10-08),,,F:\lc_work\v31_exp\data\m3\m5_geemat\m3chip2\chips\M3B-A046.png,19.07,0,,0.40209318028359214,,0.7559547051932839,0.5680586547656997,0.3539,0.5754,0.4021,0.756,高度≥5m·偏森林/郁闭木本；物候振幅大+树覆盖低·草本倾向
M3B-A047,A_fcs10_shrub,w3,113.95165311667495,25.561291915035746,常绿灌丛,否,常绿阔叶林,,人工复核,,,F:\lc_work\v31_exp\data\m3\m5_geemat\m3chip2\chips\M3B-A047.png,4.14,75,,0.5536694957563655,0.5624053942479703,0.7124795129946149,0.7304908540597447,0.1768,0.6398,0.5537,0.7125,高度1.5–5m·灌丛典型带；物候平稳+树覆盖高·常绿木本倾向
M3B-A048,A_fcs10_shrub,w3,111.16471977922255,28.21698138947829,落叶灌丛,否,乔木林,,AI预判读(2026-10-08),,,F:\lc_work\v31_exp\data\m3\m5_geemat\m3chip2\chips\M3B-A048.png,10.87,81,,0.37653239929947463,0.6138875914681613,0.7888096544157981,0.7202650854551796,0.4123,0.6249,0.3765,0.7888,高度≥5m·偏森林/郁闭木本
M3B-A049,A_fcs10_shrub,w3,111.93448614618457,25.003348292069113,常绿灌丛,否,乔木林,,AI预判读(2026-10-08),,,F:\lc_work\v31_exp\data\m3\m5_geemat\m3chip2\chips\M3B-A049.png,17.51,27,,0.477632675743262,,0.6254454739843193,0.6038888888888889,0.1478,0.569,0.4776,0.6254,高度≥5m·偏森林/郁闭木本
M3B-A050,A_fcs10_shrub,w3,112.25886779528012,28.903743424187663,落叶灌丛,否,农田,,AI预判读(2026-10-08),,,F:\lc_work\v31_exp\data\m3\m5_geemat\m3chip2\chips\M3B-A050.png,3.65,0,,0.4195046439628483,0.6093635698610095,0.6846535397565008,0.5354649026093348,0.2651,0.5622,0.4195,0.6847,高度1.5–5m·灌丛典型带
M3B-A051,A_fcs10_shrub,w3,109.83548265331089,23.92725641322234,落叶灌丛,否,水体（江面/沙洲）,,AI预判读(2026-10-08),,,F:\lc_work\v31_exp\data\m3\m5_geemat\m3chip2\chips\M3B-A051.png,19.86,71,,0.4477022836199605,0.31693121693121695,0.5280812727621238,0.8663877065146814,0.5495,0.5398,0.4477,0.5281,高度≥5m·偏森林/郁闭木本
M3B-A052,A_fcs10_shrub,w3,111.8587581677333,28.06660341091668,落叶灌丛,否,乔木林,,AI预判读(2026-10-08),,,F:\lc_work\v31_exp\data\m3\m5_geemat\m3chip2\chips\M3B-A052.png,14.83,54,,0.38367573570238755,0.5320773303780323,0.8158043061661594,0.7130371449380918,0.4321,0.6111,0.3837,0.8158,高度≥5m·偏森林/郁闭木本
M3B-A053,A_fcs10_shrub,w3,110.09006520483037,27.230810870571876,落叶灌丛,否,乔木林,,AI预判读(2026-10-08),,,F:\lc_work\v31_exp\data\m3\m5_geemat\m3chip2\chips\M3B-A053.png,15.23,7,,0.43438219493476593,0.7250745279894004,0.72771178697298,0.6415343915343915,0.2933,0.6322,0.4344,0.7277,高度≥5m·偏森林/郁闭木本
M3B-A054,A_fcs10_shrub,w3,110.93313409897654,28.344362496766436,常绿灌丛,否,乔木林,,AI预判读(2026-10-08),,,F:\lc_work\v31_exp\data\m3\m5_geemat\m3chip2\chips\M3B-A054.png,9.25,0,,0.47544022242817424,0.5427841634738186,0.8241290467122213,0.7629788757608307,0.3487,0.6513,0.4754,0.8241,高度≥5m·偏森林/郁闭木本
M3B-A055,A_fcs10_shrub,w3,108.69884432431446,25.45565003762329,落叶灌丛,否,草地,,人工复核,,,F:\lc_work\v31_exp\data\m3\m5_geemat\m3chip2\chips\M3B-A055.png,12.17,72,,0.31544146246596655,0.2827045565899069,,0.6477545740158935,0.3651,0.4153,0.3154,,高度≥5m·偏森林/郁闭木本
M3B-A056,A_fcs10_shrub,w3,112.1091186374174,28.241325733677925,落叶灌丛,否,乔木林,,AI预判读(2026-10-08),,,F:\lc_work\v31_exp\data\m3\m5_geemat\m3chip2\chips\M3B-A056.png,18.79,63,,0.416582406471183,0.4353768059351816,0.8194341943419434,0.7437810945273632,0.4029,0.6038,0.4166,0.8194,高度≥5m·偏森林/郁闭木本
M3B-A057,A_fcs10_shrub,w3,110.15429474764491,25.48179101239117,落叶灌丛,否,耕地,,人工复核,,,F:\lc_work\v31_exp\data\m3\m5_geemat\m3chip2\chips\M3B-A057.png,5.2,0,,0.38810408921933087,0.6225654801880457,0.5681852353029619,0.5366766467065869,0.2345,0.5289,0.3881,0.5682,高度≥5m·偏森林/郁闭木本
M3B-A058,A_fcs10_shrub,w3,111.24080708378747,28.904821402528604,常绿灌丛,否,乔木林,,AI预判读(2026-10-08),,,F:\lc_work\v31_exp\data\m3\m5_geemat\m3chip2\chips\M3B-A058.png,17.86,66,21,0.5444839857651246,0.6171154555514571,0.7675992779783394,0.7758768177929855,0.2314,0.6763,0.5445,0.7676,高度≥5m·偏森林/郁闭木本
M3B-A059,A_fcs10_shrub,w3,111.37456622959287,24.89959287675331,落叶灌丛,否,水体,,AI预判读(2026-10-08),,,F:\lc_work\v31_exp\data\m3\m5_geemat\m3chip2\chips\M3B-A059.png,14.19,0,,0.43280067283431456,,0.5463132666008741,0.46812957157784746,0.1135,0.4824,0.4328,0.5463,高度≥5m·偏森林/郁闭木本
M3B-A060,A_fcs10_shrub,w3,112.32678043075956,24.80940202222771,常绿灌丛,否,乔木林,,AI预判读(2026-10-08),,,F:\lc_work\v31_exp\data\m3\m5_geemat\m3chip2\chips\M3B-A060.png,9.4,81,,0.60686175580222,0.6645279560036663,0.7585897818942337,0.7690098261526833,0.1621,0.6997,0.6069,0.7586,高度≥5m·偏森林/郁闭木本；物候平稳+树覆盖高·常绿木本倾向
M3B-A061,A_fcs10_shrub,w3,112.6991321160271,24.859617846609993,落叶灌丛,否,乔木林（含云影响）,,AI预判读(2026-10-08),,,F:\lc_work\v31_exp\data\m3\m5_geemat\m3chip2\chips\M3B-A061.png,19.3,76,,0.4808349146110057,0.3509964830011723,0.517066233238521,0.6519012152097217,0.3009,0.5002,0.4808,0.5171,高度≥5m·偏森林/郁闭木本
M3B-A062,A_fcs10_shrub,w3,112.202363763909,28.873470199112834,常绿灌丛,否,其他(河湖滩地裸面),,AI预判读(2026-10-08),,,F:\lc_work\v31_exp\data\m3\m5_geemat\m3chip2\chips\M3B-A062.png,4.63,0,,0.4382136513575235,0.801727601446364,0.34910524719441915,0.7132979949297074,0.4526,0.5756,0.4382,0.3491,高度1.5–5m·灌丛典型带；物候振幅大+树覆盖低·草本倾向
M3B-A063,A_fcs10_shrub,w3,109.37338927115981,25.4624772337826,常绿灌丛,否,乔木林,,AI预判读(2026-10-08),,,F:\lc_work\v31_exp\data\m3\m5_geemat\m3chip2\chips\M3B-A063.png,12.34,96,16,0.5333333333333333,0.4177580695060328,,0.5276181540987451,0.1156,0.4929,0.5333,,高度≥5m·偏森林/郁闭木本；物候平稳+树覆盖高·常绿木本倾向
M3B-A064,A_fcs10_shrub,w3,112.71853572616409,24.72711634220236,落叶灌丛,否,乔木林,,AI预判读(2026-10-08),,,F:\lc_work\v31_exp\data\m3\m5_geemat\m3chip2\chips\M3B-A064.png,20.31,0,,0.37598986379474186,0.5758540467736011,0.6141259129148563,0.775438596491228,0.3994,0.5854,0.376,0.6141,高度≥5m·偏森林/郁闭木本；物候振幅大+树覆盖低·草本倾向
M3B-A065,A_fcs10_shrub,w3,108.44857368615877,27.894126876365732,落叶灌丛,否,乔木林,,AI预判读(2026-10-08),,,F:\lc_work\v31_exp\data\m3\m5_geemat\m3chip2\chips\M3B-A065.png,15.17,58,,0.2591694452864504,0.20842105263157895,0.5407114624505929,0.5139137094715344,0.3323,0.3806,0.2592,0.5407,高度≥5m·偏森林/郁闭木本
M3B-A066,A_fcs10_shrub,w3,111.46053500228311,25.98853066416299,常绿灌丛,否,乔木林（岩溶丘陵密林）,,AI预判读(2026-10-08),,,F:\lc_work\v31_exp\data\m3\m5_geemat\m3chip2\chips\M3B-A066.png,14.55,79,,0.6095433555669574,,0.8005322519325814,0.7175596159801796,0.191,0.7092,0.6095,0.8005,高度≥5m·偏森林/郁闭木本；物候平稳+树覆盖高·常绿木本倾向
M3B-A067,A_fcs10_shrub,w3,111.03123012800239,26.326387042520345,落叶灌丛,否,草地,,人工复核,,,F:\lc_work\v31_exp\data\m3\m5_geemat\m3chip2\chips\M3B-A067.png,19.9,78,,0.5409069658719028,0.29112271540469975,0.6307572209211554,0.6392558641143166,0.3481,0.5255,0.5409,0.6308,高度≥5m·偏森林/郁闭木本
M3B-A068,A_fcs10_shrub,w3,111.01191634939381,26.056353468114015,落叶灌丛,否,乔木林,,AI预判读(2026-10-08),,,F:\lc_work\v31_exp\data\m3\m5_geemat\m3chip2\chips\M3B-A068.png,8.45,0,,0.37516339869281046,,0.7013149655604258,0.7117052023121387,0.3365,0.5961,0.3752,0.7013,高度≥5m·偏森林/郁闭木本
M3B-A069,A_fcs10_shrub,w3,113.2687538376873,25.78048084436091,落叶灌丛,是,,,人工复核,,,F:\lc_work\v31_exp\data\m3\m5_geemat\m3chip2\chips\M3B-A069.png,15.82,76,,0.4609375,0.42445022463939464,0.5688879365759588,0.7149807419420231,0.2905,0.5423,0.4609,0.5689,高度≥5m·偏森林/郁闭木本
M3B-A070,A_fcs10_shrub,w3,112.68386075619708,25.653998052356883,常绿灌丛,否,乔木林,,AI预判读(2026-10-08),,,F:\lc_work\v31_exp\data\m3\m5_geemat\m3chip2\chips\M3B-A070.png,5.99,0,,0.5819909128459314,0.6589450181412224,0.7985671269857751,0.6909090909090909,0.2166,0.6826,0.582,0.7986,高度≥5m·偏森林/郁闭木本
M3B-A071,A_fcs10_shrub,w3,109.5836848791722,27.90050491488298,落叶灌丛,否,乔木林,,AI预判读(2026-10-08),,,F:\lc_work\v31_exp\data\m3\m5_geemat\m3chip2\chips\M3B-A071.png,10.21,0,,0.3410725964682799,0.4102489019033675,,0.6660488626790227,0.325,0.4725,0.3411,,高度≥5m·偏森林/郁闭木本
M3B-A072,A_fcs10_shrub,w3,113.64119535448324,27.084924468430867,常绿灌丛,否,乔木林,,AI预判读(2026-10-08),,,F:\lc_work\v31_exp\data\m3\m5_geemat\m3chip2\chips\M3B-A072.png,13.69,64,,0.7411705348133198,0.7637474541751528,0.6740442655935613,0.7601503759398496,0.0897,0.7348,0.7412,0.674,高度≥5m·偏森林/郁闭木本；物候平稳+树覆盖高·常绿木本倾向
M3B-A073,A_fcs10_shrub,w3,111.17298427983646,24.224239446152254,落叶灌丛,否,乔木林,,AI预判读(2026-10-08),,,F:\lc_work\v31_exp\data\m3\m5_geemat\m3chip2\chips\M3B-A073.png,11.24,55,19,0.4535759096612296,0.8598283612586841,0.7759966251845603,0.7751961375980688,0.4063,0.7161,0.4536,0.776,高度≥5m·偏森林/郁闭木本
M3B-A074,A_fcs10_shrub,w3,113.43898458402793,28.452519656974427,落叶灌丛,否,乔木林,,AI预判读(2026-10-08),,,F:\lc_work\v31_exp\data\m3\m5_geemat\m3chip2\chips\M3B-A074.png,13.71,28,,0.3404494382022472,0.562721702676556,0.7302022178734507,0.7776092999747283,0.4372,0.6027,0.3404,0.7302,高度≥5m·偏森林/郁闭木本；物候振幅大+树覆盖低·草本倾向
M3B-A075,A_fcs10_shrub,w3,108.46573150808544,27.00003367408157,落叶灌丛,否,常绿阔叶林,,人工复核,,,F:\lc_work\v31_exp\data\m3\m5_geemat\m3chip2\chips\M3B-A075.png,9.83,9,,0.49356223175965663,0.7652443128281061,0.4318840579710145,0.7694723618090452,0.3376,0.615,0.4936,0.4319,高度≥5m·偏森林/郁闭木本
M3B-A076,A_fcs10_shrub,w3,112.00563271668683,25.495894562351847,落叶灌丛,否,乔木林,,AI预判读(2026-10-08),,,F:\lc_work\v31_exp\data\m3\m5_geemat\m3chip2\chips\M3B-A076.png,15.66,0,,0.3719666787395871,0.5687791861240827,0.7111168429197834,0.5931933842239185,0.3392,0.5613,0.372,0.7111,高度≥5m·偏森林/郁闭木本
M3B-A077,A_fcs10_shrub,w3,108.18752326459364,24.479720312955845,常绿灌丛,否,乔木林,,AI预判读(2026-10-08),,,F:\lc_work\v31_exp\data\m3\m5_geemat\m3chip2\chips\M3B-A077.png,15.56,64,,0.5567833026396563,0.5916818457802064,0.7292267365661861,0.7844827586206896,0.2277,0.6655,0.5568,0.7292,高度≥5m·偏森林/郁闭木本
M3B-A078,A_fcs10_shrub,w3,108.19956068940083,23.120209961969362,常绿灌丛,否,农田（旱作田块，中心枯黄植被）,,AI预判读(2026-10-08),,,F:\lc_work\v31_exp\data\m3\m5_geemat\m3chip2\chips\M3B-A078.png,6.6,0,,0.6489866321690384,0.5731351207857712,0.5626706378754033,0.7815653122443414,0.2189,0.6416,0.649,0.5627,高度≥5m·偏森林/郁闭木本
M3B-A079,A_fcs10_shrub,w3,111.14378903310256,27.386578740838203,落叶灌丛,否,乔木林,,AI预判读(2026-10-08),,,F:\lc_work\v31_exp\data\m3\m5_geemat\m3chip2\chips\M3B-A079.png,14.9,0,,0.49278530826410144,0.46306015341138473,0.7449245184799583,0.6519379844961241,0.2819,0.5882,0.4928,0.7449,高度≥5m·偏森林/郁闭木本
M3B-A080,A_fcs10_shrub,w3,112.98030479995651,27.367444625286456,落叶灌丛,否,乔木林,,AI预判读(2026-10-08),,,F:\lc_work\v31_exp\data\m3\m5_geemat\m3chip2\chips\M3B-A080.png,11.08,0,16,0.6233090530697191,0.6175138399597383,0.760932944606414,0.7763578274760383,0.1588,0.6945,0.6233,0.7609,高度≥5m·偏森林/郁闭木本
M3B-A081,A_fcs10_shrub,w3,112.45847345141148,24.684985355377158,常绿灌丛,否,乡村不透水面,,人工复核,,,F:\lc_work\v31_exp\data\m3\m5_geemat\m3chip2\chips\M3B-A081.png,4.55,49,,0.5218446601941747,0.5467485347474184,0.7773342836778332,0.7211413748378729,0.2555,0.6418,0.5218,0.7773,高度1.5–5m·灌丛典型带
M3B-A082,A_fcs10_shrub,w3,111.54614444885969,25.55320707747867,常绿灌丛,否,乔木林,,AI预判读(2026-10-08),,,F:\lc_work\v31_exp\data\m3\m5_geemat\m3chip2\chips\M3B-A082.png,10.39,95,7,0.6946410515672397,0.3340967649584884,0.4274037427403743,0.628632938643703,0.3605,0.5212,0.6946,0.4274,高度≥5m·偏森林/郁闭木本
M3B-A083,A_fcs10_shrub,w3,112.20721466644325,23.502802441475865,常绿灌丛,否,乔木林,,AI预判读(2026-10-08),,,F:\lc_work\v31_exp\data\m3\m5_geemat\m3chip2\chips\M3B-A083.png,12.21,0,,0.5493685419058554,0.4891540130151844,0.5719282903366856,0.7097487960432123,0.2206,0.58,0.5494,0.5719,高度≥5m·偏森林/郁闭木本
M3B-A084,A_fcs10_shrub,w3,108.19983018398607,26.71643553888504,落叶灌丛,否,乔木林,,AI预判读(2026-10-08),,,F:\lc_work\v31_exp\data\m3\m5_geemat\m3chip2\chips\M3B-A084.png,8.65,0,,0.25242165242165243,0.37886540600667407,,0.4880485645630454,0.2356,0.3731,0.2524,,高度≥5m·偏森林/郁闭木本
M3B-A085,A_fcs10_shrub,w3,111.36755937037674,26.933019353886255,落叶灌丛,否,其他,,AI预判读(2026-10-08),,,F:\lc_work\v31_exp\data\m3\m5_geemat\m3chip2\chips\M3B-A085.png,5.69,0,,0.3167596820564857,0.277602523659306,0.7477876106194691,0.42934196332254587,0.4702,0.4429,0.3168,0.7478,高度≥5m·偏森林/郁闭木本；物候振幅大+树覆盖低·草本倾向
M3B-A086,A_fcs10_shrub,w3,111.44149071825977,27.064173385367706,落叶灌丛,是,,,AI预判读(2026-10-08),,,F:\lc_work\v31_exp\data\m3\m5_geemat\m3chip2\chips\M3B-A086.png,3.45,0,,0.3816340013212949,0.5797272268058595,0.7882414151925078,0.6367467340918669,0.4066,0.5966,0.3816,0.7882,高度1.5–5m·灌丛典型带；物候振幅大+树覆盖低·草本倾向
M3B-A087,A_fcs10_shrub,w3,108.25453758478895,26.647624588121484,落叶灌丛,否,乔木林,,AI预判读(2026-10-08),,,F:\lc_work\v31_exp\data\m3\m5_geemat\m3chip2\chips\M3B-A087.png,14.68,56,17,0.30544993662864384,0.42806345733041573,0.6260231442280553,0.6149732620320856,0.3206,0.4936,0.3054,0.626,高度≥5m·偏森林/郁闭木本
M3B-A088,A_fcs10_shrub,w3,110.48235948940535,23.866799794601096,落叶灌丛,否,乔木林（GEDI 16.3m、树覆盖73%）,,AI预判读(2026-10-08),,,F:\lc_work\v31_exp\data\m3\m5_geemat\m3chip2\chips\M3B-A088.png,16.27,73,18,0.535091640590076,,0.6614501825769431,0.7346752058554438,0.1996,0.6437,0.5351,0.6615,高度≥5m·偏森林/郁闭木本；物候平稳+树覆盖高·常绿木本倾向
M3B-A089,A_fcs10_shrub,w3,110.56419601178865,25.7638620116047,落叶灌丛,否,乔木林,,AI预判读(2026-10-08),,,F:\lc_work\v31_exp\data\m3\m5_geemat\m3chip2\chips\M3B-A089.png,18.02,63,,0.5731173380035026,,0.7332166520815102,0.7363542739443872,0.1632,0.6809,0.5731,0.7332,高度≥5m·偏森林/郁闭木本；物候平稳+树覆盖高·常绿木本倾向
M3B-A090,A_fcs10_shrub,w3,110.80835810601234,28.37679167852315,常绿灌丛,否,乔木林,,AI预判读(2026-10-08),,,F:\lc_work\v31_exp\data\m3\m5_geemat\m3chip2\chips\M3B-A090.png,13.73,0,,0.49810749432248297,0.5068906928450067,0.7557207119108156,0.670120320855615,0.2576,0.6077,0.4981,0.7557,高度≥5m·偏森林/郁闭木本
M3B-A091,A_fcs10_shrub,w3,111.99772754218658,24.648513754841904,落叶灌丛,否,乔木林,,AI预判读(2026-10-08),,,F:\lc_work\v31_exp\data\m3\m5_geemat\m3chip2\chips\M3B-A091.png,13.57,0,,0.5282035561005518,,0.5091116173120729,0.7557416914347473,0.2466,0.5977,0.5282,0.5091,高度≥5m·偏森林/郁闭木本
M3B-A092,A_fcs10_shrub,w3,109.7655937242064,23.46615117788379,落叶灌丛,否,水体,,AI预判读(2026-10-08),,,F:\lc_work\v31_exp\data\m3\m5_geemat\m3chip2\chips\M3B-A092.png,11.93,0,,0.11494252873563218,0.12341197822141561,0.6460396039603961,0.005417118093174431,0.6406,0.2225,0.1149,0.646,高度≥5m·偏森林/郁闭木本；物候振幅大+树覆盖低·草本倾向
M3B-A093,A_fcs10_shrub,w3,112.78393307884798,27.160832109938966,落叶灌丛,否,乔木林,,AI预判读(2026-10-08),,,F:\lc_work\v31_exp\data\m3\m5_geemat\m3chip2\chips\M3B-A093.png,11.56,32,,0.3275089605734767,0.3714578354387163,0.6256177924217463,0.6258641724278162,0.2984,0.4876,0.3275,0.6256,高度≥5m·偏森林/郁闭木本
M3B-A094,A_fcs10_shrub,w3,112.54902363205073,27.789113819652158,常绿灌丛,否,园地/乔木林（丘陵，含塘坝）,,AI预判读(2026-10-08),,,F:\lc_work\v31_exp\data\m3\m5_geemat\m3chip2\chips\M3B-A094.png,8.0,0,,0.4075965528247686,0.4910974425380382,0.6687657430730478,0.6229352572621986,0.2612,0.5476,0.4076,0.6688,高度≥5m·偏森林/郁闭木本
M3B-A095,A_fcs10_shrub,w3,109.23118596168369,27.66757176171079,常绿灌丛,否,乔木林,,AI预判读(2026-10-08),,,F:\lc_work\v31_exp\data\m3\m5_geemat\m3chip2\chips\M3B-A095.png,26.12,0,23,0.6277915632754343,0.583261679564345,0.5487205996381493,0.654485049833887,0.1058,0.6036,0.6278,0.5487,高度≥5m·偏森林/郁闭木本
M3B-A096,A_fcs10_shrub,w3,111.354533798757,27.725782592121732,常绿灌丛,否,乔木林,,AI预判读(2026-10-08),,,F:\lc_work\v31_exp\data\m3\m5_geemat\m3chip2\chips\M3B-A096.png,13.66,0,,0.37514464244387874,0.35536594159355844,0.6215220949263502,0.5692604191761022,0.2662,0.4803,0.3751,0.6215,高度≥5m·偏森林/郁闭木本
M3B-A097,A_fcs10_shrub,w3,111.3304589491426,26.043148233437456,常绿灌丛,否,乔木林,,AI预判读(2026-10-08),,,F:\lc_work\v31_exp\data\m3\m5_geemat\m3chip2\chips\M3B-A097.png,14.17,39,,0.49363972096840375,,0.6739073540957864,0.6801671488267438,0.1865,0.6159,0.4936,0.6739,高度≥5m·偏森林/郁闭木本；物候平稳+树覆盖高·常绿木本倾向
M3B-A098,A_fcs10_shrub,w3,108.05753704298154,24.33724750889449,落叶灌丛,否,乔木林,,AI预判读(2026-10-08),,,F:\lc_work\v31_exp\data\m3\m5_geemat\m3chip2\chips\M3B-A098.png,17.07,0,,0.28256462240243285,0.5799186737566469,0.431426167437947,0.8008565310492506,0.5183,0.5237,0.2826,0.4314,高度≥5m·偏森林/郁闭木本；物候振幅大+树覆盖低·草本倾向
M3B-A099,A_fcs10_shrub,w3,113.18745630447448,25.820366042975817,常绿灌丛,否,乔木林,,AI预判读(2026-10-08),,,F:\lc_work\v31_exp\data\m3\m5_geemat\m3chip2\chips\M3B-A099.png,9.7,49,,0.5846501128668171,0.6067270375161707,0.7177942012507106,0.5547576301615799,0.163,0.616,0.5847,0.7178,高度≥5m·偏森林/郁闭木本；物候平稳+树覆盖高·常绿木本倾向
M3B-A100,A_fcs10_shrub,w3,112.6239431267463,23.753073079631566,落叶灌丛,否,乔木林,,AI预判读(2026-10-08),,,F:\lc_work\v31_exp\data\m3\m5_geemat\m3chip2\chips\M3B-A100.png,8.0,12,,0.37572063910393677,0.5827753405679982,0.6458525581872244,0.7965378230969884,0.4208,0.6002,0.3757,0.6459,高度≥5m·偏森林/郁闭木本；物候振幅大+树覆盖低·草本倾向
M3B-A101,A_fcs10_shrub,w3,113.21287862701506,28.66937296656088,常绿灌丛,否,农田,,AI预判读(2026-10-08),,,F:\lc_work\v31_exp\data\m3\m5_geemat\m3chip2\chips\M3B-A101.png,7.75,0,,0.2744310575635877,0.36106893410264196,0.5900765128680733,0.4777632439502943,0.3156,0.4258,0.2744,0.5901,高度≥5m·偏森林/郁闭木本
M3B-A102,A_fcs10_shrub,w3,111.52710016483637,27.039829041168066,常绿灌丛,否,乔灌园地,,人工复核,,,F:\lc_work\v31_exp\data\m3\m5_geemat\m3chip2\chips\M3B-A102.png,3.24,36,17,0.5987437650101607,0.6371742112482853,0.7552253840342483,0.5930397727272727,0.1622,0.646,0.5987,0.7552,高度1.5–5m·灌丛典型带；物候平稳+树覆盖高·常绿木本倾向
M3B-A103,A_fcs10_shrub,w3,113.1229572670747,24.55625677516283,落叶灌丛,否,耕地,,人工复核,,,F:\lc_work\v31_exp\data\m3\m5_geemat\m3chip2\chips\M3B-A103.png,3.0,0,,0.32899531494013534,0.37929543980981195,0.7120224606437381,0.7081497797356828,0.383,0.5321,0.329,0.712,高度1.5–5m·灌丛典型带；物候振幅大+树覆盖低·草本倾向
M3B-A104,A_fcs10_shrub,w3,113.63418849526711,23.90794263461377,常绿灌丛,否,乔木林,,AI预判读(2026-10-08),,,F:\lc_work\v31_exp\data\m3\m5_geemat\m3chip2\chips\M3B-A104.png,10.88,68,10,0.8823239783357951,0.8304895104895105,0.8259629101283881,0.8570273330098658,0.0564,0.849,0.8823,0.826,高度≥5m·偏森林/郁闭木本；物候平稳+树覆盖高·常绿木本倾向
M3B-A105,A_fcs10_shrub,w3,109.1192558772824,28.53363752713042,落叶灌丛,否,乔木林,,AI预判读(2026-10-08),,,F:\lc_work\v31_exp\data\m3\m5_geemat\m3chip2\chips\M3B-A105.png,14.89,0,,0.371485279523652,0.38840867224032877,0.6602079395085066,0.7292766934557979,0.3578,0.5373,0.3715,0.6602,高度≥5m·偏森林/郁闭木本；物候振幅大+树覆盖低·草本倾向
M3B-A106,A_fcs10_shrub,w3,112.4646718268719,26.94379913729569,常绿灌丛,否,乔木林,,AI预判读(2026-10-08),,,F:\lc_work\v31_exp\data\m3\m5_geemat\m3chip2\chips\M3B-A106.png,5.06,0,,0.5345364032358432,0.6476247745039087,0.3927972372964973,0.7037277147487845,0.3109,0.5697,0.5345,0.3928,高度≥5m·偏森林/郁闭木本
M3B-A107,A_fcs10_shrub,w3,113.07067531753894,26.958441676426837,落叶灌丛,是,,,人工复核,,,F:\lc_work\v31_exp\data\m3\m5_geemat\m3chip2\chips\M3B-A107.png,14.56,63,,0.5040650406504065,0.5443686006825939,0.7166666666666667,0.6726500675545262,0.2126,0.6094,0.5041,0.7167,高度≥5m·偏森林/郁闭木本
M3B-A108,A_fcs10_shrub,w3,112.22230636321646,26.228650339608137,落叶灌丛,否,乔木林,,AI预判读(2026-10-08),,,F:\lc_work\v31_exp\data\m3\m5_geemat\m3chip2\chips\M3B-A108.png,12.19,47,,0.39297456307319606,,0.7874743326488707,0.7189801699716714,0.3945,0.6331,0.393,0.7875,高度≥5m·偏森林/郁闭木本
M3B-A109,A_fcs10_shrub,w3,110.29488108960962,25.920258702569907,落叶灌丛,否,乔木林,,AI预判读(2026-10-08),,,F:\lc_work\v31_exp\data\m3\m5_geemat\m3chip2\chips\M3B-A109.png,20.25,22,,0.41450777202072536,0.4918238993710692,0.701120797011208,0.7321785476349101,0.3177,0.5849,0.4145,0.7011,高度≥5m·偏森林/郁闭木本
M3B-A110,A_fcs10_shrub,w3,110.82964817824598,24.504873140911194,落叶灌丛,否,园地/农田（规则行栽，含村落）,,AI预判读(2026-10-08),,,F:\lc_work\v31_exp\data\m3\m5_geemat\m3chip2\chips\M3B-A110.png,12.15,0,,0.3156043337554524,,0.4339168490153173,0.5431942688579857,0.2276,0.4309,0.3156,0.4339,高度≥5m·偏森林/郁闭木本
M3B-A111,A_fcs10_shrub,w3,111.40259366645739,25.198013214137813,落叶灌丛,否,乔木林,,AI预判读(2026-10-08),,,F:\lc_work\v31_exp\data\m3\m5_geemat\m3chip2\chips\M3B-A111.png,12.8,13,,0.45046343975283215,0.7093609122248741,0.5507884972170687,0.6375404530744336,0.2589,0.587,0.4505,0.5508,高度≥5m·偏森林/郁闭木本
M3B-A112,A_fcs10_shrub,w3,108.85119859650113,23.46660033552585,落叶灌丛,否,乔木林（GEDI 14.1m、树覆盖61%）,,AI预判读(2026-10-08),,,F:\lc_work\v31_exp\data\m3\m5_geemat\m3chip2\chips\M3B-A112.png,14.11,61,,0.45897714907508164,0.6127017178552837,0.7281083696178036,0.7183146449201495,0.2691,0.6295,0.459,0.7281,高度≥5m·偏森林/郁闭木本
M3B-A113,A_fcs10_shrub,w3,113.8294822380347,28.38775112498941,落叶灌丛,否,乔木林,,AI预判读(2026-10-08),,,F:\lc_work\v31_exp\data\m3\m5_geemat\m3chip2\chips\M3B-A113.png,8.02,65,,0.4280180761781795,0.5668103448275862,0.7449838187702266,0.7424242424242424,0.317,0.6206,0.428,0.745,高度≥5m·偏森林/郁闭木本
M3B-A114,A_fcs10_shrub,w3,110.54721785291879,26.46652422684299,常绿灌丛,否,乔木林,,AI预判读(2026-10-08),,,F:\lc_work\v31_exp\data\m3\m5_geemat\m3chip2\chips\M3B-A114.png,21.48,87,,0.673469387755102,0.5236837762006932,0.7896462871866948,0.7952218430034129,0.2715,0.6955,0.6735,0.7896,高度≥5m·偏森林/郁闭木本
M3B-A115,A_fcs10_shrub,w3,111.11881586820404,27.840766948489033,常绿灌丛,是,,,人工复核,,,F:\lc_work\v31_exp\data\m3\m5_geemat\m3chip2\chips\M3B-A115.png,4.77,56,,0.5529699938763013,0.5792552154416065,0.7319219487310292,0.6964228166290687,0.179,0.6401,0.553,0.7319,高度1.5–5m·灌丛典型带；物候平稳+树覆盖高·常绿木本倾向
M3B-A116,A_fcs10_shrub,w3,112.88095112953289,23.998402983724606,落叶灌丛,否,乔木林,,AI预判读(2026-10-08),,,F:\lc_work\v31_exp\data\m3\m5_geemat\m3chip2\chips\M3B-A116.png,11.7,18,7,0.39480752014324083,0.637645216029239,0.8416830094490997,0.8362257092382833,0.4469,0.6776,0.3948,0.8417,高度≥5m·偏森林/郁闭木本；物候振幅大+树覆盖低·草本倾向
M3B-A117,A_fcs10_shrub,w3,113.93584276767444,28.860624290549925,落叶灌丛,否,乔木林,,AI预判读(2026-10-08),,,F:\lc_work\v31_exp\data\m3\m5_geemat\m3chip2\chips\M3B-A117.png,20.62,11,,0.43978063699641423,0.5558204211362734,0.5989920806335494,0.645141065830721,0.2054,0.5599,0.4398,0.599,高度≥5m·偏森林/郁闭木本
M3B-A118,A_fcs10_shrub,w3,108.34832170045102,23.815146665764225,常绿灌丛,否,乔木林,,AI预判读(2026-10-08),,,F:\lc_work\v31_exp\data\m3\m5_geemat\m3chip2\chips\M3B-A118.png,15.8,47,,0.74446227929374,0.7105691056910569,0.7640103461017367,0.8106037388905915,0.1,0.7574,0.7445,0.764,高度≥5m·偏森林/郁闭木本；物候平稳+树覆盖高·常绿木本倾向
M3B-A119,A_fcs10_shrub,w3,113.64856153981303,25.385850940047206,落叶灌丛,否,农田/村落（谷地，周围乔木林，局部云）,,AI预判读(2026-10-08),,,F:\lc_work\v31_exp\data\m3\m5_geemat\m3chip2\chips\M3B-A119.png,10.04,0,,0.5607814761215629,0.5744818652849741,0.7052677405311275,0.8078453666856168,0.2471,0.6621,0.5608,0.7053,高度≥5m·偏森林/郁闭木本
M3B-A120,A_fcs10_shrub,w3,112.33100251259492,23.956002502314163,常绿灌丛,否,乔木林,,AI预判读(2026-10-08),,,F:\lc_work\v31_exp\data\m3\m5_geemat\m3chip2\chips\M3B-A120.png,15.75,28,,0.7024340075419953,0.6686838124054463,0.784327485380117,0.769802291902783,0.1156,0.7313,0.7024,0.7843,高度≥5m·偏森林/郁闭木本
M3B-A121,A_fcs10_shrub,w3,111.27269727637372,27.12732494984131,落叶灌丛,否,乔木林,,AI预判读(2026-10-08),,,F:\lc_work\v31_exp\data\m3\m5_geemat\m3chip2\chips\M3B-A121.png,8.33,0,,0.41841004184100417,0.5776260735520811,0.7505045408678103,0.6155110088728228,0.3321,0.5905,0.4184,0.7505,高度≥5m·偏森林/郁闭木本
M3B-A122,A_fcs10_shrub,w3,109.79667543303692,25.01520605381949,落叶灌丛,否,水体,,AI预判读(2026-10-08),,,F:\lc_work\v31_exp\data\m3\m5_geemat\m3chip2\chips\M3B-A122.png,12.74,0,,0.47332936744001586,0.7161089494163424,0.7190876350540216,0.6563786008230452,0.2458,0.6412,0.4733,0.7191,高度≥5m·偏森林/郁闭木本
M3B-A123,A_fcs10_shrub,w3,108.18446899262763,27.39430425228163,落叶灌丛,否,乔木林（GEDI 17.6m 密林）,,AI预判读(2026-10-08),,,F:\lc_work\v31_exp\data\m3\m5_geemat\m3chip2\chips\M3B-A123.png,17.64,0,,0.29705719044975015,0.35988471112275644,0.6738319417303251,0.512764405543399,0.3768,0.4609,0.2971,0.6738,高度≥5m·偏森林/郁闭木本；物候振幅大+树覆盖低·草本倾向
M3B-A124,A_fcs10_shrub,w3,110.7945240506369,26.58348487683535,常绿灌丛,是,,,人工复核,,,F:\lc_work\v31_exp\data\m3\m5_geemat\m3chip2\chips\M3B-A124.png,4.2,0,,0.5310136157337367,,0.670753064798599,0.717948717948718,0.1869,0.6399,0.531,0.6708,高度1.5–5m·灌丛典型带
M3B-A125,A_fcs10_shrub,w3,109.77933794805342,24.59084191360143,落叶灌丛,否,乔木林,,AI预判读(2026-10-08),,,F:\lc_work\v31_exp\data\m3\m5_geemat\m3chip2\chips\M3B-A125.png,7.58,0,,0.4642574100491362,0.6020587496861662,0.6700033741986279,0.6013374485596708,0.2057,0.5844,0.4643,0.67,高度≥5m·偏森林/郁闭木本
M3B-A126,A_fcs10_shrub,w3,110.90097441180505,24.572426450276982,常绿灌丛,否,乔木林,,AI预判读(2026-10-08),,,F:\lc_work\v31_exp\data\m3\m5_geemat\m3chip2\chips\M3B-A126.png,13.46,71,8,0.5299744897959183,,0.5594902227843176,0.65,0.12,0.5798,0.53,0.5595,高度≥5m·偏森林/郁闭木本；物候平稳+树覆盖高·常绿木本倾向
M3B-A127,A_fcs10_shrub,w3,108.96932705636286,23.17258174303353,常绿灌丛,否,农田,,AI预判读(2026-10-08),,,F:\lc_work\v31_exp\data\m3\m5_geemat\m3chip2\chips\M3B-A127.png,0.63,0,,0.6077027948193592,0.8932384341637011,0.9112964366944655,0.8101538904070186,0.3036,0.8056,0.6077,0.9113,高度<1.5m·偏草本/低矮
M3B-A128,A_fcs10_shrub,w3,110.68960082545173,23.715074343113308,常绿灌丛,否,乔木林,,AI预判读(2026-10-08),,,F:\lc_work\v31_exp\data\m3\m5_geemat\m3chip2\chips\M3B-A128.png,14.25,37,,0.6947608200455581,,0.7462006079027356,0.8040548743474566,0.1093,0.7483,0.6948,0.7462,高度≥5m·偏森林/郁闭木本；物候平稳+树覆盖高·常绿木本倾向
M3B-A129,A_fcs10_shrub,w3,113.67416352541044,27.614391496890914,常绿灌丛,否,建成区,,AI预判读(2026-10-08),,,F:\lc_work\v31_exp\data\m3\m5_geemat\m3chip2\chips\M3B-A129.png,9.61,45,7,0.03801834287058086,0.02363863317210173,0.018341585884650253,0.03229620870593452,0.0197,0.0281,0.038,0.0183,高度≥5m·偏森林/郁闭木本；物候平稳+树覆盖高·常绿木本倾向
M3B-A130,A_fcs10_shrub,w3,108.08915774098254,24.252805872187256,常绿灌丛,否,乔木林,,AI预判读(2026-10-08),,,F:\lc_work\v31_exp\data\m3\m5_geemat\m3chip2\chips\M3B-A130.png,17.38,21,,0.6047705814146099,0.6906077348066298,,0.7324206596141879,0.1277,0.6759,0.6048,,高度≥5m·偏森林/郁闭木本
M3B-A131,A_fcs10_shrub,w3,113.00563729096868,28.67997308691349,常绿灌丛,否,乔木林,,AI预判读(2026-10-08),,,F:\lc_work\v31_exp\data\m3\m5_geemat\m3chip2\chips\M3B-A131.png,13.76,0,,0.5428368290081763,0.6321493076459964,0.7168657151179726,0.6029935851746258,0.174,0.6237,0.5428,0.7169,高度≥5m·偏森林/郁闭木本
M3B-A132,A_fcs10_shrub,w3,111.4146310912646,24.564431444248317,常绿灌丛,否,乔木林,,AI预判读(2026-10-08),,,F:\lc_work\v31_exp\data\m3\m5_geemat\m3chip2\chips\M3B-A132.png,16.81,12,18,0.6000693721817552,0.8348726560313462,0.815597667638484,0.823965410747375,0.2348,0.7686,0.6001,0.8156,高度≥5m·偏森林/郁闭木本
M3B-A133,A_fcs10_shrub,w3,110.52278367719074,25.89510587461456,常绿灌丛,否,乔木林,,AI预判读(2026-10-08),,,F:\lc_work\v31_exp\data\m3\m5_geemat\m3chip2\chips\M3B-A133.png,13.71,0,,0.627431906614786,,0.7484700886724116,0.6970059880239521,0.121,0.691,0.6274,0.7485,高度≥5m·偏森林/郁闭木本
M3B-A134,A_fcs10_shrub,w3,108.27834293981812,24.438307978357937,常绿灌丛,否,耕地,,人工复核,,,F:\lc_work\v31_exp\data\m3\m5_geemat\m3chip2\chips\M3B-A134.png,17.22,0,,0.31726044226044225,0.6649870959813199,0.8151987740016227,0.642713567839196,0.4979,0.61,0.3173,0.8152,高度≥5m·偏森林/郁闭木本；物候振幅大+树覆盖低·草本倾向
M3B-A135,A_fcs10_shrub,w3,111.11055136759015,25.624802805623,常绿灌丛,否,乔木林,,AI预判读(2026-10-08),,,F:\lc_work\v31_exp\data\m3\m5_geemat\m3chip2\chips\M3B-A135.png,7.99,47,,0.4988250373851741,,0.7645203679369251,0.7267997986239302,0.2657,0.6634,0.4988,0.7645,高度≥5m·偏森林/郁闭木本
M3B-A136,A_fcs10_shrub,w3,110.52431081317374,26.08743517694455,常绿灌丛,否,乔木林,,AI预判读(2026-10-08),,,F:\lc_work\v31_exp\data\m3\m5_geemat\m3chip2\chips\M3B-A136.png,10.87,51,,0.6292245126910672,,0.5597942563223317,0.7551704863051985,0.1954,0.6481,0.6292,0.5598,高度≥5m·偏森林/郁闭木本；物候平稳+树覆盖高·常绿木本倾向
M3B-A137,A_fcs10_shrub,w3,113.28016244179561,27.12552831927307,落叶灌丛,否,水体,,AI预判读(2026-10-08),,,F:\lc_work\v31_exp\data\m3\m5_geemat\m3chip2\chips\M3B-A137.png,16.52,20,,0.3943729136862184,0.5923401493021746,0.7287768671717952,0.6856324191567744,0.3344,0.6003,0.3944,0.7288,高度≥5m·偏森林/郁闭木本
M3B-A138,A_fcs10_shrub,w3,110.67388030797964,27.823070137391877,落叶灌丛,否,乔木林,,AI预判读(2026-10-08),,,F:\lc_work\v31_exp\data\m3\m5_geemat\m3chip2\chips\M3B-A138.png,14.48,37,12,0.35744194899124476,0.722041900265565,0.6882610813443741,0.6782652546646495,0.3646,0.6115,0.3574,0.6883,高度≥5m·偏森林/郁闭木本
M3B-A139,A_fcs10_shrub,w3,108.14736857139349,27.6616428808356,落叶灌丛,否,乔木林,,AI预判读(2026-10-08),,,F:\lc_work\v31_exp\data\m3\m5_geemat\m3chip2\chips\M3B-A139.png,16.79,0,,0.4627927660836051,0.48477329122490415,0.8246929002706642,0.5545851528384279,0.3619,0.5817,0.4628,0.8247,高度≥5m·偏森林/郁闭木本；物候振幅大+树覆盖低·草本倾向
M3B-A140,A_fcs10_shrub,w3,109.86656436214143,23.626949613741186,落叶灌丛,否,园地,,AI预判读(2026-10-08),,,F:\lc_work\v31_exp\data\m3\m5_geemat\m3chip2\chips\M3B-A140.png,13.74,0,,0.3693379790940767,0.49120654396728014,0.7522530807430569,0.43271847596008467,0.3829,0.5114,0.3693,0.7523,高度≥5m·偏森林/郁闭木本；物候振幅大+树覆盖低·草本倾向
M3B-A141,A_fcs10_shrub,w3,113.26345377751099,27.266563818879835,常绿灌丛,否,乔木林（常绿密林，冬季NDVI 0.53）,,AI预判读(2026-10-08),,,F:\lc_work\v31_exp\data\m3\m5_geemat\m3chip2\chips\M3B-A141.png,10.9,43,,0.5327659574468085,0.5501831501831502,0.676251859196827,0.6660656328885683,0.1435,0.6063,0.5328,0.6763,高度≥5m·偏森林/郁闭木本；物候平稳+树覆盖高·常绿木本倾向
M3B-A142,A_fcs10_shrub,w3,111.2726074448453,25.91531796850725,落叶灌丛,否,乔木林,,AI预判读(2026-10-08),,,F:\lc_work\v31_exp\data\m3\m5_geemat\m3chip2\chips\M3B-A142.png,14.77,55,,0.35823950870010235,,0.7676462510299368,0.7088803088803088,0.4094,0.6116,0.3582,0.7676,高度≥5m·偏森林/郁闭木本
M3B-A143,A_fcs10_shrub,w3,111.85615305340934,23.418181141711806,落叶灌丛,否,乔木林,,AI预判读(2026-10-08),,,F:\lc_work\v31_exp\data\m3\m5_geemat\m3chip2\chips\M3B-A143.png,15.32,27,,0.48391608391608393,0.7136632430750078,0.8095238095238095,0.8300520479746549,0.3461,0.7093,0.4839,0.8095,高度≥5m·偏森林/郁闭木本
M3B-A144,A_fcs10_shrub,w3,111.77036394377593,25.889895645966668,落叶灌丛,否,草地,,人工复核,,,F:\lc_work\v31_exp\data\m3\m5_geemat\m3chip2\chips\M3B-A144.png,13.6,0,,0.3496402877697842,0.6,0.8470304624150778,0.6867931094484079,0.4974,0.6209,0.3496,0.847,高度≥5m·偏森林/郁闭木本；物候振幅大+树覆盖低·草本倾向
M3B-A145,A_fcs10_shrub,w3,109.62473788765645,25.696398533767322,常绿灌丛,否,乔木林（常绿郁闭林）,,AI预判读(2026-10-08),,,F:\lc_work\v31_exp\data\m3\m5_geemat\m3chip2\chips\M3B-A145.png,14.16,64,,0.7468383017163505,0.6492801510502714,,0.8258654625448651,0.1766,0.7407,0.7468,,高度≥5m·偏森林/郁闭木本；物候平稳+树覆盖高·常绿木本倾向
M3B-A146,A_fcs10_shrub,w3,113.05100221281673,26.85863884836116,落叶灌丛,否,乔木林,,AI预判读(2026-10-08),,,F:\lc_work\v31_exp\data\m3\m5_geemat\m3chip2\chips\M3B-A146.png,12.79,0,,0.41959798994974873,0.5549396804695141,0.7293430308811255,0.6915901472088617,0.3097,0.5989,0.4196,0.7293,高度≥5m·偏森林/郁闭木本
M3B-A147,A_fcs10_shrub,w3,112.77773470338757,27.547377176695598,常绿灌丛,否,乔木林,,AI预判读(2026-10-08),,,F:\lc_work\v31_exp\data\m3\m5_geemat\m3chip2\chips\M3B-A147.png,10.15,0,,0.4286793878707727,0.5281851917299877,0.7730899551863591,0.6419979612640163,0.3444,0.593,0.4287,0.7731,高度≥5m·偏森林/郁闭木本
M3B-A148,A_fcs10_shrub,w3,113.84628073384773,25.420525910014216,常绿灌丛,否,乔木林,,AI预判读(2026-10-08),,,F:\lc_work\v31_exp\data\m3\m5_geemat\m3chip2\chips\M3B-A148.png,20.29,0,24,0.6252354048964218,0.6539325842696629,0.8564613150798589,0.768048128342246,0.2312,0.7259,0.6252,0.8565,高度≥5m·偏森林/郁闭木本
M3B-A149,A_fcs10_shrub,w3,108.67378132788753,24.006757315866917,落叶灌丛,否,乔木林（山地密林，含裸岩/道路）,,AI预判读(2026-10-08),,,F:\lc_work\v31_exp\data\m3\m5_geemat\m3chip2\chips\M3B-A149.png,5.36,0,,0.3747435180003731,0.7982513661202186,0.5642721057940154,0.5849264705882353,0.4235,0.5805,0.3747,0.5643,高度≥5m·偏森林/郁闭木本；物候振幅大+树覆盖低·草本倾向
M3B-A150,A_fcs10_shrub,w3,111.74071953939999,27.160382952296906,落叶灌丛,是,,,人工复核,,,F:\lc_work\v31_exp\data\m3\m5_geemat\m3chip2\chips\M3B-A150.png,4.29,0,16,0.45885873049796966,0.34862028760202096,0.7622445277542629,0.542016806722689,0.4136,0.5279,0.4589,0.7622,高度1.5–5m·灌丛典型带；物候振幅大+树覆盖低·草本倾向
M3B-A151,A_fcs10_shrub,w3,113.5890032364759,23.450340828883284,常绿灌丛,否,裸地,,AI预判读(2026-10-08),,,F:\lc_work\v31_exp\data\m3\m5_geemat\m3chip2\chips\M3B-A151.png,11.97,48,18,0.7865055387713998,0.7080728458820331,0.21955753857594348,0.582696602797696,0.5669,0.5742,0.7865,0.2196,高度≥5m·偏森林/郁闭木本
M3B-A152,A_fcs10_shrub,w3,110.53922284689013,28.114663278617073,常绿灌丛,否,乔木林,,AI预判读(2026-10-08),,,F:\lc_work\v31_exp\data\m3\m5_geemat\m3chip2\chips\M3B-A152.png,6.15,55,,0.38471940500338064,0.589839803723481,0.7355663287791979,0.7736106375724514,0.3889,0.6209,0.3847,0.7356,高度≥5m·偏森林/郁闭木本
M3B-A153,A_fcs10_shrub,w3,110.4788560597973,27.141338668273573,常绿灌丛,否,乔木林,,AI预判读(2026-10-08),,,F:\lc_work\v31_exp\data\m3\m5_geemat\m3chip2\chips\M3B-A153.png,17.83,58,,0.5681159420289855,0.5537742150968604,0.7515957446808511,0.6781105429754078,0.1978,0.6379,0.5681,0.7516,高度≥5m·偏森林/郁闭木本；物候平稳+树覆盖高·常绿木本倾向
M3B-A154,A_fcs10_shrub,w3,110.30161845424051,24.11500430760332,常绿灌丛,否,耕地,,人工复核,,,F:\lc_work\v31_exp\data\m3\m5_geemat\m3chip2\chips\M3B-A154.png,19.37,0,,0.6209952283571916,,,0.8045479155387114,,,0.621,,高度≥5m·偏森林/郁闭木本
M3B-A155,A_fcs10_shrub,w3,111.36333728854137,24.162704849190067,常绿灌丛,否,乔木林,,AI预判读(2026-10-08),,,F:\lc_work\v31_exp\data\m3\m5_geemat\m3chip2\chips\M3B-A155.png,16.92,12,19,0.6833876221498372,,0.8121745716179116,0.8318650893531336,0.1485,0.7758,0.6834,0.8122,高度≥5m·偏森林/郁闭木本
M3B-A156,A_fcs10_shrub,w3,109.40896255641094,24.976937822716,常绿灌丛,否,乔木林,,AI预判读(2026-10-08),,,F:\lc_work\v31_exp\data\m3\m5_geemat\m3chip2\chips\M3B-A156.png,21.96,78,8,0.5223473217331969,0.584342725997705,0.6171662125340599,0.6628676470588235,0.1405,0.5967,0.5223,0.6172,高度≥5m·偏森林/郁闭木本；物候平稳+树覆盖高·常绿木本倾向
M3B-A157,A_fcs10_shrub,w3,109.59374601035432,24.01017091394657,常绿灌丛,否,乔木林,,AI预判读(2026-10-08),,,F:\lc_work\v31_exp\data\m3\m5_geemat\m3chip2\chips\M3B-A157.png,5.66,0,19,0.8726569473371021,0.8103378103378104,0.8256100291023059,0.8937841075469187,0.0834,0.8506,0.8727,0.8256,高度≥5m·偏森林/郁闭木本
M3B-A158,A_fcs10_shrub,w3,108.34338096638837,26.936253288909086,落叶灌丛,否,耕地,,人工复核,,,F:\lc_work\v31_exp\data\m3\m5_geemat\m3chip2\chips\M3B-A158.png,9.71,55,,0.41124586549062847,0.6464671246319922,0.4318607764390897,0.7521834061135371,0.3409,0.5604,0.4112,0.4319,高度≥5m·偏森林/郁闭木本
M3B-A159,A_fcs10_shrub,w3,110.96089204125583,28.70431743111313,常绿灌丛,否,水体,,AI预判读(2026-10-08),,,F:\lc_work\v31_exp\data\m3\m5_geemat\m3chip2\chips\M3B-A159.png,7.82,70,,0.7400581959262852,0.7367829021372329,0.7210557888422315,0.7303754266211604,0.019,0.7321,0.7401,0.7211,高度≥5m·偏森林/郁闭木本；物候平稳+树覆盖高·常绿木本倾向
M3B-A160,A_fcs10_shrub,w3,113.95030564374878,26.445144323080942,落叶灌丛,否,乔木林,,AI预判读(2026-10-08),,,F:\lc_work\v31_exp\data\m3\m5_geemat\m3chip2\chips\M3B-A160.png,20.35,0,22,0.5206953642384106,0.4737192282102462,0.7707063868201309,0.8131147540983606,0.3394,0.6446,0.5207,0.7707,高度≥5m·偏森林/郁闭木本
M3B-A161,A_fcs10_shrub,w3,108.04235551467991,24.75640142046466,落叶灌丛,否,乔木林,,AI预判读(2026-10-08),,,F:\lc_work\v31_exp\data\m3\m5_geemat\m3chip2\chips\M3B-A161.png,11.43,0,,0.451627284886313,0.6558381857186638,0.7443345436334042,0.7873848334514528,0.3358,0.6598,0.4516,0.7443,高度≥5m·偏森林/郁闭木本
M3B-A162,A_fcs10_shrub,w3,111.91544186216123,27.316240654091644,常绿灌丛,否,乔木林,,AI预判读(2026-10-08),,,F:\lc_work\v31_exp\data\m3\m5_geemat\m3chip2\chips\M3B-A162.png,12.24,3,,0.44780987884436163,0.26494517155995756,0.7713654998423211,0.6345441067457376,0.5064,0.5297,0.4478,0.7714,高度≥5m·偏森林/郁闭木本；物候振幅大+树覆盖低·草本倾向
M3B-A163,A_fcs10_shrub,w3,108.99331207444884,24.943610325675166,落叶灌丛,否,草地,,人工复核,,,F:\lc_work\v31_exp\data\m3\m5_geemat\m3chip2\chips\M3B-A163.png,2.32,0,,0.43323284270260687,0.5447305056491943,0.5576703464027408,0.6557140567398622,0.2225,0.5478,0.4332,0.5577,高度1.5–5m·灌丛典型带
M3B-A164,A_fcs10_shrub,w3,109.93286003010945,24.952323983931127,常绿灌丛,否,乔灌园地,,人工复核,,,F:\lc_work\v31_exp\data\m3\m5_geemat\m3chip2\chips\M3B-A164.png,12.53,70,20,0.8622848200312989,0.5006342982354977,0.8583084577114428,0.8933702245397467,0.3927,0.7786,0.8623,0.8583,高度≥5m·偏森林/郁闭木本
M3B-A165,A_fcs10_shrub,w3,111.86612435306307,28.172963940556432,落叶灌丛,否,乔木林,,AI预判读(2026-10-08),,,F:\lc_work\v31_exp\data\m3\m5_geemat\m3chip2\chips\M3B-A165.png,12.42,58,,0.45796637309847876,0.5355715427657873,0.7803178143295233,0.6952452265069262,0.3224,0.6173,0.458,0.7803,高度≥5m·偏森林/郁闭木本
M3B-A166,A_fcs10_shrub,w3,110.82102435151842,28.867092160595586,落叶灌丛,否,乔木林（河谷岸林/近岸湿生植被）,,AI预判读(2026-10-08),,,F:\lc_work\v31_exp\data\m3\m5_geemat\m3chip2\chips\M3B-A166.png,16.88,22,,0.4988928632260262,0.7402363823227133,0.7813241319818849,0.7483069977426636,0.2824,0.6922,0.4989,0.7813,高度≥5m·偏森林/郁闭木本
M3B-A167,A_fcs10_shrub,w3,112.81357748322394,23.16153246503886,常绿灌丛,否,乔灌园地,,人工复核,,,F:\lc_work\v31_exp\data\m3\m5_geemat\m3chip2\chips\M3B-A167.png,7.59,0,,0.8176478814151867,0.7068359596417639,0.8444052518126592,0.8620767494356659,0.1552,0.8077,0.8176,0.8444,高度≥5m·偏森林/郁闭木本
M3B-A168,A_fcs10_shrub,w3,113.71512670236628,27.13055888486414,常绿灌丛,否,乔木林,,AI预判读(2026-10-08),,,F:\lc_work\v31_exp\data\m3\m5_geemat\m3chip2\chips\M3B-A168.png,12.86,72,,0.6940817364761743,0.6894938324117397,0.7101570098652216,0.7664936990363233,0.077,0.7151,0.6941,0.7102,高度≥5m·偏森林/郁闭木本；物候平稳+树覆盖高·常绿木本倾向
M3B-A169,A_fcs10_shrub,w3,109.58718830878026,26.722723745873875,落叶灌丛,否,建成区（农村居民点）,,AI预判读(2026-10-08),,,F:\lc_work\v31_exp\data\m3\m5_geemat\m3chip2\chips\M3B-A169.png,16.5,0,,0.30717738936407585,0.222325150532654,0.25890529973935705,0.408347245409015,0.186,0.2992,0.3072,0.2589,高度≥5m·偏森林/郁闭木本
M3B-A170,A_fcs10_shrub,w3,110.67549727549105,26.55276249411846,常绿灌丛,是,,,AI预判读(2026-10-08),,,F:\lc_work\v31_exp\data\m3\m5_geemat\m3chip2\chips\M3B-A170.png,3.49,0,,0.4762869882448318,,0.7577140589344181,0.6972410804564495,0.2814,0.6437,0.4763,0.7577,高度1.5–5m·灌丛典型带
M3B-A171,A_fcs10_shrub,w3,113.25141635270379,24.49328487374605,落叶灌丛,否,乔木林,,AI预判读(2026-10-08),,,F:\lc_work\v31_exp\data\m3\m5_geemat\m3chip2\chips\M3B-A171.png,7.59,32,,0.22171817408562516,0.4100209440953762,0.7200264375413087,0.5826852070076204,0.4983,0.4836,0.2217,0.72,高度≥5m·偏森林/郁闭木本
M3B-A172,A_fcs10_shrub,w3,110.56895708279448,26.47847182012178,落叶灌丛,否,乔木林,,AI预判读(2026-10-08),,,F:\lc_work\v31_exp\data\m3\m5_geemat\m3chip2\chips\M3B-A172.png,20.68,47,,0.4133118625872249,0.5913287836210357,0.6999779881135814,0.6048803378695448,0.2867,0.5774,0.4133,0.7,高度≥5m·偏森林/郁闭木本
M3B-A173,A_fcs10_shrub,w3,108.39683072579348,25.905526331910348,常绿灌丛,否,耕地,,人工复核,,,F:\lc_work\v31_exp\data\m3\m5_geemat\m3chip2\chips\M3B-A173.png,11.95,0,,0.5234965494577719,0.4979287489643745,,0.6892332789559543,0.1913,0.5702,0.5235,,高度≥5m·偏森林/郁闭木本
M3B-A174,A_fcs10_shrub,w3,113.747555884123,25.976583070884203,常绿灌丛,否,乔木林,,AI预判读(2026-10-08),,,F:\lc_work\v31_exp\data\m3\m5_geemat\m3chip2\chips\M3B-A174.png,19.85,0,,0.7082035306334372,0.6983742649602214,0.7281191806331471,0.7986173730087166,0.1002,0.7333,0.7082,0.7281,高度≥5m·偏森林/郁闭木本
M3B-A175,A_fcs10_shrub,w3,111.99116984061251,28.161734999504937,常绿灌丛,否,乔木林,,AI预判读(2026-10-08),,,F:\lc_work\v31_exp\data\m3\m5_geemat\m3chip2\chips\M3B-A175.png,15.05,27,,0.5516255805644873,0.6148065683273031,0.7414584395716471,0.7150771666007123,0.1898,0.6557,0.5516,0.7415,高度≥5m·偏森林/郁闭木本
M3B-A176,A_fcs10_shrub,w3,108.41174275950986,24.18543222587829,常绿灌丛,否,乔木林,,AI预判读(2026-10-08),,,F:\lc_work\v31_exp\data\m3\m5_geemat\m3chip2\chips\M3B-A176.png,17.16,45,,0.5884497593699869,0.6648796178964811,0.5598659490200061,0.7524916943521595,0.1926,0.6414,0.5884,0.5599,高度≥5m·偏森林/郁闭木本；物候平稳+树覆盖高·常绿木本倾向
M3B-A177,A_fcs10_shrub,w3,111.70065467772825,28.13424655181088,落叶灌丛,否,乔木林,,AI预判读(2026-10-08),,,F:\lc_work\v31_exp\data\m3\m5_geemat\m3chip2\chips\M3B-A177.png,9.19,27,,0.4651907952228372,0.4955710955710956,0.7735449735449735,0.7559337214509628,0.3084,0.6226,0.4652,0.7735,高度≥5m·偏森林/郁闭木本
M3B-A178,A_fcs10_shrub,w3,109.08835383150868,26.239519954545987,落叶灌丛,否,乔灌园地,,人工复核,,,F:\lc_work\v31_exp\data\m3\m5_geemat\m3chip2\chips\M3B-A178.png,15.63,62,18,0.36356275303643726,0.6126052703069818,0.5751826409333769,0.5767036925848094,0.249,0.532,0.3636,0.5752,高度≥5m·偏森林/郁闭木本
M3B-A179,A_fcs10_shrub,w3,109.89072904328424,25.472358701907915,落叶灌丛,否,乔木林,,AI预判读(2026-10-08),,,F:\lc_work\v31_exp\data\m3\m5_geemat\m3chip2\chips\M3B-A179.png,15.53,82,,0.5738816086760055,0.5926660059464817,0.532664609053498,0.7963050686878257,0.2636,0.6239,0.5739,0.5327,高度≥5m·偏森林/郁闭木本
M3B-A180,A_fcs10_shrub,w3,112.46413283770144,27.235841436162946,落叶灌丛,否,农田（丘陵耕地与林盘镶嵌）,,AI预判读(2026-10-08),,,F:\lc_work\v31_exp\data\m3\m5_geemat\m3chip2\chips\M3B-A180.png,16.03,0,,0.3050687770868664,0.36472105772331503,0.6950427350427351,0.3485938521909745,0.39,0.4284,0.3051,0.695,高度≥5m·偏森林/郁闭木本；物候振幅大+树覆盖低·草本倾向
M3B-A181,A_fcs10_shrub,w3,113.02782567848644,23.073856893308793,常绿灌丛,否,建成区,,AI预判读(2026-10-08),,,F:\lc_work\v31_exp\data\m3\m5_geemat\m3chip2\chips\M3B-A181.png,5.11,0,,0.8280136349550666,,0.7172464840858623,0.8023323615160349,0.1108,0.7825,0.828,0.7172,高度≥5m·偏森林/郁闭木本
M3B-A182,A_fcs10_shrub,w3,108.95423535958965,23.85673866341896,常绿灌丛,否,农田（成片高秆/甘蔗类作物）,,AI预判读(2026-10-08),,,F:\lc_work\v31_exp\data\m3\m5_geemat\m3chip2\chips\M3B-A182.png,11.53,27,,0.5190961171228516,0.7525637654483303,0.7720183486238532,0.671440847894586,0.2529,0.6788,0.5191,0.772,高度≥5m·偏森林/郁闭木本
M3B-A183,A_fcs10_shrub,w3,110.50275124635488,23.805444860695733,常绿灌丛,否,乔木林,,AI预判读(2026-10-08),,,F:\lc_work\v31_exp\data\m3\m5_geemat\m3chip2\chips\M3B-A183.png,13.13,0,25,0.646250373468778,,0.6948781155847713,0.777985656376676,0.1317,0.7064,0.6463,0.6949,高度≥5m·偏森林/郁闭木本
M3B-A184,A_fcs10_shrub,w3,109.15348168960735,28.755880728421587,落叶灌丛,否,乔木林（河谷两岸连片密林）,,AI预判读(2026-10-08),,,F:\lc_work\v31_exp\data\m3\m5_geemat\m3chip2\chips\M3B-A184.png,10.91,18,,0.35311004784688993,0.3702479338842975,0.5509138381201044,0.6276905177428738,0.2746,0.4755,0.3531,0.5509,高度≥5m·偏森林/郁闭木本
M3B-A185,A_fcs10_shrub,w3,112.02746177809094,27.578548717054545,常绿灌丛,是,,,AI预判读(2026-10-08),,,F:\lc_work\v31_exp\data\m3\m5_geemat\m3chip2\chips\M3B-A185.png,3.88,0,,0.4008163265306122,0.4609283196239718,0.7606755126658625,0.6646634615384616,0.3599,0.5718,0.4008,0.7607,高度1.5–5m·灌丛典型带；物候振幅大+树覆盖低·草本倾向
M3B-A186,A_fcs10_shrub,w3,111.19571165652468,28.274473567661936,落叶灌丛,否,乔木林（连片密林，树覆盖76%）,,AI预判读(2026-10-08),,,F:\lc_work\v31_exp\data\m3\m5_geemat\m3chip2\chips\M3B-A186.png,6.36,76,,0.3663335415365397,0.5935057125676488,0.6173670768516368,0.5074304242096731,0.251,0.5212,0.3663,0.6174,高度≥5m·偏森林/郁闭木本
M3B-A187,A_fcs10_shrub,w3,109.07937067866749,28.901677299034187,落叶灌丛,否,乔木林,,AI预判读(2026-10-08),,,F:\lc_work\v31_exp\data\m3\m5_geemat\m3chip2\chips\M3B-A187.png,16.09,4,,0.4569486404833837,0.6273504273504273,0.7629355249450168,0.7093242733106833,0.306,0.6391,0.4569,0.7629,高度≥5m·偏森林/郁闭木本
M3B-A188,A_fcs10_shrub,w3,109.14288156925474,26.936612615022735,落叶灌丛,否,常绿阔叶林,,人工复核,,,F:\lc_work\v31_exp\data\m3\m5_geemat\m3chip2\chips\M3B-A188.png,15.81,85,23,0.624970882832518,0.15051588104390046,0.3842234198922097,0.5149892933618844,0.4745,0.4187,0.625,0.3842,高度≥5m·偏森林/郁闭木本
M3B-A189,A_fcs10_shrub,w3,111.06374914128752,24.18300677461117,落叶灌丛,是,,,人工复核,,,F:\lc_work\v31_exp\data\m3\m5_geemat\m3chip2\chips\M3B-A189.png,15.33,96,19,0.5446146057461081,,0.7732371794871795,0.7687861271676301,0.2286,0.6955,0.5446,0.7732,高度≥5m·偏森林/郁闭木本
M3B-A190,A_fcs10_shrub,w3,113.99602989171046,26.498504250957645,落叶灌丛,否,乔木林（常绿）,,AI预判读(2026-10-08),,,F:\lc_work\v31_exp\data\m3\m5_geemat\m3chip2\chips\M3B-A190.png,16.0,45,,0.6064,0.6153071500503524,0.7039157018342657,0.7720399429386591,0.1656,0.6744,0.6064,0.7039,高度≥5m·偏森林/郁闭木本；物候平稳+树覆盖高·常绿木本倾向
M3B-A191,A_fcs10_shrub,w3,111.1470229681254,25.602614418105244,落叶灌丛,否,乔木林,,AI预判读(2026-10-08),,,F:\lc_work\v31_exp\data\m3\m5_geemat\m3chip2\chips\M3B-A191.png,12.33,54,,0.5157930681236128,,0.8641390205371248,0.6935933147632312,0.3483,0.6912,0.5158,0.8641,高度≥5m·偏森林/郁闭木本
M3B-A192,A_fcs10_shrub,w3,110.18681376093004,24.731787581679782,落叶灌丛,否,乔木林,,AI预判读(2026-10-08),,,F:\lc_work\v31_exp\data\m3\m5_geemat\m3chip2\chips\M3B-A192.png,12.34,87,16,0.6019323671497585,0.7841860465116279,0.8119691882283231,0.5599111459558344,0.2521,0.6895,0.6019,0.812,高度≥5m·偏森林/郁闭木本
M3B-A193,A_fcs10_shrub,w3,109.8453641214362,23.528943416243745,常绿灌丛,否,乔木林,,AI预判读(2026-10-08),,,F:\lc_work\v31_exp\data\m3\m5_geemat\m3chip2\chips\M3B-A193.png,15.3,85,12,0.8765928906773978,,0.8924024640657084,0.9190535491905355,0.0425,0.896,0.8766,0.8924,高度≥5m·偏森林/郁闭木本；物候平稳+树覆盖高·常绿木本倾向
M3B-A194,A_fcs10_shrub,w3,111.93942688024723,26.17708704229968,落叶灌丛,是,,,人工复核,,,F:\lc_work\v31_exp\data\m3\m5_geemat\m3chip2\chips\M3B-A194.png,19.46,75,,0.5711402623612513,,0.6242385379929465,0.6053333333333333,0.0531,0.6002,0.5711,0.6242,高度≥5m·偏森林/郁闭木本；物候平稳+树覆盖高·常绿木本倾向
M3B-A195,A_fcs10_shrub,w3,112.30683783145211,24.335630541383075,落叶灌丛,否,乔木林,,AI预判读(2026-10-08),,,F:\lc_work\v31_exp\data\m3\m5_geemat\m3chip2\chips\M3B-A195.png,10.97,0,,0.38299595141700404,0.48264984227129337,0.6981981981981982,0.7998586572438162,0.4169,0.5909,0.383,0.6982,高度≥5m·偏森林/郁闭木本；物候振幅大+树覆盖低·草本倾向
M3B-A196,A_fcs10_shrub,w3,109.56517958431932,23.434979637524844,常绿灌丛,是,乔木林,,人工复核,,,F:\lc_work\v31_exp\data\m3\m5_geemat\m3chip2\chips\M3B-A196.png,9.55,35,,0.5628664495114006,0.6351240796291246,0.6782921158317481,0.6606856309263311,0.1154,0.6342,0.5629,0.6783,高度≥5m·偏森林/郁闭木本；物候平稳+树覆盖高·常绿木本倾向
M3B-A197,A_fcs10_shrub,w3,112.29381225983238,28.767738490171965,落叶灌丛,否,乔木林,,AI预判读(2026-10-08),,,F:\lc_work\v31_exp\data\m3\m5_geemat\m3chip2\chips\M3B-A197.png,13.23,0,,0.4291703056768559,0.6358786262087363,0.6249190938511326,0.505626697710516,0.2067,0.5489,0.4292,0.6249,高度≥5m·偏森林/郁闭木本
M3B-A198,A_fcs10_shrub,w3,108.47175022048904,28.169819837062015,落叶灌丛,否,其他（绿色亮斑：疑水塘/湿面）,,AI预判读(2026-10-08),,,F:\lc_work\v31_exp\data\m3\m5_geemat\m3chip2\chips\M3B-A198.png,9.87,34,,0.3728090952155377,0.3755781683626272,0.6335988414192614,0.6598516374163199,0.287,0.5105,0.3728,0.6336,高度≥5m·偏森林/郁闭木本
M3B-A199,A_fcs10_shrub,w3,111.659601669244,26.26134901595009,常绿灌丛,否,常绿阔叶林,,人工复核,,,F:\lc_work\v31_exp\data\m3\m5_geemat\m3chip2\chips\M3B-A199.png,2.57,0,,0.4436426971883553,,0.7207151664611591,0.6358475263584753,0.2771,0.6001,0.4436,0.7207,高度1.5–5m·灌丛典型带
M3B-A200,A_fcs10_shrub,w3,108.21420322853199,23.62021224911029,落叶灌丛,否,乔木林,,AI预判读(2026-10-08),,,F:\lc_work\v31_exp\data\m3\m5_geemat\m3chip2\chips\M3B-A200.png,8.37,0,,0.5885564533740991,0.6709030100334448,0.6951389770275416,0.7194231129424986,0.1309,0.6685,0.5886,0.6951,高度≥5m·偏森林/郁闭木本
M3B-A201,A_fcs10_shrub,w3,110.0730870459605,25.774372300428897,常绿灌丛,否,裸地,,AI预判读(2026-10-08),,,F:\lc_work\v31_exp\data\m3\m5_geemat\m3chip2\chips\M3B-A201.png,10.95,62,21,0.5138814257567615,0.6762557758235206,0.6963603970475948,0.8008359970494222,0.287,0.6718,0.5139,0.6964,高度≥5m·偏森林/郁闭木本
M3B-A202,A_fcs10_shrub,w3,110.2046004035556,28.922787708210997,落叶灌丛,否,乔木林,,AI预判读(2026-10-08),,,F:\lc_work\v31_exp\data\m3\m5_geemat\m3chip2\chips\M3B-A202.png,19.11,9,,0.4127492000984494,0.5384078212290503,0.7379525918207867,0.696387139542592,0.3252,0.5964,0.4127,0.738,高度≥5m·偏森林/郁闭木本
M3B-A203,A_fcs10_shrub,w3,110.03652561389684,27.39520256756575,常绿灌丛,否,乔木林,,AI预判读(2026-10-08),,,F:\lc_work\v31_exp\data\m3\m5_geemat\m3chip2\chips\M3B-A203.png,19.32,58,,0.385138581873831,0.47712814298697365,0.7337957426453001,0.6053711301753077,0.3487,0.5504,0.3851,0.7338,高度≥5m·偏森林/郁闭木本
M3B-A204,A_fcs10_shrub,w3,111.55243265584853,26.774287043182337,常绿灌丛,否,乔木林,,AI预判读(2026-10-08),,,F:\lc_work\v31_exp\data\m3\m5_geemat\m3chip2\chips\M3B-A204.png,19.22,96,,0.760200429491768,,0.6533789563729684,0.6936107530841465,0.1068,0.7024,0.7602,0.6534,高度≥5m·偏森林/郁闭木本；物候平稳+树覆盖高·常绿木本倾向
M3B-A205,A_fcs10_shrub,w3,112.65664180308825,26.048987282784235,落叶灌丛,否,乔木林,,AI预判读(2026-10-08),,,F:\lc_work\v31_exp\data\m3\m5_geemat\m3chip2\chips\M3B-A205.png,12.88,12,13,0.4066208619612742,0.4758448060075094,0.6497127048308151,0.6082599453385971,0.2431,0.5351,0.4066,0.6497,高度≥5m·偏森林/郁闭木本
M3B-A206,A_fcs10_shrub,w3,109.10964390374232,27.365019174019334,落叶灌丛,是,乔木林（与农田镶嵌）,,人工复核,,,F:\lc_work\v31_exp\data\m3\m5_geemat\m3chip2\chips\M3B-A206.png,8.74,0,19,0.2899037385269756,0.6579398091509665,0.6958311345646438,0.677935296255907,0.4059,0.5804,0.2899,0.6958,高度≥5m·偏森林/郁闭木本；物候振幅大+树覆盖低·草本倾向
M3B-A207,A_fcs10_shrub,w3,112.29003933563908,26.106479460967883,落叶灌丛,否,乔木林,,AI预判读(2026-10-08),,,F:\lc_work\v31_exp\data\m3\m5_geemat\m3chip2\chips\M3B-A207.png,15.85,62,,0.4249201277955272,0.7596750053453069,0.5933161953727506,0.7536169603208709,0.3348,0.6329,0.4249,0.5933,高度≥5m·偏森林/郁闭木本
M3B-A208,A_fcs10_shrub,w3,112.81240967335458,25.640792817680325,落叶灌丛,否,乔木林,,AI预判读(2026-10-08),,,F:\lc_work\v31_exp\data\m3\m5_geemat\m3chip2\chips\M3B-A208.png,27.38,68,,0.5962255870089972,0.631336405529954,0.7419354838709677,0.596183800623053,0.1458,0.6414,0.5962,0.7419,高度≥5m·偏森林/郁闭木本；物候平稳+树覆盖高·常绿木本倾向
M3B-A209,A_fcs10_shrub,w3,109.51020268893122,28.850203833254138,落叶灌丛,否,乔木林,,AI预判读(2026-10-08),,,F:\lc_work\v31_exp\data\m3\m5_geemat\m3chip2\chips\M3B-A209.png,15.82,55,,0.3931901973541531,0.4181683076351477,0.6745261211280629,0.683786078098472,0.2906,0.5424,0.3932,0.6745,高度≥5m·偏森林/郁闭木本
M3B-A210,A_fcs10_shrub,w3,113.0575599143908,27.325852627631722,落叶灌丛,否,乔木林（与农田镶嵌）,,AI预判读(2026-10-08),,,F:\lc_work\v31_exp\data\m3\m5_geemat\m3chip2\chips\M3B-A210.png,14.4,52,14,0.44332210998877664,0.43833943833943834,0.8517707918822125,0.645085436588807,0.4134,0.5946,0.4433,0.8518,高度≥5m·偏森林/郁闭木本
M3B-A211,A_fcs10_shrub,w3,111.67963410007987,26.862860930196522,常绿灌丛,否,耕地,,人工复核,,,F:\lc_work\v31_exp\data\m3\m5_geemat\m3chip2\chips\M3B-A211.png,2.46,0,,0.2928844990929248,0.25323275862068967,0.6630054315027157,0.5264026402640264,0.4098,0.4339,0.2929,0.663,高度1.5–5m·灌丛典型带；物候振幅大+树覆盖低·草本倾向
M3B-A212,A_fcs10_shrub,w3,109.79011773146286,24.13386892856983,落叶灌丛,否,农田,,AI预判读(2026-10-08),,,F:\lc_work\v31_exp\data\m3\m5_geemat\m3chip2\chips\M3B-A212.png,4.02,0,,0.49728260869565216,0.6141110545084055,0.47200821777092966,0.6908132112128782,0.2188,0.5686,0.4973,0.472,高度1.5–5m·灌丛典型带
M3B-A213,A_fcs10_shrub,w3,110.52754474819658,27.31381520282452,常绿灌丛,否,乔木林,,AI预判读(2026-10-08),,,F:\lc_work\v31_exp\data\m3\m5_geemat\m3chip2\chips\M3B-A213.png,12.71,0,,0.4707345382192008,0.5016468566518688,0.708320847068225,0.6727950972555289,0.2376,0.5884,0.4707,0.7083,高度≥5m·偏森林/郁闭木本
M3B-A214,A_fcs10_shrub,w3,113.49405131094447,24.921421938157415,落叶灌丛,否,乔木林,,AI预判读(2026-10-08),,,F:\lc_work\v31_exp\data\m3\m5_geemat\m3chip2\chips\M3B-A214.png,8.75,62,12,0.38535911602209943,0.3819444444444444,0.8047493403693932,0.6824469720258223,0.4228,0.5636,0.3854,0.8047,高度≥5m·偏森林/郁闭木本
M3B-A215,A_fcs10_shrub,w3,110.04119685337426,26.571716946613385,常绿灌丛,否,乔木林,,AI预判读(2026-10-08),,,F:\lc_work\v31_exp\data\m3\m5_geemat\m3chip2\chips\M3B-A215.png,17.88,28,,0.4695273631840796,0.6138051550895588,0.8121700472353431,0.6505239308977627,0.3426,0.6365,0.4695,0.8122,高度≥5m·偏森林/郁闭木本
M3B-A216,A_fcs10_shrub,w3,109.40096755038228,28.72093626386934,落叶灌丛,否,其他（林内亮绿色斑块，疑湿草/水塘）,,AI预判读(2026-10-08),,,F:\lc_work\v31_exp\data\m3\m5_geemat\m3chip2\chips\M3B-A216.png,9.03,43,,0.28791645947289907,0.39945652173913043,0.8035087719298246,0.7353778058804932,0.5156,0.5566,0.2879,0.8035,高度≥5m·偏森林/郁闭木本
M3B-A217,A_fcs10_shrub,w3,109.45872922315117,25.328268930335142,落叶灌丛,否,裸地,,人工复核,,,F:\lc_work\v31_exp\data\m3\m5_geemat\m3chip2\chips\M3B-A217.png,16.82,85,22,0.4142776840921866,0.3325161968131676,,0.5463917525773195,0.2139,0.4311,0.4143,,高度≥5m·偏森林/郁闭木本
M3B-A218,A_fcs10_shrub,w3,113.72698446411665,28.40760389276845,常绿灌丛,是,,,人工复核,,,F:\lc_work\v31_exp\data\m3\m5_geemat\m3chip2\chips\M3B-A218.png,17.52,64,,0.7106382978723405,0.6636507252620997,0.7112993728683024,0.7356979405034325,0.072,0.7053,0.7106,0.7113,高度≥5m·偏森林/郁闭木本；物候平稳+树覆盖高·常绿木本倾向
M3B-A219,A_fcs10_shrub,w3,111.37142212609845,23.05948384876288,常绿灌丛,否,乔木林,,AI预判读(2026-10-08),,,F:\lc_work\v31_exp\data\m3\m5_geemat\m3chip2\chips\M3B-A219.png,23.25,66,19,0.6334841628959276,0.6486407483192049,0.7439839572192514,0.8622844288927768,0.2288,0.7221,0.6335,0.744,高度≥5m·偏森林/郁闭木本
M3B-A220,A_fcs10_shrub,w3,108.61952308472671,23.412521755421853,常绿灌丛,否,园地,,AI预判读(2026-10-08),,,F:\lc_work\v31_exp\data\m3\m5_geemat\m3chip2\chips\M3B-A220.png,11.27,0,,0.5659483417392633,0.6027235050325637,,0.637788157299985,0.0718,0.6022,0.5659,,高度≥5m·偏森林/郁闭木本
M3B-A221,A_fcs10_shrub,w3,110.95864625304553,24.717684031719106,落叶灌丛,否,乔木林,,AI预判读(2026-10-08),,,F:\lc_work\v31_exp\data\m3\m5_geemat\m3chip2\chips\M3B-A221.png,11.83,78,,0.4681225783726664,,0.7819924136554203,0.7416739067477556,0.3139,0.6639,0.4681,0.782,高度≥5m·偏森林/郁闭木本
M3B-A222,A_fcs10_shrub,w3,113.92281719605472,26.34749745169715,常绿灌丛,否,其他（亮色裸面/道路，四周山地植被）,,AI预判读(2026-10-08),,,F:\lc_work\v31_exp\data\m3\m5_geemat\m3chip2\chips\M3B-A222.png,17.86,52,,0.7855057074595169,0.7249093107617895,0.664061253788483,0.7627989086823945,0.1214,0.7343,0.7855,0.6641,高度≥5m·偏森林/郁闭木本；物候平稳+树覆盖高·常绿木本倾向
M3B-A223,A_fcs10_shrub,w3,112.33738055111218,24.5996454033858,常绿灌丛,否,草地,,人工复核,,,F:\lc_work\v31_exp\data\m3\m5_geemat\m3chip2\chips\M3B-A223.png,18.66,33,,0.534375,0.6291616038882138,0.6883836983642917,0.7784099416080251,0.244,0.6576,0.5344,0.6884,高度≥5m·偏森林/郁闭木本
M3B-A224,A_fcs10_shrub,w3,113.67272622095584,23.901205269982874,常绿灌丛,否,乔木林,,AI预判读(2026-10-08),,,F:\lc_work\v31_exp\data\m3\m5_geemat\m3chip2\chips\M3B-A224.png,11.48,85,11,0.7963997517070143,0.7567817509247842,0.7792484046324746,0.8489826676714394,0.0922,0.7954,0.7964,0.7792,高度≥5m·偏森林/郁闭木本；物候平稳+树覆盖高·常绿木本倾向
M3B-A225,A_fcs10_shrub,w3,112.84744396943523,24.886926631247224,落叶灌丛,否,乔木林（中心疑云/亮斑）,,AI预判读(2026-10-08),,,F:\lc_work\v31_exp\data\m3\m5_geemat\m3chip2\chips\M3B-A225.png,7.53,0,,0.4647991153704386,0.4732484076433121,0.7696712619300106,0.7169169736469255,0.3049,0.6062,0.4648,0.7697,高度≥5m·偏森林/郁闭木本
M3B-A226,A_fcs10_shrub,w3,111.68879691597787,28.859725975265807,常绿灌丛,否,乔木林,,AI预判读(2026-10-08),,,F:\lc_work\v31_exp\data\m3\m5_geemat\m3chip2\chips\M3B-A226.png,11.85,0,,0.42097788598092917,0.7452229299363057,0.7807611487275274,0.5989949748743718,0.3598,0.6365,0.421,0.7808,高度≥5m·偏森林/郁闭木本；物候振幅大+树覆盖低·草本倾向
M3B-A227,A_fcs10_shrub,w3,108.30771784960882,23.74471874748925,常绿灌丛,否,乔木林,,AI预判读(2026-10-08),,,F:\lc_work\v31_exp\data\m3\m5_geemat\m3chip2\chips\M3B-A227.png,17.02,14,,0.8019610551028863,0.7235818361861649,0.6812529663028002,0.8237364847875283,0.1425,0.7576,0.802,0.6813,高度≥5m·偏森林/郁闭木本
M3B-A228,A_fcs10_shrub,w3,112.5278233913455,27.048363036367203,常绿灌丛,否,乔木林,,AI预判读(2026-10-08),,,F:\lc_work\v31_exp\data\m3\m5_geemat\m3chip2\chips\M3B-A228.png,8.69,12,,0.5602365114560236,0.544969905417025,0.7540241448692153,0.7112533692722371,0.2091,0.6426,0.5602,0.754,高度≥5m·偏森林/郁闭木本
M3B-A229,A_fcs10_shrub,w3,110.22885491622684,27.64457489043733,落叶灌丛,是,,,AI预判读(2026-10-08),,,F:\lc_work\v31_exp\data\m3\m5_geemat\m3chip2\chips\M3B-A229.png,4.8,14,,0.32995138448530964,0.5335561841090255,0.7255680564747408,0.5999260491772971,0.3956,0.5473,0.33,0.7256,高度1.5–5m·灌丛典型带；物候振幅大+树覆盖低·草本倾向
M3B-A230,A_fcs10_shrub,w3,110.97930750458028,26.695504792765053,落叶灌丛,否,乔木林,,AI预判读(2026-10-08),,,F:\lc_work\v31_exp\data\m3\m5_geemat\m3chip2\chips\M3B-A230.png,15.64,47,,0.4609071274298056,,0.7098750306297477,0.6916560779330791,0.249,0.6208,0.4609,0.7099,高度≥5m·偏森林/郁闭木本
M3B-A231,A_fcs10_shrub,w3,108.87895653878043,26.815250220138186,常绿灌丛,否,乔木林,,AI预判读(2026-10-08),,,F:\lc_work\v31_exp\data\m3\m5_geemat\m3chip2\chips\M3B-A231.png,11.09,78,18,0.5923999575416622,0.715412004069176,0.8147671726267044,0.8199472881120822,0.2275,0.7356,0.5924,0.8148,高度≥5m·偏森林/郁闭木本
M3B-A232,A_fcs10_shrub,w3,110.59590654131807,25.581504008928434,常绿灌丛,否,乔木林,,AI预判读(2026-10-08),,,F:\lc_work\v31_exp\data\m3\m5_geemat\m3chip2\chips\M3B-A232.png,6.19,90,,0.6502169197396963,,0.8037856571580911,0.7247917265153692,0.1536,0.7263,0.6502,0.8038,高度≥5m·偏森林/郁闭木本；物候平稳+树覆盖高·常绿木本倾向
M3B-A233,A_fcs10_shrub,w3,113.86254024049029,26.385855514329055,落叶灌丛,否,耕地,,人工复核,,,F:\lc_work\v31_exp\data\m3\m5_geemat\m3chip2\chips\M3B-A233.png,5.74,37,,0.3189845474613687,0.5509177772190093,0.6959137108483717,0.6502623032725456,0.3769,0.554,0.319,0.6959,高度≥5m·偏森林/郁闭木本
M3B-A234,A_fcs10_shrub,w3,111.77287922657146,25.332491012170504,常绿灌丛,否,乔木林,,AI预判读(2026-10-08),,,F:\lc_work\v31_exp\data\m3\m5_geemat\m3chip2\chips\M3B-A234.png,14.47,31,,0.4413832414972449,0.8313595452392231,0.8040073698756334,0.7154554759467758,0.39,0.6981,0.4414,0.804,高度≥5m·偏森林/郁闭木本
M3B-A235,A_fcs10_shrub,w3,111.21134234246836,23.902013753738583,落叶灌丛,否,乔木林（喀斯特丘陵）,,AI预判读(2026-10-08),,,F:\lc_work\v31_exp\data\m3\m5_geemat\m3chip2\chips\M3B-A235.png,16.41,17,,0.44734473447344736,,0.6370352716873212,0.8063905325443786,0.359,0.6303,0.4473,0.637,高度≥5m·偏森林/郁闭木本；物候振幅大+树覆盖低·草本倾向
M3B-A236,A_fcs10_shrub,w3,112.49000431788409,25.011433129626187,常绿灌丛,否,乔木林,,AI预判读(2026-10-08),,,F:\lc_work\v31_exp\data\m3\m5_geemat\m3chip2\chips\M3B-A236.png,19.65,65,,0.720272658419591,0.7008674842955429,0.7398292315419387,0.7435603892386949,0.0427,0.7261,0.7203,0.7398,高度≥5m·偏森林/郁闭木本；物候平稳+树覆盖高·常绿木本倾向
M3B-A237,A_fcs10_shrub,w3,108.50615569587083,25.78371477938374,落叶灌丛,否,乔木林(局部云影遮挡),,AI预判读(2026-10-08),,,F:\lc_work\v31_exp\data\m3\m5_geemat\m3chip2\chips\M3B-A237.png,17.53,0,,0.38337893296853626,0.442261289210617,0.5082909997124508,0.7063958101888589,0.323,0.5101,0.3834,0.5083,高度≥5m·偏森林/郁闭木本
M3B-A238,A_fcs10_shrub,w3,113.09448067256811,26.089501302098025,落叶灌丛,否,乔木林（城镇绿化乔木）,,AI预判读(2026-10-08),,,F:\lc_work\v31_exp\data\m3\m5_geemat\m3chip2\chips\M3B-A238.png,15.4,0,,0.3645248492410064,0.5085508550855086,0.6290023815824292,0.6144712430426716,0.2645,0.5291,0.3645,0.629,高度≥5m·偏森林/郁闭木本
M3B-A239,A_fcs10_shrub,w3,113.1808986029004,27.324325491648718,常绿灌丛,否,乔木林,,AI预判读(2026-10-08),,,F:\lc_work\v31_exp\data\m3\m5_geemat\m3chip2\chips\M3B-A239.png,13.63,71,15,0.5979899497487438,0.6578370170406613,0.8148505303760849,0.7561790247160989,0.2169,0.7067,0.598,0.8149,高度≥5m·偏森林/郁闭木本
M3B-A240,A_fcs10_shrub,w3,113.65386159998933,28.055284638336776,落叶灌丛,否,乔木林,,AI预判读(2026-10-08),,,F:\lc_work\v31_exp\data\m3\m5_geemat\m3chip2\chips\M3B-A240.png,13.0,14,,0.47415955845459107,0.4508180563768973,0.8096064187357692,0.7135155949172122,0.3588,0.612,0.4742,0.8096,高度≥5m·偏森林/郁闭木本；物候振幅大+树覆盖低·草本倾向
M3B-A241,A_fcs10_shrub,w3,112.54363374034601,25.100546005810845,落叶灌丛,否,乔木林,,AI预判读(2026-10-08),,,F:\lc_work\v31_exp\data\m3\m5_geemat\m3chip2\chips\M3B-A241.png,10.25,44,,0.4995567375886525,0.5743054534764075,0.7678138633058652,0.7057661217891145,0.2683,0.6369,0.4996,0.7678,高度≥5m·偏森林/郁闭木本
M3B-A242,A_fcs10_shrub,w3,109.1966906547735,26.42610003905761,落叶灌丛,否,乔木林,,AI预判读(2026-10-08),,,F:\lc_work\v31_exp\data\m3\m5_geemat\m3chip2\chips\M3B-A242.png,13.46,49,23,0.6449980537173998,0.18016984163415195,0.06891928130866184,0.10823603660460714,0.5761,0.2506,0.645,0.0689,高度≥5m·偏森林/郁闭木本
M3B-A243,A_fcs10_shrub,w3,112.59789198350684,27.923771280741676,常绿灌丛,否,其他(林农镶嵌),,AI预判读(2026-10-08),,,F:\lc_work\v31_exp\data\m3\m5_geemat\m3chip2\chips\M3B-A243.png,4.71,54,12,0.42181667357942765,0.5449018586069133,0.790842590083988,0.6403269754768393,0.369,0.5995,0.4218,0.7908,高度1.5–5m·灌丛典型带
M3B-A244,A_fcs10_shrub,w3,110.58171315982898,23.737352562159472,落叶灌丛,否,乔木林,,AI预判读(2026-10-08),,,F:\lc_work\v31_exp\data\m3\m5_geemat\m3chip2\chips\M3B-A244.png,6.93,11,18,0.3266839378238342,,0.7056577577230129,0.565766800689259,0.379,0.5327,0.3267,0.7057,高度≥5m·偏森林/郁闭木本；物候振幅大+树覆盖低·草本倾向
M3B-A245,A_fcs10_shrub,w3,113.46054415084681,26.10037091703587,落叶灌丛,否,其他（灰色线状/面状地物：道路或水面，四周林地）,,AI预判读(2026-10-08),,,F:\lc_work\v31_exp\data\m3\m5_geemat\m3chip2\chips\M3B-A245.png,11.24,0,,0.41779859484777515,0.4913123844731978,0.6444317205840252,0.7235628105039035,0.3058,0.5693,0.4178,0.6444,高度≥5m·偏森林/郁闭木本
M3B-A246,A_fcs10_shrub,w3,110.70550100598065,28.141253411027012,常绿灌丛,否,耕地,,人工复核,,,F:\lc_work\v31_exp\data\m3\m5_geemat\m3chip2\chips\M3B-A246.png,12.46,35,12,0.49474398101051204,0.6255407509949819,0.7804307116104869,0.681360201511335,0.2857,0.6455,0.4947,0.7804,高度≥5m·偏森林/郁闭木本
M3B-A247,A_fcs10_shrub,w3,113.4386252579143,28.781033556376936,常绿灌丛,否,乔木林（密林，GEDI 12.3m）,,AI预判读(2026-10-08),,,F:\lc_work\v31_exp\data\m3\m5_geemat\m3chip2\chips\M3B-A247.png,12.32,24,,0.4936708860759494,0.5808764940239044,0.6991387987920814,0.6739130434782609,0.2055,0.6119,0.4937,0.6991,高度≥5m·偏森林/郁闭木本
M3B-A248,A_fcs10_shrub,w3,108.65895912569955,24.107368627688302,落叶灌丛,是,,,AI预判读(2026-10-08),,,F:\lc_work\v31_exp\data\m3\m5_geemat\m3chip2\chips\M3B-A248.png,4.38,0,,0.5117540687160941,0.7070006035003018,0.6643313414382856,0.7457972491085074,0.234,0.6572,0.5118,0.6643,高度1.5–5m·灌丛典型带
M3B-A249,A_fcs10_shrub,w3,108.89827031738899,28.59157886295613,常绿灌丛,否,乔木林,,AI预判读(2026-10-08),,,F:\lc_work\v31_exp\data\m3\m5_geemat\m3chip2\chips\M3B-A249.png,14.53,58,,0.5792711056435491,0.578544061302682,0.7963673573804042,0.7590299277605779,0.2178,0.6783,0.5793,0.7964,高度≥5m·偏森林/郁闭木本
M3B-A250,A_fcs10_shrub,w3,109.4131846382463,25.432473503293007,落叶灌丛,否,乔木林,,AI预判读(2026-10-08),,,F:\lc_work\v31_exp\data\m3\m5_geemat\m3chip2\chips\M3B-A250.png,12.38,0,,0.4259954921111946,0.6733046286329386,0.6101190476190477,0.6539903588644885,0.2473,0.5909,0.426,0.6101,高度≥5m·偏森林/郁闭木本
M3B-A251,A_fcs10_shrub,w3,110.11944011462107,25.18471814793284,落叶灌丛,是,,,AI预判读(2026-10-08),,,F:\lc_work\v31_exp\data\m3\m5_geemat\m3chip2\chips\M3B-A251.png,4.2,0,,0.48779511804721887,0.7125715083019395,0.7736327000575706,0.6336996336996337,0.2858,0.6519,0.4878,0.7736,高度1.5–5m·灌丛典型带
M3B-A252,A_fcs10_shrub,w3,113.24270269444783,26.06443830567109,常绿灌丛,否,乔木林,,AI预判读(2026-10-08),,,F:\lc_work\v31_exp\data\m3\m5_geemat\m3chip2\chips\M3B-A252.png,12.12,0,,0.391304347826087,0.6570372858582466,0.7063423110338836,0.6558249556475458,0.315,0.6026,0.3913,0.7063,高度≥5m·偏森林/郁闭木本
M3B-A253,A_fcs10_shrub,w3,109.19462452962003,24.872194260587666,落叶灌丛,否,乔木林,,AI预判读(2026-10-08),,,F:\lc_work\v31_exp\data\m3\m5_geemat\m3chip2\chips\M3B-A253.png,9.18,0,,0.4133105802047782,0.5153976311336718,0.7215880893300248,0.700684233512884,0.3083,0.5877,0.4133,0.7216,高度≥5m·偏森林/郁闭木本
M3B-A254,A_fcs10_shrub,w3,111.61657236713467,28.450543363349365,落叶灌丛,否,水体,,人工复核,,,F:\lc_work\v31_exp\data\m3\m5_geemat\m3chip2\chips\M3B-A254.png,3.83,0,,0.21755971594577148,-0.2310077519379845,0.1648012350443844,0.3233256351039261,0.5543,0.1187,0.2176,0.1648,高度1.5–5m·灌丛典型带；物候振幅大+树覆盖低·草本倾向
M3B-A255,A_fcs10_shrub,w3,113.17721551023551,25.549434153285368,落叶灌丛,否,乔木林,,AI预判读(2026-10-08),,,F:\lc_work\v31_exp\data\m3\m5_geemat\m3chip2\chips\M3B-A255.png,13.31,0,,0.41892227464613857,0.4535809018567639,0.6917922948073701,0.6307465980139757,0.2729,0.5488,0.4189,0.6918,高度≥5m·偏森林/郁闭木本
M3B-A256,A_fcs10_shrub,w3,112.99997790467873,24.568833189140502,落叶灌丛,否,乔木林,,AI预判读(2026-10-08),,,F:\lc_work\v31_exp\data\m3\m5_geemat\m3chip2\chips\M3B-A256.png,8.17,48,,0.5138556277796784,0.5118622034449138,0.8572631578947368,0.838009528851244,0.3454,0.6802,0.5139,0.8573,高度≥5m·偏森林/郁闭木本
M3B-A257,A_fcs10_shrub,w3,108.32873842725722,25.912533191126478,常绿灌丛,否,乔木林,,AI预判读(2026-10-08),,,F:\lc_work\v31_exp\data\m3\m5_geemat\m3chip2\chips\M3B-A257.png,6.67,0,,0.5265748031496063,0.5605006954102921,0.705641225844232,0.6970368319025201,0.1791,0.6224,0.5266,0.7056,高度≥5m·偏森林/郁闭木本
M3B-A258,A_fcs10_shrub,w3,112.22796574950641,27.72012320583178,落叶灌丛,否,乔木林,,AI预判读(2026-10-08),,,F:\lc_work\v31_exp\data\m3\m5_geemat\m3chip2\chips\M3B-A258.png,16.05,0,,0.4263698630136986,0.5715871254162043,0.6619718309859155,0.6370431893687708,0.2356,0.5742,0.4264,0.662,高度≥5m·偏森林/郁闭木本
M3B-A259,A_fcs10_shrub,w3,113.4905478813364,28.27276676862211,常绿灌丛,否,园地（果园/裸土坡地，周围乔木林）,,AI预判读(2026-10-08),,,F:\lc_work\v31_exp\data\m3\m5_geemat\m3chip2\chips\M3B-A259.png,6.85,0,6,0.5353834753612449,0.5914037746246039,0.74935811223866,0.7221020092735704,0.214,0.6496,0.5354,0.7494,高度≥5m·偏森林/郁闭木本
M3B-A260,A_fcs10_shrub,w3,109.0342752514047,25.288922720890707,落叶灌丛,否,乔木林（局部云雾）,,AI预判读(2026-10-08),,,F:\lc_work\v31_exp\data\m3\m5_geemat\m3chip2\chips\M3B-A260.png,14.74,89,4,0.4490889603429796,0.5845873987101042,0.18128938439166262,0.6187775677378702,0.4375,0.4584,0.4491,0.1813,高度≥5m·偏森林/郁闭木本
M3B-A261,A_fcs10_shrub,w3,112.49593319875927,24.307603104518545,常绿灌丛,否,乔木林,,AI预判读(2026-10-08),,,F:\lc_work\v31_exp\data\m3\m5_geemat\m3chip2\chips\M3B-A261.png,18.08,12,,0.5513339851934628,0.5005368262830148,0.7877083112196157,0.7695755338781967,0.2872,0.6523,0.5513,0.7877,高度≥5m·偏森林/郁闭木本
M3B-A262,A_fcs10_shrub,w3,110.94598000753945,23.623895341775178,常绿灌丛,否,乔木林,,AI预判读(2026-10-08),,,F:\lc_work\v31_exp\data\m3\m5_geemat\m3chip2\chips\M3B-A262.png,9.1,78,8,0.8551519305460361,,0.8944431527551732,0.8823761594631933,0.0393,0.8773,0.8552,0.8944,高度≥5m·偏森林/郁闭木本；物候平稳+树覆盖高·常绿木本倾向
M3B-A263,A_fcs10_shrub,w3,113.8700860888769,25.63127067566866,落叶灌丛,是,乔木林,,人工复核,,,F:\lc_work\v31_exp\data\m3\m5_geemat\m3chip2\chips\M3B-A263.png,6.0,0,,0.4623574144486692,0.4954954954954955,0.7942307692307692,0.662710363153233,0.3319,0.6037,0.4624,0.7942,高度≥5m·偏森林/郁闭木本
M3B-A264,A_fcs10_shrub,w3,113.5033937898993,23.90470869959094,落叶灌丛,否,乔木林,,AI预判读(2026-10-08),,,F:\lc_work\v31_exp\data\m3\m5_geemat\m3chip2\chips\M3B-A264.png,11.29,0,,0.526503164556962,0.5870153291253382,0.8075422626788037,0.8168596821976838,0.2904,0.6845,0.5265,0.8075,高度≥5m·偏森林/郁闭木本
M3B-A265,A_fcs10_shrub,w3,113.09151623213052,27.609720257413493,落叶灌丛,否,裸地,,AI预判读(2026-10-08),,,F:\lc_work\v31_exp\data\m3\m5_geemat\m3chip2\chips\M3B-A265.png,13.86,0,22,0.13808606294155426,0.15167464114832535,0.24165507649513213,0.15655853314527504,0.1036,0.172,0.1381,0.2417,高度≥5m·偏森林/郁闭木本
M3B-A266,A_fcs10_shrub,w3,113.52234824239423,25.229813575195642,常绿灌丛,否,乔木林,,AI预判读(2026-10-08),,,F:\lc_work\v31_exp\data\m3\m5_geemat\m3chip2\chips\M3B-A266.png,9.0,0,,0.5499671268902038,0.5481746599856836,0.6603909341647679,0.7419354838709677,0.1938,0.6251,0.55,0.6604,高度≥5m·偏森林/郁闭木本
M3B-A267,A_fcs10_shrub,w3,112.11684414886084,25.194599616058156,常绿灌丛,否,乔木林,,AI预判读(2026-10-08),,,F:\lc_work\v31_exp\data\m3\m5_geemat\m3chip2\chips\M3B-A267.png,18.11,59,22,0.42235672404009833,,0.6304772536980184,0.7442333785617368,0.3219,0.599,0.4224,0.6305,高度≥5m·偏森林/郁闭木本
M3B-A268,A_fcs10_shrub,w3,112.46952272940615,23.973519650354497,常绿灌丛,否,乔木林,,AI预判读(2026-10-08),,,F:\lc_work\v31_exp\data\m3\m5_geemat\m3chip2\chips\M3B-A268.png,18.48,87,19,0.8990698959388526,0.8353658536585366,0.8789780367548184,0.8997077732320281,0.0643,0.8783,0.8991,0.879,高度≥5m·偏森林/郁闭木本；物候平稳+树覆盖高·常绿木本倾向
M3B-A269,A_fcs10_shrub,w3,111.60642140442413,28.746448417938335,落叶灌丛,否,乔木林,,AI预判读(2026-10-08),,,F:\lc_work\v31_exp\data\m3\m5_geemat\m3chip2\chips\M3B-A269.png,17.92,0,,0.30838709677419357,0.6014666478634889,0.7973028197793216,0.5760076166296414,0.4889,0.5708,0.3084,0.7973,高度≥5m·偏森林/郁闭木本；物候振幅大+树覆盖低·草本倾向
M3B-A270,A_fcs10_shrub,w3,110.41444685392592,24.92627284069166,落叶灌丛,否,裸地（石灰岩裸露岩面）,,AI预判读(2026-10-08),,,F:\lc_work\v31_exp\data\m3\m5_geemat\m3chip2\chips\M3B-A270.png,8.77,0,,0.3095505617977528,0.7217068645640075,0.4476978338957222,0.5552571505304149,0.4122,0.5086,0.3096,0.4477,高度≥5m·偏森林/郁闭木本；物候振幅大+树覆盖低·草本倾向
M3B-A271,A_fcs10_shrub,w3,110.26820112567127,25.768263756496886,常绿灌丛,否,乔木林,,AI预判读(2026-10-08),,,F:\lc_work\v31_exp\data\m3\m5_geemat\m3chip2\chips\M3B-A271.png,14.43,47,,0.7337413925019127,0.5377162629757786,0.6894488188976378,0.7718268525311812,0.2341,0.6832,0.7337,0.6894,高度≥5m·偏森林/郁闭木本
M3B-A272,A_fcs10_shrub,w3,112.169215929925,27.369510750439932,常绿灌丛,否,乔木林,,AI预判读(2026-10-08),,,F:\lc_work\v31_exp\data\m3\m5_geemat\m3chip2\chips\M3B-A272.png,8.55,21,,0.43498817966903075,0.4411811908200931,0.6280005364087434,0.5990668221963006,0.193,0.5258,0.435,0.628,高度≥5m·偏森林/郁闭木本
M3B-A273,A_fcs10_shrub,w3,109.33242609420397,23.729627050716047,落叶灌丛,否,裸地,,AI预判读(2026-10-08),,,F:\lc_work\v31_exp\data\m3\m5_geemat\m3chip2\chips\M3B-A273.png,3.37,0,,0.4985432178698608,0.503043718871057,0.4478822469209973,0.5635856079404467,0.1157,0.5033,0.4985,0.4479,高度1.5–5m·灌丛典型带
M3B-A274,A_fcs10_shrub,w3,111.68170022523333,25.271585235907203,常绿灌丛,否,乔木林,,AI预判读(2026-10-08),,,F:\lc_work\v31_exp\data\m3\m5_geemat\m3chip2\chips\M3B-A274.png,18.57,54,,0.5365163238346858,0.8782951465878295,0.7845481424347602,0.6705577172503242,0.3418,0.7175,0.5365,0.7845,高度≥5m·偏森林/郁闭木本
M3B-A275,A_fcs10_shrub,w3,112.83774216436674,26.388191134067768,落叶灌丛,否,建成区,,AI预判读(2026-10-08),,,F:\lc_work\v31_exp\data\m3\m5_geemat\m3chip2\chips\M3B-A275.png,14.4,0,,0.3053650665590964,0.49305447167160915,0.7185277604491578,0.6645682001614205,0.4132,0.5454,0.3054,0.7185,高度≥5m·偏森林/郁闭木本；物候振幅大+树覆盖低·草本倾向
M3B-A276,A_fcs10_shrub,w3,112.08405564099047,25.865102144124968,常绿灌丛,否,乔木林,,AI预判读(2026-10-08),,,F:\lc_work\v31_exp\data\m3\m5_geemat\m3chip2\chips\M3B-A276.png,11.75,49,,0.3293488518402013,0.6603689708824183,0.6803372939823688,0.6856117259946156,0.3563,0.5889,0.3293,0.6803,高度≥5m·偏森林/郁闭木本
M3B-A277,A_fcs10_shrub,w3,109.3251497404026,25.15372627063072,常绿灌丛,否,乔木林,,AI预判读(2026-10-08),,,F:\lc_work\v31_exp\data\m3\m5_geemat\m3chip2\chips\M3B-A277.png,18.98,84,21,0.6238995526049935,0.7,,0.909863396794665,0.286,0.7446,0.6239,,高度≥5m·偏森林/郁闭木本
M3B-A278,A_fcs10_shrub,w3,110.95514282343747,27.965453109924823,落叶灌丛,否,耕地,,人工复核,,,F:\lc_work\v31_exp\data\m3\m5_geemat\m3chip2\chips\M3B-A278.png,2.7,0,,0.34337152209492633,0.5009178803084078,0.7784026996625422,0.6293634496919918,0.435,0.563,0.3434,0.7784,高度1.5–5m·灌丛典型带；物候振幅大+树覆盖低·草本倾向
M3B-A279,A_fcs10_shrub,w3,113.71943861573006,23.308496845520814,常绿灌丛,否,农田（菜地/园圃，行列纹理）,,AI预判读(2026-10-08),,,F:\lc_work\v31_exp\data\m3\m5_geemat\m3chip2\chips\M3B-A279.png,9.13,0,,0.6169147308387815,0.6054421768707483,0.8222445392919909,0.7915559492175966,0.2168,0.709,0.6169,0.8222,高度≥5m·偏森林/郁闭木本
M3B-A280,A_fcs10_shrub,w3,111.15654511013706,26.278057680234713,落叶灌丛,否,乔木林,,AI预判读(2026-10-08),,,F:\lc_work\v31_exp\data\m3\m5_geemat\m3chip2\chips\M3B-A280.png,5.95,55,23,0.5118805159538357,0.5132947976878612,0.6884703486892338,0.6098748261474269,0.1766,0.5809,0.5119,0.6885,高度≥5m·偏森林/郁闭木本；物候平稳+树覆盖高·常绿木本倾向
M3B-A281,A_fcs10_shrub,w3,112.00194962402195,26.156785116878577,落叶灌丛,否,乔木林,,AI预判读(2026-10-08),,,F:\lc_work\v31_exp\data\m3\m5_geemat\m3chip2\chips\M3B-A281.png,14.72,12,21,0.3827375762859634,,0.8234860280258953,0.7461596575169982,0.4407,0.6508,0.3827,0.8235,高度≥5m·偏森林/郁闭木本；物候振幅大+树覆盖低·草本倾向
M3B-A282,A_fcs10_shrub,w3,108.90680431258814,24.38009714794699,常绿灌丛,否,草地,,人工复核,,,F:\lc_work\v31_exp\data\m3\m5_geemat\m3chip2\chips\M3B-A282.png,8.26,0,,0.48533724340175954,0.5587694570413041,0.6216444726273516,0.7301460823373174,0.2448,0.599,0.4853,0.6216,高度≥5m·偏森林/郁闭木本
M3B-A283,A_fcs10_shrub,w3,113.99998247896059,25.765658642172937,常绿灌丛,否,常绿针叶林,,人工复核,,,F:\lc_work\v31_exp\data\m3\m5_geemat\m3chip2\chips\M3B-A283.png,3.57,58,,0.5703824247355573,0.7500421088091629,0.7752735587130491,0.7676626640603184,0.2049,0.7158,0.5704,0.7753,高度1.5–5m·灌丛典型带
M3B-A284,A_fcs10_shrub,w3,111.70281063441014,26.084560568035368,落叶灌丛,否,裸地,,AI预判读(2026-10-08),,,F:\lc_work\v31_exp\data\m3\m5_geemat\m3chip2\chips\M3B-A284.png,9.96,74,12,0.4284486463257413,,0.6962447844228095,0.6839622641509434,0.2678,0.6029,0.4284,0.6962,高度≥5m·偏森林/郁闭木本
M3B-A285,A_fcs10_shrub,w3,111.85723103175029,23.03639714596101,常绿灌丛,否,乔木林,,AI预判读(2026-10-08),,,F:\lc_work\v31_exp\data\m3\m5_geemat\m3chip2\chips\M3B-A285.png,26.7,85,18,0.8858189589375668,0.7787823990355636,0.894916864608076,0.8946811325747552,0.1161,0.8635,0.8858,0.8949,高度≥5m·偏森林/郁闭木本；物候平稳+树覆盖高·常绿木本倾向
M3B-A286,A_fcs10_shrub,w3,109.26675924693483,24.195313694003605,落叶灌丛,否,农田（田块与树丛/果园镶嵌）,,AI预判读(2026-10-08),,,F:\lc_work\v31_exp\data\m3\m5_geemat\m3chip2\chips\M3B-A286.png,10.64,0,,0.36015625,0.6067980965329708,0.6568062170970168,0.6181299072091363,0.2966,0.5605,0.3602,0.6568,高度≥5m·偏森林/郁闭木本
M3B-A287,A_fcs10_shrub,w3,113.96809228637434,27.112951905295397,常绿灌丛,否,乔木林,,AI预判读(2026-10-08),,,F:\lc_work\v31_exp\data\m3\m5_geemat\m3chip2\chips\M3B-A287.png,15.61,0,,0.49325448161153207,0.6614520657841958,0.6405797101449275,0.6016684045881127,0.1682,0.5992,0.4933,0.6406,高度≥5m·偏森林/郁闭木本
M3B-A288,A_fcs10_shrub,w3,110.34249179966795,26.507756898384073,落叶灌丛,否,乔木林,,AI预判读(2026-10-08),,,F:\lc_work\v31_exp\data\m3\m5_geemat\m3chip2\chips\M3B-A288.png,18.8,46,18,0.34516265314744404,0.5535346602608099,0.7735576426875839,0.6779819370912489,0.4284,0.5876,0.3452,0.7736,高度≥5m·偏森林/郁闭木本
M3B-A289,A_fcs10_shrub,w3,108.59122615327695,25.21265575326896,常绿灌丛,否,常绿针叶林,,人工复核,,,F:\lc_work\v31_exp\data\m3\m5_geemat\m3chip2\chips\M3B-A289.png,3.06,85,9,0.8422860973770218,0.8002719444024777,0.8037832638666239,0.8608198284080076,0.0605,0.8268,0.8423,0.8038,高度1.5–5m·灌丛典型带；物候平稳+树覆盖高·常绿木本倾向
M3B-A290,A_fcs10_shrub,w3,110.81743109038194,24.159111588053587,常绿灌丛,否,乔木林,,AI预判读(2026-10-08),,,F:\lc_work\v31_exp\data\m3\m5_geemat\m3chip2\chips\M3B-A290.png,14.11,0,,0.42663656884875845,,0.5049522619791202,0.6309852093256455,0.2043,0.5209,0.4266,0.505,高度≥5m·偏森林/郁闭木本
M3B-A291,A_fcs10_shrub,w3,113.17622736342298,27.367444625286456,常绿灌丛,否,乔木林,,AI预判读(2026-10-08),,,F:\lc_work\v31_exp\data\m3\m5_geemat\m3chip2\chips\M3B-A291.png,12.4,48,,0.5991595280426701,0.656554092730395,0.7836580401279442,0.7043539325842697,0.1845,0.6859,0.5992,0.7837,高度≥5m·偏森林/郁闭木本；物候平稳+树覆盖高·常绿木本倾向
M3B-A292,A_fcs10_shrub,w3,112.58567489564281,23.01196297023296,常绿灌丛,否,农田,,AI预判读(2026-10-08),,,F:\lc_work\v31_exp\data\m3\m5_geemat\m3chip2\chips\M3B-A292.png,2.15,0,,0.4677486475239284,0.5828220858895705,0.7025093432995195,0.7986812003767999,0.3309,0.6379,0.4677,0.7025,高度1.5–5m·灌丛典型带
M3B-A293,A_fcs10_shrub,w3,111.13444655414771,24.997958400364396,落叶灌丛,否,乔木林,,AI预判读(2026-10-08),,,F:\lc_work\v31_exp\data\m3\m5_geemat\m3chip2\chips\M3B-A293.png,11.58,55,14,0.4783542039355993,,0.7907845579078456,0.70064874884152,0.3124,0.6566,0.4784,0.7908,高度≥5m·偏森林/郁闭木本
M3B-A294,A_fcs10_shrub,w3,112.70524065995912,23.4850157988503,落叶灌丛,否,农田（水田/鱼塘）,,AI预判读(2026-10-08),,,F:\lc_work\v31_exp\data\m3\m5_geemat\m3chip2\chips\M3B-A294.png,12.28,0,,0.44170771756978655,0.23219911783238814,0.3497297297297297,0.1491255961844197,0.2926,0.2932,0.4417,0.3497,高度≥5m·偏森林/郁闭木本
M3B-A295,A_fcs10_shrub,w3,111.95892032191261,23.800773621218312,常绿灌丛,否,乔木林,,AI预判读(2026-10-08),,,F:\lc_work\v31_exp\data\m3\m5_geemat\m3chip2\chips\M3B-A295.png,15.23,48,,0.5652694610778443,,0.7220324508966696,0.7640174197060424,0.1987,0.6838,0.5653,0.722,高度≥5m·偏森林/郁闭木本；物候平稳+树覆盖高·常绿木本倾向
M3B-A296,A_fcs10_shrub,w3,108.5577189931793,23.22558234479658,常绿灌丛,否,乔木林（常绿密林，影像带薄雾）,,AI预判读(2026-10-08),,,F:\lc_work\v31_exp\data\m3\m5_geemat\m3chip2\chips\M3B-A296.png,14.43,97,5,0.9145915492957747,0.7766960754487374,0.7855631940772079,0.884346058278744,0.1379,0.8403,0.9146,0.7856,高度≥5m·偏森林/郁闭木本；物候平稳+树覆盖高·常绿木本倾向
M3B-A297,A_fcs10_shrub,w3,108.361616766656,24.816319049915432,落叶灌丛,否,乔木林,,AI预判读(2026-10-08),,,F:\lc_work\v31_exp\data\m3\m5_geemat\m3chip2\chips\M3B-A297.png,10.78,12,,0.25737959606421545,0.528561872909699,0.4166883963494133,0.46774193548387094,0.2712,0.4176,0.2574,0.4167,高度≥5m·偏森林/郁闭木本
M3B-A298,A_fcs10_shrub,w3,108.22543216958347,23.62811742361054,落叶灌丛,否,裸地,,AI预判读(2026-10-08),,,F:\lc_work\v31_exp\data\m3\m5_geemat\m3chip2\chips\M3B-A298.png,3.04,0,,0.4659244264507422,0.5284285518564187,0.4207395914145332,0.5861209964412811,0.1654,0.5003,0.4659,0.4207,高度1.5–5m·灌丛典型带
M3B-A299,A_fcs10_shrub,w3,111.1936455313712,27.987282171328925,落叶灌丛,否,乔木林,,AI预判读(2026-10-08),,,F:\lc_work\v31_exp\data\m3\m5_geemat\m3chip2\chips\M3B-A299.png,11.5,5,,0.37035490605427973,0.6739342661893915,0.7784411984220067,0.8173913043478261,0.447,0.66,0.3704,0.7784,高度≥5m·偏森林/郁闭木本；物候振幅大+树覆盖低·草本倾向
M3B-A300,A_fcs10_shrub,w3,110.83261261868357,28.89817386942612,常绿灌丛,否,乔木林,,AI预判读(2026-10-08),,,F:\lc_work\v31_exp\data\m3\m5_geemat\m3chip2\chips\M3B-A300.png,5.95,55,,0.5241157556270096,0.6380236305048335,0.721950081642174,0.7584745762711864,0.2344,0.6606,0.5241,0.722,高度≥5m·偏森林/郁闭木本
M3B-A301,A_fcs10_shrub,w4,105.82010316482504,38.69681732554504,落叶灌丛,否,裸地,,AI预判读(2026-10-08),,,F:\lc_work\v31_exp\data\m3\m5_geemat\m3chip2\chips\M3B-A301.png,6.26,0,,0.07073193826342203,0.1523658591804392,0.19387988125142727,0.2027655896822231,0.132,0.1549,0.0707,0.1939,高度≥5m·偏森林/郁闭木本
M3B-A302,A_fcs10_shrub,w4,106.88577458637603,37.95597671073167,落叶灌丛,否,其他（暗色条带状地物/裸地，无植被信号）,,AI预判读(2026-10-08),,,F:\lc_work\v31_exp\data\m3\m5_geemat\m3chip2\chips\M3B-A302.png,2.22,0,,0.11079545454545454,0.09043250327653997,0.1643835616438356,0.12016574585635359,0.074,0.1214,0.1108,0.1644,高度1.5–5m·灌丛典型带
M3B-A303,A_fcs10_shrub,w4,101.19386928313791,40.640502105794454,落叶灌丛,否,稀疏植被,,人工复核,,,F:\lc_work\v31_exp\data\m3\m5_geemat\m3chip2\chips\M3B-A303.png,2.05,0,,0.10835433223492925,0.1026341291516166,0.11856243052982586,0.11733174508636093,0.0159,0.1117,0.1084,0.1186,高度1.5–5m·灌丛典型带
M3B-A304,A_fcs10_shrub,w4,104.7892863762979,40.76752388696895,落叶灌丛,否,沙地,,AI预判读(2026-10-08),,,F:\lc_work\v31_exp\data\m3\m5_geemat\m3chip2\chips\M3B-A304.png,2.67,0,,0.09886746250382614,0.07583130575831305,0.07591836734693877,0.0922088937356113,0.023,0.0857,0.0989,0.0759,高度1.5–5m·灌丛典型带
M3B-A305,A_fcs10_shrub,w4,101.73806868225752,37.435672498169644,落叶灌丛,否,草地（高寒草甸）,,AI预判读(2026-10-08),,,F:\lc_work\v31_exp\data\m3\m5_geemat\m3chip2\chips\M3B-A305.png,2.95,0,,0.08547008547008547,0.13385826771653545,0.5864274293835495,0.3285250631085467,0.501,0.2836,0.0855,0.5864,高度1.5–5m·灌丛典型带；物候振幅大+树覆盖低·草本倾向
M3B-A306,A_fcs10_shrub,w4,101.3281674181138,36.29903416917321,落叶灌丛,否,草地,,人工复核,,,F:\lc_work\v31_exp\data\m3\m5_geemat\m3chip2\chips\M3B-A306.png,1.98,0,,0.12898003237992445,0.065279091769158,0.4265139116202946,0.00032071840923669016,0.4262,0.1553,0.129,0.4265,高度1.5–5m·灌丛典型带；物候振幅大+树覆盖低·草本倾向
M3B-A307,A_fcs10_shrub,w4,103.8257534025513,38.6476794795037,落叶灌丛,否,草地,,人工复核,,,F:\lc_work\v31_exp\data\m3\m5_geemat\m3chip2\chips\M3B-A307.png,2.29,0,,0.12133149497734882,0.11869381764813795,0.2472972972972973,0.14216380182002022,0.1286,0.1574,0.1213,0.2473,高度1.5–5m·灌丛典型带
M3B-A308,A_fcs10_shrub,w4,103.23412295643018,38.56224969598394,落叶灌丛,否,稀疏植被,,人工复核,,,F:\lc_work\v31_exp\data\m3\m5_geemat\m3chip2\chips\M3B-A308.png,2.33,0,,0.13410632246773135,0.11032531824611033,0.1608570514870483,0.12297426120114395,0.0505,0.1321,0.1341,0.1609,高度1.5–5m·灌丛典型带
M3B-A309,A_fcs10_shrub,w4,106.00102386304671,39.085338685926736,落叶灌丛,否,常绿阔叶林,,人工复核,,,F:\lc_work\v31_exp\data\m3\m5_geemat\m3chip2\chips\M3B-A309.png,9.65,0,,-0.031818181818181815,0.11669441501437869,0.21025260029717682,0.167601246105919,0.2421,0.1157,-0.0318,0.2103,高度≥5m·偏森林/郁闭木本
M3B-A310,A_fcs10_shrub,w4,104.17627602641473,37.04436636040718,落叶灌丛,否,裸地（黄土丘陵，稀疏植被）,,AI预判读(2026-10-08),,,F:\lc_work\v31_exp\data\m3\m5_geemat\m3chip2\chips\M3B-A310.png,3.04,0,,0.10317655749815316,0.09169647900583694,0.08282828282828283,0.13776618861364623,0.0549,0.1039,0.1032,0.0828,高度1.5–5m·灌丛典型带
M3B-A311,A_fcs10_shrub,w4,104.22774949219477,36.30424439782111,落叶灌丛,否,裸地,,人工复核,,,F:\lc_work\v31_exp\data\m3\m5_geemat\m3chip2\chips\M3B-A311.png,6.18,0,,0.1241688153073687,0.0993939393939394,0.07554240631163708,0.1150317572335921,0.0486,0.1035,0.1242,0.0755,高度≥5m·偏森林/郁闭木本
M3B-A312,A_fcs10_shrub,w4,106.32306989240357,38.3034450626291,落叶灌丛,否,耕地,,人工复核,,,F:\lc_work\v31_exp\data\m3\m5_geemat\m3chip2\chips\M3B-A312.png,1.81,0,,0.10857356795207787,0.1136094674556213,0.27311408506823387,0.19766627771295217,0.1645,0.1732,0.1086,0.2731,高度1.5–5m·灌丛典型带
M3B-A313,A_fcs10_shrub,w4,106.43742542807198,40.92535788238875,落叶灌丛,否,稀疏植被,,人工复核,,,F:\lc_work\v31_exp\data\m3\m5_geemat\m3chip2\chips\M3B-A313.png,5.42,0,,0.09897536516241552,0.09924812030075188,0.13360800470865214,0.12252209219011226,0.0346,0.1136,0.099,0.1336,高度≥5m·偏森林/郁闭木本
M3B-A314,A_fcs10_shrub,w4,104.96275105766138,36.59826299031343,落叶灌丛,否,裸地,,人工复核,,,F:\lc_work\v31_exp\data\m3\m5_geemat\m3chip2\chips\M3B-A314.png,1.49,0,,0.11731336510097572,0.09160745150758594,0.10352422907488987,0.1605610785782378,0.069,0.1183,0.1173,0.1035,高度<1.5m·偏草本/低矮
M3B-A315,A_fcs10_shrub,w4,106.81633481491359,38.637798011378386,落叶灌丛,否,裸地,,人工复核,,,F:\lc_work\v31_exp\data\m3\m5_geemat\m3chip2\chips\M3B-A315.png,2.21,0,,0.10968049594659036,0.0957983193277311,0.12739814615218797,0.1322545321815306,0.0365,0.1163,0.1097,0.1274,高度1.5–5m·灌丛典型带
M3B-A316,A_fcs10_shrub,w4,101.91027572222323,40.43397942197537,落叶灌丛,否,裸地,,人工复核,,,F:\lc_work\v31_exp\data\m3\m5_geemat\m3chip2\chips\M3B-A316.png,3.0,0,,0.11534581324963569,0.10470441298917568,0.08503018520413384,0.0939448961869424,0.0303,0.0998,0.1153,0.085,高度1.5–5m·灌丛典型带
M3B-A317,A_fcs10_shrub,w4,101.005043410416,39.16142599049166,落叶灌丛,否,稀疏植被,,人工复核,,,F:\lc_work\v31_exp\data\m3\m5_geemat\m3chip2\chips\M3B-A317.png,8.23,0,,0.09985315712187959,0.09111523397237684,0.12396694214876033,0.10309167295055478,0.0329,0.1045,0.0999,0.124,高度≥5m·偏森林/郁闭木本
M3B-A318,A_fcs10_shrub,w4,106.39053337024095,37.81107845540319,落叶灌丛,否,草地,,AI预判读(2026-10-08),,,F:\lc_work\v31_exp\data\m3\m5_geemat\m3chip2\chips\M3B-A318.png,1.62,0,,0.11176885130373503,0.11103047895500726,0.16011945784516426,0.16234865251920322,0.0513,0.1363,0.1118,0.1601,高度1.5–5m·灌丛典型带
M3B-A319,A_fcs10_shrub,w4,104.42034828911001,37.74262683075329,落叶灌丛,否,沙地,,AI预判读(2026-10-08),,,F:\lc_work\v31_exp\data\m3\m5_geemat\m3chip2\chips\M3B-A319.png,2.57,0,,0.1251063829787234,0.09718969555035128,0.08725931995083983,0.08832612723903645,0.0378,0.0995,0.1251,0.0873,高度1.5–5m·灌丛典型带
M3B-A320,A_fcs10_shrub,w4,104.79081351228089,40.449789770975876,落叶灌丛,是,沙地（暗色砾石戈壁/沙漠，无植被信号）,,人工复核,,,F:\lc_work\v31_exp\data\m3\m5_geemat\m3chip2\chips\M3B-A320.png,1.87,0,,0.09518716577540107,0.09470702779252965,0.15677381187142575,0.11377620189800813,0.0621,0.1151,0.0952,0.1568,高度1.5–5m·灌丛典型带
M3B-A321,A_fcs10_shrub,w4,106.44595942327112,36.53133850164652,落叶灌丛,否,农田（黄土丘陵亮面，疑梯田，局部积雪）,,AI预判读(2026-10-08),,,F:\lc_work\v31_exp\data\m3\m5_geemat\m3chip2\chips\M3B-A321.png,4.23,0,,0.12302904564315352,0.11443544545021439,0.22535464176692405,0.15720425243157657,0.1109,0.155,0.123,0.2254,高度1.5–5m·灌丛典型带
M3B-A322,A_fcs10_shrub,w4,102.7284612829993,40.969734657424254,落叶灌丛,否,裸地,,人工复核,,,F:\lc_work\v31_exp\data\m3\m5_geemat\m3chip2\chips\M3B-A322.png,3.41,0,,0.08859377842459523,0.0912782648823258,0.22238358021105625,0.08209656208904753,0.1403,0.1211,0.0886,0.2224,高度1.5–5m·灌丛典型带
M3B-A323,A_fcs10_shrub,w4,105.43921748435837,37.64758507369344,落叶灌丛,否,稀疏植被,,人工复核,,,F:\lc_work\v31_exp\data\m3\m5_geemat\m3chip2\chips\M3B-A323.png,2.74,0,,0.09815950920245399,0.09259617243379084,0.08201955697465575,0.08188585607940446,0.0163,0.0887,0.0982,0.082,高度1.5–5m·灌丛典型带
M3B-A324,A_fcs10_shrub,w4,103.53955015303082,40.105735017158096,落叶灌丛,否,稀疏植被,,人工复核,,,F:\lc_work\v31_exp\data\m3\m5_geemat\m3chip2\chips\M3B-A324.png,2.27,0,,0.09658246656760773,0.0937444621655148,0.12863385901577049,0.10717816887482698,0.0349,0.1065,0.0966,0.1286,高度1.5–5m·灌丛典型带
M3B-A325,A_fcs10_shrub,w4,103.53541790272386,36.783585433427284,落叶灌丛,否,裸地,,AI预判读(2026-10-08),,,F:\lc_work\v31_exp\data\m3\m5_geemat\m3chip2\chips\M3B-A325.png,4.03,0,,0.10586240310077519,0.08576366385828472,0.19321876451463074,0.1225891677675033,0.1075,0.1269,0.1059,0.1932,高度1.5–5m·灌丛典型带
M3B-A326,A_fcs10_shrub,w4,104.56551603902372,36.07014343477956,落叶灌丛,否,湖河滩地,,人工复核,,,F:\lc_work\v31_exp\data\m3\m5_geemat\m3chip2\chips\M3B-A326.png,4.91,0,,0.10294805802526907,0.07352085354025219,0.2504557687299245,0.13349368610944076,0.1769,0.1401,0.1029,0.2505,高度1.5–5m·灌丛典型带
M3B-A327,A_fcs10_shrub,w4,105.16415334436097,37.65396311221069,落叶灌丛,否,裸地,,AI预判读(2026-10-08),,,F:\lc_work\v31_exp\data\m3\m5_geemat\m3chip2\chips\M3B-A327.png,2.17,0,,0.10189520624303233,0.10059658506480149,0.09829017098290171,0.09337712096332786,0.0085,0.0985,0.1019,0.0983,高度1.5–5m·灌丛典型带
M3B-A328,A_fcs10_shrub,w4,104.55671254923935,37.90405408730956,落叶灌丛,否,裸地,,AI预判读(2026-10-08),,,F:\lc_work\v31_exp\data\m3\m5_geemat\m3chip2\chips\M3B-A328.png,2.76,0,,0.12762168579343094,0.09617962466487935,0.2052802754926344,0.1509489625331891,0.1091,0.145,0.1276,0.2053,高度1.5–5m·灌丛典型带
M3B-A329,A_fcs10_shrub,w4,102.27580021133147,39.72440017904936,落叶灌丛,否,沙地,,AI预判读(2026-10-08),,,F:\lc_work\v31_exp\data\m3\m5_geemat\m3chip2\chips\M3B-A329.png,3.47,0,,0.0916513574198816,0.0992928412283251,0.12420798551744947,0.12217947384839346,0.0326,0.1093,0.0917,0.1242,高度1.5–5m·灌丛典型带
M3B-A330,A_fcs10_shrub,w4,106.4030199526902,36.60535968105797,落叶灌丛,否,农田,,AI预判读(2026-10-08),,,F:\lc_work\v31_exp\data\m3\m5_geemat\m3chip2\chips\M3B-A330.png,3.88,0,,0.09409239805715576,0.09111531190926277,0.2466647190573571,0.09753337859244172,0.1555,0.1324,0.0941,0.2467,高度1.5–5m·灌丛典型带
M3B-A331,A_fcs10_shrub,w4,106.73207284126318,40.91808152858738,落叶灌丛,否,裸地,,AI预判读(2026-10-08),,,F:\lc_work\v31_exp\data\m3\m5_geemat\m3chip2\chips\M3B-A331.png,3.87,0,,0.08729139922978177,0.08067664281067013,0.18917700112739572,0.17705962676376877,0.1085,0.1336,0.0873,0.1892,高度1.5–5m·灌丛典型带
M3B-A332,A_fcs10_shrub,w4,101.49498456637478,37.743255651452166,落叶灌丛,否,冰雪,,人工复核,,,F:\lc_work\v31_exp\data\m3\m5_geemat\m3chip2\chips\M3B-A332.png,5.96,0,,-0.11497938616582684,-0.022599173331901874,0.30991551800800354,-0.032833857860867115,0.4249,0.0349,-0.115,0.3099,高度≥5m·偏森林/郁闭木本；物候振幅大+树覆盖低·草本倾向
M3B-A333,A_fcs10_shrub,w4,106.14556279226154,38.87728886612465,落叶灌丛,否,稀疏植被,,人工复核,,,F:\lc_work\v31_exp\data\m3\m5_geemat\m3chip2\chips\M3B-A333.png,7.46,0,,-0.0109717868338558,0.15253311484364332,0.1908247925817472,0.07271885132005558,0.2018,0.1013,-0.011,0.1908,高度≥5m·偏森林/郁闭木本
M3B-A334,A_fcs10_shrub,w4,106.86511333484128,41.22449687200055,落叶灌丛,否,裸地（荒漠山地裸土/砾石）,,AI预判读(2026-10-08),,,F:\lc_work\v31_exp\data\m3\m5_geemat\m3chip2\chips\M3B-A334.png,7.27,0,,0.0858327237259205,0.08206213116579446,0.11723493694535264,0.08962788972678946,0.0352,0.0937,0.0858,0.1172,高度≥5m·偏森林/郁闭木本
M3B-A335,A_fcs10_shrub,w4,105.59597350143723,38.746763655342086,落叶灌丛,否,湖河滩地,,人工复核,,,F:\lc_work\v31_exp\data\m3\m5_geemat\m3chip2\chips\M3B-A335.png,2.0,0,,0.10110206037374221,0.10583941605839416,0.12518342928095721,0.092673218061948,0.0325,0.1062,0.1011,0.1252,高度1.5–5m·灌丛典型带
M3B-A336,A_fcs10_shrub,w4,106.26297259989597,36.21468236399439,落叶灌丛,否,农田,,AI预判读(2026-10-08),,,F:\lc_work\v31_exp\data\m3\m5_geemat\m3chip2\chips\M3B-A336.png,2.18,0,,0.08859609268514311,0.09167482859941234,0.5105557133390135,0.09037348763808521,0.422,0.1953,0.0886,0.5106,高度1.5–5m·灌丛典型带；物候振幅大+树覆盖低·草本倾向
M3B-A337,A_fcs10_shrub,w4,105.53902031242404,38.678761188334235,落叶灌丛,否,草地,,人工复核,,,F:\lc_work\v31_exp\data\m3\m5_geemat\m3chip2\chips\M3B-A337.png,2.06,0,,0.12295184490306442,0.1213705640226944,0.11861490482847618,0.12353347135955832,0.0049,0.1216,0.123,0.1186,高度1.5–5m·灌丛典型带
M3B-A338,A_fcs10_shrub,w4,103.29655586867648,36.2117179235568,落叶灌丛,否,裸地,,人工复核,,,F:\lc_work\v31_exp\data\m3\m5_geemat\m3chip2\chips\M3B-A338.png,3.05,0,,0.13743166778555674,0.11412609736632083,0.08803000312532555,0.12521663778162911,0.0494,0.1162,0.1374,0.088,高度1.5–5m·灌丛典型带
M3B-A339,A_fcs10_shrub,w4,101.39509190678069,37.95418008016343,落叶灌丛,是,,,AI预判读(2026-10-08),,,F:\lc_work\v31_exp\data\m3\m5_geemat\m3chip2\chips\M3B-A339.png,2.78,0,,0.2268266085059978,0.19180512985965478,0.7195607194015597,0.29903288201160544,0.5278,0.3593,0.2268,0.7196,高度1.5–5m·灌丛典型带；物候振幅大+树覆盖低·草本倾向
M3B-A340,A_fcs10_shrub,w4,106.74761369567845,38.57904819179697,落叶灌丛,否,裸地,,人工复核,,,F:\lc_work\v31_exp\data\m3\m5_geemat\m3chip2\chips\M3B-A340.png,2.29,0,,0.15427639244931252,0.12221163012392755,0.11462076792131644,0.13137020536781485,0.0397,0.1306,0.1543,0.1146,高度1.5–5m·灌丛典型带
M3B-A341,A_fcs10_shrub,w4,106.48234119227796,36.00007484261824,落叶灌丛,是,,,人工复核,,,F:\lc_work\v31_exp\data\m3\m5_geemat\m3chip2\chips\M3B-A341.png,1.73,0,,0.28180961357210177,0.33028798411122146,0.787525354969574,0.5273824924536438,0.5057,0.4818,0.2818,0.7875,高度1.5–5m·灌丛典型带；物候振幅大+树覆盖低·草本倾向
M3B-A342,A_fcs10_shrub,w4,106.99995045898763,37.450764194942856,落叶灌丛,否,草地（荒漠草原，含村落房屋）,,AI预判读(2026-10-08),,,F:\lc_work\v31_exp\data\m3\m5_geemat\m3chip2\chips\M3B-A342.png,1.28,0,,0.091164095371669,0.09318637274549098,0.20184926727145847,0.17776283344541582,0.1107,0.141,0.0912,0.2018,高度<1.5m·偏草本/低矮
M3B-A343,A_fcs10_shrub,w4,105.52554558316226,37.80029867199376,落叶灌丛,否,稀疏植被,,人工复核,,,F:\lc_work\v31_exp\data\m3\m5_geemat\m3chip2\chips\M3B-A343.png,2.94,0,,0.10380267214799589,0.09459325887120688,0.0866943866943867,0.0971981155467394,0.0171,0.0956,0.1038,0.0867,高度1.5–5m·灌丛典型带
M3B-A344,A_fcs10_shrub,w4,103.46148655484083,37.734721656253036,落叶灌丛,否,沙地（干旱沙砾地+渠系）,,AI预判读(2026-10-08),,,F:\lc_work\v31_exp\data\m3\m5_geemat\m3chip2\chips\M3B-A344.png,2.46,0,,0.15736813485589995,0.11813036333759357,0.09220657276995305,0.13840947546531304,0.0652,0.1265,0.1574,0.0922,高度1.5–5m·灌丛典型带
M3B-A345,A_fcs10_shrub,w4,101.27013625075966,40.883406558620365,落叶灌丛,否,稀疏植被,,人工复核,,,F:\lc_work\v31_exp\data\m3\m5_geemat\m3chip2\chips\M3B-A345.png,2.47,0,,0.06299720490217157,0.08081194944465722,0.08792234459585589,0.09108364334573384,0.0281,0.0807,0.063,0.0879,高度1.5–5m·灌丛典型带
M3B-A346,A_fcs10_shrub,w4,101.25881747817976,38.051018467791515,落叶灌丛,否,水体,,人工复核,,,F:\lc_work\v31_exp\data\m3\m5_geemat\m3chip2\chips\M3B-A346.png,1.85,0,,0.19838781907747424,0.17040731504571904,0.7677498844909902,0.30895386256321605,0.5973,0.3614,0.1984,0.7677,高度1.5–5m·灌丛典型带；物候振幅大+树覆盖低·草本倾向
M3B-A347,A_fcs10_shrub,w4,102.29565297911051,37.29185222118211,常绿灌丛,否,草本沼泽,,人工复核,,,F:\lc_work\v31_exp\data\m3\m5_geemat\m3chip2\chips\M3B-A347.png,6.54,0,,0.2804564113267933,0.365625,0.7203797632982182,0.42909522268952877,0.4399,0.4489,0.2805,0.7204,高度≥5m·偏森林/郁闭木本；物候振幅大+树覆盖低·草本倾向
M3B-A348,A_fcs10_shrub,w4,105.50793860359352,36.25286076356947,落叶灌丛,否,农田（黄土旱作梯田）,,AI预判读(2026-10-08),,,F:\lc_work\v31_exp\data\m3\m5_geemat\m3chip2\chips\M3B-A348.png,4.44,0,,0.15080603224128966,0.13239035310878192,0.2467948717948718,0.16002968093000247,0.1144,0.1725,0.1508,0.2468,高度1.5–5m·灌丛典型带
M3B-A349,A_fcs10_shrub,w4,102.77643131917128,36.976004567285685,落叶灌丛,否,乔木林（落叶密林，影像偏暗）,,AI预判读(2026-10-08),,,F:\lc_work\v31_exp\data\m3\m5_geemat\m3chip2\chips\M3B-A349.png,6.56,0,,0.10510846745976207,0.3858659588586596,0.6604501607717042,0.3701765860039241,0.5553,0.3804,0.1051,0.6605,高度≥5m·偏森林/郁闭木本；物候振幅大+树覆盖低·草本倾向
M3B-A350,A_fcs10_shrub,w4,106.77815641533851,39.070696146795584,落叶灌丛,否,耕地,,人工复核,,,F:\lc_work\v31_exp\data\m3\m5_geemat\m3chip2\chips\M3B-A350.png,1.57,0,,0.10395898604386215,0.12260365581810076,0.21505120266730174,0.19144040497008744,0.1111,0.1583,0.104,0.2151,高度1.5–5m·灌丛典型带
M3B-A351,A_fcs10_shrub,w4,106.03956158873544,37.45759139110216,落叶灌丛,否,农田,,AI预判读(2026-10-08),,,F:\lc_work\v31_exp\data\m3\m5_geemat\m3chip2\chips\M3B-A351.png,3.45,0,,0.11674107142857143,0.09750201450443191,0.2220692029609227,0.1465863453815261,0.1246,0.1457,0.1167,0.2221,高度1.5–5m·灌丛典型带
M3B-A352,A_fcs10_shrub,w4,101.41440568538927,37.31233380966003,落叶灌丛,否,草地（高寒草甸，局部灌丛斑块）,,AI预判读(2026-10-08),,,F:\lc_work\v31_exp\data\m3\m5_geemat\m3chip2\chips\M3B-A352.png,5.65,0,,0.2238113645148821,0.18788763225100327,0.6813598386632095,0.3848987108655617,0.4935,0.3695,0.2238,0.6814,高度≥5m·偏森林/郁闭木本；物候振幅大+树覆盖低·草本倾向
M3B-A353,A_fcs10_shrub,w4,105.72820551125962,37.82428369007975,落叶灌丛,否,裸地（侵蚀丘陵）,,AI预判读(2026-10-08),,,F:\lc_work\v31_exp\data\m3\m5_geemat\m3chip2\chips\M3B-A353.png,5.05,0,,0.10458715596330276,0.10064328698900186,0.08389976666328497,0.11131533601378518,0.0274,0.1001,0.1046,0.0839,高度≥5m·偏森林/郁闭木本
M3B-A354,A_fcs10_shrub,w4,105.56049004771451,37.00888290668446,落叶灌丛,否,裸地（黄土丘陵裸坡）,,AI预判读(2026-10-08),,,F:\lc_work\v31_exp\data\m3\m5_geemat\m3chip2\chips\M3B-A354.png,1.27,0,,0.07985314075375571,0.06905324368526258,0.1411065056766985,0.13675213675213677,0.0721,0.1067,0.0799,0.1411,高度<1.5m·偏草本/低矮
M3B-A355,A_fcs10_shrub,w4,102.92869575982954,37.14946924864917,落叶灌丛,否,稀疏植被,,人工复核,,,F:\lc_work\v31_exp\data\m3\m5_geemat\m3chip2\chips\M3B-A355.png,4.76,0,,0.13586392864550922,0.11725550435227855,0.16991747936984247,0.15242950785558215,0.0527,0.1439,0.1359,0.1699,高度1.5–5m·灌丛典型带
M3B-A356,A_fcs10_shrub,w4,103.00487289592287,36.325624301583154,落叶灌丛,否,裸地,,人工复核,,,F:\lc_work\v31_exp\data\m3\m5_geemat\m3chip2\chips\M3B-A356.png,1.99,0,,0.1359026369168357,0.11207144915010084,0.1104594330400782,0.15863317492645396,0.0482,0.1293,0.1359,0.1105,高度1.5–5m·灌丛典型带
M3B-A357,A_fcs10_shrub,w4,104.8945689275967,38.55883609790428,落叶灌丛,否,水体,,AI预判读(2026-10-08),,,F:\lc_work\v31_exp\data\m3\m5_geemat\m3chip2\chips\M3B-A357.png,2.94,0,,0.1242979242979243,0.11454363089267804,0.09752703136709132,0.11202398134784057,0.0268,0.1121,0.1243,0.0975,高度1.5–5m·灌丛典型带
M3B-A358,A_fcs10_shrub,w4,106.40697253994033,39.25323381252867,落叶灌丛,否,裸地,,人工复核,,,F:\lc_work\v31_exp\data\m3\m5_geemat\m3chip2\chips\M3B-A358.png,5.12,0,,0.10278176831657307,0.08864084044648719,0.10073917634635692,0.10123889375547492,0.0141,0.0984,0.1028,0.1007,高度≥5m·偏森林/郁闭木本
M3B-A359,A_fcs10_shrub,w4,106.15041369479579,37.61605420722084,落叶灌丛,否,裸地,,AI预判读(2026-10-08),,,F:\lc_work\v31_exp\data\m3\m5_geemat\m3chip2\chips\M3B-A359.png,0.57,0,,0.11524887428501886,0.12519702769646476,0.1317456849464715,0.1360840594566889,0.0208,0.1271,0.1152,0.1317,高度<1.5m·偏草本/低矮
M3B-A360,A_fcs10_shrub,w4,101.6363793920952,36.848982786111186,落叶灌丛,是,农田,,人工复核,,,F:\lc_work\v31_exp\data\m3\m5_geemat\m3chip2\chips\M3B-A360.png,2.95,0,,0.19142234068330508,0.2048566261947817,0.6698125404007756,0.33428063943161634,0.4784,0.3501,0.1914,0.6698,高度1.5–5m·灌丛典型带；物候振幅大+树覆盖低·草本倾向
M3B-A361,A_fcs10_shrub,w4,106.99995045898763,37.586589465901724,落叶灌丛,否,裸地,,人工复核,,,F:\lc_work\v31_exp\data\m3\m5_geemat\m3chip2\chips\M3B-A361.png,1.7,0,,0.10127546164096707,0.08644338118022328,0.24972253052164262,0.1500260010400416,0.1633,0.1469,0.1013,0.2497,高度1.5–5m·灌丛典型带
M3B-A362,A_fcs10_shrub,w4,102.33401104174241,40.874603068835995,落叶灌丛,否,裸地,,人工复核,,,F:\lc_work\v31_exp\data\m3\m5_geemat\m3chip2\chips\M3B-A362.png,2.89,0,,0.10198872700202063,0.09251949552325021,0.11168418964491172,0.11674247346761966,0.0242,0.1057,0.102,0.1117,高度1.5–5m·灌丛典型带
M3B-A363,A_fcs10_shrub,w4,106.55312843666657,39.11929500366645,落叶灌丛,否,耕地,,人工复核,,,F:\lc_work\v31_exp\data\m3\m5_geemat\m3chip2\chips\M3B-A363.png,2.68,0,,0.08892875448487955,0.10609943618657099,0.33934583934583934,0.23021382949180783,0.2504,0.1911,0.0889,0.3393,高度1.5–5m·灌丛典型带
M3B-A364,A_fcs10_shrub,w4,106.28704744951037,38.4575061338556,落叶灌丛,否,农田（灌溉田块与渠路网格）,,AI预判读(2026-10-08),,,F:\lc_work\v31_exp\data\m3\m5_geemat\m3chip2\chips\M3B-A364.png,9.83,0,,0.1196319018404908,0.08799403430275914,0.06328560498415127,0.06311207834602829,0.0565,0.0835,0.1196,0.0633,高度≥5m·偏森林/郁闭木本
M3B-A365,A_fcs10_shrub,w4,106.39511477818995,39.45993615940458,落叶灌丛,否,裸地（深色岩石/裸土）,,AI预判读(2026-10-08),,,F:\lc_work\v31_exp\data\m3\m5_geemat\m3chip2\chips\M3B-A365.png,2.24,0,,0.11234335144726627,0.10835303388494878,0.12606793081892062,0.12212677037381008,0.0177,0.1172,0.1123,0.1261,高度1.5–5m·灌丛典型带
M3B-A366,A_fcs10_shrub,w4,106.29126953134573,37.65063934565945,落叶灌丛,否,水体,,AI预判读(2026-10-08),,,F:\lc_work\v31_exp\data\m3\m5_geemat\m3chip2\chips\M3B-A366.png,1.98,0,,0.13291396103896103,0.12351816443594646,0.19454052538094793,0.20076117982873454,0.0772,0.1629,0.1329,0.1945,高度1.5–5m·灌丛典型带
M3B-A367,A_fcs10_shrub,w4,101.86095821312507,38.6476794795037,落叶灌丛,否,裸地（戈壁劣地，极干旱）,,AI预判读(2026-10-08),,,F:\lc_work\v31_exp\data\m3\m5_geemat\m3chip2\chips\M3B-A367.png,6.36,0,,0.11511558980438648,0.08913764510779436,0.13082219522073715,0.10891938250428816,0.0417,0.111,0.1151,0.1308,高度≥5m·偏森林/郁闭木本
M3B-A368,A_fcs10_shrub,w4,106.87733042270531,38.40082243942766,落叶灌丛,否,耕地,,人工复核,,,F:\lc_work\v31_exp\data\m3\m5_geemat\m3chip2\chips\M3B-A368.png,3.04,0,,0.10392857142857143,0.10409647100549743,0.13247539742619227,0.1747824041402023,0.0709,0.1288,0.1039,0.1325,高度1.5–5m·灌丛典型带
M3B-A369,A_fcs10_shrub,w4,101.36239323043874,36.30846647965647,落叶灌丛,否,常绿阔叶林,,人工复核,,,F:\lc_work\v31_exp\data\m3\m5_geemat\m3chip2\chips\M3B-A369.png,3.11,0,,0.27437056165267915,0.2086903304773562,0.5756746186937818,0.17944093778178538,0.3962,0.3095,0.2744,0.5757,高度1.5–5m·灌丛典型带；物候振幅大+树覆盖低·草本倾向
M3B-A370,A_fcs10_shrub,w4,106.94874648779282,37.02289662511672,落叶灌丛,否,裸地,,人工复核,,,F:\lc_work\v31_exp\data\m3\m5_geemat\m3chip2\chips\M3B-A370.png,4.56,0,,0.19934906427990237,0.14477611940298507,0.1469074492099323,0.09589581689029203,0.1035,0.1467,0.1993,0.1469,高度1.5–5m·灌丛典型带
M3B-A371,A_fcs10_shrub,w4,106.70036231173377,40.973058423975495,落叶灌丛,否,裸地,,AI预判读(2026-10-08),,,F:\lc_work\v31_exp\data\m3\m5_geemat\m3chip2\chips\M3B-A371.png,9.43,0,,0.09243295019157088,0.09444212285833682,0.11736724589845646,0.09519736038127825,0.0249,0.0999,0.0924,0.1174,高度≥5m·偏森林/郁闭木本
M3B-A372,A_fcs10_shrub,w4,101.20518805571783,41.95042545309754,落叶灌丛,否,稀疏植被,,人工复核,,,F:\lc_work\v31_exp\data\m3\m5_geemat\m3chip2\chips\M3B-A372.png,2.77,0,,0.1296783329961562,0.1343172053054362,0.1958719460825611,0.16592338479130933,0.0662,0.1564,0.1297,0.1959,高度1.5–5m·灌丛典型带
M3B-A373,A_fcs10_shrub,w4,105.71661724409448,39.30857003403044,落叶灌丛,否,耕地,,人工复核,,,F:\lc_work\v31_exp\data\m3\m5_geemat\m3chip2\chips\M3B-A373.png,2.5,0,,0.11998890276043835,0.09063922422323373,0.1352130067915209,0.14655942806076855,0.0559,0.1231,0.12,0.1352,高度1.5–5m·灌丛典型带
M3B-A374,A_fcs10_shrub,w4,101.32699960824444,37.14928958559234,落叶灌丛,否,草地,,人工复核,,,F:\lc_work\v31_exp\data\m3\m5_geemat\m3chip2\chips\M3B-A374.png,2.82,0,,0.09744779582366589,0.1798330122029544,0.6928733031674208,0.4229934924078091,0.5954,0.3483,0.0974,0.6929,高度1.5–5m·灌丛典型带；物候振幅大+树覆盖低·草本倾向
M3B-A375,A_fcs10_shrub,w4,102.26654756390504,38.56242935904076,落叶灌丛,否,耕地,,人工复核,,,F:\lc_work\v31_exp\data\m3\m5_geemat\m3chip2\chips\M3B-A375.png,2.14,0,,0.1127843385907902,0.10138522988017337,0.6303327422551371,0.40906657147956454,0.5289,0.3134,0.1128,0.6303,高度1.5–5m·灌丛典型带；物候振幅大+树覆盖低·草本倾向
M3B-A376,A_fcs10_shrub,w4,105.76359913345392,39.565757699873856,落叶灌丛,是,,,人工复核,,,F:\lc_work\v31_exp\data\m3\m5_geemat\m3chip2\chips\M3B-A376.png,2.18,0,,0.10528893241919686,0.09488651900464862,0.1389031266017427,0.15873015873015872,0.0638,0.1245,0.1053,0.1389,高度1.5–5m·灌丛典型带
M3B-A377,A_fcs10_shrub,w4,102.15515646867422,37.285204688079624,落叶灌丛,是,,,AI预判读(2026-10-08),,,F:\lc_work\v31_exp\data\m3\m5_geemat\m3chip2\chips\M3B-A377.png,4.39,0,,0.2147937411095306,0.2499041288508245,0.6842373962986599,0.4497422680412371,0.4694,0.3997,0.2148,0.6842,高度1.5–5m·灌丛典型带；物候振幅大+树覆盖低·草本倾向
M3B-A378,A_fcs10_shrub,w4,102.64949936952519,37.56772484493521,落叶灌丛,否,裸地,,人工复核,,,F:\lc_work\v31_exp\data\m3\m5_geemat\m3chip2\chips\M3B-A378.png,5.0,0,,0.10684430512016718,0.08346645367412141,0.1319918774229278,0.11212446351931331,0.0485,0.1086,0.1068,0.132,高度≥5m·偏森林/郁闭木本
M3B-A379,A_fcs10_shrub,w4,101.45168576968022,38.76446046643924,落叶灌丛,否,裸地,,AI预判读(2026-10-08),,,F:\lc_work\v31_exp\data\m3\m5_geemat\m3chip2\chips\M3B-A379.png,7.43,0,,0.09493844049247606,0.07675145024542615,0.09582504970178926,0.08821392239500073,0.0191,0.0889,0.0949,0.0958,高度≥5m·偏森林/郁闭木本
M3B-A380,A_fcs10_shrub,w4,101.49085231606783,36.03924138900585,落叶灌丛,否,稀疏植被,,人工复核,,,F:\lc_work\v31_exp\data\m3\m5_geemat\m3chip2\chips\M3B-A380.png,5.12,0,,0.10499515033947623,0.11136260751471254,0.15421965317919076,0.1580916744621141,0.0531,0.1322,0.105,0.1542,高度≥5m·偏森林/郁闭木本
M3B-A381,A_fcs10_shrub,w4,105.94775376669843,37.8449449416145,落叶灌丛,否,农田,,AI预判读(2026-10-08),,,F:\lc_work\v31_exp\data\m3\m5_geemat\m3chip2\chips\M3B-A381.png,2.81,0,,0.08510258697591436,0.08088111652934253,0.2668752793920429,0.22723033882499222,0.186,0.165,0.0851,0.2669,高度1.5–5m·灌丛典型带
M3B-A382,A_fcs10_shrub,w4,103.2357399239416,38.54949361894944,落叶灌丛,否,裸地（暗色砾质/阴影地表，全片无植被信号，雪斑散布）,,AI预判读(2026-10-08),,,F:\lc_work\v31_exp\data\m3\m5_geemat\m3chip2\chips\M3B-A382.png,2.15,0,,0.14200426439232408,0.1134989926124916,0.17506092607636067,0.15408907764347163,0.0616,0.1462,0.142,0.1751,高度1.5–5m·灌丛典型带
M3B-A383,A_fcs10_shrub,w4,101.003516274433,38.39354608562629,落叶灌丛,否,裸地,,AI预判读(2026-10-08),,,F:\lc_work\v31_exp\data\m3\m5_geemat\m3chip2\chips\M3B-A383.png,3.79,0,,0.08562383076701684,0.12075317232910356,0.1759739013625024,0.1506849315068493,0.0904,0.1333,0.0856,0.176,高度1.5–5m·灌丛典型带
M3B-A384,A_fcs10_shrub,w4,105.21517765249895,36.74325107717032,落叶灌丛,否,农田（环状梯田/压砂地，无植被信号）,,AI预判读(2026-10-08),,,F:\lc_work\v31_exp\data\m3\m5_geemat\m3chip2\chips\M3B-A384.png,4.19,0,,0.0865016057184295,0.07291484525266655,0.14038363605499915,0.11718408395277656,0.0675,0.1042,0.0865,0.1404,高度1.5–5m·灌丛典型带
M3B-A385,A_fcs10_shrub,w4,104.96616465574103,36.34484824866331,落叶灌丛,否,裸地（侵蚀劣地/裸岩）,,AI预判读(2026-10-08),,,F:\lc_work\v31_exp\data\m3\m5_geemat\m3chip2\chips\M3B-A385.png,3.13,0,,0.1380352644836272,0.10842283776144715,0.09491587417703,0.15152848031669233,0.0566,0.1232,0.138,0.0949,高度1.5–5m·灌丛典型带
M3B-A386,A_fcs10_shrub,w4,103.54583836001964,39.92732960173196,落叶灌丛,否,裸地,,人工复核,,,F:\lc_work\v31_exp\data\m3\m5_geemat\m3chip2\chips\M3B-A386.png,4.44,0,,0.08979402915991669,0.09534467323187108,0.10993227990970654,0.09273602679505966,0.0201,0.097,0.0898,0.1099,高度1.5–5m·灌丛典型带
M3B-A387,A_fcs10_shrub,w4,104.6751105036863,36.67255366431011,落叶灌丛,否,裸地（荒漠山地）,,AI预判读(2026-10-08),,,F:\lc_work\v31_exp\data\m3\m5_geemat\m3chip2\chips\M3B-A387.png,4.15,0,,0.09547942428542469,0.08638390542362336,0.10601663764751403,0.13436275639548284,0.048,0.1056,0.0955,0.106,高度1.5–5m·灌丛典型带
M3B-A388,A_fcs10_shrub,w4,104.66451038333369,39.043746688272,落叶灌丛,否,沙地（沙丘，含湿洼地）,,AI预判读(2026-10-08),,,F:\lc_work\v31_exp\data\m3\m5_geemat\m3chip2\chips\M3B-A388.png,2.53,0,,0.11323560654344593,0.11221351324536165,0.08753315649867374,0.10201715743102249,0.0257,0.1037,0.1132,0.0875,高度1.5–5m·灌丛典型带
M3B-A389,A_fcs10_shrub,w4,106.62499365939614,37.85051449637604,落叶灌丛,否,草地,,人工复核,,,F:\lc_work\v31_exp\data\m3\m5_geemat\m3chip2\chips\M3B-A389.png,1.85,0,,0.08768147189880696,0.099640640313623,0.1341498148675591,0.1532753868984524,0.0656,0.1187,0.0877,0.1341,高度1.5–5m·灌丛典型带
M3B-A390,A_fcs10_shrub,w4,106.20296513891678,37.552543316633596,落叶灌丛,否,耕地,,人工复核,,,F:\lc_work\v31_exp\data\m3\m5_geemat\m3chip2\chips\M3B-A390.png,1.87,0,,0.09255210610698149,0.09086710541507909,0.16420980459376072,0.11357254290171608,0.0733,0.1153,0.0926,0.1642,高度1.5–5m·灌丛典型带
M3B-A391,A_fcs10_shrub,w4,101.79241675694675,37.42938429118081,落叶灌丛,否,草本沼泽,,人工复核,,,F:\lc_work\v31_exp\data\m3\m5_geemat\m3chip2\chips\M3B-A391.png,2.63,0,,0.00760043431053203,0.146484375,0.7591695501730104,0.3288280277431976,0.7516,0.3105,0.0076,0.7592,高度1.5–5m·灌丛典型带；物候振幅大+树覆盖低·草本倾向
M3B-A392,A_fcs10_shrub,w4,106.32190208253421,39.366421538327735,落叶灌丛,否,湖河滩地,,人工复核,,,F:\lc_work\v31_exp\data\m3\m5_geemat\m3chip2\chips\M3B-A392.png,2.77,0,,0.17746717492587885,0.1474151857835218,0.13221947194719472,0.12494150678521292,0.0525,0.1455,0.1775,0.1322,高度1.5–5m·灌丛典型带
M3B-A393,A_fcs10_shrub,w4,106.3346581595687,41.30624356285543,落叶灌丛,否,裸地,,AI预判读(2026-10-08),,,F:\lc_work\v31_exp\data\m3\m5_geemat\m3chip2\chips\M3B-A393.png,2.66,0,,0.06758720930232558,0.08161993769470405,0.08254498237803747,0.0712962962962963,0.015,0.0758,0.0676,0.0825,高度1.5–5m·灌丛典型带
M3B-A394,A_fcs10_shrub,w4,102.34829425475992,37.35572243788301,落叶灌丛,否,冰雪,,人工复核,,,F:\lc_work\v31_exp\data\m3\m5_geemat\m3chip2\chips\M3B-A394.png,3.36,0,,-0.038376709307454786,-0.015622800844475721,0.3076414158121072,-0.016751930986056776,0.346,0.0592,-0.0384,0.3076,高度1.5–5m·灌丛典型带
M3B-A395,A_fcs10_shrub,w4,105.29602602806972,36.70866593873171,落叶灌丛,否,草地,,人工复核,,,F:\lc_work\v31_exp\data\m3\m5_geemat\m3chip2\chips\M3B-A395.png,3.96,0,,0.13717605004468275,0.11804367515346684,0.20236686390532543,0.168373010978167,0.0843,0.1565,0.1372,0.2024,高度1.5–5m·灌丛典型带
M3B-A396,A_fcs10_shrub,w4,106.08914859241884,36.01525637091986,落叶灌丛,否,裸地,,人工复核,,,F:\lc_work\v31_exp\data\m3\m5_geemat\m3chip2\chips\M3B-A396.png,5.69,0,,0.2190923317683881,0.4067593480345158,0.77291222631273,0.3883248730964467,0.5538,0.4468,0.2191,0.7729,高度≥5m·偏森林/郁闭木本；物候振幅大+树覆盖低·草本倾向
M3B-A397,A_fcs10_shrub,w4,105.99985605317735,40.8866404936432,落叶灌丛,否,耕地,,人工复核,,,F:\lc_work\v31_exp\data\m3\m5_geemat\m3chip2\chips\M3B-A397.png,2.11,0,,0.14935292060160896,0.11874349512725897,0.3793884484711212,0.2147215115134816,0.2606,0.2156,0.1494,0.3794,高度1.5–5m·灌丛典型带
M3B-A398,A_fcs10_shrub,w4,104.15211134527192,37.565568888253324,落叶灌丛,否,裸地,,AI预判读(2026-10-08),,,F:\lc_work\v31_exp\data\m3\m5_geemat\m3chip2\chips\M3B-A398.png,2.06,0,,0.1385186803583133,0.09929078014184398,0.1014544801580176,0.12135242812533649,0.0392,0.1152,0.1385,0.1015,高度1.5–5m·灌丛典型带
M3B-A399,A_fcs10_shrub,w4,102.20797740738045,39.83722857873477,落叶灌丛,否,水体,,AI预判读(2026-10-08),,,F:\lc_work\v31_exp\data\m3\m5_geemat\m3chip2\chips\M3B-A399.png,3.61,0,,0.03830449154190162,0.08296415626258558,0.08288678599931593,0.079784180920675,0.0447,0.071,0.0383,0.0829,高度1.5–5m·灌丛典型带
M3B-A400,A_fcs10_shrub,w4,106.67745527198872,38.39902580885942,落叶灌丛,否,裸地（荒漠荒滩，植被稀疏）,,AI预判读(2026-10-08),,,F:\lc_work\v31_exp\data\m3\m5_geemat\m3chip2\chips\M3B-A400.png,2.04,0,,0.10901749663526245,0.10677846247095667,0.1287927010396775,0.11074989163415691,0.022,0.1138,0.109,0.1288,高度1.5–5m·灌丛典型带
M3B-A401,A_fcs10_shrub,w4,106.89619504367182,41.02138778626113,落叶灌丛,否,裸地,,AI预判读(2026-10-08),,,F:\lc_work\v31_exp\data\m3\m5_geemat\m3chip2\chips\M3B-A401.png,5.43,0,,0.09260991580916744,0.09083209824264239,0.09816858150381072,0.09643788010425716,0.0073,0.0945,0.0926,0.0982,高度≥5m·偏森林/郁闭木本
M3B-A402,A_fcs10_shrub,w4,102.51942331638469,40.66763122737486,落叶灌丛,否,裸地,,人工复核,,,F:\lc_work\v31_exp\data\m3\m5_geemat\m3chip2\chips\M3B-A402.png,3.56,0,,0.09552744297240762,0.0904362900895695,0.13152610441767068,0.11431217203415989,0.0411,0.108,0.0955,0.1315,高度1.5–5m·灌丛典型带
M3B-A403,A_fcs10_shrub,w4,105.72146814662872,38.4943370605045,落叶灌丛,否,裸地,,人工复核,,,F:\lc_work\v31_exp\data\m3\m5_geemat\m3chip2\chips\M3B-A403.png,4.17,0,,0.08992805755395683,0.09090909090909091,0.10414942664617567,0.0974170709322145,0.0142,0.0956,0.0899,0.1041,高度1.5–5m·灌丛典型带
M3B-A404,A_fcs10_shrub,w4,101.47728775527763,40.7325794224167,落叶灌丛,是,沙地,,人工复核,,,F:\lc_work\v31_exp\data\m3\m5_geemat\m3chip2\chips\M3B-A404.png,2.34,0,,0.10473524609283881,0.09672197490894374,0.0771978567176027,0.09924015657379691,0.0275,0.0945,0.1047,0.0772,高度1.5–5m·灌丛典型带
M3B-A405,A_fcs10_shrub,w4,102.53038276285095,38.407020814888085,落叶灌丛,否,稀疏植被,,人工复核,,,F:\lc_work\v31_exp\data\m3\m5_geemat\m3chip2\chips\M3B-A405.png,2.49,0,,0.11311818482211697,0.10142927550517496,0.11661926046322633,0.10985533453887884,0.0152,0.1103,0.1131,0.1166,高度1.5–5m·灌丛典型带
M3B-A406,A_fcs10_shrub,w4,105.75982620926062,40.96668038545825,落叶灌丛,否,水体,,AI预判读(2026-10-08),,,F:\lc_work\v31_exp\data\m3\m5_geemat\m3chip2\chips\M3B-A406.png,1.83,0,,-0.0345942450695118,0.10378912685337727,0.11541918089613558,0.11576685468708031,0.1504,0.0751,-0.0346,0.1154,高度1.5–5m·灌丛典型带
M3B-A407,A_fcs10_shrub,w4,101.01312824797307,38.701488565022466,落叶灌丛,否,裸地,,人工复核,,,F:\lc_work\v31_exp\data\m3\m5_geemat\m3chip2\chips\M3B-A407.png,1.99,0,,0.08220910623946037,0.1091703056768559,0.12400318979266348,0.12258064516129032,0.0418,0.1095,0.0822,0.124,高度1.5–5m·灌丛典型带
M3B-A408,A_fcs10_shrub,w4,106.85810647562515,38.07617129574686,落叶灌丛,否,沙地,,AI预判读(2026-10-08),,,F:\lc_work\v31_exp\data\m3\m5_geemat\m3chip2\chips\M3B-A408.png,1.69,0,,0.09195647535737145,0.08797480810864003,0.1713272120200334,0.1352791570788422,0.0834,0.1216,0.092,0.1713,高度1.5–5m·灌丛典型带
M3B-A409,A_fcs10_shrub,w4,106.80627368373146,39.12522388454164,落叶灌丛,否,乔灌园地,,人工复核,,,F:\lc_work\v31_exp\data\m3\m5_geemat\m3chip2\chips\M3B-A409.png,1.76,0,,0.07820488543836394,0.09447217600295803,0.18728205128205128,0.11570631970260223,0.1091,0.1189,0.0782,0.1873,高度1.5–5m·灌丛典型带
M3B-A410,A_fcs10_shrub,w4,106.18616664310375,38.58713302935405,落叶灌丛,否,农田,,AI预判读(2026-10-08),,,F:\lc_work\v31_exp\data\m3\m5_geemat\m3chip2\chips\M3B-A410.png,2.16,0,,0.06697403542829411,0.07430664573521717,0.7362962962962963,0.2565751022793688,0.6693,0.2835,0.067,0.7363,高度1.5–5m·灌丛典型带；物候振幅大+树覆盖低·草本倾向
M3B-A411,A_fcs10_shrub,w2,106.3196562943239,32.73433945873013,落叶灌丛,否,耕地,,人工复核,,,F:\lc_work\v31_exp\data\m3\m5_geemat\m3chip2\chips\M3B-A411.png,10.58,0,,0.415929203539823,0.6388298741624449,0.6741957563312799,0.7098095068541926,0.2939,0.6097,0.4159,0.6742,高度≥5m·偏森林/郁闭木本
M3B-A412,A_fcs10_shrub,w2,108.86260720060945,32.64055534306805,落叶灌丛,否,乔木林,,AI预判读(2026-10-08),,,F:\lc_work\v31_exp\data\m3\m5_geemat\m3chip2\chips\M3B-A412.png,11.25,0,,0.2769121813031161,0.39033573893944146,0.7614280545169461,0.6011811023622047,0.4845,0.5075,0.2769,0.7614,高度≥5m·偏森林/郁闭木本；物候振幅大+树覆盖低·草本倾向
M3B-A413,A_fcs10_shrub,w2,105.73593102270304,34.759681098306004,落叶灌丛,否,耕地,,人工复核,,,F:\lc_work\v31_exp\data\m3\m5_geemat\m3chip2\chips\M3B-A413.png,3.12,0,,0.2119258662369057,0.287189415940626,0.7518486025817772,0.41935483870967744,0.5399,0.4176,0.2119,0.7518,高度1.5–5m·灌丛典型带；物候振幅大+树覆盖低·草本倾向
M3B-A414,A_fcs10_shrub,w2,106.43994071086752,33.88571015838612,落叶灌丛,否,乔灌园地,,人工复核,,,F:\lc_work\v31_exp\data\m3\m5_geemat\m3chip2\chips\M3B-A414.png,8.47,4,,0.37240684793554885,0.5394637176185426,0.6783609317990458,0.5300687285223368,0.306,0.5301,0.3724,0.6784,高度≥5m·偏森林/郁闭木本
M3B-A415,A_fcs10_shrub,w2,109.64351267709455,33.18241912244895,落叶灌丛,否,乔木林,,AI预判读(2026-10-08),,,F:\lc_work\v31_exp\data\m3\m5_geemat\m3chip2\chips\M3B-A415.png,10.24,2,,0.31582972215141475,0.5115830115830116,0.7891304347826087,0.4962641600385635,0.4733,0.5282,0.3158,0.7891,高度≥5m·偏森林/郁闭木本；物候振幅大+树覆盖低·草本倾向
M3B-A416,A_fcs10_shrub,w2,105.53075581181015,34.09232267373361,落叶灌丛,否,草地,,人工复核,,,F:\lc_work\v31_exp\data\m3\m5_geemat\m3chip2\chips\M3B-A416.png,4.98,0,,0.4092465753424658,0.4004914004914005,0.7960042060988434,0.5642559361972086,0.3955,0.5425,0.4092,0.796,高度1.5–5m·灌丛典型带；物候振幅大+树覆盖低·草本倾向
M3B-A417,A_fcs10_shrub,w2,108.07415587573774,35.3752067309847,落叶灌丛,否,湖河滩地,,人工复核,,,F:\lc_work\v31_exp\data\m3\m5_geemat\m3chip2\chips\M3B-A417.png,3.5,0,,0.19439699350871198,0.3593611357586513,0.6893939393939394,0.5204527081649151,0.495,0.4409,0.1944,0.6894,高度1.5–5m·灌丛典型带；物候振幅大+树覆盖低·草本倾向
M3B-A418,A_fcs10_shrub,w2,107.90679973830628,33.40618945972312,落叶灌丛,否,乔木林,,AI预判读(2026-10-08),,,F:\lc_work\v31_exp\data\m3\m5_geemat\m3chip2\chips\M3B-A418.png,9.18,40,16,0.3320201356970891,0.30046779417056496,0.8334414882111183,0.669873417721519,0.533,0.534,0.332,0.8334,高度≥5m·偏森林/郁闭木本
M3B-A419,A_fcs10_shrub,w2,107.15428102479936,33.81860600666239,落叶灌丛,否,乡村不透水面,,人工复核,,,F:\lc_work\v31_exp\data\m3\m5_geemat\m3chip2\chips\M3B-A419.png,15.8,74,,0.3649923896499239,0.4166666666666667,0.660587915078933,0.5519176800748363,0.2956,0.4985,0.365,0.6606,高度≥5m·偏森林/郁闭木本
M3B-A420,A_fcs10_shrub,w2,109.44866809196903,35.57220727279211,落叶灌丛,是,,,AI预判读(2026-10-08),,,F:\lc_work\v31_exp\data\m3\m5_geemat\m3chip2\chips\M3B-A420.png,3.68,0,,0.19014778325123152,0.2322885358522971,0.8237232289950577,0.4244400340232492,0.6336,0.4176,0.1901,0.8237,高度1.5–5m·灌丛典型带；物候振幅大+树覆盖低·草本倾向
M3B-A421,A_fcs10_shrub,w2,108.07038295154445,33.780517438615725,落叶灌丛,否,其他,,AI预判读(2026-10-08),,,F:\lc_work\v31_exp\data\m3\m5_geemat\m3chip2\chips\M3B-A421.png,21.29,92,,0.25022529288074497,0.41935483870967744,0.854452452917926,0.4899713467048711,0.6042,0.5035,0.2502,0.8545,高度≥5m·偏森林/郁闭木本
M3B-A422,A_fcs10_shrub,w2,107.73603000279516,34.2004798339416,落叶灌丛,否,农田,,AI预判读(2026-10-08),,,F:\lc_work\v31_exp\data\m3\m5_geemat\m3chip2\chips\M3B-A422.png,3.01,0,,0.21319199057714958,0.4144843778219252,0.8070890840652447,0.5137325529040973,0.5939,0.4871,0.2132,0.8071,高度1.5–5m·灌丛典型带；物候振幅大+树覆盖低·草本倾向
M3B-A423,A_fcs10_shrub,w2,108.71276821121832,33.13408976016332,落叶灌丛,否,乔木林,,AI预判读(2026-10-08),,,F:\lc_work\v31_exp\data\m3\m5_geemat\m3chip2\chips\M3B-A423.png,12.24,39,,0.49217849497777044,0.4182081973159231,0.6877387553912507,0.6519276846003049,0.2695,0.5625,0.4922,0.6877,高度≥5m·偏森林/郁闭木本
M3B-A424,A_fcs10_shrub,w2,107.40248553780158,33.80809571783819,落叶灌丛,否,乔木林（落叶期影像）,,AI预判读(2026-10-08),,,F:\lc_work\v31_exp\data\m3\m5_geemat\m3chip2\chips\M3B-A424.png,8.74,89,,0.34823977164605135,0.4089987839481151,0.8485951081463513,0.5491671144545943,0.5004,0.5388,0.3482,0.8486,高度≥5m·偏森林/郁闭木本
M3B-A425,A_fcs10_shrub,w2,108.70719865645677,34.42505865497148,落叶灌丛,否,建成区,,AI预判读(2026-10-08),,,F:\lc_work\v31_exp\data\m3\m5_geemat\m3chip2\chips\M3B-A425.png,3.84,0,,0.2612497334186394,0.5104963384865745,0.7590267891807946,0.683991683991684,0.4978,0.5537,0.2612,0.759,高度1.5–5m·灌丛典型带；物候振幅大+树覆盖低·草本倾向
M3B-A426,A_fcs10_shrub,w2,106.48584462188602,35.63212490224288,落叶灌丛,是,,,人工复核,,,F:\lc_work\v31_exp\data\m3\m5_geemat\m3chip2\chips\M3B-A426.png,3.43,39,,0.30530056262955285,0.352327221438646,0.8193226749183428,0.41915760869565216,0.514,0.474,0.3053,0.8193,高度1.5–5m·灌丛典型带
M3B-A427,A_fcs10_shrub,w2,109.23873181007029,31.95127802556314,落叶灌丛,否,乔木林,,AI预判读(2026-10-08),,,F:\lc_work\v31_exp\data\m3\m5_geemat\m3chip2\chips\M3B-A427.png,8.82,0,,0.3146635550369506,0.5606936416184971,0.7956577266922095,0.6361556064073226,0.481,0.5768,0.3147,0.7957,高度≥5m·偏森林/郁闭木本；物候振幅大+树覆盖低·草本倾向
M3B-A428,A_fcs10_shrub,w2,109.91624119735324,32.36944379032078,落叶灌丛,否,耕地,,人工复核,,,F:\lc_work\v31_exp\data\m3\m5_geemat\m3chip2\chips\M3B-A428.png,4.86,0,,0.3066169617893756,0.6083872957138452,0.7596526229315808,0.5914249684741488,0.453,0.5665,0.3066,0.7597,高度1.5–5m·灌丛典型带；物候振幅大+树覆盖低·草本倾向
M3B-A429,A_fcs10_shrub,w2,106.26890148077116,31.980383440768616,落叶灌丛,否,水体,,人工复核,,,F:\lc_work\v31_exp\data\m3\m5_geemat\m3chip2\chips\M3B-A429.png,5.54,0,,0.17034313725490197,0.204911742133538,0.30155148095909734,0.29843643779741674,0.1312,0.2438,0.1703,0.3016,高度≥5m·偏森林/郁闭木本
M3B-A430,A_fcs10_shrub,w2,109.7874227856105,35.239650954611065,落叶灌丛,是,,,AI预判读(2026-10-08),,,F:\lc_work\v31_exp\data\m3\m5_geemat\m3chip2\chips\M3B-A430.png,3.63,0,,0.13913558318531677,0.3159394869546152,0.6713410483321988,0.3415977961432507,0.5322,0.367,0.1391,0.6713,高度1.5–5m·灌丛典型带；物候振幅大+树覆盖低·草本倾向
M3B-A431,A_fcs10_shrub,w2,107.71033818566934,35.26956485357224,落叶灌丛,否,农田（旱作田块）,,AI预判读(2026-10-08),,,F:\lc_work\v31_exp\data\m3\m5_geemat\m3chip2\chips\M3B-A431.png,2.95,0,,0.14246575342465753,0.36084500122819946,0.7495906560419168,0.5457122608079377,0.6071,0.4497,0.1425,0.7496,高度1.5–5m·灌丛典型带；物候振幅大+树覆盖低·草本倾向
M3B-A432,A_fcs10_shrub,w2,105.71571892881036,35.85984782676718,落叶灌丛,否,耕地,,人工复核,,,F:\lc_work\v31_exp\data\m3\m5_geemat\m3chip2\chips\M3B-A432.png,3.69,0,,0.11671987230646448,0.1092,0.24937319189971072,0.12393162393162394,0.1402,0.1498,0.1167,0.2494,高度1.5–5m·灌丛典型带
M3B-A433,A_fcs10_shrub,w2,106.3406768719723,35.0249536017065,落叶灌丛,否,草地,,人工复核,,,F:\lc_work\v31_exp\data\m3\m5_geemat\m3chip2\chips\M3B-A433.png,3.75,0,,0.30759951749095293,0.4168081494057725,0.7336162776182749,0.5685928539920599,0.426,0.5067,0.3076,0.7336,高度1.5–5m·灌丛典型带；物候振幅大+树覆盖低·草本倾向
M3B-A434,A_fcs10_shrub,w2,107.51639191582794,35.13499722401114,落叶灌丛,否,农田,,AI预判读(2026-10-08),,,F:\lc_work\v31_exp\data\m3\m5_geemat\m3chip2\chips\M3B-A434.png,9.59,0,,0.19601328903654486,0.2135054617676266,0.4110773545220846,0.28307692307692306,0.2151,0.2759,0.196,0.4111,高度≥5m·偏森林/郁闭木本
M3B-A435,A_fcs10_shrub,w2,107.98243788522915,31.76649457161976,落叶灌丛,否,乔木林（连续郁闭树冠）,,AI预判读(2026-10-08),,,F:\lc_work\v31_exp\data\m3\m5_geemat\m3chip2\chips\M3B-A435.png,6.31,0,,0.35519940365262764,0.28833945873705313,0.7894736842105263,0.6369656833232992,0.5011,0.5175,0.3552,0.7895,高度≥5m·偏森林/郁闭木本；物候振幅大+树覆盖低·草本倾向
M3B-A436,A_fcs10_shrub,w2,106.89502723380247,33.23847399617801,落叶灌丛,是,乔木林,,人工复核,,,F:\lc_work\v31_exp\data\m3\m5_geemat\m3chip2\chips\M3B-A436.png,6.61,0,,0.35609314944607734,0.5865182064399639,0.8194754167994053,0.6124306326304106,0.4634,0.5936,0.3561,0.8195,高度≥5m·偏森林/郁闭木本；物候振幅大+树覆盖低·草本倾向
M3B-A437,A_fcs10_shrub,w2,106.11286411591959,35.38392038924066,落叶灌丛,否,草地,,人工复核,,,F:\lc_work\v31_exp\data\m3\m5_geemat\m3chip2\chips\M3B-A437.png,3.43,0,,0.22433774834437087,0.25271542360608257,0.7976969970648001,0.542362885787301,0.5734,0.4543,0.2243,0.7977,高度1.5–5m·灌丛典型带；物候振幅大+树覆盖低·草本倾向
M3B-A438,A_fcs10_shrub,w2,105.51153186472999,35.168324721051974,落叶灌丛,否,耕地,,人工复核,,,F:\lc_work\v31_exp\data\m3\m5_geemat\m3chip2\chips\M3B-A438.png,4.36,0,,0.1680650235972732,0.18289396602226127,0.18820601187057248,0.09785804283914322,0.0903,0.1593,0.1681,0.1882,高度1.5–5m·灌丛典型带
M3B-A439,A_fcs10_shrub,w2,106.22515352643454,34.550104142520915,落叶灌丛,否,耕地,,人工复核,,,F:\lc_work\v31_exp\data\m3\m5_geemat\m3chip2\chips\M3B-A439.png,3.68,0,,0.18608695652173912,0.4785266697233685,0.6935370152761458,0.42868187089292614,0.5075,0.4467,0.1861,0.6935,高度1.5–5m·灌丛典型带；物候振幅大+树覆盖低·草本倾向
M3B-A440,A_fcs10_shrub,w2,106.61124943554911,32.14585311610343,落叶灌丛,否,乔木林,,AI预判读(2026-10-08),,,F:\lc_work\v31_exp\data\m3\m5_geemat\m3chip2\chips\M3B-A440.png,8.7,64,,0.1779816513761468,0.33525594808940157,0.3258426966292135,0.3040042149631191,0.1573,0.2858,0.178,0.3258,高度≥5m·偏森林/郁闭木本；物候平稳+树覆盖高·常绿木本倾向
M3B-A441,A_fcs10_shrub,w2,106.19793457332571,34.30926581484847,落叶灌丛,否,水体,,AI预判读(2026-10-08),,,F:\lc_work\v31_exp\data\m3\m5_geemat\m3chip2\chips\M3B-A441.png,16.28,0,,0.15812431842966193,0.39330978599626015,0.16271186440677965,0.13821138211382114,0.2551,0.2131,0.1581,0.1627,高度≥5m·偏森林/郁闭木本
M3B-A442,A_fcs10_shrub,w2,109.00157657506274,35.280344636981674,落叶灌丛,否,乔木林,,AI预判读(2026-10-08),,,F:\lc_work\v31_exp\data\m3\m5_geemat\m3chip2\chips\M3B-A442.png,7.41,0,,0.19962157048249762,0.21422558922558924,0.821285140562249,0.4313673631314467,0.6217,0.4166,0.1996,0.8213,高度≥5m·偏森林/郁闭木本；物候振幅大+树覆盖低·草本倾向
M3B-A443,A_fcs10_shrub,w2,107.03776953244906,35.53483735697274,落叶灌丛,否,稀疏植被,,人工复核,,,F:\lc_work\v31_exp\data\m3\m5_geemat\m3chip2\chips\M3B-A443.png,8.84,0,,0.24119241192411925,0.32900364327578013,0.7046905356647238,0.4723360655737705,0.4635,0.4368,0.2412,0.7047,高度≥5m·偏森林/郁闭木本；物候振幅大+树覆盖低·草本倾向
M3B-A444,A_fcs10_shrub,w2,107.32576941253777,33.494853178265714,落叶灌丛,否,乔木林,,AI预判读(2026-10-08),,,F:\lc_work\v31_exp\data\m3\m5_geemat\m3chip2\chips\M3B-A444.png,7.43,66,,0.35366307177389367,0.3939300570020028,0.8307749906402097,0.5225965488907148,0.4771,0.5252,0.3537,0.8308,高度≥5m·偏森林/郁闭木本
M3B-A445,A_fcs10_shrub,w2,108.69668836763258,34.000065694054534,落叶灌丛,否,稀疏植被,,人工复核,,,F:\lc_work\v31_exp\data\m3\m5_geemat\m3chip2\chips\M3B-A445.png,6.66,22,,0.1792946754914551,0.3267998492272899,0.7856472795497186,0.6445086705202312,0.6064,0.4841,0.1793,0.7856,高度≥5m·偏森林/郁闭木本；物候振幅大+树覆盖低·草本倾向
M3B-A446,A_fcs10_shrub,w2,107.70836189204428,35.0182162370756,落叶灌丛,否,乔木林,,AI预判读(2026-10-08),,,F:\lc_work\v31_exp\data\m3\m5_geemat\m3chip2\chips\M3B-A446.png,9.15,0,,0.2650918635170604,0.31501230516817064,0.7692079501631564,0.5206269621213113,0.5041,0.4675,0.2651,0.7692,高度≥5m·偏森林/郁闭木本；物候振幅大+树覆盖低·草本倾向
M3B-A447,A_fcs10_shrub,w2,109.58188824860395,35.83703061855054,落叶灌丛,否,常绿阔叶林,,人工复核,,,F:\lc_work\v31_exp\data\m3\m5_geemat\m3chip2\chips\M3B-A447.png,2.29,0,,0.13531799729364005,0.41459034792368127,0.7483849775539253,0.40200785683107815,0.6131,0.4251,0.1353,0.7484,高度1.5–5m·灌丛典型带；物候振幅大+树覆盖低·草本倾向
M3B-A448,A_fcs10_shrub,w2,106.82253319037402,33.257697943258165,落叶灌丛,否,乔木林,,AI预判读(2026-10-08),,,F:\lc_work\v31_exp\data\m3\m5_geemat\m3chip2\chips\M3B-A448.png,5.86,0,,0.45580749652938457,0.49588845191276365,0.8122525040764035,0.6427875243664717,0.3564,0.6017,0.4558,0.8123,高度≥5m·偏森林/郁闭木本；物候振幅大+树覆盖低·草本倾向
M3B-A449,A_fcs10_shrub,w2,105.56695791776016,35.30953988371556,落叶灌丛,否,耕地,,人工复核,,,F:\lc_work\v31_exp\data\m3\m5_geemat\m3chip2\chips\M3B-A449.png,5.68,0,,0.14412285883047843,0.16110486189226347,0.3070203136511946,0.2049131216297184,0.1629,0.2043,0.1441,0.307,高度≥5m·偏森林/郁闭木本
M3B-A450,A_fcs10_shrub,w2,108.80951676731799,35.10122056932825,落叶灌丛,否,常绿阔叶林,,人工复核,,,F:\lc_work\v31_exp\data\m3\m5_geemat\m3chip2\chips\M3B-A450.png,3.81,0,,0.23452484742807322,0.263344146269537,0.6265183335225337,0.5016590298625375,0.392,0.4065,0.2345,0.6265,高度1.5–5m·灌丛典型带；物候振幅大+树覆盖低·草本倾向
M3B-A451,A_fcs10_shrub,w2,107.19910695747691,32.03419252628738,落叶灌丛,否,乔木林,,AI预判读(2026-10-08),,,F:\lc_work\v31_exp\data\m3\m5_geemat\m3chip2\chips\M3B-A451.png,8.98,12,,0.20444824636441403,0.012216404886561954,0.3076923076923077,-0.12452830188679245,0.4322,0.1,0.2044,0.3077,高度≥5m·偏森林/郁闭木本；物候振幅大+树覆盖低·草本倾向
M3B-A452,A_fcs10_shrub,w2,107.89332500904449,34.02530835353829,落叶灌丛,否,乔木林,,AI预判读(2026-10-08),,,F:\lc_work\v31_exp\data\m3\m5_geemat\m3chip2\chips\M3B-A452.png,9.65,79,,0.3250653616678957,0.36606498194945847,0.8449929934245984,0.5730706075533661,0.5199,0.5273,0.3251,0.845,高度≥5m·偏森林/郁闭木本
M3B-A453,A_fcs10_shrub,w2,108.561581748901,32.83315413998328,落叶灌丛,否,耕地,,人工复核,,,F:\lc_work\v31_exp\data\m3\m5_geemat\m3chip2\chips\M3B-A453.png,9.16,0,,0.33190025795356837,0.3905745642349903,0.7746554985139151,0.6625816993464052,0.4428,0.5399,0.3319,0.7747,高度≥5m·偏森林/郁闭木本；物候振幅大+树覆盖低·草本倾向
M3B-A454,A_fcs10_shrub,w2,107.2741162837009,34.32229138646821,落叶灌丛,否,城镇不透水面,,人工复核,,,F:\lc_work\v31_exp\data\m3\m5_geemat\m3chip2\chips\M3B-A454.png,5.17,0,,0.24858002004677582,0.3842696629213483,0.5122742010189902,0.4410941871308673,0.2637,0.3966,0.2486,0.5123,高度≥5m·偏森林/郁闭木本
M3B-A455,A_fcs10_shrub,w2,108.49627422774552,33.383551914563306,落叶灌丛,否,乔木林（树覆盖75%，冠层结构明显）,,AI预判读(2026-10-08),,,F:\lc_work\v31_exp\data\m3\m5_geemat\m3chip2\chips\M3B-A455.png,9.85,75,,0.4821192052980132,0.4743935309973046,0.7884936739078539,0.6246406570841889,0.3141,0.5924,0.4821,0.7885,高度≥5m·偏森林/郁闭木本
M3B-A456,A_fcs10_shrub,w2,106.6081951635831,34.389215875135115,落叶灌丛,否,草地,,人工复核,,,F:\lc_work\v31_exp\data\m3\m5_geemat\m3chip2\chips\M3B-A456.png,18.75,0,,0.24504119621605128,0.4594771241830065,0.7770043505282784,0.548489666136725,0.532,0.5075,0.245,0.777,高度≥5m·偏森林/郁闭木本；物候振幅大+树覆盖低·草本倾向
M3B-A457,A_fcs10_shrub,w2,108.71474450484338,32.73784288833819,落叶灌丛,否,裸地,,人工复核,,,F:\lc_work\v31_exp\data\m3\m5_geemat\m3chip2\chips\M3B-A457.png,7.48,0,,0.3513102924420813,0.40597941512824703,0.7539994754786258,0.6250385445575085,0.4027,0.5341,0.3513,0.754,高度≥5m·偏森林/郁闭木本；物候振幅大+树覆盖低·草本倾向
M3B-A458,A_fcs10_shrub,w2,108.3977290410776,33.00006111977268,落叶灌丛,否,乔木林,,AI预判读(2026-10-08),,,F:\lc_work\v31_exp\data\m3\m5_geemat\m3chip2\chips\M3B-A458.png,10.83,0,,0.3985658107795512,0.42929506120726046,0.7288528389339514,0.659160511619528,0.3303,0.554,0.3986,0.7289,高度≥5m·偏森林/郁闭木本
M3B-A459,A_fcs10_shrub,w2,107.60128271017723,33.51093302185146,落叶灌丛,否,乔木林,,AI预判读(2026-10-08),,,F:\lc_work\v31_exp\data\m3\m5_geemat\m3chip2\chips\M3B-A459.png,11.14,19,,0.4477335800185014,0.40031104199066875,0.4324622745675377,0.5936395759717314,0.1933,0.4685,0.4477,0.4325,高度≥5m·偏森林/郁闭木本
M3B-A460,A_fcs10_shrub,w2,106.82217386426036,35.13499722401114,落叶灌丛,否,乔灌园地,,人工复核,,,F:\lc_work\v31_exp\data\m3\m5_geemat\m3chip2\chips\M3B-A460.png,4.08,0,,0.2750145151925682,0.3808707576276997,0.7837548507961997,0.4326086956521739,0.5087,0.4681,0.275,0.7838,高度1.5–5m·灌丛典型带；物候振幅大+树覆盖低·草本倾向
M3B-A461,A_fcs10_shrub,w2,107.27609257732597,34.22500384119807,落叶灌丛,否,草地,,AI预判读(2026-10-08),,,F:\lc_work\v31_exp\data\m3\m5_geemat\m3chip2\chips\M3B-A461.png,12.51,85,,0.22599905013908678,0.39476614699331847,0.8608237728042129,0.5340314136125655,0.6348,0.5039,0.226,0.8608,高度≥5m·偏森林/郁闭木本
M3B-A462,A_fcs10_shrub,w2,106.645026090232,35.624399390799454,落叶灌丛,否,乔灌园地,,人工复核,,,F:\lc_work\v31_exp\data\m3\m5_geemat\m3chip2\chips\M3B-A462.png,7.75,0,,0.2339812814974802,0.32539184952978056,0.7201152184349496,0.5474051896207585,0.4861,0.4567,0.234,0.7201,高度≥5m·偏森林/郁闭木本；物候振幅大+树覆盖低·草本倾向
M3B-A463,A_fcs10_shrub,w2,105.6747557518545,33.5368045020341,落叶灌丛,否,乔木林,,AI预判读(2026-10-08),,,F:\lc_work\v31_exp\data\m3\m5_geemat\m3chip2\chips\M3B-A463.png,6.75,0,,0.2803198578409596,0.3673469387755102,0.7206225680933852,0.5889451148306735,0.4403,0.4893,0.2803,0.7206,高度≥5m·偏森林/郁闭木本；物候振幅大+树覆盖低·草本倾向
M3B-A464,A_fcs10_shrub,w2,105.79593848368224,33.473652937560495,落叶灌丛,否,乔木林,,AI预判读(2026-10-08),,,F:\lc_work\v31_exp\data\m3\m5_geemat\m3chip2\chips\M3B-A464.png,9.07,0,,0.3805225653206651,0.555673947789025,0.6861702127659575,0.5272727272727272,0.3056,0.5374,0.3805,0.6862,高度≥5m·偏森林/郁闭木本
M3B-A465,A_fcs10_shrub,w2,108.30008216969381,32.58863271964594,落叶灌丛,否,乔木林（郁闭树冠）,,AI预判读(2026-10-08),,,F:\lc_work\v31_exp\data\m3\m5_geemat\m3chip2\chips\M3B-A465.png,8.69,0,25,0.4705645161290323,0.4743112434847357,0.7803639965333663,0.756385068762279,0.3098,0.6204,0.4706,0.7804,高度≥5m·偏森林/郁闭木本
M3B-A466,A_fcs10_shrub,w2,107.24069895513165,34.9242524583567,落叶灌丛,否,农田（梯田，疑果园）,,AI预判读(2026-10-08),,,F:\lc_work\v31_exp\data\m3\m5_geemat\m3chip2\chips\M3B-A466.png,9.55,0,,0.19226976927627687,0.23607888631090487,0.7772822990214294,0.3892940263770365,0.585,0.3987,0.1923,0.7773,高度≥5m·偏森林/郁闭木本；物候振幅大+树覆盖低·草本倾向
M3B-A467,A_fcs10_shrub,w2,107.30690479157127,35.10580197727725,落叶灌丛,否,农田（覆膜梯田区，中心为绿色作物/草）,,AI预判读(2026-10-08),,,F:\lc_work\v31_exp\data\m3\m5_geemat\m3chip2\chips\M3B-A467.png,4.75,0,,0.2671563483735572,0.4451885794853719,0.7967456465886383,0.4362272240085745,0.5296,0.4863,0.2672,0.7967,高度1.5–5m·灌丛典型带；物候振幅大+树覆盖低·草本倾向
M3B-A468,A_fcs10_shrub,w2,108.40626303627674,34.22024277019223,落叶灌丛,否,农田,,AI预判读(2026-10-08),,,F:\lc_work\v31_exp\data\m3\m5_geemat\m3chip2\chips\M3B-A468.png,1.62,0,,0.08251748251748252,0.1632183908045977,0.17905608262279332,0.09205208801077683,0.0965,0.1292,0.0825,0.1791,高度1.5–5m·灌丛典型带
M3B-A469,A_fcs10_shrub,w2,107.52851917216356,35.60194150869646,落叶灌丛,否,常绿阔叶林,,人工复核,,,F:\lc_work\v31_exp\data\m3\m5_geemat\m3chip2\chips\M3B-A469.png,4.2,0,,0.3217284456276879,0.370138017565872,0.5233136094674556,0.5342025361671727,0.2125,0.4373,0.3217,0.5233,高度1.5–5m·灌丛典型带
M3B-A470,A_fcs10_shrub,w2,108.60775515450474,33.080729832286615,落叶灌丛,否,乔木林,,AI预判读(2026-10-08),,,F:\lc_work\v31_exp\data\m3\m5_geemat\m3chip2\chips\M3B-A470.png,10.28,53,,0.35169210351692104,0.4029493822239936,0.568097383606039,0.7161629434954008,0.3645,0.5097,0.3517,0.5681,高度≥5m·偏森林/郁闭木本
M3B-A471,A_fcs10_shrub,w2,106.75255442974111,31.793713524728577,落叶灌丛,否,乔木林,,AI预判读(2026-10-08),,,F:\lc_work\v31_exp\data\m3\m5_geemat\m3chip2\chips\M3B-A471.png,10.84,20,,0.21515561569688768,0.2046783625730994,0.18811881188118812,0.20465116279069767,0.027,0.2032,0.2152,0.1881,高度≥5m·偏森林/郁闭木本
M3B-A472,A_fcs10_shrub,w2,108.34607591224072,33.639122612895314,落叶灌丛,否,水体,,人工复核,,,F:\lc_work\v31_exp\data\m3\m5_geemat\m3chip2\chips\M3B-A472.png,9.27,85,,0.4408626821154067,0.4707038930397169,0.8316341980417886,0.6350267379679144,0.3908,0.5946,0.4409,0.8316,高度≥5m·偏森林/郁闭木本
M3B-A473,A_fcs10_shrub,w2,108.60353307266938,35.12825985938024,落叶灌丛,否,乔木林,,AI预判读(2026-10-08),,,F:\lc_work\v31_exp\data\m3\m5_geemat\m3chip2\chips\M3B-A473.png,7.45,68,,0.33939738487777144,0.3529990167158309,0.8581521739130434,0.46325706594885596,0.5188,0.5035,0.3394,0.8582,高度≥5m·偏森林/郁闭木本
M3B-A474,A_fcs10_shrub,w2,109.54182338693222,31.85183452361111,落叶灌丛,否,乔木林,,AI预判读(2026-10-08),,,F:\lc_work\v31_exp\data\m3\m5_geemat\m3chip2\chips\M3B-A474.png,17.76,85,22,0.18003384094754654,0.34737433305251336,0.6651542649727767,0.5101728621691908,0.4851,0.4257,0.18,0.6652,高度≥5m·偏森林/郁闭木本
M3B-A475,A_fcs10_shrub,w2,108.84931213440449,32.979938857408406,落叶灌丛,否,乔木林,,AI预判读(2026-10-08),,,F:\lc_work\v31_exp\data\m3\m5_geemat\m3chip2\chips\M3B-A475.png,7.34,27,,0.4367060884800701,0.4024546620260121,0.7353368880271449,0.6520192136630493,0.3329,0.5566,0.4367,0.7353,高度≥5m·偏森林/郁闭木本
M3B-A476,A_fcs10_shrub,w2,107.5483719399426,35.047231820752664,落叶灌丛,否,乔木林,,AI预判读(2026-10-08),,,F:\lc_work\v31_exp\data\m3\m5_geemat\m3chip2\chips\M3B-A476.png,8.5,0,,0.23615160349854228,0.28624323554542863,0.7175421209117938,0.42445054945054944,0.4814,0.4161,0.2362,0.7175,高度≥5m·偏森林/郁闭木本；物候振幅大+树覆盖低·草本倾向
M3B-A477,A_fcs10_shrub,w2,108.9899883078976,34.69491256632099,落叶灌丛,否,水体,,人工复核,,,F:\lc_work\v31_exp\data\m3\m5_geemat\m3chip2\chips\M3B-A477.png,3.46,0,,0.29313099041533547,0.5396357793251205,0.6782890473104343,0.6356329537843268,0.3852,0.5367,0.2931,0.6783,高度1.5–5m·灌丛典型带；物候振幅大+树覆盖低·草本倾向
M3B-A478,A_fcs10_shrub,w2,105.75497530672638,32.822554019630665,常绿灌丛,否,草地,,人工复核,,,F:\lc_work\v31_exp\data\m3\m5_geemat\m3chip2\chips\M3B-A478.png,2.37,0,,0.4517625231910946,0.6661120354963949,0.7299450549450549,0.723673792557403,0.2782,0.6429,0.4518,0.7299,高度1.5–5m·灌丛典型带
M3B-A479,A_fcs10_shrub,w2,107.1267925771053,34.72644343279358,落叶灌丛,否,乔木林,,AI预判读(2026-10-08),,,F:\lc_work\v31_exp\data\m3\m5_geemat\m3chip2\chips\M3B-A479.png,10.88,0,,0.24115148655025956,0.4941773663780233,0.8151187904967603,0.41780668311280555,0.574,0.4921,0.2412,0.8151,高度≥5m·偏森林/郁闭木本；物候振幅大+树覆盖低·草本倾向
M3B-A480,A_fcs10_shrub,w2,108.02852145930447,32.57425967510003,落叶灌丛,否,乔木林,,AI预判读(2026-10-08),,,F:\lc_work\v31_exp\data\m3\m5_geemat\m3chip2\chips\M3B-A480.png,11.93,55,19,0.41134751773049644,0.3441603317208017,0.7141350210970464,0.5882657463330457,0.37,0.5145,0.4113,0.7141,高度≥5m·偏森林/郁闭木本
M3B-A481,A_fcs10_shrub,w2,108.80780996827816,31.868722850952558,落叶灌丛,否,乔木林,,AI预判读(2026-10-08),,,F:\lc_work\v31_exp\data\m3\m5_geemat\m3chip2\chips\M3B-A481.png,14.48,72,17,0.39412173108076837,0.3866552609067579,0.7729052466718872,0.5912259122591226,0.3862,0.5362,0.3941,0.7729,高度≥5m·偏森林/郁闭木本
M3B-A482,A_fcs10_shrub,w2,108.0768508215901,33.00006111977268,落叶灌丛,否,乔木林,,AI预判读(2026-10-08),,,F:\lc_work\v31_exp\data\m3\m5_geemat\m3chip2\chips\M3B-A482.png,16.0,0,,0.25461254612546125,0.16274146599629533,0.6920195609197795,0.5324494068387997,0.5293,0.4105,0.2546,0.692,高度≥5m·偏森林/郁闭木本；物候振幅大+树覆盖低·草本倾向
M3B-A483,A_fcs10_shrub,w2,106.61601050655494,33.73964409318829,落叶灌丛,否,乔木林,,AI预判读(2026-10-08),,,F:\lc_work\v31_exp\data\m3\m5_geemat\m3chip2\chips\M3B-A483.png,11.11,0,,0.3399477806788512,0.4259321464561639,0.7884953529264004,0.6688486715440893,0.4485,0.5558,0.3399,0.7885,高度≥5m·偏森林/郁闭木本；物候振幅大+树覆盖低·草本倾向
M3B-A484,A_fcs10_shrub,w2,108.09841038840898,34.485066115950666,落叶灌丛,否,农田,,AI预判读(2026-10-08),,,F:\lc_work\v31_exp\data\m3\m5_geemat\m3chip2\chips\M3B-A484.png,3.04,0,,0.3,0.43657666836474784,0.7873974053481599,0.596757852077001,0.4874,0.5302,0.3,0.7874,高度1.5–5m·灌丛典型带；物候振幅大+树覆盖低·草本倾向
M3B-A485,A_fcs10_shrub,w2,108.6360520859545,32.39792038482737,落叶灌丛,否,乔木林,,AI预判读(2026-10-08),,,F:\lc_work\v31_exp\data\m3\m5_geemat\m3chip2\chips\M3B-A485.png,5.86,0,,0.44802867383512546,0.44295432458697764,0.760614056128568,0.613556680950526,0.3177,0.5663,0.448,0.7606,高度≥5m·偏森林/郁闭木本
M3B-A486,A_fcs10_shrub,w2,107.78795262621726,35.48048928228351,落叶灌丛,否,乔木林,,AI预判读(2026-10-08),,,F:\lc_work\v31_exp\data\m3\m5_geemat\m3chip2\chips\M3B-A486.png,10.42,0,,0.21161109312614654,0.33672172808132145,0.8021148036253777,0.5149834701930255,0.5905,0.4664,0.2116,0.8021,高度≥5m·偏森林/郁闭木本；物候振幅大+树覆盖低·草本倾向
M3B-A487,A_fcs10_shrub,w2,106.42952025357172,32.73658524694043,落叶灌丛,否,耕地,,人工复核,,,F:\lc_work\v31_exp\data\m3\m5_geemat\m3chip2\chips\M3B-A487.png,5.86,0,,0.36760691537761603,0.6480804387568556,0.800139599813867,0.6749420721615359,0.4325,0.6227,0.3676,0.8001,高度≥5m·偏森林/郁闭木本；物候振幅大+树覆盖低·草本倾向
M3B-A488,A_fcs10_shrub,w2,105.80671826709167,34.06169012254514,落叶灌丛,否,草地,,人工复核,,,F:\lc_work\v31_exp\data\m3\m5_geemat\m3chip2\chips\M3B-A488.png,4.37,0,,0.3413030484160191,0.5414949970570924,0.7558290155440415,0.5968634686346863,0.4145,0.5589,0.3413,0.7558,高度1.5–5m·灌丛典型带；物候振幅大+树覆盖低·草本倾向
M3B-A489,A_fcs10_shrub,w2,107.06148505594982,33.968624659110354,落叶灌丛,否,乔木林,,AI预判读(2026-10-08),,,F:\lc_work\v31_exp\data\m3\m5_geemat\m3chip2\chips\M3B-A489.png,12.07,0,,0.32882345138612545,0.3911092413406254,0.7067736185383244,0.6103563188925917,0.378,0.5093,0.3288,0.7068,高度≥5m·偏森林/郁闭木本；物候振幅大+树覆盖低·草本倾向
M3B-A490,A_fcs10_shrub,w2,108.64117248307399,33.2985712886856,落叶灌丛,否,乔木林,,AI预判读(2026-10-08),,,F:\lc_work\v31_exp\data\m3\m5_geemat\m3chip2\chips\M3B-A490.png,13.99,0,,0.21967000970559689,0.2506440927493559,0.6733654118313048,0.42948717948717946,0.4537,0.3933,0.2197,0.6734,高度≥5m·偏森林/郁闭木本；物候振幅大+树覆盖低·草本倾向
M3B-A491,A_fcs10_shrub,w2,107.44443686156997,34.5943012544996,落叶灌丛,否,乔木林,,AI预判读(2026-10-08),,,F:\lc_work\v31_exp\data\m3\m5_geemat\m3chip2\chips\M3B-A491.png,6.08,0,,0.38566864445458693,0.4215341308937368,0.705699481865285,0.545816733067729,0.32,0.5147,0.3857,0.7057,高度≥5m·偏森林/郁闭木本
M3B-A492,A_fcs10_shrub,w2,107.1027177274909,34.568250111260134,落叶灌丛,否,草地,,人工复核,,,F:\lc_work\v31_exp\data\m3\m5_geemat\m3chip2\chips\M3B-A492.png,2.38,11,,0.28328445747800585,0.4602076124567474,0.7782515991471215,0.5418439716312057,0.495,0.5159,0.2833,0.7783,高度1.5–5m·灌丛典型带；物候振幅大+树覆盖低·草本倾向
M3B-A493,A_fcs10_shrub,w2,107.12885870225878,35.76848916237223,落叶灌丛,否,裸地,,人工复核,,,F:\lc_work\v31_exp\data\m3\m5_geemat\m3chip2\chips\M3B-A493.png,4.15,0,,0.2683137029589199,0.2709529276693456,0.5186214563646471,0.4614604462474645,0.2503,0.3798,0.2683,0.5186,高度1.5–5m·灌丛典型带
M3B-A494,A_fcs10_shrub,w2,108.79128096705035,32.88372929047921,落叶灌丛,否,乔木林,,AI预判读(2026-10-08),,,F:\lc_work\v31_exp\data\m3\m5_geemat\m3chip2\chips\M3B-A494.png,13.93,22,,0.4655097613882863,0.47012616043799094,0.7827893175074184,0.6765578635014837,0.3173,0.5987,0.4655,0.7828,高度≥5m·偏森林/郁闭木本
M3B-A495,A_fcs10_shrub,w2,108.07523385407869,34.99755498554085,落叶灌丛,否,稀疏植被,,人工复核,,,F:\lc_work\v31_exp\data\m3\m5_geemat\m3chip2\chips\M3B-A495.png,3.58,20,,0.22637455922685124,0.34985207100591714,0.8135985198889917,0.4692675745307324,0.5872,0.4648,0.2264,0.8136,高度1.5–5m·灌丛典型带；物候振幅大+树覆盖低·草本倾向
M3B-A496,A_fcs10_shrub,w2,108.66991857216581,32.89783284043988,落叶灌丛,否,乔木林,,AI预判读(2026-10-08),,,F:\lc_work\v31_exp\data\m3\m5_geemat\m3chip2\chips\M3B-A496.png,5.24,0,,0.4443478260869565,0.4895182052225083,0.7444155844155844,0.6105901820187535,0.3001,0.5722,0.4443,0.7444,高度≥5m·偏森林/郁闭木本
M3B-A497,A_fcs10_shrub,w2,108.52160671875768,31.800989878529947,落叶灌丛,否,乔木林,,AI预判读(2026-10-08),,,F:\lc_work\v31_exp\data\m3\m5_geemat\m3chip2\chips\M3B-A497.png,8.76,0,,0.39039836567926456,0.37376689806357327,0.6606593406593406,0.6406360424028269,0.2869,0.5164,0.3904,0.6607,高度≥5m·偏森林/郁闭木本
M3B-A498,A_fcs10_shrub,w2,109.27744919881584,32.98344228701647,落叶灌丛,否,乔木林,,AI预判读(2026-10-08),,,F:\lc_work\v31_exp\data\m3\m5_geemat\m3chip2\chips\M3B-A498.png,14.43,0,,0.2890262751159196,0.39041388138244915,0.7314594594594594,0.5674626865671641,0.4424,0.4946,0.289,0.7315,高度≥5m·偏森林/郁闭木本；物候振幅大+树覆盖低·草本倾向
M3B-A499,A_fcs10_shrub,w2,108.99995960755133,33.61828169830374,落叶灌丛,否,乔木林,,AI预判读(2026-10-08),,,F:\lc_work\v31_exp\data\m3\m5_geemat\m3chip2\chips\M3B-A499.png,13.82,85,,0.3607565011820331,0.35695067264573993,0.8829424734415715,0.49480455220188024,0.526,0.5239,0.3608,0.8829,高度≥5m·偏森林/郁闭木本
M3B-A500,A_fcs10_shrub,w2,107.05474769131891,35.364337116046855,落叶灌丛,否,水体,,AI预判读(2026-10-08),,,F:\lc_work\v31_exp\data\m3\m5_geemat\m3chip2\chips\M3B-A500.png,6.04,0,,0.14778608395629672,0.2662983425414365,0.37097927090779126,0.3221216041397154,0.2232,0.2768,0.1478,0.371,高度≥5m·偏森林/郁闭木本
M3B-A501,A_fcs10_shrub,w2,108.03480966629331,32.39908819469672,落叶灌丛,否,耕地,,人工复核,,,F:\lc_work\v31_exp\data\m3\m5_geemat\m3chip2\chips\M3B-A501.png,15.41,45,,0.34011391375101707,0.3878273177636235,0.7055125725338491,0.6447876447876448,0.3654,0.5196,0.3401,0.7055,高度≥5m·偏森林/郁闭木本
M3B-A502,A_fcs10_shrub,w2,107.11655178286634,35.08945263910628,落叶灌丛,否,常绿阔叶林,,人工复核,,,F:\lc_work\v31_exp\data\m3\m5_geemat\m3chip2\chips\M3B-A502.png,4.85,0,,0.24547548535702535,0.3863205483447572,0.7232978586998333,0.49282845668387837,0.4778,0.462,0.2455,0.7233,高度1.5–5m·灌丛典型带；物候振幅大+树覆盖低·草本倾向
M3B-A503,A_fcs10_shrub,w2,108.28148704331254,31.89962489672627,落叶灌丛,否,乔木林（郁闭树冠，GEDI 15.0m）,,AI预判读(2026-10-08),,,F:\lc_work\v31_exp\data\m3\m5_geemat\m3chip2\chips\M3B-A503.png,15.03,67,,0.4097108565193672,0.41158059467918623,0.8095340347863431,0.7084478021978022,0.3998,0.5848,0.4097,0.8095,高度≥5m·偏森林/郁闭木本
M3B-A504,A_fcs10_shrub,w2,107.0583409524554,32.34896220184285,落叶灌丛,否,乔木林,,AI预判读(2026-10-08),,,F:\lc_work\v31_exp\data\m3\m5_geemat\m3chip2\chips\M3B-A504.png,17.68,0,,0.42531876138433516,0.5116737915159487,0.7098445595854922,0.63112607557052,0.2845,0.5695,0.4253,0.7098,高度≥5m·偏森林/郁闭木本
M3B-A505,A_fcs10_shrub,w2,109.57056947602405,33.937902276393466,落叶灌丛,是,,,AI预判读(2026-10-08),,,F:\lc_work\v31_exp\data\m3\m5_geemat\m3chip2\chips\M3B-A505.png,4.13,0,,0.09981447124304267,0.2764976958525346,0.4715003275824416,0.3850896860986547,0.3717,0.3082,0.0998,0.4715,高度1.5–5m·灌丛典型带；物候振幅大+树覆盖低·草本倾向
M3B-A506,A_fcs10_shrub,w2,107.69749227710643,35.09852562347589,落叶灌丛,否,草地,,AI预判读(2026-10-08),,,F:\lc_work\v31_exp\data\m3\m5_geemat\m3chip2\chips\M3B-A506.png,1.45,0,,0.25554047942107644,0.327195001644196,0.8322996774993798,0.46822429906542057,0.5768,0.4708,0.2555,0.8323,高度<1.5m·偏草本/低矮；物候振幅大+树覆盖低·草本倾向
M3B-A507,A_fcs10_shrub,w2,107.15958108497566,32.64046551153964,落叶灌丛,否,其他（林间旱化稀疏植被）,,AI预判读(2026-10-08),,,F:\lc_work\v31_exp\data\m3\m5_geemat\m3chip2\chips\M3B-A507.png,11.74,0,,0.40025305778152676,0.41836556891444504,0.7186995619091537,0.6450734893848666,0.3184,0.5456,0.4003,0.7187,高度≥5m·偏森林/郁闭木本
M3B-A508,A_fcs10_shrub,w2,109.87905094459069,32.33440949424012,落叶灌丛,否,乔木林,,AI预判读(2026-10-08),,,F:\lc_work\v31_exp\data\m3\m5_geemat\m3chip2\chips\M3B-A508.png,5.54,48,23,0.5831578947368421,0.7213565536205316,0.43806024981631153,0.7179902755267423,0.2833,0.6151,0.5832,0.4381,高度≥5m·偏森林/郁闭木本
M3B-A509,A_fcs10_shrub,w2,107.66847669342937,33.88409319087471,落叶灌丛,否,乔木林,,AI预判读(2026-10-08),,,F:\lc_work\v31_exp\data\m3\m5_geemat\m3chip2\chips\M3B-A509.png,12.61,4,,0.3262411347517731,0.33751425313568983,0.7817366059646345,0.5294117647058824,0.4555,0.4937,0.3262,0.7817,高度≥5m·偏森林/郁闭木本；物候振幅大+树覆盖低·草本倾向
M3B-A510,A_fcs10_shrub,w2,108.7937962498459,33.291025440298995,落叶灌丛,否,水体,,人工复核,,,F:\lc_work\v31_exp\data\m3\m5_geemat\m3chip2\chips\M3B-A510.png,6.36,0,,0.18848018249215853,0.2006572191415075,0.37755436564309913,0.37401411374014115,0.1891,0.2852,0.1885,0.3776,高度≥5m·偏森林/郁闭木本
M3B-A511,A_fcs10_shrub,w1,122.8982445258065,45.14618207635274,落叶灌丛,否,农田,,AI预判读(2026-10-08),,,F:\lc_work\v31_exp\data\m3\m5_geemat\m3chip2\chips\M3B-A511.png,2.63,0,,0.17661927330173777,0.24973432518597238,0.8446803002847528,0.34664891256102975,0.6681,0.4044,0.1766,0.8447,高度1.5–5m·灌丛典型带；物候振幅大+树覆盖低·草本倾向
M3B-A512,A_fcs10_shrub,w1,123.27607593430717,43.495527741783114,落叶灌丛,否,冰雪,,人工复核,,,F:\lc_work\v31_exp\data\m3\m5_geemat\m3chip2\chips\M3B-A512.png,2.59,0,,0.2607516466485858,0.37025363950172596,0.7523842552453616,0.4749732129190265,0.4916,0.4646,0.2608,0.7524,高度1.5–5m·灌丛典型带；物候振幅大+树覆盖低·草本倾向
M3B-A513,A_fcs10_shrub,w1,125.20529783848225,45.931219803144785,落叶灌丛,否,裸地,,AI预判读(2026-10-08),,,F:\lc_work\v31_exp\data\m3\m5_geemat\m3chip2\chips\M3B-A513.png,1.27,0,,0.04336513443191674,0.18359289317832858,0.3895300906842539,0.2366412213740458,0.3462,0.2133,0.0434,0.3895,高度<1.5m·偏草本/低矮
M3B-A514,A_fcs10_shrub,w1,123.44522870230688,45.49904031995489,落叶灌丛,否,农田（田块规整，中心疑为田间林带/渠边植被）,,AI预判读(2026-10-08),,,F:\lc_work\v31_exp\data\m3\m5_geemat\m3chip2\chips\M3B-A514.png,2.84,0,,0.21960264900662252,0.3239889034895605,0.785939837128137,0.3368513632365875,0.5663,0.4166,0.2196,0.7859,高度1.5–5m·灌丛典型带；物候振幅大+树覆盖低·草本倾向
M3B-A515,A_fcs10_shrub,w1,122.83931504316826,46.51719086297595,落叶灌丛,否,湖河滩地,,人工复核,,,F:\lc_work\v31_exp\data\m3\m5_geemat\m3chip2\chips\M3B-A515.png,2.69,0,,0.0430082619102772,0.10498726973191554,0.1982138427189283,0.1375811013142572,0.1552,0.1209,0.043,0.1982,高度1.5–5m·灌丛典型带
M3B-A516,A_fcs10_shrub,w1,124.33572864345456,46.954221248700094,落叶灌丛,否,草地,,AI预判读(2026-10-08),,,F:\lc_work\v31_exp\data\m3\m5_geemat\m3chip2\chips\M3B-A516.png,1.96,0,,0.11999295712650762,0.20241029854834292,0.6388048868997218,0.42456533931575996,0.5188,0.3464,0.12,0.6388,高度1.5–5m·灌丛典型带；物候振幅大+树覆盖低·草本倾向
M3B-A517,A_fcs10_shrub,w1,122.5292166070902,46.309410537759106,落叶灌丛,否,耕地,,人工复核,,,F:\lc_work\v31_exp\data\m3\m5_geemat\m3chip2\chips\M3B-A517.png,1.91,0,,0.09016838674633351,0.1548229753595156,0.49417249417249415,0.16753507014028057,0.404,0.2267,0.0902,0.4942,高度1.5–5m·灌丛典型带；物候振幅大+树覆盖低·草本倾向
M3B-A518,A_fcs10_shrub,w1,126.25965048745334,44.16153869342933,落叶灌丛,否,耕地,,人工复核,,,F:\lc_work\v31_exp\data\m3\m5_geemat\m3chip2\chips\M3B-A518.png,3.1,0,,0.11773094596735859,0.3523592085235921,0.7834902244750181,0.5144688962051638,0.6658,0.442,0.1177,0.7835,高度1.5–5m·灌丛典型带；物候振幅大+树覆盖低·草本倾向
M3B-A519,A_fcs10_shrub,w1,126.40508773195229,44.15893357910538,落叶灌丛,否,农田,,AI预判读(2026-10-08),,,F:\lc_work\v31_exp\data\m3\m5_geemat\m3chip2\chips\M3B-A519.png,3.72,0,,0.08064088983050847,0.26795977011494254,0.8137149028077754,0.5673469387755102,0.7331,0.4324,0.0806,0.8137,高度1.5–5m·灌丛典型带；物候振幅大+树覆盖低·草本倾向
M3B-A520,A_fcs10_shrub,w1,124.6186081264238,45.09075602332256,落叶灌丛,否,农田,,AI预判读(2026-10-08),,,F:\lc_work\v31_exp\data\m3\m5_geemat\m3chip2\chips\M3B-A520.png,2.69,0,,0.11378218143425647,0.18794233289646134,0.30411848245080136,0.224450811843362,0.1903,0.2076,0.1138,0.3041,高度1.5–5m·灌丛典型带
M3B-A521,A_fcs10_shrub,w1,123.51439897918408,44.052034060295156,落叶灌丛,否,农田,,AI预判读(2026-10-08),,,F:\lc_work\v31_exp\data\m3\m5_geemat\m3chip2\chips\M3B-A521.png,3.51,0,,0.17870722433460076,0.3647912885662432,0.7117698855297916,0.5059936908517351,0.5331,0.4403,0.1787,0.7118,高度1.5–5m·灌丛典型带；物候振幅大+树覆盖低·草本倾向
M3B-A522,A_fcs10_shrub,w1,125.59606498707426,45.652921728124554,落叶灌丛,否,耕地,,人工复核,,,F:\lc_work\v31_exp\data\m3\m5_geemat\m3chip2\chips\M3B-A522.png,3.28,0,,0.04642829915376992,0.3474903474903475,0.8288838854937279,0.4835658548120123,0.7825,0.4266,0.0464,0.8289,高度1.5–5m·灌丛典型带；物候振幅大+树覆盖低·草本倾向
M3B-A523,A_fcs10_shrub,w1,123.59506769169802,46.34857708414671,落叶灌丛,否,农田,,AI预判读(2026-10-08),,,F:\lc_work\v31_exp\data\m3\m5_geemat\m3chip2\chips\M3B-A523.png,2.72,0,,0.1457581503455869,0.3535533749628308,0.7596327722910001,0.41570818271442656,0.6139,0.4187,0.1458,0.7596,高度1.5–5m·灌丛典型带；物候振幅大+树覆盖低·草本倾向
M3B-A524,A_fcs10_shrub,w1,124.92475397525173,43.979540016866714,落叶灌丛,否,农田,,AI预判读(2026-10-08),,,F:\lc_work\v31_exp\data\m3\m5_geemat\m3chip2\chips\M3B-A524.png,2.33,0,,0.1014625928478444,0.2808905380333952,0.6208209902666102,0.4673561732385262,0.5194,0.3676,0.1015,0.6208,高度1.5–5m·灌丛典型带；物候振幅大+树覆盖低·草本倾向
M3B-A525,A_fcs10_shrub,w1,123.7008892321673,46.00003075390834,落叶灌丛,否,农田,,AI预判读(2026-10-08),,,F:\lc_work\v31_exp\data\m3\m5_geemat\m3chip2\chips\M3B-A525.png,2.68,0,,0.2158180919426594,0.14963503649635038,0.6582043343653251,0.34818382500501704,0.5086,0.343,0.2158,0.6582,高度1.5–5m·灌丛典型带；物候振幅大+树覆盖低·草本倾向
M3B-A526,A_fcs10_shrub,w1,126.20099049940033,46.032549767193466,落叶灌丛,否,农田,,AI预判读(2026-10-08),,,F:\lc_work\v31_exp\data\m3\m5_geemat\m3chip2\chips\M3B-A526.png,2.27,0,,0.07127955493741307,0.2681366773270493,0.7350148367952523,0.45582801477997986,0.6637,0.3826,0.0713,0.735,高度1.5–5m·灌丛典型带；物候振幅大+树覆盖低·草本倾向
M3B-A527,A_fcs10_shrub,w1,123.22756690896472,44.19522551658381,落叶灌丛,否,农田,,AI预判读(2026-10-08),,,F:\lc_work\v31_exp\data\m3\m5_geemat\m3chip2\chips\M3B-A527.png,3.38,0,,0.24263819528155675,0.43081312410841655,0.768894440974391,0.4023365443738471,0.5263,0.4612,0.2426,0.7689,高度1.5–5m·灌丛典型带；物候振幅大+树覆盖低·草本倾向
M3B-A528,A_fcs10_shrub,w1,124.13378736758449,46.00003075390834,落叶灌丛,否,湿地（沼泽草甸湿生植被，无明显木本结构）,,AI预判读(2026-10-08),,,F:\lc_work\v31_exp\data\m3\m5_geemat\m3chip2\chips\M3B-A528.png,1.96,0,,0.10065583119475335,0.32888229475766567,0.8234639358860196,0.3639430834678011,0.7228,0.4042,0.1007,0.8235,高度1.5–5m·灌丛典型带；物候振幅大+树覆盖低·草本倾向
M3B-A529,A_fcs10_shrub,w1,122.62605499471829,44.56164832097616,落叶灌丛,否,其他（村屯/沙地，点处暗色无植被）,,AI预判读(2026-10-08),,,F:\lc_work\v31_exp\data\m3\m5_geemat\m3chip2\chips\M3B-A529.png,2.87,0,,0.24730656219392752,0.409465505062397,0.5627718179182372,0.5342539940427836,0.3155,0.4384,0.2473,0.5628,高度1.5–5m·灌丛典型带
M3B-A530,A_fcs10_shrub,w1,126.33142587865449,43.32664446836864,落叶灌丛,是,乔木林（GEDI 11.3m、树覆盖96%）,,人工复核,,,F:\lc_work\v31_exp\data\m3\m5_geemat\m3chip2\chips\M3B-A530.png,11.29,96,,0.2238372093023256,0.5826210826210826,0.8653576437587658,0.5954733249506018,0.6415,0.5668,0.2238,0.8654,高度≥5m·偏森林/郁闭木本
M3B-A531,A_fcs10_shrub,w1,126.37912642024123,43.69944531127825,落叶灌丛,否,草地,,人工复核,,,F:\lc_work\v31_exp\data\m3\m5_geemat\m3chip2\chips\M3B-A531.png,4.28,0,,0.14630056591909452,0.36934990095443904,0.7326592993181283,0.6459259259259259,0.5864,0.4736,0.1463,0.7327,高度1.5–5m·灌丛典型带；物候振幅大+树覆盖低·草本倾向
M3B-A532,A_fcs10_shrub,w1,125.36933020936249,47.49150362013198,落叶灌丛,否,农田,,AI预判读(2026-10-08),,,F:\lc_work\v31_exp\data\m3\m5_geemat\m3chip2\chips\M3B-A532.png,3.71,0,,0.007483210745123121,0.14946909882929485,0.40892579138557344,0.28387299591323484,0.4014,0.2124,0.0075,0.4089,高度1.5–5m·灌丛典型带；物候振幅大+树覆盖低·草本倾向
M3B-A533,A_fcs10_shrub,w1,122.96588766670071,46.614029250604034,落叶灌丛,否,耕地,,人工复核,,,F:\lc_work\v31_exp\data\m3\m5_geemat\m3chip2\chips\M3B-A533.png,3.61,0,,0.08702845797485109,0.23220973782771537,0.8278855975485189,0.37358635230975656,0.7409,0.3802,0.087,0.8279,高度1.5–5m·灌丛典型带；物候振幅大+树覆盖低·草本倾向
M3B-A534,A_fcs10_shrub,w1,122.84200998902062,46.8775949549647,落叶灌丛,否,常绿阔叶林,,人工复核,,,F:\lc_work\v31_exp\data\m3\m5_geemat\m3chip2\chips\M3B-A534.png,2.71,0,,0.06683703558089248,0.32628320866649474,0.7515756302521008,0.32888377445339473,0.6847,0.3684,0.0668,0.7516,高度1.5–5m·灌丛典型带；物候振幅大+树覆盖低·草本倾向
M3B-A535,A_fcs10_shrub,w1,126.40113514470217,44.645011979342456,落叶灌丛,否,农田,,AI预判读(2026-10-08),,,F:\lc_work\v31_exp\data\m3\m5_geemat\m3chip2\chips\M3B-A535.png,1.92,0,,0.09370352007932573,0.3305982905982906,0.8469280280866004,0.5240153698366955,0.7532,0.4488,0.0937,0.8469,高度1.5–5m·灌丛典型带；物候振幅大+树覆盖低·草本倾向
M3B-A536,A_fcs10_shrub,w1,126.18230554149065,43.67923321738556,落叶灌丛,否,农田,,AI预判读(2026-10-08),,,F:\lc_work\v31_exp\data\m3\m5_geemat\m3chip2\chips\M3B-A536.png,6.97,0,,0.0983157894736842,0.41949860724233984,0.8173737373737374,0.6167898479988844,0.7191,0.488,0.0983,0.8174,高度≥5m·偏森林/郁闭木本；物候振幅大+树覆盖低·草本倾向
M3B-A537,A_fcs10_shrub,w1,123.59291173501613,46.98009272888274,落叶灌丛,否,耕地,,人工复核,,,F:\lc_work\v31_exp\data\m3\m5_geemat\m3chip2\chips\M3B-A537.png,1.9,0,,0.07185778668002003,0.2893350062735257,0.8394373673036093,0.508724832214765,0.7676,0.4273,0.0719,0.8394,高度1.5–5m·灌丛典型带；物候振幅大+树覆盖低·草本倾向
M3B-A538,A_fcs10_shrub,w1,125.45862274860396,45.856120645392394,落叶灌丛,否,农田,,AI预判读(2026-10-08),,,F:\lc_work\v31_exp\data\m3\m5_geemat\m3chip2\chips\M3B-A538.png,2.17,0,,0.07455232931440393,0.32521489971346706,0.7158371040723982,0.37551695616211744,0.6413,0.3728,0.0746,0.7158,高度1.5–5m·灌丛典型带；物候振幅大+树覆盖低·草本倾向
M3B-A539,A_fcs10_shrub,w1,123.48385625952402,46.75048334226179,落叶灌丛,否,耕地,,人工复核,,,F:\lc_work\v31_exp\data\m3\m5_geemat\m3chip2\chips\M3B-A539.png,2.03,0,,0.023141236189907436,0.1553911205073996,0.7937777777777778,0.3413452219422369,0.7706,0.3284,0.0231,0.7938,高度1.5–5m·灌丛典型带；物候振幅大+树覆盖低·草本倾向
M3B-A540,A_fcs10_shrub,w1,125.93041793582354,43.12973375808964,落叶灌丛,否,农田,,AI预判读(2026-10-08),,,F:\lc_work\v31_exp\data\m3\m5_geemat\m3chip2\chips\M3B-A540.png,6.72,0,,0.14465408805031446,0.3683357640576892,0.869076521895513,0.6851612903225807,0.7244,0.5168,0.1447,0.8691,高度≥5m·偏森林/郁闭木本；物候振幅大+树覆盖低·草本倾向
M3B-A541,A_fcs10_shrub,w1,123.03757322637344,46.07360277567773,落叶灌丛,否,海岸盐沼,,人工复核,,,F:\lc_work\v31_exp\data\m3\m5_geemat\m3chip2\chips\M3B-A541.png,1.97,0,,0.2378698224852071,0.19292276284450494,0.6894409937888198,0.3387224599778095,0.4965,0.3647,0.2379,0.6894,高度1.5–5m·灌丛典型带；物候振幅大+树覆盖低·草本倾向
M3B-A542,A_fcs10_shrub,w1,123.64842761957472,46.539469082022116,落叶灌丛,否,水体（点位落在深色泡沼/湖面上，四周为农田）,,AI预判读(2026-10-08),,,F:\lc_work\v31_exp\data\m3\m5_geemat\m3chip2\chips\M3B-A542.png,2.49,0,,0.05851063829787234,0.20451934124856377,0.5028209950418875,0.45729813664596275,0.4443,0.3058,0.0585,0.5028,高度1.5–5m·灌丛典型带；物候振幅大+树覆盖低·草本倾向
M3B-A543,A_fcs10_shrub,w1,125.24069146067657,46.3154292501627,落叶灌丛,否,农田（格状田块+积雪残斑）,,AI预判读(2026-10-08),,,F:\lc_work\v31_exp\data\m3\m5_geemat\m3chip2\chips\M3B-A543.png,2.3,0,,0.030863358259687286,0.17470456723091665,0.2909876953774526,0.18183902774592983,0.2601,0.1696,0.0309,0.291,高度1.5–5m·灌丛典型带
M3B-A544,A_fcs10_shrub,w1,122.05616377847286,46.52213159703861,落叶灌丛,否,常绿阔叶林,,人工复核,,,F:\lc_work\v31_exp\data\m3\m5_geemat\m3chip2\chips\M3B-A544.png,1.84,0,,0.2741977563266371,0.32934508816120905,0.8257216424989836,0.562379468921525,0.5515,0.4979,0.2742,0.8257,高度1.5–5m·灌丛典型带；物候振幅大+树覆盖低·草本倾向
M3B-A545,A_fcs10_shrub,w1,124.43130938968488,43.636473409861466,落叶灌丛,否,农田,,AI预判读(2026-10-08),,,F:\lc_work\v31_exp\data\m3\m5_geemat\m3chip2\chips\M3B-A545.png,1.87,0,,0.22568488186693725,0.29525787469712705,0.633833700409143,0.48747461069735953,0.4081,0.4106,0.2257,0.6338,高度1.5–5m·灌丛典型带；物候振幅大+树覆盖低·草本倾向
M3B-A546,A_fcs10_shrub,w1,124.517906983074,46.27922714421269,落叶灌丛,否,农田,,AI预判读(2026-10-08),,,F:\lc_work\v31_exp\data\m3\m5_geemat\m3chip2\chips\M3B-A546.png,4.15,0,,0.06688136178043591,0.29455040871934607,0.7093181200760663,0.5441176470588235,0.6424,0.4037,0.0669,0.7093,高度1.5–5m·灌丛典型带；物候振幅大+树覆盖低·草本倾向
M3B-A547,A_fcs10_shrub,w1,123.47649007419425,43.46803929408905,落叶灌丛,否,农田,,AI预判读(2026-10-08),,,F:\lc_work\v31_exp\data\m3\m5_geemat\m3chip2\chips\M3B-A547.png,2.61,0,,0.2749355907250644,0.3297815663292488,0.8290022457491177,0.5600199236261,0.5541,0.4984,0.2749,0.829,高度1.5–5m·灌丛典型带；物候振幅大+树覆盖低·草本倾向
M3B-A548,A_fcs10_shrub,w1,122.78182286498462,45.7847944118333,落叶灌丛,否,农田,,AI预判读(2026-10-08),,,F:\lc_work\v31_exp\data\m3\m5_geemat\m3chip2\chips\M3B-A548.png,2.15,0,,0.1411906677393403,0.140323653291953,-0.19831223628691982,0.14441747572815533,0.3427,0.0569,0.1412,-0.1983,高度1.5–5m·灌丛典型带
M3B-A549,A_fcs10_shrub,w1,125.46527028170645,44.26215000525071,落叶灌丛,否,耕地,,人工复核,,,F:\lc_work\v31_exp\data\m3\m5_geemat\m3chip2\chips\M3B-A549.png,2.99,0,,0.11365747909569526,0.29927536231884055,0.875716174526223,0.5936339522546419,0.7621,0.4706,0.1137,0.8757,高度1.5–5m·灌丛典型带；物候振幅大+树覆盖低·草本倾向
M3B-A550,A_fcs10_shrub,w1,124.20098135083663,45.82494910503345,落叶灌丛,否,农田（水田渠系）+水体,,AI预判读(2026-10-08),,,F:\lc_work\v31_exp\data\m3\m5_geemat\m3chip2\chips\M3B-A550.png,2.62,0,,0.19254128929142247,0.2306497540771421,0.6698332277812962,0.454778156996587,0.4773,0.387,0.1925,0.6698,高度1.5–5m·灌丛典型带；物候振幅大+树覆盖低·草本倾向
M3B-A551,A_fcs10_shrub,w1,122.37228092695452,45.28883454347091,落叶灌丛,否,农田,,AI预判读(2026-10-08),,,F:\lc_work\v31_exp\data\m3\m5_geemat\m3chip2\chips\M3B-A551.png,3.03,0,,0.20557753909930282,0.44984025559105434,0.7679715302491104,0.38181818181818183,0.5624,0.4513,0.2056,0.768,高度1.5–5m·灌丛典型带；物候振幅大+树覆盖低·草本倾向
M3B-A552,A_fcs10_shrub,w1,125.07001155669386,46.19882792628399,落叶灌丛,否,农田,,AI预判读(2026-10-08),,,F:\lc_work\v31_exp\data\m3\m5_geemat\m3chip2\chips\M3B-A552.png,2.21,0,,0.14169594268788316,0.22561429635145197,0.49827188940092165,0.4392523364485981,0.3566,0.3262,0.1417,0.4983,高度1.5–5m·灌丛典型带；物候振幅大+树覆盖低·草本倾向
M3B-A553,A_fcs10_shrub,w1,125.22029970372705,45.21077094528093,落叶灌丛,否,农田,,AI预判读(2026-10-08),,,F:\lc_work\v31_exp\data\m3\m5_geemat\m3chip2\chips\M3B-A553.png,1.92,0,,0.049064734110273234,0.2714421639255131,0.3981554677206851,0.32259570494864614,0.3491,0.2603,0.0491,0.3982,高度1.5–5m·灌丛典型带
M3B-A554,A_fcs10_shrub,w1,124.80321191731036,46.03892780571071,落叶灌丛,否,建成区（居民点/城镇建筑群）,,AI预判读(2026-10-08),,,F:\lc_work\v31_exp\data\m3\m5_geemat\m3chip2\chips\M3B-A554.png,4.57,0,,0.09911429776465626,0.2919623700280574,0.799637587367331,0.611358024691358,0.7005,0.4505,0.0991,0.7996,高度1.5–5m·灌丛典型带；物候振幅大+树覆盖低·草本倾向
M3B-A555,A_fcs10_shrub,w1,124.03452352868929,46.26242864839965,落叶灌丛,否,农田,,AI预判读(2026-10-08),,,F:\lc_work\v31_exp\data\m3\m5_geemat\m3chip2\chips\M3B-A555.png,2.53,0,,0.21820956256358087,0.1996481970096746,0.6667808219178082,0.43420351624933406,0.4671,0.3797,0.2182,0.6668,高度1.5–5m·灌丛典型带；物候振幅大+树覆盖低·草本倾向
M3B-A556,A_fcs10_shrub,w1,126.24617575819155,47.306630334660184,落叶灌丛,否,建成区,,AI预判读(2026-10-08),,,F:\lc_work\v31_exp\data\m3\m5_geemat\m3chip2\chips\M3B-A556.png,2.45,0,,0.061400597411218054,0.24593428476601395,0.7633333333333333,0.5351824019674819,0.7019,0.4015,0.0614,0.7633,高度1.5–5m·灌丛典型带；物候振幅大+树覆盖低·草本倾向
M3B-A557,A_fcs10_shrub,w1,126.08888075194223,43.14572377014697,落叶灌丛,否,乔木林,,AI预判读(2026-10-08),,,F:\lc_work\v31_exp\data\m3\m5_geemat\m3chip2\chips\M3B-A557.png,21.97,0,,0.18677148278666306,0.3165436387320886,0.8333996023856859,0.7135330005546312,0.6466,0.5126,0.1868,0.8334,高度≥5m·偏森林/郁闭木本；物候振幅大+树覆盖低·草本倾向
M3B-A558,A_fcs10_shrub,w1,126.14547461484175,46.82818761433813,落叶灌丛,否,农田（东北旱作农田）,,AI预判读(2026-10-08),,,F:\lc_work\v31_exp\data\m3\m5_geemat\m3chip2\chips\M3B-A558.png,2.48,0,,0.01399034294911477,0.27851644506648005,0.5336402266288952,0.3569829516101257,0.5196,0.2958,0.014,0.5336,高度1.5–5m·灌丛典型带；物候振幅大+树覆盖低·草本倾向
M3B-A559,A_fcs10_shrub,w1,123.33051384052482,44.08832599777359,落叶灌丛,否,耕地,,人工复核,,,F:\lc_work\v31_exp\data\m3\m5_geemat\m3chip2\chips\M3B-A559.png,2.48,0,,0.22366522366522368,0.4001759014951627,0.7700164744645799,0.39695121951219514,0.5464,0.4477,0.2237,0.77,高度1.5–5m·灌丛典型带；物候振幅大+树覆盖低·草本倾向
M3B-A560,A_fcs10_shrub,w1,122.98133868958756,45.03056889928655,落叶灌丛,否,农田,,AI预判读(2026-10-08),,,F:\lc_work\v31_exp\data\m3\m5_geemat\m3chip2\chips\M3B-A560.png,3.34,0,,0.16560347027302882,0.15099933059194798,0.23576325731075976,0.18991097922848665,0.0848,0.1856,0.1656,0.2358,高度1.5–5m·灌丛典型带
M3B-A561,A_fcs10_shrub,w1,122.66432322582178,43.39886901721185,落叶灌丛,否,建成区（村镇居民点，周围沙地灌草）,,AI预判读(2026-10-08),,,F:\lc_work\v31_exp\data\m3\m5_geemat\m3chip2\chips\M3B-A561.png,1.77,0,,0.253513209668353,0.3704558568955568,0.6700976510952757,0.5066811123149151,0.4166,0.4502,0.2535,0.6701,高度1.5–5m·灌丛典型带；物候振幅大+树覆盖低·草本倾向
M3B-A562,A_fcs10_shrub,w1,122.37865896547177,46.633882018383076,落叶灌丛,否,耕地,,人工复核,,,F:\lc_work\v31_exp\data\m3\m5_geemat\m3chip2\chips\M3B-A562.png,1.52,0,,0.10345191597170907,0.27179352120094813,0.6426735218508998,0.42732979237083535,0.5392,0.3613,0.1035,0.6427,高度1.5–5m·灌丛典型带；物候振幅大+树覆盖低·草本倾向
M3B-A563,A_fcs10_shrub,w1,124.5411733489327,43.00064585176167,落叶灌丛,否,裸地,,人工复核,,,F:\lc_work\v31_exp\data\m3\m5_geemat\m3chip2\chips\M3B-A563.png,3.75,0,,0.2701674277016743,0.33527696793002915,0.7681641708264004,0.44367716875269747,0.498,0.4543,0.2702,0.7682,高度1.5–5m·灌丛典型带；物候振幅大+树覆盖低·草本倾向
M3B-A564,A_fcs10_shrub,w1,124.62759127926499,46.608280032785665,落叶灌丛,否,水体,,AI预判读(2026-10-08),,,F:\lc_work\v31_exp\data\m3\m5_geemat\m3chip2\chips\M3B-A564.png,2.59,0,,0.05803938541441246,0.34749153585718684,0.6645403377110695,0.4138354482194024,0.6065,0.371,0.058,0.6645,高度1.5–5m·灌丛典型带；物候振幅大+树覆盖低·草本倾向
M3B-A565,A_fcs10_shrub,w1,124.06237130249698,43.73906101530792,落叶灌丛,否,农田,,AI预判读(2026-10-08),,,F:\lc_work\v31_exp\data\m3\m5_geemat\m3chip2\chips\M3B-A565.png,2.22,0,,0.21900584795321637,0.3258039215686275,0.7710402509147936,0.5097629009762901,0.552,0.4564,0.219,0.771,高度1.5–5m·灌丛典型带；物候振幅大+树覆盖低·草本倾向
M3B-A566,A_fcs10_shrub,w1,123.83689416618299,43.97397046210517,落叶灌丛,否,农田,,AI预判读(2026-10-08),,,F:\lc_work\v31_exp\data\m3\m5_geemat\m3chip2\chips\M3B-A566.png,2.35,0,,0.21637744034707157,0.28663822760423835,0.6666151229318077,0.2811948723979772,0.4502,0.3627,0.2164,0.6666,高度1.5–5m·灌丛典型带；物候振幅大+树覆盖低·草本倾向
M3B-A567,A_fcs10_shrub,w1,122.43552232295654,46.49500247545819,落叶灌丛,否,建成区,,AI预判读(2026-10-08),,,F:\lc_work\v31_exp\data\m3\m5_geemat\m3chip2\chips\M3B-A567.png,1.86,0,,0.05127905618502512,0.2764163372859025,0.7369711833231146,0.291970802919708,0.6857,0.3392,0.0513,0.737,高度1.5–5m·灌丛典型带；物候振幅大+树覆盖低·草本倾向
M3B-A568,A_fcs10_shrub,w1,123.04431059100433,43.966424613718566,落叶灌丛,是,,,AI预判读(2026-10-08),,,F:\lc_work\v31_exp\data\m3\m5_geemat\m3chip2\chips\M3B-A568.png,2.53,0,,0.25120606478290836,0.4108839619925137,0.7559912854030502,0.41575274177467597,0.5048,0.4585,0.2512,0.756,高度1.5–5m·灌丛典型带；物候振幅大+树覆盖低·草本倾向
M3B-A569,A_fcs10_shrub,w1,123.89573381729282,45.41810211285571,落叶灌丛,否,草地（沼泽化草甸·塔头斑块）,,AI预判读(2026-10-08),,,F:\lc_work\v31_exp\data\m3\m5_geemat\m3chip2\chips\M3B-A569.png,2.34,0,,0.13166360294117646,0.17810371922472498,0.39793629430237776,0.3700962250185048,0.2663,0.2694,0.1317,0.3979,高度1.5–5m·灌丛典型带
M3B-A570,A_fcs10_shrub,w1,125.15957359052058,43.16458839111348,落叶灌丛,否,常绿阔叶林,,人工复核,,,F:\lc_work\v31_exp\data\m3\m5_geemat\m3chip2\chips\M3B-A570.png,5.0,0,,0.21955636034404707,0.315210355987055,0.7776862906545904,0.6919552620940574,0.5581,0.5011,0.2196,0.7777,高度≥5m·偏森林/郁闭木本；物候振幅大+树覆盖低·草本倾向
M3B-A571,A_fcs10_shrub,w1,122.7464292427903,45.51296420685873,落叶灌丛,否,农田,,AI预判读(2026-10-08),,,F:\lc_work\v31_exp\data\m3\m5_geemat\m3chip2\chips\M3B-A571.png,2.91,0,,0.2972686290108724,0.4187992125984252,0.7746039989613087,0.5376081650765476,0.4773,0.5071,0.2973,0.7746,高度1.5–5m·灌丛典型带；物候振幅大+树覆盖低·草本倾向
M3B-A572,A_fcs10_shrub,w1,124.78883887276444,47.14825735006991,落叶灌丛,否,农田,,AI预判读(2026-10-08),,,F:\lc_work\v31_exp\data\m3\m5_geemat\m3chip2\chips\M3B-A572.png,2.75,0,,0.08008317056266145,0.276513191929643,0.5950837385197191,0.3612217795484728,0.515,0.3282,0.0801,0.5951,高度1.5–5m·灌丛典型带；物候振幅大+树覆盖低·草本倾向
M3B-A573,A_fcs10_shrub,w1,124.62624380633882,47.44694718203965,落叶灌丛,否,农田（水稻）,,AI预判读(2026-10-08),,,F:\lc_work\v31_exp\data\m3\m5_geemat\m3chip2\chips\M3B-A573.png,2.91,0,,0.08772134883992753,0.33625602805786936,0.712164477441462,0.42133408387278354,0.6244,0.3894,0.0877,0.7122,高度1.5–5m·灌丛典型带；物候振幅大+树覆盖低·草本倾向
M3B-A574,A_fcs10_shrub,w1,124.08626648905457,44.81245794830233,落叶灌丛,否,农田,,AI预判读(2026-10-08),,,F:\lc_work\v31_exp\data\m3\m5_geemat\m3chip2\chips\M3B-A574.png,2.79,0,24,0.09982398793060096,0.3780767466748204,0.6388323150033944,0.48497854077253216,0.539,0.4004,0.0998,0.6388,高度1.5–5m·灌丛典型带；物候振幅大+树覆盖低·草本倾向
M3B-A575,A_fcs10_shrub,w1,125.9587148672733,45.20008099339991,落叶灌丛,否,农田（规则田块与村落，含滩地水塘）,,AI预判读(2026-10-08),,,F:\lc_work\v31_exp\data\m3\m5_geemat\m3chip2\chips\M3B-A575.png,2.75,0,,0.03516372009522695,0.30159256801592566,0.6069266980497646,0.4058981233243968,0.5718,0.3374,0.0352,0.6069,高度1.5–5m·灌丛典型带；物候振幅大+树覆盖低·草本倾向
M3B-A576,A_fcs10_shrub,w1,125.12777322946275,45.52194735969993,落叶灌丛,否,农田,,AI预判读(2026-10-08),,,F:\lc_work\v31_exp\data\m3\m5_geemat\m3chip2\chips\M3B-A576.png,2.65,0,,0.08517268242015061,0.3060226230510547,0.7969738651994498,0.521948608137045,0.7118,0.4275,0.0852,0.797,高度1.5–5m·灌丛典型带；物候振幅大+树覆盖低·草本倾向
M3B-A577,A_fcs10_shrub,w1,122.26502208203065,43.97980951145195,落叶灌丛,否,农田,,AI预判读(2026-10-08),,,F:\lc_work\v31_exp\data\m3\m5_geemat\m3chip2\chips\M3B-A577.png,4.33,0,,0.26852230863692184,0.500226483466707,0.6924540266328472,0.47319655857048315,0.4239,0.4836,0.2685,0.6925,高度1.5–5m·灌丛典型带；物候振幅大+树覆盖低·草本倾向
M3B-A578,A_fcs10_shrub,w1,125.44523785087058,46.91774964816484,落叶灌丛,否,农田,,AI预判读(2026-10-08),,,F:\lc_work\v31_exp\data\m3\m5_geemat\m3chip2\chips\M3B-A578.png,1.65,0,,0.028451403475272103,0.2719060523938573,0.8045292014302742,0.4950576606260296,0.7761,0.4,0.0285,0.8045,高度1.5–5m·灌丛典型带；物候振幅大+树覆盖低·草本倾向
M3B-A579,A_fcs10_shrub,w1,122.96912160172353,43.41818279582042,落叶灌丛,否,农田（规则田块+灌溉条带）,,AI预判读(2026-10-08),,,F:\lc_work\v31_exp\data\m3\m5_geemat\m3chip2\chips\M3B-A579.png,2.42,0,,0.23207227555053642,0.2875699888017917,0.7392743174565655,0.442550505050505,0.5072,0.4254,0.2321,0.7393,高度1.5–5m·灌丛典型带；物候振幅大+树覆盖低·草本倾向
M3B-A580,A_fcs10_shrub,w1,125.93517900682937,45.548088334467806,落叶灌丛,否,农田/湿地（水田渠系，含水体）,,AI预判读(2026-10-08),,,F:\lc_work\v31_exp\data\m3\m5_geemat\m3chip2\chips\M3B-A580.png,1.53,0,,0.029008863819500404,0.20637958532695375,0.33271028037383177,0.3031982942430704,0.3037,0.2178,0.029,0.3327,高度1.5–5m·灌丛典型带
M3B-A581,A_fcs10_shrub,w1,122.34569079454458,44.14249440940599,落叶灌丛,否,其他（湿地水体/沙地与农田镶嵌）,,AI预判读(2026-10-08),,,F:\lc_work\v31_exp\data\m3\m5_geemat\m3chip2\chips\M3B-A581.png,2.12,0,,0.25229638701775875,0.47869926896899423,0.6444174757281553,0.35372636262513907,0.3921,0.4323,0.2523,0.6444,高度1.5–5m·灌丛典型带；物候振幅大+树覆盖低·草本倾向
M3B-A582,A_fcs10_shrub,w1,123.07350583773822,46.13846113919116,落叶灌丛,否,农田,,AI预判读(2026-10-08),,,F:\lc_work\v31_exp\data\m3\m5_geemat\m3chip2\chips\M3B-A582.png,1.74,0,,0.2510715091360253,0.24615384615384617,0.57407104272385,0.29958246346555323,0.3279,0.3427,0.2511,0.5741,高度1.5–5m·灌丛典型带
M3B-A583,A_fcs10_shrub,w1,126.13343719003454,47.16981691688878,落叶灌丛,否,农田,,AI预判读(2026-10-08),,,F:\lc_work\v31_exp\data\m3\m5_geemat\m3chip2\chips\M3B-A583.png,4.12,0,,0.019381546760333688,0.27356181150550796,0.7742325356538554,0.48758630821213456,0.7549,0.3887,0.0194,0.7742,高度1.5–5m·灌丛典型带；物候振幅大+树覆盖低·草本倾向
M3B-A584,A_fcs10_shrub,w1,122.35548243114148,46.91810897427849,落叶灌丛,否,常绿阔叶林,,人工复核,,,F:\lc_work\v31_exp\data\m3\m5_geemat\m3chip2\chips\M3B-A584.png,2.84,0,,0.20804597701149424,0.37550138846035175,0.8120531154239019,0.4800810263335584,0.604,0.4689,0.208,0.8121,高度1.5–5m·灌丛典型带；物候振幅大+树覆盖低·草本倾向
M3B-A585,A_fcs10_shrub,w1,122.19953489781834,44.81820716612069,落叶灌丛,是,,,AI预判读(2026-10-08),,,F:\lc_work\v31_exp\data\m3\m5_geemat\m3chip2\chips\M3B-A585.png,3.99,0,,0.2645419164825918,0.40819964349376114,0.7831558567279767,0.6841151965223692,0.5186,0.535,0.2645,0.7832,高度1.5–5m·灌丛典型带；物候振幅大+树覆盖低·草本倾向
M3B-A586,A_fcs10_shrub,w1,124.72362118313737,45.30940596347725,落叶灌丛,否,农田,,AI预判读(2026-10-08),,,F:\lc_work\v31_exp\data\m3\m5_geemat\m3chip2\chips\M3B-A586.png,3.79,0,,0.13168505135032332,0.3473882945248584,0.777529969333705,0.39453484801965,0.6458,0.4128,0.1317,0.7775,高度1.5–5m·灌丛典型带；物候振幅大+树覆盖低·草本倾向
M3B-A587,A_fcs10_shrub,w1,124.81839344561197,45.78659104240154,落叶灌丛,否,湿地,,AI预判读(2026-10-08),,,F:\lc_work\v31_exp\data\m3\m5_geemat\m3chip2\chips\M3B-A587.png,2.52,0,,0.18061674008810572,0.260836788541274,0.7401901048013648,0.42391304347826086,0.5596,0.4014,0.1806,0.7402,高度1.5–5m·灌丛典型带；物候振幅大+树覆盖低·草本倾向
M3B-A588,A_fcs10_shrub,w1,126.12526252094906,43.06244994330909,落叶灌丛,否,草地,,人工复核,,,F:\lc_work\v31_exp\data\m3\m5_geemat\m3chip2\chips\M3B-A588.png,3.44,37,,0.046595646132468735,0.5342874180083482,0.7790406910661514,0.6405186385737439,0.7324,0.5001,0.0466,0.779,高度1.5–5m·灌丛典型带
M3B-A589,A_fcs10_shrub,w1,123.10629434560859,43.42411167669561,落叶灌丛,否,农田,,AI预判读(2026-10-08),,,F:\lc_work\v31_exp\data\m3\m5_geemat\m3chip2\chips\M3B-A589.png,2.79,0,,0.24684044233807267,0.3440366972477064,0.7170824123776445,0.48536656041727033,0.4702,0.4483,0.2468,0.7171,高度1.5–5m·灌丛典型带；物候振幅大+树覆盖低·草本倾向
M3B-A590,A_fcs10_shrub,w1,123.52490926800829,44.26313815206324,落叶灌丛,否,农田,,AI预判读(2026-10-08),,,F:\lc_work\v31_exp\data\m3\m5_geemat\m3chip2\chips\M3B-A590.png,2.46,0,,0.1488759072402195,0.3899911163754812,0.7541218637992831,0.3549851580233979,0.6052,0.412,0.1489,0.7541,高度1.5–5m·灌丛典型带；物候振幅大+树覆盖低·草本倾向
M3B-A591,A_fcs10_shrub,w1,123.24715018215852,44.91504555374878,落叶灌丛,否,农田,,AI预判读(2026-10-08),,,F:\lc_work\v31_exp\data\m3\m5_geemat\m3chip2\chips\M3B-A591.png,2.72,0,,0.11106695807669383,0.23224508742070246,0.4425770308123249,0.2883156297420334,0.3315,0.2686,0.1111,0.4426,高度1.5–5m·灌丛典型带
M3B-A592,A_fcs10_shrub,w1,123.4829579442399,47.356307169872,落叶灌丛,否,耕地,,人工复核,,,F:\lc_work\v31_exp\data\m3\m5_geemat\m3chip2\chips\M3B-A592.png,1.44,0,,0.04410415637569685,0.28060956384655805,0.6728439059158945,0.43599493029150826,0.6287,0.3584,0.0441,0.6728,高度<1.5m·偏草本/低矮；物候振幅大+树覆盖低·草本倾向
M3B-A593,A_fcs10_shrub,w1,125.27536643064359,47.34400025047955,落叶灌丛,否,农田,,AI预判读(2026-10-08),,,F:\lc_work\v31_exp\data\m3\m5_geemat\m3chip2\chips\M3B-A593.png,4.29,0,,0.047471374045801526,0.28855869242199106,0.638903960933261,0.31145403173223213,0.5914,0.3216,0.0475,0.6389,高度1.5–5m·灌丛典型带；物候振幅大+树覆盖低·草本倾向
M3B-A594,A_fcs10_shrub,w1,122.38333020494919,46.120764328094005,落叶灌丛,否,耕地,,人工复核,,,F:\lc_work\v31_exp\data\m3\m5_geemat\m3chip2\chips\M3B-A594.png,2.78,0,,0.19124328789756298,0.26948307530831805,0.6994456495541094,0.5604203152364273,0.5082,0.4301,0.1912,0.6994,高度1.5–5m·灌丛典型带；物候振幅大+树覆盖低·草本倾向
M3B-A595,A_fcs10_shrub,w1,123.33374777554765,45.61725861134501,落叶灌丛,否,农田,,AI预判读(2026-10-08),,,F:\lc_work\v31_exp\data\m3\m5_geemat\m3chip2\chips\M3B-A595.png,2.37,0,,0.2782544741358176,0.3142715067130781,0.7688900818682056,0.41543672876844906,0.4906,0.4442,0.2783,0.7689,高度1.5–5m·灌丛典型带；物候振幅大+树覆盖低·草本倾向
M3B-A596,A_fcs10_shrub,w1,124.9094826154217,46.95080765062044,落叶灌丛,否,农田,,AI预判读(2026-10-08),,,F:\lc_work\v31_exp\data\m3\m5_geemat\m3chip2\chips\M3B-A596.png,2.55,0,,0.02901062959934587,0.2104978354978355,0.45766463752075265,0.28460155781905333,0.4287,0.2454,0.029,0.4577,高度1.5–5m·灌丛典型带；物候振幅大+树覆盖低·草本倾向
M3B-A597,A_fcs10_shrub,w1,122.57916293688724,45.56919874364462,落叶灌丛,否,农田,,AI预判读(2026-10-08),,,F:\lc_work\v31_exp\data\m3\m5_geemat\m3chip2\chips\M3B-A597.png,2.65,0,,0.2122389509470617,0.34445534838076547,0.694024645431295,0.45824255628177196,0.4818,0.4272,0.2122,0.694,高度1.5–5m·灌丛典型带；物候振幅大+树覆盖低·草本倾向
M3B-A598,A_fcs10_shrub,w1,124.90148760939303,47.37867522044657,落叶灌丛,否,农田,,AI预判读(2026-10-08),,,F:\lc_work\v31_exp\data\m3\m5_geemat\m3chip2\chips\M3B-A598.png,1.49,0,,0.06225275869248387,0.3133402275077559,0.7685834502103787,0.4154469714028372,0.7063,0.3899,0.0623,0.7686,高度<1.5m·偏草本/低矮；物候振幅大+树覆盖低·草本倾向
M3B-A599,A_fcs10_shrub,w1,123.96202948526084,44.990683700671646,落叶灌丛,否,农田,,AI预判读(2026-10-08),,,F:\lc_work\v31_exp\data\m3\m5_geemat\m3chip2\chips\M3B-A599.png,2.61,0,,0.17004822127194977,0.3307877245085561,0.7593505363873586,0.4947447447447447,0.5893,0.4387,0.17,0.7594,高度1.5–5m·灌丛典型带；物候振幅大+树覆盖低·草本倾向
M3B-B000,B_control_base,w3,113.0531132537344,27.31448893928761,草本旱地,否,其他,,AI预判读(2026-10-08),,,F:\lc_work\v31_exp\data\m3\m5_geemat\m3chip2\chips\M3B-B000.png,12.79,0,,0.27053364269141533,0.30440967283072545,0.6213759598808964,0.41730382293762575,0.3508,0.4034,0.2705,0.6214,高度≥5m·偏森林/郁闭木本；物候振幅大+树覆盖低·草本倾向
M3B-B001,B_control_base,w4,106.74774844297109,40.90348390522044,草本旱地,否,农田,,AI预判读(2026-10-08),,,F:\lc_work\v31_exp\data\m3\m5_geemat\m3chip2\chips\M3B-B001.png,3.12,0,,0.0741897696212417,0.07296482412060301,0.6544459644322845,0.09087012430347192,0.5815,0.2231,0.0742,0.6544,高度1.5–5m·灌丛典型带；物候振幅大+树覆盖低·草本倾向
M3B-B002,B_control_base,w2,107.70499320972884,35.291259167683734,草本旱地,否,农田,,AI预判读(2026-10-08),,,F:\lc_work\v31_exp\data\m3\m5_geemat\m3chip2\chips\M3B-B002.png,1.25,0,,0.2577754348972061,0.3867973182052604,0.6447729169150077,0.5189873417721519,0.387,0.4521,0.2578,0.6448,高度<1.5m·偏草本/低矮；物候振幅大+树覆盖低·草本倾向
M3B-B003,B_control_base,w3,111.21381270949968,28.005742550417587,草本旱地,否,耕地,,人工复核,,,F:\lc_work\v31_exp\data\m3\m5_geemat\m3chip2\chips\M3B-B003.png,8.55,0,,0.2776778833804264,0.28958430639887905,0.6454711802378774,0.6035940803382663,0.3678,0.4541,0.2777,0.6455,高度≥5m·偏森林/郁闭木本；物候振幅大+树覆盖低·草本倾向
M3B-B004,B_control_base,w3,112.46857949835784,26.95201872214539,草本旱地,否,裸地,,人工复核,,,F:\lc_work\v31_exp\data\m3\m5_geemat\m3chip2\chips\M3B-B004.png,4.69,12,,0.2526168876482903,0.31686358754027927,0.5481491239625873,0.43816404589885255,0.2955,0.3889,0.2526,0.5481,高度1.5–5m·灌丛典型带
M3B-B005,B_control_base,w3,111.36068725845324,24.892541101772974,草本旱地,否,乔木林,,AI预判读(2026-10-08),,,F:\lc_work\v31_exp\data\m3\m5_geemat\m3chip2\chips\M3B-B005.png,11.76,0,,0.38421310671678377,,0.5379673647693691,0.5992656700760556,0.2151,0.5071,0.3842,0.538,高度≥5m·偏森林/郁闭木本
M3B-B006,B_control_base,w2,108.97242624409309,34.708072885233335,草本旱地,否,农田,,AI预判读(2026-10-08),,,F:\lc_work\v31_exp\data\m3\m5_geemat\m3chip2\chips\M3B-B006.png,3.98,0,,0.3380202474690664,0.49513863881886927,0.5046718450973771,0.3699570815450644,0.1667,0.4269,0.338,0.5047,高度1.5–5m·灌丛典型带
M3B-B007,B_control_base,w3,113.69127643157292,23.89352467430365,草本旱地,否,乔木林,,AI预判读(2026-10-08),,,F:\lc_work\v31_exp\data\m3\m5_geemat\m3chip2\chips\M3B-B007.png,6.55,0,,0.4588235294117647,0.6428462127008416,0.7294269711331323,0.7787031528851874,0.3199,0.6524,0.4588,0.7294,高度≥5m·偏森林/郁闭木本
M3B-B008,B_control_base,w3,112.60413527473148,23.741260233645395,草本旱地,否,乔木林,,AI预判读(2026-10-08),,,F:\lc_work\v31_exp\data\m3\m5_geemat\m3chip2\chips\M3B-B008.png,6.52,38,,0.37202230106436895,0.292591668745323,0.6238461538461538,0.6310340816563917,0.3384,0.4799,0.372,0.6238,高度≥5m·偏森林/郁闭木本
M3B-B009,B_control_base,w3,109.80273906120476,24.58962918796787,草本旱地,否,农田,,AI预判读(2026-10-08),,,F:\lc_work\v31_exp\data\m3\m5_geemat\m3chip2\chips\M3B-B009.png,10.64,0,,0.43171314741035854,0.44928409947249437,0.6415247364152473,0.7477434107594175,0.316,0.5676,0.4317,0.6415,高度≥5m·偏森林/郁闭木本
M3B-B010,B_control_base,w4,106.23058833390348,37.54342541649978,草本旱地,否,农田,,AI预判读(2026-10-08),,,F:\lc_work\v31_exp\data\m3\m5_geemat\m3chip2\chips\M3B-B010.png,1.02,0,,0.10544611819235226,0.08269961977186312,0.6597710383611167,0.14208333333333334,0.5771,0.2475,0.1054,0.6598,高度<1.5m·偏草本/低矮；物候振幅大+树覆盖低·草本倾向
M3B-B011,B_control_base,w1,124.78556002197742,47.173275430732645,草本旱地,否,耕地,,人工复核,,,F:\lc_work\v31_exp\data\m3\m5_geemat\m3chip2\chips\M3B-B011.png,3.48,0,,0.01810040363269425,0.15598885793871867,0.7989668532070598,0.35709436524100474,0.7809,0.3325,0.0181,0.799,高度1.5–5m·灌丛典型带；物候振幅大+树覆盖低·草本倾向
M3B-B012,B_control_base,w2,108.09198743412752,33.00729255780985,草本旱地,否,乔木林,,AI预判读(2026-10-08),,,F:\lc_work\v31_exp\data\m3\m5_geemat\m3chip2\chips\M3B-B012.png,15.34,0,,0.31254429482636426,0.38412209824291393,0.5647547089496648,0.4990145841545132,0.2522,0.4401,0.3125,0.5648,高度≥5m·偏森林/郁闭木本
M3B-B013,B_control_base,w3,111.95788725933588,23.81052034205101,草本旱地,否,乔木林,,AI预判读(2026-10-08),,,F:\lc_work\v31_exp\data\m3\m5_geemat\m3chip2\chips\M3B-B013.png,14.93,0,,0.23570595099183198,,0.5036835982939124,0.5121472392638037,0.2764,0.4172,0.2357,0.5037,高度≥5m·偏森林/郁闭木本
M3B-B014,B_control_base,w2,108.1030367121222,35.00074400479948,草本旱地,是,,,AI预判读(2026-10-08),,,F:\lc_work\v31_exp\data\m3\m5_geemat\m3chip2\chips\M3B-B014.png,3.95,0,,0.20450704225352112,0.12308007372516895,0.8141112618724559,0.39660876757650954,0.691,0.3846,0.2045,0.8141,高度1.5–5m·灌丛典型带；物候振幅大+树覆盖低·草本倾向
M3B-B015,B_control_base,w1,126.2570004573652,47.30020738037873,草本旱地,否,农田,,AI预判读(2026-10-08),,,F:\lc_work\v31_exp\data\m3\m5_geemat\m3chip2\chips\M3B-B015.png,2.36,0,,0.02490120093619307,0.17119764878765614,0.8486687306501548,0.49185456899341895,0.8238,0.3842,0.0249,0.8487,高度1.5–5m·灌丛典型带；物候振幅大+树覆盖低·草本倾向
M3B-B016,B_control_base,w1,123.33945207760182,44.07354871134982,草本旱地,否,农田,,AI预判读(2026-10-08),,,F:\lc_work\v31_exp\data\m3\m5_geemat\m3chip2\chips\M3B-B016.png,2.36,0,,0.16777787925837975,0.166728280961183,0.4525674499564839,0.3890328151986183,0.2858,0.294,0.1678,0.4526,高度1.5–5m·灌丛典型带
M3B-B017,B_control_base,w3,111.18632426180562,24.212875757808145,草本旱地,否,乔木林（与村庄镶嵌）,,AI预判读(2026-10-08),,,F:\lc_work\v31_exp\data\m3\m5_geemat\m3chip2\chips\M3B-B017.png,10.44,0,,0.3070983810709838,,0.6605344434000269,0.5709677419354838,0.3534,0.5129,0.3071,0.6605,高度≥5m·偏森林/郁闭木本；物候振幅大+树覆盖低·草本倾向
M3B-B018,B_control_base,w3,109.60412155188592,26.73022467849628,草本旱地,否,农田,,AI预判读(2026-10-08),,,F:\lc_work\v31_exp\data\m3\m5_geemat\m3chip2\chips\M3B-B018.png,14.69,0,,0.28972953862471273,0.5654457135355127,0.6006982325987344,0.5837251356238699,0.311,0.5099,0.2897,0.6007,高度≥5m·偏森林/郁闭木本
M3B-B019,B_control_base,w4,105.72016558946676,39.32801855993162,草本旱地,否,农田,,AI预判读(2026-10-08),,,F:\lc_work\v31_exp\data\m3\m5_geemat\m3chip2\chips\M3B-B019.png,2.68,0,,0.1452366788476247,0.10226634201161267,0.7597001763668431,0.5040889761203795,0.6574,0.3778,0.1452,0.7597,高度1.5–5m·灌丛典型带；物候振幅大+树覆盖低·草本倾向
M3B-B020,B_control_base,w3,113.8580935798339,25.404311319135864,草本旱地,否,乔木林,,AI预判读(2026-10-08),,,F:\lc_work\v31_exp\data\m3\m5_geemat\m3chip2\chips\M3B-B020.png,18.31,0,,0.366751269035533,0.2170697012802276,0.36019993751952517,0.5821727019498607,0.3651,0.3815,0.3668,0.3602,高度≥5m·偏森林/郁闭木本；物候振幅大+树覆盖低·草本倾向
M3B-B021,B_control_base,w3,112.61195061770331,23.00958243473004,灌溉耕地,否,耕地,,人工复核,,,F:\lc_work\v31_exp\data\m3\m5_geemat\m3chip2\chips\M3B-B021.png,2.38,0,,0.391304347826087,0.437567084078712,0.470995318542642,0.5925215723873442,0.2012,0.4731,0.3913,0.471,高度1.5–5m·灌丛典型带
M3B-B022,B_control_base,w3,113.20968960775645,28.67867052975152,灌溉耕地,否,农田,,AI预判读(2026-10-08),,,F:\lc_work\v31_exp\data\m3\m5_geemat\m3chip2\chips\M3B-B022.png,8.36,0,,0.42972923190274454,0.5526224383466481,0.7732884399551067,0.5886939571150097,0.3436,0.5861,0.4297,0.7733,高度≥5m·偏森林/郁闭木本
M3B-B023,B_control_base,w1,125.91824576372372,45.55792488682892,灌溉耕地,否,农田,,AI预判读(2026-10-08),,,F:\lc_work\v31_exp\data\m3\m5_geemat\m3chip2\chips\M3B-B023.png,1.45,0,,0.0554524840239126,0.13206808843670514,0.35383567862006354,0.2654462242562929,0.2984,0.2017,0.0555,0.3538,高度<1.5m·偏草本/低矮
M3B-B024,B_control_base,w3,109.73509592031054,27.694745799055408,灌溉耕地,否,裸地,,AI预判读(2026-10-08),,,F:\lc_work\v31_exp\data\m3\m5_geemat\m3chip2\chips\M3B-B024.png,24.96,0,,0.3921450151057402,0.32043307993549874,0.49003359462486,0.5602675394905365,0.2398,0.4407,0.3921,0.49,高度≥5m·偏森林/郁闭木本
M3B-B025,B_control_base,w3,112.02364393813345,25.48515969470662,灌溉耕地,否,农田,,AI预判读(2026-10-08),,,F:\lc_work\v31_exp\data\m3\m5_geemat\m3chip2\chips\M3B-B025.png,16.06,0,,0.19858384293530737,0.6799658630253894,0.5010716837342224,0.39211267605633804,0.4814,0.4429,0.1986,0.5011,高度≥5m·偏森林/郁闭木本；物候振幅大+树覆盖低·草本倾向
M3B-B026,B_control_base,w2,106.7652655910114,31.782709162498115,灌溉耕地,否,耕地,,人工复核,,,F:\lc_work\v31_exp\data\m3\m5_geemat\m3chip2\chips\M3B-B026.png,11.0,0,,0.46166306695464365,0.42007653812187223,0.656832298136646,0.568646080760095,0.2368,0.5268,0.4617,0.6568,高度≥5m·偏森林/郁闭木本
M3B-B027,B_control_base,w3,112.16593707913796,27.392911863591248,灌溉耕地,否,乔木林,,AI预判读(2026-10-08),,,F:\lc_work\v31_exp\data\m3\m5_geemat\m3chip2\chips\M3B-B027.png,14.79,0,,0.29184188393608074,0.3180907877169559,0.7316814908936892,0.41566962562717097,0.4398,0.4393,0.2918,0.7317,高度≥5m·偏森林/郁闭木本；物候振幅大+树覆盖低·草本倾向
M3B-B028,B_control_base,w2,108.3722618027728,33.000285698593714,灌溉耕地,否,乔木林,,AI预判读(2026-10-08),,,F:\lc_work\v31_exp\data\m3\m5_geemat\m3chip2\chips\M3B-B028.png,12.53,0,,0.37658227848101267,0.3471015524854009,0.7109796862946773,0.3719565855089469,0.3639,0.4517,0.3766,0.711,高度≥5m·偏森林/郁闭木本；物候振幅大+树覆盖低·草本倾向
M3B-B029,B_control_base,w3,110.07250314102583,27.23741348791016,灌溉耕地,否,乔木林,,AI预判读(2026-10-08),,,F:\lc_work\v31_exp\data\m3\m5_geemat\m3chip2\chips\M3B-B029.png,14.98,0,,0.6188029020556227,0.650208986415883,0.5537234042553192,0.6220562894887995,0.0965,0.6112,0.6188,0.5537,高度≥5m·偏森林/郁闭木本
M3B-B030,B_control_base,w3,112.60036235053816,27.93405699074485,灌溉耕地,否,农田,,AI预判读(2026-10-08),,,F:\lc_work\v31_exp\data\m3\m5_geemat\m3chip2\chips\M3B-B030.png,5.2,0,,0.32550066755674234,0.6644295302013423,0.7021798365122616,0.44680851063829785,0.3767,0.5347,0.3255,0.7022,高度≥5m·偏森林/郁闭木本；物候振幅大+树覆盖低·草本倾向
M3B-B031,B_control_base,w1,123.02468240204634,46.08936820891402,灌溉耕地,否,农田,,AI预判读(2026-10-08),,,F:\lc_work\v31_exp\data\m3\m5_geemat\m3chip2\chips\M3B-B031.png,1.92,0,,0.16440422322775264,0.14590899380474256,0.842619184376795,0.5212882096069869,0.6967,0.4186,0.1644,0.8426,高度1.5–5m·灌丛典型带；物候振幅大+树覆盖低·草本倾向
M3B-B032,B_control_base,w3,112.45995567163028,26.92318280152515,灌溉耕地,否,乔木林,,AI预判读(2026-10-08),,,F:\lc_work\v31_exp\data\m3\m5_geemat\m3chip2\chips\M3B-B032.png,6.29,0,,0.30973451327433627,0.627255756067206,0.6308943089430894,0.5796470318588127,0.3212,0.5369,0.3097,0.6309,高度≥5m·偏森林/郁闭木本
M3B-B033,B_control_base,w1,126.15001110702656,43.048391309112624,灌溉耕地,否,农田,,AI预判读(2026-10-08),,,F:\lc_work\v31_exp\data\m3\m5_geemat\m3chip2\chips\M3B-B033.png,2.42,0,,0.008844122343692421,0.16064757160647572,0.2991150442477876,0.3404885270170244,0.3316,0.2023,0.0088,0.2991,高度1.5–5m·灌丛典型带
M3B-B034,B_control_base,w3,112.5893130725435,23.010929907656223,灌溉耕地,否,农田,,AI预判读(2026-10-08),,,F:\lc_work\v31_exp\data\m3\m5_geemat\m3chip2\chips\M3B-B034.png,2.19,0,,0.5665131400704416,0.5220662549129702,0.5346192440628833,0.496206373292868,0.0703,0.5299,0.5665,0.5346,高度1.5–5m·灌丛典型带
M3B-B035,B_control_base,w1,125.05963601516228,46.189081205451295,灌溉耕地,否,草地（盐碱湿地草甸，冬季无植被）,,AI预判读(2026-10-08),,,F:\lc_work\v31_exp\data\m3\m5_geemat\m3chip2\chips\M3B-B035.png,2.04,0,,0.046879386170113224,0.14614525139664805,0.8408367439745339,0.5366365995304584,0.794,0.3926,0.0469,0.8408,高度1.5–5m·灌丛典型带；物候振幅大+树覆盖低·草本倾向
M3B-B036,B_control_base,,112.57988076206024,22.99233478127495,灌溉耕地,否,耕地,,人工复核,,,F:\lc_work\v31_exp\data\m3\m5_geemat\m3chip2\chips\M3B-B036.png,3.23,0,,0.6283566058002148,0.5572679509632225,0.7105516871987145,0.7242181141727706,0.167,0.6551,0.6284,0.7106,高度1.5–5m·灌丛典型带
M3B-B037,B_control_base,w2,107.1560327396034,34.71561873361994,灌溉耕地,否,农田,,AI预判读(2026-10-08),,,F:\lc_work\v31_exp\data\m3\m5_geemat\m3chip2\chips\M3B-B037.png,4.71,0,,0.4754054054054054,0.6038781163434903,0.23131591013296654,0.2374657832163089,0.3726,0.387,0.4754,0.2313,高度1.5–5m·灌丛典型带；物候振幅大+树覆盖低·草本倾向
M3B-B038,B_control_base,w1,125.11569088889136,45.536095825424816,灌溉耕地,否,农田（高秆作物/玉米地）,,AI预判读(2026-10-08),,,F:\lc_work\v31_exp\data\m3\m5_geemat\m3chip2\chips\M3B-B038.png,2.9,0,,0.043182520869834075,0.15376192710777412,0.7325678746561416,0.2584016393442623,0.6894,0.297,0.0432,0.7326,高度1.5–5m·灌丛典型带；物候振幅大+树覆盖低·草本倾向
M3B-B039,B_control_base,w3,111.527234912129,25.54283153594709,灌溉耕地,否,耕地,,人工复核,,,F:\lc_work\v31_exp\data\m3\m5_geemat\m3chip2\chips\M3B-B039.png,4.62,0,,0.36530227778729235,0.41289355322338833,0.6388687454677302,0.48054169636493227,0.2736,0.4744,0.3653,0.6389,高度1.5–5m·灌丛典型带
M3B-B040,B_control_base,w1,123.6429029805774,46.56421766809961,灌溉耕地,否,农田,,AI预判读(2026-10-08),,,F:\lc_work\v31_exp\data\m3\m5_geemat\m3chip2\chips\M3B-B040.png,2.58,0,,0.03998869577504592,0.1597729115977291,0.8405867970660147,0.35608082348455966,0.8006,0.3491,0.04,0.8406,高度1.5–5m·灌丛典型带；物候振幅大+树覆盖低·草本倾向
M3B-B041,B_control_base,w3,112.80383076239124,23.15322304866076,灌溉耕地,否,农田（河网鱼塘间塘基耕地）,,AI预判读(2026-10-08),,,F:\lc_work\v31_exp\data\m3\m5_geemat\m3chip2\chips\M3B-B041.png,7.99,0,,0.46826074580130944,0.3852214396562015,0.5514360910859366,0.706244087038789,0.321,0.5278,0.4683,0.5514,高度≥5m·偏森林/郁闭木本
M3B-B042,B_control_base,w3,109.16188093751389,28.739845800600055,常绿阔叶林,否,乔木林,,AI预判读(2026-10-08),,,F:\lc_work\v31_exp\data\m3\m5_geemat\m3chip2\chips\M3B-B042.png,14.71,22,,0.7053694355208812,0.6331168831168831,0.7960469779432827,0.8272058823529411,0.1941,0.7404,0.7054,0.796,高度≥5m·偏森林/郁闭木本
M3B-B043,B_control_base,w3,113.19190296513088,27.376203199306627,常绿阔叶林,否,乔木林,,AI预判读(2026-10-08),,,F:\lc_work\v31_exp\data\m3\m5_geemat\m3chip2\chips\M3B-B043.png,13.93,55,,0.6621553884711779,0.6727272727272727,0.7828467153284672,0.7609598523304107,0.1207,0.7197,0.6622,0.7828,高度≥5m·偏森林/郁闭木本；物候平稳+树覆盖高·常绿木本倾向
M3B-B044,B_control_base,w3,110.8826038642448,25.336129189071197,常绿阔叶林,否,乔木林（常绿密林）,,AI预判读(2026-10-08),,,F:\lc_work\v31_exp\data\m3\m5_geemat\m3chip2\chips\M3B-B044.png,16.56,95,,0.7080745341614907,,0.8518636003172085,0.8000657678395264,0.1438,0.7867,0.7081,0.8519,高度≥5m·偏森林/郁闭木本；物候平稳+树覆盖高·常绿木本倾向
M3B-B045,B_control_base,w3,111.87407444332752,23.044616730810706,常绿阔叶林,否,乔木林,,AI预判读(2026-10-08),,,F:\lc_work\v31_exp\data\m3\m5_geemat\m3chip2\chips\M3B-B045.png,25.12,66,,0.8236982369823698,0.7329784253292239,0.770016631028748,0.8302055406613047,0.0972,0.7892,0.8237,0.77,高度≥5m·偏森林/郁闭木本；物候平稳+树覆盖高·常绿木本倾向
M3B-B046,B_control_base,w3,113.18786054635234,25.83685012843941,常绿阔叶林,否,乔木林,,AI预判读(2026-10-08),,,F:\lc_work\v31_exp\data\m3\m5_geemat\m3chip2\chips\M3B-B046.png,10.24,52,,0.7166720205589463,0.6331699346405228,0.8475315729047073,0.7072678331090175,0.2144,0.7262,0.7167,0.8475,高度≥5m·偏森林/郁闭木本
M3B-B047,B_control_base,w3,111.37227552561838,23.07938153230613,常绿阔叶林,否,乔木林,,AI预判读(2026-10-08),,,F:\lc_work\v31_exp\data\m3\m5_geemat\m3chip2\chips\M3B-B047.png,21.48,58,,0.7520585544373285,0.6322889954286989,0.8414023372287145,0.8314818696290086,0.2091,0.7643,0.7521,0.8414,高度≥5m·偏森林/郁闭木本
M3B-B048,B_control_base,w2,108.3668719110681,33.61931476088048,常绿阔叶林,否,乔木林（秦岭密林，树覆盖87%）,,AI预判读(2026-10-08),,,F:\lc_work\v31_exp\data\m3\m5_geemat\m3chip2\chips\M3B-B048.png,8.44,87,,0.5388349514563107,0.580440097799511,0.7806267806267806,0.7159149818558839,0.2418,0.654,0.5388,0.7806,高度≥5m·偏森林/郁闭木本
M3B-B049,B_control_base,w2,108.31458996153236,32.60601512039366,常绿阔叶林,否,乔木林（密林，树覆盖85%）,,AI预判读(2026-10-08),,,F:\lc_work\v31_exp\data\m3\m5_geemat\m3chip2\chips\M3B-B049.png,9.28,85,,0.1970260223048327,0.44340277777777776,0.8752111090260837,0.7162393162393162,0.6782,0.558,0.197,0.8752,高度≥5m·偏森林/郁闭木本
M3B-B050,B_control_base,w3,109.30525205685936,28.934151396555112,常绿阔叶林,否,乔木林,,AI预判读(2026-10-08),,,F:\lc_work\v31_exp\data\m3\m5_geemat\m3chip2\chips\M3B-B050.png,8.5,51,,0.6580188679245284,0.6615805946791862,0.6356096212330661,0.8145291479820628,0.1789,0.6924,0.658,0.6356,高度≥5m·偏森林/郁闭木本；物候平稳+树覆盖高·常绿木本倾向
M3B-B051,B_control_base,w3,108.96865331989976,26.124939840056545,常绿阔叶林,否,乔木林（含云雾带）,,AI预判读(2026-10-08),,,F:\lc_work\v31_exp\data\m3\m5_geemat\m3chip2\chips\M3B-B051.png,15.62,89,,0.7634625062908907,0.7179155900086133,,0.8097225119966618,0.0918,0.7637,0.7635,,高度≥5m·偏森林/郁闭木本；物候平稳+树覆盖高·常绿木本倾向
M3B-B052,B_control_base,w3,110.66215729352189,26.558017638530565,常绿阔叶林,否,乔木林,,AI预判读(2026-10-08),,,F:\lc_work\v31_exp\data\m3\m5_geemat\m3chip2\chips\M3B-B052.png,10.43,44,,0.6203405430280718,,0.830074173971679,0.7216595883698138,0.2097,0.724,0.6203,0.8301,高度≥5m·偏森林/郁闭木本
M3B-B053,B_control_base,w3,112.47855079801155,24.702008430011222,常绿阔叶林,否,耕地,,人工复核,,,F:\lc_work\v31_exp\data\m3\m5_geemat\m3chip2\chips\M3B-B053.png,3.99,55,,0.6472413029027254,0.7028742067935797,0.8153846153846154,0.8149951314508277,0.1681,0.7451,0.6472,0.8154,高度1.5–5m·灌丛典型带；物候平稳+树覆盖高·常绿木本倾向
M3B-B054,B_control_base,w3,109.60439104647116,25.69132305241205,常绿阔叶林,否,常绿阔叶林,,人工复核,,,F:\lc_work\v31_exp\data\m3\m5_geemat\m3chip2\chips\M3B-B054.png,11.45,96,,0.5753424657534246,0.5183620409489763,,0.8189616252821671,0.3006,0.6376,0.5753,,高度≥5m·偏森林/郁闭木本
M3B-B055,B_control_base,w3,113.05634718875724,26.876829732864586,常绿阔叶林,否,乔木林,,AI预判读(2026-10-08),,,F:\lc_work\v31_exp\data\m3\m5_geemat\m3chip2\chips\M3B-B055.png,15.37,78,,0.7633779264214047,0.6841748559810233,0.7719157149750684,0.784871010056843,0.1007,0.7511,0.7634,0.7719,高度≥5m·偏森林/郁闭木本；物候平稳+树覆盖高·常绿木本倾向
M3B-B056,B_control_base,w2,109.86445332122376,32.336790029743035,常绿阔叶林,是,,,AI预判读(2026-10-08),,,F:\lc_work\v31_exp\data\m3\m5_geemat\m3chip2\chips\M3B-B056.png,4.55,55,,0.3836113125453227,0.7727130814861067,0.8185626390888859,0.6205211726384365,0.435,0.6489,0.3836,0.8186,高度1.5–5m·灌丛典型带
M3B-B057,B_control_base,w3,113.07817625016136,26.969266375600483,常绿阔叶林,否,乔木林,,AI预判读(2026-10-08),,,F:\lc_work\v31_exp\data\m3\m5_geemat\m3chip2\chips\M3B-B057.png,17.75,45,,0.7063351095322676,0.6775956284153005,0.7193616380608251,0.697754400161845,0.0418,0.7003,0.7063,0.7194,高度≥5m·偏森林/郁闭木本；物候平稳+树覆盖高·常绿木本倾向
M3B-B058,B_control_base,w3,112.47558635757396,27.26005103306997,常绿阔叶林,否,乔木林（连片密林+河谷水库）,,AI预判读(2026-10-08),,,F:\lc_work\v31_exp\data\m3\m5_geemat\m3chip2\chips\M3B-B058.png,18.75,0,,0.45460199004975127,0.45897435897435895,0.7234185733512786,0.6691919191919192,0.2688,0.5765,0.4546,0.7234,高度≥5m·偏森林/郁闭木本
M3B-B059,B_control_base,w2,106.3984834605054,32.742379380523,常绿阔叶林,否,常绿阔叶林,,人工复核,,,F:\lc_work\v31_exp\data\m3\m5_geemat\m3chip2\chips\M3B-B059.png,8.9,63,,0.5211416490486258,0.6774193548387096,0.7599795291709315,0.8360655737704918,0.3149,0.6987,0.5211,0.76,高度≥5m·偏森林/郁闭木本
M3B-B060,B_control_base,w3,112.656147729682,26.03924056195154,常绿阔叶林,否,乔木林,,AI预判读(2026-10-08),,,F:\lc_work\v31_exp\data\m3\m5_geemat\m3chip2\chips\M3B-B060.png,12.3,34,,0.6470128855915658,0.7489900350121196,0.7491970021413277,0.7936761418077292,0.1467,0.7347,0.647,0.7492,高度≥5m·偏森林/郁闭木本；物候平稳+树覆盖高·常绿木本倾向
M3B-B061,B_control_base,w3,108.67786866243028,24.030697418188705,常绿阔叶林,否,农田,,AI预判读(2026-10-08),,,F:\lc_work\v31_exp\data\m3\m5_geemat\m3chip2\chips\M3B-B061.png,0.39,59,,0.6812570145903479,0.6850969176993963,0.7096864501679732,0.790935926376107,0.1097,0.7167,0.6813,0.7097,高度<1.5m·偏草本/低矮；物候平稳+树覆盖高·常绿木本倾向
M3B-B062,B_control_base,w3,113.98852895908809,27.9817575323316,常绿阔叶林,否,乔木林,,AI预判读(2026-10-08),,,F:\lc_work\v31_exp\data\m3\m5_geemat\m3chip2\chips\M3B-B062.png,7.41,0,,0.6235184754822217,0.6928483570549991,0.7861254165404423,0.7619969040247678,0.1626,0.7161,0.6235,0.7861,高度≥5m·偏森林/郁闭木本
M3B-B063,B_control_base,w3,110.31612624607904,24.133374855163567,落叶阔叶林,否,乔木林,,AI预判读(2026-10-08),,,F:\lc_work\v31_exp\data\m3\m5_geemat\m3chip2\chips\M3B-B063.png,21.31,74,14,0.6890282131661442,,0.8348694316436251,0.8490222828558436,0.16,0.791,0.689,0.8349,高度≥5m·偏森林/郁闭木本；物候平稳+树覆盖高·常绿木本倾向
M3B-B064,B_control_base,w2,107.92786523171888,33.405336060203204,落叶阔叶林,否,乔木林,,AI预判读(2026-10-08),,,F:\lc_work\v31_exp\data\m3\m5_geemat\m3chip2\chips\M3B-B064.png,10.61,100,,0.32942326490713586,0.3631429309899199,0.8973918643340131,0.8345091122868901,0.568,0.6061,0.3294,0.8974,高度≥5m·偏森林/郁闭木本
M3B-B065,B_control_base,w2,108.05560566512068,33.79772017630661,落叶阔叶林,否,乔木林,,AI预判读(2026-10-08),,,F:\lc_work\v31_exp\data\m3\m5_geemat\m3chip2\chips\M3B-B065.png,17.7,89,,0.24755989352262645,0.386685552407932,0.8920783540717013,0.6084484159220146,0.6445,0.5337,0.2476,0.8921,高度≥5m·偏森林/郁闭木本
M3B-B066,B_control_base,w3,112.50657823487607,24.995218538747835,落叶阔叶林,否,乔木林,,AI预判读(2026-10-08),,,F:\lc_work\v31_exp\data\m3\m5_geemat\m3chip2\chips\M3B-B066.png,15.0,54,,0.3499881037354271,0.5801954814933504,0.7793493635077794,0.730728241563055,0.4294,0.6101,0.35,0.7793,高度≥5m·偏森林/郁闭木本
M3B-B067,B_control_base,w2,106.60761125864845,33.72926855165671,落叶阔叶林,否,乔木林,,AI预判读(2026-10-08),,,F:\lc_work\v31_exp\data\m3\m5_geemat\m3chip2\chips\M3B-B067.png,16.54,100,,0.4040632054176072,0.4666666666666667,0.8877715205148834,0.5122167925366504,0.4837,0.5677,0.4041,0.8878,高度≥5m·偏森林/郁闭木本
M3B-B068,B_control_base,w2,105.815297178055,33.49184382206392,落叶阔叶林,否,乔木林,,AI预判读(2026-10-08),,,F:\lc_work\v31_exp\data\m3\m5_geemat\m3chip2\chips\M3B-B068.png,5.33,45,,0.2640615748963884,0.6239077245718281,0.852882703777336,0.6337817638266069,0.5888,0.5937,0.2641,0.8529,高度≥5m·偏森林/郁闭木本
M3B-B069,B_control_base,w2,108.32159682074848,32.603320174541295,落叶阔叶林,否,乔木林,,AI预判读(2026-10-08),,,F:\lc_work\v31_exp\data\m3\m5_geemat\m3chip2\chips\M3B-B069.png,8.23,0,,0.4616774193548387,0.5081366032546413,0.8784304831027444,0.7352941176470589,0.4168,0.6459,0.4617,0.8784,高度≥5m·偏森林/郁闭木本；物候振幅大+树覆盖低·草本倾向
M3B-B070,B_control_base,w2,105.65198345940208,33.554636060423874,落叶阔叶林,否,乔木林,,AI预判读(2026-10-08),,,F:\lc_work\v31_exp\data\m3\m5_geemat\m3chip2\chips\M3B-B070.png,8.02,0,,0.4350887074063644,0.6148030242737763,0.8030534351145038,0.7080593650197258,0.368,0.6403,0.4351,0.8031,高度≥5m·偏森林/郁闭木本；物候振幅大+树覆盖低·草本倾向
M3B-B071,B_control_base,w3,109.39903617252143,28.71693876085501,落叶阔叶林,否,乔木林（连片密林）,,AI预判读(2026-10-08),,,F:\lc_work\v31_exp\data\m3\m5_geemat\m3chip2\chips\M3B-B071.png,9.07,0,,0.39545454545454545,0.5367647058823529,0.8385887541345094,0.8229183841714757,0.4431,0.6484,0.3955,0.8386,高度≥5m·偏森林/郁闭木本；物候振幅大+树覆盖低·草本倾向
M3B-B072,B_control_base,w3,112.85719069026794,24.89981745557434,落叶阔叶林,否,乔木林,,AI预判读(2026-10-08),,,F:\lc_work\v31_exp\data\m3\m5_geemat\m3chip2\chips\M3B-B072.png,11.5,76,,0.47534438011579155,0.5608447871270533,0.8400846113167636,0.6322197939431783,0.3647,0.6271,0.4753,0.8401,高度≥5m·偏森林/郁闭木本
M3B-B073,B_control_base,w1,122.3487899822748,46.93638969031032,落叶阔叶林,否,常绿阔叶林,,人工复核,,,F:\lc_work\v31_exp\data\m3\m5_geemat\m3chip2\chips\M3B-B073.png,2.84,0,,0.18994285714285714,0.34003771213073536,0.7975050768784451,0.4973190348525469,0.6076,0.4562,0.1899,0.7975,高度1.5–5m·灌丛典型带；物候振幅大+树覆盖低·草本倾向
M3B-B074,B_control_base,w2,106.33218779253738,32.713543459902766,落叶阔叶林,否,草地,,人工复核,,,F:\lc_work\v31_exp\data\m3\m5_geemat\m3chip2\chips\M3B-B074.png,7.6,0,,0.47465437788018433,0.6501556750636852,0.7458369851007888,0.7575547064953109,0.2829,0.6571,0.4747,0.7458,高度≥5m·偏森林/郁闭木本
M3B-B075,B_control_base,w3,113.27005639484928,25.79507846772785,落叶阔叶林,否,乔木林（影像偏暗，但为郁闭植被）,,AI预判读(2026-10-08),,,F:\lc_work\v31_exp\data\m3\m5_geemat\m3chip2\chips\M3B-B075.png,13.43,80,,0.590878604963112,0.5223700120918985,0.6433218522770762,0.7749529190207156,0.2526,0.6329,0.5909,0.6433,高度≥5m·偏森林/郁闭木本
M3B-B076,B_control_base,w2,106.6027603561142,33.754870537254114,落叶阔叶林,否,草地,,人工复核,,,F:\lc_work\v31_exp\data\m3\m5_geemat\m3chip2\chips\M3B-B076.png,7.79,49,,0.36118251928020567,0.5614466957015717,0.8836660227516634,0.7247225025227043,0.5225,0.6328,0.3612,0.8837,高度≥5m·偏森林/郁闭木本
M3B-B077,B_control_base,w2,109.26860079326728,32.97333624007013,落叶阔叶林,否,常绿阔叶林,,人工复核,,,F:\lc_work\v31_exp\data\m3\m5_geemat\m3chip2\chips\M3B-B077.png,14.59,0,,0.386159314237926,0.5650466372115857,0.8535606820461384,0.6187930791953862,0.4674,0.6059,0.3862,0.8536,高度≥5m·偏森林/郁闭木本；物候振幅大+树覆盖低·草本倾向
M3B-B078,B_control_base,w3,108.44852877039456,28.17714110662759,落叶阔叶林,否,乔木林,,AI预判读(2026-10-08),,,F:\lc_work\v31_exp\data\m3\m5_geemat\m3chip2\chips\M3B-B078.png,9.06,0,,0.5713970425954535,0.48464987926871334,0.8569809895505477,0.7317979197622585,0.3723,0.6612,0.5714,0.857,高度≥5m·偏森林/郁闭木本；物候振幅大+树覆盖低·草本倾向
M3B-B079,B_control_base,w2,108.67921613535646,33.98717486972742,落叶阔叶林,否,乔木林,,AI预判读(2026-10-08),,,F:\lc_work\v31_exp\data\m3\m5_geemat\m3chip2\chips\M3B-B079.png,10.33,76,,0.3062730627306273,0.48256513026052106,0.8531211750305998,0.7338429464906184,0.5468,0.594,0.3063,0.8531,高度≥5m·偏森林/郁闭木本
M3B-B080,B_control_base,w2,108.8395654135718,31.86867793518835,落叶阔叶林,否,乔木林,,AI预判读(2026-10-08),,,F:\lc_work\v31_exp\data\m3\m5_geemat\m3chip2\chips\M3B-B080.png,14.69,45,,0.6114894877109861,0.48834521286842614,0.8998451213216314,0.8274111675126904,0.4115,0.7068,0.6115,0.8998,高度≥5m·偏森林/郁闭木本
M3B-B081,B_control_base,w3,108.34558183883446,23.821030630875207,落叶阔叶林,否,乔木林,,AI预判读(2026-10-08),,,F:\lc_work\v31_exp\data\m3\m5_geemat\m3chip2\chips\M3B-B081.png,14.19,44,,0.6839652615971192,0.5672229514344647,,0.7233966320315299,0.1562,0.6582,0.684,,高度≥5m·偏森林/郁闭木本；物候平稳+树覆盖高·常绿木本倾向
M3B-B082,B_control_base,w2,108.87190476380007,32.97657017509296,落叶阔叶林,否,乔木林,,AI预判读(2026-10-08),,,F:\lc_work\v31_exp\data\m3\m5_geemat\m3chip2\chips\M3B-B082.png,9.7,58,,0.3960836671117045,0.4227380184826993,0.8627779105904853,0.7797766749379652,0.4667,0.6153,0.3961,0.8628,高度≥5m·偏森林/郁闭木本
M3B-B083,B_control_base,w2,108.83875692981609,32.986002485576215,落叶阔叶林,否,草地,,人工复核,,,F:\lc_work\v31_exp\data\m3\m5_geemat\m3chip2\chips\M3B-B083.png,7.32,29,,0.5610859728506787,0.5297651556526488,0.8694551751698415,0.8243572902983675,0.3397,0.6962,0.5611,0.8695,高度≥5m·偏森林/郁闭木本
M3B-B084,B_control_base,w2,107.04419248673052,32.332208621794024,常绿针叶林,否,乔木林,,AI预判读(2026-10-08),,,F:\lc_work\v31_exp\data\m3\m5_geemat\m3chip2\chips\M3B-B084.png,16.07,70,,0.4506172839506173,0.7030058322117542,0.8411820984373339,0.799165673420739,0.3906,0.6985,0.4506,0.8412,高度≥5m·偏森林/郁闭木本
M3B-B085,B_control_base,w2,107.21505205377004,32.03926800764265,常绿针叶林,否,乔木林,,AI预判读(2026-10-08),,,F:\lc_work\v31_exp\data\m3\m5_geemat\m3chip2\chips\M3B-B085.png,7.71,78,,0.732957012592271,0.7146027518863737,0.8323690383111806,0.8263036809815951,0.1178,0.7766,0.733,0.8324,高度≥5m·偏森林/郁闭木本；物候平稳+树覆盖高·常绿木本倾向
M3B-B086,B_control_base,w3,111.52480946086186,27.03717901107992,常绿针叶林,否,常绿阔叶林,,人工复核,,,F:\lc_work\v31_exp\data\m3\m5_geemat\m3chip2\chips\M3B-B086.png,3.44,0,,0.7501029230135858,0.7502908103916247,0.7255388432315087,0.6015625,0.1487,0.7069,0.7501,0.7255,高度1.5–5m·灌丛典型带
M3B-B087,B_control_base,w3,110.51043184203412,26.07966474973692,常绿针叶林,否,乔木林,,AI预判读(2026-10-08),,,F:\lc_work\v31_exp\data\m3\m5_geemat\m3chip2\chips\M3B-B087.png,18.98,85,,0.7663263652568465,0.872320811246831,0.7060090037189274,0.8309965896172793,0.1663,0.7939,0.7663,0.706,高度≥5m·偏森林/郁闭木本；物候平稳+树覆盖高·常绿木本倾向
M3B-B088,B_control_base,w3,113.75326018617716,28.413757352464675,常绿针叶林,否,乔木林（常绿密林）,,AI预判读(2026-10-08),,,F:\lc_work\v31_exp\data\m3\m5_geemat\m3chip2\chips\M3B-B088.png,18.01,78,,0.7155803415824329,0.7672090112640801,0.8403097023953545,0.825066040504843,0.1247,0.787,0.7156,0.8403,高度≥5m·偏森林/郁闭木本；物候平稳+树覆盖高·常绿木本倾向
M3B-B089,B_control_base,w3,109.21658833831675,27.68504399398692,常绿针叶林,否,常绿阔叶林,,人工复核,,,F:\lc_work\v31_exp\data\m3\m5_geemat\m3chip2\chips\M3B-B089.png,23.95,55,,0.4773805757671623,0.43628767532079976,0.6349504154382203,0.6697688381867307,0.2335,0.5546,0.4774,0.635,高度≥5m·偏森林/郁闭木本
M3B-B090,B_control_base,w3,108.0941433908094,24.248988032229747,常绿针叶林,否,乔木林,,AI预判读(2026-10-08),,,F:\lc_work\v31_exp\data\m3\m5_geemat\m3chip2\chips\M3B-B090.png,17.17,78,,0.6330244313395114,0.4200502302218502,0.6672276989660976,0.8096283518896032,0.3896,0.6325,0.633,0.6672,高度≥5m·偏森林/郁闭木本
M3B-B091,B_control_base,w3,112.11338563501698,28.219182261924384,常绿针叶林,否,草地,,人工复核,,,F:\lc_work\v31_exp\data\m3\m5_geemat\m3chip2\chips\M3B-B091.png,22.93,47,,0.5514354066985646,0.6747496046389035,0.7231939163498099,0.7146087743102668,0.1718,0.666,0.5514,0.7232,高度≥5m·偏森林/郁闭木本；物候平稳+树覆盖高·常绿木本倾向
M3B-B092,B_control_base,w3,110.94324014592289,27.929745077381074,常绿针叶林,否,乔木林,,AI预判读(2026-10-08),,,F:\lc_work\v31_exp\data\m3\m5_geemat\m3chip2\chips\M3B-B092.png,11.88,83,,0.42238648363252373,0.60182562165565,0.6491024898668211,0.6466581524052788,0.2267,0.58,0.4224,0.6491,高度≥5m·偏森林/郁闭木本
M3B-B093,B_control_base,w3,112.79466794649322,27.15602612316893,常绿针叶林,否,其他（农田/园地与水面镶嵌）,,AI预判读(2026-10-08),,,F:\lc_work\v31_exp\data\m3\m5_geemat\m3chip2\chips\M3B-B093.png,10.2,22,25,0.734149855907781,0.584566771994013,0.8501451378809869,0.8007448789571695,0.2656,0.7424,0.7341,0.8501,高度≥5m·偏森林/郁闭木本
M3B-B094,B_control_base,w3,110.24174574055397,25.77540536300564,常绿针叶林,否,乔木林,,AI预判读(2026-10-08),,,F:\lc_work\v31_exp\data\m3\m5_geemat\m3chip2\chips\M3B-B094.png,19.43,87,,0.7758734344100198,0.7176470588235294,0.625697687663743,0.8398096748612213,0.2141,0.7398,0.7759,0.6257,高度≥5m·偏森林/郁闭木本
M3B-B095,B_control_base,w3,113.12695477008904,27.64138587117871,常绿针叶林,否,乔木林,,AI预判读(2026-10-08),,,F:\lc_work\v31_exp\data\m3\m5_geemat\m3chip2\chips\M3B-B095.png,6.92,24,,0.5987906811310688,0.6830497794580971,0.770059880239521,0.7606310013717421,0.1713,0.7031,0.5988,0.7701,高度≥5m·偏森林/郁闭木本
M3B-B096,B_control_base,w3,108.3480072901016,23.79569813986304,常绿针叶林,否,常绿阔叶林,,人工复核,,,F:\lc_work\v31_exp\data\m3\m5_geemat\m3chip2\chips\M3B-B096.png,10.79,70,,0.677048477048477,0.6490825688073395,0.7095343680709535,0.7966953328824041,0.1476,0.7081,0.677,0.7095,高度≥5m·偏森林/郁闭木本；物候平稳+树覆盖高·常绿木本倾向
M3B-B097,B_control_base,w1,123.52890677102262,44.27728661778813,常绿针叶林,否,常绿阔叶林,,人工复核,,,F:\lc_work\v31_exp\data\m3\m5_geemat\m3chip2\chips\M3B-B097.png,2.44,0,,0.6097560975609756,0.6250480215136381,0.7816733067729084,0.6338928856914469,0.1719,0.6626,0.6098,0.7817,高度1.5–5m·灌丛典型带
M3B-B098,B_control_base,w3,110.5163607229093,26.521635869523724,常绿针叶林,否,乔木林,,AI预判读(2026-10-08),,,F:\lc_work\v31_exp\data\m3\m5_geemat\m3chip2\chips\M3B-B098.png,13.37,85,,0.4011476264997392,0.5197848636189013,0.8365758754863813,0.6036281179138322,0.4354,0.5903,0.4011,0.8366,高度≥5m·偏森林/郁闭木本
M3B-B099,B_control_base,w3,108.3555531384882,23.838008789745068,常绿针叶林,否,水体（点处近红外≈0，水库/塘）,,AI预判读(2026-10-08),,,F:\lc_work\v31_exp\data\m3\m5_geemat\m3chip2\chips\M3B-B099.png,15.41,47,,0.5237410071942447,0.5868231995794638,0.5811997073884418,0.7163447679446526,0.1926,0.602,0.5237,0.5812,高度≥5m·偏森林/郁闭木本；物候平稳+树覆盖高·常绿木本倾向
M3B-B100,B_control_base,w2,105.77002208773538,33.47917757655783,常绿针叶林,否,乔木林,,AI预判读(2026-10-08),,,F:\lc_work\v31_exp\data\m3\m5_geemat\m3chip2\chips\M3B-B100.png,8.4,86,,0.2334293948126801,0.42406062519734766,0.745707656612529,0.2733088117703502,0.5123,0.4191,0.2334,0.7457,高度≥5m·偏森林/郁闭木本
M3B-B101,B_control_base,w1,126.05784395887588,43.1384025005814,常绿针叶林,否,乔木林,,AI预判读(2026-10-08),,,F:\lc_work\v31_exp\data\m3\m5_geemat\m3chip2\chips\M3B-B101.png,10.96,78,,0.6519094288611017,0.6798120490015103,0.6166464155528554,0.7317507418397626,0.1151,0.67,0.6519,0.6166,高度≥5m·偏森林/郁闭木本；物候平稳+树覆盖高·常绿木本倾向
M3B-B102,B_control_base,w3,110.71632570515428,25.89371348592418,常绿针叶林,否,乔木林,,AI预判读(2026-10-08),,,F:\lc_work\v31_exp\data\m3\m5_geemat\m3chip2\chips\M3B-B102.png,18.18,28,,0.7967791411042945,,0.7717011128775835,0.7989646246764452,0.0273,0.7891,0.7968,0.7717,高度≥5m·偏森林/郁闭木本
M3B-B103,B_control_base,w3,113.8556681285668,25.444466012336008,常绿针叶林,否,乔木林,,AI预判读(2026-10-08),,,F:\lc_work\v31_exp\data\m3\m5_geemat\m3chip2\chips\M3B-B103.png,6.1,85,,0.775357385976855,0.8003306625969732,0.5045518915638276,0.8058043711931208,0.3013,0.7215,0.7754,0.5046,高度≥5m·偏森林/郁闭木本
M3B-B104,B_control_base,w3,110.29672263594207,25.927130814493427,常绿针叶林,否,乔木林,,AI预判读(2026-10-08),,,F:\lc_work\v31_exp\data\m3\m5_geemat\m3chip2\chips\M3B-B104.png,21.68,85,,0.7458606083943011,0.614948561830779,0.6472831267874166,0.8152548869298581,0.2003,0.7058,0.7459,0.6473,高度≥5m·偏森林/郁闭木本
M3B-B105,B_control_base,w1,122.3487899822748,46.9339642390432,落叶针叶林,否,草地,,人工复核,,,F:\lc_work\v31_exp\data\m3\m5_geemat\m3chip2\chips\M3B-B105.png,2.85,0,,0.14964191481341876,0.36899774411859493,0.7776612480335605,0.5017462165308498,0.628,0.4495,0.1496,0.7777,高度1.5–5m·灌丛典型带；物候振幅大+树覆盖低·草本倾向
M3B-B106,B_control_base,w1,126.32949450079364,43.350494739162016,落叶针叶林,否,乔木林,,AI预判读(2026-10-08),,,F:\lc_work\v31_exp\data\m3\m5_geemat\m3chip2\chips\M3B-B106.png,11.0,63,,0.17731015553522414,0.44637586093801246,0.8321490301517188,0.67833132218583,0.6548,0.5335,0.1773,0.8321,高度≥5m·偏森林/郁闭木本
M3B-B107,B_control_base,w1,122.35283240105336,46.93126929319085,落叶针叶林,是,,,AI预判读(2026-10-08),,,F:\lc_work\v31_exp\data\m3\m5_geemat\m3chip2\chips\M3B-B107.png,2.84,0,,-0.029675638371290544,0.3908022272633533,0.7937806873977087,0.5658914728682171,0.8235,0.4302,-0.0297,0.7938,高度1.5–5m·灌丛典型带；物候振幅大+树覆盖低·草本倾向
M3B-B108,B_control_base,w1,126.11632428387207,43.05997957627776,落叶针叶林,否,草地,,人工复核,,,F:\lc_work\v31_exp\data\m3\m5_geemat\m3chip2\chips\M3B-B108.png,4.26,0,,0.1511627906976744,0.4163390126692879,0.8423834694858241,0.4589327146171694,0.6912,0.4672,0.1512,0.8424,高度1.5–5m·灌丛典型带；物候振幅大+树覆盖低·草本倾向
M3B-B109,B_control_base,w1,124.54355388443562,46.27747542940865,落叶针叶林,否,农田,,AI预判读(2026-10-08),,,F:\lc_work\v31_exp\data\m3\m5_geemat\m3chip2\chips\M3B-B109.png,3.74,0,,0.5601844963547091,0.6067952574765528,0.7322175732217573,0.662414131501472,0.172,0.6404,0.5602,0.7322,高度1.5–5m·灌丛典型带
M3B-B110,B_control_base,w1,126.26373782199607,44.17137524579044,落叶针叶林,否,常绿阔叶林,,人工复核,,,F:\lc_work\v31_exp\data\m3\m5_geemat\m3chip2\chips\M3B-B110.png,4.55,43,,0.5611061552185549,0.5812098382450698,0.84142936906756,0.7733613605962163,0.2803,0.6893,0.5611,0.8414,高度1.5–5m·灌丛典型带
M3B-B111,B_control_base,w1,122.33774070428014,46.92129799353712,落叶针叶林,否,草地（平缓草甸与农田交错）,,AI预判读(2026-10-08),,,F:\lc_work\v31_exp\data\m3\m5_geemat\m3chip2\chips\M3B-B111.png,3.05,0,,0.0070747462319286376,0.32789226688430934,0.7867001254705144,0.5735735735735735,0.7796,0.4238,0.0071,0.7867,高度1.5–5m·灌丛典型带；物候振幅大+树覆盖低·草本倾向
M3B-B112,B_control_base,w1,126.37072717233472,43.71161748337806,落叶针叶林,否,乔木林（常绿木本，冬季NDVI 0.62）,,AI预判读(2026-10-08),,,F:\lc_work\v31_exp\data\m3\m5_geemat\m3chip2\chips\M3B-B112.png,6.35,65,,0.6215139442231076,0.6954954954954955,0.6996124031007752,0.7475490196078431,0.126,0.691,0.6215,0.6996,高度≥5m·偏森林/郁闭木本；物候平稳+树覆盖高·常绿木本倾向
M3B-B113,B_control_base,w4,106.4165395977162,39.25094310855417,草地,否,裸地,,AI预判读(2026-10-08),,,F:\lc_work\v31_exp\data\m3\m5_geemat\m3chip2\chips\M3B-B113.png,5.27,0,,0.10247605277426351,0.08822503777751947,0.10111925897336936,0.09375777169858245,0.0143,0.0964,0.1025,0.1011,高度≥5m·偏森林/郁闭木本
M3B-B114,B_control_base,w4,104.65135006442137,36.65409328522146,草地,否,裸地,,AI预判读(2026-10-08),,,F:\lc_work\v31_exp\data\m3\m5_geemat\m3chip2\chips\M3B-B114.png,4.0,0,,0.0966933867735471,0.12110648824918475,0.12681510164569215,0.13831899404367967,0.0416,0.1207,0.0967,0.1268,高度1.5–5m·灌丛典型带
M3B-B115,B_control_base,w1,123.06645406275788,46.141650158449785,草地,否,湿地,,AI预判读(2026-10-08),,,F:\lc_work\v31_exp\data\m3\m5_geemat\m3chip2\chips\M3B-B115.png,1.75,0,,0.08843537414965986,0.24578527062999111,0.7281203991493538,0.362629989936263,0.6397,0.3562,0.0884,0.7281,高度1.5–5m·灌丛典型带；物候振幅大+树覆盖低·草本倾向
M3B-B116,B_control_base,w1,122.06959359197046,46.53403427455319,草地,否,农田,,AI预判读(2026-10-08),,,F:\lc_work\v31_exp\data\m3\m5_geemat\m3chip2\chips\M3B-B116.png,1.75,0,,0.176,0.19792605951307485,0.7936729471970225,0.2177272727272727,0.6177,0.3463,0.176,0.7937,高度1.5–5m·灌丛典型带；物候振幅大+树覆盖低·草本倾向
M3B-B117,B_control_base,w4,106.40656829806248,36.63145574006165,草地,否,草地（黄土荒坡稀疏植被）,,AI预判读(2026-10-08),,,F:\lc_work\v31_exp\data\m3\m5_geemat\m3chip2\chips\M3B-B117.png,5.7,0,,0.1982274741506647,0.17154811715481172,0.3627852545348157,0.24905320108205592,0.1912,0.2454,0.1982,0.3628,高度≥5m·偏森林/郁闭木本
M3B-B118,B_control_base,w4,106.42354645693234,36.5303952705982,草地,否,草地,,AI预判读(2026-10-08),,,F:\lc_work\v31_exp\data\m3\m5_geemat\m3chip2\chips\M3B-B118.png,4.03,0,,0.13804437140509448,0.16545403004819048,0.24944320712694878,0.19042291340344597,0.1114,0.1858,0.138,0.2494,高度1.5–5m·灌丛典型带
M3B-B119,B_control_base,w4,101.48263273121816,36.01970303157625,草地,否,裸地,,AI预判读(2026-10-08),,,F:\lc_work\v31_exp\data\m3\m5_geemat\m3chip2\chips\M3B-B119.png,4.93,0,,0.1609264370574823,0.1370415155179363,0.2233803392601676,0.2519515477792732,0.1149,0.1933,0.1609,0.2234,高度1.5–5m·灌丛典型带
M3B-B120,B_control_base,w4,101.8874135982424,38.657246537279576,草地,否,裸地（高山裸岩/稀疏植被，含积雪）,,AI预判读(2026-10-08),,,F:\lc_work\v31_exp\data\m3\m5_geemat\m3chip2\chips\M3B-B120.png,5.4,0,,0.1333807154702677,0.11608010888586429,0.13738779996336326,0.12483972490966314,0.0213,0.1279,0.1334,0.1374,高度≥5m·偏森林/郁闭木本
M3B-B121,B_control_base,w4,106.15782479588978,38.86071494913265,草地,否,稀疏植被,,人工复核,,,F:\lc_work\v31_exp\data\m3\m5_geemat\m3chip2\chips\M3B-B121.png,6.39,0,,0.11577752553916004,0.14694656488549618,0.24139770605494798,0.16414904330312186,0.1256,0.1671,0.1158,0.2414,高度≥5m·偏森林/郁闭木本
M3B-B122,B_control_base,w4,105.73364031872856,38.50794653705891,草地,否,裸地（干旱山地裸岩裸土）,,AI预判读(2026-10-08),,,F:\lc_work\v31_exp\data\m3\m5_geemat\m3chip2\chips\M3B-B122.png,3.65,0,,0.10120269873863302,0.09189521080638559,0.11900282220131703,0.11519607843137254,0.0271,0.1068,0.1012,0.119,高度1.5–5m·灌丛典型带
M3B-B123,B_control_base,w4,101.40232334481786,37.29360393598614,草地,否,草地,,人工复核,,,F:\lc_work\v31_exp\data\m3\m5_geemat\m3chip2\chips\M3B-B123.png,5.73,0,,0.22938201011656037,0.1851185118511851,0.6510922330097088,0.31201171875,0.466,0.3444,0.2294,0.6511,高度≥5m·偏森林/郁闭木本；物候振幅大+树覆盖低·草本倾向
M3B-B124,B_control_base,w4,106.3939020525564,36.61959797831127,草地,否,裸地（黄土裸坡侵蚀面）,,AI预判读(2026-10-08),,,F:\lc_work\v31_exp\data\m3\m5_geemat\m3chip2\chips\M3B-B124.png,5.2,0,,0.2046886446886447,0.19210287050266267,0.24201139459995047,0.2196156394963552,0.0499,0.2146,0.2047,0.242,高度≥5m·偏森林/郁闭木本
M3B-B125,B_control_base,w4,101.40286233398834,37.97407776370668,草地,否,草地,,AI预判读(2026-10-08),,,F:\lc_work\v31_exp\data\m3\m5_geemat\m3chip2\chips\M3B-B125.png,2.23,0,,0.2049463190184049,0.18737631496719093,0.6235164835164835,0.30045095828635854,0.4361,0.3291,0.2049,0.6235,高度1.5–5m·灌丛典型带；物候振幅大+树覆盖低·草本倾向
M3B-B126,B_control_base,w4,102.63768652353905,37.592203936427474,草地,否,其他（高山碎石坡/裸岩积雪，无植被）,,AI预判读(2026-10-08),,,F:\lc_work\v31_exp\data\m3\m5_geemat\m3chip2\chips\M3B-B126.png,5.76,0,,0.1425598335067638,0.12754780416053793,0.28370136698212406,0.18314176245210728,0.1562,0.1842,0.1426,0.2837,高度≥5m·偏森林/郁闭木本
M3B-B127,B_control_base,w4,103.28743796854268,36.21212216543465,草地,否,草地,,AI预判读(2026-10-08),,,F:\lc_work\v31_exp\data\m3\m5_geemat\m3chip2\chips\M3B-B127.png,3.01,0,,0.17079966564502647,0.1332845111680703,0.14850595371826555,0.21219366407650928,0.0789,0.1662,0.1708,0.1485,高度1.5–5m·灌丛典型带
M3B-B128,B_control_base,w2,109.41897877182888,35.57315050384044,草地,否,常绿阔叶林,,人工复核,,,F:\lc_work\v31_exp\data\m3\m5_geemat\m3chip2\chips\M3B-B128.png,2.67,10,,0.20512,0.24883330222139258,0.7190006169031462,0.4544758990053558,0.5139,0.4069,0.2051,0.719,高度1.5–5m·灌丛典型带；物候振幅大+树覆盖低·草本倾向
M3B-B129,B_control_base,w2,106.6526168543828,35.62920537756949,草地,否,裸地（黄土劣地，沟道零星植被）,,AI预判读(2026-10-08),,,F:\lc_work\v31_exp\data\m3\m5_geemat\m3chip2\chips\M3B-B129.png,7.74,0,,0.18865248226950354,0.2750455373406193,0.44691708008504605,0.3951727401798391,0.2583,0.3264,0.1887,0.4469,高度≥5m·偏森林/郁闭木本
M3B-B130,B_control_base,w4,102.78051865371404,36.98233769003873,草地,否,乔木林,,AI预判读(2026-10-08),,,F:\lc_work\v31_exp\data\m3\m5_geemat\m3chip2\chips\M3B-B130.png,6.47,0,,0.2470971684660827,0.20234966764569484,0.6167664670658682,0.3230769230769231,0.4144,0.3473,0.2471,0.6168,高度≥5m·偏森林/郁闭木本；物候振幅大+树覆盖低·草本倾向
M3B-B131,B_control_base,w1,122.42667391740795,46.49253210842687,草地,否,建成区,,AI预判读(2026-10-08),,,F:\lc_work\v31_exp\data\m3\m5_geemat\m3chip2\chips\M3B-B131.png,2.08,0,,0.10278649197268869,0.22542251844798858,0.5375722543352601,0.21182266009852216,0.4348,0.2694,0.1028,0.5376,高度1.5–5m·灌丛典型带；物候振幅大+树覆盖低·草本倾向
M3B-B132,B_control_base,w1,122.2067663358555,44.83972181717536,草地,否,乔灌园地,,人工复核,,,F:\lc_work\v31_exp\data\m3\m5_geemat\m3chip2\chips\M3B-B132.png,3.99,0,,0.24604102455096186,0.3398947127489128,0.5305,0.47111472742066723,0.2845,0.3969,0.246,0.5305,高度1.5–5m·灌丛典型带
M3B-B133,B_control_base,w4,102.16822695605816,37.27473931501964,草地,否,草地,,人工复核,,,F:\lc_work\v31_exp\data\m3\m5_geemat\m3chip2\chips\M3B-B133.png,3.65,0,,0.2374013357619915,0.18907726155040766,0.734024568916939,0.3572676727561557,0.5449,0.3794,0.2374,0.734,高度1.5–5m·灌丛典型带；物候振幅大+树覆盖低·草本倾向
M3B-B134,B_control_base,w4,101.2980289403316,36.29297054100541,稀疏植被,否,裸地（暗色裸岩/积雪，NDVI 极低）,,AI预判读(2026-10-08),,,F:\lc_work\v31_exp\data\m3\m5_geemat\m3chip2\chips\M3B-B134.png,2.18,0,,0.06657877389584707,0.07283014325267846,0.07435322876349562,0.08952116585704371,0.0229,0.0758,0.0666,0.0744,高度1.5–5m·灌丛典型带
M3B-B135,B_control_base,w4,106.85500728789496,38.082684081556735,稀疏植被,否,草地,,AI预判读(2026-10-08),,,F:\lc_work\v31_exp\data\m3\m5_geemat\m3chip2\chips\M3B-B135.png,1.59,0,,0.10055205047318612,0.08391977480647432,0.13204801746089487,0.11386042915136285,0.0481,0.1076,0.1006,0.132,高度1.5–5m·灌丛典型带
M3B-B136,B_control_base,w4,101.47589536658724,36.021050504502426,稀疏植被,否,裸地,,AI预判读(2026-10-08),,,F:\lc_work\v31_exp\data\m3\m5_geemat\m3chip2\chips\M3B-B136.png,5.44,0,,0.08177858140872853,0.08038796646391583,0.08997172792283387,0.10956379275035838,0.0292,0.0904,0.0818,0.09,高度≥5m·偏森林/郁闭木本
M3B-B137,B_control_base,w4,106.45319086130829,40.90698733482851,稀疏植被,否,沙地（沙漠/沙丘）,,AI预判读(2026-10-08),,,F:\lc_work\v31_exp\data\m3\m5_geemat\m3chip2\chips\M3B-B137.png,5.12,0,,0.10715873721654068,0.10033865505563619,0.10763209393346379,0.09373348832294198,0.0139,0.1022,0.1072,0.1076,高度≥5m·偏森林/郁闭木本
M3B-B138,B_control_base,w4,106.87575837095812,41.22364347248064,稀疏植被,否,裸地,,AI预判读(2026-10-08),,,F:\lc_work\v31_exp\data\m3\m5_geemat\m3chip2\chips\M3B-B138.png,7.86,0,,0.1097334159950403,0.0807002561912895,0.13082259663032705,0.10307249886484032,0.0501,0.1061,0.1097,0.1308,高度≥5m·偏森林/郁闭木本
M3B-B139,B_control_base,w4,103.552890135,39.92279310954716,稀疏植被,否,裸地,,人工复核,,,F:\lc_work\v31_exp\data\m3\m5_geemat\m3chip2\chips\M3B-B139.png,4.31,0,,0.07444267515923567,0.08191988451822446,0.07876370887337986,0.06629280993390747,0.0156,0.0754,0.0744,0.0788,高度1.5–5m·灌丛典型带
M3B-B140,B_control_base,w4,103.53213905193684,39.94084924675796,稀疏植被,否,沙地（干旱沙质/盐漠，植被稀疏）,,AI预判读(2026-10-08),,,F:\lc_work\v31_exp\data\m3\m5_geemat\m3chip2\chips\M3B-B140.png,3.5,0,,0.06963470319634703,0.08251666013328107,0.08692232055063913,0.07811340752517223,0.0173,0.0793,0.0696,0.0869,高度1.5–5m·灌丛典型带
M3B-B141,B_control_base,w4,101.02098850670912,39.17198119508007,稀疏植被,否,裸地,,AI预判读(2026-10-08),,,F:\lc_work\v31_exp\data\m3\m5_geemat\m3chip2\chips\M3B-B141.png,8.34,0,,0.0716435881998796,0.06805121484020567,0.08555171713066449,0.08060671722643553,0.0175,0.0765,0.0716,0.0856,高度≥5m·偏森林/郁闭木本
M3B-B142,B_control_base,w4,101.20613128676617,40.61647217194425,稀疏植被,否,裸地,,AI预判读(2026-10-08),,,F:\lc_work\v31_exp\data\m3\m5_geemat\m3chip2\chips\M3B-B142.png,2.36,0,,0.09899465628113395,0.08990271720899028,0.09539863325740319,0.10696367650010034,0.0171,0.0978,0.099,0.0954,高度1.5–5m·灌丛典型带
M3B-B143,B_control_base,w4,103.44643977383184,37.73153263699441,稀疏植被,否,裸地,,AI预判读(2026-10-08),,,F:\lc_work\v31_exp\data\m3\m5_geemat\m3chip2\chips\M3B-B143.png,2.44,0,,0.15678310316815597,0.12116136236739251,0.10475468838795227,0.11476091894788414,0.052,0.1244,0.1568,0.1048,高度1.5–5m·灌丛典型带
M3B-B144,B_control_base,w4,103.56259194006849,39.92791350666664,稀疏植被,否,裸地,,AI预判读(2026-10-08),,,F:\lc_work\v31_exp\data\m3\m5_geemat\m3chip2\chips\M3B-B144.png,4.2,0,,0.07276324466915805,0.07417893544733861,0.07814496987401863,0.06758669497523001,0.0106,0.0732,0.0728,0.0781,高度1.5–5m·灌丛典型带
M3B-B145,B_control_base,w4,103.25860204792244,38.55322162737853,稀疏植被,否,沙地,,AI预判读(2026-10-08),,,F:\lc_work\v31_exp\data\m3\m5_geemat\m3chip2\chips\M3B-B145.png,2.17,0,,0.07637860082304526,0.07107843137254902,0.06837411388063115,0.06712997190595889,0.0092,0.0707,0.0764,0.0684,高度1.5–5m·灌丛典型带
M3B-B146,B_control_base,w4,102.5059036713587,38.41227595930018,稀疏植被,否,裸地（山前冲洪积裸地）,,AI预判读(2026-10-08),,,F:\lc_work\v31_exp\data\m3\m5_geemat\m3chip2\chips\M3B-B146.png,2.87,0,,0.07480835315886862,0.06769922558081438,0.058025352615604354,0.05846954541758152,0.0168,0.0648,0.0748,0.058,高度1.5–5m·灌丛典型带
M3B-B147,B_control_base,w4,106.43782966994983,40.900519464782846,稀疏植被,否,裸地（戈壁劣地/裸土砾石）,,AI预判读(2026-10-08),,,F:\lc_work\v31_exp\data\m3\m5_geemat\m3chip2\chips\M3B-B147.png,5.48,0,,0.12538516236074898,0.11262363075614165,0.1404996561998625,0.11671469740634005,0.0279,0.1238,0.1254,0.1405,高度≥5m·偏森林/郁闭木本
M3B-B148,B_control_base,w4,102.55279572918973,38.38856043579943,稀疏植被,否,裸地(荒漠稀疏植被),,AI预判读(2026-10-08),,,F:\lc_work\v31_exp\data\m3\m5_geemat\m3chip2\chips\M3B-B148.png,2.32,0,,0.08695652173913043,0.07532051282051282,0.07524153410754367,0.07491166077738516,0.012,0.0781,0.087,0.0752,高度1.5–5m·灌丛典型带
M3B-B149,B_control_base,w4,102.52261233564332,40.673066034843785,稀疏植被,否,沙地（沙砾地含稀疏灌木）,,AI预判读(2026-10-08),,,F:\lc_work\v31_exp\data\m3\m5_geemat\m3chip2\chips\M3B-B149.png,3.58,0,,0.07839285714285714,0.07656088143893022,0.07663161883110732,0.07829895966417229,0.0018,0.0775,0.0784,0.0766,高度1.5–5m·灌丛典型带
M3B-B150,B_control_base,w4,103.2297661273022,38.5273501471959,稀疏植被,否,湿地,,AI预判读(2026-10-08),,,F:\lc_work\v31_exp\data\m3\m5_geemat\m3chip2\chips\M3B-B150.png,2.02,0,,0.08818148554701793,0.08858631702807195,0.06896551724137931,0.0679028697571744,0.0207,0.0784,0.0882,0.069,高度1.5–5m·灌丛典型带
M3B-B151,B_control_base,w4,106.39713598757922,37.807260615445685,稀疏植被,否,裸地（荒漠草原，植被极稀疏）,,AI预判读(2026-10-08),,,F:\lc_work\v31_exp\data\m3\m5_geemat\m3chip2\chips\M3B-B151.png,1.53,0,,0.11205501618122977,0.1039887471114237,0.1492441984245263,0.15343915343915343,0.0495,0.1297,0.1121,0.1492,高度1.5–5m·灌丛典型带
M3B-B152,B_control_base,w4,103.21683038721088,38.55537758406042,稀疏植被,否,稀疏植被,,人工复核,,,F:\lc_work\v31_exp\data\m3\m5_geemat\m3chip2\chips\M3B-B152.png,2.15,0,,0.09495718363463368,0.07755927219261165,0.08220764183712852,0.08501383946223803,0.0174,0.0849,0.095,0.0822,高度1.5–5m·灌丛典型带
M3B-B153,B_control_base,w4,101.17594789321974,40.65635737055917,稀疏植被,否,裸地,,AI预判读(2026-10-08),,,F:\lc_work\v31_exp\data\m3\m5_geemat\m3chip2\chips\M3B-B153.png,1.97,0,,0.07993863985000853,0.0790444123777457,0.07609000093361964,0.08071484681853888,0.0046,0.0789,0.0799,0.0761,高度1.5–5m·灌丛典型带
M3B-B154,B_control_base,w4,103.24054591071165,38.5701997862484,稀疏植被,否,裸地,,AI预判读(2026-10-08),,,F:\lc_work\v31_exp\data\m3\m5_geemat\m3chip2\chips\M3B-B154.png,2.5,0,,0.07107550707346173,0.06612569060773481,0.07686807293528782,0.06375023368853991,0.0131,0.0695,0.0711,0.0769,高度1.5–5m·灌丛典型带
M3B-B155,B_control_base,w3,111.2041109044312,28.012479915048484,草本沼泽,否,水体,,人工复核,,,F:\lc_work\v31_exp\data\m3\m5_geemat\m3chip2\chips\M3B-B155.png,8.21,0,,0.44824016563146996,0.652574942352037,-0.3153846153846154,-0.3370473537604457,0.9896,0.1121,0.4482,-0.3154,高度≥5m·偏森林/郁闭木本；物候振幅大+树覆盖低·草本倾向
M3B-B156,B_control_base,w1,124.3298446783436,46.97223247014669,草本沼泽,否,湿地（沼泽/芦苇水面）,,AI预判读(2026-10-08),,,F:\lc_work\v31_exp\data\m3\m5_geemat\m3chip2\chips\M3B-B156.png,2.1,0,,0.026196005573618206,0.22084367245657568,0.48059701492537316,0.37194601059285837,0.4544,0.2749,0.0262,0.4806,高度1.5–5m·灌丛典型带；物候振幅大+树覆盖低·草本倾向
M3B-B157,B_control_base,w3,110.1608973649832,25.50402431567313,草本沼泽,否,水体,,AI预判读(2026-10-08),,,F:\lc_work\v31_exp\data\m3\m5_geemat\m3chip2\chips\M3B-B157.png,5.26,0,,0.5279106858054227,0.3814916048418586,-0.2960573476702509,-0.24150943396226415,0.824,0.093,0.5279,-0.2961,高度≥5m·偏森林/郁闭木本；物候振幅大+树覆盖低·草本倾向
M3B-B158,B_control_base,w1,126.10500551129218,43.13597704931428,草本沼泽,否,水体,,AI预判读(2026-10-08),,,F:\lc_work\v31_exp\data\m3\m5_geemat\m3chip2\chips\M3B-B158.png,22.85,0,,0.007863456263334349,0.10103367789263087,0.12614107883817427,0.4186729301233118,0.4108,0.1634,0.0079,0.1261,高度≥5m·偏森林/郁闭木本；物候振幅大+树覆盖低·草本倾向
M3B-B159,B_control_base,w3,112.00963021970117,25.514804099082564,草本沼泽,否,草地,,AI预判读(2026-10-08),,,F:\lc_work\v31_exp\data\m3\m5_geemat\m3chip2\chips\M3B-B159.png,22.61,0,,0.23404255319148937,0.1366303436714166,0.09414225941422594,0.3791469194312796,0.285,0.211,0.234,0.0941,高度≥5m·偏森林/郁闭木本
M3B-B160,B_control_base,w1,124.83757247692796,45.77891044672232,草本沼泽,否,水体,,AI预判读(2026-10-08),,,F:\lc_work\v31_exp\data\m3\m5_geemat\m3chip2\chips\M3B-B160.png,3.01,0,,0.16685979142526072,0.1985239852398524,0.7344809598330725,0.44577617328519853,0.5676,0.3864,0.1669,0.7345,高度1.5–5m·灌丛典型带；物候振幅大+树覆盖低·草本倾向
M3B-B161,B_control_base,w3,112.23950910090736,27.69555428281112,草本沼泽,否,水体,,AI预判读(2026-10-08),,,F:\lc_work\v31_exp\data\m3\m5_geemat\m3chip2\chips\M3B-B161.png,12.33,0,,0.23584666158923584,0.4525504151838671,-0.04774535809018567,0.5858503401360544,0.6336,0.3066,0.2358,-0.0477,高度≥5m·偏森林/郁闭木本；物候振幅大+树覆盖低·草本倾向
M3B-B162,B_control_base,w3,110.39374068662696,24.93242630038788,草本沼泽,否,乔木林,,AI预判读(2026-10-08),,,F:\lc_work\v31_exp\data\m3\m5_geemat\m3chip2\chips\M3B-B162.png,10.47,0,,0.3215271389144434,0.2694954128440367,0.3873268988669744,0.6056555269922879,0.3362,0.396,0.3215,0.3873,高度≥5m·偏森林/郁闭木本
M3B-B163,B_control_base,w1,125.92686959045128,45.56520124063029,草本沼泽,否,农田,,AI预判读(2026-10-08),,,F:\lc_work\v31_exp\data\m3\m5_geemat\m3chip2\chips\M3B-B163.png,1.47,0,,0.06062702932879119,0.24270177447052088,0.5212270610791564,0.4595285949205189,0.4606,0.321,0.0606,0.5212,高度<1.5m·偏草本/低矮；物候振幅大+树覆盖低·草本倾向
M3B-B164,B_control_base,w3,110.16817371878456,25.467103557495815,草本沼泽,否,农田,,AI预判读(2026-10-08),,,F:\lc_work\v31_exp\data\m3\m5_geemat\m3chip2\chips\M3B-B164.png,7.32,0,,0.5536205316223648,0.4489051094890511,-0.1492776886035313,-0.2645161290322581,0.8181,0.1472,0.5536,-0.1493,高度≥5m·偏森林/郁闭木本；物候振幅大+树覆盖低·草本倾向
M3B-B165,B_control_base,w1,124.04310243965264,46.27208553770394,草本沼泽,否,农田,,AI预判读(2026-10-08),,,F:\lc_work\v31_exp\data\m3\m5_geemat\m3chip2\chips\M3B-B165.png,2.61,0,,0.11666666666666667,0.20341536916122552,0.6581680830972616,0.39983443708609273,0.5415,0.3445,0.1167,0.6582,高度1.5–5m·灌丛典型带；物候振幅大+树覆盖低·草本倾向
M3B-B166,B_control_base,w3,111.35421938840756,27.719000311726635,草本沼泽,否,水体,,AI预判读(2026-10-08),,,F:\lc_work\v31_exp\data\m3\m5_geemat\m3chip2\chips\M3B-B166.png,14.82,0,,0.3600944510035419,0.5654140570633264,0.22522522522522523,0.004694835680751174,0.5607,0.2889,0.3601,0.2252,高度≥5m·偏森林/郁闭木本；物候振幅大+树覆盖低·草本倾向
M3B-B167,B_control_base,w1,122.3668461194856,45.30837290090052,草本沼泽,否,水体,,AI预判读(2026-10-08),,,F:\lc_work\v31_exp\data\m3\m5_geemat\m3chip2\chips\M3B-B167.png,2.54,0,,-0.0831353919239905,0.0988235294117647,0.4281670205237084,0.3185893604303646,0.5113,0.1906,-0.0831,0.4282,高度1.5–5m·灌丛典型带；物候振幅大+树覆盖低·草本倾向
M3B-B168,B_control_base,w1,122.63553222096576,43.41490394503339,草本沼泽,否,水体,,AI预判读(2026-10-08),,,F:\lc_work\v31_exp\data\m3\m5_geemat\m3chip2\chips\M3B-B168.png,1.77,0,,-0.29296792011897177,-0.3173381620642825,0.13595706618962433,-0.012634534394010294,0.4533,-0.1217,-0.293,0.136,高度1.5–5m·灌丛典型带；物候振幅大+树覆盖低·草本倾向
M3B-B169,B_control_base,w3,112.22226144745228,28.85303352639912,草本沼泽,否,湿地,,AI预判读(2026-10-08),,,F:\lc_work\v31_exp\data\m3\m5_geemat\m3chip2\chips\M3B-B169.png,5.58,0,,0.3991058122205663,0.7277264786623409,0.6130142343187862,0.5820348304307974,0.3286,0.5805,0.3991,0.613,高度≥5m·偏森林/郁闭木本
M3B-B170,B_control_base,w3,110.1819179426316,25.486237673047565,草本沼泽,否,水体,,AI预判读(2026-10-08),,,F:\lc_work\v31_exp\data\m3\m5_geemat\m3chip2\chips\M3B-B170.png,4.21,0,,0.3140334934441127,0.4675141242937853,-0.22086956521739132,0.30072003388394747,0.6884,0.2153,0.314,-0.2209,高度1.5–5m·灌丛典型带；物候振幅大+树覆盖低·草本倾向
M3B-B171,B_control_base,w1,124.92192428210676,44.00132416250661,草本沼泽,否,农田,,AI预判读(2026-10-08),,,F:\lc_work\v31_exp\data\m3\m5_geemat\m3chip2\chips\M3B-B171.png,2.15,0,,0.12716250184829217,0.21599402092675635,0.48446683459277917,0.43645804864717136,0.3573,0.316,0.1272,0.4845,高度1.5–5m·灌丛典型带；物候振幅大+树覆盖低·草本倾向
M3B-B172,B_control_base,w1,124.82409774766614,45.76274077160817,草本沼泽,否,草本沼泽,,人工复核,,,F:\lc_work\v31_exp\data\m3\m5_geemat\m3chip2\chips\M3B-B172.png,2.82,0,,0.05842191015594693,0.21318954790543343,0.5170701427684667,0.3288557213930348,0.4586,0.2794,0.0584,0.5171,高度1.5–5m·灌丛典型带；物候振幅大+树覆盖低·草本倾向
M3B-B173,B_control_base,w1,125.13617247736929,45.54525864132283,草本沼泽,否,耕地,,人工复核,,,F:\lc_work\v31_exp\data\m3\m5_geemat\m3chip2\chips\M3B-B173.png,2.86,0,,0.03684836135167261,0.15202524986849028,,0.47597633136094675,0.4391,0.2216,0.0368,,高度1.5–5m·灌丛典型带；物候振幅大+树覆盖低·草本倾向
M3B-B174,B_control_base,w1,124.01264955152098,46.25618535717502,草本沼泽,否,水体,,人工复核,,,F:\lc_work\v31_exp\data\m3\m5_geemat\m3chip2\chips\M3B-B174.png,2.48,0,,0.05588709677419355,0.2255083179297597,0.632120253164557,0.3497584541062802,0.5762,0.3158,0.0559,0.6321,高度1.5–5m·灌丛典型带；物候振幅大+树覆盖低·草本倾向
M3B-B175,B_control_base,w3,112.53352769339968,27.796345257689325,草本沼泽,否,乔木林,,AI预判读(2026-10-08),,,F:\lc_work\v31_exp\data\m3\m5_geemat\m3chip2\chips\M3B-B175.png,8.85,0,,0.3644888082274652,0.03452768729641694,0.22567645365572828,0.39455981281076336,0.36,0.2548,0.3645,0.2257,高度≥5m·偏森林/郁闭木本；物候振幅大+树覆盖低·草本倾向
M3B-B176,B_control_base,w4,106.1993269620161,38.57990159131689,湖河滩地,否,农田,,AI预判读(2026-10-08),,,F:\lc_work\v31_exp\data\m3\m5_geemat\m3chip2\chips\M3B-B176.png,2.01,0,,0.012144212523719165,0.09602352640327323,0.052547770700636945,0.05594717587222272,0.0839,0.0542,0.0121,0.0525,高度1.5–5m·灌丛典型带
M3B-B177,B_control_base,w4,103.82427118233252,38.66425339649571,湖河滩地,否,裸地,,AI预判读(2026-10-08),,,F:\lc_work\v31_exp\data\m3\m5_geemat\m3chip2\chips\M3B-B177.png,2.35,0,,0.040774949312908315,0.04257372654155496,0.039873041063281094,0.04942665085013839,0.0096,0.0432,0.0408,0.0399,高度1.5–5m·灌丛典型带
M3B-B178,B_control_base,w1,125.9511241031225,45.19114275632292,湖河滩地,否,农田（大块格田+防护林带）,,AI预判读(2026-10-08),,,F:\lc_work\v31_exp\data\m3\m5_geemat\m3chip2\chips\M3B-B178.png,2.89,0,,0.025912342932724104,-0.0035087719298245615,-0.3165266106442577,0.12896208825357364,0.4455,-0.0413,0.0259,-0.3165,高度1.5–5m·灌丛典型带；物候振幅大+树覆盖低·草本倾向
M3B-B179,B_control_base,w1,125.9473511789292,45.19437669134575,湖河滩地,否,水体（河谷水面/滩地，周围农田）,,AI预判读(2026-10-08),,,F:\lc_work\v31_exp\data\m3\m5_geemat\m3chip2\chips\M3B-B179.png,2.83,0,,0.025318003913894323,-0.10317902955939766,-0.19112036073534514,-0.10219435736677115,0.2164,-0.0928,0.0253,-0.1911,高度1.5–5m·灌丛典型带
M3B-B180,B_control_base,w4,106.02792840580612,40.879768381719686,湖河滩地,否,裸地（荒漠戈壁，含小水面）,,AI预判读(2026-10-08),,,F:\lc_work\v31_exp\data\m3\m5_geemat\m3chip2\chips\M3B-B180.png,2.24,0,,0.06800618238021638,-0.15081094166061487,0.15308606616067594,0.09646468374049745,0.3039,0.0417,0.068,0.1531,高度1.5–5m·灌丛典型带
M3B-B181,B_control_base,w4,105.17955945148364,37.65122325059413,湖河滩地,否,水体,,AI预判读(2026-10-08),,,F:\lc_work\v31_exp\data\m3\m5_geemat\m3chip2\chips\M3B-B181.png,2.32,0,,-0.16467236467236468,0.015158768150630286,-0.2173263629574309,-0.2749827705031013,0.2901,-0.1605,-0.1647,-0.2173,高度1.5–5m·灌丛典型带
M3B-B182,B_control_base,w1,122.33720171510966,44.15736152735817,湖河滩地,否,农田,,AI预判读(2026-10-08),,,F:\lc_work\v31_exp\data\m3\m5_geemat\m3chip2\chips\M3B-B182.png,2.07,0,,0.09327146171693736,0.10986232087665075,0.0967741935483871,0.08525805531793555,0.0246,0.0963,0.0933,0.0968,高度1.5–5m·灌丛典型带
M3B-B183,B_control_base,w1,124.81493493176812,45.77217308209143,湖河滩地,否,水体,,AI预判读(2026-10-08),,,F:\lc_work\v31_exp\data\m3\m5_geemat\m3chip2\chips\M3B-B183.png,2.56,0,,0.013740361120807286,-0.022721337163750327,0.06718489727928928,0.04790721129601614,0.0899,0.0265,0.0137,0.0672,高度1.5–5m·灌丛典型带
M3B-B184,B_control_base,w1,124.71872536483892,45.32400358684419,湖河滩地,否,裸地（盐碱裸地/积雪，格田之间）,,AI预判读(2026-10-08),,,F:\lc_work\v31_exp\data\m3\m5_geemat\m3chip2\chips\M3B-B184.png,2.77,0,,0.014168039538714991,0.09358788130317493,-0.07272012578616352,0.1286176787991759,0.2013,0.0409,0.0142,-0.0727,高度1.5–5m·灌丛典型带
M3B-B185,B_control_base,w1,126.41303782221676,44.133646003857415,湖河滩地,否,农田,,AI预判读(2026-10-08),,,F:\lc_work\v31_exp\data\m3\m5_geemat\m3chip2\chips\M3B-B185.png,3.43,0,,-0.2005610098176718,-0.17209302325581396,-0.4376930998970134,-0.23411371237458195,0.2656,-0.2611,-0.2006,-0.4377,高度1.5–5m·灌丛典型带
M3B-B186,B_control_base,w4,105.94169013853065,37.83959996567399,湖河滩地,否,农田,,AI预判读(2026-10-08),,,F:\lc_work\v31_exp\data\m3\m5_geemat\m3chip2\chips\M3B-B186.png,3.2,0,,-0.07198952879581152,0.03691275167785235,0.10084033613445378,0.043918235175065774,0.1728,0.0274,-0.072,0.1008,高度1.5–5m·灌丛典型带
M3B-B187,B_control_base,w3,111.35206343172568,24.904937852693823,湖河滩地,否,其他（水体、建成区与农田镶嵌）,,AI预判读(2026-10-08),,,F:\lc_work\v31_exp\data\m3\m5_geemat\m3chip2\chips\M3B-B187.png,13.63,0,,-0.19973279893119572,,-0.10537768106931925,0.16950082281952825,0.3692,-0.0452,-0.1997,-0.1054,高度≥5m·偏森林/郁闭木本；物候振幅大+树覆盖低·草本倾向
M3B-B188,B_control_base,w1,124.72734919156647,45.29678463373537,湖河滩地,否,农田,,AI预判读(2026-10-08),,,F:\lc_work\v31_exp\data\m3\m5_geemat\m3chip2\chips\M3B-B188.png,3.87,0,,0.00860517875303137,-0.1232876712328767,-0.3986870897155361,0.1489817792068596,0.5477,-0.0911,0.0086,-0.3987,高度1.5–5m·灌丛典型带；物候振幅大+树覆盖低·草本倾向
M3B-B189,B_control_base,w3,112.21929700701467,28.867047244831383,湖河滩地,否,农田,,AI预判读(2026-10-08),,,F:\lc_work\v31_exp\data\m3\m5_geemat\m3chip2\chips\M3B-B189.png,4.02,0,,0.23912332351979065,-0.01619913077834848,-0.24872521246458923,0.11291702309666382,0.4878,0.0218,0.2391,-0.2487,高度1.5–5m·灌丛典型带；物候振幅大+树覆盖低·草本倾向
M3B-B190,B_control_base,w4,106.33569122214546,38.308251049399146,湖河滩地,否,裸地,,AI预判读(2026-10-08),,,F:\lc_work\v31_exp\data\m3\m5_geemat\m3chip2\chips\M3B-B190.png,2.47,0,,0.06224066390041494,0.06708913073426091,0.08914063393981005,0.07807374360320168,0.0269,0.0741,0.0622,0.0891,高度1.5–5m·灌丛典型带
M3B-B191,B_control_base,w2,108.4029841854897,34.206004472938936,湖河滩地,否,水体（辫状河道与河滩）,,AI预判读(2026-10-08),,,F:\lc_work\v31_exp\data\m3\m5_geemat\m3chip2\chips\M3B-B191.png,1.45,0,,0.08261432269197584,0.05246793626117373,0.03750296700688346,0.08029197080291971,0.0451,0.0632,0.0826,0.0375,高度<1.5m·偏草本/低矮
M3B-B192,B_control_base,w1,125.92498312835464,45.57113012150548,湖河滩地,否,水体,,AI预判读(2026-10-08),,,F:\lc_work\v31_exp\data\m3\m5_geemat\m3chip2\chips\M3B-B192.png,1.64,0,,0.11148970969060924,0.12314261315115287,0.23975409836065573,0.28029034059184815,0.1688,0.1887,0.1115,0.2398,高度1.5–5m·灌丛典型带
M3B-B193,B_control_base,w3,112.23519718754358,28.90369850842346,湖河滩地,否,水体,,AI预判读(2026-10-08),,,F:\lc_work\v31_exp\data\m3\m5_geemat\m3chip2\chips\M3B-B193.png,2.9,0,,0.23323615160349853,-0.21334753283635072,-0.5170113408939293,-0.40887226082308925,0.7502,-0.2265,0.2332,-0.517,高度1.5–5m·灌丛典型带；物候振幅大+树覆盖低·草本倾向
M3B-B194,B_control_base,w2,108.39948075588164,34.20735194586511,湖河滩地,否,农田,,AI预判读(2026-10-08),,,F:\lc_work\v31_exp\data\m3\m5_geemat\m3chip2\chips\M3B-B194.png,1.64,0,,0.023760523854069224,-0.0011862396204033216,-0.15768930523028885,-0.18051708217913204,0.2043,-0.0789,0.0238,-0.1577,高度1.5–5m·灌丛典型带
M3B-B195,B_control_base,w4,106.33434374921929,38.29612379306353,湖河滩地,否,水体,,AI预判读(2026-10-08),,,F:\lc_work\v31_exp\data\m3\m5_geemat\m3chip2\chips\M3B-B195.png,1.96,0,,0.08233769972650065,0.11239193083573487,0.16332788225674572,0.18671363865123303,0.1044,0.1362,0.0823,0.1633,高度1.5–5m·灌丛典型带
M3B-B196,B_control_base,w4,106.2955365289453,37.66523696902639,湖河滩地,否,农田,,AI预判读(2026-10-08),,,F:\lc_work\v31_exp\data\m3\m5_geemat\m3chip2\chips\M3B-B196.png,1.18,0,,0.02295952222959522,0.04804112745967027,0.07153284671532846,0.09779922325526656,0.0748,0.0601,0.023,0.0715,高度<1.5m·偏草本/低矮
M3B-B197,B_control_base,w3,108.9567955581494,23.161846875388303,不透水面,否,建成区,,AI预判读(2026-10-08),,,F:\lc_work\v31_exp\data\m3\m5_geemat\m3chip2\chips\M3B-B197.png,0.69,0,,0.374767513949163,0.34854888701042547,0.33315719947159844,0.36147980796385204,0.0416,0.3545,0.3748,0.3332,高度<1.5m·偏草本/低矮
M3B-B198,B_control_base,w3,111.99561650126893,24.67020806895339,不透水面,否,乔木林,,AI预判读(2026-10-08),,,F:\lc_work\v31_exp\data\m3\m5_geemat\m3chip2\chips\M3B-B198.png,12.67,0,,0.19283502874834144,,0.1688609044075558,0.20080321285140562,0.0319,0.1875,0.1928,0.1689,高度≥5m·偏森林/郁闭木本
M3B-B199,B_control_base,w3,113.07790675557612,26.06915446091272,不透水面,否,其他(农田水域镶嵌),,AI预判读(2026-10-08),,,F:\lc_work\v31_exp\data\m3\m5_geemat\m3chip2\chips\M3B-B199.png,4.49,0,,0.1824967824967825,0.22226980728051393,0.27156775907883085,0.23559150657229525,0.0891,0.228,0.1825,0.2716,高度1.5–5m·灌丛典型带
M3B-B200,B_control_base,w4,106.25726829784182,38.468869822199714,不透水面,否,建成区,,AI预判读(2026-10-08),,,F:\lc_work\v31_exp\data\m3\m5_geemat\m3chip2\chips\M3B-B200.png,11.29,0,,0.09448018963765661,0.13024538986496298,0.26248642779587406,0.24251398486344192,0.168,0.1824,0.0945,0.2625,高度≥5m·偏森林/郁闭木本
M3B-B201,B_control_base,w3,110.98501180663445,26.067537493401307,不透水面,否,农田,,AI预判读(2026-10-08),,,F:\lc_work\v31_exp\data\m3\m5_geemat\m3chip2\chips\M3B-B201.png,7.89,0,,0.2596244131455399,,0.34571788413098237,0.31934536298783045,0.0861,0.3082,0.2596,0.3457,高度≥5m·偏森林/郁闭木本
M3B-B202,B_control_base,w3,111.26905909947304,26.988130996566998,不透水面,否,建成区,,AI预判读(2026-10-08),,,F:\lc_work\v31_exp\data\m3\m5_geemat\m3chip2\chips\M3B-B202.png,6.09,0,,0.09368942494077105,0.05508712759977515,0.14872349047683373,0.09227400688145136,0.0936,0.0974,0.0937,0.1487,高度≥5m·偏森林/郁闭木本
M3B-B203,B_control_base,w2,108.72556920401702,34.40704743352489,不透水面,否,农田,,AI预判读(2026-10-08),,,F:\lc_work\v31_exp\data\m3\m5_geemat\m3chip2\chips\M3B-B203.png,3.88,0,,0.15421071819176085,0.27397934087555337,0.2863549007046765,0.2707794606575545,0.1321,0.2463,0.1542,0.2864,高度1.5–5m·灌丛典型带
M3B-B204,B_control_base,w2,106.22654591512492,34.53128443731862,不透水面,否,建成区,,AI预判读(2026-10-08),,,F:\lc_work\v31_exp\data\m3\m5_geemat\m3chip2\chips\M3B-B204.png,4.36,0,,0.12692565304755526,0.15401396160558464,0.16183470359151883,0.17662489070241913,0.0497,0.1548,0.1269,0.1618,高度1.5–5m·灌丛典型带
M3B-B205,B_control_base,w3,111.0801433952227,26.92453027445133,不透水面,否,裸地（紫色土裸地/建设地）,,AI预判读(2026-10-08),,,F:\lc_work\v31_exp\data\m3\m5_geemat\m3chip2\chips\M3B-B205.png,14.12,0,,0.12632978723404256,0.021602160216021602,0.12438154412610747,0.11407331453473468,0.1047,0.0966,0.1263,0.1244,高度≥5m·偏森林/郁闭木本
M3B-B206,B_control_base,w1,123.51435406341989,46.76364366117414,不透水面,否,建成区,,AI预判读(2026-10-08),,,F:\lc_work\v31_exp\data\m3\m5_geemat\m3chip2\chips\M3B-B206.png,2.04,0,,0.05747890225264137,0.17182168409466153,0.5480789200415369,0.3124854684956987,0.4906,0.2725,0.0575,0.5481,高度1.5–5m·灌丛典型带；物候振幅大+树覆盖低·草本倾向
M3B-B207,B_control_base,w3,111.40515386501714,24.58262232875174,不透水面,否,建成区,,AI预判读(2026-10-08),,,F:\lc_work\v31_exp\data\m3\m5_geemat\m3chip2\chips\M3B-B207.png,11.19,0,,0.23781020077316373,0.10348603759810185,0.2103693507685249,0.2729452510989743,0.1695,0.2062,0.2378,0.2104,高度≥5m·偏森林/郁闭木本
M3B-B208,B_control_base,w1,124.82436724225138,46.027653948895015,不透水面,否,农田（设施农业）,,AI预判读(2026-10-08),,,F:\lc_work\v31_exp\data\m3\m5_geemat\m3chip2\chips\M3B-B208.png,4.43,0,,0.09611269614835949,0.15397224347065894,0.21831735889243875,0.15644923982344286,0.1222,0.1562,0.0961,0.2183,高度1.5–5m·灌丛典型带
M3B-B209,B_control_base,w1,126.15243655829369,43.06240502754489,不透水面,否,建成区（房屋院落与硬化地面）,,AI预判读(2026-10-08),,,F:\lc_work\v31_exp\data\m3\m5_geemat\m3chip2\chips\M3B-B209.png,2.06,0,,0.07041128710235592,0.13090909090909092,0.15069182389937108,0.17905337361530715,0.1086,0.1328,0.0704,0.1507,高度1.5–5m·灌丛典型带
M3B-B210,B_control_base,w3,108.62100530494553,23.38687485406024,不透水面,否,其他,,AI预判读(2026-10-08),,,F:\lc_work\v31_exp\data\m3\m5_geemat\m3chip2\chips\M3B-B210.png,10.99,0,,0.22357894736842104,0.3644470868014269,,0.2875494071146245,0.1409,0.2919,0.2236,,高度≥5m·偏森林/郁闭木本
M3B-B211,B_control_base,w1,124.19294142904376,45.84062470674133,不透水面,否,建成区,,AI预判读(2026-10-08),,,F:\lc_work\v31_exp\data\m3\m5_geemat\m3chip2\chips\M3B-B211.png,2.69,0,,0.10087392453085835,0.18968075990446498,0.43442001516300227,0.2934249263984298,0.3335,0.2546,0.1009,0.4344,高度1.5–5m·灌丛典型带
M3B-B212,B_control_base,w3,109.18451848267368,26.442673956049617,不透水面,否,乔木林,,AI预判读(2026-10-08),,,F:\lc_work\v31_exp\data\m3\m5_geemat\m3chip2\chips\M3B-B212.png,12.54,14,5,0.10471925594212883,0.11155577788894447,0.08442534908700322,0.13030021665119157,0.0459,0.1078,0.1047,0.0844,高度≥5m·偏森林/郁闭木本
M3B-B213,B_control_base,w1,124.83029612312656,46.0319658622588,不透水面,否,农田,,AI预判读(2026-10-08),,,F:\lc_work\v31_exp\data\m3\m5_geemat\m3chip2\chips\M3B-B213.png,4.33,0,,0.09049912883058317,0.11872297971400067,0.1127566475934029,0.10927790872080566,0.0282,0.1078,0.0905,0.1128,高度1.5–5m·灌丛典型带
M3B-B214,B_control_base,w2,107.56270006872433,35.06730916735273,不透水面,否,农田,,AI预判读(2026-10-08),,,F:\lc_work\v31_exp\data\m3\m5_geemat\m3chip2\chips\M3B-B214.png,6.32,0,,0.1416058394160584,0.11586378737541528,0.19995292456160998,0.2028864834859839,0.087,0.1651,0.1416,0.2,高度≥5m·偏森林/郁闭木本
M3B-B215,B_control_base,w1,124.43386958824463,43.649903223359054,不透水面,否,农田,,AI预判读(2026-10-08),,,F:\lc_work\v31_exp\data\m3\m5_geemat\m3chip2\chips\M3B-B215.png,1.92,0,,0.1543983918828372,0.15836900202748366,0.3768677365799668,0.3114138093001409,0.2225,0.2503,0.1544,0.3769,高度1.5–5m·灌丛典型带
M3B-B216,B_control_base,w4,106.30038743147956,38.29208137428499,不透水面,否,农田,,AI预判读(2026-10-08),,,F:\lc_work\v31_exp\data\m3\m5_geemat\m3chip2\chips\M3B-B216.png,2.18,0,,0.056936143441333756,0.07938820101966497,0.23276614310645724,0.17974284964576226,0.1758,0.1372,0.0569,0.2328,高度1.5–5m·灌丛典型带
M3B-B217,B_control_base,w3,110.79879104823648,24.17811095631272,不透水面,否,建成区,,AI预判读(2026-10-08),,,F:\lc_work\v31_exp\data\m3\m5_geemat\m3chip2\chips\M3B-B217.png,11.61,0,,0.20845771144278608,,0.2169121542863198,0.22093336930132182,0.0125,0.2154,0.2085,0.2169,高度≥5m·偏森林/郁闭木本
M3B-B218,B_control_base,w4,105.97268201583276,40.88300231674252,裸地,否,裸地,,AI预判读(2026-10-08),,,F:\lc_work\v31_exp\data\m3\m5_geemat\m3chip2\chips\M3B-B218.png,2.25,0,,0.07321381259383555,0.07534913933095161,0.06072461302942677,0.0663265306122449,0.0146,0.0689,0.0732,0.0607,高度1.5–5m·灌丛典型带
M3B-B219,B_control_base,w4,106.7089412226971,40.911029753607046,裸地,否,沙地,,AI预判读(2026-10-08),,,F:\lc_work\v31_exp\data\m3\m5_geemat\m3chip2\chips\M3B-B219.png,2.9,0,,0.057114559260482006,0.056705230568681764,0.04639175257731959,0.04794697426185762,0.0107,0.052,0.0571,0.0464,高度1.5–5m·灌丛典型带
M3B-B220,B_control_base,w1,124.07005189817622,44.82409113123168,裸地,否,湿地,,AI预判读(2026-10-08),,,F:\lc_work\v31_exp\data\m3\m5_geemat\m3chip2\chips\M3B-B220.png,2.51,0,,0.07626929098635651,0.12343032159264931,0.10225279913665183,0.13103869342898572,0.0548,0.1082,0.0763,0.1023,高度1.5–5m·灌丛典型带
M3B-B221,B_control_base,w4,106.83479519400224,38.08295357614197,裸地,否,沙地,,AI预判读(2026-10-08),,,F:\lc_work\v31_exp\data\m3\m5_geemat\m3chip2\chips\M3B-B221.png,1.72,0,,0.0904480135249366,0.0700409909107111,0.11698385496527465,0.10444929323593587,0.0469,0.0955,0.0904,0.117,高度1.5–5m·灌丛典型带
M3B-B222,B_control_base,w4,101.18376323619158,40.63291134164364,裸地,否,沙地（荒漠沙地，点处植被极稀疏）,,AI预判读(2026-10-08),,,F:\lc_work\v31_exp\data\m3\m5_geemat\m3chip2\chips\M3B-B222.png,2.04,0,,0.07010057909174032,0.07013540240377301,0.06679668454412482,0.07682333873581848,0.01,0.071,0.0701,0.0668,高度1.5–5m·灌丛典型带
M3B-B223,B_control_base,w4,101.21718056476082,40.65150646802491,裸地,否,裸地（荒漠戈壁，稀疏植被）,,AI预判读(2026-10-08),,,F:\lc_work\v31_exp\data\m3\m5_geemat\m3chip2\chips\M3B-B223.png,2.08,0,,0.06435786435786436,0.07161271841879117,0.057936742536210464,0.07011764705882353,0.0137,0.066,0.0644,0.0579,高度1.5–5m·灌丛典型带
M3B-B224,B_control_base,w4,101.23631468031256,40.87680394128209,裸地,否,水体（沙漠湖淖）,,AI预判读(2026-10-08),,,F:\lc_work\v31_exp\data\m3\m5_geemat\m3chip2\chips\M3B-B224.png,2.16,0,,0.051107656432180334,0.05506370114446124,0.03964946029710377,0.05156456588805641,0.0154,0.0493,0.0511,0.0396,高度1.5–5m·灌丛典型带
M3B-B225,B_control_base,,107.00808021230893,37.56336801580724,裸地,否,沙地,,AI预判读(2026-10-08),,,F:\lc_work\v31_exp\data\m3\m5_geemat\m3chip2\chips\M3B-B225.png,1.68,0,,0.07782131059383883,0.08392870029587934,0.18695729222045013,0.13963782696177063,0.1091,0.1221,0.0778,0.187,高度1.5–5m·灌丛典型带
M3B-B226,B_control_base,w4,103.21063201175046,38.54864021942953,裸地,否,裸地,,AI预判读(2026-10-08),,,F:\lc_work\v31_exp\data\m3\m5_geemat\m3chip2\chips\M3B-B226.png,2.1,0,,0.09756944444444444,0.08717451075529678,0.07420965058236273,0.07703230386936458,0.0234,0.084,0.0976,0.0742,高度1.5–5m·灌丛典型带
M3B-B227,B_control_base,w4,103.52351522520928,40.08448986068868,裸地,否,沙地,,AI预判读(2026-10-08),,,F:\lc_work\v31_exp\data\m3\m5_geemat\m3chip2\chips\M3B-B227.png,2.28,0,,0.09113085903467504,0.0894448252227553,0.14945550131430718,0.10321166491947012,0.06,0.1083,0.0911,0.1495,高度1.5–5m·灌丛典型带
M3B-B228,B_control_base,w4,103.51623887140792,39.92791350666664,裸地,否,裸地（干旱砾漠裸岩，无植被信号）,,AI预判读(2026-10-08),,,F:\lc_work\v31_exp\data\m3\m5_geemat\m3chip2\chips\M3B-B228.png,4.93,0,,0.0687752850312615,0.08048162230671736,0.07343769886725213,0.0641005248926356,0.0164,0.0717,0.0688,0.0734,高度1.5–5m·灌丛典型带
M3B-B229,B_control_base,w4,101.90466125169748,40.43213787564293,裸地,否,裸地,,AI预判读(2026-10-08),,,F:\lc_work\v31_exp\data\m3\m5_geemat\m3chip2\chips\M3B-B229.png,2.9,0,,0.06439468991480087,0.06618925831202047,0.04656222802436902,0.05415375023812414,0.0196,0.0578,0.0644,0.0466,高度1.5–5m·灌丛典型带
M3B-B230,B_control_base,w4,106.30955024737756,39.37356314483648,裸地,否,裸地（戈壁/沙地）,,AI预判读(2026-10-08),,,F:\lc_work\v31_exp\data\m3\m5_geemat\m3chip2\chips\M3B-B230.png,3.14,0,,0.10992671552298468,0.0846638474152067,0.07735752182098238,0.08577672555090148,0.0326,0.0894,0.1099,0.0774,高度1.5–5m·灌丛典型带
M3B-B231,B_control_base,w4,106.3715340019818,39.46869473342474,裸地,否,裸地,,AI预判读(2026-10-08),,,F:\lc_work\v31_exp\data\m3\m5_geemat\m3chip2\chips\M3B-B231.png,2.21,0,,0.10361814166808221,0.08980906733715723,0.09969788519637462,0.09116262855150775,0.0138,0.0961,0.1036,0.0997,高度1.5–5m·灌丛典型带
M3B-B232,B_control_base,w4,106.42058201649476,40.90644834565804,裸地,否,裸地,,AI预判读(2026-10-08),,,F:\lc_work\v31_exp\data\m3\m5_geemat\m3chip2\chips\M3B-B232.png,5.85,0,,0.10825815405968078,0.08703703703703704,0.14244044725328148,0.10005991611743559,0.0554,0.1094,0.1083,0.1424,高度≥5m·偏森林/郁闭木本
M3B-B233,B_control_base,w4,106.43028382156324,40.91507217238559,裸地,否,裸地,,AI预判读(2026-10-08),,,F:\lc_work\v31_exp\data\m3\m5_geemat\m3chip2\chips\M3B-B233.png,5.22,0,,0.09319899244332494,0.08344417841624545,0.09336754836162653,0.08365261813537675,0.0099,0.0884,0.0932,0.0934,高度≥5m·偏森林/郁闭木本
M3B-B234,B_control_base,w4,102.18251016907568,39.84140574480593,裸地,否,沙地,,AI预判读(2026-10-08),,,F:\lc_work\v31_exp\data\m3\m5_geemat\m3chip2\chips\M3B-B234.png,3.71,0,,0.08529549352876968,0.0734525447042641,0.06258823529411765,0.06274065685164212,0.0227,0.071,0.0853,0.0626,高度1.5–5m·灌丛典型带
M3B-B235,B_control_base,w4,105.15826937925,37.67871169828818,裸地,否,沙地,,AI预判读(2026-10-08),,,F:\lc_work\v31_exp\data\m3\m5_geemat\m3chip2\chips\M3B-B235.png,2.51,0,,0.09518935516888434,0.0920314253647587,0.0835030549898167,0.08466819221967964,0.0117,0.0888,0.0952,0.0835,高度1.5–5m·灌丛典型带
M3B-B236,B_control_base,w4,105.55415692496146,36.984493646720615,裸地,否,裸地,,AI预判读(2026-10-08),,,F:\lc_work\v31_exp\data\m3\m5_geemat\m3chip2\chips\M3B-B236.png,1.88,0,,0.09192467283753591,0.071633649153029,0.07950727883538634,0.07024344859668166,0.0217,0.0783,0.0919,0.0795,高度1.5–5m·灌丛典型带
M3B-B237,B_control_base,w4,106.7216074682032,38.57154725917457,裸地,否,稀疏植被,,人工复核,,,F:\lc_work\v31_exp\data\m3\m5_geemat\m3chip2\chips\M3B-B237.png,2.19,0,,0.07530271548327004,0.07817109144542773,0.08194719975583702,0.08528852251109702,0.01,0.0802,0.0753,0.0819,高度1.5–5m·灌丛典型带
M3B-B238,B_control_base,w4,106.01580114947048,40.88973968137341,裸地,否,裸地,,AI预判读(2026-10-08),,,F:\lc_work\v31_exp\data\m3\m5_geemat\m3chip2\chips\M3B-B238.png,2.13,0,,0.07728653391832602,0.07313362284344588,0.060738507912584776,0.07054580262560792,0.0165,0.0704,0.0773,0.0607,高度1.5–5m·灌丛典型带
M3B-B239,B_control_base,w1,126.42489558396711,44.14442578726685,水体,否,农田,,AI预判读(2026-10-08),,,F:\lc_work\v31_exp\data\m3\m5_geemat\m3chip2\chips\M3B-B239.png,3.37,0,,-0.1929203539823009,-0.27415730337078653,-0.43731490621915103,-0.3960857409133271,0.2444,-0.3251,-0.1929,-0.4373,高度1.5–5m·灌丛典型带
M3B-B240,B_control_base,w3,112.4472894261242,24.70551185961929,水体,否,水体（河谷水面/沙洲，周围乔木林）,,AI预判读(2026-10-08),,,F:\lc_work\v31_exp\data\m3\m5_geemat\m3chip2\chips\M3B-B240.png,10.0,0,,-0.02199223803363519,-0.21160409556313994,0.0958904109589041,0.06187624750499002,0.3075,-0.019,-0.022,0.0959,高度≥5m·偏森林/郁闭木本
M3B-B241,B_control_base,w4,105.94249862228634,37.83609653606592,水体,否,水体,,人工复核,,,F:\lc_work\v31_exp\data\m3\m5_geemat\m3chip2\chips\M3B-B241.png,3.16,0,,-0.3687968582649054,-0.22744599745870395,-0.21250930752047653,-0.25771543086172344,0.1563,-0.2666,-0.3688,-0.2125,高度1.5–5m·灌丛典型带
M3B-B242,B_control_base,w3,112.80571722448788,23.172626658797736,水体,否,水体,,AI预判读(2026-10-08),,,F:\lc_work\v31_exp\data\m3\m5_geemat\m3chip2\chips\M3B-B242.png,4.8,0,,-0.3438735177865613,-0.12169637369391519,-0.4375,-0.4795031055900621,0.3578,-0.3456,-0.3439,-0.4375,高度1.5–5m·灌丛典型带；物候振幅大+树覆盖低·草本倾向
M3B-B243,B_control_base,w3,112.86150260363172,26.37179688013259,水体,否,建成区,,AI预判读(2026-10-08),,,F:\lc_work\v31_exp\data\m3\m5_geemat\m3chip2\chips\M3B-B243.png,7.56,0,,-0.15353535353535352,-0.2984924623115578,-0.29332693230916945,-0.3081896551724138,0.1547,-0.2634,-0.1535,-0.2933,高度≥5m·偏森林/郁闭木本
M3B-B244,B_control_base,w3,113.20160477019937,28.69187576442808,水体,否,水体,,AI预判读(2026-10-08),,,F:\lc_work\v31_exp\data\m3\m5_geemat\m3chip2\chips\M3B-B244.png,9.35,0,,-0.039293598233995586,0.01829924650161464,0.08825093035619351,-0.04477611940298507,0.133,0.0056,-0.0393,0.0883,高度≥5m·偏森林/郁闭木本
M3B-B245,B_control_base,w3,112.27454339698802,28.77488009668072,水体,否,水体/湿地（坑塘养殖）,,AI预判读(2026-10-08),,,F:\lc_work\v31_exp\data\m3\m5_geemat\m3chip2\chips\M3B-B245.png,9.42,0,,-0.08270676691729323,-0.2518518518518518,-0.16562807477861594,-0.2216704288939052,0.1691,-0.1805,-0.0827,-0.1656,高度≥5m·偏森林/郁闭木本
M3B-B246,B_control_base,w3,109.75530801420324,23.460446875829632,水体,否,水体,,AI预判读(2026-10-08),,,F:\lc_work\v31_exp\data\m3\m5_geemat\m3chip2\chips\M3B-B246.png,16.88,0,,-0.256198347107438,-0.4307692307692308,-0.29880043620501634,-0.36486486486486486,0.1746,-0.3377,-0.2562,-0.2988,高度≥5m·偏森林/郁闭木本
M3B-B247,B_control_base,w3,108.8328280489409,23.21924922204354,水体,否,建成区（城市绿地）,,AI预判读(2026-10-08),,,F:\lc_work\v31_exp\data\m3\m5_geemat\m3chip2\chips\M3B-B247.png,3.47,0,,-0.13468869123252858,-0.1420500403551251,-0.21290775166608208,-0.03974307507025291,0.1732,-0.1323,-0.1347,-0.2129,高度1.5–5m·灌丛典型带
M3B-B248,B_control_base,w3,112.8216174050168,26.390392006513864,水体,否,水体（河流水面）,,AI预判读(2026-10-08),,,F:\lc_work\v31_exp\data\m3\m5_geemat\m3chip2\chips\M3B-B248.png,13.46,0,,-0.13325867861142218,-0.16260697827518103,-0.18192918192918192,-0.053465346534653464,0.1285,-0.1328,-0.1333,-0.1819,高度≥5m·偏森林/郁闭木本
M3B-B249,B_control_base,w3,113.475411268799,24.9273059032684,水体,否,水体,,AI预判读(2026-10-08),,,F:\lc_work\v31_exp\data\m3\m5_geemat\m3chip2\chips\M3B-B249.png,7.04,0,,-0.016,-0.02869757174392936,-0.0319375443577005,0.03984819734345351,0.0718,-0.0092,-0.016,-0.0319,高度≥5m·偏森林/郁闭木本
M3B-B250,B_control_base,w2,107.59989032148684,33.51421187263849,水体,否,水体（水库水面）,,AI预判读(2026-10-08),,,F:\lc_work\v31_exp\data\m3\m5_geemat\m3chip2\chips\M3B-B250.png,9.78,0,,0.008521303258145364,0.04522613065326633,-0.0553543714433523,-0.12135922330097088,0.1666,-0.0307,0.0085,-0.0554,高度≥5m·偏森林/郁闭木本
M3B-B251,B_control_base,w4,105.96944808080993,37.8479542978163,水体,否,沙地,,AI预判读(2026-10-08),,,F:\lc_work\v31_exp\data\m3\m5_geemat\m3chip2\chips\M3B-B251.png,2.45,0,,-0.30742539902845245,-0.2961762799740765,-0.24116161616161616,-0.30781893004115224,0.0667,-0.2881,-0.3074,-0.2412,高度1.5–5m·灌丛典型带
M3B-B252,B_control_base,w3,113.41423599795046,28.779192010044493,水体,否,乔木林,,AI预判读(2026-10-08),,,F:\lc_work\v31_exp\data\m3\m5_geemat\m3chip2\chips\M3B-B252.png,17.23,0,,0.0696969696969697,-0.2411214953271028,-0.14251781472684086,-0.18303571428571427,0.3108,-0.1242,0.0697,-0.1425,高度≥5m·偏森林/郁闭木本
M3B-B253,B_control_base,w2,106.77200295564232,31.78567360293571,水体,否,水体,,AI预判读(2026-10-08),,,F:\lc_work\v31_exp\data\m3\m5_geemat\m3chip2\chips\M3B-B253.png,11.67,0,,-0.0420032310177706,-0.0061162079510703364,-0.27058823529411763,-0.29704690214244356,0.2909,-0.1539,-0.042,-0.2706,高度≥5m·偏森林/郁闭木本
M3B-B254,B_control_base,w3,112.44701993153896,24.66158424222584,水体,否,水体（河道）,,AI预判读(2026-10-08),,,F:\lc_work\v31_exp\data\m3\m5_geemat\m3chip2\chips\M3B-B254.png,8.02,0,,0.03167420814479638,0.12110453648915187,0.12078830260648442,0.04880382775119617,0.0894,0.0806,0.0317,0.1208,高度≥5m·偏森林/郁闭木本
M3B-B255,B_control_base,,112.59578094258916,22.993143265030657,水体,否,建成区（城镇建筑与鱼塘水面）,,AI预判读(2026-10-08),,,F:\lc_work\v31_exp\data\m3\m5_geemat\m3chip2\chips\M3B-B255.png,1.74,0,,0.21711568938193343,-0.008454106280193236,-0.007046070460704607,-0.019522776572668113,0.2366,0.0455,0.2171,-0.007,高度1.5–5m·灌丛典型带
M3B-B256,B_control_base,w3,112.28316722371557,28.783234428823032,水体,否,水体,,AI预判读(2026-10-08),,,F:\lc_work\v31_exp\data\m3\m5_geemat\m3chip2\chips\M3B-B256.png,12.95,0,,-0.1607675906183369,0.0056179775280898875,-0.15417867435158503,-0.2564876282438141,0.2621,-0.1415,-0.1608,-0.1542,高度≥5m·偏森林/郁闭木本
M3B-B257,B_control_base,w3,111.17069357586196,28.00439507749141,水体,否,乔木林,,AI预判读(2026-10-08),,,F:\lc_work\v31_exp\data\m3\m5_geemat\m3chip2\chips\M3B-B257.png,5.19,0,,-0.05069124423963134,-0.12922173274596183,-0.1252336448598131,-0.22457200402819738,0.1739,-0.1324,-0.0507,-0.1252,高度≥5m·偏森林/郁闭木本
M3B-B258,B_control_base,w3,113.22262534784775,26.0705019338389,水体,否,乔木林,,AI预判读(2026-10-08),,,F:\lc_work\v31_exp\data\m3\m5_geemat\m3chip2\chips\M3B-B258.png,20.93,0,,0.2654699049630412,0.13955928646379853,-0.16114790286975716,0.10531803962460896,0.4266,0.0873,0.2655,-0.1611,高度≥5m·偏森林/郁闭木本；物候振幅大+树覆盖低·草本倾向
M3B-B259,B_control_base,w4,106.18639122192478,38.61331891988613,水体,否,盐渍湿地,,人工复核,,,F:\lc_work\v31_exp\data\m3\m5_geemat\m3chip2\chips\M3B-B259.png,2.25,0,,-0.2991194968553459,-0.2988215488215488,0.55420054200542,-0.09575757575757576,0.8533,-0.0349,-0.2991,0.5542,高度1.5–5m·灌丛典型带；物候振幅大+树覆盖低·草本倾向
M3B-B260,B_control_base,w4,101.48182424746244,37.72614274528969,永久冰雪,否,冰雪,,人工复核,,,F:\lc_work\v31_exp\data\m3\m5_geemat\m3chip2\chips\M3B-B260.png,5.73,0,,-0.020940537449971413,-0.010014663214051726,0.02927010003705076,-0.020988746997091922,0.0503,-0.0057,-0.0209,0.0293,高度≥5m·偏森林/郁闭木本
M3B-B261,B_control_base,w4,101.50068886842897,37.73584455035819,永久冰雪,否,冰雪,,人工复核,,,F:\lc_work\v31_exp\data\m3\m5_geemat\m3chip2\chips\M3B-B261.png,5.61,0,,-0.10847318870241507,-0.01603157416786001,-0.05127304653204565,-0.08777048383175298,0.0924,-0.0659,-0.1085,-0.0513,高度≥5m·偏森林/郁闭木本
M3B-B262,B_control_base,w4,101.47212244239395,37.73018516406823,永久冰雪,否,冰雪,,人工复核,,,F:\lc_work\v31_exp\data\m3\m5_geemat\m3chip2\chips\M3B-B262.png,5.38,0,,-0.041360713544907696,-0.014014941038463914,-0.00398406374501992,-0.039193580476158896,0.0374,-0.0246,-0.0414,-0.004,高度≥5m·偏森林/郁闭木本
